file,cell,trade_idx,direction,entry_price,exit_price,stop_usd,target_usd,exit_reason,hold_secs,pnl_usd,fee_usd,net_pnl_usd,entry_triggered_by,qty_btc,rr_ratio,sl_zone_mult,tp_zone_mult
2025-04,S1_1x5x,0,1,78116.4,78604.89999999998,97.69999999999709,488.49999999998545,tp,1275.0,0.4103835999999854,0.0781164,0.33226719999998544,ifvg_clean,0.001,5.0,1.0,5.0
2025-04,S1_1x5x,1,-1,74785.0,74840.0,55.0,275.0,sl,37.0,-0.129785,0.074785,-0.20457000000000003,ifvg_clean,0.001,5.0,1.0,5.0
2025-04,S1_1x5x,2,-1,76115.3,76187.0,71.69999999999709,358.49999999998545,sl,102.0,-0.1478152999999971,0.07611530000000001,-0.2239305999999971,ifvg_clean,0.001,5.0,1.0,5.0
2025-04,S1_1x5x,3,1,76392.0,76626.49999999997,46.89999999999418,234.4999999999709,tp,435.0,0.15810799999997088,0.076392,0.08171599999997088,ifvg_clean,0.001,5.0,1.0,5.0
2025-04,S1_1x5x,4,-1,76876.0,76889.7,37.69999999999709,188.49999999998545,inv,0.0,-0.09057599999999709,0.076876,-0.1674519999999971,ifvg_clean,0.001,5.0,1.0,5.0
2025-04,S1_1x5x,5,-1,77348.8,77421.0,80.5,402.5,inv,5.0,-0.1495487999999971,0.07734880000000001,-0.2268975999999971,ifvg_clean,0.001,5.0,1.0,5.0
2025-04,S1_1x5x,6,-1,77844.1,77718.10000000002,25.19999999999709,125.99999999998545,tp,31.0,0.048155899999985444,0.07784410000000001,-0.02968820000001457,ifvg_clean,0.001,5.0,1.0,5.0
2025-04,S1_1x5x,7,-1,76946.1,76977.40000000001,31.30000000000291,156.50000000001455,sl,3.0,-0.10824610000000291,0.0769461,-0.18519220000000292,ifvg_clean,0.001,5.0,1.0,5.0
2025-04,S1_1x5x,8,1,77517.3,77425.5,94.0,470.0,inv,36.0,-0.16931730000000292,0.07751730000000001,-0.24683460000000293,ifvg_clean,0.001,5.0,1.0,5.0
2025-04,S1_1x5x,9,1,77168.0,77129.9,45.60000000000582,228.0000000000291,inv,129.0,-0.11526800000000584,0.07716800000000001,-0.19243600000000585,ifvg_clean,0.001,5.0,1.0,5.0
2025-04,S1_1x5x,10,1,77720.1,77664.1,56.0,280.0,sl,196.0,-0.1337201,0.0777201,-0.21144020000000002,ifvg_clean,0.001,5.0,1.0,5.0
2025-04,S1_1x5x,11,1,77579.1,77519.3,59.80000000000291,299.00000000001455,sl,159.0,-0.13737910000000292,0.07757910000000001,-0.21495820000000293,ifvg_clean,0.001,5.0,1.0,5.0
2025-04,S1_1x5x,12,-1,77883.3,77667.30000000002,43.19999999999709,215.99999999998545,tp,4.0,0.13811669999998544,0.0778833,0.060233399999985435,ifvg_clean,0.001,5.0,1.0,5.0
2025-04,S1_1x5x,13,1,78295.3,78518.80000000006,44.70000000001164,223.5000000000582,tp,0.0,0.1452047000000582,0.0782953,0.0669094000000582,ifvg_clean,0.001,5.0,1.0,5.0
2025-04,S1_1x5x,14,-1,78526.7,78573.9,52.0,260.0,inv,6.0,-0.12572669999999708,0.0785267,-0.2042533999999971,ifvg_clean,0.001,5.0,1.0,5.0
2025-04,S1_1x5x,15,1,82677.8,82639.6,38.19999999999709,190.99999999998545,sl,22.0,-0.1208777999999971,0.08267780000000001,-0.20355559999999712,ifvg_clean,0.001,5.0,1.0,5.0
2025-04,S1_1x5x,16,-1,82357.3,82381.59999999999,24.29999999998836,121.49999999994179,sl,8.0,-0.10665729999998837,0.08235730000000001,-0.18901459999998838,ifvg_clean,0.001,5.0,1.0,5.0
2025-04,S1_1x5x,17,1,83085.3,82973.90000000001,111.39999999999418,556.9999999999709,sl,1535.0,-0.1944852999999942,0.0830853,-0.2775705999999942,ifvg_clean,0.001,5.0,1.0,5.0
2025-04,S1_1x5x,18,1,82957.3,82929.0,28.5,142.5,inv,26.0,-0.11125730000000292,0.08295730000000001,-0.19421460000000293,ifvg_clean,0.001,5.0,1.0,5.0
2025-04,S1_1x5x,19,-1,81509.2,81538.09999999999,28.89999999999418,144.4999999999709,sl,1.0,-0.11040919999999417,0.08150919999999999,-0.19191839999999416,ifvg_clean,0.001,5.0,1.0,5.0
2025-04,S1_1x5x,20,1,78751.0,78633.4,119.40000000000873,597.0000000000437,inv,248.0,-0.19635100000000583,0.078751,-0.27510200000000584,ifvg_clean,0.001,5.0,1.0,5.0
2025-04,S1_1x5x,21,1,79173.2,79153.09999999999,20.10000000000582,100.5000000000291,inv,0.0,-0.09927320000000582,0.0791732,-0.17844640000000583,ifvg_clean,0.001,5.0,1.0,5.0
2025-04,S1_1x5x,22,-1,79266.6,79300.5,40.0,200.0,inv,6.0,-0.11316659999999418,0.0792666,-0.1924331999999942,ifvg_clean,0.001,5.0,1.0,5.0
2025-04,S1_1x5x,23,1,79236.5,79499.99999999999,52.69999999999709,263.49999999998545,tp,308.0,0.18426349999998548,0.0792365,0.10502699999998548,ifvg_clean,0.001,5.0,1.0,5.0
2025-04,S1_1x5x,24,1,79415.7,79405.5,21.10000000000582,105.5000000000291,inv,7.0,-0.08961569999999709,0.0794157,-0.1690313999999971,ifvg_clean,0.001,5.0,1.0,5.0
2025-04,S1_1x5x,25,-1,80280.1,80331.20000000001,51.10000000000582,255.5000000000291,inv,272.0,-0.13138010000000583,0.08028010000000001,-0.21166020000000585,ifvg_clean,0.001,5.0,1.0,5.0
2025-04,S1_1x5x,26,1,80627.9,80584.29999999999,43.60000000000582,218.0000000000291,sl,7.0,-0.12422790000000583,0.0806279,-0.20485580000000583,ifvg_clean,0.001,5.0,1.0,5.0
2025-04,S1_1x5x,27,1,80543.8,80674.80000000006,26.20000000001164,131.0000000000582,tp,407.0,0.050456200000058196,0.08054380000000001,-0.030087599999941816,ifvg_clean,0.001,5.0,1.0,5.0
2025-04,S1_1x5x,28,-1,80779.6,80808.3,37.80000000000291,189.00000000001455,inv,1.0,-0.1094795999999971,0.08077960000000001,-0.1902591999999971,ifvg_clean,0.001,5.0,1.0,5.0
2025-04,S1_1x5x,29,1,80874.3,81132.30000000003,51.60000000000582,258.0000000000291,tp,163.0,0.17712570000002908,0.08087430000000001,0.09625140000002907,ifvg_clean,0.001,5.0,1.0,5.0
2025-04,S1_1x5x,30,1,82690.8,82669.8,21.0,105.0,sl,4.0,-0.10369080000000001,0.08269080000000001,-0.18638160000000004,ifvg_clean,0.001,5.0,1.0,5.0
2025-04,S1_1x5x,31,-1,82286.5,82346.0,59.5,297.5,inv,37.0,-0.1417865,0.0822865,-0.22407300000000002,ifvg_clean,0.001,5.0,1.0,5.0
2025-04,S1_1x5x,32,1,82123.8,81985.5,147.39999999999418,736.9999999999709,inv,48.0,-0.22042380000000295,0.08212380000000001,-0.30254760000000297,ifvg_clean,0.001,5.0,1.0,5.0
2025-04,S1_1x5x,33,-1,82462.4,82515.0,56.30000000000291,281.50000000001455,inv,181.0,-0.13506240000000583,0.0824624,-0.21752480000000585,ifvg_clean,0.001,5.0,1.0,5.0
2025-04,S1_1x5x,34,1,85652.4,85619.5,45.10000000000582,225.5000000000291,inv,2.0,-0.11855239999999417,0.0856524,-0.2042047999999942,ifvg_clean,0.001,5.0,1.0,5.0
2025-04,S1_1x5x,35,1,84929.0,84910.1,34.59999999999127,172.99999999995634,inv,18.0,-0.10382899999999418,0.084929,-0.18875799999999418,ifvg_clean,0.001,5.0,1.0,5.0
2025-04,S1_1x5x,36,-1,85329.7,85354.9,77.59999999999127,387.99999999995634,inv,0.0,-0.1105296999999971,0.08532970000000001,-0.1958593999999971,ifvg_clean,0.001,5.0,1.0,5.0
2025-04,S1_1x5x,37,-1,83657.4,83703.9,46.5,232.5,sl,4.0,-0.13015739999999998,0.08365739999999999,-0.21381479999999997,ifvg_clean,0.001,5.0,1.0,5.0
2025-04,S1_1x5x,38,-1,83748.0,83783.1,35.10000000000582,175.5000000000291,sl,82.0,-0.11884800000000582,0.083748,-0.20259600000000583,ifvg_clean,0.001,5.0,1.0,5.0
2025-04,S1_1x5x,39,1,84531.9,84483.5,48.39999999999418,241.9999999999709,sl,100.0,-0.13293189999999416,0.0845319,-0.21746379999999416,ifvg_clean,0.001,5.0,1.0,5.0
2025-04,S1_1x5x,40,-1,84824.9,84870.1,47.0,235.0,inv,43.0,-0.13002490000001163,0.0848249,-0.21484980000001164,ifvg_clean,0.001,5.0,1.0,5.0
2025-04,S1_1x5x,41,1,87439.7,87415.3,24.39999999999418,121.9999999999709,sl,22.0,-0.11183969999999419,0.08743970000000001,-0.1992793999999942,ifvg_clean,0.001,5.0,1.0,5.0
2025-04,S1_1x5x,42,1,87390.6,88285.6,179.0,895.0,tp,1131.0,0.8076094,0.08739060000000001,0.7202188,ifvg_clean,0.001,5.0,1.0,5.0
2025-04,S1_1x5x,43,-1,87927.6,87946.1,25.90000000000873,129.50000000004366,inv,16.0,-0.10642760000000001,0.08792760000000001,-0.1943552,ifvg_clean,0.001,5.0,1.0,5.0
2025-04,S1_1x5x,44,1,88066.7,88033.5,33.19999999999709,165.99999999998545,sl,89.0,-0.12126669999999709,0.0880667,-0.2093333999999971,ifvg_clean,0.001,5.0,1.0,5.0
2025-04,S1_1x5x,45,-1,86899.9,86995.8,95.90000000000873,479.50000000004366,sl,51.0,-0.18279990000000873,0.0868999,-0.2696998000000087,ifvg_clean,0.001,5.0,1.0,5.0
2025-04,S1_1x5x,46,1,87553.5,87847.49999999994,58.79999999998836,293.9999999999418,tp,628.0,0.2064464999999418,0.0875535,0.1188929999999418,ifvg_clean,0.001,5.0,1.0,5.0
2025-04,S1_1x5x,47,1,89684.3,89653.5,30.80000000000291,154.00000000001455,sl,9.0,-0.12048430000000292,0.08968430000000001,-0.21016860000000293,ifvg_clean,0.001,5.0,1.0,5.0
2025-04,S1_1x5x,48,1,90174.0,90128.1,45.89999999999418,229.4999999999709,sl,9.0,-0.1360739999999942,0.090174,-0.2262479999999942,ifvg_clean,0.001,5.0,1.0,5.0
2025-04,S1_1x5x,49,1,89975.4,89904.29999999999,71.10000000000582,355.5000000000291,sl,7.0,-0.1610754000000058,0.0899754,-0.2510508000000058,ifvg_clean,0.001,5.0,1.0,5.0
2025-04,S1_1x5x,50,1,90108.7,90458.7,70.0,350.0,tp,588.0,0.25989130000000005,0.0901087,0.16978260000000006,ifvg_clean,0.001,5.0,1.0,5.0
2025-04,S1_1x5x,51,-1,90318.3,90337.7,30.30000000000291,151.50000000001455,inv,8.0,-0.10971829999999419,0.0903183,-0.20003659999999418,ifvg_clean,0.001,5.0,1.0,5.0
2025-04,S1_1x5x,52,1,90633.2,90608.8,24.39999999999418,121.9999999999709,sl,46.0,-0.11503319999999419,0.09063320000000001,-0.2056663999999942,ifvg_clean,0.001,5.0,1.0,5.0
2025-04,S1_1x5x,53,-1,91176.1,91211.6,37.70000000001164,188.5000000000582,inv,31.0,-0.1266761,0.09117610000000001,-0.21785220000000002,ifvg_clean,0.001,5.0,1.0,5.0
2025-04,S1_1x5x,54,-1,91268.0,91158.0,22.0,110.0,tp,539.0,0.018732,0.091268,-0.072536,ifvg_clean,0.001,5.0,1.0,5.0
2025-04,S1_1x5x,55,-1,91503.0,91282.00000000001,44.19999999999709,220.99999999998545,tp,62.0,0.12949699999998546,0.091503,0.037993999999985456,ifvg_clean,0.001,5.0,1.0,5.0
2025-04,S1_1x5x,56,-1,92320.0,92366.0,46.0,230.0,sl,105.0,-0.13832,0.09232000000000001,-0.23064,ifvg_clean,0.001,5.0,1.0,5.0
2025-04,S1_1x5x,57,1,92736.1,92707.3,33.80000000000291,169.00000000001455,inv,46.0,-0.12153610000000292,0.09273610000000002,-0.21427220000000294,ifvg_clean,0.001,5.0,1.0,5.0
2025-04,S1_1x5x,58,1,93499.9,93610.89999999998,22.19999999999709,110.99999999998545,tp,195.0,0.017500099999985447,0.0934999,-0.07599980000001455,ifvg_clean,0.001,5.0,1.0,5.0
2025-04,S1_1x5x,59,-1,92988.2,93069.9,81.69999999999709,408.49999999998545,sl,425.0,-0.17468819999999707,0.0929882,-0.26767639999999704,ifvg_clean,0.001,5.0,1.0,5.0
2025-04,S1_1x5x,60,-1,93260.5,93284.7,24.19999999999709,120.99999999998545,sl,29.0,-0.1174604999999971,0.09326050000000001,-0.2107209999999971,ifvg_clean,0.001,5.0,1.0,5.0
2025-04,S1_1x5x,61,-1,94004.4,94088.5,84.10000000000582,420.5000000000291,sl,50.0,-0.17810440000000582,0.09400439999999999,-0.2721088000000058,ifvg_clean,0.001,5.0,1.0,5.0
2025-04,S1_1x5x,62,-1,95218.8,95276.0,61.5,307.5,inv,161.0,-0.1524187999999971,0.0952188,-0.24763759999999713,ifvg_clean,0.001,5.0,1.0,5.0
2025-04,S1_1x5x,63,-1,95111.5,95167.1,55.60000000000582,278.0000000000291,sl,77.0,-0.15071150000000583,0.09511150000000002,-0.24582300000000584,ifvg_clean,0.001,5.0,1.0,5.0
2025-04,S1_1x5x,64,-1,94982.4,95031.99999999999,49.59999999999127,247.99999999995634,inv,3447.0,-0.14458239999999126,0.0949824,-0.23956479999999125,ifvg_clean,0.001,5.0,1.0,5.0
2025-04,S1_1x5x,65,-1,94476.6,94501.90000000001,25.30000000000291,126.50000000001455,sl,22.0,-0.11977660000000293,0.09447660000000001,-0.21425320000000292,ifvg_clean,0.001,5.0,1.0,5.0
2025-04,S1_1x5x,66,-1,93870.5,93670.5,40.0,200.0,tp,428.0,0.1061295,0.09387050000000001,0.012258999999999992,ifvg_clean,0.001,5.0,1.0,5.0
2025-04,S1_1x5x,67,1,93645.2,93629.5,22.60000000000582,113.0000000000291,inv,38.0,-0.10934519999999709,0.0936452,-0.20299039999999707,ifvg_clean,0.001,5.0,1.0,5.0
2025-04,S2_1x10x,0,1,78116.4,79093.39999999997,97.69999999999709,976.9999999999709,tp,2809.0,0.8988835999999709,0.0781164,0.8207671999999709,ifvg_clean,0.001,10.0,1.0,10.0
2025-04,S2_1x10x,1,-1,74785.0,74840.0,55.0,550.0,sl,37.0,-0.129785,0.074785,-0.20457000000000003,ifvg_clean,0.001,10.0,1.0,10.0
2025-04,S2_1x10x,2,-1,76115.3,76187.0,71.69999999999709,716.9999999999709,sl,102.0,-0.1478152999999971,0.07611530000000001,-0.2239305999999971,ifvg_clean,0.001,10.0,1.0,10.0
2025-04,S2_1x10x,3,1,76392.0,76860.99999999994,46.89999999999418,468.9999999999418,tp,456.0,0.3926079999999418,0.076392,0.31621599999994177,ifvg_clean,0.001,10.0,1.0,10.0
2025-04,S2_1x10x,4,-1,76876.0,76889.7,37.69999999999709,376.9999999999709,inv,0.0,-0.09057599999999709,0.076876,-0.1674519999999971,ifvg_clean,0.001,10.0,1.0,10.0
2025-04,S2_1x10x,5,-1,77348.8,77421.0,80.5,805.0,inv,5.0,-0.1495487999999971,0.07734880000000001,-0.2268975999999971,ifvg_clean,0.001,10.0,1.0,10.0
2025-04,S2_1x10x,6,-1,77844.1,77592.10000000003,25.19999999999709,251.9999999999709,tp,98.0,0.1741558999999709,0.07784410000000001,0.09631179999997087,ifvg_clean,0.001,10.0,1.0,10.0
2025-04,S2_1x10x,7,-1,76946.1,76977.40000000001,31.30000000000291,313.0000000000291,sl,3.0,-0.10824610000000291,0.0769461,-0.18519220000000292,ifvg_clean,0.001,10.0,1.0,10.0
2025-04,S2_1x10x,8,1,77517.3,77425.5,94.0,940.0,inv,36.0,-0.16931730000000292,0.07751730000000001,-0.24683460000000293,ifvg_clean,0.001,10.0,1.0,10.0
2025-04,S2_1x10x,9,1,77168.0,77129.9,45.60000000000582,456.0000000000582,inv,129.0,-0.11526800000000584,0.07716800000000001,-0.19243600000000585,ifvg_clean,0.001,10.0,1.0,10.0
2025-04,S2_1x10x,10,1,77720.1,77664.1,56.0,560.0,sl,196.0,-0.1337201,0.0777201,-0.21144020000000002,ifvg_clean,0.001,10.0,1.0,10.0
2025-04,S2_1x10x,11,1,77579.1,77519.3,59.80000000000291,598.0000000000291,sl,159.0,-0.13737910000000292,0.07757910000000001,-0.21495820000000293,ifvg_clean,0.001,10.0,1.0,10.0
2025-04,S2_1x10x,12,-1,77883.3,77926.5,43.19999999999709,431.9999999999709,inv,26.0,-0.12108329999999709,0.0778833,-0.1989665999999971,ifvg_clean,0.001,10.0,1.0,10.0
2025-04,S2_1x10x,13,-1,78526.7,78573.9,52.0,520.0,inv,6.0,-0.12572669999999708,0.0785267,-0.2042533999999971,ifvg_clean,0.001,10.0,1.0,10.0
2025-04,S2_1x10x,14,1,78295.3,78742.30000000012,44.70000000001164,447.0000000001164,tp,17.0,0.3687047000001164,0.0782953,0.2904094000001164,ifvg_clean,0.001,10.0,1.0,10.0
2025-04,S2_1x10x,15,1,82677.8,82639.6,38.19999999999709,381.9999999999709,sl,22.0,-0.1208777999999971,0.08267780000000001,-0.20355559999999712,ifvg_clean,0.001,10.0,1.0,10.0
2025-04,S2_1x10x,16,-1,82357.3,82381.59999999999,24.29999999998836,242.99999999988358,sl,8.0,-0.10665729999998837,0.08235730000000001,-0.18901459999998838,ifvg_clean,0.001,10.0,1.0,10.0
2025-04,S2_1x10x,17,1,83085.3,82973.90000000001,111.39999999999418,1113.9999999999418,sl,1535.0,-0.1944852999999942,0.0830853,-0.2775705999999942,ifvg_clean,0.001,10.0,1.0,10.0
2025-04,S2_1x10x,18,1,82957.3,82929.0,28.5,285.0,inv,26.0,-0.11125730000000292,0.08295730000000001,-0.19421460000000293,ifvg_clean,0.001,10.0,1.0,10.0
2025-04,S2_1x10x,19,-1,81509.2,81538.09999999999,28.89999999999418,288.9999999999418,sl,1.0,-0.11040919999999417,0.08150919999999999,-0.19191839999999416,ifvg_clean,0.001,10.0,1.0,10.0
2025-04,S2_1x10x,20,1,78751.0,78633.4,119.40000000000873,1194.0000000000873,inv,248.0,-0.19635100000000583,0.078751,-0.27510200000000584,ifvg_clean,0.001,10.0,1.0,10.0
2025-04,S2_1x10x,21,1,79173.2,79153.09999999999,20.10000000000582,201.0000000000582,inv,0.0,-0.09927320000000582,0.0791732,-0.17844640000000583,ifvg_clean,0.001,10.0,1.0,10.0
2025-04,S2_1x10x,22,-1,79266.6,79300.5,40.0,400.0,inv,6.0,-0.11316659999999418,0.0792666,-0.1924331999999942,ifvg_clean,0.001,10.0,1.0,10.0
2025-04,S2_1x10x,23,1,79236.5,79763.49999999997,52.69999999999709,526.9999999999709,tp,645.0,0.44776349999997095,0.0792365,0.36852699999997096,ifvg_clean,0.001,10.0,1.0,10.0
2025-04,S2_1x10x,24,1,79415.7,79405.5,21.10000000000582,211.0000000000582,inv,7.0,-0.08961569999999709,0.0794157,-0.1690313999999971,ifvg_clean,0.001,10.0,1.0,10.0
2025-04,S2_1x10x,25,-1,80280.1,80331.20000000001,51.10000000000582,511.0000000000582,inv,272.0,-0.13138010000000583,0.08028010000000001,-0.21166020000000585,ifvg_clean,0.001,10.0,1.0,10.0
2025-04,S2_1x10x,26,1,80627.9,80584.29999999999,43.60000000000582,436.0000000000582,sl,7.0,-0.12422790000000583,0.0806279,-0.20485580000000583,ifvg_clean,0.001,10.0,1.0,10.0
2025-04,S2_1x10x,27,1,80543.8,80805.80000000012,26.20000000001164,262.0000000001164,tp,685.0,0.18145620000011642,0.08054380000000001,0.1009124000001164,ifvg_clean,0.001,10.0,1.0,10.0
2025-04,S2_1x10x,28,-1,80779.6,80808.3,37.80000000000291,378.0000000000291,inv,1.0,-0.1094795999999971,0.08077960000000001,-0.1902591999999971,ifvg_clean,0.001,10.0,1.0,10.0
2025-04,S2_1x10x,29,1,80874.3,81390.30000000006,51.60000000000582,516.0000000000582,tp,193.0,0.4351257000000582,0.08087430000000001,0.35425140000005817,ifvg_clean,0.001,10.0,1.0,10.0
2025-04,S2_1x10x,30,1,82690.8,82669.8,21.0,210.0,sl,4.0,-0.10369080000000001,0.08269080000000001,-0.18638160000000004,ifvg_clean,0.001,10.0,1.0,10.0
2025-04,S2_1x10x,31,-1,82286.5,82346.0,59.5,595.0,inv,37.0,-0.1417865,0.0822865,-0.22407300000000002,ifvg_clean,0.001,10.0,1.0,10.0
2025-04,S2_1x10x,32,1,82123.8,81985.5,147.39999999999418,1473.9999999999418,inv,48.0,-0.22042380000000295,0.08212380000000001,-0.30254760000000297,ifvg_clean,0.001,10.0,1.0,10.0
2025-04,S2_1x10x,33,-1,82462.4,82515.0,56.30000000000291,563.0000000000291,inv,181.0,-0.13506240000000583,0.0824624,-0.21752480000000585,ifvg_clean,0.001,10.0,1.0,10.0
2025-04,S2_1x10x,34,1,85652.4,85619.5,45.10000000000582,451.0000000000582,inv,2.0,-0.11855239999999417,0.0856524,-0.2042047999999942,ifvg_clean,0.001,10.0,1.0,10.0
2025-04,S2_1x10x,35,1,84929.0,84910.1,34.59999999999127,345.9999999999127,inv,18.0,-0.10382899999999418,0.084929,-0.18875799999999418,ifvg_clean,0.001,10.0,1.0,10.0
2025-04,S2_1x10x,36,-1,85329.7,85354.9,77.59999999999127,775.9999999999127,inv,0.0,-0.1105296999999971,0.08532970000000001,-0.1958593999999971,ifvg_clean,0.001,10.0,1.0,10.0
2025-04,S2_1x10x,37,-1,83657.4,83703.9,46.5,465.0,sl,4.0,-0.13015739999999998,0.08365739999999999,-0.21381479999999997,ifvg_clean,0.001,10.0,1.0,10.0
2025-04,S2_1x10x,38,-1,83748.0,83783.1,35.10000000000582,351.0000000000582,sl,82.0,-0.11884800000000582,0.083748,-0.20259600000000583,ifvg_clean,0.001,10.0,1.0,10.0
2025-04,S2_1x10x,39,1,84531.9,84483.5,48.39999999999418,483.9999999999418,sl,100.0,-0.13293189999999416,0.0845319,-0.21746379999999416,ifvg_clean,0.001,10.0,1.0,10.0
2025-04,S2_1x10x,40,-1,84824.9,84870.1,47.0,470.0,inv,43.0,-0.13002490000001163,0.0848249,-0.21484980000001164,ifvg_clean,0.001,10.0,1.0,10.0
2025-04,S2_1x10x,41,1,87439.7,87415.3,24.39999999999418,243.9999999999418,sl,22.0,-0.11183969999999419,0.08743970000000001,-0.1992793999999942,ifvg_clean,0.001,10.0,1.0,10.0
2025-04,S2_1x10x,42,-1,87927.6,87946.1,25.90000000000873,259.0000000000873,inv,16.0,-0.10642760000000001,0.08792760000000001,-0.1943552,ifvg_clean,0.001,10.0,1.0,10.0
2025-04,S2_1x10x,43,1,88066.7,88033.5,33.19999999999709,331.9999999999709,sl,89.0,-0.12126669999999709,0.0880667,-0.2093333999999971,ifvg_clean,0.001,10.0,1.0,10.0
2025-04,S2_1x10x,44,1,87390.6,87211.6,179.0,1790.0,sl,9795.0,-0.26639060000000003,0.08739060000000001,-0.3537812,ifvg_clean,0.001,10.0,1.0,10.0
2025-04,S2_1x10x,45,-1,86899.9,86995.8,95.90000000000873,959.0000000000873,sl,51.0,-0.18279990000000873,0.0868999,-0.2696998000000087,ifvg_clean,0.001,10.0,1.0,10.0
2025-04,S2_1x10x,46,1,87553.5,88141.49999999988,58.79999999998836,587.9999999998836,tp,665.0,0.5004464999998837,0.0875535,0.41289299999988366,ifvg_clean,0.001,10.0,1.0,10.0
2025-04,S2_1x10x,47,1,89684.3,89653.5,30.80000000000291,308.0000000000291,sl,9.0,-0.12048430000000292,0.08968430000000001,-0.21016860000000293,ifvg_clean,0.001,10.0,1.0,10.0
2025-04,S2_1x10x,48,1,90174.0,90128.1,45.89999999999418,458.9999999999418,sl,9.0,-0.1360739999999942,0.090174,-0.2262479999999942,ifvg_clean,0.001,10.0,1.0,10.0
2025-04,S2_1x10x,49,1,89975.4,89904.29999999999,71.10000000000582,711.0000000000582,sl,7.0,-0.1610754000000058,0.0899754,-0.2510508000000058,ifvg_clean,0.001,10.0,1.0,10.0
2025-04,S2_1x10x,50,-1,90318.3,90337.7,30.30000000000291,303.0000000000291,inv,8.0,-0.10971829999999419,0.0903183,-0.20003659999999418,ifvg_clean,0.001,10.0,1.0,10.0
2025-04,S2_1x10x,51,1,90108.7,90808.7,70.0,700.0,tp,2417.0,0.6098913,0.0901087,0.5197826,ifvg_clean,0.001,10.0,1.0,10.0
2025-04,S2_1x10x,52,1,90633.2,90608.8,24.39999999999418,243.9999999999418,sl,46.0,-0.11503319999999419,0.09063320000000001,-0.2056663999999942,ifvg_clean,0.001,10.0,1.0,10.0
2025-04,S2_1x10x,53,-1,91176.1,91211.6,37.70000000001164,377.0000000001164,inv,31.0,-0.1266761,0.09117610000000001,-0.21785220000000002,ifvg_clean,0.001,10.0,1.0,10.0
2025-04,S2_1x10x,54,-1,91268.0,91048.0,22.0,220.0,tp,2308.0,0.128732,0.091268,0.03746400000000001,ifvg_clean,0.001,10.0,1.0,10.0
2025-04,S2_1x10x,55,-1,91503.0,91547.2,44.19999999999709,441.9999999999709,inv,282.0,-0.13570299999999708,0.091503,-0.22720599999999708,ifvg_clean,0.001,10.0,1.0,10.0
2025-04,S2_1x10x,56,-1,92320.0,92366.0,46.0,460.0,sl,105.0,-0.13832,0.09232000000000001,-0.23064,ifvg_clean,0.001,10.0,1.0,10.0
2025-04,S2_1x10x,57,1,92736.1,92707.3,33.80000000000291,338.0000000000291,inv,46.0,-0.12153610000000292,0.09273610000000002,-0.21427220000000294,ifvg_clean,0.001,10.0,1.0,10.0
2025-04,S2_1x10x,58,1,93499.9,93721.89999999997,22.19999999999709,221.9999999999709,tp,1098.0,0.1285000999999709,0.0934999,0.035000199999970893,ifvg_clean,0.001,10.0,1.0,10.0
2025-04,S2_1x10x,59,-1,92988.2,93069.9,81.69999999999709,816.9999999999709,sl,425.0,-0.17468819999999707,0.0929882,-0.26767639999999704,ifvg_clean,0.001,10.0,1.0,10.0
2025-04,S2_1x10x,60,-1,93260.5,93284.7,24.19999999999709,241.9999999999709,sl,29.0,-0.1174604999999971,0.09326050000000001,-0.2107209999999971,ifvg_clean,0.001,10.0,1.0,10.0
2025-04,S2_1x10x,61,-1,94004.4,94088.5,84.10000000000582,841.0000000000582,sl,50.0,-0.17810440000000582,0.09400439999999999,-0.2721088000000058,ifvg_clean,0.001,10.0,1.0,10.0
2025-04,S2_1x10x,62,-1,95218.8,95276.0,61.5,615.0,inv,161.0,-0.1524187999999971,0.0952188,-0.24763759999999713,ifvg_clean,0.001,10.0,1.0,10.0
2025-04,S2_1x10x,63,-1,95111.5,95167.1,55.60000000000582,556.0000000000582,sl,77.0,-0.15071150000000583,0.09511150000000002,-0.24582300000000584,ifvg_clean,0.001,10.0,1.0,10.0
2025-04,S2_1x10x,64,-1,94982.4,95031.99999999999,49.59999999999127,495.9999999999127,inv,3447.0,-0.14458239999999126,0.0949824,-0.23956479999999125,ifvg_clean,0.001,10.0,1.0,10.0
2025-04,S2_1x10x,65,-1,94476.6,94501.90000000001,25.30000000000291,253.0000000000291,sl,22.0,-0.11977660000000293,0.09447660000000001,-0.21425320000000292,ifvg_clean,0.001,10.0,1.0,10.0
2025-04,S2_1x10x,66,-1,93870.5,93900.5,40.0,400.0,inv,767.0,-0.12387050000000001,0.09387050000000001,-0.21774100000000002,ifvg_clean,0.001,10.0,1.0,10.0
2025-04,S2_1x10x,67,1,93645.2,93629.5,22.60000000000582,226.0000000000582,inv,38.0,-0.10934519999999709,0.0936452,-0.20299039999999707,ifvg_clean,0.001,10.0,1.0,10.0
2025-04,S3_1x20x,0,1,78116.4,80070.39999999994,97.69999999999709,1953.9999999999418,tp,10291.0,1.8758835999999417,0.0781164,1.7977671999999416,ifvg_clean,0.001,20.0,1.0,20.0
2025-04,S3_1x20x,1,-1,74785.0,74840.0,55.0,1100.0,sl,37.0,-0.129785,0.074785,-0.20457000000000003,ifvg_clean,0.001,20.0,1.0,20.0
2025-04,S3_1x20x,2,-1,76115.3,76187.0,71.69999999999709,1433.9999999999418,sl,102.0,-0.1478152999999971,0.07611530000000001,-0.2239305999999971,ifvg_clean,0.001,20.0,1.0,20.0
2025-04,S3_1x20x,3,-1,76876.0,76889.7,37.69999999999709,753.9999999999418,inv,0.0,-0.09057599999999709,0.076876,-0.1674519999999971,ifvg_clean,0.001,20.0,1.0,20.0
2025-04,S3_1x20x,4,1,76392.0,77329.99999999988,46.89999999999418,937.9999999998836,tp,2990.0,0.8616079999998836,0.076392,0.7852159999998836,ifvg_clean,0.001,20.0,1.0,20.0
2025-04,S3_1x20x,5,-1,77348.8,77421.0,80.5,1610.0,inv,5.0,-0.1495487999999971,0.07734880000000001,-0.2268975999999971,ifvg_clean,0.001,20.0,1.0,20.0
2025-04,S3_1x20x,6,-1,77844.1,77340.10000000006,25.19999999999709,503.9999999999418,tp,812.0,0.4261558999999418,0.07784410000000001,0.3483117999999418,ifvg_clean,0.001,20.0,1.0,20.0
2025-04,S3_1x20x,7,-1,76946.1,76977.40000000001,31.30000000000291,626.0000000000582,sl,3.0,-0.10824610000000291,0.0769461,-0.18519220000000292,ifvg_clean,0.001,20.0,1.0,20.0
2025-04,S3_1x20x,8,1,77517.3,77425.5,94.0,1880.0,inv,36.0,-0.16931730000000292,0.07751730000000001,-0.24683460000000293,ifvg_clean,0.001,20.0,1.0,20.0
2025-04,S3_1x20x,9,1,77168.0,77129.9,45.60000000000582,912.0000000001164,inv,129.0,-0.11526800000000584,0.07716800000000001,-0.19243600000000585,ifvg_clean,0.001,20.0,1.0,20.0
2025-04,S3_1x20x,10,1,77720.1,77664.1,56.0,1120.0,sl,196.0,-0.1337201,0.0777201,-0.21144020000000002,ifvg_clean,0.001,20.0,1.0,20.0
2025-04,S3_1x20x,11,1,77579.1,77519.3,59.80000000000291,1196.0000000000582,sl,159.0,-0.13737910000000292,0.07757910000000001,-0.21495820000000293,ifvg_clean,0.001,20.0,1.0,20.0
2025-04,S3_1x20x,12,-1,77883.3,77926.5,43.19999999999709,863.9999999999418,inv,26.0,-0.12108329999999709,0.0778833,-0.1989665999999971,ifvg_clean,0.001,20.0,1.0,20.0
2025-04,S3_1x20x,13,-1,78526.7,78573.9,52.0,1040.0,inv,6.0,-0.12572669999999708,0.0785267,-0.2042533999999971,ifvg_clean,0.001,20.0,1.0,20.0
2025-04,S3_1x20x,14,1,78295.3,79189.30000000024,44.70000000001164,894.0000000002328,tp,87.0,0.8157047000002329,0.0782953,0.7374094000002329,ifvg_clean,0.001,20.0,1.0,20.0
2025-04,S3_1x20x,15,1,82677.8,82639.6,38.19999999999709,763.9999999999418,sl,22.0,-0.1208777999999971,0.08267780000000001,-0.20355559999999712,ifvg_clean,0.001,20.0,1.0,20.0
2025-04,S3_1x20x,16,-1,82357.3,82381.59999999999,24.29999999998836,485.99999999976717,sl,8.0,-0.10665729999998837,0.08235730000000001,-0.18901459999998838,ifvg_clean,0.001,20.0,1.0,20.0
2025-04,S3_1x20x,17,1,83085.3,82973.90000000001,111.39999999999418,2227.9999999998836,sl,1535.0,-0.1944852999999942,0.0830853,-0.2775705999999942,ifvg_clean,0.001,20.0,1.0,20.0
2025-04,S3_1x20x,18,1,82957.3,82929.0,28.5,570.0,inv,26.0,-0.11125730000000292,0.08295730000000001,-0.19421460000000293,ifvg_clean,0.001,20.0,1.0,20.0
2025-04,S3_1x20x,19,-1,81509.2,81538.09999999999,28.89999999999418,577.9999999998836,sl,1.0,-0.11040919999999417,0.08150919999999999,-0.19191839999999416,ifvg_clean,0.001,20.0,1.0,20.0
2025-04,S3_1x20x,20,1,78751.0,78633.4,119.40000000000873,2388.0000000001746,inv,248.0,-0.19635100000000583,0.078751,-0.27510200000000584,ifvg_clean,0.001,20.0,1.0,20.0
2025-04,S3_1x20x,21,1,79173.2,79153.09999999999,20.10000000000582,402.0000000001164,inv,0.0,-0.09927320000000582,0.0791732,-0.17844640000000583,ifvg_clean,0.001,20.0,1.0,20.0
2025-04,S3_1x20x,22,-1,79266.6,79300.5,40.0,800.0,inv,6.0,-0.11316659999999418,0.0792666,-0.1924331999999942,ifvg_clean,0.001,20.0,1.0,20.0
2025-04,S3_1x20x,23,1,79415.7,79405.5,21.10000000000582,422.0000000001164,inv,7.0,-0.08961569999999709,0.0794157,-0.1690313999999971,ifvg_clean,0.001,20.0,1.0,20.0
2025-04,S3_1x20x,24,1,79236.5,79183.8,52.69999999999709,1053.9999999999418,sl,23803.0,-0.1319364999999971,0.0792365,-0.2111729999999971,ifvg_clean,0.001,20.0,1.0,20.0
2025-04,S3_1x20x,25,-1,80280.1,80331.20000000001,51.10000000000582,1022.0000000001164,inv,272.0,-0.13138010000000583,0.08028010000000001,-0.21166020000000585,ifvg_clean,0.001,20.0,1.0,20.0
2025-04,S3_1x20x,26,1,80627.9,80584.29999999999,43.60000000000582,872.0000000001164,sl,7.0,-0.12422790000000583,0.0806279,-0.20485580000000583,ifvg_clean,0.001,20.0,1.0,20.0
2025-04,S3_1x20x,27,1,80543.8,81067.80000000024,26.20000000001164,524.0000000002328,tp,2820.0,0.44345620000023284,0.08054380000000001,0.36291240000023284,ifvg_clean,0.001,20.0,1.0,20.0
2025-04,S3_1x20x,28,-1,80779.6,80808.3,37.80000000000291,756.0000000000582,inv,1.0,-0.1094795999999971,0.08077960000000001,-0.1902591999999971,ifvg_clean,0.001,20.0,1.0,20.0
2025-04,S3_1x20x,29,1,80874.3,81906.30000000012,51.60000000000582,1032.0000000001164,tp,5016.0,0.9511257000001163,0.08087430000000001,0.8702514000001162,ifvg_clean,0.001,20.0,1.0,20.0
2025-04,S3_1x20x,30,1,82690.8,82669.8,21.0,420.0,sl,4.0,-0.10369080000000001,0.08269080000000001,-0.18638160000000004,ifvg_clean,0.001,20.0,1.0,20.0
2025-04,S3_1x20x,31,-1,82286.5,82346.0,59.5,1190.0,inv,37.0,-0.1417865,0.0822865,-0.22407300000000002,ifvg_clean,0.001,20.0,1.0,20.0
2025-04,S3_1x20x,32,1,82123.8,81985.5,147.39999999999418,2947.9999999998836,inv,48.0,-0.22042380000000295,0.08212380000000001,-0.30254760000000297,ifvg_clean,0.001,20.0,1.0,20.0
2025-04,S3_1x20x,33,-1,82462.4,82515.0,56.30000000000291,1126.0000000000582,inv,181.0,-0.13506240000000583,0.0824624,-0.21752480000000585,ifvg_clean,0.001,20.0,1.0,20.0
2025-04,S3_1x20x,34,1,85652.4,85619.5,45.10000000000582,902.0000000001164,inv,2.0,-0.11855239999999417,0.0856524,-0.2042047999999942,ifvg_clean,0.001,20.0,1.0,20.0
2025-04,S3_1x20x,35,1,84929.0,84910.1,34.59999999999127,691.9999999998254,inv,18.0,-0.10382899999999418,0.084929,-0.18875799999999418,ifvg_clean,0.001,20.0,1.0,20.0
2025-04,S3_1x20x,36,-1,85329.7,85354.9,77.59999999999127,1551.9999999998254,inv,0.0,-0.1105296999999971,0.08532970000000001,-0.1958593999999971,ifvg_clean,0.001,20.0,1.0,20.0
2025-04,S3_1x20x,37,-1,83657.4,83703.9,46.5,930.0,sl,4.0,-0.13015739999999998,0.08365739999999999,-0.21381479999999997,ifvg_clean,0.001,20.0,1.0,20.0
2025-04,S3_1x20x,38,-1,83748.0,83783.1,35.10000000000582,702.0000000001164,sl,82.0,-0.11884800000000582,0.083748,-0.20259600000000583,ifvg_clean,0.001,20.0,1.0,20.0
2025-04,S3_1x20x,39,1,84531.9,84483.5,48.39999999999418,967.9999999998836,sl,100.0,-0.13293189999999416,0.0845319,-0.21746379999999416,ifvg_clean,0.001,20.0,1.0,20.0
2025-04,S3_1x20x,40,-1,84824.9,84870.1,47.0,940.0,inv,43.0,-0.13002490000001163,0.0848249,-0.21484980000001164,ifvg_clean,0.001,20.0,1.0,20.0
2025-04,S3_1x20x,41,1,87439.7,87415.3,24.39999999999418,487.9999999998836,sl,22.0,-0.11183969999999419,0.08743970000000001,-0.1992793999999942,ifvg_clean,0.001,20.0,1.0,20.0
2025-04,S3_1x20x,42,-1,87927.6,87946.1,25.90000000000873,518.0000000001746,inv,16.0,-0.10642760000000001,0.08792760000000001,-0.1943552,ifvg_clean,0.001,20.0,1.0,20.0
2025-04,S3_1x20x,43,1,88066.7,88033.5,33.19999999999709,663.9999999999418,sl,89.0,-0.12126669999999709,0.0880667,-0.2093333999999971,ifvg_clean,0.001,20.0,1.0,20.0
2025-04,S3_1x20x,44,1,87390.6,87211.6,179.0,3580.0,sl,9795.0,-0.26639060000000003,0.08739060000000001,-0.3537812,ifvg_clean,0.001,20.0,1.0,20.0
2025-04,S3_1x20x,45,-1,86899.9,86995.8,95.90000000000873,1918.0000000001746,sl,51.0,-0.18279990000000873,0.0868999,-0.2696998000000087,ifvg_clean,0.001,20.0,1.0,20.0
2025-04,S3_1x20x,46,1,87553.5,88729.49999999977,58.79999999998836,1175.9999999997672,tp,993.0,1.0884464999997672,0.0875535,1.000892999999767,ifvg_clean,0.001,20.0,1.0,20.0
2025-04,S3_1x20x,47,1,89684.3,89653.5,30.80000000000291,616.0000000000582,sl,9.0,-0.12048430000000292,0.08968430000000001,-0.21016860000000293,ifvg_clean,0.001,20.0,1.0,20.0
2025-04,S3_1x20x,48,1,90174.0,90128.1,45.89999999999418,917.9999999998836,sl,9.0,-0.1360739999999942,0.090174,-0.2262479999999942,ifvg_clean,0.001,20.0,1.0,20.0
2025-04,S3_1x20x,49,1,89975.4,89904.29999999999,71.10000000000582,1422.0000000001164,sl,7.0,-0.1610754000000058,0.0899754,-0.2510508000000058,ifvg_clean,0.001,20.0,1.0,20.0
2025-04,S3_1x20x,50,-1,90318.3,90337.7,30.30000000000291,606.0000000000582,inv,8.0,-0.10971829999999419,0.0903183,-0.20003659999999418,ifvg_clean,0.001,20.0,1.0,20.0
2025-04,S3_1x20x,51,1,90633.2,90608.8,24.39999999999418,487.9999999998836,sl,46.0,-0.11503319999999419,0.09063320000000001,-0.2056663999999942,ifvg_clean,0.001,20.0,1.0,20.0
2025-04,S3_1x20x,52,-1,91176.1,91211.6,37.70000000001164,754.0000000002328,inv,31.0,-0.1266761,0.09117610000000001,-0.21785220000000002,ifvg_clean,0.001,20.0,1.0,20.0
2025-04,S3_1x20x,53,1,90108.7,91508.7,70.0,1400.0,tp,14099.0,1.3098913,0.0901087,1.2197826,ifvg_clean,0.001,20.0,1.0,20.0
2025-04,S3_1x20x,54,-1,91268.0,91290.0,22.0,440.0,sl,3518.0,-0.11326800000000001,0.091268,-0.204536,ifvg_clean,0.001,20.0,1.0,20.0
2025-04,S3_1x20x,55,-1,91503.0,91547.2,44.19999999999709,883.9999999999418,inv,282.0,-0.13570299999999708,0.091503,-0.22720599999999708,ifvg_clean,0.001,20.0,1.0,20.0
2025-04,S3_1x20x,56,-1,92320.0,92366.0,46.0,920.0,sl,105.0,-0.13832,0.09232000000000001,-0.23064,ifvg_clean,0.001,20.0,1.0,20.0
2025-04,S3_1x20x,57,1,92736.1,92707.3,33.80000000000291,676.0000000000582,inv,46.0,-0.12153610000000292,0.09273610000000002,-0.21427220000000294,ifvg_clean,0.001,20.0,1.0,20.0
2025-04,S3_1x20x,58,1,93499.9,93943.89999999994,22.19999999999709,443.9999999999418,tp,3138.0,0.3505000999999418,0.0934999,0.25700019999994184,ifvg_clean,0.001,20.0,1.0,20.0
2025-04,S3_1x20x,59,-1,92988.2,93069.9,81.69999999999709,1633.9999999999418,sl,425.0,-0.17468819999999707,0.0929882,-0.26767639999999704,ifvg_clean,0.001,20.0,1.0,20.0
2025-04,S3_1x20x,60,-1,93260.5,93284.7,24.19999999999709,483.9999999999418,sl,29.0,-0.1174604999999971,0.09326050000000001,-0.2107209999999971,ifvg_clean,0.001,20.0,1.0,20.0
2025-04,S3_1x20x,61,-1,94004.4,94088.5,84.10000000000582,1682.0000000001164,sl,50.0,-0.17810440000000582,0.09400439999999999,-0.2721088000000058,ifvg_clean,0.001,20.0,1.0,20.0
2025-04,S3_1x20x,62,-1,95218.8,95276.0,61.5,1230.0,inv,161.0,-0.1524187999999971,0.0952188,-0.24763759999999713,ifvg_clean,0.001,20.0,1.0,20.0
2025-04,S3_1x20x,63,-1,95111.5,95167.1,55.60000000000582,1112.0000000001164,sl,77.0,-0.15071150000000583,0.09511150000000002,-0.24582300000000584,ifvg_clean,0.001,20.0,1.0,20.0
2025-04,S3_1x20x,64,-1,94982.4,95031.99999999999,49.59999999999127,991.9999999998254,inv,3447.0,-0.14458239999999126,0.0949824,-0.23956479999999125,ifvg_clean,0.001,20.0,1.0,20.0
2025-04,S3_1x20x,65,-1,94476.6,94501.90000000001,25.30000000000291,506.0000000000582,sl,22.0,-0.11977660000000293,0.09447660000000001,-0.21425320000000292,ifvg_clean,0.001,20.0,1.0,20.0
2025-04,S3_1x20x,66,-1,93870.5,93900.5,40.0,800.0,inv,767.0,-0.12387050000000001,0.09387050000000001,-0.21774100000000002,ifvg_clean,0.001,20.0,1.0,20.0
2025-04,S3_1x20x,67,1,93645.2,93629.5,22.60000000000582,452.0000000001164,inv,38.0,-0.10934519999999709,0.0936452,-0.20299039999999707,ifvg_clean,0.001,20.0,1.0,20.0
2025-04,S4_2x10x,0,1,78116.4,79093.39999999997,195.39999999999418,976.9999999999709,tp,2809.0,0.8988835999999709,0.0781164,0.8207671999999709,ifvg_clean,0.001,5.0,2.0,10.0
2025-04,S4_2x10x,1,-1,74785.0,74895.0,110.0,550.0,sl,60.0,-0.184785,0.074785,-0.25957,ifvg_clean,0.001,5.0,2.0,10.0
2025-04,S4_2x10x,2,-1,76115.3,76258.7,143.39999999999418,716.9999999999709,sl,426.0,-0.2195152999999942,0.07611530000000001,-0.2956305999999942,ifvg_clean,0.001,5.0,2.0,10.0
2025-04,S4_2x10x,3,1,76392.0,76860.99999999994,93.79999999998836,468.9999999999418,tp,456.0,0.3926079999999418,0.076392,0.31621599999994177,ifvg_clean,0.001,5.0,2.0,10.0
2025-04,S4_2x10x,4,-1,76876.0,76889.7,75.39999999999418,376.9999999999709,inv,0.0,-0.09057599999999709,0.076876,-0.1674519999999971,ifvg_clean,0.001,5.0,2.0,10.0
2025-04,S4_2x10x,5,-1,77348.8,77421.0,161.0,805.0,inv,5.0,-0.1495487999999971,0.07734880000000001,-0.2268975999999971,ifvg_clean,0.001,5.0,2.0,10.0
2025-04,S4_2x10x,6,-1,77844.1,77592.10000000003,50.39999999999418,251.9999999999709,tp,98.0,0.1741558999999709,0.07784410000000001,0.09631179999997087,ifvg_clean,0.001,5.0,2.0,10.0
2025-04,S4_2x10x,7,-1,76946.1,77008.70000000001,62.60000000000582,313.0000000000291,sl,7.0,-0.13954610000000583,0.0769461,-0.21649220000000585,ifvg_clean,0.001,5.0,2.0,10.0
2025-04,S4_2x10x,8,1,77517.3,77425.5,188.0,940.0,inv,36.0,-0.16931730000000292,0.07751730000000001,-0.24683460000000293,ifvg_clean,0.001,5.0,2.0,10.0
2025-04,S4_2x10x,9,1,77168.0,77129.9,91.20000000001164,456.0000000000582,inv,129.0,-0.11526800000000584,0.07716800000000001,-0.19243600000000585,ifvg_clean,0.001,5.0,2.0,10.0
2025-04,S4_2x10x,10,1,77720.1,77608.1,112.0,560.0,sl,321.0,-0.1897201,0.0777201,-0.2674402,ifvg_clean,0.001,5.0,2.0,10.0
2025-04,S4_2x10x,11,1,77579.1,78177.10000000003,119.60000000000582,598.0000000000291,tp,1468.0,0.520420900000029,0.07757910000000001,0.44284180000002904,ifvg_clean,0.001,5.0,2.0,10.0
2025-04,S4_2x10x,12,-1,77883.3,77969.7,86.39999999999418,431.9999999999709,inv,28.0,-0.1642832999999942,0.0778833,-0.24216659999999418,ifvg_clean,0.001,5.0,2.0,10.0
2025-04,S4_2x10x,13,-1,78526.7,78573.9,104.0,520.0,inv,6.0,-0.12572669999999708,0.0785267,-0.2042533999999971,ifvg_clean,0.001,5.0,2.0,10.0
2025-04,S4_2x10x,14,1,78295.3,78742.30000000012,89.40000000002328,447.0000000001164,tp,17.0,0.3687047000001164,0.0782953,0.2904094000001164,ifvg_clean,0.001,5.0,2.0,10.0
2025-04,S4_2x10x,15,1,82677.8,82601.40000000001,76.39999999999418,381.9999999999709,sl,24.0,-0.1590777999999942,0.08267780000000001,-0.2417555999999942,ifvg_clean,0.001,5.0,2.0,10.0
2025-04,S4_2x10x,16,-1,82357.3,82405.89999999998,48.59999999997672,242.99999999988358,sl,32.0,-0.13095729999997674,0.08235730000000001,-0.21331459999997676,ifvg_clean,0.001,5.0,2.0,10.0
2025-04,S4_2x10x,17,1,83085.3,82862.50000000001,222.79999999998836,1113.9999999999418,sl,1591.0,-0.30588529999998837,0.0830853,-0.3889705999999884,ifvg_clean,0.001,5.0,2.0,10.0
2025-04,S4_2x10x,18,1,82957.3,82929.0,57.0,285.0,inv,26.0,-0.11125730000000292,0.08295730000000001,-0.19421460000000293,ifvg_clean,0.001,5.0,2.0,10.0
2025-04,S4_2x10x,19,-1,81509.2,81566.99999999999,57.79999999998836,288.9999999999418,sl,5.0,-0.13930919999998836,0.08150919999999999,-0.22081839999998837,ifvg_clean,0.001,5.0,2.0,10.0
2025-04,S4_2x10x,20,1,78751.0,78633.4,238.80000000001746,1194.0000000000873,inv,248.0,-0.19635100000000583,0.078751,-0.27510200000000584,ifvg_clean,0.001,5.0,2.0,10.0
2025-04,S4_2x10x,21,1,79173.2,79139.4,40.20000000001164,201.0000000000582,inv,24.0,-0.11297320000000291,0.0791732,-0.1921464000000029,ifvg_clean,0.001,5.0,2.0,10.0
2025-04,S4_2x10x,22,-1,79266.6,79300.5,80.0,400.0,inv,6.0,-0.11316659999999418,0.0792666,-0.1924331999999942,ifvg_clean,0.001,5.0,2.0,10.0
2025-04,S4_2x10x,23,1,79236.5,79763.49999999997,105.39999999999418,526.9999999999709,tp,645.0,0.44776349999997095,0.0792365,0.36852699999997096,ifvg_clean,0.001,5.0,2.0,10.0
2025-04,S4_2x10x,24,1,79415.7,79405.5,42.20000000001164,211.0000000000582,inv,7.0,-0.08961569999999709,0.0794157,-0.1690313999999971,ifvg_clean,0.001,5.0,2.0,10.0
2025-04,S4_2x10x,25,-1,80280.1,80339.1,102.20000000001164,511.0000000000582,inv,365.0,-0.13928010000000002,0.08028010000000001,-0.21956020000000004,ifvg_clean,0.001,5.0,2.0,10.0
2025-04,S4_2x10x,26,1,80627.9,80540.69999999998,87.20000000001164,436.0000000000582,sl,46.0,-0.16782790000001163,0.0806279,-0.24845580000001163,ifvg_clean,0.001,5.0,2.0,10.0
2025-04,S4_2x10x,27,1,80543.8,80805.80000000012,52.40000000002328,262.0000000001164,tp,685.0,0.18145620000011642,0.08054380000000001,0.1009124000001164,ifvg_clean,0.001,5.0,2.0,10.0
2025-04,S4_2x10x,28,-1,80779.6,80808.3,75.60000000000582,378.0000000000291,inv,1.0,-0.1094795999999971,0.08077960000000001,-0.1902591999999971,ifvg_clean,0.001,5.0,2.0,10.0
2025-04,S4_2x10x,29,1,80874.3,81390.30000000006,103.20000000001164,516.0000000000582,tp,193.0,0.4351257000000582,0.08087430000000001,0.35425140000005817,ifvg_clean,0.001,5.0,2.0,10.0
2025-04,S4_2x10x,30,1,82690.8,82648.8,42.0,210.0,sl,5.0,-0.12469080000000002,0.08269080000000001,-0.20738160000000003,ifvg_clean,0.001,5.0,2.0,10.0
2025-04,S4_2x10x,31,-1,82286.5,82348.1,119.0,595.0,inv,40.0,-0.14388650000000583,0.0822865,-0.22617300000000584,ifvg_clean,0.001,5.0,2.0,10.0
2025-04,S4_2x10x,32,1,82123.8,81985.5,294.79999999998836,1473.9999999999418,inv,48.0,-0.22042380000000295,0.08212380000000001,-0.30254760000000297,ifvg_clean,0.001,5.0,2.0,10.0
2025-04,S4_2x10x,33,-1,82462.4,82515.0,112.60000000000582,563.0000000000291,inv,181.0,-0.13506240000000583,0.0824624,-0.21752480000000585,ifvg_clean,0.001,5.0,2.0,10.0
2025-04,S4_2x10x,34,1,85652.4,85619.5,90.20000000001164,451.0000000000582,inv,2.0,-0.11855239999999417,0.0856524,-0.2042047999999942,ifvg_clean,0.001,5.0,2.0,10.0
2025-04,S4_2x10x,35,1,84929.0,84910.1,69.19999999998254,345.9999999999127,inv,18.0,-0.10382899999999418,0.084929,-0.18875799999999418,ifvg_clean,0.001,5.0,2.0,10.0
2025-04,S4_2x10x,36,-1,85329.7,85354.9,155.19999999998254,775.9999999999127,inv,0.0,-0.1105296999999971,0.08532970000000001,-0.1958593999999971,ifvg_clean,0.001,5.0,2.0,10.0
2025-04,S4_2x10x,37,-1,83657.4,83750.4,93.0,465.0,sl,7.0,-0.1766574,0.08365739999999999,-0.26031479999999996,ifvg_clean,0.001,5.0,2.0,10.0
2025-04,S4_2x10x,38,-1,83748.0,83818.20000000001,70.20000000001164,351.0000000000582,sl,96.0,-0.15394800000001163,0.083748,-0.23769600000001162,ifvg_clean,0.001,5.0,2.0,10.0
2025-04,S4_2x10x,39,1,84531.9,84435.1,96.79999999998836,483.9999999999418,sl,1792.0,-0.18133189999998833,0.0845319,-0.2658637999999883,ifvg_clean,0.001,5.0,2.0,10.0
2025-04,S4_2x10x,40,-1,84824.9,84870.1,94.0,470.0,inv,43.0,-0.13002490000001163,0.0848249,-0.21484980000001164,ifvg_clean,0.001,5.0,2.0,10.0
2025-04,S4_2x10x,41,1,87439.7,87390.90000000001,48.79999999998836,243.9999999999418,sl,43.0,-0.13623969999998836,0.08743970000000001,-0.22367939999998837,ifvg_clean,0.001,5.0,2.0,10.0
2025-04,S4_2x10x,42,-1,87927.6,87946.1,51.80000000001746,259.0000000000873,inv,16.0,-0.10642760000000001,0.08792760000000001,-0.1943552,ifvg_clean,0.001,5.0,2.0,10.0
2025-04,S4_2x10x,43,1,88066.7,88000.3,66.39999999999418,331.9999999999709,sl,1326.0,-0.15446669999999418,0.0880667,-0.24253339999999418,ifvg_clean,0.001,5.0,2.0,10.0
2025-04,S4_2x10x,44,1,87390.6,87032.6,358.0,1790.0,sl,10073.0,-0.44539059999999997,0.08739060000000001,-0.5327812,ifvg_clean,0.001,5.0,2.0,10.0
2025-04,S4_2x10x,45,-1,86899.9,87091.70000000001,191.80000000001746,959.0000000000873,sl,347.0,-0.27869990000001743,0.0868999,-0.36559980000001746,ifvg_clean,0.001,5.0,2.0,10.0
2025-04,S4_2x10x,46,1,87553.5,88141.49999999988,117.59999999997672,587.9999999998836,tp,665.0,0.5004464999998837,0.0875535,0.41289299999988366,ifvg_clean,0.001,5.0,2.0,10.0
2025-04,S4_2x10x,47,1,89684.3,89622.7,61.60000000000582,308.0000000000291,sl,68.0,-0.15128430000000584,0.08968430000000001,-0.24096860000000586,ifvg_clean,0.001,5.0,2.0,10.0
2025-04,S4_2x10x,48,1,90174.0,90082.20000000001,91.79999999998836,458.9999999999418,sl,369.0,-0.18197399999998837,0.090174,-0.2721479999999884,ifvg_clean,0.001,5.0,2.0,10.0
2025-04,S4_2x10x,49,-1,90318.3,90337.7,60.60000000000582,303.0000000000291,inv,8.0,-0.10971829999999419,0.0903183,-0.20003659999999418,ifvg_clean,0.001,5.0,2.0,10.0
2025-04,S4_2x10x,50,1,89975.4,90686.40000000005,142.20000000001164,711.0000000000582,tp,2457.0,0.6210246000000582,0.0899754,0.5310492000000582,ifvg_clean,0.001,5.0,2.0,10.0
2025-04,S4_2x10x,51,1,90108.7,90808.7,140.0,700.0,tp,2417.0,0.6098913,0.0901087,0.5197826,ifvg_clean,0.001,5.0,2.0,10.0
2025-04,S4_2x10x,52,1,90633.2,90584.40000000001,48.79999999998836,243.9999999999418,sl,56.0,-0.13943319999998838,0.09063320000000001,-0.2300663999999884,ifvg_clean,0.001,5.0,2.0,10.0
2025-04,S4_2x10x,53,-1,91176.1,91211.6,75.40000000002328,377.0000000001164,inv,31.0,-0.1266761,0.09117610000000001,-0.21785220000000002,ifvg_clean,0.001,5.0,2.0,10.0
2025-04,S4_2x10x,54,-1,91268.0,91048.0,44.0,220.0,tp,2308.0,0.128732,0.091268,0.03746400000000001,ifvg_clean,0.001,5.0,2.0,10.0
2025-04,S4_2x10x,55,-1,91503.0,91566.9,88.39999999999418,441.9999999999709,inv,291.0,-0.15540299999999418,0.091503,-0.24690599999999419,ifvg_clean,0.001,5.0,2.0,10.0
2025-04,S4_2x10x,56,-1,92320.0,92412.0,92.0,460.0,sl,112.0,-0.18432,0.09232000000000001,-0.27664,ifvg_clean,0.001,5.0,2.0,10.0
2025-04,S4_2x10x,57,1,92736.1,92707.3,67.60000000000582,338.0000000000291,inv,46.0,-0.12153610000000292,0.09273610000000002,-0.21427220000000294,ifvg_clean,0.001,5.0,2.0,10.0
2025-04,S4_2x10x,58,1,93499.9,93721.89999999997,44.39999999999418,221.9999999999709,tp,1098.0,0.1285000999999709,0.0934999,0.035000199999970893,ifvg_clean,0.001,5.0,2.0,10.0
2025-04,S4_2x10x,59,-1,92988.2,93151.59999999999,163.39999999999418,816.9999999999709,sl,743.0,-0.2563881999999942,0.0929882,-0.34937639999999415,ifvg_clean,0.001,5.0,2.0,10.0
2025-04,S4_2x10x,60,-1,93260.5,93018.50000000003,48.39999999999418,241.9999999999709,tp,288.0,0.14873949999997088,0.09326050000000001,0.05547899999997087,ifvg_clean,0.001,5.0,2.0,10.0
2025-04,S4_2x10x,61,-1,94004.4,94172.6,168.20000000001164,841.0000000000582,sl,13814.0,-0.26220440000001166,0.09400439999999999,-0.35620880000001165,ifvg_clean,0.001,5.0,2.0,10.0
2025-04,S4_2x10x,62,-1,95218.8,95276.0,123.0,615.0,inv,161.0,-0.1524187999999971,0.0952188,-0.24763759999999713,ifvg_clean,0.001,5.0,2.0,10.0
2025-04,S4_2x10x,63,-1,95111.5,95222.70000000001,111.20000000001164,556.0000000000582,sl,545.0,-0.20631150000001167,0.09511150000000002,-0.30142300000001165,ifvg_clean,0.001,5.0,2.0,10.0
2025-04,S4_2x10x,64,-1,94982.4,95036.2,99.19999999998254,495.9999999999127,inv,3447.0,-0.14878240000000292,0.0949824,-0.24376480000000292,ifvg_clean,0.001,5.0,2.0,10.0
2025-04,S4_2x10x,65,-1,94476.6,94527.20000000001,50.60000000000582,253.0000000000291,sl,30.0,-0.14507660000000583,0.09447660000000001,-0.23955320000000585,ifvg_clean,0.001,5.0,2.0,10.0
2025-04,S4_2x10x,66,-1,93870.5,93900.5,80.0,400.0,inv,767.0,-0.12387050000000001,0.09387050000000001,-0.21774100000000002,ifvg_clean,0.001,5.0,2.0,10.0
2025-04,S4_2x10x,67,1,93645.2,93629.5,45.20000000001164,226.0000000000582,inv,38.0,-0.10934519999999709,0.0936452,-0.20299039999999707,ifvg_clean,0.001,5.0,2.0,10.0
2025-04,S5_2x20x,0,1,78116.4,80070.39999999994,195.39999999999418,1953.9999999999418,tp,10291.0,1.8758835999999417,0.0781164,1.7977671999999416,ifvg_clean,0.001,10.0,2.0,20.0
2025-04,S5_2x20x,1,-1,74785.0,74895.0,110.0,1100.0,sl,60.0,-0.184785,0.074785,-0.25957,ifvg_clean,0.001,10.0,2.0,20.0
2025-04,S5_2x20x,2,-1,76115.3,76258.7,143.39999999999418,1433.9999999999418,sl,426.0,-0.2195152999999942,0.07611530000000001,-0.2956305999999942,ifvg_clean,0.001,10.0,2.0,20.0
2025-04,S5_2x20x,3,-1,76876.0,76889.7,75.39999999999418,753.9999999999418,inv,0.0,-0.09057599999999709,0.076876,-0.1674519999999971,ifvg_clean,0.001,10.0,2.0,20.0
2025-04,S5_2x20x,4,1,76392.0,77329.99999999988,93.79999999998836,937.9999999998836,tp,2990.0,0.8616079999998836,0.076392,0.7852159999998836,ifvg_clean,0.001,10.0,2.0,20.0
2025-04,S5_2x20x,5,-1,77348.8,77421.0,161.0,1610.0,inv,5.0,-0.1495487999999971,0.07734880000000001,-0.2268975999999971,ifvg_clean,0.001,10.0,2.0,20.0
2025-04,S5_2x20x,6,-1,77844.1,77340.10000000006,50.39999999999418,503.9999999999418,tp,812.0,0.4261558999999418,0.07784410000000001,0.3483117999999418,ifvg_clean,0.001,10.0,2.0,20.0
2025-04,S5_2x20x,7,-1,76946.1,77008.70000000001,62.60000000000582,626.0000000000582,sl,7.0,-0.13954610000000583,0.0769461,-0.21649220000000585,ifvg_clean,0.001,10.0,2.0,20.0
2025-04,S5_2x20x,8,1,77517.3,77425.5,188.0,1880.0,inv,36.0,-0.16931730000000292,0.07751730000000001,-0.24683460000000293,ifvg_clean,0.001,10.0,2.0,20.0
2025-04,S5_2x20x,9,1,77168.0,77129.9,91.20000000001164,912.0000000001164,inv,129.0,-0.11526800000000584,0.07716800000000001,-0.19243600000000585,ifvg_clean,0.001,10.0,2.0,20.0
2025-04,S5_2x20x,10,1,77720.1,77608.1,112.0,1120.0,sl,321.0,-0.1897201,0.0777201,-0.2674402,ifvg_clean,0.001,10.0,2.0,20.0
2025-04,S5_2x20x,11,-1,77883.3,77969.7,86.39999999999418,863.9999999999418,inv,28.0,-0.1642832999999942,0.0778833,-0.24216659999999418,ifvg_clean,0.001,10.0,2.0,20.0
2025-04,S5_2x20x,12,-1,78526.7,78573.9,104.0,1040.0,inv,6.0,-0.12572669999999708,0.0785267,-0.2042533999999971,ifvg_clean,0.001,10.0,2.0,20.0
2025-04,S5_2x20x,13,1,77579.1,78775.10000000006,119.60000000000582,1196.0000000000582,tp,3209.0,1.118420900000058,0.07757910000000001,1.040841800000058,ifvg_clean,0.001,10.0,2.0,20.0
2025-04,S5_2x20x,14,1,78295.3,79189.30000000024,89.40000000002328,894.0000000002328,tp,87.0,0.8157047000002329,0.0782953,0.7374094000002329,ifvg_clean,0.001,10.0,2.0,20.0
2025-04,S5_2x20x,15,1,82677.8,82601.40000000001,76.39999999999418,763.9999999999418,sl,24.0,-0.1590777999999942,0.08267780000000001,-0.2417555999999942,ifvg_clean,0.001,10.0,2.0,20.0
2025-04,S5_2x20x,16,-1,82357.3,82405.89999999998,48.59999999997672,485.99999999976717,sl,32.0,-0.13095729999997674,0.08235730000000001,-0.21331459999997676,ifvg_clean,0.001,10.0,2.0,20.0
2025-04,S5_2x20x,17,1,83085.3,82862.50000000001,222.79999999998836,2227.9999999998836,sl,1591.0,-0.30588529999998837,0.0830853,-0.3889705999999884,ifvg_clean,0.001,10.0,2.0,20.0
2025-04,S5_2x20x,18,1,82957.3,82929.0,57.0,570.0,inv,26.0,-0.11125730000000292,0.08295730000000001,-0.19421460000000293,ifvg_clean,0.001,10.0,2.0,20.0
2025-04,S5_2x20x,19,-1,81509.2,81566.99999999999,57.79999999998836,577.9999999998836,sl,5.0,-0.13930919999998836,0.08150919999999999,-0.22081839999998837,ifvg_clean,0.001,10.0,2.0,20.0
2025-04,S5_2x20x,20,1,78751.0,78633.4,238.80000000001746,2388.0000000001746,inv,248.0,-0.19635100000000583,0.078751,-0.27510200000000584,ifvg_clean,0.001,10.0,2.0,20.0
2025-04,S5_2x20x,21,1,79173.2,79139.4,40.20000000001164,402.0000000001164,inv,24.0,-0.11297320000000291,0.0791732,-0.1921464000000029,ifvg_clean,0.001,10.0,2.0,20.0
2025-04,S5_2x20x,22,-1,79266.6,79300.5,80.0,800.0,inv,6.0,-0.11316659999999418,0.0792666,-0.1924331999999942,ifvg_clean,0.001,10.0,2.0,20.0
2025-04,S5_2x20x,23,1,79415.7,79405.5,42.20000000001164,422.0000000001164,inv,7.0,-0.08961569999999709,0.0794157,-0.1690313999999971,ifvg_clean,0.001,10.0,2.0,20.0
2025-04,S5_2x20x,24,1,79236.5,79131.1,105.39999999999418,1053.9999999999418,sl,23977.0,-0.18463649999999418,0.0792365,-0.2638729999999942,ifvg_clean,0.001,10.0,2.0,20.0
2025-04,S5_2x20x,25,-1,80280.1,80339.1,102.20000000001164,1022.0000000001164,inv,365.0,-0.13928010000000002,0.08028010000000001,-0.21956020000000004,ifvg_clean,0.001,10.0,2.0,20.0
2025-04,S5_2x20x,26,1,80627.9,80540.69999999998,87.20000000001164,872.0000000001164,sl,46.0,-0.16782790000001163,0.0806279,-0.24845580000001163,ifvg_clean,0.001,10.0,2.0,20.0
2025-04,S5_2x20x,27,1,80543.8,81067.80000000024,52.40000000002328,524.0000000002328,tp,2820.0,0.44345620000023284,0.08054380000000001,0.36291240000023284,ifvg_clean,0.001,10.0,2.0,20.0
2025-04,S5_2x20x,28,-1,80779.6,80808.3,75.60000000000582,756.0000000000582,inv,1.0,-0.1094795999999971,0.08077960000000001,-0.1902591999999971,ifvg_clean,0.001,10.0,2.0,20.0
2025-04,S5_2x20x,29,1,80874.3,81906.30000000012,103.20000000001164,1032.0000000001164,tp,5016.0,0.9511257000001163,0.08087430000000001,0.8702514000001162,ifvg_clean,0.001,10.0,2.0,20.0
2025-04,S5_2x20x,30,1,82690.8,82648.8,42.0,420.0,sl,5.0,-0.12469080000000002,0.08269080000000001,-0.20738160000000003,ifvg_clean,0.001,10.0,2.0,20.0
2025-04,S5_2x20x,31,-1,82286.5,82348.1,119.0,1190.0,inv,40.0,-0.14388650000000583,0.0822865,-0.22617300000000584,ifvg_clean,0.001,10.0,2.0,20.0
2025-04,S5_2x20x,32,1,82123.8,81985.5,294.79999999998836,2947.9999999998836,inv,48.0,-0.22042380000000295,0.08212380000000001,-0.30254760000000297,ifvg_clean,0.001,10.0,2.0,20.0
2025-04,S5_2x20x,33,-1,82462.4,82515.0,112.60000000000582,1126.0000000000582,inv,181.0,-0.13506240000000583,0.0824624,-0.21752480000000585,ifvg_clean,0.001,10.0,2.0,20.0
2025-04,S5_2x20x,34,1,85652.4,85619.5,90.20000000001164,902.0000000001164,inv,2.0,-0.11855239999999417,0.0856524,-0.2042047999999942,ifvg_clean,0.001,10.0,2.0,20.0
2025-04,S5_2x20x,35,1,84929.0,84910.1,69.19999999998254,691.9999999998254,inv,18.0,-0.10382899999999418,0.084929,-0.18875799999999418,ifvg_clean,0.001,10.0,2.0,20.0
2025-04,S5_2x20x,36,-1,85329.7,85354.9,155.19999999998254,1551.9999999998254,inv,0.0,-0.1105296999999971,0.08532970000000001,-0.1958593999999971,ifvg_clean,0.001,10.0,2.0,20.0
2025-04,S5_2x20x,37,-1,83657.4,83750.4,93.0,930.0,sl,7.0,-0.1766574,0.08365739999999999,-0.26031479999999996,ifvg_clean,0.001,10.0,2.0,20.0
2025-04,S5_2x20x,38,-1,83748.0,83818.20000000001,70.20000000001164,702.0000000001164,sl,96.0,-0.15394800000001163,0.083748,-0.23769600000001162,ifvg_clean,0.001,10.0,2.0,20.0
2025-04,S5_2x20x,39,1,84531.9,84435.1,96.79999999998836,967.9999999998836,sl,1792.0,-0.18133189999998833,0.0845319,-0.2658637999999883,ifvg_clean,0.001,10.0,2.0,20.0
2025-04,S5_2x20x,40,-1,84824.9,84870.1,94.0,940.0,inv,43.0,-0.13002490000001163,0.0848249,-0.21484980000001164,ifvg_clean,0.001,10.0,2.0,20.0
2025-04,S5_2x20x,41,1,87439.7,87390.90000000001,48.79999999998836,487.9999999998836,sl,43.0,-0.13623969999998836,0.08743970000000001,-0.22367939999998837,ifvg_clean,0.001,10.0,2.0,20.0
2025-04,S5_2x20x,42,-1,87927.6,87946.1,51.80000000001746,518.0000000001746,inv,16.0,-0.10642760000000001,0.08792760000000001,-0.1943552,ifvg_clean,0.001,10.0,2.0,20.0
2025-04,S5_2x20x,43,1,88066.7,88000.3,66.39999999999418,663.9999999999418,sl,1326.0,-0.15446669999999418,0.0880667,-0.24253339999999418,ifvg_clean,0.001,10.0,2.0,20.0
2025-04,S5_2x20x,44,1,87390.6,87032.6,358.0,3580.0,sl,10073.0,-0.44539059999999997,0.08739060000000001,-0.5327812,ifvg_clean,0.001,10.0,2.0,20.0
2025-04,S5_2x20x,45,-1,86899.9,87091.70000000001,191.80000000001746,1918.0000000001746,sl,347.0,-0.27869990000001743,0.0868999,-0.36559980000001746,ifvg_clean,0.001,10.0,2.0,20.0
2025-04,S5_2x20x,46,1,87553.5,88729.49999999977,117.59999999997672,1175.9999999997672,tp,993.0,1.0884464999997672,0.0875535,1.000892999999767,ifvg_clean,0.001,10.0,2.0,20.0
2025-04,S5_2x20x,47,1,89684.3,89622.7,61.60000000000582,616.0000000000582,sl,68.0,-0.15128430000000584,0.08968430000000001,-0.24096860000000586,ifvg_clean,0.001,10.0,2.0,20.0
2025-04,S5_2x20x,48,1,90174.0,90082.20000000001,91.79999999998836,917.9999999998836,sl,369.0,-0.18197399999998837,0.090174,-0.2721479999999884,ifvg_clean,0.001,10.0,2.0,20.0
2025-04,S5_2x20x,49,-1,90318.3,90337.7,60.60000000000582,606.0000000000582,inv,8.0,-0.10971829999999419,0.0903183,-0.20003659999999418,ifvg_clean,0.001,10.0,2.0,20.0
2025-04,S5_2x20x,50,1,90633.2,90584.40000000001,48.79999999998836,487.9999999998836,sl,56.0,-0.13943319999998838,0.09063320000000001,-0.2300663999999884,ifvg_clean,0.001,10.0,2.0,20.0
2025-04,S5_2x20x,51,-1,91176.1,91211.6,75.40000000002328,754.0000000002328,inv,31.0,-0.1266761,0.09117610000000001,-0.21785220000000002,ifvg_clean,0.001,10.0,2.0,20.0
2025-04,S5_2x20x,52,1,89975.4,91397.40000000011,142.20000000001164,1422.0000000001164,tp,14430.0,1.3320246000001166,0.0899754,1.2420492000001166,ifvg_clean,0.001,10.0,2.0,20.0
2025-04,S5_2x20x,53,1,90108.7,91508.7,140.0,1400.0,tp,14099.0,1.3098913,0.0901087,1.2197826,ifvg_clean,0.001,10.0,2.0,20.0
2025-04,S5_2x20x,54,-1,91268.0,91312.0,44.0,440.0,sl,3628.0,-0.135268,0.091268,-0.22653600000000002,ifvg_clean,0.001,10.0,2.0,20.0
2025-04,S5_2x20x,55,-1,91503.0,91566.9,88.39999999999418,883.9999999999418,inv,291.0,-0.15540299999999418,0.091503,-0.24690599999999419,ifvg_clean,0.001,10.0,2.0,20.0
2025-04,S5_2x20x,56,-1,92320.0,92412.0,92.0,920.0,sl,112.0,-0.18432,0.09232000000000001,-0.27664,ifvg_clean,0.001,10.0,2.0,20.0
2025-04,S5_2x20x,57,1,92736.1,92707.3,67.60000000000582,676.0000000000582,inv,46.0,-0.12153610000000292,0.09273610000000002,-0.21427220000000294,ifvg_clean,0.001,10.0,2.0,20.0
2025-04,S5_2x20x,58,1,93499.9,93943.89999999994,44.39999999999418,443.9999999999418,tp,3138.0,0.3505000999999418,0.0934999,0.25700019999994184,ifvg_clean,0.001,10.0,2.0,20.0
2025-04,S5_2x20x,59,-1,92988.2,93151.59999999999,163.39999999999418,1633.9999999999418,sl,743.0,-0.2563881999999942,0.0929882,-0.34937639999999415,ifvg_clean,0.001,10.0,2.0,20.0
2025-04,S5_2x20x,60,-1,93260.5,92776.50000000006,48.39999999999418,483.9999999999418,tp,1275.0,0.3907394999999418,0.09326050000000001,0.29747899999994176,ifvg_clean,0.001,10.0,2.0,20.0
2025-04,S5_2x20x,61,-1,94004.4,94172.6,168.20000000001164,1682.0000000001164,sl,13814.0,-0.26220440000001166,0.09400439999999999,-0.35620880000001165,ifvg_clean,0.001,10.0,2.0,20.0
2025-04,S5_2x20x,62,-1,95218.8,95276.0,123.0,1230.0,inv,161.0,-0.1524187999999971,0.0952188,-0.24763759999999713,ifvg_clean,0.001,10.0,2.0,20.0
2025-04,S5_2x20x,63,-1,95111.5,95222.70000000001,111.20000000001164,1112.0000000001164,sl,545.0,-0.20631150000001167,0.09511150000000002,-0.30142300000001165,ifvg_clean,0.001,10.0,2.0,20.0
2025-04,S5_2x20x,64,-1,94982.4,95036.2,99.19999999998254,991.9999999998254,inv,3447.0,-0.14878240000000292,0.0949824,-0.24376480000000292,ifvg_clean,0.001,10.0,2.0,20.0
2025-04,S5_2x20x,65,-1,94476.6,94527.20000000001,50.60000000000582,506.0000000000582,sl,30.0,-0.14507660000000583,0.09447660000000001,-0.23955320000000585,ifvg_clean,0.001,10.0,2.0,20.0
2025-04,S5_2x20x,66,-1,93870.5,93900.5,80.0,800.0,inv,767.0,-0.12387050000000001,0.09387050000000001,-0.21774100000000002,ifvg_clean,0.001,10.0,2.0,20.0
2025-04,S5_2x20x,67,1,93645.2,93629.5,45.20000000001164,452.0000000001164,inv,38.0,-0.10934519999999709,0.0936452,-0.20299039999999707,ifvg_clean,0.001,10.0,2.0,20.0
2025-04,S6_3x15x,0,1,78116.4,79581.89999999995,293.09999999999127,1465.4999999999563,tp,8004.0,1.3873835999999562,0.0781164,1.309267199999956,ifvg_clean,0.001,5.0,3.0,15.0
2025-04,S6_3x15x,1,-1,74785.0,74950.0,165.0,825.0,sl,71.0,-0.23978500000000003,0.074785,-0.31457,ifvg_clean,0.001,5.0,3.0,15.0
2025-04,S6_3x15x,2,-1,76115.3,76330.4,215.09999999999127,1075.4999999999563,sl,563.0,-0.2912152999999913,0.07611530000000001,-0.3673305999999913,ifvg_clean,0.001,5.0,3.0,15.0
2025-04,S6_3x15x,3,-1,76876.0,76889.7,113.09999999999127,565.4999999999563,inv,0.0,-0.09057599999999709,0.076876,-0.1674519999999971,ifvg_clean,0.001,5.0,3.0,15.0
2025-04,S6_3x15x,4,1,76392.0,77095.49999999991,140.69999999998254,703.4999999999127,tp,1147.0,0.6271079999999127,0.076392,0.5507159999999127,ifvg_clean,0.001,5.0,3.0,15.0
2025-04,S6_3x15x,5,-1,77348.8,77421.0,241.5,1207.5,inv,5.0,-0.1495487999999971,0.07734880000000001,-0.2268975999999971,ifvg_clean,0.001,5.0,3.0,15.0
2025-04,S6_3x15x,6,-1,77844.1,77466.10000000005,75.59999999999127,377.99999999995634,tp,211.0,0.30015589999995634,0.07784410000000001,0.22231179999995632,ifvg_clean,0.001,5.0,3.0,15.0
2025-04,S6_3x15x,7,-1,76946.1,77040.00000000001,93.90000000000873,469.50000000004366,sl,9.0,-0.17084610000000872,0.0769461,-0.24779220000000873,ifvg_clean,0.001,5.0,3.0,15.0
2025-04,S6_3x15x,8,1,77517.3,77425.5,282.0,1410.0,inv,36.0,-0.16931730000000292,0.07751730000000001,-0.24683460000000293,ifvg_clean,0.001,5.0,3.0,15.0
2025-04,S6_3x15x,9,1,77168.0,77129.9,136.80000000001746,684.0000000000873,inv,129.0,-0.11526800000000584,0.07716800000000001,-0.19243600000000585,ifvg_clean,0.001,5.0,3.0,15.0
2025-04,S6_3x15x,10,1,77720.1,77552.1,168.0,840.0,sl,603.0,-0.2457201,0.0777201,-0.3234402,ifvg_clean,0.001,5.0,3.0,15.0
2025-04,S6_3x15x,11,1,77579.1,78476.10000000005,179.40000000000873,897.0000000000437,tp,2149.0,0.8194209000000436,0.07757910000000001,0.7418418000000436,ifvg_clean,0.001,5.0,3.0,15.0
2025-04,S6_3x15x,12,-1,77883.3,78003.7,129.59999999999127,647.9999999999563,inv,28.0,-0.19828329999999417,0.0778833,-0.27616659999999416,ifvg_clean,0.001,5.0,3.0,15.0
2025-04,S6_3x15x,13,-1,78526.7,78573.9,156.0,780.0,inv,6.0,-0.12572669999999708,0.0785267,-0.2042533999999971,ifvg_clean,0.001,5.0,3.0,15.0
2025-04,S6_3x15x,14,1,78295.3,78965.80000000018,134.10000000003492,670.5000000001746,tp,28.0,0.5922047000001747,0.0782953,0.5139094000001747,ifvg_clean,0.001,5.0,3.0,15.0
2025-04,S6_3x15x,15,1,82677.8,82563.20000000001,114.59999999999127,572.9999999999563,sl,24.0,-0.1972777999999913,0.08267780000000001,-0.2799555999999913,ifvg_clean,0.001,5.0,3.0,15.0
2025-04,S6_3x15x,16,-1,82357.3,82430.19999999997,72.89999999996508,364.4999999998254,sl,79.0,-0.15525729999996507,0.08235730000000001,-0.2376145999999651,ifvg_clean,0.001,5.0,3.0,15.0
2025-04,S6_3x15x,17,1,82957.3,82929.0,85.5,427.5,inv,26.0,-0.11125730000000292,0.08295730000000001,-0.19421460000000293,ifvg_clean,0.001,5.0,3.0,15.0
2025-04,S6_3x15x,18,1,83085.3,82751.10000000002,334.19999999998254,1670.9999999999127,sl,8208.0,-0.41728529999998254,0.0830853,-0.5003705999999826,ifvg_clean,0.001,5.0,3.0,15.0
2025-04,S6_3x15x,19,-1,81509.2,81595.89999999998,86.69999999998254,433.4999999999127,sl,161.0,-0.16820919999998252,0.08150919999999999,-0.24971839999998252,ifvg_clean,0.001,5.0,3.0,15.0
2025-04,S6_3x15x,20,1,78751.0,78633.4,358.2000000000262,1791.000000000131,inv,248.0,-0.19635100000000583,0.078751,-0.27510200000000584,ifvg_clean,0.001,5.0,3.0,15.0
2025-04,S6_3x15x,21,1,79173.2,79139.4,60.30000000001746,301.5000000000873,inv,24.0,-0.11297320000000291,0.0791732,-0.1921464000000029,ifvg_clean,0.001,5.0,3.0,15.0
2025-04,S6_3x15x,22,-1,79266.6,79300.5,120.0,600.0,inv,6.0,-0.11316659999999418,0.0792666,-0.1924331999999942,ifvg_clean,0.001,5.0,3.0,15.0
2025-04,S6_3x15x,23,1,79415.7,79405.5,63.30000000001746,316.5000000000873,inv,7.0,-0.08961569999999709,0.0794157,-0.1690313999999971,ifvg_clean,0.001,5.0,3.0,15.0
2025-04,S6_3x15x,24,1,79236.5,79078.40000000001,158.09999999999127,790.4999999999563,sl,24171.0,-0.2373364999999913,0.0792365,-0.3165729999999913,ifvg_clean,0.001,5.0,3.0,15.0
2025-04,S6_3x15x,25,-1,80280.1,80339.1,153.30000000001746,766.5000000000873,inv,365.0,-0.13928010000000002,0.08028010000000001,-0.21956020000000004,ifvg_clean,0.001,5.0,3.0,15.0
2025-04,S6_3x15x,26,1,80627.9,80497.09999999998,130.80000000001746,654.0000000000873,sl,94.0,-0.21142790000001746,0.0806279,-0.29205580000001746,ifvg_clean,0.001,5.0,3.0,15.0
2025-04,S6_3x15x,27,1,80543.8,80936.80000000018,78.60000000003492,393.0000000001746,tp,2552.0,0.31245620000017466,0.08054380000000001,0.23191240000017466,ifvg_clean,0.001,5.0,3.0,15.0
2025-04,S6_3x15x,28,-1,80779.6,80808.3,113.40000000000873,567.0000000000437,inv,1.0,-0.1094795999999971,0.08077960000000001,-0.1902591999999971,ifvg_clean,0.001,5.0,3.0,15.0
2025-04,S6_3x15x,29,1,80874.3,81648.30000000009,154.80000000001746,774.0000000000873,tp,202.0,0.6931257000000872,0.08087430000000001,0.6122514000000872,ifvg_clean,0.001,5.0,3.0,15.0
2025-04,S6_3x15x,30,1,82690.8,82627.8,63.0,315.0,sl,106.0,-0.1456908,0.08269080000000001,-0.22838160000000002,ifvg_clean,0.001,5.0,3.0,15.0
2025-04,S6_3x15x,31,-1,82286.5,82348.1,178.5,892.5,inv,40.0,-0.14388650000000583,0.0822865,-0.22617300000000584,ifvg_clean,0.001,5.0,3.0,15.0
2025-04,S6_3x15x,32,1,82123.8,81985.5,442.19999999998254,2210.9999999999127,inv,48.0,-0.22042380000000295,0.08212380000000001,-0.30254760000000297,ifvg_clean,0.001,5.0,3.0,15.0
2025-04,S6_3x15x,33,-1,82462.4,82515.0,168.90000000000873,844.5000000000437,inv,181.0,-0.13506240000000583,0.0824624,-0.21752480000000585,ifvg_clean,0.001,5.0,3.0,15.0
2025-04,S6_3x15x,34,1,85652.4,85619.5,135.30000000001746,676.5000000000873,inv,2.0,-0.11855239999999417,0.0856524,-0.2042047999999942,ifvg_clean,0.001,5.0,3.0,15.0
2025-04,S6_3x15x,35,1,84929.0,84910.1,103.7999999999738,518.999999999869,inv,18.0,-0.10382899999999418,0.084929,-0.18875799999999418,ifvg_clean,0.001,5.0,3.0,15.0
2025-04,S6_3x15x,36,-1,85329.7,85354.9,232.7999999999738,1163.999999999869,inv,0.0,-0.1105296999999971,0.08532970000000001,-0.1958593999999971,ifvg_clean,0.001,5.0,3.0,15.0
2025-04,S6_3x15x,37,-1,83657.4,83796.9,139.5,697.5,sl,8.0,-0.2231574,0.08365739999999999,-0.3068148,ifvg_clean,0.001,5.0,3.0,15.0
2025-04,S6_3x15x,38,-1,83748.0,83853.30000000002,105.30000000001746,526.5000000000873,sl,99.0,-0.18904800000001748,0.083748,-0.27279600000001747,ifvg_clean,0.001,5.0,3.0,15.0
2025-04,S6_3x15x,39,1,84531.9,84386.70000000001,145.19999999998254,725.9999999999127,sl,1843.0,-0.22973189999998253,0.0845319,-0.31426379999998255,ifvg_clean,0.001,5.0,3.0,15.0
2025-04,S6_3x15x,40,-1,84824.9,84870.1,141.0,705.0,inv,43.0,-0.13002490000001163,0.0848249,-0.21484980000001164,ifvg_clean,0.001,5.0,3.0,15.0
2025-04,S6_3x15x,41,1,87439.7,87366.50000000001,73.19999999998254,365.9999999999127,sl,56.0,-0.16063969999998257,0.08743970000000001,-0.24807939999998257,ifvg_clean,0.001,5.0,3.0,15.0
2025-04,S6_3x15x,42,-1,87927.6,87946.1,77.7000000000262,388.50000000013097,inv,16.0,-0.10642760000000001,0.08792760000000001,-0.1943552,ifvg_clean,0.001,5.0,3.0,15.0
2025-04,S6_3x15x,43,1,88066.7,87967.1,99.59999999999127,497.99999999995634,sl,1328.0,-0.18766669999999125,0.0880667,-0.27573339999999125,ifvg_clean,0.001,5.0,3.0,15.0
2025-04,S6_3x15x,44,1,87390.6,86853.6,537.0,2685.0,sl,10264.0,-0.6243906,0.08739060000000001,-0.7117812,ifvg_clean,0.001,5.0,3.0,15.0
2025-04,S6_3x15x,45,-1,86899.9,87187.60000000002,287.7000000000262,1438.500000000131,sl,375.0,-0.3745999000000262,0.0868999,-0.4614998000000262,ifvg_clean,0.001,5.0,3.0,15.0
2025-04,S6_3x15x,46,1,87553.5,88435.49999999983,176.39999999996508,881.9999999998254,tp,853.0,0.7944464999998253,0.0875535,0.7068929999998252,ifvg_clean,0.001,5.0,3.0,15.0
2025-04,S6_3x15x,47,1,89684.3,89591.9,92.40000000000873,462.00000000004366,sl,70.0,-0.18208430000000875,0.08968430000000001,-0.27176860000000874,ifvg_clean,0.001,5.0,3.0,15.0
2025-04,S6_3x15x,48,1,90174.0,90036.30000000002,137.69999999998254,688.4999999999127,sl,375.0,-0.22787399999998253,0.090174,-0.31804799999998257,ifvg_clean,0.001,5.0,3.0,15.0
2025-04,S6_3x15x,49,-1,90318.3,90337.7,90.90000000000873,454.50000000004366,inv,8.0,-0.10971829999999419,0.0903183,-0.20003659999999418,ifvg_clean,0.001,5.0,3.0,15.0
2025-04,S6_3x15x,50,1,90633.2,90999.19999999991,73.19999999998254,365.9999999999127,tp,395.0,0.27536679999991265,0.09063320000000001,0.18473359999991262,ifvg_clean,0.001,5.0,3.0,15.0
2025-04,S6_3x15x,51,1,89975.4,91041.90000000008,213.30000000001746,1066.5000000000873,tp,3959.0,0.9765246000000872,0.0899754,0.8865492000000872,ifvg_clean,0.001,5.0,3.0,15.0
2025-04,S6_3x15x,52,1,90108.7,91158.7,210.0,1050.0,tp,3475.0,0.9598913,0.0901087,0.8697826,ifvg_clean,0.001,5.0,3.0,15.0
2025-04,S6_3x15x,53,-1,91176.1,91211.6,113.10000000003492,565.5000000001746,inv,31.0,-0.1266761,0.09117610000000001,-0.21785220000000002,ifvg_clean,0.001,5.0,3.0,15.0
2025-04,S6_3x15x,54,-1,91268.0,91334.0,66.0,330.0,sl,3640.0,-0.15726800000000002,0.091268,-0.24853600000000003,ifvg_clean,0.001,5.0,3.0,15.0
2025-04,S6_3x15x,55,-1,91503.0,91566.9,132.59999999999127,662.9999999999563,inv,291.0,-0.15540299999999418,0.091503,-0.24690599999999419,ifvg_clean,0.001,5.0,3.0,15.0
2025-04,S6_3x15x,56,-1,92320.0,92458.0,138.0,690.0,sl,205.0,-0.23032000000000002,0.09232000000000001,-0.32264000000000004,ifvg_clean,0.001,5.0,3.0,15.0
2025-04,S6_3x15x,57,1,92736.1,92707.3,101.40000000000873,507.00000000004366,inv,46.0,-0.12153610000000292,0.09273610000000002,-0.21427220000000294,ifvg_clean,0.001,5.0,3.0,15.0
2025-04,S6_3x15x,58,1,93499.9,93832.89999999995,66.59999999999127,332.99999999995634,tp,1197.0,0.23950009999995633,0.0934999,0.14600019999995634,ifvg_clean,0.001,5.0,3.0,15.0
2025-04,S6_3x15x,59,-1,92988.2,93233.29999999999,245.09999999999127,1225.4999999999563,sl,907.0,-0.3380881999999913,0.0929882,-0.43107639999999126,ifvg_clean,0.001,5.0,3.0,15.0
2025-04,S6_3x15x,60,-1,93260.5,92897.50000000004,72.59999999999127,362.99999999995634,tp,1093.0,0.26973949999995633,0.09326050000000001,0.1764789999999563,ifvg_clean,0.001,5.0,3.0,15.0
2025-04,S6_3x15x,61,-1,94004.4,94256.70000000001,252.30000000001746,1261.5000000000873,sl,13871.0,-0.34630440000001744,0.09400439999999999,-0.44030880000001743,ifvg_clean,0.001,5.0,3.0,15.0
2025-04,S6_3x15x,62,-1,95218.8,95276.0,184.5,922.5,inv,161.0,-0.1524187999999971,0.0952188,-0.24763759999999713,ifvg_clean,0.001,5.0,3.0,15.0
2025-04,S6_3x15x,63,-1,95111.5,95278.30000000002,166.80000000001746,834.0000000000873,sl,618.0,-0.2619115000000175,0.09511150000000002,-0.3570230000000175,ifvg_clean,0.001,5.0,3.0,15.0
2025-04,S6_3x15x,64,-1,94982.4,95036.2,148.7999999999738,743.999999999869,inv,3447.0,-0.14878240000000292,0.0949824,-0.24376480000000292,ifvg_clean,0.001,5.0,3.0,15.0
2025-04,S6_3x15x,65,-1,94476.6,94552.50000000001,75.90000000000873,379.50000000004366,sl,34.0,-0.17037660000000876,0.09447660000000001,-0.2648532000000088,ifvg_clean,0.001,5.0,3.0,15.0
2025-04,S6_3x15x,66,-1,93870.5,93900.5,120.0,600.0,inv,767.0,-0.12387050000000001,0.09387050000000001,-0.21774100000000002,ifvg_clean,0.001,5.0,3.0,15.0
2025-04,S6_3x15x,67,1,93645.2,93629.5,67.80000000001746,339.0000000000873,inv,38.0,-0.10934519999999709,0.0936452,-0.20299039999999707,ifvg_clean,0.001,5.0,3.0,15.0
2025-04,S7_5x10x,0,1,78116.4,79093.39999999997,488.49999999998545,976.9999999999709,tp,2809.0,0.8988835999999709,0.0781164,0.8207671999999709,ifvg_clean,0.001,2.0,5.0,10.0
2025-04,S7_5x10x,1,-1,74785.0,75060.0,275.0,550.0,sl,84.0,-0.349785,0.074785,-0.42457,ifvg_clean,0.001,2.0,5.0,10.0
2025-04,S7_5x10x,2,-1,76115.3,76473.79999999999,358.49999999998545,716.9999999999709,sl,1164.0,-0.43461529999998544,0.07611530000000001,-0.5107305999999855,ifvg_clean,0.001,2.0,5.0,10.0
2025-04,S7_5x10x,3,1,76392.0,76860.99999999994,234.4999999999709,468.9999999999418,tp,456.0,0.3926079999999418,0.076392,0.31621599999994177,ifvg_clean,0.001,2.0,5.0,10.0
2025-04,S7_5x10x,4,-1,76876.0,76889.7,188.49999999998545,376.9999999999709,inv,0.0,-0.09057599999999709,0.076876,-0.1674519999999971,ifvg_clean,0.001,2.0,5.0,10.0
2025-04,S7_5x10x,5,-1,77348.8,77421.0,402.5,805.0,inv,5.0,-0.1495487999999971,0.07734880000000001,-0.2268975999999971,ifvg_clean,0.001,2.0,5.0,10.0
2025-04,S7_5x10x,6,-1,77844.1,77592.10000000003,125.99999999998545,251.9999999999709,tp,98.0,0.1741558999999709,0.07784410000000001,0.09631179999997087,ifvg_clean,0.001,2.0,5.0,10.0
2025-04,S7_5x10x,7,-1,76946.1,77102.60000000002,156.50000000001455,313.0000000000291,sl,30.0,-0.23344610000001453,0.0769461,-0.31039220000001455,ifvg_clean,0.001,2.0,5.0,10.0
2025-04,S7_5x10x,8,1,77517.3,77425.5,470.0,940.0,inv,36.0,-0.16931730000000292,0.07751730000000001,-0.24683460000000293,ifvg_clean,0.001,2.0,5.0,10.0
2025-04,S7_5x10x,9,1,77168.0,77129.9,228.0000000000291,456.0000000000582,inv,129.0,-0.11526800000000584,0.07716800000000001,-0.19243600000000585,ifvg_clean,0.001,2.0,5.0,10.0
2025-04,S7_5x10x,10,1,77579.1,78177.10000000003,299.00000000001455,598.0000000000291,tp,1468.0,0.520420900000029,0.07757910000000001,0.44284180000002904,ifvg_clean,0.001,2.0,5.0,10.0
2025-04,S7_5x10x,11,1,77720.1,78280.1,280.0,560.0,tp,2535.0,0.48227990000000004,0.0777201,0.4045598,ifvg_clean,0.001,2.0,5.0,10.0
2025-04,S7_5x10x,12,-1,77883.3,78003.7,215.99999999998545,431.9999999999709,inv,28.0,-0.19828329999999417,0.0778833,-0.27616659999999416,ifvg_clean,0.001,2.0,5.0,10.0
2025-04,S7_5x10x,13,-1,78526.7,78573.9,260.0,520.0,inv,6.0,-0.12572669999999708,0.0785267,-0.2042533999999971,ifvg_clean,0.001,2.0,5.0,10.0
2025-04,S7_5x10x,14,1,78295.3,78742.30000000012,223.5000000000582,447.0000000001164,tp,17.0,0.3687047000001164,0.0782953,0.2904094000001164,ifvg_clean,0.001,2.0,5.0,10.0
2025-04,S7_5x10x,15,1,82677.8,82486.80000000002,190.99999999998545,381.9999999999709,sl,76.0,-0.2736777999999855,0.08267780000000001,-0.3563555999999855,ifvg_clean,0.001,2.0,5.0,10.0
2025-04,S7_5x10x,16,-1,82357.3,82478.79999999994,121.49999999994179,242.99999999988358,sl,521.0,-0.2038572999999418,0.08235730000000001,-0.2862145999999418,ifvg_clean,0.001,2.0,5.0,10.0
2025-04,S7_5x10x,17,1,82957.3,82929.0,142.5,285.0,inv,26.0,-0.11125730000000292,0.08295730000000001,-0.19421460000000293,ifvg_clean,0.001,2.0,5.0,10.0
2025-04,S7_5x10x,18,1,83085.3,82528.30000000003,556.9999999999709,1113.9999999999418,sl,10192.0,-0.640085299999971,0.0830853,-0.723170599999971,ifvg_clean,0.001,2.0,5.0,10.0
2025-04,S7_5x10x,19,-1,81509.2,81653.69999999997,144.4999999999709,288.9999999999418,sl,165.0,-0.22600919999997088,0.08150919999999999,-0.3075183999999709,ifvg_clean,0.001,2.0,5.0,10.0
2025-04,S7_5x10x,20,1,78751.0,78633.4,597.0000000000437,1194.0000000000873,inv,248.0,-0.19635100000000583,0.078751,-0.27510200000000584,ifvg_clean,0.001,2.0,5.0,10.0
2025-04,S7_5x10x,21,1,79173.2,79139.4,100.5000000000291,201.0000000000582,inv,24.0,-0.11297320000000291,0.0791732,-0.1921464000000029,ifvg_clean,0.001,2.0,5.0,10.0
2025-04,S7_5x10x,22,-1,79266.6,79300.5,200.0,400.0,inv,6.0,-0.11316659999999418,0.0792666,-0.1924331999999942,ifvg_clean,0.001,2.0,5.0,10.0
2025-04,S7_5x10x,23,1,79236.5,79763.49999999997,263.49999999998545,526.9999999999709,tp,645.0,0.44776349999997095,0.0792365,0.36852699999997096,ifvg_clean,0.001,2.0,5.0,10.0
2025-04,S7_5x10x,24,1,79415.7,79405.5,105.5000000000291,211.0000000000582,inv,7.0,-0.08961569999999709,0.0794157,-0.1690313999999971,ifvg_clean,0.001,2.0,5.0,10.0
2025-04,S7_5x10x,25,-1,80280.1,80339.1,255.5000000000291,511.0000000000582,inv,365.0,-0.13928010000000002,0.08028010000000001,-0.21956020000000004,ifvg_clean,0.001,2.0,5.0,10.0
2025-04,S7_5x10x,26,1,80627.9,81063.90000000005,218.0000000000291,436.0000000000582,tp,4230.0,0.35537210000005826,0.0806279,0.2747442000000583,ifvg_clean,0.001,2.0,5.0,10.0
2025-04,S7_5x10x,27,1,80543.8,80805.80000000012,131.0000000000582,262.0000000001164,tp,685.0,0.18145620000011642,0.08054380000000001,0.1009124000001164,ifvg_clean,0.001,2.0,5.0,10.0
2025-04,S7_5x10x,28,-1,80779.6,80808.3,189.00000000001455,378.0000000000291,inv,1.0,-0.1094795999999971,0.08077960000000001,-0.1902591999999971,ifvg_clean,0.001,2.0,5.0,10.0
2025-04,S7_5x10x,29,1,80874.3,81390.30000000006,258.0000000000291,516.0000000000582,tp,193.0,0.4351257000000582,0.08087430000000001,0.35425140000005817,ifvg_clean,0.001,2.0,5.0,10.0
2025-04,S7_5x10x,30,1,82690.8,82900.8,105.0,210.0,tp,676.0,0.12730919999999998,0.08269080000000001,0.044618399999999975,ifvg_clean,0.001,2.0,5.0,10.0
2025-04,S7_5x10x,31,-1,82286.5,82348.1,297.5,595.0,inv,40.0,-0.14388650000000583,0.0822865,-0.22617300000000584,ifvg_clean,0.001,2.0,5.0,10.0
2025-04,S7_5x10x,32,1,82123.8,81985.5,736.9999999999709,1473.9999999999418,inv,48.0,-0.22042380000000295,0.08212380000000001,-0.30254760000000297,ifvg_clean,0.001,2.0,5.0,10.0
2025-04,S7_5x10x,33,-1,82462.4,82515.0,281.50000000001455,563.0000000000291,inv,181.0,-0.13506240000000583,0.0824624,-0.21752480000000585,ifvg_clean,0.001,2.0,5.0,10.0
2025-04,S7_5x10x,34,1,85652.4,85619.5,225.5000000000291,451.0000000000582,inv,2.0,-0.11855239999999417,0.0856524,-0.2042047999999942,ifvg_clean,0.001,2.0,5.0,10.0
2025-04,S7_5x10x,35,1,84929.0,84910.1,172.99999999995634,345.9999999999127,inv,18.0,-0.10382899999999418,0.084929,-0.18875799999999418,ifvg_clean,0.001,2.0,5.0,10.0
2025-04,S7_5x10x,36,-1,85329.7,85354.9,387.99999999995634,775.9999999999127,inv,0.0,-0.1105296999999971,0.08532970000000001,-0.1958593999999971,ifvg_clean,0.001,2.0,5.0,10.0
2025-04,S7_5x10x,37,-1,83657.4,83889.9,232.5,465.0,sl,36.0,-0.31615740000000003,0.08365739999999999,-0.3998148,ifvg_clean,0.001,2.0,5.0,10.0
2025-04,S7_5x10x,38,-1,83748.0,83923.50000000003,175.5000000000291,351.0000000000582,sl,113.0,-0.2592480000000291,0.083748,-0.3429960000000291,ifvg_clean,0.001,2.0,5.0,10.0
2025-04,S7_5x10x,39,1,84531.9,85015.89999999994,241.9999999999709,483.9999999999418,tp,3743.0,0.3994680999999418,0.0845319,0.3149361999999418,ifvg_clean,0.001,2.0,5.0,10.0
2025-04,S7_5x10x,40,-1,84824.9,84870.1,235.0,470.0,inv,43.0,-0.13002490000001163,0.0848249,-0.21484980000001164,ifvg_clean,0.001,2.0,5.0,10.0
2025-04,S7_5x10x,41,1,87439.7,87317.70000000003,121.9999999999709,243.9999999999418,sl,231.0,-0.20943969999997092,0.08743970000000001,-0.2968793999999709,ifvg_clean,0.001,2.0,5.0,10.0
2025-04,S7_5x10x,42,-1,87927.6,87946.1,129.50000000004366,259.0000000000873,inv,16.0,-0.10642760000000001,0.08792760000000001,-0.1943552,ifvg_clean,0.001,2.0,5.0,10.0
2025-04,S7_5x10x,43,1,88066.7,87900.70000000001,165.99999999998545,331.9999999999709,sl,1333.0,-0.25406669999998543,0.0880667,-0.34213339999998543,ifvg_clean,0.001,2.0,5.0,10.0
2025-04,S7_5x10x,44,1,87390.6,86495.6,895.0,1790.0,sl,10464.0,-0.9823906,0.08739060000000001,-1.0697812,ifvg_clean,0.001,2.0,5.0,10.0
2025-04,S7_5x10x,45,-1,86899.9,87379.40000000004,479.50000000004366,959.0000000000873,sl,8109.0,-0.5663999000000437,0.0868999,-0.6532998000000437,ifvg_clean,0.001,2.0,5.0,10.0
2025-04,S7_5x10x,46,1,87553.5,88141.49999999988,293.9999999999418,587.9999999998836,tp,665.0,0.5004464999998837,0.0875535,0.41289299999988366,ifvg_clean,0.001,2.0,5.0,10.0
2025-04,S7_5x10x,47,1,89684.3,89992.30000000003,154.00000000001455,308.0000000000291,tp,313.0,0.2183157000000291,0.08968430000000001,0.1286314000000291,ifvg_clean,0.001,2.0,5.0,10.0
2025-04,S7_5x10x,48,1,90174.0,89944.50000000003,229.4999999999709,458.9999999999418,sl,424.0,-0.3196739999999709,0.090174,-0.4098479999999709,ifvg_clean,0.001,2.0,5.0,10.0
2025-04,S7_5x10x,49,-1,90318.3,90337.7,151.50000000001455,303.0000000000291,inv,8.0,-0.10971829999999419,0.0903183,-0.20003659999999418,ifvg_clean,0.001,2.0,5.0,10.0
2025-04,S7_5x10x,50,1,89975.4,90686.40000000005,355.5000000000291,711.0000000000582,tp,2457.0,0.6210246000000582,0.0899754,0.5310492000000582,ifvg_clean,0.001,2.0,5.0,10.0
2025-04,S7_5x10x,51,1,90108.7,90808.7,350.0,700.0,tp,2417.0,0.6098913,0.0901087,0.5197826,ifvg_clean,0.001,2.0,5.0,10.0
2025-04,S7_5x10x,52,1,90633.2,90877.19999999994,121.9999999999709,243.9999999999418,tp,329.0,0.1533667999999418,0.09063320000000001,0.06273359999994178,ifvg_clean,0.001,2.0,5.0,10.0
2025-04,S7_5x10x,53,-1,91176.1,91211.6,188.5000000000582,377.0000000001164,inv,31.0,-0.1266761,0.09117610000000001,-0.21785220000000002,ifvg_clean,0.001,2.0,5.0,10.0
2025-04,S7_5x10x,54,-1,91268.0,91048.0,110.0,220.0,tp,2308.0,0.128732,0.091268,0.03746400000000001,ifvg_clean,0.001,2.0,5.0,10.0
2025-04,S7_5x10x,55,-1,91503.0,91566.9,220.99999999998545,441.9999999999709,inv,291.0,-0.15540299999999418,0.091503,-0.24690599999999419,ifvg_clean,0.001,2.0,5.0,10.0
2025-04,S7_5x10x,56,-1,92320.0,92550.0,230.0,460.0,sl,235.0,-0.32232000000000005,0.09232000000000001,-0.41464000000000006,ifvg_clean,0.001,2.0,5.0,10.0
2025-04,S7_5x10x,57,1,92736.1,92707.3,169.00000000001455,338.0000000000291,inv,46.0,-0.12153610000000292,0.09273610000000002,-0.21427220000000294,ifvg_clean,0.001,2.0,5.0,10.0
2025-04,S7_5x10x,58,1,93499.9,93721.89999999997,110.99999999998545,221.9999999999709,tp,1098.0,0.1285000999999709,0.0934999,0.035000199999970893,ifvg_clean,0.001,2.0,5.0,10.0
2025-04,S7_5x10x,59,-1,92988.2,93396.69999999998,408.49999999998545,816.9999999999709,sl,5578.0,-0.5014881999999854,0.0929882,-0.5944763999999854,ifvg_clean,0.001,2.0,5.0,10.0
2025-04,S7_5x10x,60,-1,93260.5,93018.50000000003,120.99999999998545,241.9999999999709,tp,288.0,0.14873949999997088,0.09326050000000001,0.05547899999997087,ifvg_clean,0.001,2.0,5.0,10.0
2025-04,S7_5x10x,61,-1,94004.4,94424.90000000002,420.5000000000291,841.0000000000582,sl,13913.0,-0.5145044000000292,0.09400439999999999,-0.6085088000000292,ifvg_clean,0.001,2.0,5.0,10.0
2025-04,S7_5x10x,62,-1,95218.8,95276.0,307.5,615.0,inv,161.0,-0.1524187999999971,0.0952188,-0.24763759999999713,ifvg_clean,0.001,2.0,5.0,10.0
2025-04,S7_5x10x,63,-1,95111.5,95389.50000000003,278.0000000000291,556.0000000000582,sl,1342.0,-0.37311150000002913,0.09511150000000002,-0.46822300000002914,ifvg_clean,0.001,2.0,5.0,10.0
2025-04,S7_5x10x,64,-1,94982.4,95036.2,247.99999999995634,495.9999999999127,inv,3447.0,-0.14878240000000292,0.0949824,-0.24376480000000292,ifvg_clean,0.001,2.0,5.0,10.0
2025-04,S7_5x10x,65,-1,94476.6,94223.59999999998,126.50000000001455,253.0000000000291,tp,756.0,0.15852340000002907,0.09447660000000001,0.06404680000002906,ifvg_clean,0.001,2.0,5.0,10.0
2025-04,S7_5x10x,66,-1,93870.5,93900.5,200.0,400.0,inv,767.0,-0.12387050000000001,0.09387050000000001,-0.21774100000000002,ifvg_clean,0.001,2.0,5.0,10.0
2025-04,S7_5x10x,67,1,93645.2,93629.5,113.0000000000291,226.0000000000582,inv,38.0,-0.10934519999999709,0.0936452,-0.20299039999999707,ifvg_clean,0.001,2.0,5.0,10.0
2025-04,C1_10x20x_qty001,0,1,78116.4,80070.39999999994,976.9999999999709,1953.9999999999418,tp,10291.0,1.8758835999999417,0.0781164,1.7977671999999416,ifvg_clean,0.001,2.0,10.0,20.0
2025-04,C1_10x20x_qty001,1,-1,74785.0,75335.0,550.0,1100.0,sl,251.0,-0.624785,0.074785,-0.69957,ifvg_clean,0.001,2.0,10.0,20.0
2025-04,C1_10x20x_qty001,2,-1,76115.3,76832.29999999997,716.9999999999709,1433.9999999999418,sl,3339.0,-0.7931152999999709,0.07611530000000001,-0.8692305999999709,ifvg_clean,0.001,2.0,10.0,20.0
2025-04,C1_10x20x_qty001,3,-1,76876.0,76889.7,376.9999999999709,753.9999999999418,inv,0.0,-0.09057599999999709,0.076876,-0.1674519999999971,ifvg_clean,0.001,2.0,10.0,20.0
2025-04,C1_10x20x_qty001,4,1,76392.0,77329.99999999988,468.9999999999418,937.9999999998836,tp,2990.0,0.8616079999998836,0.076392,0.7852159999998836,ifvg_clean,0.001,2.0,10.0,20.0
2025-04,C1_10x20x_qty001,5,-1,77348.8,77421.0,805.0,1610.0,inv,5.0,-0.1495487999999971,0.07734880000000001,-0.2268975999999971,ifvg_clean,0.001,2.0,10.0,20.0
2025-04,C1_10x20x_qty001,6,-1,77844.1,77340.10000000006,251.9999999999709,503.9999999999418,tp,812.0,0.4261558999999418,0.07784410000000001,0.3483117999999418,ifvg_clean,0.001,2.0,10.0,20.0
2025-04,C1_10x20x_qty001,7,-1,76946.1,77259.10000000003,313.0000000000291,626.0000000000582,sl,127.0,-0.3899461000000291,0.0769461,-0.4668922000000291,ifvg_clean,0.001,2.0,10.0,20.0
2025-04,C1_10x20x_qty001,8,1,77517.3,77425.5,940.0,1880.0,inv,36.0,-0.16931730000000292,0.07751730000000001,-0.24683460000000293,ifvg_clean,0.001,2.0,10.0,20.0
2025-04,C1_10x20x_qty001,9,1,77168.0,77129.9,456.0000000000582,912.0000000001164,inv,129.0,-0.11526800000000584,0.07716800000000001,-0.19243600000000585,ifvg_clean,0.001,2.0,10.0,20.0
2025-04,C1_10x20x_qty001,10,-1,77883.3,78003.7,431.9999999999709,863.9999999999418,inv,28.0,-0.19828329999999417,0.0778833,-0.27616659999999416,ifvg_clean,0.001,2.0,10.0,20.0
2025-04,C1_10x20x_qty001,11,-1,78526.7,78573.9,520.0,1040.0,inv,6.0,-0.12572669999999708,0.0785267,-0.2042533999999971,ifvg_clean,0.001,2.0,10.0,20.0
2025-04,C1_10x20x_qty001,12,1,77579.1,78775.10000000006,598.0000000000291,1196.0000000000582,tp,3209.0,1.118420900000058,0.07757910000000001,1.040841800000058,ifvg_clean,0.001,2.0,10.0,20.0
2025-04,C1_10x20x_qty001,13,1,77720.1,78840.1,560.0,1120.0,tp,3886.0,1.0422799,0.0777201,0.9645598000000001,ifvg_clean,0.001,2.0,10.0,20.0
2025-04,C1_10x20x_qty001,14,1,78295.3,79189.30000000024,447.0000000001164,894.0000000002328,tp,87.0,0.8157047000002329,0.0782953,0.7374094000002329,ifvg_clean,0.001,2.0,10.0,20.0
2025-04,C1_10x20x_qty001,15,1,82677.8,82295.80000000003,381.9999999999709,763.9999999999418,sl,379.0,-0.46467779999997094,0.08267780000000001,-0.547355599999971,ifvg_clean,0.001,2.0,10.0,20.0
2025-04,C1_10x20x_qty001,16,-1,82357.3,82600.29999999989,242.99999999988358,485.99999999976717,sl,3191.0,-0.3253572999998836,0.08235730000000001,-0.40771459999988363,ifvg_clean,0.001,2.0,10.0,20.0
2025-04,C1_10x20x_qty001,17,1,82957.3,82929.0,285.0,570.0,inv,26.0,-0.11125730000000292,0.08295730000000001,-0.19421460000000293,ifvg_clean,0.001,2.0,10.0,20.0
2025-04,C1_10x20x_qty001,18,1,83085.3,81971.30000000006,1113.9999999999418,2227.9999999998836,sl,21503.0,-1.197085299999942,0.0830853,-1.280170599999942,ifvg_clean,0.001,2.0,10.0,20.0
2025-04,C1_10x20x_qty001,19,-1,81509.2,80931.20000000011,288.9999999999418,577.9999999998836,tp,381.0,0.4964907999998836,0.08150919999999999,0.4149815999998836,ifvg_clean,0.001,2.0,10.0,20.0
2025-04,C1_10x20x_qty001,20,1,78751.0,78633.4,1194.0000000000873,2388.0000000001746,inv,248.0,-0.19635100000000583,0.078751,-0.27510200000000584,ifvg_clean,0.001,2.0,10.0,20.0
2025-04,C1_10x20x_qty001,21,1,79173.2,79139.4,201.0000000000582,402.0000000001164,inv,24.0,-0.11297320000000291,0.0791732,-0.1921464000000029,ifvg_clean,0.001,2.0,10.0,20.0
2025-04,C1_10x20x_qty001,22,-1,79266.6,79300.5,400.0,800.0,inv,6.0,-0.11316659999999418,0.0792666,-0.1924331999999942,ifvg_clean,0.001,2.0,10.0,20.0
2025-04,C1_10x20x_qty001,23,1,79415.7,79405.5,211.0000000000582,422.0000000001164,inv,7.0,-0.08961569999999709,0.0794157,-0.1690313999999971,ifvg_clean,0.001,2.0,10.0,20.0
2025-04,C1_10x20x_qty001,24,1,79236.5,80290.49999999994,526.9999999999709,1053.9999999999418,tp,27413.0,0.9747634999999418,0.0792365,0.8955269999999418,ifvg_clean,0.001,2.0,10.0,20.0
2025-04,C1_10x20x_qty001,25,-1,80280.1,80339.1,511.0000000000582,1022.0000000001164,inv,365.0,-0.13928010000000002,0.08028010000000001,-0.21956020000000004,ifvg_clean,0.001,2.0,10.0,20.0
2025-04,C1_10x20x_qty001,26,1,80543.8,81067.80000000024,262.0000000001164,524.0000000002328,tp,2820.0,0.44345620000023284,0.08054380000000001,0.36291240000023284,ifvg_clean,0.001,2.0,10.0,20.0
2025-04,C1_10x20x_qty001,27,-1,80779.6,80808.3,378.0000000000291,756.0000000000582,inv,1.0,-0.1094795999999971,0.08077960000000001,-0.1902591999999971,ifvg_clean,0.001,2.0,10.0,20.0
2025-04,C1_10x20x_qty001,28,1,80627.9,81499.90000000011,436.0000000000582,872.0000000001164,tp,17154.0,0.7913721000001165,0.0806279,0.7107442000001165,ifvg_clean,0.001,2.0,10.0,20.0
2025-04,C1_10x20x_qty001,29,1,80874.3,81906.30000000012,516.0000000000582,1032.0000000001164,tp,5016.0,0.9511257000001163,0.08087430000000001,0.8702514000001162,ifvg_clean,0.001,2.0,10.0,20.0
2025-04,C1_10x20x_qty001,30,1,82690.8,82480.8,210.0,420.0,sl,3280.0,-0.29269080000000003,0.08269080000000001,-0.37538160000000004,ifvg_clean,0.001,2.0,10.0,20.0
2025-04,C1_10x20x_qty001,31,-1,82286.5,82348.1,595.0,1190.0,inv,40.0,-0.14388650000000583,0.0822865,-0.22617300000000584,ifvg_clean,0.001,2.0,10.0,20.0
2025-04,C1_10x20x_qty001,32,1,82123.8,81985.5,1473.9999999999418,2947.9999999998836,inv,48.0,-0.22042380000000295,0.08212380000000001,-0.30254760000000297,ifvg_clean,0.001,2.0,10.0,20.0
2025-04,C1_10x20x_qty001,33,-1,82462.4,82515.0,563.0000000000291,1126.0000000000582,inv,181.0,-0.13506240000000583,0.0824624,-0.21752480000000585,ifvg_clean,0.001,2.0,10.0,20.0
2025-04,C1_10x20x_qty001,34,1,85652.4,85619.5,451.0000000000582,902.0000000001164,inv,2.0,-0.11855239999999417,0.0856524,-0.2042047999999942,ifvg_clean,0.001,2.0,10.0,20.0
2025-04,C1_10x20x_qty001,35,1,84929.0,84910.1,345.9999999999127,691.9999999998254,inv,18.0,-0.10382899999999418,0.084929,-0.18875799999999418,ifvg_clean,0.001,2.0,10.0,20.0
2025-04,C1_10x20x_qty001,36,-1,85329.7,85354.9,775.9999999999127,1551.9999999998254,inv,0.0,-0.1105296999999971,0.08532970000000001,-0.1958593999999971,ifvg_clean,0.001,2.0,10.0,20.0
2025-04,C1_10x20x_qty001,37,-1,83748.0,84099.00000000006,351.0000000000582,702.0000000001164,sl,133.0,-0.4347480000000582,0.083748,-0.5184960000000582,ifvg_clean,0.001,2.0,10.0,20.0
2025-04,C1_10x20x_qty001,38,-1,83657.4,84122.4,465.0,930.0,sl,60.0,-0.5486574,0.08365739999999999,-0.6323148,ifvg_clean,0.001,2.0,10.0,20.0
2025-04,C1_10x20x_qty001,39,-1,84824.9,84870.1,470.0,940.0,inv,43.0,-0.13002490000001163,0.0848249,-0.21484980000001164,ifvg_clean,0.001,2.0,10.0,20.0
2025-04,C1_10x20x_qty001,40,1,84531.9,85499.89999999988,483.9999999999418,967.9999999998836,tp,172732.0,0.8834680999998836,0.0845319,0.7989361999998836,ifvg_clean,0.001,2.0,10.0,20.0
2025-04,C1_10x20x_qty001,41,1,87439.7,87195.70000000006,243.9999999999418,487.9999999998836,sl,874.0,-0.33143969999994183,0.08743970000000001,-0.41887939999994184,ifvg_clean,0.001,2.0,10.0,20.0
2025-04,C1_10x20x_qty001,42,-1,87927.6,87946.1,259.0000000000873,518.0000000001746,inv,16.0,-0.10642760000000001,0.08792760000000001,-0.1943552,ifvg_clean,0.001,2.0,10.0,20.0
2025-04,C1_10x20x_qty001,43,1,88066.7,87734.70000000003,331.9999999999709,663.9999999999418,sl,3838.0,-0.4200666999999709,0.0880667,-0.5081333999999709,ifvg_clean,0.001,2.0,10.0,20.0
2025-04,C1_10x20x_qty001,44,-1,86899.9,87858.90000000008,959.0000000000873,1918.0000000001746,sl,28476.0,-1.0458999000000873,0.0868999,-1.1327998000000872,ifvg_clean,0.001,2.0,10.0,20.0
2025-04,C1_10x20x_qty001,45,1,87553.5,88729.49999999977,587.9999999998836,1175.9999999997672,tp,993.0,1.0884464999997672,0.0875535,1.000892999999767,ifvg_clean,0.001,2.0,10.0,20.0
2025-04,C1_10x20x_qty001,46,1,89684.3,90300.30000000006,308.0000000000291,616.0000000000582,tp,605.0,0.5263157000000581,0.08968430000000001,0.4366314000000581,ifvg_clean,0.001,2.0,10.0,20.0
2025-04,C1_10x20x_qty001,47,-1,90318.3,90337.7,303.0000000000291,606.0000000000582,inv,8.0,-0.10971829999999419,0.0903183,-0.20003659999999418,ifvg_clean,0.001,2.0,10.0,20.0
2025-04,C1_10x20x_qty001,48,1,87390.6,90970.6,1790.0,3580.0,tp,89499.0,3.4926094,0.08739060000000001,3.4052188,ifvg_clean,0.001,2.0,10.0,20.0
2025-04,C1_10x20x_qty001,49,1,90174.0,91091.99999999988,458.9999999999418,917.9999999998836,tp,4506.0,0.8278259999998836,0.090174,0.7376519999998836,ifvg_clean,0.001,2.0,10.0,20.0
2025-04,C1_10x20x_qty001,50,1,90633.2,91121.19999999988,243.9999999999418,487.9999999998836,tp,510.0,0.39736679999988356,0.09063320000000001,0.30673359999988353,ifvg_clean,0.001,2.0,10.0,20.0
2025-04,C1_10x20x_qty001,51,-1,91176.1,91211.6,377.0000000001164,754.0000000002328,inv,31.0,-0.1266761,0.09117610000000001,-0.21785220000000002,ifvg_clean,0.001,2.0,10.0,20.0
2025-04,C1_10x20x_qty001,52,1,89975.4,91397.40000000011,711.0000000000582,1422.0000000001164,tp,14430.0,1.3320246000001166,0.0899754,1.2420492000001166,ifvg_clean,0.001,2.0,10.0,20.0
2025-04,C1_10x20x_qty001,53,1,90108.7,91508.7,700.0,1400.0,tp,14099.0,1.3098913,0.0901087,1.2197826,ifvg_clean,0.001,2.0,10.0,20.0
2025-04,C1_10x20x_qty001,54,-1,91268.0,91488.0,220.0,440.0,sl,3726.0,-0.311268,0.091268,-0.402536,ifvg_clean,0.001,2.0,10.0,20.0
2025-04,C1_10x20x_qty001,55,-1,91503.0,91566.9,441.9999999999709,883.9999999999418,inv,291.0,-0.15540299999999418,0.091503,-0.24690599999999419,ifvg_clean,0.001,2.0,10.0,20.0
2025-04,C1_10x20x_qty001,56,-1,92320.0,92780.0,460.0,920.0,sl,1062.0,-0.55232,0.09232000000000001,-0.6446400000000001,ifvg_clean,0.001,2.0,10.0,20.0
2025-04,C1_10x20x_qty001,57,1,92736.1,92707.3,338.0000000000291,676.0000000000582,inv,46.0,-0.12153610000000292,0.09273610000000002,-0.21427220000000294,ifvg_clean,0.001,2.0,10.0,20.0
2025-04,C1_10x20x_qty001,58,1,93499.9,93943.89999999994,221.9999999999709,443.9999999999418,tp,3138.0,0.3505000999999418,0.0934999,0.25700019999994184,ifvg_clean,0.001,2.0,10.0,20.0
2025-04,C1_10x20x_qty001,59,-1,92988.2,93805.19999999997,816.9999999999709,1633.9999999999418,sl,10762.0,-0.9099881999999708,0.0929882,-1.0029763999999708,ifvg_clean,0.001,2.0,10.0,20.0
2025-04,C1_10x20x_qty001,60,-1,93260.5,92776.50000000006,241.9999999999709,483.9999999999418,tp,1275.0,0.3907394999999418,0.09326050000000001,0.29747899999994176,ifvg_clean,0.001,2.0,10.0,20.0
2025-04,C1_10x20x_qty001,61,-1,94004.4,94845.40000000005,841.0000000000582,1682.0000000001164,sl,16416.0,-0.9350044000000582,0.09400439999999999,-1.0290088000000583,ifvg_clean,0.001,2.0,10.0,20.0
2025-04,C1_10x20x_qty001,62,-1,95218.8,95276.0,615.0,1230.0,inv,161.0,-0.1524187999999971,0.0952188,-0.24763759999999713,ifvg_clean,0.001,2.0,10.0,20.0
2025-04,C1_10x20x_qty001,63,-1,95111.5,93999.49999999988,556.0000000000582,1112.0000000001164,tp,17014.0,1.0168885000001164,0.09511150000000002,0.9217770000001164,ifvg_clean,0.001,2.0,10.0,20.0
2025-04,C1_10x20x_qty001,64,-1,94982.4,95036.2,495.9999999999127,991.9999999998254,inv,3447.0,-0.14878240000000292,0.0949824,-0.24376480000000292,ifvg_clean,0.001,2.0,10.0,20.0
2025-04,C1_10x20x_qty001,65,-1,94476.6,93970.59999999995,253.0000000000291,506.0000000000582,tp,2375.0,0.41152340000005816,0.09447660000000001,0.31704680000005814,ifvg_clean,0.001,2.0,10.0,20.0
2025-04,C1_10x20x_qty001,66,-1,93870.5,93900.5,400.0,800.0,inv,767.0,-0.12387050000000001,0.09387050000000001,-0.21774100000000002,ifvg_clean,0.001,2.0,10.0,20.0
2025-04,C1_10x20x_qty001,67,1,93645.2,93629.5,226.0000000000582,452.0000000001164,inv,38.0,-0.10934519999999709,0.0936452,-0.20299039999999707,ifvg_clean,0.001,2.0,10.0,20.0
2025-04,base_5x60x,0,1,78116.4,78003.8,488.49999999998545,5861.999999999825,inv,73024.0,-0.1907163999999913,0.0781164,-0.2688327999999913,ifvg_clean,0.001,12.0,5.0,60.0
2025-04,base_5x60x,1,-1,74785.0,75060.0,275.0,3300.0,sl,84.0,-0.349785,0.074785,-0.42457,ifvg_clean,0.001,12.0,5.0,60.0
2025-04,base_5x60x,2,-1,76115.3,76473.79999999999,358.49999999998545,4301.999999999825,sl,1164.0,-0.43461529999998544,0.07611530000000001,-0.5107305999999855,ifvg_clean,0.001,12.0,5.0,60.0
2025-04,base_5x60x,3,-1,76876.0,76889.7,188.49999999998545,2261.9999999998254,inv,0.0,-0.09057599999999709,0.076876,-0.1674519999999971,ifvg_clean,0.001,12.0,5.0,60.0
2025-04,base_5x60x,4,-1,77348.8,77421.0,402.5,4830.0,inv,5.0,-0.1495487999999971,0.07734880000000001,-0.2268975999999971,ifvg_clean,0.001,12.0,5.0,60.0
2025-04,base_5x60x,5,-1,76946.1,77102.60000000002,156.50000000001455,1878.0000000001746,sl,30.0,-0.23344610000001453,0.0769461,-0.31039220000001455,ifvg_clean,0.001,12.0,5.0,60.0
2025-04,base_5x60x,6,1,77517.3,77425.5,470.0,5640.0,inv,36.0,-0.16931730000000292,0.07751730000000001,-0.24683460000000293,ifvg_clean,0.001,12.0,5.0,60.0
2025-04,base_5x60x,7,1,77168.0,77129.9,228.0000000000291,2736.0000000003492,inv,129.0,-0.11526800000000584,0.07716800000000001,-0.19243600000000585,ifvg_clean,0.001,12.0,5.0,60.0
2025-04,base_5x60x,8,-1,77844.1,77874.5,125.99999999998545,1511.9999999998254,inv,7462.0,-0.1082440999999942,0.07784410000000001,-0.1860881999999942,ifvg_clean,0.001,12.0,5.0,60.0
2025-04,base_5x60x,9,-1,77883.3,78003.7,215.99999999998545,2591.9999999998254,inv,28.0,-0.19828329999999417,0.0778833,-0.27616659999999416,ifvg_clean,0.001,12.0,5.0,60.0
2025-04,base_5x60x,10,-1,78526.7,78573.9,260.0,3120.0,inv,6.0,-0.12572669999999708,0.0785267,-0.2042533999999971,ifvg_clean,0.001,12.0,5.0,60.0
2025-04,base_5x60x,11,1,76392.0,79205.99999999965,234.4999999999709,2813.9999999996508,tp,16745.0,2.737607999999651,0.076392,2.6612159999996514,ifvg_clean,0.001,12.0,5.0,60.0
2025-04,base_5x60x,12,1,78295.3,80977.3000000007,223.5000000000582,2682.0000000006985,tp,358.0,2.6037047000006983,0.0782953,2.525409400000698,ifvg_clean,0.001,12.0,5.0,60.0
2025-04,base_5x60x,13,1,77720.1,81080.1,280.0,3360.0,tp,4327.0,3.2822799,0.0777201,3.2045597999999997,ifvg_clean,0.001,12.0,5.0,60.0
2025-04,base_5x60x,14,1,77579.1,81167.10000000018,299.00000000001455,3588.0000000001746,tp,3657.0,3.5104209000001747,0.07757910000000001,3.432841800000175,ifvg_clean,0.001,12.0,5.0,60.0
2025-04,base_5x60x,15,1,82677.8,82486.80000000002,190.99999999998545,2291.9999999998254,sl,76.0,-0.2736777999999855,0.08267780000000001,-0.3563555999999855,ifvg_clean,0.001,12.0,5.0,60.0
2025-04,base_5x60x,16,-1,82357.3,82478.79999999994,121.49999999994179,1457.9999999993015,sl,521.0,-0.2038572999999418,0.08235730000000001,-0.2862145999999418,ifvg_clean,0.001,12.0,5.0,60.0
2025-04,base_5x60x,17,1,82957.3,82929.0,142.5,1710.0,inv,26.0,-0.11125730000000292,0.08295730000000001,-0.19421460000000293,ifvg_clean,0.001,12.0,5.0,60.0
2025-04,base_5x60x,18,1,83085.3,82528.30000000003,556.9999999999709,6683.999999999651,sl,10192.0,-0.640085299999971,0.0830853,-0.723170599999971,ifvg_clean,0.001,12.0,5.0,60.0
2025-04,base_5x60x,19,-1,81509.2,81653.69999999997,144.4999999999709,1733.9999999996508,sl,165.0,-0.22600919999997088,0.08150919999999999,-0.3075183999999709,ifvg_clean,0.001,12.0,5.0,60.0
2025-04,base_5x60x,20,1,78751.0,78633.4,597.0000000000437,7164.000000000524,inv,248.0,-0.19635100000000583,0.078751,-0.27510200000000584,ifvg_clean,0.001,12.0,5.0,60.0
2025-04,base_5x60x,21,1,79173.2,79139.4,100.5000000000291,1206.0000000003492,inv,24.0,-0.11297320000000291,0.0791732,-0.1921464000000029,ifvg_clean,0.001,12.0,5.0,60.0
2025-04,base_5x60x,22,-1,79266.6,79300.5,200.0,2400.0,inv,6.0,-0.11316659999999418,0.0792666,-0.1924331999999942,ifvg_clean,0.001,12.0,5.0,60.0
2025-04,base_5x60x,23,1,79415.7,79405.5,105.5000000000291,1266.0000000003492,inv,7.0,-0.08961569999999709,0.0794157,-0.1690313999999971,ifvg_clean,0.001,12.0,5.0,60.0
2025-04,base_5x60x,24,1,79236.5,78973.00000000001,263.49999999998545,3161.9999999998254,sl,24228.0,-0.34273649999998546,0.0792365,-0.42197299999998544,ifvg_clean,0.001,12.0,5.0,60.0
2025-04,base_5x60x,25,-1,80280.1,80339.1,255.5000000000291,3066.0000000003492,inv,365.0,-0.13928010000000002,0.08028010000000001,-0.21956020000000004,ifvg_clean,0.001,12.0,5.0,60.0
2025-04,base_5x60x,26,-1,80779.6,80808.3,189.00000000001455,2268.0000000001746,inv,1.0,-0.1094795999999971,0.08077960000000001,-0.1902591999999971,ifvg_clean,0.001,12.0,5.0,60.0
2025-04,base_5x60x,27,1,80543.8,82115.8000000007,131.0000000000582,1572.0000000006985,tp,14892.0,1.4914562000006986,0.08054380000000001,1.4109124000006985,ifvg_clean,0.001,12.0,5.0,60.0
2025-04,base_5x60x,28,1,82690.8,82585.8,105.0,1260.0,sl,1199.0,-0.1876908,0.08269080000000001,-0.2703816,ifvg_clean,0.001,12.0,5.0,60.0
2025-04,base_5x60x,29,-1,82286.5,82348.1,297.5,3570.0,inv,40.0,-0.14388650000000583,0.0822865,-0.22617300000000584,ifvg_clean,0.001,12.0,5.0,60.0
2025-04,base_5x60x,30,1,80627.9,83243.90000000034,218.0000000000291,2616.0000000003492,tp,37206.0,2.535372100000349,0.0806279,2.454744200000349,ifvg_clean,0.001,12.0,5.0,60.0
2025-04,base_5x60x,31,1,82123.8,81985.5,736.9999999999709,8843.99999999965,inv,48.0,-0.22042380000000295,0.08212380000000001,-0.30254760000000297,ifvg_clean,0.001,12.0,5.0,60.0
2025-04,base_5x60x,32,-1,82462.4,82515.0,281.50000000001455,3378.0000000001746,inv,181.0,-0.13506240000000583,0.0824624,-0.21752480000000585,ifvg_clean,0.001,12.0,5.0,60.0
2025-04,base_5x60x,33,1,80874.3,83970.30000000035,258.0000000000291,3096.0000000003492,tp,34951.0,3.015125700000349,0.08087430000000001,2.934251400000349,ifvg_clean,0.001,12.0,5.0,60.0
2025-04,base_5x60x,34,1,85652.4,85619.5,225.5000000000291,2706.0000000003492,inv,2.0,-0.11855239999999417,0.0856524,-0.2042047999999942,ifvg_clean,0.001,12.0,5.0,60.0
2025-04,base_5x60x,35,1,84929.0,84910.1,172.99999999995634,2075.999999999476,inv,18.0,-0.10382899999999418,0.084929,-0.18875799999999418,ifvg_clean,0.001,12.0,5.0,60.0
2025-04,base_5x60x,36,-1,85329.7,85354.9,387.99999999995634,4655.999999999476,inv,0.0,-0.1105296999999971,0.08532970000000001,-0.1958593999999971,ifvg_clean,0.001,12.0,5.0,60.0
2025-04,base_5x60x,37,-1,83657.4,83889.9,232.5,2790.0,sl,36.0,-0.31615740000000003,0.08365739999999999,-0.3998148,ifvg_clean,0.001,12.0,5.0,60.0
2025-04,base_5x60x,38,-1,83748.0,83923.50000000003,175.5000000000291,2106.0000000003492,sl,113.0,-0.2592480000000291,0.083748,-0.3429960000000291,ifvg_clean,0.001,12.0,5.0,60.0
2025-04,base_5x60x,39,1,84531.9,84289.90000000002,241.9999999999709,2903.9999999996508,sl,88158.0,-0.3265318999999709,0.0845319,-0.4110637999999709,ifvg_clean,0.001,12.0,5.0,60.0
2025-04,base_5x60x,40,-1,84824.9,84870.1,235.0,2820.0,inv,43.0,-0.13002490000001163,0.0848249,-0.21484980000001164,ifvg_clean,0.001,12.0,5.0,60.0
2025-04,base_5x60x,41,1,87439.7,87317.70000000003,121.9999999999709,1463.9999999996508,sl,231.0,-0.20943969999997092,0.08743970000000001,-0.2968793999999709,ifvg_clean,0.001,12.0,5.0,60.0
2025-04,base_5x60x,42,-1,87927.6,87946.1,129.50000000004366,1554.0000000005239,inv,16.0,-0.10642760000000001,0.08792760000000001,-0.1943552,ifvg_clean,0.001,12.0,5.0,60.0
2025-04,base_5x60x,43,1,88066.7,87900.70000000001,165.99999999998545,1991.9999999998254,sl,1333.0,-0.25406669999998543,0.0880667,-0.34213339999998543,ifvg_clean,0.001,12.0,5.0,60.0
2025-04,base_5x60x,44,1,87390.6,86495.6,895.0,10740.0,sl,10464.0,-0.9823906,0.08739060000000001,-1.0697812,ifvg_clean,0.001,12.0,5.0,60.0
2025-04,base_5x60x,45,-1,86899.9,87379.40000000004,479.50000000004366,5754.000000000524,sl,8109.0,-0.5663999000000437,0.0868999,-0.6532998000000437,ifvg_clean,0.001,12.0,5.0,60.0
2025-04,base_5x60x,46,1,90174.0,89944.50000000003,229.4999999999709,2753.9999999996508,sl,424.0,-0.3196739999999709,0.090174,-0.4098479999999709,ifvg_clean,0.001,12.0,5.0,60.0
2025-04,base_5x60x,47,-1,90318.3,90337.7,151.50000000001455,1818.0000000001746,inv,8.0,-0.10971829999999419,0.0903183,-0.20003659999999418,ifvg_clean,0.001,12.0,5.0,60.0
2025-04,base_5x60x,48,1,87553.5,91081.4999999993,293.9999999999418,3527.9999999993015,tp,50357.0,3.4404464999993016,0.0875535,3.352892999999302,ifvg_clean,0.001,12.0,5.0,60.0
2025-04,base_5x60x,49,1,90633.2,90511.20000000003,121.9999999999709,1463.9999999996508,sl,2745.0,-0.2126331999999709,0.09063320000000001,-0.3032663999999709,ifvg_clean,0.001,12.0,5.0,60.0
2025-04,base_5x60x,50,-1,91176.1,91211.6,188.5000000000582,2262.0000000006985,inv,31.0,-0.1266761,0.09117610000000001,-0.21785220000000002,ifvg_clean,0.001,12.0,5.0,60.0
2025-04,base_5x60x,51,1,89684.3,91532.30000000018,154.00000000001455,1848.0000000001746,tp,15901.0,1.7583157000001746,0.08968430000000001,1.6686314000001745,ifvg_clean,0.001,12.0,5.0,60.0
2025-04,base_5x60x,52,-1,91268.0,91378.0,110.0,1320.0,sl,3689.0,-0.201268,0.091268,-0.292536,ifvg_clean,0.001,12.0,5.0,60.0
2025-04,base_5x60x,53,-1,91503.0,91566.9,220.99999999998545,2651.9999999998254,inv,291.0,-0.15540299999999418,0.091503,-0.24690599999999419,ifvg_clean,0.001,12.0,5.0,60.0
2025-04,base_5x60x,54,1,89975.4,94241.40000000034,355.5000000000291,4266.000000000349,tp,64815.0,4.176024600000349,0.0899754,4.086049200000349,ifvg_clean,0.001,12.0,5.0,60.0
2025-04,base_5x60x,55,1,90108.7,94308.7,350.0,4200.0,tp,65270.0,4.1098913,0.0901087,4.0197826,ifvg_clean,0.001,12.0,5.0,60.0
2025-04,base_5x60x,56,-1,92320.0,92550.0,230.0,2760.0,sl,235.0,-0.32232000000000005,0.09232000000000001,-0.41464000000000006,ifvg_clean,0.001,12.0,5.0,60.0
2025-04,base_5x60x,57,1,92736.1,92707.3,169.00000000001455,2028.0000000001746,inv,46.0,-0.12153610000000292,0.09273610000000002,-0.21427220000000294,ifvg_clean,0.001,12.0,5.0,60.0
2025-04,base_5x60x,58,1,93499.9,93477.2,110.99999999998545,1331.9999999998254,inv,7093.0,-0.11619989999999708,0.0934999,-0.20969979999999708,ifvg_clean,0.001,12.0,5.0,60.0
2025-04,base_5x60x,59,-1,92988.2,93396.69999999998,408.49999999998545,4901.999999999825,sl,5578.0,-0.5014881999999854,0.0929882,-0.5944763999999854,ifvg_clean,0.001,12.0,5.0,60.0
2025-04,base_5x60x,60,-1,93260.5,93381.49999999999,120.99999999998545,1451.9999999998254,sl,4503.0,-0.21426049999998548,0.09326050000000001,-0.3075209999999855,ifvg_clean,0.001,12.0,5.0,60.0
2025-04,base_5x60x,61,-1,94004.4,94424.90000000002,420.5000000000291,5046.000000000349,sl,13913.0,-0.5145044000000292,0.09400439999999999,-0.6085088000000292,ifvg_clean,0.001,12.0,5.0,60.0
2025-04,base_5x60x,62,-1,95218.8,95276.0,307.5,3690.0,inv,161.0,-0.1524187999999971,0.0952188,-0.24763759999999713,ifvg_clean,0.001,12.0,5.0,60.0
2025-04,base_5x60x,63,-1,95111.5,95389.50000000003,278.0000000000291,3336.0000000003492,sl,1342.0,-0.37311150000002913,0.09511150000000002,-0.46822300000002914,ifvg_clean,0.001,12.0,5.0,60.0
2025-04,base_5x60x,64,-1,94982.4,95036.2,247.99999999995634,2975.999999999476,inv,3447.0,-0.14878240000000292,0.0949824,-0.24376480000000292,ifvg_clean,0.001,12.0,5.0,60.0
2025-04,base_5x60x,65,-1,94476.6,94603.10000000002,126.50000000001455,1518.0000000001746,sl,1520.0,-0.22097660000001457,0.09447660000000001,-0.3154532000000146,ifvg_clean,0.001,12.0,5.0,60.0
2025-04,base_5x60x,66,-1,93870.5,93900.5,200.0,2400.0,inv,767.0,-0.12387050000000001,0.09387050000000001,-0.21774100000000002,ifvg_clean,0.001,12.0,5.0,60.0
2025-04,base_5x60x,67,1,93645.2,93629.5,113.0000000000291,1356.0000000003492,inv,38.0,-0.10934519999999709,0.0936452,-0.20299039999999707,ifvg_clean,0.001,12.0,5.0,60.0
2025-11,S1_1x5x,0,-1,110272.3,109761.30000000002,102.19999999999709,510.99999999998545,tp,1315.0,0.4007276999999855,0.1102723,0.2904553999999855,ifvg_clean,0.001,5.0,1.0,5.0
2025-11,S1_1x5x,1,-1,109580.3,109659.1,78.80000000000291,394.00000000001455,sl,33.0,-0.18838030000000291,0.1095803,-0.2979606000000029,ifvg_clean,0.001,5.0,1.0,5.0
2025-11,S1_1x5x,2,1,108730.7,108705.2,28.0,140.0,inv,8.0,-0.1342307,0.1087307,-0.2429614,ifvg_clean,0.001,5.0,1.0,5.0
2025-11,S1_1x5x,3,-1,107361.9,107137.40000000002,44.89999999999418,224.4999999999709,tp,1003.0,0.1171380999999709,0.1073619,0.009776199999970897,ifvg_clean,0.001,5.0,1.0,5.0
2025-11,S1_1x5x,4,1,107847.7,107748.29999999999,99.40000000000873,497.00000000004366,sl,10.0,-0.20724770000000875,0.1078477,-0.31509540000000874,ifvg_clean,0.001,5.0,1.0,5.0
2025-11,S1_1x5x,5,1,107315.0,107278.8,40.0,200.0,inv,15.0,-0.1435149999999971,0.107315,-0.2508299999999971,ifvg_clean,0.001,5.0,1.0,5.0
2025-11,S1_1x5x,6,1,107049.3,106989.20000000001,60.09999999999127,300.49999999995634,sl,101.0,-0.16714929999999129,0.1070493,-0.2741985999999913,ifvg_clean,0.001,5.0,1.0,5.0
2025-11,S1_1x5x,7,1,103787.4,103760.5,42.0,210.0,inv,42.0,-0.13068739999999418,0.10378739999999999,-0.23447479999999415,ifvg_clean,0.001,5.0,1.0,5.0
2025-11,S1_1x5x,8,-1,100697.9,100498.40000000002,39.89999999999418,199.4999999999709,tp,122.0,0.0988020999999709,0.10069789999999999,-0.0018958000000290909,ifvg_clean,0.001,5.0,1.0,5.0
2025-11,S1_1x5x,9,-1,100511.4,100676.4,165.0,825.0,sl,256.0,-0.2655114,0.1005114,-0.3660228,ifvg_clean,0.001,5.0,1.0,5.0
2025-11,S1_1x5x,10,-1,103090.3,103119.8,36.19999999999709,180.99999999998545,inv,7.0,-0.1325903,0.1030903,-0.2356806,ifvg_clean,0.001,5.0,1.0,5.0
2025-11,S1_1x5x,11,-1,103589.5,103743.0,154.5,772.5,inv,1253.0,-0.25708949999999997,0.1035895,-0.36067899999999997,ifvg_clean,0.001,5.0,1.0,5.0
2025-11,S1_1x5x,12,-1,103531.0,103586.5,66.60000000000582,333.0000000000291,inv,3.0,-0.159031,0.10353100000000001,-0.262562,ifvg_clean,0.001,5.0,1.0,5.0
2025-11,S1_1x5x,13,1,105956.6,105931.4,30.70000000001164,153.5000000000582,inv,70.0,-0.13115660000001167,0.10595660000000001,-0.23711320000001168,ifvg_clean,0.001,5.0,1.0,5.0
2025-11,S1_1x5x,14,-1,104936.4,105058.79999999999,122.39999999999418,611.9999999999709,sl,343.0,-0.22733639999999417,0.1049364,-0.33227279999999415,ifvg_clean,0.001,5.0,1.0,5.0
2025-11,S1_1x5x,15,-1,105068.7,104879.20000000003,37.89999999999418,189.4999999999709,tp,191.0,0.08443129999997091,0.1050687,-0.020637400000029088,ifvg_clean,0.001,5.0,1.0,5.0
2025-11,S1_1x5x,16,-1,105336.7,105361.0,30.89999999999418,154.4999999999709,inv,24.0,-0.1296367000000029,0.10533669999999999,-0.23497340000000289,ifvg_clean,0.001,5.0,1.0,5.0
2025-11,S1_1x5x,17,-1,105813.4,105825.6,32.30000000000291,161.50000000001455,inv,3.0,-0.11801340000001165,0.1058134,-0.22382680000001165,ifvg_clean,0.001,5.0,1.0,5.0
2025-11,S1_1x5x,18,1,105512.7,105912.20000000004,79.90000000000873,399.50000000004366,tp,1846.0,0.29398730000004364,0.1055127,0.18847460000004362,ifvg_clean,0.001,5.0,1.0,5.0
2025-11,S1_1x5x,19,-1,106003.3,106042.4,39.09999999999127,195.49999999995634,sl,3.0,-0.14510329999999128,0.10600330000000001,-0.2511065999999913,ifvg_clean,0.001,5.0,1.0,5.0
2025-11,S1_1x5x,20,1,106576.3,106496.40000000001,79.89999999999418,399.4999999999709,sl,152.0,-0.18647629999999418,0.1065763,-0.29305259999999417,ifvg_clean,0.001,5.0,1.0,5.0
2025-11,S1_1x5x,21,1,106414.9,106383.5,33.89999999999418,169.4999999999709,inv,212.0,-0.1378148999999942,0.1064149,-0.2442297999999942,ifvg_clean,0.001,5.0,1.0,5.0
2025-11,S1_1x5x,22,-1,105406.6,105447.3,40.69999999999709,203.49999999998545,sl,61.0,-0.14610659999999712,0.10540660000000002,-0.2515131999999971,ifvg_clean,0.001,5.0,1.0,5.0
2025-11,S1_1x5x,23,1,105304.8,105267.7,37.10000000000582,185.5000000000291,sl,302.0,-0.14240480000000583,0.1053048,-0.24770960000000583,ifvg_clean,0.001,5.0,1.0,5.0
2025-11,S1_1x5x,24,1,104850.1,104732.1,118.0,590.0,sl,2477.0,-0.22285010000000002,0.10485010000000002,-0.32770020000000005,ifvg_clean,0.001,5.0,1.0,5.0
2025-11,S1_1x5x,25,-1,101624.8,101636.9,22.09999999999127,110.49999999995634,inv,428.0,-0.11372479999999129,0.10162480000000002,-0.21534959999999131,ifvg_clean,0.001,5.0,1.0,5.0
2025-11,S1_1x5x,26,-1,101482.0,101561.4,79.39999999999418,396.9999999999709,inv,140.0,-0.1808819999999942,0.101482,-0.2823639999999942,ifvg_clean,0.001,5.0,1.0,5.0
2025-11,S1_1x5x,27,-1,102478.0,102506.1,28.30000000000291,141.50000000001455,inv,9.0,-0.13057800000000583,0.10247800000000001,-0.23305600000000584,ifvg_clean,0.001,5.0,1.0,5.0
2025-11,S1_1x5x,28,1,102446.1,102244.70000000001,201.39999999999418,1006.9999999999709,sl,813.0,-0.3038460999999942,0.1024461,-0.40629219999999416,ifvg_clean,0.001,5.0,1.0,5.0
2025-11,S1_1x5x,29,-1,101815.5,101488.50000000003,65.39999999999418,326.9999999999709,tp,313.0,0.22518449999997092,0.1018155,0.12336899999997092,ifvg_clean,0.001,5.0,1.0,5.0
2025-11,S1_1x5x,30,-1,100996.8,101032.6,35.80000000000291,179.00000000001455,sl,29.0,-0.13679680000000294,0.10099680000000001,-0.23779360000000294,ifvg_clean,0.001,5.0,1.0,5.0
2025-11,S1_1x5x,31,-1,100791.8,100532.30000000003,51.89999999999418,259.4999999999709,tp,39.0,0.1587081999999709,0.10079180000000001,0.05791639999997089,ifvg_clean,0.001,5.0,1.0,5.0
2025-11,S1_1x5x,32,-1,100431.3,100452.0,20.69999999999709,103.49999999998545,sl,1.0,-0.12113129999999711,0.10043130000000002,-0.2215625999999971,ifvg_clean,0.001,5.0,1.0,5.0
2025-11,S1_1x5x,33,-1,99881.3,99907.1,25.80000000000291,129.00000000001455,sl,18.0,-0.1256813000000029,0.0998813,-0.22556260000000292,ifvg_clean,0.001,5.0,1.0,5.0
2025-11,S1_1x5x,34,-1,98707.8,98712.7,22.09999999999127,110.49999999995634,inv,0.0,-0.10360779999999419,0.09870780000000001,-0.2023155999999942,ifvg_clean,0.001,5.0,1.0,5.0
2025-11,S1_1x5x,35,1,98524.0,98472.1,53.69999999999709,268.49999999998545,inv,5.0,-0.15042399999999417,0.098524,-0.24894799999999417,ifvg_clean,0.001,5.0,1.0,5.0
2025-11,S1_1x5x,36,-1,98363.1,98408.20000000001,45.10000000000582,225.5000000000291,sl,5.0,-0.14346310000000584,0.09836310000000001,-0.24182620000000585,ifvg_clean,0.001,5.0,1.0,5.0
2025-11,S1_1x5x,37,1,99617.7,99958.20000000003,68.10000000000582,340.5000000000291,tp,637.0,0.2408823000000291,0.0996177,0.1412646000000291,ifvg_clean,0.001,5.0,1.0,5.0
2025-11,S1_1x5x,38,1,99397.1,99353.1,44.0,220.0,sl,88.0,-0.1433971,0.09939710000000002,-0.24279420000000002,ifvg_clean,0.001,5.0,1.0,5.0
2025-11,S1_1x5x,39,1,99539.8,99506.6,33.19999999999709,165.99999999998545,sl,8.0,-0.13273979999999708,0.0995398,-0.2322795999999971,ifvg_clean,0.001,5.0,1.0,5.0
2025-11,S1_1x5x,40,-1,99283.8,99337.3,53.5,267.5,sl,45.0,-0.1527838,0.0992838,-0.2520676,ifvg_clean,0.001,5.0,1.0,5.0
2025-11,S1_1x5x,41,-1,99106.9,99002.89999999998,20.80000000000291,104.00000000001455,tp,198.0,0.004893100000014555,0.0991069,-0.09421379999998544,ifvg_clean,0.001,5.0,1.0,5.0
2025-11,S1_1x5x,42,-1,97835.9,97451.40000000002,76.89999999999418,384.4999999999709,tp,181.0,0.2866640999999709,0.0978359,0.18882819999997089,ifvg_clean,0.001,5.0,1.0,5.0
2025-11,S1_1x5x,43,-1,97077.4,97125.0,51.10000000000582,255.5000000000291,inv,90.0,-0.1446774000000058,0.0970774,-0.24175480000000582,ifvg_clean,0.001,5.0,1.0,5.0
2025-11,S1_1x5x,44,1,96901.7,96868.1,49.39999999999418,246.9999999999709,inv,2.0,-0.13050169999999128,0.09690170000000001,-0.2274033999999913,ifvg_clean,0.001,5.0,1.0,5.0
2025-11,S1_1x5x,45,-1,96622.3,96645.2,22.89999999999418,114.4999999999709,sl,1.0,-0.11952229999999418,0.09662230000000001,-0.2161445999999942,ifvg_clean,0.001,5.0,1.0,5.0
2025-11,S1_1x5x,46,-1,97165.0,97024.00000000001,28.19999999999709,140.99999999998545,tp,151.0,0.04383499999998544,0.097165,-0.05333000000001456,ifvg_clean,0.001,5.0,1.0,5.0
2025-11,S1_1x5x,47,-1,96324.4,96091.39999999997,46.60000000000582,233.0000000000291,tp,125.0,0.1366756000000291,0.0963244,0.04035120000002909,ifvg_clean,0.001,5.0,1.0,5.0
2025-11,S1_1x5x,48,-1,95949.0,96055.1,110.60000000000582,553.0000000000291,inv,3017.0,-0.20204900000000584,0.095949,-0.29799800000000587,ifvg_clean,0.001,5.0,1.0,5.0
2025-11,S1_1x5x,49,-1,95592.6,95619.8,27.19999999999709,135.99999999998545,sl,45.0,-0.12279259999999709,0.0955926,-0.2183851999999971,ifvg_clean,0.001,5.0,1.0,5.0
2025-11,S1_1x5x,50,-1,94659.3,94705.7,51.0,255.0,inv,11.0,-0.14105929999999417,0.0946593,-0.23571859999999417,ifvg_clean,0.001,5.0,1.0,5.0
2025-11,S1_1x5x,51,1,94882.3,94998.80000000002,23.30000000000291,116.50000000001455,tp,33.0,0.021617700000014548,0.0948823,-0.07326459999998546,ifvg_clean,0.001,5.0,1.0,5.0
2025-11,S1_1x5x,52,-1,95747.5,95772.3,40.80000000000291,204.00000000001455,inv,9.0,-0.12054750000000292,0.0957475,-0.2162950000000029,ifvg_clean,0.001,5.0,1.0,5.0
2025-11,S1_1x5x,53,1,95304.8,95237.90000000001,66.89999999999418,334.4999999999709,sl,152.0,-0.1622047999999942,0.09530480000000001,-0.25750959999999423,ifvg_clean,0.001,5.0,1.0,5.0
2025-11,S1_1x5x,54,-1,93649.8,93816.7,166.89999999999418,834.4999999999709,sl,1899.0,-0.26054979999999417,0.0936498,-0.3541995999999942,ifvg_clean,0.001,5.0,1.0,5.0
2025-11,S1_1x5x,55,-1,90717.1,90764.80000000002,47.70000000001164,238.5000000000582,sl,9.0,-0.13841710000001164,0.09071710000000001,-0.22913420000001167,ifvg_clean,0.001,5.0,1.0,5.0
2025-11,S1_1x5x,56,1,93583.5,93546.8,36.69999999999709,183.49999999998545,sl,6.0,-0.13028349999999708,0.0935835,-0.2238669999999971,ifvg_clean,0.001,5.0,1.0,5.0
2025-11,S1_1x5x,57,1,93290.4,93274.9,20.90000000000873,104.50000000004366,inv,3.0,-0.1087904,0.0932904,-0.2020808,ifvg_clean,0.001,5.0,1.0,5.0
2025-11,S1_1x5x,58,-1,93214.6,93084.6,26.0,130.0,tp,141.0,0.036785399999999996,0.09321460000000001,-0.05642920000000001,ifvg_clean,0.001,5.0,1.0,5.0
2025-11,S1_1x5x,59,-1,93474.8,93257.3,43.5,217.5,tp,235.0,0.12402519999999999,0.09347480000000001,0.030550399999999978,ifvg_clean,0.001,5.0,1.0,5.0
2025-11,S1_1x5x,60,1,93162.9,93139.5,24.0,120.0,inv,36.0,-0.11656289999999417,0.09316289999999999,-0.20972579999999416,ifvg_clean,0.001,5.0,1.0,5.0
2025-11,S1_1x5x,61,1,92915.2,92876.5,39.60000000000582,198.0000000000291,inv,179.0,-0.1316151999999971,0.0929152,-0.2245303999999971,ifvg_clean,0.001,5.0,1.0,5.0
2025-11,S1_1x5x,62,1,93049.4,93307.89999999998,51.69999999999709,258.49999999998545,tp,934.0,0.16545059999998546,0.09304939999999999,0.07240119999998547,ifvg_clean,0.001,5.0,1.0,5.0
2025-11,S1_1x5x,63,1,89255.8,89182.6,73.19999999999709,365.99999999998545,sl,75.0,-0.1624557999999971,0.08925580000000001,-0.2517115999999971,ifvg_clean,0.001,5.0,1.0,5.0
2025-11,S1_1x5x,64,-1,89528.6,89575.9,49.0,245.0,inv,54.0,-0.13682859999998837,0.08952860000000001,-0.22635719999998838,ifvg_clean,0.001,5.0,1.0,5.0
2025-11,S1_1x5x,65,-1,91820.8,91883.8,89.60000000000582,448.0000000000291,inv,2.0,-0.1548208,0.09182080000000001,-0.24664160000000002,ifvg_clean,0.001,5.0,1.0,5.0
2025-11,S1_1x5x,66,-1,82220.0,82290.09999999999,70.09999999999127,350.49999999995634,sl,207.0,-0.15231999999999127,0.08222,-0.23453999999999126,ifvg_clean,0.001,5.0,1.0,5.0
2025-11,S1_1x5x,67,1,82096.4,82038.5,58.10000000000582,290.5000000000291,inv,30.0,-0.1399963999999942,0.0820964,-0.2220927999999942,ifvg_clean,0.001,5.0,1.0,5.0
2025-11,S1_1x5x,68,1,82784.7,82810.8,26.30000000000291,131.50000000001455,inv,0.0,-0.05668469999999418,0.0827847,-0.1394693999999942,ifvg_clean,0.001,5.0,1.0,5.0
2025-11,S1_1x5x,69,-1,82960.7,83070.5,109.80000000000291,549.0000000000146,sl,11.0,-0.1927607000000029,0.0829607,-0.2757214000000029,ifvg_clean,0.001,5.0,1.0,5.0
2025-11,S1_1x5x,70,1,83343.6,83993.6,130.0,650.0,tp,309.0,0.5666564000000001,0.08334360000000002,0.48331280000000004,ifvg_clean,0.001,5.0,1.0,5.0
2025-11,S1_1x5x,71,1,83468.4,83410.4,58.20000000001164,291.0000000000582,inv,18.0,-0.1414684,0.0834684,-0.2249368,ifvg_clean,0.001,5.0,1.0,5.0
2025-11,S1_1x5x,72,-1,84982.6,85012.1,33.60000000000582,168.0000000000291,inv,67.0,-0.1144826,0.0849826,-0.1994652,ifvg_clean,0.001,5.0,1.0,5.0
2025-11,S1_1x5x,73,1,85096.6,85062.30000000002,34.29999999998836,171.4999999999418,sl,5.0,-0.11939659999998836,0.08509660000000001,-0.20449319999998838,ifvg_clean,0.001,5.0,1.0,5.0
2025-11,S1_1x5x,74,-1,84684.9,84558.90000000001,25.19999999999709,125.99999999998545,tp,339.0,0.04131509999998545,0.08468490000000001,-0.04336980000001456,ifvg_clean,0.001,5.0,1.0,5.0
2025-11,S1_1x5x,75,1,84670.5,84628.3,42.19999999999709,210.99999999998545,sl,29.0,-0.1268704999999971,0.08467050000000001,-0.21154099999999712,ifvg_clean,0.001,5.0,1.0,5.0
2025-11,S1_1x5x,76,1,84155.5,84096.9,74.20000000001164,371.0000000000582,inv,21.0,-0.14275550000000584,0.08415550000000001,-0.22691100000000586,ifvg_clean,0.001,5.0,1.0,5.0
2025-11,S1_1x5x,77,1,84009.4,83985.0,24.39999999999418,121.9999999999709,sl,525.0,-0.10840939999999417,0.0840094,-0.19241879999999417,ifvg_clean,0.001,5.0,1.0,5.0
2025-11,S1_1x5x,78,-1,84497.3,84544.2,46.89999999999418,234.4999999999709,inv,71.0,-0.1313972999999942,0.08449730000000001,-0.21589459999999422,ifvg_clean,0.001,5.0,1.0,5.0
2025-11,S1_1x5x,79,-1,85767.1,85787.9,27.39999999999418,136.9999999999709,inv,65.0,-0.10656709999998837,0.08576710000000001,-0.19233419999998838,ifvg_clean,0.001,5.0,1.0,5.0
2025-11,S1_1x5x,80,-1,87378.6,87415.8,37.19999999999709,185.99999999998545,inv,32.0,-0.1245785999999971,0.0873786,-0.2119571999999971,ifvg_clean,0.001,5.0,1.0,5.0
2025-11,S1_1x5x,81,1,85960.5,85938.7,29.19999999999709,145.99999999998545,inv,135.0,-0.10776050000000291,0.0859605,-0.19372100000000292,ifvg_clean,0.001,5.0,1.0,5.0
2025-11,S1_1x5x,82,1,86169.8,86099.0,72.19999999999709,360.99999999998545,inv,45.0,-0.15696980000000293,0.0861698,-0.24313960000000295,ifvg_clean,0.001,5.0,1.0,5.0
2025-11,S1_1x5x,83,-1,88598.0,88618.3,30.0,150.0,inv,9.0,-0.10889800000000291,0.088598,-0.1974960000000029,ifvg_clean,0.001,5.0,1.0,5.0
2025-11,S1_1x5x,84,1,88372.8,88270.1,102.69999999999709,513.4999999999854,sl,3667.0,-0.1910727999999971,0.0883728,-0.2794455999999971,ifvg_clean,0.001,5.0,1.0,5.0
2025-11,S1_1x5x,85,1,88672.2,88624.4,50.60000000000582,253.0000000000291,inv,38.0,-0.13647220000000293,0.0886722,-0.22514440000000294,ifvg_clean,0.001,5.0,1.0,5.0
2025-11,S1_1x5x,86,1,88033.9,87958.2,112.60000000000582,563.0000000000291,inv,324.0,-0.1637338999999971,0.0880339,-0.2517677999999971,ifvg_clean,0.001,5.0,1.0,5.0
2025-11,S1_1x5x,87,-1,87696.0,87756.09999999999,60.09999999999127,300.49999999995634,sl,1333.0,-0.14779599999999127,0.087696,-0.23549199999999126,ifvg_clean,0.001,5.0,1.0,5.0
2025-11,S1_1x5x,88,-1,87513.3,87537.0,23.69999999999709,118.49999999998545,sl,8.0,-0.1112132999999971,0.0875133,-0.1987265999999971,ifvg_clean,0.001,5.0,1.0,5.0
2025-11,S1_1x5x,89,-1,86276.0,86357.7,81.69999999999709,408.49999999998545,sl,17.0,-0.16797599999999707,0.08627599999999999,-0.25425199999999704,ifvg_clean,0.001,5.0,1.0,5.0
2025-11,S1_1x5x,90,-1,86583.1,86580.2,21.09999999999127,105.49999999995634,inv,0.0,-0.08368309999999128,0.08658310000000001,-0.1702661999999913,ifvg_clean,0.001,5.0,1.0,5.0
2025-11,S1_1x5x,91,1,87490.5,87468.09999999999,22.40000000000873,112.00000000004366,inv,327.0,-0.10989050000000873,0.0874905,-0.19738100000000874,ifvg_clean,0.001,5.0,1.0,5.0
2025-11,S1_1x5x,92,-1,87337.8,87349.3,20.69999999999709,103.49999999998545,inv,9.0,-0.0988378,0.08733780000000001,-0.1861756,ifvg_clean,0.001,5.0,1.0,5.0
2025-11,S1_1x5x,93,-1,87248.5,87297.59999999999,49.09999999999127,245.49999999995634,inv,154.0,-0.13634849999999127,0.0872485,-0.22359699999999127,ifvg_clean,0.001,5.0,1.0,5.0
2025-11,S1_1x5x,94,-1,87879.6,87899.70000000001,20.10000000000582,100.5000000000291,sl,21.0,-0.10797960000000584,0.08787960000000002,-0.19585920000000584,ifvg_clean,0.001,5.0,1.0,5.0
2025-11,S1_1x5x,95,-1,87191.7,87018.19999999994,34.70000000001164,173.5000000000582,tp,168.0,0.08630830000005822,0.0871917,-0.0008833999999417752,ifvg_clean,0.001,5.0,1.0,5.0
2025-11,S1_1x5x,96,-1,90137.1,90189.5,56.69999999999709,283.49999999998545,inv,113.0,-0.1425370999999942,0.09013710000000001,-0.23267419999999422,ifvg_clean,0.001,5.0,1.0,5.0
2025-11,S1_1x5x,97,1,90479.8,90452.6,27.19999999999709,135.99999999998545,sl,32.0,-0.1176797999999971,0.09047980000000001,-0.2081595999999971,ifvg_clean,0.001,5.0,1.0,5.0
2025-11,S1_1x5x,98,1,91519.9,91476.2,43.69999999999709,218.49999999998545,sl,83.0,-0.1352198999999971,0.0915199,-0.2267397999999971,ifvg_clean,0.001,5.0,1.0,5.0
2025-11,S1_1x5x,99,1,91214.6,91192.2,23.30000000000291,116.50000000001455,inv,42.0,-0.11361460000000874,0.0912146,-0.20482920000000876,ifvg_clean,0.001,5.0,1.0,5.0
2025-11,S1_1x5x,100,-1,92091.0,92121.0,30.0,150.0,sl,4.0,-0.122091,0.092091,-0.214182,ifvg_clean,0.001,5.0,1.0,5.0
2025-11,S1_1x5x,101,-1,92028.2,91741.20000000003,57.39999999999418,286.9999999999709,tp,915.0,0.19497179999997089,0.0920282,0.10294359999997088,ifvg_clean,0.001,5.0,1.0,5.0
2025-11,S1_1x5x,102,-1,91248.2,91296.79999999999,48.59999999999127,242.99999999995634,sl,4.0,-0.13984819999999126,0.0912482,-0.23109639999999126,ifvg_clean,0.001,5.0,1.0,5.0
2025-11,S1_1x5x,103,-1,90431.8,90482.1,50.30000000000291,251.50000000001455,sl,11.0,-0.1407318000000029,0.0904318,-0.2311636000000029,ifvg_clean,0.001,5.0,1.0,5.0
2025-11,S1_1x5x,104,-1,90891.5,90917.9,26.39999999999418,131.9999999999709,sl,33.0,-0.11729149999999419,0.09089150000000001,-0.2081829999999942,ifvg_clean,0.001,5.0,1.0,5.0
2025-11,S2_1x10x,0,-1,109580.3,109659.1,78.80000000000291,788.0000000000291,sl,33.0,-0.18838030000000291,0.1095803,-0.2979606000000029,ifvg_clean,0.001,10.0,1.0,10.0
2025-11,S2_1x10x,1,-1,110272.3,109250.30000000003,102.19999999999709,1021.9999999999709,tp,6738.0,0.9117276999999709,0.1102723,0.801455399999971,ifvg_clean,0.001,10.0,1.0,10.0
2025-11,S2_1x10x,2,1,108730.7,108705.2,28.0,280.0,inv,8.0,-0.1342307,0.1087307,-0.2429614,ifvg_clean,0.001,10.0,1.0,10.0
2025-11,S2_1x10x,3,-1,107361.9,107406.79999999999,44.89999999999418,448.9999999999418,sl,1797.0,-0.15226189999999418,0.1073619,-0.2596237999999942,ifvg_clean,0.001,10.0,1.0,10.0
2025-11,S2_1x10x,4,1,107847.7,107748.29999999999,99.40000000000873,994.0000000000873,sl,10.0,-0.20724770000000875,0.1078477,-0.31509540000000874,ifvg_clean,0.001,10.0,1.0,10.0
2025-11,S2_1x10x,5,1,107315.0,107278.8,40.0,400.0,inv,15.0,-0.1435149999999971,0.107315,-0.2508299999999971,ifvg_clean,0.001,10.0,1.0,10.0
2025-11,S2_1x10x,6,1,107049.3,106989.20000000001,60.09999999999127,600.9999999999127,sl,101.0,-0.16714929999999129,0.1070493,-0.2741985999999913,ifvg_clean,0.001,10.0,1.0,10.0
2025-11,S2_1x10x,7,1,103787.4,103760.5,42.0,420.0,inv,42.0,-0.13068739999999418,0.10378739999999999,-0.23447479999999415,ifvg_clean,0.001,10.0,1.0,10.0
2025-11,S2_1x10x,8,-1,100511.4,100676.4,165.0,1650.0,sl,256.0,-0.2655114,0.1005114,-0.3660228,ifvg_clean,0.001,10.0,1.0,10.0
2025-11,S2_1x10x,9,-1,100697.9,100737.79999999999,39.89999999999418,398.9999999999418,sl,511.0,-0.14059789999999417,0.10069789999999999,-0.24129579999999418,ifvg_clean,0.001,10.0,1.0,10.0
2025-11,S2_1x10x,10,-1,103090.3,103119.8,36.19999999999709,361.9999999999709,inv,7.0,-0.1325903,0.1030903,-0.2356806,ifvg_clean,0.001,10.0,1.0,10.0
2025-11,S2_1x10x,11,-1,103589.5,103743.0,154.5,1545.0,inv,1253.0,-0.25708949999999997,0.1035895,-0.36067899999999997,ifvg_clean,0.001,10.0,1.0,10.0
2025-11,S2_1x10x,12,-1,103531.0,103586.5,66.60000000000582,666.0000000000582,inv,3.0,-0.159031,0.10353100000000001,-0.262562,ifvg_clean,0.001,10.0,1.0,10.0
2025-11,S2_1x10x,13,1,105956.6,105931.4,30.70000000001164,307.0000000001164,inv,70.0,-0.13115660000001167,0.10595660000000001,-0.23711320000001168,ifvg_clean,0.001,10.0,1.0,10.0
2025-11,S2_1x10x,14,-1,104936.4,105058.79999999999,122.39999999999418,1223.9999999999418,sl,343.0,-0.22733639999999417,0.1049364,-0.33227279999999415,ifvg_clean,0.001,10.0,1.0,10.0
2025-11,S2_1x10x,15,-1,105068.7,105106.59999999999,37.89999999999418,378.9999999999418,sl,575.0,-0.14296869999999418,0.1050687,-0.2480373999999942,ifvg_clean,0.001,10.0,1.0,10.0
2025-11,S2_1x10x,16,-1,105336.7,105361.0,30.89999999999418,308.9999999999418,inv,24.0,-0.1296367000000029,0.10533669999999999,-0.23497340000000289,ifvg_clean,0.001,10.0,1.0,10.0
2025-11,S2_1x10x,17,-1,105813.4,105825.6,32.30000000000291,323.0000000000291,inv,3.0,-0.11801340000001165,0.1058134,-0.22382680000001165,ifvg_clean,0.001,10.0,1.0,10.0
2025-11,S2_1x10x,18,1,105512.7,105432.79999999999,79.90000000000873,799.0000000000873,sl,8744.0,-0.18541270000000873,0.1055127,-0.2909254000000087,ifvg_clean,0.001,10.0,1.0,10.0
2025-11,S2_1x10x,19,-1,106003.3,106042.4,39.09999999999127,390.9999999999127,sl,3.0,-0.14510329999999128,0.10600330000000001,-0.2511065999999913,ifvg_clean,0.001,10.0,1.0,10.0
2025-11,S2_1x10x,20,1,106576.3,106496.40000000001,79.89999999999418,798.9999999999418,sl,152.0,-0.18647629999999418,0.1065763,-0.29305259999999417,ifvg_clean,0.001,10.0,1.0,10.0
2025-11,S2_1x10x,21,1,106414.9,106383.5,33.89999999999418,338.9999999999418,inv,212.0,-0.1378148999999942,0.1064149,-0.2442297999999942,ifvg_clean,0.001,10.0,1.0,10.0
2025-11,S2_1x10x,22,-1,105406.6,105447.3,40.69999999999709,406.9999999999709,sl,61.0,-0.14610659999999712,0.10540660000000002,-0.2515131999999971,ifvg_clean,0.001,10.0,1.0,10.0
2025-11,S2_1x10x,23,1,105304.8,105267.7,37.10000000000582,371.0000000000582,sl,302.0,-0.14240480000000583,0.1053048,-0.24770960000000583,ifvg_clean,0.001,10.0,1.0,10.0
2025-11,S2_1x10x,24,1,104850.1,104732.1,118.0,1180.0,sl,2477.0,-0.22285010000000002,0.10485010000000002,-0.32770020000000005,ifvg_clean,0.001,10.0,1.0,10.0
2025-11,S2_1x10x,25,-1,101624.8,101636.9,22.09999999999127,220.9999999999127,inv,428.0,-0.11372479999999129,0.10162480000000002,-0.21534959999999131,ifvg_clean,0.001,10.0,1.0,10.0
2025-11,S2_1x10x,26,-1,101482.0,101561.4,79.39999999999418,793.9999999999418,inv,140.0,-0.1808819999999942,0.101482,-0.2823639999999942,ifvg_clean,0.001,10.0,1.0,10.0
2025-11,S2_1x10x,27,-1,102478.0,102506.1,28.30000000000291,283.0000000000291,inv,9.0,-0.13057800000000583,0.10247800000000001,-0.23305600000000584,ifvg_clean,0.001,10.0,1.0,10.0
2025-11,S2_1x10x,28,1,102446.1,102244.70000000001,201.39999999999418,2013.9999999999418,sl,813.0,-0.3038460999999942,0.1024461,-0.40629219999999416,ifvg_clean,0.001,10.0,1.0,10.0
2025-11,S2_1x10x,29,-1,101815.5,101161.50000000006,65.39999999999418,653.9999999999418,tp,1035.0,0.5521844999999419,0.1018155,0.4503689999999419,ifvg_clean,0.001,10.0,1.0,10.0
2025-11,S2_1x10x,30,-1,100996.8,101032.6,35.80000000000291,358.0000000000291,sl,29.0,-0.13679680000000294,0.10099680000000001,-0.23779360000000294,ifvg_clean,0.001,10.0,1.0,10.0
2025-11,S2_1x10x,31,-1,100791.8,100272.80000000006,51.89999999999418,518.9999999999418,tp,1617.0,0.41820819999994185,0.10079180000000001,0.31741639999994187,ifvg_clean,0.001,10.0,1.0,10.0
2025-11,S2_1x10x,32,-1,100431.3,100452.0,20.69999999999709,206.9999999999709,sl,1.0,-0.12113129999999711,0.10043130000000002,-0.2215625999999971,ifvg_clean,0.001,10.0,1.0,10.0
2025-11,S2_1x10x,33,-1,99881.3,99907.1,25.80000000000291,258.0000000000291,sl,18.0,-0.1256813000000029,0.0998813,-0.22556260000000292,ifvg_clean,0.001,10.0,1.0,10.0
2025-11,S2_1x10x,34,-1,98707.8,98712.7,22.09999999999127,220.9999999999127,inv,0.0,-0.10360779999999419,0.09870780000000001,-0.2023155999999942,ifvg_clean,0.001,10.0,1.0,10.0
2025-11,S2_1x10x,35,1,98524.0,98472.1,53.69999999999709,536.9999999999709,inv,5.0,-0.15042399999999417,0.098524,-0.24894799999999417,ifvg_clean,0.001,10.0,1.0,10.0
2025-11,S2_1x10x,36,-1,98363.1,98408.20000000001,45.10000000000582,451.0000000000582,sl,5.0,-0.14346310000000584,0.09836310000000001,-0.24182620000000585,ifvg_clean,0.001,10.0,1.0,10.0
2025-11,S2_1x10x,37,1,99617.7,100298.70000000006,68.10000000000582,681.0000000000582,tp,953.0,0.5813823000000582,0.0996177,0.48176460000005816,ifvg_clean,0.001,10.0,1.0,10.0
2025-11,S2_1x10x,38,1,99397.1,99353.1,44.0,440.0,sl,88.0,-0.1433971,0.09939710000000002,-0.24279420000000002,ifvg_clean,0.001,10.0,1.0,10.0
2025-11,S2_1x10x,39,1,99539.8,99506.6,33.19999999999709,331.9999999999709,sl,8.0,-0.13273979999999708,0.0995398,-0.2322795999999971,ifvg_clean,0.001,10.0,1.0,10.0
2025-11,S2_1x10x,40,-1,99283.8,99337.3,53.5,535.0,sl,45.0,-0.1527838,0.0992838,-0.2520676,ifvg_clean,0.001,10.0,1.0,10.0
2025-11,S2_1x10x,41,-1,99106.9,98898.89999999997,20.80000000000291,208.0000000000291,tp,233.0,0.10889310000002911,0.0991069,0.00978620000002911,ifvg_clean,0.001,10.0,1.0,10.0
2025-11,S2_1x10x,42,-1,97835.9,97912.79999999999,76.89999999999418,768.9999999999418,sl,912.0,-0.17473589999999417,0.0978359,-0.27257179999999415,ifvg_clean,0.001,10.0,1.0,10.0
2025-11,S2_1x10x,43,-1,97077.4,97125.0,51.10000000000582,511.0000000000582,inv,90.0,-0.1446774000000058,0.0970774,-0.24175480000000582,ifvg_clean,0.001,10.0,1.0,10.0
2025-11,S2_1x10x,44,1,96901.7,96868.1,49.39999999999418,493.9999999999418,inv,2.0,-0.13050169999999128,0.09690170000000001,-0.2274033999999913,ifvg_clean,0.001,10.0,1.0,10.0
2025-11,S2_1x10x,45,-1,96622.3,96645.2,22.89999999999418,228.9999999999418,sl,1.0,-0.11952229999999418,0.09662230000000001,-0.2161445999999942,ifvg_clean,0.001,10.0,1.0,10.0
2025-11,S2_1x10x,46,-1,97165.0,96883.00000000003,28.19999999999709,281.9999999999709,tp,360.0,0.18483499999997088,0.097165,0.08766999999997088,ifvg_clean,0.001,10.0,1.0,10.0
2025-11,S2_1x10x,47,-1,96324.4,95858.39999999994,46.60000000000582,466.0000000000582,tp,2172.0,0.36967560000005817,0.0963244,0.2733512000000582,ifvg_clean,0.001,10.0,1.0,10.0
2025-11,S2_1x10x,48,-1,95949.0,96055.1,110.60000000000582,1106.0000000000582,inv,3017.0,-0.20204900000000584,0.095949,-0.29799800000000587,ifvg_clean,0.001,10.0,1.0,10.0
2025-11,S2_1x10x,49,-1,95592.6,95619.8,27.19999999999709,271.9999999999709,sl,45.0,-0.12279259999999709,0.0955926,-0.2183851999999971,ifvg_clean,0.001,10.0,1.0,10.0
2025-11,S2_1x10x,50,-1,94659.3,94705.7,51.0,510.0,inv,11.0,-0.14105929999999417,0.0946593,-0.23571859999999417,ifvg_clean,0.001,10.0,1.0,10.0
2025-11,S2_1x10x,51,1,94882.3,95115.30000000003,23.30000000000291,233.0000000000291,tp,98.0,0.1381177000000291,0.0948823,0.043235400000029095,ifvg_clean,0.001,10.0,1.0,10.0
2025-11,S2_1x10x,52,-1,95747.5,95772.3,40.80000000000291,408.0000000000291,inv,9.0,-0.12054750000000292,0.0957475,-0.2162950000000029,ifvg_clean,0.001,10.0,1.0,10.0
2025-11,S2_1x10x,53,1,95304.8,95237.90000000001,66.89999999999418,668.9999999999418,sl,152.0,-0.1622047999999942,0.09530480000000001,-0.25750959999999423,ifvg_clean,0.001,10.0,1.0,10.0
2025-11,S2_1x10x,54,-1,93649.8,93816.7,166.89999999999418,1668.9999999999418,sl,1899.0,-0.26054979999999417,0.0936498,-0.3541995999999942,ifvg_clean,0.001,10.0,1.0,10.0
2025-11,S2_1x10x,55,-1,90717.1,90764.80000000002,47.70000000001164,477.0000000001164,sl,9.0,-0.13841710000001164,0.09071710000000001,-0.22913420000001167,ifvg_clean,0.001,10.0,1.0,10.0
2025-11,S2_1x10x,56,1,93583.5,93546.8,36.69999999999709,366.9999999999709,sl,6.0,-0.13028349999999708,0.0935835,-0.2238669999999971,ifvg_clean,0.001,10.0,1.0,10.0
2025-11,S2_1x10x,57,1,93290.4,93274.9,20.90000000000873,209.0000000000873,inv,3.0,-0.1087904,0.0932904,-0.2020808,ifvg_clean,0.001,10.0,1.0,10.0
2025-11,S2_1x10x,58,-1,93214.6,93240.6,26.0,260.0,sl,311.0,-0.1192146,0.09321460000000001,-0.2124292,ifvg_clean,0.001,10.0,1.0,10.0
2025-11,S2_1x10x,59,-1,93474.8,93516.0,43.5,435.0,inv,2703.0,-0.1346747999999971,0.09347480000000001,-0.22814959999999712,ifvg_clean,0.001,10.0,1.0,10.0
2025-11,S2_1x10x,60,1,93162.9,93139.5,24.0,240.0,inv,36.0,-0.11656289999999417,0.09316289999999999,-0.20972579999999416,ifvg_clean,0.001,10.0,1.0,10.0
2025-11,S2_1x10x,61,1,92915.2,92876.5,39.60000000000582,396.0000000000582,inv,179.0,-0.1316151999999971,0.0929152,-0.2245303999999971,ifvg_clean,0.001,10.0,1.0,10.0
2025-11,S2_1x10x,62,1,93049.4,92997.7,51.69999999999709,516.9999999999709,sl,2945.0,-0.14474939999999709,0.09304939999999999,-0.2377987999999971,ifvg_clean,0.001,10.0,1.0,10.0
2025-11,S2_1x10x,63,1,89255.8,89182.6,73.19999999999709,731.9999999999709,sl,75.0,-0.1624557999999971,0.08925580000000001,-0.2517115999999971,ifvg_clean,0.001,10.0,1.0,10.0
2025-11,S2_1x10x,64,-1,89528.6,89575.9,49.0,490.0,inv,54.0,-0.13682859999998837,0.08952860000000001,-0.22635719999998838,ifvg_clean,0.001,10.0,1.0,10.0
2025-11,S2_1x10x,65,-1,91820.8,91883.8,89.60000000000582,896.0000000000582,inv,2.0,-0.1548208,0.09182080000000001,-0.24664160000000002,ifvg_clean,0.001,10.0,1.0,10.0
2025-11,S2_1x10x,66,-1,82220.0,82290.09999999999,70.09999999999127,700.9999999999127,sl,207.0,-0.15231999999999127,0.08222,-0.23453999999999126,ifvg_clean,0.001,10.0,1.0,10.0
2025-11,S2_1x10x,67,1,82096.4,82038.5,58.10000000000582,581.0000000000582,inv,30.0,-0.1399963999999942,0.0820964,-0.2220927999999942,ifvg_clean,0.001,10.0,1.0,10.0
2025-11,S2_1x10x,68,1,82784.7,82810.8,26.30000000000291,263.0000000000291,inv,0.0,-0.05668469999999418,0.0827847,-0.1394693999999942,ifvg_clean,0.001,10.0,1.0,10.0
2025-11,S2_1x10x,69,-1,82960.7,83070.5,109.80000000000291,1098.000000000029,sl,11.0,-0.1927607000000029,0.0829607,-0.2757214000000029,ifvg_clean,0.001,10.0,1.0,10.0
2025-11,S2_1x10x,70,1,83343.6,84643.6,130.0,1300.0,tp,588.0,1.2166564,0.08334360000000002,1.1333128,ifvg_clean,0.001,10.0,1.0,10.0
2025-11,S2_1x10x,71,1,83468.4,83410.4,58.20000000001164,582.0000000001164,inv,18.0,-0.1414684,0.0834684,-0.2249368,ifvg_clean,0.001,10.0,1.0,10.0
2025-11,S2_1x10x,72,-1,84982.6,85012.1,33.60000000000582,336.0000000000582,inv,67.0,-0.1144826,0.0849826,-0.1994652,ifvg_clean,0.001,10.0,1.0,10.0
2025-11,S2_1x10x,73,1,85096.6,85062.30000000002,34.29999999998836,342.9999999998836,sl,5.0,-0.11939659999998836,0.08509660000000001,-0.20449319999998838,ifvg_clean,0.001,10.0,1.0,10.0
2025-11,S2_1x10x,74,-1,84684.9,84432.90000000002,25.19999999999709,251.9999999999709,tp,437.0,0.1673150999999709,0.08468490000000001,0.0826301999999709,ifvg_clean,0.001,10.0,1.0,10.0
2025-11,S2_1x10x,75,1,84670.5,84628.3,42.19999999999709,421.9999999999709,sl,29.0,-0.1268704999999971,0.08467050000000001,-0.21154099999999712,ifvg_clean,0.001,10.0,1.0,10.0
2025-11,S2_1x10x,76,1,84155.5,84096.9,74.20000000001164,742.0000000001164,inv,21.0,-0.14275550000000584,0.08415550000000001,-0.22691100000000586,ifvg_clean,0.001,10.0,1.0,10.0
2025-11,S2_1x10x,77,1,84009.4,83985.0,24.39999999999418,243.9999999999418,sl,525.0,-0.10840939999999417,0.0840094,-0.19241879999999417,ifvg_clean,0.001,10.0,1.0,10.0
2025-11,S2_1x10x,78,-1,84497.3,84544.2,46.89999999999418,468.9999999999418,inv,71.0,-0.1313972999999942,0.08449730000000001,-0.21589459999999422,ifvg_clean,0.001,10.0,1.0,10.0
2025-11,S2_1x10x,79,-1,85767.1,85787.9,27.39999999999418,273.9999999999418,inv,65.0,-0.10656709999998837,0.08576710000000001,-0.19233419999998838,ifvg_clean,0.001,10.0,1.0,10.0
2025-11,S2_1x10x,80,-1,87378.6,87415.8,37.19999999999709,371.9999999999709,inv,32.0,-0.1245785999999971,0.0873786,-0.2119571999999971,ifvg_clean,0.001,10.0,1.0,10.0
2025-11,S2_1x10x,81,1,85960.5,85938.7,29.19999999999709,291.9999999999709,inv,135.0,-0.10776050000000291,0.0859605,-0.19372100000000292,ifvg_clean,0.001,10.0,1.0,10.0
2025-11,S2_1x10x,82,1,86169.8,86099.0,72.19999999999709,721.9999999999709,inv,45.0,-0.15696980000000293,0.0861698,-0.24313960000000295,ifvg_clean,0.001,10.0,1.0,10.0
2025-11,S2_1x10x,83,-1,88598.0,88618.3,30.0,300.0,inv,9.0,-0.10889800000000291,0.088598,-0.1974960000000029,ifvg_clean,0.001,10.0,1.0,10.0
2025-11,S2_1x10x,84,1,88372.8,88270.1,102.69999999999709,1026.999999999971,sl,3667.0,-0.1910727999999971,0.0883728,-0.2794455999999971,ifvg_clean,0.001,10.0,1.0,10.0
2025-11,S2_1x10x,85,1,88672.2,88624.4,50.60000000000582,506.0000000000582,inv,38.0,-0.13647220000000293,0.0886722,-0.22514440000000294,ifvg_clean,0.001,10.0,1.0,10.0
2025-11,S2_1x10x,86,1,88033.9,87958.2,112.60000000000582,1126.0000000000582,inv,324.0,-0.1637338999999971,0.0880339,-0.2517677999999971,ifvg_clean,0.001,10.0,1.0,10.0
2025-11,S2_1x10x,87,-1,87696.0,87756.09999999999,60.09999999999127,600.9999999999127,sl,1333.0,-0.14779599999999127,0.087696,-0.23549199999999126,ifvg_clean,0.001,10.0,1.0,10.0
2025-11,S2_1x10x,88,-1,87513.3,87537.0,23.69999999999709,236.9999999999709,sl,8.0,-0.1112132999999971,0.0875133,-0.1987265999999971,ifvg_clean,0.001,10.0,1.0,10.0
2025-11,S2_1x10x,89,-1,86276.0,86357.7,81.69999999999709,816.9999999999709,sl,17.0,-0.16797599999999707,0.08627599999999999,-0.25425199999999704,ifvg_clean,0.001,10.0,1.0,10.0
2025-11,S2_1x10x,90,-1,86583.1,86580.2,21.09999999999127,210.9999999999127,inv,0.0,-0.08368309999999128,0.08658310000000001,-0.1702661999999913,ifvg_clean,0.001,10.0,1.0,10.0
2025-11,S2_1x10x,91,1,87490.5,87468.09999999999,22.40000000000873,224.0000000000873,inv,327.0,-0.10989050000000873,0.0874905,-0.19738100000000874,ifvg_clean,0.001,10.0,1.0,10.0
2025-11,S2_1x10x,92,-1,87337.8,87349.3,20.69999999999709,206.9999999999709,inv,9.0,-0.0988378,0.08733780000000001,-0.1861756,ifvg_clean,0.001,10.0,1.0,10.0
2025-11,S2_1x10x,93,-1,87248.5,87297.59999999999,49.09999999999127,490.9999999999127,inv,154.0,-0.13634849999999127,0.0872485,-0.22359699999999127,ifvg_clean,0.001,10.0,1.0,10.0
2025-11,S2_1x10x,94,-1,87879.6,87899.70000000001,20.10000000000582,201.0000000000582,sl,21.0,-0.10797960000000584,0.08787960000000002,-0.19585920000000584,ifvg_clean,0.001,10.0,1.0,10.0
2025-11,S2_1x10x,95,-1,87191.7,87226.40000000001,34.70000000001164,347.0000000001164,sl,1663.0,-0.12189170000001165,0.0871917,-0.20908340000001163,ifvg_clean,0.001,10.0,1.0,10.0
2025-11,S2_1x10x,96,-1,90137.1,90189.5,56.69999999999709,566.9999999999709,inv,113.0,-0.1425370999999942,0.09013710000000001,-0.23267419999999422,ifvg_clean,0.001,10.0,1.0,10.0
2025-11,S2_1x10x,97,1,90479.8,90452.6,27.19999999999709,271.9999999999709,sl,32.0,-0.1176797999999971,0.09047980000000001,-0.2081595999999971,ifvg_clean,0.001,10.0,1.0,10.0
2025-11,S2_1x10x,98,1,91519.9,91476.2,43.69999999999709,436.9999999999709,sl,83.0,-0.1352198999999971,0.0915199,-0.2267397999999971,ifvg_clean,0.001,10.0,1.0,10.0
2025-11,S2_1x10x,99,1,91214.6,91192.2,23.30000000000291,233.0000000000291,inv,42.0,-0.11361460000000874,0.0912146,-0.20482920000000876,ifvg_clean,0.001,10.0,1.0,10.0
2025-11,S2_1x10x,100,-1,92091.0,92121.0,30.0,300.0,sl,4.0,-0.122091,0.092091,-0.214182,ifvg_clean,0.001,10.0,1.0,10.0
2025-11,S2_1x10x,101,-1,92028.2,91454.20000000006,57.39999999999418,573.9999999999418,tp,993.0,0.4819717999999418,0.0920282,0.38994359999994177,ifvg_clean,0.001,10.0,1.0,10.0
2025-11,S2_1x10x,102,-1,91248.2,91296.79999999999,48.59999999999127,485.9999999999127,sl,4.0,-0.13984819999999126,0.0912482,-0.23109639999999126,ifvg_clean,0.001,10.0,1.0,10.0
2025-11,S2_1x10x,103,-1,90431.8,90482.1,50.30000000000291,503.0000000000291,sl,11.0,-0.1407318000000029,0.0904318,-0.2311636000000029,ifvg_clean,0.001,10.0,1.0,10.0
2025-11,S2_1x10x,104,-1,90891.5,90917.9,26.39999999999418,263.9999999999418,sl,33.0,-0.11729149999999419,0.09089150000000001,-0.2081829999999942,ifvg_clean,0.001,10.0,1.0,10.0
2025-11,S3_1x20x,0,-1,109580.3,109659.1,78.80000000000291,1576.0000000000582,sl,33.0,-0.18838030000000291,0.1095803,-0.2979606000000029,ifvg_clean,0.001,20.0,1.0,20.0
2025-11,S3_1x20x,1,1,108730.7,108705.2,28.0,560.0,inv,8.0,-0.1342307,0.1087307,-0.2429614,ifvg_clean,0.001,20.0,1.0,20.0
2025-11,S3_1x20x,2,-1,110272.3,108228.30000000006,102.19999999999709,2043.9999999999418,tp,9536.0,1.9337276999999418,0.1102723,1.8234553999999417,ifvg_clean,0.001,20.0,1.0,20.0
2025-11,S3_1x20x,3,-1,107361.9,107406.79999999999,44.89999999999418,897.9999999998836,sl,1797.0,-0.15226189999999418,0.1073619,-0.2596237999999942,ifvg_clean,0.001,20.0,1.0,20.0
2025-11,S3_1x20x,4,1,107847.7,107748.29999999999,99.40000000000873,1988.0000000001746,sl,10.0,-0.20724770000000875,0.1078477,-0.31509540000000874,ifvg_clean,0.001,20.0,1.0,20.0
2025-11,S3_1x20x,5,1,107315.0,107278.8,40.0,800.0,inv,15.0,-0.1435149999999971,0.107315,-0.2508299999999971,ifvg_clean,0.001,20.0,1.0,20.0
2025-11,S3_1x20x,6,1,107049.3,106989.20000000001,60.09999999999127,1201.9999999998254,sl,101.0,-0.16714929999999129,0.1070493,-0.2741985999999913,ifvg_clean,0.001,20.0,1.0,20.0
2025-11,S3_1x20x,7,1,103787.4,103760.5,42.0,840.0,inv,42.0,-0.13068739999999418,0.10378739999999999,-0.23447479999999415,ifvg_clean,0.001,20.0,1.0,20.0
2025-11,S3_1x20x,8,-1,100511.4,100676.4,165.0,3300.0,sl,256.0,-0.2655114,0.1005114,-0.3660228,ifvg_clean,0.001,20.0,1.0,20.0
2025-11,S3_1x20x,9,-1,100697.9,100737.79999999999,39.89999999999418,797.9999999998836,sl,511.0,-0.14059789999999417,0.10069789999999999,-0.24129579999999418,ifvg_clean,0.001,20.0,1.0,20.0
2025-11,S3_1x20x,10,-1,103090.3,103119.8,36.19999999999709,723.9999999999418,inv,7.0,-0.1325903,0.1030903,-0.2356806,ifvg_clean,0.001,20.0,1.0,20.0
2025-11,S3_1x20x,11,-1,103589.5,103743.0,154.5,3090.0,inv,1253.0,-0.25708949999999997,0.1035895,-0.36067899999999997,ifvg_clean,0.001,20.0,1.0,20.0
2025-11,S3_1x20x,12,-1,103531.0,103586.5,66.60000000000582,1332.0000000001164,inv,3.0,-0.159031,0.10353100000000001,-0.262562,ifvg_clean,0.001,20.0,1.0,20.0
2025-11,S3_1x20x,13,1,105956.6,105931.4,30.70000000001164,614.0000000002328,inv,70.0,-0.13115660000001167,0.10595660000000001,-0.23711320000001168,ifvg_clean,0.001,20.0,1.0,20.0
2025-11,S3_1x20x,14,-1,104936.4,105058.79999999999,122.39999999999418,2447.9999999998836,sl,343.0,-0.22733639999999417,0.1049364,-0.33227279999999415,ifvg_clean,0.001,20.0,1.0,20.0
2025-11,S3_1x20x,15,-1,105068.7,105106.59999999999,37.89999999999418,757.9999999998836,sl,575.0,-0.14296869999999418,0.1050687,-0.2480373999999942,ifvg_clean,0.001,20.0,1.0,20.0
2025-11,S3_1x20x,16,-1,105336.7,105361.0,30.89999999999418,617.9999999998836,inv,24.0,-0.1296367000000029,0.10533669999999999,-0.23497340000000289,ifvg_clean,0.001,20.0,1.0,20.0
2025-11,S3_1x20x,17,-1,105813.4,105825.6,32.30000000000291,646.0000000000582,inv,3.0,-0.11801340000001165,0.1058134,-0.22382680000001165,ifvg_clean,0.001,20.0,1.0,20.0
2025-11,S3_1x20x,18,1,105512.7,105432.79999999999,79.90000000000873,1598.0000000001746,sl,8744.0,-0.18541270000000873,0.1055127,-0.2909254000000087,ifvg_clean,0.001,20.0,1.0,20.0
2025-11,S3_1x20x,19,-1,106003.3,106042.4,39.09999999999127,781.9999999998254,sl,3.0,-0.14510329999999128,0.10600330000000001,-0.2511065999999913,ifvg_clean,0.001,20.0,1.0,20.0
2025-11,S3_1x20x,20,1,106576.3,106496.40000000001,79.89999999999418,1597.9999999998836,sl,152.0,-0.18647629999999418,0.1065763,-0.29305259999999417,ifvg_clean,0.001,20.0,1.0,20.0
2025-11,S3_1x20x,21,1,106414.9,106383.5,33.89999999999418,677.9999999998836,inv,212.0,-0.1378148999999942,0.1064149,-0.2442297999999942,ifvg_clean,0.001,20.0,1.0,20.0
2025-11,S3_1x20x,22,-1,105406.6,105447.3,40.69999999999709,813.9999999999418,sl,61.0,-0.14610659999999712,0.10540660000000002,-0.2515131999999971,ifvg_clean,0.001,20.0,1.0,20.0
2025-11,S3_1x20x,23,1,105304.8,105267.7,37.10000000000582,742.0000000001164,sl,302.0,-0.14240480000000583,0.1053048,-0.24770960000000583,ifvg_clean,0.001,20.0,1.0,20.0
2025-11,S3_1x20x,24,1,104850.1,104732.1,118.0,2360.0,sl,2477.0,-0.22285010000000002,0.10485010000000002,-0.32770020000000005,ifvg_clean,0.001,20.0,1.0,20.0
2025-11,S3_1x20x,25,-1,101624.8,101636.9,22.09999999999127,441.9999999998254,inv,428.0,-0.11372479999999129,0.10162480000000002,-0.21534959999999131,ifvg_clean,0.001,20.0,1.0,20.0
2025-11,S3_1x20x,26,-1,101482.0,101561.4,79.39999999999418,1587.9999999998836,inv,140.0,-0.1808819999999942,0.101482,-0.2823639999999942,ifvg_clean,0.001,20.0,1.0,20.0
2025-11,S3_1x20x,27,-1,102478.0,102506.1,28.30000000000291,566.0000000000582,inv,9.0,-0.13057800000000583,0.10247800000000001,-0.23305600000000584,ifvg_clean,0.001,20.0,1.0,20.0
2025-11,S3_1x20x,28,1,102446.1,102244.70000000001,201.39999999999418,4027.9999999998836,sl,813.0,-0.3038460999999942,0.1024461,-0.40629219999999416,ifvg_clean,0.001,20.0,1.0,20.0
2025-11,S3_1x20x,29,-1,100996.8,101032.6,35.80000000000291,716.0000000000582,sl,29.0,-0.13679680000000294,0.10099680000000001,-0.23779360000000294,ifvg_clean,0.001,20.0,1.0,20.0
2025-11,S3_1x20x,30,-1,101815.5,100507.50000000012,65.39999999999418,1307.9999999998836,tp,4497.0,1.2061844999998836,0.1018155,1.1043689999998836,ifvg_clean,0.001,20.0,1.0,20.0
2025-11,S3_1x20x,31,-1,100431.3,100452.0,20.69999999999709,413.9999999999418,sl,1.0,-0.12113129999999711,0.10043130000000002,-0.2215625999999971,ifvg_clean,0.001,20.0,1.0,20.0
2025-11,S3_1x20x,32,-1,100791.8,99753.80000000012,51.89999999999418,1037.9999999998836,tp,3404.0,0.9372081999998837,0.10079180000000001,0.8364163999998837,ifvg_clean,0.001,20.0,1.0,20.0
2025-11,S3_1x20x,33,-1,99881.3,99907.1,25.80000000000291,516.0000000000582,sl,18.0,-0.1256813000000029,0.0998813,-0.22556260000000292,ifvg_clean,0.001,20.0,1.0,20.0
2025-11,S3_1x20x,34,-1,98707.8,98712.7,22.09999999999127,441.9999999998254,inv,0.0,-0.10360779999999419,0.09870780000000001,-0.2023155999999942,ifvg_clean,0.001,20.0,1.0,20.0
2025-11,S3_1x20x,35,1,98524.0,98472.1,53.69999999999709,1073.9999999999418,inv,5.0,-0.15042399999999417,0.098524,-0.24894799999999417,ifvg_clean,0.001,20.0,1.0,20.0
2025-11,S3_1x20x,36,-1,98363.1,98408.20000000001,45.10000000000582,902.0000000001164,sl,5.0,-0.14346310000000584,0.09836310000000001,-0.24182620000000585,ifvg_clean,0.001,20.0,1.0,20.0
2025-11,S3_1x20x,37,1,99617.7,99549.59999999999,68.10000000000582,1362.0000000001164,sl,3381.0,-0.16771770000000583,0.0996177,-0.26733540000000583,ifvg_clean,0.001,20.0,1.0,20.0
2025-11,S3_1x20x,38,1,99397.1,99353.1,44.0,880.0,sl,88.0,-0.1433971,0.09939710000000002,-0.24279420000000002,ifvg_clean,0.001,20.0,1.0,20.0
2025-11,S3_1x20x,39,1,99539.8,99506.6,33.19999999999709,663.9999999999418,sl,8.0,-0.13273979999999708,0.0995398,-0.2322795999999971,ifvg_clean,0.001,20.0,1.0,20.0
2025-11,S3_1x20x,40,-1,99283.8,99337.3,53.5,1070.0,sl,45.0,-0.1527838,0.0992838,-0.2520676,ifvg_clean,0.001,20.0,1.0,20.0
2025-11,S3_1x20x,41,-1,99106.9,98690.89999999994,20.80000000000291,416.0000000000582,tp,1836.0,0.3168931000000582,0.0991069,0.21778620000005822,ifvg_clean,0.001,20.0,1.0,20.0
2025-11,S3_1x20x,42,-1,97835.9,97912.79999999999,76.89999999999418,1537.9999999998836,sl,912.0,-0.17473589999999417,0.0978359,-0.27257179999999415,ifvg_clean,0.001,20.0,1.0,20.0
2025-11,S3_1x20x,43,-1,97077.4,97125.0,51.10000000000582,1022.0000000001164,inv,90.0,-0.1446774000000058,0.0970774,-0.24175480000000582,ifvg_clean,0.001,20.0,1.0,20.0
2025-11,S3_1x20x,44,1,96901.7,96868.1,49.39999999999418,987.9999999998836,inv,2.0,-0.13050169999999128,0.09690170000000001,-0.2274033999999913,ifvg_clean,0.001,20.0,1.0,20.0
2025-11,S3_1x20x,45,-1,96622.3,96645.2,22.89999999999418,457.9999999998836,sl,1.0,-0.11952229999999418,0.09662230000000001,-0.2161445999999942,ifvg_clean,0.001,20.0,1.0,20.0
2025-11,S3_1x20x,46,-1,97165.0,97193.2,28.19999999999709,563.9999999999418,inv,496.0,-0.1253649999999971,0.097165,-0.2225299999999971,ifvg_clean,0.001,20.0,1.0,20.0
2025-11,S3_1x20x,47,-1,96324.4,95392.39999999988,46.60000000000582,932.0000000001164,tp,18813.0,0.8356756000001164,0.0963244,0.7393512000001164,ifvg_clean,0.001,20.0,1.0,20.0
2025-11,S3_1x20x,48,-1,95949.0,96055.1,110.60000000000582,2212.0000000001164,inv,3017.0,-0.20204900000000584,0.095949,-0.29799800000000587,ifvg_clean,0.001,20.0,1.0,20.0
2025-11,S3_1x20x,49,-1,95592.6,95619.8,27.19999999999709,543.9999999999418,sl,45.0,-0.12279259999999709,0.0955926,-0.2183851999999971,ifvg_clean,0.001,20.0,1.0,20.0
2025-11,S3_1x20x,50,-1,94659.3,94705.7,51.0,1020.0,inv,11.0,-0.14105929999999417,0.0946593,-0.23571859999999417,ifvg_clean,0.001,20.0,1.0,20.0
2025-11,S3_1x20x,51,1,94882.3,95348.30000000006,23.30000000000291,466.0000000000582,tp,357.0,0.37111770000005817,0.0948823,0.2762354000000582,ifvg_clean,0.001,20.0,1.0,20.0
2025-11,S3_1x20x,52,-1,95747.5,95772.3,40.80000000000291,816.0000000000582,inv,9.0,-0.12054750000000292,0.0957475,-0.2162950000000029,ifvg_clean,0.001,20.0,1.0,20.0
2025-11,S3_1x20x,53,1,95304.8,95237.90000000001,66.89999999999418,1337.9999999998836,sl,152.0,-0.1622047999999942,0.09530480000000001,-0.25750959999999423,ifvg_clean,0.001,20.0,1.0,20.0
2025-11,S3_1x20x,54,-1,93649.8,93816.7,166.89999999999418,3337.9999999998836,sl,1899.0,-0.26054979999999417,0.0936498,-0.3541995999999942,ifvg_clean,0.001,20.0,1.0,20.0
2025-11,S3_1x20x,55,-1,90717.1,90764.80000000002,47.70000000001164,954.0000000002328,sl,9.0,-0.13841710000001164,0.09071710000000001,-0.22913420000001167,ifvg_clean,0.001,20.0,1.0,20.0
2025-11,S3_1x20x,56,1,93583.5,93546.8,36.69999999999709,733.9999999999418,sl,6.0,-0.13028349999999708,0.0935835,-0.2238669999999971,ifvg_clean,0.001,20.0,1.0,20.0
2025-11,S3_1x20x,57,1,93290.4,93274.9,20.90000000000873,418.0000000001746,inv,3.0,-0.1087904,0.0932904,-0.2020808,ifvg_clean,0.001,20.0,1.0,20.0
2025-11,S3_1x20x,58,-1,93214.6,93240.6,26.0,520.0,sl,311.0,-0.1192146,0.09321460000000001,-0.2124292,ifvg_clean,0.001,20.0,1.0,20.0
2025-11,S3_1x20x,59,-1,93474.8,93516.0,43.5,870.0,inv,2703.0,-0.1346747999999971,0.09347480000000001,-0.22814959999999712,ifvg_clean,0.001,20.0,1.0,20.0
2025-11,S3_1x20x,60,1,93162.9,93139.5,24.0,480.0,inv,36.0,-0.11656289999999417,0.09316289999999999,-0.20972579999999416,ifvg_clean,0.001,20.0,1.0,20.0
2025-11,S3_1x20x,61,1,92915.2,92876.5,39.60000000000582,792.0000000001164,inv,179.0,-0.1316151999999971,0.0929152,-0.2245303999999971,ifvg_clean,0.001,20.0,1.0,20.0
2025-11,S3_1x20x,62,1,93049.4,92997.7,51.69999999999709,1033.9999999999418,sl,2945.0,-0.14474939999999709,0.09304939999999999,-0.2377987999999971,ifvg_clean,0.001,20.0,1.0,20.0
2025-11,S3_1x20x,63,1,89255.8,89182.6,73.19999999999709,1463.9999999999418,sl,75.0,-0.1624557999999971,0.08925580000000001,-0.2517115999999971,ifvg_clean,0.001,20.0,1.0,20.0
2025-11,S3_1x20x,64,-1,89528.6,89575.9,49.0,980.0,inv,54.0,-0.13682859999998837,0.08952860000000001,-0.22635719999998838,ifvg_clean,0.001,20.0,1.0,20.0
2025-11,S3_1x20x,65,-1,91820.8,91883.8,89.60000000000582,1792.0000000001164,inv,2.0,-0.1548208,0.09182080000000001,-0.24664160000000002,ifvg_clean,0.001,20.0,1.0,20.0
2025-11,S3_1x20x,66,-1,82220.0,82290.09999999999,70.09999999999127,1401.9999999998254,sl,207.0,-0.15231999999999127,0.08222,-0.23453999999999126,ifvg_clean,0.001,20.0,1.0,20.0
2025-11,S3_1x20x,67,1,82096.4,82038.5,58.10000000000582,1162.0000000001164,inv,30.0,-0.1399963999999942,0.0820964,-0.2220927999999942,ifvg_clean,0.001,20.0,1.0,20.0
2025-11,S3_1x20x,68,1,82784.7,82810.8,26.30000000000291,526.0000000000582,inv,0.0,-0.05668469999999418,0.0827847,-0.1394693999999942,ifvg_clean,0.001,20.0,1.0,20.0
2025-11,S3_1x20x,69,-1,82960.7,83070.5,109.80000000000291,2196.000000000058,sl,11.0,-0.1927607000000029,0.0829607,-0.2757214000000029,ifvg_clean,0.001,20.0,1.0,20.0
2025-11,S3_1x20x,70,1,83468.4,83410.4,58.20000000001164,1164.0000000002328,inv,18.0,-0.1414684,0.0834684,-0.2249368,ifvg_clean,0.001,20.0,1.0,20.0
2025-11,S3_1x20x,71,-1,84982.6,85012.1,33.60000000000582,672.0000000001164,inv,67.0,-0.1144826,0.0849826,-0.1994652,ifvg_clean,0.001,20.0,1.0,20.0
2025-11,S3_1x20x,72,1,85096.6,85062.30000000002,34.29999999998836,685.9999999997672,sl,5.0,-0.11939659999998836,0.08509660000000001,-0.20449319999998838,ifvg_clean,0.001,20.0,1.0,20.0
2025-11,S3_1x20x,73,-1,84684.9,84180.90000000005,25.19999999999709,503.9999999999418,tp,5129.0,0.4193150999999418,0.08468490000000001,0.3346301999999418,ifvg_clean,0.001,20.0,1.0,20.0
2025-11,S3_1x20x,74,1,84670.5,84628.3,42.19999999999709,843.9999999999418,sl,29.0,-0.1268704999999971,0.08467050000000001,-0.21154099999999712,ifvg_clean,0.001,20.0,1.0,20.0
2025-11,S3_1x20x,75,1,84155.5,84096.9,74.20000000001164,1484.0000000002328,inv,21.0,-0.14275550000000584,0.08415550000000001,-0.22691100000000586,ifvg_clean,0.001,20.0,1.0,20.0
2025-11,S3_1x20x,76,1,84009.4,83985.0,24.39999999999418,487.9999999998836,sl,525.0,-0.10840939999999417,0.0840094,-0.19241879999999417,ifvg_clean,0.001,20.0,1.0,20.0
2025-11,S3_1x20x,77,-1,84497.3,84544.2,46.89999999999418,937.9999999998836,inv,71.0,-0.1313972999999942,0.08449730000000001,-0.21589459999999422,ifvg_clean,0.001,20.0,1.0,20.0
2025-11,S3_1x20x,78,-1,85767.1,85787.9,27.39999999999418,547.9999999998836,inv,65.0,-0.10656709999998837,0.08576710000000001,-0.19233419999998838,ifvg_clean,0.001,20.0,1.0,20.0
2025-11,S3_1x20x,79,1,83343.6,85943.6,130.0,2600.0,tp,119230.0,2.5166564,0.08334360000000002,2.4333128,ifvg_clean,0.001,20.0,1.0,20.0
2025-11,S3_1x20x,80,-1,87378.6,87415.8,37.19999999999709,743.9999999999418,inv,32.0,-0.1245785999999971,0.0873786,-0.2119571999999971,ifvg_clean,0.001,20.0,1.0,20.0
2025-11,S3_1x20x,81,1,85960.5,85938.7,29.19999999999709,583.9999999999418,inv,135.0,-0.10776050000000291,0.0859605,-0.19372100000000292,ifvg_clean,0.001,20.0,1.0,20.0
2025-11,S3_1x20x,82,1,86169.8,86099.0,72.19999999999709,1443.9999999999418,inv,45.0,-0.15696980000000293,0.0861698,-0.24313960000000295,ifvg_clean,0.001,20.0,1.0,20.0
2025-11,S3_1x20x,83,-1,88598.0,88618.3,30.0,600.0,inv,9.0,-0.10889800000000291,0.088598,-0.1974960000000029,ifvg_clean,0.001,20.0,1.0,20.0
2025-11,S3_1x20x,84,1,88372.8,88270.1,102.69999999999709,2053.999999999942,sl,3667.0,-0.1910727999999971,0.0883728,-0.2794455999999971,ifvg_clean,0.001,20.0,1.0,20.0
2025-11,S3_1x20x,85,1,88672.2,88624.4,50.60000000000582,1012.0000000001164,inv,38.0,-0.13647220000000293,0.0886722,-0.22514440000000294,ifvg_clean,0.001,20.0,1.0,20.0
2025-11,S3_1x20x,86,1,88033.9,87958.2,112.60000000000582,2252.0000000001164,inv,324.0,-0.1637338999999971,0.0880339,-0.2517677999999971,ifvg_clean,0.001,20.0,1.0,20.0
2025-11,S3_1x20x,87,-1,87696.0,87756.09999999999,60.09999999999127,1201.9999999998254,sl,1333.0,-0.14779599999999127,0.087696,-0.23549199999999126,ifvg_clean,0.001,20.0,1.0,20.0
2025-11,S3_1x20x,88,-1,87513.3,87537.0,23.69999999999709,473.9999999999418,sl,8.0,-0.1112132999999971,0.0875133,-0.1987265999999971,ifvg_clean,0.001,20.0,1.0,20.0
2025-11,S3_1x20x,89,-1,86276.0,86357.7,81.69999999999709,1633.9999999999418,sl,17.0,-0.16797599999999707,0.08627599999999999,-0.25425199999999704,ifvg_clean,0.001,20.0,1.0,20.0
2025-11,S3_1x20x,90,-1,86583.1,86580.2,21.09999999999127,421.9999999998254,inv,0.0,-0.08368309999999128,0.08658310000000001,-0.1702661999999913,ifvg_clean,0.001,20.0,1.0,20.0
2025-11,S3_1x20x,91,1,87490.5,87468.09999999999,22.40000000000873,448.0000000001746,inv,327.0,-0.10989050000000873,0.0874905,-0.19738100000000874,ifvg_clean,0.001,20.0,1.0,20.0
2025-11,S3_1x20x,92,-1,87337.8,87349.3,20.69999999999709,413.9999999999418,inv,9.0,-0.0988378,0.08733780000000001,-0.1861756,ifvg_clean,0.001,20.0,1.0,20.0
2025-11,S3_1x20x,93,-1,87248.5,87297.59999999999,49.09999999999127,981.9999999998254,inv,154.0,-0.13634849999999127,0.0872485,-0.22359699999999127,ifvg_clean,0.001,20.0,1.0,20.0
2025-11,S3_1x20x,94,-1,87879.6,87899.70000000001,20.10000000000582,402.0000000001164,sl,21.0,-0.10797960000000584,0.08787960000000002,-0.19585920000000584,ifvg_clean,0.001,20.0,1.0,20.0
2025-11,S3_1x20x,95,-1,87191.7,87226.40000000001,34.70000000001164,694.0000000002328,sl,1663.0,-0.12189170000001165,0.0871917,-0.20908340000001163,ifvg_clean,0.001,20.0,1.0,20.0
2025-11,S3_1x20x,96,-1,90137.1,90189.5,56.69999999999709,1133.9999999999418,inv,113.0,-0.1425370999999942,0.09013710000000001,-0.23267419999999422,ifvg_clean,0.001,20.0,1.0,20.0
2025-11,S3_1x20x,97,1,90479.8,90452.6,27.19999999999709,543.9999999999418,sl,32.0,-0.1176797999999971,0.09047980000000001,-0.2081595999999971,ifvg_clean,0.001,20.0,1.0,20.0
2025-11,S3_1x20x,98,1,91519.9,91476.2,43.69999999999709,873.9999999999418,sl,83.0,-0.1352198999999971,0.0915199,-0.2267397999999971,ifvg_clean,0.001,20.0,1.0,20.0
2025-11,S3_1x20x,99,1,91214.6,91192.2,23.30000000000291,466.0000000000582,inv,42.0,-0.11361460000000874,0.0912146,-0.20482920000000876,ifvg_clean,0.001,20.0,1.0,20.0
2025-11,S3_1x20x,100,-1,92091.0,92121.0,30.0,600.0,sl,4.0,-0.122091,0.092091,-0.214182,ifvg_clean,0.001,20.0,1.0,20.0
2025-11,S3_1x20x,101,-1,92028.2,90880.20000000011,57.39999999999418,1147.9999999998836,tp,1467.0,1.0559717999998837,0.0920282,0.9639435999998837,ifvg_clean,0.001,20.0,1.0,20.0
2025-11,S3_1x20x,102,-1,91248.2,91296.79999999999,48.59999999999127,971.9999999998254,sl,4.0,-0.13984819999999126,0.0912482,-0.23109639999999126,ifvg_clean,0.001,20.0,1.0,20.0
2025-11,S3_1x20x,103,-1,90431.8,90482.1,50.30000000000291,1006.0000000000582,sl,11.0,-0.1407318000000029,0.0904318,-0.2311636000000029,ifvg_clean,0.001,20.0,1.0,20.0
2025-11,S3_1x20x,104,-1,90891.5,90917.9,26.39999999999418,527.9999999998836,sl,33.0,-0.11729149999999419,0.09089150000000001,-0.2081829999999942,ifvg_clean,0.001,20.0,1.0,20.0
2025-11,S4_2x10x,0,-1,109580.3,109737.90000000001,157.60000000000582,788.0000000000291,sl,386.0,-0.2671803000000058,0.1095803,-0.37676060000000583,ifvg_clean,0.001,5.0,2.0,10.0
2025-11,S4_2x10x,1,-1,110272.3,109250.30000000003,204.39999999999418,1021.9999999999709,tp,6738.0,0.9117276999999709,0.1102723,0.801455399999971,ifvg_clean,0.001,5.0,2.0,10.0
2025-11,S4_2x10x,2,1,108730.7,108705.2,56.0,280.0,inv,8.0,-0.1342307,0.1087307,-0.2429614,ifvg_clean,0.001,5.0,2.0,10.0
2025-11,S4_2x10x,3,-1,107361.9,107451.69999999998,89.79999999998836,448.9999999999418,sl,1800.0,-0.19716189999998834,0.1073619,-0.30452379999998835,ifvg_clean,0.001,5.0,2.0,10.0
2025-11,S4_2x10x,4,1,107847.7,107648.89999999998,198.80000000001746,994.0000000000873,sl,3543.0,-0.30664770000001745,0.1078477,-0.41449540000001744,ifvg_clean,0.001,5.0,2.0,10.0
2025-11,S4_2x10x,5,1,107315.0,107278.8,80.0,400.0,inv,15.0,-0.1435149999999971,0.107315,-0.2508299999999971,ifvg_clean,0.001,5.0,2.0,10.0
2025-11,S4_2x10x,6,1,107049.3,106929.10000000002,120.19999999998254,600.9999999999127,sl,3041.0,-0.22724929999998256,0.1070493,-0.33429859999998257,ifvg_clean,0.001,5.0,2.0,10.0
2025-11,S4_2x10x,7,1,103787.4,103760.5,84.0,420.0,inv,42.0,-0.13068739999999418,0.10378739999999999,-0.23447479999999415,ifvg_clean,0.001,5.0,2.0,10.0
2025-11,S4_2x10x,8,-1,100697.9,100777.69999999998,79.79999999998836,398.9999999999418,sl,513.0,-0.18049789999998836,0.10069789999999999,-0.28119579999998834,ifvg_clean,0.001,5.0,2.0,10.0
2025-11,S4_2x10x,9,-1,100511.4,100841.4,330.0,1650.0,sl,409.0,-0.4305114,0.1005114,-0.5310228,ifvg_clean,0.001,5.0,2.0,10.0
2025-11,S4_2x10x,10,-1,103090.3,103119.8,72.39999999999418,361.9999999999709,inv,7.0,-0.1325903,0.1030903,-0.2356806,ifvg_clean,0.001,5.0,2.0,10.0
2025-11,S4_2x10x,11,-1,103589.5,103743.0,309.0,1545.0,inv,1253.0,-0.25708949999999997,0.1035895,-0.36067899999999997,ifvg_clean,0.001,5.0,2.0,10.0
2025-11,S4_2x10x,12,-1,103531.0,103586.5,133.20000000001164,666.0000000000582,inv,3.0,-0.159031,0.10353100000000001,-0.262562,ifvg_clean,0.001,5.0,2.0,10.0
2025-11,S4_2x10x,13,1,105956.6,105931.4,61.40000000002328,307.0000000001164,inv,70.0,-0.13115660000001167,0.10595660000000001,-0.23711320000001168,ifvg_clean,0.001,5.0,2.0,10.0
2025-11,S4_2x10x,14,-1,104936.4,105181.19999999998,244.79999999998836,1223.9999999999418,sl,473.0,-0.34973639999998835,0.1049364,-0.45467279999998833,ifvg_clean,0.001,5.0,2.0,10.0
2025-11,S4_2x10x,15,-1,105068.7,105144.49999999999,75.79999999998836,378.9999999999418,sl,819.0,-0.18086869999998836,0.1050687,-0.28593739999998835,ifvg_clean,0.001,5.0,2.0,10.0
2025-11,S4_2x10x,16,-1,105336.7,105361.0,61.79999999998836,308.9999999999418,inv,24.0,-0.1296367000000029,0.10533669999999999,-0.23497340000000289,ifvg_clean,0.001,5.0,2.0,10.0
2025-11,S4_2x10x,17,-1,105813.4,105825.6,64.60000000000582,323.0000000000291,inv,3.0,-0.11801340000001165,0.1058134,-0.22382680000001165,ifvg_clean,0.001,5.0,2.0,10.0
2025-11,S4_2x10x,18,1,105512.7,106311.70000000008,159.80000000001746,799.0000000000873,tp,10395.0,0.6934873000000873,0.1055127,0.5879746000000873,ifvg_clean,0.001,5.0,2.0,10.0
2025-11,S4_2x10x,19,-1,106003.3,106081.49999999999,78.19999999998254,390.9999999999127,sl,406.0,-0.18420329999998253,0.10600330000000001,-0.29020659999998255,ifvg_clean,0.001,5.0,2.0,10.0
2025-11,S4_2x10x,20,1,106576.3,106416.50000000001,159.79999999998836,798.9999999999418,sl,243.0,-0.26637629999998835,0.1065763,-0.37295259999998837,ifvg_clean,0.001,5.0,2.0,10.0
2025-11,S4_2x10x,21,1,106414.9,106383.5,67.79999999998836,338.9999999999418,inv,212.0,-0.1378148999999942,0.1064149,-0.2442297999999942,ifvg_clean,0.001,5.0,2.0,10.0
2025-11,S4_2x10x,22,-1,105406.6,105488.0,81.39999999999418,406.9999999999709,sl,78.0,-0.18680659999999422,0.10540660000000002,-0.29221319999999423,ifvg_clean,0.001,5.0,2.0,10.0
2025-11,S4_2x10x,23,1,105304.8,105230.59999999999,74.20000000001164,371.0000000000582,sl,340.0,-0.17950480000001165,0.1053048,-0.28480960000001165,ifvg_clean,0.001,5.0,2.0,10.0
2025-11,S4_2x10x,24,1,104850.1,104614.1,236.0,1180.0,sl,9129.0,-0.34085010000000004,0.10485010000000002,-0.44570020000000005,ifvg_clean,0.001,5.0,2.0,10.0
2025-11,S4_2x10x,25,-1,101624.8,101636.9,44.19999999998254,220.9999999999127,inv,428.0,-0.11372479999999129,0.10162480000000002,-0.21534959999999131,ifvg_clean,0.001,5.0,2.0,10.0
2025-11,S4_2x10x,26,-1,101482.0,101561.9,158.79999999998836,793.9999999999418,inv,140.0,-0.1813819999999942,0.101482,-0.2828639999999942,ifvg_clean,0.001,5.0,2.0,10.0
2025-11,S4_2x10x,27,-1,102478.0,102506.1,56.60000000000582,283.0000000000291,inv,9.0,-0.13057800000000583,0.10247800000000001,-0.23305600000000584,ifvg_clean,0.001,5.0,2.0,10.0
2025-11,S4_2x10x,28,1,102446.1,102043.30000000002,402.79999999998836,2013.9999999999418,sl,1142.0,-0.5052460999999884,0.1024461,-0.6076921999999884,ifvg_clean,0.001,5.0,2.0,10.0
2025-11,S4_2x10x,29,-1,101815.5,101161.50000000006,130.79999999998836,653.9999999999418,tp,1035.0,0.5521844999999419,0.1018155,0.4503689999999419,ifvg_clean,0.001,5.0,2.0,10.0
2025-11,S4_2x10x,30,-1,100996.8,101068.40000000001,71.60000000000582,358.0000000000291,sl,38.0,-0.17259680000000582,0.10099680000000001,-0.2735936000000058,ifvg_clean,0.001,5.0,2.0,10.0
2025-11,S4_2x10x,31,-1,100791.8,100272.80000000006,103.79999999998836,518.9999999999418,tp,1617.0,0.41820819999994185,0.10079180000000001,0.31741639999994187,ifvg_clean,0.001,5.0,2.0,10.0
2025-11,S4_2x10x,32,-1,100431.3,100224.30000000003,41.39999999999418,206.9999999999709,tp,204.0,0.10656869999997089,0.10043130000000002,0.006137399999970872,ifvg_clean,0.001,5.0,2.0,10.0
2025-11,S4_2x10x,33,-1,99881.3,99623.29999999997,51.60000000000582,258.0000000000291,tp,291.0,0.1581187000000291,0.0998813,0.05823740000002908,ifvg_clean,0.001,5.0,2.0,10.0
2025-11,S4_2x10x,34,-1,98707.8,98712.7,44.19999999998254,220.9999999999127,inv,0.0,-0.10360779999999419,0.09870780000000001,-0.2023155999999942,ifvg_clean,0.001,5.0,2.0,10.0
2025-11,S4_2x10x,35,1,98524.0,98472.1,107.39999999999418,536.9999999999709,inv,5.0,-0.15042399999999417,0.098524,-0.24894799999999417,ifvg_clean,0.001,5.0,2.0,10.0
2025-11,S4_2x10x,36,-1,98363.1,98453.30000000002,90.20000000001164,451.0000000000582,sl,59.0,-0.18856310000001164,0.09836310000000001,-0.2869262000000117,ifvg_clean,0.001,5.0,2.0,10.0
2025-11,S4_2x10x,37,1,99617.7,100298.70000000006,136.20000000001164,681.0000000000582,tp,953.0,0.5813823000000582,0.0996177,0.48176460000005816,ifvg_clean,0.001,5.0,2.0,10.0
2025-11,S4_2x10x,38,1,99397.1,99309.1,88.0,440.0,sl,116.0,-0.1873971,0.09939710000000002,-0.2867942,ifvg_clean,0.001,5.0,2.0,10.0
2025-11,S4_2x10x,39,1,99539.8,99473.40000000001,66.39999999999418,331.9999999999709,sl,22.0,-0.1659397999999942,0.0995398,-0.2654795999999942,ifvg_clean,0.001,5.0,2.0,10.0
2025-11,S4_2x10x,40,-1,99283.8,99390.8,107.0,535.0,sl,89.0,-0.20628380000000002,0.0992838,-0.30556760000000005,ifvg_clean,0.001,5.0,2.0,10.0
2025-11,S4_2x10x,41,-1,99106.9,98898.89999999997,41.60000000000582,208.0000000000291,tp,233.0,0.10889310000002911,0.0991069,0.00978620000002911,ifvg_clean,0.001,5.0,2.0,10.0
2025-11,S4_2x10x,42,-1,97835.9,97989.69999999998,153.79999999998836,768.9999999999418,sl,962.0,-0.25163589999998837,0.0978359,-0.34947179999998834,ifvg_clean,0.001,5.0,2.0,10.0
2025-11,S4_2x10x,43,-1,97077.4,97125.0,102.20000000001164,511.0000000000582,inv,90.0,-0.1446774000000058,0.0970774,-0.24175480000000582,ifvg_clean,0.001,5.0,2.0,10.0
2025-11,S4_2x10x,44,1,96901.7,96868.1,98.79999999998836,493.9999999999418,inv,2.0,-0.13050169999999128,0.09690170000000001,-0.2274033999999913,ifvg_clean,0.001,5.0,2.0,10.0
2025-11,S4_2x10x,45,-1,96622.3,96668.09999999999,45.79999999998836,228.9999999999418,sl,2.0,-0.14242229999998837,0.09662230000000001,-0.2390445999999884,ifvg_clean,0.001,5.0,2.0,10.0
2025-11,S4_2x10x,46,-1,97165.0,96883.00000000003,56.39999999999418,281.9999999999709,tp,360.0,0.18483499999997088,0.097165,0.08766999999997088,ifvg_clean,0.001,5.0,2.0,10.0
2025-11,S4_2x10x,47,-1,96324.4,95858.39999999994,93.20000000001164,466.0000000000582,tp,2172.0,0.36967560000005817,0.0963244,0.2733512000000582,ifvg_clean,0.001,5.0,2.0,10.0
2025-11,S4_2x10x,48,-1,95949.0,96055.1,221.20000000001164,1106.0000000000582,inv,3017.0,-0.20204900000000584,0.095949,-0.29799800000000587,ifvg_clean,0.001,5.0,2.0,10.0
2025-11,S4_2x10x,49,-1,95592.6,95647.0,54.39999999999418,271.9999999999709,sl,47.0,-0.14999259999999418,0.0955926,-0.24558519999999417,ifvg_clean,0.001,5.0,2.0,10.0
2025-11,S4_2x10x,50,-1,94659.3,94705.7,102.0,510.0,inv,11.0,-0.14105929999999417,0.0946593,-0.23571859999999417,ifvg_clean,0.001,5.0,2.0,10.0
2025-11,S4_2x10x,51,1,94882.3,95115.30000000003,46.60000000000582,233.0000000000291,tp,98.0,0.1381177000000291,0.0948823,0.043235400000029095,ifvg_clean,0.001,5.0,2.0,10.0
2025-11,S4_2x10x,52,-1,95747.5,95772.3,81.60000000000582,408.0000000000291,inv,9.0,-0.12054750000000292,0.0957475,-0.2162950000000029,ifvg_clean,0.001,5.0,2.0,10.0
2025-11,S4_2x10x,53,1,95304.8,95171.00000000001,133.79999999998836,668.9999999999418,sl,173.0,-0.2291047999999884,0.09530480000000001,-0.3244095999999884,ifvg_clean,0.001,5.0,2.0,10.0
2025-11,S4_2x10x,54,-1,93649.8,93983.59999999999,333.79999999998836,1668.9999999999418,sl,2319.0,-0.4274497999999884,0.0936498,-0.5210995999999883,ifvg_clean,0.001,5.0,2.0,10.0
2025-11,S4_2x10x,55,-1,90717.1,90812.50000000003,95.40000000002328,477.0000000001164,sl,67.0,-0.1861171000000233,0.09071710000000001,-0.2768342000000233,ifvg_clean,0.001,5.0,2.0,10.0
2025-11,S4_2x10x,56,1,93583.5,93510.1,73.39999999999418,366.9999999999709,sl,44.0,-0.16698349999999418,0.0935835,-0.26056699999999416,ifvg_clean,0.001,5.0,2.0,10.0
2025-11,S4_2x10x,57,1,93290.4,93274.9,41.80000000001746,209.0000000000873,inv,3.0,-0.1087904,0.0932904,-0.2020808,ifvg_clean,0.001,5.0,2.0,10.0
2025-11,S4_2x10x,58,-1,93214.6,93266.6,52.0,260.0,sl,708.0,-0.14521460000000003,0.09321460000000001,-0.23842920000000004,ifvg_clean,0.001,5.0,2.0,10.0
2025-11,S4_2x10x,59,-1,93474.8,93516.0,87.0,435.0,inv,2703.0,-0.1346747999999971,0.09347480000000001,-0.22814959999999712,ifvg_clean,0.001,5.0,2.0,10.0
2025-11,S4_2x10x,60,1,93162.9,93139.5,48.0,240.0,inv,36.0,-0.11656289999999417,0.09316289999999999,-0.20972579999999416,ifvg_clean,0.001,5.0,2.0,10.0
2025-11,S4_2x10x,61,1,92915.2,92876.5,79.20000000001164,396.0000000000582,inv,179.0,-0.1316151999999971,0.0929152,-0.2245303999999971,ifvg_clean,0.001,5.0,2.0,10.0
2025-11,S4_2x10x,62,1,93049.4,92946.0,103.39999999999418,516.9999999999709,sl,3061.0,-0.19644939999999417,0.09304939999999999,-0.28949879999999417,ifvg_clean,0.001,5.0,2.0,10.0
2025-11,S4_2x10x,63,-1,89528.6,89575.9,98.0,490.0,inv,54.0,-0.13682859999998837,0.08952860000000001,-0.22635719999998838,ifvg_clean,0.001,5.0,2.0,10.0
2025-11,S4_2x10x,64,1,89255.8,89987.79999999997,146.39999999999418,731.9999999999709,tp,1877.0,0.6427441999999709,0.08925580000000001,0.5534883999999709,ifvg_clean,0.001,5.0,2.0,10.0
2025-11,S4_2x10x,65,-1,91820.8,91883.8,179.20000000001164,896.0000000000582,inv,2.0,-0.1548208,0.09182080000000001,-0.24664160000000002,ifvg_clean,0.001,5.0,2.0,10.0
2025-11,S4_2x10x,66,-1,82220.0,82360.19999999998,140.19999999998254,700.9999999999127,sl,264.0,-0.22241999999998252,0.08222,-0.30463999999998254,ifvg_clean,0.001,5.0,2.0,10.0
2025-11,S4_2x10x,67,1,82096.4,82038.5,116.20000000001164,581.0000000000582,inv,30.0,-0.1399963999999942,0.0820964,-0.2220927999999942,ifvg_clean,0.001,5.0,2.0,10.0
2025-11,S4_2x10x,68,1,82784.7,82810.8,52.60000000000582,263.0000000000291,inv,0.0,-0.05668469999999418,0.0827847,-0.1394693999999942,ifvg_clean,0.001,5.0,2.0,10.0
2025-11,S4_2x10x,69,-1,82960.7,83180.3,219.60000000000582,1098.000000000029,sl,32.0,-0.3025607000000058,0.0829607,-0.3855214000000058,ifvg_clean,0.001,5.0,2.0,10.0
2025-11,S4_2x10x,70,1,83343.6,84643.6,260.0,1300.0,tp,588.0,1.2166564,0.08334360000000002,1.1333128,ifvg_clean,0.001,5.0,2.0,10.0
2025-11,S4_2x10x,71,1,83468.4,83410.4,116.40000000002328,582.0000000001164,inv,18.0,-0.1414684,0.0834684,-0.2249368,ifvg_clean,0.001,5.0,2.0,10.0
2025-11,S4_2x10x,72,-1,84982.6,85012.1,67.20000000001164,336.0000000000582,inv,67.0,-0.1144826,0.0849826,-0.1994652,ifvg_clean,0.001,5.0,2.0,10.0
2025-11,S4_2x10x,73,1,85096.6,85028.00000000003,68.59999999997672,342.9999999998836,sl,6.0,-0.15369659999997673,0.08509660000000001,-0.23879319999997672,ifvg_clean,0.001,5.0,2.0,10.0
2025-11,S4_2x10x,74,-1,84684.9,84432.90000000002,50.39999999999418,251.9999999999709,tp,437.0,0.1673150999999709,0.08468490000000001,0.0826301999999709,ifvg_clean,0.001,5.0,2.0,10.0
2025-11,S4_2x10x,75,1,84670.5,84586.1,84.39999999999418,421.9999999999709,sl,69.0,-0.16907049999999418,0.08467050000000001,-0.2537409999999942,ifvg_clean,0.001,5.0,2.0,10.0
2025-11,S4_2x10x,76,1,84155.5,84096.9,148.40000000002328,742.0000000001164,inv,21.0,-0.14275550000000584,0.08415550000000001,-0.22691100000000586,ifvg_clean,0.001,5.0,2.0,10.0
2025-11,S4_2x10x,77,1,84009.4,83960.6,48.79999999998836,243.9999999999418,sl,601.0,-0.13280939999998836,0.0840094,-0.21681879999998838,ifvg_clean,0.001,5.0,2.0,10.0
2025-11,S4_2x10x,78,-1,84497.3,84544.2,93.79999999998836,468.9999999999418,inv,71.0,-0.1313972999999942,0.08449730000000001,-0.21589459999999422,ifvg_clean,0.001,5.0,2.0,10.0
2025-11,S4_2x10x,79,-1,85767.1,85787.9,54.79999999998836,273.9999999999418,inv,65.0,-0.10656709999998837,0.08576710000000001,-0.19233419999998838,ifvg_clean,0.001,5.0,2.0,10.0
2025-11,S4_2x10x,80,-1,87378.6,87418.0,74.39999999999418,371.9999999999709,inv,32.0,-0.1267785999999942,0.0873786,-0.2141571999999942,ifvg_clean,0.001,5.0,2.0,10.0
2025-11,S4_2x10x,81,1,85960.5,85938.7,58.39999999999418,291.9999999999709,inv,135.0,-0.10776050000000291,0.0859605,-0.19372100000000292,ifvg_clean,0.001,5.0,2.0,10.0
2025-11,S4_2x10x,82,1,86169.8,86099.0,144.39999999999418,721.9999999999709,inv,45.0,-0.15696980000000293,0.0861698,-0.24313960000000295,ifvg_clean,0.001,5.0,2.0,10.0
2025-11,S4_2x10x,83,-1,88598.0,88618.3,60.0,300.0,inv,9.0,-0.10889800000000291,0.088598,-0.1974960000000029,ifvg_clean,0.001,5.0,2.0,10.0
2025-11,S4_2x10x,84,1,88372.8,88167.40000000001,205.39999999999418,1026.999999999971,sl,4063.0,-0.29377279999999417,0.0883728,-0.3821455999999942,ifvg_clean,0.001,5.0,2.0,10.0
2025-11,S4_2x10x,85,1,88672.2,88624.4,101.20000000001164,506.0000000000582,inv,38.0,-0.13647220000000293,0.0886722,-0.22514440000000294,ifvg_clean,0.001,5.0,2.0,10.0
2025-11,S4_2x10x,86,1,88033.9,87958.2,225.20000000001164,1126.0000000000582,inv,324.0,-0.1637338999999971,0.0880339,-0.2517677999999971,ifvg_clean,0.001,5.0,2.0,10.0
2025-11,S4_2x10x,87,-1,87696.0,87816.19999999998,120.19999999998254,600.9999999999127,sl,1645.0,-0.20789599999998254,0.087696,-0.29559199999998254,ifvg_clean,0.001,5.0,2.0,10.0
2025-11,S4_2x10x,88,-1,87513.3,87560.7,47.39999999999418,236.9999999999709,sl,10.0,-0.13491329999999419,0.0875133,-0.2224265999999942,ifvg_clean,0.001,5.0,2.0,10.0
2025-11,S4_2x10x,89,-1,86276.0,86439.4,163.39999999999418,816.9999999999709,sl,51.0,-0.24967599999999418,0.08627599999999999,-0.33595199999999414,ifvg_clean,0.001,5.0,2.0,10.0
2025-11,S4_2x10x,90,-1,86583.1,86580.2,42.19999999998254,210.9999999999127,inv,0.0,-0.08368309999999128,0.08658310000000001,-0.1702661999999913,ifvg_clean,0.001,5.0,2.0,10.0
2025-11,S4_2x10x,91,1,87490.5,87466.2,44.80000000001746,224.0000000000873,inv,344.0,-0.1117905000000029,0.0874905,-0.1992810000000029,ifvg_clean,0.001,5.0,2.0,10.0
2025-11,S4_2x10x,92,-1,87337.8,87349.3,41.39999999999418,206.9999999999709,inv,9.0,-0.0988378,0.08733780000000001,-0.1861756,ifvg_clean,0.001,5.0,2.0,10.0
2025-11,S4_2x10x,93,-1,87248.5,87297.7,98.19999999998254,490.9999999999127,inv,154.0,-0.13644849999999709,0.0872485,-0.2236969999999971,ifvg_clean,0.001,5.0,2.0,10.0
2025-11,S4_2x10x,94,-1,87879.6,87919.80000000002,40.20000000001164,201.0000000000582,sl,34.0,-0.12807960000001167,0.08787960000000002,-0.21595920000001168,ifvg_clean,0.001,5.0,2.0,10.0
2025-11,S4_2x10x,95,-1,87191.7,87261.10000000002,69.40000000002328,347.0000000001164,sl,1674.0,-0.1565917000000233,0.0871917,-0.2437834000000233,ifvg_clean,0.001,5.0,2.0,10.0
2025-11,S4_2x10x,96,-1,90137.1,90189.5,113.39999999999418,566.9999999999709,inv,113.0,-0.1425370999999942,0.09013710000000001,-0.23267419999999422,ifvg_clean,0.001,5.0,2.0,10.0
2025-11,S4_2x10x,97,1,90479.8,90425.40000000001,54.39999999999418,271.9999999999709,sl,544.0,-0.1448797999999942,0.09047980000000001,-0.23535959999999423,ifvg_clean,0.001,5.0,2.0,10.0
2025-11,S4_2x10x,98,1,91519.9,91432.5,87.39999999999418,436.9999999999709,sl,150.0,-0.1789198999999942,0.0915199,-0.2704397999999942,ifvg_clean,0.001,5.0,2.0,10.0
2025-11,S4_2x10x,99,1,91214.6,91192.2,46.60000000000582,233.0000000000291,inv,42.0,-0.11361460000000874,0.0912146,-0.20482920000000876,ifvg_clean,0.001,5.0,2.0,10.0
2025-11,S4_2x10x,100,-1,92091.0,92151.0,60.0,300.0,sl,98.0,-0.152091,0.092091,-0.244182,ifvg_clean,0.001,5.0,2.0,10.0
2025-11,S4_2x10x,101,-1,92028.2,91454.20000000006,114.79999999998836,573.9999999999418,tp,993.0,0.4819717999999418,0.0920282,0.38994359999994177,ifvg_clean,0.001,5.0,2.0,10.0
2025-11,S4_2x10x,102,-1,91248.2,91345.39999999998,97.19999999998254,485.9999999999127,sl,86.0,-0.18844819999998252,0.0912482,-0.2796963999999825,ifvg_clean,0.001,5.0,2.0,10.0
2025-11,S4_2x10x,103,-1,90431.8,90532.40000000001,100.60000000000582,503.0000000000291,sl,25.0,-0.19103180000000583,0.0904318,-0.2814636000000058,ifvg_clean,0.001,5.0,2.0,10.0
2025-11,S4_2x10x,104,-1,90891.5,90944.29999999999,52.79999999998836,263.9999999999418,sl,107.0,-0.14369149999998837,0.09089150000000001,-0.23458299999998838,ifvg_clean,0.001,5.0,2.0,10.0
2025-11,S5_2x20x,0,-1,109580.3,109737.90000000001,157.60000000000582,1576.0000000000582,sl,386.0,-0.2671803000000058,0.1095803,-0.37676060000000583,ifvg_clean,0.001,10.0,2.0,20.0
2025-11,S5_2x20x,1,1,108730.7,108705.2,56.0,560.0,inv,8.0,-0.1342307,0.1087307,-0.2429614,ifvg_clean,0.001,10.0,2.0,20.0
2025-11,S5_2x20x,2,-1,110272.3,108228.30000000006,204.39999999999418,2043.9999999999418,tp,9536.0,1.9337276999999418,0.1102723,1.8234553999999417,ifvg_clean,0.001,10.0,2.0,20.0
2025-11,S5_2x20x,3,-1,107361.9,107451.69999999998,89.79999999998836,897.9999999998836,sl,1800.0,-0.19716189999998834,0.1073619,-0.30452379999998835,ifvg_clean,0.001,10.0,2.0,20.0
2025-11,S5_2x20x,4,1,107847.7,107648.89999999998,198.80000000001746,1988.0000000001746,sl,3543.0,-0.30664770000001745,0.1078477,-0.41449540000001744,ifvg_clean,0.001,10.0,2.0,20.0
2025-11,S5_2x20x,5,1,107315.0,107278.8,80.0,800.0,inv,15.0,-0.1435149999999971,0.107315,-0.2508299999999971,ifvg_clean,0.001,10.0,2.0,20.0
2025-11,S5_2x20x,6,1,107049.3,106929.10000000002,120.19999999998254,1201.9999999998254,sl,3041.0,-0.22724929999998256,0.1070493,-0.33429859999998257,ifvg_clean,0.001,10.0,2.0,20.0
2025-11,S5_2x20x,7,1,103787.4,103760.5,84.0,840.0,inv,42.0,-0.13068739999999418,0.10378739999999999,-0.23447479999999415,ifvg_clean,0.001,10.0,2.0,20.0
2025-11,S5_2x20x,8,-1,100697.9,100777.69999999998,79.79999999998836,797.9999999998836,sl,513.0,-0.18049789999998836,0.10069789999999999,-0.28119579999998834,ifvg_clean,0.001,10.0,2.0,20.0
2025-11,S5_2x20x,9,-1,100511.4,100841.4,330.0,3300.0,sl,409.0,-0.4305114,0.1005114,-0.5310228,ifvg_clean,0.001,10.0,2.0,20.0
2025-11,S5_2x20x,10,-1,103090.3,103119.8,72.39999999999418,723.9999999999418,inv,7.0,-0.1325903,0.1030903,-0.2356806,ifvg_clean,0.001,10.0,2.0,20.0
2025-11,S5_2x20x,11,-1,103589.5,103743.0,309.0,3090.0,inv,1253.0,-0.25708949999999997,0.1035895,-0.36067899999999997,ifvg_clean,0.001,10.0,2.0,20.0
2025-11,S5_2x20x,12,-1,103531.0,103586.5,133.20000000001164,1332.0000000001164,inv,3.0,-0.159031,0.10353100000000001,-0.262562,ifvg_clean,0.001,10.0,2.0,20.0
2025-11,S5_2x20x,13,1,105956.6,105931.4,61.40000000002328,614.0000000002328,inv,70.0,-0.13115660000001167,0.10595660000000001,-0.23711320000001168,ifvg_clean,0.001,10.0,2.0,20.0
2025-11,S5_2x20x,14,-1,104936.4,105181.19999999998,244.79999999998836,2447.9999999998836,sl,473.0,-0.34973639999998835,0.1049364,-0.45467279999998833,ifvg_clean,0.001,10.0,2.0,20.0
2025-11,S5_2x20x,15,-1,105068.7,105144.49999999999,75.79999999998836,757.9999999998836,sl,819.0,-0.18086869999998836,0.1050687,-0.28593739999998835,ifvg_clean,0.001,10.0,2.0,20.0
2025-11,S5_2x20x,16,-1,105336.7,105361.0,61.79999999998836,617.9999999998836,inv,24.0,-0.1296367000000029,0.10533669999999999,-0.23497340000000289,ifvg_clean,0.001,10.0,2.0,20.0
2025-11,S5_2x20x,17,-1,105813.4,105825.6,64.60000000000582,646.0000000000582,inv,3.0,-0.11801340000001165,0.1058134,-0.22382680000001165,ifvg_clean,0.001,10.0,2.0,20.0
2025-11,S5_2x20x,18,1,105512.7,107110.70000000017,159.80000000001746,1598.0000000001746,tp,10631.0,1.4924873000001746,0.1055127,1.3869746000001746,ifvg_clean,0.001,10.0,2.0,20.0
2025-11,S5_2x20x,19,-1,106003.3,106081.49999999999,78.19999999998254,781.9999999998254,sl,406.0,-0.18420329999998253,0.10600330000000001,-0.29020659999998255,ifvg_clean,0.001,10.0,2.0,20.0
2025-11,S5_2x20x,20,1,106576.3,106416.50000000001,159.79999999998836,1597.9999999998836,sl,243.0,-0.26637629999998835,0.1065763,-0.37295259999998837,ifvg_clean,0.001,10.0,2.0,20.0
2025-11,S5_2x20x,21,1,106414.9,106383.5,67.79999999998836,677.9999999998836,inv,212.0,-0.1378148999999942,0.1064149,-0.2442297999999942,ifvg_clean,0.001,10.0,2.0,20.0
2025-11,S5_2x20x,22,-1,105406.6,105488.0,81.39999999999418,813.9999999999418,sl,78.0,-0.18680659999999422,0.10540660000000002,-0.29221319999999423,ifvg_clean,0.001,10.0,2.0,20.0
2025-11,S5_2x20x,23,1,105304.8,105230.59999999999,74.20000000001164,742.0000000001164,sl,340.0,-0.17950480000001165,0.1053048,-0.28480960000001165,ifvg_clean,0.001,10.0,2.0,20.0
2025-11,S5_2x20x,24,1,104850.1,104614.1,236.0,2360.0,sl,9129.0,-0.34085010000000004,0.10485010000000002,-0.44570020000000005,ifvg_clean,0.001,10.0,2.0,20.0
2025-11,S5_2x20x,25,-1,101624.8,101636.9,44.19999999998254,441.9999999998254,inv,428.0,-0.11372479999999129,0.10162480000000002,-0.21534959999999131,ifvg_clean,0.001,10.0,2.0,20.0
2025-11,S5_2x20x,26,-1,101482.0,101561.9,158.79999999998836,1587.9999999998836,inv,140.0,-0.1813819999999942,0.101482,-0.2828639999999942,ifvg_clean,0.001,10.0,2.0,20.0
2025-11,S5_2x20x,27,-1,102478.0,102506.1,56.60000000000582,566.0000000000582,inv,9.0,-0.13057800000000583,0.10247800000000001,-0.23305600000000584,ifvg_clean,0.001,10.0,2.0,20.0
2025-11,S5_2x20x,28,1,102446.1,102043.30000000002,402.79999999998836,4027.9999999998836,sl,1142.0,-0.5052460999999884,0.1024461,-0.6076921999999884,ifvg_clean,0.001,10.0,2.0,20.0
2025-11,S5_2x20x,29,-1,100996.8,101068.40000000001,71.60000000000582,716.0000000000582,sl,38.0,-0.17259680000000582,0.10099680000000001,-0.2735936000000058,ifvg_clean,0.001,10.0,2.0,20.0
2025-11,S5_2x20x,30,-1,101815.5,100507.50000000012,130.79999999998836,1307.9999999998836,tp,4497.0,1.2061844999998836,0.1018155,1.1043689999998836,ifvg_clean,0.001,10.0,2.0,20.0
2025-11,S5_2x20x,31,-1,100431.3,100017.30000000006,41.39999999999418,413.9999999999418,tp,345.0,0.3135686999999418,0.10043130000000002,0.2131373999999418,ifvg_clean,0.001,10.0,2.0,20.0
2025-11,S5_2x20x,32,-1,100791.8,99753.80000000012,103.79999999998836,1037.9999999998836,tp,3404.0,0.9372081999998837,0.10079180000000001,0.8364163999998837,ifvg_clean,0.001,10.0,2.0,20.0
2025-11,S5_2x20x,33,-1,99881.3,99365.29999999994,51.60000000000582,516.0000000000582,tp,905.0,0.4161187000000582,0.0998813,0.3162374000000582,ifvg_clean,0.001,10.0,2.0,20.0
2025-11,S5_2x20x,34,-1,98707.8,98712.7,44.19999999998254,441.9999999998254,inv,0.0,-0.10360779999999419,0.09870780000000001,-0.2023155999999942,ifvg_clean,0.001,10.0,2.0,20.0
2025-11,S5_2x20x,35,1,98524.0,98472.1,107.39999999999418,1073.9999999999418,inv,5.0,-0.15042399999999417,0.098524,-0.24894799999999417,ifvg_clean,0.001,10.0,2.0,20.0
2025-11,S5_2x20x,36,-1,98363.1,98453.30000000002,90.20000000001164,902.0000000001164,sl,59.0,-0.18856310000001164,0.09836310000000001,-0.2869262000000117,ifvg_clean,0.001,10.0,2.0,20.0
2025-11,S5_2x20x,37,1,99617.7,99481.49999999999,136.20000000001164,1362.0000000001164,sl,3384.0,-0.23581770000001165,0.0996177,-0.33543540000001165,ifvg_clean,0.001,10.0,2.0,20.0
2025-11,S5_2x20x,38,1,99397.1,99309.1,88.0,880.0,sl,116.0,-0.1873971,0.09939710000000002,-0.2867942,ifvg_clean,0.001,10.0,2.0,20.0
2025-11,S5_2x20x,39,1,99539.8,99473.40000000001,66.39999999999418,663.9999999999418,sl,22.0,-0.1659397999999942,0.0995398,-0.2654795999999942,ifvg_clean,0.001,10.0,2.0,20.0
2025-11,S5_2x20x,40,-1,99283.8,99390.8,107.0,1070.0,sl,89.0,-0.20628380000000002,0.0992838,-0.30556760000000005,ifvg_clean,0.001,10.0,2.0,20.0
2025-11,S5_2x20x,41,-1,99106.9,98690.89999999994,41.60000000000582,416.0000000000582,tp,1836.0,0.3168931000000582,0.0991069,0.21778620000005822,ifvg_clean,0.001,10.0,2.0,20.0
2025-11,S5_2x20x,42,-1,97835.9,97989.69999999998,153.79999999998836,1537.9999999998836,sl,962.0,-0.25163589999998837,0.0978359,-0.34947179999998834,ifvg_clean,0.001,10.0,2.0,20.0
2025-11,S5_2x20x,43,-1,97077.4,97125.0,102.20000000001164,1022.0000000001164,inv,90.0,-0.1446774000000058,0.0970774,-0.24175480000000582,ifvg_clean,0.001,10.0,2.0,20.0
2025-11,S5_2x20x,44,1,96901.7,96868.1,98.79999999998836,987.9999999998836,inv,2.0,-0.13050169999999128,0.09690170000000001,-0.2274033999999913,ifvg_clean,0.001,10.0,2.0,20.0
2025-11,S5_2x20x,45,-1,96622.3,96668.09999999999,45.79999999998836,457.9999999998836,sl,2.0,-0.14242229999998837,0.09662230000000001,-0.2390445999999884,ifvg_clean,0.001,10.0,2.0,20.0
2025-11,S5_2x20x,46,-1,97165.0,97202.2,56.39999999999418,563.9999999999418,inv,496.0,-0.1343649999999971,0.097165,-0.2315299999999971,ifvg_clean,0.001,10.0,2.0,20.0
2025-11,S5_2x20x,47,-1,96324.4,95392.39999999988,93.20000000001164,932.0000000001164,tp,18813.0,0.8356756000001164,0.0963244,0.7393512000001164,ifvg_clean,0.001,10.0,2.0,20.0
2025-11,S5_2x20x,48,-1,95949.0,96055.1,221.20000000001164,2212.0000000001164,inv,3017.0,-0.20204900000000584,0.095949,-0.29799800000000587,ifvg_clean,0.001,10.0,2.0,20.0
2025-11,S5_2x20x,49,-1,95592.6,95647.0,54.39999999999418,543.9999999999418,sl,47.0,-0.14999259999999418,0.0955926,-0.24558519999999417,ifvg_clean,0.001,10.0,2.0,20.0
2025-11,S5_2x20x,50,-1,94659.3,94705.7,102.0,1020.0,inv,11.0,-0.14105929999999417,0.0946593,-0.23571859999999417,ifvg_clean,0.001,10.0,2.0,20.0
2025-11,S5_2x20x,51,1,94882.3,95348.30000000006,46.60000000000582,466.0000000000582,tp,357.0,0.37111770000005817,0.0948823,0.2762354000000582,ifvg_clean,0.001,10.0,2.0,20.0
2025-11,S5_2x20x,52,-1,95747.5,95772.3,81.60000000000582,816.0000000000582,inv,9.0,-0.12054750000000292,0.0957475,-0.2162950000000029,ifvg_clean,0.001,10.0,2.0,20.0
2025-11,S5_2x20x,53,1,95304.8,95171.00000000001,133.79999999998836,1337.9999999998836,sl,173.0,-0.2291047999999884,0.09530480000000001,-0.3244095999999884,ifvg_clean,0.001,10.0,2.0,20.0
2025-11,S5_2x20x,54,-1,93649.8,93983.59999999999,333.79999999998836,3337.9999999998836,sl,2319.0,-0.4274497999999884,0.0936498,-0.5210995999999883,ifvg_clean,0.001,10.0,2.0,20.0
2025-11,S5_2x20x,55,-1,90717.1,90812.50000000003,95.40000000002328,954.0000000002328,sl,67.0,-0.1861171000000233,0.09071710000000001,-0.2768342000000233,ifvg_clean,0.001,10.0,2.0,20.0
2025-11,S5_2x20x,56,1,93583.5,93510.1,73.39999999999418,733.9999999999418,sl,44.0,-0.16698349999999418,0.0935835,-0.26056699999999416,ifvg_clean,0.001,10.0,2.0,20.0
2025-11,S5_2x20x,57,1,93290.4,93274.9,41.80000000001746,418.0000000001746,inv,3.0,-0.1087904,0.0932904,-0.2020808,ifvg_clean,0.001,10.0,2.0,20.0
2025-11,S5_2x20x,58,-1,93214.6,93266.6,52.0,520.0,sl,708.0,-0.14521460000000003,0.09321460000000001,-0.23842920000000004,ifvg_clean,0.001,10.0,2.0,20.0
2025-11,S5_2x20x,59,-1,93474.8,93516.0,87.0,870.0,inv,2703.0,-0.1346747999999971,0.09347480000000001,-0.22814959999999712,ifvg_clean,0.001,10.0,2.0,20.0
2025-11,S5_2x20x,60,1,93162.9,93139.5,48.0,480.0,inv,36.0,-0.11656289999999417,0.09316289999999999,-0.20972579999999416,ifvg_clean,0.001,10.0,2.0,20.0
2025-11,S5_2x20x,61,1,92915.2,92876.5,79.20000000001164,792.0000000001164,inv,179.0,-0.1316151999999971,0.0929152,-0.2245303999999971,ifvg_clean,0.001,10.0,2.0,20.0
2025-11,S5_2x20x,62,1,93049.4,92946.0,103.39999999999418,1033.9999999999418,sl,3061.0,-0.19644939999999417,0.09304939999999999,-0.28949879999999417,ifvg_clean,0.001,10.0,2.0,20.0
2025-11,S5_2x20x,63,-1,89528.6,89575.9,98.0,980.0,inv,54.0,-0.13682859999998837,0.08952860000000001,-0.22635719999998838,ifvg_clean,0.001,10.0,2.0,20.0
2025-11,S5_2x20x,64,1,89255.8,90719.79999999994,146.39999999999418,1463.9999999999418,tp,2027.0,1.3747441999999417,0.08925580000000001,1.2854883999999416,ifvg_clean,0.001,10.0,2.0,20.0
2025-11,S5_2x20x,65,-1,91820.8,91883.8,179.20000000001164,1792.0000000001164,inv,2.0,-0.1548208,0.09182080000000001,-0.24664160000000002,ifvg_clean,0.001,10.0,2.0,20.0
2025-11,S5_2x20x,66,-1,82220.0,82360.19999999998,140.19999999998254,1401.9999999998254,sl,264.0,-0.22241999999998252,0.08222,-0.30463999999998254,ifvg_clean,0.001,10.0,2.0,20.0
2025-11,S5_2x20x,67,1,82096.4,82038.5,116.20000000001164,1162.0000000001164,inv,30.0,-0.1399963999999942,0.0820964,-0.2220927999999942,ifvg_clean,0.001,10.0,2.0,20.0
2025-11,S5_2x20x,68,1,82784.7,82810.8,52.60000000000582,526.0000000000582,inv,0.0,-0.05668469999999418,0.0827847,-0.1394693999999942,ifvg_clean,0.001,10.0,2.0,20.0
2025-11,S5_2x20x,69,-1,82960.7,83180.3,219.60000000000582,2196.000000000058,sl,32.0,-0.3025607000000058,0.0829607,-0.3855214000000058,ifvg_clean,0.001,10.0,2.0,20.0
2025-11,S5_2x20x,70,1,83468.4,83410.4,116.40000000002328,1164.0000000002328,inv,18.0,-0.1414684,0.0834684,-0.2249368,ifvg_clean,0.001,10.0,2.0,20.0
2025-11,S5_2x20x,71,-1,84982.6,85012.1,67.20000000001164,672.0000000001164,inv,67.0,-0.1144826,0.0849826,-0.1994652,ifvg_clean,0.001,10.0,2.0,20.0
2025-11,S5_2x20x,72,1,85096.6,85028.00000000003,68.59999999997672,685.9999999997672,sl,6.0,-0.15369659999997673,0.08509660000000001,-0.23879319999997672,ifvg_clean,0.001,10.0,2.0,20.0
2025-11,S5_2x20x,73,-1,84684.9,84180.90000000005,50.39999999999418,503.9999999999418,tp,5129.0,0.4193150999999418,0.08468490000000001,0.3346301999999418,ifvg_clean,0.001,10.0,2.0,20.0
2025-11,S5_2x20x,74,1,84670.5,84586.1,84.39999999999418,843.9999999999418,sl,69.0,-0.16907049999999418,0.08467050000000001,-0.2537409999999942,ifvg_clean,0.001,10.0,2.0,20.0
2025-11,S5_2x20x,75,1,84155.5,84096.9,148.40000000002328,1484.0000000002328,inv,21.0,-0.14275550000000584,0.08415550000000001,-0.22691100000000586,ifvg_clean,0.001,10.0,2.0,20.0
2025-11,S5_2x20x,76,1,84009.4,83960.6,48.79999999998836,487.9999999998836,sl,601.0,-0.13280939999998836,0.0840094,-0.21681879999998838,ifvg_clean,0.001,10.0,2.0,20.0
2025-11,S5_2x20x,77,-1,84497.3,84544.2,93.79999999998836,937.9999999998836,inv,71.0,-0.1313972999999942,0.08449730000000001,-0.21589459999999422,ifvg_clean,0.001,10.0,2.0,20.0
2025-11,S5_2x20x,78,-1,85767.1,85787.9,54.79999999998836,547.9999999998836,inv,65.0,-0.10656709999998837,0.08576710000000001,-0.19233419999998838,ifvg_clean,0.001,10.0,2.0,20.0
2025-11,S5_2x20x,79,1,83343.6,85943.6,260.0,2600.0,tp,119230.0,2.5166564,0.08334360000000002,2.4333128,ifvg_clean,0.001,10.0,2.0,20.0
2025-11,S5_2x20x,80,-1,87378.6,87418.0,74.39999999999418,743.9999999999418,inv,32.0,-0.1267785999999942,0.0873786,-0.2141571999999942,ifvg_clean,0.001,10.0,2.0,20.0
2025-11,S5_2x20x,81,1,85960.5,85938.7,58.39999999999418,583.9999999999418,inv,135.0,-0.10776050000000291,0.0859605,-0.19372100000000292,ifvg_clean,0.001,10.0,2.0,20.0
2025-11,S5_2x20x,82,1,86169.8,86099.0,144.39999999999418,1443.9999999999418,inv,45.0,-0.15696980000000293,0.0861698,-0.24313960000000295,ifvg_clean,0.001,10.0,2.0,20.0
2025-11,S5_2x20x,83,-1,88598.0,88618.3,60.0,600.0,inv,9.0,-0.10889800000000291,0.088598,-0.1974960000000029,ifvg_clean,0.001,10.0,2.0,20.0
2025-11,S5_2x20x,84,1,88372.8,88167.40000000001,205.39999999999418,2053.999999999942,sl,4063.0,-0.29377279999999417,0.0883728,-0.3821455999999942,ifvg_clean,0.001,10.0,2.0,20.0
2025-11,S5_2x20x,85,1,88672.2,88624.4,101.20000000001164,1012.0000000001164,inv,38.0,-0.13647220000000293,0.0886722,-0.22514440000000294,ifvg_clean,0.001,10.0,2.0,20.0
2025-11,S5_2x20x,86,1,88033.9,87958.2,225.20000000001164,2252.0000000001164,inv,324.0,-0.1637338999999971,0.0880339,-0.2517677999999971,ifvg_clean,0.001,10.0,2.0,20.0
2025-11,S5_2x20x,87,-1,87696.0,87816.19999999998,120.19999999998254,1201.9999999998254,sl,1645.0,-0.20789599999998254,0.087696,-0.29559199999998254,ifvg_clean,0.001,10.0,2.0,20.0
2025-11,S5_2x20x,88,-1,87513.3,87560.7,47.39999999999418,473.9999999999418,sl,10.0,-0.13491329999999419,0.0875133,-0.2224265999999942,ifvg_clean,0.001,10.0,2.0,20.0
2025-11,S5_2x20x,89,-1,86276.0,86439.4,163.39999999999418,1633.9999999999418,sl,51.0,-0.24967599999999418,0.08627599999999999,-0.33595199999999414,ifvg_clean,0.001,10.0,2.0,20.0
2025-11,S5_2x20x,90,-1,86583.1,86580.2,42.19999999998254,421.9999999998254,inv,0.0,-0.08368309999999128,0.08658310000000001,-0.1702661999999913,ifvg_clean,0.001,10.0,2.0,20.0
2025-11,S5_2x20x,91,1,87490.5,87466.2,44.80000000001746,448.0000000001746,inv,344.0,-0.1117905000000029,0.0874905,-0.1992810000000029,ifvg_clean,0.001,10.0,2.0,20.0
2025-11,S5_2x20x,92,-1,87337.8,87349.3,41.39999999999418,413.9999999999418,inv,9.0,-0.0988378,0.08733780000000001,-0.1861756,ifvg_clean,0.001,10.0,2.0,20.0
2025-11,S5_2x20x,93,-1,87248.5,87297.7,98.19999999998254,981.9999999998254,inv,154.0,-0.13644849999999709,0.0872485,-0.2236969999999971,ifvg_clean,0.001,10.0,2.0,20.0
2025-11,S5_2x20x,94,-1,87879.6,87919.80000000002,40.20000000001164,402.0000000001164,sl,34.0,-0.12807960000001167,0.08787960000000002,-0.21595920000001168,ifvg_clean,0.001,10.0,2.0,20.0
2025-11,S5_2x20x,95,-1,87191.7,87261.10000000002,69.40000000002328,694.0000000002328,sl,1674.0,-0.1565917000000233,0.0871917,-0.2437834000000233,ifvg_clean,0.001,10.0,2.0,20.0
2025-11,S5_2x20x,96,-1,90137.1,90189.5,113.39999999999418,1133.9999999999418,inv,113.0,-0.1425370999999942,0.09013710000000001,-0.23267419999999422,ifvg_clean,0.001,10.0,2.0,20.0
2025-11,S5_2x20x,97,1,90479.8,90425.40000000001,54.39999999999418,543.9999999999418,sl,544.0,-0.1448797999999942,0.09047980000000001,-0.23535959999999423,ifvg_clean,0.001,10.0,2.0,20.0
2025-11,S5_2x20x,98,1,91519.9,91432.5,87.39999999999418,873.9999999999418,sl,150.0,-0.1789198999999942,0.0915199,-0.2704397999999942,ifvg_clean,0.001,10.0,2.0,20.0
2025-11,S5_2x20x,99,1,91214.6,91192.2,46.60000000000582,466.0000000000582,inv,42.0,-0.11361460000000874,0.0912146,-0.20482920000000876,ifvg_clean,0.001,10.0,2.0,20.0
2025-11,S5_2x20x,100,-1,92091.0,92151.0,60.0,600.0,sl,98.0,-0.152091,0.092091,-0.244182,ifvg_clean,0.001,10.0,2.0,20.0
2025-11,S5_2x20x,101,-1,92028.2,90880.20000000011,114.79999999998836,1147.9999999998836,tp,1467.0,1.0559717999998837,0.0920282,0.9639435999998837,ifvg_clean,0.001,10.0,2.0,20.0
2025-11,S5_2x20x,102,-1,91248.2,91345.39999999998,97.19999999998254,971.9999999998254,sl,86.0,-0.18844819999998252,0.0912482,-0.2796963999999825,ifvg_clean,0.001,10.0,2.0,20.0
2025-11,S5_2x20x,103,-1,90431.8,90532.40000000001,100.60000000000582,1006.0000000000582,sl,25.0,-0.19103180000000583,0.0904318,-0.2814636000000058,ifvg_clean,0.001,10.0,2.0,20.0
2025-11,S5_2x20x,104,-1,90891.5,90944.29999999999,52.79999999998836,527.9999999998836,sl,107.0,-0.14369149999998837,0.09089150000000001,-0.23458299999998838,ifvg_clean,0.001,10.0,2.0,20.0
2025-11,S6_3x15x,0,-1,109580.3,109816.70000000001,236.40000000000873,1182.0000000000437,sl,528.0,-0.34598030000000873,0.1095803,-0.45556060000000875,ifvg_clean,0.001,5.0,3.0,15.0
2025-11,S6_3x15x,1,-1,110272.3,108739.30000000005,306.59999999999127,1532.9999999999563,tp,7796.0,1.4227276999999563,0.1102723,1.3124553999999562,ifvg_clean,0.001,5.0,3.0,15.0
2025-11,S6_3x15x,2,1,108730.7,108705.2,84.0,420.0,inv,8.0,-0.1342307,0.1087307,-0.2429614,ifvg_clean,0.001,5.0,3.0,15.0
2025-11,S6_3x15x,3,-1,107361.9,107496.59999999998,134.69999999998254,673.4999999999127,sl,1878.0,-0.2420618999999825,0.1073619,-0.3494237999999825,ifvg_clean,0.001,5.0,3.0,15.0
2025-11,S6_3x15x,4,1,107847.7,107549.49999999997,298.2000000000262,1491.000000000131,sl,4780.0,-0.4060477000000262,0.1078477,-0.5138954000000262,ifvg_clean,0.001,5.0,3.0,15.0
2025-11,S6_3x15x,5,1,107315.0,107278.8,120.0,600.0,inv,15.0,-0.1435149999999971,0.107315,-0.2508299999999971,ifvg_clean,0.001,5.0,3.0,15.0
2025-11,S6_3x15x,6,1,107049.3,106869.00000000003,180.2999999999738,901.499999999869,sl,3091.0,-0.28734929999997383,0.1070493,-0.39439859999997384,ifvg_clean,0.001,5.0,3.0,15.0
2025-11,S6_3x15x,7,1,103787.4,103760.5,126.0,630.0,inv,42.0,-0.13068739999999418,0.10378739999999999,-0.23447479999999415,ifvg_clean,0.001,5.0,3.0,15.0
2025-11,S6_3x15x,8,-1,100697.9,100817.59999999998,119.69999999998254,598.4999999999127,sl,531.0,-0.22039789999998255,0.10069789999999999,-0.32109579999998256,ifvg_clean,0.001,5.0,3.0,15.0
2025-11,S6_3x15x,9,-1,100511.4,101006.4,495.0,2475.0,sl,445.0,-0.5955114,0.1005114,-0.6960228,ifvg_clean,0.001,5.0,3.0,15.0
2025-11,S6_3x15x,10,-1,103090.3,103119.8,108.59999999999127,542.9999999999563,inv,7.0,-0.1325903,0.1030903,-0.2356806,ifvg_clean,0.001,5.0,3.0,15.0
2025-11,S6_3x15x,11,-1,103589.5,103743.0,463.5,2317.5,inv,1253.0,-0.25708949999999997,0.1035895,-0.36067899999999997,ifvg_clean,0.001,5.0,3.0,15.0
2025-11,S6_3x15x,12,-1,103531.0,103586.5,199.80000000001746,999.0000000000873,inv,3.0,-0.159031,0.10353100000000001,-0.262562,ifvg_clean,0.001,5.0,3.0,15.0
2025-11,S6_3x15x,13,1,105956.6,105931.4,92.10000000003492,460.5000000001746,inv,70.0,-0.13115660000001167,0.10595660000000001,-0.23711320000001168,ifvg_clean,0.001,5.0,3.0,15.0
2025-11,S6_3x15x,14,-1,104936.4,105303.59999999998,367.19999999998254,1835.9999999999127,sl,712.0,-0.4721363999999825,0.1049364,-0.5770727999999825,ifvg_clean,0.001,5.0,3.0,15.0
2025-11,S6_3x15x,15,-1,105068.7,105182.39999999998,113.69999999998254,568.4999999999127,sl,1140.0,-0.21876869999998255,0.1050687,-0.32383739999998257,ifvg_clean,0.001,5.0,3.0,15.0
2025-11,S6_3x15x,16,-1,105336.7,105361.0,92.69999999998254,463.4999999999127,inv,24.0,-0.1296367000000029,0.10533669999999999,-0.23497340000000289,ifvg_clean,0.001,5.0,3.0,15.0
2025-11,S6_3x15x,17,-1,105813.4,105825.6,96.90000000000873,484.50000000004366,inv,3.0,-0.11801340000001165,0.1058134,-0.22382680000001165,ifvg_clean,0.001,5.0,3.0,15.0
2025-11,S6_3x15x,18,1,105512.7,106711.20000000013,239.7000000000262,1198.500000000131,tp,10595.0,1.092987300000131,0.1055127,0.9874746000001309,ifvg_clean,0.001,5.0,3.0,15.0
2025-11,S6_3x15x,19,-1,106003.3,106120.59999999998,117.2999999999738,586.499999999869,sl,433.0,-0.22330329999997384,0.10600330000000001,-0.32930659999997386,ifvg_clean,0.001,5.0,3.0,15.0
2025-11,S6_3x15x,20,1,106576.3,106336.60000000002,239.69999999998254,1198.4999999999127,sl,292.0,-0.34627629999998255,0.1065763,-0.45285259999998256,ifvg_clean,0.001,5.0,3.0,15.0
2025-11,S6_3x15x,21,1,106414.9,106383.5,101.69999999998254,508.4999999999127,inv,212.0,-0.1378148999999942,0.1064149,-0.2442297999999942,ifvg_clean,0.001,5.0,3.0,15.0
2025-11,S6_3x15x,22,-1,105406.6,104796.10000000005,122.09999999999127,610.4999999999563,tp,7894.0,0.5050933999999564,0.10540660000000002,0.3996867999999564,ifvg_clean,0.001,5.0,3.0,15.0
2025-11,S6_3x15x,23,1,105304.8,105193.49999999999,111.30000000001746,556.5000000000873,sl,741.0,-0.21660480000001747,0.1053048,-0.32190960000001745,ifvg_clean,0.001,5.0,3.0,15.0
2025-11,S6_3x15x,24,1,104850.1,104496.1,354.0,1770.0,sl,14013.0,-0.4588501,0.10485010000000002,-0.5637002,ifvg_clean,0.001,5.0,3.0,15.0
2025-11,S6_3x15x,25,-1,101624.8,101636.9,66.2999999999738,331.49999999986903,inv,428.0,-0.11372479999999129,0.10162480000000002,-0.21534959999999131,ifvg_clean,0.001,5.0,3.0,15.0
2025-11,S6_3x15x,26,-1,101482.0,101561.9,238.19999999998254,1190.9999999999127,inv,140.0,-0.1813819999999942,0.101482,-0.2828639999999942,ifvg_clean,0.001,5.0,3.0,15.0
2025-11,S6_3x15x,27,-1,102478.0,102506.1,84.90000000000873,424.50000000004366,inv,9.0,-0.13057800000000583,0.10247800000000001,-0.23305600000000584,ifvg_clean,0.001,5.0,3.0,15.0
2025-11,S6_3x15x,28,1,102446.1,101841.90000000002,604.1999999999825,3020.9999999999127,sl,1527.0,-0.7066460999999825,0.1024461,-0.8090921999999825,ifvg_clean,0.001,5.0,3.0,15.0
2025-11,S6_3x15x,29,-1,101815.5,100834.50000000009,196.19999999998254,980.9999999999127,tp,2323.0,0.8791844999999128,0.1018155,0.7773689999999127,ifvg_clean,0.001,5.0,3.0,15.0
2025-11,S6_3x15x,30,-1,100996.8,101104.20000000001,107.40000000000873,537.0000000000437,sl,81.0,-0.20839680000000876,0.10099680000000001,-0.30939360000000876,ifvg_clean,0.001,5.0,3.0,15.0
2025-11,S6_3x15x,31,-1,100431.3,100120.80000000005,62.09999999999127,310.49999999995634,tp,295.0,0.21006869999995637,0.10043130000000002,0.10963739999995635,ifvg_clean,0.001,5.0,3.0,15.0
2025-11,S6_3x15x,32,-1,100791.8,100013.30000000009,155.69999999998254,778.4999999999127,tp,2569.0,0.6777081999999127,0.10079180000000001,0.5769163999999127,ifvg_clean,0.001,5.0,3.0,15.0
2025-11,S6_3x15x,33,-1,99881.3,99494.29999999996,77.40000000000873,387.00000000004366,tp,704.0,0.28711870000004364,0.0998813,0.18723740000004363,ifvg_clean,0.001,5.0,3.0,15.0
2025-11,S6_3x15x,34,-1,98707.8,98712.7,66.2999999999738,331.49999999986903,inv,0.0,-0.10360779999999419,0.09870780000000001,-0.2023155999999942,ifvg_clean,0.001,5.0,3.0,15.0
2025-11,S6_3x15x,35,1,98524.0,98472.1,161.09999999999127,805.4999999999563,inv,5.0,-0.15042399999999417,0.098524,-0.24894799999999417,ifvg_clean,0.001,5.0,3.0,15.0
2025-11,S6_3x15x,36,-1,98363.1,98498.40000000002,135.30000000001746,676.5000000000873,sl,114.0,-0.23366310000001747,0.09836310000000001,-0.3320262000000175,ifvg_clean,0.001,5.0,3.0,15.0
2025-11,S6_3x15x,37,1,99617.7,99413.39999999998,204.30000000001746,1021.5000000000873,sl,3388.0,-0.3039177000000175,0.0996177,-0.40353540000001753,ifvg_clean,0.001,5.0,3.0,15.0
2025-11,S6_3x15x,38,1,99397.1,99265.1,132.0,660.0,sl,120.0,-0.23139710000000002,0.09939710000000002,-0.33079420000000004,ifvg_clean,0.001,5.0,3.0,15.0
2025-11,S6_3x15x,39,1,99539.8,99440.20000000001,99.59999999999127,497.99999999995634,sl,81.0,-0.19913979999999126,0.0995398,-0.2986795999999913,ifvg_clean,0.001,5.0,3.0,15.0
2025-11,S6_3x15x,40,-1,99106.9,98794.89999999995,62.40000000000873,312.00000000004366,tp,259.0,0.2128931000000437,0.0991069,0.11378620000004369,ifvg_clean,0.001,5.0,3.0,15.0
2025-11,S6_3x15x,41,-1,99283.8,98481.3,160.5,802.5,tp,5091.0,0.7032162,0.0992838,0.6039323999999999,ifvg_clean,0.001,5.0,3.0,15.0
2025-11,S6_3x15x,42,-1,97835.9,96682.40000000008,230.69999999998254,1153.4999999999127,tp,7036.0,1.0556640999999127,0.0978359,0.9578281999999128,ifvg_clean,0.001,5.0,3.0,15.0
2025-11,S6_3x15x,43,-1,97077.4,97125.0,153.30000000001746,766.5000000000873,inv,90.0,-0.1446774000000058,0.0970774,-0.24175480000000582,ifvg_clean,0.001,5.0,3.0,15.0
2025-11,S6_3x15x,44,1,96901.7,96868.1,148.19999999998254,740.9999999999127,inv,2.0,-0.13050169999999128,0.09690170000000001,-0.2274033999999913,ifvg_clean,0.001,5.0,3.0,15.0
2025-11,S6_3x15x,45,-1,96622.3,96690.99999999999,68.69999999998254,343.4999999999127,sl,7.0,-0.16532229999998255,0.09662230000000001,-0.26194459999998254,ifvg_clean,0.001,5.0,3.0,15.0
2025-11,S6_3x15x,46,-1,97165.0,97202.2,84.59999999999127,422.99999999995634,inv,496.0,-0.1343649999999971,0.097165,-0.2315299999999971,ifvg_clean,0.001,5.0,3.0,15.0
2025-11,S6_3x15x,47,-1,96324.4,95625.3999999999,139.80000000001746,699.0000000000873,tp,17288.0,0.6026756000000874,0.0963244,0.5063512000000874,ifvg_clean,0.001,5.0,3.0,15.0
2025-11,S6_3x15x,48,-1,95949.0,96055.1,331.80000000001746,1659.0000000000873,inv,3017.0,-0.20204900000000584,0.095949,-0.29799800000000587,ifvg_clean,0.001,5.0,3.0,15.0
2025-11,S6_3x15x,49,-1,95592.6,95674.2,81.59999999999127,407.99999999995634,sl,51.0,-0.17719259999999126,0.0955926,-0.2727851999999913,ifvg_clean,0.001,5.0,3.0,15.0
2025-11,S6_3x15x,50,-1,94659.3,94705.7,153.0,765.0,inv,11.0,-0.14105929999999417,0.0946593,-0.23571859999999417,ifvg_clean,0.001,5.0,3.0,15.0
2025-11,S6_3x15x,51,1,94882.3,95231.80000000005,69.90000000000873,349.50000000004366,tp,263.0,0.2546177000000437,0.0948823,0.1597354000000437,ifvg_clean,0.001,5.0,3.0,15.0
2025-11,S6_3x15x,52,-1,95747.5,95772.3,122.40000000000873,612.0000000000437,inv,9.0,-0.12054750000000292,0.0957475,-0.2162950000000029,ifvg_clean,0.001,5.0,3.0,15.0
2025-11,S6_3x15x,53,1,95304.8,95104.10000000002,200.69999999998254,1003.4999999999127,sl,178.0,-0.2960047999999825,0.09530480000000001,-0.39130959999998255,ifvg_clean,0.001,5.0,3.0,15.0
2025-11,S6_3x15x,54,-1,93649.8,94150.49999999999,500.69999999998254,2503.4999999999127,sl,2961.0,-0.5943497999999826,0.0936498,-0.6879995999999826,ifvg_clean,0.001,5.0,3.0,15.0
2025-11,S6_3x15x,55,-1,90717.1,90860.20000000004,143.10000000003492,715.5000000001746,sl,107.0,-0.23381710000003492,0.09071710000000001,-0.3245342000000349,ifvg_clean,0.001,5.0,3.0,15.0
2025-11,S6_3x15x,56,1,93583.5,93473.40000000001,110.09999999999127,550.4999999999563,sl,48.0,-0.20368349999999127,0.0935835,-0.2972669999999913,ifvg_clean,0.001,5.0,3.0,15.0
2025-11,S6_3x15x,57,1,93290.4,93274.9,62.70000000002619,313.50000000013097,inv,3.0,-0.1087904,0.0932904,-0.2020808,ifvg_clean,0.001,5.0,3.0,15.0
2025-11,S6_3x15x,58,-1,93214.6,93292.6,78.0,390.0,sl,751.0,-0.1712146,0.09321460000000001,-0.26442920000000003,ifvg_clean,0.001,5.0,3.0,15.0
2025-11,S6_3x15x,59,-1,93474.8,93516.0,130.5,652.5,inv,2703.0,-0.1346747999999971,0.09347480000000001,-0.22814959999999712,ifvg_clean,0.001,5.0,3.0,15.0
2025-11,S6_3x15x,60,1,93162.9,93139.5,72.0,360.0,inv,36.0,-0.11656289999999417,0.09316289999999999,-0.20972579999999416,ifvg_clean,0.001,5.0,3.0,15.0
2025-11,S6_3x15x,61,1,92915.2,92876.5,118.80000000001746,594.0000000000873,inv,179.0,-0.1316151999999971,0.0929152,-0.2245303999999971,ifvg_clean,0.001,5.0,3.0,15.0
2025-11,S6_3x15x,62,1,93049.4,92894.3,155.09999999999127,775.4999999999563,sl,3061.0,-0.24814939999999125,0.09304939999999999,-0.34119879999999125,ifvg_clean,0.001,5.0,3.0,15.0
2025-11,S6_3x15x,63,-1,89528.6,89575.9,147.0,735.0,inv,54.0,-0.13682859999998837,0.08952860000000001,-0.22635719999998838,ifvg_clean,0.001,5.0,3.0,15.0
2025-11,S6_3x15x,64,1,89255.8,90353.79999999996,219.59999999999127,1097.9999999999563,tp,1934.0,1.0087441999999562,0.08925580000000001,0.9194883999999562,ifvg_clean,0.001,5.0,3.0,15.0
2025-11,S6_3x15x,65,-1,91820.8,91883.8,268.80000000001746,1344.0000000000873,inv,2.0,-0.1548208,0.09182080000000001,-0.24664160000000002,ifvg_clean,0.001,5.0,3.0,15.0
2025-11,S6_3x15x,66,-1,82220.0,82430.29999999997,210.2999999999738,1051.499999999869,sl,302.0,-0.2925199999999738,0.08222,-0.3747399999999738,ifvg_clean,0.001,5.0,3.0,15.0
2025-11,S6_3x15x,67,1,82096.4,82038.5,174.30000000001746,871.5000000000873,inv,30.0,-0.1399963999999942,0.0820964,-0.2220927999999942,ifvg_clean,0.001,5.0,3.0,15.0
2025-11,S6_3x15x,68,1,82784.7,82810.8,78.90000000000873,394.50000000004366,inv,0.0,-0.05668469999999418,0.0827847,-0.1394693999999942,ifvg_clean,0.001,5.0,3.0,15.0
2025-11,S6_3x15x,69,-1,82960.7,83290.1,329.40000000000873,1647.0000000000437,sl,1941.0,-0.41236070000000874,0.0829607,-0.49532140000000874,ifvg_clean,0.001,5.0,3.0,15.0
2025-11,S6_3x15x,70,1,83343.6,85293.6,390.0,1950.0,tp,1285.0,1.8666563999999999,0.08334360000000002,1.7833127999999998,ifvg_clean,0.001,5.0,3.0,15.0
2025-11,S6_3x15x,71,1,83468.4,83410.4,174.60000000003492,873.0000000001746,inv,18.0,-0.1414684,0.0834684,-0.2249368,ifvg_clean,0.001,5.0,3.0,15.0
2025-11,S6_3x15x,72,-1,84982.6,85012.1,100.80000000001746,504.0000000000873,inv,67.0,-0.1144826,0.0849826,-0.1994652,ifvg_clean,0.001,5.0,3.0,15.0
2025-11,S6_3x15x,73,1,85096.6,84993.70000000004,102.89999999996508,514.4999999998254,sl,54.0,-0.1879965999999651,0.08509660000000001,-0.2730931999999651,ifvg_clean,0.001,5.0,3.0,15.0
2025-11,S6_3x15x,74,-1,84684.9,84306.90000000004,75.59999999999127,377.99999999995634,tp,469.0,0.29331509999995636,0.08468490000000001,0.20863019999995636,ifvg_clean,0.001,5.0,3.0,15.0
2025-11,S6_3x15x,75,1,84670.5,84543.90000000001,126.59999999999127,632.9999999999563,sl,228.0,-0.21127049999999128,0.08467050000000001,-0.2959409999999913,ifvg_clean,0.001,5.0,3.0,15.0
2025-11,S6_3x15x,76,1,84155.5,84096.9,222.60000000003492,1113.0000000001746,inv,21.0,-0.14275550000000584,0.08415550000000001,-0.22691100000000586,ifvg_clean,0.001,5.0,3.0,15.0
2025-11,S6_3x15x,77,1,84009.4,83936.20000000001,73.19999999998254,365.9999999999127,sl,751.0,-0.15720939999998254,0.0840094,-0.24121879999998252,ifvg_clean,0.001,5.0,3.0,15.0
2025-11,S6_3x15x,78,-1,84497.3,84544.2,140.69999999998254,703.4999999999127,inv,71.0,-0.1313972999999942,0.08449730000000001,-0.21589459999999422,ifvg_clean,0.001,5.0,3.0,15.0
2025-11,S6_3x15x,79,-1,85767.1,85787.9,82.19999999998254,410.9999999999127,inv,65.0,-0.10656709999998837,0.08576710000000001,-0.19233419999998838,ifvg_clean,0.001,5.0,3.0,15.0
2025-11,S6_3x15x,80,-1,87378.6,87418.0,111.59999999999127,557.9999999999563,inv,32.0,-0.1267785999999942,0.0873786,-0.2141571999999942,ifvg_clean,0.001,5.0,3.0,15.0
2025-11,S6_3x15x,81,1,85960.5,85938.7,87.59999999999127,437.99999999995634,inv,135.0,-0.10776050000000291,0.0859605,-0.19372100000000292,ifvg_clean,0.001,5.0,3.0,15.0
2025-11,S6_3x15x,82,1,86169.8,86099.0,216.59999999999127,1082.9999999999563,inv,45.0,-0.15696980000000293,0.0861698,-0.24313960000000295,ifvg_clean,0.001,5.0,3.0,15.0
2025-11,S6_3x15x,83,-1,88598.0,88618.3,90.0,450.0,inv,9.0,-0.10889800000000291,0.088598,-0.1974960000000029,ifvg_clean,0.001,5.0,3.0,15.0
2025-11,S6_3x15x,84,1,88372.8,88064.70000000001,308.09999999999127,1540.4999999999563,sl,4064.0,-0.3964727999999913,0.0883728,-0.48484559999999133,ifvg_clean,0.001,5.0,3.0,15.0
2025-11,S6_3x15x,85,1,88672.2,88624.4,151.80000000001746,759.0000000000873,inv,38.0,-0.13647220000000293,0.0886722,-0.22514440000000294,ifvg_clean,0.001,5.0,3.0,15.0
2025-11,S6_3x15x,86,1,88033.9,87958.2,337.80000000001746,1689.0000000000873,inv,324.0,-0.1637338999999971,0.0880339,-0.2517677999999971,ifvg_clean,0.001,5.0,3.0,15.0
2025-11,S6_3x15x,87,-1,87696.0,87876.29999999997,180.2999999999738,901.499999999869,sl,1849.0,-0.2679959999999738,0.087696,-0.3556919999999738,ifvg_clean,0.001,5.0,3.0,15.0
2025-11,S6_3x15x,88,-1,87513.3,87584.4,71.09999999999127,355.49999999995634,sl,125.0,-0.15861329999999127,0.0875133,-0.24612659999999126,ifvg_clean,0.001,5.0,3.0,15.0
2025-11,S6_3x15x,89,-1,86276.0,86521.09999999999,245.09999999999127,1225.4999999999563,sl,107.0,-0.33137599999999123,0.08627599999999999,-0.41765199999999125,ifvg_clean,0.001,5.0,3.0,15.0
2025-11,S6_3x15x,90,-1,86583.1,86580.2,63.29999999997381,316.49999999986903,inv,0.0,-0.08368309999999128,0.08658310000000001,-0.1702661999999913,ifvg_clean,0.001,5.0,3.0,15.0
2025-11,S6_3x15x,91,1,87490.5,87466.2,67.2000000000262,336.00000000013097,inv,344.0,-0.1117905000000029,0.0874905,-0.1992810000000029,ifvg_clean,0.001,5.0,3.0,15.0
2025-11,S6_3x15x,92,-1,87337.8,87349.3,62.09999999999127,310.49999999995634,inv,9.0,-0.0988378,0.08733780000000001,-0.1861756,ifvg_clean,0.001,5.0,3.0,15.0
2025-11,S6_3x15x,93,-1,87248.5,87297.7,147.2999999999738,736.499999999869,inv,154.0,-0.13644849999999709,0.0872485,-0.2236969999999971,ifvg_clean,0.001,5.0,3.0,15.0
2025-11,S6_3x15x,94,-1,87879.6,87578.09999999992,60.30000000001746,301.5000000000873,tp,3030.0,0.2136204000000873,0.08787960000000002,0.1257408000000873,ifvg_clean,0.001,5.0,3.0,15.0
2025-11,S6_3x15x,95,-1,87191.7,87295.80000000003,104.10000000003492,520.5000000001746,sl,2108.0,-0.19129170000003493,0.0871917,-0.2784834000000349,ifvg_clean,0.001,5.0,3.0,15.0
2025-11,S6_3x15x,96,-1,90137.1,90189.5,170.09999999999127,850.4999999999563,inv,113.0,-0.1425370999999942,0.09013710000000001,-0.23267419999999422,ifvg_clean,0.001,5.0,3.0,15.0
2025-11,S6_3x15x,97,1,90479.8,90398.20000000001,81.59999999999127,407.99999999995634,sl,546.0,-0.1720797999999913,0.09047980000000001,-0.2625595999999913,ifvg_clean,0.001,5.0,3.0,15.0
2025-11,S6_3x15x,98,1,91519.9,91388.8,131.09999999999127,655.4999999999563,sl,155.0,-0.22261989999999127,0.0915199,-0.31413979999999125,ifvg_clean,0.001,5.0,3.0,15.0
2025-11,S6_3x15x,99,1,91214.6,91192.2,69.90000000000873,349.50000000004366,inv,42.0,-0.11361460000000874,0.0912146,-0.20482920000000876,ifvg_clean,0.001,5.0,3.0,15.0
2025-11,S6_3x15x,100,-1,92091.0,92181.0,90.0,450.0,sl,99.0,-0.182091,0.092091,-0.27418200000000004,ifvg_clean,0.001,5.0,3.0,15.0
2025-11,S6_3x15x,101,-1,92028.2,91167.20000000008,172.19999999998254,860.9999999999127,tp,1300.0,0.7689717999999127,0.0920282,0.6769435999999127,ifvg_clean,0.001,5.0,3.0,15.0
2025-11,S6_3x15x,102,-1,91248.2,91393.99999999997,145.7999999999738,728.999999999869,sl,161.0,-0.2370481999999738,0.0912482,-0.32829639999997384,ifvg_clean,0.001,5.0,3.0,15.0
2025-11,S6_3x15x,103,-1,90431.8,90582.70000000001,150.90000000000873,754.5000000000437,sl,217.0,-0.24133180000000873,0.0904318,-0.3317636000000087,ifvg_clean,0.001,5.0,3.0,15.0
2025-11,S6_3x15x,104,-1,90891.5,90970.69999999998,79.19999999998254,395.9999999999127,sl,121.0,-0.17009149999998255,0.09089150000000001,-0.26098299999998253,ifvg_clean,0.001,5.0,3.0,15.0
2025-11,S7_5x10x,0,-1,110272.3,109250.30000000003,510.99999999998545,1021.9999999999709,tp,6738.0,0.9117276999999709,0.1102723,0.801455399999971,ifvg_clean,0.001,2.0,5.0,10.0
2025-11,S7_5x10x,1,-1,109580.3,108792.29999999997,394.00000000001455,788.0000000000291,tp,3614.0,0.6784197000000292,0.1095803,0.5688394000000292,ifvg_clean,0.001,2.0,5.0,10.0
2025-11,S7_5x10x,2,1,108730.7,108705.2,140.0,280.0,inv,8.0,-0.1342307,0.1087307,-0.2429614,ifvg_clean,0.001,2.0,5.0,10.0
2025-11,S7_5x10x,3,-1,107361.9,107586.39999999997,224.4999999999709,448.9999999999418,sl,2346.0,-0.3318618999999709,0.1073619,-0.4392237999999709,ifvg_clean,0.001,2.0,5.0,10.0
2025-11,S7_5x10x,4,1,107847.7,107350.69999999995,497.00000000004366,994.0000000000873,sl,8947.0,-0.6048477000000437,0.1078477,-0.7126954000000437,ifvg_clean,0.001,2.0,5.0,10.0
2025-11,S7_5x10x,5,1,107315.0,107278.8,200.0,400.0,inv,15.0,-0.1435149999999971,0.107315,-0.2508299999999971,ifvg_clean,0.001,2.0,5.0,10.0
2025-11,S7_5x10x,6,1,107049.3,106748.80000000005,300.49999999995634,600.9999999999127,sl,3709.0,-0.40754929999995637,0.1070493,-0.5145985999999564,ifvg_clean,0.001,2.0,5.0,10.0
2025-11,S7_5x10x,7,1,103787.4,103760.5,210.0,420.0,inv,42.0,-0.13068739999999418,0.10378739999999999,-0.23447479999999415,ifvg_clean,0.001,2.0,5.0,10.0
2025-11,S7_5x10x,8,-1,100697.9,100897.39999999997,199.4999999999709,398.9999999999418,sl,536.0,-0.3001978999999709,0.10069789999999999,-0.4008957999999709,ifvg_clean,0.001,2.0,5.0,10.0
2025-11,S7_5x10x,9,-1,100511.4,101336.4,825.0,1650.0,sl,601.0,-0.9255114000000001,0.1005114,-1.0260228,ifvg_clean,0.001,2.0,5.0,10.0
2025-11,S7_5x10x,10,-1,103090.3,103119.8,180.99999999998545,361.9999999999709,inv,7.0,-0.1325903,0.1030903,-0.2356806,ifvg_clean,0.001,2.0,5.0,10.0
2025-11,S7_5x10x,11,-1,103589.5,103743.0,772.5,1545.0,inv,1253.0,-0.25708949999999997,0.1035895,-0.36067899999999997,ifvg_clean,0.001,2.0,5.0,10.0
2025-11,S7_5x10x,12,-1,103531.0,103586.5,333.0000000000291,666.0000000000582,inv,3.0,-0.159031,0.10353100000000001,-0.262562,ifvg_clean,0.001,2.0,5.0,10.0
2025-11,S7_5x10x,13,1,105956.6,105931.4,153.5000000000582,307.0000000001164,inv,70.0,-0.13115660000001167,0.10595660000000001,-0.23711320000001168,ifvg_clean,0.001,2.0,5.0,10.0
2025-11,S7_5x10x,14,-1,105068.7,105258.19999999997,189.4999999999709,378.9999999999418,sl,1235.0,-0.29456869999997093,0.1050687,-0.39963739999997094,ifvg_clean,0.001,2.0,5.0,10.0
2025-11,S7_5x10x,15,-1,105336.7,105361.0,154.4999999999709,308.9999999999418,inv,24.0,-0.1296367000000029,0.10533669999999999,-0.23497340000000289,ifvg_clean,0.001,2.0,5.0,10.0
2025-11,S7_5x10x,16,-1,104936.4,105548.39999999997,611.9999999999709,1223.9999999999418,sl,5827.0,-0.7169363999999709,0.1049364,-0.821872799999971,ifvg_clean,0.001,2.0,5.0,10.0
2025-11,S7_5x10x,17,-1,105813.4,105825.6,161.50000000001455,323.0000000000291,inv,3.0,-0.11801340000001165,0.1058134,-0.22382680000001165,ifvg_clean,0.001,2.0,5.0,10.0
2025-11,S7_5x10x,18,1,105512.7,106311.70000000008,399.50000000004366,799.0000000000873,tp,10395.0,0.6934873000000873,0.1055127,0.5879746000000873,ifvg_clean,0.001,2.0,5.0,10.0
2025-11,S7_5x10x,19,-1,106003.3,106198.79999999996,195.49999999995634,390.9999999999127,sl,486.0,-0.30150329999995634,0.10600330000000001,-0.40750659999995636,ifvg_clean,0.001,2.0,5.0,10.0
2025-11,S7_5x10x,20,1,106414.9,106383.5,169.4999999999709,338.9999999999418,inv,212.0,-0.1378148999999942,0.1064149,-0.2442297999999942,ifvg_clean,0.001,2.0,5.0,10.0
2025-11,S7_5x10x,21,1,106576.3,106176.80000000003,399.4999999999709,798.9999999999418,sl,1971.0,-0.5060762999999708,0.1065763,-0.6126525999999708,ifvg_clean,0.001,2.0,5.0,10.0
2025-11,S7_5x10x,22,-1,105406.6,104999.60000000003,203.49999999998545,406.9999999999709,tp,2332.0,0.30159339999997087,0.10540660000000002,0.19618679999997085,ifvg_clean,0.001,2.0,5.0,10.0
2025-11,S7_5x10x,23,1,105304.8,105119.29999999997,185.5000000000291,371.0000000000582,sl,2727.0,-0.2908048000000291,0.1053048,-0.39610960000002915,ifvg_clean,0.001,2.0,5.0,10.0
2025-11,S7_5x10x,24,1,104850.1,104260.1,590.0,1180.0,sl,14391.0,-0.6948501,0.10485010000000002,-0.7997002000000001,ifvg_clean,0.001,2.0,5.0,10.0
2025-11,S7_5x10x,25,-1,101624.8,101636.9,110.49999999995634,220.9999999999127,inv,428.0,-0.11372479999999129,0.10162480000000002,-0.21534959999999131,ifvg_clean,0.001,2.0,5.0,10.0
2025-11,S7_5x10x,26,-1,101482.0,101561.9,396.9999999999709,793.9999999999418,inv,140.0,-0.1813819999999942,0.101482,-0.2828639999999942,ifvg_clean,0.001,2.0,5.0,10.0
2025-11,S7_5x10x,27,-1,102478.0,102506.1,141.50000000001455,283.0000000000291,inv,9.0,-0.13057800000000583,0.10247800000000001,-0.23305600000000584,ifvg_clean,0.001,2.0,5.0,10.0
2025-11,S7_5x10x,28,1,102446.1,101439.10000000003,1006.9999999999709,2013.9999999999418,sl,2295.0,-1.109446099999971,0.1024461,-1.211892199999971,ifvg_clean,0.001,2.0,5.0,10.0
2025-11,S7_5x10x,29,-1,101815.5,101161.50000000006,326.9999999999709,653.9999999999418,tp,1035.0,0.5521844999999419,0.1018155,0.4503689999999419,ifvg_clean,0.001,2.0,5.0,10.0
2025-11,S7_5x10x,30,-1,100996.8,101175.80000000002,179.00000000001455,358.0000000000291,sl,90.0,-0.2799968000000146,0.10099680000000001,-0.3809936000000146,ifvg_clean,0.001,2.0,5.0,10.0
2025-11,S7_5x10x,31,-1,100791.8,100272.80000000006,259.4999999999709,518.9999999999418,tp,1617.0,0.41820819999994185,0.10079180000000001,0.31741639999994187,ifvg_clean,0.001,2.0,5.0,10.0
2025-11,S7_5x10x,32,-1,100431.3,100224.30000000003,103.49999999998545,206.9999999999709,tp,204.0,0.10656869999997089,0.10043130000000002,0.006137399999970872,ifvg_clean,0.001,2.0,5.0,10.0
2025-11,S7_5x10x,33,-1,99881.3,99623.29999999997,129.00000000001455,258.0000000000291,tp,291.0,0.1581187000000291,0.0998813,0.05823740000002908,ifvg_clean,0.001,2.0,5.0,10.0
2025-11,S7_5x10x,34,-1,98707.8,98712.7,110.49999999995634,220.9999999999127,inv,0.0,-0.10360779999999419,0.09870780000000001,-0.2023155999999942,ifvg_clean,0.001,2.0,5.0,10.0
2025-11,S7_5x10x,35,1,98524.0,98472.1,268.49999999998545,536.9999999999709,inv,5.0,-0.15042399999999417,0.098524,-0.24894799999999417,ifvg_clean,0.001,2.0,5.0,10.0
2025-11,S7_5x10x,36,-1,98363.1,98588.60000000003,225.5000000000291,451.0000000000582,sl,162.0,-0.32386310000002916,0.09836310000000001,-0.4222262000000292,ifvg_clean,0.001,2.0,5.0,10.0
2025-11,S7_5x10x,37,1,99617.7,100298.70000000006,340.5000000000291,681.0000000000582,tp,953.0,0.5813823000000582,0.0996177,0.48176460000005816,ifvg_clean,0.001,2.0,5.0,10.0
2025-11,S7_5x10x,38,1,99397.1,99177.1,220.0,440.0,sl,132.0,-0.3193971,0.09939710000000002,-0.4187942,ifvg_clean,0.001,2.0,5.0,10.0
2025-11,S7_5x10x,39,1,99539.8,99373.80000000002,165.99999999998545,331.9999999999709,sl,108.0,-0.26553979999998545,0.0995398,-0.36507959999998546,ifvg_clean,0.001,2.0,5.0,10.0
2025-11,S7_5x10x,40,-1,99283.8,98748.8,267.5,535.0,tp,2295.0,0.4357162,0.0992838,0.33643239999999996,ifvg_clean,0.001,2.0,5.0,10.0
2025-11,S7_5x10x,41,-1,99106.9,98898.89999999997,104.00000000001455,208.0000000000291,tp,233.0,0.10889310000002911,0.0991069,0.00978620000002911,ifvg_clean,0.001,2.0,5.0,10.0
2025-11,S7_5x10x,42,-1,97835.9,97066.90000000005,384.4999999999709,768.9999999999418,tp,2997.0,0.6711640999999419,0.0978359,0.5733281999999419,ifvg_clean,0.001,2.0,5.0,10.0
2025-11,S7_5x10x,43,-1,97077.4,97125.0,255.5000000000291,511.0000000000582,inv,90.0,-0.1446774000000058,0.0970774,-0.24175480000000582,ifvg_clean,0.001,2.0,5.0,10.0
2025-11,S7_5x10x,44,1,96901.7,96868.1,246.9999999999709,493.9999999999418,inv,2.0,-0.13050169999999128,0.09690170000000001,-0.2274033999999913,ifvg_clean,0.001,2.0,5.0,10.0
2025-11,S7_5x10x,45,-1,96622.3,96393.30000000006,114.4999999999709,228.9999999999418,tp,214.0,0.1323776999999418,0.09662230000000001,0.0357553999999418,ifvg_clean,0.001,2.0,5.0,10.0
2025-11,S7_5x10x,46,-1,97165.0,96883.00000000003,140.99999999998545,281.9999999999709,tp,360.0,0.18483499999997088,0.097165,0.08766999999997088,ifvg_clean,0.001,2.0,5.0,10.0
2025-11,S7_5x10x,47,-1,96324.4,95858.39999999994,233.0000000000291,466.0000000000582,tp,2172.0,0.36967560000005817,0.0963244,0.2733512000000582,ifvg_clean,0.001,2.0,5.0,10.0
2025-11,S7_5x10x,48,-1,95949.0,96055.1,553.0000000000291,1106.0000000000582,inv,3017.0,-0.20204900000000584,0.095949,-0.29799800000000587,ifvg_clean,0.001,2.0,5.0,10.0
2025-11,S7_5x10x,49,-1,95592.6,95728.59999999999,135.99999999998545,271.9999999999709,sl,114.0,-0.23159259999998544,0.0955926,-0.3271851999999854,ifvg_clean,0.001,2.0,5.0,10.0
2025-11,S7_5x10x,50,-1,94659.3,94705.7,255.0,510.0,inv,11.0,-0.14105929999999417,0.0946593,-0.23571859999999417,ifvg_clean,0.001,2.0,5.0,10.0
2025-11,S7_5x10x,51,1,94882.3,95115.30000000003,116.50000000001455,233.0000000000291,tp,98.0,0.1381177000000291,0.0948823,0.043235400000029095,ifvg_clean,0.001,2.0,5.0,10.0
2025-11,S7_5x10x,52,-1,95747.5,95772.3,204.00000000001455,408.0000000000291,inv,9.0,-0.12054750000000292,0.0957475,-0.2162950000000029,ifvg_clean,0.001,2.0,5.0,10.0
2025-11,S7_5x10x,53,1,95304.8,94970.30000000003,334.4999999999709,668.9999999999418,sl,191.0,-0.4298047999999709,0.09530480000000001,-0.5251095999999709,ifvg_clean,0.001,2.0,5.0,10.0
2025-11,S7_5x10x,54,-1,93649.8,91980.80000000006,834.4999999999709,1668.9999999999418,tp,12733.0,1.5753501999999417,0.0936498,1.4817003999999416,ifvg_clean,0.001,2.0,5.0,10.0
2025-11,S7_5x10x,55,-1,90717.1,90240.09999999989,238.5000000000582,477.0000000001164,tp,1083.0,0.38628290000011645,0.09071710000000001,0.29556580000011645,ifvg_clean,0.001,2.0,5.0,10.0
2025-11,S7_5x10x,56,1,93583.5,93400.00000000001,183.49999999998545,366.9999999999709,sl,231.0,-0.27708349999998544,0.0935835,-0.3706669999999854,ifvg_clean,0.001,2.0,5.0,10.0
2025-11,S7_5x10x,57,1,93290.4,93274.9,104.50000000004366,209.0000000000873,inv,3.0,-0.1087904,0.0932904,-0.2020808,ifvg_clean,0.001,2.0,5.0,10.0
2025-11,S7_5x10x,58,-1,93214.6,93344.6,130.0,260.0,sl,806.0,-0.2232146,0.09321460000000001,-0.3164292,ifvg_clean,0.001,2.0,5.0,10.0
2025-11,S7_5x10x,59,-1,93474.8,93516.0,217.5,435.0,inv,2703.0,-0.1346747999999971,0.09347480000000001,-0.22814959999999712,ifvg_clean,0.001,2.0,5.0,10.0
2025-11,S7_5x10x,60,1,93162.9,93139.5,120.0,240.0,inv,36.0,-0.11656289999999417,0.09316289999999999,-0.20972579999999416,ifvg_clean,0.001,2.0,5.0,10.0
2025-11,S7_5x10x,61,1,92915.2,92876.5,198.0000000000291,396.0000000000582,inv,179.0,-0.1316151999999971,0.0929152,-0.2245303999999971,ifvg_clean,0.001,2.0,5.0,10.0
2025-11,S7_5x10x,62,1,93049.4,92790.90000000001,258.49999999998545,516.9999999999709,sl,3086.0,-0.35154939999998547,0.09304939999999999,-0.4445987999999855,ifvg_clean,0.001,2.0,5.0,10.0
2025-11,S7_5x10x,63,-1,89528.6,89575.9,245.0,490.0,inv,54.0,-0.13682859999998837,0.08952860000000001,-0.22635719999998838,ifvg_clean,0.001,2.0,5.0,10.0
2025-11,S7_5x10x,64,1,89255.8,89987.79999999997,365.99999999998545,731.9999999999709,tp,1877.0,0.6427441999999709,0.08925580000000001,0.5534883999999709,ifvg_clean,0.001,2.0,5.0,10.0
2025-11,S7_5x10x,65,-1,91820.8,91883.8,448.0000000000291,896.0000000000582,inv,2.0,-0.1548208,0.09182080000000001,-0.24664160000000002,ifvg_clean,0.001,2.0,5.0,10.0
2025-11,S7_5x10x,66,-1,82220.0,82570.49999999996,350.49999999995634,700.9999999999127,sl,363.0,-0.43271999999995636,0.08222,-0.5149399999999563,ifvg_clean,0.001,2.0,5.0,10.0
2025-11,S7_5x10x,67,1,82096.4,82038.5,290.5000000000291,581.0000000000582,inv,30.0,-0.1399963999999942,0.0820964,-0.2220927999999942,ifvg_clean,0.001,2.0,5.0,10.0
2025-11,S7_5x10x,68,1,82784.7,82810.8,131.50000000001455,263.0000000000291,inv,0.0,-0.05668469999999418,0.0827847,-0.1394693999999942,ifvg_clean,0.001,2.0,5.0,10.0
2025-11,S7_5x10x,69,-1,82960.7,83509.70000000001,549.0000000000146,1098.000000000029,sl,2447.0,-0.6319607000000146,0.0829607,-0.7149214000000146,ifvg_clean,0.001,2.0,5.0,10.0
2025-11,S7_5x10x,70,1,83343.6,84643.6,650.0,1300.0,tp,588.0,1.2166564,0.08334360000000002,1.1333128,ifvg_clean,0.001,2.0,5.0,10.0
2025-11,S7_5x10x,71,1,83468.4,83410.4,291.0000000000582,582.0000000001164,inv,18.0,-0.1414684,0.0834684,-0.2249368,ifvg_clean,0.001,2.0,5.0,10.0
2025-11,S7_5x10x,72,-1,84982.6,85012.1,168.0000000000291,336.0000000000582,inv,67.0,-0.1144826,0.0849826,-0.1994652,ifvg_clean,0.001,2.0,5.0,10.0
2025-11,S7_5x10x,73,1,85096.6,84925.10000000006,171.4999999999418,342.9999999998836,sl,1162.0,-0.2565965999999418,0.08509660000000001,-0.3416931999999418,ifvg_clean,0.001,2.0,5.0,10.0
2025-11,S7_5x10x,74,-1,84684.9,84432.90000000002,125.99999999998545,251.9999999999709,tp,437.0,0.1673150999999709,0.08468490000000001,0.0826301999999709,ifvg_clean,0.001,2.0,5.0,10.0
2025-11,S7_5x10x,75,1,84670.5,84459.50000000001,210.99999999998545,421.9999999999709,sl,762.0,-0.29567049999998546,0.08467050000000001,-0.3803409999999855,ifvg_clean,0.001,2.0,5.0,10.0
2025-11,S7_5x10x,76,1,84155.5,84096.9,371.0000000000582,742.0000000001164,inv,21.0,-0.14275550000000584,0.08415550000000001,-0.22691100000000586,ifvg_clean,0.001,2.0,5.0,10.0
2025-11,S7_5x10x,77,1,84009.4,83887.40000000002,121.9999999999709,243.9999999999418,sl,776.0,-0.2060093999999709,0.0840094,-0.2900187999999709,ifvg_clean,0.001,2.0,5.0,10.0
2025-11,S7_5x10x,78,-1,84497.3,84544.2,234.4999999999709,468.9999999999418,inv,71.0,-0.1313972999999942,0.08449730000000001,-0.21589459999999422,ifvg_clean,0.001,2.0,5.0,10.0
2025-11,S7_5x10x,79,-1,85767.1,85787.9,136.9999999999709,273.9999999999418,inv,65.0,-0.10656709999998837,0.08576710000000001,-0.19233419999998838,ifvg_clean,0.001,2.0,5.0,10.0
2025-11,S7_5x10x,80,-1,87378.6,87418.0,185.99999999998545,371.9999999999709,inv,32.0,-0.1267785999999942,0.0873786,-0.2141571999999942,ifvg_clean,0.001,2.0,5.0,10.0
2025-11,S7_5x10x,81,1,85960.5,85938.7,145.99999999998545,291.9999999999709,inv,135.0,-0.10776050000000291,0.0859605,-0.19372100000000292,ifvg_clean,0.001,2.0,5.0,10.0
2025-11,S7_5x10x,82,1,86169.8,86099.0,360.99999999998545,721.9999999999709,inv,45.0,-0.15696980000000293,0.0861698,-0.24313960000000295,ifvg_clean,0.001,2.0,5.0,10.0
2025-11,S7_5x10x,83,-1,88598.0,88618.3,150.0,300.0,inv,9.0,-0.10889800000000291,0.088598,-0.1974960000000029,ifvg_clean,0.001,2.0,5.0,10.0
2025-11,S7_5x10x,84,1,88672.2,88624.4,253.0000000000291,506.0000000000582,inv,38.0,-0.13647220000000293,0.0886722,-0.22514440000000294,ifvg_clean,0.001,2.0,5.0,10.0
2025-11,S7_5x10x,85,1,88372.8,87859.30000000002,513.4999999999854,1026.999999999971,sl,20406.0,-0.6018727999999854,0.0883728,-0.6902455999999855,ifvg_clean,0.001,2.0,5.0,10.0
2025-11,S7_5x10x,86,1,88033.9,87958.2,563.0000000000291,1126.0000000000582,inv,324.0,-0.1637338999999971,0.0880339,-0.2517677999999971,ifvg_clean,0.001,2.0,5.0,10.0
2025-11,S7_5x10x,87,-1,87696.0,87996.49999999996,300.49999999995634,600.9999999999127,sl,2359.0,-0.38819599999995635,0.087696,-0.47589199999995635,ifvg_clean,0.001,2.0,5.0,10.0
2025-11,S7_5x10x,88,-1,87513.3,87631.79999999999,118.49999999998545,236.9999999999709,sl,511.0,-0.20601329999998547,0.0875133,-0.2935265999999855,ifvg_clean,0.001,2.0,5.0,10.0
2025-11,S7_5x10x,89,-1,86276.0,86684.49999999999,408.49999999998545,816.9999999999709,sl,203.0,-0.49477599999998545,0.08627599999999999,-0.5810519999999855,ifvg_clean,0.001,2.0,5.0,10.0
2025-11,S7_5x10x,90,-1,86583.1,86580.2,105.49999999995634,210.9999999999127,inv,0.0,-0.08368309999999128,0.08658310000000001,-0.1702661999999913,ifvg_clean,0.001,2.0,5.0,10.0
2025-11,S7_5x10x,91,1,87490.5,87466.2,112.00000000004366,224.0000000000873,inv,344.0,-0.1117905000000029,0.0874905,-0.1992810000000029,ifvg_clean,0.001,2.0,5.0,10.0
2025-11,S7_5x10x,92,-1,87337.8,87349.3,103.49999999998545,206.9999999999709,inv,9.0,-0.0988378,0.08733780000000001,-0.1861756,ifvg_clean,0.001,2.0,5.0,10.0
2025-11,S7_5x10x,93,-1,87248.5,87297.7,245.49999999995634,490.9999999999127,inv,154.0,-0.13644849999999709,0.0872485,-0.2236969999999971,ifvg_clean,0.001,2.0,5.0,10.0
2025-11,S7_5x10x,94,-1,87879.6,87678.59999999995,100.5000000000291,201.0000000000582,tp,958.0,0.1131204000000582,0.08787960000000002,0.025240800000058183,ifvg_clean,0.001,2.0,5.0,10.0
2025-11,S7_5x10x,95,-1,87191.7,87365.20000000006,173.5000000000582,347.0000000001164,sl,3769.0,-0.2606917000000582,0.0871917,-0.3478834000000582,ifvg_clean,0.001,2.0,5.0,10.0
2025-11,S7_5x10x,96,-1,90137.1,90189.5,283.49999999998545,566.9999999999709,inv,113.0,-0.1425370999999942,0.09013710000000001,-0.23267419999999422,ifvg_clean,0.001,2.0,5.0,10.0
2025-11,S7_5x10x,97,1,90479.8,90343.80000000002,135.99999999998545,271.9999999999709,sl,848.0,-0.22647979999998546,0.09047980000000001,-0.31695959999998546,ifvg_clean,0.001,2.0,5.0,10.0
2025-11,S7_5x10x,98,1,91519.9,91301.40000000001,218.49999999998545,436.9999999999709,sl,190.0,-0.31001989999998547,0.0915199,-0.40153979999998546,ifvg_clean,0.001,2.0,5.0,10.0
2025-11,S7_5x10x,99,1,91214.6,91192.2,116.50000000001455,233.0000000000291,inv,42.0,-0.11361460000000874,0.0912146,-0.20482920000000876,ifvg_clean,0.001,2.0,5.0,10.0
2025-11,S7_5x10x,100,-1,92091.0,91791.0,150.0,300.0,tp,577.0,0.20790899999999998,0.092091,0.11581799999999998,ifvg_clean,0.001,2.0,5.0,10.0
2025-11,S7_5x10x,101,-1,92028.2,91454.20000000006,286.9999999999709,573.9999999999418,tp,993.0,0.4819717999999418,0.0920282,0.38994359999994177,ifvg_clean,0.001,2.0,5.0,10.0
2025-11,S7_5x10x,102,-1,91248.2,91491.19999999995,242.99999999995634,485.9999999999127,sl,680.0,-0.33424819999995636,0.0912482,-0.42549639999995637,ifvg_clean,0.001,2.0,5.0,10.0
2025-11,S7_5x10x,103,-1,90431.8,90683.30000000002,251.50000000001455,503.0000000000291,sl,354.0,-0.34193180000001455,0.0904318,-0.43236360000001456,ifvg_clean,0.001,2.0,5.0,10.0
2025-11,S7_5x10x,104,-1,90891.5,90627.50000000006,131.9999999999709,263.9999999999418,tp,993.0,0.17310849999994177,0.09089150000000001,0.08221699999994175,ifvg_clean,0.001,2.0,5.0,10.0
2025-11,C1_10x20x_qty001,0,1,108730.7,108705.2,280.0,560.0,inv,8.0,-0.1342307,0.1087307,-0.2429614,ifvg_clean,0.001,2.0,10.0,20.0
2025-11,C1_10x20x_qty001,1,-1,110272.3,108228.30000000006,1021.9999999999709,2043.9999999999418,tp,9536.0,1.9337276999999418,0.1102723,1.8234553999999417,ifvg_clean,0.001,2.0,10.0,20.0
2025-11,C1_10x20x_qty001,2,-1,109580.3,108004.29999999994,788.0000000000291,1576.0000000000582,tp,6488.0,1.4664197000000583,0.1095803,1.3568394000000583,ifvg_clean,0.001,2.0,10.0,20.0
2025-11,C1_10x20x_qty001,3,-1,107361.9,107810.89999999994,448.9999999999418,897.9999999998836,sl,2697.0,-0.5563618999999418,0.1073619,-0.6637237999999418,ifvg_clean,0.001,2.0,10.0,20.0
2025-11,C1_10x20x_qty001,4,1,107847.7,106853.69999999991,994.0000000000873,1988.0000000001746,sl,11991.0,-1.1018477000000875,0.1078477,-1.2096954000000875,ifvg_clean,0.001,2.0,10.0,20.0
2025-11,C1_10x20x_qty001,5,1,107315.0,107278.8,400.0,800.0,inv,15.0,-0.1435149999999971,0.107315,-0.2508299999999971,ifvg_clean,0.001,2.0,10.0,20.0
2025-11,C1_10x20x_qty001,6,1,107049.3,106448.30000000009,600.9999999999127,1201.9999999998254,sl,5428.0,-0.7080492999999127,0.1070493,-0.8150985999999127,ifvg_clean,0.001,2.0,10.0,20.0
2025-11,C1_10x20x_qty001,7,1,103787.4,103760.5,420.0,840.0,inv,42.0,-0.13068739999999418,0.10378739999999999,-0.23447479999999415,ifvg_clean,0.001,2.0,10.0,20.0
2025-11,C1_10x20x_qty001,8,-1,100697.9,101096.89999999994,398.9999999999418,797.9999999998836,sl,637.0,-0.4996978999999418,0.10069789999999999,-0.6003957999999417,ifvg_clean,0.001,2.0,10.0,20.0
2025-11,C1_10x20x_qty001,9,-1,100511.4,102161.4,1650.0,3300.0,sl,4236.0,-1.7505114000000002,0.1005114,-1.8510228000000002,ifvg_clean,0.001,2.0,10.0,20.0
2025-11,C1_10x20x_qty001,10,-1,103090.3,103119.8,361.9999999999709,723.9999999999418,inv,7.0,-0.1325903,0.1030903,-0.2356806,ifvg_clean,0.001,2.0,10.0,20.0
2025-11,C1_10x20x_qty001,11,-1,103589.5,103743.0,1545.0,3090.0,inv,1253.0,-0.25708949999999997,0.1035895,-0.36067899999999997,ifvg_clean,0.001,2.0,10.0,20.0
2025-11,C1_10x20x_qty001,12,-1,103531.0,103586.5,666.0000000000582,1332.0000000001164,inv,3.0,-0.159031,0.10353100000000001,-0.262562,ifvg_clean,0.001,2.0,10.0,20.0
2025-11,C1_10x20x_qty001,13,1,105956.6,105931.4,307.0000000001164,614.0000000002328,inv,70.0,-0.13115660000001167,0.10595660000000001,-0.23711320000001168,ifvg_clean,0.001,2.0,10.0,20.0
2025-11,C1_10x20x_qty001,14,-1,105068.7,105447.69999999994,378.9999999999418,757.9999999998836,sl,1545.0,-0.48406869999994184,0.1050687,-0.5891373999999419,ifvg_clean,0.001,2.0,10.0,20.0
2025-11,C1_10x20x_qty001,15,-1,105336.7,105361.0,308.9999999999418,617.9999999998836,inv,24.0,-0.1296367000000029,0.10533669999999999,-0.23497340000000289,ifvg_clean,0.001,2.0,10.0,20.0
2025-11,C1_10x20x_qty001,16,-1,104936.4,106160.39999999994,1223.9999999999418,2447.9999999998836,sl,15188.0,-1.3289363999999417,0.1049364,-1.4338727999999417,ifvg_clean,0.001,2.0,10.0,20.0
2025-11,C1_10x20x_qty001,17,-1,105813.4,105825.6,323.0000000000291,646.0000000000582,inv,3.0,-0.11801340000001165,0.1058134,-0.22382680000001165,ifvg_clean,0.001,2.0,10.0,20.0
2025-11,C1_10x20x_qty001,18,1,105512.7,107110.70000000017,799.0000000000873,1598.0000000001746,tp,10631.0,1.4924873000001746,0.1055127,1.3869746000001746,ifvg_clean,0.001,2.0,10.0,20.0
2025-11,C1_10x20x_qty001,19,-1,106003.3,106394.29999999992,390.9999999999127,781.9999999998254,sl,837.0,-0.4970032999999127,0.10600330000000001,-0.6030065999999127,ifvg_clean,0.001,2.0,10.0,20.0
2025-11,C1_10x20x_qty001,20,1,106414.9,106383.5,338.9999999999418,677.9999999998836,inv,212.0,-0.1378148999999942,0.1064149,-0.2442297999999942,ifvg_clean,0.001,2.0,10.0,20.0
2025-11,C1_10x20x_qty001,21,1,106576.3,105777.30000000006,798.9999999999418,1597.9999999998836,sl,3857.0,-0.9055762999999417,0.1065763,-1.0121525999999417,ifvg_clean,0.001,2.0,10.0,20.0
2025-11,C1_10x20x_qty001,22,1,105304.8,104933.79999999994,371.0000000000582,742.0000000001164,sl,4599.0,-0.47630480000005826,0.1053048,-0.5816096000000582,ifvg_clean,0.001,2.0,10.0,20.0
2025-11,C1_10x20x_qty001,23,-1,105406.6,104592.60000000006,406.9999999999709,813.9999999999418,tp,26325.0,0.7085933999999418,0.10540660000000002,0.6031867999999417,ifvg_clean,0.001,2.0,10.0,20.0
2025-11,C1_10x20x_qty001,24,1,104850.1,103670.1,1180.0,2360.0,sl,14491.0,-1.2848500999999999,0.10485010000000002,-1.3897001999999998,ifvg_clean,0.001,2.0,10.0,20.0
2025-11,C1_10x20x_qty001,25,-1,101624.8,101636.9,220.9999999999127,441.9999999998254,inv,428.0,-0.11372479999999129,0.10162480000000002,-0.21534959999999131,ifvg_clean,0.001,2.0,10.0,20.0
2025-11,C1_10x20x_qty001,26,-1,101482.0,101561.9,793.9999999999418,1587.9999999998836,inv,140.0,-0.1813819999999942,0.101482,-0.2828639999999942,ifvg_clean,0.001,2.0,10.0,20.0
2025-11,C1_10x20x_qty001,27,-1,102478.0,102506.1,283.0000000000291,566.0000000000582,inv,9.0,-0.13057800000000583,0.10247800000000001,-0.23305600000000584,ifvg_clean,0.001,2.0,10.0,20.0
2025-11,C1_10x20x_qty001,28,-1,100996.8,101354.80000000003,358.0000000000291,716.0000000000582,sl,129.0,-0.4589968000000291,0.10099680000000001,-0.5599936000000292,ifvg_clean,0.001,2.0,10.0,20.0
2025-11,C1_10x20x_qty001,29,-1,101815.5,100507.50000000012,653.9999999999418,1307.9999999998836,tp,4497.0,1.2061844999998836,0.1018155,1.1043689999998836,ifvg_clean,0.001,2.0,10.0,20.0
2025-11,C1_10x20x_qty001,30,1,102446.1,100432.10000000006,2013.9999999999418,4027.9999999998836,sl,7094.0,-2.1164460999999415,0.1024461,-2.2188921999999414,ifvg_clean,0.001,2.0,10.0,20.0
2025-11,C1_10x20x_qty001,31,-1,100431.3,100017.30000000006,206.9999999999709,413.9999999999418,tp,345.0,0.3135686999999418,0.10043130000000002,0.2131373999999418,ifvg_clean,0.001,2.0,10.0,20.0
2025-11,C1_10x20x_qty001,32,-1,100791.8,99753.80000000012,518.9999999999418,1037.9999999998836,tp,3404.0,0.9372081999998837,0.10079180000000001,0.8364163999998837,ifvg_clean,0.001,2.0,10.0,20.0
2025-11,C1_10x20x_qty001,33,-1,99881.3,99365.29999999994,258.0000000000291,516.0000000000582,tp,905.0,0.4161187000000582,0.0998813,0.3162374000000582,ifvg_clean,0.001,2.0,10.0,20.0
2025-11,C1_10x20x_qty001,34,-1,98707.8,98712.7,220.9999999999127,441.9999999998254,inv,0.0,-0.10360779999999419,0.09870780000000001,-0.2023155999999942,ifvg_clean,0.001,2.0,10.0,20.0
2025-11,C1_10x20x_qty001,35,1,98524.0,98472.1,536.9999999999709,1073.9999999999418,inv,5.0,-0.15042399999999417,0.098524,-0.24894799999999417,ifvg_clean,0.001,2.0,10.0,20.0
2025-11,C1_10x20x_qty001,36,-1,98363.1,98814.10000000006,451.0000000000582,902.0000000001164,sl,2617.0,-0.5493631000000583,0.09836310000000001,-0.6477262000000583,ifvg_clean,0.001,2.0,10.0,20.0
2025-11,C1_10x20x_qty001,37,1,99617.7,98936.69999999994,681.0000000000582,1362.0000000001164,sl,4296.0,-0.7806177000000583,0.0996177,-0.8802354000000583,ifvg_clean,0.001,2.0,10.0,20.0
2025-11,C1_10x20x_qty001,38,1,99539.8,99207.80000000003,331.9999999999709,663.9999999999418,sl,4157.0,-0.43153979999997094,0.0995398,-0.5310795999999709,ifvg_clean,0.001,2.0,10.0,20.0
2025-11,C1_10x20x_qty001,39,1,99397.1,98957.1,440.0,880.0,sl,6678.0,-0.5393971,0.09939710000000002,-0.6387942,ifvg_clean,0.001,2.0,10.0,20.0
2025-11,C1_10x20x_qty001,40,-1,99106.9,98690.89999999994,208.0000000000291,416.0000000000582,tp,1836.0,0.3168931000000582,0.0991069,0.21778620000005822,ifvg_clean,0.001,2.0,10.0,20.0
2025-11,C1_10x20x_qty001,41,-1,99283.8,98213.8,535.0,1070.0,tp,5144.0,0.9707162,0.0992838,0.8714324,ifvg_clean,0.001,2.0,10.0,20.0
2025-11,C1_10x20x_qty001,42,-1,97835.9,96297.90000000011,768.9999999999418,1537.9999999998836,tp,7268.0,1.4401640999998837,0.0978359,1.3423281999998837,ifvg_clean,0.001,2.0,10.0,20.0
2025-11,C1_10x20x_qty001,43,-1,97077.4,97125.0,511.0000000000582,1022.0000000001164,inv,90.0,-0.1446774000000058,0.0970774,-0.24175480000000582,ifvg_clean,0.001,2.0,10.0,20.0
2025-11,C1_10x20x_qty001,44,1,96901.7,96868.1,493.9999999999418,987.9999999998836,inv,2.0,-0.13050169999999128,0.09690170000000001,-0.2274033999999913,ifvg_clean,0.001,2.0,10.0,20.0
2025-11,C1_10x20x_qty001,45,-1,96622.3,96164.30000000012,228.9999999999418,457.9999999998836,tp,502.0,0.3613776999998836,0.09662230000000001,0.2647553999998836,ifvg_clean,0.001,2.0,10.0,20.0
2025-11,C1_10x20x_qty001,46,-1,97165.0,97202.2,281.9999999999709,563.9999999999418,inv,496.0,-0.1343649999999971,0.097165,-0.2315299999999971,ifvg_clean,0.001,2.0,10.0,20.0
2025-11,C1_10x20x_qty001,47,-1,96324.4,95392.39999999988,466.0000000000582,932.0000000001164,tp,18813.0,0.8356756000001164,0.0963244,0.7393512000001164,ifvg_clean,0.001,2.0,10.0,20.0
2025-11,C1_10x20x_qty001,48,-1,95949.0,96055.1,1106.0000000000582,2212.0000000001164,inv,3017.0,-0.20204900000000584,0.095949,-0.29799800000000587,ifvg_clean,0.001,2.0,10.0,20.0
2025-11,C1_10x20x_qty001,49,-1,95592.6,95048.60000000006,271.9999999999709,543.9999999999418,tp,10012.0,0.4484073999999417,0.0955926,0.3528147999999417,ifvg_clean,0.001,2.0,10.0,20.0
2025-11,C1_10x20x_qty001,50,-1,94659.3,94705.7,510.0,1020.0,inv,11.0,-0.14105929999999417,0.0946593,-0.23571859999999417,ifvg_clean,0.001,2.0,10.0,20.0
2025-11,C1_10x20x_qty001,51,1,94882.3,95348.30000000006,233.0000000000291,466.0000000000582,tp,357.0,0.37111770000005817,0.0948823,0.2762354000000582,ifvg_clean,0.001,2.0,10.0,20.0
2025-11,C1_10x20x_qty001,52,-1,95747.5,95772.3,408.0000000000291,816.0000000000582,inv,9.0,-0.12054750000000292,0.0957475,-0.2162950000000029,ifvg_clean,0.001,2.0,10.0,20.0
2025-11,C1_10x20x_qty001,53,1,95304.8,94635.80000000006,668.9999999999418,1337.9999999998836,sl,307.0,-0.7643047999999417,0.09530480000000001,-0.8596095999999417,ifvg_clean,0.001,2.0,10.0,20.0
2025-11,C1_10x20x_qty001,54,-1,93649.8,90311.80000000012,1668.9999999999418,3337.9999999998836,tp,39756.0,3.2443501999998836,0.0936498,3.1507003999998835,ifvg_clean,0.001,2.0,10.0,20.0
2025-11,C1_10x20x_qty001,55,-1,90717.1,89763.09999999977,477.0000000001164,954.0000000002328,tp,3238.0,0.8632829000002329,0.09071710000000001,0.7725658000002329,ifvg_clean,0.001,2.0,10.0,20.0
2025-11,C1_10x20x_qty001,56,1,93583.5,93216.50000000003,366.9999999999709,733.9999999999418,sl,724.0,-0.4605834999999709,0.0935835,-0.5541669999999709,ifvg_clean,0.001,2.0,10.0,20.0
2025-11,C1_10x20x_qty001,57,1,93290.4,93274.9,209.0000000000873,418.0000000001746,inv,3.0,-0.1087904,0.0932904,-0.2020808,ifvg_clean,0.001,2.0,10.0,20.0
2025-11,C1_10x20x_qty001,58,-1,93214.6,93474.6,260.0,520.0,sl,982.0,-0.35321460000000005,0.09321460000000001,-0.4464292000000001,ifvg_clean,0.001,2.0,10.0,20.0
2025-11,C1_10x20x_qty001,59,-1,93474.8,93516.0,435.0,870.0,inv,2703.0,-0.1346747999999971,0.09347480000000001,-0.22814959999999712,ifvg_clean,0.001,2.0,10.0,20.0
2025-11,C1_10x20x_qty001,60,1,93162.9,93139.5,240.0,480.0,inv,36.0,-0.11656289999999417,0.09316289999999999,-0.20972579999999416,ifvg_clean,0.001,2.0,10.0,20.0
2025-11,C1_10x20x_qty001,61,1,92915.2,92876.5,396.0000000000582,792.0000000001164,inv,179.0,-0.1316151999999971,0.0929152,-0.2245303999999971,ifvg_clean,0.001,2.0,10.0,20.0
2025-11,C1_10x20x_qty001,62,1,93049.4,92532.40000000002,516.9999999999709,1033.9999999999418,sl,6927.0,-0.6100493999999709,0.09304939999999999,-0.7030987999999708,ifvg_clean,0.001,2.0,10.0,20.0
2025-11,C1_10x20x_qty001,63,-1,89528.6,89575.9,490.0,980.0,inv,54.0,-0.13682859999998837,0.08952860000000001,-0.22635719999998838,ifvg_clean,0.001,2.0,10.0,20.0
2025-11,C1_10x20x_qty001,64,1,89255.8,90719.79999999994,731.9999999999709,1463.9999999999418,tp,2027.0,1.3747441999999417,0.08925580000000001,1.2854883999999416,ifvg_clean,0.001,2.0,10.0,20.0
2025-11,C1_10x20x_qty001,65,-1,91820.8,91883.8,896.0000000000582,1792.0000000001164,inv,2.0,-0.1548208,0.09182080000000001,-0.24664160000000002,ifvg_clean,0.001,2.0,10.0,20.0
2025-11,C1_10x20x_qty001,66,-1,82220.0,82920.99999999991,700.9999999999127,1401.9999999998254,sl,2056.0,-0.7832199999999127,0.08222,-0.8654399999999126,ifvg_clean,0.001,2.0,10.0,20.0
2025-11,C1_10x20x_qty001,67,1,82096.4,82038.5,581.0000000000582,1162.0000000001164,inv,30.0,-0.1399963999999942,0.0820964,-0.2220927999999942,ifvg_clean,0.001,2.0,10.0,20.0
2025-11,C1_10x20x_qty001,68,1,82784.7,82810.8,263.0000000000291,526.0000000000582,inv,0.0,-0.05668469999999418,0.0827847,-0.1394693999999942,ifvg_clean,0.001,2.0,10.0,20.0
2025-11,C1_10x20x_qty001,69,-1,82960.7,84058.70000000003,1098.000000000029,2196.000000000058,sl,3325.0,-1.1809607000000293,0.0829607,-1.2639214000000294,ifvg_clean,0.001,2.0,10.0,20.0
2025-11,C1_10x20x_qty001,70,1,83468.4,83410.4,582.0000000001164,1164.0000000002328,inv,18.0,-0.1414684,0.0834684,-0.2249368,ifvg_clean,0.001,2.0,10.0,20.0
2025-11,C1_10x20x_qty001,71,-1,84982.6,85012.1,336.0000000000582,672.0000000001164,inv,67.0,-0.1144826,0.0849826,-0.1994652,ifvg_clean,0.001,2.0,10.0,20.0
2025-11,C1_10x20x_qty001,72,1,85096.6,84753.60000000012,342.9999999998836,685.9999999997672,sl,1442.0,-0.4280965999998836,0.08509660000000001,-0.5131931999998836,ifvg_clean,0.001,2.0,10.0,20.0
2025-11,C1_10x20x_qty001,73,-1,84684.9,84180.90000000005,251.9999999999709,503.9999999999418,tp,5129.0,0.4193150999999418,0.08468490000000001,0.3346301999999418,ifvg_clean,0.001,2.0,10.0,20.0
2025-11,C1_10x20x_qty001,74,1,84670.5,84248.50000000003,421.9999999999709,843.9999999999418,sl,4901.0,-0.5066704999999709,0.08467050000000001,-0.5913409999999709,ifvg_clean,0.001,2.0,10.0,20.0
2025-11,C1_10x20x_qty001,75,1,84155.5,84096.9,742.0000000001164,1484.0000000002328,inv,21.0,-0.14275550000000584,0.08415550000000001,-0.22691100000000586,ifvg_clean,0.001,2.0,10.0,20.0
2025-11,C1_10x20x_qty001,76,1,84009.4,83765.40000000005,243.9999999999418,487.9999999998836,sl,940.0,-0.3280093999999418,0.0840094,-0.4120187999999418,ifvg_clean,0.001,2.0,10.0,20.0
2025-11,C1_10x20x_qty001,77,-1,84497.3,84544.2,468.9999999999418,937.9999999998836,inv,71.0,-0.1313972999999942,0.08449730000000001,-0.21589459999999422,ifvg_clean,0.001,2.0,10.0,20.0
2025-11,C1_10x20x_qty001,78,-1,85767.1,85787.9,273.9999999999418,547.9999999998836,inv,65.0,-0.10656709999998837,0.08576710000000001,-0.19233419999998838,ifvg_clean,0.001,2.0,10.0,20.0
2025-11,C1_10x20x_qty001,79,1,83343.6,85943.6,1300.0,2600.0,tp,119230.0,2.5166564,0.08334360000000002,2.4333128,ifvg_clean,0.001,2.0,10.0,20.0
2025-11,C1_10x20x_qty001,80,-1,87378.6,87418.0,371.9999999999709,743.9999999999418,inv,32.0,-0.1267785999999942,0.0873786,-0.2141571999999942,ifvg_clean,0.001,2.0,10.0,20.0
2025-11,C1_10x20x_qty001,81,1,85960.5,85938.7,291.9999999999709,583.9999999999418,inv,135.0,-0.10776050000000291,0.0859605,-0.19372100000000292,ifvg_clean,0.001,2.0,10.0,20.0
2025-11,C1_10x20x_qty001,82,1,86169.8,86099.0,721.9999999999709,1443.9999999999418,inv,45.0,-0.15696980000000293,0.0861698,-0.24313960000000295,ifvg_clean,0.001,2.0,10.0,20.0
2025-11,C1_10x20x_qty001,83,-1,88598.0,88618.3,300.0,600.0,inv,9.0,-0.10889800000000291,0.088598,-0.1974960000000029,ifvg_clean,0.001,2.0,10.0,20.0
2025-11,C1_10x20x_qty001,84,1,88672.2,88624.4,506.0000000000582,1012.0000000001164,inv,38.0,-0.13647220000000293,0.0886722,-0.22514440000000294,ifvg_clean,0.001,2.0,10.0,20.0
2025-11,C1_10x20x_qty001,85,1,88033.9,87958.2,1126.0000000000582,2252.0000000001164,inv,324.0,-0.1637338999999971,0.0880339,-0.2517677999999971,ifvg_clean,0.001,2.0,10.0,20.0
2025-11,C1_10x20x_qty001,86,-1,87696.0,88296.99999999991,600.9999999999127,1201.9999999998254,sl,4704.0,-0.6886959999999127,0.087696,-0.7763919999999127,ifvg_clean,0.001,2.0,10.0,20.0
2025-11,C1_10x20x_qty001,87,1,88372.8,87345.80000000003,1026.999999999971,2053.999999999942,sl,47244.0,-1.1153727999999707,0.0883728,-1.2037455999999707,ifvg_clean,0.001,2.0,10.0,20.0
2025-11,C1_10x20x_qty001,88,-1,87513.3,87039.30000000006,236.9999999999709,473.9999999999418,tp,1164.0,0.3864866999999418,0.0875133,0.29897339999994177,ifvg_clean,0.001,2.0,10.0,20.0
2025-11,C1_10x20x_qty001,89,-1,86583.1,86580.2,210.9999999999127,421.9999999998254,inv,0.0,-0.08368309999999128,0.08658310000000001,-0.1702661999999913,ifvg_clean,0.001,2.0,10.0,20.0
2025-11,C1_10x20x_qty001,90,-1,86276.0,87092.99999999997,816.9999999999709,1633.9999999999418,sl,1645.0,-0.9032759999999709,0.08627599999999999,-0.9895519999999709,ifvg_clean,0.001,2.0,10.0,20.0
2025-11,C1_10x20x_qty001,91,1,87490.5,87466.2,224.0000000000873,448.0000000001746,inv,344.0,-0.1117905000000029,0.0874905,-0.1992810000000029,ifvg_clean,0.001,2.0,10.0,20.0
2025-11,C1_10x20x_qty001,92,-1,87337.8,87349.3,206.9999999999709,413.9999999999418,inv,9.0,-0.0988378,0.08733780000000001,-0.1861756,ifvg_clean,0.001,2.0,10.0,20.0
2025-11,C1_10x20x_qty001,93,-1,87248.5,87297.7,490.9999999999127,981.9999999998254,inv,154.0,-0.13644849999999709,0.0872485,-0.2236969999999971,ifvg_clean,0.001,2.0,10.0,20.0
2025-11,C1_10x20x_qty001,94,-1,87879.6,87477.59999999989,201.0000000000582,402.0000000001164,tp,3178.0,0.31412040000011643,0.08787960000000002,0.22624080000011643,ifvg_clean,0.001,2.0,10.0,20.0
2025-11,C1_10x20x_qty001,95,-1,87191.7,87538.70000000011,347.0000000001164,694.0000000002328,sl,4607.0,-0.4341917000001164,0.0871917,-0.5213834000001164,ifvg_clean,0.001,2.0,10.0,20.0
2025-11,C1_10x20x_qty001,96,-1,90137.1,90189.5,566.9999999999709,1133.9999999999418,inv,113.0,-0.1425370999999942,0.09013710000000001,-0.23267419999999422,ifvg_clean,0.001,2.0,10.0,20.0
2025-11,C1_10x20x_qty001,97,1,90479.8,90207.80000000003,271.9999999999709,543.9999999999418,sl,1165.0,-0.3624797999999709,0.09047980000000001,-0.4529595999999709,ifvg_clean,0.001,2.0,10.0,20.0
2025-11,C1_10x20x_qty001,98,1,91519.9,91082.90000000002,436.9999999999709,873.9999999999418,sl,19160.0,-0.528519899999971,0.0915199,-0.6200397999999709,ifvg_clean,0.001,2.0,10.0,20.0
2025-11,C1_10x20x_qty001,99,1,91214.6,91192.2,233.0000000000291,466.0000000000582,inv,42.0,-0.11361460000000874,0.0912146,-0.20482920000000876,ifvg_clean,0.001,2.0,10.0,20.0
2025-11,C1_10x20x_qty001,100,-1,92091.0,91491.0,300.0,600.0,tp,1196.0,0.5079089999999999,0.092091,0.4158179999999999,ifvg_clean,0.001,2.0,10.0,20.0
2025-11,C1_10x20x_qty001,101,-1,92028.2,90880.20000000011,573.9999999999418,1147.9999999998836,tp,1467.0,1.0559717999998837,0.0920282,0.9639435999998837,ifvg_clean,0.001,2.0,10.0,20.0
2025-11,C1_10x20x_qty001,102,-1,91248.2,90276.20000000017,485.9999999999127,971.9999999998254,tp,3599.0,0.8807517999998254,0.0912482,0.7895035999998254,ifvg_clean,0.001,2.0,10.0,20.0
2025-11,C1_10x20x_qty001,103,-1,90431.8,90934.80000000003,503.0000000000291,1006.0000000000582,sl,3717.0,-0.5934318000000292,0.0904318,-0.6838636000000291,ifvg_clean,0.001,2.0,10.0,20.0
2025-11,C1_10x20x_qty001,104,-1,90891.5,90363.50000000012,263.9999999999418,527.9999999998836,tp,2548.0,0.43710849999988355,0.09089150000000001,0.34621699999988353,ifvg_clean,0.001,2.0,10.0,20.0
2025-11,base_5x60x,0,1,108730.7,108705.2,140.0,1680.0,inv,8.0,-0.1342307,0.1087307,-0.2429614,ifvg_clean,0.001,12.0,5.0,60.0
2025-11,base_5x60x,1,-1,107361.9,107586.39999999997,224.4999999999709,2693.9999999996508,sl,2346.0,-0.3318618999999709,0.1073619,-0.4392237999999709,ifvg_clean,0.001,12.0,5.0,60.0
2025-11,base_5x60x,2,1,107847.7,107350.69999999995,497.00000000004366,5964.000000000524,sl,8947.0,-0.6048477000000437,0.1078477,-0.7126954000000437,ifvg_clean,0.001,12.0,5.0,60.0
2025-11,base_5x60x,3,1,107315.0,107278.8,200.0,2400.0,inv,15.0,-0.1435149999999971,0.107315,-0.2508299999999971,ifvg_clean,0.001,12.0,5.0,60.0
2025-11,base_5x60x,4,1,107049.3,106748.80000000005,300.49999999995634,3605.999999999476,sl,3709.0,-0.40754929999995637,0.1070493,-0.5145985999999564,ifvg_clean,0.001,12.0,5.0,60.0
2025-11,base_5x60x,5,-1,109580.3,104852.29999999983,394.00000000001455,4728.000000000175,tp,101263.0,4.6184197000001745,0.1095803,4.508839400000174,ifvg_clean,0.001,12.0,5.0,60.0
2025-11,base_5x60x,6,-1,110272.3,104140.30000000018,510.99999999998545,6131.999999999825,tp,105831.0,6.0217276999998255,0.1102723,5.911455399999825,ifvg_clean,0.001,12.0,5.0,60.0
2025-11,base_5x60x,7,1,103787.4,103760.5,210.0,2520.0,inv,42.0,-0.13068739999999418,0.10378739999999999,-0.23447479999999415,ifvg_clean,0.001,12.0,5.0,60.0
2025-11,base_5x60x,8,-1,100697.9,100897.39999999997,199.4999999999709,2393.9999999996508,sl,536.0,-0.3001978999999709,0.10069789999999999,-0.4008957999999709,ifvg_clean,0.001,12.0,5.0,60.0
2025-11,base_5x60x,9,-1,100511.4,101336.4,825.0,9900.0,sl,601.0,-0.9255114000000001,0.1005114,-1.0260228,ifvg_clean,0.001,12.0,5.0,60.0
2025-11,base_5x60x,10,-1,103090.3,103119.8,180.99999999998545,2171.9999999998254,inv,7.0,-0.1325903,0.1030903,-0.2356806,ifvg_clean,0.001,12.0,5.0,60.0
2025-11,base_5x60x,11,-1,103589.5,103743.0,772.5,9270.0,inv,1253.0,-0.25708949999999997,0.1035895,-0.36067899999999997,ifvg_clean,0.001,12.0,5.0,60.0
2025-11,base_5x60x,12,-1,103531.0,103586.5,333.0000000000291,3996.0000000003492,inv,3.0,-0.159031,0.10353100000000001,-0.262562,ifvg_clean,0.001,12.0,5.0,60.0
2025-11,base_5x60x,13,1,105956.6,105931.4,153.5000000000582,1842.0000000006985,inv,70.0,-0.13115660000001167,0.10595660000000001,-0.23711320000001168,ifvg_clean,0.001,12.0,5.0,60.0
2025-11,base_5x60x,14,-1,105068.7,105258.19999999997,189.4999999999709,2273.9999999996508,sl,1235.0,-0.29456869999997093,0.1050687,-0.39963739999997094,ifvg_clean,0.001,12.0,5.0,60.0
2025-11,base_5x60x,15,-1,105336.7,105361.0,154.4999999999709,1853.9999999996508,inv,24.0,-0.1296367000000029,0.10533669999999999,-0.23497340000000289,ifvg_clean,0.001,12.0,5.0,60.0
2025-11,base_5x60x,16,-1,104936.4,105548.39999999997,611.9999999999709,7343.999999999651,sl,5827.0,-0.7169363999999709,0.1049364,-0.821872799999971,ifvg_clean,0.001,12.0,5.0,60.0
2025-11,base_5x60x,17,-1,105813.4,105825.6,161.50000000001455,1938.0000000001746,inv,3.0,-0.11801340000001165,0.1058134,-0.22382680000001165,ifvg_clean,0.001,12.0,5.0,60.0
2025-11,base_5x60x,18,-1,106003.3,106198.79999999996,195.49999999995634,2345.999999999476,sl,486.0,-0.30150329999995634,0.10600330000000001,-0.40750659999995636,ifvg_clean,0.001,12.0,5.0,60.0
2025-11,base_5x60x,19,1,106414.9,106383.5,169.4999999999709,2033.9999999996508,inv,212.0,-0.1378148999999942,0.1064149,-0.2442297999999942,ifvg_clean,0.001,12.0,5.0,60.0
2025-11,base_5x60x,20,1,106576.3,106176.80000000003,399.4999999999709,4793.999999999651,sl,1971.0,-0.5060762999999708,0.1065763,-0.6126525999999708,ifvg_clean,0.001,12.0,5.0,60.0
2025-11,base_5x60x,21,1,105512.7,105113.19999999995,399.50000000004366,4794.000000000524,sl,24783.0,-0.5050127000000436,0.1055127,-0.6105254000000436,ifvg_clean,0.001,12.0,5.0,60.0
2025-11,base_5x60x,22,1,105304.8,105119.29999999997,185.5000000000291,2226.0000000003492,sl,2727.0,-0.2908048000000291,0.1053048,-0.39610960000002915,ifvg_clean,0.001,12.0,5.0,60.0
2025-11,base_5x60x,23,-1,105406.6,102964.60000000018,203.49999999998545,2441.9999999998254,tp,43915.0,2.336593399999826,0.10540660000000002,2.2311867999998256,ifvg_clean,0.001,12.0,5.0,60.0
2025-11,base_5x60x,24,1,104850.1,104260.1,590.0,7080.0,sl,14391.0,-0.6948501,0.10485010000000002,-0.7997002000000001,ifvg_clean,0.001,12.0,5.0,60.0
2025-11,base_5x60x,25,-1,101624.8,101636.9,110.49999999995634,1325.9999999994761,inv,428.0,-0.11372479999999129,0.10162480000000002,-0.21534959999999131,ifvg_clean,0.001,12.0,5.0,60.0
2025-11,base_5x60x,26,-1,101482.0,101561.9,396.9999999999709,4763.999999999651,inv,140.0,-0.1813819999999942,0.101482,-0.2828639999999942,ifvg_clean,0.001,12.0,5.0,60.0
2025-11,base_5x60x,27,-1,102478.0,102506.1,141.50000000001455,1698.0000000001746,inv,9.0,-0.13057800000000583,0.10247800000000001,-0.23305600000000584,ifvg_clean,0.001,12.0,5.0,60.0
2025-11,base_5x60x,28,1,102446.1,101439.10000000003,1006.9999999999709,12083.99999999965,sl,2295.0,-1.109446099999971,0.1024461,-1.211892199999971,ifvg_clean,0.001,12.0,5.0,60.0
2025-11,base_5x60x,29,-1,100996.8,101175.80000000002,179.00000000001455,2148.0000000001746,sl,90.0,-0.2799968000000146,0.10099680000000001,-0.3809936000000146,ifvg_clean,0.001,12.0,5.0,60.0
2025-11,base_5x60x,30,-1,100431.3,99189.30000000018,103.49999999998545,1241.9999999998254,tp,2686.0,1.1415686999998254,0.10043130000000002,1.0411373999998252,ifvg_clean,0.001,12.0,5.0,60.0
2025-11,base_5x60x,31,-1,99881.3,98333.29999999983,129.00000000001455,1548.0000000001746,tp,2568.0,1.4481187000001745,0.0998813,1.3482374000001744,ifvg_clean,0.001,12.0,5.0,60.0
2025-11,base_5x60x,32,-1,98707.8,98712.7,110.49999999995634,1325.9999999994761,inv,0.0,-0.10360779999999419,0.09870780000000001,-0.2023155999999942,ifvg_clean,0.001,12.0,5.0,60.0
2025-11,base_5x60x,33,1,98524.0,98472.1,268.49999999998545,3221.9999999998254,inv,5.0,-0.15042399999999417,0.098524,-0.24894799999999417,ifvg_clean,0.001,12.0,5.0,60.0
2025-11,base_5x60x,34,-1,98363.1,98588.60000000003,225.5000000000291,2706.0000000003492,sl,162.0,-0.32386310000002916,0.09836310000000001,-0.4222262000000292,ifvg_clean,0.001,12.0,5.0,60.0
2025-11,base_5x60x,35,1,99617.7,99277.19999999997,340.5000000000291,4086.0000000003492,sl,3751.0,-0.44011770000002914,0.0996177,-0.5397354000000292,ifvg_clean,0.001,12.0,5.0,60.0
2025-11,base_5x60x,36,1,99397.1,99177.1,220.0,2640.0,sl,132.0,-0.3193971,0.09939710000000002,-0.4187942,ifvg_clean,0.001,12.0,5.0,60.0
2025-11,base_5x60x,37,1,99539.8,99373.80000000002,165.99999999998545,1991.9999999998254,sl,108.0,-0.26553979999998545,0.0995398,-0.36507959999998546,ifvg_clean,0.001,12.0,5.0,60.0
2025-11,base_5x60x,38,-1,101815.5,97891.50000000035,326.9999999999709,3923.9999999996508,tp,46446.0,3.822184499999651,0.1018155,3.720368999999651,ifvg_clean,0.001,12.0,5.0,60.0
2025-11,base_5x60x,39,-1,99106.9,97858.89999999982,104.00000000001455,1248.0000000001746,tp,2025.0,1.1488931000001747,0.0991069,1.0497862000001748,ifvg_clean,0.001,12.0,5.0,60.0
2025-11,base_5x60x,40,-1,100791.8,97677.80000000035,259.4999999999709,3113.9999999996508,tp,41994.0,3.0132081999996507,0.10079180000000001,2.9124163999996506,ifvg_clean,0.001,12.0,5.0,60.0
2025-11,base_5x60x,41,-1,99283.8,96073.8,267.5,3210.0,tp,13283.0,3.1107162,0.0992838,3.0114324000000003,ifvg_clean,0.001,12.0,5.0,60.0
2025-11,base_5x60x,42,-1,97077.4,97125.0,255.5000000000291,3066.0000000003492,inv,90.0,-0.1446774000000058,0.0970774,-0.24175480000000582,ifvg_clean,0.001,12.0,5.0,60.0
2025-11,base_5x60x,43,1,96901.7,96868.1,246.9999999999709,2963.9999999996508,inv,2.0,-0.13050169999999128,0.09690170000000001,-0.2274033999999913,ifvg_clean,0.001,12.0,5.0,60.0
2025-11,base_5x60x,44,-1,96622.3,95248.30000000035,114.4999999999709,1373.9999999996508,tp,4172.0,1.277377699999651,0.09662230000000001,1.180755399999651,ifvg_clean,0.001,12.0,5.0,60.0
2025-11,base_5x60x,45,-1,97165.0,97202.2,140.99999999998545,1691.9999999998254,inv,496.0,-0.1343649999999971,0.097165,-0.2315299999999971,ifvg_clean,0.001,12.0,5.0,60.0
2025-11,base_5x60x,46,-1,95949.0,96055.1,553.0000000000291,6636.000000000349,inv,3017.0,-0.20204900000000584,0.095949,-0.29799800000000587,ifvg_clean,0.001,12.0,5.0,60.0
2025-11,base_5x60x,47,-1,96324.4,96363.5,233.0000000000291,2796.0000000003492,inv,66079.0,-0.13542440000000583,0.0963244,-0.23174880000000583,ifvg_clean,0.001,12.0,5.0,60.0
2025-11,base_5x60x,48,-1,95592.6,95728.59999999999,135.99999999998545,1631.9999999998254,sl,114.0,-0.23159259999998544,0.0955926,-0.3271851999999854,ifvg_clean,0.001,12.0,5.0,60.0
2025-11,base_5x60x,49,-1,97835.9,93221.90000000034,384.4999999999709,4613.999999999651,tp,234910.0,4.516164099999651,0.0978359,4.418328199999651,ifvg_clean,0.001,12.0,5.0,60.0
2025-11,base_5x60x,50,-1,94659.3,94705.7,255.0,3060.0,inv,11.0,-0.14105929999999417,0.0946593,-0.23571859999999417,ifvg_clean,0.001,12.0,5.0,60.0
2025-11,base_5x60x,51,1,94882.3,94765.79999999999,116.50000000001455,1398.0000000001746,sl,3713.0,-0.21138230000001457,0.0948823,-0.30626460000001454,ifvg_clean,0.001,12.0,5.0,60.0
2025-11,base_5x60x,52,-1,95747.5,95772.3,204.00000000001455,2448.0000000001746,inv,9.0,-0.12054750000000292,0.0957475,-0.2162950000000029,ifvg_clean,0.001,12.0,5.0,60.0
2025-11,base_5x60x,53,1,95304.8,94970.30000000003,334.4999999999709,4013.9999999996508,sl,191.0,-0.4298047999999709,0.09530480000000001,-0.5251095999999709,ifvg_clean,0.001,12.0,5.0,60.0
2025-11,base_5x60x,54,-1,90717.1,90955.60000000006,238.5000000000582,2862.0000000006985,sl,15924.0,-0.3292171000000582,0.09071710000000001,-0.4199342000000582,ifvg_clean,0.001,12.0,5.0,60.0
2025-11,base_5x60x,55,1,93583.5,93400.00000000001,183.49999999998545,2201.9999999998254,sl,231.0,-0.27708349999998544,0.0935835,-0.3706669999999854,ifvg_clean,0.001,12.0,5.0,60.0
2025-11,base_5x60x,56,1,93290.4,93274.9,104.50000000004366,1254.0000000005239,inv,3.0,-0.1087904,0.0932904,-0.2020808,ifvg_clean,0.001,12.0,5.0,60.0
2025-11,base_5x60x,57,-1,93214.6,93344.6,130.0,1560.0,sl,806.0,-0.2232146,0.09321460000000001,-0.3164292,ifvg_clean,0.001,12.0,5.0,60.0
2025-11,base_5x60x,58,-1,93474.8,93516.0,217.5,2610.0,inv,2703.0,-0.1346747999999971,0.09347480000000001,-0.22814959999999712,ifvg_clean,0.001,12.0,5.0,60.0
2025-11,base_5x60x,59,1,93162.9,93139.5,120.0,1440.0,inv,36.0,-0.11656289999999417,0.09316289999999999,-0.20972579999999416,ifvg_clean,0.001,12.0,5.0,60.0
2025-11,base_5x60x,60,1,92915.2,92876.5,198.0000000000291,2376.0000000003492,inv,179.0,-0.1316151999999971,0.0929152,-0.2245303999999971,ifvg_clean,0.001,12.0,5.0,60.0
2025-11,base_5x60x,61,1,93049.4,92790.90000000001,258.49999999998545,3101.9999999998254,sl,3086.0,-0.35154939999998547,0.09304939999999999,-0.4445987999999855,ifvg_clean,0.001,12.0,5.0,60.0
2025-11,base_5x60x,62,-1,89528.6,89575.9,245.0,2940.0,inv,54.0,-0.13682859999998837,0.08952860000000001,-0.22635719999998838,ifvg_clean,0.001,12.0,5.0,60.0
2025-11,base_5x60x,63,-1,91820.8,91883.8,448.0000000000291,5376.000000000349,inv,2.0,-0.1548208,0.09182080000000001,-0.24664160000000002,ifvg_clean,0.001,12.0,5.0,60.0
2025-11,base_5x60x,64,1,89255.8,88889.80000000002,365.99999999998545,4391.999999999825,sl,69538.0,-0.45525579999998544,0.08925580000000001,-0.5445115999999854,ifvg_clean,0.001,12.0,5.0,60.0
2025-11,base_5x60x,65,-1,93649.8,83635.80000000035,834.4999999999709,10013.99999999965,tp,315124.0,9.920350199999652,0.0936498,9.826700399999652,ifvg_clean,0.001,12.0,5.0,60.0
2025-11,base_5x60x,66,-1,82220.0,82570.49999999996,350.49999999995634,4205.999999999476,sl,363.0,-0.43271999999995636,0.08222,-0.5149399999999563,ifvg_clean,0.001,12.0,5.0,60.0
2025-11,base_5x60x,67,1,82096.4,82038.5,290.5000000000291,3486.0000000003492,inv,30.0,-0.1399963999999942,0.0820964,-0.2220927999999942,ifvg_clean,0.001,12.0,5.0,60.0
2025-11,base_5x60x,68,1,82784.7,82810.8,131.50000000001455,1578.0000000001746,inv,0.0,-0.05668469999999418,0.0827847,-0.1394693999999942,ifvg_clean,0.001,12.0,5.0,60.0
2025-11,base_5x60x,69,-1,82960.7,83509.70000000001,549.0000000000146,6588.000000000175,sl,2447.0,-0.6319607000000146,0.0829607,-0.7149214000000146,ifvg_clean,0.001,12.0,5.0,60.0
2025-11,base_5x60x,70,1,83468.4,83410.4,291.0000000000582,3492.0000000006985,inv,18.0,-0.1414684,0.0834684,-0.2249368,ifvg_clean,0.001,12.0,5.0,60.0
2025-11,base_5x60x,71,-1,84982.6,85012.1,168.0000000000291,2016.0000000003492,inv,67.0,-0.1144826,0.0849826,-0.1994652,ifvg_clean,0.001,12.0,5.0,60.0
2025-11,base_5x60x,72,1,85096.6,84925.10000000006,171.4999999999418,2057.9999999993015,sl,1162.0,-0.2565965999999418,0.08509660000000001,-0.3416931999999418,ifvg_clean,0.001,12.0,5.0,60.0
2025-11,base_5x60x,73,1,84670.5,84459.50000000001,210.99999999998545,2531.9999999998254,sl,762.0,-0.29567049999998546,0.08467050000000001,-0.3803409999999855,ifvg_clean,0.001,12.0,5.0,60.0
2025-11,base_5x60x,74,1,84155.5,84096.9,371.0000000000582,4452.0000000006985,inv,21.0,-0.14275550000000584,0.08415550000000001,-0.22691100000000586,ifvg_clean,0.001,12.0,5.0,60.0
2025-11,base_5x60x,75,1,84009.4,83887.40000000002,121.9999999999709,1463.9999999996508,sl,776.0,-0.2060093999999709,0.0840094,-0.2900187999999709,ifvg_clean,0.001,12.0,5.0,60.0
2025-11,base_5x60x,76,-1,84497.3,84544.2,234.4999999999709,2813.9999999996508,inv,71.0,-0.1313972999999942,0.08449730000000001,-0.21589459999999422,ifvg_clean,0.001,12.0,5.0,60.0
2025-11,base_5x60x,77,-1,84684.9,84810.89999999998,125.99999999998545,1511.9999999998254,sl,51481.0,-0.21068489999998546,0.08468490000000001,-0.29536979999998547,ifvg_clean,0.001,12.0,5.0,60.0
2025-11,base_5x60x,78,-1,85767.1,85787.9,136.9999999999709,1643.9999999996508,inv,65.0,-0.10656709999998837,0.08576710000000001,-0.19233419999998838,ifvg_clean,0.001,12.0,5.0,60.0
2025-11,base_5x60x,79,-1,87378.6,87418.0,185.99999999998545,2231.9999999998254,inv,32.0,-0.1267785999999942,0.0873786,-0.2141571999999942,ifvg_clean,0.001,12.0,5.0,60.0
2025-11,base_5x60x,80,1,85960.5,85938.7,145.99999999998545,1751.9999999998254,inv,135.0,-0.10776050000000291,0.0859605,-0.19372100000000292,ifvg_clean,0.001,12.0,5.0,60.0
2025-11,base_5x60x,81,1,86169.8,86099.0,360.99999999998545,4331.999999999825,inv,45.0,-0.15696980000000293,0.0861698,-0.24313960000000295,ifvg_clean,0.001,12.0,5.0,60.0
2025-11,base_5x60x,82,-1,88598.0,88618.3,150.0,1800.0,inv,9.0,-0.10889800000000291,0.088598,-0.1974960000000029,ifvg_clean,0.001,12.0,5.0,60.0
2025-11,base_5x60x,83,1,88672.2,88624.4,253.0000000000291,3036.0000000003492,inv,38.0,-0.13647220000000293,0.0886722,-0.22514440000000294,ifvg_clean,0.001,12.0,5.0,60.0
2025-11,base_5x60x,84,1,88372.8,87859.30000000002,513.4999999999854,6161.999999999825,sl,20406.0,-0.6018727999999854,0.0883728,-0.6902455999999855,ifvg_clean,0.001,12.0,5.0,60.0
2025-11,base_5x60x,85,1,88033.9,87958.2,563.0000000000291,6756.000000000349,inv,324.0,-0.1637338999999971,0.0880339,-0.2517677999999971,ifvg_clean,0.001,12.0,5.0,60.0
2025-11,base_5x60x,86,-1,87696.0,87996.49999999996,300.49999999995634,3605.999999999476,sl,2359.0,-0.38819599999995635,0.087696,-0.47589199999995635,ifvg_clean,0.001,12.0,5.0,60.0
2025-11,base_5x60x,87,-1,87513.3,87631.79999999999,118.49999999998545,1421.9999999998254,sl,511.0,-0.20601329999998547,0.0875133,-0.2935265999999855,ifvg_clean,0.001,12.0,5.0,60.0
2025-11,base_5x60x,88,-1,86276.0,86684.49999999999,408.49999999998545,4901.999999999825,sl,203.0,-0.49477599999998545,0.08627599999999999,-0.5810519999999855,ifvg_clean,0.001,12.0,5.0,60.0
2025-11,base_5x60x,89,-1,86583.1,86580.2,105.49999999995634,1265.9999999994761,inv,0.0,-0.08368309999999128,0.08658310000000001,-0.1702661999999913,ifvg_clean,0.001,12.0,5.0,60.0
2025-11,base_5x60x,90,1,87490.5,87466.2,112.00000000004366,1344.0000000005239,inv,344.0,-0.1117905000000029,0.0874905,-0.1992810000000029,ifvg_clean,0.001,12.0,5.0,60.0
2025-11,base_5x60x,91,-1,87337.8,87349.3,103.49999999998545,1241.9999999998254,inv,9.0,-0.0988378,0.08733780000000001,-0.1861756,ifvg_clean,0.001,12.0,5.0,60.0
2025-11,base_5x60x,92,-1,87248.5,87297.7,245.49999999995634,2945.999999999476,inv,154.0,-0.13644849999999709,0.0872485,-0.2236969999999971,ifvg_clean,0.001,12.0,5.0,60.0
2025-11,base_5x60x,93,-1,87191.7,87365.20000000006,173.5000000000582,2082.0000000006985,sl,3769.0,-0.2606917000000582,0.0871917,-0.3478834000000582,ifvg_clean,0.001,12.0,5.0,60.0
2025-11,base_5x60x,94,-1,87879.6,86673.59999999966,100.5000000000291,1206.0000000003492,tp,28373.0,1.1181204000003493,0.08787960000000002,1.0302408000003493,ifvg_clean,0.001,12.0,5.0,60.0
2025-11,base_5x60x,95,-1,90137.1,90189.5,283.49999999998545,3401.9999999998254,inv,113.0,-0.1425370999999942,0.09013710000000001,-0.23267419999999422,ifvg_clean,0.001,12.0,5.0,60.0
2025-11,base_5x60x,96,1,90479.8,90343.80000000002,135.99999999998545,1631.9999999998254,sl,848.0,-0.22647979999998546,0.09047980000000001,-0.31695959999998546,ifvg_clean,0.001,12.0,5.0,60.0
2025-11,base_5x60x,97,1,83343.6,91143.6,650.0,7800.0,tp,465179.0,7.7166564,0.08334360000000002,7.6333128,ifvg_clean,0.001,12.0,5.0,60.0
2025-11,base_5x60x,98,1,91519.9,91301.40000000001,218.49999999998545,2621.9999999998254,sl,190.0,-0.31001989999998547,0.0915199,-0.40153979999998546,ifvg_clean,0.001,12.0,5.0,60.0
2025-11,base_5x60x,99,1,91214.6,91192.2,116.50000000001455,1398.0000000001746,inv,42.0,-0.11361460000000874,0.0912146,-0.20482920000000876,ifvg_clean,0.001,12.0,5.0,60.0
2025-11,base_5x60x,100,-1,91248.2,91491.19999999995,242.99999999995634,2915.999999999476,sl,680.0,-0.33424819999995636,0.0912482,-0.42549639999995637,ifvg_clean,0.001,12.0,5.0,60.0
2025-11,base_5x60x,101,-1,92091.0,90291.0,150.0,1800.0,tp,5443.0,1.7079090000000001,0.092091,1.6158180000000002,ifvg_clean,0.001,12.0,5.0,60.0
2025-11,base_5x60x,102,-1,90431.8,90683.30000000002,251.50000000001455,3018.0000000001746,sl,354.0,-0.34193180000001455,0.0904318,-0.43236360000001456,ifvg_clean,0.001,12.0,5.0,60.0
2025-11,base_5x60x,103,-1,92028.2,90320.6,286.9999999999709,3443.9999999996508,eod,201253.0,1.6155717999999912,0.0920282,1.5235435999999911,ifvg_clean,0.001,12.0,5.0,60.0
2025-11,base_5x60x,104,-1,90891.5,90320.6,131.9999999999709,1583.9999999996508,eod,2915.0,0.4800084999999942,0.09089150000000001,0.38911699999999416,ifvg_clean,0.001,12.0,5.0,60.0
