month,trade_id,entry_bar,exit_bar,entry_time,exit_time,entry_price,exit_price,direction,stop_usd,target_usd,soft_sl,soft_sl_active,exit_reason,hold_secs,pnl_gross_usd,fee_usd,pnl_net_usd,qty_btc,source,fvg_direction,vwap_at_entry,sigma_at_entry,k_sigma,order_k_sigma,window_secs
2025-04,7,580703,583993,2025-04-07T20:23:02+00:00,2025-04-07T21:18:25+00:00,78611.99384140014,79178.80984140269,-1,566.8160000025481,4534.528000020385,,False,sl,3323.0,-0.5668160000025527,0.07889540184140141,-0.6457114018439541,0.001,vwap_inversion_flip,1,78351.37678802885,209.5394513906824,1.2437612661558943,0.5,3600
2025-04,5,580571,584025,2025-04-07T20:20:49+00:00,2025-04-07T21:18:57+00:00,78553.1151339629,79186.97913396537,-1,633.8640000024811,5070.912000019849,,False,sl,3488.0,-0.6338640000024752,0.07887004713396413,-0.7127340471364394,0.001,vwap_inversion_flip,1,78352.86195190604,208.92275095511266,0.9585034714571578,0.7,3600
2025-04,6,580703,584025,2025-04-07T20:23:02+00:00,2025-04-07T21:18:57+00:00,78621.0211421045,79187.83714210705,-1,566.8160000025481,4534.528000020385,,False,sl,3355.0,-0.5668160000025527,0.07890442914210577,-0.6457204291446585,0.001,vwap_inversion_flip,1,78351.37678802885,209.5394513906824,1.2868428941951253,1.0,3600
2025-04,2,579841,586215,2025-04-07T20:08:32+00:00,2025-04-07T21:56:21+00:00,78462.5737897741,79508.59778977477,-1,1046.0240000006556,8368.192000005245,,False,sl,6469.0,-1.0460240000006598,0.07898558578977444,-1.1250095857904343,0.001,vwap_inversion_flip,1,78347.39919775358,208.6938035061969,0.5518831421226579,0.3,3600
2025-04,3,579895,586216,2025-04-07T20:09:26+00:00,2025-04-07T21:56:22+00:00,78507.8444618685,79519.58046186912,-1,1011.7360000006108,8093.888000004887,,False,sl,6416.0,-1.0117360000006157,0.0790137124618688,-1.0907497124624845,0.001,vwap_inversion_flip,1,78348.66564719917,208.81189466240355,0.7623072187850269,0.5,3600
2025-04,4,579901,586216,2025-04-07T20:09:32+00:00,2025-04-07T21:56:22+00:00,78526.06768595256,79534.73168595317,-1,1008.6640000006184,8069.312000004948,,False,sl,6410.0,-1.0086640000006155,0.07903039968595288,-1.0876943996865684,0.001,vwap_inversion_flip,1,78349.41759641416,208.75024291667492,0.8462269891053787,0.3,3600
2025-04,13,615573,615573,2025-04-08T06:06:45+00:00,2025-04-08T06:06:45+00:00,79937.20465755697,79604.57265755255,1,332.63200000442566,2661.0560000354053,,False,sl,0.0,-0.33263200000442156,0.07977088865755474,-0.4124028886619763,0.001,vwap_inversion_flip,-1,79688.08058090128,94.07562565885719,0.0,0.3,3600
2025-04,14,615573,615583,2025-04-08T06:06:45+00:00,2025-04-08T06:06:55+00:00,79874.36036460105,79541.72836459662,1,332.63200000442566,2661.0560000354053,,False,sl,10.0,-0.33263200000442156,0.07970804436459884,-0.4123400443690204,0.001,vwap_inversion_flip,-1,79688.08058090128,94.07562565885719,0.0,0.5,3600
2025-04,15,615573,615908,2025-04-08T06:06:45+00:00,2025-04-08T06:12:21+00:00,79811.51607164512,79478.8840716407,1,332.63200000442566,2661.0560000354053,,False,sl,336.0,-0.33263200000442156,0.0796452000716429,-0.41227720007606444,0.001,vwap_inversion_flip,-1,79688.08058090128,94.07562565885719,0.0,0.7,3600
2025-04,16,615573,616275,2025-04-08T06:06:45+00:00,2025-04-08T06:18:29+00:00,79717.24963221123,79384.6176322068,1,332.63200000442566,2661.0560000354053,,False,sl,704.0,-0.33263200000442156,0.07955093363220903,-0.4121829336366306,0.001,vwap_inversion_flip,-1,79688.08058090128,94.07562565885719,0.0,1.0,3600
2025-04,9,615573,617278,2025-04-08T06:06:45+00:00,2025-04-08T06:35:13+00:00,79660.03144840091,79327.39944839649,1,332.63200000442566,2661.0560000354053,,False,sl,1708.0,-0.33263200000442156,0.0794937154483987,-0.4121257154528203,0.001,vwap_inversion_flip,-1,79688.08058090128,94.07562565885719,0.29815515234606244,0.3,3600
2025-04,10,615573,617281,2025-04-08T06:06:45+00:00,2025-04-08T06:35:16+00:00,79641.20769294717,79308.57569294274,1,332.63200000442566,2661.0560000354053,,False,sl,1711.0,-0.33263200000442156,0.07947489169294496,-0.41210689169736653,0.001,vwap_inversion_flip,-1,79688.08058090128,94.07562565885719,0.4982468904760646,0.5,3600
2025-04,11,615573,617335,2025-04-08T06:06:45+00:00,2025-04-08T06:36:10+00:00,79622.38393749342,79289.751937489,1,332.63200000442566,2661.0560000354053,,False,sl,1765.0,-0.33263200000442156,0.0794560679374912,-0.4120880679419128,0.001,vwap_inversion_flip,-1,79688.08058090128,94.07562565885719,0.6983386286060667,0.7,3600
2025-04,12,615573,617335,2025-04-08T06:06:45+00:00,2025-04-08T06:36:10+00:00,79594.14830431278,79261.51630430836,1,332.63200000442566,2661.0560000354053,,False,sl,1765.0,-0.33263200000442156,0.07942783230431058,-0.4120598323087321,0.001,vwap_inversion_flip,-1,79688.08058090128,94.07562565885719,0.9984762358012246,1.0,3600
2025-04,17,615580,619185,2025-04-08T06:06:52+00:00,2025-04-08T07:07:11+00:00,79560.1388998214,79224.38689981701,1,335.7520000043884,2686.016000035107,,False,sl,3619.0,-0.3357520000043878,0.07939226289981921,-0.41514426290420703,0.001,vwap_inversion_flip,-1,79687.5527728165,94.0675770179155,1.3544929829631078,1.5,3600
2025-04,18,615581,619245,2025-04-08T06:06:53+00:00,2025-04-08T07:08:11+00:00,79547.0889156784,79210.62491567401,1,336.4640000043809,2691.7120000350474,,False,sl,3678.0,-0.33646400000438736,0.07937885691567621,-0.41584285692006356,0.001,vwap_inversion_flip,-1,79687.49089739085,94.04320018765124,1.4929519777325275,1.5,3600
2025-04,8,615553,636654,2025-04-08T06:06:25+00:00,2025-04-08T12:00:08+00:00,79740.68412595971,80054.04412596418,-1,313.36000000447035,2506.880000035763,79695.6,True,soft_sl,21223.0,-0.313360000004468,0.07989736412596195,-0.39325736413042994,0.001,vwap_initial,-1,79696.39357365943,94.96239283125928,0.46640097179296497,0.3,3600
2025-04,1,569429,679861,2025-04-07T17:14:53+00:00,2025-04-09T00:02:50+00:00,78179.46617565383,76104.73817565385,1,2074.72799999997,16597.82399999976,78003.8,True,soft_sl,110877.0,-2.0747279999999737,0.07714210217565384,-2.1518701021756277,0.001,vwap_initial,1,77949.3780764843,264.3813507933831,0.0,0.3,3600
2025-04,64,725359,726152,2025-04-09T12:41:54+00:00,2025-04-09T12:55:07+00:00,76261.4355777847,76960.17957778703,-1,698.7440000023321,5589.952000018657,,False,sl,793.0,-0.6987440000023344,0.07661080757778586,-0.7753548075801202,0.001,vwap_inversion_flip,1,76205.3827594729,187.30280161093356,0.29926310674323814,0.3,3600
2025-04,65,725359,726154,2025-04-09T12:41:54+00:00,2025-04-09T12:55:09+00:00,76298.89943951601,76997.64343951835,-1,698.7440000023321,5589.952000018657,,False,sl,795.0,-0.6987440000023344,0.07664827143951718,-0.7753922714418515,0.001,vwap_inversion_flip,1,76205.3827594729,187.30280161093356,0.499280732796359,0.5,3600
2025-04,66,725359,726155,2025-04-09T12:41:54+00:00,2025-04-09T12:55:10+00:00,76336.36330124733,77035.10730124966,-1,698.7440000023321,5589.952000018657,,False,sl,796.0,-0.6987440000023344,0.0766857353012485,-0.7754297353035828,0.001,vwap_inversion_flip,1,76205.3827594729,187.30280161093356,0.6992983588494799,0.7,3600
2025-04,67,725359,726507,2025-04-09T12:41:54+00:00,2025-04-09T13:01:02+00:00,76392.5590938443,77091.30309384664,-1,698.7440000023321,5589.952000018657,,False,sl,1148.0,-0.6987440000023344,0.07674193109384549,-0.7754859310961799,0.001,vwap_inversion_flip,1,76205.3827594729,187.30280161093356,0.9993247979291612,1.0,3600
2025-04,68,725382,728344,2025-04-09T12:42:17+00:00,2025-04-09T13:31:39+00:00,76486.2187481726,77197.88274817479,-1,711.664000002183,5693.312000017464,,False,sl,2962.0,-0.7116640000021871,0.07684205074817371,-0.7885060507503608,0.001,vwap_inversion_flip,1,76209.99862025431,186.89536178556136,1.477939983525216,1.5,3600
2025-04,70,725800,728388,2025-04-09T12:49:15+00:00,2025-04-09T13:32:23+00:00,76692.12945118106,77440.32945118351,-1,748.2000000024588,5985.60000001967,,False,sl,2588.0,-0.7482000000024563,0.07706622945118229,-0.8252662294536386,0.001,vwap_inversion_flip,1,76278.50015163438,151.29077941859984,2.73400203988788,0.3,3600
2025-04,74,726359,728392,2025-04-09T12:58:34+00:00,2025-04-09T13:32:27+00:00,76552.696938568,77482.04093857032,-1,929.344000002332,7434.752000018656,76889.7,True,soft_sl,2033.0,-0.9293440000023256,0.07701736893856916,-1.0063613689408948,0.001,vwap_initial,-1,76463.46061652474,297.454406810859,0.30000000000000726,0.3,3600
2025-04,71,725808,728394,2025-04-09T12:49:23+00:00,2025-04-09T13:32:29+00:00,76787.60829488344,77547.91229488591,-1,760.304000002481,6082.432000019848,,False,sl,2586.0,-0.7603040000024776,0.07716776029488467,-0.8374717602973623,0.001,vwap_inversion_flip,1,76283.66257299871,161.1035080517529,3.1280865822166715,0.5,3600
2025-04,75,726359,728394,2025-04-09T12:58:34+00:00,2025-04-09T13:32:29+00:00,76612.18781993017,77541.5318199325,-1,929.344000002332,7434.752000018656,76889.7,True,soft_sl,2035.0,-0.9293440000023256,0.07707685981993133,-1.006420859822257,0.001,vwap_initial,-1,76463.46061652474,297.454406810859,0.5000000000000121,0.5,3600
2025-04,76,726359,728837,2025-04-09T12:58:34+00:00,2025-04-09T13:39:52+00:00,76671.67870129235,77601.02270129467,-1,929.344000002332,7434.752000018656,76889.7,True,soft_sl,2478.0,-0.9293440000023256,0.07713635070129352,-1.006480350703619,0.001,vwap_initial,-1,76463.46061652474,297.454406810859,0.7000000000000169,0.7,3600
2025-04,78,726359,728837,2025-04-09T12:58:34+00:00,2025-04-09T13:39:52+00:00,76688.8302900983,77618.17429010062,-1,929.344000002332,7434.752000018656,76889.7,True,soft_sl,2478.0,-0.9293440000023256,0.07715350229009946,-1.0064975022924252,0.001,vwap_initial,-1,76463.46061652474,297.454406810859,0.7576612361869035,0.3,3600
2025-04,72,725822,728839,2025-04-09T12:49:37+00:00,2025-04-09T13:39:54+00:00,76883.08713858582,77658.68713858824,-1,775.6000000024214,6204.8000000193715,,False,sl,3017.0,-0.7756000000024215,0.07727088713858703,-0.8528708871410084,0.001,vwap_inversion_flip,1,76293.96083734457,178.4854883947418,3.300695796278576,0.7,3600
2025-04,77,726359,728846,2025-04-09T12:58:34+00:00,2025-04-09T13:40:01+00:00,76760.9150233356,77690.25902333793,-1,929.344000002332,7434.752000018656,76889.7,True,soft_sl,2487.0,-0.9293440000023256,0.07722558702333676,-1.0065695870256623,0.001,vwap_initial,-1,76463.46061652474,297.454406810859,1.0000000000000242,1.0,3600
2025-04,79,726359,728846,2025-04-09T12:58:34+00:00,2025-04-09T13:40:01+00:00,76780.04532470607,77709.38932470839,-1,929.344000002332,7434.752000018656,76889.7,True,soft_sl,2487.0,-0.9293440000023256,0.07724471732470722,-1.006588717327033,0.001,vwap_initial,-1,76463.46061652474,297.454406810859,1.0643133903295359,0.5,3600
2025-04,81,726450,730053,2025-04-09T13:00:05+00:00,2025-04-09T14:00:08+00:00,76871.26035931383,77816.74035931607,-1,945.4800000022352,7563.840000017882,76889.7,True,soft_sl,3603.0,-0.945480000002237,0.07734400035931496,-1.0228240003615519,0.001,vwap_initial,-1,76476.93850224101,298.66240596176203,1.320292909993184,0.7,3600
2025-04,73,726155,730077,2025-04-09T12:55:10+00:00,2025-04-09T14:00:32+00:00,77026.3054041394,77868.00140414218,-1,841.6960000027716,6733.568000022173,,False,sl,3922.0,-0.8416960000027757,0.0774471534041408,-0.9191431534069164,0.001,vwap_inversion_flip,1,76406.79834357426,266.9510665884757,2.320676476337727,1.0,3600
2025-04,80,726450,730077,2025-04-09T13:00:05+00:00,2025-04-09T14:00:32+00:00,76909.64222674102,77855.12222674326,-1,945.4800000022352,7563.840000017882,76889.7,True,soft_sl,3627.0,-0.945480000002237,0.07738238222674214,-1.022862382228979,0.001,vwap_initial,-1,76476.93850224101,298.66240596176203,1.448805460153594,1.5,3600
2025-04,82,726457,730092,2025-04-09T13:00:12+00:00,2025-04-09T14:00:47+00:00,77008.08291122547,77979.65091122771,-1,971.5680000022426,7772.544000017941,76889.7,True,soft_sl,3635.0,-0.9715680000022403,0.07749386691122659,-1.0490618669134668,0.001,vwap_initial,-1,76486.31634602003,302.4042032415097,1.7253945534240556,1.0,3600
2025-04,86,728754,730131,2025-04-09T13:38:29+00:00,2025-04-09T14:01:26+00:00,76757.57452715226,78132.95052715395,-1,1375.3760000016914,11003.008000013531,,False,sl,1377.0,-1.375376000001692,0.0774452625271531,-1.452821262528845,0.001,vwap_inversion_flip,1,76951.10375663996,272.12930479458026,0.0,0.3,3600
2025-04,87,728754,730150,2025-04-09T13:38:29+00:00,2025-04-09T14:01:45+00:00,76848.65599608066,78224.03199608235,-1,1375.3760000016914,11003.008000013531,,False,sl,1396.0,-1.375376000001692,0.0775363439960815,-1.4529123439977734,0.001,vwap_inversion_flip,1,76951.10375663996,272.12930479458026,0.0,0.5,3600
2025-04,150,738030,740154,2025-04-09T16:13:08+00:00,2025-04-09T16:48:34+00:00,77365.1982172927,77903.75021728297,-1,538.5519999902696,4308.4159999221565,,False,sl,2126.0,-0.5385519999902754,0.07763447421728784,-0.6161864742075632,0.001,vwap_inversion_flip,1,77369.37494757844,156.133906029538,0.0,0.3,3600
2025-04,145,738030,740225,2025-04-09T16:13:08+00:00,2025-04-09T16:49:45+00:00,77416.0699350536,77954.62193504388,-1,538.5519999902696,4308.4159999221565,,False,sl,2197.0,-0.5385519999902754,0.07768534593504875,-0.6162373459253241,0.001,vwap_inversion_flip,1,77369.37494757844,156.133906029538,0.29907012936911387,0.3,3600
2025-04,157,738816,740240,2025-04-09T16:26:14+00:00,2025-04-09T16:50:00+00:00,77401.42387565167,77964.03187564181,-1,562.6079999901355,4500.863999921084,,False,sl,1426.0,-0.5626079999901412,0.07768272787564674,-0.640290727865788,0.001,vwap_inversion_flip,1,77396.03902210754,205.74959850432117,0.026171878746206162,0.3,3600
2025-04,146,738030,740246,2025-04-09T16:13:08+00:00,2025-04-09T16:50:06+00:00,77447.27544729486,77985.82744728513,-1,538.5519999902696,4308.4159999221565,,False,sl,2218.0,-0.5385519999902754,0.07771655144729,-0.6162685514375654,0.001,vwap_inversion_flip,1,77369.37494757844,156.133906029538,0.49893390678177324,0.5,3600
2025-04,151,738030,740249,2025-04-09T16:13:08+00:00,2025-04-09T16:50:09+00:00,77454.47776044105,77993.02976043132,-1,538.5519999902696,4308.4159999221565,,False,sl,2221.0,-0.5385519999902754,0.07772375376043618,-0.6162757537507115,0.001,vwap_inversion_flip,1,77369.37494757844,156.133906029538,0.5450629848875088,0.5,3600
2025-04,147,738030,740259,2025-04-09T16:13:08+00:00,2025-04-09T16:50:19+00:00,77478.48095953611,78017.03295952639,-1,538.5519999902696,4308.4159999221565,,False,sl,2231.0,-0.5385519999902754,0.07774775695953126,-0.6162997569498067,0.001,vwap_inversion_flip,1,77369.37494757844,156.133906029538,0.6987976841944326,0.7,3600
2025-04,136,737421,740260,2025-04-09T16:02:59+00:00,2025-04-09T16:50:20+00:00,77325.44131072999,78022.30531072133,-1,696.8639999913424,5574.9119999307395,,False,sl,2841.0,-0.6968639999913431,0.07767387331072567,-0.7745378733020687,0.001,vwap_inversion_flip,1,77333.8979298132,150.65568870727122,0.0,0.3,3600
2025-04,154,738816,740260,2025-04-09T16:26:14+00:00,2025-04-09T16:50:20+00:00,77457.72783816444,78020.33583815458,-1,562.6079999901355,4500.863999921084,,False,sl,1446.0,-0.5626079999901412,0.07773903183815951,-0.6403470318283008,0.001,vwap_inversion_flip,1,77396.03902210754,205.74959850432117,0.2998247214349308,0.3,3600
2025-04,139,737783,740261,2025-04-09T16:09:01+00:00,2025-04-09T16:50:21+00:00,77422.91371080143,78031.2977107921,-1,608.3839999906718,4867.071999925374,,False,sl,2480.0,-0.6083839999906777,0.07772710571079676,-0.6861111057014745,0.001,vwap_inversion_flip,1,77347.50062611888,146.00595775569622,0.5165069004151696,0.5,3600
2025-04,140,737785,740261,2025-04-09T16:09:03+00:00,2025-04-09T16:50:21+00:00,77427.15917548271,78031.49517547333,-1,604.3359999906272,4834.687999925018,,False,sl,2478.0,-0.6043359999906243,0.07772932717547802,-0.6820653271661022,0.001,vwap_inversion_flip,1,77347.53805447632,145.99516902477444,0.5453681894972899,0.7,3600
2025-04,137,737441,740263,2025-04-09T16:03:19+00:00,2025-04-09T16:50:23+00:00,77344.53973852294,78043.22773851427,-1,698.6879999913276,5589.503999930621,,False,sl,2824.0,-0.6986879999913217,0.07769388373851861,-0.7763818837298403,0.001,vwap_inversion_flip,1,77335.77223143363,148.22434225360692,0.059150251274622506,0.3,3600
2025-04,148,738030,740268,2025-04-09T16:13:08+00:00,2025-04-09T16:50:28+00:00,77525.28922789799,78063.84122788826,-1,538.5519999902696,4308.4159999221565,,False,sl,2240.0,-0.5385519999902754,0.07779456522789313,-0.6163465652181686,0.001,vwap_inversion_flip,1,77369.37494757844,156.133906029538,0.9985933503133284,1.0,3600
2025-04,155,738816,740268,2025-04-09T16:26:14+00:00,2025-04-09T16:50:28+00:00,77498.87748187422,78061.48548186437,-1,562.6079999901355,4500.863999921084,,False,sl,1454.0,-0.5626079999901412,0.0777801814818693,-0.6403881814720105,0.001,vwap_inversion_flip,1,77396.03902210754,205.74959850432117,0.4998233800418733,0.5,3600
2025-04,158,738816,740268,2025-04-09T16:26:14+00:00,2025-04-09T16:50:28+00:00,77486.16638531952,78048.77438530966,-1,562.6079999901355,4500.863999921084,,False,sl,1454.0,-0.5626079999901412,0.07776747038531459,-0.6403754703754558,0.001,vwap_inversion_flip,1,77396.03902210754,205.74959850432117,0.43804393236807104,0.5,3600
2025-04,130,735505,740269,2025-04-09T15:31:00+00:00,2025-04-09T16:50:29+00:00,77216.47519710007,78067.45119709415,-1,850.9759999940918,6807.8079999527345,,False,sl,4769.0,-0.850975999994087,0.07764196319709711,-0.9286179631911842,0.001,vwap_inversion_flip,1,77324.35415570103,251.20665144645662,0.0,0.3,3600
2025-04,141,737858,740270,2025-04-09T16:10:16+00:00,2025-04-09T16:50:30+00:00,77489.12375320253,78069.08375319284,-1,579.9599999903143,4639.679999922514,,False,sl,2414.0,-0.5799599999903149,0.07777910375319767,-0.6577391037435125,0.001,vwap_inversion_flip,1,77354.4795163033,146.38740083423403,0.919780227887895,1.0,3600
2025-04,152,738030,740272,2025-04-09T16:13:08+00:00,2025-04-09T16:50:32+00:00,77543.7573035894,78082.30930357968,-1,538.5519999902696,4308.4159999221565,,False,sl,2244.0,-0.5385519999902754,0.07781303330358455,-0.6163650332938599,0.001,vwap_inversion_flip,1,77369.37494757844,156.133906029538,1.1168769195972665,0.7,3600
2025-04,138,737583,740273,2025-04-09T16:05:41+00:00,2025-04-09T16:50:33+00:00,77385.84945700283,78088.25745699453,-1,702.4079999917001,5619.263999933601,,False,sl,2692.0,-0.7024079999917012,0.07773705345699868,-0.7801450534486999,0.001,vwap_inversion_flip,1,77345.57412255654,144.5971257730488,0.2785348203220674,0.5,3600
2025-04,142,737861,740274,2025-04-09T16:10:19+00:00,2025-04-09T16:50:34+00:00,77520.38611087286,78101.55411086314,-1,581.1679999902844,4649.3439999222755,,False,sl,2415.0,-0.5811679999902845,0.077810970110868,-0.6589789701011525,0.001,vwap_inversion_flip,1,77355.35521361114,146.5222487473502,1.126319713713136,0.7,3600
2025-04,156,738816,740274,2025-04-09T16:26:14+00:00,2025-04-09T16:50:34+00:00,77540.027125584,78102.63512557415,-1,562.6079999901355,4500.863999921084,,False,sl,1460.0,-0.5626079999901412,0.07782133112557908,-0.6404293311157203,0.001,vwap_inversion_flip,1,77396.03902210754,205.74959850432117,0.6998220386488159,0.7,3600
2025-04,143,737935,740275,2025-04-09T16:11:33+00:00,2025-04-09T16:50:35+00:00,77592.39804940224,78147.43004939251,-1,555.0319999902696,4440.255999922157,,False,sl,2342.0,-0.5550319999902713,0.07786991404939737,-0.6329019140396687,0.001,vwap_inversion_flip,1,77359.26289909471,148.2928427149075,1.5721267866968407,1.5,3600
2025-04,149,738030,740275,2025-04-09T16:13:08+00:00,2025-04-09T16:50:35+00:00,77603.30300850111,78141.85500849139,-1,538.5519999902696,4308.4159999221565,,False,sl,2247.0,-0.5385519999902754,0.07787257900849624,-0.6164245789987716,0.001,vwap_inversion_flip,1,77369.37494757844,156.133906029538,1.4982527938448837,1.5,3600
2025-04,159,738816,740275,2025-04-09T16:26:14+00:00,2025-04-09T16:50:35+00:00,77570.90889498737,78133.51689497751,-1,562.6079999901355,4500.863999921084,,False,sl,1461.0,-0.5626079999901412,0.07785221289498244,-0.6404602128851237,0.001,vwap_inversion_flip,1,77396.03902210754,205.74959850432117,0.8499159859899359,0.7,3600
2025-04,160,738823,740282,2025-04-09T16:26:21+00:00,2025-04-09T16:50:42+00:00,77601.75159114867,78166.40759113885,-1,564.6559999901801,4517.247999921441,,False,sl,1461.0,-0.5646559999901801,0.07788407959114377,-0.6425400795813239,0.001,vwap_inversion_flip,1,77396.31627603383,205.90549809479998,0.9977165108056288,1.0,3600
2025-04,168,740459,740528,2025-04-09T16:53:39+00:00,2025-04-09T16:54:48+00:00,77494.8701900679,78045.24619005682,-1,550.3759999889136,4403.007999911309,,False,sl,69.0,-0.5503759999889153,0.07777005819006236,-0.6281460581789776,0.001,vwap_initial,-1,77656.62137160506,250.7016477527938,0.0,0.3,3600
2025-04,169,740459,740587,2025-04-09T16:53:39+00:00,2025-04-09T16:55:47+00:00,77563.59429950692,78113.97029949584,-1,550.3759999889136,4403.007999911309,,False,sl,128.0,-0.5503759999889153,0.07783878229950139,-0.6282147822884167,0.001,vwap_initial,-1,77656.62137160506,250.7016477527938,0.0,0.5,3600
2025-04,170,740459,740631,2025-04-09T16:53:39+00:00,2025-04-09T16:56:31+00:00,77632.31840894594,78182.69440893485,-1,550.3759999889136,4403.007999911309,,False,sl,172.0,-0.5503759999889153,0.0779075064089404,-0.6282835063978557,0.001,vwap_initial,-1,77656.62137160506,250.7016477527938,0.0,0.7,3600
2025-04,131,735505,740635,2025-04-09T15:31:00+00:00,2025-04-09T16:56:35+00:00,77334.97716801558,78185.95316800967,-1,850.9759999940918,6807.8079999527345,,False,sl,5135.0,-0.850975999994087,0.07776046516801263,-0.9287364651620996,0.001,vwap_inversion_flip,1,77324.35415570103,251.20665144645662,0.04228794203251747,0.5,3600
2025-04,144,738023,740636,2025-04-09T16:13:01+00:00,2025-04-09T16:56:36+00:00,77666.59471098,78201.9307109701,-1,535.3359999901056,4282.687999920845,,False,sl,2615.0,-0.5353359999901004,0.07793426271097505,-0.6132702627010754,0.001,vwap_inversion_flip,1,77367.0694182656,154.00780154536236,1.944870907245429,1.0,3600
2025-04,153,738030,740637,2025-04-09T16:13:08+00:00,2025-04-09T16:56:37+00:00,77677.67661831193,78216.22861830221,-1,538.5519999902696,4308.4159999221565,,False,sl,2609.0,-0.5385519999902754,0.07794695261830707,-0.6164989526085825,0.001,vwap_inversion_flip,1,77369.37494757844,156.133906029538,1.9745978216619033,1.0,3600
2025-04,127,735505,740650,2025-04-09T15:31:00+00:00,2025-04-09T16:56:50+00:00,77399.80035171607,78250.77635171016,-1,850.9759999940918,6807.8079999527345,,False,sl,5150.0,-0.850975999994087,0.07782528835171311,-0.9288012883458001,0.001,vwap_inversion_flip,1,77324.35415570103,251.20665144645662,0.3003351845208506,0.3,3600
2025-04,161,738912,740651,2025-04-09T16:27:50+00:00,2025-04-09T16:56:51+00:00,77698.02265948913,78265.11065947889,-1,567.0879999897629,4536.703999918103,,False,sl,1741.0,-0.5670879999897588,0.077981566659484,-0.6450695666492428,0.001,vwap_inversion_flip,1,77400.91312007657,207.92766904598582,1.4289081427967585,1.0,3600
2025-04,164,740459,740674,2025-04-09T16:53:39+00:00,2025-04-09T16:57:14+00:00,77731.83186593089,78282.2078659198,-1,550.3759999889136,4403.007999911309,,False,sl,215.0,-0.5503759999889153,0.07800701986592534,-0.6283830198548406,0.001,vwap_initial,-1,77656.62137160506,250.7016477527938,0.29999999999997135,0.3,3600
2025-04,171,740459,740674,2025-04-09T16:53:39+00:00,2025-04-09T16:57:14+00:00,77735.40457310446,78285.78057309338,-1,550.3759999889136,4403.007999911309,,False,sl,215.0,-0.5503759999889153,0.07801059257309893,-0.6283865925620142,0.001,vwap_initial,-1,77656.62137160506,250.7016477527938,0.31425083243605284,1.0,3600
2025-04,88,728754,740675,2025-04-09T13:38:29+00:00,2025-04-09T16:57:15+00:00,76939.73746500906,78315.11346501076,-1,1375.3760000016914,11003.008000013531,,False,sl,11926.0,-1.375376000001692,0.0776274254650099,-1.453003425466702,0.001,vwap_inversion_flip,1,76951.10375663996,272.12930479458026,0.0,0.7,3600
2025-04,121,733782,740675,2025-04-09T15:02:17+00:00,2025-04-09T16:57:15+00:00,77045.57501285204,78316.36701285296,-1,1270.792000000924,10166.336000007392,76972.0,True,soft_sl,6898.0,-1.270792000000918,0.07768097101285251,-1.3484729710137706,0.001,vwap_initial,-1,77449.37749480136,320.3665744305697,0.0,0.3,3600
2025-04,128,735505,740675,2025-04-09T15:31:00+00:00,2025-04-09T16:57:15+00:00,77450.04794456065,78301.02394455473,-1,850.9759999940918,6807.8079999527345,,False,sl,5175.0,-0.850975999994087,0.0778755359445577,-0.9288515359386447,0.001,vwap_inversion_flip,1,77324.35415570103,251.20665144645662,0.5003601144152261,0.5,3600
2025-04,132,735505,740675,2025-04-09T15:31:00+00:00,2025-04-09T16:57:15+00:00,77453.47913893108,78304.45513892517,-1,850.9759999940918,6807.8079999527345,,False,sl,5175.0,-0.850975999994087,0.07787896713892814,-0.9288549671330152,0.001,vwap_inversion_flip,1,77324.35415570103,251.20665144645662,0.5140189660048674,0.7,3600
2025-04,162,739230,740675,2025-04-09T16:33:09+00:00,2025-04-09T16:57:15+00:00,77704.62570042313,78305.62570041293,-1,600.9999999897927,4807.999999918342,,False,sl,1446.0,-0.6009999999897991,0.07800512570041802,-0.6790051256902172,0.001,vwap_inversion_flip,1,77410.55846765054,215.0957022688853,1.3671460176595536,1.5,3600
2025-04,165,740459,740859,2025-04-09T16:53:39+00:00,2025-04-09T17:00:19+00:00,77781.97219548144,78332.34819547036,-1,550.3759999889136,4403.007999911309,,False,sl,400.0,-0.5503759999889153,0.07805716019547591,-0.6284331601843912,0.001,vwap_initial,-1,77656.62137160506,250.7016477527938,0.4999999999999715,0.5,3600
2025-04,129,735505,740961,2025-04-09T15:31:00+00:00,2025-04-09T17:02:01+00:00,77500.29553740524,78351.27153739933,-1,850.9759999940918,6807.8079999527345,,False,sl,5461.0,-0.850975999994087,0.07792578353740229,-0.9289017835314893,0.001,vwap_inversion_flip,1,77324.35415570103,251.20665144645662,0.7003850443096596,0.7,3600
2025-04,166,740459,740962,2025-04-09T16:53:39+00:00,2025-04-09T17:02:02+00:00,77832.112525032,78382.48852502092,-1,550.3759999889136,4403.007999911309,,False,sl,503.0,-0.5503759999889153,0.07810730052502646,-0.6284833005139417,0.001,vwap_initial,-1,77656.62137160506,250.7016477527938,0.6999999999999718,0.7,3600
2025-04,83,728754,740963,2025-04-09T13:38:29+00:00,2025-04-09T17:02:03+00:00,77032.46926708387,78407.84526708556,-1,1375.3760000016914,11003.008000013531,,False,sl,12214.0,-1.375376000001692,0.07772015726708473,-1.4530961572687766,0.001,vwap_inversion_flip,1,76951.10375663996,272.12930479458026,0.2989957678586989,0.3,3600
2025-04,84,728754,740963,2025-04-09T13:38:29+00:00,2025-04-09T17:02:03+00:00,77086.98343289417,78462.35943289586,-1,1375.3760000016914,11003.008000013531,,False,sl,12214.0,-1.375376000001692,0.077774671432895,-1.453150671434587,0.001,vwap_inversion_flip,1,76951.10375663996,272.12930479458026,0.4993202637870055,0.5,3600
2025-04,89,728754,740963,2025-04-09T13:38:29+00:00,2025-04-09T17:02:03+00:00,77076.35966840168,78451.73566840337,-1,1375.3760000016914,11003.008000013531,,False,sl,12214.0,-1.375376000001692,0.07776404766840253,-1.4531400476700944,0.001,vwap_inversion_flip,1,76951.10375663996,272.12930479458026,0.4602808648494177,1.0,3600
2025-04,163,740154,740963,2025-04-09T16:48:34+00:00,2025-04-09T17:02:03+00:00,77909.87893365874,78470.21493364802,-1,560.335999989286,4482.687999914288,,False,sl,809.0,-0.5603359999892855,0.07819004693365339,-0.6385260469229389,0.001,vwap_inversion_flip,1,77560.60237304671,206.9988113299071,1.6873360690721972,1.5,3600
2025-04,167,740459,740963,2025-04-09T16:53:39+00:00,2025-04-09T17:02:03+00:00,77907.32301935785,78457.69901934676,-1,550.3759999889136,4403.007999911309,,False,sl,504.0,-0.5503759999889153,0.07818251101935231,-0.6285585110082677,0.001,vwap_initial,-1,77656.62137160506,250.7016477527938,1.000000000000001,1.0,3600
2025-04,172,740459,740963,2025-04-09T16:53:39+00:00,2025-04-09T17:02:03+00:00,77907.214846702,78457.59084669092,-1,550.3759999889136,4403.007999911309,,False,sl,504.0,-0.5503759999889153,0.07818240284669646,-0.6285584028356117,0.001,vwap_initial,-1,77656.62137160506,250.7016477527938,0.9995685203634795,1.5,3600
2025-04,85,728754,740964,2025-04-09T13:38:29+00:00,2025-04-09T17:02:04+00:00,77141.49759870446,78516.87359870615,-1,1375.3760000016914,11003.008000013531,,False,sl,12215.0,-1.375376000001692,0.07782918559870532,-1.4532051856003971,0.001,vwap_inversion_flip,1,76951.10375663996,272.12930479458026,0.6996447597153121,0.7,3600
2025-04,173,740487,740965,2025-04-09T16:54:07+00:00,2025-04-09T17:02:05+00:00,78032.67384323424,78577.56184322319,-1,544.8879999889433,4359.103999911546,,False,sl,478.0,-0.5448879999889469,0.07830511784322872,-0.6231931178321756,0.001,vwap_initial,-1,77659.68325646393,250.93089578437483,1.4864275106673859,1.5,3600
2025-04,90,728772,740966,2025-04-09T13:38:47+00:00,2025-04-09T17:02:06+00:00,77223.26884741991,78627.13284742157,-1,1403.8640000016615,11230.912000013292,,False,sl,12199.0,-1.4038640000016605,0.07792520084742074,-1.4817892008490812,0.001,vwap_inversion_flip,1,76954.64481663491,268.98736800988445,0.9986492405662847,1.0,3600
2025-04,91,728775,740978,2025-04-09T13:38:50+00:00,2025-04-09T17:02:18+00:00,77304.06334072269,78712.63934072434,-1,1408.5760000016542,11268.608000013233,,False,sl,12208.0,-1.4085760000016598,0.07800835134072352,-1.4865843513423833,0.001,vwap_inversion_flip,1,76955.67124412366,268.63041011388765,1.2969197956825602,1.5,3600
2025-04,102,730439,740986,2025-04-09T14:06:34+00:00,2025-04-09T17:02:26+00:00,76964.97482950623,78744.326829506,-1,1779.3519999997693,14234.815999998154,77874.5,True,soft_sl,10552.0,-1.7793519999997662,0.07785465082950611,-1.8572066508292724,0.001,vwap_initial,-1,77420.29194490344,391.4827240006779,0.0,0.3,3600
2025-04,177,741299,741821,2025-04-09T17:07:39+00:00,2025-04-09T17:16:21+00:00,77650.8621002013,78541.37410019395,-1,890.5119999926537,7124.09599994123,,False,sl,522.0,-0.8905119999926537,0.07809611810019763,-0.9686081180928514,0.001,vwap_initial,-1,78051.93245763413,402.51839187236465,0.0,0.3,3600
2025-04,178,741299,742011,2025-04-09T17:07:39+00:00,2025-04-09T17:19:31+00:00,77736.38708315589,78626.89908314854,-1,890.5119999926537,7124.09599994123,78573.9,True,soft_sl,712.0,-0.8905119999926537,0.07818164308315223,-0.968693643075806,0.001,vwap_initial,-1,78051.93245763413,402.51839187236465,0.0,0.5,3600
2025-04,179,741299,742021,2025-04-09T17:07:39+00:00,2025-04-09T17:19:41+00:00,77821.91206611048,78712.42406610314,-1,890.5119999926537,7124.09599994123,78573.9,True,soft_sl,722.0,-0.8905119999926537,0.07826716806610681,-0.9687791680587605,0.001,vwap_initial,-1,78051.93245763413,402.51839187236465,0.0,0.7,3600
2025-04,92,728777,742024,2025-04-09T13:38:52+00:00,2025-04-09T17:19:44+00:00,77359.55426194565,78773.6742619473,-1,1414.1200000016393,11312.960000013114,,False,sl,13252.0,-1.4141200000016398,0.07806661426194647,-1.4921866142635862,0.001,vwap_inversion_flip,1,76956.6069116805,268.38029319900545,1.5014043895032374,1.5,3600
2025-04,95,729179,742025,2025-04-09T13:45:34+00:00,2025-04-09T17:19:45+00:00,76823.94748082486,78801.5074808256,-1,1977.560000000745,15820.48000000596,77421.0,True,soft_sl,12851.0,-1.9775600000007398,0.07781272748082525,-2.055372727481565,0.001,vwap_initial,-1,77093.53873560591,307.6102368840521,0.0,0.3,3600
2025-04,103,730439,742025,2025-04-09T14:06:34+00:00,2025-04-09T17:19:45+00:00,77082.28584128793,78861.6378412877,-1,1779.3519999997693,14234.815999998154,77874.5,True,soft_sl,11591.0,-1.7793519999997662,0.07797196184128782,-1.857323961841054,0.001,vwap_initial,-1,77420.29194490344,391.4827240006779,0.0,0.5,3600
2025-04,180,741299,742025,2025-04-09T17:07:39+00:00,2025-04-09T17:19:45+00:00,77950.19954054238,78840.71154053503,-1,890.5119999926537,7124.09599994123,78573.9,True,soft_sl,726.0,-0.8905119999926537,0.07839545554053871,-0.9689074555331925,0.001,vwap_initial,-1,78051.93245763413,402.51839187236465,0.0,1.0,3600
2025-04,96,729179,742028,2025-04-09T13:45:34+00:00,2025-04-09T17:19:48+00:00,76922.75027774253,78900.31027774327,-1,1977.560000000745,15820.48000000596,77421.0,True,soft_sl,12854.0,-1.9775600000007398,0.07791153027774289,-2.0554715302784827,0.001,vwap_initial,-1,77093.53873560591,307.6102368840521,0.0,0.5,3600
2025-04,104,730439,742032,2025-04-09T14:06:34+00:00,2025-04-09T17:19:52+00:00,77199.59685306963,78978.94885306939,-1,1779.3519999997693,14234.815999998154,77874.5,True,soft_sl,11598.0,-1.7793519999997662,0.0780892728530695,-1.8574412728528358,0.001,vwap_initial,-1,77420.29194490344,391.4827240006779,0.0,0.7,3600
2025-04,199,742003,742032,2025-04-09T17:19:23+00:00,2025-04-09T17:19:52+00:00,77714.35643054522,78960.34843054182,-1,1245.9919999966025,9967.93599997282,,False,sl,29.0,-1.2459919999966078,0.07833735243054352,-1.3243293524271513,0.001,vwap_inversion_flip,1,78127.32592435513,356.0882747504056,0.0,0.3,3600
2025-04,97,729179,742033,2025-04-09T13:45:34+00:00,2025-04-09T17:19:53+00:00,77021.55307466019,78999.11307466093,-1,1977.560000000745,15820.48000000596,77421.0,True,soft_sl,12859.0,-1.9775600000007398,0.07801033307466057,-2.0555703330754005,0.001,vwap_initial,-1,77093.53873560591,307.6102368840521,0.0,0.7,3600
2025-04,174,741299,742034,2025-04-09T17:07:39+00:00,2025-04-09T17:19:54+00:00,78172.68797519585,79063.1999751885,-1,890.5119999926537,7124.09599994123,78573.9,True,soft_sl,735.0,-0.8905119999926537,0.07861794397519217,-0.9691299439678459,0.001,vwap_initial,-1,78051.93245763413,402.51839187236465,0.3000000000000171,0.3,3600
2025-04,181,741299,742034,2025-04-09T17:07:39+00:00,2025-04-09T17:19:54+00:00,78164.01199792887,79054.52399792153,-1,890.5119999926537,7124.09599994123,78573.9,True,soft_sl,735.0,-0.8905119999926537,0.0786092679979252,-0.969121267990579,0.001,vwap_initial,-1,78051.93245763413,402.51839187236465,0.27844576187783265,1.5,3600
2025-04,200,742003,742034,2025-04-09T17:19:23+00:00,2025-04-09T17:19:54+00:00,77800.82956139681,79046.82156139342,-1,1245.9919999966025,9967.93599997282,,False,sl,31.0,-1.2459919999966078,0.07842382556139513,-1.324415825558003,0.001,vwap_inversion_flip,1,78127.32592435513,356.0882747504056,0.0,0.5,3600
2025-04,93,729179,742090,2025-04-09T13:45:34+00:00,2025-04-09T17:20:50+00:00,77185.82180667113,79163.38180667187,-1,1977.560000000745,15820.48000000596,77421.0,True,soft_sl,12916.0,-1.9775600000007398,0.0781746018066715,-2.055734601807411,0.001,vwap_initial,-1,77093.53873560591,307.6102368840521,0.30000000000001326,0.3,3600
2025-04,98,729179,742090,2025-04-09T13:45:34+00:00,2025-04-09T17:20:50+00:00,77169.75727003669,79147.31727003743,-1,1977.560000000745,15820.48000000596,77421.0,True,soft_sl,12916.0,-1.9775600000007398,0.07815853727003706,-2.055718537270777,0.001,vwap_initial,-1,77093.53873560591,307.6102368840521,0.2477763263109775,1.0,3600
2025-04,105,730439,742090,2025-04-09T14:06:34+00:00,2025-04-09T17:20:50+00:00,77375.56337074218,79154.91537074195,-1,1779.3519999997693,14234.815999998154,77874.5,True,soft_sl,11656.0,-1.7793519999997662,0.07826523937074205,-1.8576172393705084,0.001,vwap_initial,-1,77420.29194490344,391.4827240006779,0.0,1.0,3600
2025-04,175,741299,742090,2025-04-09T17:07:39+00:00,2025-04-09T17:20:50+00:00,78253.19165357032,79143.70365356297,-1,890.5119999926537,7124.09599994123,78573.9,True,soft_sl,791.0,-0.8905119999926537,0.07869844765356665,-0.9692104476462204,0.001,vwap_initial,-1,78051.93245763413,402.51839187236465,0.5000000000000164,0.5,3600
2025-04,201,742003,742090,2025-04-09T17:19:23+00:00,2025-04-09T17:20:50+00:00,77887.3026922484,79133.294692245,-1,1245.9919999966025,9967.93599997282,,False,sl,87.0,-1.2459919999966078,0.0785102986922467,-1.3245022986888546,0.001,vwap_inversion_flip,1,78127.32592435513,356.0882747504056,0.0,0.7,3600
2025-04,94,729179,742100,2025-04-09T13:45:34+00:00,2025-04-09T17:21:00+00:00,77247.34385404794,79224.90385404868,-1,1977.560000000745,15820.48000000596,77421.0,True,soft_sl,12926.0,-1.9775600000007398,0.07823612385404832,-2.055796123854788,0.001,vwap_initial,-1,77093.53873560591,307.6102368840521,0.5000000000000221,0.5,3600
2025-04,110,732031,742100,2025-04-09T14:33:06+00:00,2025-04-09T17:21:00+00:00,77811.77466890411,79200.35866890455,-1,1388.584000000432,11108.672000003457,77874.5,True,soft_sl,10074.0,-1.3885840000004392,0.07850606666890432,-1.4670900666693436,0.001,vwap_initial,-1,77574.97234122644,287.5426737113333,0.8235380321857678,1.0,3600
2025-04,176,741299,742100,2025-04-09T17:07:39+00:00,2025-04-09T17:21:00+00:00,78333.6953319448,79224.20733193745,-1,890.5119999926537,7124.09599994123,78573.9,True,soft_sl,801.0,-0.8905119999926537,0.07877895133194111,-0.9692909513245949,0.001,vwap_initial,-1,78051.93245763413,402.51839187236465,0.7000000000000157,0.7,3600
2025-04,106,730441,742102,2025-04-09T14:06:36+00:00,2025-04-09T17:21:02+00:00,77537.73676210364,79317.73676210342,-1,1779.9999999997763,14239.99999999821,77874.5,True,soft_sl,11666.0,-1.7799999999997818,0.07842773676210353,-1.8584277367618853,0.001,vwap_initial,-1,77420.51758272147,391.3298638504766,0.2995405927592526,0.3,3600
2025-04,107,730449,742102,2025-04-09T14:06:44+00:00,2025-04-09T17:21:02+00:00,77616.03330690377,79393.05730690357,-1,1777.023999999799,14216.191999998391,77874.5,True,soft_sl,11658.0,-1.7770239999998012,0.07850454530690368,-1.855528545306705,0.001,vwap_initial,-1,77421.4089712825,390.58754072495236,0.49828608270516317,0.5,3600
2025-04,108,730459,742102,2025-04-09T14:06:54+00:00,2025-04-09T17:21:02+00:00,77668.84090019642,79446.73690019625,-1,1777.8959999998287,14223.16799999863,77874.5,True,soft_sl,11648.0,-1.7778959999998334,0.07855778890019632,-1.8564537889000297,0.001,vwap_initial,-1,77424.12195488984,390.31639379374917,0.6269758308842507,1.5,3600
2025-04,109,730705,742102,2025-04-09T14:11:00+00:00,2025-04-09T17:21:02+00:00,77694.32985170391,79433.6018517039,-1,1739.2719999999927,13914.175999999941,77874.5,True,soft_sl,11402.0,-1.7392719999999973,0.07856396585170392,-1.8178359658517012,0.001,vwap_initial,-1,77456.4909590748,373.9683673854693,0.6359866592244547,0.7,3600
2025-04,182,741736,742102,2025-04-09T17:14:56+00:00,2025-04-09T17:21:02+00:00,78454.4508495065,79429.90684950144,-1,975.4559999949486,7803.647999959589,78573.9,True,soft_sl,366.0,-0.9754559999949416,0.07894217884950397,-1.0543981788444456,0.001,vwap_initial,-1,78142.9171894145,364.2491827513311,0.8552762088272927,1.0,3600
2025-04,197,742003,742102,2025-04-09T17:19:23+00:00,2025-04-09T17:21:02+00:00,78233.69195349,79479.6839534866,-1,1245.9919999966025,9967.93599997282,,False,sl,99.0,-1.2459919999966078,0.0788566879534883,-1.324848687950096,0.001,vwap_inversion_flip,1,78127.32592435513,356.0882747504056,0.2987069125188685,0.3,3600
2025-04,202,742003,742102,2025-04-09T17:19:23+00:00,2025-04-09T17:21:02+00:00,78017.01238852578,79263.00438852239,-1,1245.9919999966025,9967.93599997282,,False,sl,99.0,-1.2459919999966078,0.0786400083885241,-1.324632008385132,0.001,vwap_inversion_flip,1,78127.32592435513,356.0882747504056,0.0,1.0,3600
2025-04,203,742003,742102,2025-04-09T17:19:23+00:00,2025-04-09T17:21:02+00:00,78233.19521565476,79479.18721565137,-1,1245.9919999966025,9967.93599997282,,False,sl,99.0,-1.2459919999966078,0.07885619121565306,-1.324848191212261,0.001,vwap_inversion_flip,1,78127.32592435513,356.0882747504056,0.29731192742541523,1.5,3600
2025-04,99,729434,742114,2025-04-09T13:49:49+00:00,2025-04-09T17:21:14+00:00,77308.86590142474,79552.88190142479,-1,2244.016000000052,17952.128000000415,77421.0,True,soft_sl,12685.0,-2.244016000000047,0.07843087390142477,-2.3224468739014714,0.001,vwap_initial,-1,77126.92327397733,281.17895762845905,0.6470705666667387,0.7,3600
2025-04,198,742003,742114,2025-04-09T17:19:23+00:00,2025-04-09T17:21:14+00:00,78305.00471929883,79550.99671929544,-1,1245.9919999966025,9967.93599997282,,False,sl,111.0,-1.2459919999966078,0.07892800071929713,-1.324920000715905,0.001,vwap_inversion_flip,1,78127.32592435513,356.0882747504056,0.498974011621808,0.5,3600
2025-04,100,729446,742115,2025-04-09T13:50:01+00:00,2025-04-09T17:21:15+00:00,77401.14897248996,79647.84497249004,-1,2246.6960000000895,17973.568000000716,77421.0,True,soft_sl,12674.0,-2.2466960000000835,0.07852449697249,-2.3252204969725736,0.001,vwap_initial,-1,77131.8148100363,281.45473542982796,0.9569359777952832,1.0,3600
2025-04,101,729455,742115,2025-04-09T13:50:10+00:00,2025-04-09T17:21:15+00:00,77416.76426233083,79659.22826233086,-1,2242.464000000022,17939.712000000178,77421.0,True,soft_sl,12665.0,-2.2424640000000218,0.07853799626233085,-2.3210019962623525,0.001,vwap_initial,-1,77133.44057614221,281.3151933075605,1.0071396530612156,1.5,3600
2025-04,204,742004,742115,2025-04-09T17:19:24+00:00,2025-04-09T17:21:15+00:00,78376.31748510768,79641.6054851043,-1,1265.2879999966174,10122.303999972939,,False,sl,111.0,-1.2652879999966244,0.07900896148510599,-1.3442969614817304,0.001,vwap_inversion_flip,1,78133.52571864463,356.67918451548974,0.6807006884712317,0.7,3600
2025-04,205,742004,742115,2025-04-09T17:19:24+00:00,2025-04-09T17:21:15+00:00,78483.28663382093,79748.57463381755,-1,1265.2879999966174,10122.303999972939,,False,sl,111.0,-1.2652879999966244,0.07911593063381925,-1.3444039306304436,0.001,vwap_inversion_flip,1,78133.52571864463,356.67918451548974,0.9806036639099509,1.0,3600
2025-04,206,742014,742138,2025-04-09T17:19:34+00:00,2025-04-09T17:21:38+00:00,78661.56854834303,79975.68854833982,-1,1314.1199999967962,10512.95999997437,,False,sl,124.0,-1.3141199999967939,0.07931862854834143,-1.3934386285451352,0.001,vwap_inversion_flip,1,78150.67696801969,359.41902700681254,1.4214372137668043,1.5,3600
2025-04,34,694259,743086,2025-04-09T04:02:58+00:00,2025-04-09T17:37:26+00:00,75552.68825532035,81846.51225534007,1,786.7280000024662,6293.824000019729,,False,tp,48868.0,6.293824000019725,0.07869960025533021,6.215124399764395,0.001,vwap_initial,1,75401.60179472396,239.88215446672658,0.0,0.3,3600
2025-04,35,694284,744285,2025-04-09T04:03:23+00:00,2025-04-09T17:57:25+00:00,75442.64608121828,81961.62208123758,1,814.8720000024139,6518.976000019311,,False,tp,50042.0,6.518976000019306,0.07870213408122793,6.440273865938078,0.001,vwap_initial,1,75401.41185101018,236.86957893201588,0.0,0.5,3600
2025-04,59,724710,744285,2025-04-09T12:31:05+00:00,2025-04-09T17:57:25+00:00,76167.51856552952,81997.02256554806,1,728.6880000023172,5829.504000018537,76345.1,True,tp,19580.0,5.82950400001854,0.07908227056553879,5.750421729453001,0.001,vwap_initial,1,76188.16635738921,198.68751228491524,0.10392093404483906,0.3,3600
2025-04,60,724761,744285,2025-04-09T12:31:56+00:00,2025-04-09T17:57:25+00:00,76121.15699796389,82049.47699798088,1,741.0400000021234,5928.320000016987,76345.1,True,tp,19529.0,5.928320000016989,0.07908531699797237,5.849234683019017,0.001,vwap_initial,1,76185.43421640177,197.21321570794808,0.32592754094670995,0.5,3600
2025-04,62,724767,744285,2025-04-09T12:32:02+00:00,2025-04-09T17:57:25+00:00,76074.79543039827,82048.1714304158,1,746.6720000021905,5973.376000017524,76345.1,True,tp,19523.0,5.973376000017525,0.07906148343040705,5.894314516587118,0.001,vwap_initial,1,76183.54669202867,196.56588138717822,0.5532560425183475,0.7,3600
2025-04,63,724769,744285,2025-04-09T12:32:04+00:00,2025-04-09T17:57:25+00:00,76005.25307904983,82040.26107906723,1,754.3760000021756,6035.008000017405,76345.1,True,tp,19521.0,6.035008000017406,0.07902275707905854,5.955985242938348,0.001,vwap_initial,1,76181.58105892366,195.84939196893836,0.9003243671126755,1.0,3600
2025-04,61,724761,744363,2025-04-09T12:31:56+00:00,2025-04-09T17:58:43+00:00,76127.42811077861,82055.7481107956,1,741.0400000021234,5928.320000016987,76345.1,True,tp,19607.0,5.928320000016989,0.0790915881107871,5.849228411906203,0.001,vwap_initial,1,76185.43421640177,197.21321570794808,0.29412889706674245,1.0,3600
2025-04,69,725410,744382,2025-04-09T12:42:45+00:00,2025-04-09T17:59:02+00:00,76404.55192235194,82219.84792236886,1,726.912000002116,5815.296000016928,,False,tp,18977.0,5.815296000016926,0.0793121999223604,5.735983800094566,0.001,vwap_initial,1,76226.6813125607,170.6464492623359,0.0,0.3,3600
2025-04,58,724236,745576,2025-04-09T12:23:11+00:00,2025-04-09T18:18:56+00:00,76279.12741221639,82645.65541223201,1,795.816000001952,6366.528000015616,76345.1,True,tp,21345.0,6.36652800001562,0.0794623914122242,6.287065608603396,0.001,vwap_initial,1,76205.76773086701,211.59340262054502,0.0,0.7,3600
2025-04,135,737013,745879,2025-04-09T15:56:08+00:00,2025-04-09T18:23:59+00:00,77092.61640409062,82858.18440402874,1,720.6959999922663,5765.56799993813,77129.9,True,tp,8871.0,5.765567999938125,0.07997540040405969,5.685592599534066,0.001,vwap_initial,1,77272.44638342567,208.29168039275174,0.8633565152289088,0.7,3600
2025-04,134,737008,745881,2025-04-09T15:56:03+00:00,2025-04-09T18:24:01+00:00,77133.0891585699,82882.2091585079,1,718.6399999922514,5749.1199999380115,77129.9,True,tp,8878.0,5.749119999938005,0.0800076491585389,5.669112350779466,0.001,vwap_initial,1,77272.87318549748,208.2881298447576,0.6711089442867493,0.5,3600
2025-04,133,737006,745882,2025-04-09T15:56:01+00:00,2025-04-09T18:24:02+00:00,77173.5619130492,82912.56991298732,1,717.3759999922663,5739.0079999381305,77129.9,True,tp,8881.0,5.739007999938127,0.08004306591301827,5.658964934025109,0.001,vwap_initial,1,77272.95990131774,208.21935686891408,0.4773715074488234,0.3,3600
2025-04,219,750599,750599,2025-04-09T19:42:39+00:00,2025-04-09T19:42:39+00:00,81265.40515044284,82096.34115043614,-1,830.9359999933093,6647.487999946475,,False,sl,0.0,-0.8309359999933077,0.0816808731504395,-0.9126168731437472,0.001,vwap_initial,-1,82153.2844473531,206.85779657244427,0.0,0.3,3600
2025-04,220,750599,751093,2025-04-09T19:42:39+00:00,2025-04-09T19:50:53+00:00,81586.16525506982,82417.10125506313,-1,830.9359999933093,6647.487999946475,,False,sl,494.0,-0.8309359999933077,0.08200163325506647,-0.9129376332483742,0.001,vwap_initial,-1,82153.2844473531,206.85779657244427,0.0,0.5,3600
2025-04,221,750599,754321,2025-04-09T19:42:39+00:00,2025-04-09T20:44:43+00:00,81906.9253596968,82737.86135969011,-1,830.9359999933093,6647.487999946475,82377.4,True,soft_sl,3724.0,-0.8309359999933077,0.08232239335969346,-0.9132583933530012,0.001,vwap_initial,-1,82153.2844473531,206.85779657244427,0.0,0.7,3600
2025-04,212,746091,754734,2025-04-09T18:27:31+00:00,2025-04-09T20:51:36+00:00,80571.60060304737,82852.60860304674,-1,2281.007999999374,18248.063999994993,,False,sl,8645.0,-2.281007999999376,0.08171210460304705,-2.362720104602423,0.001,vwap_inversion_flip,1,81698.98526039088,562.808216465437,0.0,0.3,3600
2025-04,217,750599,755104,2025-04-09T19:42:39+00:00,2025-04-09T20:57:46+00:00,82215.34178632483,83046.27778631814,-1,830.9359999933093,6647.487999946475,82377.4,True,soft_sl,4507.0,-0.8309359999933077,0.08263080978632148,-0.9135668097796292,0.001,vwap_initial,-1,82153.2844473531,206.85779657244427,0.29999999999999355,0.3,3600
2025-04,218,750599,755104,2025-04-09T19:42:39+00:00,2025-04-09T20:57:46+00:00,82256.71334563932,83087.64934563263,-1,830.9359999933093,6647.487999946475,82377.4,True,soft_sl,4507.0,-0.8309359999933077,0.08267218134563596,-0.9136081813389436,0.001,vwap_initial,-1,82153.2844473531,206.85779657244427,0.4999999999999893,0.5,3600
2025-04,222,750609,755104,2025-04-09T19:42:49+00:00,2025-04-09T20:57:46+00:00,82298.08490495381,83125.54890494709,-1,827.4639999932795,6619.711999946236,82377.4,True,soft_sl,4497.0,-0.8274639999932842,0.08271181690495046,-0.9101758168982347,0.001,vwap_initial,-1,82152.16717533849,207.0377139592658,0.704788160692453,0.7,3600
2025-04,223,751042,755104,2025-04-09T19:50:02+00:00,2025-04-09T20:57:46+00:00,82360.14224392554,83103.3502439188,-1,743.2079999932647,5945.663999946118,82377.4,True,soft_sl,4064.0,-0.7432079999932611,0.08273174624392218,-0.8259397462371834,0.001,vwap_initial,-1,82160.33566283618,223.22351050986597,0.8950964915522615,1.0,3600
2025-04,224,751044,755104,2025-04-09T19:50:04+00:00,2025-04-09T20:57:46+00:00,82388.06551663729,83129.87351663056,-1,741.8079999932647,5934.463999946118,82377.4,True,soft_sl,4062.0,-0.741807999993267,0.08275896951663393,-0.8245669695099009,0.001,vwap_initial,-1,82160.47707210465,223.256562062355,1.0194031585466792,1.0,3600
2025-04,213,746091,755209,2025-04-09T18:27:31+00:00,2025-04-09T20:59:31+00:00,80941.22552008684,83222.23352008621,-1,2281.007999999374,18248.063999994993,,False,sl,9120.0,-2.281007999999376,0.08208172952008652,-2.3630897295194626,0.001,vwap_inversion_flip,1,81698.98526039088,562.808216465437,0.0,0.5,3600
2025-04,228,755702,755702,2025-04-09T21:07:44+00:00,2025-04-09T21:07:44+00:00,81785.53214808147,82491.26014806767,-1,705.7279999861867,5645.823999889493,,False,sl,0.0,-0.7057279999861931,0.08213839614807457,-0.7878663961342677,0.001,vwap_inversion_flip,1,82700.52664416083,410.8697325730323,0.0,0.3,3600
2025-04,229,755702,755702,2025-04-09T21:07:44+00:00,2025-04-09T21:07:44+00:00,82031.7639664619,82737.4919664481,-1,705.7279999861867,5645.823999889493,,False,sl,0.0,-0.7057279999861931,0.08238462796645502,-0.788112627952648,0.001,vwap_inversion_flip,1,82700.52664416083,410.8697325730323,0.0,0.5,3600
2025-04,230,755702,755702,2025-04-09T21:07:44+00:00,2025-04-09T21:07:44+00:00,82277.99578484234,82983.72378482853,-1,705.7279999861867,5645.823999889493,,False,sl,0.0,-0.7057279999861931,0.08263085978483542,-0.7883588597710285,0.001,vwap_inversion_flip,1,82700.52664416083,410.8697325730323,0.0,0.7,3600
2025-04,231,755702,755745,2025-04-09T21:07:44+00:00,2025-04-09T21:08:27+00:00,82647.34351241299,83353.07151239918,-1,705.7279999861867,5645.823999889493,,False,sl,43.0,-0.7057279999861931,0.08300020751240608,-0.7887282074985992,0.001,vwap_inversion_flip,1,82700.52664416083,410.8697325730323,0.0,1.0,3600
2025-04,57,723668,756008,2025-04-09T12:13:42+00:00,2025-04-09T21:12:50+00:00,76380.26027984156,83482.85227985485,1,887.8240000016615,7102.592000013292,76345.1,True,tp,32348.0,7.10259200001329,0.07993155627984821,7.022660443733442,0.001,vwap_initial,1,76236.33977852858,231.4135747422035,0.0,0.5,3600
2025-04,225,755702,756665,2025-04-09T21:07:44+00:00,2025-04-09T21:23:47+00:00,82823.69726602577,83529.42526601197,-1,705.7279999861867,5645.823999889493,,False,sl,963.0,-0.7057279999861931,0.08317656126601887,-0.788904561252212,0.001,vwap_inversion_flip,1,82700.52664416083,410.8697325730323,0.2997802274059093,0.3,3600
2025-04,235,757317,757317,2025-04-09T21:34:39+00:00,2025-04-09T21:34:39+00:00,82381.00335572448,82860.83535570737,-1,479.8319999828935,3838.655999863148,,False,sl,0.0,-0.4798319999828964,0.08262091935571592,-0.5624529193386123,0.001,vwap_inversion_flip,1,83048.2412067014,310.7816036965364,0.0,0.3,3600
2025-04,236,757317,757325,2025-04-09T21:34:39+00:00,2025-04-09T21:34:47+00:00,82498.10655127717,82977.93855126007,-1,479.8319999828935,3838.655999863148,,False,sl,8.0,-0.4798319999828964,0.08273802255126864,-0.562570022534165,0.001,vwap_inversion_flip,1,83048.2412067014,310.7816036965364,0.0,0.5,3600
2025-04,237,757317,757372,2025-04-09T21:34:39+00:00,2025-04-09T21:35:34+00:00,82615.20974682989,83095.04174681279,-1,479.8319999828935,3838.655999863148,,False,sl,55.0,-0.4798319999828964,0.08285512574682134,-0.5626871257297177,0.001,vwap_inversion_flip,1,83048.2412067014,310.7816036965364,0.0,0.7,3600
2025-04,238,757317,758622,2025-04-09T21:34:39+00:00,2025-04-09T21:56:24+00:00,82790.86454015896,83270.69654014186,-1,479.8319999828935,3838.655999863148,,False,sl,1305.0,-0.4798319999828964,0.08303078054015042,-0.5628627805230468,0.001,vwap_inversion_flip,1,83048.2412067014,310.7816036965364,0.0,1.0,3600
2025-04,249,814565,814905,2025-04-10T13:31:32+00:00,2025-04-10T13:37:12+00:00,81764.05338902281,81242.82138903672,1,521.2319999860972,4169.855999888778,,False,sl,340.0,-0.521231999986092,0.08150343738902978,-0.6027354373751218,0.001,vwap_inversion_flip,-1,81769.34367359433,203.59787413911727,0.02598398727827348,0.3,3600
2025-04,245,814565,814906,2025-04-10T13:31:32+00:00,2025-04-10T13:37:13+00:00,81708.93631275365,81187.70431276756,1,521.2319999860972,4169.855999888778,,False,sl,341.0,-0.521231999986092,0.0814483203127606,-0.6026803202988527,0.001,vwap_inversion_flip,-1,81769.34367359433,203.59787413911727,0.2966993692645342,0.3,3600
2025-04,250,814565,814906,2025-04-10T13:31:32+00:00,2025-04-10T13:37:13+00:00,81718.10903031728,81196.87703033119,1,521.2319999860972,4169.855999888778,,False,sl,341.0,-0.521231999986092,0.08145749303032424,-0.6026894930164163,0.001,vwap_inversion_flip,-1,81769.34367359433,203.59787413911727,0.25164625855589456,0.5,3600
2025-04,246,814565,814907,2025-04-10T13:31:32+00:00,2025-04-10T13:37:14+00:00,81668.13885595629,81146.9068559702,1,521.2319999860972,4169.855999888778,,False,sl,342.0,-0.521231999986092,0.08140752285596324,-0.6026395228420552,0.001,vwap_inversion_flip,-1,81769.34367359433,203.59787413911727,0.4970818976669733,0.5,3600
2025-04,251,814565,814907,2025-04-10T13:31:32+00:00,2025-04-10T13:37:14+00:00,81672.16467161175,81150.93267162566,1,521.2319999860972,4169.855999888778,,False,sl,342.0,-0.521231999986092,0.08141154867161872,-0.6026435486577107,0.001,vwap_inversion_flip,-1,81769.34367359433,203.59787413911727,0.4773085298335156,0.7,3600
2025-04,247,814565,814908,2025-04-10T13:31:32+00:00,2025-04-10T13:37:15+00:00,81627.34139915893,81106.10939917284,1,521.2319999860972,4169.855999888778,,False,sl,343.0,-0.521231999986092,0.08136672539916588,-0.6025987253852579,0.001,vwap_inversion_flip,-1,81769.34367359433,203.59787413911727,0.6974644260694124,0.7,3600
2025-04,252,814565,814908,2025-04-10T13:31:32+00:00,2025-04-10T13:37:15+00:00,81603.24813355347,81082.01613356738,1,521.2319999860972,4169.855999888778,,False,sl,343.0,-0.521231999986092,0.08134263213356042,-0.6025746321196525,0.001,vwap_inversion_flip,-1,81769.34367359433,203.59787413911727,0.8158019367499114,1.0,3600
2025-04,248,814565,814934,2025-04-10T13:31:32+00:00,2025-04-10T13:37:41+00:00,81566.14521396288,81044.91321397679,1,521.2319999860972,4169.855999888778,,False,sl,369.0,-0.521231999986092,0.08130552921396983,-0.6025375292000619,0.001,vwap_inversion_flip,-1,81769.34367359433,203.59787413911727,0.9980382186731425,1.0,3600
2025-04,253,814580,814949,2025-04-10T13:31:47+00:00,2025-04-10T13:37:56+00:00,81488.38723678967,80950.05923680341,1,538.3279999862611,4306.623999890089,,False,sl,369.0,-0.538327999986257,0.08121922323679653,-0.6195472232230536,0.001,vwap_inversion_flip,-1,81760.84691367933,199.85150411735972,1.3633106145133702,1.5,3600
2025-04,254,814582,814949,2025-04-10T13:31:49+00:00,2025-04-10T13:37:56+00:00,81464.15157196949,80923.68757198313,1,540.4639999863506,4323.711999890805,,False,sl,367.0,-0.5404639999863575,0.08119391957197632,-0.6216579195583338,0.001,vwap_inversion_flip,-1,81757.67258422865,198.6445361744093,1.4776193592430678,1.5,3600
2025-04,240,757375,822232,2025-04-09T21:35:37+00:00,2025-04-10T15:39:19+00:00,83141.36758261552,79339.12758275142,-1,475.27999998301266,3802.2399998641013,,False,tp,65022.0,3.802239999864105,0.08124024758268347,3.7209997522814215,0.001,vwap_inversion_flip,1,83066.962928201,294.24246491820475,0.25286851248750725,0.3,3600
2025-04,239,757369,822241,2025-04-09T21:35:31+00:00,2025-04-10T15:39:28+00:00,83083.62252904073,79316.00652917699,-1,470.951999982968,3767.615999863744,,False,tp,65037.0,3.767615999863745,0.08119981452910886,3.686416185334636,0.001,vwap_inversion_flip,1,83066.05281187373,295.3184870101533,0.05949413240221389,1.5,3600
2025-04,243,758841,822872,2025-04-09T22:00:03+00:00,2025-04-10T15:49:59+00:00,83359.03487050933,78669.75487060352,-1,586.159999988228,4689.279999905824,,False,tp,64196.0,4.689279999905819,0.08101439487055644,4.608265605035262,0.001,vwap_inversion_flip,1,83211.85567323104,185.72784825623646,0.7924454984006617,1.0,3600
2025-04,242,758617,823572,2025-04-09T21:56:19+00:00,2025-04-10T16:01:40+00:00,83265.74888998341,78547.66889007998,-1,589.7599999879301,4718.079999903441,,False,tp,65121.0,4.718079999903435,0.08090670889003171,4.637173291013403,0.001,vwap_inversion_flip,1,83188.35811311296,181.5197946128913,0.42634896670908806,0.7,3600
2025-04,258,824999,824999,2025-04-10T16:25:27+00:00,2025-04-10T16:25:27+00:00,80106.34801952135,78821.78001952391,1,1284.567999997437,10276.543999979496,,False,sl,0.0,-1.2845679999974382,0.07946406401952263,-1.3640320640169608,0.001,vwap_initial,1,79168.34277789568,489.65272929641765,0.0,0.3,3600
2025-04,259,824999,828008,2025-04-10T16:25:27+00:00,2025-04-10T17:15:36+00:00,79875.37694679179,78590.80894679435,1,1284.567999997437,10276.543999979496,78633.4,True,soft_sl,3009.0,-1.2845679999974382,0.07923309294679307,-1.3638010929442312,0.001,vwap_initial,1,79168.34277789568,489.65272929641765,0.0,0.5,3600
2025-04,294,854399,855164,2025-04-11T00:42:15+00:00,2025-04-11T00:55:06+00:00,79585.14890127255,79144.50090128502,1,440.6479999875278,3525.1839999002223,79405.5,True,soft_sl,771.0,-0.44064799998753007,0.0793648249012788,-0.5200128248888088,0.001,vwap_initial,1,79530.46135298673,90.90609427017547,0.0,0.3,3600
2025-04,295,854399,855164,2025-04-11T00:42:15+00:00,2025-04-11T00:55:06+00:00,79553.99972649186,79113.35172650433,1,440.6479999875278,3525.1839999002223,79405.5,True,soft_sl,771.0,-0.44064799998753007,0.0793336757264981,-0.5199816757140282,0.001,vwap_initial,1,79530.46135298673,90.90609427017547,0.0,0.5,3600
2025-04,296,854399,855357,2025-04-11T00:42:15+00:00,2025-04-11T00:58:19+00:00,79522.85055171119,79082.20255172366,1,440.6479999875278,3525.1839999002223,79405.5,True,soft_sl,964.0,-0.44064799998753007,0.07930252655171743,-0.5199505265392474,0.001,vwap_initial,1,79530.46135298673,90.90609427017547,0.08372157374755908,0.7,3600
2025-04,292,854399,855391,2025-04-11T00:42:15+00:00,2025-04-11T00:58:53+00:00,79503.18952470568,79062.54152471815,1,440.6479999875278,3525.1839999002223,79405.5,True,soft_sl,998.0,-0.44064799998753007,0.07928286552471192,-0.519930865512242,0.001,vwap_initial,1,79530.46135298673,90.90609427017547,0.3000000000000026,0.3,3600
2025-04,293,854399,855398,2025-04-11T00:42:15+00:00,2025-04-11T00:59:00+00:00,79485.00830585165,79044.36030586412,1,440.6479999875278,3525.1839999002223,79405.5,True,soft_sl,1005.0,-0.44064799998753007,0.07926468430585788,-0.519912684293388,0.001,vwap_initial,1,79530.46135298673,90.90609427017547,0.5000000000000043,0.5,3600
2025-04,297,854402,855398,2025-04-11T00:42:18+00:00,2025-04-11T00:59:00+00:00,79466.82708699761,79024.92308701,1,441.9039999876171,3535.231999900937,79405.5,True,soft_sl,1002.0,-0.4419039999876113,0.07924587508700381,-0.5211498750746151,0.001,vwap_initial,1,79530.4262283662,90.90279519167147,0.6996390070787527,0.7,3600
2025-04,298,854402,855398,2025-04-11T00:42:18+00:00,2025-04-11T00:59:00+00:00,79476.12678954018,79034.22278955257,1,441.9039999876171,3535.231999900937,79405.5,True,soft_sl,1002.0,-0.4419039999876113,0.07925517478954637,-0.5211591747771577,0.001,vwap_initial,1,79530.4262283662,90.90279519167147,0.5973351942756004,1.0,3600
2025-04,299,854446,855413,2025-04-11T00:43:02+00:00,2025-04-11T00:59:15+00:00,79439.55525871656,79001.17925872891,1,438.3759999876469,3507.007999901175,79405.5,True,soft_sl,973.0,-0.43837599998764926,0.07922036725872274,-0.517596367246372,0.001,vwap_initial,1,79529.72449600416,90.89488783969333,0.9920165966498088,1.0,3600
2025-04,300,854490,855416,2025-04-11T00:43:48+00:00,2025-04-11T00:59:18+00:00,79394.10221158147,78954.03821159378,1,440.0639999876916,3520.511999901533,79405.5,True,soft_sl,930.0,-0.4400639999876876,0.07917407021158762,-0.5192380701992751,0.001,vwap_initial,1,79526.95099523471,92.22799780748716,1.440438769261228,1.5,3600
2025-04,301,854490,855416,2025-04-11T00:43:48+00:00,2025-04-11T00:59:18+00:00,79398.25385258849,78958.1898526008,1,440.0639999876916,3520.511999901533,79405.5,True,soft_sl,930.0,-0.4400639999876876,0.07917822185259463,-0.5192422218402822,0.001,vwap_initial,1,79526.95099523471,92.22799780748716,1.3954237943543237,1.5,3600
2025-04,302,856799,857394,2025-04-11T01:22:22+00:00,2025-04-11T01:32:21+00:00,79328.0525196934,79687.25251967544,-1,359.1999999820441,2873.599999856353,,False,sl,599.0,-0.35919999998204005,0.07950765251968443,-0.4387076525017245,0.001,vwap_initial,-1,79274.57658903328,178.25310220041086,0.2999999999999764,0.3,3600
2025-04,303,856799,857451,2025-04-11T01:22:22+00:00,2025-04-11T01:33:18+00:00,79363.70314013348,79722.90314011552,-1,359.1999999820441,2873.599999856353,,False,sl,656.0,-0.35919999998204005,0.0795433031401245,-0.4387433031221646,0.001,vwap_initial,-1,79274.57658903328,178.25310220041086,0.49999999999996064,0.5,3600
2025-04,304,856799,857463,2025-04-11T01:22:22+00:00,2025-04-11T01:33:30+00:00,79399.35376057358,79758.55376055562,-1,359.1999999820441,2873.599999856353,,False,sl,668.0,-0.35919999998204005,0.07957895376056459,-0.43877895374260467,0.001,vwap_initial,-1,79274.57658903328,178.25310220041086,0.7000000000000265,0.7,3600
2025-04,306,857274,857465,2025-04-11T01:30:21+00:00,2025-04-11T01:33:32+00:00,79541.9562423339,79788.36424231337,-1,246.4079999794811,1971.2639998358488,,False,sl,191.0,-0.24640799997947763,0.07966516024232363,-0.3260731602218013,0.001,vwap_initial,-1,79271.9539295761,177.51532556305986,1.5210084644881734,1.5,3600
2025-04,307,857289,857467,2025-04-11T01:30:36+00:00,2025-04-11T01:33:34+00:00,79553.2108858806,79796.20288586,-1,242.99199997939172,1943.9359998351338,,False,sl,178.0,-0.24299199997939286,0.0796747068858703,-0.32266670686526316,0.001,vwap_initial,-1,79272.12377559383,177.93104523272777,1.579753043765439,0.3,3600
2025-04,305,856799,857473,2025-04-11T01:22:22+00:00,2025-04-11T01:33:40+00:00,79452.8296912337,79812.02969121574,-1,359.1999999820441,2873.599999856353,,False,sl,678.0,-0.35919999998204005,0.07963242969122472,-0.43883242967326475,0.001,vwap_initial,-1,79274.57658903328,178.25310220041086,1.0000000000000029,1.0,3600
2025-04,308,857298,857475,2025-04-11T01:30:45+00:00,2025-04-11T01:33:42+00:00,79598.30716095216,79841.1871609316,-1,242.87999997943638,1943.039999835491,,False,sl,177.0,-0.24287999997944282,0.07971974716094189,-0.3225997471403847,0.001,vwap_initial,-1,79272.42259530905,178.28793435720118,1.8278554116297938,0.5,3600
2025-04,309,857387,858309,2025-04-11T01:32:14+00:00,2025-04-11T01:47:42+00:00,79643.4034360237,79889.79543600294,-1,246.39199997924268,1971.1359998339415,,False,sl,928.0,-0.24639199997924152,0.07976659943601333,-0.3261585994152548,0.001,vwap_initial,-1,79279.22449009225,183.66843173727202,1.9828064218046173,0.7,3600
2025-04,310,857411,858315,2025-04-11T01:32:38+00:00,2025-04-11T01:47:48+00:00,79711.04784863102,79963.56784861053,-1,252.5199999795109,2020.1599998360873,,False,sl,910.0,-0.25251999997951496,0.07983730784862078,-0.3323573078281358,0.001,vwap_initial,-1,79282.19148256489,188.84986483725604,2.2708852158072976,1.0,3600
2025-04,289,853162,858512,2025-04-11T00:21:08+00:00,2025-04-11T01:51:05+00:00,79564.6689326673,80062.82093265429,-1,498.1519999869913,3985.2159998959305,,False,sl,5397.0,-0.49815199998699244,0.0798137449326608,-0.5779657449196532,0.001,vwap_initial,-1,79538.82975520106,85.11931235933916,0.3035642176847947,0.3,3600
2025-04,290,853162,858512,2025-04-11T00:21:08+00:00,2025-04-11T01:51:05+00:00,79581.74969906648,80079.90169905347,-1,498.1519999869913,3985.2159998959305,,False,sl,5397.0,-0.49815199998699244,0.07983082569905997,-0.5779828256860524,0.001,vwap_initial,-1,79538.82975520106,85.11931235933916,0.5042327372691542,0.5,3600
2025-04,291,853164,858512,2025-04-11T00:21:10+00:00,2025-04-11T01:51:05+00:00,79598.83046546565,80096.35046545269,-1,497.51999998703593,3980.1599998962874,,False,sl,5395.0,-0.49751999998703833,0.07984759046545918,-0.5773675904524975,0.001,vwap_initial,-1,79538.86864905916,85.11221835514282,0.7045030380513578,0.7,3600
2025-04,311,857473,858512,2025-04-11T01:33:40+00:00,2025-04-11T01:51:05+00:00,79823.78853630989,80095.06853628985,-1,271.27999997995795,2170.2399998396636,,False,sl,1045.0,-0.27127999997996083,0.07995942853629988,-0.3512394285162607,0.001,vwap_initial,-1,79295.86039840015,205.07533827171983,2.574313139546041,1.5,3600
2025-04,275,829567,858513,2025-04-10T17:41:35+00:00,2025-04-11T01:51:06+00:00,79192.19952549222,80147.01552548843,-1,954.815999996215,7638.52799996972,,False,sl,29371.0,-0.9548159999962081,0.07966960752549034,-1.0344856075216984,0.001,vwap_inversion_flip,1,79112.25360908739,266.5542949522057,0.2999235724907973,0.3,3600
2025-04,282,831625,858513,2025-04-10T18:15:54+00:00,2025-04-11T01:51:06+00:00,79306.84506284518,80152.6370628385,-1,845.7919999933243,6766.335999946595,,False,sl,27312.0,-0.845791999993322,0.07972974106284184,-0.9255217410561638,0.001,vwap_inversion_flip,1,79246.75812681695,221.58586777618723,0.27116772667527916,0.3,3600
2025-04,283,831625,858513,2025-04-10T18:15:54+00:00,2025-04-11T01:51:06+00:00,79306.9414250617,80152.73342505502,-1,845.7919999933243,6766.335999946595,79300.5,True,soft_sl,27312.0,-0.845791999993322,0.07972983742505836,-0.9255218374183803,0.001,vwap_initial,-1,79246.75812681695,221.58586777618723,0.271602601956278,0.3,3600
2025-04,276,829636,858515,2025-04-10T17:42:44+00:00,2025-04-11T01:51:08+00:00,79245.49253676218,80203.87653675792,-1,958.3839999957383,7667.071999965907,,False,sl,29304.0,-0.9583839999957418,0.07972468453676006,-1.0381086845325018,0.001,vwap_inversion_flip,1,79111.91210419797,267.0925030537641,0.5001279745291854,0.5,3600
2025-04,277,829709,858515,2025-04-10T17:43:57+00:00,2025-04-11T01:51:08+00:00,79298.78554803215,80242.71354802734,-1,943.9279999952018,7551.423999961615,,False,sl,29231.0,-0.9439279999951977,0.07977074954802975,-1.0236987495432275,0.001,vwap_inversion_flip,1,79112.1967899709,267.38121825127644,0.6978379382126116,0.7,3600
2025-04,285,831710,858515,2025-04-10T18:17:19+00:00,2025-04-11T01:51:08+00:00,79353.69300255836,80201.62100255214,-1,847.9279999937862,6783.42399995029,,False,sl,27229.0,-0.8479279999937862,0.07977765700255526,-0.9277056569963414,0.001,vwap_inversion_flip,1,79260.06893289302,207.84240528023622,0.45045701592562876,0.5,3600
2025-04,286,831733,858515,2025-04-10T18:17:42+00:00,2025-04-11T01:51:08+00:00,79400.54094227153,80250.80494226525,-1,850.2639999937265,6802.111999949812,,False,sl,27206.0,-0.8502639999937237,0.0798256729422684,-0.9300896729359921,0.001,vwap_inversion_flip,1,79264.98249751776,203.1586020854478,0.6672542701231722,0.7,3600
2025-04,268,828627,858581,2025-04-10T17:25:55+00:00,2025-04-11T01:52:14+00:00,79142.65385328274,80269.30985327889,-1,1126.6559999961405,9013.247999969124,,False,sl,30379.0,-1.1266559999961465,0.07970598185328082,-1.2063619818494273,0.001,vwap_inversion_flip,1,79104.19359478765,263.7700075650596,0.14580982443807744,0.3,3600
2025-04,269,828711,858589,2025-04-10T17:27:19+00:00,2025-04-11T01:52:22+00:00,79200.45036492552,80299.81836492132,-1,1099.3679999957978,8794.943999966383,,False,sl,30303.0,-1.0993679999957968,0.07975013436492343,-1.1791181343607202,0.001,vwap_inversion_flip,1,79111.61685972808,259.41578167334836,0.34243678092530333,0.5,3600
2025-04,270,829093,858589,2025-04-10T17:33:41+00:00,2025-04-11T01:52:22+00:00,79258.24687656829,80288.29487656393,-1,1030.047999995649,8240.383999965192,,False,sl,29921.0,-1.0300479999956442,0.07977327087656612,-1.1098212708722104,0.001,vwap_inversion_flip,1,79130.84572825923,260.5888543651797,0.4888971503382977,0.7,3600
2025-04,273,829330,858589,2025-04-10T17:37:38+00:00,2025-04-11T01:52:22+00:00,79344.94164403244,80339.71764402806,-1,994.775999995619,7958.207999964952,,False,sl,29684.0,-0.9947759999956179,0.07984232964403026,-1.074618329639648,0.001,vwap_inversion_flip,1,79121.4895526776,265.16992725917623,0.8426750863662088,1.0,3600
2025-04,278,829778,858589,2025-04-10T17:45:06+00:00,2025-04-11T01:52:22+00:00,79378.7250649371,80329.82106493256,-1,951.09599999547,7608.76799996376,,False,sl,29236.0,-0.9510959999954648,0.07985427306493482,-1.0309502730603997,0.001,vwap_inversion_flip,1,79115.34861682937,269.96717664382675,0.9755869264625501,1.0,3600
2025-04,287,831907,858589,2025-04-10T18:20:36+00:00,2025-04-11T01:52:22+00:00,79470.81285184129,80333.7808518353,-1,862.9679999940098,6903.743999952078,,False,sl,27106.0,-0.8629679999940126,0.0799022968518383,-0.9428702968458509,0.001,vwap_inversion_flip,1,79291.9111032818,185.62324155923184,0.9637895936775477,1.0,3600
2025-04,281,830871,858955,2025-04-10T18:03:20+00:00,2025-04-11T01:58:28+00:00,79511.957593112,80368.06159310581,-1,856.103999993801,6848.831999950408,,False,sl,28508.0,-0.8561039999938075,0.0799400095931089,-0.9360440095869164,0.001,vwap_inversion_flip,1,79057.21320746727,232.6254214353294,1.9548353006257988,1.5,3600
2025-04,288,831935,859049,2025-04-10T18:21:04+00:00,2025-04-11T02:00:02+00:00,79587.93270112423,80441.91670111817,-1,853.9839999939502,6831.8719999516015,,False,sl,27538.0,-0.8539839999939431,0.0800149247011212,-0.9339989246950644,0.001,vwap_inversion_flip,1,79297.28835968145,184.7827698189202,1.5728974174789003,1.5,3600
2025-04,315,859199,859204,2025-04-11T02:02:32+00:00,2025-04-11T02:02:37+00:00,79734.37063481126,80270.32263479661,-1,535.9519999853521,4287.615999882817,,False,sl,5.0,-0.535951999985351,0.08000234663480395,-0.615954346620155,0.001,vwap_initial,-1,79871.83924277077,398.99448899883436,0.0,0.3,3600
2025-04,316,859199,860195,2025-04-11T02:02:32+00:00,2025-04-11T02:19:09+00:00,79805.10801444753,80341.06001443288,-1,535.9519999853521,4287.615999882817,,False,sl,997.0,-0.535951999985351,0.0800730840144402,-0.6160250839997913,0.001,vwap_initial,-1,79871.83924277077,398.99448899883436,0.0,0.5,3600
2025-04,317,859199,860377,2025-04-11T02:02:32+00:00,2025-04-11T02:22:12+00:00,79875.8453940838,80411.79739406914,-1,535.9519999853521,4287.615999882817,,False,sl,1180.0,-0.535951999985351,0.08014382139407647,-0.6160958213794275,0.001,vwap_initial,-1,79871.83924277077,398.99448899883436,0.010040618162603458,0.7,3600
2025-04,312,859199,860472,2025-04-11T02:02:32+00:00,2025-04-11T02:23:47+00:00,79991.53758947042,80527.48958945577,-1,535.9519999853521,4287.615999882817,,False,sl,1275.0,-0.535951999985351,0.0802595135894631,-0.6162115135748141,0.001,vwap_initial,-1,79871.83924277077,398.99448899883436,0.2999999999999897,0.3,3600
2025-04,318,859199,860472,2025-04-11T02:02:32+00:00,2025-04-11T02:23:47+00:00,79981.95146353818,80517.90346352353,-1,535.9519999853521,4287.615999882817,,False,sl,1275.0,-0.535951999985351,0.08024992746353085,-0.6162019274488819,0.001,vwap_initial,-1,79871.83924277077,398.99448899883436,0.2759742898797956,1.0,3600
2025-04,313,859199,860583,2025-04-11T02:02:32+00:00,2025-04-11T02:25:38+00:00,80071.3364872702,80607.28848725554,-1,535.9519999853521,4287.615999882817,,False,sl,1386.0,-0.535951999985351,0.08033931248726288,-0.6162913124726139,0.001,vwap_initial,-1,79871.83924277077,398.99448899883436,0.5000000000000072,0.5,3600
2025-04,314,859199,860612,2025-04-11T02:02:32+00:00,2025-04-11T02:26:07+00:00,80151.13538506995,80687.0873850553,-1,535.9519999853521,4287.615999882817,,False,sl,1415.0,-0.535951999985351,0.08041911138506264,-0.6163711113704137,0.001,vwap_initial,-1,79871.83924277077,398.99448899883436,0.6999999999999882,0.7,3600
2025-04,319,859199,860612,2025-04-11T02:02:32+00:00,2025-04-11T02:26:07+00:00,80158.79491262883,80694.74691261418,-1,535.9519999853521,4287.615999882817,,False,sl,1415.0,-0.535951999985351,0.08042677091262151,-0.6163787708979725,0.001,vwap_initial,-1,79871.83924277077,398.99448899883436,0.7191970760751402,1.5,3600
2025-04,329,863798,863798,2025-04-11T03:19:19+00:00,2025-04-11T03:19:19+00:00,80043.76138026665,80414.96138025107,-1,371.1999999844283,2969.5999998754264,,False,sl,0.0,-0.37119999998442654,0.08022936138025887,-0.4514293613646854,0.001,vwap_inversion_flip,1,80511.77472179577,137.75209391819226,0.0,0.3,3600
2025-04,330,863798,863798,2025-04-11T03:19:19+00:00,2025-04-11T03:19:19+00:00,80146.16649812988,80517.36649811431,-1,371.1999999844283,2969.5999998754264,,False,sl,0.0,-0.37119999998442654,0.08033176649812211,-0.45153176648254867,0.001,vwap_inversion_flip,1,80511.77472179577,137.75209391819226,0.0,0.5,3600
2025-04,331,863798,863798,2025-04-11T03:19:19+00:00,2025-04-11T03:19:19+00:00,80248.57161599312,80619.77161597754,-1,371.1999999844283,2969.5999998754264,,False,sl,0.0,-0.37119999998442654,0.08043417161598533,-0.45163417160041186,0.001,vwap_inversion_flip,1,80511.77472179577,137.75209391819226,0.0,0.7,3600
2025-04,332,863798,865287,2025-04-11T03:19:19+00:00,2025-04-11T03:44:13+00:00,80402.17929278799,80773.37929277241,-1,371.1999999844283,2969.5999998754264,,False,sl,1494.0,-0.37119999998442654,0.08058777929278022,-0.45178777927720676,0.001,vwap_inversion_flip,1,80511.77472179577,137.75209391819226,0.0,1.0,3600
2025-04,320,859204,865949,2025-04-11T02:02:37+00:00,2025-04-11T03:55:19+00:00,80270.83373176961,80809.81773175493,-1,538.9839999853075,4311.87199988246,80339.1,True,soft_sl,6762.0,-0.5389839999853139,0.08054032573176229,-0.6195243257170762,0.001,vwap_initial,-1,79875.55951526602,398.39469899771996,0.9921673594001587,1.0,3600
2025-04,321,860470,867048,2025-04-11T02:23:45+00:00,2025-04-11T04:13:38+00:00,80470.33097626902,80869.45897625296,-1,399.12799998395144,3193.0239998716115,80339.1,True,soft_sl,6593.0,-0.3991279999839462,0.080669894976261,-0.4797978949602072,0.001,vwap_initial,-1,80109.09376380636,253.49985151442317,1.4249997004124608,1.5,3600
2025-04,326,863798,867129,2025-04-11T03:19:19+00:00,2025-04-11T04:14:59+00:00,80553.0018510606,80924.20185104503,-1,371.1999999844283,2969.5999998754264,,False,sl,3340.0,-0.37119999998442654,0.0807386018510528,-0.45193860183547935,0.001,vwap_inversion_flip,1,80511.77472179577,137.75209391819226,0.29928495525679905,0.3,3600
2025-04,327,863798,867158,2025-04-11T03:19:19+00:00,2025-04-11T04:15:28+00:00,80580.55543859614,80951.75543858057,-1,371.1999999844283,2969.5999998754264,,False,sl,3369.0,-0.37119999998442654,0.08076615543858835,-0.4519661554230149,0.001,vwap_inversion_flip,1,80511.77472179577,137.75209391819226,0.49930795855071025,0.5,3600
2025-04,328,863798,867159,2025-04-11T03:19:19+00:00,2025-04-11T04:15:29+00:00,80608.10902613167,80979.3090261161,-1,371.1999999844283,2969.5999998754264,,False,sl,3370.0,-0.37119999998442654,0.0807937090261239,-0.45199370901055047,0.001,vwap_inversion_flip,1,80511.77472179577,137.75209391819226,0.6993309618445158,0.7,3600
2025-04,335,865225,867974,2025-04-11T03:43:11+00:00,2025-04-11T04:29:05+00:00,80718.32337627381,80995.64337625548,-1,277.3199999816716,2218.5599998533726,,False,sl,2754.0,-0.27731999998167156,0.08085698337626465,-0.35817698335793624,0.001,vwap_inversion_flip,1,80479.634510447,118.74562064385735,2.010085631222491,1.5,3600
2025-04,333,864064,868034,2025-04-11T03:23:46+00:00,2025-04-11T04:30:05+00:00,80649.43940743498,81001.76740741864,-1,352.32799998365346,2818.6239998692276,,False,sl,3979.0,-0.3523279999836523,0.08082560340742681,-0.4331536033910791,0.001,vwap_inversion_flip,1,80527.65386935006,134.36794674958068,0.9063585552281387,1.0,3600
2025-04,334,864065,868034,2025-04-11T03:23:47+00:00,2025-04-11T04:30:05+00:00,80658.19208744609,81010.68008742975,-1,352.4879999836534,2819.9039998692274,,False,sl,3978.0,-0.35248799998365576,0.08083443608743793,-0.43332243607109366,0.001,vwap_inversion_flip,1,80527.66617673935,134.36841919908824,0.9714031874807173,1.5,3600
2025-04,341,870986,871683,2025-04-11T05:19:24+00:00,2025-04-11T05:31:06+00:00,80555.83884261094,80848.03884259299,-1,292.1999999820441,2337.599999856353,,False,sl,702.0,-0.29219999998204005,0.08070193884260196,-0.372901938824642,0.001,vwap_inversion_flip,1,80742.76511920772,160.15652275202982,0.0,0.3,3600
2025-04,349,871859,873175,2025-04-11T05:34:02+00:00,2025-04-11T05:56:20+00:00,80587.67282388086,80782.58482385846,-1,194.91199997760356,1559.2959998208285,,False,sl,1338.0,-0.19491199997760122,0.08068512882386966,-0.2755971288014709,0.001,vwap_initial,-1,80673.53983169573,115.4260383161633,0.0,0.3,3600
2025-04,350,871859,873397,2025-04-11T05:34:02+00:00,2025-04-11T06:00:02+00:00,80647.3801251376,80842.2921251152,-1,194.91199997760356,1559.2959998208285,,False,sl,1560.0,-0.19491199997760122,0.0807448361251264,-0.2756568361027276,0.001,vwap_initial,-1,80673.53983169573,115.4260383161633,0.0,0.5,3600
2025-04,342,871254,873421,2025-04-11T05:23:53+00:00,2025-04-11T06:00:26+00:00,80625.75870706311,80898.710707044,-1,272.9519999808818,2183.6159998470544,,False,sl,2193.0,-0.27295199998088354,0.08076223470705356,-0.3537142346879371,0.001,vwap_inversion_flip,1,80729.84700374154,163.44526706087277,0.0,0.5,3600
2025-04,347,871859,873425,2025-04-11T05:34:02+00:00,2025-04-11T06:00:30+00:00,80708.16764319058,80903.07964316818,-1,194.91199997760356,1559.2959998208285,,False,sl,1588.0,-0.19491199997760122,0.08080562364317939,-0.2757176236207806,0.001,vwap_initial,-1,80673.53983169573,115.4260383161633,0.3000000000000166,0.3,3600
2025-04,351,871859,873425,2025-04-11T05:34:02+00:00,2025-04-11T06:00:30+00:00,80707.08742639436,80901.99942637196,-1,194.91199997760356,1559.2959998208285,,False,sl,1588.0,-0.19491199997760122,0.08080454342638316,-0.2757165434039844,0.001,vwap_initial,-1,80673.53983169573,115.4260383161633,0.29064148079600577,0.7,3600
2025-04,348,871859,873426,2025-04-11T05:34:02+00:00,2025-04-11T06:00:31+00:00,80731.25285085381,80926.16485083141,-1,194.91199997760356,1559.2959998208285,,False,sl,1589.0,-0.19491199997760122,0.08082870885084262,-0.2757407088284438,0.001,vwap_initial,-1,80673.53983169573,115.4260383161633,0.4999999999999856,0.5,3600
2025-04,343,871401,873513,2025-04-11T05:26:22+00:00,2025-04-11T06:01:58+00:00,80695.67857151528,80940.43857149495,-1,244.75999997965988,1958.079999837279,,False,sl,2136.0,-0.24475999997966574,0.08081805857150512,-0.32557805855117083,0.001,vwap_inversion_flip,1,80723.94106832775,162.2225341249741,0.0,0.7,3600
2025-04,352,871860,873513,2025-04-11T05:34:03+00:00,2025-04-11T06:01:58+00:00,80754.33805851704,80949.29005849465,-1,194.95199997760358,1559.6159998208286,,False,sl,1675.0,-0.19495199997760937,0.08085181405850583,-0.2758038140361152,0.001,vwap_initial,-1,80673.56317610345,115.41921686389011,0.6998391135234217,0.7,3600
2025-04,344,871629,873751,2025-04-11T05:30:12+00:00,2025-04-11T06:05:56+00:00,80791.0793717561,81002.55137173408,-1,211.47199997797605,1691.7759998238084,,False,sl,2144.0,-0.21147199997797725,0.08089681537174509,-0.29236881534972237,0.001,vwap_inversion_flip,1,80705.99215788624,150.02378666654084,0.5671581537865427,0.3,3600
2025-04,345,871668,873751,2025-04-11T05:30:51+00:00,2025-04-11T06:05:56+00:00,80800.55836819354,81007.88636817122,-1,207.32799997769297,1658.6239998215437,,False,sl,2105.0,-0.20732799997768597,0.08090422236818239,-0.28823222234586837,0.001,vwap_inversion_flip,1,80682.78293567055,126.40548531687213,0.9317272286701194,1.0,3600
2025-04,354,873286,873751,2025-04-11T05:58:11+00:00,2025-04-11T06:05:56+00:00,80796.64837827947,81016.75237826053,-1,220.10399998106064,1760.831999848485,,False,sl,465.0,-0.22010399998106003,0.08090670037827001,-0.30101070035933003,0.001,vwap_initial,-1,80639.66771641212,98.74026466488311,1.5898343234153445,1.0,3600
2025-04,346,871678,873780,2025-04-11T05:31:01+00:00,2025-04-11T06:06:25+00:00,80823.08816066093,81028.9041606386,-1,205.81599997766313,1646.527999821305,,False,sl,2124.0,-0.20581599997766897,0.08092599616064977,-0.28674199613831874,0.001,vwap_inversion_flip,1,80681.62851452788,125.29474913161603,1.1290149596329426,0.5,3600
2025-04,353,873175,873780,2025-04-11T05:56:20+00:00,2025-04-11T06:06:25+00:00,80788.96587001189,81029.20586999363,-1,240.2399999817461,1921.9199998539689,,False,sl,605.0,-0.24023999998174259,0.08090908587000276,-0.32114908585174534,0.001,vwap_initial,-1,80640.85865836144,101.40806182336337,1.4605072711914182,1.0,3600
2025-04,355,873405,873781,2025-04-11T06:00:10+00:00,2025-04-11T06:06:26+00:00,80846.67888916997,81064.17488915098,-1,217.49599998101593,1739.9679998481274,,False,sl,376.0,-0.21749599998100894,0.08095542688916048,-0.2984514268701694,0.001,vwap_initial,-1,80641.64314472645,98.96575198857546,2.0717848379224204,1.5,3600
2025-04,356,873513,876175,2025-04-11T06:01:58+00:00,2025-04-11T06:46:26+00:00,80945.91663142135,81176.5246314024,-1,230.60799998104574,1844.863999848366,,False,sl,2668.0,-0.2306079999810463,0.08106122063141188,-0.31166922061245816,0.001,vwap_initial,-1,80649.92614333075,110.83405174842038,2.6705735594910665,1.5,3600
2025-04,357,878879,880672,2025-04-11T07:31:39+00:00,2025-04-11T08:01:35+00:00,81012.35158956514,80791.51158958548,1,220.83999997965992,1766.7199998372794,,False,sl,1796.0,-0.22083999997965292,0.08090193158957532,-0.30174193156922824,0.001,vwap_initial,1,81048.21412798217,119.54179472345186,0.2999999999999536,0.3,3600
2025-04,358,878879,880676,2025-04-11T07:31:39+00:00,2025-04-11T08:01:39+00:00,80988.44323062044,80767.60323064079,1,220.83999997965992,1766.7199998372794,,False,sl,1800.0,-0.22083999997965292,0.08087802323063062,-0.3017180232102835,0.001,vwap_initial,1,81048.21412798217,119.54179472345186,0.5000000000000038,0.5,3600
2025-04,359,878879,880695,2025-04-11T07:31:39+00:00,2025-04-11T08:01:58+00:00,80964.53487167574,80743.69487169609,1,220.83999997965992,1766.7199998372794,,False,sl,1819.0,-0.22083999997965292,0.08085411487168592,-0.30169411485133885,0.001,vwap_initial,1,81048.21412798217,119.54179472345186,0.700000000000054,0.7,3600
2025-04,360,878879,880697,2025-04-11T07:31:39+00:00,2025-04-11T08:02:00+00:00,80928.67233325871,80707.83233327906,1,220.83999997965992,1766.7199998372794,,False,sl,1821.0,-0.22083999997965292,0.08081825233326889,-0.3016582523129218,0.001,vwap_initial,1,81048.21412798217,119.54179472345186,1.0000000000000075,1.0,3600
2025-04,372,880786,880908,2025-04-11T08:03:29+00:00,2025-04-11T08:05:31+00:00,81008.33204546364,81523.26804544541,-1,514.935999981761,4119.487999854088,,False,sl,122.0,-0.514935999981768,0.08126580004545453,-0.5962018000272225,0.001,vwap_inversion_flip,1,81063.51238627454,192.04200246297415,0.0,0.3,3600
2025-04,373,880786,880910,2025-04-11T08:03:29+00:00,2025-04-11T08:05:33+00:00,81052.58675916419,81567.52275914596,-1,514.935999981761,4119.487999854088,,False,sl,124.0,-0.514935999981768,0.08131005475915508,-0.5962460547409231,0.001,vwap_inversion_flip,1,81063.51238627454,192.04200246297415,0.0,0.5,3600
2025-04,374,880786,880912,2025-04-11T08:03:29+00:00,2025-04-11T08:05:35+00:00,81096.84147286472,81611.77747284649,-1,514.935999981761,4119.487999854088,,False,sl,126.0,-0.514935999981768,0.0813543094728556,-0.5962903094546236,0.001,vwap_inversion_flip,1,81063.51238627454,192.04200246297415,0.17355102614390733,0.7,3600
2025-04,375,880874,880913,2025-04-11T08:04:57+00:00,2025-04-11T08:05:36+00:00,81137.1570969054,81718.58909688778,-1,581.431999982372,4651.455999858976,,False,sl,39.0,-0.5814319999823784,0.0814278730968966,-0.662859873079275,0.001,vwap_inversion_flip,1,81062.70176140989,187.5768292370657,0.396932477205989,0.3,3600
2025-04,376,880875,880913,2025-04-11T08:04:58+00:00,2025-04-11T08:05:36+00:00,81163.22354341552,81746.6555433979,-1,583.431999982372,4667.455999858976,,False,sl,38.0,-0.5834319999823784,0.08145493954340671,-0.664886939525785,0.001,vwap_inversion_flip,1,81062.89219533843,187.47668593435603,0.5351670666517914,1.0,3600
2025-04,377,880880,880913,2025-04-11T08:05:03+00:00,2025-04-11T08:05:36+00:00,81176.51213793972,81761.15213792206,-1,584.639999982342,4677.119999858736,,False,sl,33.0,-0.584639999982348,0.0814688321379309,-0.6661088321202788,0.001,vwap_inversion_flip,1,81063.18283432382,187.30263124872755,0.6050598587982787,0.5,3600
2025-04,378,880881,880913,2025-04-11T08:05:04+00:00,2025-04-11T08:05:36+00:00,81215.86717897403,81802.64317895632,-1,586.7759999822825,4694.20799985826,,False,sl,32.0,-0.5867759999822884,0.08150925517896518,-0.6682852551612535,0.001,vwap_inversion_flip,1,81065.627793469,186.82528688622077,0.8041705060864174,0.7,3600
2025-04,379,880885,880965,2025-04-11T08:05:08+00:00,2025-04-11T08:06:28+00:00,81274.89974052549,81866.42774050795,-1,591.5279999824613,4732.223999859691,,False,sl,80.0,-0.5915279999824561,0.08157066374051673,-0.6730986637229728,0.001,vwap_inversion_flip,1,81067.2681235424,186.8901681421446,1.1109820224741676,1.0,3600
2025-04,380,880885,880965,2025-04-11T08:05:08+00:00,2025-04-11T08:06:28+00:00,81273.86032766686,81865.38832764931,-1,591.5279999824613,4732.223999859691,,False,sl,80.0,-0.5915279999824561,0.08156962432765809,-0.6730976243101142,0.001,vwap_inversion_flip,1,81067.2681235424,186.8901681421446,1.1054203983985582,1.5,3600
2025-04,383,883559,885575,2025-04-11T08:49:42+00:00,2025-04-11T09:23:20+00:00,81273.97664114117,81718.8486411263,-1,444.8719999851286,3558.9759998810287,,False,sl,2018.0,-0.444871999985131,0.08149641264113373,-0.5263684126262648,0.001,vwap_initial,-1,81366.12333335762,289.2899965296592,0.0,0.3,3600
2025-04,384,883559,885705,2025-04-11T08:49:42+00:00,2025-04-11T09:25:30+00:00,81342.0557347149,81786.92773470003,-1,444.8719999851286,3558.9759998810287,,False,sl,2148.0,-0.444871999985131,0.08156449173470748,-0.5264364917198385,0.001,vwap_initial,-1,81366.12333335762,289.2899965296592,0.0,0.5,3600
2025-04,385,883559,885719,2025-04-11T08:49:42+00:00,2025-04-11T09:25:44+00:00,81410.13482828865,81855.00682827378,-1,444.8719999851286,3558.9759998810287,,False,sl,2162.0,-0.444871999985131,0.08163257082828122,-0.5265045708134122,0.001,vwap_initial,-1,81366.12333335762,289.2899965296592,0.15213624895083613,0.7,3600
2025-04,382,883559,885725,2025-04-11T08:49:42+00:00,2025-04-11T09:25:50+00:00,81452.91033231652,81897.78233230165,-1,444.8719999851286,3558.9759998810287,,False,sl,2168.0,-0.444871999985131,0.08167534633230909,-0.52654734631744,0.001,vwap_initial,-1,81366.12333335762,289.2899965296592,0.2999999999999884,0.3,3600
2025-04,381,880904,885820,2025-04-11T08:05:27+00:00,2025-04-11T09:27:25+00:00,81373.28734311128,81993.01534309382,-1,619.7279999825358,4957.823999860287,,False,sl,4918.0,-0.6197279999825405,0.08168315134310256,-0.701411151325643,0.001,vwap_inversion_flip,1,81086.63528767695,198.5349056840357,1.4438370645539311,1.5,3600
2025-04,386,883564,885820,2025-04-11T08:49:47+00:00,2025-04-11T09:27:25+00:00,81510.76833162246,81956.31233160761,-1,445.5439999851584,3564.351999881267,,False,sl,2258.0,-0.4455439999851515,0.08173354033161503,-0.5272775403167665,0.001,vwap_initial,-1,81366.16740280206,289.2999339039433,0.49983049380303424,0.5,3600
2025-04,387,883564,885820,2025-04-11T08:49:47+00:00,2025-04-11T09:27:25+00:00,81512.25346864926,81957.79746863441,-1,445.5439999851584,3564.351999881267,,False,sl,2258.0,-0.4455439999851515,0.08173502546864184,-0.5272790254537933,0.001,vwap_initial,-1,81366.16740280206,289.2999339039433,0.5049640484733017,1.0,3600
2025-04,388,883581,885832,2025-04-11T08:50:04+00:00,2025-04-11T09:27:37+00:00,81568.62633092838,82022.45833091396,-1,453.8319999855757,3630.6559998846055,,False,sl,2253.0,-0.45383199998557394,0.08179554233092116,-0.5356275423164951,0.001,vwap_initial,-1,81366.99531824113,289.1292100147255,0.6973733739215996,0.7,3600
2025-04,244,813961,887470,2025-04-10T13:21:28+00:00,2025-04-11T09:54:55+00:00,81901.62489300851,82368.60089299378,-1,466.9759999852627,3735.8079998821017,81534.5,True,soft_sl,74007.0,-0.46697599998526856,0.08213511289300116,-0.5491111128782697,0.001,vwap_initial,-1,81901.76578621239,280.67022625578574,0.0,0.3,3600
2025-04,325,862548,888884,2025-04-11T02:58:24+00:00,2025-04-11T10:18:29+00:00,80253.96663856079,82551.18263841857,1,287.15199998222295,2297.2159998577836,,False,tp,26405.0,2.2972159998577846,0.08140257463848968,2.2158134252192947,0.001,vwap_inversion_flip,-1,80437.97473351692,178.09770497504363,1.0331862220342622,1.0,3600
2025-04,324,862408,888974,2025-04-11T02:56:04+00:00,2025-04-11T10:19:59+00:00,80307.91525271081,82698.69925257408,1,298.84799998290833,2390.7839998632667,,False,tp,26635.0,2.39078399986327,0.08150330725264245,2.3092806926106273,0.001,vwap_inversion_flip,-1,80433.78863878398,179.81025527064006,0.700034521855921,0.7,3600
2025-04,323,862408,888980,2025-04-11T02:56:04+00:00,2025-04-11T10:20:05+00:00,80343.88099547748,82734.66499534075,1,298.84799998290833,2390.7839998632667,,False,tp,26641.0,2.39078399986327,0.08153927299540913,2.3092447268678606,0.001,vwap_inversion_flip,-1,80433.78863878398,179.81025527064006,0.5000139906991502,0.5,3600
2025-04,322,862408,889010,2025-04-11T02:56:04+00:00,2025-04-11T10:20:35+00:00,80379.84673824416,82770.63073810743,1,298.84799998290833,2390.7839998632667,,False,tp,26671.0,2.39078399986327,0.0815752387381758,2.309208761125094,0.001,vwap_inversion_flip,-1,80433.78863878398,179.81025527064006,0.29999345954229845,0.3,3600
2025-04,394,889171,889171,2025-04-11T10:23:16+00:00,2025-04-11T10:23:16+00:00,81774.18406629328,82263.92806627859,-1,489.7439999853074,3917.9519998824594,,False,sl,0.0,-0.48974399998530865,0.08201905606628594,-0.5717630560515946,0.001,vwap_inversion_flip,1,82266.37872051718,254.83321364588988,0.0,0.3,3600
2025-04,395,889171,889171,2025-04-11T10:23:16+00:00,2025-04-11T10:23:16+00:00,81877.9892580782,82367.73325806351,-1,489.7439999853074,3917.9519998824594,,False,sl,0.0,-0.48974399998530865,0.08212286125807086,-0.5718668612433795,0.001,vwap_inversion_flip,1,82266.37872051718,254.83321364588988,0.0,0.5,3600
2025-04,396,889171,889171,2025-04-11T10:23:16+00:00,2025-04-11T10:23:16+00:00,81981.79444986311,82471.53844984842,-1,489.7439999853074,3917.9519998824594,,False,sl,0.0,-0.48974399998530865,0.08222666644985577,-0.5719706664351645,0.001,vwap_inversion_flip,1,82266.37872051718,254.83321364588988,0.0,0.7,3600
2025-04,397,889171,889171,2025-04-11T10:23:16+00:00,2025-04-11T10:23:16+00:00,82137.5022375405,82627.2462375258,-1,489.7439999853074,3917.9519998824594,,False,sl,0.0,-0.48974399998530865,0.08238237423753315,-0.5721263742228418,0.001,vwap_inversion_flip,1,82266.37872051718,254.83321364588988,0.0,1.0,3600
2025-04,340,870905,889781,2025-04-11T05:18:03+00:00,2025-04-11T10:33:26+00:00,80550.31605810176,82823.98005795907,1,284.2079999821633,2273.6639998573064,80521.4,True,tp,18923.0,2.2736639998573085,0.0816871480580304,2.191976851799278,0.001,vwap_initial,1,80749.44384767312,157.91707269023505,1.2609642908082521,1.5,3600
2025-04,389,889171,889781,2025-04-11T10:23:16+00:00,2025-04-11T10:33:26+00:00,82342.4697683052,82832.21376829052,-1,489.7439999853074,3917.9519998824594,,False,sl,610.0,-0.48974399998530865,0.08258734176829786,-0.5723313417536066,0.001,vwap_inversion_flip,1,82266.37872051718,254.83321364588988,0.29859156386796026,0.3,3600
2025-04,339,870539,889812,2025-04-11T05:11:55+00:00,2025-04-11T10:33:57+00:00,80627.76779079475,82884.791790661,1,282.1279999832809,2257.0239998662473,80521.4,True,tp,19322.0,2.257023999866244,0.08175627979072787,2.175267720075516,0.001,vwap_initial,1,80782.67125618074,154.90346538598519,1.0000000000000009,1.0,3600
2025-04,390,889171,889812,2025-04-11T10:23:16+00:00,2025-04-11T10:33:57+00:00,82393.51282255958,82883.25682254489,-1,489.7439999853074,3917.9519998824594,,False,sl,641.0,-0.48974399998530865,0.08263838482255224,-0.5723823848078609,0.001,vwap_inversion_flip,1,82266.37872051718,254.83321364588988,0.4988914130285353,0.5,3600
2025-04,398,889171,889812,2025-04-11T10:23:16+00:00,2025-04-11T10:33:57+00:00,82397.01521700279,82886.7592169881,-1,489.7439999853074,3917.9519998824594,,False,sl,641.0,-0.48974399998530865,0.08264188721699545,-0.5723858872023041,0.001,vwap_inversion_flip,1,82266.37872051718,254.83321364588988,0.512635282570086,1.5,3600
2025-04,338,870539,889892,2025-04-11T05:11:55+00:00,2025-04-11T10:35:17+00:00,80674.23883041054,82931.26283027678,1,282.1279999832809,2257.0239998662473,80521.4,True,tp,19402.0,2.257023999866244,0.08180275083034368,2.1752212490359,0.001,vwap_initial,1,80782.67125618074,154.90346538598519,0.7000000000000383,0.7,3600
2025-04,391,889171,889892,2025-04-11T10:23:16+00:00,2025-04-11T10:35:17+00:00,82444.55587681395,82934.29987679925,-1,489.7439999853074,3917.9519998824594,,False,sl,721.0,-0.48974399998530865,0.08268942787680661,-0.5724334278621153,0.001,vwap_inversion_flip,1,82266.37872051718,254.83321364588988,0.6991912621890533,0.7,3600
2025-04,399,893399,896775,2025-04-11T11:33:44+00:00,2025-04-11T12:30:02+00:00,82076.70891575038,82458.4849157308,-1,381.77599998041984,3054.2079998433587,,False,sl,3378.0,-0.3817759999804257,0.08226759691574059,-0.4640435968961663,0.001,vwap_initial,-1,82548.2173333558,190.92928866611712,0.0,0.3,3600
2025-04,400,893399,900687,2025-04-11T11:33:44+00:00,2025-04-11T13:35:15+00:00,82192.46481119833,82574.24081117875,-1,381.77599998041984,3054.2079998433587,82348.1,True,soft_sl,7291.0,-0.3817759999804257,0.08238335281118854,-0.46415935279161424,0.001,vwap_initial,-1,82548.2173333558,190.92928866611712,0.0,0.5,3600
2025-04,401,893524,900710,2025-04-11T11:35:49+00:00,2025-04-11T13:35:38+00:00,82308.22070664629,82703.55670662678,-1,395.33599998049436,3162.687999843955,82348.1,True,soft_sl,7189.0,-0.3953359999804961,0.08250588870663653,-0.4778418886871326,0.001,vwap_initial,-1,82509.48359480266,180.95908879252232,0.0,0.7,3600
2025-04,337,870539,900915,2025-04-11T05:11:55+00:00,2025-04-11T13:39:03+00:00,80705.21952348774,82962.24352335399,1,282.1279999832809,2257.0239998662473,80521.4,True,tp,30428.0,2.257023999866244,0.08183373152342087,2.175190268342823,0.001,vwap_initial,1,80782.67125618074,154.90346538598519,0.5000000000000004,0.5,3600
2025-04,336,870539,900918,2025-04-11T05:11:55+00:00,2025-04-11T13:39:06+00:00,80736.20021656495,82993.22421643119,1,282.1279999832809,2257.0239998662473,80521.4,True,tp,30431.0,2.257023999866244,0.08186471221649806,2.1751592876497456,0.001,vwap_initial,1,80782.67125618074,154.90346538598519,0.2999999999999627,0.3,3600
2025-04,392,889171,900922,2025-04-11T10:23:16+00:00,2025-04-11T13:39:10+00:00,82521.12045819551,83010.86445818082,-1,489.7439999853074,3917.9519998824594,,False,sl,11754.0,-0.48974399998530865,0.08276599245818816,-0.5725099924434969,0.001,vwap_inversion_flip,1,82266.37872051718,254.83321364588988,0.9996410359299157,1.0,3600
2025-04,393,889171,900950,2025-04-11T10:23:16+00:00,2025-04-11T13:39:38+00:00,82648.72809383145,83138.47209381676,-1,489.7439999853074,3917.9519998824594,,False,sl,11782.0,-0.48974399998530865,0.08289360009382411,-0.5726376000791328,0.001,vwap_inversion_flip,1,82266.37872051718,254.83321364588988,1.5003906588313531,1.5,3600
2025-04,407,898350,903608,2025-04-11T12:56:18+00:00,2025-04-11T14:23:56+00:00,81985.81918819445,81637.63518821287,1,348.18399998158213,2785.471999852657,,False,sl,5258.0,-0.34818399998158567,0.08181172718820366,-0.42999572716978934,0.001,vwap_inversion_flip,-1,82134.44699361749,153.00652049292415,0.9713821668790156,1.0,3600
2025-04,405,897986,903853,2025-04-11T12:50:14+00:00,2025-04-11T14:28:01+00:00,82028.92184823069,81508.03384824577,1,520.88799998492,4167.10399987936,,False,sl,5867.0,-0.520887999984916,0.08176847784823822,-0.6026564778331542,0.001,vwap_inversion_flip,-1,82127.18081351656,150.01402448233796,0.654998528470529,0.7,3600
2025-04,402,897822,903854,2025-04-11T12:47:30+00:00,2025-04-11T14:28:02+00:00,82086.39206161235,81500.35206162822,1,586.0399999841303,4688.319999873042,,False,sl,6032.0,-0.586039999984132,0.0817933720616203,-0.6678333720457523,0.001,vwap_inversion_flip,-1,82128.96362307163,149.88659251030012,0.28402514692134184,0.3,3600
2025-04,403,897822,903854,2025-04-11T12:47:30+00:00,2025-04-11T14:28:02+00:00,82086.62114601192,81500.58114602779,1,586.0399999841303,4688.319999873042,,False,sl,6032.0,-0.586039999984132,0.08179360114601986,-0.6678336011301519,0.001,vwap_inversion_flip,-1,82128.96362307163,149.88659251030012,0.282496762055586,0.3,3600
2025-04,406,897988,903854,2025-04-11T12:50:16+00:00,2025-04-11T14:28:02+00:00,82010.46275547889,81493.49475549404,1,516.9679999848455,4135.743999878764,,False,sl,5866.0,-0.516967999984845,0.08175197875548647,-0.5987199787403314,0.001,vwap_inversion_flip,-1,82127.19265855638,150.08587104501467,0.7777541101285814,0.5,3600
2025-04,404,897860,903856,2025-04-11T12:48:08+00:00,2025-04-11T14:28:04+00:00,82057.65695492152,81467.9929549371,1,589.6639999844133,4717.311999875306,,False,sl,5996.0,-0.5896639999844192,0.08176282495492931,-0.6714268249393485,0.001,vwap_inversion_flip,-1,82128.504702737,149.92140194489494,0.4725659371936945,0.5,3600
2025-04,421,906739,911558,2025-04-11T15:16:08+00:00,2025-04-11T16:36:34+00:00,81932.53653694763,82735.91253693975,-1,803.3759999921174,6427.007999936939,,False,sl,4826.0,-0.8033759999921167,0.0823342245369437,-0.8857102245290605,0.001,vwap_initial,-1,81839.8177704947,250.86860433511004,0.36959095259716174,0.3,3600
2025-04,415,905778,911645,2025-04-11T15:00:06+00:00,2025-04-11T16:38:01+00:00,82169.8036917329,82845.7476917238,-1,675.9439999908953,5407.551999927163,,False,sl,5875.0,-0.6759439999908936,0.08250777569172835,-0.7584517756826219,0.001,vwap_inversion_flip,1,82045.45220062735,403.5805774593948,0.30812060354431914,0.3,3600
2025-04,422,906946,911645,2025-04-11T15:19:35+00:00,2025-04-11T16:38:01+00:00,81985.87405196977,82814.80205196244,-1,828.9279999926687,6631.423999941349,,False,sl,4706.0,-0.8289279999926658,0.0824003380519661,-0.9113283380446319,0.001,vwap_initial,-1,81818.9162524997,229.19462405440495,0.7284542565468277,0.5,3600
2025-04,423,906991,911645,2025-04-11T15:20:20+00:00,2025-04-11T16:38:01+00:00,82039.21156699191,82819.42756698455,-1,780.2159999926389,6241.727999941111,,False,sl,4661.0,-0.7802159999926371,0.08242931956698825,-0.8626453195596254,0.001,vwap_initial,-1,81812.24356843744,225.8751046820259,1.0048384875083582,0.7,3600
2025-04,443,911204,911645,2025-04-11T16:30:40+00:00,2025-04-11T16:38:01+00:00,82397.26379690932,82803.43979689205,-1,406.17599998272954,3249.4079998618363,,False,sl,441.0,-0.4061759999827336,0.08260035179690069,-0.4887763517796343,0.001,vwap_initial,-1,82366.05457102403,154.15955669558332,0.202447558583228,0.3,3600
2025-04,444,911216,911645,2025-04-11T16:30:52+00:00,2025-04-11T16:38:01+00:00,82420.5414011016,82828.47740108425,-1,407.93599998265506,3263.4879998612405,,False,sl,429.0,-0.4079359999826556,0.08262450940109292,-0.4905605093837485,0.001,vwap_initial,-1,82368.06038023524,153.81117757479348,0.34120420696236436,0.5,3600
2025-04,445,911216,911645,2025-04-11T16:30:52+00:00,2025-04-11T16:38:01+00:00,82416.28895664315,82824.22495662581,-1,407.93599998265506,3263.4879998612405,,False,sl,429.0,-0.4079359999826556,0.0826202569566345,-0.4905562569392901,0.001,vwap_initial,-1,82368.06038023524,153.81117757479348,0.31355703251450195,0.3,3600
2025-04,446,911216,911645,2025-04-11T16:30:52+00:00,2025-04-11T16:38:01+00:00,82425.41107683115,82833.3470768138,-1,407.93599998265506,3263.4879998612405,,False,sl,429.0,-0.4079359999826556,0.0826293790768225,-0.4905653790594781,0.001,vwap_initial,-1,82368.06038023524,153.81117757479348,0.37286429699182116,0.3,3600
2025-04,447,911217,911645,2025-04-11T16:30:53+00:00,2025-04-11T16:38:01+00:00,82431.48346214357,82840.33146212625,-1,408.8479999826849,3270.783999861479,,False,sl,428.0,-0.40884799998268134,0.08263590746213491,-0.49148390744481624,0.001,vwap_initial,-1,82368.17337175811,153.8109339395429,0.4116098170910883,0.5,3600
2025-04,448,911250,911996,2025-04-11T16:31:26+00:00,2025-04-11T16:43:52+00:00,82464.88595003862,82873.86995002124,-1,408.9839999826253,3271.871999861002,,False,sl,746.0,-0.40898399998262175,0.08266937795002993,-0.4916533779326517,0.001,vwap_initial,-1,82367.029142024,157.94488309349538,0.6195630152620722,0.7,3600
2025-04,449,911250,911996,2025-04-11T16:31:26+00:00,2025-04-11T16:43:52+00:00,82465.70312737781,82874.68712736043,-1,408.9839999826253,3271.871999861002,,False,sl,746.0,-0.40898399998262175,0.08267019512736913,-0.49165419510999087,0.001,vwap_initial,-1,82367.029142024,157.94488309349538,0.6247368285771343,0.7,3600
2025-04,424,907039,912056,2025-04-11T15:21:08+00:00,2025-04-11T16:44:52+00:00,82119.21783952511,82892.97783951765,-1,773.7599999925494,6190.079999940395,,False,sl,5024.0,-0.7737599999925442,0.08250609783952138,-0.8562660978320655,0.001,vwap_initial,-1,81815.03358691938,226.5993840992725,1.342387817225786,1.0,3600
2025-04,437,910027,912056,2025-04-11T16:11:02+00:00,2025-04-11T16:44:52+00:00,82376.19685216458,82888.10085215152,-1,511.9039999869466,4095.2319998955727,,False,sl,2030.0,-0.5119039999869419,0.08263214885215805,-0.5945361488391,0.001,vwap_initial,-1,82320.18156908291,215.31207178928273,0.2601585810594303,0.3,3600
2025-04,450,911336,912060,2025-04-11T16:32:52+00:00,2025-04-11T16:44:56+00:00,82506.00339806618,82915.54739804873,-1,409.54399998255076,3276.351999860406,,False,sl,724.0,-0.40954399998254665,0.08271077539805745,-0.4922547753806041,0.001,vwap_initial,-1,82372.43419421473,158.55545579754846,0.8424131681851512,0.5,3600
2025-04,425,907615,912064,2025-04-11T15:30:44+00:00,2025-04-11T16:45:00+00:00,82252.56162708045,82928.32962707007,-1,675.7679999896138,5406.143999916911,,False,sl,4456.0,-0.6757679999896209,0.08259044562707525,-0.7583584456166962,0.001,vwap_initial,-1,81955.05812904018,159.25530019228393,1.8680916596249333,1.5,3600
2025-04,451,911336,912064,2025-04-11T16:32:52+00:00,2025-04-11T16:45:00+00:00,82517.03262522919,82926.57662521173,-1,409.54399998255076,3276.351999860406,,False,sl,728.0,-0.40954399998254665,0.08272180462522045,-0.4922658046077671,0.001,vwap_initial,-1,82372.43419421473,158.55545579754846,0.911973859790018,1.0,3600
2025-04,452,911336,912064,2025-04-11T16:32:52+00:00,2025-04-11T16:45:00+00:00,82514.57781512068,82924.12181510322,-1,409.54399998255076,3276.351999860406,,False,sl,728.0,-0.40954399998254665,0.08271934981511196,-0.4922633497976586,0.001,vwap_initial,-1,82372.43419421473,158.55545579754846,0.8964915157977451,0.5,3600
2025-04,453,911367,912207,2025-04-11T16:33:23+00:00,2025-04-11T16:47:23+00:00,82531.40277344416,82937.5307734267,-1,406.1279999825358,3249.0239998602865,,False,sl,840.0,-0.4061279999825347,0.08273446677343543,-0.4888624667559701,0.001,vwap_initial,-1,82374.18291775943,159.3296377481109,0.9867583828520498,1.0,3600
2025-04,429,908879,912225,2025-04-11T15:51:48+00:00,2025-04-11T16:47:41+00:00,82251.49200362146,82972.09200361163,-1,720.5999999901652,5764.799999921322,82515.0,True,soft_sl,3353.0,-0.7205999999901688,0.08261179200361654,-0.8032117919937853,0.001,vwap_initial,-1,82173.20824396558,260.9458655195975,0.30000000000001065,0.3,3600
2025-04,454,911389,914003,2025-04-11T16:33:45+00:00,2025-04-11T17:17:20+00:00,82595.71783948921,83001.32583947174,-1,405.60799998253583,3244.8639998602866,,False,sl,2615.0,-0.4056079999825306,0.08279852183948047,-0.48840652182201105,0.001,vwap_initial,-1,82375.75662887578,160.75378330283633,1.368311252737708,0.7,3600
2025-04,455,911390,914003,2025-04-11T16:33:46+00:00,2025-04-11T17:17:20+00:00,82602.58178831481,83007.84578829736,-1,405.26399998255073,3242.111999860406,,False,sl,2614.0,-0.40526399998254786,0.08280521378830608,-0.48806921377085394,0.001,vwap_initial,-1,82376.07397371475,161.0290679016228,1.4066268752076467,1.5,3600
2025-04,430,908879,914004,2025-04-11T15:51:48+00:00,2025-04-11T17:17:21+00:00,82303.68117672538,83024.28117671555,-1,720.5999999901652,5764.799999921322,82515.0,True,soft_sl,5133.0,-0.7205999999901688,0.08266398117672047,-0.8032639811668892,0.001,vwap_initial,-1,82173.20824396558,260.9458655195975,0.5000000000000178,0.5,3600
2025-04,456,911390,914004,2025-04-11T16:33:46+00:00,2025-04-11T17:17:21+00:00,82603.74455341022,83009.00855339276,-1,405.26399998255073,3242.111999860406,,False,sl,2615.0,-0.40526399998254786,0.08280637655340149,-0.48807037653594937,0.001,vwap_initial,-1,82376.07397371475,161.0290679016228,1.4138477149638184,0.7,3600
2025-04,457,911405,914006,2025-04-11T16:34:01+00:00,2025-04-11T17:17:23+00:00,82642.26414578671,83050.16814576926,-1,407.9039999825507,3263.2319998604057,,False,sl,2602.0,-0.4079039999825473,0.08284621614577799,-0.49075021612832526,0.001,vwap_initial,-1,82377.50659009173,162.02971087060232,1.6340062218985585,1.5,3600
2025-04,426,907634,915059,2025-04-11T15:31:03+00:00,2025-04-11T17:34:57+00:00,82397.67534116017,83080.21134115005,-1,682.5359999898822,5460.287999919057,,False,sl,7434.0,-0.6825359999898792,0.08273894334115511,-0.7652749433310344,0.001,vwap_initial,-1,81975.71580973594,164.96579962580552,2.5578606740389205,0.3,3600
2025-04,431,908879,915059,2025-04-11T15:51:48+00:00,2025-04-11T17:34:57+00:00,82355.8703498293,83076.47034981947,-1,720.5999999901652,5764.799999921322,82515.0,True,soft_sl,6189.0,-0.7205999999901688,0.0827161703498244,-0.8033161703399931,0.001,vwap_initial,-1,82173.20824396558,260.9458655195975,0.7000000000000248,0.7,3600
2025-04,432,908881,915082,2025-04-11T15:51:50+00:00,2025-04-11T17:35:20+00:00,82399.61482403414,83119.37482402423,-1,719.7599999900907,5758.079999920726,82515.0,True,soft_sl,6210.0,-0.7197599999900849,0.0827594948240292,-0.8025194948141141,0.001,vwap_initial,-1,82173.41358751689,260.9921359388532,0.8666975183123972,0.3,3600
2025-04,433,908923,915085,2025-04-11T15:52:32+00:00,2025-04-11T17:35:23+00:00,82434.15410948517,83143.66610947522,-1,709.511999990046,5676.095999920368,82515.0,True,soft_sl,6171.0,-0.709511999990049,0.0827889101094802,-0.7923009100995292,0.001,vwap_initial,-1,82176.13257270033,261.4329666176002,0.98695103422918,1.0,3600
2025-04,427,907635,915089,2025-04-11T15:31:04+00:00,2025-04-11T17:35:27+00:00,82485.4893599766,83173.62535996648,-1,688.1359999898821,5505.0879999190565,,False,sl,7463.0,-0.6881359999898851,0.08282955735997155,-0.7709655573498566,0.001,vwap_initial,-1,81979.00723948644,169.1365026111862,2.9945169296450587,0.5,3600
2025-04,434,909070,915089,2025-04-11T15:55:01+00:00,2025-04-11T17:35:27+00:00,82488.61874032053,83158.79474030966,-1,670.175999989137,5361.407999913096,82515.0,True,soft_sl,6026.0,-0.6701759999891365,0.08282370674031511,-0.7529997067294516,0.001,vwap_initial,-1,82187.07040099785,262.1974005720053,1.150081345828839,0.5,3600
2025-04,435,909204,915152,2025-04-11T15:57:15+00:00,2025-04-11T17:36:30+00:00,82564.62704224497,83189.09904223353,-1,624.4719999885559,4995.775999908447,82515.0,True,soft_sl,5955.0,-0.6244719999885565,0.08287686304223925,-0.7073488630307958,0.001,vwap_initial,-1,82198.23626020255,262.75437258965417,1.3944231581432778,1.5,3600
2025-04,458,911558,915162,2025-04-11T16:36:34+00:00,2025-04-11T17:36:40+00:00,82730.28950162375,83195.12150160679,-1,464.83199998304246,3718.6559998643397,,False,sl,3606.0,-0.4648319999830419,0.08296270550161527,-0.5477947054846573,0.001,vwap_initial,-1,82405.18959835557,182.5131622768635,1.781240866206742,1.0,3600
2025-04,436,909205,915163,2025-04-11T15:57:16+00:00,2025-04-11T17:36:41+00:00,82577.62265660692,83201.00665659543,-1,623.3839999885113,4987.07199990809,82515.0,True,soft_sl,5965.0,-0.6233839999885095,0.08288931465660117,-0.7062733146451107,0.001,vwap_initial,-1,82198.29240601168,262.77914433048403,1.4435325587261245,0.7,3600
2025-04,459,911558,915163,2025-04-11T16:36:34+00:00,2025-04-11T17:36:41+00:00,82737.4946608445,83202.32666082754,-1,464.83199998304246,3718.6559998643397,,False,sl,3607.0,-0.4648319999830419,0.08296991066083603,-0.547801910643878,0.001,vwap_initial,-1,82405.18959835557,182.5131622768635,1.8207183435068577,1.0,3600
2025-04,428,908018,915201,2025-04-11T15:37:27+00:00,2025-04-11T17:37:19+00:00,82573.303378793,83320.28737878278,-1,746.9839999897778,5975.871999918222,,False,sl,7192.0,-0.7469839999897813,0.0829467953787879,-0.8299307953685692,0.001,vwap_initial,-1,82072.81680403634,194.31850637435247,2.575599123803904,0.7,3600
2025-04,460,912216,915328,2025-04-11T16:47:32+00:00,2025-04-11T17:39:26+00:00,82960.41150656834,83542.80350655661,-1,582.3919999882578,4659.135999906062,,False,sl,3114.0,-0.5823919999882637,0.08325160750656248,-0.6656436074948262,0.001,vwap_initial,-1,82504.93667644057,259.427927033282,1.7556892788544676,1.5,3600
2025-04,56,723659,915339,2025-04-09T12:13:33+00:00,2025-04-11T17:39:37+00:00,76481.39314746675,83572.27314747956,1,886.360000001602,7090.880000012816,76345.1,True,tp,192364.0,7.0908800000128105,0.08002683314747315,7.0108531668653375,0.001,vwap_initial,1,76237.06091687796,231.80783782813705,0.0,0.3,3600
2025-04,214,746091,915339,2025-04-09T18:27:31+00:00,2025-04-11T17:39:37+00:00,81310.85043712633,83591.8584371257,-1,2281.007999999374,18248.063999994993,,False,sl,169926.0,-2.281007999999376,0.08245135443712603,-2.363459354436502,0.001,vwap_inversion_flip,1,81698.98526039088,562.808216465437,0.0,0.7,3600
2025-04,36,694538,915340,2025-04-09T04:07:37+00:00,2025-04-11T17:39:38+00:00,75329.63714838395,83603.9411483995,1,1034.2880000019445,8274.304000015556,,False,tp,221521.0,8.27430400001556,0.07946678914839173,8.194837210867169,0.001,vwap_initial,1,75400.10777275941,220.1262265342775,0.3201373388576628,0.3,3600
2025-04,37,694538,915340,2025-04-09T04:07:37+00:00,2025-04-11T17:39:38+00:00,75332.60390711622,83606.90790713178,1,1034.2880000019445,8274.304000015556,,False,tp,221521.0,8.27430400001556,0.079469755907124,8.194834244108437,0.001,vwap_initial,1,75400.10777275941,220.1262265342775,0.3066598047219722,0.7,3600
2025-04,38,694545,915340,2025-04-09T04:07:44+00:00,2025-04-11T17:39:38+00:00,75281.6607174906,83619.64471750586,1,1042.2480000019073,8337.984000015258,,False,tp,221514.0,8.337984000015261,0.07945065271749821,8.258533347297764,0.001,vwap_initial,1,75399.29073375945,219.6770684984609,0.5354678896294578,0.5,3600
2025-04,226,755702,915340,2025-04-09T21:07:44+00:00,2025-04-11T17:39:38+00:00,82905.87230029877,83611.60030028496,-1,705.7279999861867,5645.823999889493,,False,sl,160314.0,-0.7057279999861931,0.08325873630029187,-0.788986736286485,0.001,vwap_inversion_flip,1,82700.52664416083,410.8697325730323,0.499782874859107,0.5,3600
2025-04,361,880667,915340,2025-04-11T08:01:30+00:00,2025-04-11T17:39:38+00:00,80868.90143589699,83623.52543573879,1,344.32799998022614,2754.623999841809,80837.9,True,tp,34688.0,2.7546239998418023,0.0822462134358179,2.6723777864059843,0.001,vwap_initial,1,81122.49288357497,173.81634221191467,1.4589620541480024,1.5,3600
2025-04,362,880672,915340,2025-04-11T08:01:35+00:00,2025-04-11T17:39:38+00:00,80798.86987912602,83651.86187896854,1,356.6239999803156,2852.991999842525,80837.9,True,tp,34683.0,2.8529919998425175,0.08222536587904729,2.7707666339634702,0.001,vwap_initial,1,81113.25755590596,177.68989039856658,1.7693053672032297,0.3,3600
2025-04,227,755702,915341,2025-04-09T21:07:44+00:00,2025-04-11T17:39:39+00:00,82988.04733457176,83693.77533455795,-1,705.7279999861867,5645.823999889493,,False,sl,160315.0,-0.7057279999861931,0.08334091133456485,-0.789068911320758,0.001,vwap_inversion_flip,1,82700.52664416083,410.8697325730323,0.6997855223123047,0.7,3600
2025-04,232,755720,915359,2025-04-09T21:08:02+00:00,2025-04-11T17:39:57+00:00,83111.30988598125,83814.98188596727,-1,703.6719999860227,5629.3759998881815,,False,sl,160315.0,-0.7036719999860216,0.08346314588597425,-0.7871351458719958,0.001,vwap_inversion_flip,1,82702.09804910452,410.83105789312367,0.996058669408536,1.0,3600
2025-04,241,758505,915365,2025-04-09T21:54:27+00:00,2025-04-11T17:40:03+00:00,83203.55823629946,83822.34223628775,-1,618.7839999882876,4950.271999906301,,False,sl,157536.0,-0.6187839999882854,0.08351295023629361,-0.7022969502245789,0.001,vwap_inversion_flip,1,83180.22505676406,185.3069621035678,0.12591636747226784,0.5,3600
2025-04,370,880684,915365,2025-04-11T08:01:47+00:00,2025-04-11T17:40:03+00:00,80790.6277114937,83820.77171133849,1,378.7679999805987,3030.1439998447895,,False,tp,34696.0,3.0301439998447894,0.0823056997114161,2.9478383001333732,0.001,vwap_inversion_flip,-1,81104.07347904626,183.22358595141998,1.7107282663688832,0.7,3600
2025-04,367,880684,915405,2025-04-11T08:01:47+00:00,2025-04-11T17:40:43+00:00,80830.23478969287,83860.37878953766,1,378.7679999805987,3030.1439998447895,,False,tp,34736.0,3.0301439998447894,0.08234530678961527,2.9477986930551743,0.001,vwap_inversion_flip,-1,81104.07347904626,183.22358595141998,1.4945602550645174,1.5,3600
2025-04,369,880684,915406,2025-04-11T08:01:47+00:00,2025-04-11T17:40:44+00:00,80835.12024794487,83865.26424778966,1,378.7679999805987,3030.1439998447895,,False,tp,34737.0,3.0301439998447894,0.08235019224786727,2.947793807596922,0.001,vwap_inversion_flip,-1,81104.07347904626,183.22358595141998,1.4678963393539324,0.5,3600
2025-04,368,880684,915641,2025-04-11T08:01:47+00:00,2025-04-11T17:44:39+00:00,80879.61278439604,83909.75678424083,1,378.7679999805987,3030.1439998447895,,False,tp,34972.0,3.0301439998447894,0.08239468478431844,2.947749315060471,0.001,vwap_inversion_flip,-1,81104.07347904626,183.22358595141998,1.2250644123389816,0.3,3600
2025-04,39,695701,915642,2025-04-09T04:27:00+00:00,2025-04-11T17:44:40+00:00,75512.74365548398,83923.9436554956,1,1051.4000000014528,8411.200000011622,,False,tp,220660.0,8.411200000011624,0.07971834365548978,8.331481656356134,0.001,vwap_initial,1,75476.26530489618,275.9664205213646,0.0,0.3,3600
2025-04,371,880695,915642,2025-04-11T08:01:58+00:00,2025-04-11T17:44:40+00:00,80723.88890681692,83925.48890666374,1,400.199999980852,3201.599999846816,,False,tp,34962.0,3.201599999846818,0.08232468890674034,3.1192753109400777,0.001,vwap_inversion_flip,-1,81093.2031174662,188.6783105469102,1.9573750134754004,1.0,3600
2025-04,233,755734,915647,2025-04-09T21:08:16+00:00,2025-04-11T17:44:45+00:00,83262.92305836406,83984.65905835037,-1,721.7359999863058,5773.887999890447,,False,sl,160589.0,-0.7217359999863111,0.08362379105835722,-0.8053597910446684,0.001,vwap_inversion_flip,1,82707.62182717354,411.7801316915865,1.348538184465942,1.5,3600
2025-04,366,880684,915647,2025-04-11T08:01:47+00:00,2025-04-11T17:44:45+00:00,80921.68132957071,83951.8253294155,1,378.7679999805987,3030.1439998447895,,False,tp,34978.0,3.0301439998447894,0.0824367533294931,2.9477072465152965,0.001,vwap_inversion_flip,-1,81104.07347904626,183.22358595141998,0.9954621755078422,1.0,3600
2025-04,365,880684,915999,2025-04-11T08:01:47+00:00,2025-04-11T17:50:37+00:00,80976.5492534974,84006.6932533422,1,378.7679999805987,3030.1439998447895,,False,tp,35330.0,3.0301439998447894,0.0824916212534198,2.9476523785913695,0.001,vwap_inversion_flip,-1,81104.07347904626,183.22358595141998,0.6960033277739006,0.7,3600
2025-04,234,755739,916003,2025-04-09T21:08:21+00:00,2025-04-11T17:50:41+00:00,83316.74747166372,84041.24347165003,-1,724.4959999863058,5795.967999890447,,False,sl,160940.0,-0.7244959999863059,0.08367899547165687,-0.8081749954579628,0.001,vwap_inversion_flip,1,82709.57449489302,412.2520142526776,1.4728199154378214,1.5,3600
2025-04,364,880684,916003,2025-04-11T08:01:47+00:00,2025-04-11T17:50:41+00:00,81013.12786944854,84043.27186929333,1,378.7679999805987,3030.1439998447895,,False,tp,35334.0,3.0301439998447894,0.08252819986937093,2.9476157999754187,0.001,vwap_inversion_flip,-1,81104.07347904626,183.22358595141998,0.4963640959512464,0.5,3600
2025-04,363,880684,916878,2025-04-11T08:01:47+00:00,2025-04-11T18:05:16+00:00,81049.70648539967,84079.85048524446,1,378.7679999805987,3030.1439998447895,,False,tp,36209.0,3.0301439998447894,0.08256477848532207,2.9475792213594674,0.001,vwap_inversion_flip,-1,81104.07347904626,183.22358595141998,0.29672486412859217,0.3,3600
2025-04,207,746091,916891,2025-04-09T18:27:31+00:00,2025-04-11T18:05:29+00:00,81867.34153995376,84148.34953995314,-1,2281.007999999374,18248.063999994993,,False,sl,171478.0,-2.281007999999376,0.08300784553995345,-2.3640158455393294,0.001,vwap_inversion_flip,1,81698.98526039088,562.808216465437,0.29913614378304176,0.3,3600
2025-04,215,746091,916891,2025-04-09T18:27:31+00:00,2025-04-11T18:05:29+00:00,81865.28781268554,84146.29581268491,-1,2281.007999999374,18248.063999994993,,False,sl,171478.0,-2.281007999999376,0.08300579181268523,-2.364013791812061,0.001,vwap_inversion_flip,1,81698.98526039088,562.808216465437,0.2954870725574569,1.0,3600
2025-04,208,746091,928553,2025-04-09T18:27:31+00:00,2025-04-11T21:21:34+00:00,81979.92605201952,84260.9340520189,-1,2281.007999999374,18248.063999994993,,False,sl,183243.0,-2.281007999999376,0.08312043005201922,-2.3641284300513954,0.001,vwap_inversion_flip,1,81698.98526039088,562.808216465437,0.49917677711426356,0.5,3600
2025-04,42,722159,986611,2025-04-09T11:48:33+00:00,2025-04-12T13:43:07+00:00,76370.33527798444,84377.8232779944,1,1000.9360000012441,8007.488000009953,,False,tp,266074.0,8.007488000009952,0.08037407927798942,7.927113920731962,0.001,vwap_initial,1,76389.71149369208,382.0473589492755,0.050716790088357236,0.7,3600
2025-04,43,722162,986611,2025-04-09T11:48:36+00:00,2025-04-12T13:43:07+00:00,76275.09728600731,84334.74528601726,1,1007.4560000012442,8059.648000009954,,False,tp,266071.0,8.059648000009954,0.08030492128601227,7.979343078723942,0.001,vwap_initial,1,76389.18917281099,381.3310415929404,0.29919380894638037,0.3,3600
2025-04,209,746091,986611,2025-04-09T18:27:31+00:00,2025-04-12T13:43:07+00:00,82092.51056408527,84373.51856408465,-1,2281.007999999374,18248.063999994993,,False,sl,242136.0,-2.281007999999376,0.08323301456408497,-2.364241014563461,0.001,vwap_inversion_flip,1,81698.98526039088,562.808216465437,0.6992174104454595,0.7,3600
2025-04,41,722159,986614,2025-04-09T11:48:33+00:00,2025-04-12T13:43:10+00:00,76479.90505356746,84487.39305357741,1,1000.9360000012441,8007.488000009953,,False,tp,266077.0,8.007488000009952,0.08048364905357246,7.927004350956379,0.001,vwap_initial,1,76389.71149369208,382.0473589492755,0.0,0.5,3600
2025-04,44,722182,987390,2025-04-09T11:48:56+00:00,2025-04-12T13:56:06+00:00,76205.98061460991,84542.10861461898,1,1042.0160000011324,8336.12800000906,,False,tp,266830.0,8.336128000009063,0.08037404461461445,8.255753955394448,0.001,vwap_initial,1,76387.48934195322,378.7887020597474,0.4791819987140799,1.0,3600
2025-04,210,746091,987390,2025-04-09T18:27:31+00:00,2025-04-12T13:56:06+00:00,82261.3873321839,84542.39533218328,-1,2281.007999999374,18248.063999994993,,False,sl,242915.0,-2.281007999999376,0.08340189133218358,-2.3644098913315594,0.001,vwap_inversion_flip,1,81698.98526039088,562.808216465437,0.9992783604422792,1.0,3600
2025-04,45,722183,987396,2025-04-09T11:48:57+00:00,2025-04-12T13:56:12+00:00,76198.68781421745,84559.71181422645,1,1045.1280000011252,8361.024000009002,,False,tp,266835.0,8.361024000008998,0.08037919981422195,8.280644800194775,0.001,vwap_initial,1,76387.23549430612,378.5879942293626,0.4980286827966314,0.5,3600
2025-04,40,722159,987398,2025-04-09T11:48:33+00:00,2025-04-12T13:56:14+00:00,76589.4748291505,84596.96282916045,1,1000.9360000012441,8007.488000009953,,False,tp,266861.0,8.007488000009952,0.08059321882915546,7.926894781180796,0.001,vwap_initial,1,76389.71149369208,382.0473589492755,0.0,0.3,3600
2025-04,211,746091,989040,2025-04-09T18:27:31+00:00,2025-04-12T14:23:36+00:00,82542.84861234827,84823.85661234765,-1,2281.007999999374,18248.063999994993,,False,sl,244565.0,-2.281007999999376,0.08368335261234797,-2.364691352611724,0.001,vwap_inversion_flip,1,81698.98526039088,562.808216465437,1.499379943770269,1.5,3600
2025-04,216,746122,989548,2025-04-09T18:28:02+00:00,2025-04-12T14:32:04+00:00,82789.35010528423,85053.01410528363,-1,2263.663999999389,18109.311999995112,,False,sl,245042.0,-2.2636639999993933,0.08392118210528392,-2.347585182104677,0.001,vwap_inversion_flip,1,81713.96900808638,562.8284238650974,1.9106730427950234,1.5,3600
2025-04,442,910934,1011067,2025-04-11T16:26:10+00:00,2025-04-12T20:33:25+00:00,82015.73078362468,85432.81878349128,1,427.1359999833256,3417.0879998666046,,False,tp,101235.0,3.417087999866606,0.08372427478355798,3.333363725083048,0.001,vwap_inversion_flip,-1,82368.92450899402,153.77487387092313,2.296823378738802,0.7,3600
2025-04,441,910892,1011375,2025-04-11T16:25:28+00:00,2025-04-12T20:38:35+00:00,82048.53435074854,85498.134350618,1,431.1999999836832,3449.5999998694656,,False,tp,101587.0,3.4495999998694606,0.08377333435068327,3.365826665518777,0.001,vwap_inversion_flip,-1,82372.05358248178,151.16787126071245,2.1401322188051535,0.5,3600
2025-04,440,910880,1011377,2025-04-11T16:25:16+00:00,2025-04-12T20:38:37+00:00,82068.43932343446,85535.51132330499,1,433.3839999838174,3467.071999870539,,False,tp,101601.0,3.467071999870532,0.08380197532336973,3.383270024547162,0.001,vwap_inversion_flip,-1,82372.64750094873,150.96088368044175,2.0151457125690175,0.5,3600
2025-04,46,722309,1011537,2025-04-09T11:51:03+00:00,2025-04-12T20:41:17+00:00,76122.2783424276,85675.87834243386,1,1194.2000000007824,9553.60000000626,,False,tp,291014.0,9.553600000006263,0.08089907834243072,9.472700921663833,0.001,vwap_initial,1,76378.6925959077,367.85738289288014,0.697048001221643,0.7,3600
2025-04,439,910657,1011699,2025-04-11T16:21:33+00:00,2025-04-12T20:43:59+00:00,82121.14786324424,85871.86786312026,1,468.8399999845028,3750.7199998760225,,False,tp,102146.0,3.750719999876019,0.08399650786318226,3.666723492012837,0.001,vwap_inversion_flip,-1,82365.22184580835,159.51426298670754,1.5301075778060398,0.3,3600
2025-04,438,910656,1011713,2025-04-11T16:21:32+00:00,2025-04-12T20:44:13+00:00,82137.98479841286,85881.53679828875,1,467.9439999844879,3743.551999875903,,False,tp,102161.0,3.7435519998758973,0.08400976079835082,3.6595422390775463,0.001,vwap_inversion_flip,-1,82365.48970654406,159.39689514137243,1.427285694175058,0.3,3600
2025-04,55,722971,1028631,2025-04-09T12:02:05+00:00,2025-04-13T01:30:54+00:00,76007.66413474281,85886.76813474883,1,1234.8880000007525,9879.10400000602,,False,tp,307729.0,9.879104000006016,0.08094721613474581,9.79815678387127,0.001,vwap_initial,1,76206.06737013813,212.22914533905598,0.9348538584479279,1.0,3600
2025-04,54,722970,1028634,2025-04-09T12:02:04+00:00,2025-04-13T01:30:57+00:00,76010.05609709687,85900.68009710289,1,1236.3280000007526,9890.62400000602,,False,tp,307733.0,9.89062400000602,0.08095536809709988,9.80966863190892,0.001,vwap_inversion_flip,-1,76206.3253858606,212.16529799134037,0.9250772422347288,1.0,3600
2025-04,49,722475,1028651,2025-04-09T11:53:49+00:00,2025-04-13T01:31:14+00:00,76118.04462370471,86059.86862370894,1,1242.728000000529,9941.824000004231,,False,tp,308245.0,9.941824000004228,0.08108895662370683,9.86073504338052,0.001,vwap_inversion_flip,-1,76369.9613985589,359.93935399150445,0.699886722750873,0.7,3600
2025-04,187,741965,1028651,2025-04-09T17:18:45+00:00,2025-04-13T01:31:14+00:00,77875.91450871523,86025.738508684,1,1018.727999996096,8149.823999968768,78276.4,True,tp,288749.0,8.149823999968765,0.08195082650869961,8.067873173460066,0.001,vwap_initial,1,78174.03838307144,355.46020226039633,0.8386983197005541,0.7,3600
2025-04,188,741965,1028651,2025-04-09T17:18:45+00:00,2025-04-13T01:31:14+00:00,77912.31165455338,86062.13565452215,1,1018.727999996096,8149.823999968768,,False,tp,288749.0,8.149823999968765,0.08198722365453777,8.067836776314227,0.001,vwap_inversion_flip,-1,78174.03838307144,355.46020226039633,0.7363038867747171,0.7,3600
2025-04,192,741967,1028651,2025-04-09T17:18:47+00:00,2025-04-13T01:31:14+00:00,77819.15448888544,86061.84248885397,1,1030.335999996066,8242.687999968528,,False,tp,288747.0,8.242687999968533,0.08194049848886971,8.160747501479664,0.001,vwap_inversion_flip,-1,78170.32447508852,354.70842500609564,0.990024373390751,1.0,3600
2025-04,183,741963,1028652,2025-04-09T17:18:43+00:00,2025-04-13T01:31:15+00:00,78057.41036470026,86096.25836466879,1,1004.855999996066,8038.847999968528,,False,tp,288752.0,8.038847999968523,0.08207683436468453,7.956771165603838,0.001,vwap_inversion_flip,-1,78175.7112706963,356.0821869309589,0.332229216562773,0.3,3600
2025-04,185,741964,1028652,2025-04-09T17:18:44+00:00,2025-04-13T01:31:15+00:00,77984.86100962682,86085.0850095956,1,1012.527999996096,8100.223999968768,,False,tp,288751.0,8.100223999968774,0.08203497300961123,8.018189026959163,0.001,vwap_inversion_flip,-1,78174.76796946375,355.61348057830895,0.5340263241092323,0.5,3600
2025-04,186,741965,1028652,2025-04-09T17:18:45+00:00,2025-04-13T01:31:15+00:00,77948.98386965207,86098.80786962084,1,1018.727999996096,8149.823999968768,78276.4,True,tp,288750.0,8.149823999968765,0.08202389586963646,8.06780010409913,0.001,vwap_initial,1,78174.03838307144,355.46020226039633,0.6331356140243822,0.5,3600
2025-04,191,741965,1028652,2025-04-09T17:18:45+00:00,2025-04-13T01:31:15+00:00,77925.83853305894,86075.6625330277,1,1018.727999996096,8149.823999968768,,False,tp,288750.0,8.149823999968765,0.08200075053304332,8.067823249435722,0.001,vwap_inversion_flip,-1,78174.03838307144,355.46020226039633,0.6982493354647985,0.7,3600
2025-04,461,1037574,1038061,2025-04-13T04:00:40+00:00,2025-04-13T04:08:48+00:00,85329.58184070708,85114.79784073011,1,214.78399997696283,1718.2719998157027,,False,sl,488.0,-0.21478399997696399,0.0852221898407186,-0.30000618981768257,0.001,vwap_initial,1,85399.85406151388,108.97023788207265,0.6448753547078534,0.3,3600
2025-04,462,1037591,1038125,2025-04-13T04:00:57+00:00,2025-04-13T04:09:52+00:00,85308.11107661853,85089.07907664137,1,219.03199997715654,1752.2559998172524,,False,sl,535.0,-0.21903199997716002,0.08519859507662995,-0.30423059505378997,0.001,vwap_initial,1,85399.3964324529,108.7547375206183,0.8393690051162762,0.5,3600
2025-04,463,1037627,1038158,2025-04-13T04:01:33+00:00,2025-04-13T04:10:25+00:00,85286.64031252998,85067.18431255262,1,219.45599997736514,1755.647999818921,,False,sl,532.0,-0.21945599997736281,0.0851769123125413,-0.30463291228990413,0.001,vwap_initial,1,85399.39313242899,108.35923652722161,1.040546459282948,0.7,3600
2025-04,464,1037627,1038158,2025-04-13T04:01:33+00:00,2025-04-13T04:10:25+00:00,85287.09438994752,85067.63838997016,1,219.45599997736514,1755.647999818921,,False,sl,532.0,-0.21945599997736281,0.08517736638995885,-0.30463336636732163,0.001,vwap_initial,1,85399.39313242899,108.35923652722161,1.0363559773997892,0.3,3600
2025-04,465,1037759,1038158,2025-04-13T04:03:46+00:00,2025-04-13T04:10:25+00:00,85254.43416639717,85016.86616641926,1,237.5679999779165,1900.543999823332,,False,sl,399.0,-0.2375679999779095,0.08513565016640823,-0.32270365014431773,0.001,vwap_initial,1,85399.21492373447,109.57824351974944,1.3212545911196802,1.0,3600
2025-04,466,1037790,1038453,2025-04-13T04:04:17+00:00,2025-04-13T04:15:20+00:00,85225.21408445868,84984.53408448074,1,240.6799999779463,1925.4399998235704,,False,sl,663.0,-0.24067999997794687,0.08510487408446972,-0.3257848740624166,0.001,vwap_initial,1,85398.5185398203,110.15335331821211,1.5733016757190896,0.5,3600
2025-04,467,1037909,1038520,2025-04-13T04:06:16+00:00,2025-04-13T04:16:27+00:00,85200.7572561758,84958.31725619808,1,242.43999997772278,1939.5199998217822,,False,sl,611.0,-0.24243999997772336,0.08507953725618696,-0.3275195372339103,0.001,vwap_initial,1,85398.19510928563,111.54840810645224,1.769974636674473,1.5,3600
2025-04,468,1037963,1038566,2025-04-13T04:07:10+00:00,2025-04-13T04:17:13+00:00,85163.33377896984,84915.88577899207,1,247.4479999777675,1979.58399982214,,False,sl,603.0,-0.24744799997776865,0.08503960977898097,-0.3324876097567496,0.001,vwap_initial,1,85395.48569239587,114.08642445912903,2.034877633571539,0.7,3600
2025-04,469,1038158,1038575,2025-04-13T04:10:25+00:00,2025-04-13T04:17:22+00:00,85070.51332073657,84782.94532075738,1,287.56799997918307,2300.5439998334646,,False,sl,417.0,-0.2875679999791901,0.08492672932074699,-0.3724947292999371,0.001,vwap_initial,1,85359.47190852156,160.43938941552653,1.801045172495686,1.0,3600
2025-04,470,1038566,1039548,2025-04-13T04:17:13+00:00,2025-04-13T04:33:38+00:00,84915.81255701446,84661.88455703565,1,253.92799997881056,2031.4239998304845,,False,sl,985.0,-0.2539279999788123,0.08478884855702505,-0.3387168485358374,0.001,vwap_initial,1,85324.2507240033,187.76162255586104,2.175301648063487,1.5,3600
2025-04,474,1234859,1234859,2025-04-15T11:21:47+00:00,2025-04-15T11:21:47+00:00,85684.46067432754,85511.90867435187,1,172.5519999756664,1380.4159998053312,,False,sl,0.0,-0.17255199997566525,0.0855981846743397,-0.25815018465000494,0.001,vwap_initial,1,85528.71391080975,100.46907924467435,0.0,0.3,3600
2025-04,475,1234859,1234859,2025-04-15T11:21:47+00:00,2025-04-15T11:21:47+00:00,85654.47171999331,85481.91972001764,1,172.5519999756664,1380.4159998053312,,False,sl,0.0,-0.17255199997566525,0.08556819572000549,-0.25812019569567074,0.001,vwap_initial,1,85528.71391080975,100.46907924467435,0.0,0.5,3600
2025-04,476,1234859,1234859,2025-04-15T11:21:47+00:00,2025-04-15T11:21:47+00:00,85624.48276565908,85451.93076568341,1,172.5519999756664,1380.4159998053312,,False,sl,0.0,-0.17255199997566525,0.08553820676567125,-0.25809020674133654,0.001,vwap_initial,1,85528.71391080975,100.46907924467435,0.0,0.7,3600
2025-04,477,1234859,1234869,2025-04-15T11:21:47+00:00,2025-04-15T11:21:57+00:00,85579.49933415774,85406.94733418207,1,172.5519999756664,1380.4159998053312,,False,sl,10.0,-0.17255199997566525,0.08549322333416991,-0.25804522330983515,0.001,vwap_initial,1,85528.71391080975,100.46907924467435,0.0,1.0,3600
2025-04,481,1236901,1237589,2025-04-15T11:56:08+00:00,2025-04-15T12:07:39+00:00,85502.45290339073,85683.24490336826,-1,180.79199997752903,1446.3359998202322,,False,sl,691.0,-0.18079199997753312,0.0855928489033795,-0.26638484888091263,0.001,vwap_inversion_flip,1,85474.58246063096,75.09250780959924,0.3711481154742679,0.3,3600
2025-04,482,1236916,1237596,2025-04-15T11:56:23+00:00,2025-04-15T12:07:46+00:00,85518.27328459559,85697.8812845732,-1,179.60799997761845,1436.8639998209476,,False,sl,683.0,-0.17960799997761207,0.08560807728458442,-0.2652160772621965,0.001,vwap_inversion_flip,1,85474.40268305624,74.91536486889225,0.5856021874301957,0.5,3600
2025-04,483,1236926,1237604,2025-04-15T11:56:33+00:00,2025-04-15T12:07:54+00:00,85534.09366580044,85713.08566577804,-1,178.99199997760357,1431.9359998208286,,False,sl,681.0,-0.17899199997760298,0.08562358966578924,-0.2646155896433922,0.001,vwap_inversion_flip,1,85474.08736430292,74.55468912415505,0.8048628758626959,0.7,3600
2025-04,484,1237142,1237604,2025-04-15T12:00:10+00:00,2025-04-15T12:07:54+00:00,85557.82423760773,85709.55223758392,-1,151.72799997620285,1213.8239998096228,,False,sl,464.0,-0.15172799997619588,0.08563368823759582,-0.2373616882137917,0.001,vwap_inversion_flip,1,85473.9179432382,72.83094964461817,1.152069206552381,1.0,3600
2025-04,485,1237318,1240598,2025-04-15T12:03:08+00:00,2025-04-15T12:58:08+00:00,85597.37519061984,85759.18319059664,-1,161.8079999767989,1294.4639998143912,,False,sl,3300.0,-0.16180799997679424,0.08567827919060825,-0.24748627916740248,0.001,vwap_inversion_flip,1,85473.09496839634,70.68992150074543,1.7581038369407944,1.5,3600
2025-04,48,722475,1243523,2025-04-09T11:53:49+00:00,2025-04-15T13:47:10+00:00,76190.03697477661,86131.86097478084,1,1242.728000000529,9941.824000004231,,False,tp,525201.0,9.941824000004228,0.08116094897477874,9.86066305102945,0.001,vwap_inversion_flip,-1,76369.9613985589,359.93935399150445,0.49987427544955976,0.5,3600
2025-04,53,722475,1243523,2025-04-09T11:53:49+00:00,2025-04-15T13:47:10+00:00,76179.62092153642,86121.44492154065,1,1242.728000000529,9941.824000004231,,False,tp,525201.0,9.941824000004228,0.08115053292153854,9.86067346708269,0.001,vwap_inversion_flip,-1,76369.9613985589,359.93935399150445,0.5288126316606266,1.0,3600
2025-04,184,741964,1243523,2025-04-09T17:18:44+00:00,2025-04-15T13:47:10+00:00,78022.05323058892,86122.2772305577,1,1012.527999996096,8100.223999968768,78276.4,True,tp,505706.0,8.100223999968774,0.08207216523057331,8.018151834738202,0.001,vwap_initial,1,78174.76796946375,355.61348057830895,0.42944024120367436,0.3,3600
2025-04,190,741965,1243523,2025-04-09T17:18:45+00:00,2025-04-15T13:47:10+00:00,77996.96122917459,86146.78522914335,1,1018.727999996096,8149.823999968768,,False,tp,505705.0,8.149823999968765,0.08207187322915897,8.067752126739606,0.001,vwap_inversion_flip,-1,78174.03838307144,355.46020226039633,0.49816309328247915,0.5,3600
2025-04,193,741968,1243523,2025-04-09T17:18:48+00:00,2025-04-15T13:47:10+00:00,77766.31046730997,86160.16646727803,1,1049.2319999960064,8393.855999968051,78276.4,True,tp,505702.0,8.393855999968059,0.08196323846729399,8.311892761500765,0.001,vwap_initial,1,78162.44755073871,355.9521546796473,1.1128941859763593,1.0,3600
2025-04,194,741968,1243523,2025-04-09T17:18:48+00:00,2025-04-15T13:47:10+00:00,77803.48762194322,86197.34362191128,1,1049.2319999960064,8393.855999968051,,False,tp,505702.0,8.393855999968059,0.08200041562192725,8.311855584346132,0.001,vwap_inversion_flip,-1,78162.44755073871,355.9521546796473,1.0084499393424131,1.0,3600
2025-04,284,831653,1243523,2025-04-10T18:16:22+00:00,2025-04-15T13:47:10+00:00,79359.34709017983,86153.97109012833,1,849.3279999935626,6794.623999948501,,False,tp,415848.0,6.794623999948497,0.08275665909015407,6.711867340858343,0.001,vwap_inversion_flip,-1,79252.54635460739,215.43025407742903,0.0,0.3,3600
2025-04,47,722475,1243524,2025-04-09T11:53:49+00:00,2025-04-15T13:47:11+00:00,76262.0293258485,86203.85332585273,1,1242.728000000529,9941.824000004231,,False,tp,525202.0,9.941824000004228,0.08123294132585061,9.860591058678377,0.001,vwap_inversion_flip,-1,76369.9613985589,359.93935399150445,0.29986182814824647,0.3,3600
2025-04,189,741965,1243524,2025-04-09T17:18:45+00:00,2025-04-15T13:47:11+00:00,78068.08392529025,86217.90792525902,1,1018.727999996096,8149.823999968768,,False,tp,505706.0,8.149823999968765,0.08214299592527463,8.067681004043491,0.001,vwap_inversion_flip,-1,78174.03838307144,355.46020226039633,0.29807685110011883,0.3,3600
2025-04,52,722475,1243529,2025-04-09T11:53:49+00:00,2025-04-15T13:47:16+00:00,76340.63729313805,86282.46129314227,1,1242.728000000529,9941.824000004231,,False,tp,525207.0,9.941824000004228,0.08131154929314016,9.860512450711088,0.001,vwap_inversion_flip,-1,76369.9613985589,359.93935399150445,0.08146957284793171,0.7,3600
2025-04,119,733130,1243541,2025-04-09T14:51:25+00:00,2025-04-15T13:47:28+00:00,77158.11995634882,86355.30395635305,1,1149.648000000529,9197.184000004232,,False,tp,514563.0,9.197184000004228,0.08175671195635094,9.115427288047877,0.001,vwap_inversion_flip,-1,77664.74625279865,249.00317110840226,2.0346178492211804,1.5,3600
2025-04,195,741973,1243541,2025-04-09T17:18:53+00:00,2025-04-15T13:47:28+00:00,77622.11423425963,86344.61023422828,1,1090.3119999960809,8722.495999968647,,False,tp,505715.0,8.722495999968654,0.08198336223424396,8.64051263773441,0.001,vwap_inversion_flip,-1,78149.55349320859,358.6501956635046,1.4706230899252484,1.5,3600
2025-04,196,741973,1243541,2025-04-09T17:18:53+00:00,2025-04-15T13:47:28+00:00,77641.34774859628,86363.84374856492,1,1090.3119999960809,8722.495999968647,,False,tp,505715.0,8.72249599996864,0.08200259574858061,8.64049340422006,0.001,vwap_inversion_flip,-1,78149.55349320859,358.6501956635046,1.4169955872242705,1.5,3600
2025-04,120,733139,1243542,2025-04-09T14:51:34+00:00,2025-04-15T13:47:29+00:00,77149.8676629882,86371.69166299273,1,1152.7280000005662,9221.82400000453,77663.6,True,tp,514555.0,9.221824000004533,0.08176077966299046,9.140063220341542,0.001,vwap_initial,1,77662.97527850798,251.35564555345292,2.0413610141518146,1.5,3600
2025-04,51,722475,1243617,2025-04-09T11:53:49+00:00,2025-04-15T13:48:44+00:00,76447.98154087247,86389.8055408767,1,1242.728000000529,9941.824000004231,,False,tp,525295.0,9.941824000004228,0.08141889354087459,9.860405106463354,0.001,vwap_inversion_flip,-1,76369.9613985589,359.93935399150445,0.0,0.5,3600
2025-04,478,1234859,1245386,2025-04-15T11:21:47+00:00,2025-04-15T14:18:13+00:00,85504.52694832216,85331.9749483465,1,172.5519999756664,1380.4159998053312,85390.5,True,soft_sl,10586.0,-0.17255199997566525,0.08541825094833433,-0.2579702509239996,0.001,vwap_initial,1,85528.71391080975,100.46907924467435,0.2407403618050537,1.5,3600
2025-04,471,1234859,1245387,2025-04-15T11:21:47+00:00,2025-04-15T14:18:14+00:00,85498.57318703634,85326.02118706067,1,172.5519999756664,1380.4159998053312,85390.5,True,soft_sl,10587.0,-0.17255199997566525,0.08541229718704851,-0.25796429716271374,0.001,vwap_initial,1,85528.71391080975,100.46907924467435,0.30000000000006927,0.3,3600
2025-04,472,1234859,1245388,2025-04-15T11:21:47+00:00,2025-04-15T14:18:15+00:00,85478.47937118741,85305.92737121174,1,172.5519999756664,1380.4159998053312,85390.5,True,soft_sl,10588.0,-0.17255199997566525,0.08539220337119957,-0.25794420334686485,0.001,vwap_initial,1,85528.71391080975,100.46907924467435,0.5000000000000189,0.5,3600
2025-04,473,1234859,1245402,2025-04-15T11:21:47+00:00,2025-04-15T14:18:29+00:00,85458.38555533848,85285.83355536281,1,172.5519999756664,1380.4159998053312,85390.5,True,soft_sl,10602.0,-0.17255199997566525,0.08537210955535066,-0.2579241095310159,0.001,vwap_initial,1,85528.71391080975,100.46907924467435,0.6999999999999685,0.7,3600
2025-04,479,1234866,1245403,2025-04-15T11:21:54+00:00,2025-04-15T14:18:30+00:00,85428.24483156507,85254.86883158941,1,173.3759999756515,1387.007999805212,85390.5,True,soft_sl,10596.0,-0.1733759999756585,0.08534155683157724,-0.25871755680723574,0.001,vwap_initial,1,85528.50076418572,100.40261502066491,0.9985390579719368,1.0,3600
2025-04,480,1236597,1245419,2025-04-15T11:51:03+00:00,2025-04-15T14:18:46+00:00,85378.01029194273,85164.6662919645,1,213.34399997822942,1706.7519998258354,85390.5,True,soft_sl,8863.0,-0.21334399997822767,0.08527133829195362,-0.2986153382701813,0.001,vwap_initial,1,85488.41268844287,80.96153125830126,1.3636401731077659,1.5,3600
2025-04,491,1252499,1252718,2025-04-15T16:16:51+00:00,2025-04-15T16:20:30+00:00,85291.8681837268,84890.73218374376,1,401.1359999830276,3209.087999864221,84910.1,True,soft_sl,219.0,-0.40113599998303107,0.08509130018373529,-0.48622730016676635,0.001,vwap_initial,1,84911.24466851243,196.975962888388,0.0,0.3,3600
2025-04,492,1252499,1254944,2025-04-15T16:16:51+00:00,2025-04-15T16:57:47+00:00,85199.0245959129,84797.88859592986,1,401.1359999830276,3209.087999864221,84910.1,True,soft_sl,2456.0,-0.40113599998303107,0.08499845659592138,-0.48613445657895243,0.001,vwap_initial,1,84911.24466851243,196.975962888388,0.0,0.5,3600
2025-04,493,1252499,1256464,2025-04-15T16:16:51+00:00,2025-04-15T17:23:25+00:00,85106.18100809898,84705.04500811595,1,401.1359999830276,3209.087999864221,84910.1,True,soft_sl,3994.0,-0.40113599998303107,0.08490561300810746,-0.4860416129911385,0.001,vwap_initial,1,84911.24466851243,196.975962888388,0.0,0.7,3600
2025-04,494,1252501,1258195,2025-04-15T16:16:53+00:00,2025-04-15T17:52:39+00:00,84966.91562637812,84564.57962639502,1,402.33599998310206,3218.6879998648164,84910.1,True,soft_sl,5746.0,-0.40233599998310093,0.08476574762638657,-0.4871017476094875,0.001,vwap_initial,1,84911.08050545803,196.88105627384272,0.0,1.0,3600
2025-04,490,1245347,1258234,2025-04-15T14:17:34+00:00,2025-04-15T17:53:18+00:00,85609.07804985339,84486.04604985783,1,1123.0319999955593,8984.255999964475,85619.5,True,soft_sl,12944.0,-1.1230319999955536,0.08504756204985561,-1.2080795620454092,0.001,vwap_initial,1,85854.48329822713,289.5818513629302,0.8474469212028858,0.5,3600
2025-04,486,1244879,1258292,2025-04-15T14:09:46+00:00,2025-04-15T17:54:16+00:00,85766.44993375773,84401.52993376146,1,1364.9199999962748,10919.359999970198,85619.5,True,soft_sl,13470.0,-1.364919999996273,0.08508398993375958,-1.4500039899300325,0.001,vwap_initial,1,85855.79206143726,297.8070922651013,0.2999999999999888,0.3,3600
2025-04,487,1244879,1259581,2025-04-15T14:09:46+00:00,2025-04-15T18:15:47+00:00,85706.8885153047,84341.96851530843,1,1364.9199999962748,10919.359999970198,85619.5,True,soft_sl,14761.0,-1.364919999996273,0.08502442851530656,-1.4499444285115795,0.001,vwap_initial,1,85855.79206143726,297.8070922651013,0.5000000000000139,0.5,3600
2025-04,488,1244883,1259584,2025-04-15T14:09:50+00:00,2025-04-15T18:15:50+00:00,85665.6617539305,84299.19775393416,1,1366.4639999963342,10931.711999970674,85619.5,True,soft_sl,14760.0,-1.3664639999963402,0.08498242975393235,-1.4514464297502725,0.001,vwap_initial,1,85855.65163369168,297.7459005673443,0.6380940237939909,0.3,3600
2025-04,489,1244894,1259587,2025-04-15T14:10:01+00:00,2025-04-15T18:15:53+00:00,85647.32709685169,84283.43909685536,1,1363.8879999963194,10911.103999970555,85619.5,True,soft_sl,14752.0,-1.3638879999963247,0.08496538309685353,-1.4488533830931782,0.001,vwap_initial,1,85855.5715937394,297.72561947600457,0.6994510491042691,0.7,3600
2025-04,495,1253016,1341915,2025-04-15T16:25:29+00:00,2025-04-16T17:19:57+00:00,84965.7497779702,85319.83777795057,-1,354.0879999803752,2832.7039998430014,,False,sl,89668.0,-0.3540879999803728,0.08514279377796038,-0.4392307937583332,0.001,vwap_inversion_flip,1,84865.45751504111,146.9991817704073,0.6822640896445744,0.3,3600
2025-04,496,1253041,1341929,2025-04-15T16:25:54+00:00,2025-04-16T17:20:11+00:00,85004.68437526852,85357.02837524883,-1,352.3439999803156,2818.7519998425246,,False,sl,89657.0,-0.3523439999803086,0.08518085637525868,-0.43752485635556726,0.001,vwap_inversion_flip,1,84864.9822913915,145.34383866711025,0.9611833921422288,0.5,3600
2025-04,497,1253066,1341934,2025-04-15T16:26:19+00:00,2025-04-16T17:20:16+00:00,85043.61897256687,85394.35497254707,-1,350.7359999801963,2805.8879998415705,,False,sl,89637.0,-0.3507359999801993,0.08521898697255698,-0.43595498695275625,0.001,vwap_inversion_flip,1,84864.82314210002,144.06447803960924,1.2410819995313795,0.7,3600
2025-04,503,1342199,1342199,2025-04-16T17:24:41+00:00,2025-04-16T17:24:41+00:00,84734.21997780746,85137.03597779086,-1,402.81599998340016,3222.5279998672013,,False,sl,0.0,-0.40281599998340245,0.08493562797779916,-0.48775162796120164,0.001,vwap_initial,-1,85059.87188371687,209.49711436756286,0.0,0.3,3600
2025-04,504,1342199,1342199,2025-04-16T17:24:41+00:00,2025-04-16T17:24:41+00:00,84828.62503998699,85231.44103997039,-1,402.81599998340016,3222.5279998672013,,False,sl,0.0,-0.40281599998340245,0.08503003303997869,-0.48784603302338114,0.001,vwap_initial,-1,85059.87188371687,209.49711436756286,0.0,0.5,3600
2025-04,505,1342199,1342382,2025-04-16T17:24:41+00:00,2025-04-16T17:27:44+00:00,84923.03010216652,85325.84610214992,-1,402.81599998340016,3222.5279998672013,,False,sl,183.0,-0.40281599998340245,0.08512443810215822,-0.48794043808556065,0.001,vwap_initial,-1,85059.87188371687,209.49711436756286,0.0,0.7,3600
2025-04,498,1253088,1342529,2025-04-15T16:26:41+00:00,2025-04-16T17:30:11+00:00,85102.02086851437,85454.65286849458,-1,352.6319999802113,2821.05599984169,,False,sl,90210.0,-0.35263199998020717,0.08527833686850447,-0.4379103368487116,0.001,vwap_inversion_flip,1,84867.32843151795,144.43958911720978,1.6248484119265756,1.0,3600
2025-04,506,1342199,1342529,2025-04-16T17:24:41+00:00,2025-04-16T17:30:11+00:00,85064.63769543583,85467.45369541923,-1,402.81599998340016,3222.5279998672013,85354.9,True,soft_sl,330.0,-0.40281599998340245,0.08526604569542753,-0.48808204567882996,0.001,vwap_initial,-1,85059.87188371687,209.49711436756286,0.022748817965077377,1.0,3600
2025-04,508,1342582,1343194,2025-04-16T17:31:04+00:00,2025-04-16T17:41:16+00:00,85016.8468666062,84499.1988666227,1,517.6479999835044,4141.183999868035,,False,sl,612.0,-0.5176479999834992,0.08475802286661445,-0.6024060228501137,0.001,vwap_inversion_flip,-1,85103.13705574533,204.37906541772998,0.422206594216336,0.3,3600
2025-04,509,1342586,1343197,2025-04-16T17:31:08+00:00,2025-04-16T17:41:19+00:00,84974.74096042865,84448.45296044507,1,526.2879999835789,4210.303999868631,,False,sl,611.0,-0.5262879999835859,0.08471159696043687,-0.6109995969440227,0.001,vwap_inversion_flip,-1,85101.53590347279,203.33476284875857,0.6235773031021138,0.5,3600
2025-04,510,1342592,1343307,2025-04-16T17:31:14+00:00,2025-04-16T17:43:09+00:00,84932.63505425112,84395.73105426738,1,536.9039999837428,4295.231999869942,,False,sl,715.0,-0.5369039999837405,0.08466418305425925,-0.6215681830379998,0.001,vwap_inversion_flip,-1,85098.44178372982,202.53588586593125,0.8186535870905327,0.7,3600
2025-04,511,1342635,1343352,2025-04-16T17:31:57+00:00,2025-04-16T17:43:54+00:00,84869.47619498482,84263.22019500053,1,606.2559999842941,4850.047999874353,,False,sl,717.0,-0.6062559999842925,0.08456634819499267,-0.6908223481792851,0.001,vwap_inversion_flip,-1,85082.11719426727,201.79142925128988,1.0537662579199414,1.0,3600
2025-04,512,1342716,1343468,2025-04-16T17:33:18+00:00,2025-04-16T17:45:50+00:00,84764.21142954097,84069.58742955566,1,694.6239999853075,5556.99199988246,,False,sl,752.0,-0.6946239999853133,0.08441689942954832,-0.7790408994148617,0.001,vwap_inversion_flip,-1,85067.51175109086,202.39214352053938,1.4985775449288148,1.5,3600
2025-04,513,1343196,1344073,2025-04-16T17:41:18+00:00,2025-04-16T17:55:55+00:00,84460.54957491152,83549.65357492217,1,910.8959999893607,7287.1679999148855,,False,sl,877.0,-0.9108959999893559,0.08400510157491685,-0.9949011015642727,0.001,vwap_inversion_flip,-1,85030.3335017946,223.00475834169868,2.5550303550474993,0.3,3600
2025-04,514,1343307,1344173,2025-04-16T17:43:09+00:00,2025-04-16T17:57:35+00:00,84366.37015443433,83380.01015444403,1,986.3599999903142,7890.879999922514,,False,sl,866.0,-0.986359999990309,0.08387319015443918,-1.0702331901447482,0.001,vwap_inversion_flip,-1,84981.57112256621,269.4501369304428,2.2831718519062587,0.5,3600
2025-04,515,1343352,1344194,2025-04-16T17:43:54+00:00,2025-04-16T17:57:56+00:00,84272.19073395713,83261.74273396647,1,1010.4479999906569,8083.583999925255,,False,sl,842.0,-1.0104479999906617,0.0837669667339618,-1.0942149667246235,0.001,vwap_inversion_flip,-1,84955.6793555234,292.61522517651844,2.3357930919485117,0.7,3600
2025-04,550,1350532,1352717,2025-04-16T19:44:11+00:00,2025-04-16T20:21:00+00:00,84115.84136487429,84480.16136486006,-1,364.31999998576936,2914.559999886155,,False,sl,2209.0,-0.36431999998577524,0.08429800136486718,-0.44861800135064245,0.001,vwap_initial,-1,83936.58124935867,133.7713475075497,1.340048664049664,0.3,3600
2025-04,551,1350722,1352728,2025-04-16T19:47:22+00:00,2025-04-16T20:21:11+00:00,84162.68898317906,84518.3769831642,-1,355.68799998514356,2845.5039998811485,,False,sl,2029.0,-0.35568799998513717,0.08434053298317164,-0.4400285329683088,0.001,vwap_initial,-1,83965.8384217728,119.05167430772315,1.6534883910783398,0.5,3600
2025-04,552,1350821,1353063,2025-04-16T19:49:01+00:00,2025-04-16T20:26:53+00:00,84209.53660148385,84566.55260146956,-1,357.0159999857098,2856.1279998856785,,False,sl,2272.0,-0.35701599998571326,0.08438804460147671,-0.44140404458718996,0.001,vwap_initial,-1,83996.15658960758,126.3155370828328,1.6892618026581123,0.7,3600
2025-04,553,1350849,1388741,2025-04-16T19:49:29+00:00,2025-04-17T06:39:19+00:00,84279.80802894103,84646.4080289268,-1,366.5999999857694,2932.799999886155,,False,sl,38990.0,-0.366599999985774,0.08446310802893392,-0.45106310801470795,0.001,vwap_initial,-1,84008.64016834731,132.72760495660333,2.043040411091428,1.0,3600
2025-04,554,1420424,1420678,2025-04-17T15:33:09+00:00,2025-04-17T15:37:23+00:00,84246.78438966523,84560.38438964736,-1,313.5999999821186,2508.799999856949,,False,sl,254.0,-0.3135999999821215,0.08440358438965628,-0.3980035843717778,0.001,vwap_inversion_flip,1,84164.36485024747,274.957271795878,0.2997539904271101,0.3,3600
2025-04,555,1420424,1420686,2025-04-17T15:33:09+00:00,2025-04-17T15:37:31+00:00,84301.7716761438,84615.37167612593,-1,313.5999999821186,2508.799999856949,,False,sl,262.0,-0.3135999999821215,0.08445857167613487,-0.39805857165825637,0.001,vwap_inversion_flip,1,84164.36485024747,274.957271795878,0.4997388321424198,0.5,3600
2025-04,556,1420424,1422368,2025-04-17T15:33:09+00:00,2025-04-17T16:05:43+00:00,84356.75896262238,84670.3589626045,-1,313.5999999821186,2508.799999856949,,False,sl,1954.0,-0.3135999999821215,0.08451355896261344,-0.39811355894473494,0.001,vwap_inversion_flip,1,84164.36485024747,274.957271795878,0.6997236738577296,0.7,3600
2025-04,558,1420424,1422473,2025-04-17T15:33:09+00:00,2025-04-17T16:07:28+00:00,84418.48675317504,84732.08675315716,-1,313.5999999821186,2508.799999856949,,False,sl,2059.0,-0.3135999999821215,0.0845752867531661,-0.3981752867352876,0.001,vwap_inversion_flip,1,84164.36485024747,274.957271795878,0.924223248462479,0.3,3600
2025-04,557,1420424,1422513,2025-04-17T15:33:09+00:00,2025-04-17T16:08:08+00:00,84439.23989234022,84752.83989232234,-1,313.5999999821186,2508.799999856949,,False,sl,2099.0,-0.3135999999821215,0.08459603989233129,-0.3981960398744528,0.001,vwap_inversion_flip,1,84164.36485024747,274.957271795878,0.9997009364306412,1.0,3600
2025-04,559,1420424,1423412,2025-04-17T15:33:09+00:00,2025-04-17T16:23:07+00:00,84477.65480953234,84791.25480951446,-1,313.5999999821186,2508.799999856949,,False,sl,2998.0,-0.3135999999821215,0.08463445480952339,-0.3982344547916449,0.001,vwap_inversion_flip,1,84164.36485024747,274.957271795878,1.13941325224324,0.5,3600
2025-04,560,1420475,1423471,2025-04-17T15:34:00+00:00,2025-04-17T16:24:06+00:00,84536.82286588966,84849.7748658715,-1,312.9519999818504,2503.6159998548032,,False,sl,3006.0,-0.312951999981844,0.08469329886588059,-0.3976452988477246,0.001,vwap_inversion_flip,1,84167.56759214825,275.8870319746846,1.33842925163402,0.7,3600
2025-04,561,1420680,1423504,2025-04-17T15:37:25+00:00,2025-04-17T16:24:39+00:00,84576.70810853664,84884.58010851766,-1,307.87199998103085,2462.975999848247,,False,sl,2834.0,-0.3078719999810273,0.08473064410852717,-0.3926026440895545,0.001,vwap_inversion_flip,1,84229.63904020151,262.34909520434593,1.3229283983800006,1.5,3600
2025-04,562,1420702,1423923,2025-04-17T15:37:47+00:00,2025-04-17T16:31:38+00:00,84625.57495042561,84935.73495040661,-1,310.159999981001,2481.279999848008,,False,sl,3231.0,-0.3101599999809987,0.0847806549504161,-0.3949406549314148,0.001,vwap_inversion_flip,1,84269.27254182045,234.74273554339567,1.517842108214213,1.0,3600
2025-04,564,1435379,1468184,2025-04-17T19:42:53+00:00,2025-04-18T05:21:55+00:00,84834.20510757531,84487.26910759482,1,346.9359999804944,2775.487999843955,84685.3,True,soft_sl,34742.0,-0.3469359999804874,0.08466073710758507,-0.43159673708807245,0.001,vwap_initial,1,84839.6651660193,227.1999853053034,0.024031948931041453,0.3,3600
2025-04,563,1435379,1475020,2025-04-17T19:42:53+00:00,2025-04-18T07:20:15+00:00,84771.50517042771,84424.56917044723,1,346.9359999804944,2775.487999843955,84685.3,True,soft_sl,41842.0,-0.3469359999804874,0.08459803717043748,-0.43153403715092487,0.001,vwap_initial,1,84839.6651660193,227.1999853053034,0.2999999999999871,0.3,3600
2025-04,565,1435379,1475020,2025-04-17T19:42:53+00:00,2025-04-18T07:20:15+00:00,84784.97769696389,84438.0416969834,1,346.9359999804944,2775.487999843955,84685.3,True,soft_sl,41842.0,-0.3469359999804874,0.08461150969697366,-0.4315475096774611,0.001,vwap_initial,1,84839.6651660193,227.1999853053034,0.24070190401607364,0.5,3600
2025-04,566,1435381,1475031,2025-04-17T19:42:55+00:00,2025-04-18T07:20:26+00:00,84735.75028635247,84388.12628637193,1,347.6239999805391,2780.991999844313,84685.3,True,soft_sl,41851.0,-0.3476239999805403,0.08456193828636221,-0.4321859382669025,0.001,vwap_initial,1,84839.56628675696,227.116684712935,0.45710424373140984,0.7,3600
2025-04,567,1435391,1475031,2025-04-17T19:43:05+00:00,2025-04-18T07:20:26+00:00,84726.06517336665,84379.88117338618,1,346.1839999804646,2769.4719998437167,84685.3,True,soft_sl,41841.0,-0.3461839999804652,0.0845529731733764,-0.4307369731538416,0.001,vwap_initial,1,84839.00193462938,226.65592160344573,0.4982740378622536,0.5,3600
2025-04,568,1435469,1499173,2025-04-17T19:44:24+00:00,2025-04-18T14:21:06+00:00,84680.62517630559,84343.27317632531,1,337.35199998028577,2698.815999842286,84685.3,True,soft_sl,67002.0,-0.3373519999802811,0.08451194917631545,-0.42186394915659653,0.001,vwap_initial,1,84834.39772769032,223.13502744797339,0.6891457300247461,0.7,3600
2025-04,569,1435549,1499173,2025-04-17T19:45:44+00:00,2025-04-18T14:21:06+00:00,84661.90917043535,84335.47717045536,1,326.4319999799877,2611.455999839902,84685.3,True,soft_sl,66922.0,-0.32643199997999184,0.08449869317044537,-0.4109306931504372,0.001,vwap_initial,1,84828.24202961104,218.15582545220911,0.7624497710794587,1.0,3600
2025-04,570,1435586,1503077,2025-04-17T19:46:21+00:00,2025-04-18T15:29:29+00:00,84612.465180714,84303.99318073431,1,308.4719999796897,2467.7759998375177,84685.3,True,soft_sl,70988.0,-0.3084719999796944,0.08445822918072417,-0.39293022916041853,0.001,vwap_initial,1,84825.73148766025,216.44091629410528,0.985332674605996,1.0,3600
2025-04,581,1523399,1523751,2025-04-18T21:47:31+00:00,2025-04-18T21:54:27+00:00,84533.53684183143,84602.49684180759,-1,68.95999997615814,551.6799998092652,,False,sl,416.0,-0.06895999997615582,0.08456801684181951,-0.15352801681797534,0.001,vwap_initial,-1,84523.89463433613,70.2771920087751,0.13720251506486933,0.3,3600
2025-04,578,1523399,1537001,2025-04-18T21:47:31+00:00,2025-04-19T02:11:56+00:00,84544.97779193877,84613.93779191493,-1,68.95999997615814,551.6799998092652,,False,sl,15865.0,-0.06895999997615582,0.08457945779192685,-0.15353945776808267,0.001,vwap_initial,-1,84523.89463433613,70.2771920087751,0.3000000000000978,0.3,3600
2025-04,582,1523399,1537001,2025-04-18T21:47:31+00:00,2025-04-19T02:11:56+00:00,84546.43627639521,84615.39627637136,-1,68.95999997615814,551.6799998092652,,False,sl,15865.0,-0.06895999997615582,0.0845809162763833,-0.15354091625253913,0.001,vwap_initial,-1,84523.89463433613,70.2771920087751,0.32075331149062747,0.5,3600
2025-04,579,1523399,1537021,2025-04-18T21:47:31+00:00,2025-04-19T02:12:16+00:00,84559.03323034052,84627.99323031667,-1,68.95999997615814,551.6799998092652,,False,sl,15885.0,-0.06895999997615582,0.0845935132303286,-0.15355351320648442,0.001,vwap_initial,-1,84523.89463433613,70.2771920087751,0.4999999999999559,0.5,3600
2025-04,583,1523399,1537021,2025-04-18T21:47:31+00:00,2025-04-19T02:12:16+00:00,84559.335710959,84628.29571093516,-1,68.95999997615814,551.6799998092652,,False,sl,15885.0,-0.06895999997615582,0.08459381571094708,-0.1535538156871029,0.001,vwap_initial,-1,84523.89463433613,70.2771920087751,0.5043041079165926,0.7,3600
2025-04,580,1523399,1537028,2025-04-18T21:47:31+00:00,2025-04-19T02:12:23+00:00,84573.08866874228,84642.04866871843,-1,68.95999997615814,551.6799998092652,,False,sl,15892.0,-0.06895999997615582,0.08460756866873036,-0.1535675686448862,0.001,vwap_initial,-1,84523.89463433613,70.2771920087751,0.7000000000000212,0.7,3600
2025-04,584,1523399,1537035,2025-04-18T21:47:31+00:00,2025-04-19T02:12:30+00:00,84578.68486280469,84647.64486278084,-1,68.95999997615814,551.6799998092652,,False,sl,15899.0,-0.06895999997615582,0.08461316486279277,-0.1535731648389486,0.001,vwap_initial,-1,84523.89463433613,70.2771920087751,0.7796303025555404,1.0,3600
2025-04,585,1523750,1537043,2025-04-18T21:54:26+00:00,2025-04-19T02:12:38+00:00,84594.1718263449,84669.64382632221,-1,75.47199997730553,603.7759998184442,,False,sl,15492.0,-0.07547199997730786,0.08463190782633356,-0.16010390780364142,0.001,vwap_initial,-1,84532.70044871571,67.92206184699808,0.9050281448708248,1.0,3600
2025-04,588,1540619,1540619,2025-04-19T03:14:05+00:00,2025-04-19T03:14:05+00:00,84640.62400480172,84740.20800477556,-1,99.58399997383357,796.6719997906686,,False,sl,0.0,-0.09958399997383822,0.08469041600478865,-0.18427441597862687,0.001,vwap_initial,-1,84756.8336231666,95.8777974810933,0.0,0.3,3600
2025-04,589,1540619,1540619,2025-04-19T03:14:05+00:00,2025-04-19T03:14:05+00:00,84678.5618810656,84778.14588103944,-1,99.58399997383357,796.6719997906686,,False,sl,0.0,-0.09958399997383822,0.08472835388105253,-0.18431235385489075,0.001,vwap_initial,-1,84756.8336231666,95.8777974810933,0.0,0.5,3600
2025-04,590,1540619,1540648,2025-04-19T03:14:05+00:00,2025-04-19T03:14:34+00:00,84716.49975732948,84816.08375730332,-1,99.58399997383357,796.6719997906686,,False,sl,29.0,-0.09958399997383822,0.08476629175731641,-0.18435029173115464,0.001,vwap_initial,-1,84756.8336231666,95.8777974810933,0.0,0.7,3600
2025-04,591,1540619,1540961,2025-04-19T03:14:05+00:00,2025-04-19T03:19:51+00:00,84773.40657172531,84872.99057169915,-1,99.58399997383357,796.6719997906686,,False,sl,346.0,-0.09958399997383822,0.08482319857171222,-0.18440719854555043,0.001,vwap_initial,-1,84756.8336231666,95.8777974810933,0.17285491525788602,1.0,3600
2025-04,586,1540619,1540965,2025-04-19T03:14:05+00:00,2025-04-19T03:19:55+00:00,84785.59696241093,84885.18096238477,-1,99.58399997383357,796.6719997906686,,False,sl,350.0,-0.09958399997383822,0.08483538896239784,-0.18441938893623605,0.001,vwap_initial,-1,84756.8336231666,95.8777974810933,0.2999999999999586,0.3,3600
2025-04,587,1540619,1541056,2025-04-19T03:14:05+00:00,2025-04-19T03:21:26+00:00,84804.77252190714,84904.35652188098,-1,99.58399997383357,796.6719997906686,,False,sl,441.0,-0.09958399997383822,0.08485456452189406,-0.1844385644957323,0.001,vwap_initial,-1,84756.8336231666,95.8777974810933,0.49999999999993094,0.5,3600
2025-04,592,1540672,1541836,2025-04-19T03:14:58+00:00,2025-04-19T03:34:40+00:00,84823.94808140337,84924.31608137727,-1,100.36799997389318,802.9439997911454,84870.1,True,soft_sl,1182.0,-0.10036799997389607,0.08487413208139033,-0.1852421320552864,0.001,vwap_initial,-1,84764.1182367439,96.21159982017524,0.621856873508975,0.7,3600
2025-04,593,1540695,1543978,2025-04-19T03:15:21+00:00,2025-04-19T04:11:24+00:00,84852.7114206477,84954.27142062162,-1,101.55999997392297,812.4799997913838,84870.1,True,soft_sl,3363.0,-0.10155999997392064,0.08490349142063466,-0.18646349139455531,0.001,vwap_initial,-1,84765.46345650595,100.4621612827341,0.8684659281438307,1.0,3600
2025-04,594,1540961,1544307,2025-04-19T03:19:51+00:00,2025-04-19T04:16:53+00:00,84868.251262385,84963.82726235835,-1,95.57599997334182,764.6079997867346,84870.1,True,soft_sl,3422.0,-0.09557599997334182,0.08491603926237168,-0.1804920392357135,0.001,vwap_initial,-1,84778.2282167663,98.21075650982833,0.9166312206310037,1.5,3600
2025-04,595,1541042,1545045,2025-04-19T03:21:12+00:00,2025-04-19T04:29:26+00:00,84900.65031938824,84990.59431936096,-1,89.94399997271597,719.5519997817278,84870.1,True,soft_sl,4094.0,-0.0899439999727183,0.0849456223193746,-0.1748896222920929,0.001,vwap_initial,-1,84784.38537004298,97.65414029881724,1.1905788017742744,1.5,3600
2025-04,571,1436051,1545138,2025-04-17T19:54:12+00:00,2025-04-19T04:30:59+00:00,84816.01617831779,85137.60017829818,-1,321.5839999803901,2572.671999843121,,False,sl,117407.0,-0.32158399998038656,0.084976808178308,-0.40656080815869455,0.001,vwap_inversion_flip,1,84756.07698546804,168.40616875303047,0.35592041131017776,0.3,3600
2025-04,572,1436117,1545154,2025-04-17T19:55:18+00:00,2025-04-19T04:31:15+00:00,84851.36294422518,85181.52294420582,-1,330.15999998062847,2641.2799998450278,,False,sl,117357.0,-0.3301599999806349,0.0850164429442155,-0.4151764429248504,0.001,vwap_inversion_flip,1,84757.33645277184,159.7606598960592,0.5885459631583971,0.5,3600
2025-04,573,1436117,1545156,2025-04-17T19:55:18+00:00,2025-04-19T04:31:17+00:00,84886.70971013258,85216.86971011321,-1,330.15999998062847,2641.2799998450278,,False,sl,117359.0,-0.3301599999806349,0.0850517897101229,-0.4152117896907578,0.001,vwap_inversion_flip,1,84757.33645277184,159.7606598960592,0.8097942099445002,0.7,3600
2025-04,574,1436659,1545866,2025-04-17T20:04:25+00:00,2025-04-19T04:43:07+00:00,84939.72985899368,85239.12185897419,-1,299.39199998050924,2395.135999844074,,False,sl,117522.0,-0.29939199998050753,0.08508942585898395,-0.38448142583949146,0.001,vwap_inversion_flip,1,84736.37776048105,137.82023047624776,1.47548801659916,1.0,3600
2025-04,575,1436812,1559694,2025-04-17T20:06:58+00:00,2025-04-19T08:40:02+00:00,84985.33544576571,85275.85544574611,-1,290.519999980405,2324.15999984324,,False,sl,131584.0,-0.2905199999804027,0.08513059544575592,-0.3756505954261586,0.001,vwap_inversion_flip,1,84737.1732036456,136.8265484006261,1.8136994978014203,0.3,3600
2025-04,576,1436882,1559790,2025-04-17T20:08:08+00:00,2025-04-19T08:41:38+00:00,85028.09677376217,85317.34477374195,-1,289.24799997977914,2313.983999838233,,False,sl,131610.0,-0.28924799997977974,0.08517272077375206,-0.3744207207535318,0.001,vwap_inversion_flip,1,84737.3554000384,135.73371409974482,2.1419982179969854,1.5,3600
2025-04,577,1436882,1559790,2025-04-17T20:08:08+00:00,2025-04-19T08:41:38+00:00,85033.90261410119,85323.15061408097,-1,289.24799997977914,2313.983999838233,,False,sl,131610.0,-0.28924799997977974,0.08517852661409107,-0.3744265265938708,0.001,vwap_inversion_flip,1,84737.3554000384,135.73371409974482,2.1847719708374216,0.5,3600
2025-04,597,1542256,1583666,2025-04-19T03:41:42+00:00,2025-04-19T15:32:16+00:00,84752.91633092181,85509.46033071594,1,94.56799997426569,756.5439997941255,,False,tp,42634.0,0.7565439997941285,0.08513118833081887,0.6714128114633096,0.001,vwap_inversion_flip,-1,84835.70761895533,74.52378699673102,1.1109377471269988,0.5,3600
2025-04,499,1342199,1583667,2025-04-16T17:24:41+00:00,2025-04-19T15:32:17+00:00,85122.72101802714,85525.53701801054,-1,402.81599998340016,3222.5279998672013,85354.9,True,soft_sl,252456.0,-0.40281599998340245,0.08532412901801883,-0.4881401290014213,0.001,vwap_initial,-1,85059.87188371687,209.49711436756286,0.29999999999998195,0.3,3600
2025-04,596,1542240,1583667,2025-04-19T03:41:26+00:00,2025-04-19T15:32:17+00:00,84771.62770890111,85528.6837086963,1,94.6319999743998,757.0559997951984,,False,tp,42651.0,0.7570559997951932,0.0851501557087987,0.6719058440863945,0.001,vwap_inversion_flip,-1,84836.09197492091,74.62343709959363,0.8638608529082562,0.3,3600
2025-04,500,1342199,1583668,2025-04-16T17:24:41+00:00,2025-04-19T15:32:18+00:00,85164.62044090065,85567.43644088405,-1,402.81599998340016,3222.5279998672013,85354.9,True,soft_sl,252457.0,-0.40281599998340245,0.08536602844089235,-0.4881820284242948,0.001,vwap_initial,-1,85059.87188371687,209.49711436756286,0.49999999999996986,0.5,3600
2025-04,598,1592876,1592878,2025-04-19T18:07:16+00:00,2025-04-19T18:07:18+00:00,85071.23633726241,85192.87633723782,-1,121.63999997541308,973.1199998033046,,False,sl,2.0,-0.12163999997540668,0.0851320563372501,-0.20677205631265677,0.001,vwap_inversion_flip,1,85040.09684499164,105.84623399778887,0.29419556175631206,0.3,3600
2025-04,599,1592876,1592953,2025-04-19T18:07:16+00:00,2025-04-19T18:08:35+00:00,85092.37185665211,85214.01185662752,-1,121.63999997541308,973.1199998033046,,False,sl,79.0,-0.12163999997540668,0.0851531918566398,-0.20679319183204647,0.001,vwap_inversion_flip,1,85040.09684499164,105.84623399778887,0.4938769164103182,0.5,3600
2025-04,600,1592876,1593190,2025-04-19T18:07:16+00:00,2025-04-19T18:12:40+00:00,85113.50737604182,85235.14737601722,-1,121.63999997541308,973.1199998033046,,False,sl,324.0,-0.12163999997540668,0.08517432737602951,-0.20681432735143618,0.001,vwap_inversion_flip,1,85040.09684499164,105.84623399778887,0.6935582710643243,0.7,3600
2025-04,601,1592876,1594490,2025-04-19T18:07:16+00:00,2025-04-19T18:35:08+00:00,85145.21065512636,85266.85065510176,-1,121.63999997541308,973.1199998033046,,False,sl,1672.0,-0.12163999997540668,0.08520603065511406,-0.20684603063052076,0.001,vwap_inversion_flip,1,85040.09684499164,105.84623399778887,0.9930803030451961,1.0,3600
2025-04,605,1599326,1599933,2025-04-19T20:05:16+00:00,2025-04-19T20:17:45+00:00,85046.01007029347,85095.05807026982,-1,49.04799997635186,392.3839998108149,,False,sl,749.0,-0.049047999976348365,0.08507053407028166,-0.13411853404663002,0.001,vwap_inversion_flip,1,85061.56405857152,39.66155019472162,0.0,0.3,3600
2025-04,606,1599443,1600171,2025-04-19T20:07:35+00:00,2025-04-19T20:22:02+00:00,85073.69524922679,85122.18324920307,-1,48.48799997627735,387.9039998102188,,False,sl,867.0,-0.04848799997627794,0.08509793924921492,-0.13358593922549286,0.001,vwap_inversion_flip,1,85060.8224391083,39.24993040928486,0.3279702660424919,0.3,3600
2025-04,607,1599485,1600418,2025-04-19T20:08:24+00:00,2025-04-19T20:27:04+00:00,85081.63918827008,85131.15918824662,-1,49.51999997653067,396.15999981224536,,False,sl,1120.0,-0.04951999997653184,0.08510639918825835,-0.1346263991647902,0.001,vwap_inversion_flip,1,85060.7124942399,39.175450269464996,0.5341787748767929,0.5,3600
2025-04,608,1599485,1600418,2025-04-19T20:08:24+00:00,2025-04-19T20:27:04+00:00,85081.23400429831,85130.75400427484,-1,49.51999997653067,396.15999981224536,,False,sl,1120.0,-0.04951999997653184,0.08510599400428659,-0.13462599398081843,0.001,vwap_inversion_flip,1,85060.7124942399,39.175450269464996,0.5238359716930342,0.5,3600
2025-04,609,1599933,1600467,2025-04-19T20:17:45+00:00,2025-04-19T20:27:56+00:00,85089.58312731338,85146.43912729059,-1,56.85599997721613,454.84799981772903,,False,sl,611.0,-0.05685599997721147,0.08511801112730198,-0.14197401110451346,0.001,vwap_inversion_flip,1,85063.46102303344,40.92632318643341,0.638271465554069,0.7,3600
2025-04,610,1599936,1600491,2025-04-19T20:17:48+00:00,2025-04-19T20:28:21+00:00,85101.49903587831,85158.97103585562,-1,57.471999977305536,459.7759998184443,,False,sl,633.0,-0.05747199997730786,0.08513023503586696,-0.14260223501317482,0.001,vwap_inversion_flip,1,85063.51845728848,40.924450308609025,0.9280656991951206,1.0,3600
2025-04,612,1600171,1600685,2025-04-19T20:22:02+00:00,2025-04-19T20:32:00+00:00,85116.45793830317,85171.59393828038,-1,55.13599997721613,441.08799981772904,,False,sl,598.0,-0.055135999977210304,0.08514402593829178,-0.1402800259155021,0.001,vwap_inversion_flip,1,85060.48533439016,37.89838660248774,1.4769125794217721,0.7,3600
2025-04,611,1600171,1600686,2025-04-19T20:22:02+00:00,2025-04-19T20:32:01+00:00,85121.35888348654,85176.49488346375,-1,55.13599997721613,441.08799981772904,,False,sl,599.0,-0.055135999977210304,0.08514892688347514,-0.14028492686068544,0.001,vwap_inversion_flip,1,85060.48533439016,37.89838660248774,1.606230622291919,1.5,3600
2025-04,613,1600597,1600871,2025-04-19T20:30:16+00:00,2025-04-19T20:35:32+00:00,85169.29383931044,85216.78183928777,-1,47.487999977320435,379.9039998185635,,False,sl,316.0,-0.047487999977325675,0.0851930378392991,-0.13268103781662477,0.001,vwap_inversion_flip,1,85067.26438204227,43.63952874881403,2.3380054779108255,1.0,3600
2025-04,602,1592878,1602935,2025-04-19T18:07:18+00:00,2025-04-19T21:16:40+00:00,85198.04945360062,85320.96945357604,-1,122.91999997541308,983.3599998033046,,False,sl,11362.0,-0.12291999997542007,0.08525950945358832,-0.20817950942900837,0.001,vwap_inversion_flip,1,85041.41063935921,106.38068621298447,1.4724365842856189,1.5,3600
2025-04,603,1592878,1602935,2025-04-19T18:07:18+00:00,2025-04-19T21:16:40+00:00,85195.39942538242,85318.31942535784,-1,122.91999997541308,983.3599998033046,,False,sl,11362.0,-0.12291999997542007,0.08525685942537015,-0.20817685940079023,0.001,vwap_inversion_flip,1,85041.41063935921,106.38068621298447,1.4475257822168162,0.3,3600
2025-04,604,1593212,1647410,2025-04-19T18:13:02+00:00,2025-04-20T10:43:28+00:00,85245.96969815384,84236.8816983552,-1,126.13599997483195,1009.0879997986556,,False,tp,59426.0,1.0090879997986486,0.08474142569825452,0.9243465741003941,0.001,vwap_inversion_flip,1,85070.73752525651,97.65181974079803,1.7944588576276428,0.5,3600
2025-04,616,1682099,1682099,2025-04-20T20:50:25+00:00,2025-04-20T20:50:25+00:00,84899.51162808767,85035.36762806086,-1,135.8559999731928,1086.8479997855425,,False,sl,0.0,-0.13585599997319514,0.08496743962807428,-0.22082343960126943,0.001,vwap_initial,-1,84978.66846674375,163.41071091599022,0.0,0.3,3600
2025-04,617,1682099,1682099,2025-04-20T20:50:25+00:00,2025-04-20T20:50:25+00:00,84951.25272022701,85087.10872020021,-1,135.8559999731928,1086.8479997855425,,False,sl,0.0,-0.13585599997319514,0.08501918072021361,-0.22087518069340875,0.001,vwap_initial,-1,84978.66846674375,163.41071091599022,0.0,0.5,3600
2025-04,618,1682099,1682677,2025-04-20T20:50:25+00:00,2025-04-20T21:00:06+00:00,85002.99381236636,85138.84981233955,-1,135.8559999731928,1086.8479997855425,,False,sl,581.0,-0.13585599997319514,0.08507092181235297,-0.22092692178554812,0.001,vwap_initial,-1,84978.66846674375,163.41071091599022,0.1488601664251626,0.7,3600
2025-04,614,1682099,1682682,2025-04-20T20:50:25+00:00,2025-04-20T21:00:11+00:00,85027.69168001854,85163.54767999174,-1,135.8559999731928,1086.8479997855425,,False,sl,586.0,-0.13585599997319514,0.08509561968000515,-0.2209516196532003,0.001,vwap_initial,-1,84978.66846674375,163.41071091599022,0.29999999999996585,0.3,3600
2025-04,615,1682099,1682683,2025-04-20T20:50:25+00:00,2025-04-20T21:00:12+00:00,85060.37382220174,85196.22982217494,-1,135.8559999731928,1086.8479997855425,,False,sl,587.0,-0.13585599997319514,0.08512830182218835,-0.22098430179538348,0.001,vwap_initial,-1,84978.66846674375,163.41071091599022,0.4999999999999728,0.5,3600
2025-04,623,1683116,1686281,2025-04-20T21:07:30+00:00,2025-04-20T22:02:22+00:00,84961.11863176798,84837.08663179328,1,124.03199997469784,992.2559997975827,,False,sl,3292.0,-0.12403199997470074,0.08489910263178063,-0.20893110260648137,0.001,vwap_inversion_flip,-1,85059.78713090737,97.83305343805797,1.0085395034905655,0.3,3600
2025-04,624,1683358,1686441,2025-04-20T21:11:35+00:00,2025-04-20T22:05:04+00:00,84932.61836836142,84817.95436838699,1,114.6639999744296,917.3119997954368,,False,sl,3209.0,-0.11466399997443659,0.0848752863683742,-0.1995392863428108,0.001,vwap_inversion_flip,-1,85067.7428636317,88.63676411775184,1.5244745971409106,0.5,3600
2025-04,625,1683563,1686473,2025-04-20T21:15:09+00:00,2025-04-20T22:05:36+00:00,84904.11810495486,84797.01410498087,1,107.10399997398258,856.8319997918607,,False,sl,3027.0,-0.10710399997398781,0.08485056610496788,-0.1919545660789557,0.001,vwap_inversion_flip,-1,85073.30584612157,80.84702637137524,2.0926897223100718,0.7,3600
2025-04,619,1682099,1690625,2025-04-20T20:50:25+00:00,2025-04-20T23:18:03+00:00,85080.60545057539,85216.46145054858,-1,135.8559999731928,1086.8479997855425,85122.3,True,soft_sl,8858.0,-0.13585599997319514,0.08514853345056199,-0.22100453342375714,0.001,vwap_initial,-1,84978.66846674375,163.41071091599022,0.623808459434708,1.0,3600
2025-04,620,1682145,1690625,2025-04-20T20:51:11+00:00,2025-04-20T23:18:03+00:00,85093.05596438494,85221.37596435797,-1,128.3199999730289,1026.5599997842312,85122.3,True,soft_sl,8812.0,-0.12831999997302773,0.08515721596437147,-0.2134772159373992,0.001,vwap_initial,-1,84982.29898411613,160.16961607776517,0.6914980692407608,0.7,3600
2025-04,621,1682677,1693507,2025-04-20T21:00:06+00:00,2025-04-21T00:07:02+00:00,85142.07917765975,85277.15917763456,-1,135.07999997481704,1080.6399997985363,85122.3,True,soft_sl,11216.0,-0.13507999997481238,0.08520961917764716,-0.22028961915245954,0.001,vwap_initial,-1,84996.81688625534,146.16635686647166,0.9938148183928983,1.0,3600
2025-04,622,1682685,1694004,2025-04-20T21:00:14+00:00,2025-04-21T00:15:20+00:00,85209.95818092374,85351.74218089877,-1,141.78399997502567,1134.2719998002053,85122.3,True,soft_sl,11706.0,-0.14178399997502858,0.08528085018091125,-0.22706485015593983,0.001,vwap_initial,-1,84998.79991103933,146.56061335520792,1.4407572747573432,1.5,3600
2025-04,501,1342199,1694657,2025-04-16T17:24:41+00:00,2025-04-21T00:26:13+00:00,85206.51986377417,85609.33586375757,-1,402.81599998340016,3222.5279998672013,85354.9,True,soft_sl,370892.0,-0.40281599998340245,0.08540792786376587,-0.48822392784716834,0.001,vwap_initial,-1,85059.87188371687,209.49711436756286,0.7000000000000273,0.7,3600
2025-04,502,1342199,1694659,2025-04-16T17:24:41+00:00,2025-04-21T00:26:15+00:00,85269.36899808444,85672.18499806784,-1,402.81599998340016,3222.5279998672013,85354.9,True,soft_sl,370894.0,-0.40281599998340245,0.08547077699807613,-0.4882867769814786,0.001,vwap_initial,-1,85059.87188371687,209.49711436756286,1.0000000000000093,1.0,3600
2025-04,507,1342369,1694659,2025-04-16T17:27:31+00:00,2025-04-21T00:26:15+00:00,85300.65035088467,85665.44235086726,-1,364.7919999825954,2918.3359998607634,85354.9,True,soft_sl,370724.0,-0.3647919999825972,0.08548304635087596,-0.45027504633347315,0.001,vwap_initial,-1,85070.92254874167,209.41804684795736,1.0969818771625908,1.5,3600
2025-04,50,722475,1694901,2025-04-09T11:53:49+00:00,2025-04-21T00:30:17+00:00,76555.32578860689,86497.14978861112,1,1242.728000000529,9941.824000004231,,False,tp,995788.0,9.941824000004228,0.081526237788609,9.86029776221562,0.001,vwap_inversion_flip,-1,76369.9613985589,359.93935399150445,0.0,0.3,3600
2025-04,280,830412,1694901,2025-04-10T17:55:41+00:00,2025-04-21T00:30:17+00:00,79270.12364071062,86496.555640667,1,903.3039999945461,7226.431999956369,79188.1,True,tp,887676.0,7.226431999956374,0.08288333964068881,7.143548660315686,0.001,vwap_initial,1,79079.26591984408,249.89820779210154,0.0,0.5,3600
2025-04,279,830399,1694905,2025-04-10T17:55:28+00:00,2025-04-21T00:30:21+00:00,79462.4294359588,86656.98943591528,1,899.319999994561,7194.559999956488,79188.1,True,tp,887693.0,7.194559999956487,0.08305970943593705,7.11150029052055,0.001,vwap_initial,1,79079.34872922853,250.00177516049715,0.0,0.3,3600
2025-04,117,732992,1694916,2025-04-09T14:49:07+00:00,2025-04-21T00:30:32+00:00,77293.59728433492,86811.54928433658,1,1189.7440000002086,9517.95200000167,77663.6,True,tp,985285.0,9.517952000001664,0.08205257328433575,9.435899426717327,0.001,vwap_initial,1,77673.90985063119,240.03092347434276,1.5844315423671749,1.0,3600
2025-04,118,732992,1694916,2025-04-09T14:49:07+00:00,2025-04-21T00:30:32+00:00,77301.96038393895,86819.91238394061,1,1189.7440000002086,9517.95200000167,,False,tp,985285.0,9.517952000001664,0.0820609363839398,9.435891063617724,0.001,vwap_inversion_flip,-1,77673.90985063119,240.03092347434276,1.5495897833013932,1.0,3600
2025-04,115,732962,1697020,2025-04-09T14:48:37+00:00,2025-04-21T01:05:36+00:00,77379.83505714295,87023.48305714485,1,1205.4560000002384,9643.648000001907,77663.6,True,tp,987419.0,9.643648000001907,0.0822016590571439,9.561446340944762,0.001,vwap_initial,1,77674.87015014613,241.88447812748342,1.2197355336198523,0.7,3600
2025-04,414,905772,1697020,2025-04-11T15:00:00+00:00,2025-04-21T01:05:36+00:00,81831.9746607369,87004.96666066407,1,646.6239999908954,5172.991999927163,81985.5,True,tp,813936.0,5.1729919999271665,0.08441847066070049,5.0885735292664664,0.001,vwap_initial,1,82052.41850152555,407.8463027163762,0.540507145266311,0.7,3600
2025-04,116,732962,1697021,2025-04-09T14:48:37+00:00,2025-04-21T01:05:37+00:00,77388.26464049301,87031.91264049492,1,1205.4560000002384,9643.648000001907,,False,tp,987420.0,9.643648000001907,0.08221008864049396,9.561437911361413,0.001,vwap_inversion_flip,-1,77674.87015014613,241.88447812748342,1.184885908644649,0.7,3600
2025-04,126,733838,1697023,2025-04-09T15:03:13+00:00,2025-04-21T01:05:39+00:00,76969.67605359326,87052.81205360184,1,1260.3920000010728,10083.136000008582,,False,tp,986546.0,10.083136000008585,0.08201124405359755,10.001124755954987,0.001,vwap_inversion_flip,-1,77429.27635536077,306.534068356986,1.4993449316448086,1.5,3600
2025-04,274,829461,1697028,2025-04-10T17:39:49+00:00,2025-04-21T01:05:44+00:00,79193.73757748363,87168.39357745108,1,996.8319999959319,7974.6559999674555,79139.4,True,tp,890755.0,7.9746559999674504,0.08318106557746735,7.891474934389983,0.001,vwap_initial,1,79116.58074112298,264.1561559914853,0.0,0.7,3600
2025-04,413,905733,1697028,2025-04-11T14:59:21+00:00,2025-04-21T01:05:44+00:00,81868.54757799041,87168.1955779196,1,662.4559999911487,5299.64799992919,81985.5,True,tp,813983.0,5.299647999929191,0.084518371577955,5.215129628351236,0.001,vwap_initial,1,82058.53754053073,412.4937992746163,0.4605886509674158,1.0,3600
2025-04,125,733838,1697029,2025-04-09T15:03:13+00:00,2025-04-21T01:05:45+00:00,77123.00813041972,87206.1441304283,1,1260.3920000010728,10083.136000008582,,False,tp,986552.0,10.083136000008585,0.08216457613042401,10.00097142387816,0.001,vwap_inversion_flip,-1,77429.27635536077,306.534068356986,0.999132744306797,1.0,3600
2025-04,124,733838,1699004,2025-04-09T15:03:13+00:00,2025-04-21T01:38:40+00:00,77215.0073765156,87298.14337652418,1,1260.3920000010728,10083.136000008582,,False,tp,988527.0,10.083136000008585,0.0822565753765199,10.000879424632064,0.001,vwap_inversion_flip,-1,77429.27635536077,306.534068356986,0.6990054319040091,0.7,3600
2025-04,123,733838,1699013,2025-04-09T15:03:13+00:00,2025-04-21T01:38:49+00:00,77276.34020724619,87359.47620725477,1,1260.3920000010728,10083.136000008582,,False,tp,988536.0,10.083136000008585,0.08231790820725049,10.000818091801335,0.001,vwap_inversion_flip,-1,77429.27635536077,306.534068356986,0.4989205569687854,0.5,3600
2025-04,272,829319,1699013,2025-04-10T17:37:27+00:00,2025-04-21T01:38:49+00:00,79393.42791155883,87336.85191152462,1,992.9279999957234,7943.4239999657875,79139.4,True,tp,892882.0,7.943423999965788,0.08336513991154172,7.860058860054246,0.001,vwap_initial,1,79121.51568455188,265.5873748536447,0.0,0.5,3600
2025-04,122,733838,1701503,2025-04-09T15:03:13+00:00,2025-04-21T02:20:19+00:00,77337.67303797678,87420.80903798537,1,1260.3920000010728,10083.136000008582,,False,tp,991026.0,10.083136000008585,0.08237924103798108,10.000756758970605,0.001,vwap_inversion_flip,-1,77429.27635536077,306.534068356986,0.2988356820335618,0.3,3600
2025-04,271,829319,1701667,2025-04-10T17:37:27+00:00,2025-04-21T02:23:03+00:00,79593.11824563403,87536.54224559982,1,992.9279999957234,7943.4239999657875,79139.4,True,tp,895536.0,7.943423999965788,0.08356483024561694,7.8598591697201705,0.001,vwap_initial,1,79121.51568455188,265.5873748536447,0.0,0.3,3600
2025-04,631,1701776,1701776,2025-04-21T02:24:52+00:00,2025-04-21T02:24:52+00:00,86651.7722264261,87009.53222640576,-1,357.75999997965994,2862.0799998372795,,False,sl,0.0,-0.35775999997966573,0.08683065222641594,-0.4445906522060817,0.001,vwap_inversion_flip,1,87262.72651403086,132.31520397197608,0.0,0.3,3600
2025-04,632,1701776,1701776,2025-04-21T02:24:52+00:00,2025-04-21T02:24:52+00:00,86812.48579954884,87170.24579952851,-1,357.75999997965994,2862.0799998372795,,False,sl,0.0,-0.35775999997966573,0.08699136579953867,-0.4447513657792044,0.001,vwap_inversion_flip,1,87262.72651403086,132.31520397197608,0.0,0.5,3600
2025-04,633,1701776,1701776,2025-04-21T02:24:52+00:00,2025-04-21T02:24:52+00:00,86973.19937267157,87330.95937265124,-1,357.75999997965994,2862.0799998372795,,False,sl,0.0,-0.35775999997966573,0.08715207937266141,-0.44491207935232713,0.001,vwap_inversion_flip,1,87262.72651403086,132.31520397197608,0.0,0.7,3600
2025-04,634,1701776,1704256,2025-04-21T02:24:52+00:00,2025-04-21T03:06:13+00:00,87214.2697323557,87572.02973233536,-1,357.75999997965994,2862.0799998372795,,False,sl,2481.0,-0.35775999997966573,0.08739314973234553,-0.44515314971201125,0.001,vwap_inversion_flip,1,87262.72651403086,132.31520397197608,0.0,1.0,3600
2025-04,626,1701776,1714076,2025-04-21T02:24:52+00:00,2025-04-21T05:50:36+00:00,87302.38120647162,87660.14120645128,-1,357.75999997965994,2862.0799998372795,,False,sl,12344.0,-0.35775999997966573,0.08748126120646145,-0.44524126118612717,0.001,vwap_inversion_flip,1,87262.72651403086,132.31520397197608,0.29969868352512324,0.3,3600
2025-04,627,1701776,1714077,2025-04-21T02:24:52+00:00,2025-04-21T05:50:37+00:00,87328.84905384663,87686.6090538263,-1,357.75999997965994,2862.0799998372795,,False,sl,12345.0,-0.35775999997966573,0.08750772905383646,-0.4452677290335022,0.001,vwap_inversion_flip,1,87262.72651403086,132.31520397197608,0.49973501026967354,0.5,3600
2025-04,628,1701776,1725727,2025-04-21T02:24:52+00:00,2025-04-21T09:07:03+00:00,87355.31690122164,87713.0769012013,-1,357.75999997965994,2862.0799998372795,,False,sl,24131.0,-0.35775999997966573,0.08753419690121148,-0.44529419688087724,0.001,vwap_inversion_flip,1,87262.72651403086,132.31520397197608,0.6997713370142238,0.7,3600
2025-04,629,1701776,1725728,2025-04-21T02:24:52+00:00,2025-04-21T09:07:04+00:00,87395.01867228415,87752.77867226381,-1,357.75999997965994,2862.0799998372795,,False,sl,24132.0,-0.35775999997966573,0.08757389867227398,-0.44533389865193973,0.001,vwap_inversion_flip,1,87262.72651403086,132.31520397197608,0.9998258271309943,1.0,3600
2025-04,645,1743851,1744429,2025-04-21T14:10:22+00:00,2025-04-21T14:20:00+00:00,87193.08214810387,87761.96214809039,-1,568.8799999865145,4551.039999892116,,False,sl,578.0,-0.5688799999865151,0.08747752214809713,-0.6563575221346122,0.001,vwap_inversion_flip,1,87219.3861065736,197.6418439917471,0.0,0.3,3600
2025-04,646,1743851,1744429,2025-04-21T14:10:22+00:00,2025-04-21T14:20:00+00:00,87238.44784218274,87807.32784216925,-1,568.8799999865145,4551.039999892116,,False,sl,578.0,-0.5688799999865151,0.08752288784217599,-0.656402887828691,0.001,vwap_inversion_flip,1,87219.3861065736,197.6418439917471,0.09644584984713464,0.5,3600
2025-04,111,732388,1744430,2025-04-09T14:39:03+00:00,2025-04-21T14:20:01+00:00,77503.33698256512,87869.28898256618,1,1295.744000000134,10365.952000001073,,False,tp,1035658.0,10.365952000001068,0.08268631298256565,10.283265687018503,0.001,vwap_inversion_flip,-1,77633.07075512591,259.83330939760447,0.49929615591460463,0.3,3600
2025-04,113,732389,1744430,2025-04-09T14:39:04+00:00,2025-04-21T14:20:01+00:00,77437.32690568162,87841.42290568246,1,1300.5120000001043,10404.096000000834,77663.6,True,tp,1035657.0,10.404096000000834,0.08263937490568203,10.321456625095152,0.001,vwap_initial,1,77632.10867420505,259.26904352578214,0.7512727546436284,0.5,3600
2025-04,114,732389,1744430,2025-04-09T14:39:04+00:00,2025-04-21T14:20:01+00:00,77445.80081152906,87849.89681152989,1,1300.5120000001043,10404.096000000834,,False,tp,1035657.0,10.404096000000834,0.08264784881152948,10.321448151189305,0.001,vwap_inversion_flip,-1,77632.10867420505,259.26904352578214,0.7185889226974734,0.5,3600
2025-04,418,906359,1744430,2025-04-11T15:09:47+00:00,2025-04-21T14:20:01+00:00,81965.30255681305,87848.24655674188,1,735.3679999911039,5882.9439999288315,,False,tp,861014.0,5.8829439999288295,0.08490677455677748,5.7980372253720525,0.001,vwap_initial,1,81886.4628140481,304.3386296114942,0.0,0.7,3600
2025-04,630,1701776,1744430,2025-04-21T02:24:52+00:00,2025-04-21T14:20:01+00:00,87461.18829072166,87818.94829070133,-1,357.75999997965994,2862.0799998372795,,False,sl,42909.0,-0.35775999997966573,0.0876400682907115,-0.44540006827037726,0.001,vwap_inversion_flip,1,87262.72651403086,132.31520397197608,1.499916643992315,1.5,3600
2025-04,642,1743851,1744430,2025-04-21T14:10:22+00:00,2025-04-21T14:20:01+00:00,87278.61801437751,87847.49801436403,-1,568.8799999865145,4551.039999892116,,False,sl,579.0,-0.5688799999865151,0.08756305801437077,-0.6564430580008859,0.001,vwap_inversion_flip,1,87219.3861065736,197.6418439917471,0.2996931550911246,0.3,3600
2025-04,643,1743851,1744430,2025-04-21T14:10:22+00:00,2025-04-21T14:20:01+00:00,87318.1508718939,87887.03087188042,-1,568.8799999865145,4551.039999892116,,False,sl,579.0,-0.5688799999865151,0.08760259087188718,-0.6564825908584022,0.001,vwap_inversion_flip,1,87219.3861065736,197.6418439917471,0.49971586646614274,0.5,3600
2025-04,647,1743851,1744430,2025-04-21T14:10:22+00:00,2025-04-21T14:20:01+00:00,87283.8135362616,87852.69353624812,-1,568.8799999865145,4551.039999892116,,False,sl,579.0,-0.5688799999865151,0.08756825353625487,-0.6564482535227699,0.001,vwap_inversion_flip,1,87219.3861065736,197.6418439917471,0.32598071535242973,0.7,3600
2025-04,112,732389,1744431,2025-04-09T14:39:04+00:00,2025-04-21T14:20:02+00:00,77494.81875422031,87898.91475422114,1,1300.5120000001043,10404.096000000834,77663.6,True,tp,1035658.0,10.404096000000834,0.08269686675422072,10.321399133246613,0.001,vwap_initial,1,77632.10867420505,259.26904352578214,0.5295268502469439,0.3,3600
2025-04,417,906359,1744432,2025-04-11T15:09:47+00:00,2025-04-21T14:20:03+00:00,82053.41843054723,87936.36243047606,1,735.3679999911039,5882.9439999288315,,False,tp,861016.0,5.8829439999288295,0.08499489043051164,5.797949109498318,0.001,vwap_initial,1,81886.4628140481,304.3386296114942,0.0,0.5,3600
2025-04,644,1743851,1744432,2025-04-21T14:10:22+00:00,2025-04-21T14:20:03+00:00,87357.68372941027,87926.56372939679,-1,568.8799999865145,4551.039999892116,,False,sl,581.0,-0.5688799999865151,0.08764212372940354,-0.6565221237159186,0.001,vwap_inversion_flip,1,87219.3861065736,197.6418439917471,0.6997385778410873,0.7,3600
2025-04,648,1743851,1744432,2025-04-21T14:10:22+00:00,2025-04-21T14:20:03+00:00,87351.8620773799,87920.74207736642,-1,568.8799999865145,4551.039999892116,,False,sl,581.0,-0.5688799999865151,0.08763630207737318,-0.6565163020638882,0.001,vwap_inversion_flip,1,87219.3861065736,197.6418439917471,0.6702830136104091,1.0,3600
2025-04,649,1743858,1744433,2025-04-21T14:10:29+00:00,2025-04-21T14:20:04+00:00,87416.98301568483,87986.07101567132,-1,569.0879999864846,4552.703999891877,,False,sl,575.0,-0.5690879999864846,0.08770152701567809,-0.6567895270021628,0.001,vwap_inversion_flip,1,87220.18928384226,197.19144714905656,0.9979831006251121,1.0,3600
2025-04,416,906359,1744434,2025-04-11T15:09:47+00:00,2025-04-21T14:20:05+00:00,82141.5343042814,88024.47830421024,1,735.3679999911039,5882.9439999288315,,False,tp,861018.0,5.8829439999288295,0.08508300630424583,5.7978609936245835,0.001,vwap_initial,1,81886.4628140481,304.3386296114942,0.0,0.3,3600
2025-04,650,1743995,1744537,2025-04-21T14:12:46+00:00,2025-04-21T14:21:48+00:00,87465.27631257707,88046.26831256413,-1,580.9919999870658,4647.9359998965265,,False,sl,542.0,-0.5809919999870617,0.0877557723125706,-0.6687477722996323,0.001,vwap_inversion_flip,1,87236.38125146709,189.1402295978401,1.2101870744086278,1.5,3600
2025-04,419,906647,1744538,2025-04-11T15:14:36+00:00,2025-04-21T14:21:49+00:00,81833.12874621179,88073.57674614455,1,780.0559999915957,6240.447999932766,,False,tp,860833.0,6.240447999932759,0.08495335274617817,6.155494647186581,0.001,vwap_initial,1,81853.08522162853,267.23827402490207,0.07467671122167624,1.0,3600
2025-04,651,1744060,1744538,2025-04-21T14:13:51+00:00,2025-04-21T14:21:49+00:00,87515.81515947578,88090.98315946263,-1,575.1679999868571,4601.343999894857,,False,sl,478.0,-0.5751679999868502,0.0878033991594692,-0.6629713991463194,0.001,vwap_inversion_flip,1,87245.59704804512,186.89151270428357,1.4458554458715405,1.5,3600
2025-04,420,906694,1744766,2025-04-11T15:15:23+00:00,2025-04-21T14:25:37+00:00,81795.16122516466,88138.71322510076,1,792.943999992013,6343.551999936104,,False,tp,861014.0,6.343551999936099,0.08496693722513271,6.258585062710966,0.001,vwap_initial,1,81847.06106940069,260.33554008388086,0.19935750692859439,0.3,3600
2025-04,264,828539,1744767,2025-04-10T17:24:27+00:00,2025-04-21T14:25:38+00:00,79014.92504964788,88156.62104961772,1,1142.7119999962301,9141.695999969841,,False,tp,939671.0,9.141695999969844,0.08358577304963281,9.058110226920212,0.001,vwap_initial,1,79094.74142740438,266.0545925216883,0.2999999999999981,0.3,3600
2025-04,267,828539,1745039,2025-04-10T17:24:27+00:00,2025-04-21T14:30:10+00:00,79254.89116908592,88396.58716905577,1,1142.7119999962301,9141.695999969841,,False,tp,939943.0,9.141695999969844,0.08382573916907085,9.057870260800774,0.001,vwap_initial,1,79094.74142740438,266.0545925216883,0.0,0.7,3600
2025-04,652,1747739,1747926,2025-04-21T15:15:10+00:00,2025-04-21T15:18:17+00:00,87671.63700858825,88106.69300857054,-1,435.0559999822825,3480.44799985826,87946.1,True,soft_sl,187.0,-0.43505599998228717,0.08788916500857939,-0.5229451649908665,0.001,vwap_initial,-1,88057.70888455637,190.95352866520366,0.0,0.3,3600
2025-04,653,1747739,1747946,2025-04-21T15:15:10+00:00,2025-04-21T15:18:37+00:00,87774.0629877163,88209.11898769859,-1,435.0559999822825,3480.44799985826,87946.1,True,soft_sl,207.0,-0.43505599998228717,0.08799159098770744,-0.5230475909699946,0.001,vwap_initial,-1,88057.70888455637,190.95352866520366,0.0,0.5,3600
2025-04,660,1748252,1748466,2025-04-21T15:23:43+00:00,2025-04-21T15:27:17+00:00,87725.49211791572,88179.82811789875,-1,454.3359999830276,3634.6879998642207,,False,sl,214.0,-0.45433599998302815,0.08795266011790724,-0.5422886601009353,0.001,vwap_inversion_flip,1,88117.54290362095,153.63848372026894,0.0,0.3,3600
2025-04,658,1748234,1752956,2025-04-21T15:23:25+00:00,2025-04-21T16:42:12+00:00,88032.79314751009,87585.96914752695,1,446.8239999831468,3574.5919998651743,88046.5,True,soft_sl,4727.0,-0.44682399998314215,0.08780938114751852,-0.5346333811306607,0.001,vwap_initial,1,88117.24236346167,153.70322937920864,0.5494303294254844,0.3,3600
2025-04,655,1747796,1752960,2025-04-21T15:16:07+00:00,2025-04-21T16:42:16+00:00,88009.5546814407,87578.01868145796,1,431.53599998272955,3452.2879998618364,,False,sl,5169.0,-0.43153599998273423,0.08779378668144934,-0.5193297866641836,0.001,vwap_inversion_flip,-1,88064.80784061273,183.29886753404233,0.3014375370419077,0.3,3600
2025-04,659,1748235,1753050,2025-04-21T15:23:26+00:00,2025-04-21T16:43:46+00:00,88000.46240642636,87552.03040644324,1,448.43199998311695,3587.4559998649356,88046.5,True,soft_sl,4820.0,-0.4484319999831205,0.0877762464064348,-0.5362082463895553,0.001,vwap_initial,1,88116.92119707598,153.64922755026615,0.7579523340689555,0.5,3600
2025-04,656,1747796,1753119,2025-04-21T15:16:07+00:00,2025-04-21T16:44:55+00:00,87972.8524019263,87541.31640194356,1,431.53599998272955,3452.2879998618364,,False,sl,5328.0,-0.43153599998273423,0.08775708440193493,-0.5192930843846691,0.001,vwap_inversion_flip,-1,88064.80784061273,183.29886753404233,0.501669431587486,0.5,3600
2025-04,657,1747796,1753140,2025-04-21T15:16:07+00:00,2025-04-21T16:45:16+00:00,87936.15012241191,87504.61412242918,1,431.53599998272955,3452.2879998618364,,False,sl,5349.0,-0.43153599998273423,0.08772038212242055,-0.5192563821051548,0.001,vwap_inversion_flip,-1,88064.80784061273,183.29886753404233,0.7019013261329848,0.7,3600
2025-04,673,1759499,1759499,2025-04-21T18:31:19+00:00,2025-04-21T18:31:19+00:00,87227.55522239936,86917.41122241778,1,310.14399998158217,2481.1519998526574,,False,sl,0.0,-0.3101439999815775,0.08707248322240857,-0.39721648320398606,0.001,vwap_initial,1,86845.17140388681,140.4187111977522,0.0,0.3,3600
2025-04,674,1759499,1759678,2025-04-21T18:31:19+00:00,2025-04-21T18:34:21+00:00,87102.23717619792,86792.09317621634,1,310.14399998158217,2481.1519998526574,,False,sl,182.0,-0.3101439999815775,0.08694716517620713,-0.39709116515778464,0.001,vwap_initial,1,86845.17140388681,140.4187111977522,0.0,0.5,3600
2025-04,677,1759717,1762472,2025-04-21T18:35:01+00:00,2025-04-21T19:21:17+00:00,86856.64245293253,87192.96245291606,-1,336.3199999835342,2690.5599998682737,,False,sl,2776.0,-0.33631999998353423,0.08702480245292431,-0.42334480243645856,0.001,vwap_inversion_flip,1,86821.16852231647,118.19643926683426,0.30012689752843213,0.3,3600
2025-04,678,1759717,1762476,2025-04-21T18:35:01+00:00,2025-04-21T19:21:21+00:00,86880.28385605829,87216.60385604182,-1,336.3199999835342,2690.5599998682737,,False,sl,2780.0,-0.33631999998353423,0.08704844385605005,-0.4233684438395843,0.001,vwap_inversion_flip,1,86821.16852231647,118.19643926683426,0.5001447937730683,0.5,3600
2025-04,679,1759735,1762518,2025-04-21T18:35:20+00:00,2025-04-21T19:22:03+00:00,86903.92525918403,87242.38125916744,-1,338.4559999834001,2707.6479998672007,,False,sl,2803.0,-0.33845599998340187,0.08707315325917574,-0.4255291532425776,0.001,vwap_inversion_flip,1,86819.54045031982,117.00749750297246,0.7211914677695586,0.7,3600
2025-04,680,1759748,1763209,2025-04-21T18:35:33+00:00,2025-04-21T19:33:34+00:00,86939.38736387265,87275.22736385619,-1,335.8399999835342,2686.7199998682736,,False,sl,3481.0,-0.3358399999835383,0.0871073073638644,-0.4229473073474027,0.001,vwap_inversion_flip,1,86819.54628332917,116.8553010367395,1.0255510830938257,1.0,3600
2025-04,684,1782610,1782909,2025-04-22T01:04:45+00:00,2025-04-22T01:09:44+00:00,87323.19085925468,87663.1508592359,-1,339.95999998122454,2719.6799998497963,,False,sl,299.0,-0.3399599999812199,0.0874931708592453,-0.4274531708404652,0.001,vwap_inversion_flip,1,87435.72348654327,151.51616279351833,0.0,0.3,3600
2025-04,685,1782610,1782958,2025-04-22T01:04:45+00:00,2025-04-22T01:10:33+00:00,87364.90234172318,87704.8623417044,-1,339.95999998122454,2719.6799998497963,,False,sl,348.0,-0.3399599999812199,0.0875348823417138,-0.4274948823229337,0.001,vwap_inversion_flip,1,87435.72348654327,151.51616279351833,0.0,0.5,3600
2025-04,686,1782610,1783045,2025-04-22T01:04:45+00:00,2025-04-22T01:12:00+00:00,87406.61382419168,87746.5738241729,-1,339.95999998122454,2719.6799998497963,,False,sl,435.0,-0.3399599999812199,0.0875765938241823,-0.4275365938054022,0.001,vwap_inversion_flip,1,87435.72348654327,151.51616279351833,0.0,0.7,3600
2025-04,687,1782610,1783248,2025-04-22T01:04:45+00:00,2025-04-22T01:15:23+00:00,87469.18104789442,87809.14104787564,-1,339.95999998122454,2719.6799998497963,,False,sl,638.0,-0.3399599999812199,0.08763916104788504,-0.42759916102910495,0.001,vwap_inversion_flip,1,87435.72348654327,151.51616279351833,0.22081843107886862,1.0,3600
2025-04,681,1782610,1783251,2025-04-22T01:04:45+00:00,2025-04-22T01:15:26+00:00,87481.22663198218,87821.1866319634,-1,339.95999998122454,2719.6799998497963,,False,sl,641.0,-0.3399599999812199,0.0876512066319728,-0.4276112066131927,0.001,vwap_inversion_flip,1,87435.72348654327,151.51616279351833,0.30031875543812653,0.3,3600
2025-04,682,1782610,1783251,2025-04-22T01:04:45+00:00,2025-04-22T01:15:26+00:00,87511.52016075066,87851.48016073188,-1,339.95999998122454,2719.6799998497963,,False,sl,641.0,-0.3399599999812199,0.08768150016074126,-0.4276415001419612,0.001,vwap_inversion_flip,1,87435.72348654327,151.51616279351833,0.5002547108501207,0.5,3600
2025-04,683,1782610,1783258,2025-04-22T01:04:45+00:00,2025-04-22T01:15:33+00:00,87541.81368951914,87881.77368950036,-1,339.95999998122454,2719.6799998497963,,False,sl,648.0,-0.3399599999812199,0.08771179368950975,-0.42767179367072966,0.001,vwap_inversion_flip,1,87435.72348654327,151.51616279351833,0.7001906662621149,0.7,3600
2025-04,688,1782680,1783258,2025-04-22T01:05:55+00:00,2025-04-22T01:15:33+00:00,87573.45975406565,87910.80375404656,-1,337.34399998091163,2698.751999847293,,False,sl,578.0,-0.3373439999809052,0.08774213175405612,-0.42508613173496135,0.001,vwap_inversion_flip,1,87436.74841357282,151.4109300942462,0.9029159282473349,1.5,3600
2025-04,689,1782684,1783260,2025-04-22T01:05:59+00:00,2025-04-22T01:15:35+00:00,87587.25398267187,87924.47798265278,-1,337.22399998091163,2697.791999847293,,False,sl,576.0,-0.33722399998090985,0.08775586598266233,-0.4249798659635722,0.001,vwap_inversion_flip,1,87436.80244269478,151.41819758206734,0.9936159746951579,1.0,3600
2025-04,690,1782909,1783262,2025-04-22T01:09:44+00:00,2025-04-22T01:15:37+00:00,87662.98780459307,87958.83580457322,-1,295.84799998015166,2366.7839998412132,,False,sl,353.0,-0.2958479999801493,0.08781091180458314,-0.38365891178473244,0.001,vwap_inversion_flip,1,87434.95307968791,152.29650844841746,1.4973076351411598,1.5,3600
2025-04,661,1748252,1783414,2025-04-21T15:23:43+00:00,2025-04-22T01:18:09+00:00,87826.47587911233,88280.81187909536,-1,454.3359999830276,3634.6879998642207,,False,sl,35666.0,-0.45433599998302815,0.08805364387910386,-0.5423896438621321,0.001,vwap_inversion_flip,1,88117.54290362095,153.63848372026894,0.0,0.5,3600
2025-04,654,1747755,1783434,2025-04-21T15:15:26+00:00,2025-04-22T01:18:29+00:00,87876.48896684435,88309.56896682677,-1,433.07999998241667,3464.6399998593333,87946.1,True,soft_sl,36183.0,-0.433079999982423,0.08809302896683556,-0.5211730289492585,0.001,vwap_initial,-1,88059.54253502542,189.11533180355502,0.0,0.7,3600
2025-04,662,1748252,1783475,2025-04-21T15:23:43+00:00,2025-04-22T01:19:10+00:00,87927.45964030892,88381.79564029195,-1,454.3359999830276,3634.6879998642207,,False,sl,35727.0,-0.45433599998302815,0.08815462764030044,-0.5424906276233286,0.001,vwap_inversion_flip,1,88117.54290362095,153.63848372026894,0.0,0.7,3600
2025-04,663,1748252,1783548,2025-04-21T15:23:43+00:00,2025-04-22T01:20:23+00:00,88078.93528210382,88533.27128208685,-1,454.3359999830276,3634.6879998642207,,False,sl,35800.0,-0.45433599998302815,0.08830610328209534,-0.5426421032651235,0.001,vwap_inversion_flip,1,88117.54290362095,153.63848372026894,0.0,1.0,3600
2025-04,266,828539,1783550,2025-04-10T17:24:27+00:00,2025-04-22T01:20:25+00:00,79461.30061896227,88602.99661893211,1,1142.7119999962301,9141.695999969841,,False,tp,978958.0,9.141695999969844,0.08403214861894719,9.057663851350897,0.001,vwap_initial,1,79094.74142740438,266.0545925216883,0.0,0.5,3600
2025-04,664,1748357,1783551,2025-04-21T15:25:28+00:00,2025-04-22T01:20:26+00:00,88163.60926953117,88626.04126951421,-1,462.4319999830425,3699.45599986434,,False,sl,35698.0,-0.46243199998304774,0.0883948252695227,-0.5508268252525704,0.001,vwap_inversion_flip,1,88121.7024801984,154.42003977620217,0.27138180636080933,0.3,3600
2025-04,22,685130,1783568,2025-04-09T01:30:45+00:00,2025-04-22T01:20:43+00:00,74885.13479460393,88650.19079460893,1,1720.6320000006258,13765.056000005006,,False,tp,1122598.0,13.765056000005004,0.08176766279460644,13.683288337210398,0.001,vwap_inversion_flip,-1,75512.25084340633,627.3436188802056,0.999637248118968,1.0,3600
2025-04,665,1748638,1783568,2025-04-21T15:30:09+00:00,2025-04-22T01:20:43+00:00,88194.33723784095,88633.61723782374,-1,439.27999998278915,3514.239999862313,,False,sl,35434.0,-0.43927999998278394,0.08841397723783236,-0.5276939772206163,0.001,vwap_inversion_flip,1,88098.93672955675,154.31285331668454,0.6182278807872328,0.5,3600
2025-04,666,1748658,1783570,2025-04-21T15:30:29+00:00,2025-04-22T01:20:45+00:00,88225.06520615076,88666.87320613366,-1,441.8079999829084,3534.4639998632674,,False,sl,35416.0,-0.44180799998290604,0.08844596920614221,-0.5302539691890482,0.001,vwap_inversion_flip,1,88094.81577040846,151.4429741980511,0.8600559810187255,0.7,3600
2025-04,33,685322,1783616,2025-04-09T01:33:57+00:00,2025-04-22T01:21:31+00:00,75138.68244364468,88721.14644365189,1,1697.8080000009015,13582.464000007212,,False,tp,1122454.0,13.58246400000721,0.08192991444364828,13.500534085563562,0.001,vwap_initial,1,75424.98775557899,573.7189067552545,0.4990341237899029,0.5,3600
2025-04,412,905252,1783616,2025-04-11T14:51:20+00:00,2025-04-22T01:21:31+00:00,81934.6773284371,88766.10132838202,1,853.9279999931157,6831.4239999449255,81985.5,True,tp,901811.0,6.83142399994492,0.08535038932840958,6.74607361061651,0.001,vwap_initial,1,82114.76659721666,453.3823911109413,0.39721275530414113,0.5,3600
2025-04,667,1748859,1783616,2025-04-21T15:33:50+00:00,2025-04-22T01:21:31+00:00,88271.15715861545,88715.80515859813,-1,444.64799998268484,3557.1839998614787,,False,sl,35261.0,-0.4446479999826843,0.0884934811586068,-0.5331414811412911,0.001,vwap_inversion_flip,1,88068.47694967507,139.6122745112262,1.4517363150908456,1.0,3600
2025-04,27,685130,1783619,2025-04-09T01:30:45+00:00,2025-04-22T01:21:34+00:00,75044.68935409772,88809.74535410272,1,1720.6320000006258,13765.056000005006,,False,tp,1122649.0,13.765056000005004,0.08192721735410022,13.683128782650904,0.001,vwap_inversion_flip,-1,75512.25084340633,627.3436188802056,0.7453036505626751,1.5,3600
2025-04,265,828539,1783619,2025-04-10T17:24:27+00:00,2025-04-22T01:21:34+00:00,79667.71006883861,88809.40606880846,1,1142.7119999962301,9141.695999969841,,False,tp,979027.0,9.141695999969844,0.08423855806882354,9.05745744190102,0.001,vwap_initial,1,79094.74142740438,266.0545925216883,0.0,0.3,3600
2025-04,21,685130,1783629,2025-04-09T01:30:45+00:00,2025-04-22T01:21:44+00:00,75073.34465268842,88838.40065269342,1,1720.6320000006258,13765.056000005006,,False,tp,1122659.0,13.765056000005004,0.08195587265269091,13.683100127352313,0.001,vwap_inversion_flip,-1,75512.25084340633,627.3436188802056,0.6996264527267382,0.7,3600
2025-04,28,685319,1783629,2025-04-09T01:33:54+00:00,2025-04-22T01:21:44+00:00,75253.61210400936,88828.97210401681,1,1696.9200000009314,13575.360000007451,,False,tp,1122470.0,13.575360000007452,0.08204129210401309,13.49331870790344,0.001,vwap_initial,1,75426.00659455638,574.6483018234011,0.30000000000001176,0.3,3600
2025-04,692,1791608,1799782,2025-04-22T03:34:54+00:00,2025-04-22T05:52:43+00:00,88153.53680168348,88334.45680165838,-1,180.91999997489154,1447.3599997991323,88167.3,True,soft_sl,8269.0,-0.18091999997489622,0.08824399680167093,-0.26916399677656716,0.001,vwap_initial,-1,87998.84781574138,116.83879556449887,1.3239522471516134,0.3,3600
2025-04,693,1791658,1799784,2025-04-22T03:35:44+00:00,2025-04-22T05:52:45+00:00,88167.72485193977,88340.33285191449,-1,172.60799997471273,1380.8639997977018,88167.3,True,soft_sl,8221.0,-0.17260799997471624,0.08825402885192714,-0.2608620288266434,0.001,vwap_initial,-1,87997.1054178502,117.1310501707432,1.4566541821392425,0.5,3600
2025-04,691,1789919,1799911,2025-04-22T03:06:37+00:00,2025-04-22T05:54:53+00:00,88066.30562400969,88362.03362398731,-1,295.7279999776184,2365.8239998209474,88167.3,True,soft_sl,10096.0,-0.29572799997762195,0.0882141696239985,-0.3839421696016204,0.001,vwap_initial,-1,88110.22498484,144.3727228116365,0.0,0.3,3600
2025-04,411,905240,1823973,2025-04-11T14:51:08+00:00,2025-04-22T12:39:21+00:00,82001.10496809255,88882.51296803783,1,860.1759999931603,6881.407999945282,81985.5,True,tp,942493.0,6.881407999945281,0.08544180896806519,6.795966190977215,0.001,vwap_initial,1,82117.08915601691,454.72276919500143,0.2550657142805689,0.7,3600
2025-04,32,685319,1825001,2025-04-09T01:33:54+00:00,2025-04-22T12:56:30+00:00,75320.2478491871,88895.60784919455,1,1696.9200000009314,13575.360000007451,,False,tp,1164156.0,13.575360000007452,0.08210792784919083,13.493252072158262,0.001,vwap_initial,1,75426.00659455638,574.6483018234011,0.18404082120090307,1.0,3600
2025-04,698,1824129,1825001,2025-04-22T12:41:57+00:00,2025-04-22T12:56:30+00:00,88567.37625988158,88869.2562598584,-1,301.8799999768287,2415.0399998146295,,False,sl,873.0,-0.30187999997682347,0.08871831625986999,-0.39059831623669344,0.001,vwap_initial,-1,88647.92851964889,110.83159795475794,0.0,0.3,3600
2025-04,699,1824136,1825001,2025-04-22T12:42:04+00:00,2025-04-22T12:56:30+00:00,88597.79492288124,88898.89892285805,-1,301.1039999768138,2408.8319998145103,,False,sl,866.0,-0.30110399997681087,0.08874834692286965,-0.3898523468996805,0.001,vwap_initial,-1,88647.69405347251,110.63876328167099,0.0,0.5,3600
2025-04,20,685130,1825003,2025-04-09T01:30:45+00:00,2025-04-22T12:56:32+00:00,75198.81789141143,88963.87389141643,1,1720.6320000006258,13765.056000005006,,False,tp,1164347.0,13.765056000005004,0.08208134589141391,13.68297465411359,0.001,vwap_inversion_flip,-1,75512.25084340633,627.3436188802056,0.4996192557985694,0.5,3600
2025-04,700,1824151,1825003,2025-04-22T12:42:19+00:00,2025-04-22T12:56:32+00:00,88628.21358588089,88931.24558585775,-1,303.0319999768585,2424.255999814868,,False,sl,853.0,-0.3030319999768544,0.08877972958586934,-0.39181172956272375,0.001,vwap_initial,-1,88647.88083656326,110.29792645488004,0.0,0.7,3600
2025-04,263,825036,1825004,2025-04-10T16:26:04+00:00,2025-04-22T12:56:33+00:00,78678.69004859927,88992.8020485777,1,1289.2639999973028,10314.111999978422,78633.4,True,tp,1024229.0,10.314111999978428,0.08383574604858848,10.230276253929839,0.001,vwap_initial,1,79159.44539843051,481.9265145498242,0.9975698271765145,1.0,3600
2025-04,696,1803179,1825004,2025-04-22T06:49:39+00:00,2025-04-22T12:56:33+00:00,88067.66684120997,89003.85884098275,1,117.02399997159839,936.1919997727871,,False,tp,22014.0,0.9361919997727819,0.08853576284109636,0.8476562369316856,0.001,vwap_initial,1,88167.83768777733,143.10120938193825,0.7000000000000103,0.7,3600
2025-04,697,1803179,1825004,2025-04-22T06:49:39+00:00,2025-04-22T12:56:33+00:00,88060.13141381142,88996.3234135842,1,117.02399997159839,936.1919997727871,,False,tp,22014.0,0.9361919997727819,0.08852822741369781,0.8476637723590841,0.001,vwap_initial,1,88167.83768777733,143.10120938193825,0.7526580273576337,0.3,3600
2025-04,701,1824152,1825004,2025-04-22T12:42:20+00:00,2025-04-22T12:56:33+00:00,88673.84158038038,88979.08958035725,-1,305.2479999768734,2441.9839998149873,,False,sl,853.0,-0.30524799997686936,0.08882646558036882,-0.3940744655572382,0.001,vwap_initial,-1,88647.95613501938,109.99519667762202,0.2353325067172028,1.0,3600
2025-04,702,1824156,1825004,2025-04-22T12:42:24+00:00,2025-04-22T12:56:33+00:00,88681.45435886085,88991.16635883786,-1,309.7119999770075,2477.69599981606,,False,sl,849.0,-0.3097119999770075,0.08883631035884937,-0.39854831033585686,0.001,vwap_initial,-1,88648.08805805075,109.84400073235538,0.30376079337641104,0.3,3600
2025-04,19,685130,1825005,2025-04-09T01:30:45+00:00,2025-04-22T12:56:34+00:00,75324.29113013443,89089.34713013943,1,1720.6320000006258,13765.056000005006,,False,tp,1164349.0,13.765056000005004,0.08220681913013693,13.682849180874866,0.001,vwap_inversion_flip,-1,75512.25084340633,627.3436188802056,0.2996120588704007,0.3,3600
2025-04,262,825033,1825005,2025-04-10T16:26:01+00:00,2025-04-22T12:56:34+00:00,78720.52158314397,89040.84158312251,1,1290.0399999973179,10320.319999978543,78633.4,True,tp,1024233.0,10.320319999978544,0.08388068158313323,10.23643931839541,0.001,vwap_initial,1,79159.75413531563,482.12921087034755,0.9110266340816519,1.5,3600
2025-04,694,1803179,1825005,2025-04-22T06:49:39+00:00,2025-04-22T12:56:34+00:00,88124.90732496274,89061.09932473552,1,117.02399997159839,936.1919997727871,,False,tp,22015.0,0.9361919997727819,0.08859300332484912,0.8475989964479328,0.001,vwap_initial,1,88167.83768777733,143.10120938193825,0.30000000000003346,0.3,3600
2025-04,695,1803179,1825005,2025-04-22T06:49:39+00:00,2025-04-22T12:56:34+00:00,88096.28708308635,89032.47908285914,1,117.02399997159839,936.1919997727871,,False,tp,22015.0,0.9361919997727819,0.08856438308297275,0.8476276166898091,0.001,vwap_initial,1,88167.83768777733,143.10120938193825,0.5000000000000219,0.5,3600
2025-04,703,1824159,1825005,2025-04-22T12:42:27+00:00,2025-04-22T12:56:34+00:00,88703.63045786078,89013.37445783774,-1,309.7439999769628,2477.9519998157025,,False,sl,847.0,-0.30974399997695584,0.08885850245784925,-0.3986025024348051,0.001,vwap_initial,-1,88648.90088880125,109.44405065558229,0.5000689277461714,0.5,3600
2025-04,704,1824163,1825005,2025-04-22T12:42:31+00:00,2025-04-22T12:56:34+00:00,88725.80655686071,89040.10255683778,-1,314.29599997706714,2514.367999816537,,False,sl,843.0,-0.3142959999770683,0.08888295455684925,-0.40317895453391756,0.001,vwap_initial,-1,88649.63399206764,109.18542745058154,0.6976440590256334,0.7,3600
2025-04,705,1824164,1825005,2025-04-22T12:42:32+00:00,2025-04-22T12:56:34+00:00,88759.0707053606,89075.51070533773,-1,316.4399999771267,2531.5199998170137,,False,sl,842.0,-0.31643999997712674,0.08891729070534918,-0.40535729068247595,0.001,vwap_initial,-1,88649.94785505805,109.20873187264591,0.9992136016175204,1.0,3600
2025-04,706,1824164,1825005,2025-04-22T12:42:32+00:00,2025-04-22T12:56:34+00:00,88749.88823787952,89066.32823785665,-1,316.4399999771267,2531.5199998170137,,False,sl,842.0,-0.31643999997712674,0.0889081082378681,-0.40534810821499484,0.001,vwap_initial,-1,88649.94785505805,109.20873187264591,0.9151317949375753,1.5,3600
2025-04,31,685319,1825006,2025-04-09T01:33:54+00:00,2025-04-22T12:56:35+00:00,75527.20673301851,89102.56673302596,1,1696.9200000009314,13575.360000007451,,False,tp,1164161.0,13.575360000007452,0.08231488673302223,13.49304511327443,0.001,vwap_initial,1,75426.00659455638,574.6483018234011,0.0,0.7,3600
2025-04,257,824999,1825006,2025-04-10T16:25:27+00:00,2025-04-22T12:56:35+00:00,78825.58586738819,89102.12986736768,1,1284.567999997437,10276.543999979496,78633.4,True,tp,1024268.0,10.276543999979491,0.08396385786737792,10.192580142112114,0.001,vwap_initial,1,79168.34277789568,489.65272929641765,0.7000000000000043,0.7,3600
2025-04,26,685130,1825060,2025-04-09T01:30:45+00:00,2025-04-22T12:57:29+00:00,75381.4511999683,89146.5071999733,1,1720.6320000006258,13765.056000005006,,False,tp,1164404.0,13.765056000005004,0.0822639791999708,13.682792020805033,0.001,vwap_inversion_flip,-1,75512.25084340633,627.3436188802056,0.20849760721485844,1.0,3600
2025-04,707,1824175,1825060,2025-04-22T12:42:43+00:00,2025-04-22T12:57:29+00:00,88814.51095286042,89142.21495283776,-1,327.70399997733534,2621.6319998186827,,False,sl,886.0,-0.32770399997734057,0.0889783629528491,-0.4166823629301897,0.001,vwap_initial,-1,88652.70865408482,109.84685057873324,1.4729807720761647,1.5,3600
2025-04,256,824999,1825625,2025-04-10T16:25:27+00:00,2025-04-22T13:06:54+00:00,78923.51641324747,89200.06041322697,1,1284.567999997437,10276.543999979496,78633.4,True,tp,1024887.0,10.276543999979491,0.08406178841323722,10.192482211566254,0.001,vwap_initial,1,79168.34277789568,489.65272929641765,0.49999999999999883,0.5,3600
2025-04,410,905195,1825625,2025-04-11T14:50:23+00:00,2025-04-22T13:06:54+00:00,82037.37999613732,89215.68399608343,1,897.2879999932647,7178.303999946118,81985.5,True,tp,944191.0,7.1783039999461185,0.08562653199611038,7.092677467950008,0.001,vwap_initial,1,82127.26307161935,459.96084111073253,0.19541462543851343,0.3,3600
2025-04,30,685319,1825626,2025-04-09T01:33:54+00:00,2025-04-22T13:06:55+00:00,75665.17932223945,89240.5393222469,1,1696.9200000009314,13575.360000007451,,False,tp,1164781.0,13.575360000007452,0.08245285932224317,13.492907140685208,0.001,vwap_initial,1,75426.00659455638,574.6483018234011,0.0,0.5,3600
2025-04,255,824999,1825717,2025-04-10T16:25:27+00:00,2025-04-22T13:08:26+00:00,79021.44695910676,89297.99095908625,1,1284.567999997437,10276.543999979496,78633.4,True,tp,1024979.0,10.276543999979491,0.08415971895909649,10.192384281020395,0.001,vwap_initial,1,79168.34277789568,489.65272929641765,0.2999999999999934,0.3,3600
2025-04,25,685130,1825722,2025-04-09T01:30:45+00:00,2025-04-22T13:08:31+00:00,75583.50830749066,89348.56430749566,1,1720.6320000006258,13765.056000005006,,False,tp,1165066.0,13.765056000005004,0.08246603630749318,13.68258996369751,0.001,vwap_inversion_flip,-1,75512.25084340633,627.3436188802056,0.0,0.7,3600
2025-04,409,905181,1825722,2025-04-11T14:50:09+00:00,2025-04-22T13:08:31+00:00,82089.47656149398,89345.79656144213,1,907.039999993518,7256.319999948144,81985.5,True,tp,944302.0,7.256319999948144,0.08571763656146805,7.170602363386676,0.001,vwap_initial,1,82130.72099795839,462.46878396852327,0.08918317926342592,0.5,3600
2025-04,29,685319,1825724,2025-04-09T01:33:54+00:00,2025-04-22T13:08:33+00:00,75803.15191146037,89378.51191146782,1,1696.9200000009314,13575.360000007451,,False,tp,1164879.0,13.575360000007452,0.08259083191146412,13.492769168095988,0.001,vwap_initial,1,75426.00659455638,574.6483018234011,0.0,0.3,3600
2025-04,676,1759559,1825725,2025-04-21T18:32:19+00:00,2025-04-22T13:08:34+00:00,86803.04579052748,89387.94179038526,1,323.1119999822229,2584.8959998577834,86844.2,True,tp,66975.0,2.5848959998577774,0.08809549379045638,2.496800506067321,0.001,vwap_initial,1,86829.47134786526,123.82982741602808,0.21340219791305026,0.3,3600
2025-04,675,1759499,1826036,2025-04-21T18:31:19+00:00,2025-04-22T13:13:45+00:00,86976.91912999646,89458.07112984912,1,310.14399998158217,2481.1519998526574,86844.2,True,tp,67346.0,2.481151999852664,0.08821749512992279,2.3929345047227413,0.001,vwap_initial,1,86845.17140388681,140.4187111977522,0.0,0.7,3600
2025-04,24,685130,1826097,2025-04-09T01:30:45+00:00,2025-04-22T13:14:46+00:00,75718.2130458389,89483.2690458439,1,1720.6320000006258,13765.056000005006,,False,tp,1165441.0,13.765056000005004,0.0826007410458414,13.682455258959163,0.001,vwap_inversion_flip,-1,75512.25084340633,627.3436188802056,0.0,0.5,3600
2025-04,23,685130,1826102,2025-04-09T01:30:45+00:00,2025-04-22T13:14:51+00:00,75852.91778418713,89617.97378419213,1,1720.6320000006258,13765.056000005006,,False,tp,1165446.0,13.765056000005004,0.08273544578418962,13.682320554220814,0.001,vwap_inversion_flip,-1,75512.25084340633,627.3436188802056,0.0,0.3,3600
2025-04,261,824999,1826102,2025-04-10T16:25:27+00:00,2025-04-22T13:14:51+00:00,79297.94926496787,89574.49326494736,1,1284.567999997437,10276.543999979496,78633.4,True,tp,1025364.0,10.276543999979491,0.08443622126495763,10.192107778714535,0.001,vwap_initial,1,79168.34277789568,489.65272929641765,0.0,1.0,3600
2025-04,260,824999,1827690,2025-04-10T16:25:27+00:00,2025-04-22T13:41:19+00:00,79644.40587406223,89920.94987404172,1,1284.567999997437,10276.543999979496,78633.4,True,tp,1026952.0,10.276543999979491,0.08478267787405197,10.191761322105439,0.001,vwap_initial,1,79168.34277789568,489.65272929641765,0.0,0.7,3600
2025-04,408,904979,1827714,2025-04-11T14:46:47+00:00,2025-04-22T13:41:43+00:00,82177.84815489542,90055.54415485275,1,984.7119999946653,7877.695999957323,81985.5,True,tp,946496.0,7.87769599995733,0.08611669615487408,7.791579303802457,0.001,vwap_initial,1,82191.43399768762,513.5133385010387,0.026456650243719418,0.3,3600
2025-04,712,1827400,1827966,2025-04-22T13:36:29+00:00,2025-04-22T13:45:55+00:00,89212.70600744517,90192.68200743527,-1,979.9759999901056,7839.807999920845,,False,sl,566.0,-0.9799759999900999,0.08970269400744023,-1.06967869399754,0.001,vwap_inversion_flip,1,89306.16223436178,354.8740383804916,0.0,0.3,3600
2025-04,713,1827400,1827972,2025-04-22T13:36:29+00:00,2025-04-22T13:46:01+00:00,89307.10798384353,90287.08398383363,-1,979.9759999901056,7839.807999920845,,False,sl,572.0,-0.9799759999900999,0.08979709598383857,-1.0697730959739384,0.001,vwap_inversion_flip,1,89306.16223436178,354.8740383804916,0.002665028656542698,0.5,3600
2025-04,714,1827400,1828009,2025-04-22T13:36:29+00:00,2025-04-22T13:46:38+00:00,89401.50996024186,90381.48596023196,-1,979.9759999901056,7839.807999920845,,False,sl,609.0,-0.9799759999900999,0.08989149796023692,-1.0698674979503369,0.001,vwap_inversion_flip,1,89306.16223436178,354.8740383804916,0.26868047692419317,0.7,3600
2025-04,708,1827400,1828014,2025-04-22T13:36:29+00:00,2025-04-22T13:46:43+00:00,89412.51427693061,90392.49027692071,-1,979.9759999901056,7839.807999920845,,False,sl,614.0,-0.9799759999900999,0.08990250227692566,-1.0698785022670256,0.001,vwap_inversion_flip,1,89306.16223436178,354.8740383804916,0.2996895547901524,0.3,3600
2025-04,709,1827400,1829790,2025-04-22T13:36:29+00:00,2025-04-22T14:16:19+00:00,89483.48790204141,90463.46390203151,-1,979.9759999901056,7839.807999920845,,False,sl,2390.0,-0.9799759999900999,0.08997347590203646,-1.0699494758921364,0.001,vwap_inversion_flip,1,89306.16223436178,354.8740383804916,0.49968622243789945,0.5,3600
2025-04,751,1830059,1831092,2025-04-22T14:20:48+00:00,2025-04-22T14:38:01+00:00,89730.32800395887,90482.28800394718,-1,751.9599999883026,6015.679999906421,90337.7,True,soft_sl,1033.0,-0.7519599999883066,0.09010630800395301,-0.8420663079922597,0.001,vwap_initial,-1,90040.6386077606,261.49019260148197,0.0,0.3,3600
2025-04,715,1827400,1831094,2025-04-22T13:36:29+00:00,2025-04-22T14:38:03+00:00,89543.11292483938,90523.08892482948,-1,979.9759999901056,7839.807999920845,,False,sl,3694.0,-0.9799759999900999,0.09003310092483445,-1.0700091009149344,0.001,vwap_inversion_flip,1,89306.16223436178,354.8740383804916,0.6677036493257099,1.0,3600
2025-04,710,1827400,1831095,2025-04-22T13:36:29+00:00,2025-04-22T14:38:04+00:00,89554.4615271522,90534.4375271423,-1,979.9759999901056,7839.807999920845,,False,sl,3695.0,-0.9799759999900999,0.09004444952714726,-1.0700204495172472,0.001,vwap_inversion_flip,1,89306.16223436178,354.8740383804916,0.6996828900856465,0.7,3600
2025-04,752,1830059,1831144,2025-04-22T14:20:48+00:00,2025-04-22T14:38:53+00:00,89856.8354647349,90608.79546472321,-1,751.9599999883026,6015.679999906421,90337.7,True,soft_sl,1085.0,-0.7519599999883066,0.09023281546472907,-0.8421928154530357,0.001,vwap_initial,-1,90040.6386077606,261.49019260148197,0.0,0.5,3600
2025-04,711,1827400,1831154,2025-04-22T13:36:29+00:00,2025-04-22T14:39:03+00:00,89660.92196481841,90640.89796480851,-1,979.9759999901056,7839.807999920845,,False,sl,3754.0,-0.9799759999900999,0.09015090996481347,-1.0701269099549133,0.001,vwap_inversion_flip,1,89306.16223436178,354.8740383804916,0.9996778915572876,1.0,3600
2025-04,730,1828691,1831164,2025-04-22T13:58:00+00:00,2025-04-22T14:39:13+00:00,89598.89910248763,90754.83510248266,-1,1155.935999995023,9247.487999960184,,False,sl,2473.0,-1.1559359999950247,0.09017686710248515,-1.24611286709751,0.001,vwap_inversion_flip,1,89767.59031521356,369.04504304025875,0.0,0.3,3600
2025-04,739,1829201,1831164,2025-04-22T14:06:30+00:00,2025-04-22T14:39:13+00:00,89647.1924936126,90739.33649360611,-1,1092.1439999935033,8737.151999948026,,False,sl,1963.0,-1.09214399999351,0.09019326449360937,-1.1823372644871195,0.001,vwap_inversion_flip,1,89852.32841787596,319.44707788834023,0.0,0.3,3600
2025-04,753,1830059,1831164,2025-04-22T14:20:48+00:00,2025-04-22T14:39:13+00:00,89983.34292551094,90735.30292549924,-1,751.9599999883026,6015.679999906421,90337.7,True,soft_sl,1105.0,-0.7519599999883066,0.09035932292550508,-0.8423193229138117,0.001,vwap_initial,-1,90040.6386077606,261.49019260148197,0.0,0.7,3600
2025-04,716,1827435,1831231,2025-04-22T13:37:04+00:00,2025-04-22T14:40:20+00:00,89779.11786583526,90756.99786582557,-1,977.8799999903142,7823.039999922514,,False,sl,3796.0,-0.977879999990313,0.09026805786583042,-1.0681480578561435,0.001,vwap_inversion_flip,1,89310.82468115614,354.3808285181079,1.3214405153838324,1.5,3600
2025-04,722,1828153,1831231,2025-04-22T13:49:02+00:00,2025-04-22T14:40:20+00:00,89526.53135844102,90763.3713584355,-1,1236.8399999944866,9894.719999955892,,False,sl,3078.0,-1.2368399999944815,0.09014495135843827,-1.3269849513529197,0.001,vwap_inversion_flip,1,89652.94850433915,413.6030498587529,0.0,0.3,3600
2025-04,717,1827612,1831619,2025-04-22T13:40:01+00:00,2025-04-22T14:46:48+00:00,89838.35602759541,90808.83602758573,-1,970.4799999903142,7763.839999922514,,False,sl,4007.0,-0.970479999990319,0.09032359602759057,-1.0608035960179096,0.001,vwap_inversion_flip,1,89353.42865255437,342.4156927767607,1.4161949503791758,1.5,3600
2025-04,723,1828153,1831636,2025-04-22T13:49:02+00:00,2025-04-22T14:47:05+00:00,89648.06761533246,90884.90761532694,-1,1236.8399999944866,9894.719999955892,,False,sl,3483.0,-1.2368399999944815,0.09026648761532971,-1.327106487609811,0.001,vwap_inversion_flip,1,89652.94850433915,413.6030498587529,0.0,0.5,3600
2025-04,731,1828691,1831636,2025-04-22T13:58:00+00:00,2025-04-22T14:47:05+00:00,89722.04510377803,90877.98110377305,-1,1155.935999995023,9247.487999960184,,False,sl,2945.0,-1.1559359999950247,0.09030001310377554,-1.2462360130988002,0.001,vwap_inversion_flip,1,89767.59031521356,369.04504304025875,0.0,0.5,3600
2025-04,740,1829201,1831636,2025-04-22T14:06:30+00:00,2025-04-22T14:47:05+00:00,89770.96402347942,90863.10802347293,-1,1092.1439999935033,8737.151999948026,,False,sl,2435.0,-1.09214399999351,0.09031703602347618,-1.1824610360169863,0.001,vwap_inversion_flip,1,89852.32841787596,319.44707788834023,0.0,0.5,3600
2025-04,748,1830059,1831636,2025-04-22T14:20:48+00:00,2025-04-22T14:47:05+00:00,90119.08566554105,90871.04566552935,-1,751.9599999883026,6015.679999906421,90337.7,True,soft_sl,1577.0,-0.7519599999883066,0.0904950656655352,-0.8424550656538419,0.001,vwap_initial,-1,90040.6386077606,261.49019260148197,0.30000000000000504,0.3,3600
2025-04,759,1832156,1832424,2025-04-22T14:55:45+00:00,2025-04-22T15:00:13+00:00,89948.79838162065,90802.13438160994,-1,853.3359999892862,6826.687999914289,,False,sl,268.0,-0.8533359999892856,0.0903754663816153,-0.9437114663709009,0.001,vwap_inversion_flip,1,90386.56283066013,265.12670036245237,0.0,0.3,3600
2025-04,749,1830059,1832535,2025-04-22T14:20:48+00:00,2025-04-22T15:02:04+00:00,90171.38370406134,90923.34370404965,-1,751.9599999883026,6015.679999906421,90337.7,True,soft_sl,2476.0,-0.7519599999883066,0.09054736370405549,-0.8425073636923621,0.001,vwap_initial,-1,90040.6386077606,261.49019260148197,0.5000000000000083,0.5,3600
2025-04,754,1830059,1832535,2025-04-22T14:20:48+00:00,2025-04-22T15:02:04+00:00,90173.10411667498,90925.06411666328,-1,751.9599999883026,6015.679999906421,90337.7,True,soft_sl,2476.0,-0.7519599999883066,0.09054908411666913,-0.8425090841049758,0.001,vwap_initial,-1,90040.6386077606,261.49019260148197,0.506579262482165,1.0,3600
2025-04,760,1832156,1832535,2025-04-22T14:55:45+00:00,2025-04-22T15:02:04+00:00,90079.56714343434,90932.90314342362,-1,853.3359999892862,6826.687999914289,,False,sl,379.0,-0.8533359999892856,0.090506235143429,-0.9438422351327146,0.001,vwap_inversion_flip,1,90386.56283066013,265.12670036245237,0.0,0.5,3600
2025-04,741,1829201,1832552,2025-04-22T14:06:30+00:00,2025-04-22T15:02:21+00:00,89894.73555334624,90986.87955333975,-1,1092.1439999935033,8737.151999948026,,False,sl,3351.0,-1.09214399999351,0.090440807553343,-1.182584807546853,0.001,vwap_inversion_flip,1,89852.32841787596,319.44707788834023,0.13275167752543524,0.7,3600
2025-04,750,1830059,1832552,2025-04-22T14:20:48+00:00,2025-04-22T15:02:21+00:00,90223.68174258164,90975.64174256995,-1,751.9599999883026,6015.679999906421,90337.7,True,soft_sl,2493.0,-0.7519599999883066,0.09059966174257579,-0.8425596617308825,0.001,vwap_initial,-1,90040.6386077606,261.49019260148197,0.7000000000000117,0.7,3600
2025-04,718,1828153,1832665,2025-04-22T13:49:02+00:00,2025-04-22T15:04:14+00:00,89776.87440445965,91013.71440445413,-1,1236.8399999944866,9894.719999955892,,False,sl,4512.0,-1.2368399999944815,0.0903952944044569,-1.3272352943989383,0.001,vwap_inversion_flip,1,89652.94850433915,413.6030498587529,0.2996252086700705,0.3,3600
2025-04,724,1828153,1832665,2025-04-22T13:49:02+00:00,2025-04-22T15:04:14+00:00,89769.6038722239,91006.44387221838,-1,1236.8399999944866,9894.719999955892,,False,sl,4512.0,-1.2368399999944815,0.09038802387222115,-1.3272280238667027,0.001,vwap_inversion_flip,1,89652.94850433915,413.6030498587529,0.2820466820169583,0.7,3600
2025-04,732,1828691,1832665,2025-04-22T13:58:00+00:00,2025-04-22T15:04:14+00:00,89845.19110506844,91001.12710506347,-1,1155.935999995023,9247.487999960184,,False,sl,3974.0,-1.1559359999950247,0.09042315910506595,-1.2463591591000907,0.001,vwap_inversion_flip,1,89767.59031521356,369.04504304025875,0.21027457574174677,0.7,3600
2025-04,755,1830129,1832665,2025-04-22T14:21:58+00:00,2025-04-22T15:04:14+00:00,90302.12880036209,91028.06480034959,-1,725.9359999874979,5807.487999899983,90337.7,True,soft_sl,2536.0,-0.7259359999875015,0.09066509680035584,-0.8166010967878573,0.001,vwap_initial,-1,90047.40291961528,256.4420431949109,0.9933077960745925,1.0,3600
2025-04,719,1828153,1832666,2025-04-22T13:49:02+00:00,2025-04-22T15:04:15+00:00,89859.62122309966,91096.46122309414,-1,1236.8399999944866,9894.719999955892,,False,sl,4513.0,-1.2368399999944815,0.0904780412230969,-1.3273180412175785,0.001,vwap_inversion_flip,1,89652.94850433915,413.6030498587529,0.49968857538911615,0.5,3600
2025-04,728,1828691,1832666,2025-04-22T13:58:00+00:00,2025-04-22T15:04:15+00:00,89878.24803874778,91034.18403874281,-1,1155.935999995023,9247.487999960184,,False,sl,3975.0,-1.1559359999950247,0.09045621603874532,-1.2463922160337702,0.001,vwap_inversion_flip,1,89767.59031521356,369.04504304025875,0.2998488277273921,0.3,3600
2025-04,729,1828691,1832666,2025-04-22T13:58:00+00:00,2025-04-22T15:04:15+00:00,89952.06528125977,91108.0012812548,-1,1155.935999995023,9247.487999960184,,False,sl,3975.0,-1.1559359999950247,0.09053003328125729,-1.246466033276282,0.001,vwap_inversion_flip,1,89767.59031521356,369.04504304025875,0.49987113910668896,0.5,3600
2025-04,736,1829201,1832666,2025-04-22T14:06:30+00:00,2025-04-22T15:04:15+00:00,89947.62608930838,91039.77008930189,-1,1092.1439999935033,8737.151999948026,,False,sl,3465.0,-1.09214399999351,0.09049369808930514,-1.1826376980828153,0.001,vwap_inversion_flip,1,89852.32841787596,319.44707788834023,0.29832068605031387,0.3,3600
2025-04,737,1829201,1832666,2025-04-22T14:06:30+00:00,2025-04-22T15:04:15+00:00,90011.54929652263,91103.69329651614,-1,1092.1439999935033,8737.151999948026,,False,sl,3465.0,-1.09214399999351,0.09055762129651938,-1.1827016212900294,0.001,vwap_inversion_flip,1,89852.32841787596,319.44707788834023,0.4984264676927787,0.5,3600
2025-04,761,1832156,1832666,2025-04-22T14:55:45+00:00,2025-04-22T15:04:15+00:00,90210.33590524802,91063.67190523731,-1,853.3359999892862,6826.687999914289,,False,sl,510.0,-0.8533359999892856,0.09063700390524267,-0.9439730038945282,0.001,vwap_inversion_flip,1,90386.56283066013,265.12670036245237,0.0,0.7,3600
2025-04,743,1829402,1832668,2025-04-22T14:09:51+00:00,2025-04-22T15:04:17+00:00,90171.35731455822,91112.58931454961,-1,941.231999991387,7529.855999931096,,False,sl,3266.0,-0.9412319999913888,0.09064197331455391,-1.0318739733059428,0.001,vwap_inversion_flip,1,89903.50197873928,286.4793285998473,0.9349900990346048,1.0,3600
2025-04,744,1829658,1832668,2025-04-22T14:14:07+00:00,2025-04-22T15:04:17+00:00,90321.15149381974,91121.78349380859,-1,800.6319999888539,6405.055999910831,,False,sl,3010.0,-0.800631999988851,0.09072146749381416,-0.8913534674826652,0.001,vwap_inversion_flip,1,89939.64477759555,273.75101854452373,1.3936266548069147,1.5,3600
2025-04,746,1829659,1832669,2025-04-22T14:14:08+00:00,2025-04-22T15:04:18+00:00,90331.16533259382,91135.86133258273,-1,804.6959999889136,6437.567999911309,,False,sl,3010.0,-0.8046959999889077,0.09073351333258828,-0.895429513321496,0.001,vwap_inversion_flip,1,89942.28134025267,274.4499513107961,1.4169577749378899,1.5,3600
2025-04,745,1829659,1832671,2025-04-22T14:14:08+00:00,2025-04-22T15:04:20+00:00,90337.77511023008,91142.47111021899,-1,804.6959999889136,6437.567999911309,,False,sl,3012.0,-0.8046959999889077,0.09074012311022454,-0.8954361230991322,0.001,vwap_inversion_flip,1,89942.28134025267,274.4499513107961,1.4410415016964104,1.5,3600
2025-04,738,1829201,1832677,2025-04-22T14:06:30+00:00,2025-04-22T15:04:26+00:00,90075.47250373686,91167.61650373037,-1,1092.1439999935033,8737.151999948026,,False,sl,3476.0,-1.09214399999351,0.09062154450373362,-1.1827655444972438,0.001,vwap_inversion_flip,1,89852.32841787596,319.44707788834023,0.698532249335198,0.7,3600
2025-04,742,1829201,1832677,2025-04-22T14:06:30+00:00,2025-04-22T15:04:26+00:00,90080.39284814647,91172.53684813998,-1,1092.1439999935033,8737.151999948026,,False,sl,3476.0,-1.09214399999351,0.09062646484814323,-1.1827704648416533,0.001,vwap_inversion_flip,1,89852.32841787596,319.44707788834023,0.7139349396403679,1.0,3600
2025-04,733,1828697,1832685,2025-04-22T13:58:06+00:00,2025-04-22T15:04:34+00:00,90025.88252377177,91176.37852376672,-1,1150.4959999949485,9203.967999959588,,False,sl,3988.0,-1.1504959999949498,0.09060113052376924,-1.241097130518719,0.001,vwap_inversion_flip,1,89768.2315820351,368.7017305535962,0.6988058920955028,0.7,3600
2025-04,720,1828153,1832686,2025-04-22T13:49:02+00:00,2025-04-22T15:04:35+00:00,89942.36804173968,91179.20804173416,-1,1236.8399999944866,9894.719999955892,,False,sl,4533.0,-1.2368399999944815,0.09056078804173692,-1.3274007880362184,0.001,vwap_inversion_flip,1,89652.94850433915,413.6030498587529,0.699751942108197,0.7,3600
2025-04,734,1828699,1832686,2025-04-22T13:58:08+00:00,2025-04-22T15:04:35+00:00,90029.91010700405,91181.99010699906,-1,1152.0799999950082,9216.639999960065,,False,sl,3987.0,-1.1520799999950104,0.09060595010700156,-1.242685950102012,0.001,vwap_inversion_flip,1,89769.61349489639,368.1405983339705,0.7070576113735879,1.0,3600
2025-04,747,1829693,1832686,2025-04-22T14:14:42+00:00,2025-04-22T15:04:35+00:00,90389.82167281352,91185.1576728022,-1,795.33599998869,6362.68799990952,,False,sl,2993.0,-0.7953359999886889,0.09078748967280786,-0.8861234896614967,0.001,vwap_inversion_flip,1,89949.86134895915,275.0154242970322,1.59976599486719,1.5,3600
2025-04,725,1828153,1832687,2025-04-22T13:49:02+00:00,2025-04-22T15:04:36+00:00,89951.90825756107,91188.74825755555,-1,1236.8399999944866,9894.719999955892,,False,sl,4534.0,-1.2368399999944815,0.09057032825755831,-1.3274103282520398,0.001,vwap_inversion_flip,1,89652.94850433915,413.6030498587529,0.7228180578552684,1.0,3600
2025-04,762,1832156,1832742,2025-04-22T14:55:45+00:00,2025-04-22T15:05:31+00:00,90406.48904796856,91259.82504795784,-1,853.3359999892862,6826.687999914289,,False,sl,586.0,-0.8533359999892856,0.09083315704796321,-0.9441691570372488,0.001,vwap_inversion_flip,1,90386.56283066013,265.12670036245237,0.07515733904275604,1.0,3600
2025-04,735,1828771,1832769,2025-04-22T13:59:20+00:00,2025-04-22T15:05:58+00:00,90136.60838753975,91290.12038753433,-1,1153.511999994591,9228.095999956728,,False,sl,3998.0,-1.153511999994589,0.09071336438753705,-1.2442253643821262,0.001,vwap_inversion_flip,1,89785.97000455738,355.8540752700829,0.9853431711193316,1.0,3600
2025-04,721,1828153,1833130,2025-04-22T13:49:02+00:00,2025-04-22T15:11:59+00:00,90066.48826969971,91303.32826969419,-1,1236.8399999944866,9894.719999955892,,False,sl,4977.0,-1.2368399999944815,0.09068490826969697,-1.3275249082641785,0.001,vwap_inversion_flip,1,89652.94850433915,413.6030498587529,0.9998469921868006,1.0,3600
2025-04,756,1832156,1833130,2025-04-22T14:55:45+00:00,2025-04-22T15:11:59+00:00,90465.99957457015,91319.33557455943,-1,853.3359999892862,6826.687999914289,,False,sl,974.0,-0.8533359999892856,0.09089266757456478,-0.9442286675638504,0.001,vwap_inversion_flip,1,90386.56283066013,265.12670036245237,0.2996180460188268,0.3,3600
2025-04,757,1832156,1833471,2025-04-22T14:55:45+00:00,2025-04-22T15:17:40+00:00,90519.03287262433,91372.36887261362,-1,853.3359999892862,6826.687999914289,,False,sl,1315.0,-0.8533359999892856,0.09094570087261897,-0.9442817008619045,0.001,vwap_inversion_flip,1,90386.56283066013,265.12670036245237,0.4996480617874567,0.5,3600
2025-04,780,1839635,1839635,2025-04-22T17:00:29+00:00,2025-04-22T17:00:29+00:00,90517.55204066688,90758.9840406441,-1,241.43199997723102,1931.4559998178481,,False,sl,0.0,-0.24143199997722695,0.0906382680406555,-0.3320702680178824,0.001,vwap_inversion_flip,1,90721.43493195427,94.58560264161733,0.0,0.3,3600
2025-04,781,1839635,1839823,2025-04-22T17:00:29+00:00,2025-04-22T17:03:37+00:00,90629.92917635872,90871.36117633595,-1,241.43199997723102,1931.4559998178481,,False,sl,188.0,-0.24143199997722695,0.09075064517634734,-0.3321826451535743,0.001,vwap_inversion_flip,1,90721.43493195427,94.58560264161733,0.0,0.5,3600
2025-04,778,1839635,1840153,2025-04-22T17:00:29+00:00,2025-04-22T17:09:07+00:00,90749.56890316383,90991.00090314106,-1,241.43199997723102,1931.4559998178481,,False,sl,518.0,-0.24143199997722695,0.09087028490315244,-0.3323022848803794,0.001,vwap_inversion_flip,1,90721.43493195427,94.58560264161733,0.2974445414928954,0.3,3600
2025-04,782,1839635,1840153,2025-04-22T17:00:29+00:00,2025-04-22T17:09:07+00:00,90742.30631205057,90983.7383120278,-1,241.43199997723102,1931.4559998178481,,False,sl,518.0,-0.24143199997722695,0.09086302231203919,-0.3322950222892661,0.001,vwap_inversion_flip,1,90721.43493195427,94.58560264161733,0.22066127944844435,0.7,3600
2025-04,779,1839635,1841502,2025-04-22T17:00:29+00:00,2025-04-22T17:31:38+00:00,90768.60945815525,91010.04145813247,-1,241.43199997723102,1931.4559998178481,,False,sl,1869.0,-0.24143199997722695,0.09088932545814388,-0.33232132543537085,0.001,vwap_inversion_flip,1,90721.43493195427,94.58560264161733,0.4987495441533762,0.5,3600
2025-04,783,1839733,1841503,2025-04-22T17:02:07+00:00,2025-04-22T17:31:39+00:00,90787.65001314665,91025.95401312376,-1,238.30399997711183,1906.4319998168946,,False,sl,1772.0,-0.23830399997711357,0.0909068020131352,-0.32921080199024877,0.001,vwap_inversion_flip,1,90701.32743604665,68.0731465173784,1.2680856037404185,0.7,3600
2025-04,784,1839744,1841520,2025-04-22T17:02:18+00:00,2025-04-22T17:31:56+00:00,90816.21084563376,91056.41884561093,-1,240.20799997717143,1921.6639998173714,,False,sl,1778.0,-0.24020799997716677,0.09093631484562235,-0.3311443148227891,0.001,vwap_inversion_flip,1,90701.27688716697,68.28728145966976,1.6830946555497324,1.0,3600
2025-04,766,1834079,1841581,2025-04-22T15:27:48+00:00,2025-04-22T17:32:57+00:00,90262.21234337593,91134.62834336633,-1,872.4159999904036,6979.327999923229,,False,sl,7509.0,-0.8724159999904078,0.09069842034337114,-0.9631144203337789,0.001,vwap_initial,-1,90901.50068485229,300.52665078996597,0.0,0.3,3600
2025-04,785,1839823,1841581,2025-04-22T17:03:37+00:00,2025-04-22T17:32:57+00:00,90863.81223311229,91109.94823308988,-1,246.13599997758865,1969.0879998207092,,False,sl,1760.0,-0.24613599997758867,0.09098688023310109,-0.33712288021068976,0.001,vwap_inversion_flip,1,90706.57558058624,74.31790908180473,2.1157303060419435,1.5,3600
2025-04,786,1839823,1841583,2025-04-22T17:03:37+00:00,2025-04-22T17:32:59+00:00,90910.87201558835,91157.00801556594,-1,246.13599997758865,1969.0879998207092,,False,sl,1762.0,-0.24613599997758867,0.09103394001557714,-0.3371699399931658,0.001,vwap_inversion_flip,1,90706.57558058624,74.31790908180473,2.7489529445349334,1.0,3600
2025-04,767,1834079,1841788,2025-04-22T15:27:48+00:00,2025-04-22T17:36:24+00:00,90416.290566235,91288.7065662254,-1,872.4159999904036,6979.327999923229,,False,sl,7716.0,-0.8724159999904078,0.0908524985662302,-0.963268498556638,0.001,vwap_initial,-1,90901.50068485229,300.52665078996597,0.0,0.5,3600
2025-04,791,1842119,1842966,2025-04-22T17:41:55+00:00,2025-04-22T17:56:02+00:00,90764.94032787533,91323.60432785959,-1,558.6639999842644,4469.311999874115,91211.6,True,soft_sl,847.0,-0.5586639999842592,0.09104427232786746,-0.6497082723121267,0.001,vwap_initial,-1,90906.34736656555,201.2786580459268,0.0,0.3,3600
2025-04,758,1832156,1843130,2025-04-22T14:55:45+00:00,2025-04-22T17:58:46+00:00,90572.06617067852,91425.4021706678,-1,853.3359999892862,6826.687999914289,,False,sl,10981.0,-0.8533359999892856,0.09099873417067317,-0.9443347341599587,0.001,vwap_inversion_flip,1,90386.56283066013,265.12670036245237,0.6996780775560866,0.7,3600
2025-04,792,1842119,1843130,2025-04-22T17:41:55+00:00,2025-04-22T17:58:46+00:00,90838.65702642538,91397.32102640964,-1,558.6639999842644,4469.311999874115,91211.6,True,soft_sl,1011.0,-0.5586639999842592,0.09111798902641752,-0.6497819890106767,0.001,vwap_initial,-1,90906.34736656555,201.2786580459268,0.0,0.5,3600
2025-04,768,1834079,1843131,2025-04-22T15:27:48+00:00,2025-04-22T17:58:47+00:00,90570.36878909405,91442.78478908446,-1,872.4159999904036,6979.327999923229,,False,sl,9059.0,-0.8724159999904078,0.09100657678908926,-0.963422576779497,0.001,vwap_initial,-1,90901.50068485229,300.52665078996597,0.0,0.7,3600
2025-04,793,1842119,1843131,2025-04-22T17:41:55+00:00,2025-04-22T17:58:47+00:00,90912.37372497543,91471.0377249597,-1,558.6639999842644,4469.311999874115,91211.6,True,soft_sl,1012.0,-0.5586639999842592,0.09119170572496757,-0.6498557057092268,0.001,vwap_initial,-1,90906.34736656555,201.2786580459268,0.029940374545380427,0.7,3600
2025-04,727,1828242,1843294,2025-04-22T13:50:31+00:00,2025-04-22T18:01:30+00:00,90255.74889978967,91505.78889978505,-1,1250.0399999953806,10000.319999963045,,False,sl,15059.0,-1.2500399999953806,0.09088076889978737,-1.340920768895168,0.001,vwap_inversion_flip,1,89665.17322119183,412.6411575569952,1.4312088549147515,1.5,3600
2025-04,763,1832161,1843294,2025-04-22T14:55:50+00:00,2025-04-22T18:01:30+00:00,90651.61611775978,91507.90411774925,-1,856.2879999894649,6850.303999915719,,False,sl,11140.0,-0.8562879999894649,0.09107976011775452,-0.9473677601072195,0.001,vwap_inversion_flip,1,90389.00696466051,264.326763031235,0.9935019446677776,1.0,3600
2025-04,726,1828242,1843295,2025-04-22T13:50:31+00:00,2025-04-22T18:01:31+00:00,90273.35531629974,91523.39531629512,-1,1250.0399999953806,10000.319999963045,,False,sl,15060.0,-1.2500399999953806,0.09089837531629744,-1.3409383753116781,0.001,vwap_inversion_flip,1,89665.17322119183,412.6411575569952,1.4738764758915488,1.5,3600
2025-04,787,1842119,1843295,2025-04-22T17:41:55+00:00,2025-04-22T18:01:31+00:00,90966.73096397932,91525.39496396358,-1,558.6639999842644,4469.311999874115,91211.6,True,soft_sl,1176.0,-0.5586639999842592,0.09124606296397147,-0.6499100629482306,0.001,vwap_initial,-1,90906.34736656555,201.2786580459268,0.29999999999999205,0.3,3600
2025-04,788,1842119,1843296,2025-04-22T17:41:55+00:00,2025-04-22T18:01:32+00:00,91006.98669558851,91565.65069557277,-1,558.6639999842644,4469.311999874115,91211.6,True,soft_sl,1177.0,-0.5586639999842592,0.09128631869558065,-0.6499503186798399,0.001,vwap_initial,-1,90906.34736656555,201.2786580459268,0.4999999999999868,0.5,3600
2025-04,794,1842119,1843296,2025-04-22T17:41:55+00:00,2025-04-22T18:01:32+00:00,91022.94877280052,91581.61277278478,-1,558.6639999842644,4469.311999874115,91211.6,True,soft_sl,1177.0,-0.5586639999842592,0.09130228077279265,-0.6499662807570519,0.001,vwap_initial,-1,90906.34736656555,201.2786580459268,0.5793033765575177,1.0,3600
2025-04,764,1832285,1843300,2025-04-22T14:57:54+00:00,2025-04-22T18:01:36+00:00,90733.41095250277,91599.5949524927,-1,866.1839999899269,6929.471999919415,,False,sl,11022.0,-0.8661839999899239,0.09116650295249776,-0.9573505029424216,0.001,vwap_inversion_flip,1,90430.36604361556,239.64657617571706,1.2645492947289556,1.5,3600
2025-04,765,1832419,1843300,2025-04-22T15:00:08+00:00,2025-04-22T18:01:36+00:00,90784.19936289523,91601.9753628843,-1,817.7759999890625,6542.2079999125,,False,sl,10888.0,-0.8177759999890696,0.09119308736288977,-0.9089690873519594,0.001,vwap_inversion_flip,1,90458.09047960455,230.70299255040356,1.413544227084245,1.5,3600
2025-04,789,1842119,1843300,2025-04-22T17:41:55+00:00,2025-04-22T18:01:36+00:00,91047.24242719769,91605.90642718195,-1,558.6639999842644,4469.311999874115,91211.6,True,soft_sl,1181.0,-0.5586639999842592,0.09132657442718983,-0.649990574411449,0.001,vwap_initial,-1,90906.34736656555,201.2786580459268,0.6999999999999815,0.7,3600
2025-04,769,1834079,1843301,2025-04-22T15:27:48+00:00,2025-04-22T18:01:37+00:00,90801.48612338264,91673.90212337305,-1,872.4159999904036,6979.327999923229,,False,sl,9229.0,-0.8724159999904078,0.09123769412337786,-0.9636536941137857,0.001,vwap_initial,-1,90901.50068485229,300.52665078996597,0.0,1.0,3600
2025-04,790,1842119,1843301,2025-04-22T17:41:55+00:00,2025-04-22T18:01:37+00:00,91107.62602461147,91666.29002459573,-1,558.6639999842644,4469.311999874115,91211.6,True,soft_sl,1182.0,-0.5586639999842592,0.0913869580246036,-0.6500509580088628,0.001,vwap_initial,-1,90906.34736656555,201.2786580459268,0.9999999999999736,1.0,3600
2025-04,797,1848839,1848839,2025-04-22T19:34:09+00:00,2025-04-22T19:34:09+00:00,91083.69148534343,91280.24348531701,-1,196.55199997358022,1572.4159997886418,,False,sl,0.0,-0.19655199997358433,0.09118196748533022,-0.28773396745891455,0.001,vwap_initial,-1,91461.25080781801,121.280418037497,0.0,0.3,3600
2025-04,798,1848839,1848839,2025-04-22T19:34:09+00:00,2025-04-22T19:34:09+00:00,91152.61443936387,91349.16643933745,-1,196.55199997358022,1572.4159997886418,,False,sl,0.0,-0.19655199997358433,0.09125089043935065,-0.287802890412935,0.001,vwap_initial,-1,91461.25080781801,121.280418037497,0.0,0.5,3600
2025-04,799,1848839,1848839,2025-04-22T19:34:09+00:00,2025-04-22T19:34:09+00:00,91221.53739338431,91418.08939335789,-1,196.55199997358022,1572.4159997886418,,False,sl,0.0,-0.19655199997358433,0.0913198133933711,-0.28787181336695544,0.001,vwap_initial,-1,91461.25080781801,121.280418037497,0.0,0.7,3600
2025-04,800,1848839,1848846,2025-04-22T19:34:09+00:00,2025-04-22T19:34:16+00:00,91324.92182441495,91521.47382438854,-1,196.55199997358022,1572.4159997886418,,False,sl,7.0,-0.19655199997358433,0.09142319782440175,-0.2879751977979861,0.001,vwap_initial,-1,91461.25080781801,121.280418037497,0.0,1.0,3600
2025-04,804,1851179,1855212,2025-04-22T20:13:15+00:00,2025-04-22T21:22:12+00:00,91215.71954007007,91540.58354004993,-1,324.86399997986854,2598.9119998389483,91272.5,True,soft_sl,4137.0,-0.32486399997986154,0.09137815154006,-0.41624215151992155,0.001,vwap_initial,-1,91269.02241195965,201.20090822979267,0.0,0.3,3600
2025-04,805,1851292,1855214,2025-04-22T20:15:08+00:00,2025-04-22T21:22:14+00:00,91275.99189148733,91592.91189146691,-1,316.9199999795854,2535.359999836683,91272.5,True,soft_sl,4026.0,-0.3169199999795819,0.09143445189147713,-0.40835445187105907,0.001,vwap_initial,-1,91263.43162328172,195.5498844549337,0.06423050691446319,0.5,3600
2025-04,801,1848843,1855218,2025-04-22T19:34:13+00:00,2025-04-22T21:22:18+00:00,91497.63493322926,91693.90693320284,-1,196.27199997358025,1570.175999788642,,False,sl,6485.0,-0.1962719999735855,0.09159577093321607,-0.28786777090680155,0.001,vwap_initial,-1,91461.27204135453,121.2524854019184,0.2998939918979334,0.3,3600
2025-04,802,1848843,1855218,2025-04-22T19:34:13+00:00,2025-04-22T21:22:18+00:00,91497.22920946604,91693.50120943962,-1,196.27199997358025,1570.175999788642,,False,sl,6485.0,-0.1962719999735855,0.09159536520945284,-0.28786736518303835,0.001,vwap_initial,-1,91461.27204135453,121.2524854019184,0.2965478851201839,1.5,3600
2025-04,803,1848846,1855220,2025-04-22T19:34:16+00:00,2025-04-22T21:22:20+00:00,91521.89101683676,91719.49101681038,-1,197.59999997362496,1580.7999997889997,,False,sl,6484.0,-0.1975999999736232,0.09162069101682359,-0.2892206909904468,0.001,vwap_initial,-1,91461.40076659221,121.13724197760124,0.49935304169903744,0.5,3600
2025-04,796,1842248,1855221,2025-04-22T17:44:04+00:00,2025-04-22T21:22:21+00:00,91207.24051917566,91765.44051915949,-1,558.1999999838323,4465.599999870658,91211.6,True,soft_sl,13097.0,-0.55819999998383,0.09148634051916757,-0.6496863405029976,0.001,vwap_initial,-1,90914.15453258262,200.80013481758675,1.4595905867258923,1.5,3600
2025-04,795,1842248,1855224,2025-04-22T17:44:04+00:00,2025-04-22T21:22:24+00:00,91208.26535363444,91766.46535361827,-1,558.1999999838323,4465.599999870658,91211.6,True,soft_sl,13100.0,-0.55819999998383,0.09148736535362637,-0.6496873653374563,0.001,vwap_initial,-1,90914.15453258262,200.80013481758675,1.4646943405641053,1.5,3600
2025-04,516,1343436,1856844,2025-04-16T17:45:18+00:00,2025-04-22T21:49:25+00:00,84130.92160324135,92624.29760317365,1,1061.671999991536,8493.375999932288,,False,tp,533047.0,8.493375999932294,0.08837760960320751,8.404998390329085,0.001,vwap_inversion_flip,-1,84887.57783572684,349.17030785703327,2.167011957944889,1.0,3600
2025-04,641,1743264,1856844,2025-04-21T14:00:35+00:00,2025-04-22T21:49:25+00:00,86919.43395157464,92606.15395148046,1,710.8399999882281,5686.719999905825,87211.5,True,tp,114530.0,5.686719999905821,0.08976279395152756,5.596957205954293,0.001,vwap_initial,1,87192.02764514508,219.73707464316212,1.2405448375660366,1.0,3600
2025-04,517,1343494,1856845,2025-04-16T17:46:16+00:00,2025-04-22T21:49:26+00:00,83895.47305204837,92842.03305198996,1,1118.3199999926985,8946.559999941588,,False,tp,532990.0,8.946559999941586,0.08836875305201917,8.858191246889566,0.001,vwap_inversion_flip,-1,84824.85732140139,403.7227574267736,2.3020358705480866,1.5,3600
2025-04,640,1743257,1856845,2025-04-21T14:00:28+00:00,2025-04-22T21:49:26+00:00,86952.093293749,92724.06129365554,1,721.4959999883175,5771.96799990654,87211.5,True,tp,114538.0,5.771967999906542,0.08983807729370227,5.682129922612839,0.001,vwap_initial,1,87192.73878844053,219.5414893482219,1.0961276404107707,0.7,3600
2025-04,807,1851964,1856845,2025-04-22T20:26:38+00:00,2025-04-22T21:49:26+00:00,91163.90308865371,92738.81508847,1,196.8639999770373,1574.9119998162985,,False,tp,4968.0,1.5749119998162933,0.09195135908856185,1.4829606407277314,0.001,vwap_inversion_flip,-1,91234.53609545738,178.64773380216334,0.3953758903087832,0.5,3600
2025-04,808,1851967,1856845,2025-04-22T20:26:41+00:00,2025-04-22T21:49:26+00:00,91125.15054097683,92715.67854079336,1,198.81599997706712,1590.527999816537,,False,tp,4965.0,1.5905279998165351,0.0919204145408851,1.49860758527565,0.001,vwap_inversion_flip,-1,91233.7287709078,178.23819076507226,0.6091748881926038,0.7,3600
2025-04,638,1743227,1856846,2025-04-21T13:59:58+00:00,2025-04-22T21:49:27+00:00,86984.2109377536,92895.82693766204,1,738.9519999885559,5911.6159999084475,87211.5,True,tp,114569.0,5.911615999908449,0.08994001893770782,5.821675980970741,0.001,vwap_initial,1,87194.65124654167,219.63163534219728,0.9581511718938008,0.7,3600
2025-04,639,1743227,1856846,2025-04-21T13:59:58+00:00,2025-04-22T21:49:27+00:00,86999.38809985202,92911.00409976047,1,738.9519999885559,5911.6159999084475,87211.5,True,tp,114569.0,5.911615999908449,0.08995519609980625,5.821660803808642,0.001,vwap_initial,1,87194.65124654167,219.63163534219728,0.8890483667593081,0.5,3600
2025-04,777,1838948,1856847,2025-04-22T16:49:00+00:00,2025-04-22T21:49:28+00:00,90607.66012839023,92967.98012821916,1,295.03999997861683,2360.3199998289347,90699.1,True,tp,18028.0,2.360319999828935,0.0917878201283047,2.26853217970063,0.001,vwap_initial,1,90733.6517581095,97.53872218281604,1.2917088403426429,1.0,3600
2025-04,774,1838885,1856848,2025-04-22T16:47:57+00:00,2025-04-22T21:49:29+00:00,90683.95817338105,93069.04617321248,1,298.13599997892976,2385.087999831438,90699.1,True,tp,18092.0,2.385087999831434,0.09187650217329676,2.2932114976581373,0.001,vwap_initial,1,90730.00881197222,99.2417823385593,0.46402470316456323,0.3,3600
2025-04,775,1838898,1856848,2025-04-22T16:48:10+00:00,2025-04-22T21:49:29+00:00,90662.15873195509,93060.36673178594,1,299.7759999788552,2398.207999830842,90699.1,True,tp,18079.0,2.398207999830847,0.09186126273187052,2.3063467370989765,0.001,vwap_initial,1,90730.66661041172,98.876107327325,0.6928658531209791,0.5,3600
2025-04,776,1838917,1856848,2025-04-22T16:48:29+00:00,2025-04-22T21:49:29+00:00,90640.35929052914,93009.57529035951,1,296.15199997879563,2369.215999830365,90699.1,True,tp,18060.0,2.369215999830369,0.09182496729044434,2.2773910325399243,0.001,vwap_initial,1,90732.53492764333,98.40048250346247,0.9367396863215427,0.7,3600
2025-04,637,1743147,1856852,2025-04-21T13:58:38+00:00,2025-04-22T21:49:33+00:00,87027.39559520624,93572.29159512006,1,818.1119999892264,6544.8959999138115,87211.5,True,tp,114655.0,6.544895999913817,0.09029984359516315,6.454596156318654,0.001,vwap_initial,1,87195.64739399256,220.29037861401656,0.7637727977268061,0.5,3600
2025-04,672,1755396,1856853,2025-04-21T17:22:52+00:00,2025-04-22T21:49:34+00:00,86881.5165826668,93704.81258259252,1,852.9119999907166,6823.295999925733,,False,tp,102402.0,6.82329599992573,0.09029316458262966,6.7330028353431,0.001,vwap_inversion_flip,-1,87011.4928402833,456.1032115759066,0.28497115196233896,0.3,3600
2025-04,806,1851361,1856854,2025-04-22T20:16:17+00:00,2025-04-22T21:49:35+00:00,91202.65563633059,93787.03963616643,1,323.0479999794811,2584.383999835849,,False,tp,5598.0,2.5843839998358455,0.0924948476362485,2.491889152199597,0.001,vwap_inversion_flip,-1,91260.13739820468,193.29828724885323,0.29737336368682,0.3,3600
2025-04,636,1743012,1893309,2025-04-21T13:56:23+00:00,2025-04-23T07:58:25+00:00,87046.68290595505,94164.4429058734,1,889.7199999897928,7117.759999918342,87211.5,True,tp,151322.0,7.117759999918344,0.09060556290591423,7.02715443701243,0.001,vwap_initial,1,87196.42044664812,222.04508187855032,0.6743564839457528,0.3,3600
2025-04,635,1743005,1893314,2025-04-21T13:56:16+00:00,2025-04-23T07:58:30+00:00,87070.58025265888,94188.85225257532,1,889.7839999895542,7118.271999916434,87211.5,True,tp,151334.0,7.11827199991644,0.0906297162526171,7.027642283663823,0.001,vwap_initial,1,87196.73131965085,222.21101736268972,0.5677084263831267,0.3,3600
2025-04,549,1344861,1894806,2025-04-16T18:09:03+00:00,2025-04-23T08:23:25+00:00,83605.06853400945,94442.57253398537,1,1354.68799999699,10837.50399997592,,False,tp,569662.0,10.837503999975917,0.0890238205339974,10.74848017944192,0.001,vwap_inversion_flip,-1,84145.83237133814,644.6853150427519,0.83880278441402,1.5,3600
2025-04,540,1344856,1913636,2025-04-16T18:08:58+00:00,2025-04-23T13:37:58+00:00,83627.47372958675,94466.25772956267,1,1354.84799999699,10838.78399997592,,False,tp,588540.0,10.838783999975917,0.08904686572957472,10.749737134246342,0.001,vwap_initial,1,84146.4660358724,644.858698934416,0.8048155466356471,1.5,3600
2025-04,548,1344860,1913636,2025-04-16T18:09:02+00:00,2025-04-23T13:37:58+00:00,83609.85814809689,94455.68214807281,1,1355.72799999699,10845.82399997592,,False,tp,588536.0,10.845823999975925,0.08903277014808485,10.75679122982784,0.001,vwap_inversion_flip,-1,84145.88234295145,644.6975084023954,0.8314351891678062,1.5,3600
2025-04,671,1755272,1913636,2025-04-21T17:20:48+00:00,2025-04-23T13:37:58+00:00,86992.54437069796,94482.40037063084,1,936.2319999916106,7489.8559999328845,,False,tp,159430.0,7.489855999932886,0.0907374723706644,7.399118527562222,0.001,vwap_inversion_flip,-1,87021.02621800425,465.2515415775598,0.06121816858406559,1.0,3600
2025-04,543,1344856,1913637,2025-04-16T18:08:58+00:00,2025-04-23T13:37:59+00:00,83695.98534658947,94534.76934656539,1,1354.84799999699,10838.78399997592,,False,tp,588541.0,10.838783999975917,0.08911537734657743,10.74966862262934,0.001,vwap_inversion_flip,-1,84146.4660358724,644.858698934416,0.6985727106222254,0.7,3600
2025-04,539,1344815,1913638,2025-04-16T18:08:17+00:00,2025-04-23T13:38:00+00:00,83700.37072201025,94642.9627219845,1,1367.8239999967814,10942.591999974251,,False,tp,588583.0,10.942591999974248,0.08917166672199739,10.85342033325225,0.001,vwap_inversion_flip,-1,84151.95878766724,646.763926375451,0.6982270458214198,0.7,3600
2025-04,542,1344856,1913638,2025-04-16T18:08:58+00:00,2025-04-23T13:38:00+00:00,83825.00925824573,94663.79325822165,1,1354.84799999699,10838.78399997592,,False,tp,588542.0,10.838783999975917,0.0892444012582337,10.749539598717682,0.001,vwap_inversion_flip,-1,84146.4660358724,644.858698934416,0.49849180627920897,0.5,3600
2025-04,670,1755272,1913638,2025-04-21T17:20:48+00:00,2025-04-23T13:38:00+00:00,87162.60595711121,94652.4619570441,1,936.2319999916106,7489.8559999328845,,False,tp,159432.0,7.489855999932886,0.09090753395707767,7.398948465975809,0.001,vwap_inversion_flip,-1,87021.02621800425,465.2515415775598,0.0,0.7,3600
2025-04,547,1344856,1913643,2025-04-16T18:08:58+00:00,2025-04-23T13:38:05+00:00,83890.82143035374,94729.60543032966,1,1354.84799999699,10838.78399997592,,False,tp,588547.0,10.838783999975917,0.0893102134303417,10.749473786545575,0.001,vwap_inversion_flip,-1,84146.4660358724,644.858698934416,0.39643507320456844,1.0,3600
2025-04,525,1344539,1913645,2025-04-16T18:03:41+00:00,2025-04-23T13:38:07+00:00,83637.00441543823,94831.43641541606,1,1399.3039999972284,11194.431999977827,,False,tp,588866.0,11.194431999977823,0.08923422041542715,11.105197779562396,0.001,vwap_initial,1,84208.06606040546,674.6900620199148,0.8464058937781826,1.5,3600
2025-04,534,1344807,1913645,2025-04-16T18:08:09+00:00,2025-04-23T13:38:07+00:00,83829.8451546659,94806.03715464076,1,1372.0239999968558,10976.191999974846,,False,tp,588598.0,10.97619199997485,0.08931794115465333,10.886874058820196,0.001,vwap_inversion_flip,-1,84153.46471924597,647.3404061153426,0.4999217745762025,0.5,3600
2025-04,538,1344807,1913645,2025-04-16T18:08:09+00:00,2025-04-23T13:38:07+00:00,83894.948568104,94871.14056807884,1,1372.0239999968558,10976.191999974846,,False,tp,588598.0,10.97619199997485,0.08938304456809144,10.886808955406758,0.001,vwap_inversion_flip,-1,84153.46471924597,647.3404061153426,0.3993511739724613,1.0,3600
2025-04,541,1344856,1913645,2025-04-16T18:08:58+00:00,2025-04-23T13:38:07+00:00,83954.03316990199,94792.8171698779,1,1354.84799999699,10838.78399997592,,False,tp,588549.0,10.838783999975917,0.08937342516988994,10.749410574806026,0.001,vwap_inversion_flip,-1,84146.4660358724,644.858698934416,0.29841090193619263,0.3,3600
2025-04,546,1344856,1913645,2025-04-16T18:08:58+00:00,2025-04-23T13:38:07+00:00,84062.2731681603,94901.05716813622,1,1354.84799999699,10838.78399997592,,False,tp,588549.0,10.838783999975917,0.08948166516814827,10.749302334807767,0.001,vwap_inversion_flip,-1,84146.4660358724,644.858698934416,0.13056017985215368,0.7,3600
2025-04,668,1755272,1913645,2025-04-21T17:20:48+00:00,2025-04-23T13:38:07+00:00,87389.35473899556,94879.21073892845,1,936.2319999916106,7489.8559999328845,,False,tp,159439.0,7.489855999932886,0.09113428273896201,7.398721717193924,0.001,vwap_inversion_flip,-1,87021.02621800425,465.2515415775598,0.0,0.3,3600
2025-04,669,1755272,1913645,2025-04-21T17:20:48+00:00,2025-04-23T13:38:07+00:00,87275.98034805339,94765.83634798627,1,936.2319999916106,7489.8559999328845,,False,tp,159439.0,7.489855999932886,0.09102090834801983,7.398835091584866,0.001,vwap_inversion_flip,-1,87021.02621800425,465.2515415775598,0.0,0.5,3600
2025-04,818,1920630,1980438,2025-04-23T15:34:33+00:00,2025-04-24T08:28:16+00:00,93068.40411038604,91958.50811039288,1,1109.8959999931603,8879.167999945283,,False,sl,60823.0,-1.109895999993154,0.09251345611038947,-1.2024094561035434,0.001,vwap_inversion_flip,-1,92422.90026069603,341.80582426195963,0.0,0.3,3600
2025-04,819,1920630,1980458,2025-04-23T15:34:33+00:00,2025-04-24T08:28:36+00:00,92939.95913337146,91830.06313337831,1,1109.8959999931603,8879.167999945283,,False,sl,60843.0,-1.109895999993154,0.09238501113337487,-1.2022810111265287,0.001,vwap_inversion_flip,-1,92422.90026069603,341.80582426195963,0.0,0.5,3600
2025-04,820,1920630,1981616,2025-04-23T15:34:33+00:00,2025-04-24T08:47:54+00:00,92811.51415635689,91701.61815636374,1,1109.8959999931603,8879.167999945283,,False,sl,62001.0,-1.109895999993154,0.09225656615636033,-1.2021525661495143,0.001,vwap_inversion_flip,-1,92422.90026069603,341.80582426195963,0.0,0.7,3600
2025-04,838,2013899,2013945,2025-04-24T17:48:04+00:00,2025-04-24T17:48:50+00:00,92994.9060477065,92724.4500477263,1,270.45599998019634,2163.6479998415707,,False,sl,46.0,-0.2704559999802004,0.09285967804771642,-0.36331567802791687,0.001,vwap_initial,1,92994.97846519771,226.78479142202562,0.0003193225204779225,0.3,3600
2025-04,834,2013899,2013959,2025-04-24T17:48:04+00:00,2025-04-24T17:49:04+00:00,92926.9430277711,92656.4870277909,1,270.45599998019634,2163.6479998415707,,False,sl,60.0,-0.2704559999802004,0.092791715027781,-0.3632477150079814,0.001,vwap_initial,1,92994.97846519771,226.78479142202562,0.2999999999999775,0.3,3600
2025-04,839,2013899,2013959,2025-04-24T17:48:04+00:00,2025-04-24T17:49:04+00:00,92943.69232579484,92673.23632581464,1,270.45599998019634,2163.6479998415707,,False,sl,60.0,-0.2704559999802004,0.09280846432580474,-0.3632644643060052,0.001,vwap_initial,1,92994.97846519771,226.78479142202562,0.22614452707031155,0.5,3600
2025-04,844,2014781,2015520,2025-04-24T18:02:52+00:00,2025-04-24T18:15:11+00:00,93046.5205553144,93340.13655529363,-1,293.6159999792278,2348.9279998338225,,False,sl,739.0,-0.29361599997922894,0.09319332855530402,-0.386809328534533,0.001,vwap_inversion_flip,1,92899.62129389159,159.35558287092132,0.9218331656557531,0.3,3600
2025-04,845,2015005,2015520,2025-04-24T18:06:36+00:00,2025-04-24T18:15:11+00:00,93091.10644002288,93344.84244000098,-1,253.73599997811021,2029.8879998248817,,False,sl,515.0,-0.2537359999781038,0.09321797444001192,-0.3469539744181157,0.001,vwap_inversion_flip,1,92890.49191190896,141.79058790039676,1.414864915115826,0.5,3600
2025-04,846,2015163,2017434,2025-04-24T18:09:14+00:00,2025-04-24T18:47:49+00:00,93135.69232473135,93375.27632470847,-1,239.58399997711183,1916.6719998168946,,False,sl,2315.0,-0.2395839999771124,0.0932554843247199,-0.3328394843018323,0.001,vwap_inversion_flip,1,92887.87886486262,134.66942077333667,1.8401613257535958,0.7,3600
2025-04,847,2015164,2017435,2025-04-24T18:09:15+00:00,2025-04-24T18:47:50+00:00,93150.60527841432,93389.6132783915,-1,239.00799997717144,1912.0639998173715,,False,sl,2315.0,-0.23900799997716968,0.0932701092784029,-0.33227810925557255,0.001,vwap_inversion_flip,1,92888.02674944146,134.77486178615862,1.94827526063049,0.3,3600
2025-04,848,2015355,2017810,2025-04-24T18:12:26+00:00,2025-04-24T18:54:12+00:00,93202.57115179407,93422.8111517706,-1,220.23999997653067,1761.9199998122454,,False,sl,2506.0,-0.220239999976533,0.09331269115178234,-0.31355269112831535,0.001,vwap_inversion_flip,1,92877.72642708852,129.31387503011504,2.5120639577917974,1.0,3600
2025-04,849,2015355,2017810,2025-04-24T18:12:26+00:00,2025-04-24T18:54:12+00:00,93201.32341195727,93421.5634119338,-1,220.23999997653067,1761.9199998122454,,False,sl,2506.0,-0.220239999976533,0.09331144341194555,-0.31355144338847857,0.001,vwap_inversion_flip,1,92877.72642708852,129.31387503011504,2.502415033138497,0.5,3600
2025-04,850,2015455,2019945,2025-04-24T18:14:06+00:00,2025-04-24T19:30:27+00:00,93252.04154550022,93472.80954547657,-1,220.76799997635186,1766.1439998108149,,False,sl,4581.0,-0.22076799997634952,0.09336242554548839,-0.3141304255218379,0.001,vwap_inversion_flip,1,92879.88794954,137.93606805371766,2.6980151109953905,0.7,3600
2025-04,851,2015513,2020485,2025-04-24T18:15:04+00:00,2025-04-24T19:39:31+00:00,93314.03586356525,93534.52386354153,-1,220.48799997627737,1763.903999810219,,False,sl,5067.0,-0.22048799997627794,0.09342427986355338,-0.31391227983983133,0.001,vwap_inversion_flip,1,92887.48521770646,149.06373574745174,2.861531973017679,1.5,3600
2025-04,852,2015518,2021305,2025-04-24T18:15:09+00:00,2025-04-24T19:53:16+00:00,93328.11874581463,93548.96674579084,-1,220.84799997620286,1766.7839998096229,,False,sl,5887.0,-0.22084799997620577,0.09343854274580274,-0.3142865427220085,0.001,vwap_inversion_flip,1,92887.93183385757,151.7753360159884,2.900253252680604,1.0,3600
2025-04,854,2037623,2037747,2025-04-25T00:35:02+00:00,2025-04-25T00:37:06+00:00,93692.886114642,93848.91011461777,-1,156.02399997577072,1248.1919998061658,,False,sl,124.0,-0.15602399997577596,0.09377089811462988,-0.24979489809040584,0.001,vwap_inversion_flip,1,93717.07041960592,138.00750855705564,0.0,0.5,3600
2025-04,853,2036733,2039099,2025-04-25T00:20:12+00:00,2025-04-25T01:00:02+00:00,93647.51923115387,93866.07923112824,-1,218.55999997437,1748.47999979496,,False,sl,2390.0,-0.21855999997437175,0.09375679923114105,-0.3123167992055128,0.001,vwap_inversion_flip,1,93712.89101505993,141.3370894176973,0.0,0.3,3600
2025-04,855,2037640,2039320,2025-04-25T00:35:19+00:00,2025-04-25T01:03:43+00:00,93738.25299813013,93896.18899810594,-1,157.9359999758005,1263.487999806404,,False,sl,1704.0,-0.15793599997580168,0.09381722099811804,-0.2517532209739197,0.001,vwap_inversion_flip,1,93713.72641035453,135.3009680141461,0.18127429637486775,0.7,3600
2025-04,856,2037649,2039626,2025-04-25T00:35:28+00:00,2025-04-25T01:08:51+00:00,93760.4483832102,93918.24038318609,-1,157.79199997588992,1262.3359998071194,,False,sl,2003.0,-0.15779199997588875,0.09383934438319814,-0.2516313443590869,0.001,vwap_inversion_flip,1,93712.29246958895,134.01360303364098,0.3593360116521679,0.3,3600
2025-04,857,2037701,2039645,2025-04-25T00:36:20+00:00,2025-04-25T01:09:10+00:00,93788.4651789403,93946.47317891635,-1,158.00799997605384,1264.0639998084307,,False,sl,1970.0,-0.15800799997604917,0.09386746917892834,-0.2518754691549775,0.001,vwap_inversion_flip,1,93706.77023800112,131.67847595256893,0.6204122606082458,0.5,3600
2025-04,858,2037722,2039645,2025-04-25T00:36:41+00:00,2025-04-25T01:09:10+00:00,93806.30332336234,93950.26332333813,-1,143.95999997578562,1151.679999806285,,False,sl,1949.0,-0.143959999975792,0.09387828332335024,-0.23783828329914225,0.001,vwap_inversion_flip,1,93706.56477580381,131.1780778001745,0.7603293875861304,1.0,3600
2025-04,859,2037725,2039647,2025-04-25T00:36:44+00:00,2025-04-25T01:09:12+00:00,93816.4819746704,93959.83397464622,-1,143.35199997581543,1146.8159998065235,,False,sl,1948.0,-0.14335199997581366,0.0938881579746583,-0.23724015795047196,0.001,vwap_inversion_flip,1,93706.4595007935,131.11036422364612,0.8391592421269477,0.7,3600
2025-04,860,2037748,2039681,2025-04-25T00:37:07+00:00,2025-04-25T01:09:46+00:00,93858.50716826554,94001.10716824148,-1,142.59999997593462,1140.799999807477,,False,sl,1959.0,-0.14259999997593695,0.09392980716825351,-0.23652980714419047,0.001,vwap_inversion_flip,1,93706.24468183392,130.80917410191435,1.164004646287178,1.0,3600
2025-04,861,2047730,2048888,2025-04-25T03:24:44+00:00,2025-04-25T03:44:28+00:00,93104.87845125314,93326.8704512294,-1,221.99199997626243,1775.9359998100995,,False,sl,1184.0,-0.2219919999762642,0.09321587445124128,-0.3152078744275055,0.001,vwap_initial,-1,93049.81469998657,143.2918428110169,0.3842769426811868,0.3,3600
2025-04,862,2047741,2050182,2025-04-25T03:24:55+00:00,2025-04-25T04:06:18+00:00,93135.37635597035,93358.06435594663,-1,222.68799997627735,1781.5039998102188,,False,sl,2483.0,-0.22268799997627503,0.09324672035595849,-0.3159347203322335,0.001,vwap_initial,-1,93049.62426217522,142.92641527518572,0.5999737251510141,0.5,3600
2025-04,863,2048315,2050228,2025-04-25T03:34:42+00:00,2025-04-25T04:07:04+00:00,93165.87426068756,93379.36226066443,-1,213.48799997687343,1707.9039998149874,,False,sl,1942.0,-0.21348799997687457,0.093272618260676,-0.3067606182375506,0.001,vwap_initial,-1,93011.62788067981,133.5180708731043,1.155247218590725,0.7,3600
2025-04,864,2048564,2050585,2025-04-25T03:38:58+00:00,2025-04-25T04:13:06+00:00,93211.62111776337,93421.71711774044,-1,210.09599997706712,1680.767999816537,,False,sl,2048.0,-0.21009599997707118,0.09331666911775191,-0.3034126690948231,0.001,vwap_initial,-1,93007.49114952858,129.8306448840428,1.572278782232854,1.0,3600
2025-04,865,2048888,2050595,2025-04-25T03:44:28+00:00,2025-04-25T04:13:16+00:00,93287.86587955638,93442.33787953272,-1,154.47199997633695,1235.7759998106956,,False,sl,1728.0,-0.15447199997633287,0.09336510187954455,-0.24783710185587743,0.001,vwap_initial,-1,93016.00333409072,136.7042993114189,1.9886905301079212,1.5,3600
2025-04,866,2053141,2053141,2025-04-25T04:56:21+00:00,2025-04-25T04:56:21+00:00,93186.95374227612,93078.22574230096,1,108.72799997515978,869.8239998012782,,False,sl,0.0,-0.10872799997516268,0.09313258974228855,-0.20186058971745124,0.001,vwap_inversion_flip,-1,93225.3745357391,128.84106617455453,0.2982030078121874,0.3,3600
2025-04,867,2053141,2053141,2025-04-25T04:56:21+00:00,2025-04-25T04:56:21+00:00,93161.21115119406,93052.4831512189,1,108.72799997515978,869.8239998012782,,False,sl,0.0,-0.10872799997516268,0.0931068471512065,-0.20183484712636918,0.001,vwap_inversion_flip,-1,93225.3745357391,128.84106617455453,0.4980041414599333,0.5,3600
2025-04,868,2053141,2053141,2025-04-25T04:56:21+00:00,2025-04-25T04:56:21+00:00,93135.468560112,93026.74056013684,1,108.72799997515978,869.8239998012782,,False,sl,0.0,-0.10872799997516268,0.09308110456012443,-0.2018091045352871,0.001,vwap_inversion_flip,-1,93225.3745357391,128.84106617455453,0.6978052751076792,0.7,3600
2025-04,869,2053141,2053141,2025-04-25T04:56:21+00:00,2025-04-25T04:56:21+00:00,93096.8546734889,92988.12667351373,1,108.72799997515978,869.8239998012782,,False,sl,0.0,-0.10872799997516268,0.0930424906735013,-0.20177049064866398,0.001,vwap_inversion_flip,-1,93225.3745357391,128.84106617455453,0.997506975579411,1.0,3600
2025-04,871,2053141,2053141,2025-04-25T04:56:21+00:00,2025-04-25T04:56:21+00:00,93335.64802843914,93226.92002846398,1,108.72799997515978,869.8239998012782,,False,sl,0.0,-0.10872799997516268,0.09328128402845157,-0.20200928400361423,0.001,vwap_inversion_flip,-1,93225.3745357391,128.84106617455453,0.0,0.3,3600
2025-04,872,2053141,2053141,2025-04-25T04:56:21+00:00,2025-04-25T04:56:21+00:00,93248.86690436551,93140.13890439035,1,108.72799997515978,869.8239998012782,,False,sl,0.0,-0.10872799997516268,0.09319450290437795,-0.2019225028795406,0.001,vwap_inversion_flip,-1,93225.3745357391,128.84106617455453,0.0,0.5,3600
2025-04,873,2053141,2053141,2025-04-25T04:56:21+00:00,2025-04-25T04:56:21+00:00,93162.08578029188,93053.35778031671,1,108.72799997515978,869.8239998012782,,False,sl,0.0,-0.10872799997516268,0.0931077217803043,-0.201835721755467,0.001,vwap_inversion_flip,-1,93225.3745357391,128.84106617455453,0.49121570727675823,0.7,3600
2025-04,870,2053141,2072101,2025-04-25T04:56:21+00:00,2025-04-25T10:17:46+00:00,93032.49819578373,93902.322195585,1,108.72799997515978,869.8239998012782,,False,tp,19285.0,0.8698239998012723,0.09346741019568437,0.776356589605588,0.001,vwap_inversion_flip,-1,93225.3745357391,128.84106617455453,1.4970098096988886,1.5,3600
2025-04,874,2053141,2072101,2025-04-25T04:56:21+00:00,2025-04-25T10:17:46+00:00,93031.91409418141,93901.73809398268,1,108.72799997515978,869.8239998012782,,False,tp,19285.0,0.8698239998012723,0.09346682609408205,0.7763571737071903,0.001,vwap_inversion_flip,-1,93225.3745357391,128.84106617455453,1.5015433145794472,1.0,3600
2025-04,842,2013956,2078911,2025-04-24T17:49:01+00:00,2025-04-25T12:12:07+00:00,92687.62371623654,94818.63171607573,1,266.3759999798983,2131.0079998391866,92707.3,True,tp,66186.0,2.1310079998391886,0.09375312771615613,2.0372548721230324,0.001,vwap_initial,1,92987.50622723953,223.11297938070715,1.34408366485611,1.5,3600
2025-04,843,2013959,2078911,2025-04-24T17:49:04+00:00,2025-04-25T12:12:07+00:00,92654.80127806467,94804.24127790434,1,268.6799999799579,2149.4399998396634,92707.3,True,tp,66183.0,2.1494399998396694,0.0937295212779845,2.055710478561685,0.001,vwap_initial,1,92986.72698974822,223.1215707378281,1.48764510121511,1.5,3600
2025-04,520,1344539,2078939,2025-04-16T18:03:41+00:00,2025-04-25T12:12:35+00:00,83735.78301699151,94930.21501696933,1,1399.3039999972284,11194.431999977827,,False,tp,756534.0,11.194431999977823,0.08933299901698043,11.105099000960843,0.001,vwap_initial,1,84208.06606040546,674.6900620199148,0.7000000000000097,0.7,3600
2025-04,533,1344807,2078939,2025-04-16T18:08:09+00:00,2025-04-25T12:12:35+00:00,83959.31958732157,94935.51158729642,1,1372.0239999968558,10976.191999974846,,False,tp,756266.0,10.97619199997485,0.089447415587309,10.886744584387541,0.001,vwap_inversion_flip,-1,84153.46471924597,647.3404061153426,0.29991196299555684,0.3,3600
2025-04,837,2013899,2078939,2025-04-24T17:48:04+00:00,2025-04-25T12:12:35+00:00,92768.19367377568,94931.84167361725,1,270.45599998019634,2163.6479998415707,92707.3,True,tp,66271.0,2.1636479998415745,0.09385001767369647,2.069797982167878,0.001,vwap_initial,1,92994.97846519771,226.78479142202562,1.000000000000032,1.0,3600
2025-04,841,2013899,2078943,2025-04-24T17:48:04+00:00,2025-04-25T12:12:39+00:00,92815.6580210157,94979.30602085727,1,270.45599998019634,2163.6479998415707,92707.3,True,tp,66275.0,2.1636479998415745,0.09389748202093648,2.069750517820638,0.001,vwap_initial,1,92994.97846519771,226.78479142202562,0.7907075384447352,1.0,3600
2025-04,528,1344599,2078947,2025-04-16T18:04:41+00:00,2025-04-25T12:12:43+00:00,83724.24850417612,94981.20850415407,1,1407.1199999972432,11256.959999977946,,False,tp,756482.0,11.256959999977946,0.0893527285041651,11.16760727147378,0.001,vwap_initial,1,84193.67208783247,670.605119509061,0.7000000000000045,0.7,3600
2025-04,836,2013899,2078947,2025-04-24T17:48:04+00:00,2025-04-25T12:12:43+00:00,92836.2291112023,94999.87711104387,1,270.45599998019634,2163.6479998415707,92707.3,True,tp,66279.0,2.1636479998415745,0.09391805311112308,2.0697299467304515,0.001,vwap_initial,1,92994.97846519771,226.78479142202562,0.6999999999999903,0.7,3600
2025-04,519,1344539,2086122,2025-04-16T18:03:41+00:00,2025-04-25T14:12:19+00:00,83870.7210293955,95065.15302937332,1,1399.3039999972284,11194.431999977827,,False,tp,763718.0,11.194431999977823,0.08946793702938442,11.104964062948438,0.001,vwap_initial,1,84208.06606040546,674.6900620199148,0.5000000000000008,0.5,3600
2025-04,524,1344539,2086122,2025-04-16T18:03:41+00:00,2025-04-25T14:12:19+00:00,83918.58078968346,95113.01278966128,1,1399.3039999972284,11194.431999977827,,False,tp,763718.0,11.194431999977823,0.08951579678967238,11.10491620318815,0.001,vwap_initial,1,84208.06606040546,674.6900620199148,0.4290640799648435,1.0,3600
2025-04,527,1344599,2086122,2025-04-16T18:04:41+00:00,2025-04-25T14:12:19+00:00,83858.36952807794,95115.32952805588,1,1407.1199999972432,11256.959999977946,,False,tp,763658.0,11.256959999977946,0.0894868495280669,11.16747315044988,0.001,vwap_initial,1,84193.67208783247,670.605119509061,0.5000000000000063,0.5,3600
2025-04,532,1344599,2086122,2025-04-16T18:04:41+00:00,2025-04-25T14:12:19+00:00,83910.33249988116,95167.2924998591,1,1407.1199999972432,11256.959999977946,,False,tp,763658.0,11.256959999977946,0.08953881249987015,11.167421187478077,0.001,vwap_initial,1,84193.67208783247,670.605119509061,0.4225133088138965,1.0,3600
2025-04,536,1344807,2086122,2025-04-16T18:08:09+00:00,2025-04-25T14:12:19+00:00,84180.03898811112,95156.23098808597,1,1372.0239999968558,10976.191999974846,,False,tp,763450.0,10.97619199997485,0.08966813498809856,10.886523864986751,0.001,vwap_inversion_flip,-1,84153.46471924597,647.3404061153426,0.0,0.5,3600
2025-04,537,1344807,2086122,2025-04-16T18:08:09+00:00,2025-04-25T14:12:19+00:00,84066.00282010826,95042.19482008311,1,1372.0239999968558,10976.191999974846,,False,tp,763450.0,10.97619199997485,0.08955409882009567,10.886637901154755,0.001,vwap_inversion_flip,-1,84153.46471924597,647.3404061153426,0.1351095935175142,0.7,3600
2025-04,544,1344856,2086122,2025-04-16T18:08:58+00:00,2025-04-25T14:12:19+00:00,84290.87548523574,95129.65948521165,1,1354.84799999699,10838.78399997592,,False,tp,763401.0,10.838783999975917,0.08971026748522369,10.749073732490693,0.001,vwap_inversion_flip,-1,84146.4660358724,644.858698934416,0.0,0.3,3600
2025-04,545,1344856,2086122,2025-04-16T18:08:58+00:00,2025-04-25T14:12:19+00:00,84176.57432669801,95015.35832667393,1,1354.84799999699,10838.78399997592,,False,tp,763401.0,10.838783999975917,0.08959596632668597,10.749188033649231,0.001,vwap_inversion_flip,-1,84146.4660358724,644.858698934416,0.0,0.5,3600
2025-04,809,1855450,2086122,2025-04-22T21:26:10+00:00,2025-04-25T14:12:19+00:00,91366.72386627788,95073.2198661142,1,463.3119999795407,3706.4959998363256,,False,tp,233169.0,3.7064959998363194,0.09321997186619604,3.6132760279701235,0.001,vwap_inversion_flip,-1,91450.2253503403,270.1102302562835,0.309138546819177,0.3,3600
2025-04,835,2013899,2086122,2025-04-24T17:48:04+00:00,2025-04-25T14:12:19+00:00,92881.5860694867,95045.23406932827,1,270.45599998019634,2163.6479998415707,92707.3,True,tp,73455.0,2.1636479998415745,0.09396341006940749,2.069684589772167,0.001,vwap_initial,1,92994.97846519771,226.78479142202562,0.4999999999999839,0.5,3600
2025-04,840,2013899,2086122,2025-04-24T17:48:04+00:00,2025-04-25T14:12:19+00:00,92892.47860388318,95056.12660372476,1,270.45599998019634,2163.6479998415707,92707.3,True,tp,73455.0,2.1636479998415745,0.09397430260380396,2.0696736972377705,0.001,vwap_initial,1,92994.97846519771,226.78479142202562,0.45196973162008103,0.7,3600
2025-04,518,1344539,2086126,2025-04-16T18:03:41+00:00,2025-04-25T14:12:23+00:00,84005.65904179949,95200.09104177731,1,1399.3039999972284,11194.431999977827,,False,tp,763722.0,11.194431999977823,0.0896028750417884,11.104829124936035,0.001,vwap_initial,1,84208.06606040546,674.6900620199148,0.29999999999999183,0.3,3600
2025-04,523,1344539,2086126,2025-04-16T18:03:41+00:00,2025-04-25T14:12:23+00:00,84087.52661423059,95281.95861420842,1,1399.3039999972284,11194.431999977827,,False,tp,763722.0,11.194431999977823,0.0896847426142195,11.104747257363604,0.001,vwap_initial,1,84208.06606040546,674.6900620199148,0.1786589916768444,0.7,3600
2025-04,526,1344599,2086126,2025-04-16T18:04:41+00:00,2025-04-25T14:12:23+00:00,83992.49055197975,95249.45055195769,1,1407.1199999972432,11256.959999977946,,False,tp,763662.0,11.256959999977946,0.08962097055196873,11.167339029425976,0.001,vwap_initial,1,84193.67208783247,670.605119509061,0.30000000000000815,0.3,3600
2025-04,535,1344807,2086126,2025-04-16T18:08:09+00:00,2025-04-25T14:12:23+00:00,84294.07515611396,95270.26715608881,1,1372.0239999968558,10976.191999974846,,False,tp,763454.0,10.97619199997485,0.0897821711561014,10.886409828818747,0.001,vwap_inversion_flip,-1,84153.46471924597,647.3404061153426,0.0,0.3,3600
2025-04,810,1855497,2086126,2025-04-22T21:26:57+00:00,2025-04-25T14:12:23+00:00,91311.03370921752,95295.22570905706,1,498.023999979943,3984.191999839544,,False,tp,233126.0,3.9841919998395463,0.09330312970913729,3.890888870130409,0.001,vwap_inversion_flip,-1,91450.18140248705,268.240957652545,0.518741412524243,0.5,3600
2025-04,522,1344539,2088150,2025-04-16T18:03:41+00:00,2025-04-25T14:46:07+00:00,84200.15716392867,95394.5891639065,1,1399.3039999972284,11194.431999977827,,False,tp,765746.0,11.194431999977823,0.08979737316391759,11.104634626813905,0.001,vwap_initial,1,84208.06606040546,674.6900620199148,0.011722266151526037,0.5,3600
2025-04,531,1344599,2088150,2025-04-16T18:04:41+00:00,2025-04-25T14:46:07+00:00,84080.0477620578,95337.00776203575,1,1407.1199999972432,11256.959999977946,,False,tp,765686.0,11.256959999977946,0.08970852776204678,11.167251472215899,0.001,vwap_initial,1,84193.67208783247,670.605119509061,0.16943551796599876,0.7,3600
2025-04,811,1855511,2088150,2025-04-22T21:27:11+00:00,2025-04-25T14:46:07+00:00,91255.34355215715,95357.7435519986,1,512.7999999801815,4102.399999841452,,False,tp,235136.0,4.1023999998414515,0.09330654355207788,4.009093456289373,0.001,vwap_inversion_flip,-1,91448.34389961166,267.3008932165009,0.7220340535794142,0.7,3600
2025-04,530,1344599,2088151,2025-04-16T18:04:41+00:00,2025-04-25T14:46:08+00:00,84193.19127017555,95450.1512701535,1,1407.1199999972432,11256.959999977946,,False,tp,765687.0,11.256959999977946,0.08982167127016452,11.16713832870778,0.001,vwap_initial,1,84193.67208783247,670.605119509061,0.0007169907340886492,0.5,3600
2025-04,521,1344539,2088170,2025-04-16T18:03:41+00:00,2025-04-25T14:46:27+00:00,84312.78771362676,95507.21971360459,1,1399.3039999972284,11194.431999977827,,False,tp,765766.0,11.194431999977823,0.08991000371361568,11.104521996264207,0.001,vwap_initial,1,84208.06606040546,674.6900620199148,0.0,0.3,3600
2025-04,529,1344599,2088714,2025-04-16T18:04:41+00:00,2025-04-25T14:55:31+00:00,84306.33477829331,95563.29477827126,1,1407.1199999972432,11256.959999977946,,False,tp,766250.0,11.256959999977946,0.08993481477828227,11.167025185199664,0.001,vwap_initial,1,84193.67208783247,670.605119509061,0.0,0.3,3600
2025-04,812,1855594,2088716,2025-04-22T21:28:34+00:00,2025-04-25T14:55:33+00:00,91232.55635052272,95632.87635037073,1,550.0399999810011,4400.319999848009,,False,tp,235619.0,4.400319999848012,0.09343271635044673,4.3068872834975656,0.001,vwap_inversion_flip,-1,91448.79469702778,264.0824093255109,0.8188290430148581,0.3,3600
2025-04,879,2289526,2289526,2025-04-28T01:15:28+00:00,2025-04-28T01:15:28+00:00,93573.06486150858,93278.80086152923,1,294.263999979347,2354.111999834776,,False,sl,0.0,-0.29426399997934644,0.0934259328615189,-0.38768993284086534,0.001,vwap_inversion_flip,-1,93433.64894396426,153.74195888985864,0.0,0.3,3600
2025-04,880,2289526,2289526,2025-04-28T01:15:28+00:00,2025-04-28T01:15:28+00:00,93507.2286276324,93212.96462765305,1,294.263999979347,2354.111999834776,,False,sl,0.0,-0.29426399997934644,0.09336009662764272,-0.38762409660698915,0.001,vwap_inversion_flip,-1,93433.64894396426,153.74195888985864,0.0,0.5,3600
2025-04,881,2289526,2289640,2025-04-28T01:15:28+00:00,2025-04-28T01:17:22+00:00,93441.3923937562,93147.12839377686,1,294.263999979347,2354.111999834776,,False,sl,114.0,-0.29426399997934644,0.09329426039376655,-0.387558260373113,0.001,vwap_inversion_flip,-1,93433.64894396426,153.74195888985864,0.0,0.7,3600
2025-04,875,2289526,2289848,2025-04-28T01:15:28+00:00,2025-04-28T01:20:50+00:00,93387.67229658927,93093.40829660992,1,294.263999979347,2354.111999834776,,False,sl,322.0,-0.29426399997934644,0.09324054029659959,-0.38750454027594605,0.001,vwap_inversion_flip,-1,93433.64894396426,153.74195888985864,0.2990507452030665,0.3,3600
2025-04,876,2289526,2289848,2025-04-28T01:15:28+00:00,2025-04-28T01:20:50+00:00,93356.93998661755,93062.6759866382,1,294.263999979347,2354.111999834776,,False,sl,322.0,-0.29426399997934644,0.0932098079866279,-0.3874738079659743,0.001,vwap_inversion_flip,-1,93433.64894396426,153.74195888985864,0.49894614261851455,0.5,3600
2025-04,877,2289526,2289848,2025-04-28T01:15:28+00:00,2025-04-28T01:20:50+00:00,93326.20767664583,93031.94367666649,1,294.263999979347,2354.111999834776,,False,sl,322.0,-0.29426399997934644,0.09317907567665616,-0.3874430756560026,0.001,vwap_inversion_flip,-1,93433.64894396426,153.74195888985864,0.6988415400339626,0.7,3600
2025-04,882,2289526,2289848,2025-04-28T01:15:28+00:00,2025-04-28T01:20:50+00:00,93342.63804294194,93048.37404296259,1,294.263999979347,2354.111999834776,,False,sl,322.0,-0.29426399997934644,0.09319550604295228,-0.3874595060222987,0.001,vwap_inversion_flip,-1,93433.64894396426,153.74195888985864,0.5919717797242631,1.0,3600
2025-04,878,2289526,2289866,2025-04-28T01:15:28+00:00,2025-04-28T01:21:08+00:00,93280.10921168826,92985.84521170892,1,294.263999979347,2354.111999834776,,False,sl,340.0,-0.29426399997934644,0.09313297721169861,-0.38739697719104504,0.001,vwap_inversion_flip,-1,93433.64894396426,153.74195888985864,0.9986846361570874,1.0,3600
2025-04,883,2289527,2290627,2025-04-28T01:15:29+00:00,2025-04-28T01:33:49+00:00,93203.27843675898,92908.31843677955,1,294.9599999794364,2359.6799998354913,,False,sl,1100.0,-0.29495999997943,0.09305579843676925,-0.38801579841619926,0.001,vwap_inversion_flip,-1,93433.41619712905,153.8744768522329,1.4956200994338456,1.5,3600
2025-04,884,2289629,2290689,2025-04-28T01:17:11+00:00,2025-04-28T01:34:51+00:00,93178.04745825149,92856.19945827163,1,321.8479999798536,2574.783999838829,,False,sl,1060.0,-0.3218479999798583,0.09301712345826156,-0.4148651234381199,0.001,vwap_inversion_flip,-1,93427.37516885599,159.326162574013,1.5648886948411673,1.5,3600
2025-04,887,2330819,2330819,2025-04-28T12:49:28+00:00,2025-04-28T12:49:28+00:00,95090.71538213972,95321.18738211486,-1,230.47199997514485,1843.7759998011588,,False,sl,0.0,-0.23047199997513962,0.0952059513821273,-0.3256779513572669,0.001,vwap_initial,-1,95268.91965914,142.9747403814227,0.0,0.3,3600
2025-04,888,2330819,2331754,2025-04-28T12:49:28+00:00,2025-04-28T13:05:06+00:00,95154.88524291027,95385.35724288541,-1,230.47199997514485,1843.7759998011588,,False,sl,938.0,-0.23047199997513962,0.09527012124289784,-0.3257421212180375,0.001,vwap_initial,-1,95268.91965914,142.9747403814227,0.0,0.5,3600
2025-04,889,2330819,2331926,2025-04-28T12:49:28+00:00,2025-04-28T13:07:59+00:00,95219.05510368082,95449.52710365596,-1,230.47199997514485,1843.7759998011588,,False,sl,1111.0,-0.23047199997513962,0.0953342911036684,-0.325806291078808,0.001,vwap_initial,-1,95268.91965914,142.9747403814227,0.0,0.7,3600
2025-04,894,2339293,2339293,2025-04-28T15:11:00+00:00,2025-04-28T15:11:00+00:00,94431.27323370433,94109.71323372444,1,321.55999997988346,2572.4799998390677,,False,sl,0.0,-0.32155999997988693,0.09427049323371439,-0.4158304932136013,0.001,vwap_inversion_flip,-1,94483.0943230523,173.89522793366723,0.29800179086994416,0.3,3600
2025-04,895,2339293,2339293,2025-04-28T15:11:00+00:00,2025-04-28T15:11:00+00:00,94396.56400674203,94075.00400676214,1,321.55999997988346,2572.4799998390677,,False,sl,0.0,-0.32155999997988693,0.09423578400675209,-0.415795783986639,0.001,vwap_inversion_flip,-1,94483.0943230523,173.89522793366723,0.4976002926501959,0.5,3600
2025-04,896,2339293,2339293,2025-04-28T15:11:00+00:00,2025-04-28T15:11:00+00:00,94361.85477977974,94040.29477979985,1,321.55999997988346,2572.4799998390677,,False,sl,0.0,-0.32155999997988693,0.0942010747797898,-0.4157610747596767,0.001,vwap_inversion_flip,-1,94483.0943230523,173.89522793366723,0.6971987944304476,0.7,3600
2025-04,899,2339293,2339293,2025-04-28T15:11:00+00:00,2025-04-28T15:11:00+00:00,94597.1349888852,94275.57498890531,1,321.55999997988346,2572.4799998390677,,False,sl,0.0,-0.32155999997988693,0.09443635498889526,-0.4159963549687822,0.001,vwap_inversion_flip,-1,94483.0943230523,173.89522793366723,0.0,0.3,3600
2025-04,900,2339293,2339293,2025-04-28T15:11:00+00:00,2025-04-28T15:11:00+00:00,94502.13721487502,94180.57721489514,1,321.55999997988346,2572.4799998390677,,False,sl,0.0,-0.32155999997988693,0.09434135721488508,-0.415901357194772,0.001,vwap_inversion_flip,-1,94483.0943230523,173.89522793366723,0.0,0.5,3600
2025-04,901,2339293,2339293,2025-04-28T15:11:00+00:00,2025-04-28T15:11:00+00:00,94407.13944086485,94085.57944088496,1,321.55999997988346,2572.4799998390677,,False,sl,0.0,-0.32155999997988693,0.09424635944087491,-0.41580635942076183,0.001,vwap_inversion_flip,-1,94483.0943230523,173.89522793366723,0.4367853165954724,0.7,3600
2025-04,897,2339293,2339683,2025-04-28T15:11:00+00:00,2025-04-28T15:17:30+00:00,94309.79093933631,93988.23093935642,1,321.55999997988346,2572.4799998390677,,False,sl,390.0,-0.32155999997988693,0.09414901093934637,-0.4157090109192333,0.001,vwap_inversion_flip,-1,94483.0943230523,173.89522793366723,0.9965965471007415,1.0,3600
2025-04,902,2339293,2339693,2025-04-28T15:11:00+00:00,2025-04-28T15:17:40+00:00,94264.64277984957,93943.08277986968,1,321.55999997988346,2572.4799998390677,,False,sl,400.0,-0.32155999997988693,0.09410386277985963,-0.41566386275974654,0.001,vwap_inversion_flip,-1,94483.0943230523,173.89522793366723,1.2562250603337688,1.0,3600
2025-04,898,2339293,2339917,2025-04-28T15:11:00+00:00,2025-04-28T15:21:24+00:00,94223.01787193058,93901.4578719507,1,321.55999997988346,2572.4799998390677,,False,sl,624.0,-0.32155999997988693,0.09406223787194064,-0.41562223785182756,0.001,vwap_inversion_flip,-1,94483.0943230523,173.89522793366723,1.4955928015512872,1.5,3600
2025-04,903,2339293,2340271,2025-04-28T15:11:00+00:00,2025-04-28T15:27:18+00:00,94027.14834482413,93705.58834484425,1,321.55999997988346,2572.4799998390677,,False,sl,978.0,-0.32155999997988693,0.0938663683448342,-0.41542636832472113,0.001,vwap_inversion_flip,-1,94483.0943230523,173.89522793366723,2.6219579665641235,1.5,3600
2025-04,891,2330873,2340381,2025-04-28T12:50:22+00:00,2025-04-28T15:29:08+00:00,95369.001977407,93534.88997760678,-1,229.26399997502563,1834.111999800205,,False,tp,9526.0,1.8341119998002104,0.09445194597750689,1.7396600538227036,0.001,vwap_initial,-1,95270.24795431478,143.3070940690954,0.6891077077077751,0.7,3600
2025-04,886,2330819,2342916,2025-04-28T12:49:28+00:00,2025-04-28T16:11:29+00:00,95340.4070293307,93496.63102952954,-1,230.47199997514485,1843.7759998011588,,False,tp,12121.0,1.8437759998011607,0.09441851902943012,1.7493574807717305,0.001,vwap_initial,-1,95268.91965914,142.9747403814227,0.4999999999999585,0.5,3600
2025-04,890,2330819,2342916,2025-04-28T12:49:28+00:00,2025-04-28T16:11:29+00:00,95315.30989483664,93471.53389503548,-1,230.47199997514485,1843.7759998011588,,False,tp,12121.0,1.8437759998011607,0.09439342189493607,1.7493825779062246,0.001,vwap_initial,-1,95268.91965914,142.9747403814227,0.3244645562767565,1.0,3600
2025-04,885,2330819,2342919,2025-04-28T12:49:28+00:00,2025-04-28T16:11:32+00:00,95311.81208125442,93468.03608145326,-1,230.47199997514485,1843.7759998011588,,False,tp,12124.0,1.8437759998011607,0.09438992408135385,1.7493860757198068,0.001,vwap_initial,-1,95268.91965914,142.9747403814227,0.29999999999999544,0.3,3600
2025-04,893,2336303,2374260,2025-04-28T14:21:06+00:00,2025-04-29T01:11:51+00:00,94806.73251934636,95351.62051932994,-1,544.8879999835789,4359.103999868631,94100.5,True,soft_sl,39045.0,-0.5448879999835772,0.09507917651933817,-0.6399671765029153,0.001,vwap_initial,-1,94432.94980283343,319.1731745350039,1.1710969039220884,0.3,3600
2025-04,905,2429219,2429254,2025-04-29T16:40:26+00:00,2025-04-29T16:41:01+00:00,94962.94253232008,95261.51053229696,-1,298.5679999768734,2388.5439998149873,,False,sl,35.0,-0.29856799997687633,0.09511222653230852,-0.3936802265091849,0.001,vwap_initial,-1,95111.74781960073,211.47140798403598,0.0,0.3,3600
2025-04,906,2429219,2429347,2025-04-29T16:40:26+00:00,2025-04-29T16:42:34+00:00,95006.54899043351,95305.11699041039,-1,298.5679999768734,2388.5439998149873,,False,sl,128.0,-0.29856799997687633,0.09515583299042195,-0.3937238329672983,0.001,vwap_initial,-1,95111.74781960073,211.47140798403598,0.0,0.5,3600
2025-04,907,2429219,2429379,2025-04-29T16:40:26+00:00,2025-04-29T16:43:06+00:00,95050.15544854692,95348.7234485238,-1,298.5679999768734,2388.5439998149873,,False,sl,160.0,-0.29856799997687633,0.09519943944853536,-0.3937674394254117,0.001,vwap_initial,-1,95111.74781960073,211.47140798403598,0.0,0.7,3600
2025-04,908,2429219,2429486,2025-04-29T16:40:26+00:00,2025-04-29T16:44:53+00:00,95115.56513571704,95414.13313569392,-1,298.5679999768734,2388.5439998149873,,False,sl,267.0,-0.29856799997687633,0.09526484913570547,-0.3938328491125818,0.001,vwap_initial,-1,95111.74781960073,211.47140798403598,0.018051216250483386,1.0,3600
2025-04,913,2430137,2430523,2025-04-29T16:55:44+00:00,2025-04-29T17:02:10+00:00,95105.66242001028,94720.81442002983,1,384.8479999804497,3078.7839998435975,,False,sl,386.0,-0.38484799998045494,0.09491323842002007,-0.479761238400475,0.001,vwap_inversion_flip,-1,95191.24697637343,185.70555665239633,0.46086158058986804,0.3,3600
2025-04,914,2430147,2430524,2025-04-29T16:55:54+00:00,2025-04-29T17:02:11+00:00,95064.35555897708,94676.9315589964,1,387.4239999806881,3099.391999845505,,False,sl,377.0,-0.38742399998068866,0.09487064355898675,-0.48229464353967544,0.001,vwap_inversion_flip,-1,95191.24998351432,185.0138355887684,0.6858645145830584,0.5,3600
2025-04,915,2430155,2430529,2025-04-29T16:56:02+00:00,2025-04-29T17:02:16+00:00,95023.04869794389,94632.72069796314,1,390.3279999807477,3122.6239998459814,,False,sl,374.0,-0.3903279999807419,0.09482788469795353,-0.4851558846786954,0.001,vwap_inversion_flip,-1,95190.64690134661,184.8719531620757,0.9065637082104806,0.7,3600
2025-04,923,2432339,2434092,2025-04-29T17:32:31+00:00,2025-04-29T18:02:20+00:00,95022.02761657347,95352.21961655174,-1,330.1919999782741,2641.535999826193,95152.3,True,soft_sl,1789.0,-0.3301919999782695,0.0951871236165626,-0.4253791235948321,0.001,vwap_initial,-1,95087.96111960195,233.95963068323383,0.0,0.3,3600
2025-04,924,2432339,2436086,2025-04-29T17:32:31+00:00,2025-04-29T18:35:59+00:00,95066.81876208943,95397.0107620677,-1,330.1919999782741,2641.535999826193,95152.3,True,soft_sl,3808.0,-0.3301919999782695,0.09523191476207858,-0.4254239147403481,0.001,vwap_initial,-1,95087.96111960195,233.95963068323383,0.0,0.5,3600
2025-04,922,2431259,2445347,2025-04-29T17:14:26+00:00,2025-04-29T21:15:14+00:00,95004.7901647861,94587.19816480663,1,417.5919999794662,3340.7359998357297,,False,sl,14448.0,-0.41759199997947144,0.09479599416479637,-0.5123879941442678,0.001,vwap_initial,1,95077.18147456548,241.30436593130605,0.29999999999997073,0.3,3600
2025-04,916,2430161,2445351,2025-04-29T16:56:08+00:00,2025-04-29T21:15:18+00:00,94961.08840639408,94571.62440641323,1,389.4639999808371,3115.711999846697,,False,sl,15550.0,-0.38946399998084236,0.09476635640640364,-0.484230356387246,0.001,vwap_inversion_flip,-1,95190.76613107369,183.54797468165322,1.2513225769882037,1.0,3600
2025-04,917,2430455,2445549,2025-04-29T17:01:02+00:00,2025-04-29T21:18:37+00:00,94857.82125381108,94481.30125383104,1,376.5199999800324,3012.1599998402594,,False,sl,15455.0,-0.3765199999800389,0.09466956125382107,-0.47118956123385997,0.001,vwap_inversion_flip,-1,95167.97692996553,187.7645238994811,1.6518332095603392,1.5,3600
2025-04,918,2430455,2445798,2025-04-29T17:01:02+00:00,2025-04-29T21:22:46+00:00,94846.55598952711,94470.03598954708,1,376.5199999800324,3012.1599998402594,,False,sl,15704.0,-0.3765199999800389,0.0946582959895371,-0.47117829596957594,0.001,vwap_inversion_flip,-1,95167.97692996553,187.7645238994811,1.7118299759889024,0.3,3600
2025-04,919,2430466,2445806,2025-04-29T17:01:13+00:00,2025-04-29T21:22:54+00:00,94799.9055314559,94422.27353147583,1,377.63199998006223,3021.055999840498,,False,sl,15701.0,-0.3776319999800617,0.09461108953146588,-0.4722430895115276,0.001,vwap_inversion_flip,-1,95165.91041876786,189.18466537674905,1.934643521889534,0.5,3600
2025-04,920,2430521,2445954,2025-04-29T17:02:08+00:00,2025-04-29T21:25:22+00:00,94753.25507338467,94354.6950734045,1,398.5599999801815,3188.479999841452,,False,sl,15794.0,-0.398559999980178,0.09455397507339458,-0.4931139750535726,0.001,vwap_inversion_flip,-1,95156.34854196098,196.32684149541552,2.053175538841023,0.7,3600
2025-04,921,2430524,2448531,2025-04-29T17:02:11+00:00,2025-04-29T22:08:41+00:00,94683.27938627783,94276.26338629756,1,407.01599998027086,3256.127999842167,,False,sl,18390.0,-0.4070159999802709,0.0944797713862877,-0.5014957713665585,0.001,vwap_inversion_flip,-1,95150.01658703334,202.81588461458935,2.3012852353377022,1.0,3600
2025-04,930,2469059,2469059,2025-04-30T03:58:15+00:00,2025-04-30T03:58:15+00:00,94597.51781891106,94777.32581888778,-1,179.80799997672437,1438.463999813795,,False,sl,0.0,-0.17980799997672148,0.09468742181889943,-0.2744954217956209,0.001,vwap_initial,-1,94807.0263990996,178.71668297213358,0.0,0.3,3600
2025-04,931,2469059,2469059,2025-04-30T03:58:15+00:00,2025-04-30T03:58:15+00:00,94644.03948189942,94823.84748187615,-1,179.80799997672437,1438.463999813795,,False,sl,0.0,-0.17980799997672148,0.09473394348188778,-0.27454194345860927,0.001,vwap_initial,-1,94807.0263990996,178.71668297213358,0.0,0.5,3600
2025-04,932,2469059,2469059,2025-04-30T03:58:15+00:00,2025-04-30T03:58:15+00:00,94690.5611448878,94870.36914486453,-1,179.80799997672437,1438.463999813795,,False,sl,0.0,-0.17980799997672148,0.09478046514487616,-0.2745884651215976,0.001,vwap_initial,-1,94807.0263990996,178.71668297213358,0.0,0.7,3600
2025-04,933,2469059,2469059,2025-04-30T03:58:15+00:00,2025-04-30T03:58:15+00:00,94760.34363937037,94940.1516393471,-1,179.80799997672437,1438.463999813795,,False,sl,0.0,-0.17980799997672148,0.09485024763935875,-0.2746582476160802,0.001,vwap_initial,-1,94807.0263990996,178.71668297213358,0.0,1.0,3600
2025-04,927,2469059,2469182,2025-04-30T03:58:15+00:00,2025-04-30T04:00:20+00:00,94860.64140399125,95040.44940396797,-1,179.80799997672437,1438.463999813795,,False,sl,125.0,-0.17980799997672148,0.09495054540397961,-0.2747585453807011,0.001,vwap_initial,-1,94807.0263990996,178.71668297213358,0.3000000000000337,0.3,3600
2025-04,934,2469059,2469182,2025-04-30T03:58:15+00:00,2025-04-30T04:00:20+00:00,94876.64779684131,95056.45579681803,-1,179.80799997672437,1438.463999813795,,False,sl,125.0,-0.17980799997672148,0.09496655179682968,-0.27477455177355115,0.001,vwap_initial,-1,94807.0263990996,178.71668297213358,0.38956294725189244,1.5,3600
2025-04,928,2469059,2469224,2025-04-30T03:58:15+00:00,2025-04-30T04:01:02+00:00,94896.38474058566,95076.19274056239,-1,179.80799997672437,1438.463999813795,,False,sl,167.0,-0.17980799997672148,0.09498628874057403,-0.2747942887172955,0.001,vwap_initial,-1,94807.0263990996,178.71668297213358,0.4999999999999747,0.5,3600
2025-04,929,2469059,2469226,2025-04-30T03:58:15+00:00,2025-04-30T04:01:04+00:00,94932.1280771801,95111.93607715682,-1,179.80799997672437,1438.463999813795,,False,sl,169.0,-0.17980799997672148,0.09502203207716846,-0.27483003205388995,0.001,vwap_initial,-1,94807.0263990996,178.71668297213358,0.6999999999999972,0.7,3600
2025-04,935,2469161,2495874,2025-04-30T03:59:58+00:00,2025-04-30T11:42:06+00:00,94985.74308207174,95171.81508204808,-1,186.07199997633694,1488.5759998106955,95036.2,True,soft_sl,27728.0,-0.1860719999763387,0.09507877908205993,-0.28115077905839864,0.001,vwap_initial,-1,94815.60811185052,176.8679029050757,0.9619324220320977,1.0,3600
2025-04,940,2500532,2501355,2025-04-30T13:00:09+00:00,2025-04-30T13:13:54+00:00,94700.84304642252,94274.2990464405,1,426.54399998202916,3412.3519998562333,,False,sl,825.0,-0.4265439999820228,0.09448757104643153,-0.5210315710284543,0.001,vwap_inversion_flip,-1,94643.36781192666,249.2744267103544,0.0,0.3,3600
2025-04,941,2500532,2501369,2025-04-30T13:00:09+00:00,2025-04-30T13:14:08+00:00,94651.3068671951,94224.76286721308,1,426.54399998202916,3412.3519998562333,,False,sl,839.0,-0.4265439999820228,0.09443803486720408,-0.5209820348492269,0.001,vwap_inversion_flip,-1,94643.36781192666,249.2744267103544,0.0,0.5,3600
2025-04,942,2500532,2501431,2025-04-30T13:00:09+00:00,2025-04-30T13:15:10+00:00,94601.7706879677,94175.22668798568,1,426.54399998202916,3412.3519998562333,,False,sl,901.0,-0.4265439999820228,0.09438849868797668,-0.5209324986699995,0.001,vwap_inversion_flip,-1,94643.36781192666,249.2744267103544,0.1668728096496244,0.7,3600
2025-04,937,2500532,2502841,2025-04-30T13:00:09+00:00,2025-04-30T13:38:40+00:00,94568.85032126735,94142.30632128533,1,426.54399998202916,3412.3519998562333,,False,sl,2311.0,-0.4265439999820228,0.09435557832127636,-0.5208995783032991,0.001,vwap_inversion_flip,-1,94643.36781192666,249.2744267103544,0.2989375670930253,0.3,3600
2025-04,943,2500532,2502872,2025-04-30T13:00:09+00:00,2025-04-30T13:39:11+00:00,94527.46641912659,94100.92241914457,1,426.54399998202916,3412.3519998562333,,False,sl,2342.0,-0.4265439999820228,0.09431419441913558,-0.5208581944011583,0.001,vwap_inversion_flip,-1,94643.36781192666,249.2744267103544,0.46495500693593506,1.0,3600
2025-04,938,2500532,2502879,2025-04-30T13:00:09+00:00,2025-04-30T13:39:18+00:00,94518.97970661569,94092.43570663367,1,426.54399998202916,3412.3519998562333,,False,sl,2349.0,-0.4265439999820228,0.09430570770662468,-0.5208497076886475,0.001,vwap_inversion_flip,-1,94643.36781192666,249.2744267103544,0.49900066746717936,0.5,3600
2025-04,939,2500532,2502916,2025-04-30T13:00:09+00:00,2025-04-30T13:39:55+00:00,94469.10909196401,94042.56509198199,1,426.54399998202916,3412.3519998562333,,False,sl,2386.0,-0.4265439999820228,0.094255837091973,-0.5207998370739958,0.001,vwap_inversion_flip,-1,94643.36781192666,249.2744267103544,0.6990637678413918,0.7,3600
2025-04,946,2501356,2502916,2025-04-30T13:13:55+00:00,2025-04-30T13:39:55+00:00,94269.62663335731,94040.65063338062,1,228.97599997669457,1831.8079998135565,,False,sl,1560.0,-0.2289759999766975,0.09415513863336898,-0.3231311386100665,0.001,vwap_inversion_flip,-1,94579.71524858965,221.22175233987508,1.401709424830567,1.5,3600
2025-04,944,2500567,2502988,2025-04-30T13:00:44+00:00,2025-04-30T13:41:07+00:00,94403.62597105806,93998.1539710765,1,405.47199998155236,3243.775999852419,,False,sl,2423.0,-0.40547199998155703,0.09420088997106729,-0.4996728899526243,0.001,vwap_inversion_flip,-1,94640.24048611942,248.16665605463302,0.9534500678820825,1.5,3600
2025-04,945,2500579,2502988,2025-04-30T13:00:56+00:00,2025-04-30T13:41:07+00:00,94394.3031699865,93993.34317000512,1,400.9599999813736,3207.6799998509887,,False,sl,2411.0,-0.40095999998137993,0.09419382316999579,-0.49515382315137574,0.001,vwap_inversion_flip,-1,94638.03257516549,247.32925617150804,0.9854451064615757,1.0,3600
2025-04,936,2469224,2503600,2025-04-30T04:01:02+00:00,2025-04-30T13:51:19+00:00,95075.1014235578,93513.2454237495,-1,195.23199997603894,1561.8559998083115,95036.2,True,tp,35417.0,1.5618559998083075,0.09429417342365365,1.467561826384654,0.001,vwap_initial,-1,94835.37191606984,181.67279857922827,1.3195674276103513,1.5,3600
2025-04,892,2331764,2503886,2025-04-28T13:05:16+00:00,2025-04-30T13:56:05+00:00,95411.89439952142,93157.81439970143,-1,281.75999997749926,2254.079999819994,,False,tp,175849.0,2.2540799998199947,0.09428485439961141,2.159795145420383,0.001,vwap_initial,-1,95299.54896893246,129.9070632963963,0.864813873381413,1.0,3600
2025-04,958,2509499,2512293,2025-04-30T15:29:45+00:00,2025-04-30T16:16:45+00:00,93884.05643171936,93609.77643174127,1,274.2799999780953,2194.2399998247624,,False,sl,2820.0,-0.2742799999780982,0.09374691643173033,-0.36802691640982854,0.001,vwap_initial,1,93939.46897353929,184.70847273309838,0.29999999999997845,0.3,3600
2025-04,959,2509499,2512302,2025-04-30T15:29:45+00:00,2025-04-30T16:16:54+00:00,93847.11473717274,93572.83473719464,1,274.2799999780953,2194.2399998247624,,False,sl,2829.0,-0.2742799999780982,0.09370997473718369,-0.3679899747152819,0.001,vwap_initial,1,93939.46897353929,184.70847273309838,0.4999999999999904,0.5,3600
2025-04,960,2509500,2512311,2025-04-30T15:29:46+00:00,2025-04-30T16:17:03+00:00,93810.17304262612,93535.12504264805,1,275.0479999780655,2200.383999824524,,False,sl,2837.0,-0.2750479999780655,0.0936726490426371,-0.3687206490207026,0.001,vwap_initial,1,93939.42754283421,184.7114294448315,0.6997644953351021,0.7,3600
2025-04,961,2512679,2512856,2025-04-30T16:23:11+00:00,2025-04-30T16:26:09+00:00,93776.50337121102,93528.7913712332,1,247.71199997782708,1981.6959998226166,,False,sl,178.0,-0.24771199997782242,0.0936526473712221,-0.34136464734904454,0.001,vwap_initial,1,93821.72253081188,150.73053200289766,0.2999999999999605,0.3,3600
2025-04,962,2512679,2512868,2025-04-30T16:23:11+00:00,2025-04-30T16:26:21+00:00,93746.35726481043,93498.64526483261,1,247.71199997782708,1981.6959998226166,,False,sl,190.0,-0.24771199997782242,0.09362250126482152,-0.341334501242644,0.001,vwap_initial,1,93821.72253081188,150.73053200289766,0.4999999999999986,0.5,3600
2025-04,973,2513525,2513795,2025-04-30T16:37:22+00:00,2025-04-30T16:41:52+00:00,93819.54375555387,94100.19175553297,-1,280.6479999791086,2245.1839998328687,,False,sl,270.0,-0.2806479999791045,0.09395986775554342,-0.37460786773464794,0.001,vwap_inversion_flip,1,93771.51433867894,157.42780695199062,0.30508852155687666,0.3,3600
2025-04,974,2513560,2513798,2025-04-30T16:37:57+00:00,2025-04-30T16:41:55+00:00,93851.18730595754,94127.47530593665,-1,276.2879999791086,2210.3039998328686,,False,sl,238.0,-0.2762879999791039,0.09398933130594711,-0.370277331285051,0.001,vwap_inversion_flip,1,93770.13290748806,155.47981074013643,0.5213178359533309,0.5,3600
2025-04,975,2513563,2513832,2025-04-30T16:38:00+00:00,2025-04-30T16:42:29+00:00,93858.88548585842,94135.46148583764,-1,276.5759999792278,2212.6079998338223,,False,sl,269.0,-0.2765759999792208,0.09399717348584805,-0.3705731734650688,0.001,vwap_inversion_flip,1,93770.11508940347,155.41348830725386,0.5711884947814722,0.3,3600
2025-04,976,2513593,2517175,2025-04-30T16:38:30+00:00,2025-04-30T17:38:57+00:00,93882.83085636122,94159.97485634072,-1,277.143999979496,2217.151999835968,,False,sl,3627.0,-0.27714399997949657,0.09402140285635097,-0.37116540283584754,0.001,vwap_inversion_flip,1,93770.6778421604,154.64318118822564,0.7252373712121106,0.7,3600
2025-04,977,2513605,2517177,2025-04-30T16:38:42+00:00,2025-04-30T17:38:59+00:00,93892.28357050462,94167.70757048411,-1,275.423999979496,2203.391999835968,,False,sl,3617.0,-0.2754239999794954,0.09402999557049437,-0.36945399554998976,0.001,vwap_inversion_flip,1,93770.66577541405,154.53492489967203,0.7869922942631042,0.5,3600
2025-04,978,2513638,2517445,2025-04-30T16:39:15+00:00,2025-04-30T17:43:29+00:00,93914.7944998445,94186.87449982423,-1,272.07999997973445,2176.6399998378756,,False,sl,3854.0,-0.2720799999797309,0.09405083449983437,-0.3661308344795653,0.001,vwap_inversion_flip,1,93770.86519245742,154.0286669557671,0.9344319484918485,0.3,3600
2025-04,979,2513639,2517457,2025-04-30T16:39:16+00:00,2025-04-30T17:43:41+00:00,93925.68165515081,94198.04165513054,-1,272.3599999797344,2178.8799998378754,,False,sl,3865.0,-0.27235999997972976,0.09406186165514067,-0.36642186163487045,0.001,vwap_inversion_flip,1,93770.80941850404,154.01151621962453,1.0055886757579744,0.7,3600
2025-04,980,2513644,2517458,2025-04-30T16:39:21+00:00,2025-04-30T17:43:42+00:00,93930.29618196675,94202.40818194652,-1,272.1119999797642,2176.8959998381138,,False,sl,3861.0,-0.27211199997976654,0.09406635218195665,-0.3661783521617232,0.001,vwap_inversion_flip,1,93770.68234006308,153.9680801154283,1.0366683911627108,1.0,3600
2025-04,992,2518079,2518079,2025-04-30T17:54:06+00:00,2025-04-30T17:54:06+00:00,93780.60714195498,93979.62314193272,-1,199.01599997773766,1592.1279998219013,,False,sl,0.0,-0.19901599997773883,0.09388011514194386,-0.2928961151196827,0.001,vwap_initial,-1,94002.0452856431,139.85483919868156,0.0,0.3,3600
2025-04,993,2518079,2518079,2025-04-30T17:54:06+00:00,2025-04-30T17:54:06+00:00,93853.35588164219,94052.37188161993,-1,199.01599997773766,1592.1279998219013,,False,sl,0.0,-0.19901599997773883,0.09395286388163106,-0.2929688638593699,0.001,vwap_initial,-1,94002.0452856431,139.85483919868156,0.0,0.5,3600
2025-04,994,2518079,2518100,2025-04-30T17:54:06+00:00,2025-04-30T17:54:27+00:00,93926.10462132939,94125.12062130713,-1,199.01599997773766,1592.1279998219013,,False,sl,21.0,-0.19901599997773883,0.09402561262131826,-0.2930416125990571,0.001,vwap_initial,-1,94002.0452856431,139.85483919868156,0.0,0.7,3600
2025-04,949,2508145,2518822,2025-04-30T15:07:05+00:00,2025-04-30T18:07:04+00:00,93864.47143886233,94237.45543884182,-1,372.983999979496,2983.871999835968,93900.5,True,soft_sl,10799.0,-0.3729839999794931,0.09405096343885208,-0.46703496341834516,0.001,vwap_initial,-1,93787.03549239159,297.4531678155435,0.26032987659676643,0.3,3600
2025-04,981,2513678,2518822,2025-04-30T16:39:55+00:00,2025-04-30T18:07:04+00:00,93963.18926055201,94234.4932605318,-1,271.303999979794,2170.431999838352,,False,sl,5229.0,-0.2713039999797911,0.09409884126054191,-0.365402841240333,0.001,vwap_inversion_flip,1,93771.65898607325,153.93139009197998,1.244257421207692,0.3,3600
2025-04,982,2513707,2518822,2025-04-30T16:40:24+00:00,2025-04-30T18:07:04+00:00,93975.77878212009,94248.80278209959,-1,273.023999979496,2184.191999835968,,False,sl,5200.0,-0.2730239999795012,0.09411229078210984,-0.36713629076161103,0.001,vwap_inversion_flip,1,93774.87930888252,155.03258426661426,1.29585321813432,1.0,3600
2025-04,989,2518079,2518822,2025-04-30T17:54:06+00:00,2025-04-30T18:07:04+00:00,94044.0017374027,94243.01773738043,-1,199.01599997773766,1592.1279998219013,94140.4,True,soft_sl,778.0,-0.19901599997773883,0.09414350973739156,-0.2931595097151304,0.001,vwap_initial,-1,94002.0452856431,139.85483919868156,0.29999999999997445,0.3,3600
2025-04,995,2518079,2518822,2025-04-30T17:54:06+00:00,2025-04-30T18:07:04+00:00,94035.22773086019,94234.24373083793,-1,199.01599997773766,1592.1279998219013,94140.4,True,soft_sl,778.0,-0.19901599997773883,0.09413473573084906,-0.2931507357085879,0.001,vwap_initial,-1,94002.0452856431,139.85483919868156,0.23726347552378005,1.0,3600
2025-04,950,2508156,2518823,2025-04-30T15:07:16+00:00,2025-04-30T18:07:05+00:00,93925.82812459256,94302.45212457191,-1,376.623999979347,3012.991999834776,93900.5,True,soft_sl,10789.0,-0.376623999979347,0.09411414012458223,-0.4707381401039292,0.001,vwap_initial,-1,93789.64965747713,295.4921723672146,0.4608530440061844,0.5,3600
2025-04,983,2513707,2518823,2025-04-30T16:40:24+00:00,2025-04-30T18:07:05+00:00,93998.76545853064,94271.78945851015,-1,273.023999979496,2184.191999835968,,False,sl,5201.0,-0.2730239999795012,0.0941352774585204,-0.3671592774380216,0.001,vwap_inversion_flip,1,93774.87930888252,155.03258426661426,1.4441231867947324,0.5,3600
2025-04,984,2513709,2518823,2025-04-30T16:40:26+00:00,2025-04-30T18:07:05+00:00,94009.40505797596,94282.17305795537,-1,272.7679999794066,2182.143999835253,,False,sl,5199.0,-0.27276799997940543,0.09414578905796567,-0.3669137890373711,0.001,vwap_inversion_flip,1,93775.82419521794,155.4555670942585,1.502557078682152,1.5,3600
2025-04,990,2518079,2518823,2025-04-30T17:54:06+00:00,2025-04-30T18:07:05+00:00,94071.97270524243,94270.98870522017,-1,199.01599997773766,1592.1279998219013,94140.4,True,soft_sl,779.0,-0.19901599997773883,0.0941714807052313,-0.2931874806829701,0.001,vwap_initial,-1,94002.0452856431,139.85483919868156,0.4999999999999574,0.5,3600
2025-04,991,2518079,2518823,2025-04-30T17:54:06+00:00,2025-04-30T18:07:05+00:00,94099.94367308218,94298.95967305992,-1,199.01599997773766,1592.1279998219013,94140.4,True,soft_sl,779.0,-0.19901599997773883,0.09419945167307106,-0.29321545165080987,0.001,vwap_initial,-1,94002.0452856431,139.85483919868156,0.7000000000000445,0.7,3600
2025-04,951,2508552,2518824,2025-04-30T15:13:52+00:00,2025-04-30T18:07:06+00:00,93987.18481032281,94338.03281030296,-1,350.84799998015166,2806.7839998412132,93900.5,True,soft_sl,10394.0,-0.3508479999801493,0.0941626088103129,-0.4450106087904622,0.001,vwap_initial,-1,93839.45299126508,251.30203541154722,0.5878655889746409,0.7,3600
2025-04,985,2513719,2518824,2025-04-30T16:40:36+00:00,2025-04-30T18:07:06+00:00,94053.71537263121,94329.2593726107,-1,275.543999979496,2204.351999835968,,False,sl,5190.0,-0.27554399997949075,0.09419148737262097,-0.3697354873521117,0.001,vwap_inversion_flip,1,93777.9279302149,156.67424898967892,1.7602601843936987,0.5,3600
2025-04,986,2513767,2518824,2025-04-30T16:41:24+00:00,2025-04-30T18:07:06+00:00,94059.27399373557,94331.85799371492,-1,272.583999979347,2180.671999834776,,False,sl,5142.0,-0.2725839999793534,0.09419556599372524,-0.36677956597307865,0.001,vwap_inversion_flip,1,93778.84220358309,158.71304183778642,1.7669108153008262,1.5,3600
2025-04,996,2518116,2518824,2025-04-30T17:54:43+00:00,2025-04-30T18:07:06+00:00,94141.90012484178,94339.87612481936,-1,197.97599997758869,1583.8079998207095,94140.4,True,soft_sl,743.0,-0.19797599997758517,0.09424088812483057,-0.29221688810241575,0.001,vwap_initial,-1,94006.70469321457,139.60673208702826,0.9684019502936567,1.0,3600
2025-04,987,2513770,2518825,2025-04-30T16:41:27+00:00,2025-04-30T18:07:07+00:00,94082.73641721679,94355.13641719607,-1,272.3999999792874,2179.199999834299,,False,sl,5140.0,-0.2723999999792868,0.09421893641720643,-0.36661893639649323,0.001,vwap_inversion_flip,1,93779.20284217694,159.014619177892,1.908840687787858,0.7,3600
2025-04,988,2513833,2518834,2025-04-30T16:42:30+00:00,2025-04-30T18:07:16+00:00,94144.24148471041,94421.15348469002,-1,276.9119999796152,2215.2959998369215,,False,sl,5086.0,-0.2769119999796094,0.09428269748470022,-0.37119469746430966,0.001,vwap_inversion_flip,1,93787.02809896343,166.89434978511844,2.140356376395591,0.7,3600
2025-04,1000,2527739,2527739,2025-04-30T20:38:11+00:00,2025-04-30T20:38:11+00:00,94239.86655950238,94412.12255947967,-1,172.25599997729063,1378.047999818325,,False,sl,0.0,-0.17225599997729296,0.09432599455949102,-0.266581994536784,0.001,vwap_initial,-1,94352.41888268992,234.45028538538668,0.0,0.3,3600
2025-04,1001,2527739,2527739,2025-04-30T20:38:11+00:00,2025-04-30T20:38:11+00:00,94289.24406827326,94461.50006825055,-1,172.25599997729063,1378.047999818325,,False,sl,0.0,-0.17225599997729296,0.09437537206826191,-0.26663137204555487,0.001,vwap_initial,-1,94352.41888268992,234.45028538538668,0.0,0.5,3600
2025-04,1002,2527739,2527739,2025-04-30T20:38:11+00:00,2025-04-30T20:38:11+00:00,94338.62157704415,94510.87757702144,-1,172.25599997729063,1378.047999818325,,False,sl,0.0,-0.17225599997729296,0.0944247495770328,-0.26668074955432575,0.001,vwap_initial,-1,94352.41888268992,234.45028538538668,0.0,0.7,3600
2025-04,1003,2527739,2528497,2025-04-30T20:38:11+00:00,2025-04-30T20:51:16+00:00,94412.68784020047,94584.94384017776,-1,172.25599997729063,1378.047999818325,,False,sl,785.0,-0.17225599997729296,0.09449881584018911,-0.26675481581748206,0.001,vwap_initial,-1,94352.41888268992,234.45028538538668,0.25706497823825414,1.0,3600
2025-04,997,2527739,2528499,2025-04-30T20:38:11+00:00,2025-04-30T20:51:18+00:00,94422.75396830554,94595.00996828283,-1,172.25599997729063,1378.047999818325,,False,sl,787.0,-0.17225599997729296,0.0945088819682942,-0.2667648819455872,0.001,vwap_initial,-1,94352.41888268992,234.45028538538668,0.3000000000000067,0.3,3600
2025-04,998,2527739,2528543,2025-04-30T20:38:11+00:00,2025-04-30T20:52:02+00:00,94469.64402538261,94641.90002535991,-1,172.25599997729063,1378.047999818325,,False,sl,831.0,-0.17225599997729296,0.09455577202537127,-0.26681177200266426,0.001,vwap_initial,-1,94352.41888268992,234.45028538538668,0.5000000000000111,0.5,3600
2025-04,999,2527739,2529344,2025-04-30T20:38:11+00:00,2025-04-30T21:06:03+00:00,94516.5340824597,94688.79008243699,-1,172.25599997729063,1378.047999818325,94598.0,True,soft_sl,1672.0,-0.17225599997729296,0.09460266208244834,-0.2668586620597413,0.001,vwap_initial,-1,94352.41888268992,234.45028538538668,0.7000000000000156,0.7,3600
2025-04,1005,2528497,2529346,2025-04-30T20:51:16+00:00,2025-04-30T21:06:05+00:00,94586.86916807531,94699.92516805364,-1,113.0559999783337,904.4479998266696,94598.0,True,soft_sl,889.0,-0.11305599997832906,0.09464339716806448,-0.20769939714639354,0.001,vwap_initial,-1,94395.74915446278,204.6777180158063,0.933760721319782,1.0,3600
2025-04,1004,2527739,2529347,2025-04-30T20:38:11+00:00,2025-04-30T21:06:06+00:00,94536.13161212769,94708.38761210498,-1,172.25599997729063,1378.047999818325,94598.0,True,soft_sl,1675.0,-0.17225599997729296,0.09462225961211634,-0.2668782595894093,0.001,vwap_initial,-1,94352.41888268992,234.45028538538668,0.7835892762330684,1.5,3600
2025-04,770,1835339,2539106,2025-04-22T15:48:48+00:00,2025-04-30T23:59:59+00:00,90834.95495405867,94125.1,1,691.3119999869168,5530.4959998953345,,False,eod,720671.0,3.290145045941332,0.09248002747702934,3.1976650184643027,0.001,vwap_initial,1,90917.85615574646,276.3373389592648,0.30000000000001037,0.3,3600
2025-04,771,1835339,2539106,2025-04-22T15:48:48+00:00,2025-04-30T23:59:59+00:00,90779.68748626682,94125.1,1,691.3119999869168,5530.4959998953345,,False,eod,720671.0,3.3454125137331867,0.09245239374313341,3.2529601199900533,0.001,vwap_initial,1,90917.85615574646,276.3373389592648,0.5000000000000173,0.5,3600
2025-04,772,1835339,2539106,2025-04-22T15:48:48+00:00,2025-04-30T23:59:59+00:00,90724.42001847496,94125.1,1,691.3119999869168,5530.4959998953345,,False,eod,720671.0,3.4006799815250415,0.09242476000923748,3.308255221515804,0.001,vwap_initial,1,90917.85615574646,276.3373389592648,0.7000000000000242,0.7,3600
2025-04,773,1835339,2539106,2025-04-22T15:48:48+00:00,2025-04-30T23:59:59+00:00,90641.5188167872,94125.1,1,691.3119999869168,5530.4959998953345,,False,eod,720671.0,3.4835811832128094,0.09238330940839361,3.391197873804416,0.001,vwap_initial,1,90917.85615574646,276.3373389592648,0.9999999999999819,1.0,3600
2025-04,813,1856061,2539106,2025-04-22T21:36:21+00:00,2025-04-30T23:59:59+00:00,91171.80831656659,94125.1,1,686.7919999828935,5494.335999863148,,False,eod,699818.0,2.9532916834334175,0.09264845415828331,2.860643229275134,0.001,vwap_inversion_flip,-1,91452.76744217079,249.5936808193625,1.1256660211984353,1.0,3600
2025-04,814,1856061,2539106,2025-04-22T21:36:21+00:00,2025-04-30T23:59:59+00:00,91186.24911511263,94125.1,1,686.7919999828935,5494.335999863148,,False,eod,699818.0,2.9388508848873753,0.09265567455755631,2.846195210329819,0.001,vwap_inversion_flip,-1,91452.76744217079,249.5936808193625,1.067808793008058,0.5,3600
2025-04,815,1856068,2539106,2025-04-22T21:36:28+00:00,2025-04-30T23:59:59+00:00,91139.94187970253,94125.1,1,688.5919999828935,5508.735999863148,,False,eod,699811.0,2.9851581202974775,0.09263252093985128,2.892525599357626,0.001,vwap_inversion_flip,-1,91451.97099754038,249.7568911676974,1.2493313653089324,0.7,3600
2025-04,816,1856080,2539106,2025-04-22T21:36:40+00:00,2025-04-30T23:59:59+00:00,91070.48102658738,94125.1,1,694.8399999830126,5558.719999864101,,False,eod,699799.0,3.054618973412624,0.0925977905132937,2.9620211828993304,0.001,vwap_inversion_flip,-1,91448.81774134432,250.96128082500047,1.5075501428475637,1.0,3600
2025-04,817,1920630,2539106,2025-04-23T15:34:33+00:00,2025-04-30T23:59:59+00:00,92320.4560316227,94125.1,1,1109.8959999931603,8879.167999945283,,False,eod,635126.0,1.8046439683773061,0.09322277801581134,1.7114211903614949,0.001,vwap_inversion_flip,-1,92422.90026069603,341.80582426195963,0.29971469706383524,0.3,3600
2025-04,821,1920630,2539106,2025-04-23T15:34:33+00:00,2025-04-30T23:59:59+00:00,92618.84669083504,94125.1,1,1109.8959999931603,8879.167999945283,,False,eod,635126.0,1.5062533091649675,0.09337197334541752,1.41288133581955,0.001,vwap_inversion_flip,-1,92422.90026069603,341.80582426195963,0.0,1.0,3600
2025-04,822,1920630,2539106,2025-04-23T15:34:33+00:00,2025-04-30T23:59:59+00:00,92297.73424829863,94125.1,1,1109.8959999931603,8879.167999945283,,False,eod,635126.0,1.8273657517013782,0.09321141712414932,1.7341543345772288,0.001,vwap_inversion_flip,-1,92422.90026069603,341.80582426195963,0.36619040259967206,1.5,3600
2025-04,823,1920637,2539106,2025-04-23T15:34:40+00:00,2025-04-30T23:59:59+00:00,92252.05942443367,94125.1,1,1115.1439999932795,8921.151999946236,,False,eod,635119.0,1.8730405755663377,0.09318857971221683,1.7798519958541208,0.001,vwap_inversion_flip,-1,92422.30474389094,341.2898090373747,0.49882919134755055,0.5,3600
2025-04,824,1981919,2539106,2025-04-24T08:52:57+00:00,2025-04-30T23:59:59+00:00,91883.56705348902,94125.1,1,518.0639999832213,4144.51199986577,,False,eod,572822.0,2.241532946510983,0.0930043335267445,2.1485286129842383,0.001,vwap_initial,1,91935.57593103641,173.36292515797038,0.2999999999999651,0.3,3600
2025-04,825,1981919,2539106,2025-04-24T08:52:57+00:00,2025-04-30T23:59:59+00:00,92125.68225874125,94125.1,1,518.0639999832213,4144.51199986577,,False,eod,572822.0,1.9994177412587597,0.09312539112937064,1.9062923501293891,0.001,vwap_initial,1,91935.57593103641,173.36292515797038,0.0,0.3,3600
2025-04,826,1981919,2539106,2025-04-24T08:52:57+00:00,2025-04-30T23:59:59+00:00,92062.44676311406,94125.1,1,518.0639999832213,4144.51199986577,,False,eod,572822.0,2.062653236885948,0.09309377338155703,1.9695594635043907,0.001,vwap_initial,1,91935.57593103641,173.36292515797038,0.0,0.5,3600
2025-04,827,1981919,2539106,2025-04-24T08:52:57+00:00,2025-04-30T23:59:59+00:00,91999.21126748685,94125.1,1,518.0639999832213,4144.51199986577,,False,eod,572822.0,2.125888732513151,0.09306215563374343,2.0328265768794074,0.001,vwap_initial,1,91935.57593103641,173.36292515797038,0.0,0.7,3600
2025-04,828,1981919,2539106,2025-04-24T08:52:57+00:00,2025-04-30T23:59:59+00:00,91904.35802404606,94125.1,1,518.0639999832213,4144.51199986577,,False,eod,572822.0,2.220741975953948,0.09301472901202304,2.1277272469419253,0.001,vwap_initial,1,91935.57593103641,173.36292515797038,0.1800725671991536,1.0,3600
2025-04,829,1981922,2539106,2025-04-24T08:53:00+00:00,2025-04-30T23:59:59+00:00,91848.89446845742,94125.1,1,517.5839999832214,4140.671999865771,,False,eod,572819.0,2.2762055315425824,0.09298699723422871,2.1832185343083537,0.001,vwap_initial,1,91935.33315574445,173.31384157999742,0.4987408189618004,0.5,3600
2025-04,830,1981968,2539106,2025-04-24T08:53:46+00:00,2025-04-30T23:59:59+00:00,91814.22188342582,94125.1,1,519.1679999832064,4153.343999865651,,False,eod,572773.0,2.310878116574182,0.0929696609417129,2.217908455632469,0.001,vwap_initial,1,91933.10751556167,172.94080498518045,0.6874354039582191,0.7,3600
2025-04,831,1982159,2539106,2025-04-24T08:56:57+00:00,2025-04-30T23:59:59+00:00,92114.37346578775,94125.1,1,494.991999983117,3959.935999864936,,False,eod,572582.0,2.0107265342122553,0.09311973673289388,1.9176067974793614,0.001,vwap_initial,1,91928.71048988582,169.4150209130441,0.0,0.3,3600
2025-04,832,1982159,2539106,2025-04-24T08:56:57+00:00,2025-04-30T23:59:59+00:00,92051.44329161356,94125.1,1,494.991999983117,3959.935999864936,,False,eod,572582.0,2.07365670838645,0.09308827164580678,1.9805684367406433,0.001,vwap_initial,1,91928.71048988582,169.4150209130441,0.0,0.5,3600
2025-04,833,1982159,2539106,2025-04-24T08:56:57+00:00,2025-04-30T23:59:59+00:00,91988.51311743936,94125.1,1,494.991999983117,3959.935999864936,,False,eod,572582.0,2.136586882560645,0.09305680655871969,2.0435300760019253,0.001,vwap_initial,1,91928.71048988582,169.4150209130441,0.0,0.7,3600
2025-04,904,2429219,2539106,2025-04-29T16:40:26+00:00,2025-04-30T23:59:59+00:00,95175.18924199593,94125.1,-1,298.5679999768734,2388.5439998149873,95276.0,True,eod,112773.0,1.0500892419959273,0.09465014462099798,0.9554390973749294,0.001,vwap_initial,-1,95111.74781960073,211.47140798403598,0.2999999999999699,0.3,3600
2025-04,909,2429250,2539106,2025-04-29T16:40:57+00:00,2025-04-30T23:59:59+00:00,95217.48352359275,94125.1,-1,305.4159999769926,2443.327999815941,95276.0,True,eod,112742.0,1.09238352359274,0.09467129176179637,0.9977122318309436,0.001,vwap_initial,-1,95113.27878285793,210.5304045833552,0.49496290543419735,0.5,3600
2025-04,910,2429250,2539106,2025-04-29T16:40:57+00:00,2025-04-30T23:59:59+00:00,95224.58128100059,94125.1,-1,305.4159999769926,2443.327999815941,95276.0,True,eod,112742.0,1.0994812810005825,0.0946748406405003,1.0048064403600823,0.001,vwap_initial,-1,95113.27878285793,210.5304045833552,0.5286765983418279,1.5,3600
2025-04,911,2429253,2539106,2025-04-29T16:41:00+00:00,2025-04-30T23:59:59+00:00,95259.77780518956,94125.1,-1,306.7999999769032,2454.399999815226,95276.0,True,eod,112739.0,1.1346778051895525,0.0946924389025948,1.0399853662869578,0.001,vwap_initial,-1,95113.63051352816,210.4314751474104,0.6945125084497072,0.7,3600
2025-04,912,2429347,2539106,2025-04-29T16:42:34+00:00,2025-04-30T23:59:59+00:00,95323.21922758476,94125.1,-1,320.1039999771118,2560.8319998168945,95276.0,True,eod,112645.0,1.198119227584757,0.09472415961379238,1.1033950679709645,0.001,vwap_initial,-1,95123.71148415473,208.22977809561462,0.9581134132430531,1.0,3600
2025-04,925,2432546,2539106,2025-04-29T17:36:00+00:00,2025-04-30T23:59:59+00:00,95111.60990760541,94125.1,-1,309.823999979496,2478.591999835968,95152.3,True,eod,109439.0,0.986509907605403,0.09461835495380272,0.8918915526516003,0.001,vwap_initial,-1,95059.166259466,234.96294951193758,0.22319965019311813,0.7,3600
2025-04,926,2432612,2539106,2025-04-29T17:37:09+00:00,2025-04-30T23:59:59+00:00,95158.14900880693,94125.1,-1,301.19999997898935,2409.599999831915,95152.3,True,eod,109370.0,1.03304900880692,0.09464162450440348,0.9384073843025165,0.001,vwap_initial,-1,95040.86423959801,225.90636741027865,0.519174251498217,0.3,3600
2025-04,947,2505479,2539106,2025-04-30T14:22:38+00:00,2025-04-30T23:59:59+00:00,93770.46256530084,94125.1,1,781.7359999859333,6253.887999887466,,False,eod,34641.0,0.3546374346991652,0.09394778128265042,0.2606896534165148,0.001,vwap_initial,1,93553.08707084993,405.96346728287386,0.0,0.3,3600
2025-04,948,2505479,2539106,2025-04-30T14:22:38+00:00,2025-04-30T23:59:59+00:00,93638.24492561008,94125.1,1,781.7359999859333,6253.887999887466,,False,eod,34641.0,0.486855074389925,0.09388167246280504,0.39297340192711994,0.001,vwap_initial,1,93553.08707084993,405.96346728287386,0.0,0.5,3600
2025-04,952,2508948,2539106,2025-04-30T15:20:30+00:00,2025-04-30T23:59:59+00:00,93811.85475313569,94125.1,1,335.90399998024105,2687.2319998419284,,False,eod,31169.0,0.3132452468643169,0.09396847737656785,0.21927676948774902,0.001,vwap_inversion_flip,-1,93880.42572037611,211.00247425143579,0.32497707661336833,0.3,3600
2025-04,953,2509207,2539106,2025-04-30T15:24:52+00:00,2025-04-30T23:59:59+00:00,93768.70272710294,94125.1,1,301.63999997854233,2413.1199998283387,,False,eod,30907.0,0.35639727289706935,0.09394690136355148,0.26245037153351786,0.001,vwap_inversion_flip,-1,93952.00416850757,169.39764551051357,1.0820778580022077,0.5,3600
2025-04,954,2509207,2539106,2025-04-30T15:24:52+00:00,2025-04-30T23:59:59+00:00,93766.96921319714,94125.1,1,301.63999997854233,2413.1199998283387,,False,eod,30907.0,0.3581307868028671,0.09394603460659859,0.26418475219626847,0.001,vwap_inversion_flip,-1,93952.00416850757,169.39764551051357,1.0923112582396988,0.3,3600
2025-04,955,2509230,2539106,2025-04-30T15:25:15+00:00,2025-04-30T23:59:59+00:00,93725.55070107018,94125.1,1,297.69599997863173,2381.567999829054,,False,eod,30884.0,0.39954929892982183,0.0939253253505351,0.3056239735792867,0.001,vwap_inversion_flip,-1,93952.14757123667,171.24914065722038,1.3232000423292543,0.7,3600
2025-04,956,2509347,2539106,2025-04-30T15:27:12+00:00,2025-04-30T23:59:59+00:00,93660.82266202106,94125.1,1,284.95199997812506,2279.6159998250005,,False,eod,30767.0,0.46427733797894327,0.09389296133101054,0.3703843766479327,0.001,vwap_inversion_flip,-1,93950.85763461469,176.28646278544076,1.6452481263216905,1.0,3600
2025-04,957,2509347,2539106,2025-04-30T15:27:12+00:00,2025-04-30T23:59:59+00:00,93653.2904163141,94125.1,1,284.95199997812506,2279.6159998250005,,False,eod,30767.0,0.47180958368589926,0.09388919520815707,0.3779203884777422,0.001,vwap_inversion_flip,-1,93950.85763461469,176.28646278544076,1.6879754327066598,0.5,3600
2025-04,963,2512679,2539106,2025-04-30T16:23:11+00:00,2025-04-30T23:59:59+00:00,93716.21115840985,94125.1,1,247.71199997782708,1981.6959998226166,93629.5,True,eod,27408.0,0.40888884159016015,0.09392065557920494,0.3149681860109552,0.001,vwap_initial,1,93821.72253081188,150.73053200289766,0.7000000000000366,0.7,3600
2025-04,964,2512679,2539106,2025-04-30T16:23:11+00:00,2025-04-30T23:59:59+00:00,93670.99199880898,94125.1,1,247.71199997782708,1981.6959998226166,93629.5,True,eod,27408.0,0.4541080011910235,0.0938980459994045,0.360209955191619,0.001,vwap_initial,1,93821.72253081188,150.73053200289766,0.9999999999999972,1.0,3600
2025-04,965,2512679,2539106,2025-04-30T16:23:11+00:00,2025-04-30T23:59:59+00:00,93704.16058694563,94125.1,1,247.71199997782708,1981.6959998226166,93629.5,True,eod,27408.0,0.4209394130543806,0.09391463029347281,0.3270247827609078,0.001,vwap_initial,1,93821.72253081188,150.73053200289766,0.7799477803474765,0.3,3600
2025-04,966,2512723,2539106,2025-04-30T16:23:56+00:00,2025-04-30T23:59:59+00:00,93610.61764793997,94125.1,1,245.67199997738004,1965.3759998190403,93629.5,True,eod,27363.0,0.514482352060033,0.09386785882397,0.42061449323606304,0.001,vwap_initial,1,93819.94045756177,151.48562600536576,1.381799812573499,0.5,3600
2025-04,967,2512796,2539106,2025-04-30T16:25:09+00:00,2025-04-30T23:59:59+00:00,93595.62673280753,94125.1,1,247.52799997732046,1980.2239998185637,93629.5,True,eod,27290.0,0.5294732671924721,0.09386036336640376,0.4356129038260684,0.001,vwap_initial,1,93818.40127510115,152.5803018175565,1.460047854407769,1.5,3600
2025-04,968,2512866,2539106,2025-04-30T16:26:19+00:00,2025-04-30T23:59:59+00:00,93517.07470893432,94125.1,1,254.89599997758864,2039.1679998207092,93629.5,True,eod,27220.0,0.6080252910656855,0.09382108735446718,0.5142042037112183,0.001,vwap_initial,1,93817.19945862117,157.2422920510892,1.9086770217603586,0.7,3600
2025-04,969,2513039,2539106,2025-04-30T16:29:12+00:00,2025-04-30T23:59:59+00:00,93757.8997036709,94125.1,1,270.0399999783933,2160.3199998271466,,False,eod,27047.0,0.36720029632910156,0.09394149985183546,0.2732587964772661,0.001,vwap_initial,1,93808.36348835824,168.21261562443593,0.30000000000003973,0.3,3600
2025-04,970,2513039,2539106,2025-04-30T16:29:12+00:00,2025-04-30T23:59:59+00:00,93724.25718054602,94125.1,1,270.0399999783933,2160.3199998271466,,False,eod,27047.0,0.40084281945398836,0.09392467859027302,0.3069181408637153,0.001,vwap_initial,1,93808.36348835824,168.21261562443593,0.5000000000000374,0.5,3600
2025-04,971,2513039,2539106,2025-04-30T16:29:12+00:00,2025-04-30T23:59:59+00:00,93690.61465742113,94125.1,1,270.0399999783933,2160.3199998271466,,False,eod,27047.0,0.43448534257887517,0.09390785732871058,0.34057748525016457,0.001,vwap_initial,1,93808.36348835824,168.21261562443593,0.700000000000035,0.7,3600
2025-04,972,2513039,2539106,2025-04-30T16:29:12+00:00,2025-04-30T23:59:59+00:00,93690.7309585674,94125.1,1,270.0399999783933,2160.3199998271466,,False,eod,27047.0,0.434369041432612,0.09390791547928369,0.34046112595332834,0.001,vwap_initial,1,93808.36348835824,168.21261562443593,0.6993086062788721,0.3,3600
