month,direction,exit_reason,pnl_net_usd,hold_secs,stop_usd,target_usd
2025-04,-1,sl,-0.834753565145505,5317.0,755.7546666700641,6046.037333360513
2025-04,-1,sl,-0.8347445378448007,5317.0,755.7546666700641,6046.037333360513
2025-04,-1,sl,-0.9241276911372697,5469.0,845.1520000033081,6761.216000026465
2025-04,-1,sl,-1.4738585897906447,9243.0,1394.698666667541,11157.589333340327
2025-04,-1,sl,-1.4281636684626802,9189.0,1348.9813333341478,10791.850666673183
2025-04,-1,sl,-1.4240838436867735,9186.0,1344.8853333341578,10759.082666673263
2025-04,1,sl,-0.5232247833301161,335.0,443.5093333392342,3548.0746667138737
2025-04,1,sl,-0.5231619390371602,337.0,443.5093333392342,3548.0746667138737
2025-04,1,sl,-0.5230990947442042,710.0,443.5093333392342,3548.0746667138737
2025-04,1,sl,-0.5230048283047704,1765.0,443.5093333392342,3548.0746667138737
2025-04,1,sl,-0.52294761012096,3627.0,443.5093333392342,3548.0746667138737
2025-04,1,sl,-0.5229287863655063,3686.0,443.5093333392342,3548.0746667138737
2025-04,1,sl,-0.5229099626100525,3701.0,443.5093333392342,3548.0746667138737
2025-04,1,sl,-0.522881726976872,7437.0,443.5093333392342,3548.0746667138737
2025-04,1,sl,-0.5270056375723404,7471.0,447.6693333391845,3581.354666713476
2025-04,1,sl,-0.5279414462548537,7470.0,448.6186666725079,3588.9493333800633
2025-04,-1,soft_sl,-0.4977629241319201,25393.0,417.8133333392938,3342.5066667143506
2025-04,1,soft_sl,-2.8431003141756137,115172.0,2766.30399999996,22130.43199999968
2025-04,-1,sl,-1.008385931580889,2984.0,931.658666669776,7453.269333358208
2025-04,-1,sl,-1.0084233954426205,2986.0,931.658666669776,7453.269333358208
2025-04,-1,sl,-1.0084608593043516,2991.0,931.658666669776,7453.269333358208
2025-04,-1,sl,-1.0085170550969487,2991.0,931.658666669776,7453.269333358208
2025-04,-1,sl,-1.0258459947510903,3004.0,948.885333336244,7591.082666689952
2025-04,-1,sl,-1.0747909294544626,3046.0,997.6000000032783,7980.800000026226
2025-04,-1,soft_sl,-1.31629759294168,2609.0,1239.1253333364427,9913.002666691542
2025-04,-1,sl,-1.0910331442981935,3163.0,1013.7386666699747,8109.9093333597975
2025-04,-1,soft_sl,-1.3163570838230423,3718.0,1239.1253333364427,9913.002666691542
2025-04,-1,sl,-1.1115334871418159,4257.0,1034.133333336562,8273.066666692495
2025-04,-1,soft_sl,-1.3164165747044043,3720.0,1239.1253333364427,9913.002666691542
2025-04,-1,soft_sl,-1.3164337262932104,3720.0,1239.1253333364427,9913.002666691542
2025-04,-1,soft_sl,-1.3165058110264476,3734.0,1239.1253333364427,9913.002666691542
2025-04,-1,soft_sl,-1.3165249413278182,3734.0,1239.1253333364427,9913.002666691542
2025-04,-1,soft_sl,-1.3381415803622978,3681.0,1260.6400000029803,10085.120000023842
2025-04,-1,sl,-1.1998487694078326,3979.0,1122.2613333370289,8978.090666696231
2025-04,-1,soft_sl,-1.338179962229725,3686.0,1260.6400000029803,10085.120000023842
2025-04,-1,sl,-0.7957935662043055,2244.0,718.0693333203594,5744.554666562875
2025-04,-1,sl,-0.7958444379220664,2247.0,718.0693333203594,5744.554666562875
2025-04,-1,sl,-0.8279204958624904,1461.0,750.1439999868472,6001.151999894778
2025-04,-1,sl,-0.7958756434343076,2254.0,718.0693333203594,5744.554666562875
2025-04,-1,sl,-0.7958828457474538,2255.0,718.0693333203594,5744.554666562875
2025-04,-1,sl,-0.7959068489465488,2608.0,718.0693333203594,5744.554666562875
2025-04,-1,sl,-0.8279767998250032,1822.0,750.1439999868472,6001.151999894778
2025-04,-1,sl,-0.8890071696983607,2857.0,811.1786666542291,6489.429333233833
2025-04,-1,sl,-0.8836113831629755,2855.0,805.7813333208362,6446.25066656669
2025-04,-1,sl,-0.8280052383721583,1824.0,750.1439999868472,6001.151999894778
2025-04,-1,sl,-0.8116964541752858,179.0,733.8346666518847,5870.677333215078
2025-04,-1,sl,-0.7959536572149107,2621.0,718.0693333203594,5744.554666562875
2025-04,-1,sl,-1.0069420172991865,3231.0,929.1519999884566,7433.215999907653
2025-04,-1,sl,-0.828017949468713,1836.0,750.1439999868472,6001.151999894778
2025-04,-1,sl,-0.8511557637402873,2795.0,773.2799999870857,6186.239999896686
2025-04,-1,sl,-0.7959721252906022,2623.0,718.0693333203594,5744.554666562875
2025-04,-1,sl,-1.009394331726951,3235.0,931.5839999884367,7452.671999907494
2025-04,-1,sl,-0.8527984980979075,2815.0,774.8906666537126,6199.125333229701
2025-04,-1,sl,-0.8280590991124228,1860.0,750.1439999868472,6001.151999894778
2025-04,-1,sl,-0.8117651782847248,215.0,733.8346666518847,5870.677333215078
2025-04,-1,soft_sl,-1.373079794914224,14223.0,1295.4240000029902,10363.392000023921
2025-04,-1,sl,-1.0143981214459323,3094.0,936.5439999889334,7492.351999911467
2025-04,-1,sl,-0.7960316709955139,2647.0,718.0693333203594,5744.554666562875
2025-04,-1,sl,-0.8280899808818262,1861.0,750.1439999868472,6001.151999894778
2025-04,-1,sl,-0.8180050860364242,2926.0,740.0426666536928,5920.341333229542
2025-04,-1,sl,-1.212418459189222,5461.0,1134.634666658789,9077.077333270312
2025-04,-1,sl,-0.830852855578049,2140.0,752.8746666535735,6022.997333228588
2025-04,-1,sl,-0.7918048186977739,2941.0,713.7813333201408,5710.250666561126
2025-04,-1,sl,-0.8118339023941638,503.0,733.8346666518847,5870.677333215078
2025-04,-1,sl,-1.2125369611601375,5463.0,1134.634666658789,9077.077333270312
2025-04,-1,sl,-0.7961060446053247,2935.0,718.0693333203594,5744.554666562875
2025-04,-1,sl,-0.8341934146458274,2053.0,756.1173333196839,6048.938666557471
2025-04,-1,sl,-0.8119334158511488,504.0,733.8346666518847,5870.677333215078
2025-04,-1,sl,-0.8119369885583223,504.0,733.8346666518847,5870.677333215078
2025-04,-1,sl,-1.212601784343838,5464.0,1134.634666658789,9077.077333270312
2025-04,-1,sl,-0.8794386256868054,1735.0,801.3333333197236,6410.666666557789
2025-04,-1,sl,-0.8119835561806993,505.0,733.8346666518847,5870.677333215078
2025-04,-1,sl,-1.9115091585294044,12216.0,1833.8346666689217,14670.677333351374
2025-04,-1,sl,-1.2126520319366825,5465.0,1134.634666658789,9077.077333270312
2025-04,-1,sl,-1.212655463131053,5465.0,1134.634666658789,9077.077333270312
2025-04,-1,sl,-0.8120336965102498,506.0,733.8346666518847,5870.677333215078
2025-04,-1,sl,-1.2127022795295272,5466.0,1134.634666658789,9077.077333270312
2025-04,-1,sl,-0.8253981029193704,812.0,747.1146666523814,5976.917333219051
2025-04,-1,sl,-0.8121089070045757,507.0,733.8346666518847,5870.677333215078
2025-04,-1,sl,-0.8121087988319199,507.0,733.8346666518847,5870.677333215078
2025-04,-1,sl,-1.9116002399983327,12218.0,1833.8346666689217,14670.677333351374
2025-04,-1,soft_sl,-1.7722821030140816,7205.0,1694.3893333345652,13555.114666676522
2025-04,-1,sl,-0.8049132658284893,500.0,726.5173333185911,5812.138666548729
2025-04,-1,sl,-1.911691321467261,13275.0,1833.8346666689217,14670.677333351374
2025-04,-1,sl,-1.911784053269336,13276.0,1833.8346666689217,14670.677333351374
2025-04,-1,soft_sl,-1.2655938700904015,726.0,1187.3493333235383,9498.794666588306
2025-04,-1,sl,-1.9118279436706538,13279.0,1833.8346666689217,14670.677333351374
2025-04,-1,sl,-1.9118385674351461,13282.0,1833.8346666689217,14670.677333351374
2025-04,-1,soft_sl,-1.265679395073356,732.0,1187.3493333235383,9498.794666588306
2025-04,-1,sl,-1.9118930816009565,13283.0,1833.8346666689217,14670.677333351374
2025-04,-1,soft_sl,-1.2657649200563106,734.0,1187.3493333235383,9498.794666588306
2025-04,-1,sl,-1.9499778448496399,13268.0,1871.8186666688819,14974.549333351055
2025-04,-1,sl,-1.9563444473429272,13320.0,1878.1013333355388,15024.81066668431
2025-04,-1,soft_sl,-1.2658932075307425,791.0,1187.3493333235383,9498.794666588306
2025-04,-1,sl,-1.9637956342641283,13329.0,1885.4933333355189,15083.94666668415
2025-04,-1,soft_sl,-2.7148889874818214,12928.0,2636.74666666766,21093.97333334128
2025-04,-1,soft_sl,-2.4506205428291943,11668.0,2372.4693333330256,18979.754666664205
2025-04,-1,soft_sl,-2.450737853840976,11668.0,2372.4693333330256,18979.754666664205
2025-04,-1,soft_sl,-1.2661156959653959,803.0,1187.3493333235383,9498.794666588306
2025-04,-1,soft_sl,-1.2661961996437705,803.0,1187.3493333235383,9498.794666588306
2025-04,-1,soft_sl,-1.266107019988129,803.0,1187.3493333235383,9498.794666588306
2025-04,-1,sl,-1.7398676844260104,99.0,1661.3226666621367,13290.581333297094
2025-04,-1,sl,-1.739954157556862,99.0,1661.3226666621367,13290.581333297094
2025-04,-1,soft_sl,-2.714987790278739,12940.0,2636.74666666766,21093.97333334128
2025-04,-1,soft_sl,-2.4508551648527575,11680.0,2372.4693333330256,18979.754666664205
2025-04,-1,soft_sl,-1.266276703322145,815.0,1187.3493333235383,9498.794666588306
2025-04,-1,sl,-1.7400406306877136,111.0,1661.3226666621367,13290.581333297094
2025-04,-1,soft_sl,-2.715086593075657,12941.0,2636.74666666766,21093.97333334128
2025-04,-1,soft_sl,-2.45103113137043,11681.0,2372.4693333330256,18979.754666664205
2025-04,-1,soft_sl,-1.9301828306694753,10089.0,1851.4453333339095,14811.562666671276
2025-04,-1,soft_sl,-1.3797127548427732,379.0,1300.6079999932647,10404.863999946117
2025-04,-1,sl,-1.740170340383991,112.0,1661.3226666621367,13290.581333297094
2025-04,-1,soft_sl,-2.7152347972710333,12942.0,2636.74666666766,21093.97333334128
2025-04,-1,soft_sl,-2.715250861807668,12944.0,2636.74666666766,21093.97333334128
2025-04,-1,soft_sl,-2.7153123838550446,12944.0,2636.74666666766,21093.97333334128
2025-04,-1,sl,-1.7403870199489553,115.0,1661.3226666621367,13290.581333297094
2025-04,-1,sl,-1.74038652321112,115.0,1661.3226666621367,13290.581333297094
2025-04,-1,soft_sl,-2.4520577367618075,11685.0,2373.333333333035,18986.66666666428
2025-04,-1,sl,-1.740458332714764,118.0,1661.3226666621367,13290.581333297094
2025-04,-1,soft_sl,-2.448166049306629,11695.0,2369.3653333330653,18954.922666664523
2025-04,-1,soft_sl,-2.449382104899969,11686.0,2370.5279999997715,18964.223999998172
2025-04,-1,soft_sl,-2.3978831778516954,11440.0,2319.0293333333234,18552.234666666587
2025-04,-1,sl,-1.7662705094805902,136.0,1687.0506666621566,13496.405333297253
2025-04,-1,sl,-1.7663774786293034,219.0,1687.0506666621566,13496.405333297253
2025-04,-1,soft_sl,-3.070826209901487,12823.0,2992.0213333334027,23936.17066666722
2025-04,-1,soft_sl,-3.0744936129726113,12813.0,2995.594666666786,23964.757333334288
2025-04,-1,soft_sl,-3.0688637402623646,12810.0,2989.95200000003,23919.61600000024
2025-04,-1,sl,-1.8316976485440664,246.0,1752.1599999957284,14017.279999965827
2025-04,-1,sl,-1.1897340291415153,444.0,1107.9146666577458,8863.317333261966
2025-04,-1,soft_sl,-1.1900547892461422,3723.0,1107.9146666577458,8863.317333261966
2025-04,-1,soft_sl,-1.1903755493507693,4507.0,1107.9146666577458,8863.317333261966
2025-04,-1,soft_sl,-1.1906839657773973,4718.0,1107.9146666577458,8863.317333261966
2025-04,-1,soft_sl,-1.1907253373367117,4720.0,1107.9146666577458,8863.317333261966
2025-04,-1,soft_sl,-1.0737996142349457,4277.0,990.9439999910196,7927.551999928157
2025-04,-1,soft_sl,-1.0719599375076554,4276.0,989.0773333243529,7912.6186665948235
2025-04,-1,soft_sl,-1.1861350608959853,4787.0,1103.2853333243727,8826.282666594981
2025-04,-1,sl,-1.0232266841296582,0.0,940.9706666482489,7527.765333185991
2025-04,-1,sl,-1.0234729159480387,0.0,940.9706666482489,7527.765333185991
2025-04,-1,sl,-1.0237191477664191,25.0,940.9706666482489,7527.765333185991
2025-04,-1,sl,-0.7224768913329083,15.0,639.7759999771913,5118.20799981753
2025-04,-1,sl,-0.722593994528461,58.0,639.7759999771913,5118.20799981753
2025-04,-1,sl,-0.7227110977240137,1300.0,639.7759999771913,5118.20799981753
2025-04,-1,sl,-0.7228867525173427,1553.0,639.7759999771913,5118.20799981753
2025-04,1,sl,-0.7763925653704881,343.0,694.9759999814629,5559.807999851703
2025-04,1,sl,-0.7763374482942189,369.0,694.9759999814629,5559.807999851703
2025-04,1,sl,-0.7763466210117825,369.0,694.9759999814629,5559.807999851703
2025-04,1,sl,-0.7762966508374216,384.0,694.9759999814629,5559.807999851703
2025-04,1,sl,-0.7762558533806242,384.0,694.9759999814629,5559.807999851703
2025-04,1,sl,-0.776300676653077,384.0,694.9759999814629,5559.807999851703
2025-04,1,sl,-0.7762317601150187,385.0,694.9759999814629,5559.807999851703
2025-04,1,sl,-0.7761946571954281,386.0,694.9759999814629,5559.807999851703
2025-04,1,sl,-0.7989001685518082,690.0,717.7706666483482,5742.165333186786
2025-04,1,sl,-0.801722508887117,711.0,720.6186666484674,5764.949333187739
2025-04,1,soft_sl,-0.6668220502179876,1022.0,587.530666650037,4700.245333200296
2025-04,1,soft_sl,-0.6667909010432069,1022.0,587.530666650037,4700.245333200296
2025-04,-1,sl,-0.5585008524957445,674.0,478.93333330939214,3831.466666475137
2025-04,-1,sl,-0.5585365031161846,680.0,478.93333330939214,3831.466666475137
2025-04,-1,sl,-0.40825022821495704,1015.0,328.5439999726415,2628.351999781132
2025-04,-1,sl,-0.5585721537366247,1519.0,478.93333330939214,3831.466666475137
2025-04,-1,sl,-0.4037045388583907,1025.0,323.9893333058556,2591.914666446845
2025-04,-1,sl,-0.4036002271335192,1020.0,323.83999997258184,2590.7199997806547
2025-04,-1,sl,-0.5586256296672848,1524.0,478.93333330939214,3831.466666475137
2025-04,-1,sl,-0.40833033140833674,945.0,328.52266663899024,2628.181333111922
2025-04,-1,sl,-0.41657272782129917,1107.0,336.69333330601455,2693.5466664481164
2025-04,-1,sl,-0.4417113085095777,1046.0,361.70666663994393,2893.6533331195515
2025-04,-1,sl,-0.7440994369153104,5400.0,664.2026666493217,5313.621333194574
2025-04,-1,sl,-0.7441165176817096,5400.0,664.2026666493217,5313.621333194574
2025-04,-1,sl,-0.74329051044817,5464.0,663.3599999827146,5306.879999861717
2025-04,-1,sl,-1.2075933730539368,27848.0,1127.7226666577658,9021.781333262126
2025-04,-1,soft_sl,-1.2075934694161532,27848.0,1127.7226666577658,9021.781333262126
2025-04,-1,sl,-1.3529167435204434,31330.0,1273.0879999949534,10184.703999959627
2025-04,-1,sl,-0.7946943386152646,1273.0,714.6026666471362,5716.821333177089
2025-04,-1,sl,-1.2104896449942741,29187.0,1130.5706666583817,9044.565333267054
2025-04,-1,sl,-1.3577297485310815,31263.0,1277.8453333276511,10222.762666621209
2025-04,-1,sl,-1.2136527169339086,29165.0,1133.6853333249687,9069.48266659975
2025-04,-1,sl,-0.7947650759949009,1275.0,714.6026666471362,5716.821333177089
2025-04,-1,sl,-1.338498737541626,31242.0,1258.5706666602691,10068.565333282153
2025-04,-1,sl,-0.7948358133745371,1384.0,714.6026666471362,5716.821333177089
2025-04,-1,sl,-1.2306701248438445,29102.0,1150.623999992013,9204.991999936105
2025-04,-1,sl,-1.4533422788707675,31931.0,1373.397333327532,10987.178666620255
2025-04,-1,sl,-1.5821017578481276,32399.0,1502.2079999948542,12017.663999958833
2025-04,-1,sl,-1.348140789058892,31248.0,1268.12799999396,10145.02399995168
2025-04,-1,sl,-1.2215546935848367,30165.0,1141.4719999917347,9131.775999933878
2025-04,-1,sl,-1.5457573623593135,32328.0,1465.8239999943971,11726.591999955177
2025-04,-1,sl,-1.406376125638182,31709.0,1326.3679999941587,10610.94399995327
2025-04,-1,sl,-0.7949419194439915,1415.0,714.6026666471362,5716.821333177089
2025-04,-1,sl,-0.7949515055699238,1426.0,714.6026666471362,5716.821333177089
2025-04,-1,sl,-1.2188025886930591,29116.0,1138.6453333252668,9109.162666602135
2025-04,-1,sl,-0.7950313044677235,1528.0,714.6026666471362,5716.821333177089
2025-04,-1,sl,-0.5752245613594916,0.0,494.93333331257105,3959.4666665005684
2025-04,-1,sl,-0.5753269664773549,259.0,494.93333331257105,3959.4666665005684
2025-04,-1,sl,-0.5754293715952181,1434.0,494.93333331257105,3959.4666665005684
2025-04,-1,soft_sl,-0.7951111033655234,7866.0,714.6026666471362,5716.821333177089
2025-04,-1,soft_sl,-0.7951187628930821,7866.0,714.6026666471362,5716.821333177089
2025-04,-1,sl,-0.575582979272013,3270.0,494.93333331257105,3959.4666665005684
2025-04,-1,soft_sl,-0.7992754897121735,8788.0,718.6453333137433,5749.162666509947
2025-04,-1,soft_sl,-0.6129070829548581,7580.0,532.1706666452686,4257.365333162149
2025-04,-1,sl,-0.5757338018302857,4247.0,494.93333331257105,3959.4666665005684
2025-04,-1,sl,-0.5757613554178211,4247.0,494.93333331257105,3959.4666665005684
2025-04,-1,sl,-0.45066320335182364,2815.0,369.7599999755621,2958.0799998044968
2025-04,-1,sl,-0.3406002807940106,1569.0,259.88266663680474,2079.061333094438
2025-04,-1,sl,-0.3406599880952674,1588.0,259.88266663680474,2079.061333094438
2025-04,-1,sl,-0.47035063881865236,2554.0,389.5999999760588,3116.7999998084706
2025-04,-1,sl,-0.34072077561332037,1683.0,259.88266663680474,2079.061333094438
2025-04,-1,sl,-0.34071969539652414,1683.0,259.88266663680474,2079.061333094438
2025-04,-1,sl,-0.44474372668155693,2377.0,363.93599997450906,2911.4879997960725
2025-04,-1,sl,-0.34074386082098357,1768.0,259.88266663680474,2079.061333094438
2025-04,-1,sl,-0.3408203060286431,1913.0,259.9359999701381,2079.4879997611047
2025-04,-1,sl,-0.4072055185443748,2388.0,326.3466666395465,2610.773333116372
2025-04,-1,sl,-0.3628947273423826,2175.0,281.9626666373014,2255.7013330984114
2025-04,-1,sl,-0.3573761103384363,2136.0,276.4373333035906,2211.498666428725
2025-04,-1,sl,-0.5757889090053567,10049.0,494.93333331257105,3959.4666665005684
2025-04,-1,sl,-0.3553816321308568,2147.0,274.42133330355085,2195.370666428407
2025-04,-1,sl,-0.3744153843530136,517.0,293.4719999747475,2347.77599979798
2025-04,-1,sl,-0.4012691258456614,629.0,320.31999997566146,2562.5599998052917
2025-04,-1,sl,-0.5506549913856222,9975.0,469.77066664487126,3758.16533315897
2025-04,-1,sl,-0.5508771840656332,9974.0,469.98399997820457,3759.8719998256365
2025-04,-1,sl,-0.37098634286385046,640.0,289.99466664135457,2319.9573331308366
2025-04,-1,sl,-0.388576988606142,2696.0,307.47733330806096,2459.8186664644877
2025-04,1,sl,-0.37531845822912563,1819.0,294.4533333062132,2355.6266664497057
2025-04,1,sl,-0.37529454987018096,1821.0,294.4533333062132,2355.6266664497057
2025-04,-1,sl,-0.7679329560211373,127.0,686.5813333090147,5492.650666472117
2025-04,-1,sl,-0.7679772107348379,127.0,686.5813333090147,5492.650666472117
2025-04,-1,sl,-0.7680214654485384,127.0,686.5813333090147,5492.650666472117
2025-04,-1,sl,-0.674733224621301,2163.0,593.1626666468381,4745.301333174705
2025-04,-1,sl,-0.8567674450733835,4853.0,775.2426666431626,6201.941333145301
2025-04,-1,sl,-0.8594615115198985,4944.0,777.9093333098292,6223.274666478634
2025-04,-1,sl,-0.6748013037148748,2260.0,593.1626666468381,4745.301333174705
2025-04,-1,sl,-0.861086272114387,4942.0,779.5199999764561,6236.159999811649
2025-04,-1,sl,-0.8639750511553321,4941.0,782.3679999763767,6258.943999811014
2025-04,-1,sl,-0.8703732517171268,4949.0,788.7039999766151,6309.631999812921
2025-04,-1,sl,-0.8703722123042682,4949.0,788.7039999766151,6309.631999812921
2025-04,-1,sl,-0.6749121583124764,2275.0,593.1626666468381,4745.301333174705
2025-04,-1,sl,-0.6748693828084485,2275.0,593.1626666468381,4745.301333174705
2025-04,-1,sl,-0.6758664643118193,2271.0,594.0586666468779,4752.469333175023
2025-04,-1,sl,-0.6758679494488462,2271.0,594.0586666468779,4752.469333175023
2025-04,-1,sl,-0.6869805143116889,2485.0,605.1093333141009,4840.874666512807
2025-04,-1,sl,-0.9080904393198204,5163.0,826.3039999767144,6610.431999813715
2025-04,-1,soft_sl,-0.704847608873352,75410.0,622.634666647017,4981.077333176136
2025-04,-1,sl,-0.7350926800466949,0.0,652.9919999804099,5223.935999843279
2025-04,-1,sl,-0.7351964852384799,0.0,652.9919999804099,5223.935999843279
2025-04,-1,sl,-0.7353002904302648,0.0,652.9919999804099,5223.935999843279
2025-04,-1,sl,-0.7354559982179422,607.0,652.9919999804099,5223.935999843279
2025-04,-1,soft_sl,-0.5913658928896237,7291.0,509.0346666405598,4072.2773331244784
2025-04,-1,soft_sl,-0.5914816487850717,7314.0,509.0346666405598,4072.2773331244784
2025-04,-1,soft_sl,-0.6096864446806233,7300.0,527.1146666406592,4216.917333125273
2025-04,-1,sl,-0.7356609657487069,11750.0,652.9919999804099,5223.935999843279
2025-04,-1,sl,-0.7357120088029613,11757.0,652.9919999804099,5223.935999843279
2025-04,-1,sl,-0.7357155111974044,11767.0,652.9919999804099,5223.935999843279
2025-04,-1,sl,-0.7357630518572156,11781.0,652.9919999804099,5223.935999843279
2025-04,-1,sl,-0.7358396164385972,11783.0,652.9919999804099,5223.935999843279
2025-04,1,tp,2.2735201807832253,22088.0,294.4533333062132,2355.6266664497057
2025-04,1,sl,-0.5459990298303161,5503.0,464.2453333087762,3713.9626664702096
2025-04,1,sl,-0.7761989964948003,5879.0,694.5173333132267,5556.1386665058135
2025-04,1,sl,-0.7709564840686107,5894.0,689.2906666464606,5514.325333171685
2025-04,1,sl,-0.8630823653738039,6061.0,781.386666645507,6251.093333164056
2025-04,1,sl,-0.8630825944582035,6061.0,781.386666645507,6251.093333164056
2025-04,-1,sl,-0.624236047773876,1003.0,541.5679999769727,4332.543999815782
2025-04,-1,sl,-0.6266029129335058,1000.0,543.91466664354,4351.31733314832
2025-04,-1,sl,-0.6266071653779642,1001.0,543.91466664354,4351.31733314832
2025-04,-1,sl,-0.6266120350536938,1009.0,543.91466664354,4351.31733314832
2025-04,-1,sl,-0.6278347154390502,1034.0,545.1306666435798,4361.045333148639
2025-04,-1,sl,-1.1536361205264265,7272.0,1071.1679999894898,8569.343999915918
2025-04,-1,sl,-0.6280495419268658,2755.0,545.3119999768337,4362.49599981467
2025-04,-1,sl,-0.628050359104205,2755.0,545.3119999768337,4362.49599981467
2025-04,-1,sl,-0.6288376993747834,2671.0,546.058666643401,4368.469333147208
2025-04,-1,sl,-0.7652561328347451,4806.0,682.5386666492622,5460.309333194097
2025-04,-1,sl,-0.6288487286019464,3496.0,546.058666643401,4368.469333147208
2025-04,-1,sl,-0.6288462737918379,3496.0,546.058666643401,4368.469333147208
2025-04,-1,sl,-0.9838790996795851,9291.0,901.2586666545271,7210.069333236217
2025-04,-1,sl,-1.1877758260421907,8122.0,1105.2373333235582,8841.898666588466
2025-04,-1,sl,-1.122847355557165,8077.0,1040.2879999901852,8322.303999921482
2025-04,-1,sl,-0.6243061547501503,3694.0,541.5039999767145,4332.031999813716
2025-04,-1,sl,-0.6236767898161851,3698.0,540.8106666433811,4326.485333147049
2025-04,-1,sl,-0.6232247577650336,3697.0,540.3519999767343,4322.815999813874
2025-04,-1,sl,-0.623225920530129,3697.0,540.3519999767343,4322.815999813874
2025-04,-1,sl,-1.1143150578295886,8059.0,1031.6799999900659,8253.439999920527
2025-04,-1,sl,-0.983727073613225,7483.0,901.0239999861518,7208.1919998892145
2025-04,-1,sl,-0.6267862001225096,3746.0,543.8719999767343,4350.975999813874
2025-04,-1,soft_sl,-1.0435318919905066,6302.0,960.799999986887,7686.399999895096
2025-04,-1,soft_sl,-1.0435840811636106,6330.0,960.799999986887,7686.399999895096
2025-04,1,tp,2.9811692225052466,52735.0,382.8693333096306,3062.9546664770446
2025-04,1,tp,2.273484318244808,36340.0,294.4533333062132,2355.6266664497057
2025-04,-1,sl,-0.7359672240742331,26043.0,652.9919999804099,5223.935999843279
2025-04,-1,sl,-0.9929006993276591,7576.0,910.0479999865095,7280.383999892076
2025-04,-1,sl,-1.0004589133464832,7575.0,917.5146666531762,7340.117333225409
2025-04,-1,soft_sl,-1.0436362703367144,6331.0,960.799999986887,7686.399999895096
2025-04,-1,soft_sl,-1.042559454810822,6329.0,959.6799999867876,7677.439999894301
2025-04,-1,soft_sl,-1.0289231620962105,6287.0,946.015999986728,7568.127999893824
2025-04,-1,soft_sl,-0.9765034027258335,6138.0,893.567999985516,7148.543999884128
2025-04,-1,soft_sl,-0.9156102750269842,6004.0,832.6293333180746,6661.034666544597
2025-04,-1,soft_sl,-0.9141718786412834,6003.0,831.1786666513483,6649.429333210786
2025-04,-1,sl,-0.7028161774789967,3645.0,619.7759999773899,4958.207999819119
2025-04,-1,sl,-0.7028233826382175,3645.0,619.7759999773899,4958.207999819119
2025-04,1,tp,3.1058102285650735,53000.0,398.46399997721113,3187.711999817689
2025-04,1,tp,3.105774262822307,53002.0,398.46399997721113,3187.711999817689
2025-04,-1,sl,-1.0240884954939897,160313.0,940.9706666482489,7527.765333185991
2025-04,1,tp,3.10573829707954,53013.0,398.46399997721113,3187.711999817689
2025-04,1,tp,2.9494859077517375,44494.0,378.94399997621775,3031.551999809742
2025-04,-1,sl,-1.0790499593651612,7330.0,995.9786666530371,7967.8293332242965
2025-04,-1,sl,-3.123436272602215,169927.0,3041.3439999991656,24330.751999993325
2025-04,1,tp,2.9271864116580133,44863.0,376.17066664437453,3009.3653331549963
2025-04,1,tp,2.927232882697629,44863.0,376.17066664437453,3009.3653331549963
2025-04,-1,sl,-0.7113335905063154,158648.0,627.9359999772906,5023.487999818325
2025-04,1,tp,2.927124450271859,44864.0,376.17066664437453,3009.3653331549963
2025-04,1,tp,2.927155430964936,44864.0,376.17066664437453,3009.3653331549963
2025-04,-1,sl,-0.8598713394909073,3127.0,776.5226666510105,6212.181333208084
2025-04,-1,sl,-1.0242648492476025,160321.0,940.9706666482489,7527.765333185991
2025-04,-1,sl,-0.7171648875599599,158648.0,633.7066666440169,5069.653333152135
2025-04,-1,sl,-1.0243470242818755,160375.0,940.9706666482489,7527.765333185991
2025-04,-1,sl,-1.0244291993161485,160617.0,940.9706666482489,7527.765333185991
2025-04,1,tp,8.31201676243764,222107.0,1048.9706666699549,8391.765333359639
2025-04,1,tp,7.692618145459173,191620.0,971.5840000030895,7772.672000024716
2025-04,-1,sl,-3.1238058975192544,170234.0,3041.3439999991656,24330.751999993325
2025-04,1,tp,7.824353296358016,191925.0,988.0533333361645,7904.426666689316
2025-04,1,tp,7.824347025245201,191925.0,988.0533333361645,7904.426666689316
2025-04,1,tp,7.884444287259628,191919.0,995.5626666695873,7964.5013333566985
2025-04,-1,sl,-1.021809757867334,160959.0,938.229333314697,7505.834666517576
2025-04,-1,sl,-0.9086614142206721,158174.0,825.0453333177169,6600.362666541735
2025-04,1,tp,7.966648741610808,192720.0,1005.8346666695675,8046.67733335654
2025-04,-1,sl,-0.8700055888738789,158865.0,786.3466666505734,6290.773333204587
2025-04,1,tp,4.594233105942918,62534.0,584.5013333168625,4676.0106665349
2025-04,1,tp,4.612274889657201,62488.0,586.7519999835888,4694.01599986871
2025-04,1,tp,4.612270738016194,62488.0,586.7519999835888,4694.01599986871
2025-04,1,tp,8.61217936994452,223318.0,1086.4960000032186,8691.968000025749
2025-04,-1,sl,-0.8652964748548095,158725.0,781.5466666509708,6252.373333207766
2025-04,1,tp,7.673446584100209,192184.0,969.2160000028213,7753.72800002257
2025-04,1,tp,4.618410202227841,74357.0,587.530666650037,4700.245333200296
2025-04,1,tp,4.631819018114314,74354.0,589.2053333168228,4713.6426665345825
2025-04,1,tp,4.6318097184117715,74354.0,589.2053333168228,4713.6426665345825
2025-04,-1,sl,-1.0460587470400982,173597.0,962.3146666484078,7698.517333187262
2025-04,1,tp,4.618392021008987,74358.0,587.530666650037,4700.245333200296
2025-04,1,tp,4.618372359981981,74358.0,587.530666650037,4700.245333200296
2025-04,-1,sl,-1.0497944114533908,173593.0,965.9946666484078,7727.9573331872625
2025-04,-1,sl,-3.124175522436294,242136.0,3041.3439999991656,24330.751999993325
2025-04,1,tp,3.590126682353288,107676.0,459.10399997363487,3672.831999789079
2025-04,1,tp,3.721288468577674,107681.0,475.49866664042077,3803.989333123366
2025-04,1,tp,8.408180520608596,266422.0,1061.0880000026027,8488.704000020822
2025-04,1,tp,7.606487671513455,253645.0,960.9279999896884,7687.423999917507
2025-04,1,tp,7.584527497425482,253651.0,958.1866666563352,7665.493333250682
2025-04,1,tp,7.571011099337833,253655.0,956.5013333230218,7652.010666584174
2025-04,1,tp,3.9573812760816627,109309.0,505.0239999741316,4040.1919997930527
2025-04,1,tp,3.9573416690034633,109367.0,505.0239999741316,4040.1919997930527
2025-04,1,tp,3.9573367835452116,109367.0,505.0239999741316,4040.1919997930527
2025-04,-1,sl,-3.1247320135391212,244682.0,3041.3439999991656,24330.751999993325
2025-04,-1,sl,-3.124729959811853,244682.0,3041.3439999991656,24330.751999993325
2025-04,1,tp,3.9572922910087605,109426.0,505.0239999741316,4040.1919997930527
2025-04,1,tp,3.9572502224635855,109443.0,505.0239999741316,4040.1919997930527
2025-04,1,tp,4.185941710889038,109438.0,533.5999999744694,4268.799999795755
2025-04,-1,sl,-3.1248445980511868,245072.0,3041.3439999991656,24330.751999993325
2025-04,1,tp,3.957195354539659,109816.0,505.0239999741316,4040.1919997930527
2025-04,1,tp,3.957122197307757,109817.0,505.0239999741316,4040.1919997930527
2025-04,1,tp,3.9571587759237077,109817.0,505.0239999741316,4040.1919997930527
2025-04,-1,sl,-3.1249571825632527,245100.0,3041.3439999991656,24330.751999993325
2025-04,-1,sl,-3.1251260593313512,248961.0,3041.3439999991656,24330.751999993325
2025-04,-1,sl,-3.1254075206115157,267077.0,3041.3439999991656,24330.751999993325
2025-04,-1,sl,-3.10251712610447,267231.0,3018.218666665852,24145.749333326818
2025-04,1,tp,9.389007345071203,289796.0,1183.7653333355486,9470.122666684389
2025-04,1,tp,9.373298020202943,307047.0,1181.8133333354692,9454.506666683754
2025-04,1,sl,-0.37156505914334104,585.0,286.3786666359504,2291.0293330876034
2025-04,1,sl,-0.37720475637950407,568.0,292.0426666362087,2336.3413330896697
2025-04,1,sl,-0.37774833628237187,823.0,292.6079999698202,2340.8639997585615
2025-04,1,sl,-0.3777487903597894,823.0,292.6079999698202,2340.8639997585615
2025-04,1,sl,-0.4018533888036343,793.0,316.75733330388863,2534.058666431109
2025-04,1,sl,-0.4059714273884074,780.0,320.9066666372617,2567.2533330980937
2025-04,1,sl,-0.40829246389315027,661.0,323.25333330363037,2586.026666429043
2025-04,1,sl,-0.4149290350826762,607.0,329.9306666370233,2639.4453330961865
2025-04,1,sl,-0.468302801292999,1357.0,383.4239999722441,3067.3919997779526
2025-04,1,sl,-0.42331719386211647,2154.0,338.5706666384141,2708.5653331073127
2025-04,1,sl,-0.3156387593085592,0.0,230.06933330088853,1840.5546664071082
2025-04,1,sl,-0.315608770354225,8.0,230.06933330088853,1840.5546664071082
2025-04,1,sl,-0.3155787813998908,17.0,230.06933330088853,1840.5546664071082
2025-04,-1,sl,-0.3266789808734102,3710.0,241.05599997003873,1928.4479997603098
2025-04,-1,sl,-0.3251153452547446,3705.0,239.47733330349126,1915.81866642793
2025-04,-1,sl,-0.28796297620585787,3479.0,202.30399996827046,1618.4319997461637
2025-04,-1,sl,-0.3243094216359277,3700.0,238.65599997013808,1909.2479997611047
2025-04,-1,sl,-0.30144924715967303,3416.0,215.7439999690652,1725.9519997525215
2025-04,1,tp,10.951559493539019,553191.0,1379.0506666692595,11032.405333354076
2025-04,1,tp,10.951556526780285,553192.0,1379.0506666692595,11032.405333354076
2025-04,1,tp,11.03647168330285,553260.0,1389.6640000025432,11117.312000020345
2025-04,1,soft_sl,-0.31553379796838943,10585.0,230.06933330088853,1840.5546664071082
2025-04,1,soft_sl,-0.315452871821268,10602.0,230.06933330088853,1840.5546664071082
2025-04,1,soft_sl,-0.3154588255825539,10602.0,230.06933330088853,1840.5546664071082
2025-04,1,soft_sl,-0.31543277800541913,10603.0,230.06933330088853,1840.5546664071082
2025-04,1,soft_sl,-0.3154126841895702,10604.0,230.06933330088853,1840.5546664071082
2025-04,1,soft_sl,-0.3164806607991211,10608.0,231.16799996753534,1849.3439997402827
2025-04,1,soft_sl,-0.3696944475962657,8897.0,284.4586666376392,2275.669333101114
2025-04,1,soft_sl,-0.619872444161108,2477.0,534.8479999773701,4278.783999818961
2025-04,1,soft_sl,-0.6197796005732941,4136.0,534.8479999773701,4278.783999818961
2025-04,1,soft_sl,-0.6196867569854801,5736.0,534.8479999773701,4278.783999818961
2025-04,1,soft_sl,-0.6211466916038525,5829.0,536.4479999774694,4291.583999819755
2025-04,1,soft_sl,-1.5822363900439376,14384.0,1497.3759999940792,11979.007999952633
2025-04,1,soft_sl,-1.9047498365954576,20154.0,1819.8933333283662,14559.14666662693
2025-04,1,soft_sl,-1.9046902751770045,21266.0,1819.8933333283662,14559.14666662693
2025-04,1,soft_sl,-1.9067066857490482,23920.0,1821.9519999951124,14575.615999960899
2025-04,1,soft_sl,-1.9032554017586205,23911.0,1818.5173333284258,14548.138666627407
2025-04,-1,sl,-0.5573191417517877,89791.0,472.1173333071669,3776.9386664573353
2025-04,-1,sl,-0.6220907639556663,0.0,537.0879999778668,4296.703999822935
2025-04,-1,soft_sl,-0.6221851690178458,329.0,537.0879999778668,4296.703999822935
2025-04,-1,sl,-0.5550315803490051,90257.0,469.7919999737541,3758.335999790033
2025-04,-1,soft_sl,-0.6222795740800254,330.0,537.0879999778668,4296.703999822935
2025-04,1,sl,-0.7748690815112924,764.0,690.1973333113392,5521.578666490714
2025-04,1,sl,-0.7863412156052063,766.0,701.7173333114386,5613.738666491508
2025-04,1,sl,-0.8004466990325827,837.0,715.8719999783237,5726.97599982659
2025-04,1,sl,-0.8928066388407185,835.0,808.3413333123922,6466.730666499137
2025-04,1,sl,-1.0104664620766206,888.0,926.1653333137433,7409.322666509946
2025-04,1,sl,-1.2983812855607362,1013.0,1214.5279999858142,9716.223999886513
2025-04,-1,sl,-0.5701187213458839,2778.0,485.7599999810258,3886.0799998482066
2025-04,-1,sl,-0.5586504809633569,6023.0,474.25066664685806,3794.0053331748645
2025-04,-1,sl,-0.5604688805824156,39019.0,476.02133331427973,3808.170666514238
2025-04,-1,sl,-0.5733242080099588,39128.0,488.79999998102585,3910.399999848207
2025-04,-1,sl,-0.5025891843658153,416.0,418.1333333094915,3345.066666475932
2025-04,-1,sl,-0.5026441716522939,2044.0,418.1333333094915,3345.066666475932
2025-04,-1,sl,-0.5026991589387725,2994.0,418.1333333094915,3345.066666475932
2025-04,-1,sl,-0.5027608867293252,3057.0,418.1333333094915,3345.066666475932
2025-04,-1,sl,-0.5027816398684903,3059.0,418.1333333094915,3345.066666475932
2025-04,-1,sl,-0.5028200547856825,3212.0,418.1333333094915,3345.066666475932
2025-04,-1,sl,-0.5020147908416744,3458.0,417.26933330913386,3338.154666473071
2025-04,-1,sl,-0.495277956083232,3410.0,410.4959999747078,3283.9679997976623
2025-04,-1,sl,-0.4983790149250876,3470.0,413.5466666413347,3308.3733331306776
2025-04,1,soft_sl,-0.5471842477482527,41853.0,462.58133330732585,3700.650666458607
2025-04,1,soft_sl,-0.5471215478111051,71196.0,462.58133330732585,3700.650666458607
2025-04,1,soft_sl,-0.5471350203376413,71196.0,462.58133330732585,3700.650666458607
2025-04,1,soft_sl,-0.5480026675937524,73177.0,463.4986666407188,3707.9893331257504
2025-04,1,soft_sl,-0.5460739424806665,73168.0,461.5786666406194,3692.6293331249553
2025-04,-1,sl,-0.1765261768100233,15881.0,91.94666663487752,735.5733330790201
2025-04,-1,sl,-0.17653761776013066,15885.0,91.94666663487752,735.5733330790201
2025-04,-1,sl,-0.1765390762445871,15885.0,91.94666663487752,735.5733330790201
2025-04,-1,sl,-0.17655167319853238,15906.0,91.94666663487752,735.5733330790201
2025-04,-1,sl,-0.17656572863693415,15906.0,91.94666663487752,735.5733330790201
2025-04,-1,sl,-0.17655197567915087,15906.0,91.94666663487752,735.5733330790201
2025-04,-1,sl,-0.17657132483099655,15907.0,91.94666663487752,735.5733330790201
2025-04,-1,sl,-0.1852738197960736,15513.0,100.62933330307405,805.0346664245924
2025-04,-1,sl,-0.2174856799699019,0.0,132.7786666317781,1062.2293330542248
2025-04,-1,sl,-0.21752361784616578,0.0,132.7786666317781,1062.2293330542248
2025-04,-1,sl,-0.21756155572242963,71.0,132.7786666317781,1062.2293330542248
2025-04,-1,sl,-0.21761846253682549,441.0,132.7786666317781,1062.2293330542248
2025-04,-1,soft_sl,-0.2176306529275111,1165.0,132.7786666317781,1062.2293330542248
2025-04,-1,soft_sl,-0.2176498284870073,1245.0,132.7786666317781,1062.2293330542248
2025-04,-1,soft_sl,-0.21871486004657104,3406.0,133.8239999651909,1070.5919997215271
2025-04,-1,soft_sl,-0.2203337513858627,4445.0,135.41333329856397,1083.3066663885118
2025-04,-1,soft_sl,-0.21236663522681815,4175.0,127.43466663112243,1019.4773330489794
2025-04,-1,soft_sl,-0.20488594628298962,4094.0,119.92533329695463,959.4026663756371
2025-04,-1,sl,-0.5138090721521535,132315.0,428.7786666405201,3430.229333124161
2025-04,-1,sl,-0.5252848029183824,132286.0,440.2133333075046,3521.706666460037
2025-04,-1,sl,-0.5253201496842899,132380.0,440.2133333075046,3521.706666460037
2025-04,-1,sl,-0.4843286578329859,131833.0,399.1893333073457,3193.5146664587655
2025-04,-1,sl,-0.4725390154196325,133350.0,387.3599999738733,3098.8799997909864
2025-04,-1,sl,-0.47088492874678833,150427.0,385.6639999730388,3085.3119997843105
2025-04,-1,sl,-0.4708907345871273,150427.0,385.6639999730388,3085.3119997843105
2025-04,-1,sl,-0.552925442946143,342357.0,467.6479999735951,3741.183999788761
2025-04,-1,sl,-0.5555131088421108,342337.0,470.17599997361503,3761.4079997889203
2025-04,1,sl,-0.21088453967478615,47308.0,126.17599996586641,1009.4079997269313
2025-04,1,sl,-0.21078053762996282,47294.0,126.09066663235426,1008.725333058834
2025-04,-1,sl,-0.24733899630446948,321.0,162.1866666338841,1297.4933330710728
2025-04,-1,sl,-0.2473601318238592,346.0,162.1866666338841,1297.4933330710728
2025-04,-1,sl,-0.2473812673432489,1683.0,162.1866666338841,1297.4933330710728
2025-04,-1,sl,-0.15047604203875192,998.0,65.39733330180248,523.1786664144198
2025-04,-1,sl,-0.1497566872175767,1169.0,64.65066663503647,517.2053330802918
2025-04,-1,sl,-0.15114131915695872,1172.0,66.02666663537423,528.2133330829938
2025-04,-1,sl,-0.15114091397298693,1172.0,66.02666663537423,528.2133330829938
2025-04,-1,sl,-0.16093548709691835,667.0,75.8079999696215,606.463999756972
2025-04,-1,sl,-0.16176914700560702,853.0,76.62933330307405,613.0346664245924
2025-04,-1,sl,-0.15866788190790657,648.0,73.51466663628817,588.1173330903054
2025-04,-1,sl,-0.15867278285308994,771.0,73.51466663628817,588.1173330903054
2025-04,-1,sl,-0.1485182858090629,2237.0,63.31733330309391,506.5386664247513
2025-04,-1,sl,-0.24741297062233344,11364.0,162.1866666338841,1297.4933330710728
2025-04,1,soft_sl,-0.5342583904833602,226744.0,449.802666640381,3598.421333123048
2025-04,1,soft_sl,-0.5196869544770996,226664.0,435.24266663998367,3481.9413331198693
2025-04,1,soft_sl,-0.49570281715364856,226638.0,411.2959999729196,3290.367999783357
2025-04,-1,tp,1.2608774220332482,62315.0,168.18133329977593,1345.4506663982074
2025-04,-1,sl,-0.26613141559233,0.0,181.14133329759042,1449.1306663807234
2025-04,-1,sl,-0.26618315668446935,579.0,181.14133329759042,1449.1306663807234
2025-04,-1,sl,-0.2662348977766087,587.0,181.14133329759042,1449.1306663807234
2025-04,-1,sl,-0.2662595956442608,589.0,181.14133329759042,1449.1306663807234
2025-04,1,sl,-0.2502544305980428,3619.0,165.37599996626378,1323.0079997301102
2025-04,1,sl,-0.23774150900095575,3375.0,152.88533329923948,1223.0826663939158
2025-04,1,sl,-0.2276380487369511,3344.0,142.80533329864343,1142.4426663891475
2025-04,-1,soft_sl,-0.26629227778644404,8858.0,181.14133329759042,1449.1306663807234
2025-04,-1,soft_sl,-0.2663125094148177,8887.0,181.14133329759042,1449.1306663807234
2025-04,-1,soft_sl,-0.2562719359283991,8841.0,171.09333329737186,1368.7466663789749
2025-04,-1,soft_sl,-0.26533879914406433,11423.0,180.1066666330894,1440.8533330647151
2025-04,-1,sl,-0.24917332942080617,108482.0,163.89333330055078,1311.1466664044062
2025-04,-1,sl,-0.24917067939258797,108482.0,163.89333330055078,1311.1466664044062
2025-04,-1,soft_sl,-0.274349814147607,11706.0,189.0453333000342,1512.3626664002736
2025-04,-1,soft_sl,-0.6224211816732947,370892.0,537.0879999778668,4296.703999822935
2025-04,-1,soft_sl,-0.622479264995886,370894.0,537.0879999778668,4296.703999822935
2025-04,-1,soft_sl,-0.6225211644187595,370895.0,537.0879999778668,4296.703999822935
2025-04,-1,soft_sl,-0.6225630638416331,370895.0,537.0879999778668,4296.703999822935
2025-04,-1,soft_sl,-0.5719331783276693,370728.0,486.38933331012726,3891.114666481018
2025-04,-1,soft_sl,-0.6226259129759433,370899.0,537.0879999778668,4296.703999822935
2025-04,1,tp,4.471823543705272,806649.0,569.5146666444341,4556.117333155473
2025-04,1,tp,4.515118398808624,806692.0,574.9333333115776,4599.466666492621
2025-04,1,tp,11.133813123026673,1022601.0,1401.8666666686038,11214.93333334883
2025-04,1,tp,4.538382845837366,806705.0,577.8453333117565,4622.762666494052
2025-04,1,tp,10.664549137393921,998220.0,1343.2746666683256,10746.197333346605
2025-04,1,tp,10.594942006068615,998226.0,1334.5813333349922,10676.650666679938
2025-04,1,tp,4.916338371971535,809048.0,625.1199999793371,5000.959999834697
2025-04,1,tp,4.9067689803695425,809050.0,623.9253333126505,4991.402666501204
2025-04,1,tp,10.594832436293032,998231.0,1334.5813333349922,10676.650666679938
2025-04,1,tp,10.594722866517449,1000203.0,1334.5813333349922,10676.650666679938
2025-04,1,tp,11.033073934064126,1000190.0,1389.3546666681766,11114.837333345413
2025-04,1,tp,11.066259296197774,1000192.0,1393.5040000015001,11148.032000012001
2025-04,-1,sl,-0.5639036121992904,0.0,477.0133333062132,3816.1066664497057
2025-04,-1,sl,-0.5640643257724132,0.0,477.0133333062132,3816.1066664497057
2025-04,-1,sl,-0.5642250393455359,0.0,477.0133333062132,3816.1066664497057
2025-04,-1,sl,-0.56446610970522,12345.0,477.0133333062132,3816.1066664497057
2025-04,-1,sl,-0.564554221179336,42908.0,477.0133333062132,3816.1066664497057
2025-04,-1,sl,-0.564580689026711,42908.0,477.0133333062132,3816.1066664497057
2025-04,-1,sl,-0.564607156874086,42909.0,477.0133333062132,3816.1066664497057
2025-04,-1,sl,-0.5646468586451485,42909.0,477.0133333062132,3816.1066664497057
2025-04,-1,sl,-0.564713028263586,42912.0,477.0133333062132,3816.1066664497057
2025-04,-1,sl,-0.8460790021301101,582.0,758.506666648686,6068.053333189488
2025-04,-1,sl,-0.8461243678241889,582.0,758.506666648686,6068.053333189488
2025-04,-1,sl,-0.8461645379963837,686.0,758.506666648686,6068.053333189488
2025-04,-1,sl,-0.8461697335182677,686.0,758.506666648686,6068.053333189488
2025-04,-1,sl,-0.8462040708539,687.0,758.506666648686,6068.053333189488
2025-04,-1,sl,-0.846237782059386,687.0,758.506666648686,6068.053333189488
2025-04,-1,sl,-0.8462436037114165,915.0,758.506666648686,6068.053333189488
2025-04,-1,sl,-0.8465803749976603,909.0,758.7839999819795,6070.271999855836
2025-04,-1,sl,-0.8625086042953272,986.0,774.6559999827543,6197.247999862035
2025-04,-1,sl,-0.8547899271419388,942.0,766.8906666491429,6135.125333193143
2025-04,1,tp,6.204546801545566,870090.0,786.2186666458845,6289.749333167076
2025-04,-1,soft_sl,-0.6680363409849595,305.0,580.0746666430433,4640.5973331443465
2025-04,1,sl,-0.6631031973250882,5362.0,575.3813333103061,4603.050666482449
2025-04,1,soft_sl,-0.6835002437917157,4924.0,595.7653333108624,4766.122666486899
2025-04,1,soft_sl,-0.6856108410505886,5008.0,597.9093333108226,4783.274666486581
2025-04,1,sl,-0.6630664950455738,5449.0,575.3813333103061,4603.050666482449
2025-04,1,sl,-0.6630297927660593,5480.0,575.3813333103061,4603.050666482449
2025-04,1,sl,-0.5005461258645199,56.0,413.5253333087762,3308.20266647021
2025-04,1,soft_sl,-0.5004208078183184,1725.0,413.5253333087762,3308.20266647021
2025-04,-1,sl,-0.5355075224309623,3588.0,448.42666664471227,3587.413333157698
2025-04,-1,sl,-0.535531163834088,3602.0,448.42666664471227,3587.413333157698
2025-04,-1,sl,-0.5384042292370372,3592.0,451.27466664453345,3610.1973331562676
2025-04,-1,sl,-0.534949947341903,3719.0,447.7866666447123,3582.2933331576983
2025-04,-1,sl,-0.5408298308342117,443.0,453.2799999749661,3626.2399997997286
2025-04,-1,sl,-0.5408715423166802,641.0,453.2799999749661,3626.2399997997286
2025-04,-1,sl,-0.5409132537991487,641.0,453.2799999749661,3626.2399997997286
2025-04,-1,sl,-0.5409758210228515,648.0,453.2799999749661,3626.2399997997286
2025-04,-1,sl,-0.5409878666069392,650.0,453.2799999749661,3626.2399997997286
2025-04,-1,sl,-0.5410181601357077,652.0,453.2799999749661,3626.2399997997286
2025-04,-1,sl,-0.5410484536644762,652.0,453.2799999749661,3626.2399997997286
2025-04,-1,sl,-0.5375903557286029,607.0,449.79199997454884,3598.3359997963908
2025-04,-1,sl,-0.5374440699572056,603.0,449.6319999745488,3597.0559997963906
2025-04,-1,sl,-0.4823242197781171,379.0,394.4639999735355,3155.711999788284
2025-04,-1,sl,-0.6938097160952753,35686.0,605.7813333107034,4846.250666485627
2025-04,-1,soft_sl,-0.6681387669640875,36232.0,580.0746666430433,4640.5973331443465
2025-04,1,tp,8.975609570174518,975769.0,1132.4373333247502,9059.498666598001
2025-04,-1,soft_sl,-0.6656052089433919,36225.0,577.4399999765556,4619.519999812444
2025-04,-1,sl,-0.6939106998564719,35728.0,605.7813333107034,4846.250666485627
2025-04,-1,sl,-0.6940116836176685,35800.0,605.7813333107034,4846.250666485627
2025-04,-1,sl,-0.6941631592594635,35823.0,605.7813333107034,4846.250666485627
2025-04,1,tp,10.635047357593361,1065768.0,1339.8079999947547,10718.463999958038
2025-04,1,tp,10.783122869449658,1065766.0,1358.3039999947946,10866.431999958357
2025-04,1,tp,10.78308647230382,1065766.0,1358.3039999947946,10866.431999958357
2025-04,1,tp,6.812042030575533,901291.0,862.1653333211939,6897.322666569551
2025-04,1,tp,10.716913656282083,1065768.0,1350.037333328128,10800.298666625024
2025-04,-1,sl,-0.7050478972469071,35764.0,616.57599997739,4932.60799981912
2025-04,-1,sl,-0.6741938572148796,35483.0,585.7066666437189,4685.653333149751
2025-04,1,tp,10.783072945425316,1065768.0,1358.3039999947946,10866.431999958357
2025-04,1,tp,10.90693638680251,1065767.0,1373.781333328088,10990.250666624705
2025-04,1,tp,10.71687646406112,1065780.0,1350.037333328128,10800.298666625024
2025-04,1,tp,10.783049800088722,1065779.0,1358.3039999947946,10866.431999958357
2025-04,-1,sl,-0.6775969371833523,35475.0,589.0773333105445,4712.618666484356
2025-04,-1,soft_sl,-0.3295008167681853,8709.0,241.22666663318873,1929.8133330655098
2025-04,-1,soft_sl,-0.3184267968182064,8660.0,230.14399996628364,1841.1519997302692
2025-04,-1,soft_sl,-0.48256745759415254,17622.0,394.3039999701579,3154.4319997612633
2025-04,1,tp,12.655641988332587,1126098.0,1592.2666666677098,12738.133333341679
2025-04,1,tp,10.783001822729199,1106436.0,1358.3039999947946,10866.431999958357
2025-04,-1,sl,-0.6814315891355114,75931.0,592.8639999769131,4742.911999815305
2025-04,1,tp,9.55115492163448,1018849.0,1204.4053333260615,9635.242666608492
2025-04,1,tp,10.782930700033084,1107467.0,1358.3039999947946,10866.431999958357
2025-04,1,tp,11.108445785490108,1107464.0,1398.9759999946752,11191.807999957402
2025-04,1,tp,6.980795686994307,943031.0,883.274666654865,7066.19733323892
2025-04,1,tp,11.108408608335475,1107465.0,1398.9759999946752,11191.807999957402
2025-04,-1,sl,-0.4912752962289738,876.0,402.5066666357716,3220.0533330861726
2025-04,-1,sl,-0.49027053089195183,869.0,401.47199996908506,3211.7759997526805
2025-04,1,tp,9.508487863839392,1018866.0,1199.0933333260814,9592.746666608651
2025-04,-1,sl,-0.4928729015550095,855.0,404.0426666358113,3232.3413330864905
2025-04,-1,sl,-0.4958746735495289,854.0,406.99733330249785,3255.978666419983
2025-04,-1,sl,-0.5018372623281889,850.0,412.9493333026767,3303.5946664214134
2025-04,-1,sl,-0.5019021264271247,848.0,412.99199996928377,3303.93599975427
2025-04,-1,sl,-0.5079966705262697,898.0,419.06133330275617,3352.4906664220493
2025-04,1,tp,13.104894861244265,1126526.0,1648.4373333343367,13187.498666674694
2025-04,1,tp,13.089544933206618,1126525.0,1646.5173333343366,13172.138666674693
2025-04,-1,sl,-0.5108900306748428,898.0,421.91999996950227,3375.359999756018
2025-04,-1,sl,-0.5108808482073617,898.0,421.91999996950227,3375.359999756018
2025-04,1,tp,11.546557555057287,1108171.0,1453.749333328108,11629.994666624863
2025-04,1,tp,11.54653832154295,1108171.0,1453.749333328108,11629.994666624863
2025-04,-1,sl,-0.5259716469226231,1541.0,436.9386666364471,3495.509333091577
2025-04,1,tp,1.1595642048559935,22728.0,156.03199996213118,1248.2559996970494
2025-04,1,tp,1.1595717402833923,22728.0,156.03199996213118,1248.2559996970494
2025-04,1,tp,1.1595355846141173,22732.0,156.03199996213118,1248.2559996970494
2025-04,1,tp,13.173019406048603,1127684.0,1656.970666667372,13255.765333338975
2025-04,1,tp,1.1595069643722409,22734.0,156.03199996213118,1248.2559996970494
2025-04,1,tp,12.179622424049292,1117034.0,1532.8640000007053,12262.912000005643
2025-04,1,tp,13.17295782975077,1127691.0,1656.970666667372,13255.765333338975
2025-04,1,tp,13.17294741369753,1127963.0,1656.970666667372,13255.765333338975
2025-04,1,tp,12.21246758300971,1117298.0,1536.9706666674217,12295.765333339374
2025-04,1,tp,13.172875421346458,1128061.0,1656.970666667372,13255.765333338975
2025-04,1,tp,13.172796813379168,1128062.0,1656.970666667372,13255.765333338975
2025-04,1,tp,13.172689469131434,1128119.0,1656.970666667372,13255.765333338975
2025-04,1,tp,13.1725821248837,1128131.0,1656.970666667372,13255.765333338975
2025-04,1,tp,7.758038068015008,943573.0,980.4906666548053,7843.925333238442
2025-04,1,tp,10.548364491712482,1020972.0,1329.1093333279093,10632.874666623275
2025-04,1,tp,7.757949952141273,943574.0,980.4906666548053,7843.925333238442
2025-04,1,tp,12.606963768051216,1119156.0,1586.3253333336115,12690.602666668892
2025-04,1,tp,12.606955404951613,1119156.0,1586.3253333336115,12690.602666668892
2025-04,1,tp,10.506542956042846,1022656.0,1323.903999994298,10591.231999954383
2025-04,1,tp,7.75786183626754,945116.0,980.4906666548053,7843.925333238442
2025-04,1,tp,8.23460390583085,945045.0,1040.074666655461,8320.597333243688
2025-04,1,tp,10.506343265708772,1022905.0,1323.903999994298,10591.231999954383
2025-04,1,tp,12.774388399612066,1119439.0,1607.2746666669846,12858.197333335876
2025-04,1,tp,12.774379970028717,1119441.0,1607.2746666669846,12858.197333335876
2025-04,1,tp,8.372045137356343,945035.0,1057.2586666560173,8458.069333248139
2025-04,1,tp,3.358001690019947,69219.0,430.81599997629723,3446.527999810378
2025-04,1,tp,3.219571646006982,69282.0,413.5253333087762,3308.20266647021
2025-04,1,tp,13.360489566624514,1118611.0,1680.5226666680971,13444.181333344777
2025-04,-1,sl,-1.396500689994253,3694.0,1306.6346666534741,10453.077333227793
2025-04,1,tp,13.360336234547688,1121737.0,1680.5226666680971,13444.181333344777
2025-04,-1,sl,-1.3965950919706511,3744.0,1306.6346666534741,10453.077333227793
2025-04,1,tp,13.360244235301591,1121750.0,1680.5226666680971,13444.181333344777
2025-04,1,tp,13.36018290247086,1121760.0,1680.5226666680971,13444.181333344777
2025-04,-1,sl,-1.3967004982637383,3764.0,1306.6346666534741,10453.077333227793
2025-04,-1,sl,-1.3966894939470496,3764.0,1306.6346666534741,10453.077333227793
2025-04,-1,soft_sl,-1.09284496798836,1105.0,1002.6133333177368,8020.906666541894
2025-04,1,tp,13.36012156964013,1121828.0,1680.5226666680971,13444.181333344777
2025-04,-1,sl,-1.396771471888849,3833.0,1306.6346666534741,10453.077333227793
2025-04,-1,sl,-1.396831096911647,4220.0,1306.6346666534741,10453.077333227793
2025-04,-1,soft_sl,-1.092971475449136,1562.0,1002.6133333177368,8020.906666541894
2025-04,-1,sl,-1.3968424455139599,4236.0,1306.6346666534741,10453.077333227793
2025-04,-1,sl,-1.396948905951626,5152.0,1306.6346666534741,10453.077333227793
2025-04,-1,soft_sl,-1.0930979829099121,2493.0,1002.6133333177368,8020.906666541894
2025-04,1,tp,9.022076373264836,951175.0,1138.5706666574877,9108.565333259901
2025-04,-1,sl,-1.3942710378529177,5231.0,1303.8399999870855,10430.719999896684
2025-04,-1,sl,-1.5465672884849453,3465.0,1456.1919999913375,11649.5359999307
2025-04,-1,sl,-1.2282990223673227,510.0,1137.7813333190481,9102.250666552385
2025-04,-1,soft_sl,-1.0932337256499423,2609.0,1002.6133333177368,8020.906666541894
2025-04,-1,sl,-1.384458676014676,5057.0,1293.973333320419,10351.786666563352
2025-04,-1,sl,-1.631617523095841,3980.0,1541.247999993364,12329.983999946911
2025-04,-1,soft_sl,-1.0932860236884625,2618.0,1002.6133333177368,8020.906666541894
2025-04,1,tp,9.088621956292327,951206.0,1146.9013333242137,9175.21066659371
2025-04,-1,sl,-1.739471091351084,4532.0,1649.1199999926487,13192.95999994119
2025-04,-1,soft_sl,-1.0932877441010762,2626.0,1002.6133333177368,8020.906666541894
2025-04,1,tp,12.103818610910166,1028412.0,1523.6159999949734,12188.927999959787
2025-04,-1,sl,-1.2284297911291364,584.0,1137.7813333190481,9102.250666552385
2025-04,-1,sl,-1.5466910600148123,3540.0,1456.1919999913375,11649.5359999307
2025-04,-1,soft_sl,-1.0933383217269828,2682.0,1002.6133333177368,8020.906666541894
2025-04,-1,sl,-1.6317406690971459,4052.0,1541.247999993364,12329.983999946911
2025-04,-1,sl,-1.7395926276079754,4616.0,1649.1199999926487,13192.95999994119
2025-04,-1,soft_sl,-1.058700752783689,2640.0,967.9146666499972,7743.317333199978
2025-04,1,tp,13.787754609095435,1125175.0,1734.016000000139,13872.128000001112
2025-04,1,tp,13.787746135189588,1125175.0,1734.016000000139,13872.128000001112
2025-04,1,tp,13.736855361685524,1125182.0,1727.6586666668454,13821.269333334763
2025-04,1,tp,13.787697117246896,1125187.0,1734.016000000139,13872.128000001112
2025-04,-1,sl,-1.546814831544679,3941.0,1456.1919999913375,11649.5359999307
2025-04,-1,sl,-1.2285605598909501,986.0,1137.7813333190481,9102.250666552385
2025-04,-1,sl,-0.4125878400102925,156.0,321.9093333029747,2575.2746664237975
2025-04,-1,sl,-0.4127002171459843,454.0,321.9093333029747,2575.2746664237975
2025-04,-1,sl,-0.41281259428167616,1887.0,321.9093333029747,2575.2746664237975
2025-04,-1,sl,-0.41281985687278944,1889.0,321.9093333029747,2575.2746664237975
2025-04,-1,sl,-0.41283889742778085,1889.0,321.9093333029747,2575.2746664237975
2025-04,-1,sl,-0.408685185982621,1849.0,317.7386666361491,2541.909333089193
2025-04,-1,sl,-0.41125368281517427,1839.0,320.2773333028952,2562.2186664231617
2025-04,-1,sl,-0.4192092362032156,1940.0,328.18133330345154,2625.4506664276123
2025-04,-1,sl,-0.41925629598569164,1948.0,328.18133330345154,2625.4506664276123
2025-04,-1,sl,-1.6318638150984364,14445.0,1541.247999993364,12329.983999946911
2025-04,-1,sl,-1.1583642394789568,13478.0,1067.5093333184718,8540.074666547775
2025-04,-1,sl,-1.7397214343971026,14984.0,1649.1199999926487,13192.95999994119
2025-04,-1,sl,-1.739714163864867,14984.0,1649.1199999926487,13192.95999994119
2025-04,-1,sl,-1.631896872032101,14446.0,1541.247999993364,12329.983999946911
2025-04,-1,sl,-1.546867722080641,13936.0,1456.1919999913375,11649.5359999307
2025-04,-1,sl,-1.3457748453030662,13735.0,1254.9759999885162,10039.80799990813
2025-04,-1,sl,-1.163802239095438,13478.0,1072.927999985218,8583.423999881745
2025-04,-1,sl,-1.1637956293178018,13478.0,1072.927999985218,8583.423999881745
2025-04,-1,sl,-1.2540651563305798,9058.0,1163.2213333205382,9305.770666564305
2025-04,1,tp,12.103578644790726,1038860.0,1523.6159999949734,12188.927999959787
2025-04,-1,sl,-1.5469316452878554,13937.0,1456.1919999913375,11649.5359999307
2025-04,-1,sl,-1.1513680456577196,13445.0,1060.44799998492,8483.58399987936
2025-04,-1,sl,-1.631970689274613,14607.0,1541.247999993364,12329.983999946911
2025-04,-1,sl,-1.7398041812157428,15148.0,1649.1199999926487,13192.95999994119
2025-04,-1,soft_sl,-0.8360227163068867,1175.0,744.8853333123525,5959.08266649882
2025-04,-1,sl,-1.5469955684950696,14101.0,1456.1919999913375,11649.5359999307
2025-04,-1,sl,-1.6247875465170298,14606.0,1533.9946666599315,12271.957333279452
2025-04,-1,sl,-1.6269046301003431,14604.0,1536.106666660011,12288.853333280087
2025-04,-1,sl,-1.5470004888394793,14102.0,1456.1919999913375,11649.5359999307
2025-04,-1,sl,-1.2287567130336705,11147.0,1137.7813333190481,9102.250666552385
2025-04,-1,sl,-1.2542192345534389,9224.0,1163.2213333205382,9305.770666564305
2025-04,-1,soft_sl,-0.8360964330054368,1177.0,744.8853333123525,5959.08266649882
2025-04,1,tp,9.484249083932056,961873.0,1196.3839999910197,9571.071999928157
2025-04,-1,sl,-1.7398869280343827,15154.0,1649.1199999926487,13192.95999994119
2025-04,-1,sl,-1.739896468250204,15154.0,1649.1199999926487,13192.95999994119
2025-04,-1,sl,-1.2288162235602722,11151.0,1137.7813333190481,9102.250666552385
2025-04,1,tp,12.103372235340851,1039030.0,1523.6159999949734,12188.927999959787
2025-04,-1,sl,-1.6289216163803217,14537.0,1538.0159999927878,12304.127999942302
2025-04,-1,sl,-1.2288692568583264,11152.0,1137.7813333190481,9102.250666552385
2025-04,-1,soft_sl,-0.8361701497039868,1182.0,744.8853333123525,5959.08266649882
2025-04,-1,sl,-0.3532840594500952,0.0,262.069333298107,2096.554666384856
2025-04,-1,sl,-0.3533529824041156,0.0,262.069333298107,2096.554666384856
2025-04,-1,sl,-0.3534219053581361,0.0,262.069333298107,2096.554666384856
2025-04,-1,sl,-0.35352528978916675,6485.0,262.069333298107,2096.554666384856
2025-04,-1,soft_sl,-0.5245842955132103,4141.0,433.15199997315807,3465.2159997852646
2025-04,-1,soft_sl,-0.5140472718642594,4031.0,422.55999997278053,3380.4799997822442
2025-04,-1,sl,-1.7400110482623428,27198.0,1649.1199999926487,13192.95999994119
2025-04,-1,sl,-1.2289222901563805,23195.0,1137.7813333190481,9102.250666552385
2025-04,-1,soft_sl,-0.8362245069429907,13225.0,744.8853333123525,5959.08266649882
2025-04,1,tp,9.58816631003606,973932.0,1209.386666658024,9675.093333264193
2025-04,-1,sl,-1.254373312776298,21273.0,1163.2213333205382,9305.770666564305
2025-04,-1,soft_sl,-0.8362647626745998,13226.0,744.8853333123525,5959.08266649882
2025-04,-1,sl,-0.35332448289799234,6488.0,261.69599996477365,2093.567999718189
2025-04,-1,sl,-0.3533240771742291,6488.0,261.69599996477365,2093.567999718189
2025-04,-1,sl,-1.2329398081037108,23194.0,1141.7173333192866,9133.738666554293
2025-04,-1,soft_sl,-0.8363050184062091,13229.0,744.8853333123525,5959.08266649882
2025-04,-1,soft_sl,-0.8362807247518119,13229.0,744.8853333123525,5959.08266649882
2025-04,-1,sl,-0.355120290981655,6488.0,263.46666663149995,2107.7333330519996
2025-04,1,tp,12.103165825890974,1051081.0,1523.6159999949734,12188.927999959787
2025-04,-1,soft_sl,-0.8363654020036229,13233.0,744.8853333123525,5959.08266649882
2025-04,-1,sl,-1.181697383348309,22942.0,1090.3679999854166,8722.943999883333
2025-04,-1,sl,-1.2462228669390611,23077.0,1154.911999986569,9239.295999892553
2025-04,-1,sl,-1.7578091088936323,28489.0,1666.719999993841,13333.759999950727
2025-04,-1,sl,-1.7578267153101426,28492.0,1666.719999993841,13333.759999950727
2025-04,-1,soft_sl,-0.8358470653320684,14479.0,744.2666666451097,5954.133333160878
2025-04,-1,soft_sl,-0.8358460404976097,14479.0,744.2666666451097,5954.133333160878
2025-04,-1,sl,-1.2546044301105865,22891.0,1163.2213333205382,9305.770666564305
2025-04,1,tp,13.61638205143863,1056235.0,1712.757333329916,13702.058666639328
2025-04,1,tp,13.674825931721594,1056201.0,1720.0533333297572,13760.426666638057
2025-04,1,tp,13.666594568589314,1056198.0,1719.0186666630705,13752.149333304564
2025-04,1,tp,13.616284120892754,1056238.0,1712.757333329916,13702.058666639328
2025-04,1,tp,10.416165021121559,975758.0,1312.9493333262205,10503.594666609764
2025-04,1,tp,13.61618619034691,1056239.0,1712.757333329916,13702.058666639328
2025-04,1,tp,13.615909688041032,1056241.0,1712.757333329916,13702.058666639328
2025-04,1,tp,18.26934616121207,1196324.0,2294.1760000008344,18353.408000006675
2025-04,1,tp,18.025758341565975,1196132.0,2263.744000001202,18109.952000009616
2025-04,1,tp,2.0285184972145256,4968.0,265.0879999694228,2120.7039997553825
2025-04,1,tp,2.0076688219998697,4972.0,262.4853333027164,2099.8826664217313
2025-04,1,tp,18.269157951353986,1196326.0,2294.1760000008344,18353.408000006675
2025-04,1,tp,18.269186606652575,1196326.0,2294.1760000008344,18353.408000006675
2025-04,1,tp,18.01617614790592,1196137.0,2262.560000001242,18100.480000009935
2025-04,1,tp,18.016109512160742,1196137.0,2262.560000001242,18100.480000009935
2025-04,1,tp,13.615563231431954,1056244.0,1712.757333329916,13702.058666639328
2025-04,1,tp,18.26890700487654,1196328.0,2294.1760000008344,18353.408000006675
2025-04,1,tp,18.269032478115264,1196328.0,2294.1760000008344,18353.408000006675
2025-04,1,tp,18.01590255327691,1196139.0,2262.560000001242,18100.480000009935
2025-04,1,tp,13.615332260359224,1056246.0,1712.757333329916,13702.058666639328
2025-04,1,tp,18.268849844806706,1196329.0,2294.1760000008344,18353.408000006675
2025-04,1,tp,18.01576458068769,1196140.0,2262.560000001242,18100.480000009935
2025-04,1,tp,3.0549121263103083,18034.0,393.38666663815576,3147.093333105246
2025-04,1,tp,3.0667348298167423,18066.0,394.8693333050609,3158.954666440487
2025-04,1,tp,13.615101289286496,1056254.0,1712.757333329916,13702.058666639328
2025-04,1,tp,3.087843316268653,18104.0,397.51466663857303,3180.1173331085843
2025-04,1,tp,3.1053497023759444,18091.0,399.70133330514034,3197.6106664411227
2025-04,1,tp,18.01562660809847,1196148.0,2262.560000001242,18100.480000009935
2025-04,1,tp,18.268647787699184,1196338.0,2294.1760000008344,18353.408000006675
2025-04,1,tp,18.268513082960833,1196340.0,2294.1760000008344,18353.408000006675
2025-04,1,tp,18.268378378222486,1232866.0,2294.1760000008344,18353.408000006675
2025-04,1,tp,7.491582752589587,171444.0,947.7866666509708,7582.293333207766
2025-04,1,tp,7.6051572612483636,171452.0,961.99466665109,7695.95733320872
2025-04,1,tp,3.352919754811582,62503.0,430.73066663930814,3445.845333114465
2025-04,1,tp,10.43154637640897,590098.0,1315.1466666537524,10521.17333323002
2025-04,1,tp,7.7912293782735675,171489.0,985.2693333180746,7882.154666544597
2025-04,1,tp,7.791214201111469,171489.0,985.2693333180746,7882.154666544597
2025-04,1,sl,-0.4534226020213154,65.0,360.60799997359516,2884.8639997887612
2025-04,-1,sl,-0.4847302645276058,5075.0,391.4879999723037,3131.90399977843
2025-04,-1,sl,-0.43157493041082307,4851.0,338.3146666374803,2706.5173330998423
2025-04,-1,sl,-0.41274074829420415,4739.0,319.44533330281575,2555.562666422526
2025-04,-1,sl,-0.4119872772479636,4872.0,318.67733330289525,2549.418666423162
2025-04,-1,sl,-0.3870027311204794,4724.0,293.6533333020409,2349.226666416327
2025-04,-1,sl,-0.3870014833806426,4724.0,293.6533333020409,2349.226666416327
2025-04,-1,sl,-0.3877565535139505,5754.0,294.3573333018025,2354.85866641442
2025-04,-1,sl,-0.38744502783192486,18794.0,293.9839999683698,2351.8719997469584
2025-04,-1,sl,-0.38793935071406827,18789.0,294.46399996827046,2355.7119997461637
2025-04,-1,sl,-0.30182890208232716,1738.0,208.03199996769428,1664.2559997415542
2025-04,-1,sl,-0.3852065591969658,2935.0,291.41333329916,2331.30666639328
2025-04,-1,sl,-0.30442487696585446,2031.0,210.58133330106736,1684.6506664085389
2025-04,-1,sl,-0.30425497635104093,2025.0,210.38933330118655,1683.1146664094924
2025-04,-1,sl,-0.3045711371469899,2006.0,210.6773333014051,1685.4186664112408
2025-04,-1,sl,-0.2858489432910592,1985.0,191.94666663438082,1535.5733330750465
2025-04,-1,sl,-0.28504804994240585,1982.0,191.1359999677539,1529.0879997420311
2025-04,-1,sl,-0.2840869071361606,1959.0,190.13333330124615,1521.0666664099692
2025-04,-1,sl,-0.38924220641958474,2568.0,295.98933330168325,2367.914666413466
2025-04,-1,sl,-0.39020116832433094,2894.0,296.91733330170314,2375.338666413625
2025-04,1,sl,-0.2380851350424999,0.0,144.97066663354636,1159.7653330683709
2025-04,1,sl,-0.23805939245141783,0.0,144.97066663354636,1159.7653330683709
2025-04,1,sl,-0.23803364986033576,0.0,144.97066663354636,1159.7653330683709
2025-04,1,sl,-0.23823382932866288,0.0,144.97066663354636,1159.7653330683709
2025-04,1,sl,-0.23814704820458926,0.0,144.97066663354636,1159.7653330683709
2025-04,1,sl,-0.23806026708051564,0.0,144.97066663354636,1159.7653330683709
2025-04,-1,soft_sl,-0.37795886622983826,10724.0,284.6506666358312,2277.2053330866497
2025-04,-1,soft_sl,-0.37347968508717144,10662.0,280.12799996942283,2241.0239997553826
2025-04,-1,soft_sl,-0.2993535138479845,10332.0,205.96266663511594,1647.7013330809275
2025-04,1,tp,1.06615295220605,23857.0,144.97066663354636,1159.7653330683709
2025-04,1,tp,1.0661535363076524,23857.0,144.97066663354636,1159.7653330683709
2025-04,1,tp,1.0660885957283448,24593.0,144.97066663354636,1159.7653330683709
2025-04,1,tp,10.688450753166435,764905.0,1347.2639999875425,10778.11199990034
2025-04,1,tp,11.234708160973192,766854.0,1415.5626666553815,11324.501333243052
2025-04,1,tp,2.7472357040694604,75446.0,355.16799997319777,2841.343999785582
2025-04,1,tp,2.7718322385082583,75443.0,358.23999997327724,2865.919999786218
2025-04,1,tp,2.7906533741150956,76050.0,360.60799997359516,2884.8639997887612
2025-04,1,tp,2.7906059097678555,76052.0,360.60799997359516,2884.8639997887612
2025-04,1,tp,2.790585338677669,76055.0,360.60799997359516,2884.8639997887612
2025-04,1,tp,8.63513734028994,349022.0,1090.8159999856352,8726.527999885082
2025-04,1,tp,2.7905399817193848,76056.0,360.60799997359516,2884.8639997887612
2025-04,1,sl,-0.48572888883398907,103.0,392.35199997246264,3138.815999779701
2025-04,1,sl,-0.4856630526001129,304.0,392.35199997246264,3138.815999779701
2025-04,1,sl,-0.4855434962690698,322.0,392.35199997246264,3138.815999779701
2025-04,1,sl,-0.4855972163662367,322.0,392.35199997246264,3138.815999779701
2025-04,1,sl,-0.48551276395909804,402.0,392.35199997246264,3138.815999779701
2025-04,1,sl,-0.48548203164912634,402.0,392.35199997246264,3138.815999779701
2025-04,1,sl,-0.48549846201542246,402.0,392.35199997246264,3138.815999779701
2025-04,1,sl,-0.4854359331841688,1136.0,392.35199997246264,3138.815999779701
2025-04,1,sl,-0.48628663840935576,1250.0,393.2799999725819,3146.239999780655
2025-04,1,sl,-0.5220941487647329,1206.0,429.1306666398048,3433.0453331184385
2025-04,-1,sl,-0.402540363348976,945.0,307.2959999668598,2458.3679997348786
2025-04,-1,sl,-0.40260453320974654,1114.0,307.2959999668598,2458.3679997348786
2025-04,1,sl,-0.5231294282954048,0.0,428.7466666398446,3429.9733331187567
2025-04,1,sl,-0.5230344305213946,0.0,428.7466666398446,3429.9733331187567
2025-04,1,sl,-0.5229635665402239,2.0,428.7466666398446,3429.9733331187567
2025-04,1,sl,-0.5229288573132617,391.0,428.7466666398446,3429.9733331187567
2025-04,1,sl,-0.5229394327473844,391.0,428.7466666398446,3429.9733331187567
2025-04,1,sl,-0.5228941480862993,441.0,428.7466666398446,3429.9733331187567
2025-04,1,sl,-0.5228420842458559,630.0,428.7466666398446,3429.9733331187567
2025-04,1,sl,-0.5227969360863691,672.0,428.7466666398446,3429.9733331187567
2025-04,1,sl,-0.5227553111784502,709.0,428.7466666398446,3429.9733331187567
2025-04,1,sl,-0.5225594416513437,1039.0,428.7466666398446,3429.9733331187567
2025-04,-1,sl,-0.4932526545014731,187.0,398.0906666358312,3184.7253330866497
2025-04,-1,sl,-0.4932962609595865,263.0,398.0906666358312,3184.7253330866497
2025-04,1,sl,-0.6079797637272917,398.0,513.1306666405995,4105.045333124796
2025-04,1,sl,-0.6113714061999131,15588.0,516.5653333075842,4132.5226664606735
2025-04,1,sl,-0.6152001633389556,15593.0,520.4373333076636,4163.498666461309
2025-04,1,sl,-0.6139867790475203,16002.0,519.2853333077828,4154.282666462263
2025-04,1,sl,-0.651515728804095,14904.0,556.789333305955,4454.31466644764
2025-04,1,sl,-0.5966334745605332,15860.0,502.02666664004323,4016.213333120346
2025-04,1,sl,-0.5966222092962492,15860.0,502.02666664004323,4016.213333120346
2025-04,1,sl,-0.5980574841715514,15852.0,503.5093333067497,4028.0746664539975
2025-04,1,sl,-0.6259008817136352,18400.0,531.4133333069086,4251.306666455269
2025-04,1,sl,-0.6370999353599903,19079.0,542.6879999736944,4341.503999789556
2025-04,-1,sl,-0.3344613897878624,0.0,239.74399996896585,1917.9519997517268
2025-04,-1,sl,-0.33450791145085074,0.0,239.74399996896585,1917.9519997517268
2025-04,-1,sl,-0.33455443311383914,0.0,239.74399996896585,1917.9519997517268
2025-04,-1,sl,-0.33462421560832173,119.0,239.74399996896585,1917.9519997517268
2025-04,-1,sl,-0.33472451337294257,167.0,239.74399996896585,1917.9519997517268
2025-04,-1,sl,-0.33474051976579267,169.0,239.74399996896585,1917.9519997517268
2025-04,-1,sl,-0.334760256709537,172.0,239.74399996896585,1917.9519997517268
2025-04,-1,soft_sl,-0.3347960000461314,27831.0,239.74399996896585,1917.9519997517268
2025-04,1,sl,-0.6631418136891364,2311.0,568.7253333093722,4549.802666474978
2025-04,1,sl,-0.6630922775099091,2362.0,568.7253333093722,4549.802666474978
2025-04,1,sl,-0.6630427413306816,2390.0,568.7253333093722,4549.802666474978
2025-04,1,sl,-0.6630098209639812,2457.0,568.7253333093722,4549.802666474978
2025-04,1,sl,-0.3994183092689598,1632.0,305.3013333022594,2442.4106664180754
2025-04,1,sl,-0.6629599503493296,2461.0,568.7253333093722,4549.802666474978
2025-04,1,sl,-0.6629684370618405,2461.0,568.7253333093722,4549.802666474978
2025-04,1,sl,-0.662910079734678,2466.0,568.7253333093722,4549.802666474978
2025-04,1,sl,-0.6347626446131416,2434.0,540.6293333087365,4325.034666469892
2025-04,1,sl,-0.628740329811834,2422.0,534.6133333084981,4276.906666467985
2025-04,-1,tp,1.8907746406653956,35944.0,248.09599996844926,1984.767999747594
2025-04,-1,tp,1.988440802320734,35881.0,260.30933330138527,2082.474666411082
2025-04,-1,tp,2.351336405756069,176923.0,305.6853333000342,2445.4826664002735
2025-04,-1,tp,2.364256776705418,177045.0,307.2959999668598,2458.3679997348786
2025-04,-1,tp,2.364285371653494,177047.0,307.2959999668598,2458.3679997348786
2025-04,-1,tp,2.364281873839912,177047.0,307.2959999668598,2458.3679997348786
2025-04,1,sl,-0.45940786973586006,3394.0,365.7066666374604,2925.653333099683
2025-04,1,sl,-0.45937092804131346,3396.0,365.7066666374604,2925.653333099683
2025-04,-1,sl,-0.46820397572768413,3967.0,374.1973333054781,2993.5786664438247
2025-04,-1,sl,-0.4624193792780822,3947.0,368.38399997214475,2947.071999777158
2025-04,-1,sl,-0.46281126945814866,4000.0,368.7679999723037,2950.1439997784296
2025-04,-1,sl,-0.35926795111225374,0.0,265.35466663698355,2122.8373330958684
2025-04,-1,sl,-0.35934069985194095,19.0,265.35466663698355,2122.8373330958684
2025-04,-1,soft_sl,-0.35941344859162816,777.0,265.35466663698355,2122.8373330958684
2025-04,-1,sl,-0.46359292682900965,5315.0,369.52533330599465,2956.202666447957
2025-04,-1,sl,-0.46130789954315154,5303.0,367.23199997266136,2937.855999781291
2025-04,-1,sl,-0.45686951447280555,5270.0,362.77333330631257,2902.1866664505005
2025-04,-1,sl,-0.4572539216281152,5269.0,363.1466666396459,2905.173333117167
2025-04,-1,sl,-0.45692770415496564,5264.0,362.81599997301896,2902.5279997841517
2025-04,-1,soft_sl,-0.35953134570770146,779.0,265.35466663698355,2122.8373330958684
2025-04,-1,soft_sl,-0.359522571701159,779.0,265.35466663698355,2122.8373330958684
2025-04,-1,sl,-0.45588272523359336,5231.0,361.73866663972535,2893.909333117803
2025-04,-1,sl,-0.45818979475476995,5202.0,364.0319999726613,2912.2559997812905
2025-04,-1,soft_sl,-0.3595593166755412,780.0,265.35466663698355,2122.8373330958684
2025-04,-1,soft_sl,-0.591425127411511,10802.0,497.31199997266134,3978.4959997812907
2025-04,-1,sl,-0.4582127814311805,5203.0,364.0319999726613,2912.2559997812905
2025-04,-1,sl,-0.45788191703049796,5205.0,363.6906666392088,2909.5253331136705
2025-04,-1,soft_sl,-0.35958728764338094,785.0,265.35466663698355,2122.8373330958684
2025-04,-1,soft_sl,-0.35824188409494523,752.0,263.9679999701182,2111.743999760946
2025-04,-1,sl,-0.4616294113452816,5200.0,367.3919999726613,2939.1359997812906
2025-04,-1,sl,-0.4576863299661784,5152.0,363.445333305796,2907.562666446368
2025-04,-1,soft_sl,-0.5963422440970366,10806.0,502.16533330579597,4017.3226664463677
2025-04,-1,soft_sl,-0.562018416783842,10410.0,467.7973333068689,3742.378666454951
2025-04,-1,sl,-0.45746433638958056,5155.0,363.1999999723832,2905.5999997790655
2025-04,-1,sl,-0.46354484945751423,12635.0,369.21599997282027,2953.727999782562
2025-04,-1,sl,-0.3240293705292112,0.0,229.6746666363875,1837.3973330911
2025-04,-1,sl,-0.3240787480379821,0.0,229.6746666363875,1837.3973330911
2025-04,-1,sl,-0.32412812554675297,454.0,229.6746666363875,1837.3973330911
2025-04,-1,sl,-0.3242021918099093,831.0,229.6746666363875,1837.3973330911
2025-04,-1,sl,-0.32421225793801434,832.0,229.6746666363875,1837.3973330911
2025-04,-1,soft_sl,-0.3242591479950914,1674.0,229.6746666363875,1837.3973330911
2025-04,-1,soft_sl,-0.3243060380521685,1772.0,229.6746666363875,1837.3973330911
2025-04,-1,soft_sl,-0.24540357313916628,987.0,150.74133330444494,1205.9306664355595
2025-04,1,eod,10.14061666142561,1232023.0,1491.093333323598,11928.746666588784
2025-04,1,eod,10.030375578679617,1230978.0,1865.7386666629711,14925.909333303769
2025-04,1,eod,10.165381060089809,1230978.0,1865.7386666629711,14925.909333303769
2025-04,1,eod,10.3003865415,1230978.0,1865.7386666629711,14925.909333303769
2025-04,1,eod,9.723093342516428,1230978.0,1865.7386666629711,14925.909333303769
2025-04,1,eod,9.835780207489371,1230978.0,1865.7386666629711,14925.909333303769
2025-04,1,eod,9.9484670724623,1230978.0,1865.7386666629711,14925.909333303769
2025-04,1,eod,10.117497369921704,1230978.0,1865.7386666629711,14925.909333303769
2025-04,1,eod,10.399214532354053,1230978.0,1865.7386666629711,14925.909333303769
2025-04,1,eod,10.043550652744269,1230918.0,1876.1599999963244,15009.279999970595
2025-04,1,eod,10.177738737158032,1230918.0,1876.1599999963244,15009.279999970595
2025-04,1,eod,10.311926821571793,1230918.0,1876.1599999963244,15009.279999970595
2025-04,1,eod,9.729549504317546,1230918.0,1876.1599999963244,15009.279999970595
2025-04,1,eod,9.842749584189368,1230918.0,1876.1599999963244,15009.279999970595
2025-04,1,eod,9.955949664061176,1230918.0,1876.1599999963244,15009.279999970595
2025-04,1,eod,10.125749783868907,1230918.0,1876.1599999963244,15009.279999970595
2025-04,1,eod,10.076738202884771,1230710.0,1829.365333329141,14634.922666633129
2025-04,1,eod,10.206277372756768,1230710.0,1829.365333329141,14634.922666633129
2025-04,1,eod,9.741815256307985,1230710.0,1829.365333329141,14634.922666633129
2025-04,1,eod,9.855908442394831,1230710.0,1829.365333329141,14634.922666633129
2025-04,1,eod,9.970001628481691,1230710.0,1829.365333329141,14634.922666633129
2025-04,1,eod,10.14114140761196,1230710.0,1829.365333329141,14634.922666633129
2025-04,1,eod,10.33581654262875,1230702.0,1823.7653333290418,14590.122666632335
2025-04,1,eod,10.408749983548459,1230661.0,1806.4639999959866,14451.711999967893
2025-04,1,eod,10.082027263513067,1230661.0,1806.4639999959866,14451.711999967893
2025-04,1,eod,10.211115687125154,1230661.0,1806.4639999959866,14451.711999967893
2025-04,1,eod,10.340204110737242,1230661.0,1806.4639999959866,14451.711999967893
2025-04,1,eod,9.745016527021649,1230661.0,1806.4639999959866,14451.711999967893
2025-04,1,eod,9.859374836138644,1230661.0,1806.4639999959866,14451.711999967893
2025-04,1,eod,9.973733145255622,1230661.0,1806.4639999959866,14451.711999967893
2025-04,1,eod,10.14527060893109,1230661.0,1806.4639999959866,14451.711999967893
2025-04,1,eod,10.426374372829072,1230657.0,1807.63733332932,14461.09866663456
2025-04,1,eod,10.431166381723552,1230656.0,1806.2506666626532,14450.005333301226
2025-04,1,eod,6.963921907214796,813823.0,1186.378666652739,9491.029333221912
2025-04,1,eod,6.987831202591978,813816.0,1186.2933333197236,9490.346666557789
2025-04,1,eod,6.644988033634944,801551.0,1248.3093333221475,9986.47466657718
2025-04,1,eod,6.758419111772591,801551.0,1248.3093333221475,9986.47466657718
2025-04,1,eod,6.871850189910238,801551.0,1248.3093333221475,9986.47466657718
2025-04,1,eod,7.041996807116701,801551.0,1248.3093333221475,9986.47466657718
2025-04,1,eod,7.153080109041878,801427.0,1137.2159999876221,9097.727999900977
2025-04,1,eod,3.1976650184643027,720671.0,921.7493333158891,7373.994666527113
2025-04,1,eod,3.2529601199900533,720671.0,921.7493333158891,7373.994666527113
2025-04,1,eod,3.308255221515804,720671.0,921.7493333158891,7373.994666527113
2025-04,1,eod,3.391197873804416,720671.0,921.7493333158891,7373.994666527113
2025-04,1,eod,2.6656302217889833,700429.0,617.7493333060543,4941.994666448434
2025-04,1,eod,2.7213482239278797,700382.0,664.0319999732574,5312.255999786059
2025-04,1,eod,2.7770662260667756,700368.0,683.7333333069087,5469.866666455269
2025-04,1,eod,2.7998648213020263,700285.0,733.3866666413347,5867.093333130678
2025-04,1,eod,2.860643229275134,699818.0,915.7226666438579,7325.781333150863
2025-04,1,eod,2.846195210329819,699818.0,915.7226666438579,7325.781333150863
2025-04,1,eod,2.892525599357626,699811.0,918.122666643858,7344.981333150864
2025-04,1,eod,2.9620211828993304,699799.0,926.4533333106835,7411.626666485468
2025-04,1,eod,1.7114211903614949,635126.0,1479.8613333242138,11838.89066659371
2025-04,1,eod,0.9630991375587765,635126.0,1479.8613333242138,11838.89066659371
2025-04,1,eod,1.0916083370618566,635126.0,1479.8613333242138,11838.89066659371
2025-04,1,eod,1.2201175365649368,635126.0,1479.8613333242138,11838.89066659371
2025-04,1,eod,1.41288133581955,635126.0,1479.8613333242138,11838.89066659371
2025-04,1,eod,1.7341543345772288,635126.0,1479.8613333242138,11838.89066659371
2025-04,1,eod,1.7798519958541208,635119.0,1486.8586666577062,11894.86933326165
2025-04,1,eod,2.1485286129842383,572822.0,690.7519999776284,5526.015999821027
2025-04,1,eod,1.9062923501293891,572822.0,690.7519999776284,5526.015999821027
2025-04,1,eod,1.9695594635043907,572822.0,690.7519999776284,5526.015999821027
2025-04,1,eod,2.0328265768794074,572822.0,690.7519999776284,5526.015999821027
2025-04,1,eod,2.1277272469419253,572822.0,690.7519999776284,5526.015999821027
2025-04,1,eod,2.1832185343083537,572819.0,690.1119999776284,5520.8959998210275
2025-04,1,eod,2.217908455632469,572773.0,692.2239999776085,5537.791999820868
2025-04,1,eod,1.9176067974793614,572582.0,659.9893333108226,5279.914666486581
2025-04,1,eod,1.9805684367406433,572582.0,659.9893333108226,5279.914666486581
2025-04,1,eod,2.0435300760019253,572582.0,659.9893333108226,5279.914666486581
2025-04,1,eod,1.1046309507150132,540715.0,360.60799997359516,2884.8639997887612
2025-04,1,eod,1.087873278042272,540715.0,360.60799997359516,2884.8639997887612
2025-04,1,eod,1.1391126068148836,540715.0,360.60799997359516,2884.8639997887612
2025-04,-1,eod,0.9992830261289711,213031.0,307.2959999668598,2458.3679997348786
2025-04,-1,eod,1.1920259023216548,212083.0,375.679999969999,3005.439999759992
2025-04,-1,eod,0.5871666030866831,207533.0,726.5173333114385,5812.138666491508
2025-04,-1,eod,0.9554390973749294,112773.0,398.0906666358312,3184.7253330866497
2025-04,-1,eod,0.8304678208226449,112773.0,398.0906666358312,3184.7253330866497
2025-04,-1,eod,0.8958448031491784,112773.0,398.0906666358312,3184.7253330866497
2025-04,-1,eod,0.9977122318309436,112742.0,407.22133330265683,3257.7706664212546
2025-04,-1,eod,1.0048064403600823,112742.0,407.22133330265683,3257.7706664212546
2025-04,-1,eod,1.0399853662869578,112739.0,409.06666663587094,3272.5333330869676
2025-04,-1,eod,1.1033950679709645,112645.0,426.80533330281577,3414.442666422526
2025-04,-1,eod,0.802354052765176,109648.0,440.25599997103217,3522.0479997682573
2025-04,-1,eod,0.8471228027083809,109648.0,440.25599997103217,3522.0479997682573
2025-04,-1,eod,0.8918915526516003,109439.0,413.09866663932803,3304.7893331146242
2025-04,-1,eod,0.9384073843025165,109370.0,401.5999999719858,3212.7999997758866
2025-04,1,eod,0.2606896534165148,34641.0,1042.314666647911,8338.517333183288
2025-04,1,eod,0.39297340192711994,34641.0,1042.314666647911,8338.517333183288
2025-04,1,eod,0.21927676948774902,31169.0,447.87199997365474,3582.975999789238
2025-04,1,eod,0.26245037153351786,30907.0,402.18666663805647,3217.4933331044517
2025-04,1,eod,0.26418475219626847,30907.0,402.18666663805647,3217.4933331044517
2025-04,1,eod,0.3056239735792867,30884.0,396.927999971509,3175.423999772072
2025-04,1,eod,0.3703843766479327,30767.0,379.93599997083345,3039.4879997666676
2025-04,1,eod,0.3779203884777422,30767.0,379.93599997083345,3039.4879997666676
2025-04,1,eod,0.22095932085257258,30613.0,366.73066663742065,2933.8453330993652
2025-04,1,eod,0.25464582710338407,27408.0,330.28266663710275,2642.261333096822
2025-04,1,eod,0.2848070065571697,27408.0,330.28266663710275,2642.261333096822
2025-04,1,eod,0.3149681860109552,27408.0,330.28266663710275,2642.261333096822
2025-04,1,eod,0.360209955191619,27408.0,330.28266663710275,2642.261333096822
2025-04,1,eod,0.3270247827609078,27408.0,330.28266663710275,2642.261333096822
2025-04,1,eod,0.42061449323606304,27363.0,327.5626666365067,2620.5013330920538
2025-04,1,eod,0.4356129038260684,27290.0,330.03733330309393,2640.2986664247514
2025-04,1,eod,0.5142042037112183,27220.0,339.86133330345154,2718.8906664276124
2025-04,1,eod,0.2732587964772661,27047.0,360.0533333045244,2880.4266664361953
2025-04,1,eod,0.3069181408637153,27047.0,360.0533333045244,2880.4266664361953
2025-04,1,eod,0.34057748525016457,27047.0,360.0533333045244,2880.4266664361953
2025-04,1,eod,0.34046112595332834,27047.0,360.0533333045244,2880.4266664361953
2025-04,-1,eod,0.3167009963216208,12108.0,229.6746666363875,1837.3973330911
2025-05,-1,sl,-0.6843022257004301,1183.0,587.1039999996498,4696.831999997198
2025-05,-1,sl,-0.6848822988172475,1132.0,587.6586666663395,4701.269333330716
2025-05,-1,sl,-0.683167979759957,1083.0,585.9413333330241,4687.530666664193
2025-05,-1,sl,-0.683922677819432,735.0,586.6666666663624,4693.333333330899
2025-05,-1,sl,-0.6839169399019274,735.0,586.6666666663624,4693.333333330899
2025-05,-1,sl,-0.6866547649865756,727.0,589.3759999997013,4715.007999997611
2025-05,-1,sl,-0.6912338129086366,726.0,593.9306666663631,4751.445333330905
2025-05,-1,sl,-0.6912524146135461,726.0,593.9306666663631,4751.445333330905
2025-05,-1,sl,-0.7086483180573426,1726.0,611.2639999997119,4890.111999997695
2025-05,-1,sl,-0.7126535853251768,1722.0,615.2533333330415,4922.026666664332
2025-05,-1,sl,-0.3350970443418129,2872.0,237.69599999834472,1901.5679999867577
2025-05,-1,sl,-0.33563753361749554,2886.0,238.20799999835592,1905.6639999868473
2025-05,-1,sl,-0.3292198788931583,2748.0,231.76533333166813,1854.122666653345
2025-05,1,sl,-0.29021703818045996,65.0,192.92799999822552,1543.4239999858041
2025-05,1,sl,-0.2902006102808214,88.0,192.92799999822552,1543.4239999858041
2025-05,1,sl,-0.2902083408592069,88.0,192.92799999822552,1543.4239999858041
2025-05,1,sl,-0.2901841823811828,94.0,192.92799999822552,1543.4239999858041
2025-05,1,sl,-0.290159540531725,353.0,192.92799999822552,1543.4239999858041
2025-05,1,sl,-0.29016490773396447,353.0,192.92799999822552,1543.4239999858041
2025-05,1,sl,-0.290121474608722,558.0,192.92799999822552,1543.4239999858041
2025-05,1,sl,-0.29011847078262853,562.0,192.92799999822552,1543.4239999858041
2025-05,1,sl,-0.29171949292086263,773.0,194.59199999822926,1556.735999985834
2025-05,1,sl,-0.32865904344111796,2356.0,231.65866666492076,1853.269333319366
2025-05,1,soft_sl,-0.5992138144653675,48435.0,502.63466666644126,4021.07733333153
2025-05,1,soft_sl,-0.599186217316279,48866.0,502.63466666644126,4021.07733333153
2025-05,1,soft_sl,-0.5991874364893861,48866.0,502.63466666644126,4021.07733333153
2025-05,1,soft_sl,-0.6314969900517672,57959.0,534.9866666663407,4279.893333330726
2025-05,1,soft_sl,-0.6314968825133018,57959.0,534.9866666663407,4279.893333330726
2025-05,1,soft_sl,-0.6314719387873582,57960.0,534.9866666663407,4279.893333330726
2025-05,1,soft_sl,-0.6344531502159813,57955.0,537.9839999996684,4303.871999997347
2025-05,1,soft_sl,-0.6414027085574058,58631.0,544.959999999674,4359.679999997392
2025-05,1,soft_sl,-0.6535669439427184,59887.0,557.173333333026,4457.386666664208
2025-05,1,soft_sl,-0.6548160057297276,59917.0,558.4426666663556,4467.541333330845
2025-05,1,sl,-0.2168996741981076,129.0,120.66133333121115,965.2906666496892
2025-05,1,soft_sl,-0.21687699486040862,862.0,120.66133333121115,965.2906666496892
2025-05,1,soft_sl,-0.21685431552270962,872.0,120.66133333121115,965.2906666496892
2025-05,-1,sl,-0.1979602055577191,1302.0,101.6959999978294,813.5679999826352
2025-05,-1,sl,-0.19797063301012424,1666.0,101.6959999978294,813.5679999826352
2025-05,-1,sl,-0.17505190164120893,498.0,78.76266666456436,630.1013333165149
2025-05,-1,sl,-0.1965830284625794,1522.0,100.29866666454822,802.3893333163858
2025-05,1,soft_sl,-0.2168202965161611,3855.0,120.66133333121115,965.2906666496892
2025-05,-1,sl,-0.18514166627224832,3747.0,88.82133333126083,710.5706666500867
2025-05,1,soft_sl,-0.21479820376608108,12278.0,118.66666666452463,949.333333316197
2025-05,1,soft_sl,-0.21145984416746674,12241.0,115.33866666452339,922.7093333161871
2025-05,1,soft_sl,-0.21144782056884648,12241.0,115.33866666452339,922.7093333161871
2025-05,-1,tp,1.3480494599864405,59087.0,180.5973333313316,1444.778666650653
2025-05,-1,tp,1.5676579725083006,106270.0,208.03199999823545,1664.2559999858836
2025-05,-1,tp,1.5714636591777558,106496.0,208.5013333315961,1668.0106666527688
2025-05,1,sl,-0.3300985908845236,4761.0,234.35733333151788,1874.858666652143
2025-05,-1,sl,-0.2376601262717515,64.0,141.653333331421,1133.226666651368
2025-05,-1,sl,-0.23766679167714577,163.0,141.653333331421,1133.226666651368
2025-05,-1,sl,-0.23768779127799572,227.0,141.653333331421,1133.226666651368
2025-05,1,sl,-0.24630132989061643,4632.0,150.45333333152658,1203.6266666522126
2025-05,1,sl,-0.2156138081305971,4052.0,119.7866666648537,958.2933333188296
2025-05,1,sl,-0.24271168901059426,6669.0,146.8799999981746,1175.039999985397
2025-05,1,sl,-0.33005476946689194,23737.0,234.35733333151788,1874.858666652143
2025-05,1,sl,-0.3300109480492603,24113.0,234.35733333151788,1874.858666652143
2025-05,1,sl,-0.32994521592281284,24275.0,234.35733333151788,1874.858666652143
2025-05,1,sl,-0.3299217863787644,24276.0,234.35733333151788,1874.858666652143
2025-05,1,sl,-0.3324344067485054,24247.0,236.89599999816468,1895.1679999853175
2025-05,1,soft_sl,-0.3992137553560141,2937.0,303.63733333161724,2429.098666652938
2025-05,1,soft_sl,-0.39917641186287367,5215.0,303.63733333161724,2429.098666652938
2025-05,1,soft_sl,-0.39913906836973334,6080.0,303.63733333161724,2429.098666652938
2025-05,1,soft_sl,-0.40295311713002574,6100.0,307.50933333161595,2460.0746666529276
2025-05,1,soft_sl,-0.4045107619439995,6095.0,309.0879999982938,2472.7039999863505
2025-05,1,soft_sl,-0.40663654257953585,6074.0,311.2426666649493,2489.9413333195944
2025-05,1,soft_sl,-0.4096898592150722,18305.0,314.3253333316122,2514.602666652898
2025-05,-1,tp,1.0378086491039353,59550.0,141.653333331421,1133.226666651368
2025-05,-1,tp,1.0378246975185865,59550.0,141.653333331421,1133.226666651368
2025-05,-1,tp,1.0377920813261434,59550.0,141.653333331421,1133.226666651368
2025-05,-1,tp,1.0434973417026177,59512.0,142.36799999808272,1138.9439999846618
2025-05,-1,tp,1.0732595730375514,59499.0,146.09066666476429,1168.7253333181143
2025-05,-1,tp,1.0923652907006316,59488.0,148.4799999981001,1187.839999984801
2025-05,1,sl,-0.3656422819875022,293.0,270.6986666649207,2165.589333319366
2025-05,1,sl,-0.36557888080103,311.0,270.6986666649207,2165.589333319366
2025-05,1,sl,-0.36550836264330133,351.0,270.6986666649207,2165.589333319366
2025-05,1,sl,-0.36546715242603967,351.0,270.6986666649207,2165.589333319366
2025-05,1,sl,-0.365425942208778,351.0,270.6986666649207,2165.589333319366
2025-05,1,sl,-0.3655154796145578,351.0,270.6986666649207,2165.589333319366
2025-05,1,sl,-0.3654203778348496,351.0,270.6986666649207,2165.589333319366
2025-05,1,sl,-0.338358969549432,51.0,243.67999999812494,1949.4399999849995
2025-05,1,sl,-0.37091160800628376,1262.0,276.3519999981299,2210.815999985039
2025-05,1,sl,-0.37091238153522155,1262.0,276.3519999981299,2210.815999985039
2025-05,-1,sl,-0.17715536309028457,0.0,82.71999999797593,661.7599999838075
2025-05,-1,sl,-0.17719683601218267,0.0,82.71999999797593,661.7599999838075
2025-05,-1,sl,-0.17723830893408068,0.0,82.71999999797593,661.7599999838075
2025-05,-1,sl,-0.17730051831692778,0.0,82.71999999797593,661.7599999838075
2025-05,-1,sl,-0.1773759865074957,427.0,82.71999999797593,661.7599999838075
2025-05,-1,sl,-0.17772330771911196,423.0,83.05066666464631,664.4053333171705
2025-05,-1,sl,-0.1850453526216863,1455.0,90.3573333313192,722.8586666505536
2025-05,-1,sl,-0.1861066449307493,1451.0,91.41333333132168,731.3066666505734
2025-05,-1,sl,-0.19220374674818141,1350.0,97.48266666465749,779.8613333172599
2025-05,1,soft_sl,-0.19035758272520453,10056.0,95.87199999804298,766.9759999843438
2025-05,-1,tp,0.5983688062041005,14884.0,86.5919999979188,692.7359999833504
2025-05,-1,sl,-0.34040036394153383,1487.0,245.9093333312124,1967.2746666496992
2025-05,-1,sl,-0.3404743251078341,1589.0,245.9093333312124,1967.2746666496992
2025-05,-1,sl,-0.34054828627413436,1950.0,245.9093333312124,1967.2746666496992
2025-05,-1,sl,-0.34058393705814294,2230.0,245.9093333312124,1967.2746666496992
2025-05,-1,sl,-0.31881019043373826,1529.0,224.10666666474194,1792.8533333179355
2025-05,-1,sl,-0.339318907809314,757.0,244.565333331575,1956.5226666526
2025-05,-1,sl,-0.3393145560239369,757.0,244.565333331575,1956.5226666526
2025-05,-1,sl,-0.33451220787248503,2243.0,239.70133333162715,1917.6106666530172
2025-05,-1,sl,-1.1537785679245423,1555.0,1058.2079999988775,8465.66399999102
2025-05,-1,sl,-1.1538296535873758,1583.0,1058.2079999988775,8465.66399999102
2025-05,-1,sl,-1.1538807392502095,2061.0,1058.2079999988775,8465.66399999102
2025-05,-1,sl,-1.1539147578613755,2532.0,1058.2079999988775,8465.66399999102
2025-05,-1,sl,-1.15395736774446,2600.0,1058.2079999988775,8465.66399999102
2025-05,-1,sl,-0.8403052246950714,1982.0,744.3839999986316,5955.0719999890525
2025-05,-1,sl,-1.1539766543336984,2611.0,1058.2079999988775,8465.66399999102
2025-05,-1,sl,-1.1540385508060211,2623.0,1058.2079999988775,8465.66399999102
2025-05,-1,sl,-1.154085081901544,3982.0,1058.2079999988775,8465.66399999102
2025-05,-1,sl,-1.1678342435145161,3971.0,1071.9039999988925,8575.23199999114
2025-05,1,tp,2.8309133922653724,26325.0,365.8453333315998,2926.7626666527985
2025-05,1,tp,2.830947174561131,26325.0,365.8453333315998,2926.7626666527985
2025-05,1,tp,2.906394797337827,26265.0,375.2746666648984,3002.1973333191872
2025-05,1,tp,2.830879609969614,26332.0,365.8453333315998,2926.7626666527985
2025-05,-1,sl,-0.4029233657823574,0.0,306.3999999981498,2451.1999999851982
2025-05,-1,sl,-0.40308257481128285,0.0,306.3999999981498,2451.1999999851982
2025-05,-1,sl,-0.40324178384020826,0.0,306.3999999981498,2451.1999999851982
2025-05,-1,sl,-0.4034805973835964,1.0,306.3999999981498,2451.1999999851982
2025-05,-1,sl,-0.40368307733564274,541.0,306.3999999981498,2451.1999999851982
2025-05,-1,sl,-0.4037236952967493,662.0,306.3999999981498,2451.1999999851982
2025-05,-1,sl,-0.40376431325785583,665.0,306.3999999981498,2451.1999999851982
2025-05,-1,sl,-0.39454060019948767,653.0,297.1199999981125,2376.9599999849
2025-05,-1,sl,-0.39142439595586226,834.0,293.9519999980927,2351.6159999847414
2025-05,-1,sl,-0.3895729451021968,746.0,292.0533333313962,2336.4266666511694
2025-05,-1,sl,-0.5324214196430767,43471.0,435.33866666498284,3482.7093333198627
2025-05,-1,sl,-0.5325428221544437,43903.0,435.33866666498284,3482.7093333198627
2025-05,-1,sl,-0.3285955637046841,18.0,232.19199999830374,1857.53599998643
2025-05,-1,sl,-0.3286190602831388,159.0,232.19199999830374,1857.53599998643
2025-05,-1,sl,-0.3286425568615935,161.0,232.19199999830374,1857.53599998643
2025-05,-1,sl,-0.3286778017292756,163.0,232.19199999830374,1857.53599998643
2025-05,-1,sl,-0.32870726441139475,670.0,232.19199999830374,1857.53599998643
2025-05,-1,sl,-0.32873654317541234,676.0,232.19199999830374,1857.53599998643
2025-05,-1,sl,-0.33292136724381705,726.0,236.35199999830374,1890.81599998643
2025-05,-1,sl,-0.33734891007621,1604.0,240.72533333162465,1925.8026666529972
2025-05,-1,sl,-0.3356447203247808,1822.0,238.9439999982342,1911.5519999858736
2025-05,-1,sl,-0.3384854654057103,1717.0,241.65333333144585,1933.2266666515668
2025-05,-1,soft_sl,-0.7905654307225702,10097.0,693.8133333320419,5550.506666656335
2025-05,-1,soft_sl,-0.7906136839863185,10205.0,693.8133333320419,5550.506666656335
2025-05,-1,soft_sl,-0.7906619372500667,10257.0,693.8133333320419,5550.506666656335
2025-05,-1,soft_sl,-0.790734317145689,11188.0,693.8133333320419,5550.506666656335
2025-05,-1,sl,-0.8617716706355683,467806.0,764.1493333329012,6113.194666663209
2025-05,-1,sl,-0.861839698049465,467806.0,764.1493333329012,6113.194666663209
2025-05,-1,sl,-0.8619077254633617,467807.0,764.1493333329012,6113.194666663209
2025-05,-1,sl,-0.861989405848028,467809.0,764.1493333329012,6113.194666663209
2025-05,-1,sl,-0.8620097665842067,467809.0,764.1493333329012,6113.194666663209
2025-05,-1,sl,-0.8620508263181874,467810.0,764.1493333329012,6113.194666663209
2025-05,-1,sl,-0.8621122467883467,468006.0,764.1493333329012,6113.194666663209
2025-05,-1,sl,-0.4731440235374821,646.0,375.1999999981125,3001.5999999849
2025-05,-1,sl,-0.4732283509121831,665.0,375.1999999981125,3001.5999999849
2025-05,-1,sl,-0.4732674413351818,1091.0,375.1999999981125,3001.5999999849
2025-05,-1,sl,-0.47329146727955107,1091.0,375.1999999981125,3001.5999999849
2025-05,-1,sl,-0.4733154932239204,1172.0,375.1999999981125,3001.5999999849
2025-05,-1,sl,-0.47331267828688417,1172.0,375.1999999981125,3001.5999999849
2025-05,-1,sl,-0.39292337300111707,622.0,294.75199999781944,2358.0159999825555
2025-05,-1,sl,-0.4638321081404714,1162.0,365.6853333314384,2925.4826666515073
2025-05,-1,sl,-0.3916382893486643,573.0,293.4399999978393,2347.5199999827146
2025-05,-1,sl,-0.8621798351189485,472897.0,764.1493333329012,6113.194666663209
2025-05,-1,sl,-0.8622043774935859,472898.0,764.1493333329012,6113.194666663209
2025-05,-1,sl,-0.47145155578551695,375.0,373.00266666460783,2984.0213333168626
2025-05,-1,sl,-0.4736341239370448,0.0,375.3493333313863,3002.79466665109
2025-05,-1,sl,-0.4737373875284356,0.0,375.3493333313863,3002.79466665109
2025-05,-1,sl,-0.4738406511198264,73.0,375.3493333313863,3002.79466665109
2025-05,-1,sl,-0.4739955465069125,257.0,375.3493333313863,3002.79466665109
2025-05,-1,sl,-0.47408498611722694,2200.0,375.3493333313863,3002.79466665109
2025-05,-1,sl,-0.47413508040600644,2359.0,375.3493333313863,3002.79466665109
2025-05,-1,sl,-0.4783579266947916,2378.0,379.5199999980504,3036.1599999844034
2025-05,-1,sl,-0.48371976948526507,2132.0,384.8106666645904,3078.4853333167234
2025-05,-1,sl,-0.48372638012783087,2152.0,384.8106666645904,3078.4853333167234
2025-05,-1,sl,-1.6273757042490695,8903.0,1528.9813333322356,12231.850666657885
2025-05,-1,sl,-0.575151554262415,0.0,476.6079999981324,3812.8639999850593
2025-05,-1,sl,-0.5752606123808012,89.0,476.6079999981324,3812.8639999850593
2025-05,-1,sl,-0.5753696704991873,99.0,476.6079999981324,3812.8639999850593
2025-05,-1,soft_sl,-0.5755332576767666,736.0,476.6079999981324,3812.8639999850593
2025-05,-1,sl,-1.3221411263664016,9577.0,1223.5413333322604,9788.330666658083
2025-05,-1,sl,-1.4214629668736691,9591.0,1322.8906666655714,10583.125333324571
2025-05,-1,sl,-1.6281407347367567,9829.0,1529.6533333322282,12237.226666657825
2025-05,-1,sl,-1.4171202309560247,9594.0,1318.5066666655864,10548.053333324691
2025-05,-1,sl,-1.6204001812244437,10103.0,1521.82399999888,12174.59199999104
2025-05,-1,soft_sl,-0.575713395692098,1074.0,476.6079999981324,3812.8639999850593
2025-05,-1,soft_sl,-0.6158939708486741,15494.0,516.7359999982143,4133.8879999857145
2025-05,-1,soft_sl,-0.6159264820051659,15494.0,516.7359999982143,4133.8879999857145
2025-05,-1,soft_sl,-0.6178322389728204,15494.0,518.6133333315452,4148.906666652361
2025-05,-1,soft_sl,-0.6194436487398969,15493.0,520.202666664881,4161.621333319048
2025-05,1,tp,4.232869219897622,70968.0,541.3973333318531,4331.178666654825
2025-05,1,tp,4.232919604493994,70968.0,541.3973333318531,4331.178666654825
2025-05,1,tp,4.232969989090366,70968.0,541.3973333318531,4331.178666654825
2025-05,1,tp,4.233045565984924,70968.0,541.3973333318531,4331.178666654825
2025-05,1,tp,4.232900957884008,70968.0,541.3973333318531,4331.178666654825
2025-05,1,tp,4.233053933986753,70968.0,541.3973333318531,4331.178666654825
2025-05,1,tp,6.584960840183195,264691.0,835.2639999990786,6682.111999992629
2025-05,1,tp,6.584958179555936,264691.0,835.2639999990786,6682.111999992629
2025-05,1,tp,6.710103376603148,264857.0,850.9013333324219,6807.210666659375
2025-05,1,tp,4.232809172222362,71185.0,541.3973333318531,4331.178666654825
2025-05,1,tp,6.58489698873127,264908.0,835.2639999990786,6682.111999992629
2025-05,1,tp,2.774634611500532,49018.0,359.2213333314161,2873.7706666513286
2025-05,1,tp,6.584854421096653,264909.0,835.2639999990786,6682.111999992629
2025-05,1,tp,6.58486257682797,264909.0,835.2639999990786,6682.111999992629
2025-05,1,tp,4.232747981781264,71187.0,541.3973333318531,4331.178666654825
2025-05,1,tp,6.5848118534620355,264910.0,835.2639999990786,6682.111999992629
2025-05,1,tp,6.5848052151911896,264910.0,835.2639999990786,6682.111999992629
2025-05,1,tp,6.584766974100003,264911.0,835.2639999990786,6682.111999992629
2025-05,1,tp,4.232686791340166,71189.0,541.3973333318531,4331.178666654825
2025-05,1,tp,6.584728733008816,264913.0,835.2639999990786,6682.111999992629
2025-05,-1,sl,-1.3415624712379486,4575.0,1240.5333333366862,9924.26666669349
2025-05,-1,sl,-1.3417075907198195,14087.0,1240.5333333366862,9924.26666669349
2025-05,-1,sl,-1.3418527102016904,16019.0,1240.5333333366862,9924.26666669349
2025-05,-1,sl,-1.0556953685722414,15821.0,954.2293333374708,7633.834666699767
2025-05,-1,sl,-1.3419577001822576,16043.0,1240.5333333366862,9924.26666669349
2025-05,-1,sl,-1.279106654376847,16037.0,1177.6213333366811,9420.970666693449
2025-05,-1,sl,-1.2629161654245027,16034.0,1161.4186666700243,9291.349333360195
2025-05,-1,sl,-1.01798039986422,15745.0,916.3946666708837,7331.157333367069
2025-05,1,tp,6.001375692547025,90420.0,762.591999998639,6100.735999989112
2025-05,1,tp,6.064890133517925,90420.0,770.527999998654,6164.223999989232
2025-05,1,tp,6.33531973182283,90493.0,804.3413333320866,6434.730666656693
2025-05,1,tp,6.40137153851976,90276.0,812.586666665574,6500.693333324592
2025-05,1,tp,6.3979208804898295,90275.0,812.149333332243,6497.194666657944
2025-05,1,tp,6.458470025882432,90326.0,819.7333333321661,6557.866666657329
2025-05,1,tp,6.4584814412796465,90326.0,819.7333333321661,6557.866666657329
2025-05,1,tp,4.341985811290227,25417.0,555.4453333360453,4443.562666688363
2025-05,1,tp,4.342023463238943,25417.0,555.4453333360453,4443.562666688363
2025-05,1,tp,4.3420611151876605,25417.0,555.4453333360453,4443.562666688363
2025-05,-1,sl,-0.389149148140672,0.0,286.79466667478283,2294.3573333982627
2025-05,-1,sl,-0.38921401782430726,0.0,286.79466667478283,2294.3573333982627
2025-05,-1,sl,-0.3892783269161935,57.0,286.79466667478283,2294.3573333982627
2025-05,-1,sl,-0.3892788875079426,57.0,286.79466667478283,2294.3573333982627
2025-05,-1,sl,-0.38933843912023375,124.0,286.79466667478283,2294.3573333982627
2025-05,-1,sl,-0.3893761920333955,502.0,286.79466667478283,2294.3573333982627
2025-05,-1,sl,-0.38939855132427403,8715.0,286.79466667478283,2294.3573333982627
2025-05,-1,sl,-0.3894887196303344,8761.0,286.79466667478283,2294.3573333982627
2025-05,-1,sl,-0.3895383662424838,8818.0,286.79466667478283,2294.3573333982627
2025-05,-1,sl,-0.3846978641403455,15608.0,281.8560000080367,2254.8480000642935
2025-05,-1,sl,-1.5386183049324693,52374.0,1435.9680000031492,11487.744000025194
2025-05,1,sl,-0.3008634557889108,235.0,198.44266667470336,1587.5413333976269
2025-05,1,sl,-0.3309823036660243,523.0,228.55466667453447,1828.4373333962758
2025-05,1,sl,-0.30287786657830534,235.0,200.48000000804663,1603.840000064373
2025-05,1,soft_sl,-0.3507890267619574,486.0,248.44800000761947,1987.5840000609558
2025-05,1,soft_sl,-0.48954482706831176,794.0,387.3280000071724,3098.6240000573794
2025-05,-1,sl,-0.8158532520749091,1941.0,713.5253333383798,5708.202666707039
2025-05,-1,sl,-0.8172459437330506,2366.0,714.8693333384394,5718.954666707516
2025-05,-1,sl,-0.9268473924158454,2653.0,824.5120000040531,6596.096000032425
2025-05,-1,sl,-0.5935199827360431,7519.0,490.9973333399991,3927.978666719993
2025-05,-1,sl,-0.5935981829680745,7685.0,490.9973333399991,3927.978666719993
2025-05,-1,sl,-0.8244148532202491,2370.0,721.9626666718722,5775.701333374977
2025-05,-1,sl,-0.593676383200106,7691.0,490.9973333399991,3927.978666719993
2025-05,-1,sl,-0.5937936835481531,7748.0,490.9973333399991,3927.978666719993
2025-05,-1,sl,-0.5938668713349451,8006.0,490.9973333399991,3927.978666719993
2025-05,-1,sl,-0.5938869063906195,8010.0,490.9973333399991,3927.978666719993
2025-05,-1,sl,-0.593906941446294,8117.0,490.9973333399991,3927.978666719993
2025-05,-1,sl,-0.5939369940298057,8118.0,490.9973333399991,3927.978666719993
2025-05,1,sl,-0.6699827518650147,0.0,567.2960000056029,4538.368000044823
2025-05,1,sl,-0.26366000839486275,0.0,160.74666667461395,1285.9733333969116
2025-05,1,sl,-0.2636321291849345,0.0,160.74666667461395,1285.9733333969116
2025-05,1,sl,-0.2636042499750063,5.0,160.74666667461395,1285.9733333969116
2025-05,1,sl,-0.263546222230917,106.0,160.74666667461395,1285.9733333969116
2025-05,1,sl,-0.26352977268115363,106.0,160.74666667461395,1285.9733333969116
2025-05,1,sl,-0.2635133231313902,106.0,160.74666667461395,1285.9733333969116
2025-05,1,sl,-0.26356243116011396,106.0,160.74666667461395,1285.9733333969116
2025-05,1,sl,-0.26348864880674505,440.0,160.74666667461395,1285.9733333969116
2025-05,1,sl,-0.2634927331352934,440.0,160.74666667461395,1285.9733333969116
2025-05,1,sl,-0.2622534555990217,679.0,159.55200000797709,1276.4160000638167
2025-05,1,sl,-0.6698693656464574,20109.0,567.2960000056029,4538.368000044823
2025-05,1,sl,-0.6697559794279002,20113.0,567.2960000056029,4538.368000044823
2025-05,1,sl,-0.35723010015039586,0.0,254.77333334177732,2038.1866667342185
2025-05,-1,soft_sl,-0.3809542950156044,2129.0,278.3040000084539,2226.432000067631
2025-05,-1,soft_sl,-0.3547666166761023,8976.0,251.72266667420666,2013.7813333936533
2025-05,-1,soft_sl,-0.35530367339886565,8974.0,252.2453333408634,2017.9626667269072
2025-05,-1,soft_sl,-0.35857276212154493,8981.0,255.4986666740974,2043.9893333927791
2025-05,-1,soft_sl,-0.359885267205764,8965.0,256.78933334082365,2054.314666726589
2025-05,-1,soft_sl,-0.3568363810128549,9148.0,253.70666667431593,2029.6533333945274
2025-05,1,tp,1.9533892560198447,6644.0,257.0880000084142,2056.7040000673137
2025-05,1,tp,1.9348502709980544,6654.0,254.77333334177732,2038.1866667342185
2025-05,1,tp,1.9348065646654675,6661.0,254.77333334177732,2038.1866667342185
2025-05,1,tp,1.9347109312055082,6987.0,254.77333334177732,2038.1866667342185
2025-05,1,tp,1.9346471755655354,7651.0,254.77333334177732,2038.1866667342185
2025-05,1,tp,4.43373240869116,132799.0,567.2960000056029,4538.368000044823
2025-05,1,tp,4.433525267950337,132911.0,567.2960000056029,4538.368000044823
2025-05,1,tp,6.107912525022745,517895.0,776.6080000044902,6212.864000035922
2025-05,1,tp,6.415056127202932,518169.0,815.0293333374957,6520.234666699966
2025-05,1,tp,6.414982748052401,518321.0,815.0293333374957,6520.234666699966
2025-05,1,sl,-0.3756676788823602,2103.0,265.06666663348676,2120.533333067894
2025-05,-1,soft_sl,-0.411011309027166,3683.0,300.11733330150446,2400.9386664120357
2025-05,-1,soft_sl,-0.41097689088750816,3681.0,300.05333330154417,2400.4266664123534
2025-05,-1,soft_sl,-0.4089082717429651,3662.0,297.9733333013455,2383.786666410764
2025-05,-1,soft_sl,-0.4098830975651625,3659.0,298.94399996807175,2391.551999744574
2025-05,-1,sl,-0.7853185376101789,3383.0,674.0053333112597,5392.042666490078
2025-05,-1,sl,-0.7858146093201139,3399.0,674.4639999779065,5395.711999823252
2025-05,-1,sl,-0.7871751130301087,3400.0,675.786666644613,5406.293333156904
2025-05,-1,sl,-0.7930471165952553,7452.0,681.599999978145,5452.79999982516
2025-05,-1,sl,-0.7720937779340045,7369.0,660.62933331122,5285.03466648976
2025-05,-1,sl,-0.7801157257910443,7407.0,668.5973333114385,5348.778666491508
2025-05,-1,sl,-0.7704940718696279,7389.0,658.9653333109617,5271.7226664876935
2025-05,-1,sl,-0.7770174496475802,7359.0,665.4506666444739,5323.605333155791
2025-05,-1,sl,-0.6949606834294842,6224.0,583.3599999744694,4666.879999795755
2025-05,1,sl,-0.3671872045542033,0.0,255.9573332997163,2047.6586663977305
2025-05,1,sl,-0.36712573683047156,0.0,255.9573332997163,2047.6586663977305
2025-05,1,sl,-0.36706426910673995,659.0,255.9573332997163,2047.6586663977305
2025-05,1,sl,-0.3669720675211424,1052.0,255.9573332997163,2047.6586663977305
2025-05,1,soft_sl,-0.3234163001496786,1754.0,212.50133329908053,1700.0106663926442
2025-05,1,soft_sl,-0.32517193327078037,1866.0,214.28266663253308,1714.2613330602646
2025-05,1,soft_sl,-0.3251645688779644,1866.0,214.28266663253308,1714.2613330602646
2025-05,1,soft_sl,-0.3286760250585996,1866.0,217.81333329935867,1742.5066663948694
2025-05,1,soft_sl,-0.31476841607433914,1534.0,203.93599996695914,1631.4879997356732
2025-05,1,soft_sl,-0.25863844020862065,1067.0,147.8399999654293,1182.7199997234345
2025-05,-1,sl,-0.25274087488678254,4926.0,141.65333329906068,1133.2266663924854
2025-05,-1,sl,-0.26009239568256703,4911.0,148.98133329937855,1191.8506663950284
2025-05,-1,sl,-0.2638581244782908,7341.0,152.72533329963684,1221.8026663970948
2025-05,-1,soft_sl,-0.395878780661572,3799.0,284.8106666342417,2278.485333073934
2025-05,-1,soft_sl,-0.39590015137058765,4524.0,284.8106666342417,2278.485333073934
2025-05,-1,soft_sl,-0.39592152207960335,4524.0,284.8106666342417,2278.485333073934
2025-05,-1,soft_sl,-0.3959535781431268,4546.0,284.8106666342417,2278.485333073934
2025-05,-1,soft_sl,-0.4038509249164633,4516.0,292.6506666350365,2341.205333080292
2025-05,1,sl,-0.3808938195445746,2815.0,269.65333329955735,2157.2266663964588
2025-05,1,sl,-0.3800291175895647,2800.0,268.7999999664227,2150.3999997313817
2025-05,1,sl,-0.3671614615041878,2758.0,255.9359999663631,2047.487999730905
2025-05,1,sl,-0.3678645487970937,2746.0,256.6613332997759,2053.290666398207
2025-05,1,sl,-0.36786096674084034,2746.0,256.6613332997759,2053.290666398207
2025-05,1,sl,-0.3678317237363181,2748.0,256.6613332997759,2053.290666398207
2025-05,1,sl,-0.3678254132254194,2754.0,256.6613332997759,2053.290666398207
2025-05,1,sl,-0.37343818330155115,2760.0,262.32533329963684,2098.6026663970947
2025-05,1,sl,-0.37343325095214686,2760.0,262.32533329963684,2098.6026663970947
2025-05,1,sl,-0.5293505110019829,9496.0,418.23999997278054,3345.9199997822443
2025-05,1,sl,-0.3727457261523031,21167.0,261.72799996872743,2093.8239997498194
2025-05,1,sl,-0.3920976524971704,5706.0,281.08799996654193,2248.7039997323354
2025-05,1,sl,-0.5527235476647707,9792.0,441.65333330680926,3533.226666454474
2025-05,1,sl,-0.5535834020037794,9791.0,442.51733330686886,3540.138666454951
2025-05,1,sl,-0.3726781452711013,21643.0,261.72799996872743,2093.8239997498194
2025-05,1,sl,-0.5463834483265522,9807.0,435.3386666398247,3482.7093331185974
2025-05,1,sl,-0.536233016130923,9729.0,425.205333306094,3401.642666448752
2025-05,1,sl,-0.3791566230567944,21624.0,268.27733330229916,2146.2186664183932
2025-05,1,sl,-0.535881795319335,9758.0,424.8746666394671,3398.9973331157366
2025-05,1,sl,-0.5373054142586491,9737.0,426.32533330589536,3410.602666447163
2025-05,1,sl,-0.42490170847679254,0.0,314.03733329981566,2512.2986663985253
2025-05,1,sl,-0.424840734421879,2309.0,314.03733329981566,2512.2986663985253
2025-05,1,sl,-0.4247797603669654,4789.0,314.03733329981566,2512.2986663985253
2025-05,1,sl,-0.42468829928459506,4880.0,314.03733329981566,2512.2986663985253
2025-05,1,sl,-0.3790541611724597,69431.0,268.4693333002925,2147.75466640234
2025-05,1,sl,-0.37903967812908573,69432.0,268.4693333002925,2147.75466640234
2025-05,1,sl,-0.39944506823054776,71121.0,288.90666663348674,2311.253333067894
2025-05,1,sl,-0.42457942377727953,7135.0,314.03733329981566,2512.2986663985253
2025-05,1,sl,-0.3788820119103491,6760.0,268.3519999658068,2146.8159997264543
2025-05,1,sl,-0.3799075228133217,6759.0,269.38666663249336,2155.093333059947
2025-05,1,sl,-0.38318231128855706,70948.0,272.6719999666015,2181.375999732812
2025-05,1,sl,-0.3851581914982389,88670.0,274.677333299915,2197.41866639932
2025-05,1,soft_sl,-0.8959238270383434,74396.0,785.343999979794,6282.751999838352
2025-05,1,soft_sl,-0.8958719784969212,74397.0,785.343999979794,6282.751999838352
2025-05,1,soft_sl,-0.893144135288869,74310.0,782.6666666465004,6261.333333172003
2025-05,1,soft_sl,-0.7943008055053752,73690.0,683.839999978741,5470.719999829928
2025-05,1,soft_sl,-0.7942891091423034,73690.0,683.839999978741,5470.719999829928
2025-05,1,soft_sl,-0.8960796205598767,74388.0,785.6319999800126,6285.0559998401
2025-05,1,soft_sl,-1.6284989604475661,78764.0,1518.0799999893704,12144.639999914963
2025-05,1,soft_sl,-1.6321825649926625,78763.0,1521.8026666561761,12174.42133324941
2025-05,1,soft_sl,-1.6321453642042785,78837.0,1521.8026666561761,12174.42133324941
2025-05,1,soft_sl,-1.5097859189412384,78678.0,1399.4986666540306,11195.989333232244
2025-05,1,soft_sl,-1.4987405557152782,78668.0,1388.4799999873837,11107.83999989907
2025-05,1,soft_sl,-1.4581934914573857,78625.0,1347.9359999865294,10783.487999892235
2025-05,1,soft_sl,-1.633123712354752,78811.0,1522.8373333225647,12182.698666580518
2025-05,1,soft_sl,-1.462999517307666,78623.0,1352.7999999864896,10822.399999891917
2025-05,1,soft_sl,-1.504740614749698,78515.0,1394.6453333197037,11157.16266655763
2025-05,1,soft_sl,-1.3576779247073985,77971.0,1247.64799998492,9981.18399987936
2025-05,-1,tp,2.4484992736445093,37645.0,319.8293333025773,2558.6346664206185
2025-05,-1,tp,4.27450195869236,114717.0,547.9679999736945,4383.743999789556
2025-05,1,sl,-0.841484810008339,37.0,733.9733333095908,5871.786666476726
2025-05,1,sl,-0.8413860919586592,121.0,733.9733333095908,5871.786666476726
2025-05,1,sl,-0.8412873739089795,129.0,733.9733333095908,5871.786666476726
2025-05,1,sl,-0.8410727490243756,527.0,733.9733333095908,5871.786666476726
2025-05,1,sl,-0.8411392968344599,527.0,733.9733333095908,5871.786666476726
2025-05,-1,sl,-1.1529931242632843,15898.0,1045.0773333154123,8360.618666523298
2025-05,1,soft_sl,-0.4398979900378059,22780.0,331.1893333039681,2649.514666431745
2025-05,1,soft_sl,-0.4676427539139977,26326.0,358.9973333057761,2871.978666446209
2025-05,1,sl,-0.6809752396517044,2862.0,573.2906666405003,4586.325333124002
2025-05,1,sl,-0.6809016173352084,2865.0,573.2906666405003,4586.325333124002
2025-05,1,sl,-0.6808279950187123,3004.0,573.2906666405003,4586.325333124002
2025-05,1,sl,-0.6808182643240889,3006.0,573.2906666405003,4586.325333124002
2025-05,1,sl,-0.680780218640532,3973.0,573.2906666405003,4586.325333124002
2025-05,1,sl,-0.6807421729569749,4828.0,573.2906666405003,4586.325333124002
2025-05,1,sl,-0.6807175615439682,31978.0,573.2906666405003,4586.325333124002
2025-05,1,sl,-0.6772308324312992,31859.0,569.8346666401625,4558.6773331213
2025-05,1,soft_sl,-0.8410205436057664,122183.0,733.9733333095908,5871.786666476726
2025-05,1,soft_sl,-0.8409683381871573,143487.0,733.9733333095908,5871.786666476726
2025-05,1,soft_sl,-0.8408925017102605,143487.0,733.9733333095908,5871.786666476726
2025-05,1,soft_sl,-0.8408900300592437,143488.0,733.9733333095908,5871.786666476726
2025-05,-1,sl,-0.4753981286993104,114825.0,366.33599997321767,2930.6879997857413
2025-05,-1,sl,-0.4754148712371613,114825.0,366.33599997321767,2930.6879997857413
2025-05,-1,sl,-0.4754316137750121,114825.0,366.33599997321767,2930.6879997857413
2025-05,-1,sl,-0.47545672758178836,121328.0,366.33599997321767,2930.6879997857413
2025-05,-1,sl,-0.47941520792642717,121596.0,370.2506666399042,2962.0053331192335
2025-05,-1,sl,-0.49067611493570107,121596.0,381.47199997335673,3051.775999786854
2025-05,-1,sl,-0.5049934741712429,121854.0,395.73333330700797,3165.8666664560637
2025-05,-1,sl,-0.5077957454067246,121878.0,398.4853333072861,3187.882666458289
2025-05,-1,soft_sl,-0.4724897443768479,1099.0,363.4666666369637,2907.7333330957094
2025-05,-1,soft_sl,-0.4725305074564921,4396.0,363.4666666369637,2907.7333330957094
2025-05,-1,soft_sl,-0.47255738137420805,4399.0,363.4666666369637,2907.7333330957094
2025-05,-1,sl,-0.3979236069348001,972.0,288.78933330267665,2310.314666421413
2025-05,-1,soft_sl,-0.4725681905669865,4434.0,363.4666666369637,2907.7333330957094
2025-05,-1,soft_sl,-0.47260587367748097,4441.0,363.4666666369637,2907.7333330957094
2025-05,-1,sl,-0.3979574199336644,1014.0,288.78933330267665,2310.314666421413
2025-05,-1,sl,-0.39876251666253576,1013.0,289.5786666360498,2316.629333088398
2025-05,-1,soft_sl,-0.47262501837156823,4869.0,363.4666666369637,2907.7333330957094
2025-05,-1,sl,-0.3832798113860837,1366.0,274.07999996940293,2192.6399997552235
2025-05,-1,sl,-0.3938931849327858,1412.0,284.69333330293495,2277.5466664234796
2025-05,-1,sl,-0.35518320043027596,1212.0,245.95199996878702,1967.6159997502962
2025-05,-1,sl,-0.38330352210961677,1390.0,274.07999996940293,2192.6399997552235
2025-05,-1,sl,-0.3549835841942062,1229.0,245.73866663535435,1965.9093330828348
2025-05,-1,soft_sl,-0.47385766234285454,4494.0,364.66133330325283,2917.2906664260227
2025-05,-1,sl,-0.3079473250012626,818.0,198.6666666335861,1589.3333330686887
2025-05,-1,sl,-0.3079587569255587,830.0,198.6666666335861,1589.3333330686887
2025-05,1,sl,-1.0281541963909306,1375.0,918.463999979794,7347.711999838352
2025-05,1,sl,-0.7826099162110813,725.0,673.0559999766946,5384.447999813557
2025-05,1,sl,-0.7508771300818028,510.0,641.354666642646,5130.837333141168
2025-05,1,sl,-1.028103148451157,1416.0,918.463999979794,7347.711999838352
2025-05,1,sl,-0.7506613225513576,492.0,641.1626666428646,5129.3013331429165
2025-05,1,sl,-1.0280521005113832,1421.0,918.463999979794,7347.711999838352
2025-05,1,sl,-1.0279755286017225,1435.0,918.463999979794,7347.711999838352
2025-05,1,sl,-1.0279664192067302,1435.0,918.463999979794,7347.711999838352
2025-05,1,sl,-0.7567274240629681,422.0,647.3386666433016,5178.709333146413
2025-05,1,sl,-0.8077877745821288,345.0,698.6026666438579,5588.821333150863
2025-05,1,soft_sl,-0.42136737303121313,26361.0,312.5546666362882,2500.4373330903054
2025-05,1,soft_sl,-0.4238281684788885,26359.0,315.039999969701,2520.319999757608
2025-05,-1,sl,-0.9083846179925025,2057.0,798.5919999767343,6388.7359998138745
2025-05,-1,sl,-0.8973474428824948,2950.0,787.498666643401,6299.989333147208
2025-05,-1,sl,-0.9018273557722415,4857.0,791.9146666431427,6335.317333145142
2025-05,-1,sl,-0.9018542680930859,4858.0,791.9146666431427,6335.317333145142
2025-05,-1,sl,-0.8470765051064006,4700.0,737.0986666423082,5896.789333138466
2025-05,-1,sl,-0.8470874506046279,4770.0,737.0986666423082,5896.789333138466
2025-05,-1,sl,-0.7570737113314134,4054.0,646.9866666423281,5175.893333138625
2025-05,-1,sl,-0.5269746500367297,1189.0,416.8639999706547,3334.9119997652374
2025-05,1,soft_sl,-0.5647191748238498,8163.0,454.901333305637,3639.210666445096
2025-05,1,soft_sl,-0.5675004007298076,8453.0,457.70666663904984,3661.6533331123987
2025-05,1,sl,-0.7499808658598804,21272.0,640.6506666416923,5125.205333133538
2025-05,1,sl,-0.4331763237547505,69563.0,324.51199996888636,2596.095999751091
2025-05,-1,sl,-0.23741899003310518,238.0,128.71466663092374,1029.71733304739
2025-05,-1,sl,-0.2374457020170077,288.0,128.71466663092374,1029.71733304739
2025-05,-1,sl,-0.24033251000098338,2537.0,131.57333329766988,1052.586666381359
2025-05,-1,sl,-0.2325606739767161,2368.0,123.76533329755068,990.1226663804055
2025-05,-1,sl,-0.23750455793659248,4970.0,128.63999996433657,1029.1199997146925
2025-05,1,soft_sl,-0.30294480368793186,25529.0,194.4639999661843,1555.7119997294744
2025-05,1,soft_sl,-0.4987489737374911,26840.0,390.17599996984006,3121.4079997587205
2025-05,1,soft_sl,-0.49870866870569164,27719.0,390.17599996984006,3121.4079997587205
2025-05,1,soft_sl,-0.4977728116740443,27694.0,389.279999969999,3114.239999759992
2025-05,1,soft_sl,-0.3873782154574611,26651.0,278.89066663444044,2231.1253330755235
2025-05,1,soft_sl,-0.30476181549291786,26359.0,196.3093332995971,1570.474666396777
2025-05,1,soft_sl,-0.2993960822096239,26311.0,190.96533329943816,1527.7226663955053
2025-05,1,soft_sl,-0.28570393663027144,26217.0,177.26933329870303,1418.1546663896243
2025-05,-1,tp,2.949222059047561,79320.0,382.26133330365025,3058.090666429202
2025-05,-1,tp,2.9121851752894266,77128.0,377.62133330424626,3020.97066643397
2025-05,-1,tp,2.94024801078904,77134.0,381.13066663761936,3049.045333100955
2025-05,-1,tp,2.922456163789324,77153.0,378.90133330414693,3031.2106664331754
2025-05,-1,tp,3.056661057784432,79630.0,395.6799999711911,3165.4399997695286
2025-05,-1,tp,3.0618115412195026,79645.0,396.31999997119107,3170.5599997695285
2025-05,-1,tp,2.961608508689559,77600.0,383.78666663755973,3070.293333100478
2025-05,-1,tp,3.147738145718948,82562.0,407.05066663791735,3256.4053331033388
2025-05,-1,tp,3.161705565050755,96474.0,408.78933330456414,3270.314666436513
2025-05,-1,tp,3.161679999384777,96474.0,408.78933330456414,3270.314666436513
2025-05,-1,tp,3.1617331608647876,96475.0,408.78933330456414,3270.314666436513
2025-05,-1,tp,3.161829826918142,97045.0,408.78933330456414,3270.314666436513
2025-05,-1,tp,3.1619264929714967,97112.0,408.78933330456414,3270.314666436513
2025-05,-1,soft_sl,-0.48528353315696215,2875.0,377.22666663666564,3017.813333093325
2025-05,-1,soft_sl,-0.25369931289111564,1366.0,145.50399996578693,1164.0319997262955
2025-05,-1,soft_sl,-0.48533599383369197,3113.0,377.22666663666564,3017.813333093325
2025-05,-1,soft_sl,-0.48538845451042184,3116.0,377.22666663666564,3017.813333093325
2025-05,-1,soft_sl,-0.2615337093289162,1495.0,153.2906666326523,1226.3253330612183
2025-05,-1,soft_sl,-0.4854671455255166,3150.0,377.22666663666564,3017.813333093325
2025-05,-1,soft_sl,-0.4854793923118435,3195.0,377.22666663666564,3017.813333093325
2025-05,1,sl,-0.4240052756878323,5833.0,316.1919999704758,2529.5359997638066
2025-05,-1,soft_sl,-0.48550861660358424,24904.0,377.22666663666564,3017.813333093325
2025-05,-1,sl,-0.42103910469845635,18.0,312.4479999653498,2499.5839997227986
2025-05,-1,sl,-0.42109665774736926,343.0,312.4479999653498,2499.5839997227986
2025-05,-1,tp,3.2898446565514172,162244.0,424.77866663753986,3398.229333100319
2025-05,-1,tp,3.226586451124341,162544.0,416.8639999706547,3334.9119997652374
2025-05,-1,tp,2.3335934982984368,12026.0,305.15199996511143,2441.2159997208914
2025-05,1,sl,-0.6082889379619351,1490.0,501.15199997415147,4009.2159997932117
2025-05,1,sl,-0.6056314171475146,1455.0,498.58133330742515,3988.6506664594012
2025-05,1,sl,-0.6002995743168047,1598.0,493.27999997417135,3946.2399997933708
2025-05,1,sl,-0.6001176918971887,1597.0,493.10933330744507,3944.8746664595606
2025-05,1,sl,-0.5962884573132181,1649.0,489.32266664048035,3914.581333123843
2025-05,1,sl,-0.5785879201035365,1353.0,471.6799999729792,3773.4399997838336
2025-05,1,sl,-0.5785890746704789,1353.0,471.6799999729792,3773.4399997838336
2025-05,1,sl,-0.6543482061097367,1396.0,547.4239999742309,4379.391999793847
2025-05,1,sl,-0.5924750976446154,4235.0,485.68533330659073,3885.482666452726
2025-05,1,sl,-0.6542474522660461,1443.0,547.4239999742309,4379.391999793847
2025-05,1,sl,-0.5915626358375472,84.0,484.6719999740521,3877.3759997924167
2025-05,1,sl,-0.59147158535437,99.0,484.6719999740521,3877.3759997924167
2025-05,1,soft_sl,-0.5913805348711928,2630.0,484.6719999740521,3877.3759997924167
2025-05,1,soft_sl,-0.8698223111801452,496930.0,763.0506666436792,6104.405333149433
2025-05,1,sl,-1.1982505578358098,10064.0,1091.3173333176971,8730.538666541577
2025-05,1,sl,-0.636884538535999,6246.0,530.1866666395465,4241.493333116372
2025-05,1,sl,-0.9058533083554527,4940.0,799.0293333120147,6392.234666496118
2025-05,1,sl,-0.6540706350810951,4226.0,547.4239999742309,4379.391999793847
2025-05,1,sl,-0.654033540184495,4226.0,547.4239999742309,4379.391999793847
2025-05,1,sl,-0.6541466984223556,4226.0,547.4239999742309,4379.391999793847
2025-05,1,sl,-0.9057481408621023,4941.0,799.0293333120147,6392.234666496118
2025-05,1,soft_sl,-0.5912367659545794,2633.0,484.6719999740521,3877.3759997924167
2025-05,1,soft_sl,-0.591243959146427,2633.0,484.6719999740521,3877.3759997924167
2025-05,-1,tp,2.392129197457851,23683.0,312.4479999653498,2499.5839997227986
2025-05,-1,tp,2.3921014944263503,23683.0,312.4479999653498,2499.5839997227986
2025-05,-1,tp,2.439785123879416,23658.0,318.41066663205623,2547.28533305645
2025-05,-1,tp,2.4397787766963868,23658.0,318.41066663205623,2547.28533305645
2025-05,1,sl,-0.9056429733687519,4944.0,799.0293333120147,6392.234666496118
2025-05,1,sl,-0.653996445287895,4230.0,547.4239999742309,4379.391999793847
2025-05,1,sl,-0.653940802942995,4230.0,547.4239999742309,4379.391999793847
2025-05,1,sl,-0.6539955676568198,4230.0,547.4239999742309,4379.391999793847
2025-05,1,sl,-0.5371384496992876,2968.0,430.65599997202554,3445.2479997762043
2025-05,1,soft_sl,-0.5912118085095579,2636.0,484.6719999740521,3877.3759997924167
2025-05,1,soft_sl,-0.5911868510645363,2636.0,484.6719999740521,3877.3759997924167
2025-05,1,soft_sl,-0.5815009082300442,2622.0,475.01866664042075,3800.149333123366
2025-05,1,soft_sl,-0.5645083172835876,2606.0,458.0799999731779,3664.6399997854232
2025-05,-1,tp,2.3921569004893524,23735.0,312.4479999653498,2499.5839997227986
2025-05,1,sl,-0.9055958748585861,4997.0,799.0293333120147,6392.234666496118
2025-05,-1,tp,2.3921974753183517,23765.0,312.4479999653498,2499.5839997227986
2025-05,1,sl,-0.5569707603794214,2881.0,450.6026666393876,3604.821333115101
2025-05,1,sl,-0.9055509316509295,5036.0,799.0293333120147,6392.234666496118
2025-05,1,soft_sl,-0.5813145196044687,2631.0,474.96533330669007,3799.7226664535206
2025-05,1,sl,-0.9055059884432729,5042.0,799.0293333120147,6392.234666496118
2025-05,-1,tp,2.3922838048917208,23784.0,312.4479999653498,2499.5839997227986
2025-05,1,sl,-0.9045150407953262,5044.0,798.0586666452884,6384.4693331623075
2025-05,1,sl,-0.7249666543978475,1555.0,618.5066666442156,4948.053333153724
2025-05,1,sl,-0.5211798619276388,0.0,414.73066664020223,3317.845333121618
2025-05,1,sl,-0.521090971943617,197.0,414.73066664020223,3317.845333121618
2025-05,1,sl,-0.7248873843567751,2480.0,618.5066666442156,4948.053333153724
2025-05,1,soft_sl,-0.5210020819595952,421.0,414.73066664020223,3317.845333121618
2025-05,1,sl,-0.8728895229650354,9349.0,766.4639999786019,6131.711999828815
2025-05,1,sl,-0.8024716360928892,10219.0,696.1599999759594,5569.279999807675
2025-05,1,sl,-0.7248081143157028,2499.0,618.5066666442156,4948.053333153724
2025-05,1,soft_sl,-0.5208261233161473,440.0,414.73066664020223,3317.845333121618
2025-05,1,soft_sl,-0.5208687469835624,440.0,414.73066664020223,3317.845333121618
2025-05,1,sl,-0.7246892092540943,2514.0,618.5066666442156,4948.053333153724
2025-05,1,soft_sl,-0.5207992807511068,454.0,414.73066664020223,3317.845333121618
2025-05,1,soft_sl,-0.5207724381860662,457.0,414.73066664020223,3317.845333121618
2025-05,1,soft_sl,-0.5207321743385054,478.0,414.73066664020223,3317.845333121618
2025-05,1,sl,-0.5589636846662515,1024.0,452.9813333073258,3623.8506664586066
2025-05,1,soft_sl,-0.5018371532582814,279.0,395.8933333059152,3167.1466664473214
2025-05,1,sl,-0.7285148209883606,3362.0,622.4853333109618,4979.882666487694
2025-05,1,soft_sl,-0.5026501913559674,1099.0,396.7253333059947,3173.8026664479576
2025-05,1,sl,-0.7424221626120227,3355.0,636.4373333113392,5091.498666490714
2025-05,1,sl,-0.7421888474852398,3354.0,636.213333311379,5089.706666491032
2025-05,1,sl,-0.7098460909004737,3259.0,603.8826666431626,4831.0613331453005
2025-05,1,sl,-0.24879955476489873,318.0,142.70933329850436,1141.674666388035
2025-05,1,sl,-0.248772234872612,318.0,142.70933329850436,1141.674666388035
2025-05,1,sl,-0.24874491498032522,372.0,142.70933329850436,1141.674666388035
2025-05,1,sl,-0.24844806314235202,304.0,142.45333329896133,1139.6266663916906
2025-05,1,soft_sl,-0.2685616674129978,1345.0,162.64533330033223,1301.1626664026578
2025-05,1,soft_sl,-0.2747718907562442,1173.0,168.94933330059052,1351.5946664047242
2025-05,1,soft_sl,-0.27918766731373523,1280.0,173.40799996743598,1387.2639997394879
2025-05,1,soft_sl,-0.7415002321132957,2929.0,636.0319999723633,5088.255999778907
2025-05,-1,tp,5.240636156471764,206338.0,668.4906666424871,5347.925333139897
2025-05,-1,sl,-0.43525913993913307,5713.0,329.35466663549346,2634.8373330839477
2025-05,-1,sl,-0.43530897417514935,7173.0,329.35466663549346,2634.8373330839477
2025-05,-1,sl,-0.3142231502697641,23326.0,208.0853332990408,1664.6826663923264
2025-05,-1,sl,-0.484088182917369,1237.0,378.3359999704361,3026.6879997634887
2025-05,1,soft_sl,-0.6979519450975209,5423.0,592.76799997588,4742.14399980704
2025-05,1,soft_sl,-0.698823449584298,5414.0,593.6853333091735,4749.482666473388
2025-05,1,soft_sl,-0.6970082980710658,5466.0,591.9146666424473,4735.317333139578
2025-05,1,soft_sl,-0.6465531069614918,5361.0,541.5039999744296,4332.031999795437
2025-05,1,soft_sl,-0.6465547814666179,5361.0,541.5039999744296,4332.031999795437
2025-05,1,soft_sl,-0.6364838942406332,5319.0,531.4666666407386,4251.733333125909
2025-05,1,soft_sl,-0.8987716477819715,6945.0,793.6639999816815,6349.311999853452
2025-05,1,soft_sl,-0.8987260887394092,6949.0,793.6639999816815,6349.311999853452
2025-05,1,soft_sl,-0.8986741593736702,7003.0,793.6639999816815,6349.311999853452
2025-05,1,soft_sl,-0.8986805296968469,7003.0,793.6639999816815,6349.311999853452
2025-05,1,soft_sl,-0.89289123579145,7023.0,787.9253333150347,6303.402666520277
2025-05,1,soft_sl,-0.9152118871331273,6963.0,810.2719999818007,6482.175999854406
2025-05,1,soft_sl,-0.9143266962092916,6963.0,809.4186666484674,6475.349333187739
2025-05,1,soft_sl,-0.857804246834053,6234.0,752.9386666465799,6023.509333172639
2025-05,1,soft_sl,-0.8581558081914307,6233.0,753.301333313187,6026.410666505496
2025-05,1,soft_sl,-1.634140100010882,56888.0,1529.4933333167435,12235.946666533948
2025-05,1,soft_sl,-1.6340438455523685,56904.0,1529.4933333167435,12235.946666533948
2025-05,1,soft_sl,-1.633947591093855,56942.0,1529.4933333167435,12235.946666533948
2025-05,-1,sl,-0.5365158101702966,353.0,432.12799997339647,3457.0239997871718
2025-05,-1,sl,-0.5365432396130116,362.0,432.12799997339647,3457.0239997871718
2025-05,-1,sl,-0.5365706690557268,443.0,432.12799997339647,3457.0239997871718
2025-05,-1,sl,-0.5366118132197994,510.0,432.12799997339647,3457.0239997871718
2025-05,-1,sl,-0.5366803868265873,643.0,432.12799997339647,3457.0239997871718
2025-05,-1,sl,-0.4079338058100539,0.0,303.19999996930363,2425.599999754429
2025-05,1,soft_sl,-0.2594579152456629,5626.0,155.03999996920427,1240.3199997536342
2025-05,1,sl,-0.4456895161123711,16567.0,341.4826666364074,2731.861333091259
2025-05,1,soft_sl,-0.4734137681369137,16456.0,369.2266666372617,2953.8133330980936
2025-05,1,sl,-0.44556023368405384,16588.0,341.4826666364074,2731.861333091259
2025-05,1,soft_sl,-0.5214322831180587,17241.0,417.3973333059748,3339.1786664477986
2025-05,1,soft_sl,-1.6338871809081668,80180.0,1529.4933333167435,12235.946666533948
2025-05,1,sl,-0.8145974569711782,3168.0,710.6879999801516,5685.503999841213
2025-05,-1,tp,3.8398132431338428,117829.0,493.16266663968565,3945.3013331174852
2025-05,1,sl,-0.8145350607470577,7685.0,710.6879999801516,5685.503999841213
2025-05,1,sl,-0.8144726645229373,7685.0,710.6879999801516,5685.503999841213
2025-05,1,soft_sl,-1.7765652891134387,88199.0,1672.3306666533151,13378.645333226521
2025-05,1,soft_sl,-1.7765691240759909,88199.0,1672.3306666533151,13378.645333226521
2025-05,-1,tp,3.827495663771347,123716.0,491.6053333067894,3932.8426664543153
2025-05,1,sl,-0.6905798471561463,2741.0,586.9119999771317,4695.295999817054
2025-05,-1,tp,3.919542709453866,123638.0,503.11466664006315,4024.917333120505
2025-05,1,sl,-0.8143790701867566,8939.0,710.6879999801516,5685.503999841213
2025-05,1,sl,-0.6905189756121145,2750.0,586.9119999771317,4695.295999817054
2025-05,1,soft_sl,-1.792831967982575,89451.0,1688.693333320419,13509.546666563352
2025-05,1,sl,-0.8143226423983748,8957.0,710.6879999801516,5685.503999841213
2025-05,1,sl,-0.8142862415101298,8958.0,710.6879999801516,5685.503999841213
2025-05,1,sl,-0.8405387591305425,5301.0,736.8959999799729,5895.167999839783
2025-05,1,sl,-0.6904487363645081,2762.0,586.9119999771317,4695.295999817054
2025-05,1,sl,-0.6904581040680826,2762.0,586.9119999771317,4695.295999817054
2025-05,1,sl,-0.5460972309057294,1305.0,442.61333330770333,3540.9066664616266
2025-05,1,sl,-0.8142498406218849,12384.0,710.6879999801516,5685.503999841213
2025-05,1,sl,-0.8186262102933064,12360.0,715.0933333136638,5720.746666509311
2025-05,1,sl,-0.8404707414478412,8727.0,736.8959999799729,5895.167999839783
2025-05,1,sl,-0.690413025472314,6188.0,586.9119999771317,4695.295999817054
2025-05,1,sl,-0.6921257732476228,5251.0,588.6613333112995,4709.290666490396
2025-05,1,sl,-0.6931600660862718,5251.0,589.7066666447123,4717.653333157698
2025-05,1,sl,-0.8209225406230142,12357.0,717.4186666469773,5739.349333175818
2025-05,1,sl,-0.8404027237651398,8729.0,736.8959999799729,5895.167999839783
2025-05,1,sl,-0.5724373990086241,4722.0,469.05599997440976,3752.447999795278
2025-05,1,sl,-0.5724175458892357,4722.0,469.05599997440976,3752.447999795278
2025-05,1,sl,-0.8453039975947425,9611.0,741.8879999800523,5935.1039998404185
2025-05,1,sl,-0.8399046637361737,13163.0,736.5013333140811,5892.010666512649
2025-05,-1,sl,-0.21977185304240526,0.0,116.1279999652505,929.023999722004
2025-05,-1,sl,-0.21981961025301505,8.0,116.1279999652505,929.023999722004
2025-05,-1,sl,-0.21986736746362484,64.0,116.1279999652505,929.023999722004
2025-05,-1,sl,-0.21988251430233385,68.0,116.1279999652505,929.023999722004
2025-05,1,sl,-0.23936928706176575,2750.0,135.7653332988421,1086.1226663907369
2025-05,1,sl,-0.23937400616808063,2541.0,135.78666663229467,1086.2933330583573
2025-05,1,sl,-0.24145768527439726,2648.0,137.88799996574718,1103.1039997259775
2025-05,1,sl,-0.24349041726709206,2645.0,139.94666663249333,1119.5733330599467
2025-05,-1,soft_sl,-0.21990238967377462,5898.0,116.1279999652505,929.023999722004
2025-05,-1,soft_sl,-0.21992226504521542,5975.0,116.1279999652505,929.023999722004
2025-05,1,sl,-0.2503894363666703,17455.0,146.89066663324832,1175.1253330659865
2025-05,-1,soft_sl,-0.22199869927952234,25721.0,118.1866666318973,945.4933330551784
2025-05,-1,soft_sl,-0.22255604610251398,25667.0,118.73066663205624,949.8453330564499
2025-05,-1,soft_sl,-0.22573263053119969,28038.0,121.85599996546904,974.8479997237523
2025-05,-1,soft_sl,-0.6351538557577812,49599.0,530.9333333091935,4247.466666473548
2025-05,-1,soft_sl,-0.6351904081279829,49602.0,530.9333333091935,4247.466666473548
2025-05,-1,soft_sl,-0.8419037931582048,53386.0,737.6533333130677,5901.226666504542
2025-05,-1,sl,-0.25968412651869144,37.0,155.19999996503194,1241.5999997202555
2025-05,-1,sl,-0.2597343334297261,8919.0,155.19999996503194,1241.5999997202555
2025-05,-1,sl,-0.2597845403407608,8980.0,155.19999996503194,1241.5999997202555
2025-05,-1,sl,-0.26206971167287085,15354.0,157.429333298405,1259.43466638724
2025-05,-1,sl,-0.2620248272842439,15466.0,157.36533329844474,1258.922666387558
2025-05,1,eod,3.0163044235332683,1659924.0,1500.4053333360453,12003.242666688362
2025-05,1,eod,2.471391379649817,1659924.0,1500.4053333360453,12003.242666688362
2025-05,1,eod,2.6068948857386363,1659924.0,1500.4053333360453,12003.242666688362
2025-05,1,eod,2.7423983918274404,1659924.0,1500.4053333360453,12003.242666688362
2025-05,1,eod,2.945653650960662,1659924.0,1500.4053333360453,12003.242666688362
2025-05,-1,eod,6.448065018437604,811761.0,1063.9253333168228,8511.402666534583
2025-05,-1,eod,6.4891825798989675,811761.0,1063.9253333168228,8511.402666534583
2025-05,-1,eod,6.530300141360329,811761.0,1063.9253333168228,8511.402666534583
2025-05,-1,eod,6.59197648355238,811761.0,1063.9253333168228,8511.402666534583
2025-05,-1,eod,6.694770387205795,811761.0,1063.9253333168228,8511.402666534583
2025-05,-1,eod,6.4901439023222185,811761.0,1063.9253333168228,8511.402666534583
2025-05,-1,eod,6.541576824224932,811761.0,1063.9253333168228,8511.402666534583
2025-05,-1,eod,6.5930097461276445,811761.0,1063.9253333168228,8511.402666534583
2025-05,-1,eod,6.670159128981708,811761.0,1063.9253333168228,8511.402666534583
2025-05,-1,eod,5.702007697468424,383385.0,1279.3493333169818,10234.794666535854
2025-05,-1,eod,5.765382244096762,383385.0,1279.3493333169818,10234.794666535854
2025-05,-1,eod,5.488157498888072,383385.0,1279.3493333169818,10234.794666535854
2025-05,-1,eod,5.567899541061847,383385.0,1279.3493333169818,10234.794666535854
2025-05,-1,eod,5.647641583235606,383385.0,1279.3493333169818,10234.794666535854
2025-05,-1,eod,5.76725464649626,383385.0,1279.3493333169818,10234.794666535854
2025-05,-1,eod,5.828756790725086,383382.0,1280.159999983708,10241.279999869665
2025-05,-1,eod,5.923818610667584,383349.0,1245.3439999833704,9962.751999866963
2025-05,-1,eod,5.706356562801623,383348.0,1244.44799998343,9955.58399986744
2025-05,-1,eod,5.7695079177661395,383348.0,1244.44799998343,9955.58399986744
2025-05,-1,eod,5.832659272730672,383348.0,1244.44799998343,9955.58399986744
2025-05,-1,eod,5.92738630517745,383348.0,1244.44799998343,9955.58399986744
2025-05,-1,eod,5.493693472177171,383348.0,1244.44799998343,9955.58399986744
2025-05,-1,eod,5.573608215380275,383348.0,1244.44799998343,9955.58399986744
2025-05,-1,eod,5.6535229585833795,383348.0,1244.44799998343,9955.58399986744
2025-05,-1,eod,5.773395073388044,383348.0,1244.44799998343,9955.58399986744
2025-05,-1,eod,5.96660975193066,383345.0,1245.2479999833306,9961.983999866645
2025-05,-1,eod,5.973181931395797,383345.0,1245.2479999833306,9961.983999866645
2025-05,-1,eod,1.8828613157148844,193556.0,642.5813333116969,5140.650666493575
2025-05,-1,eod,0.7442969449690331,168664.0,1835.1573333236574,14681.25866658926
2025-05,-1,eod,0.8289569306823095,168653.0,1848.2879999906818,14786.303999925454
2025-05,-1,eod,0.9136169163955858,167751.0,820.0426666465402,6560.341333172321
2025-05,-1,eod,1.0240995588673558,167600.0,703.6266666453083,5629.013333162467
2025-05,-1,eod,1.0406068949654856,167580.0,692.9066666450103,5543.253333160083
2025-05,-1,eod,0.9782660426949734,124298.0,378.3359999704361,3026.6879997634887
2025-05,-1,eod,1.043270995920441,123667.0,799.391999977827,6395.135999822616
2025-05,-1,eod,1.0486631816144978,123658.0,801.7279999778668,6413.823999822935
2025-05,-1,eod,1.0795590656784824,123537.0,868.0959999793768,6944.767999835014
2025-05,-1,eod,1.110454949742467,123449.0,891.2533333131671,7130.026666505337
2025-05,-1,eod,1.1407784257586207,123314.0,899.562666647931,7196.501333183448
2025-05,-1,eod,1.156798775838451,123305.0,900.8959999813636,7207.167999850909
2025-05,-1,eod,1.2340384859984053,123238.0,934.0053333155314,7472.042666524251
2025-05,-1,eod,0.8438766081453568,119005.0,591.9679999758799,4735.7439998070395
2025-05,-1,eod,0.7623988817413835,118539.0,537.3759999746085,4299.007999796868
2025-05,-1,eod,0.7988985727639484,118504.0,529.2799999744693,4234.239999795755
2025-05,-1,eod,0.835398263786528,118469.0,540.5119999749462,4324.09599979957
2025-05,-1,eod,0.886687737145799,118453.0,537.4293333082397,4299.434666465918
2025-05,-1,eod,0.8901478003203757,118453.0,537.4293333082397,4299.434666465918
2025-05,-1,eod,0.9294988661462557,118243.0,494.75199997415143,3958.0159997932114
2025-05,-1,eod,0.9617673051861807,117825.0,459.3919999735554,3675.1359997884433
2025-05,-1,eod,0.9813970278768029,117091.0,364.8213333048423,2918.5706664387385
2025-05,-1,eod,1.0069478257960283,117081.0,367.3813333049417,2939.0506664395334
2025-05,-1,eod,1.052128346405876,117056.0,365.7279999717077,2925.8239997736614
2025-05,-1,eod,1.119899127320633,117043.0,371.754666638275,2974.0373331062
2025-05,-1,eod,0.08629714675385435,106433.0,524.5973333085577,4196.778666468462
2025-05,-1,eod,0.09490187960825178,103251.0,303.19999996930363,2425.599999754429
2025-05,-1,eod,0.11836540141085737,103251.0,303.19999996930363,2425.599999754429
2025-05,-1,eod,0.14182892321346302,103251.0,303.19999996930363,2425.599999754429
2025-05,-1,eod,0.17702420591736412,103251.0,303.19999996930363,2425.599999754429
2025-05,-1,eod,0.23568301042387085,103251.0,303.19999996930363,2425.599999754429
2025-05,-1,eod,0.038557199531006156,103251.0,303.19999996930363,2425.599999754429
2025-05,-1,eod,0.1441720112202679,103251.0,303.19999996930363,2425.599999754429
2025-05,-1,eod,0.02731364927900179,92180.0,247.01866663853326,1976.149333108266
2025-05,-1,eod,0.04862754528921491,92180.0,247.01866663853326,1976.149333108266
2025-05,-1,eod,0.06994144129942803,92180.0,247.01866663853326,1976.149333108266
2025-05,-1,eod,0.00013443004271022907,92180.0,247.01866663853326,1976.149333108266
2025-05,-1,eod,0.03572394142515091,92180.0,247.01866663853326,1976.149333108266
2025-05,-1,eod,0.07131345280759162,92180.0,247.01866663853326,1976.149333108266
2025-05,1,eod,0.6673958162616301,84708.0,743.0933333133657,5944.746666506926
2025-05,1,eod,0.6851572114588184,84691.0,744.2026666468382,5953.621333174706
2025-05,1,eod,0.7167218584018415,84619.0,735.4453333132466,5883.562666505973
2025-10,-1,sl,-1.0139727514592993,6260.0,896.7360000000522,7173.888000000417
2025-10,-1,sl,-1.014033196759384,6588.0,896.7360000000522,7173.888000000417
2025-10,-1,sl,-1.0140936420594688,7341.0,896.7360000000522,7173.888000000417
2025-10,-1,sl,-0.7335292946949048,6681.0,616.021333333465,4928.17066666772
2025-10,-1,sl,-1.014184310009596,7940.0,896.7360000000522,7173.888000000417
2025-10,-1,sl,-0.6656387441774033,7067.0,548.0320000001446,4384.256000001157
2025-10,-1,sl,-1.0141984302193228,7941.0,896.7360000000522,7173.888000000417
2025-10,-1,sl,-1.0142515412123212,7943.0,896.7360000000522,7173.888000000417
2025-10,-1,sl,-1.0143046522053196,7943.0,896.7360000000522,7173.888000000417
2025-10,-1,sl,-0.9465468792598288,7873.0,828.9813333334029,6631.850666667223
2025-10,-1,sl,-0.8429282020845881,22834.0,725.087999999756,5800.703999998048
2025-10,-1,sl,-0.8430182020136752,22836.0,725.087999999756,5800.703999998048
2025-10,-1,sl,-0.5589551843029478,506.0,440.8213333330024,3526.5706666640194
2025-10,-1,sl,-0.5590302426159506,876.0,440.8213333330024,3526.5706666640194
2025-10,-1,sl,-0.5591053009289534,896.0,440.8213333330024,3526.5706666640194
2025-10,-1,sl,-0.5592095181421675,1042.0,440.8213333330024,3526.5706666640194
2025-10,-1,sl,-0.5592178883984577,1042.0,440.8213333330024,3526.5706666640194
2025-10,-1,sl,-0.381229961285912,638.0,262.7733333332681,2102.186666666145
2025-10,-1,sl,-0.34745961418114285,489.0,228.98133333318245,1831.8506666654596
2025-10,-1,sl,-0.3198183578170562,243.0,201.28000000002484,1610.2400000001987
2025-10,-1,sl,-0.5592545087545897,1130.0,440.8213333330024,3526.5706666640194
2025-10,-1,sl,-0.5592994993670118,1191.0,440.8213333330024,3526.5706666640194
2025-10,1,sl,-0.578353391730818,362.0,459.10399999851984,3672.8319999881587
2025-10,1,sl,-0.5783271146135195,368.0,459.10399999851984,3672.8319999881587
2025-10,1,sl,-0.5783008374962211,382.0,459.10399999851984,3672.8319999881587
2025-10,1,sl,-0.5782614218202734,457.0,459.10399999851984,3672.8319999881587
2025-10,1,sl,-0.5781957290270272,658.0,459.10399999851984,3672.8319999881587
2025-10,1,sl,-0.6048412461626246,535.0,485.91999999847883,3887.3599999878306
2025-10,1,sl,-0.6243846163030574,1288.0,505.5359999985372,4044.2879999882975
2025-10,1,sl,-0.6364757144434702,1266.0,517.6959999985683,4141.567999988546
2025-10,-1,soft_sl,-0.6797614759007482,5890.0,560.181333332099,4481.450666656792
2025-10,-1,soft_sl,-0.68105457326628,6528.0,561.4079999987657,4491.263999990126
2025-10,-1,soft_sl,-0.6898287426318365,6960.0,570.1119999987694,4560.895999990155
2025-10,-1,soft_sl,-0.6993421112444842,6882.0,579.5626666654522,4636.5013333236175
2025-10,-1,soft_sl,-0.6992566249036178,6860.0,579.4346666654571,4635.477333323657
2025-10,-1,soft_sl,-0.6992547966801744,6860.0,579.4346666654571,4635.477333323657
2025-10,-1,soft_sl,-0.6914446105627352,6811.0,571.5839999987868,4572.671999990294
2025-10,-1,soft_sl,-0.5951189730512741,6267.0,475.24266666528456,3801.9413333222765
2025-10,-1,soft_sl,-0.5522951480937328,6058.0,432.3839999984888,3459.07199998791
2025-10,-1,soft_sl,-0.5507445211989344,6091.0,430.7839999984577,3446.2719999876617
2025-10,1,tp,4.177914166333624,91597.0,537.3759999986365,4299.007999989092
2025-10,1,tp,4.484094132983218,92023.0,575.6479999987037,4605.183999989629
2025-10,-1,sl,-0.9516111720831896,0.0,828.8426666655826,6630.74133332466
2025-10,-1,sl,-0.9518528919905817,121269.0,828.8426666655826,6630.74133332466
2025-10,-1,sl,-0.9520946118979737,121357.0,828.8426666655826,6630.74133332466
2025-10,-1,sl,-0.9524290185543778,121426.0,828.8426666655826,6630.74133332466
2025-10,-1,sl,-0.9500239757590611,121421.0,826.4106666655839,6611.285333324671
2025-10,-1,soft_sl,-0.7808649481971811,25389.0,657.5466666647543,5260.373333318034
2025-10,-1,soft_sl,-0.7808767813877169,25389.0,657.5466666647543,5260.373333318034
2025-10,-1,soft_sl,-0.54461620444859,25122.0,421.17333333117267,3369.3866666493814
2025-10,-1,soft_sl,-0.7809343128405125,25397.0,657.5466666647543,5260.373333318034
2025-10,-1,soft_sl,-0.7809336537718868,25397.0,657.5466666647543,5260.373333318034
2025-10,-1,soft_sl,-0.7809905261560569,25404.0,657.5466666647543,5260.373333318034
2025-10,-1,soft_sl,-0.7810036774838439,25405.0,657.5466666647543,5260.373333318034
2025-10,-1,soft_sl,-0.7810758347323118,25420.0,657.5466666647543,5260.373333318034
2025-10,-1,sl,-0.7445563276069606,35110.0,620.5333333317687,4964.26666665415
2025-10,-1,sl,-0.7444962745464759,35110.0,620.5333333317687,4964.26666665415
2025-10,-1,sl,-0.7445690353079066,35110.0,620.5333333317687,4964.26666665415
2025-10,-1,sl,-0.744623387926048,35112.0,620.5333333317687,4964.26666665415
2025-10,-1,sl,-0.7446417960693372,35155.0,620.5333333317687,4964.26666665415
2025-10,-1,sl,-0.7063779682450173,34977.0,582.2399999983112,4657.9199999864895
2025-10,-1,sl,-0.7046348892113764,34919.0,580.4373333316545,4643.498666653236
2025-10,-1,sl,-0.7019856467236503,37654.0,577.749333331647,4621.994666653176
2025-10,-1,sl,-0.3150279508177187,0.0,190.6986666642502,1525.5893333140016
2025-10,-1,sl,-0.3150784130969754,9.0,190.6986666642502,1525.5893333140016
2025-10,-1,sl,-0.315128875376232,12.0,190.6986666642502,1525.5893333140016
2025-10,-1,sl,-0.31520456879511705,932.0,190.6986666642502,1525.5893333140016
2025-10,-1,sl,-0.31524174205167277,1069.0,190.6986666642502,1525.5893333140016
2025-10,-1,sl,-0.31526632448839365,1069.0,190.6986666642502,1525.5893333140016
2025-10,-1,sl,-0.3166996109251103,1127.0,192.10666666424524,1536.853333313962
2025-10,-1,sl,-0.3199594285802076,1219.0,195.327999997586,1562.623999980688
2025-10,-1,sl,-0.31867106049326943,1218.0,194.03733333092183,1552.2986666473746
2025-10,-1,sl,-0.32073590867209717,892.0,196.04266666434705,1568.3413333147764
2025-10,-1,sl,-0.5553605039715012,3901.0,430.30399999798584,3442.4319999838867
2025-10,-1,sl,-0.5554156146657981,3963.0,430.30399999798584,3442.4319999838867
2025-10,-1,sl,-0.5554707253600952,4130.0,430.30399999798584,3442.4319999838867
2025-10,-1,sl,-0.8743307114027767,8614.0,749.2479999986291,5993.983999989033
2025-10,-1,sl,-0.5554854365652251,4158.0,430.30399999798584,3442.4319999838867
2025-10,-1,sl,-0.5555475723974318,4158.0,430.30399999798584,3442.4319999838867
2025-10,-1,sl,-0.5555533914015407,4158.0,430.30399999798584,3442.4319999838867
2025-10,-1,sl,-0.8743984232043516,9138.0,749.2479999986291,5993.983999989033
2025-10,-1,sl,-0.5556097082296385,4682.0,430.30399999798584,3442.4319999838867
2025-10,-1,sl,-0.8744661350059263,9264.0,749.2479999986291,5993.983999989033
2025-10,-1,sl,-0.552542928137268,4793.0,427.15733333129435,3417.258666650355
2025-10,-1,sl,-0.5521171199779314,4792.0,426.7199999979635,3413.759999983708
2025-10,-1,sl,-0.5349046406854241,122.0,409.695999997966,3277.567999983728
2025-10,-1,sl,-0.534962208212776,424.0,409.695999997966,3277.567999983728
2025-10,-1,sl,-0.5350197757401279,471.0,409.695999997966,3277.567999983728
2025-10,-1,sl,-0.5351061270311559,540.0,409.695999997966,3277.567999983728
2025-10,-1,sl,-0.8745387760608676,9988.0,749.2479999986291,5993.983999989033
2025-10,-1,sl,-0.8552620547082572,9911.0,729.9519999985894,5839.615999988715
2025-10,-1,sl,-0.845791426080111,9874.0,720.4693333319326,5763.754666655461
2025-10,-1,sl,-0.5352283731196018,627.0,409.695999997966,3277.567999983728
2025-10,-1,sl,-0.5352500458495357,627.0,409.695999997966,3277.567999983728
2025-10,-1,sl,-0.5372912756201953,689.0,411.71199999796846,3293.6959999837477
2025-10,-1,soft_sl,-0.7363553382480432,4958.0,610.9759999984007,4887.807999987205
2025-10,-1,soft_sl,-0.7364206849315108,4978.0,610.9759999984007,4887.807999987205
2025-10,-1,soft_sl,-0.7364860316149784,5017.0,610.9759999984007,4887.807999987205
2025-10,-1,soft_sl,-0.6007395221208465,5736.0,475.0826666646947,3800.661333317558
2025-10,1,tp,1.590555580119471,22159.0,214.45333333096156,1715.6266666476924
2025-10,-1,soft_sl,-0.7365840516401796,5079.0,610.9759999984007,4887.807999987205
2025-10,-1,soft_sl,-0.5749287638717736,5496.0,449.21599999806534,3593.7279999845227
2025-10,-1,soft_sl,-0.5656948281232081,5706.0,439.87199999803056,3518.9759999842445
2025-10,-1,soft_sl,-0.7367321010654075,5373.0,610.9759999984007,4887.807999987205
2025-10,-1,soft_sl,-0.736773268709654,5373.0,610.9759999984007,4887.807999987205
2025-10,-1,soft_sl,-0.7368144363539004,5373.0,610.9759999984007,4887.807999987205
2025-10,-1,soft_sl,-0.7367474183488485,5373.0,610.9759999984007,4887.807999987205
2025-10,1,sl,-0.6353037727088224,1261.0,509.845333331575,4078.7626666526
2025-10,1,soft_sl,-0.6352518899609128,3339.0,509.845333331575,4078.7626666526
2025-10,1,soft_sl,-0.6352000072130031,3362.0,509.845333331575,4078.7626666526
2025-10,1,soft_sl,-0.6351221830911385,4012.0,509.845333331575,4078.7626666526
2025-10,1,soft_sl,-0.46033042251622086,5749.0,335.17866666468484,2681.4293333174787
2025-10,1,soft_sl,-0.6158980282213287,7043.0,490.7413333315402,3925.9306666523216
2025-10,1,soft_sl,-0.46758332103386907,5855.0,342.5066666646674,2740.0533333173394
2025-10,1,sl,-0.6735177761600044,13578.0,548.4693333317215,4387.754666653772
2025-10,1,sl,-0.6735427848108633,13578.0,548.4693333317215,4387.754666653772
2025-10,1,sl,-0.6782910079173017,13604.0,553.2586666650574,4426.069333320459
2025-10,1,sl,-0.6792971881101751,13604.0,554.2933333317314,4434.346666653852
2025-10,1,sl,-0.6769729323570886,13660.0,551.9786666650698,4415.829333320558
2025-10,1,sl,-0.6860361200603524,13652.0,561.0773333317538,4488.618666654031
2025-10,1,sl,-0.6878747096834192,13653.0,562.9439999984205,4503.551999987364
2025-10,1,sl,-0.7126589233189708,13577.0,587.7759999984503,4702.207999987602
2025-10,1,sl,-0.7287174407828824,13550.0,603.9039999984577,4831.231999987662
2025-10,1,sl,-0.7320649731943825,13549.0,607.2959999984627,4858.367999987701
2025-10,1,soft_sl,-0.685410962811637,6217.0,560.4373333403964,4483.4986667231715
2025-10,1,soft_sl,-0.685324789966363,8439.0,560.4373333403964,4483.4986667231715
2025-10,-1,sl,-0.34483291243162617,1194.0,220.0320000071327,1760.2560000570616
2025-10,-1,sl,-0.3488780477407839,1134.0,224.0640000071128,1792.5120000569025
2025-10,-1,sl,-0.3488891670499642,1578.0,224.0640000071128,1792.5120000569025
2025-10,-1,sl,-0.3431429660137835,1579.0,218.3040000071625,1746.4320000573
2025-10,-1,sl,-0.34131383628671996,1553.0,216.44800000714758,1731.5840000571807
2025-10,1,soft_sl,-0.685238617121089,13251.0,560.4373333403964,4483.4986667231715
2025-10,1,soft_sl,-0.38919936086734275,2644.0,264.5120000071575,2116.09600005726
2025-10,1,soft_sl,-0.3891602565661641,2644.0,264.5120000071575,2116.09600005726
2025-10,1,soft_sl,-0.38912115226498556,2646.0,264.5120000071575,2116.09600005726
2025-10,1,soft_sl,-0.3890624958132176,2700.0,264.5120000071575,2116.09600005726
2025-10,1,soft_sl,-0.3827628334343818,2683.0,258.2293333404263,2065.8346667234105
2025-10,1,soft_sl,-0.3787959351068422,2652.0,254.27200000715752,2034.1760000572601
2025-10,1,soft_sl,-0.6851093578531781,13317.0,560.4373333403964,4483.4986667231715
2025-10,1,soft_sl,-0.3717905567791344,2522.0,247.2746666737149,1978.1973333897192
2025-10,1,soft_sl,-0.3717732412877247,6115.0,247.2746666737149,1978.1973333897192
2025-10,1,soft_sl,-0.34089673333105847,3858.0,216.67200000805158,1733.3760000644127
2025-10,1,soft_sl,-0.34089407091070134,3858.0,216.67200000805158,1733.3760000644127
2025-10,1,soft_sl,-0.43003451055828623,64060.0,305.9413333311677,2447.5306666493416
2025-10,-1,tp,1.0171508683553745,19175.0,142.69866667491695,1141.5893333993356
2025-10,-1,tp,1.0497182919137342,19702.0,146.76266667490205,1174.1013333992164
2025-10,-1,tp,1.6449606969214534,34038.0,221.14133334090312,1769.130666727225
2025-10,-1,tp,1.6861699384265763,34036.0,226.29333334090808,1810.3466667272646
2025-10,-1,tp,1.5261555394698239,26291.0,206.28266667460403,1650.2613333968322
2025-10,-1,sl,-0.2839487952471243,24152.0,159.47733334091802,1275.8186667273442
2025-10,1,sl,-0.5308159160196382,206.0,406.3146666742613,3250.51733339409
2025-10,1,sl,-0.5307832389568768,210.0,406.3146666742613,3250.51733339409
2025-10,1,sl,-0.5307505618941154,249.0,406.3146666742613,3250.51733339409
2025-10,1,sl,-0.5307015462999733,250.0,406.3146666742613,3250.51733339409
2025-10,1,sl,-0.5901740616427379,348.0,465.8986666739235,3727.189333391388
2025-10,1,sl,-0.6304922116220397,269.0,506.3360000069191,4050.688000055353
2025-10,1,sl,-0.6400743019451023,298.0,515.978666673551,4127.829333388408
2025-10,1,sl,-0.6491766322681833,287.0,525.1413333401829,4201.130666721463
2025-10,1,sl,-0.6930283544193405,262.0,569.0986666733523,4552.789333386819
2025-10,1,sl,-0.8410068708929537,181.0,717.2906666725377,5738.325333380301
2025-10,-1,tp,2.957839409647779,7452.0,385.10933334094784,3080.8746667275827
2025-10,1,sl,-1.6168435946650177,1481.0,1495.0506666699796,11960.405333359837
2025-10,1,sl,-1.616630776279386,1573.0,1495.0506666699796,11960.405333359837
2025-10,-1,tp,4.808711220165599,89887.0,616.4799999984353,4931.839999987483
2025-10,1,soft_sl,-1.6164179578937539,8790.0,1495.0506666699796,11960.405333359837
2025-10,1,soft_sl,-0.7530968016879833,7338.0,632.1493333400786,5057.194666720628
2025-10,-1,sl,-1.148400739469994,57781.0,1026.4213333390157,8211.370666712126
2025-10,-1,sl,-0.8177072608738276,57283.0,695.5626666733623,5564.501333386898
2025-10,-1,sl,-1.1484558423704656,57783.0,1026.4213333390157,8211.370666712126
2025-10,-1,sl,-1.1485109452709372,57870.0,1026.4213333390157,8211.370666712126
2025-10,-1,sl,-1.1485935996216445,57905.0,1026.4213333390157,8211.370666712126
2025-10,-1,sl,-0.6666076183943178,4361.0,543.9786666728804,4351.829333383043
2025-10,-1,sl,-0.6552019830568504,4199.0,532.554666672796,4260.437333382368
2025-10,-1,sl,-0.6586647516464874,1471.0,535.9680000065267,4287.744000052214
2025-10,-1,sl,-0.6587194322127699,1786.0,535.9680000065267,4287.744000052214
2025-10,-1,sl,-0.6587741127790523,1788.0,535.9680000065267,4287.744000052214
2025-10,-1,sl,-0.4318081005367139,472.0,308.9173333410422,2471.3386667283376
2025-10,-1,sl,-0.42680213104544784,453.0,303.8933333411316,2431.146666729053
2025-10,-1,sl,-0.6588231250031653,2469.0,535.9680000065267,4287.744000052214
2025-10,-1,sl,-0.6588561336284758,2509.0,535.9680000065267,4287.744000052214
2025-10,-1,sl,-0.43480141618606527,1137.0,311.7973333411167,2494.3786667289337
2025-10,-1,sl,-0.658897708769348,2511.0,535.9680000065267,4287.744000052214
2025-10,-1,sl,-0.4665022916015943,783.0,343.29600000786286,2746.368000062903
2025-10,-1,sl,-0.8274129941037819,0.0,704.3200000066807,5634.560000053446
2025-10,-1,sl,-0.8275069232267424,3.0,704.3200000066807,5634.560000053446
2025-10,-1,sl,-0.8276008523497029,49.0,704.3200000066807,5634.560000053446
2025-10,-1,sl,-0.8277417460341436,83.0,704.3200000066807,5634.560000053446
2025-10,-1,sl,-1.0392353710912712,17.0,915.9680000058562,7327.74400004685
2025-10,-1,sl,-1.0393389867557055,64.0,915.9680000058562,7327.74400004685
2025-10,-1,soft_sl,-1.3360722807029695,11378.0,1212.8106666706005,9702.485333364804
2025-10,-1,sl,-0.8278878834409881,644.0,704.3200000066807,5634.560000053446
2025-10,-1,sl,-1.0394426024201397,546.0,915.9680000058562,7327.74400004685
2025-10,-1,soft_sl,-1.33798341674655,11861.0,1214.6240000039588,9716.99200003167
2025-10,-1,soft_sl,-1.3379965300163148,11861.0,1214.6240000039588,9716.99200003167
2025-10,-1,sl,-0.8279559913112557,928.0,704.3200000066807,5634.560000053446
2025-10,-1,sl,-0.8280240991815234,2387.0,704.3200000066807,5634.560000053446
2025-10,-1,sl,-0.827976568841545,2387.0,704.3200000066807,5634.560000053446
2025-10,-1,sl,-1.0395980259167914,2034.0,915.9680000058562,7327.74400004685
2025-10,-1,sl,-0.8281262609869249,2389.0,704.3200000066807,5634.560000053446
2025-10,-1,sl,-0.6455044498996731,0.0,522.048000007073,4176.384000056584
2025-10,-1,sl,-0.6456266769561628,0.0,522.048000007073,4176.384000056584
2025-10,-1,sl,-0.6457489040126526,493.0,522.048000007073,4176.384000056584
2025-10,-1,sl,-0.48708175234428636,566.0,363.52000000707807,2908.1600000566245
2025-10,1,sl,-0.5853909339229706,705.0,461.95200000626346,3695.6160000501077
2025-10,1,sl,-0.5853543184998352,721.0,461.95200000626346,3695.6160000501077
2025-10,1,sl,-0.5853177030766998,1266.0,461.95200000626346,3695.6160000501077
2025-10,1,sl,-0.8102160124655756,9665.0,686.7840000061939,5494.272000049551
2025-10,1,sl,-0.5852627799419966,7151.0,461.95200000626346,3695.6160000501077
2025-10,1,sl,-0.8126272541562106,9724.0,689.2266666728755,5513.813333383004
2025-10,1,sl,-0.8162432265135102,9723.0,692.8746666728705,5542.997333382964
2025-10,1,sl,-0.8177757983827787,9769.0,694.4533333395174,5555.626666716139
2025-10,1,sl,-0.5940308093842903,7146.0,470.8160000063976,3766.5280000511807
2025-10,1,sl,-0.8227644226091104,9493.0,699.5200000059357,5596.1600000474855
2025-10,1,sl,-0.3976013885477209,0.0,274.27200000810126,2194.17600006481
2025-10,1,sl,-0.397542548862622,0.0,274.27200000810126,2194.17600006481
2025-10,1,sl,-0.3974837091775231,0.0,274.27200000810126,2194.17600006481
2025-10,1,sl,-0.3973954496498748,546.0,274.27200000810126,2194.17600006481
2025-10,1,sl,-0.3972606147517559,12636.0,274.27200000810126,2194.17600006481
2025-10,1,sl,-0.3972483504371276,12636.0,274.27200000810126,2194.17600006481
2025-10,1,sl,-0.3972082875243148,14244.0,274.27200000810126,2194.17600006481
2025-10,1,sl,-0.3971559602968737,14359.0,274.27200000810126,2194.17600006481
2025-10,1,sl,-0.4311510907885548,13698.0,308.3626666742812,2466.9013333942494
2025-10,1,soft_sl,-0.672714600211517,40225.0,550.5600000063579,4404.480000050863
2025-10,1,soft_sl,-0.6942175160990822,40353.0,572.1493333394825,4577.19466671586
2025-10,1,soft_sl,-0.689247018831727,40356.0,567.2106666727612,4537.68533338209
2025-10,1,soft_sl,-0.6973824273047906,40299.0,575.3813333393136,4603.050666714509
2025-10,1,sl,-0.9315322791206999,43318.0,809.4186666722844,6475.349333378275
2025-10,1,soft_sl,-0.7016687946533167,40288.0,579.6800000059357,4637.440000047485
2025-10,1,soft_sl,-0.7030657291112552,40267.0,581.0986666726072,4648.789333380858
2025-10,1,sl,-0.9314546799760698,43334.0,809.4186666722844,6475.349333378275
2025-10,1,soft_sl,-0.6994261004877658,40238.0,577.5040000060201,4620.032000048161
2025-10,1,sl,-1.0569203439968828,44271.0,934.8586666709433,7478.8693333675465
2025-10,1,sl,-0.931424476114297,43375.0,809.4186666722844,6475.349333378275
2025-10,1,sl,-0.9202786328315784,43243.0,798.3146666724235,6386.517333379388
2025-10,1,sl,-0.7760956367817516,42482.0,654.1760000061989,5233.4080000495915
2025-10,1,sl,-0.7672794005575262,42473.0,645.3760000062238,5163.00800004979
2025-10,1,sl,-0.9166942503357555,43602.0,794.7733333390951,6358.186666712761
2025-10,1,sl,-1.0593785163569052,44651.0,937.3973333376398,7499.178666701118
2025-10,1,sl,-0.9547748225722101,44513.0,832.9173333386332,6663.338666709065
2025-10,1,sl,-0.7644757445561874,43273.0,642.7093333395819,5141.674666716655
2025-10,1,sl,-1.0673482668266414,45086.0,945.4506666708986,7563.605333367189
2025-10,1,sl,-1.0673485980501767,45086.0,945.4506666708986,7563.605333367189
2025-10,1,sl,-0.7501438575869042,43239.0,628.4053333395968,5027.242666716775
2025-10,1,sl,-0.9660430459245671,64211.0,844.2133333386232,6753.706666708986
2025-10,-1,soft_sl,-0.5711090898881198,308.0,447.9573333408932,3583.6586667271454
2025-10,1,sl,-0.47944089142506074,734.0,356.3733333409329,2850.986666727463
2025-10,1,sl,-0.5182065017835065,610.0,395.20000000722706,3161.6000000578165
2025-10,1,sl,-0.524199173475663,610.0,401.23733334057033,3209.8986667245626
2025-10,1,sl,-0.5333587623471931,600.0,410.4640000072122,3283.7120000576974
2025-10,1,sl,-0.5814545429107407,534.0,458.68800000704823,3669.504000056386
2025-10,1,sl,-0.9491956102330498,1440.0,827.0400000051409,6616.320000041127
2025-10,1,sl,-0.643105813652575,0.0,521.4720000074803,4171.776000059843
2025-10,1,sl,-0.6429338263693201,0.0,521.4720000074803,4171.776000059843
2025-10,1,sl,-0.6427618390860652,0.0,521.4720000074803,4171.776000059843
2025-10,1,sl,-0.6425038581611828,83.0,521.4720000074803,4171.776000059843
2025-10,1,sl,-0.5932887793087255,0.0,471.7226666741818,3773.7813333934546
2025-10,1,sl,-0.5931111986380732,45.0,471.7226666741818,3773.7813333934546
2025-10,1,soft_sl,-0.5929336179674208,2348.0,471.7226666741818,3773.7813333934546
2025-10,1,soft_sl,-0.5909720949614607,2340.0,470.02666667419174,3760.213333393534
2025-10,1,sl,-0.642307766238511,3792.0,521.4720000074803,4171.776000059843
2025-10,-1,tp,2.830836947295771,79031.0,369.1093333403766,2952.874666723013
2025-10,1,soft_sl,-1.3099524293753741,175828.0,1188.88533333761,9511.08266670088
2025-10,1,soft_sl,-1.2016703377871583,175664.0,1080.6186666713406,8644.949333370725
2025-10,1,soft_sl,-1.145956485737901,175544.0,1024.98133333837,8199.85066670696
2025-10,-1,tp,3.066852798869072,79361.0,398.61333333996436,3188.906666719715
2025-10,1,sl,-0.6422592119131183,4468.0,521.4720000074803,4171.776000059843
2025-10,1,sl,-0.6422106575877257,4468.0,521.4720000074803,4171.776000059843
2025-10,1,sl,-0.6421378260996365,4468.0,521.4720000074803,4171.776000059843
2025-10,1,sl,-0.6442274792863523,4466.0,523.6266666741172,4189.013333392938
2025-10,1,soft_sl,-1.616098730315306,176070.0,1495.0506666699796,11960.405333359837
2025-10,1,soft_sl,-1.1643439714330137,175565.0,1043.5520000050465,8348.416000040372
2025-10,1,sl,-0.6523579336192677,4425.0,531.8186666739235,4254.549333391388
2025-10,1,soft_sl,-1.6160342382963795,176164.0,1495.0506666699796,11960.405333359837
2025-10,-1,tp,3.0540309725413644,12370.0,396.9600000073016,3175.6800000584126
2025-10,-1,tp,3.0541487959358435,12379.0,396.9600000073016,3175.6800000584126
2025-10,-1,tp,5.833567278596335,251681.0,744.5439999982466,5956.351999985973
2025-10,-1,tp,3.0542666193303227,12384.0,396.9600000073016,3175.6800000584126
2025-10,-1,tp,5.833682019172464,251725.0,744.5439999982466,5956.351999985973
2025-10,-1,tp,4.054595020721878,82591.0,522.048000007073,4176.384000056584
2025-10,-1,tp,4.05464728982731,82593.0,522.048000007073,4176.384000056584
2025-10,-1,tp,6.094914062900205,251646.0,777.2053333316371,6217.642666653097
2025-10,-1,tp,5.833758512889884,251787.0,744.5439999982466,5956.351999985973
2025-10,-1,tp,4.054699558932741,82653.0,522.048000007073,4176.384000056584
2025-10,-1,tp,3.4622710164170685,13572.0,447.9573333408932,3583.6586667271454
2025-10,-1,soft_sl,-0.7740652004724459,10327.0,653.2586666736752,5226.069333389401
2025-10,-1,soft_sl,-0.7741290444500947,11402.0,653.2586666736752,5226.069333389401
2025-10,-1,soft_sl,-0.7741928884277435,11442.0,653.2586666736752,5226.069333389401
2025-10,-1,soft_sl,-0.7742886543942167,11912.0,653.2586666736752,5226.069333389401
2025-10,-1,soft_sl,-0.7472026483381312,14414.0,626.0266666734715,5008.213333387772
2025-10,-1,sl,-0.5482149767996559,22212.0,426.9013333410273,3415.2106667282183
2025-10,-1,sl,-0.5482547860379449,23388.0,426.9013333410273,3415.2106667282183
2025-10,-1,sl,-0.5504183232762734,23439.0,429.0240000077337,3432.1920000618697
2025-10,-1,sl,-0.5283122931337336,23790.0,406.8693333410968,3254.9546667287746
2025-10,-1,sl,-0.4834400082295974,23415.0,361.9200000078976,2895.360000063181
2025-10,1,soft_sl,-0.5808016742038874,517.0,459.4560000065714,3675.648000052571
2025-10,1,soft_sl,-0.5807311310385449,541.0,459.4560000065714,3675.648000052571
2025-10,1,soft_sl,-0.5806605878732023,543.0,459.4560000065714,3675.648000052571
2025-10,1,sl,-1.0259819902589602,2871.0,904.6293333382656,7237.034666706125
2025-10,1,soft_sl,-0.5806236536512092,544.0,459.4560000065714,3675.648000052571
2025-10,1,sl,-0.9396313347920044,2657.0,818.3573333386829,6546.858666709463
2025-10,1,sl,-0.922553720149644,1739.0,801.3013333385189,6410.410666708151
2025-10,1,soft_sl,-0.5805760211738856,545.0,459.4560000065714,3675.648000052571
2025-10,1,soft_sl,-0.5805547731251886,545.0,459.4560000065714,3675.648000052571
2025-10,1,sl,-1.0259210945252701,2873.0,904.6293333382656,7237.034666706125
2025-10,1,sl,-0.9444871484672608,2654.0,823.2533333386729,6586.026666709383
2025-10,1,sl,-0.9224919104662143,1740.0,801.3013333385189,6410.410666708151
2025-10,1,soft_sl,-0.5805283886965621,546.0,459.4560000065714,3675.648000052571
2025-10,1,sl,-0.9481010418581055,2648.0,826.9226666719964,6615.381333375971
2025-10,1,sl,-0.9495489845105847,2647.0,828.3840000053247,6627.072000042597
2025-10,1,sl,-0.9224751982419224,1742.0,801.3013333385189,6410.410666708151
2025-10,1,sl,-0.9224222280162362,1743.0,801.3013333385189,6410.410666708151
2025-10,1,sl,-0.9455593485539262,2643.0,824.4586666720112,6595.6693333760895
2025-10,1,sl,-0.9223966763342007,1758.0,801.3013333385189,6410.410666708151
2025-10,1,sl,-0.9162526585238369,2506.0,795.2106666719417,6361.685333375533
2025-10,1,sl,-0.9223525455662581,1759.0,801.3013333385189,6410.410666708151
2025-10,1,sl,-0.9174846119522075,2499.0,796.4693333386382,6371.754666709106
2025-10,1,sl,-0.9222788934726184,1787.0,801.3013333385189,6410.410666708151
2025-10,1,sl,-0.922248021891291,1789.0,801.3013333385189,6410.410666708151
2025-10,1,sl,-0.9356884260603824,2509.0,814.8480000051608,6518.784000041286
2025-10,1,sl,-0.9220825887033144,1897.0,801.3013333385189,6410.410666708151
2025-10,1,sl,-0.9220738157663458,1897.0,801.3013333385189,6410.410666708151
2025-10,1,sl,-0.6180654020784883,74442.0,497.69600000731646,3981.5680000585317
2025-10,1,sl,-0.5628962631950157,74366.0,442.60266667425634,3540.8213333940507
2025-10,1,sl,-0.5407604419646764,73839.0,420.5013333414743,3364.0106667317946
2025-10,1,sl,-0.578415791179493,74362.0,458.14400000755984,3665.1520000604787
2025-10,1,sl,-0.5598306740672366,73792.0,439.626666674912,3517.013333399296
2025-10,1,sl,-0.5666882122808921,73776.0,446.52800000819065,3572.224000065525
2025-10,1,sl,-0.5603380782208505,73743.0,440.20266667485237,3521.621333398819
2025-10,-1,tp,5.833835006607303,332326.0,744.5439999982466,5956.351999985973
2025-10,-1,tp,4.054848971466296,163265.0,522.048000007073,4176.384000056584
2025-10,-1,tp,3.462396867298511,94184.0,447.9573333408932,3583.6586667271454
2025-10,-1,tp,5.06428535582046,163266.0,648.2026666731635,5185.621333385308
2025-10,-1,tp,5.088676105058402,163241.0,651.2533333397408,5210.026666717927
2025-10,1,sl,-2.099455662085294,342.0,1979.9573333351314,15839.65866668105
2025-10,1,sl,-1.0799078171733427,671.0,960.6720000033578,7685.376000026862
2025-10,1,sl,-1.242996582381251,1505.0,1123.8080000031243,8990.464000024995
2025-10,1,sl,-1.079680197045421,958.0,960.6720000033578,7685.376000026862
2025-10,1,sl,-1.2427674345911262,1578.0,1123.8080000031243,8990.464000024995
2025-10,1,sl,-2.099268809069336,4908.0,1979.9573333351314,15839.65866668105
2025-10,1,sl,-0.9308747948065443,0.0,811.6693333385884,6493.354666708708
2025-10,1,sl,-0.9306452598325788,50.0,811.6693333385884,6493.354666708708
2025-10,1,soft_sl,-0.9304157248586132,155.0,811.6693333385884,6493.354666708708
2025-10,1,sl,-1.080827888917489,1307.0,962.0480000033477,7696.384000026782
2025-10,1,sl,-1.242538286801001,2054.0,1123.8080000031243,8990.464000024995
2025-10,1,sl,-2.0990819560533778,5491.0,1979.9573333351314,15839.65866668105
2025-10,1,sl,-0.9599997331167196,1283.0,841.4720000040282,6731.776000032226
2025-10,1,sl,-0.9599935267028762,1285.0,841.4720000040282,6731.776000032226
2025-10,1,sl,-0.9599822339592453,1286.0,841.4720000040282,6731.776000032226
2025-10,1,sl,-0.9599707467262891,1373.0,841.4720000040282,6731.776000032226
2025-10,1,sl,-0.9221067904642728,1285.0,803.6266666710128,6429.013333368102
2025-10,1,sl,-0.9599399922972993,1382.0,841.4720000040282,6731.776000032226
2025-10,1,sl,-0.9124625576357115,1280.0,794.0266666710874,6352.213333368699
2025-10,1,sl,-0.9203222498920833,1300.0,801.8880000043908,6415.104000035127
2025-10,-1,tp,5.523998029397167,172081.0,705.600000006631,5644.800000053048
2025-10,1,sl,-2.098900680561857,5794.0,1979.9573333351314,15839.65866668105
2025-10,1,sl,-0.8933220816173848,1198.0,774.9546666713804,6199.6373333710435
2025-10,1,sl,-0.8933265443930745,1198.0,774.9546666713804,6199.6373333710435
2025-10,1,soft_sl,-0.9300591075802062,729.0,811.6693333385884,6493.354666708708
2025-10,1,soft_sl,-0.9300097849771348,729.0,811.6693333385884,6493.354666708708
2025-10,1,soft_sl,-0.9300714223976649,729.0,811.6693333385884,6493.354666708708
2025-10,1,sl,-2.098791083530298,5796.0,1979.9573333351314,15839.65866668105
2025-10,1,sl,-2.098801676529441,5796.0,1979.9573333351314,15839.65866668105
2025-10,1,sl,-0.893854303654897,1171.0,775.6053333381067,6204.842666704853
2025-10,1,sl,-0.8668760749370151,966.0,748.6293333382905,5989.034666706324
2025-10,1,soft_sl,-0.9299604623740636,731.0,811.6693333385884,6493.354666708708
2025-10,1,soft_sl,-0.9203126011361364,681.0,802.0906666719417,6416.725333375533
2025-10,1,sl,-2.0986814864987395,5838.0,1979.9573333351314,15839.65866668105
2025-10,1,soft_sl,-0.9201892946284583,948.0,802.0906666719417,6416.725333375533
2025-10,1,sl,-0.8639119783093263,1206.0,745.9093333386134,5967.274666708907
2025-10,1,sl,-0.8638868110744043,1206.0,745.9093333386134,5967.274666708907
2025-10,1,sl,-2.098517090951401,8283.0,1979.9573333351314,15839.65866668105
2025-10,1,sl,-2.091777823989504,11304.0,1973.3973333350818,15787.178666680655
2025-10,1,sl,-2.0771336583725377,11950.0,1958.8373333351562,15670.69866668125
2025-10,-1,tp,7.366296183789442,179809.0,935.7973333392044,7486.3786667136355
2025-10,-1,tp,7.207769120249145,179892.0,915.9680000058562,7327.74400004685
2025-10,-1,tp,7.207881272525036,179899.0,915.9680000058562,7327.74400004685
2025-10,-1,tp,7.207956040708963,179966.0,915.9680000058562,7327.74400004685
2025-10,-1,tp,7.207976790974856,179966.0,915.9680000058562,7327.74400004685
2025-10,-1,tp,7.20803080889289,179975.0,915.9680000058562,7327.74400004685
2025-10,1,sl,-1.3730659944583703,3109.0,1256.405333336244,10051.242666689952
2025-10,1,sl,-1.3728821114496579,3116.0,1256.405333336244,10051.242666689952
2025-10,1,sl,-1.9492004835752674,4439.0,1832.5973333361744,14660.778666689395
2025-10,1,sl,-1.3726982284409455,3122.0,1256.405333336244,10051.242666689952
2025-10,1,sl,-1.949000695161306,4449.0,1832.5973333361744,14660.778666689395
2025-10,1,sl,-1.3704074119278882,3168.0,1254.389333336254,10035.114666690031
2025-10,1,sl,-1.9488009067473446,4498.0,1832.5973333361744,14660.778666689395
2025-10,1,sl,-1.9485012241264024,4618.0,1832.5973333361744,14660.778666689395
2025-10,1,sl,-1.9481592808871264,4631.0,1832.5973333361744,14660.778666689395
2025-10,1,sl,-1.9480702174114415,4632.0,1832.5973333361744,14660.778666689395
2025-10,1,sl,-1.9485248819357366,4609.0,1833.1413333361595,14665.130666689276
2025-10,1,sl,-1.9485454810914788,4609.0,1833.1413333361595,14665.130666689276
2025-10,-1,tp,7.720964505958333,24659.0,979.8720000046243,7838.976000036994
2025-10,-1,tp,7.841757460024499,24726.0,994.954666671132,7959.637333369056
2025-10,-1,tp,10.036421749674583,4649.0,1268.501333336234,10148.010666689872
2025-10,-1,tp,9.993833123671983,4622.0,1263.1893333362789,10105.514666690231
2025-10,-1,sl,-0.6666763516425893,1275.0,552.0106666735311,4416.085333388249
2025-10,-1,sl,-0.7704025487183368,2102.0,655.7760000060996,5246.208000048797
2025-10,-1,sl,-0.7701919301801832,2079.0,655.5200000062088,5244.16000004967
2025-10,-1,sl,-0.6747913038351326,1278.0,560.0533333401382,4480.426666721106
2025-10,-1,sl,-0.6782560854895642,1290.0,563.4026666735609,4507.221333388487
2025-10,-1,sl,-0.68548901353888,9163.0,570.5600000068049,4564.480000054439
2025-10,-1,sl,-0.4651225864284717,0.0,349.86666667521,2798.93333340168
2025-10,-1,sl,-0.4652098888829088,7.0,349.86666667521,2798.93333340168
2025-10,-1,sl,-0.4652971913373459,82.0,349.86666667521,2798.93333340168
2025-10,-1,sl,-0.4654281450190015,2896.0,349.86666667521,2798.93333340168
2025-10,1,sl,-0.3608734684256825,6932.0,245.4933333413303,1963.9466667306424
2025-10,1,soft_sl,-0.7720634134150428,40342.0,657.9946666728954,5263.957333383163
2025-10,1,soft_sl,-0.7579629237260014,40466.0,643.9680000061791,5151.7440000494325
2025-10,1,soft_sl,-0.7611124713702297,40814.0,647.2000000060598,5177.600000048478
2025-10,-1,tp,2.665655294699861,31032.0,347.48800000851355,2779.9040000681084
2025-10,-1,tp,2.672431488754181,31050.0,348.3306666751206,2786.645333400965
2025-10,-1,tp,2.6724338549211257,31050.0,348.3306666751206,2786.645333400965
2025-10,1,sl,-0.5904683500484691,6924.0,478.2613333080212,3826.0906664641698
2025-10,1,sl,-0.5903794572491411,7326.0,478.2613333080212,3826.0906664641698
2025-10,1,sl,-0.5902905644498131,24930.0,478.2613333080212,3826.0906664641698
2025-10,1,sl,-0.5537061265836225,24908.0,441.79199997415145,3534.3359997932116
2025-10,1,soft_sl,-0.7307355847151222,2508.0,618.655999973913,4949.247999791304
2025-10,1,soft_sl,-0.7306477377114156,3618.0,618.655999973913,4949.247999791304
2025-10,1,soft_sl,-0.7305598907077088,4060.0,618.655999973913,4949.247999791304
2025-10,1,soft_sl,-0.7304281202021486,4067.0,618.655999973913,4949.247999791304
2025-10,1,soft_sl,-0.7303814926259564,4084.0,618.655999973913,4949.247999791304
2025-10,1,soft_sl,-0.7303340929400877,4097.0,618.655999973913,4949.247999791304
2025-10,1,soft_sl,-0.7302866932542188,4099.0,618.655999973913,4949.247999791304
2025-10,1,soft_sl,-0.7305141110587371,7736.0,618.9546666405598,4951.637333124479
2025-10,1,soft_sl,-0.7309654573596154,7735.0,619.413333307306,4955.306666458448
2025-10,1,soft_sl,-1.4319739824449893,1233.0,1325.6853333233794,10605.482666587035
2025-10,1,soft_sl,-1.4317809911159078,1611.0,1325.6853333233794,10605.482666587035
2025-10,1,soft_sl,-1.4315879997868264,1637.0,1325.6853333233794,10605.482666587035
2025-10,1,soft_sl,-1.4315133710146317,1663.0,1325.6853333233794,10605.482666587035
2025-10,1,soft_sl,-1.4314323920857217,1728.0,1325.6853333233794,10605.482666587035
2025-10,1,soft_sl,-1.4313514131568117,2298.0,1325.6853333233794,10605.482666587035
2025-10,1,soft_sl,-1.431298512793204,2369.0,1325.6853333233794,10605.482666587035
2025-10,1,soft_sl,-1.4312299447634464,2395.0,1325.6853333233794,10605.482666587035
2025-10,1,soft_sl,-1.4310274974411714,2414.0,1325.6853333233794,10605.482666587035
2025-10,-1,sl,-0.9108901375613171,849.0,806.1759999789795,6449.407999831836
2025-10,-1,sl,-0.9109591156864928,872.0,806.1759999789795,6449.407999831836
2025-10,-1,sl,-0.9110280938116685,876.0,806.1759999789795,6449.407999831836
2025-10,-1,sl,-0.911131560999432,880.0,806.1759999789795,6449.407999831836
2025-10,-1,sl,-0.8700567263113788,863.0,764.9493333113194,6119.594666490555
2025-10,-1,sl,-1.3655317441469714,1646.0,1260.4693333184719,10083.754666547775
2025-10,-1,sl,-1.3361147659973351,1619.0,1230.9866666506728,9847.893333205382
2025-10,-1,sl,-1.2494720507739803,1479.0,1144.2666666500768,9154.133333200614
2025-10,-1,sl,-1.0324232214003173,1209.0,927.1253333143393,7417.002666514714
2025-10,-1,sl,-1.6516209942999511,1923.0,1546.495999989609,12371.967999916871
2025-10,-1,sl,-1.0964655696940042,252.0,990.602666647931,7924.821333183448
2025-10,-1,sl,-1.1635445666490887,687.0,1057.493333315452,8459.946666523616
2025-10,1,sl,-0.8116433352701974,2467.0,706.1759999765952,5649.407999812762
2025-10,1,sl,-0.8115885407183622,2472.0,706.1759999765952,5649.407999812762
2025-10,1,sl,-0.8115337461665271,2883.0,706.1759999765952,5649.407999812762
2025-10,1,sl,-0.8089141570051713,2830.0,703.6373333096504,5629.098666477204
2025-10,1,sl,-0.7845226372923412,2930.0,679.370666643083,5434.965333144664
2025-10,-1,soft_sl,-0.8548362727526658,7475.0,749.0559999755025,5992.44799980402
2025-10,-1,soft_sl,-0.9717179945777766,11683.0,865.9733333123723,6927.786666498979
2025-10,-1,soft_sl,-0.9718588257642319,12861.0,865.9733333123723,6927.786666498979
2025-10,-1,soft_sl,-0.8624250347499685,8500.0,756.4906666433811,6051.925333147049
2025-10,-1,soft_sl,-0.8610190470142824,8499.0,755.071999976635,6040.57599981308
2025-10,-1,soft_sl,-0.9719996569506871,13246.0,865.9733333123723,6927.786666498979
2025-10,-1,soft_sl,-1.0832539128525127,8534.0,977.1519999817014,7817.215999853611
2025-10,-1,soft_sl,-0.9338877517291141,12941.0,827.6693333111207,6621.354666488965
2025-10,-1,soft_sl,-1.0856349066857138,8539.0,979.4879999817412,7835.903999853929
2025-10,-1,soft_sl,-0.8703088607258809,12957.0,763.9999999776483,6111.999999821186
2025-10,-1,soft_sl,-1.0959507087512097,8852.0,989.7493333151937,7917.994666521549
2025-10,-1,soft_sl,-1.0959671094355825,8853.0,989.7493333151937,7917.994666521549
2025-10,-1,sl,-1.19741229960326,17122.0,1091.1893333153923,8729.514666523139
2025-10,-1,soft_sl,-1.1035364020185219,8924.0,997.2053333152334,7977.642666521867
2025-10,-1,sl,-1.737557577330195,4454.0,1631.4133333269756,13051.306666615805
2025-10,-1,sl,-1.7376346396936693,4458.0,1631.4133333269756,13051.306666615805
2025-10,-1,sl,-1.7377117020571433,4459.0,1631.4133333269756,13051.306666615805
2025-10,-1,sl,-1.4004339710355362,17268.0,1293.8773333163062,10351.01866653045
2025-10,-1,sl,-1.7524799516024425,4585.0,1646.0586666603883,13168.469333283107
2025-10,-1,sl,-1.791475307523449,4564.0,1685.0026666604479,13480.021333283583
2025-10,-1,sl,-1.8283007162567388,4449.0,1721.7173333269357,13773.738666615485
2025-10,-1,sl,-0.6939963674663964,1923.0,587.5733333108823,4700.586666487058
2025-10,-1,sl,-0.7762855189867108,3299.0,669.8879999800523,5359.1039998404185
2025-10,-1,soft_sl,-0.7419487242807085,2644.0,635.5199999781449,5084.1599998251595
2025-10,-1,sl,-0.7764328572791181,4233.0,669.8879999800523,5359.1039998404185
2025-10,-1,sl,-0.6941442057062128,2867.0,587.5733333108823,4700.586666487058
2025-10,-1,soft_sl,-0.7420951537446638,3423.0,635.5199999781449,5084.1599998251595
2025-10,-1,soft_sl,-0.6806321272075404,3697.0,573.9413333104054,4591.530666483243
2025-10,-1,sl,-0.6942920439460293,3683.0,587.5733333108823,4700.586666487058
2025-10,-1,sl,-0.7765801955715256,5050.0,669.8879999800523,5359.1039998404185
2025-10,-1,sl,-0.6943625036554052,10571.0,587.5733333108823,4700.586666487058
2025-10,-1,sl,-0.6930734294316081,11637.0,586.2506666442752,4690.005333154201
2025-10,-1,sl,-0.755126371009579,13969.0,648.223999979496,5185.791999835968
2025-10,-1,sl,-0.7594768512105659,11099.0,652.5866666470964,5220.693333176771
2025-10,-1,sl,-0.769613271874774,11103.0,662.6666666470965,5301.333333176772
2025-10,-1,sl,-2.4486738455170465,166522.0,2342.1973333262404,18737.578666609923
2025-10,-1,sl,-2.4488098704960346,166523.0,2342.1973333262404,18737.578666609923
2025-10,-1,sl,-2.4489458954750227,166525.0,2342.1973333262404,18737.578666609923
2025-10,-1,sl,-1.7774040474233253,167527.0,1670.2719999851784,13362.175999881427
2025-10,-1,sl,-2.449020991059725,166578.0,2342.1973333262404,18737.578666609923
2025-10,-1,sl,-2.449162218815116,166600.0,2342.1973333262404,18737.578666609923
2025-10,-1,sl,-2.449149932943505,166600.0,2342.1973333262404,18737.578666609923
2025-10,-1,sl,-2.4493034465705072,182788.0,2342.1973333262404,18737.578666609923
2025-10,-1,sl,-2.449489995390975,182896.0,2342.1973333262404,18737.578666609923
2025-10,-1,sl,-2.449515288203594,185311.0,2342.1973333262404,18737.578666609923
2025-10,1,tp,4.504293519585367,216760.0,576.6079999777675,4612.86399982214
2025-10,1,tp,4.462840153876313,216942.0,571.4346666440367,4571.477333152294
2025-10,1,tp,4.503814630828508,216774.0,576.5546666444342,4612.437333155473
2025-10,1,tp,4.61943802130507,216478.0,590.9973333128294,4727.978666502635
2025-10,1,tp,4.462805196927295,216971.0,571.4346666440367,4571.477333152294
2025-10,1,tp,5.046135700348471,337309.0,644.4053333126506,5155.242666501204
2025-10,1,tp,5.197561157301268,337046.0,663.327999979357,5306.623999834856
2025-10,1,tp,5.311117558259296,336975.0,677.514666646719,5420.117333173752
2025-10,1,tp,5.040799753301454,337361.0,643.7439999793967,5149.951999835173
2025-10,1,tp,5.171731487393109,337165.0,660.1066666456063,5280.8533331648505
2025-10,1,tp,5.371597930310043,337561.0,685.0986666467786,5480.789333174229
2025-10,1,tp,7.285152245746211,360097.0,924.1813333139817,7393.450666511853
2025-10,1,tp,7.429477293204179,360310.0,942.2506666475534,7538.005333180427
2025-10,1,tp,5.766577668208221,337984.0,734.5066666481893,5876.053333185514
2025-10,1,tp,7.42931995132691,360322.0,942.2506666475534,7538.005333180427
2025-10,1,tp,5.744514922800442,337998.0,731.7546666483084,5854.037333186468
2025-10,1,tp,5.744457169391706,338406.0,731.7546666483084,5854.037333186468
2025-10,1,sl,-0.9561187279044453,1693.0,844.4266666468978,6755.413333175183
2025-10,1,sl,-0.46667591626139193,0.0,354.45333330452445,2835.6266664361956
2025-10,1,sl,-0.4665371638344263,4.0,354.45333330452445,2835.6266664361956
2025-10,1,sl,-0.4663984114074606,236.0,354.45333330452445,2835.6266664361956
2025-10,1,sl,-0.4665954134336595,517.0,354.85866663783787,2838.869333102703
2025-10,1,sl,-0.4471618856027663,815.0,335.5626666371028,2684.5013330968222
2025-10,1,sl,-0.4632482770878408,632.0,351.69066663752,2813.52533310016
2025-10,1,sl,-0.457457612572618,611.0,345.9306666376193,2767.4453331009545
2025-10,1,sl,-0.9560714258591682,7303.0,844.4266666468978,6755.413333175183
2025-10,1,sl,-0.4752010611332947,651.0,363.7333333046238,2909.8666664369903
2025-10,1,sl,-0.4833477491784241,752.0,371.96799997140965,2975.7439997712772
2025-10,1,sl,-0.48334931103315243,752.0,371.96799997140965,2975.7439997712772
2025-10,1,sl,-0.9551818784804151,7412.0,843.583999980092,6748.671999840736
2025-10,1,sl,-0.9364642534120604,7495.0,824.9279999796549,6599.4239998372395
2025-10,1,sl,-0.9380304889655137,7492.0,826.6133333129684,6612.906666503747
2025-10,1,sl,-0.6870443475877076,5939.0,575.7973333064715,4606.378666451772
2025-10,1,sl,-0.9484630734817268,7452.0,837.1093333127101,6696.874666501681
2025-10,1,sl,-0.7434079843669174,5956.0,632.4266666401426,5059.413333121141
2025-10,-1,sl,-0.47874752423106437,1371.0,370.8053333034118,2966.4426664272946
2025-10,-1,sl,-0.6466717544987738,2281.0,538.7946666400632,4310.357333120505
2025-10,-1,sl,-0.48134249853390476,1493.0,373.3546666367849,2986.837333094279
2025-10,-1,sl,-0.6260426233673684,2008.0,518.1013333075246,4144.810666460196
2025-10,-1,sl,-0.49793021153298667,1530.0,389.86666663696366,3118.9333330957093
2025-10,-1,sl,-0.49794291491042,1531.0,389.86666663696366,3118.9333330957093
2025-10,-1,sl,-0.5333794112876277,4835.0,425.20533330450456,3401.6426664360365
2025-10,-1,sl,-0.5721375757040366,5915.0,463.8506666385134,3710.8053331081073
2025-10,1,sl,-0.626080520026236,32746.0,518.7839999720454,4150.271999776363
2025-10,1,sl,-0.6260008337948063,32746.0,518.7839999720454,4150.271999776363
2025-10,1,sl,-0.6640780595654051,32192.0,556.9599999740719,4455.6799997925755
2025-10,1,sl,-0.3038421075592658,0.0,193.90933330188196,1551.2746664150557
2025-10,1,sl,-0.3037339691396908,0.0,193.90933330188196,1551.2746664150557
2025-10,1,sl,-0.30362583072011584,0.0,193.90933330188196,1551.2746664150557
2025-10,1,sl,-0.30346362309075336,0.0,193.90933330188196,1551.2746664150557
2025-10,1,tp,1.4410456258646889,23663.0,193.90933330188196,1551.2746664150557
2025-10,1,tp,1.4410002316965171,23664.0,193.90933330188196,1551.2746664150557
2025-10,1,tp,1.441022928780603,23664.0,193.90933330188196,1551.2746664150557
2025-10,-1,sl,-0.5173327375488964,1.0,404.08533330142495,3232.6826664113996
2025-10,-1,soft_sl,-0.5174455789738399,1448.0,404.08533330142495,3232.6826664113996
2025-10,-1,soft_sl,-0.5175584203987833,2290.0,404.08533330142495,3232.6826664113996
2025-10,-1,soft_sl,-0.5177276825361985,2363.0,404.08533330142495,3232.6826664113996
2025-10,1,sl,-0.3715829337375937,28846.0,258.2506666312615,2066.005333050092
2025-10,1,sl,-0.3718185162312452,28848.0,258.50666663130124,2068.05333305041
2025-10,-1,sl,-0.3206800721245291,0.0,205.25866663078466,1642.0693330462773
2025-10,-1,sl,-0.3207332541841553,0.0,205.25866663078466,1642.0693330462773
2025-10,-1,sl,-0.32078643624378156,55.0,205.25866663078466,1642.0693330462773
2025-10,-1,sl,-0.3208662093332209,169.0,205.25866663078466,1642.0693330462773
2025-10,-1,sl,-0.32088681869452107,680.0,205.25866663078466,1642.0693330462773
2025-10,-1,sl,-0.32090571354425235,680.0,205.25866663078466,1642.0693330462773
2025-10,-1,sl,-0.3209246083939836,735.0,205.25866663078466,1642.0693330462773
2025-10,-1,sl,-0.3239731266688465,725.0,208.27733329772948,1666.2186663818359
2025-10,-1,sl,-0.3218326037929765,1105.0,206.09066663086415,1648.7253330469132
2025-10,-1,sl,-0.32183158048235416,1105.0,206.09066663086415,1648.7253330469132
2025-10,1,sl,-0.6224290329386777,85869.0,508.223999971052,4065.791999768416
2025-10,1,sl,-0.6198062430453201,86509.0,505.6853333045046,4045.4826664360367
2025-10,-1,sl,-0.6640973343956038,244.0,548.8853333087762,4391.08266647021
2025-10,-1,sl,-0.7433933885745506,628.0,628.1706666446726,5025.3653331573805
2025-10,-1,sl,-0.743471489497281,628.0,628.1706666446726,5025.3653331573805
2025-10,-1,sl,-0.6641774828124363,279.0,548.8853333087762,4391.08266647021
2025-10,-1,sl,-0.6642576312292688,280.0,548.8853333087762,4391.08266647021
2025-10,-1,sl,-0.7435495904200115,651.0,628.1706666446726,5025.3653331573805
2025-10,-1,sl,-0.6643232656879544,314.0,548.8853333087762,4391.08266647021
2025-10,-1,sl,-0.7436063358543051,664.0,628.1706666446726,5025.3653331573805
2025-10,-1,sl,-0.6643715884276035,315.0,548.8853333087762,4391.08266647021
2025-10,-1,sl,-0.6643778538545175,318.0,548.8853333087762,4391.08266647021
2025-10,-1,sl,-0.7436572543149219,889.0,628.1706666446726,5025.3653331573805
2025-10,-1,sl,-0.7436667418041072,889.0,628.1706666446726,5025.3653331573805
2025-10,-1,sl,-0.6644199111672526,540.0,548.8853333087762,4391.08266647021
2025-10,-1,sl,-0.7437081727755388,946.0,628.1706666446726,5025.3653331573805
2025-10,-1,sl,-0.6644923952767262,599.0,548.8853333087762,4391.08266647021
2025-10,-1,sl,-0.6178455368955661,429.0,502.17599997440976,4017.407999795278
2025-10,-1,sl,-0.743784550466464,992.0,628.1706666446726,5025.3653331573805
2025-10,-1,sl,-0.6049140341245186,423.0,489.2159999741117,3913.7279997928936
2025-10,-1,sl,-0.7438619941109333,1066.0,628.1706666446726,5025.3653331573805
2025-10,-1,sl,-0.743911846618006,1068.0,628.1706666446726,5025.3653331573805
2025-10,1,sl,-0.6325919904617857,11059.0,517.9626666407784,4143.701333126227
2025-10,1,sl,-0.6325004322968413,11062.0,517.9626666407784,4143.701333126227
2025-10,1,sl,-0.8134331038348457,9425.0,698.879999979635,5591.03999983708
2025-10,1,sl,-0.6361259644589736,10868.0,521.6853333077828,4173.482666462262
2025-10,1,sl,-0.636129679465581,10868.0,521.6853333077828,4173.482666462262
2025-10,1,sl,-0.6445456396386949,10953.0,530.1546666411559,4241.237333129247
2025-10,1,sl,-0.651995133484827,10934.0,537.653333307604,4301.226666460832
2025-10,1,sl,-0.7464575667605126,0.0,632.3519999764363,5058.815999811491
2025-10,1,sl,-0.7463353068874722,154.0,632.3519999764363,5058.815999811491
2025-10,1,sl,-0.7462130470144319,215.0,632.3519999764363,5058.815999811491
2025-10,-1,tp,1.7024176707918137,7005.0,227.09333330214022,1816.7466664171218
2025-10,1,sl,-1.1819093345771159,1685.0,1067.9253333119552,8543.402666495642
2025-10,1,sl,-1.1817995892720585,1685.0,1067.9253333119552,8543.402666495642
2025-10,1,sl,-0.7459343570745,654.0,632.3519999764363,5058.815999811491
2025-10,1,sl,-0.7460296572048714,654.0,632.3519999764363,5058.815999811491
2025-10,1,sl,-1.1816898439670014,1686.0,1067.9253333119552,8543.402666495642
2025-10,1,sl,-0.7458577695073748,656.0,632.3519999764363,5058.815999811491
2025-10,1,sl,-1.1815252260094153,1688.0,1067.9253333119552,8543.402666495642
2025-10,1,sl,-0.9141230215598752,1418.0,800.6613333090146,6405.290666472117
2025-10,1,sl,-0.9141204947438387,1418.0,800.6613333090146,6405.290666472117
2025-10,1,sl,-0.74243326697849,895.0,629.0133333087961,5032.1066664703685
2025-10,1,sl,-0.7360260619399495,600.0,622.5919999761383,4980.735999809106
2025-10,1,sl,-0.7444233248555862,582.0,631.0506666430831,5048.405333144665
2025-10,1,sl,-0.6967094579224773,500.0,583.3706666426857,4666.965333141486
2025-10,1,sl,-1.1814234943376964,1691.0,1067.9253333119552,8543.402666495642
2025-10,1,sl,-1.1813384419502526,2164.0,1067.9253333119552,8543.402666495642
2025-10,1,sl,-0.7681383373437667,1345.0,654.9439999760191,5239.551999808153
2025-10,1,sl,-0.6784896743371466,479.0,565.333333308498,4522.666666467984
2025-10,-1,sl,-0.49531504689107236,790.0,382.42133330484234,3059.3706664387387
2025-10,-1,sl,-0.5005783932517822,872.0,387.6373333048821,3101.0986664390566
2025-10,-1,sl,-0.5005910917755079,877.0,387.6373333048821,3101.0986664390566
2025-10,-1,soft_sl,-0.38650937237845095,1199.0,273.4933333030343,2187.9466664242746
2025-10,-1,sl,-0.4752472067255027,4153.0,362.2293333031734,2897.8346664253872
2025-10,-1,sl,-0.4752661159144466,4166.0,362.2293333031734,2897.8346664253872
2025-10,-1,sl,-0.6791553156388881,4507.0,566.207999975582,4529.663999804656
2025-10,1,sl,-0.40070409054464207,4087.0,287.79733330398795,2302.3786664319036
2025-10,1,sl,-0.4005529485963404,7727.0,287.79733330398795,2302.3786664319036
2025-10,1,sl,-0.41366153485361157,9080.0,301.01333330462376,2408.10666643699
2025-10,1,soft_sl,-0.8935413462910552,12669.0,780.7146666455269,6245.717333164215
2025-10,1,sl,-0.3209711125033034,405.0,208.38399996707838,1667.071999736627
2025-10,1,sl,-0.3209217101639894,424.0,208.38399996707838,1667.071999736627
2025-10,1,soft_sl,-0.320909591699091,569.0,208.38399996707838,1667.071999736627
2025-10,1,soft_sl,-0.3208848144040526,597.0,208.38399996707838,1667.071999736627
2025-10,1,soft_sl,-0.32086003710901423,599.0,208.38399996707838,1667.071999736627
2025-10,1,soft_sl,-0.3208723078246754,599.0,208.38399996707838,1667.071999736627
2025-10,1,soft_sl,-0.32082287116645664,1022.0,208.38399996707838,1667.071999736627
2025-10,1,soft_sl,-0.322322774982449,969.0,209.90933330049117,1679.2746664039294
2025-10,1,soft_sl,-0.29295617059425527,622.0,180.56533329914012,1444.522666393121
2025-10,1,soft_sl,-0.8933535850558608,13963.0,780.7146666455269,6245.717333164215
2025-10,1,soft_sl,-0.8931658238206666,14966.0,780.7146666455269,6245.717333164215
2025-10,-1,sl,-0.8556319043837187,35631.0,742.6346666433413,5941.077333146731
2025-10,-1,sl,-0.9125523487931266,36324.0,799.5306666451693,6396.245333161354
2025-10,-1,sl,-0.9136019957830118,38228.0,800.5439999782046,6404.351999825637
2025-10,-1,sl,-0.9205212427733794,38213.0,807.4239999784032,6459.391999827226
2025-10,1,sl,-0.5528907627832449,0.0,440.4266666398446,3523.413333118757
2025-10,1,sl,-0.5528182933249403,16.0,440.4266666398446,3523.413333118757
2025-10,1,sl,-0.5527458238666356,1385.0,440.4266666398446,3523.413333118757
2025-10,1,sl,-0.5526371196791786,1393.0,440.4266666398446,3523.413333118757
2025-10,1,sl,-0.5526016446775053,1470.0,440.4266666398446,3523.413333118757
2025-10,1,sl,-0.5525739985776367,1473.0,440.4266666398446,3523.413333118757
2025-10,1,sl,-0.5525463524777681,1619.0,440.4266666398446,3523.413333118757
2025-10,1,sl,-0.5525048833279651,1619.0,440.4266666398446,3523.413333118757
2025-10,1,sl,-0.552455946033417,1619.0,440.4266666398446,3523.413333118757
2025-10,1,soft_sl,-0.899760741967778,65744.0,787.5946666454275,6300.75733316342
2025-10,1,sl,-0.5524357680782935,1621.0,440.4266666398446,3523.413333118757
2025-10,1,soft_sl,-0.9012413327505227,65745.0,789.1093333121141,6312.874666496913
2025-10,1,sl,-1.0268025150167968,633.0,915.0186666472753,7320.149333178202
2025-10,1,sl,-1.0266959900488133,823.0,915.0186666472753,7320.149333178202
2025-10,1,sl,-1.02658946508083,1039.0,915.0186666472753,7320.149333178202
2025-10,1,sl,-1.0264388810629024,1173.0,915.0186666472753,7320.149333178202
2025-10,1,sl,-1.026381755785648,1173.0,915.0186666472753,7320.149333178202
2025-10,1,sl,-1.0264296776288548,1173.0,915.0186666472753,7320.149333178202
2025-10,1,sl,-1.0263246305083937,9751.0,915.0186666472753,7320.149333178202
2025-10,1,sl,-1.0262389425925125,9751.0,915.0186666472753,7320.149333178202
2025-10,1,sl,-1.0253104585422304,9751.0,914.1653333139419,7313.322666511535
2025-10,1,sl,-0.9680664920647806,9651.0,856.9599999793371,6855.679999834697
2025-10,-1,tp,2.946727341547647,18019.0,382.29333330214024,3058.346666417122
2025-10,-1,tp,2.9466834261389887,18019.0,382.29333330214024,3058.346666417122
2025-10,-1,tp,2.9466395107303307,18019.0,382.29333330214024,3058.346666417122
2025-10,-1,sl,-0.6521010910402776,46.0,541.1519999758402,4329.215999806722
2025-10,-1,sl,-0.6521486215066932,197.0,541.1519999758402,4329.215999806722
2025-10,-1,sl,-0.6521961519731088,1486.0,541.1519999758402,4329.215999806722
2025-10,-1,sl,-0.6522674476727321,1486.0,541.1519999758402,4329.215999806722
2025-10,-1,sl,-0.652329026272218,1493.0,541.1519999758402,4329.215999806722
2025-10,-1,sl,-0.6523862738387711,3738.0,541.1519999758402,4329.215999806722
2025-10,-1,sl,-0.6524625781535484,3929.0,541.1519999758402,4329.215999806722
2025-10,-1,sl,-0.37380903384899944,2573.0,262.30399996797246,2098.4319997437797
2025-10,-1,sl,-0.6562779700348716,4126.0,544.8319999758403,4358.655999806722
2025-10,1,soft_sl,-1.1724319996363528,14987.0,1062.2079999836285,8497.663999869028
2025-10,1,sl,-1.172419673576795,16625.0,1062.2079999836285,8497.663999869028
2025-10,-1,sl,-0.4142588526583841,2542.0,303.7866666394472,2430.2933331155778
2025-10,-1,sl,-0.41429396174064337,2777.0,303.7866666394472,2430.2933331155778
2025-10,-1,sl,-0.41432907082290266,4120.0,303.7866666394472,2430.2933331155778
2025-10,-1,sl,-0.4208809824459413,4121.0,310.2826666390896,2482.261333112717
2025-10,-1,sl,-0.42541897915150617,4487.0,314.7306666390101,2517.845333112081
2025-10,1,soft_sl,-0.5109461009191671,12489.0,400.6826666402817,3205.4613331222536
2025-10,1,soft_sl,-0.48600188424565144,12344.0,375.85066663980484,3006.8053331184387
2025-10,1,soft_sl,-0.4085719235722496,11182.0,298.5066666394472,2388.0533331155775
2025-10,1,soft_sl,-1.152855947693646,31843.0,1042.77333331724,8342.18666653792
2025-10,1,sl,-1.1528498334193602,31843.0,1042.77333331724,8342.18666653792
2025-10,1,soft_sl,-1.1773005410831323,31761.0,1067.381333316366,8539.050666530928
2025-10,1,sl,-1.1773006385941185,31761.0,1067.381333316366,8539.050666530928
2025-10,1,soft_sl,-1.1621160365019125,31771.0,1052.415999982953,8419.327999863624
2025-10,1,sl,-1.1621254516908066,31771.0,1052.415999982953,8419.327999863624
2025-10,1,sl,-1.1428096641845973,31487.0,1033.1306666493415,8265.045333194732
2025-10,-1,soft_sl,-0.763691776125226,835.0,654.591999976635,5236.73599981308
2025-10,-1,soft_sl,-0.7637656072544777,837.0,654.591999976635,5236.73599981308
2025-10,-1,soft_sl,-0.7681189103836841,838.0,658.8693333099286,5270.954666479429
2025-10,-1,sl,-0.6626767333785055,577.0,553.1733333075047,4425.386666460037
2025-10,-1,sl,-0.8771966109686428,1343.0,767.7119999792178,6141.6959998337425
2025-10,-1,sl,-0.7387608267579077,0.0,628.5973333052794,5028.778666442236
2025-10,-1,sl,-0.738956773511877,0.0,628.5973333052794,5028.778666442236
2025-10,-1,sl,-0.7391527202658464,0.0,628.5973333052794,5028.778666442236
2025-10,-1,sl,-0.7394466403968005,0.0,628.5973333052794,5028.778666442236
2025-10,-1,sl,-0.5655649632092148,0.0,455.35999996622405,3642.8799997297924
2025-10,-1,sl,-0.5657777707777075,0.0,455.35999996622405,3642.8799997297924
2025-10,-1,sl,-0.5659905783462004,0.0,455.35999996622405,3642.8799997297924
2025-10,1,sl,-0.42185995306315227,298.0,310.93333329776925,2487.466666382154
2025-10,1,sl,-0.4552202379753001,1214.0,344.36266663153964,2754.901333052317
2025-10,1,sl,-0.5521114082214194,3509.0,441.3546666326125,3530.8373330609
2025-10,1,sl,-0.5795391475893832,3531.0,468.8746666330099,3750.997333064079
2025-10,1,sl,-0.684081283869929,3859.0,573.5999999676148,4588.799999740919
2025-10,1,sl,-0.7336004573756816,26260.0,624.8426666420698,4998.741333136559
2025-10,1,sl,-0.8517579394441417,228.0,743.221333310008,5945.770666480064
2025-10,1,sl,-0.8516222066651672,273.0,743.221333310008,5945.770666480064
2025-10,1,sl,-0.8514864738861927,340.0,743.221333310008,5945.770666480064
2025-10,1,sl,-0.8512856020168702,387.0,743.221333310008,5945.770666480064
2025-10,1,sl,-0.8512828747177309,387.0,743.221333310008,5945.770666480064
2025-10,1,sl,-0.8512463910696163,388.0,743.221333310008,5945.770666480064
2025-10,1,sl,-0.8512071801223625,390.0,743.221333310008,5945.770666480064
2025-10,1,sl,-3.308635887382606,66981.0,3199.445333330234,25595.562666641872
2025-10,1,sl,-0.8710850570350077,489.0,763.1679999768734,6105.343999814987
2025-10,1,sl,-0.7567490237577822,663.0,648.9493333101273,5191.594666481018
2025-10,1,sl,-0.8853700670184861,2715.0,777.5786666500568,6220.629333200454
2025-10,1,sl,-0.9960871150036286,7932.0,888.3306666469574,7106.645333175659
2025-10,1,sl,-0.8489783506059543,2434.0,741.3013333153725,5930.41066652298
2025-10,1,sl,-0.7565956552347153,1277.0,648.9493333101273,5191.594666481018
2025-10,1,sl,-0.7565625945250284,1277.0,648.9493333101273,5191.594666481018
2025-10,1,sl,-0.7565295338153414,1277.0,648.9493333101273,5191.594666481018
2025-10,1,sl,-0.7566282395542594,1277.0,648.9493333101273,5191.594666481018
2025-10,1,sl,-0.8356361630529243,7981.0,728.0426666486263,5824.341333189011
2025-10,1,sl,-0.7565074553507367,6843.0,648.9493333101273,5191.594666481018
2025-10,1,sl,-0.841158101638921,7952.0,733.5999999809266,5868.799999847412
2025-10,1,sl,-0.8463388775593306,7945.0,738.8159999809662,5910.52799984773
2025-10,1,sl,-0.8463617381936855,7945.0,738.8159999809662,5910.52799984773
2025-10,1,sl,-0.7564799427508109,6845.0,648.9493333101273,5191.594666481018
2025-10,1,sl,-1.0619100067753418,13431.0,954.2933333150546,7634.346666520437
2025-10,1,sl,-0.7535826989767473,6801.0,646.1333333102862,5169.066666482289
2025-10,1,sl,-0.6855137030441454,6530.0,578.1013333088159,4624.810666470527
2025-10,-1,tp,3.5339793299969244,32995.0,455.35999996622405,3642.8799997297924
2025-10,1,sl,-0.8662799534402716,7851.0,758.8159999813636,6070.527999850909
2025-10,1,sl,-0.7797883065703541,7316.0,672.362666643858,5378.901333150864
2025-10,1,sl,-0.7748279742398183,7324.0,667.4453333105644,5339.562666484515
2025-10,1,sl,-1.4039113709706619,10910.0,1296.2879999901852,10370.303999921482
2025-10,1,sl,-1.4037595307538313,11046.0,1296.2879999901852,10370.303999921482
2025-10,1,sl,-0.7510134918701801,5742.0,643.9359999769927,5151.487999815941
2025-10,1,sl,-0.6413068511046379,1174.0,534.1653333117564,4273.322666494051
2025-10,1,sl,-0.6412239472920425,1312.0,534.1653333117564,4273.322666494051
2025-10,1,sl,-0.641141043479447,1472.0,534.1653333117564,4273.322666494051
2025-10,1,sl,-1.4036076905370007,16959.0,1296.2879999901852,10370.303999921482
2025-10,1,sl,-0.6411180491659019,1479.0,534.1653333117564,4273.322666494051
2025-10,1,sl,-0.6847656219815,825.0,577.7813333086173,4622.250666468938
2025-10,1,sl,-0.641079014114977,2705.0,534.1653333117564,4273.322666494051
2025-10,1,sl,-0.6410399790640521,2708.0,534.1653333117564,4273.322666494051
2025-10,1,sl,-0.684686525702526,1077.0,577.7813333086173,4622.250666468938
2025-10,1,sl,-0.6410166877605539,3737.0,534.1653333117564,4273.322666494051
2025-10,1,sl,-1.3526757729489334,19110.0,1245.52533332328,9964.20266658624
2025-10,1,sl,-1.288354804875001,18926.0,1181.205333320101,9449.642666560809
2025-10,1,sl,-1.2862950396955983,18922.0,1179.1679999868074,9433.34399989446
2025-10,1,sl,-0.6409814264876649,3743.0,534.1653333117564,4273.322666494051
2025-10,1,soft_sl,-0.6846074294235518,2112.0,577.7813333086173,4622.250666468938
2025-10,1,sl,-0.8088373557710424,1566.0,701.9413333125909,5615.530666500727
2025-10,1,sl,-0.8087599960687508,1616.0,701.9413333125909,5615.530666500727
2025-10,1,sl,-0.6516091401938494,3774.0,544.895999978582,4359.167999828656
2025-10,1,soft_sl,-0.6836788757538044,2152.0,576.9706666417917,4615.765333134334
2025-10,1,soft_sl,-0.6836785236715924,2152.0,576.9706666417917,4615.765333134334
2025-10,1,sl,-0.8086826363664592,1618.0,701.9413333125909,5615.530666500727
2025-10,-1,tp,4.907832426346769,43968.0,627.0826666386922,5016.661333109538
2025-10,1,sl,-0.6983486442309699,3515.0,591.7333333136638,4733.866666509311
2025-10,1,soft_sl,-0.7291914367393544,2104.0,622.5493333093325,4980.39466647466
2025-10,1,soft_sl,-0.7514942750587162,2054.0,644.9066666440169,5159.253333152135
2025-10,1,sl,-0.808552770269552,1621.0,701.9413333125909,5615.530666500727
2025-10,1,sl,-0.8085124854779671,1621.0,701.9413333125909,5615.530666500727
2025-10,1,sl,-0.8085665968130219,1621.0,701.9413333125909,5615.530666500727
2025-10,-1,sl,-0.7014607141991362,6219.0,594.154666642944,4753.237333143552
2025-10,-1,sl,-0.7066864079263494,7070.0,599.3386666435003,4794.709333148003
2025-10,-1,sl,-0.6834392056531051,6866.0,576.0639999769131,4608.511999815305
2025-10,-1,soft_sl,-0.976319518669837,20979.0,868.5119999792179,6948.095999833743
2025-10,-1,sl,-0.5652337772481032,0.0,457.48266663928825,3659.861333114306
2025-10,-1,sl,-0.5653375141233352,0.0,457.48266663928825,3659.861333114306
2025-10,-1,sl,-0.5654412509985673,0.0,457.48266663928825,3659.861333114306
2025-10,-1,soft_sl,-0.9824123572964356,22502.0,874.5279999790589,6996.223999832471
2025-10,-1,sl,-0.5655968563114153,766.0,457.48266663928825,3659.861333114306
2025-10,-1,soft_sl,-1.0210547959238274,22392.0,913.077333313028,7304.618666504224
2025-10,-1,sl,-0.5657144348838136,774.0,457.48266663928825,3659.861333114306
2025-10,-1,sl,-0.5657582363452348,1511.0,457.48266663928825,3659.861333114306
2025-10,-1,sl,-0.565802037806656,1513.0,457.48266663928825,3659.861333114306
2025-10,-1,soft_sl,-1.0464368378638387,23134.0,938.3359999795755,7506.687999836604
2025-10,-1,sl,-0.5658561984994954,1580.0,457.48266663928825,3659.861333114306
2025-10,-1,sl,-0.5658677399987879,1581.0,457.48266663928825,3659.861333114306
2025-10,-1,sl,-0.57931724365254,3387.0,470.8159999728203,3766.5279997825623
2025-10,-1,soft_sl,-1.4061954139440214,38006.0,1297.5999999902647,10380.799999922117
2025-10,-1,sl,-0.7791185388130311,0.0,670.367999972105,5362.94399977684
2025-10,-1,sl,-0.7792454471737874,0.0,670.367999972105,5362.94399977684
2025-10,-1,sl,-0.7793723555345438,206.0,670.367999972105,5362.94399977684
2025-10,-1,sl,-0.7795627180756782,320.0,670.367999972105,5362.94399977684
2025-10,-1,sl,-0.7797235388809627,389.0,670.367999972105,5362.94399977684
2025-10,-1,sl,-0.7798083879623292,419.0,670.367999972105,5362.94399977684
2025-10,-1,sl,-0.779879988977569,476.0,670.367999972105,5362.94399977684
2025-10,-1,sl,-0.7798932370436957,556.0,670.367999972105,5362.94399977684
2025-10,-1,sl,-0.42784177314644484,0.0,318.5813333070278,2548.6506664562226
2025-10,1,sl,-0.42868396315299756,0.0,319.1893333073457,2553.5146664587655
2025-10,1,sl,-0.4286479989117105,5.0,319.1893333073457,2553.5146664587655
2025-10,1,sl,-0.4286120346704234,163.0,319.1893333073457,2553.5146664587655
2025-10,1,sl,-0.42855808830849285,193.0,319.1893333073457,2553.5146664587655
2025-10,1,sl,-0.4284681777052752,219.0,319.1893333073457,2553.5146664587655
2025-10,1,sl,-0.5366810972973353,729.0,427.87199997365474,3422.975999789238
2025-10,-1,sl,-0.4280022558832524,8270.0,318.5813333070278,2548.6506664562226
2025-10,-1,sl,-0.42816273862005994,8292.0,318.5813333070278,2548.6506664562226
2025-10,-1,soft_sl,-0.8545324146662646,13023.0,744.8426666392883,5958.741333114306
2025-10,-1,soft_sl,-0.8842846333703558,28620.0,774.3679999732972,6194.943999786377
2025-10,1,sl,-0.7871883625752585,831.0,677.0453333123525,5416.36266649882
2025-10,1,sl,-0.7871299961620173,2136.0,677.0453333123525,5416.36266649882
2025-10,1,sl,-0.787071629748776,2152.0,677.0453333123525,5416.36266649882
2025-10,1,sl,-0.7869840801289141,2284.0,677.0453333123525,5416.36266649882
2025-10,1,sl,-0.737177673428263,2269.0,627.359999978145,5018.87999982516
2025-10,1,sl,-0.7388190164860402,2266.0,629.0559999779861,5032.4479998238885
2025-10,1,sl,-0.7149902878427898,2445.0,605.3013333113988,4842.410666491191
2025-10,1,sl,-0.6558405618629518,1970.0,546.2079999748865,4369.663999799092
2025-10,1,sl,-0.6599335408979159,1822.0,550.4319999748468,4403.455999798774
2025-10,1,sl,-1.149000720834302,11497.0,1039.7226666476329,8317.781333181063
2025-10,1,sl,-1.1489405548059064,11538.0,1039.7226666476329,8317.781333181063
2025-10,1,sl,-1.1488803887775108,11584.0,1039.7226666476329,8317.781333181063
2025-10,1,sl,-1.1488649010700225,11680.0,1039.7226666476329,8317.781333181063
2025-10,1,sl,-0.917675572832795,1.0,808.245333310763,6465.962666486104
2025-10,1,sl,-0.9084845711379055,0.0,799.0506666441759,6392.405333153407
2025-10,1,sl,-0.6150414165705702,9.0,505.5466666428248,4044.3733331425983
2025-10,1,sl,-0.6148965252243146,1542.0,505.5466666428248,4044.3733331425983
2025-10,1,eod,5.230490196085936,1258196.0,1781.0773333239556,14248.618666591645
2025-10,1,eod,5.342786757102493,1258196.0,1781.0773333239556,14248.618666591645
2025-10,1,eod,5.455083318119034,1258196.0,1781.0773333239556,14248.618666591645
2025-10,1,eod,4.225111550358392,1258196.0,1781.0773333239556,14248.618666591645
2025-10,1,eod,4.4214683787255495,1258196.0,1781.0773333239556,14248.618666591645
2025-10,1,eod,4.617825207092709,1258196.0,1781.0773333239556,14248.618666591645
2025-10,1,eod,4.912360449643453,1258196.0,1781.0773333239556,14248.618666591645
2025-10,1,eod,5.403252520561357,1258196.0,1781.0773333239556,14248.618666591645
2025-10,1,eod,5.2476521711304205,1258095.0,1930.7519999925296,15446.015999940237
2025-10,1,eod,5.357931039600287,1258095.0,1930.7519999925296,15446.015999940237
2025-10,1,eod,4.249188343564153,1258095.0,1930.7519999925296,15446.015999940237
2025-10,1,eod,4.443933740009613,1258095.0,1930.7519999925296,15446.015999940237
2025-10,1,eod,4.638679136455057,1258095.0,1930.7519999925296,15446.015999940237
2025-10,1,eod,4.930797231123224,1258095.0,1930.7519999925296,15446.015999940237
2025-10,1,eod,5.41766072223685,1258087.0,1941.7279999926686,15533.823999941349
2025-10,1,eod,5.468209908070154,1258077.0,1944.0959999926886,15552.767999941509
2025-10,1,eod,4.340548156766438,1257716.0,1984.469333326717,15875.754666613737
2025-10,1,eod,4.527062750255647,1257716.0,1984.469333326717,15875.754666613737
2025-10,1,eod,4.71357734374487,1257716.0,1984.469333326717,15875.754666613737
2025-10,1,eod,4.993349233978689,1257716.0,1984.469333326717,15875.754666613737
2025-10,1,eod,4.142912770454528,1246538.0,1862.4213333272935,14899.370666618348
2025-10,1,eod,4.198581954550035,1246538.0,1862.4213333272935,14899.370666618348
2025-10,1,eod,4.254251138645529,1246538.0,1862.4213333272935,14899.370666618348
2025-10,1,eod,4.337754914788791,1246537.0,1864.0319999939204,14912.255999951363
2025-10,1,eod,4.47692787502753,1246363.0,2081.0879999965427,16648.703999972342
2025-10,1,eod,4.469151040781355,1246363.0,2081.0879999965427,16648.703999972342
2025-10,1,eod,4.165540670712185,1245032.0,1639.8399999938408,13118.719999950727
2025-10,1,eod,4.2215610818796625,1245031.0,1643.1573333272338,13145.25866661787
2025-10,1,eod,4.27758149304714,1245015.0,1664.6933333271743,13317.546666617394
2025-10,1,eod,4.361612109798342,1244991.0,1664.8746666603288,13318.99733328263
2025-10,1,eod,4.461598218594981,1244300.0,1524.4906666592758,12195.925333274206
2025-10,1,eod,4.501663137717021,1244290.0,1531.0613333260019,12248.490666608015
2025-10,-1,eod,4.8646849191475,438474.0,2057.6533333158495,16461.226666526796
2025-10,-1,eod,4.685678200415987,438474.0,2057.6533333158495,16461.226666526796
2025-10,-1,eod,4.832343609853093,438474.0,2057.6533333158495,16461.226666526796
2025-10,-1,eod,4.979009019290213,438294.0,2157.2266666502755,17257.813333202204
2025-10,-1,eod,1.038136101631946,190789.0,3777.3546666640045,30218.837333312036
2025-10,-1,eod,1.1833202592991443,190778.0,3737.066666663885,29896.53333331108
2025-10,-1,eod,1.3285044169663571,190751.0,3572.7679999971388,28582.14399997711
2025-10,-1,eod,0.8964480264068426,189289.0,1293.237333319386,10345.898666555087
2025-10,-1,eod,1.019318003060557,189289.0,1293.237333319386,10345.898666555087
2025-10,-1,eod,1.142187979714286,189289.0,1293.237333319386,10345.898666555087
2025-10,-1,eod,1.3264929446948797,189274.0,1287.3386666524411,10298.709333219529
2025-10,-1,eod,1.4020462965913307,145950.0,628.5973333052794,5028.778666442236
2025-10,-1,eod,1.478458829169241,145950.0,628.5973333052794,5028.778666442236
2025-10,-1,eod,1.5548713617471372,145950.0,628.5973333052794,5028.778666442236
2025-10,-1,eod,1.3572842221339285,145950.0,628.5973333052794,5028.778666442236
2025-10,1,eod,2.604011581354778,104023.0,651.7119999774297,5213.695999819438
2025-10,1,eod,2.5672423905262347,103594.0,703.2853333127499,5626.282666501999
2025-10,1,eod,2.627699791497306,103356.0,711.477333313028,5691.818666504224
2025-10,1,eod,2.6505203834806057,103355.0,711.957333313028,5695.658666504224
2025-10,1,eod,2.6662950211800154,103352.0,712.4479999796549,5699.583999837239
2025-10,1,eod,2.712356598434178,103347.0,716.6826666464408,5733.461333171526
2025-10,1,eod,2.7284621264490974,103327.0,731.2426666468382,5849.9413331747055
2025-10,1,eod,0.4827642184363284,76052.0,427.87199997365474,3422.975999789238
2025-10,1,eod,0.5405519272070322,76052.0,427.87199997365474,3422.975999789238
2025-10,1,eod,0.6272334903630877,76052.0,427.87199997365474,3422.975999789238
2025-10,1,eod,0.663355686564254,76052.0,427.87199997365474,3422.975999789238
2025-10,1,eod,0.7717027622898469,75339.0,438.378666639328,3507.029333114624
2025-10,1,eod,0.7985774930847004,75333.0,439.60533330579597,3516.8426664463677
2025-10,1,eod,-0.180884534253641,36844.0,1039.7226666476329,8317.781333181063
2025-10,1,eod,-0.14736361491766364,36844.0,1039.7226666476329,8317.781333181063
2025-10,1,eod,-0.13960673781702723,36844.0,1039.7226666476329,8317.781333181063
2025-10,-1,eod,0.8854149666095256,31486.0,1287.5519999806086,10300.415999844869
2025-10,-1,eod,0.9747252413148042,31486.0,1287.5519999806086,10300.415999844869
2025-10,-1,eod,1.0640355160200827,31486.0,1287.5519999806086,10300.415999844869
2025-10,-1,eod,0.6278259537633231,31486.0,1287.5519999806086,10300.415999844869
2025-10,-1,eod,0.7168986178453468,31486.0,1287.5519999806086,10300.415999844869
2025-10,-1,eod,0.8059712819273706,31486.0,1287.5519999806086,10300.415999844869
2025-10,-1,eod,0.9395802780504209,31486.0,1287.5519999806086,10300.415999844869
2025-10,1,eod,-0.2641715743163644,23686.0,808.245333310763,6465.962666486104
2025-10,1,eod,-0.14158512885763902,23686.0,808.245333310763,6465.962666486104
2025-10,1,eod,0.042294539330456335,23686.0,808.245333310763,6465.962666486104
2025-10,1,eod,0.34876065297729164,23686.0,808.245333310763,6465.962666486104
2025-10,1,eod,0.4348100589065706,23678.0,798.5066666442156,6388.053333153724
2025-10,1,eod,0.4359353736866934,23677.0,799.0506666441759,6392.405333153407
2025-10,1,eod,-0.2631491048216803,23677.0,799.0506666441759,6392.405333153407
2025-10,1,eod,-0.14047301768206577,23677.0,799.0506666441759,6392.405333153407
2025-10,1,eod,0.043541113027341496,23677.0,799.0506666441759,6392.405333153407
2025-10,1,eod,0.3502313308763488,23677.0,799.0506666441759,6392.405333153407
2025-10,1,eod,-0.00994808883907461,19326.0,505.5466666428248,4044.3733331425983
2025-10,1,eod,0.20749759905405873,19317.0,505.23733330945174,4041.898666475614
2025-10,1,eod,0.23796148721208693,17823.0,515.6266666398445,4125.013333118756
2025-10,1,eod,0.26316630840490157,17817.0,516.9066666400432,4135.253333120346
2025-10,1,eod,0.2883711295977162,17808.0,520.9493333067496,4167.594666453997
2025-10,1,eod,0.3261783613869381,17788.0,517.0026666402816,4136.021333122253
2025-10,1,eod,-0.11491341780511732,14085.0,538.3999999765555,4307.199999812444
2025-11,-1,sl,-0.7316997088838653,2238.0,621.4186666664295,4971.349333331436
2025-11,-1,sl,-0.7317625864980148,2257.0,621.4186666664295,4971.349333331436
2025-11,-1,sl,-0.7317554392554961,2257.0,621.4186666664295,4971.349333331436
2025-11,-1,sl,-0.4322791505685143,955.0,321.770666666183,2574.165333329464
2025-11,-1,sl,-0.4322664975433252,955.0,321.770666666183,2574.165333329464
2025-11,-1,sl,-0.7318069196368424,2387.0,621.4186666664295,4971.349333331436
2025-11,1,sl,-0.3650568115638295,606.0,254.73066666636305,2037.8453333309044
2025-11,1,sl,-0.3650300148077748,827.0,254.73066666636305,2037.8453333309044
2025-11,1,sl,-0.3650032180517201,848.0,254.73066666636305,2037.8453333309044
2025-11,1,sl,-0.36496302291763805,1136.0,254.73066666636305,2037.8453333309044
2025-11,1,sl,-0.38267088873151683,1454.0,272.4693333330564,2179.754666664451
2025-11,1,sl,-0.36489603102750134,1158.0,254.73066666636305,2037.8453333309044
2025-11,1,sl,-0.3855260338502418,1488.0,275.3599999997237,2202.8799999977896
2025-11,1,sl,-0.36486227763559814,1188.0,254.71999999969887,2037.759999997591
2025-11,1,sl,-0.34521925025311395,208.0,235.3066666662072,1882.4533333296577
2025-11,1,sl,-0.3576649450967896,403.0,247.82933333288258,1982.6346666630607
2025-11,1,sl,-0.3924461332738982,271.0,282.6986666663177,2261.5893333305416
2025-11,1,sl,-0.4184390115394421,280.0,308.81066666635377,2470.48533333083
2025-11,1,sl,-0.5323502718697155,23.0,422.6666666664152,3381.3333333313217
2025-11,1,sl,-0.5322730978098635,38.0,422.6666666664152,3381.3333333313217
2025-11,1,sl,-0.5321959237500116,48.0,422.6666666664152,3381.3333333313217
2025-11,1,sl,-0.46292256064861315,5249.0,353.4933333330136,2827.9466666641088
2025-11,1,sl,-0.5321161865103491,3142.0,422.6666666664152,3381.3333333313217
2025-11,1,sl,-0.5320801626602336,3232.0,422.6666666664152,3381.3333333313217
2025-11,1,sl,-0.532071451563448,3233.0,422.6666666664152,3381.3333333313217
2025-11,1,sl,-0.5320267166165469,3289.0,422.6666666664152,3381.3333333313217
2025-11,1,sl,-0.5284307128628701,3287.0,419.13599999975725,3353.087999998058
2025-11,1,sl,-0.534126107510609,3319.0,424.9066666664214,3399.2533333313713
2025-11,1,sl,-0.5417521554956051,3311.0,432.5759999997417,3460.607999997934
2025-11,1,soft_sl,-1.0243213134462508,1320.0,915.231999999977,7321.855999999816
2025-11,1,soft_sl,-1.024208480745861,1360.0,915.231999999977,7321.855999999816
2025-11,1,soft_sl,-1.024095648045471,1361.0,915.231999999977,7321.855999999816
2025-11,1,soft_sl,-1.0239263989948864,1470.0,915.231999999977,7321.855999999816
2025-11,1,soft_sl,-1.0238096286015315,2054.0,915.231999999977,7321.855999999816
2025-11,1,soft_sl,-1.0237467331534154,2066.0,915.231999999977,7321.855999999816
2025-11,1,soft_sl,-1.023683837705299,2193.0,915.231999999977,7321.855999999816
2025-11,1,soft_sl,-1.023644317243912,2197.0,915.231999999977,7321.855999999816
2025-11,1,soft_sl,-1.0235894945331248,3770.0,915.231999999977,7321.855999999816
2025-11,1,sl,-0.4659419659120766,441.0,358.59199999857697,2868.7359999886157
2025-11,1,sl,-0.4659202948486791,1004.0,358.59199999857697,2868.7359999886157
2025-11,1,sl,-0.4659098776108058,1004.0,358.59199999857697,2868.7359999886157
2025-11,1,sl,-0.4658986237852816,1022.0,358.59199999857697,2868.7359999886157
2025-11,1,sl,-0.46586611719018534,1045.0,358.59199999857697,2868.7359999886157
2025-11,1,sl,-0.4658646118863256,1045.0,358.59199999857697,2868.7359999886157
2025-11,1,sl,-0.4658119395316916,1479.0,358.59199999857697,2868.7359999886157
2025-11,1,sl,-0.4658193461618454,1479.0,358.59199999857697,2868.7359999886157
2025-11,1,sl,-0.4716365035751604,1490.0,364.47999999860923,2915.839999988874
2025-11,-1,soft_sl,-0.6087494319832095,6346.0,501.11999999890725,4008.959999991258
2025-11,1,sl,-0.45697061926387483,9186.0,349.9199999985347,2799.3599999882777
2025-11,-1,soft_sl,-0.605727943458887,16908.0,498.06933333224305,3984.5546666579444
2025-11,-1,soft_sl,-0.5901668549345723,16865.0,482.48533333225174,3859.882666658014
2025-11,-1,soft_sl,-0.6045774221480678,16834.0,496.8426666655764,3974.7413333246113
2025-11,-1,soft_sl,-0.6039178128372464,16802.0,496.1066666655739,3968.8533333245914
2025-11,-1,sl,-0.5780308151715068,362.0,470.2826666651356,3762.2613333210847
2025-11,-1,sl,-0.5780989967571943,394.0,470.2826666651356,3762.2613333210847
2025-11,-1,sl,-0.5781671783428819,731.0,470.2826666651356,3762.2613333210847
2025-11,-1,sl,-0.5782694507214132,7255.0,470.2826666651356,3762.2613333210847
2025-11,1,soft_sl,-0.560313355589314,11831.0,452.8639999984329,3622.9119999874633
2025-11,-1,sl,-0.577853085705443,0.0,470.9546666654944,3767.6373333239553
2025-11,-1,sl,-0.5779964017565833,0.0,470.9546666654944,3767.6373333239553
2025-11,1,soft_sl,-0.6747229489737596,1496.0,567.6799999987583,4541.439999990066
2025-11,1,soft_sl,-0.6638143072221198,2192.0,556.7999999987893,4454.399999990314
2025-11,1,soft_sl,-0.6624475588037644,2211.0,555.4666666654498,4443.733333323598
2025-11,1,soft_sl,-0.6625883401762124,2311.0,555.6586666654237,4445.269333323389
2025-11,1,sl,-0.4790853807450781,1104.0,372.3626666650176,2978.901333320141
2025-11,1,sl,-0.4762127135871684,1088.0,369.51466666502256,2956.1173333201805
2025-11,1,sl,-0.4816985317625786,1058.0,375.02933333168426,3000.234666653474
2025-11,1,sl,-0.5058819443590341,630.0,399.26399999833353,3194.1119999866683
2025-11,1,sl,-0.5415961511309677,1438.0,435.0613333317141,3480.4906666537127
2025-11,-1,sl,-0.606331448711761,1651.0,499.3706666650499,3994.965333320399
2025-11,1,soft_sl,-0.5718472755281528,9230.0,465.6426666650673,3725.1413333205383
2025-11,-1,tp,4.863644603464482,109316.0,621.4186666664295,4971.349333331436
2025-11,-1,tp,4.863628763407663,109316.0,621.4186666664295,4971.349333331436
2025-11,-1,tp,4.863705983979682,109322.0,621.4186666664295,4971.349333331436
2025-11,-1,tp,4.863738919885706,109425.0,621.4186666664295,4971.349333331436
2025-11,1,sl,-1.7932086789098365,48957.0,1687.7653333331334,13502.122666665067
2025-11,1,sl,-1.7930255927492027,48971.0,1687.7653333331334,13502.122666665067
2025-11,-1,tp,3.7039567331719145,56794.0,476.2559999987359,3810.047999989887
2025-11,-1,tp,3.7086926548509522,56680.0,476.85333333207296,3814.8266666565837
2025-11,1,sl,-1.792842506588569,49461.0,1687.7653333331334,13502.122666665067
2025-11,1,sl,-1.7930164366371368,49455.0,1687.9786666664668,13503.829333331734
2025-11,-1,tp,3.7039958399930084,56932.0,476.2559999987359,3810.047999989887
2025-11,-1,tp,3.7040349468141027,64525.0,476.2559999987359,3810.047999989887
2025-11,-1,tp,3.704032435131762,64525.0,476.2559999987359,3810.047999989887
2025-11,-1,tp,3.6562942975454553,72050.0,470.2826666651356,3762.2613333210847
2025-11,1,sl,-1.8063459475362824,57053.0,1701.4079999998523,13611.263999998819
2025-11,-1,tp,3.7041129926523304,64624.0,476.2559999987359,3810.047999989887
2025-11,-1,tp,3.8231523000769334,72130.0,491.13599999843785,3929.087999987503
2025-11,-1,tp,3.823130447300336,72130.0,491.13599999843785,3929.087999987503
2025-11,-1,tp,3.0609024442551154,16196.0,395.8079999982317,3166.4639999858537
2025-11,-1,tp,3.925636798608503,72085.0,503.9466666650834,4031.573333320667
2025-11,-1,tp,4.048841626406321,72053.0,519.3493333317774,4154.794666654219
2025-11,-1,tp,3.7041935501728984,65014.0,476.2559999987359,3810.047999989887
2025-11,-1,tp,4.440843400736774,77843.0,568.3413333319189,4546.730666655351
2025-11,-1,tp,4.262020026441381,112036.0,545.9519999989557,4367.615999991645
2025-11,-1,tp,3.662356604105015,71760.0,470.9546666654944,3767.6373333239553
2025-11,-1,tp,3.6625715781817254,72000.0,470.9546666654944,3767.6373333239553
2025-11,-1,tp,3.889979655196502,39793.0,499.3706666650499,3994.965333320399
2025-11,-1,tp,3.8899790225226454,39793.0,499.3706666650499,3994.965333320399
2025-11,-1,tp,3.8900756190824293,39794.0,499.3706666650499,3994.965333320399
2025-11,-1,tp,3.890093015228664,39796.0,499.3706666650499,3994.965333320399
2025-11,1,sl,-1.2263961376815682,1508.0,1122.7839999992152,8982.271999993722
2025-11,1,sl,-1.19953079089371,1797.0,1095.9679999992004,8767.743999993603
2025-11,1,sl,-1.2005341694391904,1793.0,1097.034666665867,8776.277333326936
2025-11,1,sl,-1.169554154590664,2098.0,1066.1333333324642,8529.066666659714
2025-11,-1,tp,3.8901610312479606,45852.0,499.3706666650499,3994.965333320399
2025-11,-1,tp,3.8901400167889517,45852.0,499.3706666650499,3994.965333320399
2025-11,1,sl,-1.1442114164063928,1963.0,1040.9066666656734,8327.253333325387
2025-11,-1,tp,3.8902063752608256,45860.0,499.3706666650499,3994.965333320399
2025-11,-1,tp,3.890204414495474,45860.0,499.3706666650499,3994.965333320399
2025-11,1,sl,-1.1436288249542228,1955.0,1040.3519999989867,8322.815999991893
2025-11,1,sl,-1.149469427413937,2053.0,1046.2613333322977,8370.090666658381
2025-11,1,sl,-1.1618172250881815,1810.0,1058.7093333322803,8469.674666658242
2025-11,1,sl,-1.1336049669328656,1768.0,1030.6239999989173,8244.991999991338
2025-11,1,sl,-1.1790538344518207,3503.0,1076.3306666655715,8610.645333324572
2025-11,1,soft_sl,-0.5817302952972201,1961.0,478.00533333944776,3824.042666715582
2025-11,1,soft_sl,-0.581677626553027,4141.0,478.00533333944776,3824.042666715582
2025-11,1,soft_sl,-0.5816618952752597,4144.0,478.00533333944776,3824.042666715582
2025-11,1,soft_sl,-0.5816249578088338,4148.0,478.00533333944776,3824.042666715582
2025-11,1,soft_sl,-0.5826416081392125,4242.0,479.0400000061095,3832.320000048876
2025-11,1,soft_sl,-0.5890479396697013,4530.0,485.5040000059704,3884.032000047763
2025-11,1,soft_sl,-0.5913330586922982,4516.0,487.7973333392044,3902.378666713635
2025-11,-1,soft_sl,-1.1745151585386513,1046.0,1073.5680000035961,8588.544000028769
2025-11,-1,soft_sl,-1.1746133671138377,1176.0,1073.5680000035961,8588.544000028769
2025-11,-1,soft_sl,-1.1747115756890243,3998.0,1073.5680000035961,8588.544000028769
2025-11,-1,soft_sl,-1.1459911285520523,3988.0,1044.7146666705112,8357.71733336409
2025-11,-1,soft_sl,-1.675499293918721,6205.0,1574.3360000015796,12594.688000012637
2025-11,-1,soft_sl,-1.3232428108224645,5621.0,1221.824000002841,9774.592000022729
2025-11,-1,soft_sl,-1.6755920937572872,6227.0,1574.3360000015796,12594.688000012637
2025-11,-1,soft_sl,-1.4519788933543984,5885.0,1350.6026666689415,10804.821333351532
2025-11,-1,soft_sl,-1.402545416821977,5745.0,1301.152000002414,10409.216000019313
2025-11,-1,soft_sl,-1.3099038368225155,5602.0,1208.426666669498,9667.413333355984
2025-11,-1,soft_sl,-1.6691749735958523,6223.0,1567.829333334913,12542.634666679303
2025-11,-1,soft_sl,-1.3166444769513241,5629.0,1215.1040000027915,9720.832000022332
2025-11,-1,soft_sl,-1.3151986878225712,5651.0,1213.6213333361347,9708.970666689078
2025-11,-1,sl,-0.3736268114990624,2152.0,270.5280000082155,2164.224000065724
2025-11,-1,sl,-0.373654000525363,2373.0,270.5280000082155,2164.224000065724
2025-11,-1,soft_sl,-0.37368118955166363,3370.0,270.5280000082155,2164.224000065724
2025-11,1,sl,-0.304977844668621,331.0,202.02666667456427,1616.2133333965141
2025-11,1,sl,-0.2895076286466587,47.0,186.56000000754992,1492.4800000603993
2025-11,1,sl,-0.291789672853913,31.0,188.86400000755987,1510.912000060479
2025-11,1,sl,-0.2948286717278137,83.0,191.92533334086338,1535.402666726907
2025-11,1,sl,-0.2958204318938352,101.0,192.92800000752013,1543.424000060161
2025-11,1,sl,-0.29859290070531497,136.0,195.72266667415698,1565.7813333932559
2025-11,1,sl,-0.29966984578600975,160.0,196.8426666741073,1574.7413333928585
2025-11,1,sl,-0.30335981389002814,160.0,200.54400000741086,1604.3520000592869
2025-11,1,sl,-0.30756024129099113,3027.0,204.83200000738105,1638.6560000590484
2025-11,-1,soft_sl,-0.3737860050907782,131762.0,270.59200000787774,2164.736000063022
2025-11,-1,sl,-0.7198060564510863,4013.0,616.1920000065863,4929.536000052691
2025-11,-1,soft_sl,-0.25097361959026443,2446.0,147.21066667447488,1177.685333395799
2025-11,-1,soft_sl,-0.25097131135081546,2446.0,147.21066667447488,1177.685333395799
2025-11,-1,soft_sl,-0.41597985527571,3741.0,312.2773333409925,2498.21866672794
2025-11,-1,soft_sl,-0.2402686681136066,2509.0,136.4800000080963,1091.8400000647705
2025-11,-1,soft_sl,-0.4247905513130847,3621.0,321.01333334088326,2568.106666727066
2025-11,-1,soft_sl,-0.7605823524894763,9565.0,656.9066666736702,5255.253333389362
2025-11,-1,soft_sl,-0.7199195323703969,10407.0,616.1920000065863,4929.536000052691
2025-11,-1,soft_sl,-0.7606934177858492,9569.0,656.9066666736702,5255.253333389362
2025-11,-1,soft_sl,-0.7200330082897074,10414.0,616.1920000065863,4929.536000052691
2025-11,-1,soft_sl,-0.766087123082221,9563.0,662.1866666736702,5297.493333389361
2025-11,-1,soft_sl,-0.7201708679829721,10446.0,616.1920000065863,4929.536000052691
2025-11,-1,soft_sl,-0.7202032221686733,10446.0,616.1920000065863,4929.536000052691
2025-11,-1,soft_sl,-0.7202406902353943,10477.0,616.1920000065863,4929.536000052691
2025-11,-1,soft_sl,-0.7203105124878163,10518.0,616.1920000065863,4929.536000052691
2025-11,1,tp,1.1586581194311023,4353.0,157.84533334190647,1262.7626667352517
2025-11,1,tp,1.163496563842484,4410.0,158.45333334192634,1267.6266667354107
2025-11,1,tp,1.1586971629202993,6185.0,157.85600000858307,1262.8480000686645
2025-11,-1,soft_sl,-1.322518014030355,458601.0,1217.791999999322,9742.335999994575
2025-11,-1,soft_sl,-1.3164230135646864,458595.0,1211.605333332618,9692.842666660945
2025-11,1,tp,2.125904504733484,26272.0,278.8160000082354,2230.528000065883
2025-11,1,tp,2.1258972282776205,26272.0,278.8160000082354,2230.528000065883
2025-11,1,tp,2.1620124188115257,26223.0,283.3280000081658,2266.6240000653265
2025-11,1,tp,2.2406068420744294,26173.0,293.15200000827514,2345.216000066201
2025-11,1,tp,2.2406023613468697,26173.0,293.15200000827514,2345.216000066201
2025-11,1,tp,2.2864616910796633,26172.0,298.8800000082453,2391.0400000659624
2025-11,1,tp,2.2864593071483315,26172.0,298.8800000082453,2391.0400000659624
2025-11,1,tp,2.240571001404114,26174.0,293.15200000827514,2345.216000066201
2025-11,1,soft_sl,-0.3667443624400802,8715.0,260.8106666744749,2086.485333395799
2025-11,1,soft_sl,-0.3667036374260704,8721.0,260.8106666744749,2086.485333395799
2025-11,1,soft_sl,-0.3666777207550978,8729.0,260.8106666744749,2086.485333395799
2025-11,1,soft_sl,-0.3663110884120907,8725.0,260.45866667449474,2083.669333395958
2025-11,1,soft_sl,-0.36777803619112887,8729.0,261.94133334115145,2095.5306667292116
2025-11,1,soft_sl,-0.37172492762723075,8707.0,265.9200000078976,2127.360000063181
2025-11,1,soft_sl,-0.37531213422440834,8746.0,269.5253333411614,2156.202666729291
2025-11,-1,soft_sl,-0.5337499989007414,784.0,428.36266667370995,3426.9013333896796
2025-11,-1,soft_sl,-0.5337856995719403,784.0,428.36266667370995,3426.9013333896796
2025-11,-1,soft_sl,-0.5338214002431392,929.0,428.36266667370995,3426.9013333896796
2025-11,-1,soft_sl,-0.7231464072415783,3805.0,617.7386666723093,4941.909333378474
2025-11,-1,soft_sl,-0.5338749512499374,1204.0,428.36266667370995,3426.9013333896796
2025-11,-1,soft_sl,-0.7220656075554089,3992.0,616.6186666724086,4932.949333379269
2025-11,-1,sl,-0.4170795988165219,0.0,311.6160000063479,2492.9280000507833
2025-11,-1,sl,-0.4171517902412295,0.0,311.6160000063479,2492.9280000507833
2025-11,-1,sl,-0.41722398166593716,0.0,311.6160000063479,2492.9280000507833
2025-11,-1,sl,-0.4173322688029986,37.0,311.6160000063479,2492.9280000507833
2025-11,1,sl,-0.4129690842034608,285.0,307.30666667292513,2458.453333383401
2025-11,1,sl,-0.3851813103110272,194.0,279.541333339562,2236.330666716496
2025-11,1,sl,-0.41605337059060366,416.0,310.41066667293506,2483.2853333834805
2025-11,1,sl,-0.38484488922513277,314.0,279.2320000062883,2233.856000050306
2025-11,1,sl,-0.382422007859563,280.0,276.85333333954213,2214.826666716337
2025-11,-1,soft_sl,-0.4175127473647677,4871.0,311.6160000063479,2492.9280000507833
2025-11,-1,soft_sl,-0.4129671948282863,4943.0,306.9440000063181,2455.552000050545
2025-11,1,sl,-0.47250332954023644,775.0,366.9866666734715,2935.893333387772
2025-11,-1,sl,-0.3715772467165179,1742.0,265.95200000743074,2127.616000059446
2025-11,-1,sl,-0.37196783407417777,1744.0,266.31466667408745,2130.5173333926996
2025-11,-1,sl,-0.34730056543198856,1692.0,241.63200000757973,1933.0560000606379
2025-11,-1,sl,-0.2583323388627039,678.0,152.59733334099252,1220.7786667279402
2025-11,-1,sl,-0.3398504304681152,1254.0,234.14400000721216,1873.1520000576973
2025-11,-1,sl,-0.24812086395960326,412.0,142.229333340774,1137.834666726192
2025-11,-1,sl,-0.2539879479052818,636.0,148.04266667415698,1184.3413333932558
2025-11,1,tp,2.0007579891398857,11350.0,263.39200000748036,2107.136000059843
2025-11,1,soft_sl,-0.5792585319621385,1347.0,472.8853333406647,3783.0826667253177
2025-11,1,soft_sl,-0.5792186406517834,1711.0,472.8853333406647,3783.0826667253177
2025-11,1,soft_sl,-0.5791787493414283,1854.0,472.8853333406647,3783.0826667253177
2025-11,1,soft_sl,-0.5791189123758957,2183.0,472.8853333406647,3783.0826667253177
2025-11,1,sl,-1.0578571060472732,10073.0,951.9146666712562,7615.31733337005
2025-11,1,sl,-1.0577529414088447,10585.0,951.9146666712562,7615.31733337005
2025-11,1,soft_sl,-0.472455001053981,26111.0,366.9866666734715,2935.893333387772
2025-11,1,soft_sl,-0.4724066725677256,26111.0,366.9866666734715,2935.893333387772
2025-11,1,soft_sl,-0.3672347558390533,25439.0,261.8346666741868,2094.6773333934943
2025-11,1,soft_sl,-0.3671061452019656,25391.0,261.78133334080377,2094.25066672643
2025-11,1,sl,-1.0576487767704161,10697.0,951.9146666712562,7615.31733337005
2025-11,1,sl,-1.057609030077285,10697.0,951.9146666712562,7615.31733337005
2025-11,1,soft_sl,-0.3661091224567962,25372.0,260.8213333407541,2086.570666726033
2025-11,1,soft_sl,-0.36728451595666645,25371.0,262.005333340764,2096.042666726112
2025-11,1,soft_sl,-0.37042144371171937,25365.0,265.1733333407839,2121.3866667262714
2025-11,1,sl,-1.0574925298127735,10698.0,951.9146666712562,7615.31733337005
2025-11,1,sl,-1.0575014261623032,10698.0,951.9146666712562,7615.31733337005
2025-11,1,sl,-0.6436145170465344,0.0,537.8133333391944,4302.506666713555
2025-11,1,sl,-0.64351538609736,0.0,537.8133333391944,4302.506666713555
2025-11,1,sl,-0.6434162551481857,310.0,537.8133333391944,4302.506666713555
2025-11,1,sl,-0.6432675587244242,1869.0,537.8133333391944,4302.506666713555
2025-11,1,sl,-1.0579908569139937,13834.0,952.5120000045995,7620.096000036796
2025-11,1,sl,-0.6430197313514885,2344.0,537.8133333391944,4302.506666713555
2025-11,1,sl,-0.6430031868575755,2405.0,537.8133333391944,4302.506666713555
2025-11,1,sl,-0.6429519356845876,2410.0,537.8133333391944,4302.506666713555
2025-11,1,sl,-0.6230599431783115,4521.0,517.9626666725675,4143.70133338054
2025-11,1,sl,-0.6142087890854105,7553.0,509.18400000582136,4073.472000046571
2025-11,1,sl,-0.34322167581356255,297.0,238.1866666743656,1905.4933333949248
2025-11,1,sl,-0.3460616896894698,946.0,241.056000007689,1928.448000061512
2025-11,-1,sl,-0.28567854829819006,0.0,180.46933334082365,1443.7546667265892
2025-11,-1,sl,-0.2856938342942822,0.0,180.46933334082365,1443.7546667265892
2025-11,-1,sl,-0.28566184021674634,0.0,180.46933334082365,1443.7546667265892
2025-11,-1,sl,-0.2856948697117221,0.0,180.46933334082365,1443.7546667265892
2025-11,-1,sl,-0.2857091202903744,3.0,180.46933334082365,1443.7546667265892
2025-11,-1,sl,-0.2857320492845126,1861.0,180.46933334082365,1443.7546667265892
2025-11,-1,sl,-0.2857278992066978,1861.0,180.46933334082365,1443.7546667265892
2025-11,-1,sl,-0.28577026427474306,2186.0,180.46933334082365,1443.7546667265892
2025-11,-1,sl,-0.28577744344916134,2186.0,180.46933334082365,1443.7546667265892
2025-11,1,soft_sl,-0.35218539423195633,10271.0,247.21066667427618,1977.6853333942095
2025-11,1,soft_sl,-0.3532416843791233,10426.0,248.309333340923,1986.474666727384
2025-11,1,soft_sl,-0.3632458986710034,10532.0,258.3680000075698,2066.944000060558
2025-11,1,soft_sl,-0.3689933910688358,10517.0,264.1386666741967,2113.1093333935737
2025-11,1,soft_sl,-0.3887362377045277,10477.0,283.9040000075102,2271.2320000600816
2025-11,1,sl,-0.7343973758660739,72034.0,629.4186666724582,5035.349333379666
2025-11,1,soft_sl,-0.3930211847381244,10460.0,288.2240000075102,2305.7920000600816
2025-11,1,sl,-0.8671120450064763,74800.0,762.1333333378534,6097.066666702827
2025-11,1,sl,-0.7342834588827551,72424.0,629.4186666724582,5035.349333379666
2025-11,1,soft_sl,-0.47194034128823437,10152.0,367.23200000723205,2937.8560000578564
2025-11,1,sl,-0.8669971667571704,74843.0,762.1333333378534,6097.066666702827
2025-11,1,sl,-0.7341695418994363,72466.0,629.4186666724582,5035.349333379666
2025-11,1,sl,-0.8668822885078646,74952.0,762.1333333378534,6097.066666702827
2025-11,1,sl,-0.7461569949207085,74572.0,641.504000005722,5132.032000045776
2025-11,1,sl,-0.7312988105579847,74397.0,626.6773333390057,5013.418666712046
2025-11,1,sl,-0.866789718850072,77006.0,762.1333333378534,6097.066666702827
2025-11,1,sl,-0.7330189995286991,74431.0,628.4373333390554,5027.498666712443
2025-11,1,sl,-0.8667441848001438,77104.0,762.1333333378534,6097.066666702827
2025-11,1,sl,-0.7330178237577226,74526.0,628.4373333390554,5027.498666712443
2025-11,1,sl,-0.8666986507502155,77186.0,762.1333333378534,6097.066666702827
2025-11,1,sl,-0.8667099711339059,77186.0,762.1333333378534,6097.066666702827
2025-11,1,sl,-0.7551148536513334,74438.0,650.6026666723689,5204.821333378951
2025-11,1,sl,-0.8734322803419646,81757.0,768.9386666711669,6151.509333369335
2025-11,1,sl,-0.757480294077907,79000.0,653.0666666722794,5224.5333333782355
2025-11,1,sl,-0.9772451225503566,81823.0,872.9173333377142,6983.338666701714
2025-11,-1,tp,1.3391760948808398,13491.0,180.46933334082365,1443.7546667265892
2025-11,-1,tp,3.177001549054094,43074.0,410.27200000738105,3282.1760000590484
2025-11,-1,tp,3.1769995248560408,43074.0,410.27200000738105,3282.1760000590484
2025-11,1,sl,-1.077932907351742,1942.0,974.0373333369693,7792.298666695754
2025-11,1,sl,-1.0718816393334172,2078.0,968.0640000035365,7744.512000028292
2025-11,-1,tp,3.358437606501055,44179.0,432.92800000717244,3463.4240000573795
2025-11,-1,tp,3.2925362989072813,43708.0,424.68266667370995,3397.4613333896796
2025-11,1,sl,-1.0991257153153156,2587.0,995.4026666703323,7963.221333362659
2025-11,-1,tp,3.358537064147737,44220.0,432.92800000717244,3463.4240000573795
2025-11,1,sl,-1.1093021435220036,9039.0,1005.6960000035167,8045.568000028134
2025-11,1,sl,-1.1116166906211409,9038.0,1008.0213333368301,8064.170666694641
2025-11,1,sl,-0.8590396037992996,7675.0,755.573333338201,6044.586666705608
2025-11,1,sl,-1.12006857979021,9045.0,1016.5120000035067,8132.096000028054
2025-11,1,sl,-1.123553325391662,9046.0,1020.042666670084,8160.341333360672
2025-11,1,sl,-1.1252675344609695,8843.0,1021.8240000037353,8174.592000029882
2025-11,1,sl,-1.1289949259090952,8840.0,1025.6106666703522,8204.885333362818
2025-11,-1,sl,-0.7016651872322773,2870.0,597.1093333404262,4776.87466672341
2025-11,-1,sl,-0.36432193421329806,1571.0,259.5200000086427,2076.1600000691415
2025-11,-1,sl,-0.36686621735998315,1564.0,262.04800000866254,2096.3840000693003
2025-11,-1,sl,-0.7017837229406964,2982.0,597.1093333404262,4776.87466672341
2025-11,-1,sl,-0.3404422673479749,1299.0,235.584000009497,1884.672000075976
2025-11,-1,sl,-0.5035101939049361,0.0,398.89066667397816,3191.1253333918253
2025-11,-1,sl,-0.5036237240350793,898.0,398.89066667397816,3191.1253333918253
2025-11,-1,sl,-0.3447536773351962,3138.0,239.84000000953674,1918.720000076294
2025-11,-1,sl,-0.6522667866490491,4580.0,547.4986666737,4379.9893333896
2025-11,-1,sl,-0.5037372541652225,1141.0,398.89066667397816,3191.1253333918253
2025-11,-1,sl,-0.5038190210100671,1181.0,398.89066667397816,3191.1253333918253
2025-11,-1,sl,-0.5038479147887704,1426.0,398.89066667397816,3191.1253333918253
2025-11,-1,sl,-0.5038768085674737,5514.0,398.89066667397816,3191.1253333918253
2025-11,-1,sl,-0.5039075493604372,5536.0,398.89066667397816,3191.1253333918253
2025-11,-1,sl,-0.5039201492355286,5539.0,398.89066667397816,3191.1253333918253
2025-11,-1,sl,-0.45979963168263066,5166.0,354.7200000076493,2837.760000061194
2025-11,-1,tp,2.0287011053885555,16237.0,266.59200000837444,2132.7360000669955
2025-11,1,sl,-0.6653106259886715,0.0,563.2533333395421,4506.026666716337
2025-11,1,sl,-0.6650984679621772,181.0,563.2533333395421,4506.026666716337
2025-11,1,sl,-0.6648863099356828,3445.0,563.2533333395421,4506.026666716337
2025-11,1,sl,-0.48281779614769504,2214.0,381.48266667301453,3051.8613333841163
2025-11,1,sl,-0.6646265691930006,3545.0,563.2533333395421,4506.026666716337
2025-11,1,sl,-0.6645897144181131,3545.0,563.2533333395421,4506.026666716337
2025-11,1,sl,-0.6652610595626617,3539.0,563.9466666729252,4511.573333383401
2025-11,1,sl,-0.6579748169765425,3438.0,556.6720000061889,4453.376000049511
2025-11,1,sl,-0.5050291685438302,2078.0,403.7973333397011,3230.3786667176087
2025-11,-1,soft_sl,-0.8137044188176688,26322.0,711.6586666715642,5693.269333372514
2025-11,-1,soft_sl,-0.809934965520667,26261.0,707.8506666719417,5662.805333375533
2025-11,-1,soft_sl,-0.6575438842778923,25807.0,555.434666672647,4443.477333381176
2025-11,-1,soft_sl,-0.8093564402231359,26183.0,707.2320000051459,5657.856000041167
2025-11,-1,soft_sl,-0.6791738192431857,5898.0,576.9493333390852,4615.594666712682
2025-11,-1,soft_sl,-0.6792682628277958,6344.0,576.9493333390852,4615.594666712682
2025-11,-1,soft_sl,-0.6792990263793033,6345.0,576.9493333390852,4615.594666712682
2025-11,-1,soft_sl,-0.679362706412406,6382.0,576.9493333390852,4615.594666712682
2025-11,-1,soft_sl,-0.6687789201408378,6371.0,566.3573333390553,4530.858666712443
2025-11,-1,soft_sl,-0.8769601099020128,5569.0,774.357333338658,6194.858666709264
2025-11,-1,soft_sl,-0.8813652517887774,5496.0,778.7093333385388,6229.674666708311
2025-11,-1,soft_sl,-0.8129265025444572,5331.0,710.2400000054141,5681.920000043313
2025-11,-1,sl,-0.5800506935357275,2833.0,476.5333333409826,3812.266666727861
2025-11,-1,soft_sl,-1.2283741681759708,843.0,1125.482666670978,9003.861333367824
2025-11,1,sl,-0.7467870375572461,40542.0,645.0346666721503,5160.277333377202
2025-11,1,sl,-0.47595539563073624,39343.0,374.28266667351124,2994.26133338809
2025-11,1,sl,-0.4610256720289422,39229.0,359.4026666734616,2875.221333387693
2025-11,1,sl,-0.46100875274831715,39229.0,359.4026666734616,2875.221333387693
2025-11,1,sl,-0.7463472046356359,40573.0,644.6400000054638,5157.12000004371
2025-11,1,sl,-0.7184970837142449,40306.0,616.8213333390156,4934.570666712125
2025-11,1,sl,-0.7203054329984246,40240.0,618.6986666722596,4949.589333378077
2025-11,1,sl,-1.4685746055581563,2201.0,1366.9120000014207,10935.296000011365
2025-11,1,sl,-1.4685608240096282,2202.0,1366.9120000014207,10935.296000011365
2025-11,1,sl,-0.9292712066670041,46731.0,827.9360000065466,6623.488000052373
2025-11,1,sl,-1.5456894009567255,5641.0,1444.0213333366314,11552.170666693051
2025-11,1,sl,-1.4684896952314181,2306.0,1366.9120000014207,10935.296000011365
2025-11,1,sl,-1.5456139440770023,5741.0,1444.0213333366314,11552.170666693051
2025-11,1,sl,-1.4684663613662978,2308.0,1366.9120000014207,10935.296000011365
2025-11,1,sl,-0.9291944002498382,46858.0,827.9360000065466,6623.488000052373
2025-11,1,sl,-1.4684047849046797,2335.0,1366.9120000014207,10935.296000011365
2025-11,1,sl,-1.545538487197279,5772.0,1444.0213333366314,11552.170666693051
2025-11,1,sl,-1.4683718987229675,2342.0,1366.9120000014207,10935.296000011365
2025-11,1,sl,-0.9291175938326723,46866.0,827.9360000065466,6623.488000052373
2025-11,1,sl,-1.5454498723827301,6133.0,1444.0213333366314,11552.170666693051
2025-11,1,sl,-1.5454253018776942,6136.0,1444.0213333366314,11552.170666693051
2025-11,1,sl,-1.4682774194145722,2703.0,1366.9120000014207,10935.296000011365
2025-11,1,sl,-1.545406169067091,6139.0,1444.0213333366314,11552.170666693051
2025-11,1,sl,-1.4682302047579718,2706.0,1366.9120000014207,10935.296000011365
2025-11,-1,tp,3.0159524925070116,30434.0,389.7600000069539,3118.080000055631
2025-11,1,sl,-1.545362465751452,7942.0,1444.0213333366314,11552.170666693051
2025-11,1,sl,-1.5452969107779935,7942.0,1444.0213333366314,11552.170666693051
2025-11,1,sl,-1.5469851183450454,7941.0,1445.7706666699548,11566.165333359639
2025-11,1,sl,-1.5784435829118049,5208.0,1477.1626666678487,11817.30133334279
2025-11,1,sl,-1.577483947329357,5205.0,1476.213333334575,11809.7066666766
2025-11,1,sl,-1.5323759569466955,4960.0,1431.168000001808,11449.344000014464
2025-11,1,sl,-1.532380682743311,4960.0,1431.168000001808,11449.344000014464
2025-11,1,sl,-1.4680651435977266,4509.0,1366.9120000014207,10935.296000011365
2025-11,1,sl,-1.3335511850862642,1373.0,1232.2773333364726,9858.21866669178
2025-11,1,sl,-1.3334139127467555,1373.0,1232.2773333364726,9858.21866669178
2025-11,1,sl,-1.2459743538441397,40.0,1144.7680000030498,9158.144000024398
2025-11,1,sl,-1.2458334773383994,40.0,1144.7680000030498,9158.144000024398
2025-11,1,sl,-1.5507315458222386,8554.0,1449.568000003298,11596.544000026384
2025-11,1,sl,-2.1016914188620537,6614.0,2000.2773333334924,16002.218666667939
2025-11,1,sl,-2.101692332710058,6614.0,2000.2773333334924,16002.218666667939
2025-11,1,sl,-2.0307757396535737,6512.0,1929.4080000000695,15435.264000000556
2025-11,1,sl,-2.030774957170815,6512.0,1929.4080000000695,15435.264000000556
2025-11,1,sl,-2.0307772888263464,6512.0,1929.4080000000695,15435.264000000556
2025-11,1,sl,-2.0307661973171696,6525.0,1929.4080000000695,15435.264000000556
2025-11,1,sl,-1.4683352108164258,5332.0,1367.253333334873,10938.026666678985
2025-11,1,sl,-1.3332766404072467,2229.0,1232.2773333364726,9858.21866669178
2025-11,1,sl,-1.5414603315837572,6470.0,1440.384000001798,11523.072000014385
2025-11,1,sl,-2.0230817671118118,7237.0,1921.7920000000297,15374.336000000238
2025-11,1,sl,-2.0230839516093533,7237.0,1921.7920000000297,15374.336000000238
2025-11,1,sl,-2.020322951572668,7236.0,1919.0400000000498,15352.320000000398
2025-11,1,sl,-1.5441774152425662,6471.0,1443.1146666684747,11544.917333347797
2025-11,1,sl,-1.2456926008326592,1612.0,1144.7680000030498,9158.144000024398
2025-11,1,sl,-2.020313615415539,7242.0,1919.0400000000498,15352.320000000398
2025-11,1,sl,-1.9805530281810337,7201.0,1879.3493333338201,15034.794666670561
2025-11,1,sl,-2.023165628641452,7422.0,1921.9733333336314,15375.786666669052
2025-11,1,sl,-1.9805376509663555,7349.0,1879.3493333338201,15034.794666670561
2025-11,1,sl,-1.9805407884510497,7349.0,1879.3493333338201,15034.794666670561
2025-11,1,sl,-1.3330707318979835,3168.0,1232.2773333364726,9858.21866669178
2025-11,1,sl,-1.1130762426189542,0.0,1012.1493333375454,8097.194666700363
2025-11,1,sl,-1.1158450631211039,3.0,1014.922666670829,8119.381333366632
2025-11,1,sl,-1.1129063546753586,203.0,1012.1493333375454,8097.194666700363
2025-11,1,sl,-1.1156750366747632,184.0,1014.922666670829,8119.381333366632
2025-11,1,sl,-1.2454812860740487,2520.0,1144.7680000030498,9158.144000024398
2025-11,1,sl,-1.112736466731763,333.0,1012.1493333375454,8097.194666700363
2025-11,1,sl,-1.1155050102284227,315.0,1014.922666670829,8119.381333366632
2025-11,1,sl,-1.3327940812437211,4119.0,1232.2773333364726,9858.21866669178
2025-11,1,soft_sl,-2.603964981016396,9505.0,2502.858666667491,20022.869333339928
2025-11,1,sl,-1.245185080764222,2788.0,1144.7680000030498,9158.144000024398
2025-11,1,sl,-1.0385290255450637,523697.0,938.2293333372473,7505.834666697979
2025-11,1,sl,-1.3327295971520654,4123.0,1232.2773333364726,9858.21866669178
2025-11,1,sl,-1.3327275510492116,4123.0,1232.2773333364726,9858.21866669178
2025-11,1,sl,-1.1124816348163693,569.0,1012.1493333375454,8097.194666700363
2025-11,1,sl,-1.1152499705589118,550.0,1014.922666670829,8119.381333366632
2025-11,1,sl,-1.2451491678555828,2795.0,1144.7680000030498,9158.144000024398
2025-11,1,sl,-1.0384904627994227,523719.0,938.2293333372473,7505.834666697979
2025-11,1,sl,-1.0960842902238073,524432.0,995.7973333373169,7966.378666698535
2025-11,1,sl,-1.2451290948096978,3402.0,1144.7680000030498,9158.144000024398
2025-11,1,sl,-1.2451132549469437,3403.0,1144.7680000030498,9158.144000024398
2025-11,1,sl,-1.3326651130604097,4737.0,1232.2773333364726,9858.21866669178
2025-11,1,sl,-1.096046383978026,524435.0,995.7973333373169,7966.378666698535
2025-11,1,sl,-1.0384519000537817,524312.0,938.2293333372473,7505.834666697979
2025-11,1,soft_sl,-2.627362655682581,10065.0,2526.346666667114,20210.77333333691
2025-11,1,sl,-1.236624520416764,0.0,1136.0106666696568,9088.085333357254
2025-11,1,sl,-1.2364339905731776,1.0,1136.0106666696568,9088.085333357254
2025-11,1,sl,-1.2450593855839849,3722.0,1144.7680000030498,9158.144000024398
2025-11,1,sl,-1.0960084777322445,524753.0,995.7973333373169,7966.378666698535
2025-11,1,sl,-1.0383940559353204,524663.0,938.2293333372473,7505.834666697979
2025-11,1,soft_sl,-2.635418671682363,10481.0,2534.485333333661,20275.882666669288
2025-11,1,sl,-1.2362434607295911,276.0,1136.0106666696568,9088.085333357254
2025-11,1,sl,-1.099320599696865,524855.0,999.1680000039438,7993.34400003155
2025-11,1,sl,-1.244969603312387,3844.0,1144.7680000030498,9158.144000024398
2025-11,1,sl,-1.2204418540272466,3814.0,1120.2560000032684,8962.048000026147
2025-11,1,soft_sl,-2.635979890276626,10505.0,2535.104000000308,20280.832000002465
2025-11,1,sl,-1.0382976490712181,524771.0,938.2293333372473,7505.834666697979
2025-11,1,sl,-1.0803126287491813,524865.0,980.2453333373865,7841.962666699092
2025-11,-1,tp,3.749097819875179,36081.0,481.32266667420663,3850.581333393653
2025-11,1,soft_sl,-2.646098797126018,10863.0,2545.2906666669746,20362.325333335797
2025-11,1,soft_sl,-2.6461007303488526,10863.0,2545.2906666669746,20362.325333335797
2025-11,1,sl,-1.112194690154384,1996.0,1012.1493333375454,8097.194666700363
2025-11,1,sl,-1.114964244247386,1977.0,1014.922666670829,8119.381333366632
2025-11,1,sl,-1.497158050922452,5123.0,1396.9493333360056,11175.594666688045
2025-11,-1,tp,3.9437107652122037,35930.0,505.6533333401382,4045.2266667211056
2025-11,-1,tp,3.973574962751363,35916.0,509.38666667342187,4075.093333387375
2025-11,1,soft_sl,-2.675088263975313,10894.0,2574.357333333542,20594.858666668337
2025-11,1,sl,-1.1121347319356991,2037.0,1012.1493333375454,8097.194666700363
2025-11,1,sl,-1.1120747737170142,2037.0,1012.1493333375454,8097.194666700363
2025-11,1,sl,-1.1149045388644923,2018.0,1014.922666670829,8119.381333366632
2025-11,1,sl,-1.1148448334815986,2034.0,1014.922666670829,8119.381333366632
2025-11,1,sl,-1.1116837682907248,2233.0,1011.776000004212,8094.208000033696
2025-11,1,sl,-1.1139719977763947,2211.0,1014.0693333374958,8112.554666699966
2025-11,-1,tp,3.9575649841437164,36259.0,507.3706666733821,4058.965333387057
2025-11,1,sl,-1.2359576659642113,906.0,1136.0106666696568,9088.085333357254
2025-11,1,soft_sl,-2.6749942642494093,11098.0,2574.357333333542,20594.858666668337
2025-11,1,sl,-1.1258125857220538,2205.0,1025.984000003934,8207.872000031472
2025-11,1,sl,-1.125811078073705,2219.0,1025.984000003934,8207.872000031472
2025-11,-1,tp,3.958544829537988,36405.0,507.47733334024747,4059.8186667219798
2025-11,1,sl,-1.1627321461748648,2477.0,1063.072000003457,8504.576000027657
2025-11,1,sl,-1.1627312706159942,2477.0,1063.072000003457,8504.576000027657
2025-11,1,sl,-1.235666889648348,1371.0,1136.0106666696568,9088.085333357254
2025-11,1,sl,-1.235612623903735,1374.0,1136.0106666696568,9088.085333357254
2025-11,1,sl,-1.235558358159122,1421.0,1136.0106666696568,9088.085333357254
2025-11,1,sl,-1.2354813413552448,1872.0,1136.0106666696568,9088.085333357254
2025-11,1,sl,-1.2354769595422024,1877.0,1136.0106666696568,9088.085333357254
2025-11,1,sl,-1.2353412951806697,2024.0,1136.0106666696568,9088.085333357254
2025-11,1,sl,-1.0507506768415085,415.0,951.8720000039538,7614.97600003163
2025-11,1,sl,-1.050550159483312,1042.0,951.8720000039538,7614.97600003163
2025-11,1,sl,-1.0503496421251153,1757.0,951.8720000039538,7614.97600003163
2025-11,-1,soft_sl,-1.2884980314561667,5637.0,1189.4293333362539,9515.434666690031
2025-11,-1,sl,-1.2075899342843686,5417.0,1108.4800000037749,8867.840000030199
2025-11,-1,soft_sl,-1.0859296555755653,10569.0,986.7093333367507,7893.674666694005
2025-11,-1,sl,-1.2036739964648207,5440.0,1104.512000003755,8836.09600003004
2025-11,-1,soft_sl,-1.2009218476564163,10933.0,1101.6960000029205,8813.568000023364
2025-11,-1,soft_sl,-1.0896634634943119,10692.0,990.38933333685,7923.1146666948
2025-11,-1,soft_sl,-1.0980015433722827,10713.0,998.64533333684,7989.16266669472
2025-11,-1,sl,-1.4783272161027898,7002.0,1379.1360000026723,11033.088000021378
2025-11,-1,sl,-0.5639946331179638,0.0,464.9493333398302,3719.5946667186417
2025-11,-1,sl,-0.5640865931442864,0.0,464.9493333398302,3719.5946667186417
2025-11,-1,sl,-0.564178553170609,0.0,464.9493333398302,3719.5946667186417
2025-11,-1,sl,-0.564316493210093,0.0,464.9493333398302,3719.5946667186417
2025-11,-1,sl,-0.5645463932758995,161.0,464.9493333398302,3719.5946667186417
2025-11,-1,sl,-0.5647240128233091,641.0,464.9493333398302,3719.5946667186417
2025-11,-1,sl,-0.5647823474557591,677.0,464.9493333398302,3719.5946667186417
2025-11,-1,sl,-0.537861866088187,663.0,437.9840000064671,3503.872000051737
2025-11,-1,sl,-0.533125624036942,628.0,433.16266667321327,3465.301333385706
2025-11,-1,sl,-0.5051187246186208,603.0,405.0240000071128,3240.1920000569025
2025-11,-1,sl,-0.6846031773942118,0.0,585.2480000067751,4681.984000054201
2025-11,-1,sl,-0.6847404069211818,0.0,585.2480000067751,4681.984000054201
2025-11,-1,sl,-0.6848776364481516,0.0,585.2480000067751,4681.984000054201
2025-11,-1,sl,-0.6850834807386065,0.0,585.2480000067751,4681.984000054201
2025-11,-1,sl,-0.6854265545560312,26.0,585.2480000067751,4681.984000054201
2025-11,-1,sl,-0.8502053632313463,1407.0,750.7199999848008,6005.759999878406
2025-11,-1,sl,-0.7453998929434539,691.0,645.8773333162069,5167.018666529655
2025-11,1,sl,-0.4869155253937376,487.0,387.5413333084186,3100.3306664673487
2025-11,1,sl,-0.4868883588993836,487.0,387.5413333084186,3100.3306664673487
2025-11,1,sl,-0.4868611924050296,487.0,387.5413333084186,3100.3306664673487
2025-11,1,sl,-0.4868204426634986,487.0,387.5413333084186,3100.3306664673487
2025-11,1,sl,-0.48675252642761363,520.0,387.5413333084186,3100.3306664673487
2025-11,1,sl,-0.4866875246062582,2073.0,387.5413333084186,3100.3306664673487
2025-11,1,sl,-0.4299076231743898,1590.0,330.82666664024197,2646.6133331219357
2025-11,1,sl,-0.44848202574417206,1810.0,349.5039999737342,2796.0319997898737
2025-11,1,sl,-0.5282825971005478,1865.0,429.3653333074848,3434.922666459878
2025-11,1,sl,-0.467278281577322,1652.0,368.41599997321765,2947.327999785741
2025-11,1,sl,-0.4779694829324882,4574.0,379.1466666409373,3033.1733331274986
2025-11,1,sl,-0.5265848282493628,1877.0,427.7226666408777,3421.7813331270218
2025-11,1,sl,-0.46700668073048246,1652.0,368.1706666399042,2945.3653331192336
2025-11,1,sl,-0.46811628142779227,1650.0,369.29066663980484,2954.3253331184387
2025-11,1,sl,-0.46776021194510775,1645.0,368.9706666399042,2951.7653331192337
2025-11,1,sl,-0.46818083278693096,1619.0,369.429333306551,2955.434666452408
2025-11,1,sl,-0.4697315210542774,1619.0,370.99733330657085,2967.978666452567
2025-11,1,soft_sl,-0.9070362524602602,10478.0,808.1493333172798,6465.194666538238
2025-11,1,soft_sl,-0.8528112946335555,10320.0,753.9946666499973,6031.957333199978
2025-11,1,sl,-0.4789163073476187,1599.0,380.27733330686885,3042.218666454951
2025-11,1,sl,-0.48000303999236793,1593.0,381.39733330676955,3051.1786664541564
2025-11,1,soft_sl,-1.1121239256301545,14040.0,1013.2373333369692,8105.8986666957535
2025-11,1,soft_sl,-0.8603367794741275,10318.0,761.6213333166639,6092.9706665333115
2025-11,1,soft_sl,-1.1021760181521962,14058.0,1003.3706666702528,8026.965333362023
2025-11,1,soft_sl,-1.0847545160075753,14052.0,986.0266666701933,7888.213333361547
2025-11,1,soft_sl,-1.0899772441239297,14100.0,991.3813333367308,7931.050666693846
2025-11,1,soft_sl,-1.07674026002419,14024.0,978.176000003467,7825.408000027736
2025-11,1,soft_sl,-1.026094882101092,13543.0,927.6373333368699,7421.098666694959
2025-11,1,soft_sl,-1.0299623900959576,13541.0,931.5520000035067,7452.4160000280535
2025-11,1,soft_sl,-1.0172099468447322,13370.0,918.8800000036756,7351.040000029405
2025-11,1,sl,-1.031231612754595,31564.0,933.0453333373864,7464.362666699091
2025-11,1,sl,-0.6317413687863185,25724.0,533.7600000057618,4270.080000046094
2025-11,1,sl,-0.6317273370833337,25724.0,533.7600000057618,4270.080000046094
2025-11,1,sl,-0.6248695654542273,25711.0,526.9333333390952,4215.466666712761
2025-11,1,sl,-1.0605427455525083,31376.0,962.4533333370587,7699.626666696469
2025-11,1,sl,-1.0606924530561554,31371.0,962.656000003765,7701.24800003012
2025-11,1,soft_sl,-1.4707652039415673,28896.0,1372.5226666684946,10980.181333347957
2025-11,1,sl,-1.2673608511656709,27105.0,1169.2160000032186,9353.728000025749
2025-11,1,sl,-1.0630703792263998,31379.0,965.0880000037452,7720.704000029961
2025-11,1,sl,-1.0721278551485043,31351.0,974.2293333370984,7793.834666696787
2025-11,1,soft_sl,-1.4705917306729988,28905.0,1372.5226666684946,10980.181333347957
2025-11,1,sl,-1.2672193534271345,27114.0,1169.2160000032186,9353.728000025749
2025-11,1,sl,-1.2670778556885984,27116.0,1169.2160000032186,9353.728000025749
2025-11,1,soft_sl,-1.502540854738388,28476.0,1404.661333335787,11237.290666686296
2025-11,1,sl,-1.2053370065733529,30822.0,1107.6373333362737,8861.09866669019
2025-11,1,sl,-1.1950960953576821,30729.0,1097.4933333359659,8779.946666687727
2025-11,1,sl,-0.7504692027345985,6663.0,653.6959999835491,5229.567999868393
2025-11,1,sl,-0.7504321066083627,6667.0,653.6959999835491,5229.567999868393
2025-11,1,sl,-0.7311513038151615,6589.0,634.4426666499178,5075.541333199342
2025-11,1,sl,-0.7260954942916449,7191.0,629.4399999824167,5035.519999859333
2025-11,1,sl,-0.735501341830962,451.0,638.8799999792377,5111.039999833902
2025-11,1,sl,-0.7572420638562448,7121.0,660.6613333160678,5285.290666528543
2025-11,1,sl,-0.7354455994035637,463.0,638.8799999792377,5111.039999833902
2025-11,1,sl,-0.75931942064311,7146.0,662.7733333161473,5302.186666529178
2025-11,1,soft_sl,-0.9478117544909093,10691.0,851.1999999826153,6809.599999860922
2025-11,1,sl,-0.7353898569761653,522.0,638.8799999792377,5111.039999833902
2025-11,1,soft_sl,-0.9477869997417528,10693.0,851.1999999826153,6809.599999860922
2025-11,1,sl,-0.7606175081277409,7158.0,664.1173333160083,5312.938666528066
2025-11,1,soft_sl,-0.9082115795336632,10387.0,811.6693333163857,6493.354666531086
2025-11,1,soft_sl,-0.9477437143365537,10708.0,851.1999999826153,6809.599999860922
2025-11,1,soft_sl,-0.9107056022651797,10397.0,814.1866666497787,6513.493333198229
2025-11,1,sl,-0.7353062433350678,539.0,638.8799999792377,5111.039999833902
2025-11,1,sl,-1.2100474105946253,14452.0,1113.4186666536332,8907.349333229065
2025-11,1,sl,-0.7789614643992611,7280.0,682.5493333159884,5460.394666527907
2025-11,1,sl,-0.7352427435050441,654.0,638.8799999792377,5111.039999833902
2025-11,1,sl,-0.7351921147988649,699.0,638.8799999792377,5111.039999833902
2025-11,1,sl,-0.735166887266572,703.0,638.8799999792377,5111.039999833902
2025-11,1,sl,-1.1997099150695085,14407.0,1103.210666653812,8825.685333230496
2025-11,1,sl,-0.753702867426179,951.0,657.4506666460634,5259.605333168507
2025-11,1,sl,-0.8151770468073685,7772.0,718.9013333167633,5751.210666534106
2025-11,1,sl,-1.1852997902110287,14815.0,1088.9279999873042,8711.423999898434
2025-11,1,sl,-0.7608766310335704,1022.0,664.7039999793967,5317.631999835174
2025-11,1,sl,-0.7822113232688003,949.0,686.1759999800722,5489.407999840578
2025-11,-1,tp,4.59450179277868,43748.0,586.5600000067055,4692.480000053644
2025-11,1,sl,-1.246965608257762,16407.0,1150.8266666553418,9206.613333242734
2025-11,1,sl,-1.246959720820715,16478.0,1150.8266666553418,9206.613333242734
2025-11,-1,tp,4.584121748159488,45582.0,585.2480000067751,4681.984000054201
2025-11,-1,tp,4.58419447018764,46705.0,585.2480000067751,4681.984000054201
2025-11,-1,tp,4.584242951539742,46717.0,585.2480000067751,4681.984000054201
2025-11,-1,tp,4.584291432891844,46718.0,585.2480000067751,4681.984000054201
2025-11,1,sl,-2.902553597407582,28052.0,2805.8346666581433,22446.677333265146
2025-11,-1,tp,4.360192120608359,37177.0,557.1946666489044,4457.557333191236
2025-11,1,sl,-2.9023766033092144,28206.0,2805.8346666581433,22446.677333265146
2025-11,-1,tp,4.36019634310385,37178.0,557.1946666489044,4457.557333191236
2025-11,-1,tp,4.396212709845972,37180.0,561.6959999822577,4493.567999858062
2025-11,-1,tp,4.535976593074866,37356.0,579.1679999820391,4633.343999856313
2025-11,-1,tp,4.535973192770519,37356.0,579.1679999820391,4633.343999856313
2025-11,-1,tp,4.535967129188233,37356.0,579.1679999820391,4633.343999856313
2025-11,-1,tp,4.650456875046833,37336.0,593.4826666486264,4747.861333189011
2025-11,-1,tp,4.650454296933629,37336.0,593.4826666486264,4747.861333189011
2025-11,-1,tp,4.6504502525316065,37336.0,593.4826666486264,4747.861333189011
2025-11,1,sl,-2.915419662544271,28414.0,2819.0613333249094,22552.490666599275
2025-11,1,sl,-3.1254506535035347,28487.0,3029.397333327234,24235.17866661787
2025-11,-1,sl,-1.242540893655838,15.0,1145.8773333220681,9167.018666576545
2025-11,1,sl,-3.150161942066146,57074.0,3054.1866666610044,24433.493333288036
2025-11,1,sl,-3.1873569493848577,57078.0,3091.4666666615008,24731.733333292006
2025-11,-1,tp,5.070133756303317,66925.0,645.8773333162069,5167.018666529655
2025-11,-1,tp,5.070245755719572,67037.0,645.8773333162069,5167.018666529655
2025-11,1,sl,-3.20887811459885,57219.0,3113.1306666617593,24905.045333294074
2025-11,-1,tp,5.0703129553693245,75607.0,645.8773333162069,5167.018666529655
2025-11,-1,tp,5.2054575916557,75871.0,662.7733333161473,5302.186666529178
2025-11,-1,tp,5.070357755135826,75609.0,645.8773333162069,5167.018666529655
2025-11,1,sl,-0.29574827589436103,37.0,199.8399999704957,1598.7199997639657
2025-11,1,sl,-0.2957086090890222,120.0,199.8399999704957,1598.7199997639657
2025-11,1,sl,-0.29566894228368334,146.0,199.8399999704957,1598.7199997639657
2025-11,1,sl,-0.295609442075675,187.0,199.8399999704957,1598.7199997639657
2025-11,1,sl,-0.29555549968198036,7201.0,199.8399999704957,1598.7199997639657
2025-11,1,sl,-0.27622340094442244,7083.0,180.52266663581133,1444.1813330864907
2025-11,1,sl,-0.2775779123943496,7084.0,181.89866663585107,1455.1893330868086
2025-11,1,sl,-0.2788643102082285,7882.0,183.189333302478,1465.514666419824
2025-11,1,sl,-0.2805334874373639,7928.0,184.895999969244,1479.167999753952
2025-11,-1,soft_sl,-0.48320403294227965,17770.0,387.0186666392287,3096.1493331138295
2025-11,-1,soft_sl,-0.4883248547782233,18134.0,392.10666663934785,3136.853333114783
2025-11,-1,soft_sl,-0.4166206773696114,17381.0,320.36266664117574,2562.901333129406
2025-11,-1,sl,-0.42753735259142395,3109.0,331.37066663861276,2650.965333108902
2025-11,-1,sl,-0.42758474335004004,4157.0,331.37066663861276,2650.965333108902
2025-11,1,sl,-0.3542427095617916,2061.0,258.2186666391293,2065.7493331130345
2025-11,1,sl,-0.35546989402469326,2066.0,259.4666666391492,2075.7333331131936
2025-11,1,sl,-0.3594157184877125,2055.0,263.4346666392684,2107.4773331141473
2025-11,1,sl,-0.3598865138488379,2044.0,263.93599997272094,2111.4879997817675
2025-11,1,sl,-0.2948439045974386,39203.0,199.27466663648684,1594.1973330918947
2025-11,-1,sl,-0.33096751282660203,0.0,235.17866663455962,1881.429333076477
2025-11,-1,sl,-0.3310391748916979,37.0,235.17866663455962,1881.429333076477
2025-11,-1,sl,-0.33111083695679366,102.0,235.17866663455962,1881.429333076477
2025-11,-1,sl,-0.33121833005443746,9668.0,235.17866663455962,1881.429333076477
2025-11,-1,sl,-0.33529998229330826,9639.0,239.22133330136538,1913.770666410923
2025-11,-1,soft_sl,-0.33965217201198467,16201.0,243.54133330156407,1948.3306664125125
2025-11,-1,soft_sl,-0.3507383937303295,16143.0,254.59199996809164,2036.7359997447331
2025-11,-1,soft_sl,-0.4881310206140889,88814.0,391.8826666393876,3135.0613331151008
2025-11,-1,soft_sl,-0.4276321341086562,70409.0,331.37066663861276,2650.965333108902
2025-11,-1,soft_sl,-0.42770322024658036,70416.0,331.37066663861276,2650.965333108902
2025-11,-1,soft_sl,-0.4277454243644775,70555.0,331.37066663861276,2650.965333108902
2025-11,-1,soft_sl,-0.4277729641818572,70886.0,331.37066663861276,2650.965333108902
2025-11,-1,soft_sl,-0.41091739999862187,70634.0,314.49599997133015,2515.967999770641
2025-11,-1,soft_sl,-0.4109385931425057,70653.0,314.49599997133015,2515.967999770641
2025-11,1,sl,-0.30017167309504444,11718.0,204.3733333008488,1634.9866664067904
2025-11,1,sl,-0.32860149199991134,11345.0,232.8426666362087,1862.7413330896695
2025-11,1,sl,-0.331678452782419,11320.0,235.93599996934336,1887.4879997547469
2025-11,1,sl,-0.3319878389026578,11411.0,236.25599996944268,1890.0479997555415
2025-11,1,sl,-0.33669551474453685,11362.0,240.98133330305419,1927.8506664244335
2025-11,1,sl,-0.36321797150210006,5.0,267.51999997069436,2140.159999765555
2025-11,1,sl,-0.36314688085782537,1474.0,267.51999997069436,2140.159999765555
2025-11,1,sl,-0.3630757902135507,1474.0,267.51999997069436,2140.159999765555
2025-11,1,sl,-0.3630326537367707,1475.0,267.51999997069436,2140.159999765555
2025-11,1,sl,-0.3630100420800659,1476.0,267.51999997069436,2140.159999765555
2025-11,1,sl,-0.3629874304233611,1476.0,267.51999997069436,2140.159999765555
2025-11,1,sl,-0.36296915424713866,1476.0,267.51999997069436,2140.159999765555
2025-11,1,sl,-0.36403030760502997,1487.0,268.59733330408733,2148.7786664326986
2025-11,1,sl,-0.37415535179700304,1942.0,278.78399997115133,2230.2719997692107
2025-11,1,sl,-0.28124288896973804,512.0,185.9306666373213,1487.4453330985705
2025-11,-1,tp,2.461047242017946,99236.0,319.50933330476283,2556.0746664381027
2025-11,-1,tp,5.912824944405336,245250.0,751.1359999848405,6009.087999878724
2025-11,-1,tp,5.909562821645053,245392.0,750.7199999848008,6005.759999878406
2025-11,-1,tp,5.90960784913843,245400.0,750.7199999848008,6005.759999878406
2025-11,-1,tp,6.217541729427018,245921.0,789.2159999859333,6313.7279998874665
2025-11,-1,sl,-1.0768490308639054,32.0,982.3573333197833,7858.858666558266
2025-11,-1,sl,-1.0769508135214367,88.0,982.3573333197833,7858.858666558266
2025-11,-1,sl,-1.077052596178968,191.0,982.3573333197833,7858.858666558266
2025-11,-1,soft_sl,-1.3293671169148555,601.0,1234.762666654388,9878.101333235105
2025-11,-1,soft_sl,-1.329467324741048,695.0,1234.762666654388,9878.101333235105
2025-11,-1,sl,-1.0772052701652652,359.0,982.3573333197833,7858.858666558266
2025-11,-1,soft_sl,-1.3295675325672405,950.0,1234.762666654388,9878.101333235105
2025-11,-1,soft_sl,-1.3297178443065292,23886.0,1234.762666654388,9878.101333235105
2025-11,-1,sl,-1.0774134625969545,23550.0,982.3573333197833,7858.858666558266
2025-11,-1,sl,-1.0774597268090935,23551.0,982.3573333197833,7858.858666558266
2025-11,-1,sl,-1.0774815222019587,24339.0,982.3573333197833,7858.858666558266
2025-11,-1,sl,-1.0775495818069631,24551.0,982.3573333197833,7858.858666558266
2025-11,-1,soft_sl,-1.1806712529049028,24824.0,1085.4506666525206,8683.605333220165
2025-11,-1,soft_sl,-1.329923433912192,25229.0,1234.762666654388,9878.101333235105
2025-11,-1,sl,-1.0776516712144695,24893.0,982.3573333197833,7858.858666558266
2025-11,-1,soft_sl,-1.3299683638720101,25441.0,1234.762666654388,9878.101333235105
2025-11,-1,sl,-0.5164644492916066,1369.0,420.9386666402221,3367.5093331217768
2025-11,-1,sl,-0.516513511288386,1387.0,420.9386666402221,3367.5093331217768
2025-11,-1,sl,-0.5165625732851652,1656.0,420.9386666402221,3367.5093331217768
2025-11,-1,soft_sl,-1.3299906714094818,27298.0,1234.762666654388,9878.101333235105
2025-11,-1,sl,-0.5166361662803342,1659.0,420.9386666402221,3367.5093331217768
2025-11,-1,sl,-1.0941606522274407,27160.0,998.6879999869069,7989.503999895255
2025-11,-1,sl,-0.5167035773659141,1887.0,420.9386666402221,3367.5093331217768
2025-11,1,sl,-0.4988546191828223,1980.0,403.35999997437,3226.87999979496
2025-11,1,sl,-0.4700010425199286,1757.0,374.51733330607414,2996.138666448593
2025-11,1,sl,-0.3975579221993536,1378.0,302.10133330533904,2416.8106664427123
2025-11,1,sl,-0.46878164185873766,1898.0,373.32266663948695,2986.5813331158956
2025-11,1,sl,-0.39465867921199704,12385.0,299.26399997115135,2394.111999769211
2025-11,-1,tp,2.1614733223296434,20131.0,282.0159999727209,2256.1279997817674
2025-11,1,sl,-1.3280899955359753,685.0,1234.3039999921123,9874.431999936898
2025-11,1,sl,-1.0708458128654612,56866.0,977.205333319207,7817.642666553656
2025-11,1,sl,-1.0708089324501242,56975.0,977.205333319207,7817.642666553656
2025-11,1,sl,-1.3279695347245517,1099.0,1234.3039999921123,9874.431999936898
2025-11,-1,tp,6.217652822554208,316449.0,789.2159999859333,6313.7279998874665
2025-11,1,sl,-1.6018413861633551,6890.0,1508.1599999952316,12065.279999961853
2025-11,1,sl,-1.3278395528326716,6151.0,1234.3039999921123,9874.431999936898
2025-11,1,sl,-1.327782198873005,6151.0,1234.3039999921123,9874.431999936898
2025-11,1,sl,-1.327849073913128,6151.0,1234.3039999921123,9874.431999936898
2025-11,-1,tp,6.2177194784305225,316451.0,789.2159999859333,6313.7279998874665
2025-11,-1,tp,6.217763915681399,316452.0,789.2159999859333,6313.7279998874665
2025-11,1,sl,-1.6017308832704895,6893.0,1508.1599999952316,12065.279999961853
2025-11,1,sl,-1.6017206937980168,6893.0,1508.1599999952316,12065.279999961853
2025-11,1,sl,-1.327724844913338,6154.0,1234.3039999921123,9874.431999936898
2025-11,-1,tp,6.217808352932274,316455.0,789.2159999859333,6313.7279998874665
2025-11,1,sl,-1.6016587260132904,6896.0,1508.1599999952316,12065.279999961853
2025-11,1,sl,-1.3276683826959925,6157.0,1234.3039999921123,9874.431999936898
2025-11,1,sl,-1.327638813973838,6159.0,1234.3039999921123,9874.431999936898
2025-11,1,sl,-1.6016000014326786,7123.0,1508.1599999952316,12065.279999961853
2025-11,1,sl,-1.6032603980894458,7123.0,1509.8346666619182,12078.677333295345
2025-11,-1,tp,3.09685555889841,105512.0,398.8799999718865,3191.039999775092
2025-11,-1,tp,3.0709483274012386,105516.0,395.6373333052794,3165.0986664422353
2025-11,1,sl,-1.6073207435370442,7962.0,1514.0053333286444,12112.042666629155
2025-11,1,sl,-1.3274954290746712,7229.0,1234.3039999921123,9874.431999936898
2025-11,1,sl,-1.4472203503931447,8831.0,1354.0053333277503,10832.042666622003
2025-11,-1,tp,3.038827476905164,107013.0,391.6159999720256,3132.9279997762046
2025-11,-1,tp,3.0953941069047115,106998.0,398.68799997220435,3189.503999777635
2025-11,1,sl,-1.5866850002178827,9329.0,1493.418666661779,11947.349333294233
2025-11,-1,tp,3.076971719904385,107003.0,396.38399997204544,3171.0719997763636
2025-11,1,sl,-1.328005855968235,8780.0,1234.9119999921322,9879.295999937058
2025-11,1,sl,-1.3273672306674333,8763.0,1234.3039999921123,9874.431999936898
2025-11,-1,tp,9.886280779772845,359378.0,1247.9573333372673,9983.658666698138
2025-11,-1,tp,9.964102735685634,361388.0,1257.6853333372374,10061.482666697899
2025-11,-1,tp,3.2735054713611826,40222.0,420.9386666402221,3367.5093331217768
2025-11,-1,tp,3.2735625463760933,40292.0,420.9386666402221,3367.5093331217768
2025-11,-1,tp,3.273583402489606,40936.0,420.9386666402221,3367.5093331217768
2025-11,-1,tp,3.273600596386034,40941.0,420.9386666402221,3367.5093331217768
2025-11,-1,tp,5.208868768110892,295711.0,662.943999983867,5303.551999870936
2025-11,-1,tp,5.205557630943543,295731.0,662.5279999838273,5300.223999870618
2025-11,-1,tp,5.3029251967192,296118.0,674.687999984026,5397.503999872208
2025-11,-1,tp,5.192321997490362,295933.0,660.8533333172401,5286.826666537921
2025-11,-1,tp,5.384839082454367,296414.0,684.9173333170016,5479.338666536013
2025-11,-1,tp,5.384841857430355,296414.0,684.9173333170016,5479.338666536013
2025-11,-1,tp,5.424662600192868,296585.0,689.8879999837279,5519.103999869823
2025-11,-1,tp,5.441782275918913,296614.0,692.0213333170612,5536.17066653649
2025-11,1,sl,-0.930115618963736,2491.0,839.8613333180547,6718.890666544437
2025-11,1,sl,-0.8747067961131908,2505.0,784.5653333164255,6276.522666531404
2025-11,1,sl,-0.8442818711716228,2294.0,754.3359999815623,6034.687999852498
2025-11,1,sl,-0.8246343056937969,2244.0,734.7413333150745,5877.930666520596
2025-11,1,sl,-0.8351957608157453,1906.0,745.3759999812643,5963.007999850114
2025-11,1,sl,-0.8579857652721512,1869.0,768.2453333152334,6145.9626665218675
2025-11,1,sl,-1.841832073820569,3329.0,1751.893333325982,14015.146666607856
2025-11,1,sl,-0.9079068999562133,1781.0,818.2933333156507,6546.346666525205
2025-11,1,sl,-0.9078560487167665,1781.0,818.2933333156507,6546.346666525205
2025-11,-1,soft_sl,-1.9272467472424504,38769.0,1835.8613333263,14686.8906666104
2025-11,-1,soft_sl,-1.9273156806294727,38771.0,1835.8613333263,14686.8906666104
2025-11,-1,soft_sl,-1.9273846140164952,41347.0,1835.8613333263,14686.8906666104
2025-11,-1,soft_sl,-1.9274880140970287,41349.0,1835.8613333263,14686.8906666104
2025-11,-1,sl,-1.3701055110726321,5.0,1277.1093333245317,10216.874666596254
2025-11,-1,sl,-1.0392718410434965,1438.0,946.122666652898,7568.981333223184
2025-11,-1,soft_sl,-1.0673059452245859,1373.0,974.1333333197236,7793.066666557789
2025-11,-1,sl,-0.630108762264492,0.0,537.0559999804696,4296.447999843756
2025-11,-1,sl,-0.6302537760290068,1559.0,537.0559999804696,4296.447999843756
2025-11,-1,sl,-0.6303987897935216,1602.0,537.0559999804696,4296.447999843756
2025-11,1,sl,-0.575659291765457,4649.0,482.5066666443149,3860.0533331545194
2025-11,1,sl,-0.5740288616627042,5817.0,480.90666664441426,3847.253333155314
2025-11,1,sl,-0.5717374288929753,5784.0,478.6453333108624,3829.162666486899
2025-11,1,sl,-0.5626497730725496,5821.0,469.5999999780456,3756.799999824365
2025-11,1,sl,-0.5339676529062523,249.0,440.9386666465799,3527.5093331726393
2025-11,1,sl,-0.5399483484825756,6078.0,446.9653333118558,3575.722666494846
2025-11,1,sl,-0.533921375662,861.0,440.9386666465799,3527.5093331726393
2025-11,1,sl,-0.6237144485999344,3213.0,530.7306666478514,4245.845333182811
2025-11,1,sl,-0.5338750984177478,936.0,440.9386666465799,3527.5093331726393
2025-11,1,sl,-0.623684786327019,3257.0,530.7306666478514,4245.845333182811
2025-11,1,soft_sl,-0.6354501096376017,2704.0,542.5066666473945,4340.053333179156
2025-11,1,sl,-0.6236551240541036,3271.0,530.7306666478514,4245.845333182811
2025-11,1,sl,-0.6236584289372313,3271.0,530.7306666478514,4245.845333182811
2025-11,1,soft_sl,-0.6354295055126121,2720.0,542.5066666473945,4340.053333179156
2025-11,1,soft_sl,-0.6291188744507716,2670.0,536.2239999804895,4289.791999843916
2025-11,1,soft_sl,-0.6291195722219428,2670.0,536.2239999804895,4289.791999843916
2025-11,1,sl,-0.5338066807234594,995.0,440.9386666465799,3527.5093331726393
2025-11,1,sl,-0.5338056825513696,995.0,440.9386666465799,3527.5093331726393
2025-11,1,sl,-0.5325411682088645,988.0,439.7013333132863,3517.6106665062903
2025-11,1,sl,-0.6236106306447304,6097.0,530.7306666478514,4245.845333182811
2025-11,1,sl,-0.6236050272021629,6098.0,530.7306666478514,4245.845333182811
2025-11,1,soft_sl,-0.6276591500560044,5483.0,534.794666647315,4278.35733317852
2025-11,1,sl,-0.5313289623607291,3777.0,438.5173333131274,3508.138666505019
2025-11,1,sl,-0.6235516254670944,6766.0,530.7306666478514,4245.845333182811
2025-11,1,sl,-0.528481834922137,4420.0,435.71199997981387,3485.695999838511
2025-11,1,sl,-0.6235364749624419,6768.0,530.7306666478514,4245.845333182811
2025-11,1,sl,-0.5260564747738117,4562.0,433.3013333129883,3466.410666503906
2025-11,1,sl,-0.6231516828641939,6879.0,530.4106666475534,4243.285333180427
2025-11,1,sl,-0.508867616302136,4511.0,416.15999997973444,3329.2799998378755
2025-11,-1,sl,-0.40848989123339546,0.0,315.57333330432573,2524.586666434606
2025-11,-1,sl,-0.40852626771381867,221.0,315.57333330432573,2524.586666434606
2025-11,-1,sl,-0.40856264419424193,281.0,315.57333330432573,2524.586666434606
2025-11,-1,sl,-0.4086172089148767,303.0,315.57333330432573,2524.586666434606
2025-11,-1,sl,-0.4087081501159347,940.0,315.57333330432573,2524.586666434606
2025-11,1,soft_sl,-0.9397438025232173,24066.0,846.9866666525602,6775.8933332204815
2025-11,1,soft_sl,-0.9396975488697952,24069.0,846.9866666525602,6775.8933332204815
2025-11,1,soft_sl,-0.9396512952163731,24076.0,846.9866666525602,6775.8933332204815
2025-11,1,sl,-0.9502265288126986,23203.0,857.5253333193064,6860.202666554451
2025-11,1,sl,-0.953165838265162,23185.0,860.5119999860724,6884.095999888579
2025-11,1,soft_sl,-0.942652378736211,24084.0,850.0586666525404,6800.469333220323
2025-11,-1,tp,2.2476408533766428,23635.0,292.47999996940297,2339.8399997552237
2025-11,-1,tp,2.3823737110770287,25096.0,309.30133330305415,2474.410666424433
2025-11,-1,tp,2.6635580440187754,26310.0,344.4159999711315,2755.327999769052
2025-11,-1,tp,2.749212277555449,26381.0,355.12533330470325,2841.002666437626
2025-11,-1,tp,3.796533959422508,77479.0,486.0266666428248,3888.2133331425985
2025-11,-1,tp,3.6870464345913136,77527.0,472.33066664268574,3778.645333141486
2025-11,1,sl,-1.1679269753930515,628.0,1077.9946666550636,8623.957333240509
2025-11,1,sl,-1.1677578368903774,1905.0,1077.9946666550636,8623.957333240509
2025-11,-1,tp,4.151231526127152,83517.0,530.3146666469177,4242.517333175341
2025-11,-1,tp,4.20524326179687,83690.0,537.0559999804696,4296.447999843756
2025-11,1,sl,-1.167588698387703,2071.0,1077.9946666550636,8623.957333240509
2025-11,-1,tp,4.2052973654648405,83692.0,537.0559999804696,4296.447999843756
2025-11,-1,tp,4.48754094712614,84577.0,572.3519999821981,4578.815999857585
2025-11,-1,tp,4.205304441383847,83693.0,537.0559999804696,4296.447999843756
2025-11,1,sl,-1.1634329426335221,5147.0,1074.0906666549047,8592.725333239237
2025-11,-1,tp,4.708342348843194,91983.0,599.9359999824563,4799.487999859651
2025-11,1,sl,-1.1992369114253738,9799.0,1110.069333321651,8880.554666573207
2025-11,-1,tp,8.984878248064579,477600.0,1134.7519999881586,9078.015999905268
2025-11,1,sl,-1.1965745612720105,11142.0,1107.4453333215913,8859.56266657273
2025-11,-1,sl,-0.7098626077767247,996.0,620.4586666501561,4963.669333201249
2025-11,-1,sl,-0.7099109227284565,1008.0,620.4586666501561,4963.669333201249
2025-11,-1,sl,-0.7099592376801882,1019.0,620.4586666501561,4963.669333201249
2025-11,-1,sl,-0.7075131181074329,1137.0,617.9413333164653,4943.530666531722
2025-11,-1,sl,-0.7075195156361163,1694.0,617.9413333164653,4943.530666531722
2025-11,-1,sl,-0.714292028495876,1768.0,624.6506666498383,4997.205333198706
2025-11,-1,sl,-0.7239407214874346,1743.0,634.2399999838074,5073.919999870459
2025-11,-1,sl,-0.7239459813562521,1744.0,634.2399999838074,5073.919999870459
2025-11,-1,sl,-0.7332456546459206,1721.0,643.4453333172202,5147.562666537761
2025-11,-1,soft_sl,-1.0276404307933993,11054.0,937.845333319207,7502.762666553656
2025-11,-1,soft_sl,-1.0276811125549887,11060.0,937.845333319207,7502.762666553656
2025-11,-1,soft_sl,-1.0277217943165782,11060.0,937.845333319207,7502.762666553656
2025-11,-1,sl,-0.806359680794289,1369.0,716.3733333162467,5730.986666529973
2025-11,-1,sl,-0.6538594760013685,0.0,562.0373333110412,4496.298666488329
2025-11,-1,sl,-0.653991761427434,0.0,562.0373333110412,4496.298666488329
2025-11,-1,sl,-0.6541240468534995,8.0,562.0373333110412,4496.298666488329
2025-11,-1,sl,-0.6543224749925977,132.0,562.0373333110412,4496.298666488329
2025-11,-1,sl,-0.6544871529144033,1941.0,562.0373333110412,4496.298666488329
2025-11,-1,sl,-0.6545198460212335,12307.0,562.0373333110412,4496.298666488329
2025-11,-1,sl,-0.6545525391280638,12307.0,562.0373333110412,4496.298666488329
2025-11,-1,sl,-0.6546015787883092,12314.0,562.0373333110412,4496.298666488329
2025-11,-1,sl,-0.6546531885577614,12388.0,562.0373333110412,4496.298666488329
2025-11,-1,sl,-0.6559639515553837,12382.0,563.3173333110412,4506.53866648833
2025-11,-1,sl,-0.47552342109063117,530.0,383.5306666410963,3068.24533312877
2025-11,-1,sl,-0.47689466944769676,506.0,384.87466664105654,3078.9973331284523
2025-11,-1,soft_sl,-0.49042169682034026,494.0,398.37866664141416,3187.0293331313133
2025-11,-1,soft_sl,-0.49118558315146377,474.0,399.12533330837886,3193.002666467031
2025-11,-1,soft_sl,-0.49117903780544214,474.0,399.12533330837886,3193.002666467031
2025-11,-1,soft_sl,-0.4908182374822403,473.0,398.74133330831927,3189.930666466554
2025-11,-1,soft_sl,-0.5377469469797647,96.0,445.6213333096107,3564.9706664768855
2025-11,-1,soft_sl,-0.5377381503423249,96.0,445.6213333096107,3564.9706664768855
2025-11,-1,soft_sl,-0.5377890628068288,97.0,445.6213333096107,3564.9706664768855
2025-11,-1,soft_sl,-0.5482311352350958,96.0,456.04266664296387,3648.341333143711
2025-11,1,sl,-0.788215146013665,1916.0,696.725333310465,5573.80266648372
2025-11,1,sl,-0.7881912802296885,2004.0,696.725333310465,5573.80266648372
2025-11,1,sl,-0.788167414445712,2012.0,696.725333310465,5573.80266648372
2025-11,1,sl,-1.2115376829745106,836.0,1120.362666656375,8962.901333251
2025-11,1,sl,-1.1378245298432241,760.0,1046.6773333216706,8373.418666573365
2025-11,1,sl,-1.3032260755935812,946.0,1212.0106666577856,9696.085333262285
2025-11,1,sl,-1.2389805116131287,881.0,1147.7973333233595,9182.378666586876
2025-11,1,sl,-1.2631923059506602,913.0,1171.999999990364,9375.999999922911
2025-11,1,sl,-1.2097303872611556,839.0,1118.5706666562955,8948.565333250364
2025-11,1,sl,-1.1363492043808792,772.0,1045.2479999882976,8361.98399990638
2025-11,1,sl,-1.0843887697363055,668.0,993.322666653494,7946.581333227952
2025-11,1,sl,-1.2067497882428493,860.0,1115.6266666562358,8925.013333249886
2025-11,1,sl,-1.0807404641670941,656.0,989.7066666534542,7917.653333227634
2025-11,1,sl,-1.4693161864427606,5879.0,1378.2506666501363,11026.00533320109
2025-11,1,sl,-1.4777593310288641,5876.0,1386.7199999835093,11093.759999868074
2025-11,1,sl,-1.4808114146792273,5985.0,1389.8026666502158,11118.421333201726
2025-11,1,sl,-1.686051885314674,5674.0,1594.9439999878407,12759.551999902726
2025-11,1,sl,-1.480802745982888,5986.0,1389.8026666502158,11118.421333201726
2025-11,1,sl,-1.6874560039123412,5675.0,1596.3839999878408,12771.071999902726
2025-11,1,sl,-1.6930287038434053,5680.0,1601.994666654567,12815.957333236536
2025-11,1,sl,-1.6994260684065599,6839.0,1608.4479999879002,12867.583999903201
2025-11,1,sl,-1.699409658769709,7844.0,1608.4479999879002,12867.583999903201
2025-11,1,sl,-1.729746258120427,8002.0,1638.8373333215714,13110.69866657257
2025-11,1,sl,-1.7743726289016963,8056.0,1683.519999988874,13468.159999910991
2025-11,1,sl,-1.7743690441381044,8059.0,1683.519999988874,13468.159999910991
2025-11,1,sl,-1.7743528476682162,8060.0,1683.519999988874,13468.159999910991
2025-11,1,sl,-1.7931158771442581,8026.0,1702.3359999894103,13618.687999915282
2025-11,1,sl,-1.7931193271642143,8026.0,1702.3359999894103,13618.687999915282
2025-11,1,sl,-1.8032888142703418,8069.0,1712.5866666563352,13700.693333250681
2025-11,1,sl,-1.8234955695407213,8060.0,1732.8213333233198,13862.570666586558
2025-11,1,sl,-1.202494584451969,83310.0,1113.4079999881983,8907.263999905586
2025-11,-1,tp,4.884412302853166,166151.0,621.919999982516,4975.359999860128
2025-11,1,sl,-1.2239496618893462,83270.0,1134.933333322207,9079.466666577657
2025-11,1,soft_sl,-0.7666666339246897,70242.0,677.88799998343,5423.10399986744
2025-11,1,sl,-1.2245541545062315,83419.0,1135.637333322366,9085.098666578928
2025-11,-1,tp,4.980611689661713,166821.0,633.9306666495403,5071.445333196322
2025-11,1,sl,-1.2245259897109648,83420.0,1135.637333322366,9085.098666578928
2025-11,-1,tp,9.074509481290127,518751.0,1145.8773333220681,9167.018666576545
2025-11,-1,tp,9.228980552306034,518736.0,1165.1946666556596,9321.557333245277
2025-11,-1,tp,9.074596400281818,519307.0,1145.8773333220681,9167.018666576545
2025-11,-1,tp,9.074615719998558,519308.0,1145.8773333220681,9167.018666576545
2025-11,-1,tp,9.07465434627628,519345.0,1145.8773333220681,9167.018666576545
2025-11,-1,tp,9.07471229227074,519382.0,1145.8773333220681,9167.018666576545
2025-11,-1,tp,9.074988984266966,519873.0,1145.8773333220681,9167.018666576545
2025-11,-1,tp,5.3729697803468675,42559.0,682.8799999818206,5463.0399998545645
2025-11,-1,tp,5.373029253977444,42568.0,682.8799999818206,5463.0399998545645
2025-11,-1,tp,5.373076034017972,42568.0,682.8799999818206,5463.0399998545645
2025-11,-1,tp,5.373007424950215,42568.0,682.8799999818206,5463.0399998545645
2025-11,-1,tp,9.07521294282801,519950.0,1145.8773333220681,9167.018666576545
2025-11,-1,tp,5.373167512774981,42569.0,682.8799999818206,5463.0399998545645
2025-11,-1,tp,5.373121773396477,42569.0,682.8799999818206,5463.0399998545645
2025-11,-1,tp,9.075362248535374,519953.0,1145.8773333220681,9167.018666576545
2025-11,-1,tp,16.32389910306421,613207.0,2052.3306666668755,16418.645333335004
2025-11,-1,tp,16.296105661570362,613219.0,2048.842666666905,16390.74133333524
2025-11,-1,tp,16.301495817818793,613213.0,2049.525333333562,16396.202666668494
2025-11,-1,tp,16.8015939111573,646233.0,2111.989333333721,16895.914666669767
2025-11,-1,tp,7.472525008891115,205724.0,945.2586666527391,7562.0693332219125
2025-11,-1,tp,7.479484472096187,205789.0,946.122666652898,7568.981333223184
2025-11,-1,tp,7.406653404837559,205467.0,937.0133333200216,7496.106666560173
2025-11,-1,tp,7.479571508022631,205803.0,946.122666652898,7568.981333223184
2025-11,-1,tp,7.479793594941157,206207.0,946.122666652898,7568.981333223184
2025-11,-1,tp,8.47936595168194,294376.0,1071.1253333225845,8569.002666580676
2025-11,-1,tp,7.47994165288684,221884.0,946.122666652898,7568.981333223184
2025-11,-1,tp,7.703982929042759,221694.0,974.1333333197236,7793.066666557789
2025-11,-1,tp,8.655409975658582,310754.0,1093.1093333229423,8744.874666583539
2025-11,-1,tp,8.655494063632366,310819.0,1093.1093333229423,8744.874666583539
2025-11,-1,tp,7.704130291847813,222403.0,974.1333333197236,7793.066666557789
2025-11,-1,tp,13.672160141880893,605829.0,1720.3413333258034,13762.730666606427
2025-11,-1,tp,10.132657790349283,226696.0,1277.6533333246907,10221.226666597526
2025-11,-1,tp,10.128608774234603,226722.0,1277.1093333245317,10216.874666596254
2025-11,-1,tp,10.128494339277134,226722.0,1277.1093333245317,10216.874666596254
2025-11,-1,tp,10.128761354177895,226725.0,1277.1093333245317,10216.874666596254
2025-11,-1,tp,10.128685064206248,226725.0,1277.1093333245317,10216.874666596254
2025-11,-1,tp,10.128748692756737,226725.0,1277.1093333245317,10216.874666596254
2025-11,-1,tp,10.129114021128148,226733.0,1277.1093333245317,10216.874666596254
2025-11,-1,tp,10.129333218150993,226737.0,1277.1093333245317,10216.874666596254
2025-11,-1,tp,10.129479349499556,226740.0,1277.1093333245317,10216.874666596254
2025-11,-1,tp,21.35257248894053,663990.0,2680.554666667084,21444.43733333667
2025-11,-1,tp,21.327393979581746,663946.0,2677.418666667342,21419.349333338738
2025-11,-1,tp,21.387058944051024,663945.0,2684.8746666673323,21478.99733333866
2025-11,-1,tp,21.386988796577715,663945.0,2684.8746666673323,21478.99733333866
2025-11,1,soft_sl,-2.0881228211403435,6727.0,2005.941333330075,16047.5306666406
2025-11,1,soft_sl,-2.087914370802089,6727.0,2005.941333330075,16047.5306666406
2025-11,1,sl,-2.3682385089651925,6988.0,2286.1759999967617,18289.407999974093
2025-11,1,soft_sl,-2.0877059204638346,6730.0,2005.941333330075,16047.5306666406
2025-11,1,sl,-2.368029823443664,7310.0,2286.1759999967617,18289.407999974093
2025-11,-1,sl,-1.899462974297134,857.0,1815.455999997457,14523.647999979656
2025-11,-1,sl,-1.89952934916806,1127.0,1815.455999997457,14523.647999979656
2025-11,-1,sl,-1.8995957240389862,1200.0,1815.455999997457,14523.647999979656
2025-11,-1,sl,-1.8996952863453753,1238.0,1815.455999997457,14523.647999979656
2025-11,-1,sl,-1.8996477835230836,1214.0,1815.2426666645208,14521.941333316166
2025-11,-1,sl,-2.221029267556442,27485.0,2136.543999996682,17092.351999973456
2025-11,1,sl,-0.621388626961789,493.0,536.8106666452686,4294.485333162149
2025-11,1,sl,-0.6213526633484017,737.0,536.8106666452686,4294.485333162149
2025-11,1,sl,-0.6213166997350144,3399.0,536.8106666452686,4294.485333162149
2025-11,1,sl,-0.6212889844535125,4234.0,536.8106666452686,4294.485333162149
2025-11,1,sl,-0.6212627543149335,4277.0,536.8106666452686,4294.485333162149
2025-11,1,sl,-0.5442300026131006,6080.0,459.8293333102266,3678.634666481813
2025-11,1,sl,-0.5335077048732064,6052.0,449.1093333100279,3592.8746664802234
2025-11,1,sl,-0.6212270859976442,6359.0,536.8106666452686,4294.485333162149
2025-11,1,sl,-0.4748947985221016,5965.0,390.5599999760588,3124.4799998084704
2025-11,1,sl,-0.48752299104982516,6143.0,403.34933331012724,3226.794666481018
2025-11,-1,sl,-0.4467374811911521,0.0,362.2613333086173,2898.0906664689383
2025-11,-1,sl,-0.4498704194949428,3132.0,365.9199999730786,2927.3599997846286
2025-11,-1,sl,-0.44988839744515274,3164.0,365.9199999730786,2927.3599997846286
2025-11,-1,sl,-0.4499063753953627,3280.0,365.9199999730786,2927.3599997846286
2025-11,-1,sl,-0.4499333423206777,3302.0,365.9199999730786,2927.3599997846286
2025-11,-1,sl,-0.4499782871962027,3804.0,365.9199999730786,2927.3599997846286
2025-11,-1,sl,-0.4530254452523068,1631.0,368.9493333077431,2951.5946664619446
2025-11,-1,sl,-0.45206973476995094,1632.0,367.96799997458857,2943.7439997967085
2025-11,-1,sl,-0.45306167563588384,1639.0,368.94933330794174,2951.594666463534
2025-11,-1,sl,-0.4500474321755312,3840.0,365.9199999730786,2927.3599997846286
2025-11,-1,sl,-0.4581148562877547,1626.0,373.9839999749263,2991.8719997994103
2025-11,-1,sl,-0.39834112595845217,795.0,314.17599997440976,2513.407999795278
2025-11,-1,sl,-0.4604867847978851,1578.0,376.330666641891,3010.645333135128
2025-11,-1,sl,-0.4500894923710905,3851.0,365.9199999730786,2927.3599997846286
2025-11,-1,sl,-0.46187855456439164,1560.0,377.7066666420301,3021.6533331362407
2025-11,-1,sl,-0.40018497435723765,794.0,315.9786666412155,2527.829333129724
2025-11,-1,sl,-0.40056766970091257,798.0,316.34133330812057,2530.7306664649645
2025-11,-1,sl,-0.4501315525666499,3864.0,365.9199999730786,2927.3599997846286
2025-11,-1,sl,-0.46031169886006995,3858.0,376.03199997315807,3008.2559997852645
2025-11,-1,sl,-0.44132820260546607,653.0,356.9813333092133,2855.8506664737065
2025-11,-1,sl,-0.44678390364652365,26369.0,362.2613333086173,2898.0906664689383
2025-11,-1,soft_sl,-0.45581163073832753,1275.0,371.38133330881595,2971.0506664705276
2025-11,-1,soft_sl,-0.4558714475269474,1387.0,371.38133330881595,2971.0506664705276
2025-11,-1,soft_sl,-0.45588730000851624,1389.0,371.38133330881595,2971.0506664705276
2025-11,-1,soft_sl,-0.4559259028089055,1398.0,371.38133330881595,2971.0506664705276
2025-11,-1,soft_sl,-0.4559312643155673,1398.0,371.38133330881595,2971.0506664705276
2025-11,-1,sl,-0.4468303261018952,35254.0,362.2613333086173,2898.0906664689383
2025-11,-1,soft_sl,-0.4559645056092948,1413.0,371.38133330881595,2971.0506664705276
2025-11,-1,sl,-0.4468999597849525,35282.0,362.2613333086173,2898.0906664689383
2025-11,-1,soft_sl,-0.4558929254984711,1434.0,371.2533333087961,2970.0266664703686
2025-11,-1,soft_sl,-0.45585165780981485,1432.0,371.2106666420897,2969.6853331367174
2025-11,-1,sl,-0.4469514838203227,35283.0,362.2613333086173,2898.0906664689383
2025-11,-1,sl,-0.44698754451547823,57300.0,362.2613333086173,2898.0906664689383
2025-11,-1,sl,-0.4470236052106338,57300.0,362.2613333086173,2898.0906664689383
2025-11,-1,sl,-0.44701601592338136,57300.0,362.2613333086173,2898.0906664689383
2025-11,-1,soft_sl,-0.475328516811446,23376.0,390.581333309412,3124.650666475296
2025-11,-1,sl,-0.4470776962533671,57302.0,362.2613333086173,2898.0906664689383
2025-11,-1,sl,-0.6136713030880884,84683.0,528.5333333117763,4228.266666494211
2025-11,-1,sl,-0.6137044732467392,84688.0,528.5333333117763,4228.266666494211
2025-11,-1,sl,-0.6287827159513415,88674.0,543.6053333106637,4348.84266648531
2025-11,-1,sl,-0.61373764340539,84758.0,528.5333333117763,4228.266666494211
2025-11,-1,sl,-0.6288571596108066,88705.0,543.6053333106637,4348.84266648531
2025-11,-1,sl,-0.6137873986433663,84763.0,528.5333333117763,4228.266666494211
2025-11,-1,sl,-0.6137795866197239,84763.0,528.5333333117763,4228.266666494211
2025-11,-1,sl,-0.6138433726000079,84768.0,528.5333333117763,4228.266666494211
2025-11,-1,sl,-0.6289316032702715,89830.0,543.6053333106637,4348.84266648531
2025-11,-1,sl,-0.6138703240399934,85888.0,528.5333333117763,4228.266666494211
2025-11,-1,sl,-2.436814540398072,119362.0,2352.3093333308893,18818.474666647115
2025-11,-1,sl,-2.183766494295188,118857.0,2099.167999996543,16793.343999972345
2025-11,-1,sl,-0.6153372065804376,85886.0,529.9626666452488,4239.70133316199
2025-11,-1,sl,-1.8141153086641166,118024.0,1729.2799999971191,13834.239999976953
2025-11,-1,sl,-2.151514425884996,118806.0,2066.8373333300156,16534.698666640124
2025-11,-1,sl,-2.154328864193381,119069.0,2069.525333329936,16556.20266663949
2025-11,-1,sl,-1.8239989735160822,118279.0,1739.018666663766,13912.149333310128
2025-11,-1,sl,-2.7335576052397434,120075.0,2648.99199999849,21191.93599998792
2025-11,-1,sl,-0.6707593817002374,74.0,585.2693333101273,4682.1546664810185
2025-11,-1,soft_sl,-0.6708336322191164,355.0,585.2693333101273,4682.1546664810185
2025-11,-1,soft_sl,-0.6709078827379953,367.0,585.2693333101273,4682.1546664810185
2025-11,-1,sl,-1.8459313263681,118879.0,1760.7999999971191,14086.399999976953
2025-11,-1,soft_sl,-0.6710192585163136,372.0,585.2693333101273,4682.1546664810185
2025-11,-1,sl,-1.8183560141489579,112856.0,1733.1413333289822,13865.130666631858
2025-11,-1,sl,-1.7363307194919377,112630.0,1650.986666661203,13207.893333289623
2025-11,-1,soft_sl,-0.6711114087539085,374.0,585.2693333101273,4682.1546664810185
2025-11,-1,soft_sl,-0.6711638105157058,374.0,585.2693333101273,4682.1546664810185
2025-11,-1,soft_sl,-0.6712048848135109,3054.0,585.2693333101273,4682.1546664810185
2025-11,-1,soft_sl,-0.671216212277503,3055.0,585.2693333101273,4682.1546664810185
2025-11,-1,sl,-1.9032794076466164,121719.0,1817.9093333309888,14543.27466664791
2025-11,-1,soft_sl,-0.6712948149201989,7977.0,585.2693333101273,4682.1546664810185
2025-11,-1,sl,-3.9298359872163697,142295.0,3845.322666665713,30762.581333325703
2025-11,-1,sl,-3.930815525031501,142870.0,3846.2293333323796,30769.834666659037
2025-11,-1,sl,-3.9920598468468538,142949.0,3907.3706666659314,31258.96533332745
2025-11,-1,sl,-1.9383991057759722,127311.0,1852.661333330373,14821.290666642984
2025-11,-1,sl,-4.164105065569119,177703.0,4079.221333332161,32633.77066665729
2025-11,1,sl,-0.9679526732545558,5849.0,881.1093333156904,7048.874666525523
2025-11,-1,sl,-0.5535345445912067,244.0,467.1466666424274,3737.1733331394194
2025-11,1,soft_sl,-0.5148096163105504,2143.0,428.82133330603443,3430.5706664482755
2025-11,1,soft_sl,-0.514773104739647,2147.0,428.82133330603443,3430.5706664482755
2025-11,1,soft_sl,-0.5147365931687437,2147.0,428.82133330603443,3430.5706664482755
2025-11,1,soft_sl,-0.5146818258123885,2331.0,428.82133330603443,3430.5706664482755
2025-11,1,soft_sl,-0.5146308312281862,2331.0,428.82133330603443,3430.5706664482755
2025-11,1,soft_sl,-0.5215417362185705,2258.0,435.7759999728203,3486.207999782562
2025-11,1,soft_sl,-0.5215406364614096,2258.0,435.7759999728203,3486.207999782562
2025-11,1,soft_sl,-0.5206250230275501,2214.0,434.90133330583575,3479.210666446686
2025-11,-1,sl,-0.5584210421456876,2163.0,471.9893333091338,3775.9146664730706
2025-11,-1,sl,-0.5584624517001276,5450.0,471.9893333091338,3775.9146664730706
2025-11,-1,sl,-0.5689514795100344,5446.0,482.4533333090941,3859.6266664727527
2025-11,-1,sl,-0.5719285980317522,5467.0,485.38666664242743,3883.0933331394194
2025-11,-1,sl,-0.5762417211681259,5467.0,489.69599997580053,3917.5679998064043
2025-11,-1,sl,-0.6190270348261836,5460.0,532.4159999758006,4259.3279998064045
2025-11,-1,sl,-0.7244923139194013,5413.0,637.7706666439772,5102.165333151817
2025-11,-1,sl,-0.7289398613147401,5412.0,642.2079999772708,5137.663999818166
2025-11,-1,sl,-0.9326074734623039,7706.0,845.6639999796947,6765.311999837558
2025-11,-1,sl,-2.2573012598582927,10578.0,2170.293333329161,17362.34666663329
2025-11,-1,sl,-1.1283348386365701,56762.0,1040.7359999845426,8325.88799987634
2025-11,-1,soft_sl,-1.0812441002155992,55247.0,993.5999999858935,7948.799999887148
2025-11,-1,sl,-2.238546400121089,10674.0,2151.4879999955497,17211.903999964397
2025-11,-1,sl,-2.257364532120006,10582.0,2170.293333329161,17362.34666663329
2025-11,-1,sl,-1.1284978625928679,56818.0,1040.7359999845426,8325.88799987634
2025-11,-1,sl,-1.1284378965967645,56818.0,1040.7359999845426,8325.88799987634
2025-11,-1,soft_sl,-1.0813531635950062,55303.0,993.5999999858935,7948.799999887148
2025-11,-1,sl,-2.249773541283851,10647.0,2162.645333329042,17301.162666632335
2025-11,-1,sl,-2.2553125064467343,10643.0,2168.11733332932,17344.93866663456
2025-11,-1,sl,-2.2553212693931535,10643.0,2168.11733332932,17344.93866663456
2025-11,-1,sl,-2.25742780438172,10638.0,2170.293333329161,17362.34666663329
2025-11,-1,sl,-2.2574646070312676,10638.0,2170.293333329161,17362.34666663329
2025-11,-1,sl,-2.2575227127742905,10679.0,2170.293333329161,17362.34666663329
2025-11,-1,sl,-2.2575270283530564,10679.0,2170.293333329161,17362.34666663329
2025-11,-1,sl,-1.1285409545569591,56863.0,1040.7359999845426,8325.88799987634
2025-11,-1,soft_sl,-1.0710890429744984,55326.0,983.2319999859731,7865.8559998877845
2025-11,-1,sl,-2.2558923985386836,10688.0,2168.6293333292006,17349.034666633605
2025-11,-1,sl,-2.2501582261905084,10696.0,2162.869333329201,17302.954666633606
2025-11,-1,sl,-1.1285924433834453,56899.0,1040.7359999845426,8325.88799987634
2025-11,-1,sl,-2.2501617376748904,10709.0,2162.869333329201,17302.954666633606
2025-11,-1,sl,-2.2475737516843397,10719.0,2160.2559999958676,17282.04799996694
2025-11,-1,sl,-2.054261852264438,10550.0,1966.8053333266575,15734.44266661326
2025-11,-1,sl,-1.1286870241740228,57049.0,1040.7359999845426,8325.88799987634
2025-11,-1,sl,-2.255994717428697,10855.0,2168.607999995947,17348.863999967576
2025-11,-1,sl,-2.2559969056576517,10855.0,2168.607999995947,17348.863999967576
2025-11,-1,sl,-1.1286955414972508,57050.0,1040.7359999845426,8325.88799987634
2025-11,-1,sl,-2.2581846534027883,10874.0,2170.7733333291612,17366.18666663329
2025-11,-1,sl,-2.2597208310969683,11211.0,2172.266666662494,17378.133333299953
2025-11,-1,sl,-0.5635671225054755,0.0,475.9786666429043,3807.829333143234
2025-11,-1,sl,-0.5637442004576992,0.0,475.9786666429043,3807.829333143234
2025-11,-1,sl,-0.563921278409923,0.0,475.9786666429043,3807.829333143234
2025-11,-1,sl,-0.5641868953382586,200.0,475.9786666429043,3807.829333143234
2025-11,-1,sl,-2.2061866549596174,13531.0,2118.66666666011,16949.33333328088
2025-11,-1,sl,-1.1288288953598888,59971.0,1040.7359999845426,8325.88799987634
2025-11,-1,sl,-1.1277792663977455,60822.0,1039.5626666512092,8316.501333209673
2025-11,-1,sl,-0.564526206068005,1284.0,475.9786666429043,3807.829333143234
2025-11,-1,sl,-0.5352536199346337,0.0,447.28533330539864,3578.282666443189
2025-11,-1,sl,-0.5354070493884663,0.0,447.28533330539864,3578.282666443189
2025-11,-1,sl,-0.5355604788422988,0.0,447.28533330539864,3578.282666443189
2025-11,-1,soft_sl,-0.5357906230230477,1554.0,447.28533330539864,3578.282666443189
2025-11,-1,sl,-0.589178040389819,1090.0,500.981333309412,4007.850666475296
2025-11,-1,sl,-0.5893118214133501,1665.0,500.981333309412,4007.850666475296
2025-11,-1,sl,-0.6687202608512871,947.0,580.4159999752045,4643.327999801636
2025-11,-1,sl,-0.5894456024368814,1778.0,500.981333309412,4007.850666475296
2025-11,-1,sl,-0.6688439525203379,1063.0,580.4159999752045,4643.327999801636
2025-11,-1,sl,-0.5645577004717959,5815.0,475.9786666429043,3807.829333143234
2025-11,-1,sl,-0.6561292281889133,1376.0,567.5839999747276,4540.671999797821
2025-11,-1,sl,-0.5645891948755869,6216.0,475.9786666429043,3807.829333143234
2025-11,-1,sl,-1.1394598753369793,66432.0,1051.1253333185116,8409.002666548093
2025-11,-1,sl,-0.5653728044813214,6786.0,476.714666642944,3813.717333143552
2025-11,-1,sl,-0.565365958218866,6786.0,476.714666642944,3813.717333143552
2025-11,-1,sl,-0.6113637939717835,3179.0,522.6879999756814,4181.503999805451
2025-11,-1,sl,-0.5532214284912336,7044.0,464.49066664338113,3715.925333147049
2025-11,-1,soft_sl,-0.5360414641853147,5608.0,447.28533330539864,3578.282666443189
2025-11,-1,soft_sl,-0.5265991280191776,5774.0,437.81333330512047,3502.5066664409637
2025-11,-1,soft_sl,-0.5082243278531137,5682.0,419.41333330492176,3355.306666439374
2025-11,-1,sl,-0.6784911816927707,2840.0,589.7493333083391,4717.994666466713
2025-11,-1,sl,-0.6255779412919196,2483.0,536.7573333072662,4294.05866645813
2025-11,-1,sl,-0.6286479643256199,2583.0,539.786666640838,4318.293333126704
2025-11,-1,sl,-0.6334809590258245,2586.0,544.5866666410367,4356.6933331282935
2025-11,-1,sl,-0.6344286753593628,2587.0,545.5253333077828,4364.202666462263
2025-11,1,sl,-0.33612270128094407,1833.0,247.41333330512046,1979.3066664409637
2025-11,1,sl,-0.34113394950951736,1817.0,252.44799997190634,2019.5839997752507
2025-11,1,sl,-0.34111304840463386,2360.0,252.44799997190634,2019.5839997752507
2025-11,1,sl,-0.3518496434139728,2734.0,263.2213333052397,2105.7706664419175
2025-11,1,sl,-0.35179739065176413,3706.0,263.2213333052397,2105.7706664419175
2025-11,1,sl,-0.5347927649112815,16346.0,446.5813333090146,3572.650666472117
2025-11,1,sl,-0.5478714458846016,16353.0,459.70133330921334,3677.6106664737067
2025-11,1,sl,-0.5534552095245012,16437.0,465.32266664266587,3722.581333141327
2025-11,1,sl,-0.5749496256508176,17129.0,486.87999997595944,3895.0399998076755
2025-11,1,sl,-0.4570953329865921,0.0,368.7786666405201,2950.229333124161
2025-11,1,sl,-0.45702063488087996,67.0,368.7786666405201,2950.229333124161
2025-11,1,sl,-0.45694593677516776,746.0,368.7786666405201,2950.229333124161
2025-11,1,soft_sl,-0.45683388961659954,1465.0,368.7786666405201,2950.229333124161
2025-11,1,soft_sl,-0.4661319078032807,4941.0,378.2506666404009,3026.005333123207
2025-11,1,soft_sl,-0.46713789635215835,4941.0,379.27466664036115,3034.197333122889
2025-11,1,soft_sl,-0.45734411554637494,4302.0,369.493333307902,2955.946666463216
2025-11,1,soft_sl,-0.4601984992886122,4329.0,372.38399997452893,2979.0719997962315
2025-11,1,soft_sl,-0.45582840290242344,4311.0,368.06399997492633,2944.5119997994107
2025-11,1,sl,-0.3259322507132544,76.0,238.18666663904986,1905.493333112399
2025-11,1,sl,-0.3258846445226333,361.0,238.18666663904986,1905.493333112399
2025-11,1,sl,-0.3258370383320123,1081.0,238.18666663904986,1905.493333112399
2025-11,-1,sl,-0.47490403228377764,14395.0,386.64533330857756,3093.1626664686205
2025-11,-1,sl,-0.4749275118447691,14401.0,386.64533330857756,3093.1626664686205
2025-11,1,sl,-0.32576704339782747,15626.0,238.18666663904986,1905.493333112399
2025-11,1,sl,-0.32576562904608075,15632.0,238.18666663904986,1905.493333112399
2025-11,1,sl,-0.32930702737023065,15617.0,241.75999997258185,1934.0799997806548
2025-11,1,sl,-0.33012837134244355,15583.0,242.6133333059152,1940.9066664473216
2025-11,1,sl,-0.3327676832996971,15295.0,245.3013333048423,1962.4106664387384
2025-11,1,sl,-0.33618001090193855,15272.0,248.72533330480258,1989.8026664384206
2025-11,1,sl,-0.3263985898959074,14544.0,239.00799997051556,1912.0639997641244
2025-11,-1,sl,-0.4464643645768391,1374.0,359.0719999742508,2872.5759997940063
2025-11,-1,sl,-0.446517184762297,1522.0,359.0719999742508,2872.5759997940063
2025-11,1,sl,-0.43019734946484506,1152.0,342.89066663940747,2743.1253331152598
2025-11,1,sl,-0.43017635353152084,1157.0,342.89066663940747,2743.1253331152598
2025-11,1,sl,-0.50059478693503,343.0,413.36533330957093,3306.9226664765674
2025-11,1,sl,-0.5016720717017471,540.0,414.47466664294404,3315.7973331435524
2025-11,1,sl,-0.5124941418684412,586.0,425.35466664294404,3402.8373331435523
2025-11,1,sl,-0.6082965774461571,3755.0,521.4186666444938,4171.34933315595
2025-11,1,sl,-0.6362597339550465,3745.0,549.4506666441758,4395.605333153407
2025-11,1,sl,-0.6362049064642494,3849.0,549.4506666441758,4395.605333153407
2025-11,1,sl,-0.6733840252268599,3766.0,586.7306666429838,4693.84533314387
2025-11,1,sl,-0.7235044818334471,3799.0,637.0133333098888,5096.106666479111
2025-11,-1,sl,-1.0323866478274908,7029.0,945.2693333204587,7562.15466656367
2025-11,-1,sl,-1.0295720988536259,7423.0,942.3999999872843,7539.199999898275
2025-11,-1,soft_sl,-0.446570004947755,16951.0,359.0719999742508,2872.5759997940063
2025-11,-1,sl,-1.0186041418794978,7416.0,931.3813333205381,7451.050666564305
2025-11,-1,soft_sl,-0.4466492352259419,16989.0,359.0719999742508,2872.5759997940063
2025-11,-1,sl,-1.0192113984180826,7429.0,931.9039999868472,7455.231999894778
2025-11,-1,soft_sl,-0.36760571768853995,15651.0,279.93599997321763,2239.487999785741
2025-11,-1,soft_sl,-0.36770876594307245,15647.0,280.0213333066304,2240.1706664530434
2025-11,-1,soft_sl,-0.36785697812119444,15645.0,280.149333306551,2241.194666452408
2025-11,-1,soft_sl,-0.3668526142988633,15506.0,279.1253333059947,2233.0026664479574
2025-11,-1,soft_sl,-0.36700022856613307,15499.0,279.24266663928825,2233.941333114306
2025-11,-1,soft_sl,-1.241355097521839,8647.0,1154.0266666561365,9232.213333249092
2025-11,-1,sl,-0.9917861699829209,7343.0,904.3519999867677,7234.815999894142
2025-11,-1,sl,-0.8192854220574286,6573.0,731.7759999809663,5854.20799984773
2025-11,-1,sl,-0.983192821401425,7419.0,895.6906666527192,7165.5253332217535
2025-11,-1,soft_sl,-0.37043362301158167,15678.0,282.62399997254215,2260.991999780337
2025-11,-1,soft_sl,-1.2399568893271675,8824.0,1152.5653333224852,9220.522666579882
2025-11,-1,sl,-0.8189477667185255,6752.0,731.3493333142995,5850.794666514396
2025-11,-1,sl,-0.4853710508221852,118.0,398.01599997480713,3184.127999798457
2025-11,1,soft_sl,-0.4905257630057898,915.0,403.07199997345606,3224.5759997876485
2025-11,1,soft_sl,-0.49049132843096155,1035.0,403.07199997345606,3224.5759997876485
2025-11,1,soft_sl,-0.4904568938561333,1043.0,403.07199997345606,3224.5759997876485
2025-11,1,soft_sl,-0.49118351932729554,1242.0,403.8506666402022,3230.8053331216174
2025-11,1,soft_sl,-0.4822378648904707,1196.0,394.9866666404406,3159.893333123525
2025-11,1,sl,-0.34560363228735036,1601.0,258.5386666417122,2068.3093331336977
2025-11,1,sl,-0.35030675166937514,1606.0,263.26399997532366,2106.1119998025893
2025-11,1,sl,-0.3499883830512351,1607.0,262.9653333087762,2103.72266647021
2025-11,1,sl,-0.35282650479055266,1619.0,265.8346666421493,2126.677333137194
2025-11,1,sl,-0.35795828457860907,1620.0,271.0186666425069,2168.149333140055
2025-11,1,sl,-0.3690314885323413,1691.0,282.1653333093723,2257.322666474978
2025-11,-1,sl,-0.43052870781207975,890.0,343.295999973019,2746.367999784152
2025-11,-1,sl,-0.43283111250981915,888.0,345.5786666397254,2764.629333117803
2025-11,-1,sl,-0.43663404163901376,889.0,349.3546666397651,2794.837333118121
2025-11,-1,soft_sl,-0.4702237849340979,6290.0,382.92266664107643,3063.3813331286115
2025-11,-1,sl,-0.4158672794646953,208.0,328.554666638573,2628.437333108584
2025-11,-1,sl,-0.41831366628627775,204.0,330.9866666384538,2647.8933331076305
2025-11,-1,soft_sl,-0.47026216451244474,6296.0,382.92266664107643,3063.3813331286115
2025-11,-1,sl,-0.4206177442050282,201.0,333.23733330527944,2665.8986664422355
2025-11,-1,soft_sl,-0.4703005440907916,6298.0,382.92266664107643,3063.3813331286115
2025-11,-1,soft_sl,-0.4703581134583118,7406.0,382.92266664107643,3063.3813331286115
2025-11,-1,soft_sl,-0.43300964585078106,5860.0,345.59999997516474,2764.799999801318
2025-11,-1,soft_sl,-0.4180178599695868,5793.0,330.59199997564156,2644.7359998051325
2025-11,-1,soft_sl,-0.41985581808790473,5792.0,332.4053333089749,2659.242666471799
2025-11,-1,soft_sl,-0.40524941126488717,5709.0,317.77066664179165,2542.165333134333
2025-11,-1,soft_sl,-0.40525662209186747,5709.0,317.77066664179165,2542.165333134333
2025-11,-1,sl,-0.4180753560642332,1260.0,330.6666666386525,2645.33333310922
2025-11,-1,sl,-0.4854780925983083,15210.0,398.01599997480713,3184.127999798457
2025-11,-1,sl,-0.4315055587713843,1170.0,344.010666637818,2752.085333102544
2025-11,-1,soft_sl,-0.4576891473383032,8026.0,370.17599997401237,2961.407999792099
2025-11,-1,soft_sl,-0.45819193440393735,8032.0,370.666666640838,2965.333333126704
2025-11,-1,sl,-0.4315488027300021,1863.0,344.010666637818,2752.085333102544
2025-11,-1,sl,-0.4855851343744314,16142.0,398.01599997480713,3184.127999798457
2025-11,-1,sl,-0.4938564170388124,24634.0,406.1226666416724,3248.9813331333794
2025-11,-1,sl,-0.4782833471755574,10745.0,390.5173333056768,3124.1386664454144
2025-11,-1,soft_sl,-0.3413607369266185,1150.0,253.56799997270107,2028.5439997816086
2025-11,1,sl,-0.3782979182826376,3034.0,290.5813333076239,2324.650666460991
2025-11,1,sl,-0.38011493746758757,2958.0,292.4266666396459,2339.413333117167
2025-11,1,sl,-0.38106838865397596,2945.0,293.4079999730984,2347.2639997847873
2025-11,1,sl,-0.3746091787663829,2899.0,286.9866666394472,2295.8933331155777
2025-11,1,sl,-0.3746366520657964,2857.0,287.08266663988434,2296.6613331190747
2025-11,1,sl,-0.4496867794077079,64.0,362.33599997321767,2898.6879997857413
2025-11,1,sl,-0.4496328417047321,88.0,362.33599997321767,2898.6879997857413
2025-11,1,sl,-0.4495789040017563,150.0,362.33599997321767,2898.6879997857413
2025-11,1,sl,-0.44949799744729263,221.0,362.33599997321767,2898.6879997857413
2025-11,1,sl,-0.44944599791874995,242.0,362.33599997321767,2898.6879997857413
2025-11,1,sl,-0.44940123743435123,388.0,362.33599997321767,2898.6879997857413
2025-11,1,sl,-0.44935647694995257,20570.0,362.33599997321767,2898.6879997857413
2025-11,1,sl,-0.44936315318985315,20570.0,362.33599997321767,2898.6879997857413
2025-11,1,sl,-0.44150656288942464,20510.0,354.5493333059549,2836.3946664476393
2025-11,1,sl,-0.4388252803453275,23219.0,351.9786666395267,2815.8293331162135
2025-11,-1,soft_sl,-0.3414182588083243,54172.0,253.56799997270107,2028.5439997816086
2025-11,-1,soft_sl,-0.3414757806900302,54174.0,253.56799997270107,2028.5439997816086
2025-11,-1,soft_sl,-0.3437391515128287,54199.0,255.7439999729395,2045.951999783516
2025-11,-1,sl,-0.4749509914057606,146009.0,386.64533330857756,3093.1626664686205
2025-11,-1,sl,-0.6375577989487383,163810.0,548.6399999745687,4389.11999979655
2025-11,-1,sl,-0.6375792788714665,163811.0,548.6399999745687,4389.11999979655
2025-11,-1,sl,-0.6399515019098672,163805.0,550.986666641434,4407.893333131472
2025-11,-1,sl,-0.5633720588636476,163350.0,474.37866663992406,3795.0293331193925
2025-11,-1,sl,-0.6429795147558371,163799.0,554.0053333081802,4432.0426664654415
2025-11,-1,sl,-0.6091539994941126,163255.0,520.1066666420301,4160.8533331362405
2025-11,-1,sl,-1.1450359350951786,0.0,1055.8826666486264,8447.06133318901
2025-11,-1,sl,-1.1452642448262873,0.0,1055.8826666486264,8447.06133318901
2025-11,-1,sl,-1.1454925545573957,65.0,1055.8826666486264,8447.06133318901
2025-11,-1,sl,-0.4577355748560296,2427.0,367.9359999724229,2943.4879997793832
2025-11,-1,sl,-0.46486554784545964,2388.0,375.0613333062331,3000.490666449865
2025-11,-1,sl,-0.44986275984043667,2006.0,359.91466664036113,2879.317333122889
2025-11,-1,sl,-0.44986351609555686,2006.0,359.91466664036113,2879.317333122889
2025-11,-1,sl,-0.4481107742470873,1885.0,358.0586666405201,2864.4693331241606
2025-11,-1,sl,-0.44810769230442177,1885.0,358.0586666405201,2864.4693331241606
2025-11,-1,sl,-0.47281165286448573,1817.0,382.71999997278056,3061.7599997822444
2025-11,-1,sl,-0.47431928022987824,1815.0,384.2239999727408,3073.7919997819263
2025-11,-1,sl,-0.4780613048228745,1914.0,387.9466666396459,3103.5733331171673
2025-11,-1,sl,-0.4780617403441619,1914.0,387.9466666396459,3103.5733331171673
2025-11,-1,sl,-0.4780738982140058,1915.0,387.9466666396459,3103.5733331171673
2025-11,-1,sl,-0.4780712294258296,1915.0,387.9466666396459,3103.5733331171673
2025-11,-1,sl,-0.48123738652425874,27.0,391.15733330488206,3129.2586664390565
2025-11,-1,soft_sl,-0.4813086736304508,2170.0,391.15733330488206,3129.2586664390565
2025-11,-1,soft_sl,-0.4813799607366429,2185.0,391.15733330488206,3129.2586664390565
2025-11,-1,soft_sl,-0.48141967448241074,2191.0,391.15733330488206,3129.2586664390565
2025-11,-1,soft_sl,-1.1458350191540587,13829.0,1055.8826666486264,8447.06133318901
2025-11,-1,soft_sl,-0.4814632314717711,2193.0,391.15733330488206,3129.2586664390565
2025-11,-1,soft_sl,-0.48150678846113143,2193.0,391.15733330488206,3129.2586664390565
2025-11,-1,soft_sl,-0.48148689139593104,2193.0,391.15733330488206,3129.2586664390565
2025-11,-1,soft_sl,-1.1459344281309336,13832.0,1055.8826666486264,8447.06133318901
2025-11,-1,soft_sl,-0.4815721239451719,2195.0,391.15733330488206,3129.2586664390565
2025-11,-1,sl,-0.24202487634615602,0.0,151.77599996646245,1214.2079997316996
2025-11,-1,sl,-0.24207793089529933,0.0,151.77599996646245,1214.2079997316996
2025-11,-1,sl,-0.24213098544444261,0.0,151.77599996646245,1214.2079997316996
2025-11,-1,sl,-0.2422105672681576,16.0,151.77599996646245,1214.2079997316996
2025-11,1,soft_sl,-0.2905615396828064,2653.0,200.35199996471405,1602.8159997177124
2025-11,1,soft_sl,-0.2871777358869272,2575.0,196.99199996471404,1575.9359997177123
2025-11,-1,sl,-0.24225500002149647,4549.0,151.77599996646245,1214.2079997316996
2025-11,-1,sl,-0.24227048646849542,4549.0,151.77599996646245,1214.2079997316996
2025-11,-1,sl,-0.24228597291549436,4549.0,151.77599996646245,1214.2079997316996
2025-11,-1,soft_sl,-1.1460594184586421,24236.0,1055.8826666486264,8447.06133318901
2025-11,-1,soft_sl,-0.45233845315954235,11873.0,361.84533330301446,2894.7626664241157
2025-11,-1,soft_sl,-0.4285451284167451,11702.0,338.0479999697208,2704.3839997577666
2025-11,-1,sl,-0.2423092025859928,4611.0,151.77599996646245,1214.2079997316996
2025-11,-1,sl,-0.24416215870349584,4609.0,153.58933329979578,1228.7146663983663
2025-11,-1,sl,-0.24415744364102152,4609.0,153.58933329979578,1228.7146663983663
2025-11,-1,soft_sl,-1.1461844087863506,24238.0,1055.8826666486264,8447.06133318901
2025-11,-1,soft_sl,-1.1463718942779133,27422.0,1055.8826666486264,8447.06133318901
2025-11,-1,soft_sl,-1.1464057934818304,27425.0,1055.8826666486264,8447.06133318901
2025-11,-1,sl,-0.3328047850314877,0.0,241.6426666353146,1933.141333082517
2025-11,-1,sl,-0.3328600422055461,0.0,241.6426666353146,1933.141333082517
2025-11,-1,sl,-0.33291529937960446,0.0,241.6426666353146,1933.141333082517
2025-11,-1,sl,-0.332998185140692,0.0,241.6426666353146,1933.141333082517
2025-11,-1,sl,-0.333162616824459,4412.0,241.6426666353146,1933.141333082517
2025-11,-1,sl,-0.33313632807583793,4412.0,241.6426666353146,1933.141333082517
2025-11,-1,sl,-0.3331843913987566,4414.0,241.6426666353146,1933.141333082517
2025-11,-1,sl,-0.33320616597305414,4576.0,241.6426666353146,1933.141333082517
2025-11,-1,sl,-0.33323882783450043,4594.0,241.6426666353146,1933.141333082517
2025-11,-1,sl,-0.329856880270112,4818.0,238.20799996852875,1905.66399974823
2025-11,1,sl,-0.2958057587915451,154.0,204.45866663952668,1635.6693331162135
2025-11,1,sl,-0.29577347217035943,223.0,204.45866663952668,1635.6693331162135
2025-11,1,sl,-0.29574118554917384,331.0,204.45866663952668,1635.6693331162135
2025-11,1,soft_sl,-0.2956927556173954,4584.0,204.45866663952668,1635.6693331162135
2025-11,1,soft_sl,-0.29568193042562857,4687.0,204.45866663952668,1635.6693331162135
2025-11,1,soft_sl,-0.3057727621228695,5422.0,214.58133330643176,1716.650666451454
2025-11,1,soft_sl,-0.32184460182028174,5423.0,230.6879999734958,1845.5039997879664
2025-11,1,soft_sl,-0.32322489239875035,5418.0,232.08533330718677,1856.6826664574942
2025-11,1,soft_sl,-0.33646377470012745,8426.0,245.3546666411559,1962.837333129247
2025-11,1,soft_sl,-0.3555979019416249,8249.0,264.5653333067894,2116.522666454315
2025-11,-1,sl,-0.2798872764247785,23774.0,188.3199999721845,1506.559999777476
2025-11,-1,sl,-0.38985729768455885,24804.0,298.3253333065907,2386.6026664527258
2025-11,-1,sl,-0.386916285896278,35828.0,295.35999997317793,2362.8799997854235
2025-11,-1,sl,-0.37927959410699685,35708.0,287.70133330543837,2301.610666443507
2025-11,1,tp,1.3353013388077235,18361.0,178.3893332997958,1427.1146663983664
2025-11,1,tp,1.4327427682717409,18545.0,190.5813333018621,1524.6506664148967
2025-11,1,tp,1.5174758883925923,20973.0,201.1839999693632,1609.4719997549057
2025-11,1,sl,-0.5540942415387822,527.0,461.99466663777827,3695.957333102226
2025-11,1,sl,-0.5540517073073445,580.0,461.99466663777827,3695.957333102226
2025-11,1,sl,-0.5788086519195608,370.0,486.7306666382154,3893.845333105723
2025-11,1,sl,-0.5540091730759068,587.0,461.99466663777827,3695.957333102226
2025-11,1,sl,-0.5787648178828801,377.0,486.7306666382154,3893.845333105723
2025-11,1,sl,-0.5437357101002775,1156.0,451.77599997063476,3614.207999765078
2025-11,1,sl,-0.5539453717287504,1129.0,461.99466663777827,3695.957333102226
2025-11,1,sl,-0.5787209838461995,919.0,486.7306666382154,3893.845333105723
2025-11,1,sl,-0.6575418311601597,1718.0,565.589333306551,4524.714666452408
2025-11,1,sl,-0.548238405043103,1151.0,456.3306666374207,3650.6453330993654
2025-11,1,sl,-0.5786552327911787,920.0,486.7306666382154,3893.845333105723
2025-11,1,sl,-0.5538708601401001,1131.0,461.99466663777827,3695.957333102226
2025-11,1,sl,-0.553706156958226,1134.0,461.85599997103213,3694.847999768257
2025-11,1,sl,-0.5538390361501561,1133.0,461.99466663777827,3695.957333102226
2025-11,1,sl,-0.5785969369100551,923.0,486.7306666382154,3893.845333105723
2025-11,1,sl,-0.5723650901246016,949.0,480.5439999715487,3844.3519997723897
2025-11,1,sl,-0.5785456476994771,934.0,486.7306666382154,3893.845333105723
2025-11,1,sl,-0.5748812066786866,942.0,483.0933333047231,3864.746666437785
2025-11,1,sl,-0.5785200067701142,935.0,486.7306666382154,3893.845333105723
2025-11,1,sl,-0.578486272099313,995.0,486.7306666382154,3893.845333105723
2025-11,1,sl,-0.596819089216793,785.0,505.1199999711911,4040.9599997695286
2025-11,1,sl,-0.596823215296483,785.0,505.1199999711911,4040.9599997695286
2025-11,1,sl,-0.5912286888148389,715.0,499.541333305041,3996.330666440328
2025-11,1,sl,-0.5932234112400704,711.0,501.5573333050807,4012.4586664406456
2025-11,1,sl,-0.6011268863579757,682.0,509.54666663825515,4076.373333106041
2025-11,1,sl,-0.6011322734202972,682.0,509.54666663825515,4076.373333106041
2025-11,1,soft_sl,-1.0041919324810573,4810.0,912.4266666442156,7299.413333153725
2025-11,1,sl,-0.6045931572843161,685.0,513.0559999718269,4104.447999774615
2025-11,1,soft_sl,-1.1004742020450011,4928.0,1008.6933333130678,8069.546666504542
2025-11,1,soft_sl,-0.9947142389186386,4804.0,903.0079999768734,7224.063999814987
2025-11,1,soft_sl,-0.8901802132413272,4660.0,798.5173333088557,6388.138666470845
2025-11,1,sl,-0.6208659800708827,384.0,529.4826666386922,4235.861333109538
2025-11,1,sl,-0.6236517607040897,385.0,532.2773333052794,4258.218666442235
2025-11,1,sl,-1.34665850192139,6553.0,1255.1253333179156,10041.002666543325
2025-11,1,sl,-0.916309295574099,648.0,824.7573333146174,6598.058666516939
2025-11,1,sl,-1.0320794655220105,1455.0,940.5653333171209,7524.522666536967
2025-11,1,sl,-0.9162156771496235,720.0,824.7573333146174,6598.058666516939
2025-11,1,sl,-1.0319880082480235,1494.0,940.5653333171209,7524.522666536967
2025-11,1,sl,-0.916122058725148,759.0,824.7573333146174,6598.058666516939
2025-11,1,sl,-1.0318965509740363,1521.0,940.5653333171209,7524.522666536967
2025-11,1,sl,-1.3627137209776514,8236.0,1271.2533333180347,10170.026666544278
2025-11,1,sl,-0.9159816310884347,942.0,824.7573333146174,6598.058666516939
2025-11,1,sl,-1.3696748227005011,9295.0,1278.282666651408,10226.261333211263
2025-11,1,sl,-1.0317593650630557,2584.0,940.5653333171209,7524.522666536967
2025-11,1,sl,-1.0317264007602147,2586.0,940.5653333171209,7524.522666536967
2025-11,1,sl,-0.9158464770487176,1851.0,824.7573333146174,6598.058666516939
2025-11,1,sl,-0.8714438312492123,1766.0,780.4159999795755,6243.327999836604
2025-11,1,sl,-0.7699177614494142,1561.0,678.9226666442553,5431.381333154042
2025-11,1,sl,-1.395570077951871,9285.0,1304.287999985218,10434.303999881744
2025-11,1,sl,-0.8647117823588796,1751.0,773.6959999795755,6189.567999836604
2025-11,1,sl,-1.0316244321249277,2838.0,940.5653333171209,7524.522666536967
2025-11,1,sl,-0.7241620300838535,1759.0,633.2693333087365,5066.154666469892
2025-11,1,sl,-0.6008764822719017,1864.0,510.1119999738534,4080.8959997908273
2025-11,1,sl,-1.0315224634896407,3322.0,940.5653333171209,7524.522666536967
2025-11,1,sl,-1.0315307218780878,3322.0,940.5653333171209,7524.522666536967
2025-11,1,sl,-0.6018810555875493,1862.0,511.135999973615,4089.08799978892
2025-11,1,sl,-1.0313695105367104,3502.0,940.5653333171209,7524.522666536967
2025-11,1,sl,-1.565808376262163,10009.0,1474.7733333218098,11798.186666574478
2025-11,1,sl,-0.9898179597603858,0.0,898.6773333158096,7189.418666526477
2025-11,1,sl,-0.9896659203865223,0.0,898.6773333158096,7189.418666526477
2025-11,1,sl,-0.989513881012659,1091.0,898.6773333158096,7189.418666526477
2025-11,-1,sl,-0.2407471051866444,2151.0,149.75999997198582,1198.0799997758866
2025-11,-1,sl,-0.24207394899942714,2148.0,151.0719999720653,1208.5759997765224
2025-11,1,soft_sl,-0.31538624047075325,14708.0,224.62933330436547,1797.0346664349238
2025-11,1,soft_sl,-0.31643122219387876,14721.0,225.69599997103214,1805.567999768257
2025-11,1,soft_sl,-0.3144044619256734,14704.0,223.6799999709924,1789.4399997679393
2025-11,1,soft_sl,-0.31624315877606274,14691.0,225.53599997083347,1804.2879997666678
2025-11,1,soft_sl,-0.3162266140471479,14692.0,225.53599997083347,1804.2879997666678
2025-11,1,soft_sl,-0.31347505269166537,14678.0,222.7946666373809,1782.3573330990473
2025-11,1,sl,-0.989285821951864,87939.0,898.6773333158096,7189.418666526477
2025-11,1,sl,-0.37497079983888637,719.0,284.02133330921333,2272.1706664737067
2025-11,1,sl,-0.3749340380961201,722.0,284.02133330921333,2272.1706664737067
2025-11,1,sl,-0.3748972763533538,869.0,284.02133330921333,2272.1706664737067
2025-11,1,sl,-0.3748899287674164,880.0,284.02133330921333,2272.1706664737067
2025-11,1,sl,-0.3748637284630868,892.0,284.02133330921333,2272.1706664737067
2025-11,1,sl,-0.3748375281587572,905.0,284.02133330921333,2272.1706664737067
2025-11,1,sl,-0.37484213373920433,905.0,284.02133330921333,2272.1706664737067
2025-11,1,sl,-0.3747982277022628,950.0,284.02133330921333,2272.1706664737067
2025-11,1,sl,-0.4013395947146684,901.0,310.62399997492633,2484.9919997994107
2025-11,1,sl,-0.4023669029407709,1059.0,311.6693333085378,2493.354666468302
2025-11,-1,eod,6.499580617627767,1443351.0,2245.695999994576,17965.56799995661
2025-11,-1,eod,6.589217816990712,1443351.0,2245.695999994576,17965.56799995661
2025-11,-1,eod,6.6788550163536575,1443351.0,2245.695999994576,17965.56799995661
2025-11,-1,eod,6.813310815398061,1443271.0,2259.9893333286045,18079.914666628836
2025-11,-1,eod,4.5189076082137385,1156194.0,3067.1893333317835,24537.514666654268
2025-11,-1,eod,4.667354823077326,1156194.0,3067.1893333317835,24537.514666654268
2025-11,-1,eod,4.815802037940913,1156194.0,3067.1893333317835,24537.514666654268
2025-11,-1,eod,4.552639873562971,1156194.0,3067.1893333317835,24537.514666654268
2025-11,-1,eod,4.689492748635145,1156194.0,3067.1893333317835,24537.514666654268
2025-11,-1,eod,4.82634562370732,1156194.0,3067.1893333317835,24537.514666654268
2025-11,-1,eod,1.4620258440767997,901364.0,1474.9333333183329,11799.466666546663
2025-11,-1,eod,1.4993573950046506,901361.0,1481.0239999850592,11848.191999880473
2025-11,-1,eod,1.5366889459325161,901352.0,1486.9546666520835,11895.637333216668
2025-11,-1,eod,1.595099786973446,901316.0,1513.471999985973,12107.775999887785
2025-11,-1,eod,1.5926862723242925,901316.0,1513.471999985973,12107.775999887785
2025-11,-1,eod,1.631041088256357,901314.0,1509.5999999858936,12076.79999988715
2025-11,-1,eod,1.6669823895392826,901299.0,1518.0053333196045,12144.042666556836
2025-11,1,eod,8.003922728418644,826375.0,2286.1759999967617,18289.407999974093
2025-11,1,eod,7.445819661665876,826375.0,2286.1759999967617,18289.407999974093
2025-11,1,eod,7.7590044581002005,826375.0,2286.1759999967617,18289.407999974093
2025-11,1,eod,8.081566120304416,826372.0,2281.781333330075,18254.2506666406
2025-11,1,eod,8.159209512190188,826319.0,2241.0346666630107,17928.277333304086
2025-11,1,eod,8.275674600018863,826294.0,2204.213333329658,17633.706666637263
2025-11,1,eod,8.280979118824098,826294.0,2204.213333329658,17633.706666637263
2025-11,1,eod,7.779329965811399,826115.0,2005.941333330075,16047.5306666406
2025-11,1,eod,8.775787594578576,818915.0,2812.223999998371,22497.791999986966
2025-11,1,eod,8.899132295494077,818915.0,2812.223999998371,22497.791999986966
2025-11,1,eod,8.075918625681576,818915.0,2812.223999998371,22497.791999986966
2025-11,1,eod,8.237356849411205,818915.0,2812.223999998371,22497.791999986966
2025-11,1,eod,8.398795073140835,818915.0,2812.223999998371,22497.791999986966
2025-11,1,eod,8.64095240873527,818915.0,2812.223999998371,22497.791999986966
2025-11,1,eod,6.713097071340978,806619.0,2240.597333331307,17924.778666650454
2025-11,1,eod,6.8416109326920385,806619.0,2240.597333331307,17924.778666650454
2025-11,1,eod,6.970124794043084,806619.0,2240.597333331307,17924.778666650454
2025-11,1,eod,7.162895586069653,806619.0,2240.597333331307,17924.778666650454
2025-11,1,eod,7.299018771207425,806538.0,2229.25866666466,17834.06933331728
2025-11,1,eod,7.484180239447283,806257.0,2195.1039999985696,17560.831999988557
2025-11,1,eod,7.534728479389344,806188.0,2208.1386666653552,17665.109333322842
2025-11,1,eod,7.770438187571276,806116.0,2222.4746666654946,17779.797333323957
2025-11,1,eod,6.772144050788059,803849.0,1889.1626666633288,15113.30133330663
2025-11,1,eod,6.919555164381883,803754.0,1823.9253333301347,14591.402666641077
2025-11,1,eod,7.066966277975705,803676.0,1830.1759999977548,14641.407999982039
2025-11,1,eod,4.159326631667518,552148.0,1084.3093333162865,8674.474666530292
2025-11,1,eod,4.198523683113862,552147.0,1090.6133333162468,8724.906666529974
2025-11,1,eod,4.177308954573644,552147.0,1090.6133333162468,8724.906666529974
2025-11,1,eod,4.2165187695631845,552147.0,1090.6133333162468,8724.906666529974
2025-11,1,eod,4.237720734560192,552032.0,1229.6213333179553,9836.970666543642
2025-11,1,eod,4.2557285845527115,552032.0,1229.6213333179553,9836.970666543642
2025-11,1,eod,4.296516311729707,551977.0,1286.0799999854962,10288.63999988397
2025-11,1,eod,4.314543307037017,551968.0,1296.5546666526795,10372.437333221436
2025-11,1,eod,4.394508940345537,551949.0,1340.7359999865294,10725.887999892235
2025-11,1,eod,4.412567844510862,551949.0,1340.7359999865294,10725.887999892235
2025-11,1,eod,4.49571502308514,551128.0,2271.135999996662,18169.087999973297
2025-11,1,eod,4.561814653225467,551128.0,2271.135999996662,18169.087999973297
2025-11,1,eod,4.326057053931245,551128.0,2271.135999996662,18169.087999973297
2025-11,1,eod,4.389254932984518,551128.0,2271.135999996662,18169.087999973297
2025-11,1,eod,4.4524528120377775,551128.0,2271.135999996662,18169.087999973297
2025-11,1,eod,4.547249630617666,551128.0,2271.135999996662,18169.087999973297
2025-11,1,eod,4.627914283365806,551040.0,2228.501333330075,17828.0106666406
2025-11,1,eod,3.720498398247706,463999.0,1341.7173333237567,10733.738666590054
2025-11,1,eod,3.7821486331379415,463999.0,1341.7173333237567,10733.738666590054
2025-11,1,eod,3.8437988680281916,463999.0,1341.7173333237567,10733.738666590054
2025-11,1,eod,3.936274220363553,463999.0,1341.7173333237567,10733.738666590054
2025-11,1,eod,3.4038154576100808,463999.0,1341.7173333237567,10733.738666590054
2025-11,1,eod,3.4936124624371354,463999.0,1341.7173333237567,10733.738666590054
2025-11,1,eod,3.58340946726419,463999.0,1341.7173333237567,10733.738666590054
2025-11,1,eod,3.7181049745047643,463999.0,1341.7173333237567,10733.738666590054
2025-11,1,eod,3.9425974865723936,463999.0,1341.7173333237567,10733.738666590054
2025-11,1,eod,3.41814815123176,463694.0,1151.370666655898,9210.965333247184
2025-11,1,eod,3.507648687428122,463694.0,1151.370666655898,9210.965333247184
2025-11,1,eod,3.5971492236244984,463694.0,1151.370666655898,9210.965333247184
2025-11,1,eod,3.737965497848757,463539.0,1072.7893333222469,8582.314666577975
2025-11,1,eod,3.7314000279190482,463539.0,1072.7893333222469,8582.314666577975
2025-11,1,eod,3.796867898120663,463460.0,1048.3306666545072,8386.645333236058
2025-11,1,eod,3.8557702983925535,463159.0,1054.4213333209357,8435.370666567485
2025-11,-1,eod,1.7730871172628104,206442.0,1153.386666650176,9227.093333201408
2025-11,-1,eod,1.8798076872185225,206442.0,1153.386666650176,9227.093333201408
2025-11,-1,eod,1.7938633128683408,204381.0,635.0399999757608,5080.319999806086
2025-11,-1,eod,1.7945703219557352,204381.0,635.0399999757608,5080.319999806086
2025-11,-1,eod,1.7986211192747015,204310.0,600.3733333088954,4802.9866664711635
2025-11,-1,eod,1.891727023382846,204233.0,585.877333308061,4687.018666464488
2025-11,-1,eod,1.8922608802345362,204233.0,585.877333308061,4687.018666464488
2025-11,-1,eod,1.895763966000683,204232.0,588.3839999747277,4707.071999797821
2025-11,-1,eod,1.9895907338973515,204199.0,585.6746666413545,4685.397333130836
2025-11,-1,eod,1.9899514385133519,204199.0,585.6746666413545,4685.397333130836
2025-11,-1,eod,1.9929068127266791,204199.0,585.6746666413545,4685.397333130836
2025-11,-1,eod,2.048750569932824,204120.0,601.8986666433017,4815.189333146413
2025-11,-1,eod,2.0481892650794373,204120.0,601.8986666433017,4815.189333146413
2025-11,-1,eod,2.044789332887733,204120.0,601.8986666433017,4815.189333146413
2025-11,-1,eod,2.114944754229673,204044.0,590.8373333094518,4726.698666475614
2025-11,-1,eod,2.13638629966911,204044.0,590.8373333094518,4726.698666475614
2025-11,-1,eod,2.1147446587512655,204044.0,590.8373333094518,4726.698666475614
2025-11,-1,eod,2.1364872759315756,204044.0,590.8373333094518,4726.698666475614
2025-11,-1,eod,2.1115011263122896,204044.0,590.8373333094518,4726.698666475614
2025-11,-1,eod,2.1386210828156442,204035.0,591.8399999763568,4734.7199998108545
2025-11,-1,eod,2.1782129197368607,203955.0,606.6986666435004,4853.589333148003
2025-11,-1,eod,2.1811389385265207,203951.0,607.775999976794,4862.207999814352
2025-11,-1,eod,2.1813000524230937,203951.0,607.775999976794,4862.207999814352
2025-11,-1,eod,2.2804302149718083,203272.0,535.5519999762377,4284.415999809901
2025-11,-1,eod,2.2811331429308286,203272.0,535.5519999762377,4284.415999809901
2025-11,-1,eod,2.2782806098737027,203272.0,535.5519999762377,4284.415999809901
2025-11,1,eod,-0.34256676258015456,195155.0,898.6773333158096,7189.418666526477
2025-11,1,eod,-0.2785962268602507,195155.0,898.6773333158096,7189.418666526477
2025-11,1,eod,-0.21462569114033234,195155.0,898.6773333158096,7189.418666526477
2025-11,1,eod,-0.4476280324921201,195155.0,898.6773333158096,7189.418666526477
2026-02,1,sl,-0.38740993866249473,152.0,308.7253333333678,2469.8026666669425
2026-02,1,sl,-0.38933371584281473,151.0,310.67733333336656,2485.4186666669325
2026-02,1,sl,-0.40444556235646417,136.0,325.8240000000317,2606.5920000002534
2026-02,1,sl,-0.4209190974602605,121.0,342.3466666667008,2738.7733333336064
2026-02,1,sl,-0.450734697744405,588.0,372.2453333333895,2977.962666667116
2026-02,1,sl,-0.5893878411996396,13630.0,511.2533333333752,4090.026666667002
2026-02,-1,soft_sl,-1.2628160606658123,3171.0,1186.4426666660731,9491.541333328585
2026-02,-1,soft_sl,-1.2629317418952044,3405.0,1186.4426666660731,9491.541333328585
2026-02,-1,sl,-0.5610268510328245,0.0,484.58666666553665,3876.6933333242932
2026-02,-1,sl,-0.5611589605363676,143.0,484.58666666553665,3876.6933333242932
2026-02,-1,soft_sl,-0.5612910700399107,1084.0,484.58666666553665,3876.6933333242932
2026-02,-1,soft_sl,-0.5614892342952253,1567.0,484.58666666553665,3876.6933333242932
2026-02,-1,soft_sl,-1.2630474231245965,7546.0,1186.4426666660731,9491.541333328585
2026-02,-1,soft_sl,-1.2632209449686844,7803.0,1186.4426666660731,9491.541333328585
2026-02,-1,soft_sl,-1.2632896959264186,7816.0,1186.4426666660731,9491.541333328585
2026-02,-1,soft_sl,-0.6514295379876441,1714.0,574.239999998932,4593.919999991456
2026-02,-1,soft_sl,-1.2633943742946114,8037.0,1186.4426666660731,9491.541333328585
2026-02,-1,soft_sl,-0.6532457131984228,1933.0,576.0319999989371,4608.2559999914965
2026-02,-1,soft_sl,-1.245602108662798,8009.0,1168.5546666660657,9348.437333328526
2026-02,-1,soft_sl,-1.24471675604215,8006.0,1167.6586666660633,9341.269333328506
2026-02,1,sl,-0.6521001642094851,5235.0,573.5466666655118,4588.373333324094
2026-02,1,sl,-0.6180811158486527,5116.0,539.541333332099,4316.330666656792
2026-02,1,sl,-0.6076342754878226,6575.0,529.1199999986961,4232.959999989569
2026-02,1,sl,-0.598152918946624,6841.0,519.6799999986465,4157.439999989172
2026-02,1,sl,-0.5799707923855559,6641.0,501.5146666653578,4012.1173333228626
2026-02,1,sl,-0.7440361348163392,8331.0,665.5466666654373,5324.373333323499
2026-02,1,sl,-0.7134364511040661,7740.0,634.9333333321288,5079.46666665703
2026-02,1,sl,-0.713403964994044,7740.0,634.9333333321288,5079.46666665703
2026-02,1,sl,-0.5906345140448256,6588.0,512.2346666654075,4097.87733332326
2026-02,1,sl,-0.8301861141641022,11680.0,751.6799999986713,6013.43999998937
2026-02,1,sl,-0.581851262443841,6489.0,503.477333332027,4027.818666656216
2026-02,1,sl,-0.747682424755973,8377.0,669.2266666654373,5353.813333323498
2026-02,1,sl,-0.7154184548840171,7783.0,636.9813333321239,5095.850666656991
2026-02,1,sl,-0.8284713763058824,11698.0,749.9946666652834,5999.957333322267
2026-02,1,sl,-0.755380021362328,8371.0,676.9599999988079,5415.679999990463
2026-02,1,sl,-0.8248269371143873,14507.0,746.3786666652933,5971.029333322346
2026-02,1,sl,-0.75646231760512,11191.0,678.0906666654845,5424.725333323876
2026-02,1,sl,-0.8302721529938017,14571.0,751.8719999986266,6014.975999989013
2026-02,1,sl,-0.8969897883485372,14947.0,818.6986666654423,6549.589333323538
2026-02,-1,soft_sl,-0.3442515357811107,1098.0,265.6426666651418,2125.1413333211344
2026-02,-1,soft_sl,-0.3443063777115103,1126.0,265.6426666651418,2125.1413333211344
2026-02,-1,soft_sl,-0.437581139644362,1710.0,358.8160000009214,2870.5280000073712
2026-02,-1,soft_sl,-0.45125953054056195,2380.0,372.40533333485325,2979.242666678826
2026-02,-1,sl,-0.4401891356563508,1673.0,361.3973333394279,2891.1786667154233
2026-02,-1,sl,-0.44024154023872863,1816.0,361.3973333394279,2891.1786667154233
2026-02,1,soft_sl,-0.4277156787419335,999.0,349.2160000061989,2793.728000049591
2026-02,1,soft_sl,-0.4298681769579755,963.0,351.3920000061641,2811.1360000493128
2026-02,-1,sl,-0.36442148448715306,6967.0,286.1440000061691,2289.152000049353
2026-02,1,soft_sl,-0.9265499020486603,19257.0,848.6293333375205,6789.034666700164
2026-02,1,soft_sl,-0.9264578572582991,19265.0,848.6293333375205,6789.034666700164
2026-02,1,soft_sl,-0.9264888624042527,19265.0,848.6293333375205,6789.034666700164
2026-02,1,soft_sl,-0.926427822759845,19310.0,848.6293333375205,6789.034666700164
2026-02,1,soft_sl,-0.9263926867331689,19345.0,848.6293333375205,6789.034666700164
2026-02,1,soft_sl,-0.9263362632932336,19420.0,848.6293333375205,6789.034666700164
2026-02,1,soft_sl,-0.9263275162080387,19449.0,848.6293333375205,6789.034666700164
2026-02,-1,tp,2.0285125927394714,26652.0,263.2746666734914,2106.1973333879314
2026-02,-1,tp,2.0285685508785933,27125.0,263.2746666734914,2106.1973333879314
2026-02,-1,tp,2.0286245090177157,27914.0,263.2746666734914,2106.1973333879314
2026-02,1,sl,-0.6620578900049604,115216.0,585.5146666655938,4684.117333324751
2026-02,1,sl,-0.660830422969883,115265.0,584.3093333322555,4674.474666658044
2026-02,1,sl,-0.6629292919347851,115221.0,586.4319999989123,4691.455999991298
2026-02,1,sl,-0.6646862913821385,115181.0,588.2239999988799,4705.791999991039
2026-02,1,sl,-0.6745871357945202,114817.0,598.1866666656235,4785.493333324988
2026-02,1,sl,-1.795169985132511,6068.0,1718.3573333346346,13746.858666677077
2026-02,-1,tp,2.8223962783385645,32612.0,362.46400000602006,2899.7120000481605
2026-02,-1,tp,2.244128789259905,20300.0,290.1440000061194,2321.1520000489554
2026-02,1,sl,-1.8045346039202688,6085.0,1727.808000001361,13822.464000010888
2026-02,-1,tp,2.228184637677697,20305.0,288.1493333394577,2305.1946667156617
2026-02,-1,tp,2.2241006966230223,20344.0,287.6373333394776,2301.098666715821
2026-02,-1,tp,2.813908343233768,32718.0,361.3973333394279,2891.1786667154233
2026-02,-1,tp,3.1568127146763723,33084.0,404.25600000540413,3234.048000043233
2026-02,-1,tp,3.1340751437810477,33094.0,401.4080000053843,3211.2640000430742
2026-02,-1,tp,3.1340534608667348,33094.0,401.4080000053843,3211.2640000430742
2026-02,-1,tp,3.1340751123545116,33094.0,401.4080000053843,3211.2640000430742
2026-02,-1,tp,3.2387004528991326,33075.0,414.4960000054538,3315.9680000436306
2026-02,1,sl,-1.987860198707702,6795.0,1911.3066666677594,15290.453333342075
2026-02,1,sl,-1.9885540626739855,6787.0,1912.0213333344707,15296.170666675765
2026-02,-1,tp,3.167044735056341,33278.0,405.5253333386034,3244.202666708827
2026-02,1,sl,-1.9726153769002115,6854.0,1896.1386666680128,15169.109333344102
2026-02,-1,tp,2.653044561893609,21733.0,341.23733333903056,2729.8986667122444
2026-02,1,sl,-1.97738606022284,6864.0,1900.9493333346893,15207.594666677514
2026-02,1,sl,-1.9795132671262174,6864.0,1903.104000001351,15224.832000010809
2026-02,-1,tp,4.888570064082463,88806.0,620.6293333320692,4965.034666656554
2026-02,-1,tp,4.89948753303236,88804.0,621.9946666654075,4975.95733332326
2026-02,-1,tp,4.865635891796217,88837.0,617.7599999987334,4942.079999989867
2026-02,-1,tp,5.046312940368817,89633.0,640.3413333320866,5122.730666656693
2026-02,-1,tp,5.257600799177997,90103.0,666.7199999987706,5333.759999990165
2026-02,-1,tp,5.544990113423534,90489.0,702.6453333321587,5621.162666657269
2026-02,-1,tp,5.544990947199413,90489.0,702.6453333321587,5621.162666657269
2026-02,-1,tp,5.348016405942237,90350.0,678.0053333321835,5424.042666657468
2026-02,-1,tp,5.636886233866184,90644.0,714.1226666655019,5712.981333324015
2026-02,-1,tp,5.636885614530952,90644.0,714.1226666655019,5712.981333324015
2026-02,-1,tp,5.636887308626764,90644.0,714.1226666655019,5712.981333324015
2026-02,-1,tp,5.636885006726783,90644.0,714.1226666655019,5712.981333324015
2026-02,-1,tp,5.33563930870586,90359.0,676.4479999988527,5411.583999990821
2026-02,-1,tp,5.668592274308627,90802.0,718.0799999988203,5744.6399999905625
2026-02,-1,tp,5.66398328605409,90735.0,717.5039999988427,5740.0319999907415
2026-02,-1,tp,5.653921876592082,91334.0,716.2346666654944,5729.877333323955
2026-02,-1,tp,5.6686925991061745,91395.0,718.0799999988203,5744.6399999905625
2026-02,-1,tp,5.966971923516224,94636.0,755.3706666653479,6042.965333322783
2026-02,-1,tp,5.976247707465716,94635.0,756.533333332017,6052.266666656136
2026-02,-1,tp,5.668780924823065,91509.0,718.0799999988203,5744.6399999905625
2026-02,-1,tp,5.654098439079234,91449.0,716.2346666654944,5729.877333323955
2026-02,-1,tp,5.654010157835658,91449.0,716.2346666654944,5729.877333323955
2026-02,-1,tp,5.6688692505399425,91513.0,718.0799999988203,5744.6399999905625
2026-02,-1,sl,-0.6087204221447952,5532.0,532.938666671291,4263.509333370328
2026-02,-1,sl,-0.641825614696702,5528.0,565.8240000044555,4526.592000035644
2026-02,-1,sl,-0.6418589231278162,5528.0,565.8240000044555,4526.592000035644
2026-02,-1,sl,-0.6192782635592298,5416.0,543.2213333380968,4345.770666704774
2026-02,-1,sl,-0.5924881462060236,5348.0,516.3946666715542,4131.157333372434
2026-02,-1,sl,-0.49634636888836986,149.0,420.19200000596544,3361.5360000477235
2026-02,-1,sl,-0.7444793941482586,6750.0,668.4266666713357,5347.413333370686
2026-02,-1,sl,-0.5894125052835878,5588.0,513.2373333379875,4105.8986667039
2026-02,-1,sl,-0.4963935462158342,570.0,420.19200000596544,3361.5360000477235
2026-02,-1,sl,-0.5729665089449241,5542.0,496.75733333813645,3974.0586667050916
2026-02,-1,sl,-0.4964407235432985,627.0,420.19200000596544,3361.5360000477235
2026-02,-1,sl,-0.6949333166994742,6398.0,618.7626666710526,4950.1013333684205
2026-02,-1,sl,-0.7002416350200166,6413.0,624.032000004376,4992.256000035008
2026-02,-1,sl,-0.49064188953447846,579.0,414.3253333392739,3314.6026667141914
2026-02,-1,sl,-0.6966586221512585,6647.0,620.4266666709135,4963.413333367308
2026-02,-1,sl,-0.4949103498305869,906.0,418.5706666725874,3348.565333380699
2026-02,-1,sl,-0.501168571517418,1793.0,424.7466666725775,3397.97333338062
2026-02,-1,sl,-0.5048362008530952,1793.0,428.3946666725725,3427.15733338058
2026-02,-1,sl,-0.5116315612042612,1906.0,435.1253333392491,3481.0026667139928
2026-02,-1,sl,-0.5876281817342976,9370.0,510.96533333902556,4087.7226667122045
2026-02,1,sl,-0.3750171208346159,2409.0,298.65600000604985,2389.248000048399
2026-02,1,sl,-0.374996379231381,2426.0,298.65600000604985,2389.248000048399
2026-02,1,sl,-0.37497563762814606,3714.0,298.65600000604985,2389.248000048399
2026-02,1,sl,-0.3749758471998456,3714.0,298.65600000604985,2389.248000048399
2026-02,1,sl,-0.3749445252232937,3715.0,298.65600000604985,2389.248000048399
2026-02,1,sl,-0.3749401639479393,3716.0,298.65600000604985,2389.248000048399
2026-02,1,sl,-0.37490448069603294,3738.0,298.65600000604985,2389.248000048399
2026-02,1,sl,-0.3748926712152064,3747.0,298.65600000604985,2389.248000048399
2026-02,1,sl,-0.34518695070921396,0.0,269.10933333943285,2152.874666715463
2026-02,1,sl,-0.3451510761749043,9.0,269.10933333943285,2152.874666715463
2026-02,1,sl,-0.3451152016405947,9.0,269.10933333943285,2152.874666715463
2026-02,1,sl,-0.34509273520357103,203.0,269.10933333943285,2152.874666715463
2026-02,1,sl,-0.3450750182990245,203.0,269.10933333943285,2152.874666715463
2026-02,1,sl,-0.34506138983913026,221.0,269.10933333943285,2152.874666715463
2026-02,1,sl,-0.34505730139447793,252.0,269.10933333943285,2152.874666715463
2026-02,1,sl,-0.34503072603765816,252.0,269.10933333943285,2152.874666715463
2026-02,1,sl,-0.3449864337762918,376.0,269.10933333943285,2152.874666715463
2026-02,1,sl,-0.3449717035033562,590.0,269.10933333943285,2152.874666715463
2026-02,1,soft_sl,-0.38333311278902016,1953.0,307.4240000062933,2459.3920000503463
2026-02,1,soft_sl,-0.3709302490026498,1925.0,295.0293333396812,2360.2346667174497
2026-02,1,soft_sl,-0.5281007696197714,45923.0,452.3413333392143,3618.7306667137145
2026-02,1,soft_sl,-0.5045675499669047,45899.0,428.87466667252284,3430.9973333801827
2026-02,1,sl,-0.6131181367133838,48451.0,537.5040000049273,4300.032000039419
2026-02,1,sl,-0.613027367149942,48467.0,537.5040000049273,4300.032000039419
2026-02,1,soft_sl,-0.6133778471451018,53384.0,537.8666666711866,4302.933333369493
2026-02,1,soft_sl,-0.6133380070291281,53570.0,537.8666666711866,4302.933333369493
2026-02,1,sl,-0.7477335581499508,36.0,672.2240000047286,5377.792000037829
2026-02,1,soft_sl,-0.6132981669131545,53578.0,537.8666666711866,4302.933333369493
2026-02,1,sl,-0.6129365975865003,48663.0,537.5040000049273,4300.032000039419
2026-02,1,soft_sl,-0.613238406739194,53581.0,537.8666666711866,4302.933333369493
2026-02,1,sl,-0.6128996854696707,48666.0,537.5040000049273,4300.032000039419
2026-02,1,sl,-0.6128726130165636,48666.0,537.5040000049273,4300.032000039419
2026-02,1,sl,-0.6128455405634565,48666.0,537.5040000049273,4300.032000039419
2026-02,1,sl,-0.7476824437165405,44.0,672.2240000047286,5377.792000037829
2026-02,1,sl,-0.7476313292831301,44.0,672.2240000047286,5377.792000037829
2026-02,1,sl,-0.7475546576330148,633.0,672.2240000047286,5377.792000037829
2026-02,1,sl,-0.7475110476542519,635.0,672.2240000047286,5377.792000037829
2026-02,1,sl,-0.747453186103202,648.0,672.2240000047286,5377.792000037829
2026-02,1,sl,-0.747426871549489,661.0,672.2240000047286,5377.792000037829
2026-02,1,sl,-0.7473953245521521,692.0,672.2240000047286,5377.792000037829
2026-02,1,sl,-0.7473085322255771,2777.0,672.2240000047286,5377.792000037829
2026-02,1,sl,-0.7658318730145823,4157.0,690.9013333380223,5527.210666704178
2026-02,-1,tp,2.1552527213524297,27939.0,278.83733333982525,2230.698666718602
2026-02,-1,tp,2.206888556377704,27867.0,285.29066667310894,2282.3253333848716
2026-02,-1,tp,2.228895493898909,27857.0,288.0426666730642,2304.3413333845137
2026-02,-1,tp,1.8498335511576336,7351.0,240.6293333397309,1925.0346667178471
2026-02,-1,tp,1.8639162051503373,7150.0,242.38933333978056,1939.1146667182445
2026-02,-1,tp,1.9167036195190297,7608.0,248.9813333397607,1991.8506667180857
2026-02,-1,tp,1.9167173930931343,7609.0,248.9813333397607,1991.8506667180857
2026-02,-1,tp,1.9167146233673118,7609.0,248.9813333397607,1991.8506667180857
2026-02,-1,tp,1.9167311666672389,7663.0,248.9813333397607,1991.8506667180857
2026-02,1,sl,-1.7393329388847742,3653.0,1664.7360000021756,13317.888000017405
2026-02,1,sl,-1.7707774044155926,5537.0,1696.288000002131,13570.304000017048
2026-02,1,sl,-2.0275811339460272,7119.0,1953.3120000016938,15626.49600001355
2026-02,1,sl,-2.1210606642421563,7432.0,2046.9760000015299,16375.808000012239
2026-02,1,sl,-2.123014661367535,7432.0,2048.938666668211,16391.50933334569
2026-02,1,sl,-2.1503118865896513,8919.0,2076.2986666682114,16610.38933334569
2026-02,1,sl,-2.4760373573446244,8060.0,2401.8880000002187,19215.10400000175
2026-02,-1,tp,6.027875211567113,174388.0,762.9759999987235,6103.807999989788
2026-02,1,sl,-2.4759492438423343,8067.0,2401.8880000002187,19215.10400000175
2026-02,1,sl,-2.4758611303400437,8071.0,2401.8880000002187,19215.10400000175
2026-02,1,sl,-2.4757578371291307,9037.0,2401.8880000002187,19215.10400000175
2026-02,1,sl,-2.4757289600866077,9060.0,2401.8880000002187,19215.10400000175
2026-02,1,sl,-2.475708403930685,9061.0,2401.8880000002187,19215.10400000175
2026-02,1,sl,-2.4756589707322387,9062.0,2401.8880000002187,19215.10400000175
2026-02,1,sl,-2.47558482093457,9157.0,2401.8880000002187,19215.10400000175
2026-02,1,sl,-2.6289033518106524,9408.0,2555.1786666670937,20441.42933333675
2026-02,1,sl,-2.4122501926051307,9133.0,2338.6453333335617,18709.162666668493
2026-02,1,sl,-2.5971975336438256,9362.0,2523.530666667099,20188.245333336792
2026-02,1,sl,-2.4675659829975447,9157.0,2393.941333333552,19151.530666668416
2026-02,1,sl,-2.594524969401506,9442.0,2520.906666667039,20167.253333336314
2026-02,1,sl,-2.5971387646990562,9944.0,2523.5946666670343,20188.757333336274
2026-02,-1,tp,6.840116336282659,321408.0,864.4799999999627,6915.839999999702
2026-02,-1,tp,6.840116336282659,321408.0,864.4799999999627,6915.839999999702
2026-02,1,sl,-0.5281943889397697,682.0,455.0613333388915,3640.490666711132
2026-02,1,sl,-0.5281614555271559,685.0,455.0613333388915,3640.490666711132
2026-02,1,sl,-0.7459059953779298,2086.0,672.7146666710079,5381.717333368063
2026-02,1,sl,-0.7458837157024377,2087.0,672.7146666710079,5381.717333368063
2026-02,1,sl,-0.7458614360269455,2087.0,672.7146666710079,5381.717333368063
2026-02,1,sl,-0.5281285221145422,687.0,455.0613333388915,3640.490666711132
2026-02,1,sl,-0.5280791219956216,695.0,455.0613333388915,3640.490666711132
2026-02,1,sl,-0.7458280165137073,2099.0,672.7146666710079,5381.717333368063
2026-02,1,sl,-0.7457723173249771,2107.0,672.7146666710079,5381.717333368063
2026-02,1,sl,-0.5670172684636736,452.0,494.10133333846926,3952.810666707754
2026-02,1,sl,-0.5923986362210665,75.0,519.6373333384097,4157.0986667072775
2026-02,1,sl,-0.6064632399562396,291.0,533.813333338375,4270.506666707
2026-02,1,sl,-0.6185768196913063,299.0,546.0373333382358,4368.298666705887
2026-02,1,sl,-0.6634751519606585,1281.0,591.1146666714301,4728.917333371441
2026-02,-1,tp,6.796201690566232,192332.0,858.954666665569,6871.637333324552
2026-02,-1,tp,6.796338523933627,192379.0,858.954666665569,6871.637333324552
2026-02,1,sl,-0.7109506324865578,233.0,638.2826666717232,5106.261333373785
2026-02,1,sl,-0.7095838596059085,293.0,636.9493333383898,5095.594666707118
2026-02,1,sl,-0.7109232179930618,292.0,638.2826666717232,5106.261333373785
2026-02,1,sl,-0.7124630194994342,283.0,639.850666671594,5118.805333372752
2026-02,1,sl,-0.7122102232277789,282.0,639.6053333382805,5116.842666706244
2026-02,1,sl,-0.7148152641830801,290.0,642.2400000049174,5137.920000039339
2026-02,1,sl,-0.714810036425849,293.0,642.2400000049174,5137.920000039339
2026-02,1,sl,-0.7229820282825191,282.0,650.4533333380521,5203.6266667044165
2026-02,1,sl,-0.7311812761918223,279.0,658.6880000046392,5269.504000037114
2026-02,1,sl,-0.7398307933373484,281.0,667.3813333379229,5339.050666703383
2026-02,1,sl,-0.7605941365868102,280.0,688.2453333378335,5505.962666702668
2026-02,1,sl,-0.7605937717985649,280.0,688.2453333378335,5505.962666702668
2026-02,1,sl,-0.8326727951801532,3487.0,760.4480000040928,6083.584000032743
2026-02,1,sl,-0.8326728557054315,3487.0,760.4480000040928,6083.584000032743
2026-02,-1,tp,6.796429746178556,207378.0,858.954666665569,6871.637333324552
2026-02,1,sl,-0.8386618484404724,3483.0,766.5280000039935,6132.224000031948
2026-02,1,sl,-0.8386623342792743,3483.0,766.5280000039935,6132.224000031948
2026-02,-1,tp,6.796520968423486,207387.0,858.954666665569,6871.637333324552
2026-02,1,soft_sl,-0.861749730631143,16122.0,789.7493333372225,6317.99466669778
2026-02,1,sl,-0.8912289589976977,5934.0,819.2533333372573,6554.026666698059
2026-02,1,sl,-0.8912300828067848,5934.0,819.2533333372573,6554.026666698059
2026-02,1,soft_sl,-1.274688880231587,2958.0,1202.6240000022947,9620.992000018357
2026-02,1,soft_sl,-1.2746059914802734,2958.0,1202.6240000022947,9620.992000018357
2026-02,1,soft_sl,-1.2745231027289599,2971.0,1202.6240000022947,9620.992000018357
2026-02,1,sl,-0.9663634961486222,5883.0,894.6453333371381,7157.162666697105
2026-02,1,sl,-0.9663656832415183,5883.0,894.6453333371381,7157.162666697105
2026-02,1,soft_sl,-1.2744102733781315,6145.0,1202.6240000022947,9620.992000018357
2026-02,1,soft_sl,-1.2743987696019894,6145.0,1202.6240000022947,9620.992000018357
2026-02,1,soft_sl,-1.2743398120055995,6147.0,1202.6240000022947,9620.992000018357
2026-02,1,soft_sl,-1.2742693506330676,6990.0,1202.6240000022947,9620.992000018357
2026-02,1,soft_sl,-1.2844157663903606,6909.0,1212.8533333356181,9702.826666684945
2026-02,1,soft_sl,-1.2846970559075817,6908.0,1213.1626666689415,9705.301333351532
2026-02,-1,tp,7.319753729516669,135040.0,924.2880000040432,7394.304000032345
2026-02,1,sl,-1.9197654333343208,8772.0,1848.0640000015994,14784.512000012795
2026-02,1,soft_sl,-1.3038498998096106,6758.0,1232.501333335638,9860.010666685104
2026-02,1,sl,-1.9278509859467565,8904.0,1856.2240000015993,14849.792000012794
2026-02,1,sl,-1.9278325899790238,9416.0,1856.2240000015993,14849.792000012794
2026-02,1,sl,-1.9378565975026962,13111.0,1866.314666668276,14930.517333346208
2026-02,1,sl,-1.9378294479570604,13115.0,1866.314666668276,14930.517333346208
2026-02,1,sl,-1.942382283725277,13199.0,1870.9226666682462,14967.38133334597
2026-02,1,sl,-1.9938282229241566,13261.0,1922.4746666683257,15379.797333346605
2026-02,1,sl,-1.9937884930592498,13271.0,1922.4746666683257,15379.797333346605
2026-02,-1,tp,3.869417071155525,50290.0,492.55466667239864,3940.437333379189
2026-02,-1,tp,4.642942514099748,50134.0,589.2373333390553,4713.898666712443
2026-02,-1,tp,4.595194673880237,50223.0,583.2640000058213,4666.112000046571
2026-02,-1,tp,4.494934313587825,50285.0,570.7200000058115,4565.760000046492
2026-02,-1,tp,4.511895774447014,50270.0,572.8426666725675,4582.74133338054
2026-02,-1,tp,4.536019276267346,50264.0,575.8613333391646,4606.890666713317
2026-02,-1,tp,4.54011268573399,50263.0,576.3733333391448,4610.986666713158
2026-02,-1,tp,4.495218804728014,50316.0,570.7520000056426,4566.016000045141
2026-02,-1,tp,4.495216349710328,50316.0,570.7520000056426,4566.016000045141
2026-02,-1,tp,4.734251141832116,54815.0,600.6293333378186,4805.034666702549
2026-02,-1,tp,4.734317748095363,54816.0,600.6293333378186,4805.034666702549
2026-02,-1,tp,4.734263474971987,54816.0,600.6293333378186,4805.034666702549
2026-02,-1,tp,5.196281336811968,65043.0,658.3786666710674,5267.0293333685395
2026-02,-1,tp,5.154634114703537,65079.0,653.1626666711768,5225.301333369414
2026-02,-1,tp,10.481660983315495,170386.0,1319.285333335325,10554.2826666826
2026-02,-1,tp,10.481692450033382,170387.0,1319.285333335325,10554.2826666826
2026-02,-1,tp,10.4817514808371,170388.0,1319.285333335325,10554.2826666826
2026-02,-1,tp,10.48181051164082,170389.0,1319.285333335325,10554.2826666826
2026-02,-1,tp,7.565730225651141,77751.0,954.464000002568,7635.712000020544
2026-02,-1,tp,7.565731364330584,77751.0,954.464000002568,7635.712000020544
2026-02,-1,tp,8.28739247132775,80966.0,1044.6186666689316,8356.949333351453
2026-02,-1,tp,8.30757327158709,84822.0,1047.1360000021755,8377.088000017404
2026-02,-1,tp,8.369075082326429,84885.0,1054.8160000021508,8438.528000017206
2026-02,-1,tp,8.904843297923954,86400.0,1121.7386666685838,8973.90933334867
2026-02,-1,tp,8.904943486149913,86406.0,1121.7386666685838,8973.90933334867
2026-02,-1,tp,8.90504367437587,86418.0,1121.7386666685838,8973.90933334867
2026-02,-1,tp,10.321389451350452,87392.0,1298.7413333349177,10389.930666679342
2026-02,-1,tp,10.321402131344206,87400.0,1298.7413333349177,10389.930666679342
2026-02,-1,tp,10.321452901057638,88031.0,1298.7413333349177,10389.930666679342
2026-02,-1,tp,10.32155391505623,88033.0,1298.7413333349177,10389.930666679342
2026-02,-1,tp,10.321655104197577,88037.0,1298.7413333349177,10389.930666679342
2026-02,-1,tp,10.321756293338925,88920.0,1298.7413333349177,10389.930666679342
2026-02,-1,tp,10.702962238140717,80653.0,1346.3893333360304,10771.114666688243
2026-02,-1,tp,10.811442228435883,80635.0,1359.9573333360504,10879.658666688403
2026-02,-1,tp,10.46106921104961,81142.0,1316.106666669647,10528.853333357176
2026-02,-1,tp,10.461266544203225,81180.0,1316.106666669647,10528.853333357176
2026-02,-1,tp,10.461384944095395,92469.0,1316.106666669647,10528.853333357176
2026-02,-1,tp,11.189382215844203,92176.0,1407.146666669175,11257.1733333534
2026-02,-1,tp,10.461463877356842,92470.0,1316.106666669647,10528.853333357176
2026-02,-1,tp,10.461542810618287,92474.0,1316.106666669647,10528.853333357176
2026-02,-1,sl,-4.144533462246265,18065.0,4080.5119999998806,32644.095999999045
2026-02,-1,sl,-4.144736756875403,18090.0,4080.5119999998806,32644.095999999045
2026-02,-1,sl,-4.144940051504548,18143.0,4080.5119999998806,32644.095999999045
2026-02,-1,sl,-4.148435921448234,18327.0,4083.7013333332043,32669.610666665634
2026-02,-1,sl,-4.092183530647503,44939.0,4027.018666666448,32216.149333331585
2026-02,-1,sl,-4.09126199802093,44939.0,4026.047999999722,32208.383999997775
2026-02,-1,sl,-4.035985006936866,44893.0,3970.591999999881,31764.735999999048
2026-02,-1,sl,-3.572425913660166,45929.0,3506.62400000006,28052.99200000048
2026-02,-1,sl,-4.074276371226305,49166.0,4008.6080000000698,32068.864000000558
2026-02,-1,sl,-3.58925622838303,48291.0,3522.805333333115,28182.44266666492
2026-02,-1,sl,-0.5092163351489181,87.0,438.09066664318243,3504.7253331454594
2026-02,1,sl,-0.5163765639667551,4078.0,445.31199997723104,3562.4959998178483
2026-02,1,sl,-0.5128613977535024,4094.0,441.81333331068356,3534.5066664854685
2026-02,1,sl,-0.5549568555140707,4437.0,483.8933333111803,3871.1466664894424
2026-02,1,sl,-0.5179301417667581,4116.0,446.91199997733037,3575.295999818643
2026-02,1,sl,-0.5223622795667657,4176.0,451.3919999774297,3611.1359998194375
2026-02,-1,soft_sl,-0.5093088120666408,20389.0,438.09066664318243,3504.7253331454594
2026-02,-1,soft_sl,-0.5094012889843635,32099.0,438.09066664318243,3504.7253331454594
2026-02,-1,soft_sl,-0.5095400043609476,32099.0,438.09066664318243,3504.7253331454594
2026-02,-1,soft_sl,-0.5338921026016095,32014.0,462.30399997721116,3698.4319998176893
2026-02,-1,soft_sl,-0.5358864593203287,32003.0,464.2773333106438,3714.2186664851506
2026-02,-1,soft_sl,-0.5403780640390907,31999.0,468.74666664411626,3749.97333315293
2026-02,-1,sl,-0.7704657041029027,394.0,699.4773333174984,5595.818666539987
2026-02,-1,sl,-0.7705211056397883,467.0,699.4773333174984,5595.818666539987
2026-02,1,soft_sl,-0.4000916156872892,1889.0,329.13066664149363,2633.045333131949
2026-02,1,soft_sl,-0.40006811711225637,1892.0,329.13066664149363,2633.045333131949
2026-02,1,soft_sl,-0.40004461853722356,4699.0,329.13066664149363,2633.045333131949
2026-02,1,sl,-0.4133165233447055,5401.0,342.42133330861725,2739.370666468938
2026-02,1,soft_sl,-0.40000937067467435,4705.0,329.13066664149363,2633.045333131949
2026-02,1,sl,-0.4161310466186353,6402.0,345.26933330863716,2762.1546664690973
2026-02,1,soft_sl,-0.39802092290370034,5701.0,327.19999997476737,2617.599999798139
2026-02,1,sl,-0.42569419389305285,6088.0,354.8693333091338,2838.9546664730706
2026-02,1,sl,-0.4211896774703128,5977.0,350.410666642189,2803.285333137512
2026-02,-1,tp,2.332508086795707,20351.0,300.28799997319777,2402.303999785582
2026-02,-1,tp,2.3879884846332593,20745.0,307.21066664040086,2457.685333123207
2026-02,-1,tp,2.3880598584665123,20746.0,307.21066664040086,2457.685333123207
2026-02,-1,sl,-1.6841538610438083,3038.0,1613.9839999922117,12911.871999937694
2026-02,-1,sl,-1.6842457266713655,11720.0,1613.9839999922117,12911.871999937694
2026-02,1,sl,-0.6930924994883748,3172.0,622.6666666500768,4981.333333200614
2026-02,1,sl,-0.6548690660631618,3102.0,584.4586666490634,4675.669333192507
2026-02,1,sl,-0.6200465979706221,2817.0,549.6533333140611,4397.226666512489
2026-02,1,sl,-0.6117322584977257,1837.0,541.3866666441162,4331.0933331529295
2026-02,1,sl,-0.6088846296039644,1674.0,538.6239999775091,4308.991999820073
2026-02,-1,sl,-0.5323841160655661,10.0,461.93066664278507,3695.4453331422806
2026-02,1,soft_sl,-0.38302058287487606,1061.0,312.95999997705223,2503.679999816418
2026-02,1,soft_sl,-0.3829958138387009,1062.0,312.95999997705223,2503.679999816418
2026-02,1,soft_sl,-0.38297104480252564,1069.0,312.95999997705223,2503.679999816418
2026-02,1,soft_sl,-0.3829338912482628,1119.0,312.95999997705223,2503.679999816418
2026-02,1,soft_sl,-0.3829055952269682,1131.0,312.95999997705223,2503.679999816418
2026-02,1,soft_sl,-0.38575385100822934,718.0,315.8506666427851,2526.8053331422807
2026-02,1,soft_sl,-0.4163165713249054,1046.0,346.42133331080277,2771.370666486422
2026-02,1,soft_sl,-0.3874720054572941,1281.0,317.61066664298374,2540.88533314387
2026-02,-1,tp,3.4336489300549355,172965.0,437.8879999760787,3503.1039998086294
2026-02,-1,tp,3.6266651767601426,115150.0,461.93066664278507,3695.4453331422806
2026-02,-1,tp,3.626726067375344,115193.0,461.93066664278507,3695.4453331422806
2026-02,-1,tp,3.626815924770266,115231.0,461.93066664278507,3695.4453331422806
2026-02,-1,tp,3.6269220276657377,115290.0,461.93066664278507,3695.4453331422806
2026-02,-1,tp,3.626985689403021,117521.0,461.93066664278507,3695.4453331422806
2026-02,-1,tp,3.62702813056121,117540.0,461.93066664278507,3695.4453331422806
2026-02,-1,tp,5.527495742694335,306395.0,699.4773333174984,5595.818666539987
2026-02,-1,tp,5.561687062015119,305483.0,703.7546666479111,5630.037333183289
2026-02,-1,tp,5.561710353247287,305491.0,703.7546666479111,5630.037333183289
2026-02,-1,tp,5.527558343801048,310037.0,699.4773333174984,5595.818666539987
2026-02,-1,tp,5.561728393933961,309125.0,703.7546666479111,5630.037333183289
2026-02,-1,tp,5.52760007787219,310062.0,699.4773333174984,5595.818666539987
2026-02,-1,tp,5.725292975516324,310033.0,724.2026666508118,5793.6213332064945
2026-02,-1,tp,5.527641811943331,310277.0,699.4773333174984,5595.818666539987
2026-02,-1,tp,5.527645534533193,310277.0,699.4773333174984,5595.818666539987
2026-02,-1,tp,5.561880867072311,309365.0,703.7546666479111,5630.037333183289
2026-02,-1,tp,5.527784038375407,311508.0,699.4773333174984,5595.818666539987
2026-02,-1,tp,5.561983175367327,310596.0,703.7546666479111,5630.037333183289
2026-02,-1,tp,5.562051380897336,311291.0,703.7546666479111,5630.037333183289
2026-02,-1,tp,5.527867140680735,312220.0,699.4773333174984,5595.818666539987
2026-02,-1,tp,5.562119586427346,311332.0,703.7546666479111,5630.037333183289
2026-02,1,sl,-0.7751930011780213,1479.0,705.5786666473746,5644.629333178997
2026-02,1,sl,-0.7751621789245677,1482.0,705.5786666473746,5644.629333178997
2026-02,1,sl,-0.7751429327333074,1483.0,705.5786666473746,5644.629333178997
2026-02,1,sl,-0.775107778296118,1483.0,705.5786666473746,5644.629333178997
2026-02,-1,soft_sl,-0.2903195424124207,2384.0,220.49066664328177,1763.9253331462542
2026-02,-1,soft_sl,-0.29361447645537325,4911.0,223.75466664344071,1790.0373331475257
2026-02,-1,soft_sl,-0.29482038056527304,4879.0,224.94933331032595,1799.5946664826076
2026-02,-1,soft_sl,-0.29483102067494393,4879.0,224.94933331032595,1799.5946664826076
2026-02,-1,soft_sl,-0.29481207677047705,4879.0,224.94933331032595,1799.5946664826076
2026-02,-1,soft_sl,-0.29484698083945027,5721.0,224.94933331032595,1799.5946664826076
2026-02,-1,soft_sl,-0.2948437151281488,5721.0,224.94933331032595,1799.5946664826076
2026-02,-1,sl,-0.6035390537877733,1268.0,532.9599999786417,4263.6799998291335
2026-02,-1,sl,-0.6036148156708556,1556.0,532.9599999786417,4263.6799998291335
2026-02,1,sl,-0.2542052357754168,1658.0,183.86133330782255,1470.8906664625804
2026-02,1,sl,-0.7750928642885935,88212.0,705.5786666473746,5644.629333178997
2026-02,1,sl,-0.7750533776676684,88213.0,705.5786666473746,5644.629333178997
2026-02,1,sl,-0.7750177616215226,88241.0,705.5786666473746,5644.629333178997
2026-02,1,sl,-0.774971776724994,88241.0,705.5786666473746,5644.629333178997
2026-02,1,sl,-0.7922599025097852,88312.0,722.9546666474143,5783.637333179315
2026-02,1,sl,-0.7922030871539173,89117.0,722.9546666474143,5783.637333179315
2026-02,-1,tp,2.3366121251675804,34707.0,300.78933330525956,2406.3146664420765
2026-02,-1,sl,-0.39806111423004786,1903.0,329.2373333113392,2633.898666490714
2026-02,-1,sl,-0.3329458358222115,1245.0,264.0639999775092,2112.5119998200735
2026-02,-1,sl,-0.38454232302671076,1564.0,315.67999997834363,2525.439999826749
2026-02,-1,sl,-0.33295537364970157,1256.0,264.0639999775092,2112.5119998200735
2026-02,-1,sl,-0.3850442308111771,1586.0,316.1706666450699,2529.365333160559
2026-02,1,sl,-0.32882276488007706,98.0,260.18133330851794,2081.4506664681435
2026-02,1,sl,-0.32880242150343997,313.0,260.18133330851794,2081.4506664681435
2026-02,1,sl,-0.32878207812680293,315.0,260.18133330851794,2081.4506664681435
2026-02,1,sl,-0.3287515630618473,337.0,260.18133330851794,2081.4506664681435
2026-02,1,sl,-0.3287532670462383,337.0,260.18133330851794,2081.4506664681435
2026-02,1,sl,-0.3287193600575525,2762.0,260.18133330851794,2081.4506664681435
2026-02,1,sl,-0.32870070462025464,2767.0,260.18133330851794,2081.4506664681435
2026-02,1,sl,-0.32868545306886665,2828.0,260.18133330851794,2081.4506664681435
2026-02,1,sl,-0.3286345925858379,3329.0,260.18133330851794,2081.4506664681435
2026-02,1,sl,-0.35272972911420597,4624.0,284.3733333085974,2274.9866664687793
2026-02,1,sl,-1.3661730520980293,7090.0,1297.5359999889135,10380.287999911308
2026-02,1,sl,-1.3660884990027793,7090.0,1297.5359999889135,10380.287999911308
2026-02,-1,tp,2.8108280605651292,112320.0,359.99999997357526,2879.999999788602
2026-02,-1,tp,2.8107808620451613,112320.0,359.99999997357526,2879.999999788602
2026-02,-1,tp,2.81071006426521,112320.0,359.99999997357526,2879.999999788602
2026-02,-1,tp,2.8499375698727984,112274.0,364.90666664054,2919.25333312432
2026-02,1,sl,-1.366003945907529,7091.0,1297.5359999889135,10380.287999911308
2026-02,1,sl,-1.365946866097387,7091.0,1297.5359999889135,10380.287999911308
2026-02,1,sl,-1.365877116264654,7092.0,1297.5359999889135,10380.287999911308
2026-02,-1,tp,2.8108752590850967,112322.0,359.99999997357526,2879.999999788602
2026-02,1,sl,-1.3658555564107249,7093.0,1297.5359999889135,10380.287999911308
2026-02,1,sl,-1.3657642467240627,7125.0,1297.5359999889135,10380.287999911308
2026-02,1,sl,-1.3656657335265288,7196.0,1297.5359999889135,10380.287999911308
2026-02,1,sl,-1.3667467221941667,7197.0,1298.6559999890128,10389.247999912102
2026-02,-1,sl,-0.34261781347342013,255.0,273.8666666436195,2190.933333148956
2026-02,-1,sl,-0.34266864719627754,1508.0,273.8666666436195,2190.933333148956
2026-02,-1,sl,-0.34271948091913496,1520.0,273.8666666436195,2190.933333148956
2026-02,1,soft_sl,-0.31830611326686203,1608.0,249.5786666438977,1996.6293331511815
2026-02,1,soft_sl,-0.31395087777914343,1644.0,245.2373333108425,1961.89866648674
2026-02,1,soft_sl,-0.3102246609580306,1572.0,241.52533331106108,1932.2026664884886
2026-02,1,soft_sl,-0.3057760983930059,1570.0,237.09866664469243,1896.7893331575394
2026-02,-1,sl,-0.29318940464887083,2369.0,224.29866664499045,1794.3893331599236
2026-02,-1,sl,-0.3305563761737199,6324.0,261.6319999779264,2093.055999823411
2026-02,-1,sl,-0.3305549475043924,6324.0,261.6319999779264,2093.055999823411
2026-02,-1,sl,-0.2932184924738911,2370.0,224.29866664499045,1794.3893331599236
2026-02,-1,sl,-0.2932475802989114,2371.0,224.29866664499045,1794.3893331599236
2026-02,-1,sl,-0.33300910821907004,6305.0,264.0639999779065,2112.511999823252
2026-02,-1,sl,-0.333028624264434,6305.0,264.0639999779065,2112.511999823252
2026-02,-1,sl,-0.33368754633252085,6292.0,264.6933333112796,2117.546666490237
2026-02,-1,sl,-0.30733169581105924,5539.0,238.2933333107829,1906.3466664862633
2026-02,-1,sl,-0.2926508920363404,2367.0,223.6586666448911,1789.2693331591288
2026-02,-1,sl,-0.2907069796558834,2324.0,221.68533331135907,1773.4826664908726
2026-02,-1,sl,-0.28545874638131286,2306.0,216.42666664431493,1731.4133331545195
2026-02,-1,sl,-0.28760620910721524,2304.0,218.5599999777476,1748.4799998219808
2026-02,-1,sl,-0.28202300319671386,1975.0,212.95999997854233,1703.6799998283386
2026-02,-1,sl,-0.337226080445841,6192.0,268.18133331120015,2145.450666489601
2026-02,-1,sl,-0.2881986835984643,2304.0,219.13599997778735,1753.0879998222988
2026-02,1,sl,-1.4805627306461768,90510.0,1412.7573333243529,11302.058666594823
2026-02,-1,tp,4.194994574433381,298930.0,532.9599999786417,4263.6799998291335
2026-02,-1,tp,4.195047634360609,298931.0,532.9599999786417,4263.6799998291335
2026-02,-1,tp,4.19504469472142,298931.0,532.9599999786417,4263.6799998291335
2026-02,-1,tp,4.195083007645428,298932.0,532.9599999786417,4263.6799998291335
2026-02,-1,tp,4.195118380930247,298948.0,532.9599999786417,4263.6799998291335
2026-02,-1,tp,4.1952340994291255,299020.0,532.9599999786417,4263.6799998291335
2026-02,-1,tp,4.195347742253749,299135.0,532.9599999786417,4263.6799998291335
2026-02,1,sl,-0.6471546411870762,3669.0,583.2639999781052,4666.111999824841
2026-02,1,sl,-0.6584404528893898,5567.0,594.6453333135446,4757.162666508357
2026-02,1,sl,-0.666335960590038,5518.0,602.634666647315,4821.07733317852
2026-02,1,sl,-0.3952417807797087,784.0,331.85066663980484,2654.8053331184387
2026-02,1,sl,-0.39514811088684,949.0,331.85066663980484,2654.8053331184387
2026-02,1,sl,-0.3998520409943742,323.0,336.6506666402022,2693.2053331216175
2026-02,1,sl,-0.42457376548951353,285.0,361.5253333079815,2892.202666463852
2026-02,1,sl,-0.45593865182051757,133.0,393.02399997611843,3144.1919998089475
2026-02,1,sl,-0.46609956503947664,145.0,403.2213333098094,3225.770666478475
2026-02,1,sl,-0.38207039343128646,19080.0,319.1253333091736,2553.0026664733887
2026-02,1,sl,-0.3820493688871126,19708.0,319.1253333091736,2553.0026664733887
2026-02,1,sl,-0.38202834434293864,19708.0,319.1253333091736,2553.0026664733887
2026-02,1,sl,-0.45281907770526253,23306.0,389.8986666446924,3119.1893331575393
2026-02,1,sl,-0.47460797159136703,29428.0,411.76533330976963,3294.122666478157
2026-02,1,sl,-0.45278310303715014,23307.0,389.8986666446924,3119.1893331575393
2026-02,1,sl,-0.45276366329265855,23307.0,389.8986666446924,3119.1893331575393
2026-02,1,sl,-0.45274422354816696,23307.0,389.8986666446924,3119.1893331575393
2026-02,1,sl,-0.4527150639314296,23307.0,389.8986666446924,3119.1893331575393
2026-02,1,sl,-0.4527623725984572,23307.0,389.8986666446924,3119.1893331575393
2026-02,1,sl,-0.4527056674916518,23307.0,389.8986666446924,3119.1893331575393
2026-02,1,sl,-0.48317534675268115,29428.0,420.3839999765158,3363.0719998121263
2026-02,1,sl,-0.48316882809254447,29428.0,420.3839999765158,3363.0719998121263
2026-02,1,sl,-0.45750670990337095,23300.0,394.74133331120015,3157.930666489601
2026-02,1,sl,-0.46249300449826725,23290.0,399.7759999781847,3198.2079998254776
2026-02,1,sl,-0.5326189364668364,29349.0,469.93066664417586,3759.445333153407
2026-02,-1,sl,-1.4044372169579196,4832.0,1340.7359999901057,10725.887999920846
2026-02,-1,sl,-1.404475274386277,8664.0,1340.7359999901057,10725.887999920846
2026-02,-1,sl,-1.4045121710797146,8664.0,1340.7359999901057,10725.887999920846
2026-02,-1,sl,-1.4045490677731522,8664.0,1340.7359999901057,10725.887999920846
2026-02,-1,sl,-1.4044784051114212,8664.0,1340.7359999901057,10725.887999920846
2026-02,-1,sl,-1.404519593264923,8664.0,1340.7359999901057,10725.887999920846
2026-02,-1,sl,-0.38358366185447296,15.0,319.51999997476736,2556.159999798139
2026-02,-1,sl,-0.3836692902163012,950.0,319.51999997476736,2556.159999798139
2026-02,-1,soft_sl,-0.3837549185781295,2167.0,319.51999997476736,2556.159999798139
2026-02,-1,sl,-1.4046044128133088,15493.0,1340.7359999901057,10725.887999920846
2026-02,-1,sl,-1.4045813754951755,15493.0,1340.7359999901057,10725.887999920846
2026-02,-1,soft_sl,-0.38306161712115583,3393.0,318.6986666417122,2549.5893331336974
2026-02,-1,sl,-1.40468434587893,15776.0,1340.7359999901057,10725.887999920846
2026-02,-1,sl,-1.4249627825481346,15754.0,1360.9919999913375,10887.9359999307
2026-02,-1,soft_sl,-0.6411687290164158,82734.0,576.6293333111207,4613.034666488966
2026-02,-1,soft_sl,-0.4919077444021742,24595.0,427.3919999774297,3419.1359998194375
2026-02,-1,soft_sl,-0.7966290314137434,83669.0,732.0853333153327,5856.682666522662
2026-02,1,tp,6.398832374037608,100303.0,808.1173333160083,6464.938666528066
2026-02,1,tp,6.398826629481091,100303.0,808.1173333160083,6464.938666528066
2026-02,1,tp,6.415821706552059,100302.0,810.2399999827146,6481.919999861717
2026-02,1,tp,6.415838196399544,100302.0,810.2399999827146,6481.919999861717
2026-02,1,tp,6.415837523709523,100302.0,810.2399999827146,6481.919999861717
2026-02,1,sl,-0.6084269484096683,1446.0,539.5733333096902,4316.586666477521
2026-02,1,sl,-0.6083555870971957,1454.0,539.5733333096902,4316.586666477521
2026-02,1,sl,-0.6083277045025599,1457.0,539.5733333096902,4316.586666477521
2026-02,1,sl,-0.6125594204513592,1449.0,543.8506666429838,4350.8053331438705
2026-02,1,sl,-0.6153713289654442,1447.0,546.6773333096504,4373.418666477203
2026-02,1,sl,-0.5908360840944813,1342.0,522.1866666424274,4177.4933331394195
2026-02,1,sl,-0.3969150418657429,183.0,328.38399997393293,2627.0719997914634
2026-02,1,sl,-0.3955277126109642,181.0,327.00799997389316,2616.0639997911453
2026-02,1,sl,-0.5919506344819645,1340.0,523.3386666423082,4186.709333138466
2026-02,1,sl,-0.596934422122191,1349.0,528.3733333090942,4226.986666472753
2026-02,1,soft_sl,-1.0295909780377692,2941.0,960.9386666526397,7687.509333221117
2026-02,1,soft_sl,-1.029519711532524,2984.0,960.9386666526397,7687.509333221117
2026-02,1,soft_sl,-1.029448445027279,3141.0,960.9386666526397,7687.509333221117
2026-02,1,soft_sl,-1.0230107898610168,3132.0,954.5173333189884,7636.138666551908
2026-02,1,soft_sl,-1.0211353585750191,5845.0,952.7039999852578,7621.631999882063
2026-02,1,soft_sl,-1.024074846601904,5883.0,955.6693333184719,7645.354666547775
2026-02,1,soft_sl,-1.0281514792892623,5890.0,959.7866666517655,7678.293333214124
2026-02,1,sl,-1.5273840118329722,7128.0,1458.954666655461,11671.637333243689
2026-02,1,sl,-0.5683569194470904,2176.0,500.2026666456461,4001.621333165169
2026-02,1,sl,-0.45102577666556254,1971.0,382.9226666430632,3063.381333144506
2026-02,1,sl,-0.45102054152267435,1971.0,382.9226666430632,3063.381333144506
2026-02,1,sl,-0.45164432988046566,2394.0,383.57333330969016,3068.5866664775212
2026-02,1,sl,-0.44444812576135984,2295.0,376.4053333089749,3011.242666471799
2026-02,1,soft_sl,-0.7687118726341998,6580.0,700.5439999842644,5604.351999874115
2026-02,1,sl,-0.44820653958389856,2391.0,380.21333330909414,3041.706666472753
2026-02,-1,sl,-0.5369487304486024,12827.0,468.3626666436593,3746.9013331492743
2026-02,1,soft_sl,-0.7685942003674159,49143.0,700.5439999842644,5604.351999874115
2026-02,1,sl,-0.8632326940065328,48333.0,795.1573333172004,6361.258666537603
2026-02,1,soft_sl,-0.7684765281006319,51705.0,700.5439999842644,5604.351999874115
2026-02,1,sl,-1.60815744806159,61197.0,1539.8399999884764,12318.719999907811
2026-02,1,sl,-0.8631149032851648,50674.0,795.1573333172004,6361.258666537603
2026-02,1,sl,-0.5097930685556915,893.0,441.9946666445335,3535.957333156268
2026-02,1,sl,-0.5097569271273173,893.0,441.9946666445335,3535.957333156268
2026-02,1,sl,-0.5097207856989433,893.0,441.9946666445335,3535.957333156268
2026-02,1,sl,-1.6185341002909344,61203.0,1550.2933333222072,12402.346666577658
2026-02,1,sl,-0.8629971125637967,50691.0,795.1573333172004,6361.258666537603
2026-02,1,sl,-0.5096665735563821,910.0,441.9946666445335,3535.957333156268
2026-02,1,sl,-0.5096394962064495,911.0,441.9946666445335,3535.957333156268
2026-02,1,sl,-0.509612396436123,918.0,441.9946666445335,3535.957333156268
2026-02,1,sl,-0.5173680699991299,988.0,449.7813333112001,3598.250666489601
2026-02,1,sl,-0.5173589933187803,989.0,449.7813333112001,3598.250666489601
2026-02,1,soft_sl,-0.8416499930337954,50887.0,773.930666650931,6191.445333207448
2026-02,1,sl,-0.51732742034364,1024.0,449.7813333112001,3598.250666489601
2026-02,1,sl,-1.7053594306355857,61221.0,1637.269333323439,13098.154666587512
2026-02,1,sl,-1.7053606628811808,61221.0,1637.269333323439,13098.154666587512
2026-02,1,sl,-0.8628204264817445,50824.0,795.1573333172004,6361.258666537603
2026-02,1,sl,-1.7158711060430245,62907.0,1647.8506666566927,13182.805333253542
2026-02,1,sl,-0.8775306047604681,52513.0,809.9946666502952,6479.957333202362
2026-02,1,sl,-1.7305714532053291,62910.0,1662.6239999904235,13300.991999923388
2026-02,-1,tp,1.6799136073860108,22031.0,218.43199997027716,1747.4559997622173
2026-02,-1,tp,1.7697125660269,23089.0,229.64266663630804,1837.1413330904643
2026-02,-1,tp,1.7697584211242174,23090.0,229.64266663630804,1837.1413330904643
2026-02,-1,sl,-0.38449401593697685,1731.0,317.2159999754031,2537.727999803225
2026-02,-1,sl,-0.3862228070734619,2786.0,318.9226666420698,2551.3813331365586
2026-02,-1,sl,-0.43908136880079807,3176.0,371.79733330905435,2974.378666472435
2026-02,-1,sl,-0.42014898577893844,8474.0,352.7999999761581,2822.399999809265
2026-02,-1,sl,-0.4155705156207109,8209.0,348.17066664338114,2785.365333147049
2026-02,1,sl,-0.27460185453397107,159.0,207.0506666390101,1656.4053331120808
2026-02,-1,sl,-0.2775041358908802,5605.0,209.72799996952216,1677.8239997561773
2026-02,-1,sl,-0.27823731251089756,5649.0,210.44266663591068,1683.5413330872855
2026-02,-1,sl,-0.2795894651312013,5648.0,211.775999969244,1694.207999753952
2026-02,-1,sl,-0.24698238836098252,4948.0,179.15733330130578,1433.2586664104463
2026-02,-1,sl,-0.273074758060557,5263.0,205.23733330150446,1641.8986664120357
2026-02,-1,sl,-0.2528433396114997,4918.0,184.97066663503648,1479.7653330802918
2026-02,-1,sl,-0.25284737987099143,4918.0,184.97066663503648,1479.7653330802918
2026-02,1,sl,-0.2745170659107086,7679.0,207.0506666390101,1656.4053331120808
2026-02,1,sl,-0.27449957270567205,7679.0,207.0506666390101,1656.4053331120808
2026-02,1,sl,-0.2745649330097025,7679.0,207.0506666390101,1656.4053331120808
2026-02,1,sl,-0.274528011485434,7679.0,207.0506666390101,1656.4053331120808
2026-02,1,sl,-0.2744820795006354,7683.0,207.0506666390101,1656.4053331120808
2026-02,1,sl,-0.2744558396930805,7685.0,207.0506666390101,1656.4053331120808
2026-02,1,sl,-0.27447262919903115,7685.0,207.0506666390101,1656.4053331120808
2026-02,1,sl,-0.27689619734703635,8210.0,209.53599997222423,1676.2879997777939
2026-02,1,sl,-0.30985058138847366,8569.0,242.53866663912933,1940.3093331130347
2026-02,1,sl,-0.2878261597925702,24534.0,220.67199997226396,1765.3759997781117
2026-02,1,sl,-0.2878014837311028,24553.0,220.67199997226396,1765.3759997781117
2026-02,1,sl,-0.2877768076696355,24558.0,220.67199997226396,1765.3759997781117
2026-02,1,sl,-0.2877397935774345,24560.0,220.67199997226396,1765.3759997781117
2026-02,1,sl,-0.2877311448900096,24561.0,220.67199997226396,1765.3759997781117
2026-02,1,sl,-0.2876978960707632,24561.0,220.67199997226396,1765.3759997781117
2026-02,1,soft_sl,-0.387336479735365,32078.0,320.2879999752839,2562.3039998022714
2026-02,1,sl,-0.2906526154233976,24617.0,223.64799997190633,1789.1839997752506
2026-02,1,sl,-0.2908737085846021,24615.0,223.88266663869223,1791.0613331095378
2026-02,1,soft_sl,-0.3872970824979491,32095.0,320.2879999752839,2562.3039998022714
2026-02,1,soft_sl,-0.38725768526053317,32095.0,320.2879999752839,2562.3039998022714
2026-02,1,sl,-0.2895231526899499,24437.0,222.5813333062331,1780.6506664498647
2026-02,1,soft_sl,-0.3884672880711163,32526.0,321.557333308657,2572.458666469256
2026-02,1,soft_sl,-0.3912368279985238,32525.0,324.3519999754429,2594.815999803543
2026-02,1,soft_sl,-0.39440170508350153,32523.0,327.54133330901465,2620.330666472117
2026-02,1,soft_sl,-0.4052534035009933,32497.0,338.4213333084186,2707.3706664673487
2026-02,1,soft_sl,-0.4082469297944275,32405.0,341.4506666413943,2731.6053331311546
2026-02,1,soft_sl,-0.40825218164365423,32405.0,341.4506666413943,2731.6053331311546
2026-02,-1,tp,1.769804276221535,89161.0,229.64266663630804,1837.1413330904643
2026-02,1,sl,-1.6045877349306112,75121.0,1537.6533333239952,12301.226666591961
2026-02,1,soft_sl,-0.49133422077029765,1826.0,425.418666643699,3403.349333149592
2026-02,1,soft_sl,-0.46000562434932807,1509.0,394.1439999761184,3153.151999808947
2026-02,1,soft_sl,-0.4688062865958556,8690.0,403.0186666427056,3224.149333141645
2026-02,1,soft_sl,-0.5338304235252349,8408.0,468.0959999791781,3744.7679998334247
2026-02,1,sl,-0.6024554206107972,4180.0,536.7573333142201,4294.058666513761
2026-02,1,sl,-0.6056728846695251,4175.0,539.9999999811251,4319.999999849001
2026-02,1,sl,-0.6057326408800879,4174.0,540.0639999810854,4320.511999848683
2026-02,1,sl,-0.6065448553947184,4175.0,540.8959999811649,4327.167999849319
2026-02,1,sl,-0.606533234508812,4259.0,540.8959999811649,4327.167999849319
2026-02,1,sl,-0.6677430079879408,5943.0,602.1013333183527,4816.810666546821
2026-02,1,sl,-0.6385969944694295,5884.0,572.970666651527,4583.765333212216
2026-02,1,sl,-0.6099642219608475,4406.0,544.3519999812047,4354.815999849638
2026-02,1,sl,-0.6099627249474225,4406.0,544.3519999812047,4354.815999849638
2026-02,1,sl,-0.6099637554824946,4406.0,544.3519999812047,4354.815999849638
2026-02,1,sl,-0.6099565161375032,4440.0,544.3519999812047,4354.815999849638
2026-02,1,sl,-0.6148617453511679,4420.0,549.2799999819199,4394.239999855359
2026-02,1,sl,-0.6148433926706043,4421.0,549.2799999819199,4394.239999855359
2026-02,1,sl,-0.6148355665811898,4491.0,549.2799999819199,4394.239999855359
2026-02,1,sl,-0.6148337327407756,4590.0,549.2799999819199,4394.239999855359
2026-02,1,sl,-0.6148303382960976,4590.0,549.2799999819199,4394.239999855359
2026-02,1,sl,-0.7075109224773845,6398.0,641.9733333190283,5135.786666552226
2026-02,1,sl,-0.628278300492056,4622.0,562.773333315452,4502.186666523616
2026-02,1,sl,-0.6405797002084098,4881.0,575.1039999822775,4600.83199985822
2026-02,1,sl,-0.6405691786531698,4930.0,575.1039999822775,4600.83199985822
2026-02,1,sl,-0.6614396449663951,5120.0,596.0213333157699,4768.170666526159
2026-02,-1,sl,-0.3580630625854633,3467.0,292.56533330698807,2340.5226664559045
2026-02,-1,sl,-0.358081122535302,3477.0,292.56533330698807,2340.5226664559045
2026-02,-1,sl,-0.3580991824851406,3479.0,292.56533330698807,2340.5226664559045
2026-02,-1,sl,-0.35812627240989864,4657.0,292.56533330698807,2340.5226664559045
2026-02,1,soft_sl,-0.35314824047404336,8969.0,287.83999997377396,2302.7199997901917
2026-02,1,soft_sl,-0.3507676558559653,8888.0,285.50399997313815,2284.031999785105
2026-02,1,sl,-1.0517621330102436,26444.0,986.271999990344,7890.175999922752
2026-02,1,sl,-1.0511972148932736,26197.0,985.7493333224455,7885.994666579564
2026-02,1,sl,-1.0505632534505613,26193.0,985.1306666556994,7881.045333245595
2026-02,1,sl,-1.0573702594444736,26181.0,991.9679999893904,7935.743999915123
2026-02,1,sl,-1.0579076079659573,26179.0,992.5119999893507,7940.095999914805
2026-02,-1,sl,-0.35817142228448806,10701.0,292.56533330698807,2340.5226664559045
2026-02,-1,sl,-0.3597976459142955,11902.0,294.069333307147,2352.554666457176
2026-02,-1,sl,-0.36658685161326293,13533.0,300.810666641593,2406.485333132744
2026-02,1,sl,-1.2799771677753886,56084.0,1214.4959999901057,9715.967999920846
2026-02,1,sl,-1.279954840592878,56085.0,1214.4959999901057,9715.967999920846
2026-02,1,sl,-1.2799325134103674,56086.0,1214.4959999901057,9715.967999920846
2026-02,1,sl,-1.2799453079460545,56086.0,1214.4959999901057,9715.967999920846
2026-02,1,sl,-1.2798990226366016,56089.0,1214.4959999901057,9715.967999920846
2026-02,1,sl,-1.2798918796094878,56089.0,1214.4959999901057,9715.967999920846
2026-02,1,sl,-1.2798432046803252,56098.0,1214.4959999901057,9715.967999920846
2026-02,1,sl,-1.279838451272921,56098.0,1214.4959999901057,9715.967999920846
2026-02,-1,tp,3.7657005727183517,191624.0,479.02933331012724,3832.234666481018
2026-02,1,sl,-1.279758308768071,56100.0,1214.4959999901057,9715.967999920846
2026-02,-1,tp,3.5819774167775527,143655.0,456.0319999790192,3648.2559998321535
2026-02,-1,tp,3.485978396167671,144318.0,444.02133331139885,3552.170666491191
2026-02,-1,tp,3.5097714290884383,144315.0,446.9973333114386,3575.9786664915086
2026-02,1,sl,-1.3847348232610244,56510.0,1319.6586666578055,10557.269333262444
2026-02,-1,tp,3.5806785784687967,144314.0,455.8613333113988,3646.8906664911906
2026-02,-1,tp,3.577869843251675,144546.0,455.4986666452885,3643.989333162308
2026-02,-1,tp,4.8502172296535955,202823.0,614.6133333114783,4916.906666491826
2026-02,-1,tp,4.868927860686382,192752.0,616.8639999781052,4934.911999824842
2026-02,-1,tp,4.918056883222498,192745.0,623.0079999780655,4984.063999824524
2026-02,-1,tp,4.8676789229954265,192754.0,616.7039999781052,4933.631999824842
2026-02,-1,tp,4.867710625304471,192757.0,616.7039999781052,4933.631999824842
2026-02,-1,sl,-0.42226225043103116,930.0,358.3039999753237,2866.4319998025894
2026-02,-1,soft_sl,-0.42230502446674184,1284.0,358.3039999753237,2866.4319998025894
2026-02,-1,soft_sl,-0.42234779850245247,1291.0,358.3039999753237,2866.4319998025894
2026-02,-1,soft_sl,-0.42239775286726344,9743.0,358.3039999753237,2866.4319998025894
2026-02,-1,soft_sl,-0.4224119595560184,9743.0,358.3039999753237,2866.4319998025894
2026-02,-1,soft_sl,-0.42243073929979447,9744.0,358.3039999753237,2866.4319998025894
2026-02,-1,soft_sl,-0.4224637257323256,9745.0,358.3039999753237,2866.4319998025894
2026-02,-1,soft_sl,-0.4225132053811222,9746.0,358.3039999753237,2866.4319998025894
2026-02,-1,soft_sl,-0.422518894645295,9746.0,358.3039999753237,2866.4319998025894
2026-02,-1,soft_sl,-0.421752583459228,8909.0,357.46133330543836,2859.690666443507
2026-02,-1,sl,-0.35957829564847055,1001.0,294.7733333069086,2358.186666455269
2026-02,-1,sl,-0.3596242766726406,2077.0,294.7733333069086,2358.186666455269
2026-02,-1,sl,-0.3596406124030176,2077.0,294.7733333069086,2358.186666455269
2026-02,-1,sl,-0.36091888169673014,2075.0,296.02133330682915,2368.170666454633
2026-02,-1,sl,-0.3626770198709981,2054.0,297.73866663972535,2381.909333117803
2026-02,-1,sl,-0.36600369323238363,2037.0,301.0346666395664,2408.2773331165313
2026-02,-1,sl,-0.5886705661498615,4542.0,523.7653333115578,4190.1226664924625
2026-02,-1,sl,-0.36800790733917677,2030.0,302.99733330607415,2423.9786664485932
2026-02,-1,sl,-0.2927043382431411,0.0,227.7866666386525,1822.29333310922
2026-02,-1,sl,-0.2927619826172819,0.0,227.7866666386525,1822.29333310922
2026-02,-1,sl,-0.29281962699142267,388.0,227.7866666386525,1822.29333310922
2026-02,-1,sl,-0.29291839027272376,1955.0,227.7866666386525,1822.29333310922
2026-02,-1,sl,-0.2929060935526338,1955.0,227.7866666386525,1822.29333310922
2026-02,-1,sl,-0.6031161710855595,9040.0,538.1226666454475,4304.98133316358
2026-02,-1,sl,-0.3911338137936463,6395.0,326.03733330706757,2608.2986664565406
2026-02,-1,sl,-0.2929343754203049,1973.0,227.7866666386525,1822.29333310922
2026-02,-1,sl,-0.6031201846794729,9042.0,538.1226666454475,4304.98133316358
2026-02,-1,sl,-0.29295036056788615,1975.0,227.7866666386525,1822.29333310922
2026-02,-1,sl,-0.39405592654506044,5534.0,328.92799997587997,2631.4239998070398
2026-02,-1,sl,-0.2929743382892579,1979.0,227.7866666386525,1822.29333310922
2026-02,-1,sl,-0.6145233308225818,9046.0,549.4719999786219,4395.775999828975
2026-02,-1,sl,-0.6145522720205497,9046.0,549.4719999786219,4395.775999828975
2026-02,-1,sl,-0.6793505089676277,8632.0,614.2186666470766,4913.749333176613
2026-02,-1,sl,-0.31274682915745544,1604.0,247.50933330456417,1980.0746664365133
2026-02,-1,sl,-0.320765388487903,1589.0,255.48799997190633,2043.9039997752507
2026-02,-1,sl,-0.6863061561825272,8618.0,621.0986666470766,4968.789333176613
2026-02,-1,sl,-0.705396583425414,8581.0,640.1493333141009,5121.194666512807
2026-02,-1,sl,-0.7138998430905885,115.0,648.5759999763966,5188.607999811173
2026-02,-1,sl,-0.7139813228807222,154.0,648.5759999763966,5188.607999811173
2026-02,-1,soft_sl,-0.7140628026708704,574.0,648.5759999763966,5188.607999811173
2026-02,-1,soft_sl,-0.7141850223560817,626.0,648.5759999763966,5188.607999811173
2026-02,-1,soft_sl,-0.7143417530964146,664.0,648.5759999763966,5188.607999811173
2026-02,-1,soft_sl,-0.7143881333635014,665.0,648.5759999763966,5188.607999811173
2026-02,-1,soft_sl,-0.7143887218314268,665.0,648.5759999763966,5188.607999811173
2026-02,-1,sl,-0.529940336078138,632.0,464.3306666447719,3714.645333158175
2026-02,-1,sl,-0.5300257530164736,638.0,464.3306666447719,3714.645333158175
2026-02,-1,sl,-0.5301111699548093,638.0,464.3306666447719,3714.645333158175
2026-02,-1,sl,-0.4334005118348353,0.0,367.77599997341633,2942.2079997873307
2026-02,-1,sl,-0.43348187052061465,0.0,367.77599997341633,2942.2079997873307
2026-02,-1,sl,-0.43356322920638674,0.0,367.77599997341633,2942.2079997873307
2026-02,-1,sl,-0.4336852672350558,9.0,367.77599997341633,2942.2079997873307
2026-02,-1,sl,-0.5140712153619165,595.0,448.17066664437453,3585.3653331549963
2026-02,-1,sl,-0.39638601966255016,18.0,330.4426666396856,2643.541333117485
2026-02,-1,sl,-0.40218203941571107,17.0,336.1919999730587,2689.53599978447
2026-02,-1,sl,-0.4337723318218347,11.0,367.77599997341633,2942.2079997873307
2026-02,-1,soft_sl,-0.7144345136305955,2873.0,648.5759999763966,5188.607999811173
2026-02,-1,sl,-0.40645196316879406,18.0,340.415999973019,2723.327999784152
2026-02,-1,sl,-0.4338059179591952,12.0,367.77599997341633,2942.2079997873307
2026-02,-1,sl,-0.4064762137030595,24.0,340.415999973019,2723.327999784152
2026-02,-1,sl,-0.4338395040965557,20.0,367.77599997341633,2942.2079997873307
2026-02,-1,soft_sl,-0.7145040840312438,2882.0,648.5759999763966,5188.607999811173
2026-02,-1,sl,-0.4325146727988418,22.0,366.39999997337657,2931.1999997870125
2026-02,-1,sl,-0.4338898833025965,21.0,367.77599997341633,2942.2079997873307
2026-02,-1,sl,-0.4338886639495042,21.0,367.77599997341633,2942.2079997873307
2026-02,-1,soft_sl,-0.7438613146987776,2918.0,677.8026666428646,5422.421333142916
2026-02,-1,sl,-0.44786879264612045,203.0,381.6639999735355,3053.311999788284
2026-02,-1,sl,-0.43262420218165343,412.0,366.39999997337657,2931.1999997870125
2026-02,1,tp,1.5150518888005629,8516.0,197.58933330396812,1580.714666431745
2026-02,-1,soft_sl,-0.5984562777349061,100199.0,532.159999983112,4257.279999864896
2026-02,-1,soft_sl,-0.5984579983433499,100199.0,532.159999983112,4257.279999864896
2026-02,-1,soft_sl,-0.6783450456633393,100871.0,612.0106666523218,4896.085333218574
2026-02,-1,soft_sl,-0.5984801829037205,100221.0,532.159999983112,4257.279999864896
2026-02,-1,soft_sl,-0.5985040880725351,100221.0,532.159999983112,4257.279999864896
2026-02,-1,soft_sl,-0.598488902211311,100221.0,532.159999983112,4257.279999864896
2026-02,-1,soft_sl,-0.5988399660792791,100218.0,532.4799999831121,4259.8399998648965
2026-02,-1,soft_sl,-0.5898742818246466,100171.0,523.498666648666,4187.989333189328
2026-02,1,tp,1.6658196859220746,8713.0,216.4479999711116,1731.583999768893
2026-02,-1,soft_sl,-0.6801934340179653,103103.0,613.8346666522821,4910.6773332182565
2026-02,-1,soft_sl,-0.5871364498800646,102391.0,520.7359999819597,4165.887999855678
2026-02,-1,sl,-0.9316700290816947,1189.0,865.4399999819199,6923.519999855359
2026-02,-1,soft_sl,-0.6803398701337293,103099.0,613.9733333190283,4911.786666552226
2026-02,-1,soft_sl,-0.7714270691935813,103402.0,705.0773333195846,5640.6186665566765
2026-02,-1,soft_sl,-0.8996126122476871,110247.0,833.2693333144982,6666.154666515986
2026-02,-1,sl,-0.931779126962918,1386.0,865.4399999819199,6923.519999855359
2026-02,-1,soft_sl,-0.9052940745845631,110222.0,838.9226666476329,6711.381333181063
2026-02,-1,soft_sl,-0.9131312809217619,110228.0,846.7306666477522,6773.845333182017
2026-02,1,tp,2.8104440387953598,31101.0,359.4773333088557,2875.8186664708455
2026-02,-1,soft_sl,-0.9131692344273784,110242.0,846.7306666477522,6773.845333182017
2026-02,-1,sl,-0.9318882248441412,1430.0,865.4399999819199,6923.519999855359
2026-02,-1,sl,-0.8462387435367774,107273.0,779.7333333162467,6237.866666529973
2026-02,-1,sl,-0.8462739448732669,107286.0,779.7333333162467,6237.866666529973
2026-02,-1,soft_sl,-0.9404887782703113,110209.0,873.9733333146572,6991.786666517258
2026-02,-1,sl,-0.8463091462097565,107340.0,779.7333333162467,6237.866666529973
2026-02,-1,sl,-0.5757695371590018,551.0,509.0559999758005,4072.447999806404
2026-02,-1,sl,-0.5757624243629138,551.0,509.0559999758005,4072.447999806404
2026-02,-1,sl,-0.8463619482144908,107579.0,779.7333333162467,6237.866666529973
2026-02,-1,sl,-0.8463691720550117,108863.0,779.7333333162467,6237.866666529973
2026-02,-1,sl,-0.9320518716659761,3024.0,865.4399999819199,6923.519999855359
2026-02,-1,sl,-1.01099598627378,1162.0,944.4799999843041,7555.839999874433
2026-02,-1,sl,-0.932205032320826,3028.0,865.525333315134,6924.202666521072
2026-02,-1,sl,-1.0111175433504227,1167.0,944.4799999843041,7555.839999874433
2026-02,-1,sl,-0.5571837682379734,838.0,490.65599997699263,3925.247999815941
2026-02,-1,sl,-0.5572997281947433,864.0,490.65599997699263,3925.247999815941
2026-02,-1,sl,-0.7575725199076798,2087.0,690.9973333152135,5527.978666521708
2026-02,-1,sl,-0.8185686769380041,2032.0,751.957333316803,6015.658666534424
2026-02,-1,sl,-0.5574156881515132,874.0,490.65599997699263,3925.247999815941
2026-02,-1,soft_sl,-0.7576960543289744,4727.0,690.9973333152135,5527.978666521708
2026-02,-1,sl,-0.40839506808288745,2674.0,341.53599997321766,2732.2879997857412
2026-02,-1,soft_sl,-0.8186916380055855,5317.0,751.957333316803,6015.658666534424
2026-02,-1,soft_sl,-0.9256596565621749,9322.0,858.9226666486263,6871.381333189011
2026-02,-1,soft_sl,-0.8639080248016673,9226.0,797.1413333135844,6377.130666508675
2026-02,-1,soft_sl,-0.6343502177621874,8156.0,567.4559999759992,4539.647999807994
2026-02,-1,soft_sl,-0.757819588750269,5380.0,690.9973333152135,5527.978666521708
2026-02,-1,sl,-0.4280748205766074,3324.0,361.109333306551,2888.874666452408
2026-02,-1,soft_sl,-1.0112391004270653,7484.0,944.4799999843041,7555.839999874433
2026-02,-1,soft_sl,-0.818814599073167,5321.0,751.957333316803,6015.658666534424
2026-02,-1,sl,-0.46585312702391757,3299.0,398.82666664024197,3190.6133331219357
2026-02,-1,soft_sl,-1.1649507246386268,113533.0,1098.2399999914567,8785.919999931653
2026-02,-1,sl,-0.4658952414708631,3300.0,398.82666664024197,3190.6133331219357
2026-02,-1,sl,-0.48607513314127404,3423.0,418.9333333069086,3351.4666664552688
2026-02,-1,soft_sl,-1.0114214360420293,7630.0,944.4799999843041,7555.839999874433
2026-02,-1,sl,-0.49819103197512465,3438.0,430.9973333068689,3447.978666454951
2026-02,1,tp,3.8280158061907295,46692.0,486.6879999760787,3893.5039998086295
2026-02,-1,soft_sl,-1.0114778542845126,7659.0,944.4799999843041,7555.839999874433
2026-02,1,tp,3.793606447831703,48100.0,482.39999997437,3859.19999979496
2026-02,-1,soft_sl,-1.0115348147933383,7706.0,944.4799999843041,7555.839999874433
2026-02,-1,soft_sl,-1.011591775302164,7714.0,944.4799999843041,7555.839999874433
2026-02,1,tp,3.793483937486337,48112.0,482.39999997437,3859.19999979496
2026-02,-1,soft_sl,-1.0116772160654026,7718.0,944.4799999843041,7555.839999874433
2026-02,-1,soft_sl,-1.0117253287336359,7719.0,944.4799999843041,7555.839999874433
2026-02,-1,sl,-0.9631607765401348,345.0,896.0319999818007,7168.255999854406
2026-02,-1,eod,5.41090596257925,2064284.0,1762.837333334287,14102.698666674296
2026-02,-1,eod,5.481890806127291,2064281.0,1773.909333334267,14191.274666674137
2026-02,-1,eod,5.552875649675317,2064280.0,1775.8826666676005,14207.061333340804
2026-02,-1,eod,5.659352914997371,2064277.0,1785.4826666676004,14283.861333340803
2026-02,1,eod,5.2872372840586195,1986142.0,5904.949333333175,47239.5946666654
2026-02,1,eod,5.537709517291146,1986142.0,5904.949333333175,47239.5946666654
2026-02,1,eod,5.78818175052368,1986142.0,5904.949333333175,47239.5946666654
2026-02,1,eod,6.163890100372477,1986142.0,5904.949333333175,47239.5946666654
2026-02,1,eod,3.9840967293152842,1986142.0,5904.949333333175,47239.5946666654
2026-02,1,eod,4.2046850936991795,1986142.0,5904.949333333175,47239.5946666654
2026-02,1,eod,4.425273458083075,1986142.0,5904.949333333175,47239.5946666654
2026-02,1,eod,4.756156004658922,1986142.0,5904.949333333175,47239.5946666654
2026-02,1,eod,5.307626915618657,1986142.0,5904.949333333175,47239.5946666654
2026-02,1,eod,6.790070683453801,1986012.0,6752.6933333331845,54021.546666665476
2026-02,1,eod,5.591112409935491,1985851.0,7811.786666666667,62494.293333333335
2026-02,1,eod,5.839749591558683,1985851.0,7811.786666666667,62494.293333333335
2026-02,1,eod,6.088386773181868,1985851.0,7811.786666666667,62494.293333333335
2026-02,1,eod,4.196651395690482,1985851.0,7811.786666666667,62494.293333333335
2026-02,1,eod,4.444689778066935,1985851.0,7811.786666666667,62494.293333333335
2026-02,1,eod,4.692728160443396,1985851.0,7811.786666666667,62494.293333333335
2026-02,1,eod,5.064785734008073,1985851.0,7811.786666666667,62494.293333333335
2026-02,1,eod,5.6848816899492185,1985851.0,7811.786666666667,62494.293333333335
2026-02,1,eod,4.349682465647441,1985551.0,7861.344000000258,62890.75200000207
2026-02,1,eod,4.6100717362567005,1985551.0,7861.344000000258,62890.75200000207
2026-02,1,eod,4.870461006865959,1985551.0,7861.344000000258,62890.75200000207
2026-02,1,eod,5.26104491277984,1985545.0,7865.290666666875,62922.325333335
2026-02,1,eod,4.352181759363347,1985542.0,7864.629333333572,62917.03466666857
2026-02,1,eod,4.612591775170613,1985542.0,7864.629333333572,62917.03466666857
2026-02,1,eod,4.87300179097788,1985542.0,7864.629333333572,62917.03466666857
2026-02,1,eod,5.263616814688775,1985542.0,7864.629333333572,62917.03466666857
2026-02,1,eod,4.444994295259783,1985071.0,6755.903999999662,54047.2319999973
2026-02,1,eod,4.452376420968027,1985011.0,6448.341333333105,51586.73066666484
2026-02,-1,eod,4.46480269827825,1730918.0,1472.4586666535338,11779.66933322827
2026-02,-1,eod,2.8369542046655964,1667186.0,1613.9839999922117,12911.871999937694
2026-02,-1,eod,2.910675130176265,1667186.0,1613.9839999922117,12911.871999937694
2026-02,-1,eod,2.9843960556869336,1667186.0,1613.9839999922117,12911.871999937694
2026-02,-1,eod,2.5412584565617107,1667186.0,1613.9839999922117,12911.871999937694
2026-02,-1,eod,2.678987998676791,1667186.0,1613.9839999922117,12911.871999937694
2026-02,-1,eod,2.9085372355352335,1667186.0,1613.9839999922117,12911.871999937694
2026-02,-1,eod,3.0949774439529287,1667081.0,1633.0026666583617,13064.021333266894
2026-02,-1,eod,3.279279757729608,1666681.0,1628.4693333253265,13027.754666602612
2026-02,-1,eod,2.3891969979883725,1075166.0,893.1306666533152,7145.0453332265215
2026-02,-1,eod,1.2095467364186283,255922.0,706.3999999815226,5651.199999852181
2026-02,-1,eod,1.2488585204085947,255922.0,706.3999999815226,5651.199999852181
2026-02,-1,eod,1.2881703043985615,255922.0,706.3999999815226,5651.199999852181
2026-02,1,eod,3.162976174445187,56020.0,679.3173333134254,5434.538666507403
2026-02,1,eod,3.2103007879159877,56020.0,679.3173333134254,5434.538666507403
2026-02,1,eod,3.257625401386788,56020.0,679.3173333134254,5434.538666507403
2026-02,1,eod,3.0041679334490667,56020.0,679.3173333134254,5434.538666507403
2026-02,1,eod,3.143062318398968,56020.0,679.3173333134254,5434.538666507403
2026-02,1,eod,3.2819567033488704,56020.0,679.3173333134254,5434.538666507403
2026-02,1,eod,3.328612321592989,55668.0,595.8933333114783,4767.146666491826
2026-02,-1,eod,-0.13662488551079527,12490.0,963.89333331724,7711.14666653792
2026-02,1,eod,0.25739996957318345,10647.0,633.0346666477124,5064.277333181699
2026-02,1,eod,0.3100146333432733,10611.0,662.6239999814828,5300.991999851863
2026-02,1,eod,0.3626292971133777,10604.0,670.2293333150943,5361.834666520755
2026-02,1,eod,0.4415512927685197,10599.0,685.0346666485071,5480.277333188057
2026-02,1,eod,0.17825720503248157,9935.0,611.3279999796549,4890.623999837239
2026-02,1,eod,0.216005954966385,9935.0,611.3279999796549,4890.623999837239
2026-02,1,eod,0.2537547049002885,9935.0,611.3279999796549,4890.623999837239
2026-02,1,eod,0.3103778298011509,9935.0,611.3279999796549,4890.623999837239
2026-02,1,eod,0.40474970463590226,9789.0,610.5919999796153,4884.735999836922
2026-02,1,eod,0.1779656840387865,9634.0,622.2293333125115,4977.834666500092
2026-02,1,eod,0.2168055726897476,9634.0,622.2293333125115,4977.834666500092
2026-02,1,eod,0.2556454613407232,9634.0,622.2293333125115,4977.834666500092
2026-02,1,eod,0.31390529431717207,9634.0,622.2293333125115,4977.834666500092
2026-02,1,eod,0.41100501594458194,9634.0,622.2293333125115,4977.834666500092
2026-02,1,eod,0.2566827356175818,7716.0,593.0559999795755,4744.447999836604
2026-02,1,eod,0.2943776285809522,7705.0,600.7786666462819,4806.229333170255
2026-02,1,eod,0.25996642182970064,7663.0,609.2479999800523,4873.983999840419
2026-02,1,eod,0.2971588816093178,7663.0,609.2479999800523,4873.983999840419
2026-02,1,eod,0.33207252154432243,7649.0,613.1946666469177,4905.557333175341
2026-02,1,eod,0.3343513413889204,7649.0,613.1946666469177,4905.557333175341
2026-02,-1,eod,0.16864551110148174,4671.0,896.0319999818007,7168.255999854406
2026-02,-1,eod,0.23262541397795194,4671.0,896.0319999818007,7168.255999854406
2026-02,-1,eod,-0.22840973619587784,4671.0,896.0319999818007,7168.255999854406
2026-02,-1,eod,-0.133671100454427,4671.0,896.0319999818007,7168.255999854406
2026-02,-1,eod,0.008436853157749225,4671.0,896.0319999818007,7168.255999854406
2026-02,-1,eod,0.2452834425113763,4671.0,896.0319999818007,7168.255999854406
2026-02,-1,eod,0.29660531685442215,4669.0,899.8186666484673,7198.549333187739
2026-02,-1,eod,0.3925751711691202,4424.0,951.9466666509708,7615.573333207766
2026-02,-1,eod,0.5525249283603031,4332.0,1005.2906666527192,8042.325333221754
2026-02,1,eod,-0.1472587167160485,2762.0,423.5093333085378,3388.0746664683024
2026-02,1,eod,-0.08280080127929537,2762.0,423.5093333085378,3388.0746664683024
2026-02,1,eod,-0.01834288584255684,2742.0,434.8693333083391,3478.9546664667128
2026-05,1,sl,-0.15483172876219575,0.0,76.15999999963678,609.2799999970943
2026-05,1,sl,-0.15482115560998191,0.0,76.15999999963678,609.2799999970943
2026-05,1,sl,-0.15481058245776813,0.0,76.15999999963678,609.2799999970943
2026-05,1,sl,-0.1548418506792787,0.0,76.15999999963678,609.2799999970943
2026-05,1,sl,-0.1548011282221464,0.0,76.15999999963678,609.2799999970943
2026-05,1,sl,-0.15479472272944744,14.0,76.15999999963678,609.2799999970943
2026-05,1,sl,-0.15476828984891294,1028.0,76.15999999963678,609.2799999970943
2026-05,1,sl,-0.15476040576501413,1028.0,76.15999999963678,609.2799999970943
2026-05,1,sl,-0.16326037274579205,431.0,84.72533333278882,677.8026666623106
2026-05,1,sl,-0.1876263266030591,2745.0,109.20533333287574,873.6426666630059
2026-05,1,sl,-0.3805729782986939,0.0,301.90933333301916,2415.2746666641533
2026-05,1,sl,-0.38051232944068847,0.0,301.90933333301916,2415.2746666641533
2026-05,1,sl,-0.3804516805826831,0.0,301.90933333301916,2415.2746666641533
2026-05,1,sl,-0.38036070729567495,13.0,301.90933333301916,2415.2746666641533
2026-05,1,sl,-0.3801892439350667,35777.0,301.90933333301916,2415.2746666641533
2026-05,1,sl,-0.38020908515066143,35777.0,301.90933333301916,2415.2746666641533
2026-05,1,tp,2.344123902033735,62621.0,302.95466666634815,2423.637333330785
2026-05,1,tp,2.3357115614344615,62635.0,301.90933333301916,2415.2746666641533
2026-05,1,tp,2.335657706168493,94502.0,301.90933333301916,2415.2746666641533
2026-05,1,tp,2.3356792482748805,94502.0,301.90933333301916,2415.2746666641533
2026-05,1,sl,-0.25157570262033346,74.0,169.35466666447618,1354.8373333158095
2026-05,1,sl,-0.2548833565365337,360.0,172.68266666448363,1381.461333315869
2026-05,1,sl,-0.2558668397860884,377.0,173.6853333311528,1389.4826666492224
2026-05,1,sl,-0.2623955366604099,389.0,180.24533333116523,1441.9626666493218
2026-05,1,sl,-0.2868059301175858,626.0,204.71466666450104,1637.7173333160083
2026-05,1,sl,-0.33867472724968367,412.0,256.7039999979486,2053.6319999835887
2026-05,1,sl,-0.3514841316007288,2212.0,269.57866666463514,2156.629333317081
2026-05,1,sl,-0.4331870719519628,2454.0,351.38133333150296,2811.0506666520237
2026-05,1,sl,-0.48086160781193865,3319.0,399.16799999826895,3193.3439999861516
2026-05,-1,sl,-0.33830548819248385,14457.0,258.14399999832114,2065.151999986569
2026-05,-1,sl,-0.3489888945973463,14459.0,268.821333331652,2150.570666653216
2026-05,-1,sl,-0.33834874430848366,14488.0,258.14399999832114,2065.151999986569
2026-05,-1,sl,-0.3383439637520136,14488.0,258.14399999832114,2065.151999986569
2026-05,-1,sl,-0.34903400615320984,14486.0,268.821333331652,2150.570666653216
2026-05,-1,sl,-0.3490273781518267,14486.0,268.821333331652,2150.570666653216
2026-05,-1,soft_sl,-0.4495092601301176,16554.0,369.3439999984205,2954.751999987364
2026-05,-1,soft_sl,-0.44951516422811466,16554.0,369.3439999984205,2954.751999987364
2026-05,-1,sl,-0.3383766590068423,15317.0,258.14399999832114,2065.151999986569
2026-05,-1,sl,-0.3383824393115433,15317.0,258.14399999832114,2065.151999986569
2026-05,-1,sl,-0.34906194775884947,15317.0,268.821333331652,2150.570666653216
2026-05,-1,soft_sl,-0.44954282316764194,29534.0,369.3439999984205,2954.751999987364
2026-05,-1,sl,-0.34906586170630716,28218.0,268.821333331652,2150.570666653216
2026-05,-1,sl,-0.33840457370520083,28222.0,258.14399999832114,2065.151999986569
2026-05,-1,soft_sl,-0.44955837612778565,29555.0,369.3439999984205,2954.751999987364
2026-05,-1,sl,-0.34908988936448904,28241.0,268.821333331652,2150.570666653216
2026-05,-1,soft_sl,-0.4495763862051663,30680.0,369.3439999984205,2954.751999987364
2026-05,-1,sl,-0.338440152650838,29368.0,258.14399999832114,2065.151999986569
2026-05,-1,sl,-0.3384464457527387,29376.0,258.14399999832114,2065.151999986569
2026-05,-1,sl,-0.3491235870380278,30660.0,268.821333331652,2150.570666653216
2026-05,-1,soft_sl,-0.4488225320274436,31955.0,368.56533333174883,2948.5226666539907
2026-05,-1,sl,-0.34913180177294845,30661.0,268.821333331652,2150.570666653216
2026-05,-1,soft_sl,-0.45480265076141546,35038.0,374.51733333171654,2996.1386666537323
2026-05,-1,soft_sl,-0.4448106458769203,34706.0,364.4906666650499,2915.925333320399
2026-05,-1,sl,-0.3156982615495521,32499.0,235.31733333155512,1882.538666652441
2026-05,-1,sl,-0.31569904392412623,32499.0,235.31733333155512,1882.538666652441
2026-05,-1,sl,-0.4044905364986086,35287.0,324.08533333163706,2592.6826666530965
2026-05,-1,sl,-0.4044932877870285,35287.0,324.08533333163706,2592.6826666530965
2026-05,1,tp,1.7473893445807314,189303.0,228.53333333159486,1828.2666666527589
2026-05,-1,sl,-0.8707463645631011,0.0,788.9493333383649,6311.594666706919
2026-05,-1,sl,-0.8708598992219395,32.0,788.9493333383649,6311.594666706919
2026-05,-1,sl,-0.870973433880778,603.0,788.9493333383649,6311.594666706919
2026-05,-1,sl,-0.22706699124411034,7585.0,145.87733334211012,1167.018666736881
2026-05,-1,sl,-0.22708971786595272,7586.0,145.87733334211012,1167.018666736881
2026-05,-1,sl,-0.2271124444877951,7594.0,145.87733334211012,1167.018666736881
2026-05,-1,sl,-0.22715542989601192,7595.0,145.87733334211012,1167.018666736881
2026-05,-1,sl,-0.2271465344205587,7595.0,145.87733334211012,1167.018666736881
2026-05,-1,sl,-0.22717424912552853,7576.0,145.8773333421598,1167.0186667372784
2026-05,-1,sl,-0.22719306835500142,7576.0,145.8773333421598,1167.0186667372784
2026-05,-1,soft_sl,-0.22759821497520144,9445.0,146.2720000088215,1170.176000070572
2026-05,-1,sl,-0.3731314457451575,33.0,291.6800000071029,2333.440000056823
2026-05,-1,sl,-0.37320913054635596,1115.0,291.6800000071029,2333.440000056823
2026-05,-1,sl,-0.3732868153475543,1310.0,291.6800000071029,2333.440000056823
2026-05,-1,sl,-0.37511086254932124,1463.0,293.38666667374474,2347.093333389958
2026-05,-1,sl,-0.29143318916578004,225.0,209.63200000730654,1677.0560000584524
2026-05,-1,sl,-0.28851742100764527,276.0,206.68800000732145,1653.5040000585716
2026-05,-1,sl,-0.2912364688494792,375.0,209.37600000729162,1675.008000058333
2026-05,-1,sl,-0.29263976255251034,405.0,210.76266667393347,1686.1013333914677
2026-05,-1,sl,-0.2946747206122816,355.0,212.76800000732143,1702.1440000585715
2026-05,-1,sl,-0.3019720202099375,0.0,220.3520000082006,1762.8160000656048
2026-05,-1,sl,-0.30206364421791704,0.0,220.3520000082006,1762.8160000656048
2026-05,-1,sl,-0.30215526822589656,19.0,220.3520000082006,1762.8160000656048
2026-05,-1,sl,-0.2911098282171648,2999.0,209.13066667422652,1673.0453333938121
2026-05,-1,sl,-0.3022927042378659,565.0,220.3520000082006,1762.8160000656048
2026-05,1,sl,-0.27045152609180956,501.0,188.61866667404772,1508.9493333923817
2026-05,1,sl,-0.2720049397256114,511.0,190.18666667404275,1521.493333392342
2026-05,1,sl,-0.2728333826927589,507.0,191.02933334069948,1528.2346667255958
2026-05,-1,sl,-0.29196742725312574,0.0,210.11200000725685,1680.8960000580548
2026-05,-1,sl,-0.29201844414257827,0.0,210.11200000725685,1680.8960000580548
2026-05,1,soft_sl,-0.2752008178101433,8199.0,193.4186666740229,1547.349333392183
2026-05,1,soft_sl,-0.27582731456134185,8208.0,194.08000000735123,1552.6400000588098
2026-05,1,sl,-0.26851410875383275,5649.0,187.42400000758468,1499.3920000606774
2026-05,1,sl,-0.2615024529917232,16965.0,180.48000000762443,1443.8400000609954
2026-05,1,sl,-0.26965121322956054,17150.0,188.70400000760952,1509.6320000608762
2026-05,-1,tp,1.599723080593039,71993.0,210.11200000725685,1680.8960000580548
2026-05,-1,tp,1.5997530735686327,71995.0,210.11200000725685,1680.8960000580548
2026-05,-1,tp,1.5997730688856953,72048.0,210.11200000725685,1680.8960000580548
2026-05,-1,tp,1.648654240064111,75366.0,216.2240000078082,1729.7920000624656
2026-05,-1,tp,1.7017874946941156,75199.0,222.86933334097267,1782.9546667277814
2026-05,-1,tp,1.701786555811535,75199.0,222.86933334097267,1782.9546667277814
2026-05,-1,tp,1.6169279640853271,75379.0,212.25600000781318,1698.0480000625055
2026-05,-1,tp,1.5997930642027578,72065.0,210.11200000725685,1680.8960000580548
2026-05,-1,tp,1.5998075176991335,72071.0,210.11200000725685,1680.8960000580548
2026-05,-1,tp,1.5998840430333126,72136.0,210.11200000725685,1680.8960000580548
2026-05,-1,tp,1.6763090787834105,75811.0,219.66933334154388,1757.354666732351
2026-05,-1,tp,1.7001919614327767,75489.0,222.65600000781316,1781.2480000625053
2026-05,1,sl,-0.194131996486969,0.0,113.40800000893573,907.2640000714858
2026-05,1,sl,-0.1940761591204405,0.0,113.40800000893573,907.2640000714858
2026-05,1,sl,-0.19402032175391204,0.0,113.40800000893573,907.2640000714858
2026-05,1,sl,-0.19393656570411932,382.0,113.40800000893573,907.2640000714858
2026-05,1,sl,-0.19376266689276705,432.0,113.3013333422194,906.4106667377552
2026-05,1,sl,-0.19502971781120854,428.0,114.5813333422194,916.6506667377552
2026-05,1,sl,-0.1954971687295743,413.0,115.06133334216972,920.4906667373577
2026-05,1,sl,-0.202600475773545,117.0,122.18666667516032,977.4933334012826
2026-05,1,sl,-0.19756042295402435,83.0,117.17333334182699,937.3866667346159
2026-05,1,sl,-0.19762284440292976,79.0,117.23733334181209,937.8986667344967
2026-05,1,sl,-0.5799261306603869,70827.0,499.8720000059903,3998.9760000479223
2026-05,1,sl,-0.5798725678710894,74404.0,499.8720000059903,3998.9760000479223
2026-05,1,sl,-0.5798190050817921,74726.0,499.8720000059903,3998.9760000479223
2026-05,1,sl,-0.5797386608978461,74759.0,499.8720000059903,3998.9760000479223
2026-05,1,sl,-0.579648673986042,75614.0,499.8720000059903,3998.9760000479223
2026-05,1,sl,-0.5796144061203714,75654.0,499.8720000059903,3998.9760000479223
2026-05,1,sl,-0.5796047539246026,75654.0,499.8720000059903,3998.9760000479223
2026-05,1,sl,-0.5795801382547008,75657.0,499.8720000059903,3998.9760000479223
2026-05,1,sl,-0.4952662802324709,1750.0,416.1280000066012,3329.0240000528097
2026-05,1,sl,-0.49522986069923225,1869.0,416.1280000066012,3329.0240000528097
2026-05,-1,sl,-0.45176003118329167,4482.0,372.42666667339705,2979.4133333871764
2026-05,-1,sl,-0.30372886644824354,3757.0,224.32000000720222,1794.5600000576178
2026-05,-1,sl,-0.45492252506064756,4456.0,375.56266667333745,3004.5013333866996
2026-05,-1,sl,-0.39537104775431486,4033.0,315.9786666734765,2527.829333387812
2026-05,-1,sl,-0.45491543493805653,4871.0,375.53066667333246,3004.2453333866597
2026-05,-1,sl,-0.2318231905477961,1567.0,152.0426666759203,1216.3413334073623
2026-05,1,sl,-0.15378647391937944,0.0,74.03733334131539,592.2986667305231
2026-05,1,sl,-0.15377503428464726,0.0,74.03733334131539,592.2986667305231
2026-05,1,sl,-0.15376359464991507,0.0,74.03733334131539,592.2986667305231
2026-05,1,sl,-0.15374643519781678,0.0,74.03733334131539,592.2986667305231
2026-05,1,sl,-0.15374349205326326,0.0,74.03733334131539,592.2986667305231
2026-05,1,sl,-0.15372679937491812,0.0,74.03733334131539,592.2986667305231
2026-05,1,sl,-0.1537178361109863,6.0,74.03733334131539,592.2986667305231
2026-05,1,sl,-0.15371010669657295,6.0,74.03733334131539,592.2986667305231
2026-05,1,sl,-0.1536850676790552,13.0,74.03733334131539,592.2986667305231
2026-05,1,sl,-0.1545388879832002,331.0,74.9333333413303,599.4666667306424
2026-05,-1,soft_sl,-0.2416138394931796,18318.0,161.78133334241807,1294.2506667393445
2026-05,-1,soft_sl,-0.2448449054565478,18703.0,164.9813333423684,1319.8506667389472
2026-05,-1,soft_sl,-0.24528608989903633,18708.0,165.4080000089854,1323.2640000718832
2026-05,-1,soft_sl,-0.24528943243864215,18708.0,165.4080000089854,1323.2640000718832
2026-05,-1,soft_sl,-0.24594071434156833,18709.0,166.0480000089854,1328.3840000718833
2026-05,-1,soft_sl,-0.25147959500535566,18674.0,171.5626666756471,1372.5013334051769
2026-05,-1,sl,-0.5363546717423531,2128.0,456.42666667299966,3651.4133333839973
2026-05,-1,sl,-0.536400067856357,2151.0,456.42666667299966,3651.4133333839973
2026-05,-1,sl,-0.536445463970361,2151.0,456.42666667299966,3651.4133333839973
2026-05,-1,sl,-0.5185377900606808,3313.0,438.4640000062187,3507.71200004975
2026-05,-1,sl,-0.5185419101412581,3313.0,438.4640000062187,3507.71200004975
2026-05,-1,sl,-0.521472348866252,3312.0,441.37600000619886,3531.008000049591
2026-05,-1,sl,-0.522603339671849,3305.0,442.48533333954714,3539.882666716377
2026-05,-1,sl,-0.5215784658802215,3631.0,441.4293333395322,3531.4346667162577
2026-05,-1,sl,-0.5861984884255856,3510.0,505.9733333388716,4047.786666710973
2026-05,-1,sl,-0.5929095108935162,3517.0,512.6720000055184,4101.376000044147
2026-05,1,tp,1.969084629935154,40145.0,256.1386666742961,2049.1093333943686
2026-05,1,tp,1.9425519867744045,40349.0,252.83200000753004,2022.6560000602403
2026-05,-1,soft_sl,-0.6568880357249265,227078.0,575.4880000054836,4603.904000043869
2026-05,-1,soft_sl,-0.5081887657661268,226683.0,426.7733333397905,3414.186666718324
2026-05,-1,soft_sl,-0.6569329127450388,227103.0,575.4880000054836,4603.904000043869
2026-05,-1,sl,-0.44607917711313233,0.0,364.65066667340693,2917.2053333872555
2026-05,-1,sl,-0.4461921054831573,964.0,364.65066667340693,2917.2053333872555
2026-05,-1,sl,-0.4463050338531823,1541.0,364.65066667340693,2917.2053333872555
2026-05,-1,sl,-0.8878705487834868,4217.0,806.368000003621,6450.944000028968
2026-05,1,sl,-0.3672502942702862,3080.0,285.7493333409975,2285.99466672798
2026-05,1,sl,-0.3672252498203553,3192.0,285.7493333409975,2285.99466672798
2026-05,1,sl,-0.3672002053704244,3192.0,285.7493333409975,2285.99466672798
2026-05,1,sl,-0.375947577362181,3191.0,294.5386666743209,2356.309333394567
2026-05,1,soft_sl,-0.2755134946999713,1535.0,194.15466667426128,1553.2373333940902
2026-05,1,soft_sl,-0.27547062376441717,1572.0,194.15466667426128,1553.2373333940902
2026-05,1,soft_sl,-0.27546141302197225,1573.0,194.15466667426128,1553.2373333940902
2026-05,1,sl,-0.3984656702371979,6371.0,317.130666674152,2537.045333393216
2026-05,1,soft_sl,-0.2864520180217345,1541.0,205.1733333409081,1641.3866667272648
2026-05,1,soft_sl,-0.2864409101621711,2413.0,205.1733333409081,1641.3866667272648
2026-05,1,soft_sl,-0.2864294656881887,2523.0,205.1733333409081,1641.3866667272648
2026-05,1,sl,-0.42726573286004493,1402.0,346.0693333389362,2768.5546667114895
2026-05,1,sl,-0.40988538239473515,1259.0,328.70400000579656,2629.6320000463725
2026-05,1,sl,-0.4102561519292456,1258.0,329.09866667245825,2632.789333379666
2026-05,1,sl,-0.3804008528983546,935.0,299.2640000064919,2394.1120000519354
2026-05,1,sl,-0.38180572208148905,932.0,300.672000006487,2405.376000051896
2026-05,1,sl,-0.378660909628856,919.0,297.5573333398998,2380.4586667191984
2026-05,1,sl,-0.37736709140139957,898.0,296.28800000660124,2370.30400005281
2026-05,1,sl,-0.3776910091761716,897.0,296.61866667325296,2372.9493333860237
2026-05,1,sl,-0.36201393983038066,1130.0,280.98133333986004,2247.8506667188803
2026-05,1,sl,-0.5464888731690012,33298.0,465.37600000609956,3723.0080000487965
2026-05,1,sl,-0.5464661611744436,33424.0,465.37600000609956,3723.0080000487965
2026-05,1,sl,-0.546443449179886,33430.0,465.37600000609956,3723.0080000487965
2026-05,1,sl,-0.3458893753656359,1208.0,264.92800000689925,2119.424000055194
2026-05,1,sl,-0.5464093811880496,34573.0,465.37600000609956,3723.0080000487965
2026-05,1,sl,-0.5463526012016555,34573.0,465.37600000609956,3723.0080000487965
2026-05,1,soft_sl,-0.35942082664409164,4593.0,278.9546666734914,2231.637333387931
2026-05,1,soft_sl,-0.27932988864239516,12170.0,198.91200000668564,1591.2960000534852
2026-05,1,soft_sl,-0.3593956001674563,15339.0,278.9546666734914,2231.637333387931
2026-05,1,soft_sl,-0.27932820558770227,14337.0,198.91200000668564,1591.2960000534852
2026-05,1,soft_sl,-0.35937037369082103,15872.0,278.9546666734914,2231.637333387931
2026-05,1,soft_sl,-0.5930606564945572,25754.0,512.6080000050614,4100.864000040491
2026-05,1,soft_sl,-0.5930031199589003,25831.0,512.6080000050614,4100.864000040491
2026-05,1,soft_sl,-0.5929455834232434,25882.0,512.6080000050614,4100.864000040491
2026-05,1,soft_sl,-0.5928592786197581,27383.0,512.6080000050614,4100.864000040491
2026-05,1,soft_sl,-0.5922142861834101,27475.0,512.0106666717181,4096.085333373745
2026-05,-1,tp,1.4687074831859859,62799.0,193.67466667413711,1549.397333393097
2026-05,-1,tp,1.5068478625465762,62756.0,198.4426666740825,1587.54133339266
2026-05,-1,tp,1.525351761907374,62751.0,200.75733334071936,1606.0586667257548
2026-05,1,soft_sl,-0.5897159750320795,27467.0,509.54666667178276,4076.373333374262
2026-05,1,soft_sl,-0.5756607785474175,27449.0,495.5200000051906,3964.1600000415247
2026-05,-1,tp,2.3526260694637067,69420.0,304.16000000695385,2433.280000055631
2026-05,-1,tp,1.1535929205396527,14647.0,154.19733334084353,1233.5786667267482
2026-05,-1,tp,1.1707624164130166,14678.0,156.3413333408286,1250.730666726629
2026-05,-1,tp,1.1669354173389477,14695.0,155.86133334082862,1246.890666726629
2026-05,1,soft_sl,-0.5512454864055242,86357.0,471.6906666731089,3773.5253333848714
2026-05,1,soft_sl,-0.5628543738175339,86319.0,483.32800000630317,3866.6240000504254
2026-05,1,soft_sl,-0.5639831705630544,86304.0,484.48000000635784,3875.8400000508627
2026-05,-1,tp,2.442980507517217,70214.0,315.43466667351623,2523.47733338813
2026-05,-1,tp,2.20630362290045,45675.0,285.8346666736156,2286.6773333889246
2026-05,1,soft_sl,-0.5819668830145038,86347.0,502.5066666729252,4020.0533333834014
2026-05,-1,tp,2.521481625094287,69731.0,325.2480000067006,2601.9840000536046
2026-05,-1,tp,2.2837107077458176,45628.0,295.50933334012825,2364.074666721026
2026-05,-1,tp,2.22804090349809,46014.0,288.54400000726184,2308.3520000580947
2026-05,-1,tp,2.228036675795664,46014.0,288.54400000726184,2308.3520000580947
2026-05,-1,tp,2.4994588459408282,71128.0,322.48533334041633,2579.8826667233307
2026-05,-1,tp,2.2022918692282327,46016.0,285.32266667393344,2282.5813333914675
2026-05,-1,tp,2.2022990214233835,46016.0,285.32266667393344,2282.5813333914675
2026-05,-1,tp,2.2023263869583287,46018.0,285.32266667393344,2282.5813333914675
2026-05,-1,tp,2.2023296198418323,46018.0,285.32266667393344,2282.5813333914675
2026-05,-1,tp,2.2023602182602806,46023.0,285.32266667393344,2282.5813333914675
2026-05,1,soft_sl,-0.4951934411659937,123901.0,416.1280000066012,3329.0240000528097
2026-05,1,soft_sl,-0.4951421723829882,123904.0,416.1280000066012,3329.0240000528097
2026-05,1,soft_sl,-0.49513881186613573,123904.0,416.1280000066012,3329.0240000528097
2026-05,1,soft_sl,-0.495105157785677,123918.0,416.1280000066012,3329.0240000528097
2026-05,1,soft_sl,-0.4950681431883657,123920.0,416.1280000066012,3329.0240000528097
2026-05,1,soft_sl,-0.47166745903323576,123106.0,392.73600000679494,3141.8880000543595
2026-05,-1,tp,2.8370225016524775,71813.0,364.65066667340693,2917.2053333872555
2026-05,-1,sl,-0.31547259969865604,3280.0,236.17066667410234,1889.3653333928187
2026-05,-1,sl,-0.3154882858895957,3600.0,236.17066667410234,1889.3653333928187
2026-05,-1,sl,-0.2935318462279767,2345.0,214.19733334079385,1713.5786667263508
2026-05,-1,sl,-0.3155039720805354,3661.0,236.17066667410234,1889.3653333928187
2026-05,-1,sl,-0.293545147606713,2365.0,214.19733334079385,1713.5786667263508
2026-05,-1,sl,-0.2935584489854494,3628.0,214.19733334079385,1713.5786667263508
2026-05,-1,sl,-0.3155275013669449,4925.0,236.17066667410234,1889.3653333928187
2026-05,-1,sl,-0.30457056105347846,3327.0,225.184000007386,1801.472000059088
2026-05,-1,sl,-0.3155667168442941,5293.0,236.17066667410234,1889.3653333928187
2026-05,-1,sl,-0.555861413225364,11303.0,476.57600000632306,3812.6080000505845
2026-05,1,soft_sl,-0.30124426205827204,14154.0,222.1760000074655,1777.408000059724
2026-05,1,soft_sl,-0.30123064621215506,18256.0,222.1760000074655,1777.408000059724
2026-05,1,soft_sl,-0.794727009460143,58412.0,715.7866666704913,5726.29333336393
2026-05,1,soft_sl,-0.7946017797224016,58442.0,715.7866666704913,5726.29333336393
2026-05,1,soft_sl,-0.6246948166530557,57819.0,545.9200000055631,4367.360000044505
2026-05,1,soft_sl,-0.6374468899530147,57740.0,558.7626666721702,4470.101333377362
2026-05,1,sl,-1.3646068319126703,61798.0,1285.834666668574,10286.677333348593
2026-05,1,sl,-1.3644726696708065,69285.0,1285.834666668574,10286.677333348593
2026-05,1,sl,-1.3643385074289427,69295.0,1285.834666668574,10286.677333348593
2026-05,1,sl,-1.3643274751743744,72317.0,1285.834666668574,10286.677333348593
2026-05,1,sl,-1.3642330105548004,73497.0,1285.834666668574,10286.677333348593
2026-05,1,sl,-1.3641385459352262,73526.0,1285.834666668574,10286.677333348593
2026-05,1,sl,-1.3641372640661469,73533.0,1285.834666668574,10286.677333348593
2026-05,-1,sl,-0.26978858342828416,3623.0,191.63733334178727,1533.0986667342981
2026-05,-1,soft_sl,-0.269810562916699,4513.0,191.63733334178727,1533.0986667342981
2026-05,-1,soft_sl,-0.2698325424051139,4534.0,191.63733334178727,1533.0986667342981
2026-05,-1,soft_sl,-0.26985161867441454,4553.0,191.63733334178727,1533.0986667342981
2026-05,-1,soft_sl,-0.26986551163773614,4553.0,191.63733334178727,1533.0986667342981
2026-05,-1,soft_sl,-0.26987811947094664,4554.0,191.63733334178727,1533.0986667342981
2026-05,-1,soft_sl,-0.25841087626783055,68847.0,180.14933334213993,1441.1946667371194
2026-05,-1,soft_sl,-0.259750044359089,68841.0,181.47200000877183,1451.7760000701746
2026-05,-1,sl,-0.27703649425776833,0.0,198.70933334127068,1589.6746667301654
2026-05,-1,sl,-0.27706510710615573,427.0,198.70933334127068,1589.6746667301654
2026-05,-1,sl,-0.2770937199545431,610.0,198.70933334127068,1589.6746667301654
2026-05,-1,sl,-0.27714358577255305,630.0,198.70933334127068,1589.6746667301654
2026-05,-1,sl,-0.2771366392271242,630.0,198.70933334127068,1589.6746667301654
2026-05,-1,sl,-0.2771676776432477,631.0,198.70933334127068,1589.6746667301654
2026-05,1,sl,-0.4272272136843965,1766.0,349.2480000064274,2793.984000051419
2026-05,1,sl,-0.42724224619740486,1766.0,349.2480000064274,2793.984000051419
2026-05,1,sl,-0.4272136061140922,1767.0,349.2480000064274,2793.984000051419
2026-05,1,sl,-0.427193805859232,2755.0,349.2480000064274,2793.984000051419
2026-05,1,sl,-0.4271603980340676,2757.0,349.2480000064274,2793.984000051419
2026-05,1,sl,-0.4271849660307796,2757.0,349.2480000064274,2793.984000051419
2026-05,1,sl,-0.42714200590581064,2757.0,349.2480000064274,2793.984000051419
2026-05,1,sl,-0.4271102862963209,3158.0,349.2480000064274,2793.984000051419
2026-05,1,sl,-0.40042773369761364,3128.0,322.5920000065118,2580.7360000520944
2026-05,1,sl,-0.40228181206680713,4604.0,324.4906666731586,2595.925333385269
2026-05,1,sl,-1.3754364596724622,207376.0,1297.2800000018378,10378.240000014703
2026-05,-1,tp,1.7433850015664276,196445.0,227.7226666740825,1821.78133339266
2026-05,1,sl,-1.8307290124108013,1170932.0,1752.7253333331769,14021.802666665415
2026-05,1,sl,-1.8306121702507747,1170941.0,1752.7253333331769,14021.802666665415
2026-05,-1,tp,1.4377983110792083,47643.0,189.44000000849366,1515.5200000679492
2026-05,1,sl,-1.830495328090748,1170949.0,1752.7253333331769,14021.802666665415
2026-05,1,sl,-1.8304662933243452,1170950.0,1752.7253333331769,14021.802666665415
2026-05,-1,tp,1.5120502847514923,48254.0,198.70933334127068,1589.6746667301654
2026-05,-1,tp,1.5120700207233837,48262.0,198.70933334127068,1589.6746667301654
2026-05,1,sl,-1.8303734270448258,1170964.0,1752.7253333331769,14021.802666665415
2026-05,-1,tp,1.5120864225575341,48263.0,198.70933334127068,1589.6746667301654
2026-05,1,sl,-1.8302805607653063,1170966.0,1752.7253333331769,14021.802666665415
2026-05,1,sl,-1.830320064850708,1170966.0,1752.7253333331769,14021.802666665415
2026-05,1,sl,-1.8301412613460273,1194269.0,1752.7253333331769,14021.802666665415
2026-05,-1,tp,5.130017972625768,333747.0,651.1360000048578,5209.088000038862
2026-05,1,sl,-1.843194706117285,1223515.0,1765.8986666664853,14127.189333331882
2026-05,-1,sl,-0.37405781559193685,6597.0,297.525333340615,2380.20266672492
2026-05,1,sl,-0.3415165447632047,0.0,265.2053333412111,2121.6426667296887
2026-05,1,sl,-0.34148476051655874,0.0,265.2053333412111,2121.6426667296887
2026-05,1,sl,-0.3414529762699128,0.0,265.2053333412111,2121.6426667296887
2026-05,-1,soft_sl,-0.37772954518810997,11231.0,301.15200000738105,2409.2160000590484
2026-05,-1,soft_sl,-0.5850176054622763,12376.0,508.4373333390554,4067.498666712443
2026-05,-1,soft_sl,-0.5570431105265902,12118.0,480.4480000059803,3843.5840000478424
2026-05,-1,sl,-0.35509964370353353,11965.0,278.2186666725576,2225.749333380461
2026-05,-1,sl,-0.35851039247436867,12042.0,281.6106666725874,2252.885333380699
2026-05,-1,sl,-0.35852744524518204,12042.0,281.6106666725874,2252.885333380699
2026-05,-1,sl,-0.3585284602625035,12042.0,281.6106666725874,2252.885333380699
2026-05,-1,sl,-0.3622562084013705,12041.0,285.3120000058909,2282.4960000471274
2026-05,-1,sl,-0.362256616575541,12041.0,285.3120000058909,2282.4960000471274
2026-05,-1,sl,-0.37087254888846766,12033.0,293.8986666724086,2351.1893333792686
2026-05,-1,sl,-0.3708898003282616,12035.0,293.8986666724086,2351.1893333792686
2026-05,-1,sl,-0.37372741535806303,12042.0,296.71466667239866,2373.7173333791893
2026-05,1,sl,-0.4006441535501428,2880.0,323.11466667373975,2584.917333389918
2026-05,1,sl,-0.40696598133605144,2865.0,329.46133334045606,2635.6906667236485
2026-05,1,sl,-0.4126689589814463,2840.0,335.1893333403766,2681.514666723013
2026-05,1,sl,-0.4224323371381328,2993.0,344.9813333402574,2759.850666722059
2026-05,1,sl,-0.4218578497459272,2969.0,344.4266666735212,2755.4133333881696
2026-05,1,soft_sl,-0.31917226168619933,238720.0,242.57066667333245,1940.5653333866596
2026-05,1,soft_sl,-0.3191445039720272,238720.0,242.57066667333245,1940.5653333866596
2026-05,1,soft_sl,-0.31911674625785513,238740.0,242.57066667333245,1940.5653333866596
2026-05,1,soft_sl,-0.31908981573189155,238741.0,242.57066667333245,1940.5653333866596
2026-05,1,soft_sl,-0.3190751096865969,238742.0,242.57066667333245,1940.5653333866596
2026-05,1,soft_sl,-0.3198391540841572,238741.0,243.34933333997924,1946.794666719834
2026-05,1,soft_sl,-0.31700628443640577,238726.0,240.5440000066161,1924.3520000529288
2026-05,1,sl,-0.34140529989994384,346804.0,265.2053333412111,2121.6426667296887
2026-05,1,sl,-0.3413839819183848,349477.0,265.2053333412111,2121.6426667296887
2026-05,1,sl,-0.34132583928332894,349478.0,265.2053333412111,2121.6426667296887
2026-05,1,sl,-0.34135092113183063,349478.0,265.2053333412111,2121.6426667296887
2026-05,1,sl,-0.34131786034527645,349478.0,265.2053333412111,2121.6426667296887
2026-05,-1,tp,6.3494023372374,1023894.0,803.562666671599,6428.501333372792
2026-05,1,sl,-0.34126826916544517,349479.0,265.2053333412111,2121.6426667296887
2026-05,-1,tp,6.232627711122555,1023927.0,788.9493333383649,6311.594666706919
2026-05,-1,tp,6.232666699529171,1023927.0,788.9493333383649,6311.594666706919
2026-05,1,sl,-0.34294473719906904,349479.0,266.9653333412111,2135.7226667296886
2026-05,-1,tp,6.232742007453174,1023942.0,788.9493333383649,6311.594666706919
2026-05,-1,tp,6.23281820500692,1024571.0,788.9493333383649,6311.594666706919
2026-05,-1,tp,6.232894402560666,1035547.0,788.9493333383649,6311.594666706919
2026-05,-1,tp,3.6657539417296974,632798.0,467.89333333954215,3743.146666716337
2026-05,1,soft_sl,-0.7272063341870537,10278.0,651.370666671147,5210.965333369176
2026-05,-1,tp,6.232950536176267,1039221.0,788.9493333383649,6311.594666706919
2026-05,1,soft_sl,-0.7271226586149083,14104.0,651.370666671147,5210.965333369176
2026-05,-1,tp,3.758818894522881,636782.0,479.50933333968123,3836.07466671745
2026-05,1,soft_sl,-0.727038983042763,14107.0,651.370666671147,5210.965333369176
2026-05,-1,tp,3.735430983314746,639482.0,476.57600000632306,3812.6080000505845
2026-05,-1,tp,3.7353947877979214,639482.0,476.57600000632306,3812.6080000505845
2026-05,1,soft_sl,-0.7269369151048819,16801.0,651.370666671147,5210.965333369176
2026-05,1,soft_sl,-0.726913469684545,16801.0,651.370666671147,5210.965333369176
2026-05,1,soft_sl,-0.7237708470173397,17292.0,648.25600000451,5186.04800003608
2026-05,-1,tp,6.372613351608642,742552.0,806.368000003621,6450.944000028968
2026-05,1,sl,-0.5072353769938825,24834.0,431.9360000068446,3455.488000054757
2026-05,1,sl,-0.5071894346639595,24837.0,431.9360000068446,3455.488000054757
2026-05,1,sl,-0.5071434923340363,24839.0,431.9360000068446,3455.488000054757
2026-05,1,sl,-0.5070744041651933,24843.0,431.9360000068446,3455.488000054757
2026-05,1,sl,-0.5070745788391516,24843.0,431.9360000068446,3455.488000054757
2026-05,-1,tp,6.372809104025989,743707.0,806.368000003621,6450.944000028968
2026-05,1,sl,-0.5070513993454899,25065.0,431.9360000068446,3455.488000054757
2026-05,-1,tp,6.372939605637552,743710.0,806.368000003621,6450.944000028968
2026-05,1,sl,-0.296726669775261,397.0,220.20266667475303,1761.6213333980243
2026-05,1,soft_sl,-0.29665797001094724,3621.0,220.20266667475303,1761.6213333980243
2026-05,-1,sl,-0.25417168306113075,3800.0,177.60000000814597,1420.8000000651678
2026-05,-1,sl,-0.261746750666257,4388.0,185.14133334154883,1481.1306667323906
2026-05,1,soft_sl,-0.29658927024663345,24192.0,220.20266667475303,1761.6213333980243
2026-05,1,soft_sl,-0.24293050469807587,23795.0,166.5920000082751,1332.7360000662009
2026-05,-1,sl,-0.284001764072631,0.0,207.1040000068148,1656.8320000545184
2026-05,-1,sl,-0.2840738941284956,0.0,207.1040000068148,1656.8320000545184
2026-05,-1,sl,-0.2841460241843602,0.0,207.1040000068148,1656.8320000545184
2026-05,1,soft_sl,-0.30755114349095525,4040.0,230.5493333402276,1844.3946667218208
2026-05,1,soft_sl,-0.29684788060951317,3803.0,219.85066667353112,1758.805333388249
2026-05,1,soft_sl,-0.2835965590613071,3602.0,206.60266667341193,1652.8213333872955
2026-05,1,soft_sl,-0.28358164073918285,3619.0,206.60266667341193,1652.8213333872955
2026-05,-1,sl,-0.2842542192681571,3977.0,207.1040000068148,1656.8320000545184
2026-05,-1,sl,-0.2850517238349927,4022.0,207.79733334014813,1662.378666721185
2026-05,-1,sl,-0.2856164416821877,4021.0,208.352000006785,1666.81600005428
2026-05,-1,sl,-0.30065239152955003,3127.0,223.3706666735808,1786.9653333886465
2026-05,-1,sl,-0.3009551963004063,3080.0,223.65866667360066,1789.2693333888053
2026-05,-1,sl,-0.30238833491845635,3081.0,225.06666667357086,1800.533333388567
2026-05,1,sl,-0.30569473244330564,0.0,228.91733334084353,1831.3386667267482
2026-05,1,sl,-0.30564371837093796,883.0,228.91733334084353,1831.3386667267482
2026-05,1,soft_sl,-0.30559270429857033,3322.0,228.91733334084353,1831.3386667267482
2026-05,1,soft_sl,-0.30551618319001883,3580.0,228.91733334084353,1831.3386667267482
2026-05,1,soft_sl,-0.3054702591151725,6078.0,228.91733334084353,1831.3386667267482
2026-05,-1,sl,-0.29171472879992677,12589.0,214.89066667467355,1719.1253333973884
2026-05,-1,sl,-0.29039558464279475,12572.0,213.55733334129056,1708.4586667303245
2026-05,-1,sl,-0.26579107625040665,16206.0,188.92800000826517,1511.4240000661214
2026-05,-1,sl,-0.2915843604857223,16450.0,214.73066667462388,1717.845333396991
2026-05,-1,sl,-0.6936694809095015,1107.0,616.3093333392839,4930.474666714271
2026-05,-1,sl,-0.6937120607291152,1372.0,616.3093333392839,4930.474666714271
2026-05,-1,sl,-0.6937546405487289,1382.0,616.3093333392839,4930.474666714271
2026-05,-1,sl,-0.5195444798278663,556.0,442.0160000066459,3536.1280000531674
2026-05,-1,sl,-0.5625195922661976,715.0,484.99200000668566,3879.9360000534853
2026-05,-1,sl,-0.5040867484803051,550.0,426.5173333398501,3412.138666718801
2026-05,-1,sl,-0.6938078373130923,1446.0,616.3093333392839,4930.474666714271
2026-05,-1,sl,-0.6938185102781494,1468.0,616.3093333392839,4930.474666714271
2026-05,-1,sl,-0.7158181867891943,1416.0,638.2613333392143,5106.090666713714
2026-05,-1,sl,-0.500598046171022,468.0,422.912000006785,3383.29600005428
2026-05,1,sl,-0.6436240477748925,377.0,566.7200000060101,4533.760000048081
2026-05,1,sl,-0.6435343485702937,384.0,566.7200000060101,4533.760000048081
2026-05,1,sl,-0.643537478635021,384.0,566.7200000060101,4533.760000048081
2026-05,1,sl,-0.6434598321877448,878.0,566.7200000060101,4533.760000048081
2026-05,1,soft_sl,-0.30545237960826976,49477.0,228.91733334084353,1831.3386667267482
2026-05,1,soft_sl,-0.2867878281013788,48623.0,210.26133334085344,1682.0906667268275
2026-05,1,soft_sl,-0.28652645950771627,48594.0,210.02666667421659,1680.2133333937327
2026-05,1,sl,-0.643444649365695,879.0,566.7200000060101,4533.760000048081
2026-05,1,sl,-0.6433821857404687,880.0,566.7200000060101,4533.760000048081
2026-05,1,sl,-0.6433101005587968,884.0,566.7200000060101,4533.760000048081
2026-05,1,sl,-0.6336172094032348,1957.0,557.0666666730245,4456.533333384196
2026-05,1,sl,-0.7901182129432195,566.0,713.5253333394726,5708.202666715781
2026-05,1,sl,-1.1525912502438986,9102.0,1075.8826666704813,8607.06133336385
2026-05,1,sl,-0.5793310792141699,7296.0,502.9333333395422,4023.4666667163374
2026-05,1,sl,-0.7900260573024769,5952.0,713.5253333394726,5708.202666715781
2026-05,1,sl,-0.5793168266182344,7297.0,502.9333333395422,4023.4666667163374
2026-05,1,sl,-1.0767653949824758,10068.0,1000.1706666706006,8001.365333364804
2026-05,1,sl,-1.1525074322066127,9212.0,1075.8826666704813,8607.06133336385
2026-05,1,sl,-1.152486640119627,9212.0,1075.8826666704813,8607.06133336385
2026-05,1,sl,-0.7899339016617344,6064.0,713.5253333394726,5708.202666715781
2026-05,1,sl,-1.099416337598895,10246.0,1022.8800000038743,8183.040000030995
2026-05,1,sl,-0.7962130353548582,8809.0,719.8293333384892,5758.634666707913
2026-05,1,sl,-1.1066612823411661,10243.0,1030.1440000038842,8241.152000031074
2026-05,1,sl,-1.1128310627923046,10239.0,1036.3733333372077,8290.986666697661
2026-05,1,sl,-1.1128558882153716,10239.0,1036.3733333372077,8290.986666697661
2026-05,1,sl,-1.1524236141693267,9434.0,1075.8826666704813,8607.06133336385
2026-05,1,sl,-1.1524101319019326,9434.0,1075.8826666704813,8607.06133336385
2026-05,1,sl,-1.1249979650179223,9292.0,1048.5333333375056,8388.266666700045
2026-05,1,sl,-1.0860910071138434,9171.0,1009.6426666709284,8077.141333367427
2026-05,1,sl,-0.987181421358385,9044.0,910.7626666711767,7286.101333369414
2026-05,1,sl,-0.8078264441481872,8789.0,731.5093333385388,5852.07466670831
2026-05,1,sl,-0.7897956682006206,6288.0,713.5253333394726,5708.202666715781
2026-05,1,sl,-1.1191181661400849,10237.0,1042.7093333371977,8341.674666697581
2026-05,1,sl,-1.1241502672434303,10235.0,1047.7546666705111,8382.03733336409
2026-05,1,sl,-0.7897603097992034,6290.0,713.5253333394726,5708.202666715781
2026-05,1,sl,-0.7897119988328831,6376.0,713.5253333394726,5708.202666715781
2026-05,1,sl,-0.6242337888176487,5.0,547.8720000071327,4382.976000057061
2026-05,1,soft_sl,-0.6241121421369422,538.0,547.8720000071327,4382.976000057061
2026-05,1,soft_sl,-0.6239904954562359,600.0,547.8720000071327,4382.976000057061
2026-05,1,sl,-0.7896636878665627,11582.0,713.5253333394726,5708.202666715781
2026-05,1,sl,-0.7887809600837874,25197.0,712.7146666728457,5701.717333382766
2026-05,1,sl,-0.684861441335629,24822.0,608.8640000071625,4870.9120000573
2026-05,1,sl,-0.7913990284321075,25206.0,715.3600000061591,5722.880000049273
2026-05,1,sl,-1.2357110925861938,29221.0,1159.4560000032186,9275.648000025749
2026-05,1,soft_sl,-0.3843664563608474,17567.0,308.53333334128064,2468.266666730245
2026-05,1,soft_sl,-0.6238080254351762,17899.0,547.8720000071327,4382.976000057061
2026-05,1,sl,-1.2591438026807715,47213.0,1182.9226666700342,9463.381333360274
2026-05,1,soft_sl,-0.5558308384639733,37611.0,480.042666674008,3840.341333392064
2026-05,1,sl,-1.2406234690477913,48719.0,1164.512000003606,9316.096000028849
2026-05,1,sl,-0.33847812083577195,1283.0,262.8373333410422,2102.6986667283377
2026-05,1,sl,-0.3390816804862212,1280.0,263.4453333410124,2107.562666728099
2026-05,1,sl,-0.33697789203245154,1295.0,261.3653333410124,2090.922666728099
2026-05,1,sl,-0.3313476676888393,1258.0,255.7440000076592,2045.9520000612736
2026-05,1,sl,-0.3307760152291624,1338.0,255.18933334102232,2041.5146667281786
2026-05,1,sl,-0.3098790000244046,1000.0,234.3253333412111,1874.6026667296887
2026-05,1,sl,-0.3098788268045539,1000.0,234.3253333412111,1874.6026667296887
2026-05,1,sl,-0.5941281579924694,3030.0,518.5706666729848,4148.565333383878
2026-05,1,sl,-0.5968650899053293,3046.0,521.3333333396415,4170.666666717132
2026-05,-1,tp,1.7320765441035628,98717.0,225.92000000769895,1807.3600000615916
2026-05,-1,tp,1.8103972577828435,98697.0,235.7120000077784,1885.6960000622273
2026-05,-1,tp,1.785728974984286,100329.0,232.61866667434572,1860.9493333947657
2026-05,-1,tp,2.2907643178635997,118725.0,295.71200000748036,2365.696000059843
2026-05,1,sl,-0.8835988241912381,1692.0,810.0160000049075,6480.12800003926
2026-05,1,sl,-0.8835345883122385,1864.0,810.0160000049075,6480.12800003926
2026-05,1,sl,-0.8880760484333045,1877.0,814.624000004977,6516.992000039816
2026-05,1,sl,-0.9068712732956162,2050.0,833.5360000050068,6668.288000040055
2026-05,1,sl,-0.9068822386148452,2050.0,833.5360000050068,6668.288000040055
2026-05,1,sl,-0.9137612397822574,1965.0,840.4800000051657,6723.840000041326
2026-05,1,sl,-0.9200541716020812,1967.0,846.8266666718324,6774.613333374659
2026-05,1,sl,-0.9290084786651751,1966.0,855.861333338519,6846.890666708152
2026-05,1,sl,-0.9290358195841808,1966.0,855.861333338519,6846.890666708152
2026-05,-1,soft_sl,-0.7748192195421798,12764.0,701.5146666711569,5612.117333369255
2026-05,-1,soft_sl,-0.792771854124108,12760.0,719.4240000044306,5755.392000035445
2026-05,-1,soft_sl,-0.8102655927060882,26617.0,736.8746666711072,5894.997333368858
2026-05,-1,soft_sl,-0.8103171125790519,26827.0,736.8746666711072,5894.997333368858
2026-05,-1,soft_sl,-0.8285240350339269,28014.0,754.9866666710377,6039.893333368302
2026-05,1,soft_sl,-0.5308854053706502,1326.0,457.92000000581146,3663.3600000464917
2026-05,1,soft_sl,-0.5308406073590993,1618.0,457.92000000581146,3663.3600000464917
2026-05,1,soft_sl,-0.49066655068109855,1526.0,417.77066667268673,3342.165333381494
2026-05,-1,sl,-0.48625389837442334,4048.0,412.9280000059803,3303.4240000478426
2026-05,-1,sl,-0.4852385668390781,4100.0,411.8933333392938,3295.1466667143504
2026-05,-1,sl,-0.4847141473037456,4065.0,411.3493333392839,3290.794666714271
2026-05,-1,sl,-0.7872458667601625,784.0,714.0480000044405,5712.384000035524
2026-05,-1,sl,-0.7872825935776647,824.0,714.0480000044405,5712.384000035524
2026-05,-1,sl,-0.7893576723951892,861.0,716.0853333377838,5728.682666702271
2026-05,-1,sl,-0.7862004906215305,813.0,712.8746666712066,5702.997333369653
2026-05,-1,sl,-0.8115636036651641,2031.0,738.133333337754,5905.066666702032
2026-05,-1,sl,-0.8115906862758402,2068.0,738.133333337754,5905.066666702032
2026-05,-1,sl,-0.8351780511062032,2154.0,761.653333337754,6093.226666702032
2026-05,-1,soft_sl,-0.8344475827860002,91142.0,760.8746666710078,6086.997333368063
2026-05,-1,sl,-0.8352336559365622,2155.0,761.653333337754,6093.226666702032
2026-05,-1,soft_sl,-0.8445160178217518,91145.0,770.8800000043213,6167.040000034571
2026-05,-1,sl,-0.844569687182617,1702.0,770.9013333382705,6167.210666706164
2026-05,-1,soft_sl,-0.912138548857523,91268.0,838.4106666709979,6707.285333367983
2026-05,-1,sl,-0.8565471530516929,121.0,782.7946666708092,6262.3573333664735
2026-05,-1,sl,-0.4579160402789427,106.0,384.2453333398203,3073.9626667185626
2026-05,-1,sl,-0.45800782588895317,222.0,384.2453333398203,3073.9626667185626
2026-05,-1,sl,-0.45363871549898666,223.0,379.7866666731735,3038.293333385388
2026-05,-1,sl,-0.7730396155969989,4471.0,699.253333338499,5594.026666707992
2026-05,-1,sl,-0.8664155472583069,7502.0,792.597333338062,6340.778666704496
2026-05,-1,sl,-0.8566310924761688,5597.0,782.7946666708092,6262.3573333664735
2026-05,-1,sl,-0.7731295877541798,4562.0,699.253333338499,5594.026666707992
2026-05,-1,sl,-0.469314825913965,2440.0,395.3173333398004,3162.5386667184034
2026-05,-1,sl,-0.43141346980099027,3793.0,357.3440000068148,2858.7520000545182
2026-05,1,sl,-0.31313083514113244,0.0,239.49866667365035,1915.9893333892028
2026-05,-1,sl,-0.29565329781979505,308.0,222.09066667397818,1776.7253333918254
2026-05,-1,sl,-0.29782280676040507,3101.0,224.22400000726182,1793.7920000580946
2026-05,-1,sl,-0.30858327570091626,5977.0,234.94400000711283,1879.5520000569027
2026-05,-1,sl,-0.3232245631116105,5907.0,249.525333340168,1996.202666721344
2026-05,1,sl,-0.3130732033236856,6968.0,239.49866667365035,1915.9893333892028
2026-05,1,sl,-0.3130155715062387,8400.0,239.49866667365035,1915.9893333892028
2026-05,1,soft_sl,-0.3129291237800685,13696.0,239.49866667365035,1915.9893333892028
2026-05,1,soft_sl,-0.5854294303891148,34267.0,511.978666673253,4095.829333386024
2026-05,1,soft_sl,-0.5853728824397291,34267.0,511.978666673253,4095.829333386024
2026-05,1,soft_sl,-0.3046650920276919,33517.0,231.4133333414793,1851.3066667318344
2026-05,1,sl,-0.2520032089194319,0.0,178.64533334086337,1429.162666726907
2026-05,1,sl,-0.25197172443952837,0.0,178.64533334086337,1429.162666726907
2026-05,-1,sl,-0.34939470346284146,66747.0,275.594666673094,2204.757333384752
2026-05,-1,sl,-0.2686350189475062,37.0,194.69866667379935,1557.5893333903948
2026-05,-1,eod,3.7267123313396233,466031.0,907.0080000044902,7256.064000035922
2026-05,-1,eod,3.798637169744606,466031.0,907.0080000044902,7256.064000035922
2026-05,-1,eod,3.870562008149589,466031.0,907.0080000044902,7256.064000035922
2026-05,-1,eod,2.129381618354679,387270.0,465.6533333398402,3725.2266667187214
2026-05,-1,eod,2.159750791497577,387248.0,469.97333333984017,3759.7866667187213
2026-05,-1,eod,2.1611265431527626,387240.0,470.90133333986006,3767.2106667188805
2026-05,-1,eod,2.185914941080621,387230.0,474.6453333398203,3797.1626667185624
2026-05,-1,eod,2.19011996464049,387062.0,492.07466667319335,3936.597333385547
2026-05,-1,eod,2.210703339008479,386967.0,494.3573333400985,3954.858666720788
2026-05,-1,eod,2.2356737243548515,386962.0,497.12000000670554,3976.9600000536443
2026-05,1,eod,0.130976854333967,332605.0,1023.0720000045002,8184.5760000360015
2026-05,-1,eod,-0.33089910586788396,294185.0,985.3760000034173,7883.008000027338
2026-05,-1,eod,-0.1857241402500811,294056.0,1106.8373333362738,8854.69866669019
2026-05,1,eod,0.6359060120383637,292396.0,648.8320000050466,5190.656000040372
2026-05,1,eod,0.6834505977540293,292396.0,648.8320000050466,5190.656000040372
2026-05,1,eod,0.7309951834697095,292396.0,648.8320000050466,5190.656000040372
2026-05,1,eod,0.802312062043208,292396.0,648.8320000050466,5190.656000040372
2026-05,1,eod,0.5700341049261316,292396.0,648.8320000050466,5190.656000040372
2026-05,1,eod,0.6209594901911282,292396.0,648.8320000050466,5190.656000040372
2026-05,1,eod,0.6718848754561246,292396.0,648.8320000050466,5190.656000040372
2026-05,1,eod,0.7482729533536049,292396.0,648.8320000050466,5190.656000040372
2026-05,1,eod,0.8755864165160816,292396.0,648.8320000050466,5190.656000040372
2026-05,-1,eod,-0.11917651987062186,202863.0,782.7946666708092,6262.3573333664735
2026-05,-1,eod,-0.03645519026044415,202863.0,782.7946666708092,6262.3573333664735
2026-05,-1,eod,0.04626613934973353,202863.0,782.7946666708092,6262.3573333664735
2026-05,-1,eod,0.1703481337649928,202863.0,782.7946666708092,6262.3573333664735
2026-05,-1,eod,-0.19782318745488825,202863.0,782.7946666708092,6262.3573333664735
2026-05,-1,eod,-0.07197700530952986,202863.0,782.7946666708092,6262.3573333664735
2026-05,-1,eod,0.13776663159940566,202863.0,782.7946666708092,6262.3573333664735
2026-05,-1,eod,0.37715145779042974,202750.0,779.3493333376447,6234.794666701157
2026-05,-1,eod,0.0481937463179615,201828.0,699.253333338499,5594.026666707992
2026-05,-1,eod,-0.11023499375431423,201828.0,699.253333338499,5594.026666707992
2026-05,-1,eod,0.024655762899195355,201828.0,699.253333338499,5594.026666707992
2026-05,-1,eod,0.1060097708000763,201775.0,668.181333338668,5345.450666709344
2026-05,-1,eod,0.2505498320053633,200869.0,356.2666666736702,2850.1333333893617
2026-05,-1,eod,0.24947369065503497,200869.0,356.2666666736702,2850.1333333893617
2026-05,-1,eod,0.20369821313647934,199591.0,446.3573333396514,3570.8586667172112
2026-05,-1,eod,0.2345477402844337,199560.0,451.26400000621874,3610.11200004975
2026-05,-1,eod,0.2653972674323736,199554.0,458.0800000062088,3664.6400000496706
2026-05,-1,eod,0.3022566835541642,199554.0,458.0800000062088,3664.6400000496706
2026-05,-1,eod,0.3116715581543051,199550.0,459.9253333395223,3679.4026667161784
2026-05,-1,eod,0.38879537602419106,198068.0,325.9733333401382,2607.7866667211056
2026-05,1,eod,0.09863609851307649,190585.0,511.978666673253,4095.829333386024
2026-05,1,eod,0.15152487298587966,190585.0,511.978666673253,4095.829333386024
2026-05,1,eod,-0.014080579001003936,190585.0,511.978666673253,4095.829333386024
2026-05,1,eod,0.07078375603945904,190585.0,511.978666673253,4095.829333386024
2026-05,1,eod,0.2044136474586828,189899.0,249.30133334125082,1994.4106667300066
2026-05,1,eod,0.2837468091678875,189737.0,223.9253333413601,1791.4026667308808
2026-05,1,eod,0.25732715312218035,156000.0,178.64533334086337,1429.162666726907
2026-05,1,eod,0.28177055834218223,156000.0,178.64533334086337,1429.162666726907
2026-05,1,eod,0.3062139635621841,156000.0,178.64533334086337,1429.162666726907
2026-05,1,eod,0.34287907139217966,156000.0,178.64533334086337,1429.162666726907
2026-05,1,eod,0.1954519999191987,156000.0,178.64533334086337,1429.162666726907
2026-05,1,eod,0.24270233313439898,156000.0,178.64533334086337,1429.162666726907
2026-05,1,eod,0.32145288849308556,156000.0,178.64533334086337,1429.162666726907
2026-05,-1,eod,0.259138692985475,3215.0,194.69866667379935,1557.5893333903948
2026-05,-1,eod,0.28614085546131646,3215.0,194.69866667379935,1557.5893333903948
2026-05,-1,eod,0.14872425157886993,3215.0,194.69866667379935,1557.5893333903948
2026-05,-1,eod,0.18539166425258125,3215.0,194.69866667379935,1557.5893333903948
2026-05,-1,eod,0.24039278326315555,3215.0,194.69866667379935,1557.5893333903948
2026-05,-1,eod,0.3131430179371579,3178.0,199.65866667379936,1597.2693333903949
