file,cell,trade_idx,entry_bar,exit_bar,direction,entry_price,exit_price,stop_usd,target_usd,exit_reason,hold_secs,pnl_usd,fee_usd,taker_bps_charged,entry_triggered_by,qty_btc,net_pnl_usd
2025-11,baseline,0,133733,133739,-1,109868.2,109858.3012145749,0.9898785425101218,9.898785425101217,tp,6.0,-0.09996941457489732,0.1098682,5.0,fvg,0.001,-0.2098376145748973
2025-11,baseline,1,134594,134594,-1,109917.1,109912.15060728746,0.4949392712549872,4.949392712549872,tp,0.0,-0.10496770728745594,0.1099171,5.0,fvg,0.001,-0.21488480728745596
2025-11,baseline,2,134701,134701,-1,109966.0,109965.0,0.1,1.0,tp,0.0,-0.10896600000000001,0.10996600000000001,5.0,fvg,0.001,-0.21893200000000002
2025-11,baseline,3,159464,159464,1,110639.9,110638.90919117647,0.9908088235294108,9.908088235294109,sl,0.0,-0.11163070882352427,0.1106399,5.0,fvg,0.001,-0.22227060882352428
2025-11,baseline,4,159510,159510,1,110586.0,110585.50459558824,0.4954044117647054,4.954044117647054,sl,0.0,-0.11108140441176215,0.110586,5.0,fvg,0.001,-0.22166740441176214
2025-11,baseline,5,160253,160253,1,110532.1,110533.1,0.1,1.0,tp,0.0,-0.10953210000000002,0.11053210000000002,5.0,fvg,0.001,-0.22006420000000004
2025-11,baseline,6,161095,161095,1,110323.29999999999,110322.80484496123,0.4951550387596193,4.951550387596193,inv,0.0,-0.11081845503876317,0.11032329999999999,5.0,ifvg,0.001,-0.22114175503876315
2025-11,baseline,7,161095,161095,1,110374.4,110373.40968992247,0.9903100775193796,9.903100775193796,sl,0.0,-0.11136471007752637,0.1103744,5.0,ifvg,0.001,-0.22173911007752636
2025-11,baseline,8,161137,161137,1,110272.2,110272.09999999999,0.1,1.0,inv,0.0,-0.11037220000000582,0.1102722,5.0,ifvg,0.001,-0.22064440000000582
2025-11,baseline,9,164817,164817,1,109614.29999999999,109613.80626566416,0.49373433583950804,4.93734335839508,inv,0.0,-0.1101080343358324,0.10961429999999998,5.0,ifvg,0.001,-0.21972233433583238
2025-11,baseline,10,164817,164817,1,109653.7,109652.71253132832,0.9874686716791985,9.874686716791985,sl,0.0,-0.11064116867167939,0.1096537,5.0,ifvg,0.001,-0.2202948686716794
2025-11,baseline,11,164821,164821,1,109574.9,109574.79999999999,0.1,1.0,inv,0.0,-0.10967490000000582,0.1095749,5.0,ifvg,0.001,-0.21924980000000582
2025-11,baseline,12,170328,170328,-1,108719.7,108720.1827586207,0.48275862068965514,4.827586206896552,sl,0.0,-0.10920245862069568,0.1087197,5.0,ifvg,0.001,-0.2179221586206957
2025-11,baseline,13,170328,170328,-1,108705.7,108706.66551724137,0.9655172413793103,9.655172413793103,sl,0.0,-0.1096712172413768,0.10870569999999999,5.0,ifvg,0.001,-0.21837691724137678
2025-11,baseline,14,170328,170336,1,108730.7,108705.2,140.0,1680.0,inv,8.0,-0.1342307,0.1087307,5.0,ifvg_clean,0.001,-0.2429614
2025-11,baseline,15,170350,170350,-1,108733.7,108732.7,0.1,1.0,tp,0.0,-0.1077337,0.1087337,5.0,ifvg,0.001,-0.2164674
2025-11,baseline,16,188915,188915,1,107382.55,107382.06089324619,0.4891067538126348,4.891067538126348,inv,0.0,-0.10787165675381194,0.10738255000000001,5.0,ifvg,0.001,-0.21525420675381196
2025-11,baseline,17,188915,188915,1,107405.0,107404.02178649238,0.9782135076252696,9.782135076252697,sl,0.0,-0.10838321350762388,0.107405,5.0,ifvg,0.001,-0.2157882135076239
2025-11,baseline,18,188919,188919,1,107360.1,107360.0,0.1,1.0,inv,0.0,-0.10746010000000582,0.1073601,5.0,ifvg,0.001,-0.21482020000000582
2025-11,baseline,19,188915,191248,-1,107361.9,107586.39999999997,224.4999999999709,2693.9999999996508,sl,2346.0,-0.3318618999999709,0.1073619,5.0,ifvg_clean,0.001,-0.4392237999999709
2025-11,baseline,20,202295,202295,-1,107803.4,107803.89501992031,0.49501992031879805,4.950199203187981,inv,0.0,-0.10829841992031582,0.1078034,5.0,ifvg,0.001,-0.2161018199203158
2025-11,baseline,21,202295,202295,-1,107753.7,107754.69003984063,0.9900398406374511,9.90039840637451,sl,0.0,-0.10874373984063165,0.1077537,5.0,ifvg,0.001,-0.21649743984063163
2025-11,baseline,22,202526,202526,-1,107853.1,107853.20000000001,0.1,1.0,inv,0.0,-0.10795310000000582,0.10785310000000001,5.0,ifvg,0.001,-0.21580620000000583
2025-11,baseline,23,202295,211165,1,107847.7,107350.69999999995,497.00000000004366,5964.000000000524,sl,8947.0,-0.6048477000000437,0.1078477,5.0,ifvg_clean,0.001,-0.7126954000000437
2025-11,baseline,24,212631,212631,-1,108090.1,108091.090990991,0.990990990990991,9.90990990990991,sl,0.0,-0.10908109099099113,0.10809010000000001,5.0,fvg,0.001,-0.21717119099099114
2025-11,baseline,25,225599,225599,-1,107299.3,107299.78780487805,0.4878048780487805,4.878048780487805,sl,0.0,-0.10778710487805197,0.1072993,5.0,ifvg,0.001,-0.21508640487805197
2025-11,baseline,26,225599,225599,-1,107279.3,107280.2756097561,0.975609756097561,9.75609756097561,sl,0.0,-0.10825490975610395,0.10727930000000001,5.0,ifvg,0.001,-0.21553420975610396
2025-11,baseline,27,225599,225614,1,107315.0,107278.8,200.0,2400.0,inv,15.0,-0.1435149999999971,0.107315,5.0,ifvg_clean,0.001,-0.2508299999999971
2025-11,baseline,28,225630,225630,-1,107319.3,107318.3,0.1,1.0,tp,0.0,-0.1063193,0.1073193,5.0,ifvg,0.001,-0.2136386
2025-11,baseline,29,257419,257419,-1,107042.9,107043.0,0.1,1.0,inv,0.0,-0.10714290000000583,0.10704290000000001,5.0,ifvg,0.001,-0.21418580000000584
2025-11,baseline,30,257419,257419,-1,107012.85,107013.34181669395,0.4918166939442333,4.918166939442333,sl,0.0,-0.10750466669394604,0.10701285000000002,5.0,ifvg,0.001,-0.21451751669394606
2025-11,baseline,31,257419,257419,-1,106982.8,106983.7836333879,0.9836333878887048,9.836333878887048,sl,0.0,-0.10796643338789205,0.10698280000000002,5.0,ifvg,0.001,-0.21494923338789207
2025-11,baseline,32,257419,261081,1,107049.3,106748.80000000005,300.49999999995634,3605.999999999476,sl,3709.0,-0.40754929999995637,0.1070493,5.0,ifvg_clean,0.001,-0.5145985999999564
2025-11,baseline,33,164817,265169,-1,109580.3,104852.29999999983,394.00000000001455,4728.000000000175,tp,101263.0,4.6184197000001745,0.1095803,5.0,ifvg_clean,0.001,4.508839400000174
2025-11,baseline,34,161095,265966,-1,110272.3,104140.30000000018,510.99999999998545,6131.999999999825,tp,105831.0,6.0217276999998255,0.1102723,5.0,ifvg_clean,0.001,5.911455399999825
2025-11,baseline,35,297609,297609,1,103922.35,103921.86094091904,0.4890590809629594,4.890590809629594,sl,0.0,-0.10441140908096641,0.10392235000000001,5.0,fvg,0.001,-0.2083337590809664
2025-11,baseline,36,297609,297609,1,103944.7,103943.72188183806,0.9781181619256004,9.781181619256005,sl,0.0,-0.1049228181619328,0.1039447,5.0,fvg,0.001,-0.2088675181619328
2025-11,baseline,37,297611,297611,1,103900.0,103901.0,0.1,1.0,tp,0.0,-0.1029,0.1039,5.0,fvg,0.001,-0.2068
2025-11,baseline,38,405847,405847,-1,103782.0,103782.48837209302,0.4883720930232558,4.883720930232558,sl,0.0,-0.10427037209302292,0.103782,5.0,ifvg,0.001,-0.2080523720930229
2025-11,baseline,39,405847,405847,-1,103761.0,103761.97674418605,0.9767441860465116,9.767441860465116,sl,0.0,-0.10473774418604583,0.10376099999999999,5.0,ifvg,0.001,-0.2084987441860458
2025-11,baseline,40,405854,405854,-1,103803.0,103803.1,0.1,1.0,sl,0.0,-0.10390300000000581,0.10380299999999999,5.0,ifvg,0.001,-0.2077060000000058
2025-11,baseline,41,405847,405889,1,103787.4,103760.5,210.0,2520.0,inv,42.0,-0.13068739999999418,0.10378739999999999,5.0,ifvg_clean,0.001,-0.23447479999999415
2025-11,baseline,42,559713,559713,1,100710.6,100710.5,0.1,1.0,inv,0.0,-0.10081060000000583,0.10071060000000001,5.0,ifvg,0.001,-0.20152120000000584
2025-11,baseline,43,559713,559713,1,100730.55,100730.06222493888,0.4877750611246926,4.877750611246926,sl,0.0,-0.10121832506111948,0.10073055000000002,5.0,ifvg,0.001,-0.2019488750611195
2025-11,baseline,44,559713,559713,1,100750.5,100749.52444987775,0.9755501222493852,9.755501222493852,sl,0.0,-0.10172605012225348,0.1007505,5.0,ifvg,0.001,-0.2024765501222535
2025-11,baseline,45,559839,559839,1,100592.1,100591.6030120482,0.49698795180722893,4.96987951807229,inv,0.0,-0.10108908795180302,0.1005921,5.0,ifvg,0.001,-0.201681187951803
2025-11,baseline,46,559839,559839,1,100674.6,100673.60602409639,0.9939759036144579,9.93975903614458,sl,0.0,-0.1016685759036206,0.10067460000000002,5.0,ifvg,0.001,-0.2023431759036206
2025-11,baseline,47,559843,559843,1,100509.6,100509.5,0.1,1.0,inv,0.0,-0.10060960000000582,0.1005096,5.0,ifvg,0.001,-0.20111920000000583
2025-11,baseline,48,559713,560249,-1,100697.9,100897.39999999997,199.4999999999709,2393.9999999996508,sl,536.0,-0.3001978999999709,0.10069789999999999,5.0,ifvg_clean,0.001,-0.4008957999999709
2025-11,baseline,49,559839,560440,-1,100511.4,101336.4,825.0,9900.0,sl,601.0,-0.9255114000000001,0.1005114,5.0,ifvg_clean,0.001,-1.0260228
2025-11,baseline,50,596731,596731,1,103101.20000000001,103100.71344086023,0.48655913978514076,4.865591397851407,sl,0.0,-0.10358775913978294,0.10310120000000002,5.0,ifvg,0.001,-0.20668895913978297
2025-11,baseline,51,596731,596731,1,103119.3,103118.32688172044,0.9731182795698904,9.731182795698905,sl,0.0,-0.10409241827956583,0.10311930000000001,5.0,ifvg,0.001,-0.20721171827956586
2025-11,baseline,52,596731,596738,-1,103090.3,103119.8,180.99999999998545,2171.9999999998254,inv,7.0,-0.1325903,0.1030903,5.0,ifvg_clean,0.001,-0.2356806
2025-11,baseline,53,597372,597372,1,103083.1,103083.0,0.1,1.0,inv,0.0,-0.10318310000000581,0.1030831,5.0,ifvg,0.001,-0.2062662000000058
2025-11,baseline,54,732248,732248,1,103665.25,103664.75321543409,0.4967845659163987,4.967845659163987,sl,0.0,-0.1041620345659121,0.10366525,5.0,ifvg,0.001,-0.2078272845659121
2025-11,baseline,55,732248,732248,1,103742.5,103741.50643086816,0.9935691318327974,9.935691318327974,sl,0.0,-0.10473606913183875,0.10374250000000002,5.0,ifvg,0.001,-0.20847856913183876
2025-11,baseline,56,732371,732371,1,103588.0,103589.0,0.1,1.0,tp,0.0,-0.10258800000000001,0.10358800000000001,5.0,ifvg,0.001,-0.20617600000000003
2025-11,baseline,57,732248,733494,-1,103589.5,103743.0,772.5,9270.0,inv,1253.0,-0.25708949999999997,0.1035895,5.0,ifvg_clean,0.001,-0.36067899999999997
2025-11,baseline,58,736176,736176,1,103552.7,103552.2073964497,0.4926035502958586,4.9260355029585865,sl,0.0,-0.10404530355030128,0.1035527,5.0,ifvg,0.001,-0.20759800355030128
2025-11,baseline,59,736176,736176,1,103586.0,103585.01479289941,0.9852071005917172,9.852071005917173,sl,0.0,-0.10457120710058801,0.103586,5.0,ifvg,0.001,-0.208157207100588
2025-11,baseline,60,736176,736179,-1,103531.0,103586.5,333.0000000000291,3996.0000000003492,inv,3.0,-0.159031,0.10353100000000001,5.0,ifvg_clean,0.001,-0.262562
2025-11,baseline,61,800230,800230,-1,105947.25,105947.73422712933,0.48422712933754525,4.842271293375452,sl,0.0,-0.10643147712933097,0.10594724999999999,5.0,ifvg,0.001,-0.21237872712933098
2025-11,baseline,62,800230,800230,-1,105931.9,105932.86845425867,0.9684542586750905,9.684542586750904,sl,0.0,-0.1069003542586765,0.1059319,5.0,ifvg,0.001,-0.2128322542586765
2025-11,baseline,63,800268,800268,-1,105962.6,105961.6,0.1,1.0,tp,0.0,-0.10496260000000002,0.10596260000000002,5.0,ifvg,0.001,-0.21092520000000003
2025-11,baseline,64,800230,800300,1,105956.6,105931.4,153.5000000000582,1842.0000000006985,inv,70.0,-0.13115660000001167,0.10595660000000001,5.0,ifvg_clean,0.001,-0.23711320000001168
2025-11,baseline,65,807998,807998,-1,106189.0,106189.98031496063,0.9803149606299224,9.803149606299224,sl,0.0,-0.1071693149606305,0.106189,5.0,fvg,0.001,-0.2133583149606305
2025-11,baseline,66,813686,813686,1,104988.8,104988.30405186386,0.4959481361426254,4.959481361426254,inv,0.0,-0.10548474813614388,0.10498880000000002,5.0,ifvg,0.001,-0.21047354813614388
2025-11,baseline,67,813686,813686,1,105050.0,105049.00810372771,0.9918962722852508,9.918962722852507,sl,0.0,-0.1060418962722877,0.10505,5.0,ifvg,0.001,-0.2110918962722877
2025-11,baseline,68,813689,813689,1,104927.6,104927.5,0.1,1.0,inv,0.0,-0.10502760000000583,0.10492760000000001,5.0,ifvg,0.001,-0.20995520000000584
2025-11,baseline,69,816046,816046,1,105081.05,105080.56285347044,0.4871465295629801,4.871465295629801,inv,0.0,-0.10556819652955823,0.10508105000000001,5.0,ifvg,0.001,-0.21064924652955824
2025-11,baseline,70,816046,816046,1,105100.0,105099.02570694087,0.9742930591259602,9.742930591259602,sl,0.0,-0.10607429305913103,0.10510000000000001,5.0,ifvg,0.001,-0.21117429305913105
2025-11,baseline,71,816056,816056,1,105062.1,105062.0,0.1,1.0,inv,0.0,-0.10516210000000582,0.1050621,5.0,ifvg,0.001,-0.21022420000000583
2025-11,baseline,72,816046,817272,-1,105068.7,105258.19999999997,189.4999999999709,2273.9999999996508,sl,1235.0,-0.29456869999997093,0.1050687,5.0,ifvg_clean,0.001,-0.39963739999997094
2025-11,baseline,73,818823,818823,1,105345.05,105344.5656739812,0.48432601880877457,4.843260188087745,sl,0.0,-0.10582937601880632,0.10534505000000001,5.0,ifvg,0.001,-0.21117442601880632
2025-11,baseline,74,818823,818823,1,105360.5,105359.53134796239,0.9686520376175491,9.68652037617549,sl,0.0,-0.10632915203761263,0.10536050000000001,5.0,ifvg,0.001,-0.21168965203761264
2025-11,baseline,75,818823,818847,-1,105336.7,105361.0,154.4999999999709,1853.9999999996508,inv,24.0,-0.1296367000000029,0.10533669999999999,5.0,ifvg_clean,0.001,-0.23497340000000289
2025-11,baseline,76,818936,818936,1,105329.6,105330.6,0.1,1.0,tp,0.0,-0.10432960000000001,0.10532960000000001,5.0,ifvg,0.001,-0.20965920000000002
2025-11,baseline,77,813686,819450,-1,104936.4,105548.39999999997,611.9999999999709,7343.999999999651,sl,5827.0,-0.7169363999999709,0.1049364,5.0,ifvg_clean,0.001,-0.821872799999971
2025-11,baseline,78,835871,835871,-1,105477.85,105478.34381953029,0.4938195302842123,4.938195302842123,inv,0.0,-0.10597166953028206,0.10547785000000001,5.0,ifvg,0.001,-0.21144951953028207
2025-11,baseline,79,835871,835871,-1,105437.9,105438.88763906056,0.9876390605686045,9.876390605686044,sl,0.0,-0.10642553906056411,0.1054379,5.0,ifvg,0.001,-0.2118634390605641
2025-11,baseline,80,836054,836054,-1,105517.8,105517.90000000001,0.1,1.0,inv,0.0,-0.10561780000000583,0.10551780000000001,5.0,ifvg,0.001,-0.21113560000000584
2025-11,baseline,81,837374,837374,1,105825.1,105824.13003003004,0.9699699699699726,9.699699699699726,sl,0.0,-0.10679506996997042,0.1058251,5.0,ifvg,0.001,-0.2126201699699704
2025-11,baseline,82,837374,837377,-1,105813.4,105825.6,161.50000000001455,1938.0000000001746,inv,3.0,-0.11801340000001165,0.1058134,5.0,ifvg_clean,0.001,-0.22382680000001165
2025-11,baseline,83,837392,837392,1,105808.95000000001,105808.46501501503,0.4849849849852048,4.849849849852048,sl,0.0,-0.10629393498498521,0.10580895000000001,5.0,ifvg,0.001,-0.21210288498498522
2025-11,baseline,84,837403,837403,1,105792.8,105793.8,0.1,1.0,tp,0.0,-0.1047928,0.1057928,5.0,ifvg,0.001,-0.2105856
2025-11,baseline,85,849676,849676,1,106018.15,106017.66246882793,0.4875311720696413,4.875311720696413,inv,0.0,-0.10650568117206796,0.10601814999999999,5.0,ifvg,0.001,-0.21252383117206797
2025-11,baseline,86,849676,849676,1,106037.7,106036.72493765586,0.9750623441396454,9.750623441396455,sl,0.0,-0.10701276234413595,0.1060377,5.0,ifvg,0.001,-0.21305046234413594
2025-11,baseline,87,849711,849711,1,105998.6,105998.5,0.1,1.0,inv,0.0,-0.10609860000000583,0.10599860000000001,5.0,ifvg,0.001,-0.21209720000000584
2025-11,baseline,88,849676,850156,-1,106003.3,106198.79999999996,195.49999999995634,2345.999999999476,sl,486.0,-0.30150329999995634,0.10600330000000001,5.0,ifvg_clean,0.001,-0.40750659999995636
2025-11,baseline,89,854133,854138,-1,106781.6,106782.59162479063,0.9916247906197652,9.916247906197652,sl,5.0,-0.10777322479062217,0.10678160000000002,5.0,fvg,0.001,-0.21455482479062218
2025-11,baseline,90,854544,854544,-1,106559.95,106560.44381953028,0.4938195302843012,4.938195302843012,inv,0.0,-0.10705376953028205,0.10655995,5.0,ifvg,0.001,-0.21361371953028205
2025-11,baseline,91,854544,854544,-1,106520.0,106520.98763906056,0.9876390605686024,9.876390605686025,sl,0.0,-0.10750763906056411,0.10652,5.0,ifvg,0.001,-0.2140276390605641
2025-11,baseline,92,854624,854624,-1,106599.9,106600.0,0.1,1.0,inv,0.0,-0.10669990000000582,0.1065999,5.0,ifvg,0.001,-0.2132998000000058
2025-11,baseline,93,855941,855941,-1,106400.95,106401.43567335243,0.4856733524355277,4.856733524355278,sl,0.0,-0.10688662335243569,0.10640095,5.0,ifvg,0.001,-0.2132875733524357
2025-11,baseline,94,855941,855941,-1,106384.0,106384.97134670487,0.9713467048710555,9.713467048710555,sl,0.0,-0.1073553467048714,0.106384,5.0,ifvg,0.001,-0.2137393467048714
2025-11,baseline,95,855942,855942,-1,106417.9,106416.9,0.1,1.0,tp,0.0,-0.10541790000000001,0.10641790000000001,5.0,ifvg,0.001,-0.21183580000000002
2025-11,baseline,96,855941,856152,1,106414.9,106383.5,169.4999999999709,2033.9999999996508,inv,212.0,-0.1378148999999942,0.1064149,5.0,ifvg_clean,0.001,-0.2442297999999942
2025-11,baseline,97,854544,856487,1,106576.3,106176.80000000003,399.4999999999709,4793.999999999651,sl,1971.0,-0.5060762999999708,0.1065763,5.0,ifvg_clean,0.001,-0.6126525999999708
2025-11,baseline,98,835871,860263,1,105512.7,105113.19999999995,399.50000000004366,4794.000000000524,sl,24783.0,-0.5050127000000436,0.1055127,5.0,ifvg_clean,0.001,-0.6105254000000436
2025-11,baseline,99,861070,861070,1,105415.95000000001,105415.46199040768,0.4880095923263127,4.880095923263127,inv,0.0,-0.10590395959232904,0.10541595000000001,5.0,ifvg,0.001,-0.21131990959232905
2025-11,baseline,100,861070,861070,1,105436.3,105435.32398081534,0.9760191846522764,9.760191846522764,sl,0.0,-0.10641231918465809,0.10543630000000001,5.0,ifvg,0.001,-0.21184861918465808
2025-11,baseline,101,861287,861287,1,105395.6,105395.5,0.1,1.0,inv,0.0,-0.10549560000000582,0.1053956,5.0,ifvg,0.001,-0.21089120000000583
2025-11,baseline,102,880992,880992,-1,105288.05,105288.53687664043,0.4868766404199495,4.868766404199495,inv,0.0,-0.10577492664042518,0.10528805,5.0,ifvg,0.001,-0.21106297664042517
2025-11,baseline,103,880992,880992,-1,105269.5,105270.47375328084,0.973753280839899,9.73753280839899,sl,0.0,-0.10624325328083582,0.10526950000000002,5.0,ifvg,0.001,-0.21151275328083585
2025-11,baseline,104,881080,881080,-1,105306.6,105306.70000000001,0.1,1.0,inv,0.0,-0.10540660000000582,0.1053066,5.0,ifvg,0.001,-0.21071320000000582
2025-11,baseline,105,880992,883664,1,105304.8,105119.29999999997,185.5000000000291,2226.0000000003492,sl,2727.0,-0.2908048000000291,0.1053048,5.0,ifvg_clean,0.001,-0.39610960000002915
2025-11,baseline,106,887934,887934,-1,104626.1,104627.08664886517,0.986648865153537,9.86648865153537,sl,0.0,-0.10561274886516055,0.10462610000000001,5.0,fvg,0.001,-0.21023884886516056
2025-11,baseline,107,888288,888288,-1,104663.05,104663.54332443258,0.4933244325767685,4.933244325767685,sl,0.0,-0.10515637443258027,0.10466305000000001,5.0,fvg,0.001,-0.20981942443258028
2025-11,baseline,108,895014,895014,1,104414.1,104413.122172949,0.9778270509977857,9.778270509977856,sl,0.0,-0.10539192705099963,0.10441410000000001,5.0,fvg,0.001,-0.20980602705099965
2025-11,baseline,109,895017,895017,1,104392.05,104396.93913525499,0.48891352549889283,4.889135254988928,tp,0.0,-0.09950291474501646,0.10439205000000001,5.0,fvg,0.001,-0.20389496474501648
2025-11,baseline,110,895062,895062,1,104370.0,104371.0,0.1,1.0,tp,0.0,-0.10337,0.10437,5.0,fvg,0.001,-0.20774
2025-11,baseline,111,861070,904593,-1,105406.6,102964.60000000018,203.49999999998545,2441.9999999998254,tp,43915.0,2.336593399999826,0.10540660000000002,5.0,ifvg_clean,0.001,2.2311867999998256
2025-11,baseline,112,957972,957972,1,104013.1,104012.11584786055,0.9841521394611741,9.84152139461174,sl,0.0,-0.10499725213945556,0.10401310000000001,5.0,fvg,0.001,-0.20901035213945557
2025-11,baseline,113,958112,958112,1,103982.05,103981.55792393028,0.49207606973058704,4.92076069730587,sl,0.0,-0.10447412606972778,0.10398205,5.0,fvg,0.001,-0.20845617606972777
2025-11,baseline,114,958120,958120,1,103951.0,103952.0,0.1,1.0,tp,0.0,-0.10295100000000001,0.10395100000000002,5.0,fvg,0.001,-0.20690200000000003
2025-11,baseline,115,959640,959640,1,104260.0,104259.02915451895,0.9708454810495651,9.70845481049565,sl,0.0,-0.10523084548104614,0.10426,5.0,fvg,0.001,-0.20949084548104613
2025-11,baseline,116,962181,962181,-1,104503.2,104504.18850574712,0.9885057471264368,9.885057471264368,sl,0.0,-0.10549170574712559,0.10450319999999999,5.0,fvg,0.001,-0.2099949057471256
2025-11,baseline,117,962826,962826,-1,104546.2,104541.25747126437,0.4942528735632184,4.942528735632184,tp,0.0,-0.099603671264372,0.1045462,5.0,fvg,0.001,-0.204149871264372
2025-11,baseline,118,962842,962842,-1,104589.2,104588.2,0.1,1.0,tp,0.0,-0.1035892,0.10458920000000001,5.0,fvg,0.001,-0.2081784
2025-11,baseline,119,965616,965616,-1,104796.3,104796.79579831933,0.49579831932773105,4.95798319327731,inv,0.0,-0.1052920983193308,0.10479630000000001,5.0,ifvg,0.001,-0.2100883983193308
2025-11,baseline,120,965616,965616,-1,104737.3,104738.29159663866,0.9915966386554621,9.91596638655462,sl,0.0,-0.10572889663866158,0.1047373,5.0,ifvg,0.001,-0.2104661966386616
2025-11,baseline,121,965959,965959,-1,104855.3,104855.40000000001,0.1,1.0,inv,0.0,-0.10495530000000582,0.1048553,5.0,ifvg,0.001,-0.20981060000000581
2025-11,baseline,122,965616,980001,1,104850.1,104260.1,590.0,7080.0,sl,14391.0,-0.6948501,0.10485010000000002,5.0,ifvg_clean,0.001,-0.7997002000000001
2025-11,baseline,123,992020,992020,1,101625.35,101624.87164502165,0.4783549783552851,4.783549783552851,sl,0.0,-0.1021037049783606,0.10162535000000002,5.0,ifvg,0.001,-0.20372905497836064
2025-11,baseline,124,992020,992020,1,101636.4,101635.44329004329,0.9567099567099403,9.567099567099403,sl,0.0,-0.10259310995670662,0.1016364,5.0,ifvg,0.001,-0.20422950995670663
2025-11,baseline,125,992021,992021,1,101614.3,101615.3,0.1,1.0,tp,0.0,-0.1006143,0.1016143,5.0,ifvg,0.001,-0.2022286
2025-11,baseline,126,992020,992445,-1,101624.8,101636.9,110.49999999995634,1325.9999999994761,inv,428.0,-0.11372479999999129,0.10162480000000002,5.0,ifvg_clean,0.001,-0.21534959999999131
2025-11,baseline,127,1000090,1000090,1,101482.0,101481.9,0.1,1.0,sl,0.0,-0.10158200000000582,0.101482,5.0,ifvg,0.001,-0.20306400000000582
2025-11,baseline,128,1000090,1000090,1,101521.7,101521.20621890547,0.49378109452736274,4.937810945273627,sl,0.0,-0.10201548109452663,0.10152169999999999,5.0,ifvg,0.001,-0.20353718109452662
2025-11,baseline,129,1000090,1000090,1,101561.4,101560.41243781094,0.9875621890547255,9.875621890547254,sl,0.0,-0.10254896218905328,0.1015614,5.0,ifvg,0.001,-0.20411036218905326
2025-11,baseline,130,1000090,1000230,-1,101482.0,101561.9,396.9999999999709,4763.999999999651,inv,140.0,-0.1813819999999942,0.101482,5.0,ifvg_clean,0.001,-0.2828639999999942
2025-11,baseline,131,1066641,1066641,-1,102446.2,102446.3,0.1,1.0,inv,0.0,-0.10254620000000582,0.1024462,5.0,ifvg,0.001,-0.20499240000000582
2025-11,baseline,132,1066641,1066641,-1,102345.5,102345.99752964427,0.49752964426877466,4.975296442687746,sl,0.0,-0.10284302964427171,0.1023455,5.0,ifvg,0.001,-0.2051885296442717
2025-11,baseline,133,1066641,1066641,-1,102244.8,102245.79505928855,0.9950592885375493,9.950592885375492,sl,0.0,-0.10323985928854343,0.10224480000000001,5.0,ifvg,0.001,-0.20548465928854343
2025-11,baseline,134,1066913,1066913,1,102491.45000000001,102490.96706484642,0.48293515358386774,4.829351535838677,sl,0.0,-0.1029743851535882,0.10249145000000001,5.0,ifvg,0.001,-0.2054658351535882
2025-11,baseline,135,1066913,1066913,1,102505.6,102504.63412969284,0.9658703071672389,9.658703071672388,sl,0.0,-0.10347147030716182,0.1025056,5.0,ifvg,0.001,-0.20597707030716184
2025-11,baseline,136,1066919,1066919,1,102477.3,102478.3,0.1,1.0,tp,0.0,-0.1014773,0.10247730000000001,5.0,ifvg,0.001,-0.2039546
2025-11,baseline,137,1066913,1066922,-1,102478.0,102506.1,141.50000000001455,1698.0000000001746,inv,9.0,-0.13057800000000583,0.10247800000000001,5.0,ifvg_clean,0.001,-0.23305600000000584
2025-11,baseline,138,1067252,1067252,1,102595.1,102594.11543209877,0.9845679012345686,9.845679012345686,sl,0.0,-0.10357966790123602,0.10259510000000001,5.0,fvg,0.001,-0.206174767901236
2025-11,baseline,139,1067267,1067267,1,102563.20000000001,102562.7077160494,0.4922839506173966,4.9228395061739665,sl,0.0,-0.103055483950618,0.10256320000000001,5.0,fvg,0.001,-0.205618683950618
2025-11,baseline,140,1067300,1067300,1,102531.3,102532.3,0.1,1.0,tp,0.0,-0.1015313,0.1025313,5.0,fvg,0.001,-0.2040626
2025-11,baseline,141,1068283,1068283,-1,101931.55,101932.04219968799,0.49219968798752023,4.921996879875202,sl,0.0,-0.10242374968798572,0.10193155000000001,5.0,fvg,0.001,-0.20435529968798571
2025-11,baseline,142,1068283,1068283,-1,101900.0,101900.98439937597,0.9843993759750405,9.843993759750404,sl,0.0,-0.10288439937597141,0.1019,5.0,fvg,0.001,-0.20478439937597143
2025-11,baseline,143,1068355,1068355,-1,101963.1,101962.1,0.1,1.0,tp,0.0,-0.10096310000000001,0.10196310000000001,5.0,fvg,0.001,-0.20292620000000003
2025-11,baseline,144,1068622,1068622,1,101845.7,101845.15828313252,0.5417168674698788,5.417168674698789,inv,0.0,-0.10238741686747577,0.1018457,5.0,ifvg,0.001,-0.20423311686747575
2025-11,baseline,145,1068622,1068622,1,101878.4,101877.31656626506,1.0834337349397576,10.834337349397577,sl,0.0,-0.102961833734937,0.10187840000000001,5.0,ifvg,0.001,-0.204840233734937
2025-11,baseline,146,1068626,1068626,1,101813.0,101812.89,0.11000000000000001,1.1,inv,0.0,-0.10192300000000058,0.101813,5.0,ifvg,0.001,-0.20373600000000058
2025-11,baseline,147,1066641,1068936,1,102446.1,101439.10000000003,1006.9999999999709,12083.99999999965,sl,2295.0,-1.109446099999971,0.1024461,5.0,ifvg_clean,0.001,-1.211892199999971
2025-11,baseline,148,1071754,1071754,1,101002.70000000001,101002.21358695654,0.48641304347845965,4.864130434784596,inv,0.0,-0.10148911304347258,0.10100270000000001,5.0,ifvg,0.001,-0.20249181304347258
2025-11,baseline,149,1071754,1071754,1,101020.6,101019.62717391305,0.972826086956524,9.72826086956524,sl,0.0,-0.10199342608695969,0.1010206,5.0,ifvg,0.001,-0.20301402608695968
2025-11,baseline,150,1071764,1071764,1,100984.8,100984.7,0.1,1.0,inv,0.0,-0.10108480000000583,0.10098480000000001,5.0,ifvg,0.001,-0.20206960000000584
2025-11,baseline,151,1071754,1071844,-1,100996.8,101175.80000000002,179.00000000001455,2148.0000000001746,sl,90.0,-0.2799968000000146,0.10099680000000001,5.0,ifvg_clean,0.001,-0.3809936000000146
2025-11,baseline,152,1073080,1073080,1,100807.05,100806.55945179584,0.4905482041587892,4.9054820415878915,inv,0.0,-0.10129759820416497,0.10080705000000001,5.0,ifvg,0.001,-0.20210464820416496
2025-11,baseline,153,1073080,1073080,1,100833.0,100832.01890359168,0.9810964083175784,9.810964083175783,sl,0.0,-0.10181409640831536,0.100833,5.0,ifvg,0.001,-0.20264709640831535
2025-11,baseline,154,1073083,1073083,1,100781.1,100781.0,0.1,1.0,inv,0.0,-0.10088110000000583,0.10078110000000001,5.0,ifvg,0.001,-0.20166220000000584
2025-11,baseline,155,1075304,1075304,1,100433.95000000001,100433.47304147466,0.4769585253459543,4.769585253459542,inv,0.0,-0.10091090852535253,0.10043395000000001,5.0,ifvg,0.001,-0.20134485852535255
2025-11,baseline,156,1075304,1075304,1,100444.3,100443.34608294931,0.953917050691238,9.53917050691238,sl,0.0,-0.1013982170506905,0.1004443,5.0,ifvg,0.001,-0.2018425170506905
2025-11,baseline,157,1075319,1075319,1,100423.6,100423.5,0.1,1.0,inv,0.0,-0.10052360000000583,0.10042360000000002,5.0,ifvg,0.001,-0.20094720000000585
2025-11,baseline,158,1075345,1075345,1,100372.8,100371.81869158879,0.9813084112149532,9.813084112149532,sl,0.0,-0.10135410841121019,0.1003728,5.0,fvg,0.001,-0.2017269084112102
2025-11,baseline,159,1075373,1075373,1,100346.55,100351.45654205608,0.4906542056074766,4.906542056074766,tp,0.0,-0.09544000794391994,0.10034655,5.0,fvg,0.001,-0.19578655794391994
2025-11,baseline,160,1075483,1075483,1,100320.3,100321.3,0.1,1.0,tp,0.0,-0.0993203,0.1003203,5.0,fvg,0.001,-0.1996406
2025-11,baseline,161,1076622,1076622,-1,99901.6,99902.58708010336,0.9870801033591722,9.870801033591722,sl,0.0,-0.10088868010335396,0.09990160000000001,5.0,fvg,0.001,-0.20079028010335398
2025-11,baseline,162,1076631,1076631,1,99870.0,99869.9,0.1,1.0,inv,0.0,-0.09997000000000582,0.09987,5.0,ifvg,0.001,-0.19984000000000582
2025-11,baseline,163,1076631,1076631,1,99882.9,99882.41865671641,0.48134328358182016,4.813432835818202,sl,0.0,-0.10036424328357992,0.0998829,5.0,ifvg,0.001,-0.2002471432835799
2025-11,baseline,164,1076631,1076631,1,99895.8,99894.83731343284,0.9626865671641832,9.626865671641832,sl,0.0,-0.10085848656715984,0.0998958,5.0,ifvg,0.001,-0.20075428656715985
2025-11,baseline,165,1075304,1077989,-1,100431.3,99189.30000000018,103.49999999998545,1241.9999999998254,tp,2686.0,1.1415686999998254,0.10043130000000002,5.0,ifvg_clean,0.001,1.0411373999998252
2025-11,baseline,166,1076631,1079199,-1,99881.3,98333.29999999983,129.00000000001455,1548.0000000001746,tp,2568.0,1.4481187000001745,0.0998813,5.0,ifvg_clean,0.001,1.3482374000001744
2025-11,baseline,167,1083578,1083578,1,98712.2,98711.24329004329,0.9567099567099403,9.567099567099403,sl,0.0,-0.09966890995670662,0.0987122,5.0,ifvg,0.001,-0.1983811099567066
2025-11,baseline,168,1083578,1083578,-1,98707.8,98712.7,110.49999999995634,1325.9999999994761,inv,0.0,-0.10360779999999419,0.09870780000000001,5.0,ifvg_clean,0.001,-0.2023155999999942
2025-11,baseline,169,1083584,1083584,1,98701.15,98705.93354978354,0.4783549783546552,4.783549783546552,tp,0.0,-0.09391760021645236,0.09870115,5.0,ifvg,0.001,-0.19261875021645236
2025-11,baseline,170,1083619,1083619,1,98690.1,98691.1,0.1,1.0,tp,0.0,-0.0976901,0.0986901,5.0,ifvg,0.001,-0.1963802
2025-11,baseline,171,1086945,1086945,-1,98499.45000000001,98499.94085923219,0.4908592321753692,4.908592321753692,sl,0.0,-0.09899030923217356,0.09849945000000002,5.0,ifvg,0.001,-0.19748975923217357
2025-11,baseline,172,1086945,1086945,-1,98472.6,98473.58171846435,0.9817184643510045,9.817184643510044,sl,0.0,-0.09945431846434709,0.09847260000000002,5.0,ifvg,0.001,-0.19792691846434712
2025-11,baseline,173,1086945,1086950,1,98524.0,98472.1,268.49999999998545,3221.9999999998254,inv,5.0,-0.15042399999999417,0.098524,5.0,ifvg_clean,0.001,-0.24894799999999417
2025-11,baseline,174,1086997,1086997,-1,98526.3,98525.3,0.1,1.0,tp,0.0,-0.09752630000000001,0.09852630000000001,5.0,ifvg,0.001,-0.19605260000000002
2025-11,baseline,175,1088159,1088159,1,98380.0,98379.02169197398,0.9783080260303716,9.783080260303716,inv,0.0,-0.09935830802602402,0.09838,5.0,ifvg,0.001,-0.19773830802602402
2025-11,baseline,176,1088196,1088196,1,98357.45,98356.96084598698,0.4891540130151858,4.891540130151858,inv,0.0,-0.09884660401301928,0.09835745,5.0,ifvg,0.001,-0.19720405401301927
2025-11,baseline,177,1088197,1088197,1,98334.9,98334.79999999999,0.1,1.0,inv,0.0,-0.0984349000000058,0.09833489999999999,5.0,ifvg,0.001,-0.1967698000000058
2025-11,baseline,178,1088159,1088321,-1,98363.1,98588.60000000003,225.5000000000291,2706.0000000003492,sl,162.0,-0.32386310000002916,0.09836310000000001,5.0,ifvg_clean,0.001,-0.4222262000000292
2025-11,baseline,179,1095191,1095191,-1,99598.95,99599.44276410998,0.49276410998552883,4.927641099855288,inv,0.0,-0.10009171410997846,0.09959895,5.0,ifvg,0.001,-0.19969066410997846
2025-11,baseline,180,1095191,1095191,-1,99564.9,99565.88552821997,0.9855282199710577,9.855282199710576,sl,0.0,-0.10055042821997145,0.0995649,5.0,ifvg,0.001,-0.20011532821997147
2025-11,baseline,181,1095235,1095235,-1,99633.0,99633.1,0.1,1.0,inv,0.0,-0.09973300000000582,0.099633,5.0,ifvg,0.001,-0.19936600000000582
2025-11,baseline,182,1095191,1098941,1,99617.7,99277.19999999997,340.5000000000291,4086.0000000003492,sl,3751.0,-0.44011770000002914,0.0996177,5.0,ifvg_clean,0.001,-0.5397354000000292
2025-11,baseline,183,1105163,1105163,-1,99400.0,99400.1,0.1,1.0,inv,0.0,-0.09950000000000582,0.0994,5.0,ifvg,0.001,-0.19890000000000582
2025-11,baseline,184,1105163,1105163,-1,99378.0,99378.48888888888,0.48888888888888893,4.888888888888889,sl,0.0,-0.09986688888888179,0.09937800000000001,5.0,ifvg,0.001,-0.1992448888888818
2025-11,baseline,185,1105163,1105163,-1,99356.0,99356.97777777778,0.9777777777777779,9.777777777777779,sl,0.0,-0.10033377777777812,0.09935600000000001,5.0,ifvg,0.001,-0.19968977777777813
2025-11,baseline,186,1105163,1105293,1,99397.1,99177.1,220.0,2640.0,sl,132.0,-0.3193971,0.09939710000000002,5.0,ifvg_clean,0.001,-0.4187942
2025-11,baseline,187,1106082,1106082,-1,99537.0,99537.1,0.1,1.0,inv,0.0,-0.09963700000000583,0.09953700000000001,5.0,ifvg,0.001,-0.19917400000000585
2025-11,baseline,188,1106082,1106082,-1,99520.4,99520.88538011695,0.48538011695927585,4.853801169592758,sl,0.0,-0.10000578011695199,0.0995204,5.0,ifvg,0.001,-0.199526180116952
2025-11,baseline,189,1106082,1106082,-1,99503.8,99504.77076023392,0.9707602339181262,9.707602339181262,sl,0.0,-0.10047456023391856,0.0995038,5.0,ifvg,0.001,-0.19997836023391857
2025-11,baseline,190,1106082,1106189,1,99539.8,99373.80000000002,165.99999999998545,1991.9999999998254,sl,108.0,-0.26553979999998545,0.0995398,5.0,ifvg_clean,0.001,-0.36507959999998546
2025-11,baseline,191,1109709,1109709,1,99306.75,99306.25917431193,0.49082568807339455,4.908256880733946,inv,0.0,-0.09979757568807354,0.09930675000000001,5.0,ifvg,0.001,-0.19910432568807357
2025-11,baseline,192,1109709,1109709,1,99333.5,99332.51834862385,0.9816513761467891,9.816513761467892,sl,0.0,-0.10031515137614706,0.0993335,5.0,ifvg,0.001,-0.19964865137614707
2025-11,baseline,193,1109717,1109717,1,99280.0,99281.0,0.1,1.0,tp,0.0,-0.09828,0.09928000000000001,5.0,ifvg,0.001,-0.19756
2025-11,baseline,194,1112899,1112899,1,99116.6,99116.12293577981,0.47706422018382305,4.77064220183823,inv,0.0,-0.09959366422019111,0.09911660000000001,5.0,ifvg,0.001,-0.1987102642201911
2025-11,baseline,195,1112899,1112899,1,99127.0,99126.04587155963,0.9541284403669786,9.541284403669787,sl,0.0,-0.10008112844036764,0.09912699999999999,5.0,ifvg,0.001,-0.19920812844036762
2025-11,baseline,196,1112902,1112902,1,99106.2,99106.09999999999,0.1,1.0,inv,0.0,-0.09920620000000582,0.0991062,5.0,ifvg,0.001,-0.19831240000000583
2025-11,baseline,197,1068622,1114905,-1,101815.5,97891.50000000035,326.9999999999709,3923.9999999996508,tp,46446.0,3.822184499999651,0.1018155,5.0,ifvg_clean,0.001,3.720368999999651
2025-11,baseline,198,1112899,1114907,-1,99106.9,97858.89999999982,104.00000000001455,1248.0000000001746,tp,2025.0,1.1488931000001747,0.0991069,5.0,ifvg_clean,0.001,1.0497862000001748
2025-11,baseline,199,1073080,1114911,-1,100791.8,97677.80000000035,259.4999999999709,3113.9999999996508,tp,41994.0,3.0132081999996507,0.10079180000000001,5.0,ifvg_clean,0.001,2.9124163999996506
2025-11,baseline,200,1115590,1115590,1,97818.3,97818.2,0.1,1.0,inv,0.0,-0.09791830000000583,0.09781830000000001,5.0,ifvg,0.001,-0.19573660000000584
2025-11,baseline,201,1115590,1115590,1,97856.75,97856.25641848524,0.49358151476251555,4.9358151476251555,sl,0.0,-0.09835033151476191,0.09785675,5.0,ifvg,0.001,-0.1962070815147619
2025-11,baseline,202,1115590,1115590,1,97895.2,97894.21283697047,0.9871630295250311,9.871630295250311,sl,0.0,-0.0988823630295238,0.0978952,5.0,ifvg,0.001,-0.19677756302952382
2025-11,baseline,203,1109709,1122925,-1,99283.8,96073.8,267.5,3210.0,tp,13283.0,3.1107162,0.0992838,5.0,ifvg_clean,0.001,3.0114324000000003
2025-11,baseline,204,1132470,1132470,1,97098.95,97098.45959692898,0.49040307101727554,4.904030710172755,sl,0.0,-0.09758935307101678,0.09709895,5.0,ifvg,0.001,-0.19468830307101678
2025-11,baseline,205,1132470,1132470,1,97124.5,97123.51919385797,0.9808061420345511,9.80806142034551,sl,0.0,-0.09810530614203354,0.0971245,5.0,ifvg,0.001,-0.19522980614203356
2025-11,baseline,206,1132474,1132474,1,97073.4,97074.4,0.1,1.0,tp,0.0,-0.09607339999999999,0.09707339999999999,5.0,ifvg,0.001,-0.19314679999999998
2025-11,baseline,207,1132470,1132560,-1,97077.4,97125.0,255.5000000000291,3066.0000000003492,inv,90.0,-0.1446774000000058,0.0970774,5.0,ifvg_clean,0.001,-0.24175480000000582
2025-11,baseline,208,1133022,1133022,-1,96893.3,96893.79007936508,0.49007936507936395,4.90079365079364,sl,0.0,-0.09738337936507407,0.09689330000000002,5.0,ifvg,0.001,-0.1942766793650741
2025-11,baseline,209,1133022,1133022,-1,96868.6,96869.58015873017,0.9801587301587279,9.80158730158728,sl,0.0,-0.09784875873016267,0.09686860000000001,5.0,ifvg,0.001,-0.1947173587301627
2025-11,baseline,210,1133022,1133024,1,96901.7,96868.1,246.9999999999709,2963.9999999996508,inv,2.0,-0.13050169999999128,0.09690170000000001,5.0,ifvg_clean,0.001,-0.2274033999999913
2025-11,baseline,211,1133153,1133153,-1,96918.0,96917.0,0.1,1.0,tp,0.0,-0.095918,0.096918,5.0,ifvg,0.001,-0.192836
2025-11,baseline,212,1139444,1139444,1,96625.0,96624.9,0.1,1.0,inv,0.0,-0.09672500000000582,0.096625,5.0,ifvg,0.001,-0.19335000000000582
2025-11,baseline,213,1139444,1139444,1,96636.45,96635.97092050209,0.4790794979079447,4.790794979079447,sl,0.0,-0.09711552949790533,0.09663645,5.0,ifvg,0.001,-0.19375197949790535
2025-11,baseline,214,1139444,1139444,1,96647.9,96646.94184100418,0.9581589958158894,9.581589958158894,sl,0.0,-0.09760605899581065,0.0966479,5.0,ifvg,0.001,-0.19425395899581066
2025-11,baseline,215,1139444,1143616,-1,96622.3,95248.30000000035,114.4999999999709,1373.9999999996508,tp,4172.0,1.277377699999651,0.09662230000000001,5.0,ifvg_clean,0.001,1.180755399999651
2025-11,baseline,216,1158467,1158467,1,97173.5,97173.4,0.1,1.0,sl,0.0,-0.09727350000000583,0.09717350000000001,5.0,ifvg,0.001,-0.19444700000000584
2025-11,baseline,217,1158467,1158467,1,97187.6,97187.11712328768,0.4828767123290146,4.828767123290146,sl,0.0,-0.09767047671232537,0.0971876,5.0,ifvg,0.001,-0.19485807671232536
2025-11,baseline,218,1158467,1158467,1,97201.7,97200.73424657535,0.9657534246575308,9.657534246575308,sl,0.0,-0.09816745342465076,0.0972017,5.0,ifvg,0.001,-0.19536915342465078
2025-11,baseline,219,1158467,1158962,-1,97165.0,97202.2,140.99999999998545,1691.9999999998254,inv,496.0,-0.1343649999999971,0.097165,5.0,ifvg_clean,0.001,-0.2315299999999971
2025-11,baseline,220,1239419,1239419,1,96339.7,96339.21050420168,0.489495798319329,4.89495798319329,sl,0.0,-0.0968291957983197,0.0963397,5.0,ifvg,0.001,-0.1931688957983197
2025-11,baseline,221,1239419,1239419,1,96363.0,96362.02100840336,0.978991596638658,9.78991596638658,sl,0.0,-0.0973419915966394,0.096363,5.0,ifvg,0.001,-0.1937049915966394
2025-11,baseline,222,1239425,1239425,1,96316.4,96317.4,0.1,1.0,tp,0.0,-0.09531640000000001,0.09631640000000001,5.0,ifvg,0.001,-0.19163280000000002
2025-11,baseline,223,1295285,1295285,1,95999.3,95998.80448028674,0.495519713261649,4.95519713261649,sl,0.0,-0.09649481971326583,0.09599930000000001,5.0,ifvg,0.001,-0.19249411971326585
2025-11,baseline,224,1295285,1295285,1,96054.6,96053.60896057349,0.991039426523298,9.91039426523298,sl,0.0,-0.09704563942651709,0.0960546,5.0,ifvg,0.001,-0.1931002394265171
2025-11,baseline,225,1295385,1295385,1,95944.0,95945.0,0.1,1.0,tp,0.0,-0.094944,0.095944,5.0,ifvg,0.001,-0.190888
2025-11,baseline,226,1295285,1298192,-1,95949.0,96055.1,553.0000000000291,6636.000000000349,inv,3017.0,-0.20204900000000584,0.095949,5.0,ifvg_clean,0.001,-0.29799800000000587
2025-11,baseline,227,1239419,1301378,-1,96324.4,96363.5,233.0000000000291,2796.0000000003492,inv,66079.0,-0.13542440000000583,0.0963244,5.0,ifvg_clean,0.001,-0.23174880000000583
2025-11,baseline,228,1312892,1312892,1,95601.5,95601.4,0.1,1.0,inv,0.0,-0.09570150000000582,0.0956015,5.0,ifvg,0.001,-0.19130300000000583
2025-11,baseline,229,1312892,1312892,1,95615.1,95614.61773049647,0.48226950354635545,4.822695035463554,sl,0.0,-0.09609736950354002,0.09561510000000001,5.0,ifvg,0.001,-0.19171246950354004
2025-11,baseline,230,1312892,1312892,1,95628.7,95627.7354609929,0.9645390070921949,9.645390070921948,sl,0.0,-0.09659323900709457,0.0956287,5.0,ifvg,0.001,-0.19222193900709456
2025-11,baseline,231,1312892,1313005,-1,95592.6,95728.59999999999,135.99999999998545,1631.9999999998254,sl,114.0,-0.23159259999998544,0.0955926,5.0,ifvg_clean,0.001,-0.3271851999999854
2025-11,baseline,232,1115590,1344338,-1,97835.9,93221.90000000034,384.4999999999709,4613.999999999651,tp,234910.0,4.516164099999651,0.0978359,5.0,ifvg_clean,0.001,4.418328199999651
2025-11,baseline,233,1354451,1354451,1,94679.7,94679.2096153846,0.4903846153846154,4.903846153846154,sl,0.0,-0.09517008461539021,0.0946797,5.0,ifvg,0.001,-0.1898497846153902
2025-11,baseline,234,1354451,1354451,1,94705.2,94704.21923076923,0.9807692307692308,9.807692307692308,sl,0.0,-0.09568596923076587,0.0947052,5.0,ifvg,0.001,-0.19039116923076588
2025-11,baseline,235,1354451,1354462,-1,94659.3,94705.7,255.0,3060.0,inv,11.0,-0.14105929999999417,0.0946593,5.0,ifvg_clean,0.001,-0.23571859999999417
2025-11,baseline,236,1354537,1354537,-1,94877.7,94877.8,0.1,1.0,inv,0.0,-0.09497770000000583,0.09487770000000001,5.0,ifvg,0.001,-0.18985540000000584
2025-11,baseline,237,1354537,1354537,-1,94866.04999999999,94866.5294238683,0.4794238683130591,4.794238683130591,sl,0.0,-0.09534547386830981,0.09486605,5.0,ifvg,0.001,-0.1902115238683098
2025-11,baseline,238,1354537,1354537,-1,94854.4,94855.35884773661,0.9588477366255194,9.588477366255194,sl,0.0,-0.09581324773661964,0.0948544,5.0,ifvg,0.001,-0.19066764773661965
2025-11,baseline,239,1354537,1358198,1,94882.3,94765.79999999999,116.50000000001455,1398.0000000001746,sl,3713.0,-0.21138230000001457,0.0948823,5.0,ifvg_clean,0.001,-0.30626460000001454
2025-11,baseline,240,1381472,1381472,1,95751.4,95750.91196172248,0.4880382775117885,4.880382775117885,sl,0.0,-0.09623943827751542,0.09575139999999999,5.0,ifvg,0.001,-0.1919908382775154
2025-11,baseline,241,1381472,1381472,1,95771.8,95770.82392344497,0.9760765550239251,9.76076555023925,sl,0.0,-0.09674787655503089,0.0957718,5.0,ifvg,0.001,-0.19251967655503088
2025-11,baseline,242,1381472,1381481,-1,95747.5,95772.3,204.00000000001455,2448.0000000001746,inv,9.0,-0.12054750000000292,0.0957475,5.0,ifvg_clean,0.001,-0.2162950000000029
2025-11,baseline,243,1381555,1381555,1,95731.0,95732.0,0.1,1.0,tp,0.0,-0.09473100000000001,0.09573100000000001,5.0,ifvg,0.001,-0.19046200000000002
2025-11,baseline,244,1403745,1403745,-1,95304.2,95304.3,0.1,1.0,inv,0.0,-0.09540420000000581,0.09530419999999999,5.0,ifvg,0.001,-0.1907084000000058
2025-11,baseline,245,1403745,1403745,-1,95270.75,95271.24263622976,0.49263622974963117,4.926362297496311,sl,0.0,-0.09576338622975561,0.09527075000000002,5.0,ifvg,0.001,-0.19103413622975562
2025-11,baseline,246,1403745,1403745,-1,95237.3,95238.2852724595,0.9852724594992623,9.852724594992623,sl,0.0,-0.09622257245949664,0.09523730000000001,5.0,ifvg,0.001,-0.19145987245949664
2025-11,baseline,247,1403745,1403936,1,95304.8,94970.30000000003,334.4999999999709,4013.9999999996508,sl,191.0,-0.4298047999999709,0.09530480000000001,5.0,ifvg_clean,0.001,-0.5251095999999709
2025-11,baseline,248,1408035,1408035,1,93729.45,93728.95297796307,0.497022036926742,4.9702203692674205,inv,0.0,-0.09422647203692869,0.09372945,5.0,ifvg,0.001,-0.18795592203692868
2025-11,baseline,249,1408035,1408035,1,93812.9,93811.90595592614,0.994044073853484,9.940440738534841,sl,0.0,-0.09480694407385737,0.0938129,5.0,ifvg,0.001,-0.18861984407385737
2025-11,baseline,250,1408042,1408042,1,93646.0,93645.9,0.1,1.0,inv,0.0,-0.09374600000000582,0.09364600000000001,5.0,ifvg,0.001,-0.18739200000000583
2025-11,baseline,251,1411077,1411077,-1,94382.2,94383.18546511627,0.9854651162790704,9.854651162790704,sl,0.0,-0.09536766511627501,0.0943822,5.0,fvg,0.001,-0.189749865116275
2025-11,baseline,252,1450615,1450615,1,90737.25,90736.76026694046,0.489733059548257,4.89733059548257,inv,0.0,-0.09122698305954133,0.09073725,5.0,ifvg,0.001,-0.18196423305954135
2025-11,baseline,253,1450615,1450615,1,90761.1,90760.12053388091,0.979466119096514,9.79466119096514,sl,0.0,-0.09174056611909721,0.09076110000000001,5.0,ifvg,0.001,-0.18250166611909724
2025-11,baseline,254,1450805,1450805,1,90713.4,90713.29999999999,0.1,1.0,inv,0.0,-0.09081340000000582,0.0907134,5.0,ifvg,0.001,-0.18152680000000582
2025-11,baseline,255,1450615,1466534,-1,90717.1,90955.60000000006,238.5000000000582,2862.0000000006985,sl,15924.0,-0.3292171000000582,0.09071710000000001,5.0,ifvg_clean,0.001,-0.4199342000000582
2025-11,baseline,256,1496387,1496387,-1,93586.7,93586.8,0.1,1.0,inv,0.0,-0.09368670000000581,0.0935867,5.0,ifvg,0.001,-0.1872734000000058
2025-11,baseline,257,1496387,1496387,-1,93568.35,93568.83673740053,0.48673740053030995,4.867374005303099,sl,0.0,-0.09405508740052619,0.09356835000000001,5.0,ifvg,0.001,-0.1876234374005262
2025-11,baseline,258,1496387,1496387,-1,93550.0,93550.97347480107,0.9734748010610059,9.734748010610058,sl,0.0,-0.0945234748010669,0.09355,5.0,ifvg,0.001,-0.1880734748010669
2025-11,baseline,259,1496387,1496618,1,93583.5,93400.00000000001,183.49999999998545,2201.9999999998254,sl,231.0,-0.27708349999998544,0.0935835,5.0,ifvg_clean,0.001,-0.3706669999999854
2025-11,baseline,260,1500400,1500400,-1,93285.85,93286.32716894978,0.47716894977136637,4.7716894977136635,sl,0.0,-0.09376301894977204,0.09328585000000002,5.0,ifvg,0.001,-0.18704886894977207
2025-11,baseline,261,1500400,1500400,-1,93275.4,93276.35433789954,0.9543378995433972,9.543378995433972,sl,0.0,-0.09422973789954404,0.0932754,5.0,ifvg,0.001,-0.18750513789954404
2025-11,baseline,262,1500400,1500403,1,93290.4,93274.9,104.50000000004366,1254.0000000005239,inv,3.0,-0.1087904,0.0932904,5.0,ifvg_clean,0.001,-0.2020808
2025-11,baseline,263,1500419,1500419,-1,93296.3,93295.3,0.1,1.0,tp,0.0,-0.0922963,0.0932963,5.0,ifvg,0.001,-0.1855926
2025-11,baseline,264,1500747,1500747,1,93225.9,93225.41851851852,0.48148148148148145,4.814814814814815,inv,0.0,-0.09370738148147448,0.0932259,5.0,ifvg,0.001,-0.18693328148147448
2025-11,baseline,265,1500747,1500747,1,93238.9,93237.93703703703,0.9629629629629629,9.62962962962963,sl,0.0,-0.0942018629629635,0.0932389,5.0,ifvg,0.001,-0.1874407629629635
2025-11,baseline,266,1500751,1500751,1,93212.9,93212.79999999999,0.1,1.0,inv,0.0,-0.0933129000000058,0.09321289999999999,5.0,ifvg,0.001,-0.1865258000000058
2025-11,baseline,267,1500747,1501545,-1,93214.6,93344.6,130.0,1560.0,sl,806.0,-0.2232146,0.09321460000000001,5.0,ifvg_clean,0.001,-0.3164292
2025-11,baseline,268,1504682,1504682,1,93493.75,93493.26123595505,0.4887640449438202,4.8876404494382015,sl,0.0,-0.09398251404494515,0.09349375000000001,5.0,ifvg,0.001,-0.18747626404494516
2025-11,baseline,269,1504682,1504682,1,93515.5,93514.52247191011,0.9775280898876404,9.775280898876403,sl,0.0,-0.09449302808989025,0.0935155,5.0,ifvg,0.001,-0.18800852808989027
2025-11,baseline,270,1504712,1504712,1,93472.0,93473.0,0.1,1.0,tp,0.0,-0.09247200000000001,0.09347200000000001,5.0,ifvg,0.001,-0.18594400000000003
2025-11,baseline,271,1504682,1507327,-1,93474.8,93516.0,217.5,2610.0,inv,2703.0,-0.1346747999999971,0.09347480000000001,5.0,ifvg_clean,0.001,-0.22814959999999712
2025-11,baseline,272,1508800,1508800,-1,93164.0,93163.0,0.1,1.0,tp,0.0,-0.092164,0.093164,5.0,ifvg,0.001,-0.185328
2025-11,baseline,273,1508800,1508800,-1,93152.0,93152.48,0.48,4.8,sl,0.0,-0.09363199999999593,0.093152,5.0,ifvg,0.001,-0.18678399999999593
2025-11,baseline,274,1508800,1508800,-1,93140.0,93140.96,0.96,9.6,sl,0.0,-0.0941000000000064,0.09314,5.0,ifvg,0.001,-0.1872400000000064
2025-11,baseline,275,1508800,1508834,1,93162.9,93139.5,120.0,1440.0,inv,36.0,-0.11656289999999417,0.09316289999999999,5.0,ifvg_clean,0.001,-0.20972579999999416
2025-11,baseline,276,1510790,1510790,-1,92896.8,92897.28768472906,0.4876847290640412,4.876847290640412,sl,0.0,-0.09338448472905794,0.0928968,5.0,ifvg,0.001,-0.18628128472905794
2025-11,baseline,277,1510790,1510790,-1,92877.0,92877.97536945813,0.9753694581280824,9.753694581280824,sl,0.0,-0.09385236945813044,0.092877,5.0,ifvg,0.001,-0.18672936945813046
2025-11,baseline,278,1510794,1510794,-1,92916.6,92915.6,0.1,1.0,tp,0.0,-0.0919166,0.0929166,5.0,ifvg,0.001,-0.1848332
2025-11,baseline,279,1510790,1510966,1,92915.2,92876.5,198.0000000000291,2376.0000000003492,inv,179.0,-0.1316151999999971,0.0929152,5.0,ifvg_clean,0.001,-0.2245303999999971
2025-11,baseline,280,1516627,1516627,-1,93035.45000000001,93035.94051233398,0.49051233396570576,4.905123339657058,inv,0.0,-0.09352596233397042,0.09303545000000002,5.0,ifvg,0.001,-0.18656141233397044
2025-11,baseline,281,1516627,1516627,-1,93009.6,93010.58102466793,0.9810246679316877,9.810246679316878,sl,0.0,-0.09399062466792626,0.09300960000000001,5.0,ifvg,0.001,-0.18700022466792626
2025-11,baseline,282,1516675,1516675,-1,93061.3,93061.40000000001,0.1,1.0,inv,0.0,-0.09316130000000582,0.0930613,5.0,ifvg,0.001,-0.18622260000000582
2025-11,baseline,283,1516627,1519626,1,93049.4,92790.90000000001,258.49999999998545,3101.9999999998254,sl,3086.0,-0.35154939999998547,0.09304939999999999,5.0,ifvg_clean,0.001,-0.4445987999999855
2025-11,baseline,284,1583263,1583263,1,89953.3,89952.3167785235,0.9832214765100689,9.832214765100689,sl,0.0,-0.09093652147650469,0.0899533,5.0,fvg,0.001,-0.18088982147650468
2025-11,baseline,285,1583266,1583266,1,89924.0,89928.91610738255,0.49161073825503443,4.9161073825503445,tp,0.0,-0.08500789261744743,0.089924,5.0,fvg,0.001,-0.17493189261744743
2025-11,baseline,286,1583267,1583267,1,89894.7,89895.7,0.1,1.0,tp,0.0,-0.08889470000000001,0.08989470000000001,5.0,fvg,0.001,-0.17878940000000001
2025-11,baseline,287,1596844,1596844,-1,89257.0,89257.1,0.1,1.0,inv,0.0,-0.08935700000000582,0.089257,5.0,ifvg,0.001,-0.17861400000000582
2025-11,baseline,288,1596844,1596844,-1,89220.4,89220.89326145552,0.4932614555257042,4.932614555257042,sl,0.0,-0.08971366145552914,0.0892204,5.0,ifvg,0.001,-0.17893406145552915
2025-11,baseline,289,1596844,1596844,-1,89183.8,89184.78652291106,0.9865229110512124,9.865229110512123,sl,0.0,-0.09017032291105828,0.08918380000000001,5.0,ifvg,0.001,-0.1793541229110583
2025-11,baseline,290,1597353,1597353,1,89550.9,89550.40999999999,0.49,4.9,sl,0.0,-0.09004090000000524,0.0895509,5.0,ifvg,0.001,-0.17959180000000524
2025-11,baseline,291,1597353,1597353,1,89575.4,89574.42,0.98,9.8,sl,0.0,-0.09055539999999593,0.0895754,5.0,ifvg,0.001,-0.18013079999999593
2025-11,baseline,292,1597360,1597360,1,89526.4,89527.4,0.1,1.0,tp,0.0,-0.08852639999999999,0.08952639999999999,5.0,ifvg,0.001,-0.17805279999999998
2025-11,baseline,293,1597353,1597407,-1,89528.6,89575.9,245.0,2940.0,inv,54.0,-0.13682859999998837,0.08952860000000001,5.0,ifvg_clean,0.001,-0.22635719999998838
2025-11,baseline,294,1627245,1627245,-1,92835.85,92836.32630331755,0.4763033175351904,4.763033175351904,sl,0.0,-0.09331215331754045,0.09283585000000001,5.0,fvg,0.001,-0.18614800331754044
2025-11,baseline,295,1627245,1627245,-1,92825.8,92826.75260663507,0.9526066350710705,9.526066350710705,sl,0.0,-0.09377840663506633,0.0928258,5.0,fvg,0.001,-0.18660420663506633
2025-11,baseline,296,1656230,1656230,1,91838.5,91838.00551876379,0.49448123620309087,4.944812362030909,sl,0.0,-0.09233298123620823,0.0918385,5.0,ifvg,0.001,-0.18417148123620825
2025-11,baseline,297,1656230,1656230,1,91883.3,91882.3110375276,0.9889624724061817,9.889624724061818,sl,0.0,-0.0928722624724019,0.0918833,5.0,ifvg,0.001,-0.1847555624724019
2025-11,baseline,298,1656230,1656232,-1,91820.8,91883.8,448.0000000000291,5376.000000000349,inv,2.0,-0.1548208,0.09182080000000001,5.0,ifvg_clean,0.001,-0.24664160000000002
2025-11,baseline,299,1656541,1656541,1,91793.7,91794.7,0.1,1.0,tp,0.0,-0.0907937,0.0917937,5.0,ifvg,0.001,-0.1825874
2025-11,baseline,300,1657740,1657740,1,91739.7,91738.7096805421,0.990319457889642,9.90319457889642,sl,0.0,-0.09273001945789466,0.09173970000000001,5.0,fvg,0.001,-0.18446971945789467
2025-11,baseline,301,1657742,1657742,1,91688.54999999999,91688.05484027104,0.4951597289447506,4.9515972894475055,sl,0.0,-0.09218370972894732,0.09168855,5.0,fvg,0.001,-0.18387225972894733
2025-11,baseline,302,1657824,1657824,1,91637.4,91638.4,0.1,1.0,tp,0.0,-0.0906374,0.09163740000000001,5.0,fvg,0.001,-0.18227480000000001
2025-11,baseline,303,1662107,1662107,-1,90840.7,90841.66987951807,0.9698795180722865,9.698795180722865,sl,0.0,-0.09181057951807386,0.0908407,5.0,fvg,0.001,-0.18265127951807386
2025-11,baseline,304,1662111,1662111,-1,90856.79999999999,90857.28493975902,0.4849397590363624,4.8493975903636235,sl,0.0,-0.09134173975902966,0.0908568,5.0,fvg,0.001,-0.18219853975902967
2025-11,baseline,305,1662121,1662121,-1,90872.9,90871.9,0.1,1.0,tp,0.0,-0.0898729,0.0908729,5.0,fvg,0.001,-0.1807458
2025-11,baseline,306,1596844,1665663,1,89255.8,88889.80000000002,365.99999999998545,4391.999999999825,sl,69538.0,-0.45525579999998544,0.08925580000000001,5.0,ifvg_clean,0.001,-0.5445115999999854
2025-11,baseline,307,1408035,1721124,-1,93649.8,83635.80000000035,834.4999999999709,10013.99999999965,tp,315124.0,9.920350199999652,0.0936498,5.0,ifvg_clean,0.001,9.826700399999652
2025-11,baseline,308,1731560,1731560,1,82218.3,82218.2,0.1,1.0,inv,0.0,-0.08231830000000581,0.0822183,5.0,ifvg,0.001,-0.1645366000000058
2025-11,baseline,309,1731560,1731560,1,82253.35,82252.85703234881,0.49296765119560076,4.929676511956008,sl,0.0,-0.08274631765119654,0.08225335000000002,5.0,ifvg,0.001,-0.16499966765119656
2025-11,baseline,310,1731560,1731560,1,82288.4,82287.4140646976,0.9859353023909969,9.85935302390997,sl,0.0,-0.08327433530239305,0.0822884,5.0,ifvg,0.001,-0.16556273530239304
2025-11,baseline,311,1731560,1731923,-1,82220.0,82570.49999999996,350.49999999995634,4205.999999999476,sl,363.0,-0.43271999999995636,0.08222,5.0,ifvg_clean,0.001,-0.5149399999999563
2025-11,baseline,312,1737793,1737793,-1,82097.1,82096.1,0.1,1.0,tp,0.0,-0.08109710000000002,0.08209710000000002,5.0,ifvg,0.001,-0.16319420000000004
2025-11,baseline,313,1737793,1737793,-1,82068.05,82068.54153976311,0.49153976311336806,4.915397631133681,sl,0.0,-0.08255958976311209,0.08206805,5.0,ifvg,0.001,-0.1646276397631121
2025-11,baseline,314,1737793,1737793,-1,82039.0,82039.98307952622,0.9830795262267361,9.830795262267362,sl,0.0,-0.08302207952622417,0.082039,5.0,ifvg,0.001,-0.16506107952622417
2025-11,baseline,315,1737793,1737823,1,82096.4,82038.5,290.5000000000291,3486.0000000003492,inv,30.0,-0.1399963999999942,0.0820964,5.0,ifvg_clean,0.001,-0.2220927999999942
2025-11,baseline,316,1750460,1750460,1,82784.7,82810.8,131.50000000001455,1578.0000000001746,inv,0.0,-0.05668469999999418,0.0827847,5.0,ifvg_clean,0.001,-0.1394693999999942
2025-11,baseline,317,1750465,1750465,-1,82824.45000000001,82819.63315018316,0.48168498168471713,4.816849816847172,tp,0.0,-0.07800760018314754,0.08282445000000002,5.0,ifvg,0.001,-0.16083205018314756
2025-11,baseline,318,1750465,1750465,-1,82811.3,82801.6663003663,0.9633699633699673,9.633699633699672,tp,0.0,-0.07317760036629505,0.0828113,5.0,ifvg,0.001,-0.15598890036629504
2025-11,baseline,319,1750467,1750467,-1,82837.6,82836.6,0.1,1.0,tp,0.0,-0.08183760000000001,0.08283760000000001,5.0,ifvg,0.001,-0.16467520000000002
2025-11,baseline,320,1751277,1751277,1,83013.20000000001,83012.70451263539,0.4954873646210044,4.954873646210044,inv,0.0,-0.08350868736462021,0.08301320000000001,5.0,ifvg,0.001,-0.1665218873646202
2025-11,baseline,321,1751277,1751277,1,83068.1,83067.10902527077,0.9909747292418775,9.909747292418775,sl,0.0,-0.08405907472924042,0.0830681,5.0,ifvg,0.001,-0.16712717472924044
2025-11,baseline,322,1751348,1751348,1,82958.3,82958.2,0.1,1.0,inv,0.0,-0.08305830000000583,0.08295830000000001,5.0,ifvg,0.001,-0.16601660000000584
2025-11,baseline,323,1752692,1752692,-1,82717.3,82717.40000000001,0.1,1.0,sl,0.0,-0.08281730000000583,0.08271730000000001,5.0,fvg,0.001,-0.16553460000000583
2025-11,baseline,324,1752692,1752692,-1,82705.05,82705.53039215687,0.4803921568627451,4.803921568627451,sl,0.0,-0.08318544215686731,0.08270505,5.0,fvg,0.001,-0.1658904921568673
2025-11,baseline,325,1752692,1752692,-1,82692.8,82693.76078431372,0.9607843137254902,9.607843137254902,sl,0.0,-0.08365358431372008,0.08269280000000001,5.0,fvg,0.001,-0.1663463843137201
2025-11,baseline,326,1751277,1753724,-1,82960.7,83509.70000000001,549.0000000000146,6588.000000000175,sl,2447.0,-0.6319607000000146,0.0829607,5.0,ifvg_clean,0.001,-0.7149214000000146
2025-11,baseline,327,1754272,1754272,-1,83361.0,83361.1,0.1,1.0,inv,0.0,-0.08346100000000582,0.083361,5.0,ifvg,0.001,-0.16682200000000583
2025-11,baseline,328,1754272,1754272,-1,83296.0,83296.49618320611,0.4961832061068702,4.961832061068702,sl,0.0,-0.08379218320610898,0.08329600000000001,5.0,ifvg,0.001,-0.167088183206109
2025-11,baseline,329,1754272,1754272,-1,83231.0,83231.99236641222,0.9923664122137404,9.923664122137405,sl,0.0,-0.08422336641221798,0.08323100000000001,5.0,ifvg,0.001,-0.167454366412218
2025-11,baseline,330,1759748,1759748,-1,83469.1,83469.20000000001,0.1,1.0,sl,0.0,-0.08356910000000584,0.08346910000000002,5.0,ifvg,0.001,-0.16703820000000585
2025-11,baseline,331,1759748,1759748,-1,83440.0,83440.49155405405,0.49155405405405567,4.915540540540556,sl,0.0,-0.08393155405405327,0.08344,5.0,ifvg,0.001,-0.16737155405405327
2025-11,baseline,332,1759748,1759748,-1,83410.9,83411.8831081081,0.9831081081081113,9.831081081081113,sl,0.0,-0.08439400810810653,0.0834109,5.0,ifvg,0.001,-0.16780490810810653
2025-11,baseline,333,1759748,1759766,1,83468.4,83410.4,291.0000000000582,3492.0000000006985,inv,18.0,-0.1414684,0.0834684,5.0,ifvg_clean,0.001,-0.2249368
2025-11,baseline,334,1785661,1785661,-1,85161.15,85156.24276437848,0.4907235621522701,4.907235621522701,tp,0.0,-0.08025391437848166,0.08516114999999999,5.0,fvg,0.001,-0.16541506437848164
2025-11,baseline,335,1785661,1785661,-1,85134.7,85135.6814471243,0.9814471243042703,9.814471243042703,sl,0.0,-0.08611614712430075,0.0851347,5.0,fvg,0.001,-0.17125084712430075
2025-11,baseline,336,1785760,1785760,1,84978.0,84979.0,0.1,1.0,tp,0.0,-0.08397800000000001,0.08497800000000001,5.0,ifvg,0.001,-0.16895600000000002
2025-11,baseline,337,1785760,1785760,1,84994.8,84994.31445086705,0.4855491329479793,4.8554913294797934,sl,0.0,-0.08548034913295083,0.0849948,5.0,ifvg,0.001,-0.1704751491329508
2025-11,baseline,338,1785760,1785760,1,85011.6,85010.6289017341,0.9710982658959586,9.710982658959587,sl,0.0,-0.08598269826590169,0.0850116,5.0,ifvg,0.001,-0.17099429826590168
2025-11,baseline,339,1785760,1785826,-1,84982.6,85012.1,168.0000000000291,2016.0000000003492,inv,67.0,-0.1144826,0.0849826,5.0,ifvg_clean,0.001,-0.1994652
2025-11,baseline,340,1786576,1786576,-1,85079.75,85080.23583569405,0.48583569405098687,4.858356940509869,inv,0.0,-0.0855655856940531,0.08507975000000001,5.0,ifvg,0.001,-0.1706453356940531
2025-11,baseline,341,1786576,1786576,-1,85062.6,85063.57167138811,0.9716713881019737,9.716713881019738,sl,0.0,-0.0860342713881062,0.0850626,5.0,ifvg,0.001,-0.1710968713881062
2025-11,baseline,342,1786599,1786599,-1,85096.9,85097.0,0.1,1.0,inv,0.0,-0.0851969000000058,0.08509689999999999,5.0,ifvg,0.001,-0.1702938000000058
2025-11,baseline,343,1786576,1787710,1,85096.6,84925.10000000006,171.4999999999418,2057.9999999993015,sl,1162.0,-0.2565965999999418,0.08509660000000001,5.0,ifvg_clean,0.001,-0.3416931999999418
2025-11,baseline,344,1788954,1788954,1,84697.29999999999,84696.81908396946,0.48091603053407134,4.809160305340713,inv,0.0,-0.08517821603053034,0.08469729999999999,5.0,ifvg,0.001,-0.16987551603053033
2025-11,baseline,345,1788954,1788954,1,84709.9,84708.93816793892,0.9618320610686981,9.61832061068698,sl,0.0,-0.08567173206107524,0.08470989999999999,5.0,ifvg,0.001,-0.17038163206107523
2025-11,baseline,346,1788956,1788956,1,84684.7,84684.59999999999,0.1,1.0,inv,0.0,-0.0847847000000058,0.08468469999999999,5.0,ifvg,0.001,-0.1694694000000058
2025-11,baseline,347,1805001,1805001,-1,84660.1,84660.58842592593,0.48842592592575673,4.8842592592575675,inv,0.0,-0.08514852592592702,0.08466010000000002,5.0,ifvg,0.001,-0.16980862592592705
2025-11,baseline,348,1805001,1805001,-1,84639.0,84639.97685185185,0.9768518518518503,9.768518518518503,sl,0.0,-0.085615851851854,0.08463899999999999,5.0,ifvg,0.001,-0.170254851851854
2025-11,baseline,349,1805001,1805756,1,84670.5,84459.50000000001,210.99999999998545,2531.9999999998254,sl,762.0,-0.29567049999998546,0.08467050000000001,5.0,ifvg_clean,0.001,-0.3803409999999855
2025-11,baseline,350,1809740,1809740,1,84347.7,84346.62291666666,1.0770833333333334,10.770833333333334,sl,0.0,-0.08542478333333722,0.08434770000000001,5.0,fvg,0.001,-0.16977248333333722
2025-11,baseline,351,1809745,1809745,1,84324.2,84323.66145833333,0.5385416666666667,5.385416666666667,sl,0.0,-0.08486274166666861,0.0843242,5.0,fvg,0.001,-0.16918694166666862
2025-11,baseline,352,1809747,1809747,1,84300.7,84301.8,0.11000000000000001,1.1,tp,0.0,-0.08320069999999417,0.08430069999999999,5.0,fvg,0.001,-0.16750139999999417
2025-11,baseline,353,1810764,1810764,-1,84134.5,84134.99335106384,0.49335106382978827,4.933510638297883,sl,0.0,-0.0846278510638366,0.0841345,5.0,ifvg,0.001,-0.1687623510638366
2025-11,baseline,354,1810764,1810764,-1,84097.4,84098.38670212765,0.9867021276595765,9.867021276595766,sl,0.0,-0.08508410212765863,0.08409739999999999,5.0,ifvg,0.001,-0.16918150212765862
2025-11,baseline,355,1810765,1810765,-1,84171.6,84170.6,0.1,1.0,tp,0.0,-0.08317160000000001,0.08417160000000001,5.0,ifvg,0.001,-0.16734320000000003
2025-11,baseline,356,1810764,1810785,1,84155.5,84096.9,371.0000000000582,4452.0000000006985,inv,21.0,-0.14275550000000584,0.08415550000000001,5.0,ifvg_clean,0.001,-0.22691100000000586
2025-11,baseline,357,1827119,1827119,-1,84000.2,84000.68031496063,0.48031496062991674,4.803149606299168,inv,0.0,-0.08448051496063048,0.0840002,5.0,ifvg,0.001,-0.1684807149606305
2025-11,baseline,358,1827119,1827119,-1,83988.0,83988.96062992126,0.9606299212598335,9.606299212598335,sl,0.0,-0.084948629921261,0.08398800000000001,5.0,ifvg,0.001,-0.16893662992126102
2025-11,baseline,359,1827137,1827137,-1,84012.4,84012.5,0.1,1.0,inv,0.0,-0.08411240000000582,0.0840124,5.0,ifvg,0.001,-0.16812480000000582
2025-11,baseline,360,1827119,1827889,1,84009.4,83887.40000000002,121.9999999999709,1463.9999999996508,sl,776.0,-0.2060093999999709,0.0840094,5.0,ifvg_clean,0.001,-0.2900187999999709
2025-11,baseline,361,1828819,1828819,-1,83733.1,83734.08689384011,0.9868938401048473,9.868938401048473,sl,0.0,-0.08471999384010505,0.0837331,5.0,fvg,0.001,-0.16845309384010504
2025-11,baseline,362,1828891,1828891,-1,83770.75,83771.24344692005,0.49344692005242363,4.934469200524236,sl,0.0,-0.08426419692005252,0.08377075,5.0,fvg,0.001,-0.16803494692005252
2025-11,baseline,363,1829025,1829025,-1,83808.4,83807.4,0.1,1.0,tp,0.0,-0.08280839999999999,0.08380839999999999,5.0,fvg,0.001,-0.16661679999999998
2025-11,baseline,364,1838575,1838575,1,84496.8,84496.7,0.1,1.0,sl,0.0,-0.08459680000000583,0.08449680000000001,5.0,ifvg,0.001,-0.16909360000000584
2025-11,baseline,365,1838575,1838575,1,84520.25,84519.76043841336,0.4895615866388296,4.895615866388296,sl,0.0,-0.08500981158664078,0.08452025,5.0,ifvg,0.001,-0.1695300615866408
2025-11,baseline,366,1838575,1838575,1,84543.7,84542.72087682672,0.9791231732776592,9.791231732776591,sl,0.0,-0.08552282317328155,0.0845437,5.0,ifvg,0.001,-0.17006652317328155
2025-11,baseline,367,1838575,1838644,-1,84497.3,84544.2,234.4999999999709,2813.9999999996508,inv,71.0,-0.1313972999999942,0.08449730000000001,5.0,ifvg_clean,0.001,-0.21589459999999422
2025-11,baseline,368,1788954,1839815,-1,84684.9,84810.89999999998,125.99999999998545,1511.9999999998254,sl,51481.0,-0.21068489999998546,0.08468490000000001,5.0,ifvg_clean,0.001,-0.29536979999998547
2025-11,baseline,369,1870385,1870385,1,85773.7,85773.2176056338,0.4823943661971795,4.8239436619717955,sl,0.0,-0.08625609436619043,0.08577370000000001,5.0,ifvg,0.001,-0.17202979436619042
2025-11,baseline,370,1870385,1870385,1,85787.4,85786.4352112676,0.964788732394359,9.647887323943591,sl,0.0,-0.08675218873239537,0.08578739999999999,5.0,ifvg,0.001,-0.17253958873239536
2025-11,baseline,371,1870395,1870395,1,85760.0,85761.0,0.1,1.0,tp,0.0,-0.08476,0.08576,5.0,ifvg,0.001,-0.17052
2025-11,baseline,372,1870385,1870450,-1,85767.1,85787.9,136.9999999999709,1643.9999999996508,inv,65.0,-0.10656709999998837,0.08576710000000001,5.0,ifvg_clean,0.001,-0.19233419999998838
2025-11,baseline,373,1958568,1958568,1,87380.3,87380.2,0.1,1.0,sl,0.0,-0.08748030000000583,0.08738030000000001,5.0,ifvg,0.001,-0.17486060000000583
2025-11,baseline,374,1958568,1958568,1,87398.9,87398.41308900523,0.48691099476420646,4.869109947642064,sl,0.0,-0.08788581099476128,0.0873989,5.0,ifvg,0.001,-0.17528471099476128
2025-11,baseline,375,1958568,1958568,1,87417.5,87416.52617801048,0.9738219895287938,9.738219895287939,sl,0.0,-0.08839132198952256,0.08741750000000001,5.0,ifvg,0.001,-0.17580882198952258
2025-11,baseline,376,1958568,1958599,-1,87378.6,87418.0,185.99999999998545,2231.9999999998254,inv,32.0,-0.1267785999999942,0.0873786,5.0,ifvg_clean,0.001,-0.2141571999999942
2025-11,baseline,377,2000431,2000431,-1,85953.79999999999,85954.2834437086,0.4834437086095109,4.834437086095109,sl,0.0,-0.08643724370861013,0.08595379999999998,5.0,ifvg,0.001,-0.1723910437086101
2025-11,baseline,378,2000431,2000431,-1,85939.2,85940.16688741722,0.96688741721854,9.6688741721854,sl,0.0,-0.08690608741722028,0.08593920000000001,5.0,ifvg,0.001,-0.17284528741722027
2025-11,baseline,379,2000436,2000436,-1,85968.4,85967.4,0.1,1.0,tp,0.0,-0.0849684,0.0859684,5.0,ifvg,0.001,-0.1709368
2025-11,baseline,380,2000431,2000560,1,85960.5,85938.7,145.99999999998545,1751.9999999998254,inv,135.0,-0.10776050000000291,0.0859605,5.0,ifvg_clean,0.001,-0.19372100000000292
2025-11,baseline,381,2002177,2002177,-1,85498.0,85498.97920997921,0.9792099792099818,9.792099792099817,sl,0.0,-0.08647720997921028,0.085498,5.0,fvg,0.001,-0.1719752099792103
2025-11,baseline,382,2002190,2002190,-1,85521.55,85516.65395010395,0.4896049896049909,4.896049896049909,tp,0.0,-0.08062550010394859,0.08552155,5.0,fvg,0.001,-0.1661470501039486
2025-11,baseline,383,2002198,2002198,-1,85545.1,85545.20000000001,0.1,1.0,sl,0.0,-0.08564510000000583,0.08554510000000001,5.0,fvg,0.001,-0.17119020000000584
2025-11,baseline,384,2002328,2002328,1,85633.9,85632.91416430594,0.9858356940509898,9.858356940509898,sl,0.0,-0.0866197356940531,0.0856339,5.0,fvg,0.001,-0.1722536356940531
2025-11,baseline,385,2002407,2002407,1,85599.1,85604.02917847026,0.49291784702559793,4.929178470255979,tp,0.0,-0.0806699215297491,0.08559910000000001,5.0,fvg,0.001,-0.1662690215297491
2025-11,baseline,386,2002653,2002653,-1,86171.7,86170.7,0.1,1.0,tp,0.0,-0.0851717,0.0861717,5.0,ifvg,0.001,-0.1713434
2025-11,baseline,387,2002653,2002653,-1,86135.6,86136.09316939891,0.4931693989070041,4.931693989070041,sl,0.0,-0.0866287693989056,0.0861356,5.0,ifvg,0.001,-0.1727643693989056
2025-11,baseline,388,2002653,2002653,-1,86099.5,86100.48633879781,0.9863387978142071,9.863387978142072,sl,0.0,-0.08708583879781119,0.08609950000000001,5.0,ifvg,0.001,-0.1731853387978112
2025-11,baseline,389,2002653,2002698,1,86169.8,86099.0,360.99999999998545,4331.999999999825,inv,45.0,-0.15696980000000293,0.0861698,5.0,ifvg_clean,0.001,-0.24313960000000295
2025-11,baseline,390,2016258,2016258,-1,88324.04999999999,88324.54517839922,0.4951783992286139,4.951783992286139,inv,0.0,-0.08881922839922918,0.08832404999999999,5.0,ifvg,0.001,-0.17714327839922916
2025-11,baseline,391,2016258,2016258,-1,88272.7,88273.69035679846,0.9903567984570875,9.903567984570875,sl,0.0,-0.08926305679845838,0.0882727,5.0,ifvg,0.001,-0.17753575679845837
2025-11,baseline,392,2016259,2016259,-1,88375.4,88375.5,0.1,1.0,inv,0.0,-0.08847540000000582,0.0883754,5.0,ifvg,0.001,-0.17685080000000583
2025-11,baseline,393,2018002,2018002,1,88602.8,88602.31612903226,0.4838709677419355,4.838709677419355,sl,0.0,-0.08908667096774242,0.08860280000000001,5.0,ifvg,0.001,-0.17768947096774243
2025-11,baseline,394,2018002,2018002,1,88617.8,88616.83225806452,0.967741935483871,9.67741935483871,sl,0.0,-0.08958554193548482,0.08861780000000001,5.0,ifvg,0.001,-0.17820334193548482
2025-11,baseline,395,2018002,2018011,-1,88598.0,88618.3,150.0,1800.0,inv,9.0,-0.10889800000000291,0.088598,5.0,ifvg_clean,0.001,-0.1974960000000029
2025-11,baseline,396,2018087,2018087,1,88587.8,88588.8,0.1,1.0,tp,0.0,-0.08758780000000001,0.08858780000000001,5.0,ifvg,0.001,-0.17617560000000002
2025-11,baseline,397,2019729,2019729,-1,88391.2,88392.1948051948,0.9948051948051948,9.948051948051948,sl,0.0,-0.0893860051948013,0.0883912,5.0,fvg,0.001,-0.1777772051948013
2025-11,baseline,398,2020506,2020506,-1,88217.7,88218.67142857143,0.9714285714285714,9.714285714285714,sl,0.0,-0.08918912857142898,0.0882177,5.0,fvg,0.001,-0.17740682857142898
2025-11,baseline,399,2020574,2020574,-1,88234.7,88229.84285714285,0.4857142857142857,4.857142857142857,tp,0.0,-0.08337755714285507,0.0882347,5.0,fvg,0.001,-0.17161225714285505
2025-11,baseline,400,2020576,2020576,-1,88251.7,88251.8,0.1,1.0,sl,0.0,-0.08835170000000582,0.0882517,5.0,fvg,0.001,-0.17660340000000582
2025-11,baseline,401,2020779,2020779,-1,88486.95,88481.97597402598,0.4974025974025974,4.974025974025974,tp,0.0,-0.08351292402597893,0.08848695,5.0,fvg,0.001,-0.17199987402597894
2025-11,baseline,402,2021320,2021320,-1,88582.7,88581.7,0.1,1.0,tp,0.0,-0.0875827,0.0885827,5.0,fvg,0.001,-0.1761654
2025-11,baseline,403,2028252,2028255,1,89000.0,88999.00799360512,0.9920063948840931,9.920063948840932,sl,3.0,-0.08999200639488117,0.089,5.0,fvg,0.001,-0.17899200639488116
2025-11,baseline,404,2028326,2028326,1,88937.95,88937.45399680255,0.4960031974420466,4.960031974420466,sl,0.0,-0.08943395319744786,0.08893795,5.0,fvg,0.001,-0.17837190319744786
2025-11,baseline,405,2028734,2028734,1,88875.9,88875.79999999999,0.1,1.0,sl,0.0,-0.08897590000000583,0.08887590000000001,5.0,fvg,0.001,-0.17785180000000583
2025-11,baseline,406,2031138,2031138,-1,88650.2,88650.69031007752,0.49031007751938094,4.90310077519381,sl,0.0,-0.08914051007752637,0.0886502,5.0,ifvg,0.001,-0.17779071007752636
2025-11,baseline,407,2031138,2031138,-1,88624.9,88625.88062015503,0.9806201550387619,9.80620155038762,sl,0.0,-0.08960552015503818,0.08862489999999999,5.0,ifvg,0.001,-0.17823042015503818
2025-11,baseline,408,2031168,2031168,-1,88675.5,88674.5,0.1,1.0,tp,0.0,-0.0876755,0.0886755,5.0,ifvg,0.001,-0.176351
2025-11,baseline,409,2031138,2031175,1,88672.2,88624.4,253.0000000000291,3036.0000000003492,inv,38.0,-0.13647220000000293,0.0886722,5.0,ifvg_clean,0.001,-0.22514440000000294
2025-11,baseline,410,2016258,2036387,1,88372.8,87859.30000000002,513.4999999999854,6161.999999999825,sl,20406.0,-0.6018727999999854,0.0883728,5.0,ifvg_clean,0.001,-0.6902455999999855
2025-11,baseline,411,2038055,2038055,-1,88015.0,88015.49559859154,0.49559859154929603,4.955985915492961,sl,0.0,-0.08851059859154396,0.088015,5.0,ifvg,0.001,-0.17652559859154396
2025-11,baseline,412,2038055,2038055,-1,87958.7,87959.6911971831,0.9911971830985921,9.911971830985921,sl,0.0,-0.08894989718310249,0.0879587,5.0,ifvg,0.001,-0.17690859718310248
2025-11,baseline,413,2038091,2038091,-1,88071.3,88070.3,0.1,1.0,tp,0.0,-0.0870713,0.0880713,5.0,ifvg,0.001,-0.1751426
2025-11,baseline,414,2038055,2038366,1,88033.9,87958.2,563.0000000000291,6756.000000000349,inv,324.0,-0.1637338999999971,0.0880339,5.0,ifvg_clean,0.001,-0.2517677999999971
2025-11,baseline,415,2047370,2047370,1,87721.85,87721.35818330606,0.4918166939444715,4.918166939444715,inv,0.0,-0.08821366669394602,0.08772185,5.0,ifvg,0.001,-0.17593551669394603
2025-11,baseline,416,2047370,2047370,1,87751.9,87750.9163666121,0.9836333878887048,9.836333878887048,sl,0.0,-0.08873553338789203,0.0877519,5.0,ifvg,0.001,-0.17648743338789202
2025-11,baseline,417,2047379,2047379,1,87691.8,87691.7,0.1,1.0,inv,0.0,-0.08779180000000582,0.0876918,5.0,ifvg,0.001,-0.17548360000000582
2025-11,baseline,418,2047370,2049677,-1,87696.0,87996.49999999996,300.49999999995634,3605.999999999476,sl,2359.0,-0.38819599999995635,0.087696,5.0,ifvg_clean,0.001,-0.47589199999995635
2025-11,baseline,419,2082008,2082008,1,87524.9,87523.94048582995,0.959514170040481,9.59514170040481,inv,0.0,-0.08848441417004108,0.0875249,5.0,ifvg,0.001,-0.17600931417004106
2025-11,baseline,420,2082275,2082275,1,87513.04999999999,87512.57024291497,0.4797570850199459,4.797570850199459,inv,0.0,-0.08799280708502054,0.08751305,5.0,ifvg,0.001,-0.17550585708502053
2025-11,baseline,421,2082276,2082276,1,87501.2,87501.09999999999,0.1,1.0,inv,0.0,-0.08760120000000582,0.0875012,5.0,ifvg,0.001,-0.17510240000000582
2025-11,baseline,422,2082008,2082509,-1,87513.3,87631.79999999999,118.49999999998545,1421.9999999998254,sl,511.0,-0.20601329999998547,0.0875133,5.0,ifvg_clean,0.001,-0.2935265999999855
2025-11,baseline,423,2088297,2088297,1,86304.45000000001,86303.95604594922,0.49395405078606114,4.939540507860611,inv,0.0,-0.08679840405079124,0.08630445000000002,5.0,ifvg,0.001,-0.17310285405079126
2025-11,baseline,424,2088297,2088297,1,86345.3,86344.31209189844,0.9879081015719463,9.879081015719462,sl,0.0,-0.0873332081015679,0.08634530000000001,5.0,ifvg,0.001,-0.17367850810156793
2025-11,baseline,425,2088299,2088299,1,86263.6,86263.5,0.1,1.0,inv,0.0,-0.08636360000000583,0.08626360000000001,5.0,ifvg,0.001,-0.17262720000000584
2025-11,baseline,426,2088297,2088500,-1,86276.0,86684.49999999999,408.49999999998545,4901.999999999825,sl,203.0,-0.49477599999998545,0.08627599999999999,5.0,ifvg_clean,0.001,-0.5810519999999855
2025-11,baseline,427,2088601,2088601,-1,86583.1,86580.2,105.49999999995634,1265.9999999994761,inv,0.0,-0.08368309999999128,0.08658310000000001,5.0,ifvg_clean,0.001,-0.1702661999999913
2025-11,baseline,428,2088602,2088602,1,86579.7,86578.74524886877,0.9547511312217015,9.547511312217015,sl,0.0,-0.08753445113122667,0.08657970000000001,5.0,ifvg,0.001,-0.1741141511312267
2025-11,baseline,429,2088742,2088742,1,86558.6,86559.6,0.1,1.0,tp,0.0,-0.08555860000000001,0.08655860000000001,5.0,ifvg,0.001,-0.17211720000000003
2025-11,baseline,430,2088742,2088742,1,86569.15,86573.9237556561,0.4773755656105215,4.773755656105215,tp,0.0,-0.08179539434389581,0.08656915,5.0,ifvg,0.001,-0.1683645443438958
2025-11,baseline,431,2089217,2089217,-1,86503.9,86502.9,0.1,1.0,tp,0.0,-0.08550390000000001,0.08650390000000001,5.0,fvg,0.001,-0.17200780000000002
2025-11,baseline,432,2089217,2089217,-1,86456.9,86457.39473684209,0.49473684210526314,4.947368421052632,sl,0.0,-0.08695163684209806,0.08645689999999999,5.0,fvg,0.001,-0.17340853684209806
2025-11,baseline,433,2089217,2089217,-1,86409.9,86410.8894736842,0.9894736842105263,9.894736842105264,sl,0.0,-0.08739937368421068,0.0864099,5.0,fvg,0.001,-0.17380927368421067
2025-11,baseline,434,2101334,2101334,-1,87489.1,87489.20000000001,0.1,1.0,sl,0.0,-0.08758910000000583,0.08748910000000001,5.0,ifvg,0.001,-0.17507820000000585
2025-11,baseline,435,2101334,2101334,-1,87477.9,87478.37863247863,0.47863247863279756,4.786324786327976,sl,0.0,-0.08795653247864006,0.0874779,5.0,ifvg,0.001,-0.17543443247864005
2025-11,baseline,436,2101334,2101334,-1,87466.7,87467.65726495726,0.9572649572649732,9.572649572649732,sl,0.0,-0.0884239649572656,0.08746670000000001,5.0,ifvg,0.001,-0.1758906649572656
2025-11,baseline,437,2101334,2101667,1,87490.5,87466.2,112.00000000004366,1344.0000000005239,inv,344.0,-0.1117905000000029,0.0874905,5.0,ifvg_clean,0.001,-0.1992810000000029
2025-11,baseline,438,2109272,2109272,1,87338.45000000001,87337.97304147466,0.4769585253459543,4.769585253459542,sl,0.0,-0.08781540852535254,0.08733845000000001,5.0,ifvg,0.001,-0.17515385852535253
2025-11,baseline,439,2109272,2109272,1,87348.8,87347.84608294931,0.953917050691238,9.53917050691238,sl,0.0,-0.08830271705069052,0.08734880000000002,5.0,ifvg,0.001,-0.17565151705069054
2025-11,baseline,440,2109272,2109280,-1,87337.8,87349.3,103.49999999998545,1241.9999999998254,inv,9.0,-0.0988378,0.08733780000000001,5.0,ifvg_clean,0.001,-0.1861756
2025-11,baseline,441,2109354,2109354,1,87328.1,87329.1,0.1,1.0,tp,0.0,-0.0863281,0.0873281,5.0,ifvg,0.001,-0.1736562
2025-11,baseline,442,2110883,2110883,1,87272.65,87272.15998003991,0.4900199600796934,4.900199600796934,sl,0.0,-0.08776266996008156,0.08727265000000001,5.0,ifvg,0.001,-0.17503531996008156
2025-11,baseline,443,2110883,2110883,1,87297.2,87296.21996007983,0.9800399201596772,9.800399201596772,sl,0.0,-0.08827723992016312,0.0872972,5.0,ifvg,0.001,-0.17557443992016314
2025-11,baseline,444,2111005,2111005,1,87248.1,87249.1,0.1,1.0,tp,0.0,-0.08624810000000001,0.08724810000000001,5.0,ifvg,0.001,-0.17349620000000002
2025-11,baseline,445,2110883,2111026,-1,87248.5,87297.7,245.49999999995634,2945.999999999476,inv,154.0,-0.13644849999999709,0.0872485,5.0,ifvg_clean,0.001,-0.2236969999999971
2025-11,baseline,446,2113500,2113500,-1,86683.5,86684.49201915403,0.9920191540303274,9.920191540303273,sl,0.0,-0.08767551915402955,0.0866835,5.0,fvg,0.001,-0.17435901915402954
2025-11,baseline,447,2113545,2113545,-1,86745.65,86746.14600957702,0.49600957701522175,4.9600957701522175,sl,0.0,-0.08724165957702204,0.08674565,5.0,fvg,0.001,-0.17398730957702202
2025-11,baseline,448,2113760,2113760,-1,86807.8,86806.8,0.1,1.0,tp,0.0,-0.0858078,0.0868078,5.0,fvg,0.001,-0.1726156
2025-11,baseline,449,2128860,2128860,1,87886.3,87885.34739336494,0.9526066350711031,9.52606635071103,inv,0.0,-0.08883890663506633,0.0878863,5.0,ifvg,0.001,-0.17672520663506633
2025-11,baseline,450,2128950,2128950,1,87876.25,87875.77369668246,0.47630331753555155,4.763033175355515,inv,0.0,-0.08835255331754044,0.08787625,5.0,ifvg,0.001,-0.17622880331754043
2025-11,baseline,451,2128953,2128953,1,87866.2,87866.09999999999,0.1,1.0,inv,0.0,-0.08796620000000581,0.08786619999999999,5.0,ifvg,0.001,-0.1758324000000058
2025-11,baseline,452,2133659,2133659,1,87193.25,87192.76400560224,0.4859943977591082,4.859943977591082,inv,0.0,-0.08767924439776446,0.08719325000000001,5.0,ifvg,0.001,-0.17487249439776448
2025-11,baseline,453,2133659,2133659,1,87210.6,87209.62801120449,0.9719887955182164,9.719887955182164,sl,0.0,-0.08818258879551436,0.08721060000000001,5.0,ifvg,0.001,-0.17539318879551435
2025-11,baseline,454,2133718,2133718,1,87175.9,87175.79999999999,0.1,1.0,inv,0.0,-0.08727590000000582,0.0871759,5.0,ifvg,0.001,-0.17445180000000582
2025-11,baseline,455,2134948,2134948,-1,87101.5,87102.4797979798,0.9797979797979799,9.7979797979798,sl,0.0,-0.08808129797980224,0.0871015,5.0,fvg,0.001,-0.17518279797980224
2025-11,baseline,456,2134957,2134957,-1,87125.75,87120.851010101,0.48989898989898994,4.8989898989899,tp,0.0,-0.08222676010100334,0.08712575,5.0,fvg,0.001,-0.16935251010100333
2025-11,baseline,457,2135018,2135018,-1,87150.0,87149.0,0.1,1.0,tp,0.0,-0.08615,0.08715,5.0,fvg,0.001,-0.1733
2025-11,baseline,458,2133659,2137247,-1,87191.7,87365.20000000006,173.5000000000582,2082.0000000006985,sl,3769.0,-0.2606917000000582,0.0871917,5.0,ifvg_clean,0.001,-0.3478834000000582
2025-11,baseline,459,2128860,2156241,-1,87879.6,86673.59999999966,100.5000000000291,1206.0000000003492,tp,28373.0,1.1181204000003493,0.08787960000000002,5.0,ifvg_clean,0.001,1.0302408000003493
2025-11,baseline,460,2184155,2184155,1,90160.65,90160.15866551126,0.4913344887347088,4.913344887347088,sl,0.0,-0.09065198448873181,0.09016065,5.0,ifvg,0.001,-0.1808126344887318
2025-11,baseline,461,2184155,2184155,1,90189.0,90188.01733102254,0.9826689774696699,9.826689774696698,sl,0.0,-0.09117166897746362,0.090189,5.0,ifvg,0.001,-0.1813606689774636
2025-11,baseline,462,2184157,2184157,1,90132.3,90133.3,0.1,1.0,tp,0.0,-0.0891323,0.0901323,5.0,ifvg,0.001,-0.1792646
2025-11,baseline,463,2184155,2184268,-1,90137.1,90189.5,283.49999999998545,3401.9999999998254,inv,113.0,-0.1425370999999942,0.09013710000000001,5.0,ifvg_clean,0.001,-0.23267419999999422
2025-11,baseline,464,2190353,2190359,1,89468.5,89478.41631799164,0.9916317991631798,9.916317991631798,tp,6.0,-0.07955218200836413,0.0894685,5.0,fvg,0.001,-0.16902068200836412
2025-11,baseline,465,2192586,2192586,-1,89696.8,89692.01739130435,0.4782608695652174,4.782608695652174,tp,0.0,-0.08491419130435163,0.08969680000000001,5.0,fvg,0.001,-0.17461099130435165
2025-11,baseline,466,2192586,2192586,-1,89685.8,89686.75652173914,0.9565217391304348,9.565217391304348,sl,0.0,-0.09064232173913549,0.0896858,5.0,fvg,0.001,-0.18032812173913548
2025-11,baseline,467,2192865,2192865,-1,89707.8,89706.8,0.1,1.0,tp,0.0,-0.0887078,0.0897078,5.0,fvg,0.001,-0.1784156
2025-11,baseline,468,2192867,2192869,-1,89716.3,89717.28050682262,0.980506822612087,9.80506822612087,sl,2.0,-0.09069680682261239,0.08971630000000001,5.0,fvg,0.001,-0.1804131068226124
2025-11,baseline,469,2192931,2192931,-1,89741.45000000001,89741.94025341132,0.49025341130590167,4.9025341130590165,sl,0.0,-0.0902317034113062,0.08974145000000001,5.0,fvg,0.001,-0.1799731534113062
2025-11,baseline,470,2192956,2192956,-1,89766.6,89765.6,0.1,1.0,tp,0.0,-0.08876660000000001,0.08976660000000002,5.0,fvg,0.001,-0.17853320000000003
2025-11,baseline,471,2203470,2203470,-1,90474.70000000001,90475.18226950355,0.4822695035458394,4.822695035458394,inv,0.0,-0.09095696950354003,0.09047470000000002,5.0,ifvg,0.001,-0.18143166950354006
2025-11,baseline,472,2203470,2203470,-1,90461.1,90462.0645390071,0.9645390070921949,9.645390070921948,sl,0.0,-0.09142563900709458,0.0904611,5.0,ifvg,0.001,-0.18188673900709457
2025-11,baseline,473,2203558,2203558,-1,90488.3,90488.40000000001,0.1,1.0,inv,0.0,-0.09058830000000583,0.09048830000000001,5.0,ifvg,0.001,-0.18107660000000583
2025-11,baseline,474,2203470,2204313,1,90479.8,90343.80000000002,135.99999999998545,1631.9999999998254,sl,848.0,-0.22647979999998546,0.09047980000000001,5.0,ifvg_clean,0.001,-0.31695959999998546
2025-11,baseline,475,1754272,2211030,1,83343.6,91143.6,650.0,7800.0,tp,465179.0,7.7166564,0.08334360000000002,5.0,ifvg_clean,0.001,7.6333128
2025-11,baseline,476,2266119,2266119,-1,91498.65,91499.13881431767,0.4888143176735401,4.888143176735401,inv,0.0,-0.0919874643176795,0.09149865,5.0,ifvg,0.001,-0.1834861143176795
2025-11,baseline,477,2266119,2266119,-1,91476.8,91477.77762863535,0.9776286353467546,9.776286353467546,sl,0.0,-0.09245442863534445,0.09147680000000001,5.0,ifvg,0.001,-0.18393122863534445
2025-11,baseline,478,2266121,2266121,-1,91520.5,91520.6,0.1,1.0,inv,0.0,-0.09162050000000582,0.0915205,5.0,ifvg,0.001,-0.18314100000000583
2025-11,baseline,479,2266119,2266308,1,91519.9,91301.40000000001,218.49999999998545,2621.9999999998254,sl,190.0,-0.31001989999998547,0.0915199,5.0,ifvg_clean,0.001,-0.40153979999998546
2025-11,baseline,480,2284355,2284355,-1,91204.35,91204.82942386832,0.47942386831246026,4.794238683124602,sl,0.0,-0.09168377386830982,0.09120435,5.0,ifvg,0.001,-0.18288812386830983
2025-11,baseline,481,2284355,2284355,-1,91192.7,91193.65884773662,0.9588477366255194,9.588477366255194,sl,0.0,-0.09215154773661964,0.0911927,5.0,ifvg,0.001,-0.18334424773661964
2025-11,baseline,482,2284355,2284393,1,91214.6,91192.2,116.50000000001455,1398.0000000001746,inv,42.0,-0.11361460000000874,0.0912146,5.0,ifvg_clean,0.001,-0.20482920000000876
2025-11,baseline,483,2284454,2284454,-1,91216.0,91216.1,0.1,1.0,sl,0.0,-0.09131600000000582,0.091216,5.0,ifvg,0.001,-0.18253200000000583
2025-11,baseline,484,2317897,2317897,1,91089.9,91088.91522070015,0.9847792998477923,9.847792998477923,sl,0.0,-0.09207467929984801,0.0910899,5.0,fvg,0.001,-0.18316457929984803
2025-11,baseline,485,2318056,2318056,1,91057.54999999999,91062.47389649923,0.4923896499237854,4.923896499237854,tp,0.0,-0.08613365350075991,0.09105754999999999,5.0,fvg,0.001,-0.1771912035007599
2025-11,baseline,486,2338312,2338312,1,92677.5,92682.46798975673,0.4967989756722153,4.967989756722153,tp,0.0,-0.08770951024327427,0.0926775,5.0,fvg,0.001,-0.18038701024327425
2025-11,baseline,487,2338312,2338312,1,92755.1,92754.10640204867,0.9935979513444306,9.935979513444305,sl,0.0,-0.09374869795133935,0.09275510000000002,5.0,fvg,0.001,-0.18650379795133937
2025-11,baseline,488,2338315,2338315,1,92599.9,92600.9,0.1,1.0,tp,0.0,-0.0915999,0.0925999,5.0,fvg,0.001,-0.1841998
2025-11,baseline,489,2343843,2343843,1,92099.8,92099.31612903226,0.4838709677419355,4.838709677419355,inv,0.0,-0.09258367096774242,0.09209980000000001,5.0,ifvg,0.001,-0.18468347096774243
2025-11,baseline,490,2343843,2343843,1,92114.8,92113.83225806452,0.967741935483871,9.67741935483871,sl,0.0,-0.09308254193548482,0.09211480000000001,5.0,ifvg,0.001,-0.18519734193548482
2025-11,baseline,491,2344027,2344027,1,92084.8,92084.7,0.1,1.0,inv,0.0,-0.09218480000000583,0.09208480000000001,5.0,ifvg,0.001,-0.18426960000000583
2025-11,baseline,492,2344047,2344047,1,92048.7,92048.20856164383,0.4914383561643827,4.914383561643827,inv,0.0,-0.09254013835616996,0.0920487,5.0,ifvg,0.001,-0.18458883835616996
2025-11,baseline,493,2344047,2344047,1,92077.4,92076.41712328767,0.9828767123287654,9.828767123287655,sl,0.0,-0.09306027671232538,0.0920774,5.0,ifvg,0.001,-0.1851376767123254
2025-11,baseline,494,2344051,2344051,1,92020.0,92019.9,0.1,1.0,inv,0.0,-0.09212000000000582,0.09202,5.0,ifvg,0.001,-0.18414000000000583
2025-11,baseline,495,2345687,2345687,1,91267.9,91267.41008064516,0.4899193548385612,4.899193548385612,inv,0.0,-0.09175781935483354,0.0912679,5.0,ifvg,0.001,-0.18302571935483353
2025-11,baseline,496,2345687,2345687,1,91292.2,91291.22016129032,0.9798387096774158,9.798387096774158,sl,0.0,-0.09227203870968163,0.09129219999999999,5.0,ifvg,0.001,-0.18356423870968164
2025-11,baseline,497,2345688,2345688,1,91243.6,91243.5,0.1,1.0,inv,0.0,-0.09134360000000583,0.09124360000000001,5.0,ifvg,0.001,-0.18258720000000583
2025-11,baseline,498,2345687,2346367,-1,91248.2,91491.19999999995,242.99999999995634,2915.999999999476,sl,680.0,-0.33424819999995636,0.0912482,5.0,ifvg_clean,0.001,-0.42549639999995637
2025-11,baseline,499,2346508,2346508,1,91419.1,91418.11308900524,0.9869109947643995,9.869109947643995,sl,0.0,-0.0924060109947613,0.09141910000000002,5.0,fvg,0.001,-0.18382511099476131
2025-11,baseline,500,2346533,2346533,1,91381.4,91380.9065445026,0.4934554973821045,4.934554973821045,sl,0.0,-0.09187485549738791,0.0913814,5.0,fvg,0.001,-0.18325625549738792
2025-11,baseline,501,2346710,2346710,1,91343.7,91344.7,0.1,1.0,tp,0.0,-0.0903437,0.0913437,5.0,fvg,0.001,-0.1816874
2025-11,baseline,502,2343843,2349286,-1,92091.0,90291.0,150.0,1800.0,tp,5443.0,1.7079090000000001,0.092091,5.0,ifvg_clean,0.001,1.6158180000000002
2025-11,baseline,503,2350146,2350146,1,90433.65,90433.15974658869,0.49025341130590167,4.9025341130590165,inv,0.0,-0.09092390341130618,0.09043365,5.0,ifvg,0.001,-0.1813575534113062
2025-11,baseline,504,2350146,2350146,1,90458.8,90457.81949317739,0.980506822612087,9.80506822612087,sl,0.0,-0.09143930682261238,0.0904588,5.0,ifvg,0.001,-0.18189810682261237
2025-11,baseline,505,2350146,2350500,-1,90431.8,90683.30000000002,251.50000000001455,3018.0000000001746,sl,354.0,-0.34193180000001455,0.0904318,5.0,ifvg_clean,0.001,-0.43236360000001456
2025-11,baseline,506,2351230,2351230,1,90408.5,90408.4,0.1,1.0,inv,0.0,-0.09050850000000582,0.0904085,5.0,ifvg,0.001,-0.18091700000000582
2025-11,baseline,507,2525469,2525469,1,90900.0,90899.51824817518,0.4817518248175144,4.817518248175144,inv,0.0,-0.09138175182481646,0.09090000000000001,5.0,ifvg,0.001,-0.18228175182481648
2025-11,baseline,508,2525469,2525469,1,90913.2,90912.23649635036,0.9635036496350288,9.635036496350288,sl,0.0,-0.09187670364963291,0.0909132,5.0,ifvg,0.001,-0.1827899036496329
2025-11,baseline,509,2525524,2525524,1,90886.8,90887.8,0.1,1.0,tp,0.0,-0.0898868,0.0908868,5.0,ifvg,0.001,-0.1807736
2025-11,baseline,510,2344047,2528361,-1,92028.2,90320.6,286.9999999999709,3443.9999999996508,eod,201253.0,1.6155717999999912,0.0920282,5.0,ifvg_clean,0.001,1.5235435999999911
2025-11,baseline,511,2525469,2528361,-1,90891.5,90320.6,131.9999999999709,1583.9999999996508,eod,2915.0,0.4800084999999942,0.09089150000000001,5.0,ifvg_clean,0.001,0.38911699999999416
2025-11,widen_only_sl_2x,0,133733,133739,-1,109868.2,109858.3012145749,0.9898785425101218,9.898785425101217,tp,6.0,-0.09996941457489732,0.1098682,5.0,fvg,0.001,-0.2098376145748973
2025-11,widen_only_sl_2x,1,134594,134594,-1,109917.1,109912.15060728746,0.4949392712549872,4.949392712549872,tp,0.0,-0.10496770728745594,0.1099171,5.0,fvg,0.001,-0.21488480728745596
2025-11,widen_only_sl_2x,2,134701,134701,-1,109966.0,109965.0,0.1,1.0,tp,0.0,-0.10896600000000001,0.10996600000000001,5.0,fvg,0.001,-0.21893200000000002
2025-11,widen_only_sl_2x,3,159464,159464,1,110639.9,110638.90919117647,0.9908088235294108,9.908088235294109,sl,0.0,-0.11163070882352427,0.1106399,5.0,fvg,0.001,-0.22227060882352428
2025-11,widen_only_sl_2x,4,159510,159510,1,110586.0,110585.50459558824,0.4954044117647054,4.954044117647054,sl,0.0,-0.11108140441176215,0.110586,5.0,fvg,0.001,-0.22166740441176214
2025-11,widen_only_sl_2x,5,160253,160253,1,110532.1,110533.1,0.1,1.0,tp,0.0,-0.10953210000000002,0.11053210000000002,5.0,fvg,0.001,-0.22006420000000004
2025-11,widen_only_sl_2x,6,161095,161095,1,110323.29999999999,110322.80484496123,0.4951550387596193,4.951550387596193,inv,0.0,-0.11081845503876317,0.11032329999999999,5.0,ifvg,0.001,-0.22114175503876315
2025-11,widen_only_sl_2x,7,161095,161095,1,110374.4,110373.40968992247,0.9903100775193796,9.903100775193796,sl,0.0,-0.11136471007752637,0.1103744,5.0,ifvg,0.001,-0.22173911007752636
2025-11,widen_only_sl_2x,8,161137,161137,1,110272.2,110272.09999999999,0.1,1.0,inv,0.0,-0.11037220000000582,0.1102722,5.0,ifvg,0.001,-0.22064440000000582
2025-11,widen_only_sl_2x,9,164817,164817,1,109614.29999999999,109613.80626566416,0.49373433583950804,4.93734335839508,inv,0.0,-0.1101080343358324,0.10961429999999998,5.0,ifvg,0.001,-0.21972233433583238
2025-11,widen_only_sl_2x,10,164817,164817,1,109653.7,109652.71253132832,0.9874686716791985,9.874686716791985,sl,0.0,-0.11064116867167939,0.1096537,5.0,ifvg,0.001,-0.2202948686716794
2025-11,widen_only_sl_2x,11,164821,164821,1,109574.9,109574.79999999999,0.1,1.0,inv,0.0,-0.10967490000000582,0.1095749,5.0,ifvg,0.001,-0.21924980000000582
2025-11,widen_only_sl_2x,12,170328,170328,-1,108719.7,108720.1827586207,0.48275862068965514,4.827586206896552,sl,0.0,-0.10920245862069568,0.1087197,5.0,ifvg,0.001,-0.2179221586206957
2025-11,widen_only_sl_2x,13,170328,170328,-1,108705.7,108706.66551724137,0.9655172413793103,9.655172413793103,sl,0.0,-0.1096712172413768,0.10870569999999999,5.0,ifvg,0.001,-0.21837691724137678
2025-11,widen_only_sl_2x,14,170328,170336,1,108730.7,108705.2,140.0,1680.0,inv,8.0,-0.1342307,0.1087307,5.0,ifvg_clean,0.001,-0.2429614
2025-11,widen_only_sl_2x,15,170350,170350,-1,108733.7,108732.7,0.1,1.0,tp,0.0,-0.1077337,0.1087337,5.0,ifvg,0.001,-0.2164674
2025-11,widen_only_sl_2x,16,188915,188915,1,107382.55,107382.06089324619,0.4891067538126348,4.891067538126348,inv,0.0,-0.10787165675381194,0.10738255000000001,5.0,ifvg,0.001,-0.21525420675381196
2025-11,widen_only_sl_2x,17,188915,188915,1,107405.0,107404.02178649238,0.9782135076252696,9.782135076252697,sl,0.0,-0.10838321350762388,0.107405,5.0,ifvg,0.001,-0.2157882135076239
2025-11,widen_only_sl_2x,18,188919,188919,1,107360.1,107360.0,0.1,1.0,inv,0.0,-0.10746010000000582,0.1073601,5.0,ifvg,0.001,-0.21482020000000582
2025-11,widen_only_sl_2x,19,188915,191248,-1,107361.9,107586.39999999997,224.4999999999709,2693.9999999996508,sl,2346.0,-0.3318618999999709,0.1073619,5.0,ifvg_clean,0.001,-0.4392237999999709
2025-11,widen_only_sl_2x,20,202295,202295,-1,107803.4,107803.89501992031,0.49501992031879805,4.950199203187981,inv,0.0,-0.10829841992031582,0.1078034,5.0,ifvg,0.001,-0.2161018199203158
2025-11,widen_only_sl_2x,21,202295,202295,-1,107753.7,107754.69003984063,0.9900398406374511,9.90039840637451,sl,0.0,-0.10874373984063165,0.1077537,5.0,ifvg,0.001,-0.21649743984063163
2025-11,widen_only_sl_2x,22,202526,202526,-1,107853.1,107853.20000000001,0.1,1.0,inv,0.0,-0.10795310000000582,0.10785310000000001,5.0,ifvg,0.001,-0.21580620000000583
2025-11,widen_only_sl_2x,23,202295,211165,1,107847.7,107350.69999999995,497.00000000004366,5964.000000000524,sl,8947.0,-0.6048477000000437,0.1078477,5.0,ifvg_clean,0.001,-0.7126954000000437
2025-11,widen_only_sl_2x,24,212631,212631,-1,108090.1,108091.090990991,0.990990990990991,9.90990990990991,sl,0.0,-0.10908109099099113,0.10809010000000001,5.0,fvg,0.001,-0.21717119099099114
2025-11,widen_only_sl_2x,25,225599,225599,-1,107299.3,107299.78780487805,0.4878048780487805,4.878048780487805,sl,0.0,-0.10778710487805197,0.1072993,5.0,ifvg,0.001,-0.21508640487805197
2025-11,widen_only_sl_2x,26,225599,225599,-1,107279.3,107280.2756097561,0.975609756097561,9.75609756097561,sl,0.0,-0.10825490975610395,0.10727930000000001,5.0,ifvg,0.001,-0.21553420975610396
2025-11,widen_only_sl_2x,27,225599,225614,1,107315.0,107278.8,200.0,2400.0,inv,15.0,-0.1435149999999971,0.107315,5.0,ifvg_clean,0.001,-0.2508299999999971
2025-11,widen_only_sl_2x,28,225630,225630,-1,107319.3,107318.3,0.1,1.0,tp,0.0,-0.1063193,0.1073193,5.0,ifvg,0.001,-0.2136386
2025-11,widen_only_sl_2x,29,257419,257419,-1,107042.9,107043.0,0.1,1.0,inv,0.0,-0.10714290000000583,0.10704290000000001,5.0,ifvg,0.001,-0.21418580000000584
2025-11,widen_only_sl_2x,30,257419,257419,-1,107012.85,107013.34181669395,0.4918166939442333,4.918166939442333,sl,0.0,-0.10750466669394604,0.10701285000000002,5.0,ifvg,0.001,-0.21451751669394606
2025-11,widen_only_sl_2x,31,257419,257419,-1,106982.8,106983.7836333879,0.9836333878887048,9.836333878887048,sl,0.0,-0.10796643338789205,0.10698280000000002,5.0,ifvg,0.001,-0.21494923338789207
2025-11,widen_only_sl_2x,32,257419,261081,1,107049.3,106748.80000000005,300.49999999995634,3605.999999999476,sl,3709.0,-0.40754929999995637,0.1070493,5.0,ifvg_clean,0.001,-0.5145985999999564
2025-11,widen_only_sl_2x,33,164817,265169,-1,109580.3,104852.29999999983,394.00000000001455,4728.000000000175,tp,101263.0,4.6184197000001745,0.1095803,5.0,ifvg_clean,0.001,4.508839400000174
2025-11,widen_only_sl_2x,34,161095,265966,-1,110272.3,104140.30000000018,510.99999999998545,6131.999999999825,tp,105831.0,6.0217276999998255,0.1102723,5.0,ifvg_clean,0.001,5.911455399999825
2025-11,widen_only_sl_2x,35,297609,297609,1,103922.35,103921.86094091904,0.4890590809629594,4.890590809629594,sl,0.0,-0.10441140908096641,0.10392235000000001,5.0,fvg,0.001,-0.2083337590809664
2025-11,widen_only_sl_2x,36,297609,297609,1,103944.7,103943.72188183806,0.9781181619256004,9.781181619256005,sl,0.0,-0.1049228181619328,0.1039447,5.0,fvg,0.001,-0.2088675181619328
2025-11,widen_only_sl_2x,37,297611,297611,1,103900.0,103901.0,0.1,1.0,tp,0.0,-0.1029,0.1039,5.0,fvg,0.001,-0.2068
2025-11,widen_only_sl_2x,38,405847,405847,-1,103782.0,103782.48837209302,0.4883720930232558,4.883720930232558,sl,0.0,-0.10427037209302292,0.103782,5.0,ifvg,0.001,-0.2080523720930229
2025-11,widen_only_sl_2x,39,405847,405847,-1,103761.0,103761.97674418605,0.9767441860465116,9.767441860465116,sl,0.0,-0.10473774418604583,0.10376099999999999,5.0,ifvg,0.001,-0.2084987441860458
2025-11,widen_only_sl_2x,40,405854,405854,-1,103803.0,103803.1,0.1,1.0,sl,0.0,-0.10390300000000581,0.10380299999999999,5.0,ifvg,0.001,-0.2077060000000058
2025-11,widen_only_sl_2x,41,405847,405889,1,103787.4,103760.5,210.0,2520.0,inv,42.0,-0.13068739999999418,0.10378739999999999,5.0,ifvg_clean,0.001,-0.23447479999999415
2025-11,widen_only_sl_2x,42,559713,559713,1,100710.6,100710.5,0.1,1.0,inv,0.0,-0.10081060000000583,0.10071060000000001,5.0,ifvg,0.001,-0.20152120000000584
2025-11,widen_only_sl_2x,43,559713,559713,1,100730.55,100730.06222493888,0.4877750611246926,4.877750611246926,sl,0.0,-0.10121832506111948,0.10073055000000002,5.0,ifvg,0.001,-0.2019488750611195
2025-11,widen_only_sl_2x,44,559713,559713,1,100750.5,100749.52444987775,0.9755501222493852,9.755501222493852,sl,0.0,-0.10172605012225348,0.1007505,5.0,ifvg,0.001,-0.2024765501222535
2025-11,widen_only_sl_2x,45,559839,559839,1,100592.1,100591.6030120482,0.49698795180722893,4.96987951807229,inv,0.0,-0.10108908795180302,0.1005921,5.0,ifvg,0.001,-0.201681187951803
2025-11,widen_only_sl_2x,46,559839,559839,1,100674.6,100673.60602409639,0.9939759036144579,9.93975903614458,sl,0.0,-0.1016685759036206,0.10067460000000002,5.0,ifvg,0.001,-0.2023431759036206
2025-11,widen_only_sl_2x,47,559843,559843,1,100509.6,100509.5,0.1,1.0,inv,0.0,-0.10060960000000582,0.1005096,5.0,ifvg,0.001,-0.20111920000000583
2025-11,widen_only_sl_2x,48,559713,560249,-1,100697.9,100897.39999999997,199.4999999999709,2393.9999999996508,sl,536.0,-0.3001978999999709,0.10069789999999999,5.0,ifvg_clean,0.001,-0.4008957999999709
2025-11,widen_only_sl_2x,49,559839,560440,-1,100511.4,101336.4,825.0,9900.0,sl,601.0,-0.9255114000000001,0.1005114,5.0,ifvg_clean,0.001,-1.0260228
2025-11,widen_only_sl_2x,50,596731,596731,1,103101.20000000001,103100.71344086023,0.48655913978514076,4.865591397851407,sl,0.0,-0.10358775913978294,0.10310120000000002,5.0,ifvg,0.001,-0.20668895913978297
2025-11,widen_only_sl_2x,51,596731,596731,1,103119.3,103118.32688172044,0.9731182795698904,9.731182795698905,sl,0.0,-0.10409241827956583,0.10311930000000001,5.0,ifvg,0.001,-0.20721171827956586
2025-11,widen_only_sl_2x,52,596731,596738,-1,103090.3,103119.8,180.99999999998545,2171.9999999998254,inv,7.0,-0.1325903,0.1030903,5.0,ifvg_clean,0.001,-0.2356806
2025-11,widen_only_sl_2x,53,597372,597372,1,103083.1,103083.0,0.1,1.0,inv,0.0,-0.10318310000000581,0.1030831,5.0,ifvg,0.001,-0.2062662000000058
2025-11,widen_only_sl_2x,54,732248,732248,1,103665.25,103664.75321543409,0.4967845659163987,4.967845659163987,sl,0.0,-0.1041620345659121,0.10366525,5.0,ifvg,0.001,-0.2078272845659121
2025-11,widen_only_sl_2x,55,732248,732248,1,103742.5,103741.50643086816,0.9935691318327974,9.935691318327974,sl,0.0,-0.10473606913183875,0.10374250000000002,5.0,ifvg,0.001,-0.20847856913183876
2025-11,widen_only_sl_2x,56,732371,732371,1,103588.0,103589.0,0.1,1.0,tp,0.0,-0.10258800000000001,0.10358800000000001,5.0,ifvg,0.001,-0.20617600000000003
2025-11,widen_only_sl_2x,57,732248,733494,-1,103589.5,103743.0,772.5,9270.0,inv,1253.0,-0.25708949999999997,0.1035895,5.0,ifvg_clean,0.001,-0.36067899999999997
2025-11,widen_only_sl_2x,58,736176,736176,1,103552.7,103552.2073964497,0.4926035502958586,4.9260355029585865,sl,0.0,-0.10404530355030128,0.1035527,5.0,ifvg,0.001,-0.20759800355030128
2025-11,widen_only_sl_2x,59,736176,736176,1,103586.0,103585.01479289941,0.9852071005917172,9.852071005917173,sl,0.0,-0.10457120710058801,0.103586,5.0,ifvg,0.001,-0.208157207100588
2025-11,widen_only_sl_2x,60,736176,736179,-1,103531.0,103586.5,333.0000000000291,3996.0000000003492,inv,3.0,-0.159031,0.10353100000000001,5.0,ifvg_clean,0.001,-0.262562
2025-11,widen_only_sl_2x,61,800230,800230,-1,105947.25,105947.73422712933,0.48422712933754525,4.842271293375452,sl,0.0,-0.10643147712933097,0.10594724999999999,5.0,ifvg,0.001,-0.21237872712933098
2025-11,widen_only_sl_2x,62,800230,800230,-1,105931.9,105932.86845425867,0.9684542586750905,9.684542586750904,sl,0.0,-0.1069003542586765,0.1059319,5.0,ifvg,0.001,-0.2128322542586765
2025-11,widen_only_sl_2x,63,800268,800268,-1,105962.6,105961.6,0.1,1.0,tp,0.0,-0.10496260000000002,0.10596260000000002,5.0,ifvg,0.001,-0.21092520000000003
2025-11,widen_only_sl_2x,64,800230,800300,1,105956.6,105931.4,153.5000000000582,1842.0000000006985,inv,70.0,-0.13115660000001167,0.10595660000000001,5.0,ifvg_clean,0.001,-0.23711320000001168
2025-11,widen_only_sl_2x,65,807998,807998,-1,106189.0,106189.98031496063,0.9803149606299224,9.803149606299224,sl,0.0,-0.1071693149606305,0.106189,5.0,fvg,0.001,-0.2133583149606305
2025-11,widen_only_sl_2x,66,813686,813686,1,104988.8,104988.30405186386,0.4959481361426254,4.959481361426254,inv,0.0,-0.10548474813614388,0.10498880000000002,5.0,ifvg,0.001,-0.21047354813614388
2025-11,widen_only_sl_2x,67,813686,813686,1,105050.0,105049.00810372771,0.9918962722852508,9.918962722852507,sl,0.0,-0.1060418962722877,0.10505,5.0,ifvg,0.001,-0.2110918962722877
2025-11,widen_only_sl_2x,68,813689,813689,1,104927.6,104927.5,0.1,1.0,inv,0.0,-0.10502760000000583,0.10492760000000001,5.0,ifvg,0.001,-0.20995520000000584
2025-11,widen_only_sl_2x,69,816046,816046,1,105081.05,105080.56285347044,0.4871465295629801,4.871465295629801,inv,0.0,-0.10556819652955823,0.10508105000000001,5.0,ifvg,0.001,-0.21064924652955824
2025-11,widen_only_sl_2x,70,816046,816046,1,105100.0,105099.02570694087,0.9742930591259602,9.742930591259602,sl,0.0,-0.10607429305913103,0.10510000000000001,5.0,ifvg,0.001,-0.21117429305913105
2025-11,widen_only_sl_2x,71,816056,816056,1,105062.1,105062.0,0.1,1.0,inv,0.0,-0.10516210000000582,0.1050621,5.0,ifvg,0.001,-0.21022420000000583
2025-11,widen_only_sl_2x,72,816046,817272,-1,105068.7,105258.19999999997,189.4999999999709,2273.9999999996508,sl,1235.0,-0.29456869999997093,0.1050687,5.0,ifvg_clean,0.001,-0.39963739999997094
2025-11,widen_only_sl_2x,73,818823,818823,1,105345.05,105344.5656739812,0.48432601880877457,4.843260188087745,sl,0.0,-0.10582937601880632,0.10534505000000001,5.0,ifvg,0.001,-0.21117442601880632
2025-11,widen_only_sl_2x,74,818823,818823,1,105360.5,105359.53134796239,0.9686520376175491,9.68652037617549,sl,0.0,-0.10632915203761263,0.10536050000000001,5.0,ifvg,0.001,-0.21168965203761264
2025-11,widen_only_sl_2x,75,818823,818847,-1,105336.7,105361.0,154.4999999999709,1853.9999999996508,inv,24.0,-0.1296367000000029,0.10533669999999999,5.0,ifvg_clean,0.001,-0.23497340000000289
2025-11,widen_only_sl_2x,76,818936,818936,1,105329.6,105330.6,0.1,1.0,tp,0.0,-0.10432960000000001,0.10532960000000001,5.0,ifvg,0.001,-0.20965920000000002
2025-11,widen_only_sl_2x,77,813686,819450,-1,104936.4,105548.39999999997,611.9999999999709,7343.999999999651,sl,5827.0,-0.7169363999999709,0.1049364,5.0,ifvg_clean,0.001,-0.821872799999971
2025-11,widen_only_sl_2x,78,835871,835871,-1,105477.85,105478.34381953029,0.4938195302842123,4.938195302842123,inv,0.0,-0.10597166953028206,0.10547785000000001,5.0,ifvg,0.001,-0.21144951953028207
2025-11,widen_only_sl_2x,79,835871,835871,-1,105437.9,105438.88763906056,0.9876390605686045,9.876390605686044,sl,0.0,-0.10642553906056411,0.1054379,5.0,ifvg,0.001,-0.2118634390605641
2025-11,widen_only_sl_2x,80,836054,836054,-1,105517.8,105517.90000000001,0.1,1.0,inv,0.0,-0.10561780000000583,0.10551780000000001,5.0,ifvg,0.001,-0.21113560000000584
2025-11,widen_only_sl_2x,81,837374,837374,1,105825.1,105824.13003003004,0.9699699699699726,9.699699699699726,sl,0.0,-0.10679506996997042,0.1058251,5.0,ifvg,0.001,-0.2126201699699704
2025-11,widen_only_sl_2x,82,837374,837377,-1,105813.4,105825.6,161.50000000001455,1938.0000000001746,inv,3.0,-0.11801340000001165,0.1058134,5.0,ifvg_clean,0.001,-0.22382680000001165
2025-11,widen_only_sl_2x,83,837392,837392,1,105808.95000000001,105808.46501501503,0.4849849849852048,4.849849849852048,sl,0.0,-0.10629393498498521,0.10580895000000001,5.0,ifvg,0.001,-0.21210288498498522
2025-11,widen_only_sl_2x,84,837403,837403,1,105792.8,105793.8,0.1,1.0,tp,0.0,-0.1047928,0.1057928,5.0,ifvg,0.001,-0.2105856
2025-11,widen_only_sl_2x,85,849676,849676,1,106018.15,106017.66246882793,0.4875311720696413,4.875311720696413,inv,0.0,-0.10650568117206796,0.10601814999999999,5.0,ifvg,0.001,-0.21252383117206797
2025-11,widen_only_sl_2x,86,849676,849676,1,106037.7,106036.72493765586,0.9750623441396454,9.750623441396455,sl,0.0,-0.10701276234413595,0.1060377,5.0,ifvg,0.001,-0.21305046234413594
2025-11,widen_only_sl_2x,87,849711,849711,1,105998.6,105998.5,0.1,1.0,inv,0.0,-0.10609860000000583,0.10599860000000001,5.0,ifvg,0.001,-0.21209720000000584
2025-11,widen_only_sl_2x,88,849676,850156,-1,106003.3,106198.79999999996,195.49999999995634,2345.999999999476,sl,486.0,-0.30150329999995634,0.10600330000000001,5.0,ifvg_clean,0.001,-0.40750659999995636
2025-11,widen_only_sl_2x,89,854133,854138,-1,106781.6,106782.59162479063,0.9916247906197652,9.916247906197652,sl,5.0,-0.10777322479062217,0.10678160000000002,5.0,fvg,0.001,-0.21455482479062218
2025-11,widen_only_sl_2x,90,854544,854544,-1,106559.95,106560.44381953028,0.4938195302843012,4.938195302843012,inv,0.0,-0.10705376953028205,0.10655995,5.0,ifvg,0.001,-0.21361371953028205
2025-11,widen_only_sl_2x,91,854544,854544,-1,106520.0,106520.98763906056,0.9876390605686024,9.876390605686025,sl,0.0,-0.10750763906056411,0.10652,5.0,ifvg,0.001,-0.2140276390605641
2025-11,widen_only_sl_2x,92,854624,854624,-1,106599.9,106600.0,0.1,1.0,inv,0.0,-0.10669990000000582,0.1065999,5.0,ifvg,0.001,-0.2132998000000058
2025-11,widen_only_sl_2x,93,855941,855941,-1,106400.95,106401.43567335243,0.4856733524355277,4.856733524355278,sl,0.0,-0.10688662335243569,0.10640095,5.0,ifvg,0.001,-0.2132875733524357
2025-11,widen_only_sl_2x,94,855941,855941,-1,106384.0,106384.97134670487,0.9713467048710555,9.713467048710555,sl,0.0,-0.1073553467048714,0.106384,5.0,ifvg,0.001,-0.2137393467048714
2025-11,widen_only_sl_2x,95,855942,855942,-1,106417.9,106416.9,0.1,1.0,tp,0.0,-0.10541790000000001,0.10641790000000001,5.0,ifvg,0.001,-0.21183580000000002
2025-11,widen_only_sl_2x,96,855941,856152,1,106414.9,106383.5,169.4999999999709,2033.9999999996508,inv,212.0,-0.1378148999999942,0.1064149,5.0,ifvg_clean,0.001,-0.2442297999999942
2025-11,widen_only_sl_2x,97,854544,856487,1,106576.3,106176.80000000003,399.4999999999709,4793.999999999651,sl,1971.0,-0.5060762999999708,0.1065763,5.0,ifvg_clean,0.001,-0.6126525999999708
2025-11,widen_only_sl_2x,98,835871,860263,1,105512.7,105113.19999999995,399.50000000004366,4794.000000000524,sl,24783.0,-0.5050127000000436,0.1055127,5.0,ifvg_clean,0.001,-0.6105254000000436
2025-11,widen_only_sl_2x,99,861070,861070,1,105415.95000000001,105415.46199040768,0.4880095923263127,4.880095923263127,inv,0.0,-0.10590395959232904,0.10541595000000001,5.0,ifvg,0.001,-0.21131990959232905
2025-11,widen_only_sl_2x,100,861070,861070,1,105436.3,105435.32398081534,0.9760191846522764,9.760191846522764,sl,0.0,-0.10641231918465809,0.10543630000000001,5.0,ifvg,0.001,-0.21184861918465808
2025-11,widen_only_sl_2x,101,861287,861287,1,105395.6,105395.5,0.1,1.0,inv,0.0,-0.10549560000000582,0.1053956,5.0,ifvg,0.001,-0.21089120000000583
2025-11,widen_only_sl_2x,102,880992,880992,-1,105288.05,105288.53687664043,0.4868766404199495,4.868766404199495,inv,0.0,-0.10577492664042518,0.10528805,5.0,ifvg,0.001,-0.21106297664042517
2025-11,widen_only_sl_2x,103,880992,880992,-1,105269.5,105270.47375328084,0.973753280839899,9.73753280839899,sl,0.0,-0.10624325328083582,0.10526950000000002,5.0,ifvg,0.001,-0.21151275328083585
2025-11,widen_only_sl_2x,104,881080,881080,-1,105306.6,105306.70000000001,0.1,1.0,inv,0.0,-0.10540660000000582,0.1053066,5.0,ifvg,0.001,-0.21071320000000582
2025-11,widen_only_sl_2x,105,880992,883664,1,105304.8,105119.29999999997,185.5000000000291,2226.0000000003492,sl,2727.0,-0.2908048000000291,0.1053048,5.0,ifvg_clean,0.001,-0.39610960000002915
2025-11,widen_only_sl_2x,106,887934,887934,-1,104626.1,104627.08664886517,0.986648865153537,9.86648865153537,sl,0.0,-0.10561274886516055,0.10462610000000001,5.0,fvg,0.001,-0.21023884886516056
2025-11,widen_only_sl_2x,107,888288,888288,-1,104663.05,104663.54332443258,0.4933244325767685,4.933244325767685,sl,0.0,-0.10515637443258027,0.10466305000000001,5.0,fvg,0.001,-0.20981942443258028
2025-11,widen_only_sl_2x,108,895014,895014,1,104414.1,104413.122172949,0.9778270509977857,9.778270509977856,sl,0.0,-0.10539192705099963,0.10441410000000001,5.0,fvg,0.001,-0.20980602705099965
2025-11,widen_only_sl_2x,109,895017,895017,1,104392.05,104396.93913525499,0.48891352549889283,4.889135254988928,tp,0.0,-0.09950291474501646,0.10439205000000001,5.0,fvg,0.001,-0.20389496474501648
2025-11,widen_only_sl_2x,110,895062,895062,1,104370.0,104371.0,0.1,1.0,tp,0.0,-0.10337,0.10437,5.0,fvg,0.001,-0.20774
2025-11,widen_only_sl_2x,111,861070,904593,-1,105406.6,102964.60000000018,203.49999999998545,2441.9999999998254,tp,43915.0,2.336593399999826,0.10540660000000002,5.0,ifvg_clean,0.001,2.2311867999998256
2025-11,widen_only_sl_2x,112,957972,957972,1,104013.1,104012.11584786055,0.9841521394611741,9.84152139461174,sl,0.0,-0.10499725213945556,0.10401310000000001,5.0,fvg,0.001,-0.20901035213945557
2025-11,widen_only_sl_2x,113,958112,958112,1,103982.05,103981.55792393028,0.49207606973058704,4.92076069730587,sl,0.0,-0.10447412606972778,0.10398205,5.0,fvg,0.001,-0.20845617606972777
2025-11,widen_only_sl_2x,114,958120,958120,1,103951.0,103952.0,0.1,1.0,tp,0.0,-0.10295100000000001,0.10395100000000002,5.0,fvg,0.001,-0.20690200000000003
2025-11,widen_only_sl_2x,115,959640,959640,1,104260.0,104259.02915451895,0.9708454810495651,9.70845481049565,sl,0.0,-0.10523084548104614,0.10426,5.0,fvg,0.001,-0.20949084548104613
2025-11,widen_only_sl_2x,116,962181,962181,-1,104503.2,104504.18850574712,0.9885057471264368,9.885057471264368,sl,0.0,-0.10549170574712559,0.10450319999999999,5.0,fvg,0.001,-0.2099949057471256
2025-11,widen_only_sl_2x,117,962826,962826,-1,104546.2,104541.25747126437,0.4942528735632184,4.942528735632184,tp,0.0,-0.099603671264372,0.1045462,5.0,fvg,0.001,-0.204149871264372
2025-11,widen_only_sl_2x,118,962842,962842,-1,104589.2,104588.2,0.1,1.0,tp,0.0,-0.1035892,0.10458920000000001,5.0,fvg,0.001,-0.2081784
2025-11,widen_only_sl_2x,119,965616,965616,-1,104796.3,104796.79579831933,0.49579831932773105,4.95798319327731,inv,0.0,-0.1052920983193308,0.10479630000000001,5.0,ifvg,0.001,-0.2100883983193308
2025-11,widen_only_sl_2x,120,965616,965616,-1,104737.3,104738.29159663866,0.9915966386554621,9.91596638655462,sl,0.0,-0.10572889663866158,0.1047373,5.0,ifvg,0.001,-0.2104661966386616
2025-11,widen_only_sl_2x,121,965959,965959,-1,104855.3,104855.40000000001,0.1,1.0,inv,0.0,-0.10495530000000582,0.1048553,5.0,ifvg,0.001,-0.20981060000000581
2025-11,widen_only_sl_2x,122,965616,980001,1,104850.1,104260.1,590.0,7080.0,sl,14391.0,-0.6948501,0.10485010000000002,5.0,ifvg_clean,0.001,-0.7997002000000001
2025-11,widen_only_sl_2x,123,992020,992020,1,101625.35,101624.87164502165,0.4783549783552851,4.783549783552851,sl,0.0,-0.1021037049783606,0.10162535000000002,5.0,ifvg,0.001,-0.20372905497836064
2025-11,widen_only_sl_2x,124,992020,992020,1,101636.4,101635.44329004329,0.9567099567099403,9.567099567099403,sl,0.0,-0.10259310995670662,0.1016364,5.0,ifvg,0.001,-0.20422950995670663
2025-11,widen_only_sl_2x,125,992021,992021,1,101614.3,101615.3,0.1,1.0,tp,0.0,-0.1006143,0.1016143,5.0,ifvg,0.001,-0.2022286
2025-11,widen_only_sl_2x,126,992020,992445,-1,101624.8,101636.9,110.49999999995634,1325.9999999994761,inv,428.0,-0.11372479999999129,0.10162480000000002,5.0,ifvg_clean,0.001,-0.21534959999999131
2025-11,widen_only_sl_2x,127,1000090,1000090,1,101482.0,101481.9,0.1,1.0,sl,0.0,-0.10158200000000582,0.101482,5.0,ifvg,0.001,-0.20306400000000582
2025-11,widen_only_sl_2x,128,1000090,1000090,1,101521.7,101521.20621890547,0.49378109452736274,4.937810945273627,sl,0.0,-0.10201548109452663,0.10152169999999999,5.0,ifvg,0.001,-0.20353718109452662
2025-11,widen_only_sl_2x,129,1000090,1000090,1,101561.4,101560.41243781094,0.9875621890547255,9.875621890547254,sl,0.0,-0.10254896218905328,0.1015614,5.0,ifvg,0.001,-0.20411036218905326
2025-11,widen_only_sl_2x,130,1000090,1000230,-1,101482.0,101561.9,396.9999999999709,4763.999999999651,inv,140.0,-0.1813819999999942,0.101482,5.0,ifvg_clean,0.001,-0.2828639999999942
2025-11,widen_only_sl_2x,131,1066641,1066641,-1,102446.2,102446.3,0.1,1.0,inv,0.0,-0.10254620000000582,0.1024462,5.0,ifvg,0.001,-0.20499240000000582
2025-11,widen_only_sl_2x,132,1066641,1066641,-1,102345.5,102345.99752964427,0.49752964426877466,4.975296442687746,sl,0.0,-0.10284302964427171,0.1023455,5.0,ifvg,0.001,-0.2051885296442717
2025-11,widen_only_sl_2x,133,1066641,1066641,-1,102244.8,102245.79505928855,0.9950592885375493,9.950592885375492,sl,0.0,-0.10323985928854343,0.10224480000000001,5.0,ifvg,0.001,-0.20548465928854343
2025-11,widen_only_sl_2x,134,1066913,1066913,1,102491.45000000001,102490.96706484642,0.48293515358386774,4.829351535838677,sl,0.0,-0.1029743851535882,0.10249145000000001,5.0,ifvg,0.001,-0.2054658351535882
2025-11,widen_only_sl_2x,135,1066913,1066913,1,102505.6,102504.63412969284,0.9658703071672389,9.658703071672388,sl,0.0,-0.10347147030716182,0.1025056,5.0,ifvg,0.001,-0.20597707030716184
2025-11,widen_only_sl_2x,136,1066919,1066919,1,102477.3,102478.3,0.1,1.0,tp,0.0,-0.1014773,0.10247730000000001,5.0,ifvg,0.001,-0.2039546
2025-11,widen_only_sl_2x,137,1066913,1066922,-1,102478.0,102506.1,141.50000000001455,1698.0000000001746,inv,9.0,-0.13057800000000583,0.10247800000000001,5.0,ifvg_clean,0.001,-0.23305600000000584
2025-11,widen_only_sl_2x,138,1067252,1067252,1,102595.1,102594.11543209877,0.9845679012345686,9.845679012345686,sl,0.0,-0.10357966790123602,0.10259510000000001,5.0,fvg,0.001,-0.206174767901236
2025-11,widen_only_sl_2x,139,1067267,1067267,1,102563.20000000001,102562.7077160494,0.4922839506173966,4.9228395061739665,sl,0.0,-0.103055483950618,0.10256320000000001,5.0,fvg,0.001,-0.205618683950618
2025-11,widen_only_sl_2x,140,1067300,1067300,1,102531.3,102532.3,0.1,1.0,tp,0.0,-0.1015313,0.1025313,5.0,fvg,0.001,-0.2040626
2025-11,widen_only_sl_2x,141,1068283,1068283,-1,101931.55,101932.04219968799,0.49219968798752023,4.921996879875202,sl,0.0,-0.10242374968798572,0.10193155000000001,5.0,fvg,0.001,-0.20435529968798571
2025-11,widen_only_sl_2x,142,1068283,1068283,-1,101900.0,101900.98439937597,0.9843993759750405,9.843993759750404,sl,0.0,-0.10288439937597141,0.1019,5.0,fvg,0.001,-0.20478439937597143
2025-11,widen_only_sl_2x,143,1068355,1068355,-1,101963.1,101962.1,0.1,1.0,tp,0.0,-0.10096310000000001,0.10196310000000001,5.0,fvg,0.001,-0.20292620000000003
2025-11,widen_only_sl_2x,144,1068622,1068622,1,101845.7,101845.10903614458,0.5909638554216861,5.417168674698789,inv,0.0,-0.10243666385541488,0.1018457,5.0,ifvg,0.001,-0.20428236385541487
2025-11,widen_only_sl_2x,145,1068622,1068622,1,101878.4,101877.21807228915,1.1819277108433721,10.834337349397577,sl,0.0,-0.10306032771084433,0.10187840000000001,5.0,ifvg,0.001,-0.20493872771084434
2025-11,widen_only_sl_2x,146,1068626,1068626,1,101813.0,101812.88,0.12000000000000002,1.1,inv,0.0,-0.10193299999999535,0.101813,5.0,ifvg,0.001,-0.20374599999999535
2025-11,widen_only_sl_2x,147,1066641,1068936,1,102446.1,101439.10000000003,1006.9999999999709,12083.99999999965,sl,2295.0,-1.109446099999971,0.1024461,5.0,ifvg_clean,0.001,-1.211892199999971
2025-11,widen_only_sl_2x,148,1071754,1071754,1,101002.70000000001,101002.21358695654,0.48641304347845965,4.864130434784596,inv,0.0,-0.10148911304347258,0.10100270000000001,5.0,ifvg,0.001,-0.20249181304347258
2025-11,widen_only_sl_2x,149,1071754,1071754,1,101020.6,101019.62717391305,0.972826086956524,9.72826086956524,sl,0.0,-0.10199342608695969,0.1010206,5.0,ifvg,0.001,-0.20301402608695968
2025-11,widen_only_sl_2x,150,1071764,1071764,1,100984.8,100984.7,0.1,1.0,inv,0.0,-0.10108480000000583,0.10098480000000001,5.0,ifvg,0.001,-0.20206960000000584
2025-11,widen_only_sl_2x,151,1071754,1071844,-1,100996.8,101175.80000000002,179.00000000001455,2148.0000000001746,sl,90.0,-0.2799968000000146,0.10099680000000001,5.0,ifvg_clean,0.001,-0.3809936000000146
2025-11,widen_only_sl_2x,152,1073080,1073080,1,100807.05,100806.55945179584,0.4905482041587892,4.9054820415878915,inv,0.0,-0.10129759820416497,0.10080705000000001,5.0,ifvg,0.001,-0.20210464820416496
2025-11,widen_only_sl_2x,153,1073080,1073080,1,100833.0,100832.01890359168,0.9810964083175784,9.810964083175783,sl,0.0,-0.10181409640831536,0.100833,5.0,ifvg,0.001,-0.20264709640831535
2025-11,widen_only_sl_2x,154,1073083,1073083,1,100781.1,100781.0,0.1,1.0,inv,0.0,-0.10088110000000583,0.10078110000000001,5.0,ifvg,0.001,-0.20166220000000584
2025-11,widen_only_sl_2x,155,1075304,1075304,1,100433.95000000001,100433.47304147466,0.4769585253459543,4.769585253459542,inv,0.0,-0.10091090852535253,0.10043395000000001,5.0,ifvg,0.001,-0.20134485852535255
2025-11,widen_only_sl_2x,156,1075304,1075304,1,100444.3,100443.34608294931,0.953917050691238,9.53917050691238,sl,0.0,-0.1013982170506905,0.1004443,5.0,ifvg,0.001,-0.2018425170506905
2025-11,widen_only_sl_2x,157,1075319,1075319,1,100423.6,100423.5,0.1,1.0,inv,0.0,-0.10052360000000583,0.10042360000000002,5.0,ifvg,0.001,-0.20094720000000585
2025-11,widen_only_sl_2x,158,1075345,1075345,1,100372.8,100371.81869158879,0.9813084112149532,9.813084112149532,sl,0.0,-0.10135410841121019,0.1003728,5.0,fvg,0.001,-0.2017269084112102
2025-11,widen_only_sl_2x,159,1075373,1075373,1,100346.55,100351.45654205608,0.4906542056074766,4.906542056074766,tp,0.0,-0.09544000794391994,0.10034655,5.0,fvg,0.001,-0.19578655794391994
2025-11,widen_only_sl_2x,160,1075483,1075483,1,100320.3,100321.3,0.1,1.0,tp,0.0,-0.0993203,0.1003203,5.0,fvg,0.001,-0.1996406
2025-11,widen_only_sl_2x,161,1076622,1076622,-1,99901.6,99902.58708010336,0.9870801033591722,9.870801033591722,sl,0.0,-0.10088868010335396,0.09990160000000001,5.0,fvg,0.001,-0.20079028010335398
2025-11,widen_only_sl_2x,162,1076631,1076631,1,99870.0,99869.9,0.1,1.0,inv,0.0,-0.09997000000000582,0.09987,5.0,ifvg,0.001,-0.19984000000000582
2025-11,widen_only_sl_2x,163,1076631,1076631,1,99882.9,99882.41865671641,0.48134328358182016,4.813432835818202,sl,0.0,-0.10036424328357992,0.0998829,5.0,ifvg,0.001,-0.2002471432835799
2025-11,widen_only_sl_2x,164,1076631,1076631,1,99895.8,99894.83731343284,0.9626865671641832,9.626865671641832,sl,0.0,-0.10085848656715984,0.0998958,5.0,ifvg,0.001,-0.20075428656715985
2025-11,widen_only_sl_2x,165,1075304,1077989,-1,100431.3,99189.30000000018,103.49999999998545,1241.9999999998254,tp,2686.0,1.1415686999998254,0.10043130000000002,5.0,ifvg_clean,0.001,1.0411373999998252
2025-11,widen_only_sl_2x,166,1076631,1079199,-1,99881.3,98333.29999999983,129.00000000001455,1548.0000000001746,tp,2568.0,1.4481187000001745,0.0998813,5.0,ifvg_clean,0.001,1.3482374000001744
2025-11,widen_only_sl_2x,167,1083578,1083578,1,98712.2,98711.24329004329,0.9567099567099403,9.567099567099403,sl,0.0,-0.09966890995670662,0.0987122,5.0,ifvg,0.001,-0.1983811099567066
2025-11,widen_only_sl_2x,168,1083578,1083578,-1,98707.8,98712.7,110.49999999995634,1325.9999999994761,inv,0.0,-0.10360779999999419,0.09870780000000001,5.0,ifvg_clean,0.001,-0.2023155999999942
2025-11,widen_only_sl_2x,169,1083584,1083584,1,98701.15,98705.93354978354,0.4783549783546552,4.783549783546552,tp,0.0,-0.09391760021645236,0.09870115,5.0,ifvg,0.001,-0.19261875021645236
2025-11,widen_only_sl_2x,170,1083619,1083619,1,98690.1,98691.1,0.1,1.0,tp,0.0,-0.0976901,0.0986901,5.0,ifvg,0.001,-0.1963802
2025-11,widen_only_sl_2x,171,1086945,1086945,-1,98499.45000000001,98499.94085923219,0.4908592321753692,4.908592321753692,sl,0.0,-0.09899030923217356,0.09849945000000002,5.0,ifvg,0.001,-0.19748975923217357
2025-11,widen_only_sl_2x,172,1086945,1086945,-1,98472.6,98473.58171846435,0.9817184643510045,9.817184643510044,sl,0.0,-0.09945431846434709,0.09847260000000002,5.0,ifvg,0.001,-0.19792691846434712
2025-11,widen_only_sl_2x,173,1086945,1086950,1,98524.0,98472.1,268.49999999998545,3221.9999999998254,inv,5.0,-0.15042399999999417,0.098524,5.0,ifvg_clean,0.001,-0.24894799999999417
2025-11,widen_only_sl_2x,174,1086997,1086997,-1,98526.3,98525.3,0.1,1.0,tp,0.0,-0.09752630000000001,0.09852630000000001,5.0,ifvg,0.001,-0.19605260000000002
2025-11,widen_only_sl_2x,175,1088159,1088159,1,98380.0,98379.02169197398,0.9783080260303716,9.783080260303716,inv,0.0,-0.09935830802602402,0.09838,5.0,ifvg,0.001,-0.19773830802602402
2025-11,widen_only_sl_2x,176,1088196,1088196,1,98357.45,98356.96084598698,0.4891540130151858,4.891540130151858,inv,0.0,-0.09884660401301928,0.09835745,5.0,ifvg,0.001,-0.19720405401301927
2025-11,widen_only_sl_2x,177,1088197,1088197,1,98334.9,98334.79999999999,0.1,1.0,inv,0.0,-0.0984349000000058,0.09833489999999999,5.0,ifvg,0.001,-0.1967698000000058
2025-11,widen_only_sl_2x,178,1088159,1088321,-1,98363.1,98588.60000000003,225.5000000000291,2706.0000000003492,sl,162.0,-0.32386310000002916,0.09836310000000001,5.0,ifvg_clean,0.001,-0.4222262000000292
2025-11,widen_only_sl_2x,179,1095191,1095191,-1,99598.95,99599.44276410998,0.49276410998552883,4.927641099855288,inv,0.0,-0.10009171410997846,0.09959895,5.0,ifvg,0.001,-0.19969066410997846
2025-11,widen_only_sl_2x,180,1095191,1095191,-1,99564.9,99565.88552821997,0.9855282199710577,9.855282199710576,sl,0.0,-0.10055042821997145,0.0995649,5.0,ifvg,0.001,-0.20011532821997147
2025-11,widen_only_sl_2x,181,1095235,1095235,-1,99633.0,99633.1,0.1,1.0,inv,0.0,-0.09973300000000582,0.099633,5.0,ifvg,0.001,-0.19936600000000582
2025-11,widen_only_sl_2x,182,1095191,1098941,1,99617.7,99277.19999999997,340.5000000000291,4086.0000000003492,sl,3751.0,-0.44011770000002914,0.0996177,5.0,ifvg_clean,0.001,-0.5397354000000292
2025-11,widen_only_sl_2x,183,1105163,1105163,-1,99400.0,99400.1,0.1,1.0,inv,0.0,-0.09950000000000582,0.0994,5.0,ifvg,0.001,-0.19890000000000582
2025-11,widen_only_sl_2x,184,1105163,1105163,-1,99378.0,99378.48888888888,0.48888888888888893,4.888888888888889,sl,0.0,-0.09986688888888179,0.09937800000000001,5.0,ifvg,0.001,-0.1992448888888818
2025-11,widen_only_sl_2x,185,1105163,1105163,-1,99356.0,99356.97777777778,0.9777777777777779,9.777777777777779,sl,0.0,-0.10033377777777812,0.09935600000000001,5.0,ifvg,0.001,-0.19968977777777813
2025-11,widen_only_sl_2x,186,1105163,1105293,1,99397.1,99177.1,220.0,2640.0,sl,132.0,-0.3193971,0.09939710000000002,5.0,ifvg_clean,0.001,-0.4187942
2025-11,widen_only_sl_2x,187,1106082,1106082,-1,99537.0,99537.1,0.1,1.0,inv,0.0,-0.09963700000000583,0.09953700000000001,5.0,ifvg,0.001,-0.19917400000000585
2025-11,widen_only_sl_2x,188,1106082,1106082,-1,99520.4,99520.88538011695,0.48538011695927585,4.853801169592758,sl,0.0,-0.10000578011695199,0.0995204,5.0,ifvg,0.001,-0.199526180116952
2025-11,widen_only_sl_2x,189,1106082,1106082,-1,99503.8,99504.77076023392,0.9707602339181262,9.707602339181262,sl,0.0,-0.10047456023391856,0.0995038,5.0,ifvg,0.001,-0.19997836023391857
2025-11,widen_only_sl_2x,190,1106082,1106189,1,99539.8,99373.80000000002,165.99999999998545,1991.9999999998254,sl,108.0,-0.26553979999998545,0.0995398,5.0,ifvg_clean,0.001,-0.36507959999998546
2025-11,widen_only_sl_2x,191,1109709,1109709,1,99306.75,99306.25917431193,0.49082568807339455,4.908256880733946,inv,0.0,-0.09979757568807354,0.09930675000000001,5.0,ifvg,0.001,-0.19910432568807357
2025-11,widen_only_sl_2x,192,1109709,1109709,1,99333.5,99332.51834862385,0.9816513761467891,9.816513761467892,sl,0.0,-0.10031515137614706,0.0993335,5.0,ifvg,0.001,-0.19964865137614707
2025-11,widen_only_sl_2x,193,1109717,1109717,1,99280.0,99281.0,0.1,1.0,tp,0.0,-0.09828,0.09928000000000001,5.0,ifvg,0.001,-0.19756
2025-11,widen_only_sl_2x,194,1112899,1112899,1,99116.6,99116.12293577981,0.47706422018382305,4.77064220183823,inv,0.0,-0.09959366422019111,0.09911660000000001,5.0,ifvg,0.001,-0.1987102642201911
2025-11,widen_only_sl_2x,195,1112899,1112899,1,99127.0,99126.04587155963,0.9541284403669786,9.541284403669787,sl,0.0,-0.10008112844036764,0.09912699999999999,5.0,ifvg,0.001,-0.19920812844036762
2025-11,widen_only_sl_2x,196,1112902,1112902,1,99106.2,99106.09999999999,0.1,1.0,inv,0.0,-0.09920620000000582,0.0991062,5.0,ifvg,0.001,-0.19831240000000583
2025-11,widen_only_sl_2x,197,1068622,1114905,-1,101815.5,97891.50000000035,326.9999999999709,3923.9999999996508,tp,46446.0,3.822184499999651,0.1018155,5.0,ifvg_clean,0.001,3.720368999999651
2025-11,widen_only_sl_2x,198,1112899,1114907,-1,99106.9,97858.89999999982,104.00000000001455,1248.0000000001746,tp,2025.0,1.1488931000001747,0.0991069,5.0,ifvg_clean,0.001,1.0497862000001748
2025-11,widen_only_sl_2x,199,1073080,1114911,-1,100791.8,97677.80000000035,259.4999999999709,3113.9999999996508,tp,41994.0,3.0132081999996507,0.10079180000000001,5.0,ifvg_clean,0.001,2.9124163999996506
2025-11,widen_only_sl_2x,200,1115590,1115590,1,97818.3,97818.2,0.1,1.0,inv,0.0,-0.09791830000000583,0.09781830000000001,5.0,ifvg,0.001,-0.19573660000000584
2025-11,widen_only_sl_2x,201,1115590,1115590,1,97856.75,97856.25641848524,0.49358151476251555,4.9358151476251555,sl,0.0,-0.09835033151476191,0.09785675,5.0,ifvg,0.001,-0.1962070815147619
2025-11,widen_only_sl_2x,202,1115590,1115590,1,97895.2,97894.21283697047,0.9871630295250311,9.871630295250311,sl,0.0,-0.0988823630295238,0.0978952,5.0,ifvg,0.001,-0.19677756302952382
2025-11,widen_only_sl_2x,203,1109709,1122925,-1,99283.8,96073.8,267.5,3210.0,tp,13283.0,3.1107162,0.0992838,5.0,ifvg_clean,0.001,3.0114324000000003
2025-11,widen_only_sl_2x,204,1132470,1132470,1,97098.95,97098.45959692898,0.49040307101727554,4.904030710172755,sl,0.0,-0.09758935307101678,0.09709895,5.0,ifvg,0.001,-0.19468830307101678
2025-11,widen_only_sl_2x,205,1132470,1132470,1,97124.5,97123.51919385797,0.9808061420345511,9.80806142034551,sl,0.0,-0.09810530614203354,0.0971245,5.0,ifvg,0.001,-0.19522980614203356
2025-11,widen_only_sl_2x,206,1132474,1132474,1,97073.4,97074.4,0.1,1.0,tp,0.0,-0.09607339999999999,0.09707339999999999,5.0,ifvg,0.001,-0.19314679999999998
2025-11,widen_only_sl_2x,207,1132470,1132560,-1,97077.4,97125.0,255.5000000000291,3066.0000000003492,inv,90.0,-0.1446774000000058,0.0970774,5.0,ifvg_clean,0.001,-0.24175480000000582
2025-11,widen_only_sl_2x,208,1133022,1133022,-1,96893.3,96893.79007936508,0.49007936507936395,4.90079365079364,sl,0.0,-0.09738337936507407,0.09689330000000002,5.0,ifvg,0.001,-0.1942766793650741
2025-11,widen_only_sl_2x,209,1133022,1133022,-1,96868.6,96869.58015873017,0.9801587301587279,9.80158730158728,sl,0.0,-0.09784875873016267,0.09686860000000001,5.0,ifvg,0.001,-0.1947173587301627
2025-11,widen_only_sl_2x,210,1133022,1133024,1,96901.7,96868.1,246.9999999999709,2963.9999999996508,inv,2.0,-0.13050169999999128,0.09690170000000001,5.0,ifvg_clean,0.001,-0.2274033999999913
2025-11,widen_only_sl_2x,211,1133153,1133153,-1,96918.0,96917.0,0.1,1.0,tp,0.0,-0.095918,0.096918,5.0,ifvg,0.001,-0.192836
2025-11,widen_only_sl_2x,212,1139444,1139444,1,96625.0,96624.9,0.1,1.0,inv,0.0,-0.09672500000000582,0.096625,5.0,ifvg,0.001,-0.19335000000000582
2025-11,widen_only_sl_2x,213,1139444,1139444,1,96636.45,96635.97092050209,0.4790794979079447,4.790794979079447,sl,0.0,-0.09711552949790533,0.09663645,5.0,ifvg,0.001,-0.19375197949790535
2025-11,widen_only_sl_2x,214,1139444,1139444,1,96647.9,96646.94184100418,0.9581589958158894,9.581589958158894,sl,0.0,-0.09760605899581065,0.0966479,5.0,ifvg,0.001,-0.19425395899581066
2025-11,widen_only_sl_2x,215,1139444,1143616,-1,96622.3,95248.30000000035,114.4999999999709,1373.9999999996508,tp,4172.0,1.277377699999651,0.09662230000000001,5.0,ifvg_clean,0.001,1.180755399999651
2025-11,widen_only_sl_2x,216,1158467,1158467,1,97173.5,97173.4,0.1,1.0,sl,0.0,-0.09727350000000583,0.09717350000000001,5.0,ifvg,0.001,-0.19444700000000584
2025-11,widen_only_sl_2x,217,1158467,1158467,1,97187.6,97187.11712328768,0.4828767123290146,4.828767123290146,sl,0.0,-0.09767047671232537,0.0971876,5.0,ifvg,0.001,-0.19485807671232536
2025-11,widen_only_sl_2x,218,1158467,1158467,1,97201.7,97200.73424657535,0.9657534246575308,9.657534246575308,sl,0.0,-0.09816745342465076,0.0972017,5.0,ifvg,0.001,-0.19536915342465078
2025-11,widen_only_sl_2x,219,1158467,1158962,-1,97165.0,97202.2,140.99999999998545,1691.9999999998254,inv,496.0,-0.1343649999999971,0.097165,5.0,ifvg_clean,0.001,-0.2315299999999971
2025-11,widen_only_sl_2x,220,1239419,1239419,1,96339.7,96339.21050420168,0.489495798319329,4.89495798319329,sl,0.0,-0.0968291957983197,0.0963397,5.0,ifvg,0.001,-0.1931688957983197
2025-11,widen_only_sl_2x,221,1239419,1239419,1,96363.0,96362.02100840336,0.978991596638658,9.78991596638658,sl,0.0,-0.0973419915966394,0.096363,5.0,ifvg,0.001,-0.1937049915966394
2025-11,widen_only_sl_2x,222,1239425,1239425,1,96316.4,96317.4,0.1,1.0,tp,0.0,-0.09531640000000001,0.09631640000000001,5.0,ifvg,0.001,-0.19163280000000002
2025-11,widen_only_sl_2x,223,1295285,1295285,1,95999.3,95998.80448028674,0.495519713261649,4.95519713261649,sl,0.0,-0.09649481971326583,0.09599930000000001,5.0,ifvg,0.001,-0.19249411971326585
2025-11,widen_only_sl_2x,224,1295285,1295285,1,96054.6,96053.60896057349,0.991039426523298,9.91039426523298,sl,0.0,-0.09704563942651709,0.0960546,5.0,ifvg,0.001,-0.1931002394265171
2025-11,widen_only_sl_2x,225,1295385,1295385,1,95944.0,95945.0,0.1,1.0,tp,0.0,-0.094944,0.095944,5.0,ifvg,0.001,-0.190888
2025-11,widen_only_sl_2x,226,1295285,1298192,-1,95949.0,96055.1,553.0000000000291,6636.000000000349,inv,3017.0,-0.20204900000000584,0.095949,5.0,ifvg_clean,0.001,-0.29799800000000587
2025-11,widen_only_sl_2x,227,1239419,1301378,-1,96324.4,96363.5,233.0000000000291,2796.0000000003492,inv,66079.0,-0.13542440000000583,0.0963244,5.0,ifvg_clean,0.001,-0.23174880000000583
2025-11,widen_only_sl_2x,228,1312892,1312892,1,95601.5,95601.4,0.1,1.0,inv,0.0,-0.09570150000000582,0.0956015,5.0,ifvg,0.001,-0.19130300000000583
2025-11,widen_only_sl_2x,229,1312892,1312892,1,95615.1,95614.61773049647,0.48226950354635545,4.822695035463554,sl,0.0,-0.09609736950354002,0.09561510000000001,5.0,ifvg,0.001,-0.19171246950354004
2025-11,widen_only_sl_2x,230,1312892,1312892,1,95628.7,95627.7354609929,0.9645390070921949,9.645390070921948,sl,0.0,-0.09659323900709457,0.0956287,5.0,ifvg,0.001,-0.19222193900709456
2025-11,widen_only_sl_2x,231,1312892,1313005,-1,95592.6,95728.59999999999,135.99999999998545,1631.9999999998254,sl,114.0,-0.23159259999998544,0.0955926,5.0,ifvg_clean,0.001,-0.3271851999999854
2025-11,widen_only_sl_2x,232,1115590,1344338,-1,97835.9,93221.90000000034,384.4999999999709,4613.999999999651,tp,234910.0,4.516164099999651,0.0978359,5.0,ifvg_clean,0.001,4.418328199999651
2025-11,widen_only_sl_2x,233,1354451,1354451,1,94679.7,94679.2096153846,0.4903846153846154,4.903846153846154,sl,0.0,-0.09517008461539021,0.0946797,5.0,ifvg,0.001,-0.1898497846153902
2025-11,widen_only_sl_2x,234,1354451,1354451,1,94705.2,94704.21923076923,0.9807692307692308,9.807692307692308,sl,0.0,-0.09568596923076587,0.0947052,5.0,ifvg,0.001,-0.19039116923076588
2025-11,widen_only_sl_2x,235,1354451,1354462,-1,94659.3,94705.7,255.0,3060.0,inv,11.0,-0.14105929999999417,0.0946593,5.0,ifvg_clean,0.001,-0.23571859999999417
2025-11,widen_only_sl_2x,236,1354537,1354537,-1,94877.7,94877.8,0.1,1.0,inv,0.0,-0.09497770000000583,0.09487770000000001,5.0,ifvg,0.001,-0.18985540000000584
2025-11,widen_only_sl_2x,237,1354537,1354537,-1,94866.04999999999,94866.5294238683,0.4794238683130591,4.794238683130591,sl,0.0,-0.09534547386830981,0.09486605,5.0,ifvg,0.001,-0.1902115238683098
2025-11,widen_only_sl_2x,238,1354537,1354537,-1,94854.4,94855.35884773661,0.9588477366255194,9.588477366255194,sl,0.0,-0.09581324773661964,0.0948544,5.0,ifvg,0.001,-0.19066764773661965
2025-11,widen_only_sl_2x,239,1354537,1358198,1,94882.3,94765.79999999999,116.50000000001455,1398.0000000001746,sl,3713.0,-0.21138230000001457,0.0948823,5.0,ifvg_clean,0.001,-0.30626460000001454
2025-11,widen_only_sl_2x,240,1381472,1381472,1,95751.4,95750.91196172248,0.4880382775117885,4.880382775117885,sl,0.0,-0.09623943827751542,0.09575139999999999,5.0,ifvg,0.001,-0.1919908382775154
2025-11,widen_only_sl_2x,241,1381472,1381472,1,95771.8,95770.82392344497,0.9760765550239251,9.76076555023925,sl,0.0,-0.09674787655503089,0.0957718,5.0,ifvg,0.001,-0.19251967655503088
2025-11,widen_only_sl_2x,242,1381472,1381481,-1,95747.5,95772.3,204.00000000001455,2448.0000000001746,inv,9.0,-0.12054750000000292,0.0957475,5.0,ifvg_clean,0.001,-0.2162950000000029
2025-11,widen_only_sl_2x,243,1381555,1381555,1,95731.0,95732.0,0.1,1.0,tp,0.0,-0.09473100000000001,0.09573100000000001,5.0,ifvg,0.001,-0.19046200000000002
2025-11,widen_only_sl_2x,244,1403745,1403745,-1,95304.2,95304.3,0.1,1.0,inv,0.0,-0.09540420000000581,0.09530419999999999,5.0,ifvg,0.001,-0.1907084000000058
2025-11,widen_only_sl_2x,245,1403745,1403745,-1,95270.75,95271.24263622976,0.49263622974963117,4.926362297496311,sl,0.0,-0.09576338622975561,0.09527075000000002,5.0,ifvg,0.001,-0.19103413622975562
2025-11,widen_only_sl_2x,246,1403745,1403745,-1,95237.3,95238.2852724595,0.9852724594992623,9.852724594992623,sl,0.0,-0.09622257245949664,0.09523730000000001,5.0,ifvg,0.001,-0.19145987245949664
2025-11,widen_only_sl_2x,247,1403745,1403936,1,95304.8,94970.30000000003,334.4999999999709,4013.9999999996508,sl,191.0,-0.4298047999999709,0.09530480000000001,5.0,ifvg_clean,0.001,-0.5251095999999709
2025-11,widen_only_sl_2x,248,1408035,1408035,1,93729.45,93728.95297796307,0.497022036926742,4.9702203692674205,inv,0.0,-0.09422647203692869,0.09372945,5.0,ifvg,0.001,-0.18795592203692868
2025-11,widen_only_sl_2x,249,1408035,1408035,1,93812.9,93811.90595592614,0.994044073853484,9.940440738534841,sl,0.0,-0.09480694407385737,0.0938129,5.0,ifvg,0.001,-0.18861984407385737
2025-11,widen_only_sl_2x,250,1408042,1408042,1,93646.0,93645.9,0.1,1.0,inv,0.0,-0.09374600000000582,0.09364600000000001,5.0,ifvg,0.001,-0.18739200000000583
2025-11,widen_only_sl_2x,251,1411077,1411077,-1,94382.2,94383.18546511627,0.9854651162790704,9.854651162790704,sl,0.0,-0.09536766511627501,0.0943822,5.0,fvg,0.001,-0.189749865116275
2025-11,widen_only_sl_2x,252,1450615,1450615,1,90737.25,90736.76026694046,0.489733059548257,4.89733059548257,inv,0.0,-0.09122698305954133,0.09073725,5.0,ifvg,0.001,-0.18196423305954135
2025-11,widen_only_sl_2x,253,1450615,1450615,1,90761.1,90760.12053388091,0.979466119096514,9.79466119096514,sl,0.0,-0.09174056611909721,0.09076110000000001,5.0,ifvg,0.001,-0.18250166611909724
2025-11,widen_only_sl_2x,254,1450805,1450805,1,90713.4,90713.29999999999,0.1,1.0,inv,0.0,-0.09081340000000582,0.0907134,5.0,ifvg,0.001,-0.18152680000000582
2025-11,widen_only_sl_2x,255,1450615,1466534,-1,90717.1,90955.60000000006,238.5000000000582,2862.0000000006985,sl,15924.0,-0.3292171000000582,0.09071710000000001,5.0,ifvg_clean,0.001,-0.4199342000000582
2025-11,widen_only_sl_2x,256,1496387,1496387,-1,93586.7,93586.8,0.1,1.0,inv,0.0,-0.09368670000000581,0.0935867,5.0,ifvg,0.001,-0.1872734000000058
2025-11,widen_only_sl_2x,257,1496387,1496387,-1,93568.35,93568.83673740053,0.48673740053030995,4.867374005303099,sl,0.0,-0.09405508740052619,0.09356835000000001,5.0,ifvg,0.001,-0.1876234374005262
2025-11,widen_only_sl_2x,258,1496387,1496387,-1,93550.0,93550.97347480107,0.9734748010610059,9.734748010610058,sl,0.0,-0.0945234748010669,0.09355,5.0,ifvg,0.001,-0.1880734748010669
2025-11,widen_only_sl_2x,259,1496387,1496618,1,93583.5,93400.00000000001,183.49999999998545,2201.9999999998254,sl,231.0,-0.27708349999998544,0.0935835,5.0,ifvg_clean,0.001,-0.3706669999999854
2025-11,widen_only_sl_2x,260,1500400,1500400,-1,93285.85,93286.32716894978,0.47716894977136637,4.7716894977136635,sl,0.0,-0.09376301894977204,0.09328585000000002,5.0,ifvg,0.001,-0.18704886894977207
2025-11,widen_only_sl_2x,261,1500400,1500400,-1,93275.4,93276.35433789954,0.9543378995433972,9.543378995433972,sl,0.0,-0.09422973789954404,0.0932754,5.0,ifvg,0.001,-0.18750513789954404
2025-11,widen_only_sl_2x,262,1500400,1500403,1,93290.4,93274.9,104.50000000004366,1254.0000000005239,inv,3.0,-0.1087904,0.0932904,5.0,ifvg_clean,0.001,-0.2020808
2025-11,widen_only_sl_2x,263,1500419,1500419,-1,93296.3,93295.3,0.1,1.0,tp,0.0,-0.0922963,0.0932963,5.0,ifvg,0.001,-0.1855926
2025-11,widen_only_sl_2x,264,1500747,1500747,1,93225.9,93225.41851851852,0.48148148148148145,4.814814814814815,inv,0.0,-0.09370738148147448,0.0932259,5.0,ifvg,0.001,-0.18693328148147448
2025-11,widen_only_sl_2x,265,1500747,1500747,1,93238.9,93237.93703703703,0.9629629629629629,9.62962962962963,sl,0.0,-0.0942018629629635,0.0932389,5.0,ifvg,0.001,-0.1874407629629635
2025-11,widen_only_sl_2x,266,1500751,1500751,1,93212.9,93212.79999999999,0.1,1.0,inv,0.0,-0.0933129000000058,0.09321289999999999,5.0,ifvg,0.001,-0.1865258000000058
2025-11,widen_only_sl_2x,267,1500747,1501545,-1,93214.6,93344.6,130.0,1560.0,sl,806.0,-0.2232146,0.09321460000000001,5.0,ifvg_clean,0.001,-0.3164292
2025-11,widen_only_sl_2x,268,1504682,1504682,1,93493.75,93493.26123595505,0.4887640449438202,4.8876404494382015,sl,0.0,-0.09398251404494515,0.09349375000000001,5.0,ifvg,0.001,-0.18747626404494516
2025-11,widen_only_sl_2x,269,1504682,1504682,1,93515.5,93514.52247191011,0.9775280898876404,9.775280898876403,sl,0.0,-0.09449302808989025,0.0935155,5.0,ifvg,0.001,-0.18800852808989027
2025-11,widen_only_sl_2x,270,1504712,1504712,1,93472.0,93473.0,0.1,1.0,tp,0.0,-0.09247200000000001,0.09347200000000001,5.0,ifvg,0.001,-0.18594400000000003
2025-11,widen_only_sl_2x,271,1504682,1507327,-1,93474.8,93516.0,217.5,2610.0,inv,2703.0,-0.1346747999999971,0.09347480000000001,5.0,ifvg_clean,0.001,-0.22814959999999712
2025-11,widen_only_sl_2x,272,1508800,1508800,-1,93164.0,93163.0,0.1,1.0,tp,0.0,-0.092164,0.093164,5.0,ifvg,0.001,-0.185328
2025-11,widen_only_sl_2x,273,1508800,1508800,-1,93152.0,93152.48,0.48,4.8,sl,0.0,-0.09363199999999593,0.093152,5.0,ifvg,0.001,-0.18678399999999593
2025-11,widen_only_sl_2x,274,1508800,1508800,-1,93140.0,93140.96,0.96,9.6,sl,0.0,-0.0941000000000064,0.09314,5.0,ifvg,0.001,-0.1872400000000064
2025-11,widen_only_sl_2x,275,1508800,1508834,1,93162.9,93139.5,120.0,1440.0,inv,36.0,-0.11656289999999417,0.09316289999999999,5.0,ifvg_clean,0.001,-0.20972579999999416
2025-11,widen_only_sl_2x,276,1510790,1510790,-1,92896.8,92897.28768472906,0.4876847290640412,4.876847290640412,sl,0.0,-0.09338448472905794,0.0928968,5.0,ifvg,0.001,-0.18628128472905794
2025-11,widen_only_sl_2x,277,1510790,1510790,-1,92877.0,92877.97536945813,0.9753694581280824,9.753694581280824,sl,0.0,-0.09385236945813044,0.092877,5.0,ifvg,0.001,-0.18672936945813046
2025-11,widen_only_sl_2x,278,1510794,1510794,-1,92916.6,92915.6,0.1,1.0,tp,0.0,-0.0919166,0.0929166,5.0,ifvg,0.001,-0.1848332
2025-11,widen_only_sl_2x,279,1510790,1510966,1,92915.2,92876.5,198.0000000000291,2376.0000000003492,inv,179.0,-0.1316151999999971,0.0929152,5.0,ifvg_clean,0.001,-0.2245303999999971
2025-11,widen_only_sl_2x,280,1516627,1516627,-1,93035.45000000001,93035.94051233398,0.49051233396570576,4.905123339657058,inv,0.0,-0.09352596233397042,0.09303545000000002,5.0,ifvg,0.001,-0.18656141233397044
2025-11,widen_only_sl_2x,281,1516627,1516627,-1,93009.6,93010.58102466793,0.9810246679316877,9.810246679316878,sl,0.0,-0.09399062466792626,0.09300960000000001,5.0,ifvg,0.001,-0.18700022466792626
2025-11,widen_only_sl_2x,282,1516675,1516675,-1,93061.3,93061.40000000001,0.1,1.0,inv,0.0,-0.09316130000000582,0.0930613,5.0,ifvg,0.001,-0.18622260000000582
2025-11,widen_only_sl_2x,283,1516627,1519626,1,93049.4,92790.90000000001,258.49999999998545,3101.9999999998254,sl,3086.0,-0.35154939999998547,0.09304939999999999,5.0,ifvg_clean,0.001,-0.4445987999999855
2025-11,widen_only_sl_2x,284,1583263,1583263,1,89953.3,89952.3167785235,0.9832214765100689,9.832214765100689,sl,0.0,-0.09093652147650469,0.0899533,5.0,fvg,0.001,-0.18088982147650468
2025-11,widen_only_sl_2x,285,1583266,1583266,1,89924.0,89928.91610738255,0.49161073825503443,4.9161073825503445,tp,0.0,-0.08500789261744743,0.089924,5.0,fvg,0.001,-0.17493189261744743
2025-11,widen_only_sl_2x,286,1583267,1583267,1,89894.7,89895.7,0.1,1.0,tp,0.0,-0.08889470000000001,0.08989470000000001,5.0,fvg,0.001,-0.17878940000000001
2025-11,widen_only_sl_2x,287,1596844,1596844,-1,89257.0,89257.1,0.1,1.0,inv,0.0,-0.08935700000000582,0.089257,5.0,ifvg,0.001,-0.17861400000000582
2025-11,widen_only_sl_2x,288,1596844,1596844,-1,89220.4,89220.89326145552,0.4932614555257042,4.932614555257042,sl,0.0,-0.08971366145552914,0.0892204,5.0,ifvg,0.001,-0.17893406145552915
2025-11,widen_only_sl_2x,289,1596844,1596844,-1,89183.8,89184.78652291106,0.9865229110512124,9.865229110512123,sl,0.0,-0.09017032291105828,0.08918380000000001,5.0,ifvg,0.001,-0.1793541229110583
2025-11,widen_only_sl_2x,290,1597353,1597353,1,89550.9,89550.40999999999,0.49,4.9,sl,0.0,-0.09004090000000524,0.0895509,5.0,ifvg,0.001,-0.17959180000000524
2025-11,widen_only_sl_2x,291,1597353,1597353,1,89575.4,89574.42,0.98,9.8,sl,0.0,-0.09055539999999593,0.0895754,5.0,ifvg,0.001,-0.18013079999999593
2025-11,widen_only_sl_2x,292,1597360,1597360,1,89526.4,89527.4,0.1,1.0,tp,0.0,-0.08852639999999999,0.08952639999999999,5.0,ifvg,0.001,-0.17805279999999998
2025-11,widen_only_sl_2x,293,1597353,1597407,-1,89528.6,89575.9,245.0,2940.0,inv,54.0,-0.13682859999998837,0.08952860000000001,5.0,ifvg_clean,0.001,-0.22635719999998838
2025-11,widen_only_sl_2x,294,1627245,1627245,-1,92835.85,92836.32630331755,0.4763033175351904,4.763033175351904,sl,0.0,-0.09331215331754045,0.09283585000000001,5.0,fvg,0.001,-0.18614800331754044
2025-11,widen_only_sl_2x,295,1627245,1627245,-1,92825.8,92826.75260663507,0.9526066350710705,9.526066350710705,sl,0.0,-0.09377840663506633,0.0928258,5.0,fvg,0.001,-0.18660420663506633
2025-11,widen_only_sl_2x,296,1656230,1656230,1,91838.5,91838.00551876379,0.49448123620309087,4.944812362030909,sl,0.0,-0.09233298123620823,0.0918385,5.0,ifvg,0.001,-0.18417148123620825
2025-11,widen_only_sl_2x,297,1656230,1656230,1,91883.3,91882.3110375276,0.9889624724061817,9.889624724061818,sl,0.0,-0.0928722624724019,0.0918833,5.0,ifvg,0.001,-0.1847555624724019
2025-11,widen_only_sl_2x,298,1656230,1656232,-1,91820.8,91883.8,448.0000000000291,5376.000000000349,inv,2.0,-0.1548208,0.09182080000000001,5.0,ifvg_clean,0.001,-0.24664160000000002
2025-11,widen_only_sl_2x,299,1656541,1656541,1,91793.7,91794.7,0.1,1.0,tp,0.0,-0.0907937,0.0917937,5.0,ifvg,0.001,-0.1825874
2025-11,widen_only_sl_2x,300,1657740,1657740,1,91739.7,91738.7096805421,0.990319457889642,9.90319457889642,sl,0.0,-0.09273001945789466,0.09173970000000001,5.0,fvg,0.001,-0.18446971945789467
2025-11,widen_only_sl_2x,301,1657742,1657742,1,91688.54999999999,91688.05484027104,0.4951597289447506,4.9515972894475055,sl,0.0,-0.09218370972894732,0.09168855,5.0,fvg,0.001,-0.18387225972894733
2025-11,widen_only_sl_2x,302,1657824,1657824,1,91637.4,91638.4,0.1,1.0,tp,0.0,-0.0906374,0.09163740000000001,5.0,fvg,0.001,-0.18227480000000001
2025-11,widen_only_sl_2x,303,1662107,1662107,-1,90840.7,90841.66987951807,0.9698795180722865,9.698795180722865,sl,0.0,-0.09181057951807386,0.0908407,5.0,fvg,0.001,-0.18265127951807386
2025-11,widen_only_sl_2x,304,1662111,1662111,-1,90856.79999999999,90857.28493975902,0.4849397590363624,4.8493975903636235,sl,0.0,-0.09134173975902966,0.0908568,5.0,fvg,0.001,-0.18219853975902967
2025-11,widen_only_sl_2x,305,1662121,1662121,-1,90872.9,90871.9,0.1,1.0,tp,0.0,-0.0898729,0.0908729,5.0,fvg,0.001,-0.1807458
2025-11,widen_only_sl_2x,306,1596844,1665663,1,89255.8,88889.80000000002,365.99999999998545,4391.999999999825,sl,69538.0,-0.45525579999998544,0.08925580000000001,5.0,ifvg_clean,0.001,-0.5445115999999854
2025-11,widen_only_sl_2x,307,1408035,1721124,-1,93649.8,83635.80000000035,834.4999999999709,10013.99999999965,tp,315124.0,9.920350199999652,0.0936498,5.0,ifvg_clean,0.001,9.826700399999652
2025-11,widen_only_sl_2x,308,1731560,1731560,1,82218.3,82218.2,0.1,1.0,inv,0.0,-0.08231830000000581,0.0822183,5.0,ifvg,0.001,-0.1645366000000058
2025-11,widen_only_sl_2x,309,1731560,1731560,1,82253.35,82252.85703234881,0.49296765119560076,4.929676511956008,sl,0.0,-0.08274631765119654,0.08225335000000002,5.0,ifvg,0.001,-0.16499966765119656
2025-11,widen_only_sl_2x,310,1731560,1731560,1,82288.4,82287.4140646976,0.9859353023909969,9.85935302390997,sl,0.0,-0.08327433530239305,0.0822884,5.0,ifvg,0.001,-0.16556273530239304
2025-11,widen_only_sl_2x,311,1731560,1731923,-1,82220.0,82570.49999999996,350.49999999995634,4205.999999999476,sl,363.0,-0.43271999999995636,0.08222,5.0,ifvg_clean,0.001,-0.5149399999999563
2025-11,widen_only_sl_2x,312,1737793,1737793,-1,82097.1,82096.1,0.1,1.0,tp,0.0,-0.08109710000000002,0.08209710000000002,5.0,ifvg,0.001,-0.16319420000000004
2025-11,widen_only_sl_2x,313,1737793,1737793,-1,82068.05,82068.54153976311,0.49153976311336806,4.915397631133681,sl,0.0,-0.08255958976311209,0.08206805,5.0,ifvg,0.001,-0.1646276397631121
2025-11,widen_only_sl_2x,314,1737793,1737793,-1,82039.0,82039.98307952622,0.9830795262267361,9.830795262267362,sl,0.0,-0.08302207952622417,0.082039,5.0,ifvg,0.001,-0.16506107952622417
2025-11,widen_only_sl_2x,315,1737793,1737823,1,82096.4,82038.5,290.5000000000291,3486.0000000003492,inv,30.0,-0.1399963999999942,0.0820964,5.0,ifvg_clean,0.001,-0.2220927999999942
2025-11,widen_only_sl_2x,316,1750460,1750460,1,82784.7,82810.8,131.50000000001455,1578.0000000001746,inv,0.0,-0.05668469999999418,0.0827847,5.0,ifvg_clean,0.001,-0.1394693999999942
2025-11,widen_only_sl_2x,317,1750465,1750465,-1,82824.45000000001,82819.63315018316,0.48168498168471713,4.816849816847172,tp,0.0,-0.07800760018314754,0.08282445000000002,5.0,ifvg,0.001,-0.16083205018314756
2025-11,widen_only_sl_2x,318,1750465,1750465,-1,82811.3,82801.6663003663,0.9633699633699673,9.633699633699672,tp,0.0,-0.07317760036629505,0.0828113,5.0,ifvg,0.001,-0.15598890036629504
2025-11,widen_only_sl_2x,319,1750467,1750467,-1,82837.6,82836.6,0.1,1.0,tp,0.0,-0.08183760000000001,0.08283760000000001,5.0,ifvg,0.001,-0.16467520000000002
2025-11,widen_only_sl_2x,320,1751277,1751277,1,83013.20000000001,83012.70451263539,0.4954873646210044,4.954873646210044,inv,0.0,-0.08350868736462021,0.08301320000000001,5.0,ifvg,0.001,-0.1665218873646202
2025-11,widen_only_sl_2x,321,1751277,1751277,1,83068.1,83067.10902527077,0.9909747292418775,9.909747292418775,sl,0.0,-0.08405907472924042,0.0830681,5.0,ifvg,0.001,-0.16712717472924044
2025-11,widen_only_sl_2x,322,1751348,1751348,1,82958.3,82958.2,0.1,1.0,inv,0.0,-0.08305830000000583,0.08295830000000001,5.0,ifvg,0.001,-0.16601660000000584
2025-11,widen_only_sl_2x,323,1752692,1752692,-1,82717.3,82717.40000000001,0.1,1.0,sl,0.0,-0.08281730000000583,0.08271730000000001,5.0,fvg,0.001,-0.16553460000000583
2025-11,widen_only_sl_2x,324,1752692,1752692,-1,82705.05,82705.53039215687,0.4803921568627451,4.803921568627451,sl,0.0,-0.08318544215686731,0.08270505,5.0,fvg,0.001,-0.1658904921568673
2025-11,widen_only_sl_2x,325,1752692,1752692,-1,82692.8,82693.76078431372,0.9607843137254902,9.607843137254902,sl,0.0,-0.08365358431372008,0.08269280000000001,5.0,fvg,0.001,-0.1663463843137201
2025-11,widen_only_sl_2x,326,1751277,1753724,-1,82960.7,83509.70000000001,549.0000000000146,6588.000000000175,sl,2447.0,-0.6319607000000146,0.0829607,5.0,ifvg_clean,0.001,-0.7149214000000146
2025-11,widen_only_sl_2x,327,1754272,1754272,-1,83361.0,83361.1,0.1,1.0,inv,0.0,-0.08346100000000582,0.083361,5.0,ifvg,0.001,-0.16682200000000583
2025-11,widen_only_sl_2x,328,1754272,1754272,-1,83296.0,83296.49618320611,0.4961832061068702,4.961832061068702,sl,0.0,-0.08379218320610898,0.08329600000000001,5.0,ifvg,0.001,-0.167088183206109
2025-11,widen_only_sl_2x,329,1754272,1754272,-1,83231.0,83231.99236641222,0.9923664122137404,9.923664122137405,sl,0.0,-0.08422336641221798,0.08323100000000001,5.0,ifvg,0.001,-0.167454366412218
2025-11,widen_only_sl_2x,330,1759748,1759748,-1,83469.1,83469.20000000001,0.1,1.0,sl,0.0,-0.08356910000000584,0.08346910000000002,5.0,ifvg,0.001,-0.16703820000000585
2025-11,widen_only_sl_2x,331,1759748,1759748,-1,83440.0,83440.49155405405,0.49155405405405567,4.915540540540556,sl,0.0,-0.08393155405405327,0.08344,5.0,ifvg,0.001,-0.16737155405405327
2025-11,widen_only_sl_2x,332,1759748,1759748,-1,83410.9,83411.8831081081,0.9831081081081113,9.831081081081113,sl,0.0,-0.08439400810810653,0.0834109,5.0,ifvg,0.001,-0.16780490810810653
2025-11,widen_only_sl_2x,333,1759748,1759766,1,83468.4,83410.4,291.0000000000582,3492.0000000006985,inv,18.0,-0.1414684,0.0834684,5.0,ifvg_clean,0.001,-0.2249368
2025-11,widen_only_sl_2x,334,1785661,1785661,-1,85161.15,85156.24276437848,0.4907235621522701,4.907235621522701,tp,0.0,-0.08025391437848166,0.08516114999999999,5.0,fvg,0.001,-0.16541506437848164
2025-11,widen_only_sl_2x,335,1785661,1785661,-1,85134.7,85135.6814471243,0.9814471243042703,9.814471243042703,sl,0.0,-0.08611614712430075,0.0851347,5.0,fvg,0.001,-0.17125084712430075
2025-11,widen_only_sl_2x,336,1785760,1785760,1,84978.0,84979.0,0.1,1.0,tp,0.0,-0.08397800000000001,0.08497800000000001,5.0,ifvg,0.001,-0.16895600000000002
2025-11,widen_only_sl_2x,337,1785760,1785760,1,84994.8,84994.31445086705,0.4855491329479793,4.8554913294797934,sl,0.0,-0.08548034913295083,0.0849948,5.0,ifvg,0.001,-0.1704751491329508
2025-11,widen_only_sl_2x,338,1785760,1785760,1,85011.6,85010.6289017341,0.9710982658959586,9.710982658959587,sl,0.0,-0.08598269826590169,0.0850116,5.0,ifvg,0.001,-0.17099429826590168
2025-11,widen_only_sl_2x,339,1785760,1785826,-1,84982.6,85012.1,168.0000000000291,2016.0000000003492,inv,67.0,-0.1144826,0.0849826,5.0,ifvg_clean,0.001,-0.1994652
2025-11,widen_only_sl_2x,340,1786576,1786576,-1,85079.75,85080.23583569405,0.48583569405098687,4.858356940509869,inv,0.0,-0.0855655856940531,0.08507975000000001,5.0,ifvg,0.001,-0.1706453356940531
2025-11,widen_only_sl_2x,341,1786576,1786576,-1,85062.6,85063.57167138811,0.9716713881019737,9.716713881019738,sl,0.0,-0.0860342713881062,0.0850626,5.0,ifvg,0.001,-0.1710968713881062
2025-11,widen_only_sl_2x,342,1786599,1786599,-1,85096.9,85097.0,0.1,1.0,inv,0.0,-0.0851969000000058,0.08509689999999999,5.0,ifvg,0.001,-0.1702938000000058
2025-11,widen_only_sl_2x,343,1786576,1787710,1,85096.6,84925.10000000006,171.4999999999418,2057.9999999993015,sl,1162.0,-0.2565965999999418,0.08509660000000001,5.0,ifvg_clean,0.001,-0.3416931999999418
2025-11,widen_only_sl_2x,344,1788954,1788954,1,84697.29999999999,84696.81908396946,0.48091603053407134,4.809160305340713,inv,0.0,-0.08517821603053034,0.08469729999999999,5.0,ifvg,0.001,-0.16987551603053033
2025-11,widen_only_sl_2x,345,1788954,1788954,1,84709.9,84708.93816793892,0.9618320610686981,9.61832061068698,sl,0.0,-0.08567173206107524,0.08470989999999999,5.0,ifvg,0.001,-0.17038163206107523
2025-11,widen_only_sl_2x,346,1788956,1788956,1,84684.7,84684.59999999999,0.1,1.0,inv,0.0,-0.0847847000000058,0.08468469999999999,5.0,ifvg,0.001,-0.1694694000000058
2025-11,widen_only_sl_2x,347,1805001,1805001,-1,84660.1,84660.58842592593,0.48842592592575673,4.8842592592575675,inv,0.0,-0.08514852592592702,0.08466010000000002,5.0,ifvg,0.001,-0.16980862592592705
2025-11,widen_only_sl_2x,348,1805001,1805001,-1,84639.0,84639.97685185185,0.9768518518518503,9.768518518518503,sl,0.0,-0.085615851851854,0.08463899999999999,5.0,ifvg,0.001,-0.170254851851854
2025-11,widen_only_sl_2x,349,1805001,1805756,1,84670.5,84459.50000000001,210.99999999998545,2531.9999999998254,sl,762.0,-0.29567049999998546,0.08467050000000001,5.0,ifvg_clean,0.001,-0.3803409999999855
2025-11,widen_only_sl_2x,350,1809740,1809740,1,84347.7,84346.525,1.175,10.770833333333334,sl,0.0,-0.08552270000000292,0.08434770000000001,5.0,fvg,0.001,-0.16987040000000292
2025-11,widen_only_sl_2x,351,1809745,1809745,1,84324.2,84323.6125,0.5875,5.385416666666667,sl,0.0,-0.08491169999999418,0.0843242,5.0,fvg,0.001,-0.16923589999999417
2025-11,widen_only_sl_2x,352,1809747,1809747,1,84300.7,84301.8,0.12000000000000002,1.1,tp,0.0,-0.08320069999999417,0.08430069999999999,5.0,fvg,0.001,-0.16750139999999417
2025-11,widen_only_sl_2x,353,1810764,1810764,-1,84134.5,84134.99335106384,0.49335106382978827,4.933510638297883,sl,0.0,-0.0846278510638366,0.0841345,5.0,ifvg,0.001,-0.1687623510638366
2025-11,widen_only_sl_2x,354,1810764,1810764,-1,84097.4,84098.38670212765,0.9867021276595765,9.867021276595766,sl,0.0,-0.08508410212765863,0.08409739999999999,5.0,ifvg,0.001,-0.16918150212765862
2025-11,widen_only_sl_2x,355,1810765,1810765,-1,84171.6,84170.6,0.1,1.0,tp,0.0,-0.08317160000000001,0.08417160000000001,5.0,ifvg,0.001,-0.16734320000000003
2025-11,widen_only_sl_2x,356,1810764,1810785,1,84155.5,84096.9,371.0000000000582,4452.0000000006985,inv,21.0,-0.14275550000000584,0.08415550000000001,5.0,ifvg_clean,0.001,-0.22691100000000586
2025-11,widen_only_sl_2x,357,1827119,1827119,-1,84000.2,84000.68031496063,0.48031496062991674,4.803149606299168,inv,0.0,-0.08448051496063048,0.0840002,5.0,ifvg,0.001,-0.1684807149606305
2025-11,widen_only_sl_2x,358,1827119,1827119,-1,83988.0,83988.96062992126,0.9606299212598335,9.606299212598335,sl,0.0,-0.084948629921261,0.08398800000000001,5.0,ifvg,0.001,-0.16893662992126102
2025-11,widen_only_sl_2x,359,1827137,1827137,-1,84012.4,84012.5,0.1,1.0,inv,0.0,-0.08411240000000582,0.0840124,5.0,ifvg,0.001,-0.16812480000000582
2025-11,widen_only_sl_2x,360,1827119,1827889,1,84009.4,83887.40000000002,121.9999999999709,1463.9999999996508,sl,776.0,-0.2060093999999709,0.0840094,5.0,ifvg_clean,0.001,-0.2900187999999709
2025-11,widen_only_sl_2x,361,1828819,1828819,-1,83733.1,83734.08689384011,0.9868938401048473,9.868938401048473,sl,0.0,-0.08471999384010505,0.0837331,5.0,fvg,0.001,-0.16845309384010504
2025-11,widen_only_sl_2x,362,1828891,1828891,-1,83770.75,83771.24344692005,0.49344692005242363,4.934469200524236,sl,0.0,-0.08426419692005252,0.08377075,5.0,fvg,0.001,-0.16803494692005252
2025-11,widen_only_sl_2x,363,1829025,1829025,-1,83808.4,83807.4,0.1,1.0,tp,0.0,-0.08280839999999999,0.08380839999999999,5.0,fvg,0.001,-0.16661679999999998
2025-11,widen_only_sl_2x,364,1838575,1838575,1,84496.8,84496.7,0.1,1.0,sl,0.0,-0.08459680000000583,0.08449680000000001,5.0,ifvg,0.001,-0.16909360000000584
2025-11,widen_only_sl_2x,365,1838575,1838575,1,84520.25,84519.76043841336,0.4895615866388296,4.895615866388296,sl,0.0,-0.08500981158664078,0.08452025,5.0,ifvg,0.001,-0.1695300615866408
2025-11,widen_only_sl_2x,366,1838575,1838575,1,84543.7,84542.72087682672,0.9791231732776592,9.791231732776591,sl,0.0,-0.08552282317328155,0.0845437,5.0,ifvg,0.001,-0.17006652317328155
2025-11,widen_only_sl_2x,367,1838575,1838644,-1,84497.3,84544.2,234.4999999999709,2813.9999999996508,inv,71.0,-0.1313972999999942,0.08449730000000001,5.0,ifvg_clean,0.001,-0.21589459999999422
2025-11,widen_only_sl_2x,368,1788954,1839815,-1,84684.9,84810.89999999998,125.99999999998545,1511.9999999998254,sl,51481.0,-0.21068489999998546,0.08468490000000001,5.0,ifvg_clean,0.001,-0.29536979999998547
2025-11,widen_only_sl_2x,369,1870385,1870385,1,85773.7,85773.2176056338,0.4823943661971795,4.8239436619717955,sl,0.0,-0.08625609436619043,0.08577370000000001,5.0,ifvg,0.001,-0.17202979436619042
2025-11,widen_only_sl_2x,370,1870385,1870385,1,85787.4,85786.4352112676,0.964788732394359,9.647887323943591,sl,0.0,-0.08675218873239537,0.08578739999999999,5.0,ifvg,0.001,-0.17253958873239536
2025-11,widen_only_sl_2x,371,1870395,1870395,1,85760.0,85761.0,0.1,1.0,tp,0.0,-0.08476,0.08576,5.0,ifvg,0.001,-0.17052
2025-11,widen_only_sl_2x,372,1870385,1870450,-1,85767.1,85787.9,136.9999999999709,1643.9999999996508,inv,65.0,-0.10656709999998837,0.08576710000000001,5.0,ifvg_clean,0.001,-0.19233419999998838
2025-11,widen_only_sl_2x,373,1958568,1958568,1,87380.3,87380.2,0.1,1.0,sl,0.0,-0.08748030000000583,0.08738030000000001,5.0,ifvg,0.001,-0.17486060000000583
2025-11,widen_only_sl_2x,374,1958568,1958568,1,87398.9,87398.41308900523,0.48691099476420646,4.869109947642064,sl,0.0,-0.08788581099476128,0.0873989,5.0,ifvg,0.001,-0.17528471099476128
2025-11,widen_only_sl_2x,375,1958568,1958568,1,87417.5,87416.52617801048,0.9738219895287938,9.738219895287939,sl,0.0,-0.08839132198952256,0.08741750000000001,5.0,ifvg,0.001,-0.17580882198952258
2025-11,widen_only_sl_2x,376,1958568,1958599,-1,87378.6,87418.0,185.99999999998545,2231.9999999998254,inv,32.0,-0.1267785999999942,0.0873786,5.0,ifvg_clean,0.001,-0.2141571999999942
2025-11,widen_only_sl_2x,377,2000431,2000431,-1,85953.79999999999,85954.2834437086,0.4834437086095109,4.834437086095109,sl,0.0,-0.08643724370861013,0.08595379999999998,5.0,ifvg,0.001,-0.1723910437086101
2025-11,widen_only_sl_2x,378,2000431,2000431,-1,85939.2,85940.16688741722,0.96688741721854,9.6688741721854,sl,0.0,-0.08690608741722028,0.08593920000000001,5.0,ifvg,0.001,-0.17284528741722027
2025-11,widen_only_sl_2x,379,2000436,2000436,-1,85968.4,85967.4,0.1,1.0,tp,0.0,-0.0849684,0.0859684,5.0,ifvg,0.001,-0.1709368
2025-11,widen_only_sl_2x,380,2000431,2000560,1,85960.5,85938.7,145.99999999998545,1751.9999999998254,inv,135.0,-0.10776050000000291,0.0859605,5.0,ifvg_clean,0.001,-0.19372100000000292
2025-11,widen_only_sl_2x,381,2002177,2002177,-1,85498.0,85498.97920997921,0.9792099792099818,9.792099792099817,sl,0.0,-0.08647720997921028,0.085498,5.0,fvg,0.001,-0.1719752099792103
2025-11,widen_only_sl_2x,382,2002190,2002190,-1,85521.55,85516.65395010395,0.4896049896049909,4.896049896049909,tp,0.0,-0.08062550010394859,0.08552155,5.0,fvg,0.001,-0.1661470501039486
2025-11,widen_only_sl_2x,383,2002198,2002198,-1,85545.1,85545.20000000001,0.1,1.0,sl,0.0,-0.08564510000000583,0.08554510000000001,5.0,fvg,0.001,-0.17119020000000584
2025-11,widen_only_sl_2x,384,2002328,2002328,1,85633.9,85632.91416430594,0.9858356940509898,9.858356940509898,sl,0.0,-0.0866197356940531,0.0856339,5.0,fvg,0.001,-0.1722536356940531
2025-11,widen_only_sl_2x,385,2002407,2002407,1,85599.1,85604.02917847026,0.49291784702559793,4.929178470255979,tp,0.0,-0.0806699215297491,0.08559910000000001,5.0,fvg,0.001,-0.1662690215297491
2025-11,widen_only_sl_2x,386,2002653,2002653,-1,86171.7,86170.7,0.1,1.0,tp,0.0,-0.0851717,0.0861717,5.0,ifvg,0.001,-0.1713434
2025-11,widen_only_sl_2x,387,2002653,2002653,-1,86135.6,86136.09316939891,0.4931693989070041,4.931693989070041,sl,0.0,-0.0866287693989056,0.0861356,5.0,ifvg,0.001,-0.1727643693989056
2025-11,widen_only_sl_2x,388,2002653,2002653,-1,86099.5,86100.48633879781,0.9863387978142071,9.863387978142072,sl,0.0,-0.08708583879781119,0.08609950000000001,5.0,ifvg,0.001,-0.1731853387978112
2025-11,widen_only_sl_2x,389,2002653,2002698,1,86169.8,86099.0,360.99999999998545,4331.999999999825,inv,45.0,-0.15696980000000293,0.0861698,5.0,ifvg_clean,0.001,-0.24313960000000295
2025-11,widen_only_sl_2x,390,2016258,2016258,-1,88324.04999999999,88324.54517839922,0.4951783992286139,4.951783992286139,inv,0.0,-0.08881922839922918,0.08832404999999999,5.0,ifvg,0.001,-0.17714327839922916
2025-11,widen_only_sl_2x,391,2016258,2016258,-1,88272.7,88273.69035679846,0.9903567984570875,9.903567984570875,sl,0.0,-0.08926305679845838,0.0882727,5.0,ifvg,0.001,-0.17753575679845837
2025-11,widen_only_sl_2x,392,2016259,2016259,-1,88375.4,88375.5,0.1,1.0,inv,0.0,-0.08847540000000582,0.0883754,5.0,ifvg,0.001,-0.17685080000000583
2025-11,widen_only_sl_2x,393,2018002,2018002,1,88602.8,88602.31612903226,0.4838709677419355,4.838709677419355,sl,0.0,-0.08908667096774242,0.08860280000000001,5.0,ifvg,0.001,-0.17768947096774243
2025-11,widen_only_sl_2x,394,2018002,2018002,1,88617.8,88616.83225806452,0.967741935483871,9.67741935483871,sl,0.0,-0.08958554193548482,0.08861780000000001,5.0,ifvg,0.001,-0.17820334193548482
2025-11,widen_only_sl_2x,395,2018002,2018011,-1,88598.0,88618.3,150.0,1800.0,inv,9.0,-0.10889800000000291,0.088598,5.0,ifvg_clean,0.001,-0.1974960000000029
2025-11,widen_only_sl_2x,396,2018087,2018087,1,88587.8,88588.8,0.1,1.0,tp,0.0,-0.08758780000000001,0.08858780000000001,5.0,ifvg,0.001,-0.17617560000000002
2025-11,widen_only_sl_2x,397,2019729,2019729,-1,88391.2,88392.1948051948,0.9948051948051948,9.948051948051948,sl,0.0,-0.0893860051948013,0.0883912,5.0,fvg,0.001,-0.1777772051948013
2025-11,widen_only_sl_2x,398,2020506,2020506,-1,88217.7,88218.67142857143,0.9714285714285714,9.714285714285714,sl,0.0,-0.08918912857142898,0.0882177,5.0,fvg,0.001,-0.17740682857142898
2025-11,widen_only_sl_2x,399,2020574,2020574,-1,88234.7,88229.84285714285,0.4857142857142857,4.857142857142857,tp,0.0,-0.08337755714285507,0.0882347,5.0,fvg,0.001,-0.17161225714285505
2025-11,widen_only_sl_2x,400,2020576,2020576,-1,88251.7,88251.8,0.1,1.0,sl,0.0,-0.08835170000000582,0.0882517,5.0,fvg,0.001,-0.17660340000000582
2025-11,widen_only_sl_2x,401,2020779,2020779,-1,88486.95,88481.97597402598,0.4974025974025974,4.974025974025974,tp,0.0,-0.08351292402597893,0.08848695,5.0,fvg,0.001,-0.17199987402597894
2025-11,widen_only_sl_2x,402,2021320,2021320,-1,88582.7,88581.7,0.1,1.0,tp,0.0,-0.0875827,0.0885827,5.0,fvg,0.001,-0.1761654
2025-11,widen_only_sl_2x,403,2028252,2028255,1,89000.0,88999.00799360512,0.9920063948840931,9.920063948840932,sl,3.0,-0.08999200639488117,0.089,5.0,fvg,0.001,-0.17899200639488116
2025-11,widen_only_sl_2x,404,2028326,2028326,1,88937.95,88937.45399680255,0.4960031974420466,4.960031974420466,sl,0.0,-0.08943395319744786,0.08893795,5.0,fvg,0.001,-0.17837190319744786
2025-11,widen_only_sl_2x,405,2028734,2028734,1,88875.9,88875.79999999999,0.1,1.0,sl,0.0,-0.08897590000000583,0.08887590000000001,5.0,fvg,0.001,-0.17785180000000583
2025-11,widen_only_sl_2x,406,2031138,2031138,-1,88650.2,88650.69031007752,0.49031007751938094,4.90310077519381,sl,0.0,-0.08914051007752637,0.0886502,5.0,ifvg,0.001,-0.17779071007752636
2025-11,widen_only_sl_2x,407,2031138,2031138,-1,88624.9,88625.88062015503,0.9806201550387619,9.80620155038762,sl,0.0,-0.08960552015503818,0.08862489999999999,5.0,ifvg,0.001,-0.17823042015503818
2025-11,widen_only_sl_2x,408,2031168,2031168,-1,88675.5,88674.5,0.1,1.0,tp,0.0,-0.0876755,0.0886755,5.0,ifvg,0.001,-0.176351
2025-11,widen_only_sl_2x,409,2031138,2031175,1,88672.2,88624.4,253.0000000000291,3036.0000000003492,inv,38.0,-0.13647220000000293,0.0886722,5.0,ifvg_clean,0.001,-0.22514440000000294
2025-11,widen_only_sl_2x,410,2016258,2036387,1,88372.8,87859.30000000002,513.4999999999854,6161.999999999825,sl,20406.0,-0.6018727999999854,0.0883728,5.0,ifvg_clean,0.001,-0.6902455999999855
2025-11,widen_only_sl_2x,411,2038055,2038055,-1,88015.0,88015.49559859154,0.49559859154929603,4.955985915492961,sl,0.0,-0.08851059859154396,0.088015,5.0,ifvg,0.001,-0.17652559859154396
2025-11,widen_only_sl_2x,412,2038055,2038055,-1,87958.7,87959.6911971831,0.9911971830985921,9.911971830985921,sl,0.0,-0.08894989718310249,0.0879587,5.0,ifvg,0.001,-0.17690859718310248
2025-11,widen_only_sl_2x,413,2038091,2038091,-1,88071.3,88070.3,0.1,1.0,tp,0.0,-0.0870713,0.0880713,5.0,ifvg,0.001,-0.1751426
2025-11,widen_only_sl_2x,414,2038055,2038366,1,88033.9,87958.2,563.0000000000291,6756.000000000349,inv,324.0,-0.1637338999999971,0.0880339,5.0,ifvg_clean,0.001,-0.2517677999999971
2025-11,widen_only_sl_2x,415,2047370,2047370,1,87721.85,87721.35818330606,0.4918166939444715,4.918166939444715,inv,0.0,-0.08821366669394602,0.08772185,5.0,ifvg,0.001,-0.17593551669394603
2025-11,widen_only_sl_2x,416,2047370,2047370,1,87751.9,87750.9163666121,0.9836333878887048,9.836333878887048,sl,0.0,-0.08873553338789203,0.0877519,5.0,ifvg,0.001,-0.17648743338789202
2025-11,widen_only_sl_2x,417,2047379,2047379,1,87691.8,87691.7,0.1,1.0,inv,0.0,-0.08779180000000582,0.0876918,5.0,ifvg,0.001,-0.17548360000000582
2025-11,widen_only_sl_2x,418,2047370,2049677,-1,87696.0,87996.49999999996,300.49999999995634,3605.999999999476,sl,2359.0,-0.38819599999995635,0.087696,5.0,ifvg_clean,0.001,-0.47589199999995635
2025-11,widen_only_sl_2x,419,2082008,2082008,1,87524.9,87523.94048582995,0.959514170040481,9.59514170040481,inv,0.0,-0.08848441417004108,0.0875249,5.0,ifvg,0.001,-0.17600931417004106
2025-11,widen_only_sl_2x,420,2082275,2082275,1,87513.04999999999,87512.57024291497,0.4797570850199459,4.797570850199459,inv,0.0,-0.08799280708502054,0.08751305,5.0,ifvg,0.001,-0.17550585708502053
2025-11,widen_only_sl_2x,421,2082276,2082276,1,87501.2,87501.09999999999,0.1,1.0,inv,0.0,-0.08760120000000582,0.0875012,5.0,ifvg,0.001,-0.17510240000000582
2025-11,widen_only_sl_2x,422,2082008,2082509,-1,87513.3,87631.79999999999,118.49999999998545,1421.9999999998254,sl,511.0,-0.20601329999998547,0.0875133,5.0,ifvg_clean,0.001,-0.2935265999999855
2025-11,widen_only_sl_2x,423,2088297,2088297,1,86304.45000000001,86303.95604594922,0.49395405078606114,4.939540507860611,inv,0.0,-0.08679840405079124,0.08630445000000002,5.0,ifvg,0.001,-0.17310285405079126
2025-11,widen_only_sl_2x,424,2088297,2088297,1,86345.3,86344.31209189844,0.9879081015719463,9.879081015719462,sl,0.0,-0.0873332081015679,0.08634530000000001,5.0,ifvg,0.001,-0.17367850810156793
2025-11,widen_only_sl_2x,425,2088299,2088299,1,86263.6,86263.5,0.1,1.0,inv,0.0,-0.08636360000000583,0.08626360000000001,5.0,ifvg,0.001,-0.17262720000000584
2025-11,widen_only_sl_2x,426,2088297,2088500,-1,86276.0,86684.49999999999,408.49999999998545,4901.999999999825,sl,203.0,-0.49477599999998545,0.08627599999999999,5.0,ifvg_clean,0.001,-0.5810519999999855
2025-11,widen_only_sl_2x,427,2088601,2088601,-1,86583.1,86580.2,105.49999999995634,1265.9999999994761,inv,0.0,-0.08368309999999128,0.08658310000000001,5.0,ifvg_clean,0.001,-0.1702661999999913
2025-11,widen_only_sl_2x,428,2088602,2088602,1,86579.7,86578.74524886877,0.9547511312217015,9.547511312217015,sl,0.0,-0.08753445113122667,0.08657970000000001,5.0,ifvg,0.001,-0.1741141511312267
2025-11,widen_only_sl_2x,429,2088742,2088742,1,86558.6,86559.6,0.1,1.0,tp,0.0,-0.08555860000000001,0.08655860000000001,5.0,ifvg,0.001,-0.17211720000000003
2025-11,widen_only_sl_2x,430,2088742,2088742,1,86569.15,86573.9237556561,0.4773755656105215,4.773755656105215,tp,0.0,-0.08179539434389581,0.08656915,5.0,ifvg,0.001,-0.1683645443438958
2025-11,widen_only_sl_2x,431,2089217,2089217,-1,86503.9,86502.9,0.1,1.0,tp,0.0,-0.08550390000000001,0.08650390000000001,5.0,fvg,0.001,-0.17200780000000002
2025-11,widen_only_sl_2x,432,2089217,2089217,-1,86456.9,86457.39473684209,0.49473684210526314,4.947368421052632,sl,0.0,-0.08695163684209806,0.08645689999999999,5.0,fvg,0.001,-0.17340853684209806
2025-11,widen_only_sl_2x,433,2089217,2089217,-1,86409.9,86410.8894736842,0.9894736842105263,9.894736842105264,sl,0.0,-0.08739937368421068,0.0864099,5.0,fvg,0.001,-0.17380927368421067
2025-11,widen_only_sl_2x,434,2101334,2101334,-1,87489.1,87489.20000000001,0.1,1.0,sl,0.0,-0.08758910000000583,0.08748910000000001,5.0,ifvg,0.001,-0.17507820000000585
2025-11,widen_only_sl_2x,435,2101334,2101334,-1,87477.9,87478.37863247863,0.47863247863279756,4.786324786327976,sl,0.0,-0.08795653247864006,0.0874779,5.0,ifvg,0.001,-0.17543443247864005
2025-11,widen_only_sl_2x,436,2101334,2101334,-1,87466.7,87467.65726495726,0.9572649572649732,9.572649572649732,sl,0.0,-0.0884239649572656,0.08746670000000001,5.0,ifvg,0.001,-0.1758906649572656
2025-11,widen_only_sl_2x,437,2101334,2101667,1,87490.5,87466.2,112.00000000004366,1344.0000000005239,inv,344.0,-0.1117905000000029,0.0874905,5.0,ifvg_clean,0.001,-0.1992810000000029
2025-11,widen_only_sl_2x,438,2109272,2109272,1,87338.45000000001,87337.97304147466,0.4769585253459543,4.769585253459542,sl,0.0,-0.08781540852535254,0.08733845000000001,5.0,ifvg,0.001,-0.17515385852535253
2025-11,widen_only_sl_2x,439,2109272,2109272,1,87348.8,87347.84608294931,0.953917050691238,9.53917050691238,sl,0.0,-0.08830271705069052,0.08734880000000002,5.0,ifvg,0.001,-0.17565151705069054
2025-11,widen_only_sl_2x,440,2109272,2109280,-1,87337.8,87349.3,103.49999999998545,1241.9999999998254,inv,9.0,-0.0988378,0.08733780000000001,5.0,ifvg_clean,0.001,-0.1861756
2025-11,widen_only_sl_2x,441,2109354,2109354,1,87328.1,87329.1,0.1,1.0,tp,0.0,-0.0863281,0.0873281,5.0,ifvg,0.001,-0.1736562
2025-11,widen_only_sl_2x,442,2110883,2110883,1,87272.65,87272.15998003991,0.4900199600796934,4.900199600796934,sl,0.0,-0.08776266996008156,0.08727265000000001,5.0,ifvg,0.001,-0.17503531996008156
2025-11,widen_only_sl_2x,443,2110883,2110883,1,87297.2,87296.21996007983,0.9800399201596772,9.800399201596772,sl,0.0,-0.08827723992016312,0.0872972,5.0,ifvg,0.001,-0.17557443992016314
2025-11,widen_only_sl_2x,444,2111005,2111005,1,87248.1,87249.1,0.1,1.0,tp,0.0,-0.08624810000000001,0.08724810000000001,5.0,ifvg,0.001,-0.17349620000000002
2025-11,widen_only_sl_2x,445,2110883,2111026,-1,87248.5,87297.7,245.49999999995634,2945.999999999476,inv,154.0,-0.13644849999999709,0.0872485,5.0,ifvg_clean,0.001,-0.2236969999999971
2025-11,widen_only_sl_2x,446,2113500,2113500,-1,86683.5,86684.49201915403,0.9920191540303274,9.920191540303273,sl,0.0,-0.08767551915402955,0.0866835,5.0,fvg,0.001,-0.17435901915402954
2025-11,widen_only_sl_2x,447,2113545,2113545,-1,86745.65,86746.14600957702,0.49600957701522175,4.9600957701522175,sl,0.0,-0.08724165957702204,0.08674565,5.0,fvg,0.001,-0.17398730957702202
2025-11,widen_only_sl_2x,448,2113760,2113760,-1,86807.8,86806.8,0.1,1.0,tp,0.0,-0.0858078,0.0868078,5.0,fvg,0.001,-0.1726156
2025-11,widen_only_sl_2x,449,2128860,2128860,1,87886.3,87885.34739336494,0.9526066350711031,9.52606635071103,inv,0.0,-0.08883890663506633,0.0878863,5.0,ifvg,0.001,-0.17672520663506633
2025-11,widen_only_sl_2x,450,2128950,2128950,1,87876.25,87875.77369668246,0.47630331753555155,4.763033175355515,inv,0.0,-0.08835255331754044,0.08787625,5.0,ifvg,0.001,-0.17622880331754043
2025-11,widen_only_sl_2x,451,2128953,2128953,1,87866.2,87866.09999999999,0.1,1.0,inv,0.0,-0.08796620000000581,0.08786619999999999,5.0,ifvg,0.001,-0.1758324000000058
2025-11,widen_only_sl_2x,452,2133659,2133659,1,87193.25,87192.76400560224,0.4859943977591082,4.859943977591082,inv,0.0,-0.08767924439776446,0.08719325000000001,5.0,ifvg,0.001,-0.17487249439776448
2025-11,widen_only_sl_2x,453,2133659,2133659,1,87210.6,87209.62801120449,0.9719887955182164,9.719887955182164,sl,0.0,-0.08818258879551436,0.08721060000000001,5.0,ifvg,0.001,-0.17539318879551435
2025-11,widen_only_sl_2x,454,2133718,2133718,1,87175.9,87175.79999999999,0.1,1.0,inv,0.0,-0.08727590000000582,0.0871759,5.0,ifvg,0.001,-0.17445180000000582
2025-11,widen_only_sl_2x,455,2134948,2134948,-1,87101.5,87102.4797979798,0.9797979797979799,9.7979797979798,sl,0.0,-0.08808129797980224,0.0871015,5.0,fvg,0.001,-0.17518279797980224
2025-11,widen_only_sl_2x,456,2134957,2134957,-1,87125.75,87120.851010101,0.48989898989898994,4.8989898989899,tp,0.0,-0.08222676010100334,0.08712575,5.0,fvg,0.001,-0.16935251010100333
2025-11,widen_only_sl_2x,457,2135018,2135018,-1,87150.0,87149.0,0.1,1.0,tp,0.0,-0.08615,0.08715,5.0,fvg,0.001,-0.1733
2025-11,widen_only_sl_2x,458,2133659,2137247,-1,87191.7,87365.20000000006,173.5000000000582,2082.0000000006985,sl,3769.0,-0.2606917000000582,0.0871917,5.0,ifvg_clean,0.001,-0.3478834000000582
2025-11,widen_only_sl_2x,459,2128860,2156241,-1,87879.6,86673.59999999966,100.5000000000291,1206.0000000003492,tp,28373.0,1.1181204000003493,0.08787960000000002,5.0,ifvg_clean,0.001,1.0302408000003493
2025-11,widen_only_sl_2x,460,2184155,2184155,1,90160.65,90160.15866551126,0.4913344887347088,4.913344887347088,sl,0.0,-0.09065198448873181,0.09016065,5.0,ifvg,0.001,-0.1808126344887318
2025-11,widen_only_sl_2x,461,2184155,2184155,1,90189.0,90188.01733102254,0.9826689774696699,9.826689774696698,sl,0.0,-0.09117166897746362,0.090189,5.0,ifvg,0.001,-0.1813606689774636
2025-11,widen_only_sl_2x,462,2184157,2184157,1,90132.3,90133.3,0.1,1.0,tp,0.0,-0.0891323,0.0901323,5.0,ifvg,0.001,-0.1792646
2025-11,widen_only_sl_2x,463,2184155,2184268,-1,90137.1,90189.5,283.49999999998545,3401.9999999998254,inv,113.0,-0.1425370999999942,0.09013710000000001,5.0,ifvg_clean,0.001,-0.23267419999999422
2025-11,widen_only_sl_2x,464,2190353,2190359,1,89468.5,89478.41631799164,0.9916317991631798,9.916317991631798,tp,6.0,-0.07955218200836413,0.0894685,5.0,fvg,0.001,-0.16902068200836412
2025-11,widen_only_sl_2x,465,2192586,2192586,-1,89696.8,89692.01739130435,0.4782608695652174,4.782608695652174,tp,0.0,-0.08491419130435163,0.08969680000000001,5.0,fvg,0.001,-0.17461099130435165
2025-11,widen_only_sl_2x,466,2192586,2192586,-1,89685.8,89686.75652173914,0.9565217391304348,9.565217391304348,sl,0.0,-0.09064232173913549,0.0896858,5.0,fvg,0.001,-0.18032812173913548
2025-11,widen_only_sl_2x,467,2192865,2192865,-1,89707.8,89706.8,0.1,1.0,tp,0.0,-0.0887078,0.0897078,5.0,fvg,0.001,-0.1784156
2025-11,widen_only_sl_2x,468,2192867,2192869,-1,89716.3,89717.28050682262,0.980506822612087,9.80506822612087,sl,2.0,-0.09069680682261239,0.08971630000000001,5.0,fvg,0.001,-0.1804131068226124
2025-11,widen_only_sl_2x,469,2192931,2192931,-1,89741.45000000001,89741.94025341132,0.49025341130590167,4.9025341130590165,sl,0.0,-0.0902317034113062,0.08974145000000001,5.0,fvg,0.001,-0.1799731534113062
2025-11,widen_only_sl_2x,470,2192956,2192956,-1,89766.6,89765.6,0.1,1.0,tp,0.0,-0.08876660000000001,0.08976660000000002,5.0,fvg,0.001,-0.17853320000000003
2025-11,widen_only_sl_2x,471,2203470,2203470,-1,90474.70000000001,90475.18226950355,0.4822695035458394,4.822695035458394,inv,0.0,-0.09095696950354003,0.09047470000000002,5.0,ifvg,0.001,-0.18143166950354006
2025-11,widen_only_sl_2x,472,2203470,2203470,-1,90461.1,90462.0645390071,0.9645390070921949,9.645390070921948,sl,0.0,-0.09142563900709458,0.0904611,5.0,ifvg,0.001,-0.18188673900709457
2025-11,widen_only_sl_2x,473,2203558,2203558,-1,90488.3,90488.40000000001,0.1,1.0,inv,0.0,-0.09058830000000583,0.09048830000000001,5.0,ifvg,0.001,-0.18107660000000583
2025-11,widen_only_sl_2x,474,2203470,2204313,1,90479.8,90343.80000000002,135.99999999998545,1631.9999999998254,sl,848.0,-0.22647979999998546,0.09047980000000001,5.0,ifvg_clean,0.001,-0.31695959999998546
2025-11,widen_only_sl_2x,475,1754272,2211030,1,83343.6,91143.6,650.0,7800.0,tp,465179.0,7.7166564,0.08334360000000002,5.0,ifvg_clean,0.001,7.6333128
2025-11,widen_only_sl_2x,476,2266119,2266119,-1,91498.65,91499.13881431767,0.4888143176735401,4.888143176735401,inv,0.0,-0.0919874643176795,0.09149865,5.0,ifvg,0.001,-0.1834861143176795
2025-11,widen_only_sl_2x,477,2266119,2266119,-1,91476.8,91477.77762863535,0.9776286353467546,9.776286353467546,sl,0.0,-0.09245442863534445,0.09147680000000001,5.0,ifvg,0.001,-0.18393122863534445
2025-11,widen_only_sl_2x,478,2266121,2266121,-1,91520.5,91520.6,0.1,1.0,inv,0.0,-0.09162050000000582,0.0915205,5.0,ifvg,0.001,-0.18314100000000583
2025-11,widen_only_sl_2x,479,2266119,2266308,1,91519.9,91301.40000000001,218.49999999998545,2621.9999999998254,sl,190.0,-0.31001989999998547,0.0915199,5.0,ifvg_clean,0.001,-0.40153979999998546
2025-11,widen_only_sl_2x,480,2284355,2284355,-1,91204.35,91204.82942386832,0.47942386831246026,4.794238683124602,sl,0.0,-0.09168377386830982,0.09120435,5.0,ifvg,0.001,-0.18288812386830983
2025-11,widen_only_sl_2x,481,2284355,2284355,-1,91192.7,91193.65884773662,0.9588477366255194,9.588477366255194,sl,0.0,-0.09215154773661964,0.0911927,5.0,ifvg,0.001,-0.18334424773661964
2025-11,widen_only_sl_2x,482,2284355,2284393,1,91214.6,91192.2,116.50000000001455,1398.0000000001746,inv,42.0,-0.11361460000000874,0.0912146,5.0,ifvg_clean,0.001,-0.20482920000000876
2025-11,widen_only_sl_2x,483,2284454,2284454,-1,91216.0,91216.1,0.1,1.0,sl,0.0,-0.09131600000000582,0.091216,5.0,ifvg,0.001,-0.18253200000000583
2025-11,widen_only_sl_2x,484,2317897,2317897,1,91089.9,91088.91522070015,0.9847792998477923,9.847792998477923,sl,0.0,-0.09207467929984801,0.0910899,5.0,fvg,0.001,-0.18316457929984803
2025-11,widen_only_sl_2x,485,2318056,2318056,1,91057.54999999999,91062.47389649923,0.4923896499237854,4.923896499237854,tp,0.0,-0.08613365350075991,0.09105754999999999,5.0,fvg,0.001,-0.1771912035007599
2025-11,widen_only_sl_2x,486,2338312,2338312,1,92677.5,92682.46798975673,0.4967989756722153,4.967989756722153,tp,0.0,-0.08770951024327427,0.0926775,5.0,fvg,0.001,-0.18038701024327425
2025-11,widen_only_sl_2x,487,2338312,2338312,1,92755.1,92754.10640204867,0.9935979513444306,9.935979513444305,sl,0.0,-0.09374869795133935,0.09275510000000002,5.0,fvg,0.001,-0.18650379795133937
2025-11,widen_only_sl_2x,488,2338315,2338315,1,92599.9,92600.9,0.1,1.0,tp,0.0,-0.0915999,0.0925999,5.0,fvg,0.001,-0.1841998
2025-11,widen_only_sl_2x,489,2343843,2343843,1,92099.8,92099.31612903226,0.4838709677419355,4.838709677419355,inv,0.0,-0.09258367096774242,0.09209980000000001,5.0,ifvg,0.001,-0.18468347096774243
2025-11,widen_only_sl_2x,490,2343843,2343843,1,92114.8,92113.83225806452,0.967741935483871,9.67741935483871,sl,0.0,-0.09308254193548482,0.09211480000000001,5.0,ifvg,0.001,-0.18519734193548482
2025-11,widen_only_sl_2x,491,2344027,2344027,1,92084.8,92084.7,0.1,1.0,inv,0.0,-0.09218480000000583,0.09208480000000001,5.0,ifvg,0.001,-0.18426960000000583
2025-11,widen_only_sl_2x,492,2344047,2344047,1,92048.7,92048.20856164383,0.4914383561643827,4.914383561643827,inv,0.0,-0.09254013835616996,0.0920487,5.0,ifvg,0.001,-0.18458883835616996
2025-11,widen_only_sl_2x,493,2344047,2344047,1,92077.4,92076.41712328767,0.9828767123287654,9.828767123287655,sl,0.0,-0.09306027671232538,0.0920774,5.0,ifvg,0.001,-0.1851376767123254
2025-11,widen_only_sl_2x,494,2344051,2344051,1,92020.0,92019.9,0.1,1.0,inv,0.0,-0.09212000000000582,0.09202,5.0,ifvg,0.001,-0.18414000000000583
2025-11,widen_only_sl_2x,495,2345687,2345687,1,91267.9,91267.41008064516,0.4899193548385612,4.899193548385612,inv,0.0,-0.09175781935483354,0.0912679,5.0,ifvg,0.001,-0.18302571935483353
2025-11,widen_only_sl_2x,496,2345687,2345687,1,91292.2,91291.22016129032,0.9798387096774158,9.798387096774158,sl,0.0,-0.09227203870968163,0.09129219999999999,5.0,ifvg,0.001,-0.18356423870968164
2025-11,widen_only_sl_2x,497,2345688,2345688,1,91243.6,91243.5,0.1,1.0,inv,0.0,-0.09134360000000583,0.09124360000000001,5.0,ifvg,0.001,-0.18258720000000583
2025-11,widen_only_sl_2x,498,2345687,2346367,-1,91248.2,91491.19999999995,242.99999999995634,2915.999999999476,sl,680.0,-0.33424819999995636,0.0912482,5.0,ifvg_clean,0.001,-0.42549639999995637
2025-11,widen_only_sl_2x,499,2346508,2346508,1,91419.1,91418.11308900524,0.9869109947643995,9.869109947643995,sl,0.0,-0.0924060109947613,0.09141910000000002,5.0,fvg,0.001,-0.18382511099476131
2025-11,widen_only_sl_2x,500,2346533,2346533,1,91381.4,91380.9065445026,0.4934554973821045,4.934554973821045,sl,0.0,-0.09187485549738791,0.0913814,5.0,fvg,0.001,-0.18325625549738792
2025-11,widen_only_sl_2x,501,2346710,2346710,1,91343.7,91344.7,0.1,1.0,tp,0.0,-0.0903437,0.0913437,5.0,fvg,0.001,-0.1816874
2025-11,widen_only_sl_2x,502,2343843,2349286,-1,92091.0,90291.0,150.0,1800.0,tp,5443.0,1.7079090000000001,0.092091,5.0,ifvg_clean,0.001,1.6158180000000002
2025-11,widen_only_sl_2x,503,2350146,2350146,1,90433.65,90433.15974658869,0.49025341130590167,4.9025341130590165,inv,0.0,-0.09092390341130618,0.09043365,5.0,ifvg,0.001,-0.1813575534113062
2025-11,widen_only_sl_2x,504,2350146,2350146,1,90458.8,90457.81949317739,0.980506822612087,9.80506822612087,sl,0.0,-0.09143930682261238,0.0904588,5.0,ifvg,0.001,-0.18189810682261237
2025-11,widen_only_sl_2x,505,2350146,2350500,-1,90431.8,90683.30000000002,251.50000000001455,3018.0000000001746,sl,354.0,-0.34193180000001455,0.0904318,5.0,ifvg_clean,0.001,-0.43236360000001456
2025-11,widen_only_sl_2x,506,2351230,2351230,1,90408.5,90408.4,0.1,1.0,inv,0.0,-0.09050850000000582,0.0904085,5.0,ifvg,0.001,-0.18091700000000582
2025-11,widen_only_sl_2x,507,2525469,2525469,1,90900.0,90899.51824817518,0.4817518248175144,4.817518248175144,inv,0.0,-0.09138175182481646,0.09090000000000001,5.0,ifvg,0.001,-0.18228175182481648
2025-11,widen_only_sl_2x,508,2525469,2525469,1,90913.2,90912.23649635036,0.9635036496350288,9.635036496350288,sl,0.0,-0.09187670364963291,0.0909132,5.0,ifvg,0.001,-0.1827899036496329
2025-11,widen_only_sl_2x,509,2525524,2525524,1,90886.8,90887.8,0.1,1.0,tp,0.0,-0.0898868,0.0908868,5.0,ifvg,0.001,-0.1807736
2025-11,widen_only_sl_2x,510,2344047,2528361,-1,92028.2,90320.6,286.9999999999709,3443.9999999996508,eod,201253.0,1.6155717999999912,0.0920282,5.0,ifvg_clean,0.001,1.5235435999999911
2025-11,widen_only_sl_2x,511,2525469,2528361,-1,90891.5,90320.6,131.9999999999709,1583.9999999996508,eod,2915.0,0.4800084999999942,0.09089150000000001,5.0,ifvg_clean,0.001,0.38911699999999416
2025-11,widen_only_sl_4x,0,133733,133739,-1,109868.2,109858.3012145749,0.9898785425101218,9.898785425101217,tp,6.0,-0.09996941457489732,0.1098682,5.0,fvg,0.001,-0.2098376145748973
2025-11,widen_only_sl_4x,1,134594,134594,-1,109917.1,109912.15060728746,0.4949392712549872,4.949392712549872,tp,0.0,-0.10496770728745594,0.1099171,5.0,fvg,0.001,-0.21488480728745596
2025-11,widen_only_sl_4x,2,134701,134701,-1,109966.0,109965.0,0.1,1.0,tp,0.0,-0.10896600000000001,0.10996600000000001,5.0,fvg,0.001,-0.21893200000000002
2025-11,widen_only_sl_4x,3,159464,159464,1,110639.9,110638.90919117647,0.9908088235294108,9.908088235294109,sl,0.0,-0.11163070882352427,0.1106399,5.0,fvg,0.001,-0.22227060882352428
2025-11,widen_only_sl_4x,4,159510,159510,1,110586.0,110585.50459558824,0.4954044117647054,4.954044117647054,sl,0.0,-0.11108140441176215,0.110586,5.0,fvg,0.001,-0.22166740441176214
2025-11,widen_only_sl_4x,5,160253,160253,1,110532.1,110533.1,0.1,1.0,tp,0.0,-0.10953210000000002,0.11053210000000002,5.0,fvg,0.001,-0.22006420000000004
2025-11,widen_only_sl_4x,6,161095,161095,1,110323.29999999999,110322.80484496123,0.4951550387596193,4.951550387596193,inv,0.0,-0.11081845503876317,0.11032329999999999,5.0,ifvg,0.001,-0.22114175503876315
2025-11,widen_only_sl_4x,7,161095,161095,1,110374.4,110373.40968992247,0.9903100775193796,9.903100775193796,sl,0.0,-0.11136471007752637,0.1103744,5.0,ifvg,0.001,-0.22173911007752636
2025-11,widen_only_sl_4x,8,161137,161137,1,110272.2,110272.09999999999,0.1,1.0,inv,0.0,-0.11037220000000582,0.1102722,5.0,ifvg,0.001,-0.22064440000000582
2025-11,widen_only_sl_4x,9,164817,164817,1,109614.29999999999,109613.80626566416,0.49373433583950804,4.93734335839508,inv,0.0,-0.1101080343358324,0.10961429999999998,5.0,ifvg,0.001,-0.21972233433583238
2025-11,widen_only_sl_4x,10,164817,164817,1,109653.7,109652.71253132832,0.9874686716791985,9.874686716791985,sl,0.0,-0.11064116867167939,0.1096537,5.0,ifvg,0.001,-0.2202948686716794
2025-11,widen_only_sl_4x,11,164821,164821,1,109574.9,109574.79999999999,0.1,1.0,inv,0.0,-0.10967490000000582,0.1095749,5.0,ifvg,0.001,-0.21924980000000582
2025-11,widen_only_sl_4x,12,170328,170328,-1,108719.7,108720.1827586207,0.48275862068965514,4.827586206896552,sl,0.0,-0.10920245862069568,0.1087197,5.0,ifvg,0.001,-0.2179221586206957
2025-11,widen_only_sl_4x,13,170328,170328,-1,108705.7,108706.66551724137,0.9655172413793103,9.655172413793103,sl,0.0,-0.1096712172413768,0.10870569999999999,5.0,ifvg,0.001,-0.21837691724137678
2025-11,widen_only_sl_4x,14,170328,170336,1,108730.7,108705.2,140.0,1680.0,inv,8.0,-0.1342307,0.1087307,5.0,ifvg_clean,0.001,-0.2429614
2025-11,widen_only_sl_4x,15,170350,170350,-1,108733.7,108732.7,0.1,1.0,tp,0.0,-0.1077337,0.1087337,5.0,ifvg,0.001,-0.2164674
2025-11,widen_only_sl_4x,16,188915,188915,1,107382.55,107382.06089324619,0.4891067538126348,4.891067538126348,inv,0.0,-0.10787165675381194,0.10738255000000001,5.0,ifvg,0.001,-0.21525420675381196
2025-11,widen_only_sl_4x,17,188915,188915,1,107405.0,107404.02178649238,0.9782135076252696,9.782135076252697,sl,0.0,-0.10838321350762388,0.107405,5.0,ifvg,0.001,-0.2157882135076239
2025-11,widen_only_sl_4x,18,188919,188919,1,107360.1,107360.0,0.1,1.0,inv,0.0,-0.10746010000000582,0.1073601,5.0,ifvg,0.001,-0.21482020000000582
2025-11,widen_only_sl_4x,19,188915,191248,-1,107361.9,107586.39999999997,224.4999999999709,2693.9999999996508,sl,2346.0,-0.3318618999999709,0.1073619,5.0,ifvg_clean,0.001,-0.4392237999999709
2025-11,widen_only_sl_4x,20,202295,202295,-1,107803.4,107803.89501992031,0.49501992031879805,4.950199203187981,inv,0.0,-0.10829841992031582,0.1078034,5.0,ifvg,0.001,-0.2161018199203158
2025-11,widen_only_sl_4x,21,202295,202295,-1,107753.7,107754.69003984063,0.9900398406374511,9.90039840637451,sl,0.0,-0.10874373984063165,0.1077537,5.0,ifvg,0.001,-0.21649743984063163
2025-11,widen_only_sl_4x,22,202526,202526,-1,107853.1,107853.20000000001,0.1,1.0,inv,0.0,-0.10795310000000582,0.10785310000000001,5.0,ifvg,0.001,-0.21580620000000583
2025-11,widen_only_sl_4x,23,202295,211165,1,107847.7,107350.69999999995,497.00000000004366,5964.000000000524,sl,8947.0,-0.6048477000000437,0.1078477,5.0,ifvg_clean,0.001,-0.7126954000000437
2025-11,widen_only_sl_4x,24,212631,212631,-1,108090.1,108091.090990991,0.990990990990991,9.90990990990991,sl,0.0,-0.10908109099099113,0.10809010000000001,5.0,fvg,0.001,-0.21717119099099114
2025-11,widen_only_sl_4x,25,225599,225599,-1,107299.3,107299.78780487805,0.4878048780487805,4.878048780487805,sl,0.0,-0.10778710487805197,0.1072993,5.0,ifvg,0.001,-0.21508640487805197
2025-11,widen_only_sl_4x,26,225599,225599,-1,107279.3,107280.2756097561,0.975609756097561,9.75609756097561,sl,0.0,-0.10825490975610395,0.10727930000000001,5.0,ifvg,0.001,-0.21553420975610396
2025-11,widen_only_sl_4x,27,225599,225614,1,107315.0,107278.8,200.0,2400.0,inv,15.0,-0.1435149999999971,0.107315,5.0,ifvg_clean,0.001,-0.2508299999999971
2025-11,widen_only_sl_4x,28,225630,225630,-1,107319.3,107318.3,0.1,1.0,tp,0.0,-0.1063193,0.1073193,5.0,ifvg,0.001,-0.2136386
2025-11,widen_only_sl_4x,29,257419,257419,-1,107042.9,107043.0,0.1,1.0,inv,0.0,-0.10714290000000583,0.10704290000000001,5.0,ifvg,0.001,-0.21418580000000584
2025-11,widen_only_sl_4x,30,257419,257419,-1,107012.85,107013.34181669395,0.4918166939442333,4.918166939442333,sl,0.0,-0.10750466669394604,0.10701285000000002,5.0,ifvg,0.001,-0.21451751669394606
2025-11,widen_only_sl_4x,31,257419,257419,-1,106982.8,106983.7836333879,0.9836333878887048,9.836333878887048,sl,0.0,-0.10796643338789205,0.10698280000000002,5.0,ifvg,0.001,-0.21494923338789207
2025-11,widen_only_sl_4x,32,257419,261081,1,107049.3,106748.80000000005,300.49999999995634,3605.999999999476,sl,3709.0,-0.40754929999995637,0.1070493,5.0,ifvg_clean,0.001,-0.5145985999999564
2025-11,widen_only_sl_4x,33,164817,265169,-1,109580.3,104852.29999999983,394.00000000001455,4728.000000000175,tp,101263.0,4.6184197000001745,0.1095803,5.0,ifvg_clean,0.001,4.508839400000174
2025-11,widen_only_sl_4x,34,161095,265966,-1,110272.3,104140.30000000018,510.99999999998545,6131.999999999825,tp,105831.0,6.0217276999998255,0.1102723,5.0,ifvg_clean,0.001,5.911455399999825
2025-11,widen_only_sl_4x,35,297609,297609,1,103922.35,103921.86094091904,0.4890590809629594,4.890590809629594,sl,0.0,-0.10441140908096641,0.10392235000000001,5.0,fvg,0.001,-0.2083337590809664
2025-11,widen_only_sl_4x,36,297609,297609,1,103944.7,103943.72188183806,0.9781181619256004,9.781181619256005,sl,0.0,-0.1049228181619328,0.1039447,5.0,fvg,0.001,-0.2088675181619328
2025-11,widen_only_sl_4x,37,297611,297611,1,103900.0,103901.0,0.1,1.0,tp,0.0,-0.1029,0.1039,5.0,fvg,0.001,-0.2068
2025-11,widen_only_sl_4x,38,405847,405847,-1,103782.0,103782.48837209302,0.4883720930232558,4.883720930232558,sl,0.0,-0.10427037209302292,0.103782,5.0,ifvg,0.001,-0.2080523720930229
2025-11,widen_only_sl_4x,39,405847,405847,-1,103761.0,103761.97674418605,0.9767441860465116,9.767441860465116,sl,0.0,-0.10473774418604583,0.10376099999999999,5.0,ifvg,0.001,-0.2084987441860458
2025-11,widen_only_sl_4x,40,405854,405854,-1,103803.0,103803.1,0.1,1.0,sl,0.0,-0.10390300000000581,0.10380299999999999,5.0,ifvg,0.001,-0.2077060000000058
2025-11,widen_only_sl_4x,41,405847,405889,1,103787.4,103760.5,210.0,2520.0,inv,42.0,-0.13068739999999418,0.10378739999999999,5.0,ifvg_clean,0.001,-0.23447479999999415
2025-11,widen_only_sl_4x,42,559713,559713,1,100710.6,100710.5,0.1,1.0,inv,0.0,-0.10081060000000583,0.10071060000000001,5.0,ifvg,0.001,-0.20152120000000584
2025-11,widen_only_sl_4x,43,559713,559713,1,100730.55,100730.06222493888,0.4877750611246926,4.877750611246926,sl,0.0,-0.10121832506111948,0.10073055000000002,5.0,ifvg,0.001,-0.2019488750611195
2025-11,widen_only_sl_4x,44,559713,559713,1,100750.5,100749.52444987775,0.9755501222493852,9.755501222493852,sl,0.0,-0.10172605012225348,0.1007505,5.0,ifvg,0.001,-0.2024765501222535
2025-11,widen_only_sl_4x,45,559839,559839,1,100592.1,100591.6030120482,0.49698795180722893,4.96987951807229,inv,0.0,-0.10108908795180302,0.1005921,5.0,ifvg,0.001,-0.201681187951803
2025-11,widen_only_sl_4x,46,559839,559839,1,100674.6,100673.60602409639,0.9939759036144579,9.93975903614458,sl,0.0,-0.1016685759036206,0.10067460000000002,5.0,ifvg,0.001,-0.2023431759036206
2025-11,widen_only_sl_4x,47,559843,559843,1,100509.6,100509.5,0.1,1.0,inv,0.0,-0.10060960000000582,0.1005096,5.0,ifvg,0.001,-0.20111920000000583
2025-11,widen_only_sl_4x,48,559713,560249,-1,100697.9,100897.39999999997,199.4999999999709,2393.9999999996508,sl,536.0,-0.3001978999999709,0.10069789999999999,5.0,ifvg_clean,0.001,-0.4008957999999709
2025-11,widen_only_sl_4x,49,559839,560440,-1,100511.4,101336.4,825.0,9900.0,sl,601.0,-0.9255114000000001,0.1005114,5.0,ifvg_clean,0.001,-1.0260228
2025-11,widen_only_sl_4x,50,596731,596731,1,103101.20000000001,103100.71344086023,0.48655913978514076,4.865591397851407,sl,0.0,-0.10358775913978294,0.10310120000000002,5.0,ifvg,0.001,-0.20668895913978297
2025-11,widen_only_sl_4x,51,596731,596731,1,103119.3,103118.32688172044,0.9731182795698904,9.731182795698905,sl,0.0,-0.10409241827956583,0.10311930000000001,5.0,ifvg,0.001,-0.20721171827956586
2025-11,widen_only_sl_4x,52,596731,596738,-1,103090.3,103119.8,180.99999999998545,2171.9999999998254,inv,7.0,-0.1325903,0.1030903,5.0,ifvg_clean,0.001,-0.2356806
2025-11,widen_only_sl_4x,53,597372,597372,1,103083.1,103083.0,0.1,1.0,inv,0.0,-0.10318310000000581,0.1030831,5.0,ifvg,0.001,-0.2062662000000058
2025-11,widen_only_sl_4x,54,732248,732248,1,103665.25,103664.75321543409,0.4967845659163987,4.967845659163987,sl,0.0,-0.1041620345659121,0.10366525,5.0,ifvg,0.001,-0.2078272845659121
2025-11,widen_only_sl_4x,55,732248,732248,1,103742.5,103741.50643086816,0.9935691318327974,9.935691318327974,sl,0.0,-0.10473606913183875,0.10374250000000002,5.0,ifvg,0.001,-0.20847856913183876
2025-11,widen_only_sl_4x,56,732371,732371,1,103588.0,103589.0,0.1,1.0,tp,0.0,-0.10258800000000001,0.10358800000000001,5.0,ifvg,0.001,-0.20617600000000003
2025-11,widen_only_sl_4x,57,732248,733494,-1,103589.5,103743.0,772.5,9270.0,inv,1253.0,-0.25708949999999997,0.1035895,5.0,ifvg_clean,0.001,-0.36067899999999997
2025-11,widen_only_sl_4x,58,736176,736176,1,103552.7,103552.2073964497,0.4926035502958586,4.9260355029585865,sl,0.0,-0.10404530355030128,0.1035527,5.0,ifvg,0.001,-0.20759800355030128
2025-11,widen_only_sl_4x,59,736176,736176,1,103586.0,103585.01479289941,0.9852071005917172,9.852071005917173,sl,0.0,-0.10457120710058801,0.103586,5.0,ifvg,0.001,-0.208157207100588
2025-11,widen_only_sl_4x,60,736176,736179,-1,103531.0,103586.5,333.0000000000291,3996.0000000003492,inv,3.0,-0.159031,0.10353100000000001,5.0,ifvg_clean,0.001,-0.262562
2025-11,widen_only_sl_4x,61,800230,800230,-1,105947.25,105947.73422712933,0.48422712933754525,4.842271293375452,sl,0.0,-0.10643147712933097,0.10594724999999999,5.0,ifvg,0.001,-0.21237872712933098
2025-11,widen_only_sl_4x,62,800230,800230,-1,105931.9,105932.86845425867,0.9684542586750905,9.684542586750904,sl,0.0,-0.1069003542586765,0.1059319,5.0,ifvg,0.001,-0.2128322542586765
2025-11,widen_only_sl_4x,63,800268,800268,-1,105962.6,105961.6,0.1,1.0,tp,0.0,-0.10496260000000002,0.10596260000000002,5.0,ifvg,0.001,-0.21092520000000003
2025-11,widen_only_sl_4x,64,800230,800300,1,105956.6,105931.4,153.5000000000582,1842.0000000006985,inv,70.0,-0.13115660000001167,0.10595660000000001,5.0,ifvg_clean,0.001,-0.23711320000001168
2025-11,widen_only_sl_4x,65,807998,807998,-1,106189.0,106189.98031496063,0.9803149606299224,9.803149606299224,sl,0.0,-0.1071693149606305,0.106189,5.0,fvg,0.001,-0.2133583149606305
2025-11,widen_only_sl_4x,66,813686,813686,1,104988.8,104988.30405186386,0.4959481361426254,4.959481361426254,inv,0.0,-0.10548474813614388,0.10498880000000002,5.0,ifvg,0.001,-0.21047354813614388
2025-11,widen_only_sl_4x,67,813686,813686,1,105050.0,105049.00810372771,0.9918962722852508,9.918962722852507,sl,0.0,-0.1060418962722877,0.10505,5.0,ifvg,0.001,-0.2110918962722877
2025-11,widen_only_sl_4x,68,813689,813689,1,104927.6,104927.5,0.1,1.0,inv,0.0,-0.10502760000000583,0.10492760000000001,5.0,ifvg,0.001,-0.20995520000000584
2025-11,widen_only_sl_4x,69,816046,816046,1,105081.05,105080.56285347044,0.4871465295629801,4.871465295629801,inv,0.0,-0.10556819652955823,0.10508105000000001,5.0,ifvg,0.001,-0.21064924652955824
2025-11,widen_only_sl_4x,70,816046,816046,1,105100.0,105099.02570694087,0.9742930591259602,9.742930591259602,sl,0.0,-0.10607429305913103,0.10510000000000001,5.0,ifvg,0.001,-0.21117429305913105
2025-11,widen_only_sl_4x,71,816056,816056,1,105062.1,105062.0,0.1,1.0,inv,0.0,-0.10516210000000582,0.1050621,5.0,ifvg,0.001,-0.21022420000000583
2025-11,widen_only_sl_4x,72,816046,817272,-1,105068.7,105258.19999999997,189.4999999999709,2273.9999999996508,sl,1235.0,-0.29456869999997093,0.1050687,5.0,ifvg_clean,0.001,-0.39963739999997094
2025-11,widen_only_sl_4x,73,818823,818823,1,105345.05,105344.5656739812,0.48432601880877457,4.843260188087745,sl,0.0,-0.10582937601880632,0.10534505000000001,5.0,ifvg,0.001,-0.21117442601880632
2025-11,widen_only_sl_4x,74,818823,818823,1,105360.5,105359.53134796239,0.9686520376175491,9.68652037617549,sl,0.0,-0.10632915203761263,0.10536050000000001,5.0,ifvg,0.001,-0.21168965203761264
2025-11,widen_only_sl_4x,75,818823,818847,-1,105336.7,105361.0,154.4999999999709,1853.9999999996508,inv,24.0,-0.1296367000000029,0.10533669999999999,5.0,ifvg_clean,0.001,-0.23497340000000289
2025-11,widen_only_sl_4x,76,818936,818936,1,105329.6,105330.6,0.1,1.0,tp,0.0,-0.10432960000000001,0.10532960000000001,5.0,ifvg,0.001,-0.20965920000000002
2025-11,widen_only_sl_4x,77,813686,819450,-1,104936.4,105548.39999999997,611.9999999999709,7343.999999999651,sl,5827.0,-0.7169363999999709,0.1049364,5.0,ifvg_clean,0.001,-0.821872799999971
2025-11,widen_only_sl_4x,78,835871,835871,-1,105477.85,105478.34381953029,0.4938195302842123,4.938195302842123,inv,0.0,-0.10597166953028206,0.10547785000000001,5.0,ifvg,0.001,-0.21144951953028207
2025-11,widen_only_sl_4x,79,835871,835871,-1,105437.9,105438.88763906056,0.9876390605686045,9.876390605686044,sl,0.0,-0.10642553906056411,0.1054379,5.0,ifvg,0.001,-0.2118634390605641
2025-11,widen_only_sl_4x,80,836054,836054,-1,105517.8,105517.90000000001,0.1,1.0,inv,0.0,-0.10561780000000583,0.10551780000000001,5.0,ifvg,0.001,-0.21113560000000584
2025-11,widen_only_sl_4x,81,837374,837374,1,105825.1,105824.13003003004,0.9699699699699726,9.699699699699726,sl,0.0,-0.10679506996997042,0.1058251,5.0,ifvg,0.001,-0.2126201699699704
2025-11,widen_only_sl_4x,82,837374,837377,-1,105813.4,105825.6,161.50000000001455,1938.0000000001746,inv,3.0,-0.11801340000001165,0.1058134,5.0,ifvg_clean,0.001,-0.22382680000001165
2025-11,widen_only_sl_4x,83,837392,837392,1,105808.95000000001,105808.46501501503,0.4849849849852048,4.849849849852048,sl,0.0,-0.10629393498498521,0.10580895000000001,5.0,ifvg,0.001,-0.21210288498498522
2025-11,widen_only_sl_4x,84,837403,837403,1,105792.8,105793.8,0.1,1.0,tp,0.0,-0.1047928,0.1057928,5.0,ifvg,0.001,-0.2105856
2025-11,widen_only_sl_4x,85,849676,849676,1,106018.15,106017.66246882793,0.4875311720696413,4.875311720696413,inv,0.0,-0.10650568117206796,0.10601814999999999,5.0,ifvg,0.001,-0.21252383117206797
2025-11,widen_only_sl_4x,86,849676,849676,1,106037.7,106036.72493765586,0.9750623441396454,9.750623441396455,sl,0.0,-0.10701276234413595,0.1060377,5.0,ifvg,0.001,-0.21305046234413594
2025-11,widen_only_sl_4x,87,849711,849711,1,105998.6,105998.5,0.1,1.0,inv,0.0,-0.10609860000000583,0.10599860000000001,5.0,ifvg,0.001,-0.21209720000000584
2025-11,widen_only_sl_4x,88,849676,850156,-1,106003.3,106198.79999999996,195.49999999995634,2345.999999999476,sl,486.0,-0.30150329999995634,0.10600330000000001,5.0,ifvg_clean,0.001,-0.40750659999995636
2025-11,widen_only_sl_4x,89,854133,854138,-1,106781.6,106782.59162479063,0.9916247906197652,9.916247906197652,sl,5.0,-0.10777322479062217,0.10678160000000002,5.0,fvg,0.001,-0.21455482479062218
2025-11,widen_only_sl_4x,90,854544,854544,-1,106559.95,106560.44381953028,0.4938195302843012,4.938195302843012,inv,0.0,-0.10705376953028205,0.10655995,5.0,ifvg,0.001,-0.21361371953028205
2025-11,widen_only_sl_4x,91,854544,854544,-1,106520.0,106520.98763906056,0.9876390605686024,9.876390605686025,sl,0.0,-0.10750763906056411,0.10652,5.0,ifvg,0.001,-0.2140276390605641
2025-11,widen_only_sl_4x,92,854624,854624,-1,106599.9,106600.0,0.1,1.0,inv,0.0,-0.10669990000000582,0.1065999,5.0,ifvg,0.001,-0.2132998000000058
2025-11,widen_only_sl_4x,93,855941,855941,-1,106400.95,106401.43567335243,0.4856733524355277,4.856733524355278,sl,0.0,-0.10688662335243569,0.10640095,5.0,ifvg,0.001,-0.2132875733524357
2025-11,widen_only_sl_4x,94,855941,855941,-1,106384.0,106384.97134670487,0.9713467048710555,9.713467048710555,sl,0.0,-0.1073553467048714,0.106384,5.0,ifvg,0.001,-0.2137393467048714
2025-11,widen_only_sl_4x,95,855942,855942,-1,106417.9,106416.9,0.1,1.0,tp,0.0,-0.10541790000000001,0.10641790000000001,5.0,ifvg,0.001,-0.21183580000000002
2025-11,widen_only_sl_4x,96,855941,856152,1,106414.9,106383.5,169.4999999999709,2033.9999999996508,inv,212.0,-0.1378148999999942,0.1064149,5.0,ifvg_clean,0.001,-0.2442297999999942
2025-11,widen_only_sl_4x,97,854544,856487,1,106576.3,106176.80000000003,399.4999999999709,4793.999999999651,sl,1971.0,-0.5060762999999708,0.1065763,5.0,ifvg_clean,0.001,-0.6126525999999708
2025-11,widen_only_sl_4x,98,835871,860263,1,105512.7,105113.19999999995,399.50000000004366,4794.000000000524,sl,24783.0,-0.5050127000000436,0.1055127,5.0,ifvg_clean,0.001,-0.6105254000000436
2025-11,widen_only_sl_4x,99,861070,861070,1,105415.95000000001,105415.46199040768,0.4880095923263127,4.880095923263127,inv,0.0,-0.10590395959232904,0.10541595000000001,5.0,ifvg,0.001,-0.21131990959232905
2025-11,widen_only_sl_4x,100,861070,861070,1,105436.3,105435.32398081534,0.9760191846522764,9.760191846522764,sl,0.0,-0.10641231918465809,0.10543630000000001,5.0,ifvg,0.001,-0.21184861918465808
2025-11,widen_only_sl_4x,101,861287,861287,1,105395.6,105395.5,0.1,1.0,inv,0.0,-0.10549560000000582,0.1053956,5.0,ifvg,0.001,-0.21089120000000583
2025-11,widen_only_sl_4x,102,880992,880992,-1,105288.05,105288.53687664043,0.4868766404199495,4.868766404199495,inv,0.0,-0.10577492664042518,0.10528805,5.0,ifvg,0.001,-0.21106297664042517
2025-11,widen_only_sl_4x,103,880992,880992,-1,105269.5,105270.47375328084,0.973753280839899,9.73753280839899,sl,0.0,-0.10624325328083582,0.10526950000000002,5.0,ifvg,0.001,-0.21151275328083585
2025-11,widen_only_sl_4x,104,881080,881080,-1,105306.6,105306.70000000001,0.1,1.0,inv,0.0,-0.10540660000000582,0.1053066,5.0,ifvg,0.001,-0.21071320000000582
2025-11,widen_only_sl_4x,105,880992,883664,1,105304.8,105119.29999999997,185.5000000000291,2226.0000000003492,sl,2727.0,-0.2908048000000291,0.1053048,5.0,ifvg_clean,0.001,-0.39610960000002915
2025-11,widen_only_sl_4x,106,887934,887934,-1,104626.1,104627.08664886517,0.986648865153537,9.86648865153537,sl,0.0,-0.10561274886516055,0.10462610000000001,5.0,fvg,0.001,-0.21023884886516056
2025-11,widen_only_sl_4x,107,888288,888288,-1,104663.05,104663.54332443258,0.4933244325767685,4.933244325767685,sl,0.0,-0.10515637443258027,0.10466305000000001,5.0,fvg,0.001,-0.20981942443258028
2025-11,widen_only_sl_4x,108,895014,895014,1,104414.1,104413.122172949,0.9778270509977857,9.778270509977856,sl,0.0,-0.10539192705099963,0.10441410000000001,5.0,fvg,0.001,-0.20980602705099965
2025-11,widen_only_sl_4x,109,895017,895017,1,104392.05,104396.93913525499,0.48891352549889283,4.889135254988928,tp,0.0,-0.09950291474501646,0.10439205000000001,5.0,fvg,0.001,-0.20389496474501648
2025-11,widen_only_sl_4x,110,895062,895062,1,104370.0,104371.0,0.1,1.0,tp,0.0,-0.10337,0.10437,5.0,fvg,0.001,-0.20774
2025-11,widen_only_sl_4x,111,861070,904593,-1,105406.6,102964.60000000018,203.49999999998545,2441.9999999998254,tp,43915.0,2.336593399999826,0.10540660000000002,5.0,ifvg_clean,0.001,2.2311867999998256
2025-11,widen_only_sl_4x,112,957972,957972,1,104013.1,104012.11584786055,0.9841521394611741,9.84152139461174,sl,0.0,-0.10499725213945556,0.10401310000000001,5.0,fvg,0.001,-0.20901035213945557
2025-11,widen_only_sl_4x,113,958112,958112,1,103982.05,103981.55792393028,0.49207606973058704,4.92076069730587,sl,0.0,-0.10447412606972778,0.10398205,5.0,fvg,0.001,-0.20845617606972777
2025-11,widen_only_sl_4x,114,958120,958120,1,103951.0,103952.0,0.1,1.0,tp,0.0,-0.10295100000000001,0.10395100000000002,5.0,fvg,0.001,-0.20690200000000003
2025-11,widen_only_sl_4x,115,959640,959640,1,104260.0,104259.02915451895,0.9708454810495651,9.70845481049565,sl,0.0,-0.10523084548104614,0.10426,5.0,fvg,0.001,-0.20949084548104613
2025-11,widen_only_sl_4x,116,962181,962181,-1,104503.2,104504.18850574712,0.9885057471264368,9.885057471264368,sl,0.0,-0.10549170574712559,0.10450319999999999,5.0,fvg,0.001,-0.2099949057471256
2025-11,widen_only_sl_4x,117,962826,962826,-1,104546.2,104541.25747126437,0.4942528735632184,4.942528735632184,tp,0.0,-0.099603671264372,0.1045462,5.0,fvg,0.001,-0.204149871264372
2025-11,widen_only_sl_4x,118,962842,962842,-1,104589.2,104588.2,0.1,1.0,tp,0.0,-0.1035892,0.10458920000000001,5.0,fvg,0.001,-0.2081784
2025-11,widen_only_sl_4x,119,965616,965616,-1,104796.3,104796.79579831933,0.49579831932773105,4.95798319327731,inv,0.0,-0.1052920983193308,0.10479630000000001,5.0,ifvg,0.001,-0.2100883983193308
2025-11,widen_only_sl_4x,120,965616,965616,-1,104737.3,104738.29159663866,0.9915966386554621,9.91596638655462,sl,0.0,-0.10572889663866158,0.1047373,5.0,ifvg,0.001,-0.2104661966386616
2025-11,widen_only_sl_4x,121,965959,965959,-1,104855.3,104855.40000000001,0.1,1.0,inv,0.0,-0.10495530000000582,0.1048553,5.0,ifvg,0.001,-0.20981060000000581
2025-11,widen_only_sl_4x,122,965616,980001,1,104850.1,104260.1,590.0,7080.0,sl,14391.0,-0.6948501,0.10485010000000002,5.0,ifvg_clean,0.001,-0.7997002000000001
2025-11,widen_only_sl_4x,123,992020,992020,1,101625.35,101624.87164502165,0.4783549783552851,4.783549783552851,sl,0.0,-0.1021037049783606,0.10162535000000002,5.0,ifvg,0.001,-0.20372905497836064
2025-11,widen_only_sl_4x,124,992020,992020,1,101636.4,101635.44329004329,0.9567099567099403,9.567099567099403,sl,0.0,-0.10259310995670662,0.1016364,5.0,ifvg,0.001,-0.20422950995670663
2025-11,widen_only_sl_4x,125,992021,992021,1,101614.3,101615.3,0.1,1.0,tp,0.0,-0.1006143,0.1016143,5.0,ifvg,0.001,-0.2022286
2025-11,widen_only_sl_4x,126,992020,992445,-1,101624.8,101636.9,110.49999999995634,1325.9999999994761,inv,428.0,-0.11372479999999129,0.10162480000000002,5.0,ifvg_clean,0.001,-0.21534959999999131
2025-11,widen_only_sl_4x,127,1000090,1000090,1,101482.0,101481.9,0.1,1.0,sl,0.0,-0.10158200000000582,0.101482,5.0,ifvg,0.001,-0.20306400000000582
2025-11,widen_only_sl_4x,128,1000090,1000090,1,101521.7,101521.20621890547,0.49378109452736274,4.937810945273627,sl,0.0,-0.10201548109452663,0.10152169999999999,5.0,ifvg,0.001,-0.20353718109452662
2025-11,widen_only_sl_4x,129,1000090,1000090,1,101561.4,101560.41243781094,0.9875621890547255,9.875621890547254,sl,0.0,-0.10254896218905328,0.1015614,5.0,ifvg,0.001,-0.20411036218905326
2025-11,widen_only_sl_4x,130,1000090,1000230,-1,101482.0,101561.9,396.9999999999709,4763.999999999651,inv,140.0,-0.1813819999999942,0.101482,5.0,ifvg_clean,0.001,-0.2828639999999942
2025-11,widen_only_sl_4x,131,1066641,1066641,-1,102446.2,102446.3,0.1,1.0,inv,0.0,-0.10254620000000582,0.1024462,5.0,ifvg,0.001,-0.20499240000000582
2025-11,widen_only_sl_4x,132,1066641,1066641,-1,102345.5,102345.99752964427,0.49752964426877466,4.975296442687746,sl,0.0,-0.10284302964427171,0.1023455,5.0,ifvg,0.001,-0.2051885296442717
2025-11,widen_only_sl_4x,133,1066641,1066641,-1,102244.8,102245.79505928855,0.9950592885375493,9.950592885375492,sl,0.0,-0.10323985928854343,0.10224480000000001,5.0,ifvg,0.001,-0.20548465928854343
2025-11,widen_only_sl_4x,134,1066913,1066913,1,102491.45000000001,102490.96706484642,0.48293515358386774,4.829351535838677,sl,0.0,-0.1029743851535882,0.10249145000000001,5.0,ifvg,0.001,-0.2054658351535882
2025-11,widen_only_sl_4x,135,1066913,1066913,1,102505.6,102504.63412969284,0.9658703071672389,9.658703071672388,sl,0.0,-0.10347147030716182,0.1025056,5.0,ifvg,0.001,-0.20597707030716184
2025-11,widen_only_sl_4x,136,1066919,1066919,1,102477.3,102478.3,0.1,1.0,tp,0.0,-0.1014773,0.10247730000000001,5.0,ifvg,0.001,-0.2039546
2025-11,widen_only_sl_4x,137,1066913,1066922,-1,102478.0,102506.1,141.50000000001455,1698.0000000001746,inv,9.0,-0.13057800000000583,0.10247800000000001,5.0,ifvg_clean,0.001,-0.23305600000000584
2025-11,widen_only_sl_4x,138,1067252,1067252,1,102595.1,102594.11543209877,0.9845679012345686,9.845679012345686,sl,0.0,-0.10357966790123602,0.10259510000000001,5.0,fvg,0.001,-0.206174767901236
2025-11,widen_only_sl_4x,139,1067267,1067267,1,102563.20000000001,102562.7077160494,0.4922839506173966,4.9228395061739665,sl,0.0,-0.103055483950618,0.10256320000000001,5.0,fvg,0.001,-0.205618683950618
2025-11,widen_only_sl_4x,140,1067300,1067300,1,102531.3,102532.3,0.1,1.0,tp,0.0,-0.1015313,0.1025313,5.0,fvg,0.001,-0.2040626
2025-11,widen_only_sl_4x,141,1068283,1068283,-1,101931.55,101932.04219968799,0.49219968798752023,4.921996879875202,sl,0.0,-0.10242374968798572,0.10193155000000001,5.0,fvg,0.001,-0.20435529968798571
2025-11,widen_only_sl_4x,142,1068283,1068283,-1,101900.0,101900.98439937597,0.9843993759750405,9.843993759750404,sl,0.0,-0.10288439937597141,0.1019,5.0,fvg,0.001,-0.20478439937597143
2025-11,widen_only_sl_4x,143,1068355,1068355,-1,101963.1,101962.1,0.1,1.0,tp,0.0,-0.10096310000000001,0.10196310000000001,5.0,fvg,0.001,-0.20292620000000003
2025-11,widen_only_sl_4x,144,1068622,1068622,1,101845.7,101845.01054216867,0.6894578313253005,5.417168674698789,inv,0.0,-0.10253515783132221,0.1018457,5.0,ifvg,0.001,-0.2043808578313222
2025-11,widen_only_sl_4x,145,1068622,1068622,1,101878.4,101877.02108433735,1.378915662650601,10.834337349397577,sl,0.0,-0.10325731566264444,0.10187840000000001,5.0,ifvg,0.001,-0.20513571566264444
2025-11,widen_only_sl_4x,146,1068626,1068626,1,101813.0,101812.86,0.14000000000000004,1.1,inv,0.0,-0.10195299999999942,0.101813,5.0,ifvg,0.001,-0.20376599999999942
2025-11,widen_only_sl_4x,147,1066641,1068936,1,102446.1,101439.10000000003,1006.9999999999709,12083.99999999965,sl,2295.0,-1.109446099999971,0.1024461,5.0,ifvg_clean,0.001,-1.211892199999971
2025-11,widen_only_sl_4x,148,1071754,1071754,1,101002.70000000001,101002.21358695654,0.48641304347845965,4.864130434784596,inv,0.0,-0.10148911304347258,0.10100270000000001,5.0,ifvg,0.001,-0.20249181304347258
2025-11,widen_only_sl_4x,149,1071754,1071754,1,101020.6,101019.62717391305,0.972826086956524,9.72826086956524,sl,0.0,-0.10199342608695969,0.1010206,5.0,ifvg,0.001,-0.20301402608695968
2025-11,widen_only_sl_4x,150,1071764,1071764,1,100984.8,100984.7,0.1,1.0,inv,0.0,-0.10108480000000583,0.10098480000000001,5.0,ifvg,0.001,-0.20206960000000584
2025-11,widen_only_sl_4x,151,1071754,1071844,-1,100996.8,101175.80000000002,179.00000000001455,2148.0000000001746,sl,90.0,-0.2799968000000146,0.10099680000000001,5.0,ifvg_clean,0.001,-0.3809936000000146
2025-11,widen_only_sl_4x,152,1073080,1073080,1,100807.05,100806.55945179584,0.4905482041587892,4.9054820415878915,inv,0.0,-0.10129759820416497,0.10080705000000001,5.0,ifvg,0.001,-0.20210464820416496
2025-11,widen_only_sl_4x,153,1073080,1073080,1,100833.0,100832.01890359168,0.9810964083175784,9.810964083175783,sl,0.0,-0.10181409640831536,0.100833,5.0,ifvg,0.001,-0.20264709640831535
2025-11,widen_only_sl_4x,154,1073083,1073083,1,100781.1,100781.0,0.1,1.0,inv,0.0,-0.10088110000000583,0.10078110000000001,5.0,ifvg,0.001,-0.20166220000000584
2025-11,widen_only_sl_4x,155,1075304,1075304,1,100433.95000000001,100433.47304147466,0.4769585253459543,4.769585253459542,inv,0.0,-0.10091090852535253,0.10043395000000001,5.0,ifvg,0.001,-0.20134485852535255
2025-11,widen_only_sl_4x,156,1075304,1075304,1,100444.3,100443.34608294931,0.953917050691238,9.53917050691238,sl,0.0,-0.1013982170506905,0.1004443,5.0,ifvg,0.001,-0.2018425170506905
2025-11,widen_only_sl_4x,157,1075319,1075319,1,100423.6,100423.5,0.1,1.0,inv,0.0,-0.10052360000000583,0.10042360000000002,5.0,ifvg,0.001,-0.20094720000000585
2025-11,widen_only_sl_4x,158,1075345,1075345,1,100372.8,100371.81869158879,0.9813084112149532,9.813084112149532,sl,0.0,-0.10135410841121019,0.1003728,5.0,fvg,0.001,-0.2017269084112102
2025-11,widen_only_sl_4x,159,1075373,1075373,1,100346.55,100351.45654205608,0.4906542056074766,4.906542056074766,tp,0.0,-0.09544000794391994,0.10034655,5.0,fvg,0.001,-0.19578655794391994
2025-11,widen_only_sl_4x,160,1075483,1075483,1,100320.3,100321.3,0.1,1.0,tp,0.0,-0.0993203,0.1003203,5.0,fvg,0.001,-0.1996406
2025-11,widen_only_sl_4x,161,1076622,1076622,-1,99901.6,99902.58708010336,0.9870801033591722,9.870801033591722,sl,0.0,-0.10088868010335396,0.09990160000000001,5.0,fvg,0.001,-0.20079028010335398
2025-11,widen_only_sl_4x,162,1076631,1076631,1,99870.0,99869.9,0.1,1.0,inv,0.0,-0.09997000000000582,0.09987,5.0,ifvg,0.001,-0.19984000000000582
2025-11,widen_only_sl_4x,163,1076631,1076631,1,99882.9,99882.41865671641,0.48134328358182016,4.813432835818202,sl,0.0,-0.10036424328357992,0.0998829,5.0,ifvg,0.001,-0.2002471432835799
2025-11,widen_only_sl_4x,164,1076631,1076631,1,99895.8,99894.83731343284,0.9626865671641832,9.626865671641832,sl,0.0,-0.10085848656715984,0.0998958,5.0,ifvg,0.001,-0.20075428656715985
2025-11,widen_only_sl_4x,165,1075304,1077989,-1,100431.3,99189.30000000018,103.49999999998545,1241.9999999998254,tp,2686.0,1.1415686999998254,0.10043130000000002,5.0,ifvg_clean,0.001,1.0411373999998252
2025-11,widen_only_sl_4x,166,1076631,1079199,-1,99881.3,98333.29999999983,129.00000000001455,1548.0000000001746,tp,2568.0,1.4481187000001745,0.0998813,5.0,ifvg_clean,0.001,1.3482374000001744
2025-11,widen_only_sl_4x,167,1083578,1083578,1,98712.2,98711.24329004329,0.9567099567099403,9.567099567099403,sl,0.0,-0.09966890995670662,0.0987122,5.0,ifvg,0.001,-0.1983811099567066
2025-11,widen_only_sl_4x,168,1083578,1083578,-1,98707.8,98712.7,110.49999999995634,1325.9999999994761,inv,0.0,-0.10360779999999419,0.09870780000000001,5.0,ifvg_clean,0.001,-0.2023155999999942
2025-11,widen_only_sl_4x,169,1083584,1083584,1,98701.15,98705.93354978354,0.4783549783546552,4.783549783546552,tp,0.0,-0.09391760021645236,0.09870115,5.0,ifvg,0.001,-0.19261875021645236
2025-11,widen_only_sl_4x,170,1083619,1083619,1,98690.1,98691.1,0.1,1.0,tp,0.0,-0.0976901,0.0986901,5.0,ifvg,0.001,-0.1963802
2025-11,widen_only_sl_4x,171,1086945,1086945,-1,98499.45000000001,98499.94085923219,0.4908592321753692,4.908592321753692,sl,0.0,-0.09899030923217356,0.09849945000000002,5.0,ifvg,0.001,-0.19748975923217357
2025-11,widen_only_sl_4x,172,1086945,1086945,-1,98472.6,98473.58171846435,0.9817184643510045,9.817184643510044,sl,0.0,-0.09945431846434709,0.09847260000000002,5.0,ifvg,0.001,-0.19792691846434712
2025-11,widen_only_sl_4x,173,1086945,1086950,1,98524.0,98472.1,268.49999999998545,3221.9999999998254,inv,5.0,-0.15042399999999417,0.098524,5.0,ifvg_clean,0.001,-0.24894799999999417
2025-11,widen_only_sl_4x,174,1086997,1086997,-1,98526.3,98525.3,0.1,1.0,tp,0.0,-0.09752630000000001,0.09852630000000001,5.0,ifvg,0.001,-0.19605260000000002
2025-11,widen_only_sl_4x,175,1088159,1088159,1,98380.0,98379.02169197398,0.9783080260303716,9.783080260303716,inv,0.0,-0.09935830802602402,0.09838,5.0,ifvg,0.001,-0.19773830802602402
2025-11,widen_only_sl_4x,176,1088196,1088196,1,98357.45,98356.96084598698,0.4891540130151858,4.891540130151858,inv,0.0,-0.09884660401301928,0.09835745,5.0,ifvg,0.001,-0.19720405401301927
2025-11,widen_only_sl_4x,177,1088197,1088197,1,98334.9,98334.79999999999,0.1,1.0,inv,0.0,-0.0984349000000058,0.09833489999999999,5.0,ifvg,0.001,-0.1967698000000058
2025-11,widen_only_sl_4x,178,1088159,1088321,-1,98363.1,98588.60000000003,225.5000000000291,2706.0000000003492,sl,162.0,-0.32386310000002916,0.09836310000000001,5.0,ifvg_clean,0.001,-0.4222262000000292
2025-11,widen_only_sl_4x,179,1095191,1095191,-1,99598.95,99599.44276410998,0.49276410998552883,4.927641099855288,inv,0.0,-0.10009171410997846,0.09959895,5.0,ifvg,0.001,-0.19969066410997846
2025-11,widen_only_sl_4x,180,1095191,1095191,-1,99564.9,99565.88552821997,0.9855282199710577,9.855282199710576,sl,0.0,-0.10055042821997145,0.0995649,5.0,ifvg,0.001,-0.20011532821997147
2025-11,widen_only_sl_4x,181,1095235,1095235,-1,99633.0,99633.1,0.1,1.0,inv,0.0,-0.09973300000000582,0.099633,5.0,ifvg,0.001,-0.19936600000000582
2025-11,widen_only_sl_4x,182,1095191,1098941,1,99617.7,99277.19999999997,340.5000000000291,4086.0000000003492,sl,3751.0,-0.44011770000002914,0.0996177,5.0,ifvg_clean,0.001,-0.5397354000000292
2025-11,widen_only_sl_4x,183,1105163,1105163,-1,99400.0,99400.1,0.1,1.0,inv,0.0,-0.09950000000000582,0.0994,5.0,ifvg,0.001,-0.19890000000000582
2025-11,widen_only_sl_4x,184,1105163,1105163,-1,99378.0,99378.48888888888,0.48888888888888893,4.888888888888889,sl,0.0,-0.09986688888888179,0.09937800000000001,5.0,ifvg,0.001,-0.1992448888888818
2025-11,widen_only_sl_4x,185,1105163,1105163,-1,99356.0,99356.97777777778,0.9777777777777779,9.777777777777779,sl,0.0,-0.10033377777777812,0.09935600000000001,5.0,ifvg,0.001,-0.19968977777777813
2025-11,widen_only_sl_4x,186,1105163,1105293,1,99397.1,99177.1,220.0,2640.0,sl,132.0,-0.3193971,0.09939710000000002,5.0,ifvg_clean,0.001,-0.4187942
2025-11,widen_only_sl_4x,187,1106082,1106082,-1,99537.0,99537.1,0.1,1.0,inv,0.0,-0.09963700000000583,0.09953700000000001,5.0,ifvg,0.001,-0.19917400000000585
2025-11,widen_only_sl_4x,188,1106082,1106082,-1,99520.4,99520.88538011695,0.48538011695927585,4.853801169592758,sl,0.0,-0.10000578011695199,0.0995204,5.0,ifvg,0.001,-0.199526180116952
2025-11,widen_only_sl_4x,189,1106082,1106082,-1,99503.8,99504.77076023392,0.9707602339181262,9.707602339181262,sl,0.0,-0.10047456023391856,0.0995038,5.0,ifvg,0.001,-0.19997836023391857
2025-11,widen_only_sl_4x,190,1106082,1106189,1,99539.8,99373.80000000002,165.99999999998545,1991.9999999998254,sl,108.0,-0.26553979999998545,0.0995398,5.0,ifvg_clean,0.001,-0.36507959999998546
2025-11,widen_only_sl_4x,191,1109709,1109709,1,99306.75,99306.25917431193,0.49082568807339455,4.908256880733946,inv,0.0,-0.09979757568807354,0.09930675000000001,5.0,ifvg,0.001,-0.19910432568807357
2025-11,widen_only_sl_4x,192,1109709,1109709,1,99333.5,99332.51834862385,0.9816513761467891,9.816513761467892,sl,0.0,-0.10031515137614706,0.0993335,5.0,ifvg,0.001,-0.19964865137614707
2025-11,widen_only_sl_4x,193,1109717,1109717,1,99280.0,99281.0,0.1,1.0,tp,0.0,-0.09828,0.09928000000000001,5.0,ifvg,0.001,-0.19756
2025-11,widen_only_sl_4x,194,1112899,1112899,1,99116.6,99116.12293577981,0.47706422018382305,4.77064220183823,inv,0.0,-0.09959366422019111,0.09911660000000001,5.0,ifvg,0.001,-0.1987102642201911
2025-11,widen_only_sl_4x,195,1112899,1112899,1,99127.0,99126.04587155963,0.9541284403669786,9.541284403669787,sl,0.0,-0.10008112844036764,0.09912699999999999,5.0,ifvg,0.001,-0.19920812844036762
2025-11,widen_only_sl_4x,196,1112902,1112902,1,99106.2,99106.09999999999,0.1,1.0,inv,0.0,-0.09920620000000582,0.0991062,5.0,ifvg,0.001,-0.19831240000000583
2025-11,widen_only_sl_4x,197,1068622,1114905,-1,101815.5,97891.50000000035,326.9999999999709,3923.9999999996508,tp,46446.0,3.822184499999651,0.1018155,5.0,ifvg_clean,0.001,3.720368999999651
2025-11,widen_only_sl_4x,198,1112899,1114907,-1,99106.9,97858.89999999982,104.00000000001455,1248.0000000001746,tp,2025.0,1.1488931000001747,0.0991069,5.0,ifvg_clean,0.001,1.0497862000001748
2025-11,widen_only_sl_4x,199,1073080,1114911,-1,100791.8,97677.80000000035,259.4999999999709,3113.9999999996508,tp,41994.0,3.0132081999996507,0.10079180000000001,5.0,ifvg_clean,0.001,2.9124163999996506
2025-11,widen_only_sl_4x,200,1115590,1115590,1,97818.3,97818.2,0.1,1.0,inv,0.0,-0.09791830000000583,0.09781830000000001,5.0,ifvg,0.001,-0.19573660000000584
2025-11,widen_only_sl_4x,201,1115590,1115590,1,97856.75,97856.25641848524,0.49358151476251555,4.9358151476251555,sl,0.0,-0.09835033151476191,0.09785675,5.0,ifvg,0.001,-0.1962070815147619
2025-11,widen_only_sl_4x,202,1115590,1115590,1,97895.2,97894.21283697047,0.9871630295250311,9.871630295250311,sl,0.0,-0.0988823630295238,0.0978952,5.0,ifvg,0.001,-0.19677756302952382
2025-11,widen_only_sl_4x,203,1109709,1122925,-1,99283.8,96073.8,267.5,3210.0,tp,13283.0,3.1107162,0.0992838,5.0,ifvg_clean,0.001,3.0114324000000003
2025-11,widen_only_sl_4x,204,1132470,1132470,1,97098.95,97098.45959692898,0.49040307101727554,4.904030710172755,sl,0.0,-0.09758935307101678,0.09709895,5.0,ifvg,0.001,-0.19468830307101678
2025-11,widen_only_sl_4x,205,1132470,1132470,1,97124.5,97123.51919385797,0.9808061420345511,9.80806142034551,sl,0.0,-0.09810530614203354,0.0971245,5.0,ifvg,0.001,-0.19522980614203356
2025-11,widen_only_sl_4x,206,1132474,1132474,1,97073.4,97074.4,0.1,1.0,tp,0.0,-0.09607339999999999,0.09707339999999999,5.0,ifvg,0.001,-0.19314679999999998
2025-11,widen_only_sl_4x,207,1132470,1132560,-1,97077.4,97125.0,255.5000000000291,3066.0000000003492,inv,90.0,-0.1446774000000058,0.0970774,5.0,ifvg_clean,0.001,-0.24175480000000582
2025-11,widen_only_sl_4x,208,1133022,1133022,-1,96893.3,96893.79007936508,0.49007936507936395,4.90079365079364,sl,0.0,-0.09738337936507407,0.09689330000000002,5.0,ifvg,0.001,-0.1942766793650741
2025-11,widen_only_sl_4x,209,1133022,1133022,-1,96868.6,96869.58015873017,0.9801587301587279,9.80158730158728,sl,0.0,-0.09784875873016267,0.09686860000000001,5.0,ifvg,0.001,-0.1947173587301627
2025-11,widen_only_sl_4x,210,1133022,1133024,1,96901.7,96868.1,246.9999999999709,2963.9999999996508,inv,2.0,-0.13050169999999128,0.09690170000000001,5.0,ifvg_clean,0.001,-0.2274033999999913
2025-11,widen_only_sl_4x,211,1133153,1133153,-1,96918.0,96917.0,0.1,1.0,tp,0.0,-0.095918,0.096918,5.0,ifvg,0.001,-0.192836
2025-11,widen_only_sl_4x,212,1139444,1139444,1,96625.0,96624.9,0.1,1.0,inv,0.0,-0.09672500000000582,0.096625,5.0,ifvg,0.001,-0.19335000000000582
2025-11,widen_only_sl_4x,213,1139444,1139444,1,96636.45,96635.97092050209,0.4790794979079447,4.790794979079447,sl,0.0,-0.09711552949790533,0.09663645,5.0,ifvg,0.001,-0.19375197949790535
2025-11,widen_only_sl_4x,214,1139444,1139444,1,96647.9,96646.94184100418,0.9581589958158894,9.581589958158894,sl,0.0,-0.09760605899581065,0.0966479,5.0,ifvg,0.001,-0.19425395899581066
2025-11,widen_only_sl_4x,215,1139444,1143616,-1,96622.3,95248.30000000035,114.4999999999709,1373.9999999996508,tp,4172.0,1.277377699999651,0.09662230000000001,5.0,ifvg_clean,0.001,1.180755399999651
2025-11,widen_only_sl_4x,216,1158467,1158467,1,97173.5,97173.4,0.1,1.0,sl,0.0,-0.09727350000000583,0.09717350000000001,5.0,ifvg,0.001,-0.19444700000000584
2025-11,widen_only_sl_4x,217,1158467,1158467,1,97187.6,97187.11712328768,0.4828767123290146,4.828767123290146,sl,0.0,-0.09767047671232537,0.0971876,5.0,ifvg,0.001,-0.19485807671232536
2025-11,widen_only_sl_4x,218,1158467,1158467,1,97201.7,97200.73424657535,0.9657534246575308,9.657534246575308,sl,0.0,-0.09816745342465076,0.0972017,5.0,ifvg,0.001,-0.19536915342465078
2025-11,widen_only_sl_4x,219,1158467,1158962,-1,97165.0,97202.2,140.99999999998545,1691.9999999998254,inv,496.0,-0.1343649999999971,0.097165,5.0,ifvg_clean,0.001,-0.2315299999999971
2025-11,widen_only_sl_4x,220,1239419,1239419,1,96339.7,96339.21050420168,0.489495798319329,4.89495798319329,sl,0.0,-0.0968291957983197,0.0963397,5.0,ifvg,0.001,-0.1931688957983197
2025-11,widen_only_sl_4x,221,1239419,1239419,1,96363.0,96362.02100840336,0.978991596638658,9.78991596638658,sl,0.0,-0.0973419915966394,0.096363,5.0,ifvg,0.001,-0.1937049915966394
2025-11,widen_only_sl_4x,222,1239425,1239425,1,96316.4,96317.4,0.1,1.0,tp,0.0,-0.09531640000000001,0.09631640000000001,5.0,ifvg,0.001,-0.19163280000000002
2025-11,widen_only_sl_4x,223,1295285,1295285,1,95999.3,95998.80448028674,0.495519713261649,4.95519713261649,sl,0.0,-0.09649481971326583,0.09599930000000001,5.0,ifvg,0.001,-0.19249411971326585
2025-11,widen_only_sl_4x,224,1295285,1295285,1,96054.6,96053.60896057349,0.991039426523298,9.91039426523298,sl,0.0,-0.09704563942651709,0.0960546,5.0,ifvg,0.001,-0.1931002394265171
2025-11,widen_only_sl_4x,225,1295385,1295385,1,95944.0,95945.0,0.1,1.0,tp,0.0,-0.094944,0.095944,5.0,ifvg,0.001,-0.190888
2025-11,widen_only_sl_4x,226,1295285,1298192,-1,95949.0,96055.1,553.0000000000291,6636.000000000349,inv,3017.0,-0.20204900000000584,0.095949,5.0,ifvg_clean,0.001,-0.29799800000000587
2025-11,widen_only_sl_4x,227,1239419,1301378,-1,96324.4,96363.5,233.0000000000291,2796.0000000003492,inv,66079.0,-0.13542440000000583,0.0963244,5.0,ifvg_clean,0.001,-0.23174880000000583
2025-11,widen_only_sl_4x,228,1312892,1312892,1,95601.5,95601.4,0.1,1.0,inv,0.0,-0.09570150000000582,0.0956015,5.0,ifvg,0.001,-0.19130300000000583
2025-11,widen_only_sl_4x,229,1312892,1312892,1,95615.1,95614.61773049647,0.48226950354635545,4.822695035463554,sl,0.0,-0.09609736950354002,0.09561510000000001,5.0,ifvg,0.001,-0.19171246950354004
2025-11,widen_only_sl_4x,230,1312892,1312892,1,95628.7,95627.7354609929,0.9645390070921949,9.645390070921948,sl,0.0,-0.09659323900709457,0.0956287,5.0,ifvg,0.001,-0.19222193900709456
2025-11,widen_only_sl_4x,231,1312892,1313005,-1,95592.6,95728.59999999999,135.99999999998545,1631.9999999998254,sl,114.0,-0.23159259999998544,0.0955926,5.0,ifvg_clean,0.001,-0.3271851999999854
2025-11,widen_only_sl_4x,232,1115590,1344338,-1,97835.9,93221.90000000034,384.4999999999709,4613.999999999651,tp,234910.0,4.516164099999651,0.0978359,5.0,ifvg_clean,0.001,4.418328199999651
2025-11,widen_only_sl_4x,233,1354451,1354451,1,94679.7,94679.2096153846,0.4903846153846154,4.903846153846154,sl,0.0,-0.09517008461539021,0.0946797,5.0,ifvg,0.001,-0.1898497846153902
2025-11,widen_only_sl_4x,234,1354451,1354451,1,94705.2,94704.21923076923,0.9807692307692308,9.807692307692308,sl,0.0,-0.09568596923076587,0.0947052,5.0,ifvg,0.001,-0.19039116923076588
2025-11,widen_only_sl_4x,235,1354451,1354462,-1,94659.3,94705.7,255.0,3060.0,inv,11.0,-0.14105929999999417,0.0946593,5.0,ifvg_clean,0.001,-0.23571859999999417
2025-11,widen_only_sl_4x,236,1354537,1354537,-1,94877.7,94877.8,0.1,1.0,inv,0.0,-0.09497770000000583,0.09487770000000001,5.0,ifvg,0.001,-0.18985540000000584
2025-11,widen_only_sl_4x,237,1354537,1354537,-1,94866.04999999999,94866.5294238683,0.4794238683130591,4.794238683130591,sl,0.0,-0.09534547386830981,0.09486605,5.0,ifvg,0.001,-0.1902115238683098
2025-11,widen_only_sl_4x,238,1354537,1354537,-1,94854.4,94855.35884773661,0.9588477366255194,9.588477366255194,sl,0.0,-0.09581324773661964,0.0948544,5.0,ifvg,0.001,-0.19066764773661965
2025-11,widen_only_sl_4x,239,1354537,1358198,1,94882.3,94765.79999999999,116.50000000001455,1398.0000000001746,sl,3713.0,-0.21138230000001457,0.0948823,5.0,ifvg_clean,0.001,-0.30626460000001454
2025-11,widen_only_sl_4x,240,1381472,1381472,1,95751.4,95750.91196172248,0.4880382775117885,4.880382775117885,sl,0.0,-0.09623943827751542,0.09575139999999999,5.0,ifvg,0.001,-0.1919908382775154
2025-11,widen_only_sl_4x,241,1381472,1381472,1,95771.8,95770.82392344497,0.9760765550239251,9.76076555023925,sl,0.0,-0.09674787655503089,0.0957718,5.0,ifvg,0.001,-0.19251967655503088
2025-11,widen_only_sl_4x,242,1381472,1381481,-1,95747.5,95772.3,204.00000000001455,2448.0000000001746,inv,9.0,-0.12054750000000292,0.0957475,5.0,ifvg_clean,0.001,-0.2162950000000029
2025-11,widen_only_sl_4x,243,1381555,1381555,1,95731.0,95732.0,0.1,1.0,tp,0.0,-0.09473100000000001,0.09573100000000001,5.0,ifvg,0.001,-0.19046200000000002
2025-11,widen_only_sl_4x,244,1403745,1403745,-1,95304.2,95304.3,0.1,1.0,inv,0.0,-0.09540420000000581,0.09530419999999999,5.0,ifvg,0.001,-0.1907084000000058
2025-11,widen_only_sl_4x,245,1403745,1403745,-1,95270.75,95271.24263622976,0.49263622974963117,4.926362297496311,sl,0.0,-0.09576338622975561,0.09527075000000002,5.0,ifvg,0.001,-0.19103413622975562
2025-11,widen_only_sl_4x,246,1403745,1403745,-1,95237.3,95238.2852724595,0.9852724594992623,9.852724594992623,sl,0.0,-0.09622257245949664,0.09523730000000001,5.0,ifvg,0.001,-0.19145987245949664
2025-11,widen_only_sl_4x,247,1403745,1403936,1,95304.8,94970.30000000003,334.4999999999709,4013.9999999996508,sl,191.0,-0.4298047999999709,0.09530480000000001,5.0,ifvg_clean,0.001,-0.5251095999999709
2025-11,widen_only_sl_4x,248,1408035,1408035,1,93729.45,93728.95297796307,0.497022036926742,4.9702203692674205,inv,0.0,-0.09422647203692869,0.09372945,5.0,ifvg,0.001,-0.18795592203692868
2025-11,widen_only_sl_4x,249,1408035,1408035,1,93812.9,93811.90595592614,0.994044073853484,9.940440738534841,sl,0.0,-0.09480694407385737,0.0938129,5.0,ifvg,0.001,-0.18861984407385737
2025-11,widen_only_sl_4x,250,1408042,1408042,1,93646.0,93645.9,0.1,1.0,inv,0.0,-0.09374600000000582,0.09364600000000001,5.0,ifvg,0.001,-0.18739200000000583
2025-11,widen_only_sl_4x,251,1411077,1411077,-1,94382.2,94383.18546511627,0.9854651162790704,9.854651162790704,sl,0.0,-0.09536766511627501,0.0943822,5.0,fvg,0.001,-0.189749865116275
2025-11,widen_only_sl_4x,252,1450615,1450615,1,90737.25,90736.76026694046,0.489733059548257,4.89733059548257,inv,0.0,-0.09122698305954133,0.09073725,5.0,ifvg,0.001,-0.18196423305954135
2025-11,widen_only_sl_4x,253,1450615,1450615,1,90761.1,90760.12053388091,0.979466119096514,9.79466119096514,sl,0.0,-0.09174056611909721,0.09076110000000001,5.0,ifvg,0.001,-0.18250166611909724
2025-11,widen_only_sl_4x,254,1450805,1450805,1,90713.4,90713.29999999999,0.1,1.0,inv,0.0,-0.09081340000000582,0.0907134,5.0,ifvg,0.001,-0.18152680000000582
2025-11,widen_only_sl_4x,255,1450615,1466534,-1,90717.1,90955.60000000006,238.5000000000582,2862.0000000006985,sl,15924.0,-0.3292171000000582,0.09071710000000001,5.0,ifvg_clean,0.001,-0.4199342000000582
2025-11,widen_only_sl_4x,256,1496387,1496387,-1,93586.7,93586.8,0.1,1.0,inv,0.0,-0.09368670000000581,0.0935867,5.0,ifvg,0.001,-0.1872734000000058
2025-11,widen_only_sl_4x,257,1496387,1496387,-1,93568.35,93568.83673740053,0.48673740053030995,4.867374005303099,sl,0.0,-0.09405508740052619,0.09356835000000001,5.0,ifvg,0.001,-0.1876234374005262
2025-11,widen_only_sl_4x,258,1496387,1496387,-1,93550.0,93550.97347480107,0.9734748010610059,9.734748010610058,sl,0.0,-0.0945234748010669,0.09355,5.0,ifvg,0.001,-0.1880734748010669
2025-11,widen_only_sl_4x,259,1496387,1496618,1,93583.5,93400.00000000001,183.49999999998545,2201.9999999998254,sl,231.0,-0.27708349999998544,0.0935835,5.0,ifvg_clean,0.001,-0.3706669999999854
2025-11,widen_only_sl_4x,260,1500400,1500400,-1,93285.85,93286.32716894978,0.47716894977136637,4.7716894977136635,sl,0.0,-0.09376301894977204,0.09328585000000002,5.0,ifvg,0.001,-0.18704886894977207
2025-11,widen_only_sl_4x,261,1500400,1500400,-1,93275.4,93276.35433789954,0.9543378995433972,9.543378995433972,sl,0.0,-0.09422973789954404,0.0932754,5.0,ifvg,0.001,-0.18750513789954404
2025-11,widen_only_sl_4x,262,1500400,1500403,1,93290.4,93274.9,104.50000000004366,1254.0000000005239,inv,3.0,-0.1087904,0.0932904,5.0,ifvg_clean,0.001,-0.2020808
2025-11,widen_only_sl_4x,263,1500419,1500419,-1,93296.3,93295.3,0.1,1.0,tp,0.0,-0.0922963,0.0932963,5.0,ifvg,0.001,-0.1855926
2025-11,widen_only_sl_4x,264,1500747,1500747,1,93225.9,93225.41851851852,0.48148148148148145,4.814814814814815,inv,0.0,-0.09370738148147448,0.0932259,5.0,ifvg,0.001,-0.18693328148147448
2025-11,widen_only_sl_4x,265,1500747,1500747,1,93238.9,93237.93703703703,0.9629629629629629,9.62962962962963,sl,0.0,-0.0942018629629635,0.0932389,5.0,ifvg,0.001,-0.1874407629629635
2025-11,widen_only_sl_4x,266,1500751,1500751,1,93212.9,93212.79999999999,0.1,1.0,inv,0.0,-0.0933129000000058,0.09321289999999999,5.0,ifvg,0.001,-0.1865258000000058
2025-11,widen_only_sl_4x,267,1500747,1501545,-1,93214.6,93344.6,130.0,1560.0,sl,806.0,-0.2232146,0.09321460000000001,5.0,ifvg_clean,0.001,-0.3164292
2025-11,widen_only_sl_4x,268,1504682,1504682,1,93493.75,93493.26123595505,0.4887640449438202,4.8876404494382015,sl,0.0,-0.09398251404494515,0.09349375000000001,5.0,ifvg,0.001,-0.18747626404494516
2025-11,widen_only_sl_4x,269,1504682,1504682,1,93515.5,93514.52247191011,0.9775280898876404,9.775280898876403,sl,0.0,-0.09449302808989025,0.0935155,5.0,ifvg,0.001,-0.18800852808989027
2025-11,widen_only_sl_4x,270,1504712,1504712,1,93472.0,93473.0,0.1,1.0,tp,0.0,-0.09247200000000001,0.09347200000000001,5.0,ifvg,0.001,-0.18594400000000003
2025-11,widen_only_sl_4x,271,1504682,1507327,-1,93474.8,93516.0,217.5,2610.0,inv,2703.0,-0.1346747999999971,0.09347480000000001,5.0,ifvg_clean,0.001,-0.22814959999999712
2025-11,widen_only_sl_4x,272,1508800,1508800,-1,93164.0,93163.0,0.1,1.0,tp,0.0,-0.092164,0.093164,5.0,ifvg,0.001,-0.185328
2025-11,widen_only_sl_4x,273,1508800,1508800,-1,93152.0,93152.48,0.48,4.8,sl,0.0,-0.09363199999999593,0.093152,5.0,ifvg,0.001,-0.18678399999999593
2025-11,widen_only_sl_4x,274,1508800,1508800,-1,93140.0,93140.96,0.96,9.6,sl,0.0,-0.0941000000000064,0.09314,5.0,ifvg,0.001,-0.1872400000000064
2025-11,widen_only_sl_4x,275,1508800,1508834,1,93162.9,93139.5,120.0,1440.0,inv,36.0,-0.11656289999999417,0.09316289999999999,5.0,ifvg_clean,0.001,-0.20972579999999416
2025-11,widen_only_sl_4x,276,1510790,1510790,-1,92896.8,92897.28768472906,0.4876847290640412,4.876847290640412,sl,0.0,-0.09338448472905794,0.0928968,5.0,ifvg,0.001,-0.18628128472905794
2025-11,widen_only_sl_4x,277,1510790,1510790,-1,92877.0,92877.97536945813,0.9753694581280824,9.753694581280824,sl,0.0,-0.09385236945813044,0.092877,5.0,ifvg,0.001,-0.18672936945813046
2025-11,widen_only_sl_4x,278,1510794,1510794,-1,92916.6,92915.6,0.1,1.0,tp,0.0,-0.0919166,0.0929166,5.0,ifvg,0.001,-0.1848332
2025-11,widen_only_sl_4x,279,1510790,1510966,1,92915.2,92876.5,198.0000000000291,2376.0000000003492,inv,179.0,-0.1316151999999971,0.0929152,5.0,ifvg_clean,0.001,-0.2245303999999971
2025-11,widen_only_sl_4x,280,1516627,1516627,-1,93035.45000000001,93035.94051233398,0.49051233396570576,4.905123339657058,inv,0.0,-0.09352596233397042,0.09303545000000002,5.0,ifvg,0.001,-0.18656141233397044
2025-11,widen_only_sl_4x,281,1516627,1516627,-1,93009.6,93010.58102466793,0.9810246679316877,9.810246679316878,sl,0.0,-0.09399062466792626,0.09300960000000001,5.0,ifvg,0.001,-0.18700022466792626
2025-11,widen_only_sl_4x,282,1516675,1516675,-1,93061.3,93061.40000000001,0.1,1.0,inv,0.0,-0.09316130000000582,0.0930613,5.0,ifvg,0.001,-0.18622260000000582
2025-11,widen_only_sl_4x,283,1516627,1519626,1,93049.4,92790.90000000001,258.49999999998545,3101.9999999998254,sl,3086.0,-0.35154939999998547,0.09304939999999999,5.0,ifvg_clean,0.001,-0.4445987999999855
2025-11,widen_only_sl_4x,284,1583263,1583263,1,89953.3,89952.3167785235,0.9832214765100689,9.832214765100689,sl,0.0,-0.09093652147650469,0.0899533,5.0,fvg,0.001,-0.18088982147650468
2025-11,widen_only_sl_4x,285,1583266,1583266,1,89924.0,89928.91610738255,0.49161073825503443,4.9161073825503445,tp,0.0,-0.08500789261744743,0.089924,5.0,fvg,0.001,-0.17493189261744743
2025-11,widen_only_sl_4x,286,1583267,1583267,1,89894.7,89895.7,0.1,1.0,tp,0.0,-0.08889470000000001,0.08989470000000001,5.0,fvg,0.001,-0.17878940000000001
2025-11,widen_only_sl_4x,287,1596844,1596844,-1,89257.0,89257.1,0.1,1.0,inv,0.0,-0.08935700000000582,0.089257,5.0,ifvg,0.001,-0.17861400000000582
2025-11,widen_only_sl_4x,288,1596844,1596844,-1,89220.4,89220.89326145552,0.4932614555257042,4.932614555257042,sl,0.0,-0.08971366145552914,0.0892204,5.0,ifvg,0.001,-0.17893406145552915
2025-11,widen_only_sl_4x,289,1596844,1596844,-1,89183.8,89184.78652291106,0.9865229110512124,9.865229110512123,sl,0.0,-0.09017032291105828,0.08918380000000001,5.0,ifvg,0.001,-0.1793541229110583
2025-11,widen_only_sl_4x,290,1597353,1597353,1,89550.9,89550.40999999999,0.49,4.9,sl,0.0,-0.09004090000000524,0.0895509,5.0,ifvg,0.001,-0.17959180000000524
2025-11,widen_only_sl_4x,291,1597353,1597353,1,89575.4,89574.42,0.98,9.8,sl,0.0,-0.09055539999999593,0.0895754,5.0,ifvg,0.001,-0.18013079999999593
2025-11,widen_only_sl_4x,292,1597360,1597360,1,89526.4,89527.4,0.1,1.0,tp,0.0,-0.08852639999999999,0.08952639999999999,5.0,ifvg,0.001,-0.17805279999999998
2025-11,widen_only_sl_4x,293,1597353,1597407,-1,89528.6,89575.9,245.0,2940.0,inv,54.0,-0.13682859999998837,0.08952860000000001,5.0,ifvg_clean,0.001,-0.22635719999998838
2025-11,widen_only_sl_4x,294,1627245,1627245,-1,92835.85,92836.32630331755,0.4763033175351904,4.763033175351904,sl,0.0,-0.09331215331754045,0.09283585000000001,5.0,fvg,0.001,-0.18614800331754044
2025-11,widen_only_sl_4x,295,1627245,1627245,-1,92825.8,92826.75260663507,0.9526066350710705,9.526066350710705,sl,0.0,-0.09377840663506633,0.0928258,5.0,fvg,0.001,-0.18660420663506633
2025-11,widen_only_sl_4x,296,1656230,1656230,1,91838.5,91838.00551876379,0.49448123620309087,4.944812362030909,sl,0.0,-0.09233298123620823,0.0918385,5.0,ifvg,0.001,-0.18417148123620825
2025-11,widen_only_sl_4x,297,1656230,1656230,1,91883.3,91882.3110375276,0.9889624724061817,9.889624724061818,sl,0.0,-0.0928722624724019,0.0918833,5.0,ifvg,0.001,-0.1847555624724019
2025-11,widen_only_sl_4x,298,1656230,1656232,-1,91820.8,91883.8,448.0000000000291,5376.000000000349,inv,2.0,-0.1548208,0.09182080000000001,5.0,ifvg_clean,0.001,-0.24664160000000002
2025-11,widen_only_sl_4x,299,1656541,1656541,1,91793.7,91794.7,0.1,1.0,tp,0.0,-0.0907937,0.0917937,5.0,ifvg,0.001,-0.1825874
2025-11,widen_only_sl_4x,300,1657740,1657740,1,91739.7,91738.7096805421,0.990319457889642,9.90319457889642,sl,0.0,-0.09273001945789466,0.09173970000000001,5.0,fvg,0.001,-0.18446971945789467
2025-11,widen_only_sl_4x,301,1657742,1657742,1,91688.54999999999,91688.05484027104,0.4951597289447506,4.9515972894475055,sl,0.0,-0.09218370972894732,0.09168855,5.0,fvg,0.001,-0.18387225972894733
2025-11,widen_only_sl_4x,302,1657824,1657824,1,91637.4,91638.4,0.1,1.0,tp,0.0,-0.0906374,0.09163740000000001,5.0,fvg,0.001,-0.18227480000000001
2025-11,widen_only_sl_4x,303,1662107,1662107,-1,90840.7,90841.66987951807,0.9698795180722865,9.698795180722865,sl,0.0,-0.09181057951807386,0.0908407,5.0,fvg,0.001,-0.18265127951807386
2025-11,widen_only_sl_4x,304,1662111,1662111,-1,90856.79999999999,90857.28493975902,0.4849397590363624,4.8493975903636235,sl,0.0,-0.09134173975902966,0.0908568,5.0,fvg,0.001,-0.18219853975902967
2025-11,widen_only_sl_4x,305,1662121,1662121,-1,90872.9,90871.9,0.1,1.0,tp,0.0,-0.0898729,0.0908729,5.0,fvg,0.001,-0.1807458
2025-11,widen_only_sl_4x,306,1596844,1665663,1,89255.8,88889.80000000002,365.99999999998545,4391.999999999825,sl,69538.0,-0.45525579999998544,0.08925580000000001,5.0,ifvg_clean,0.001,-0.5445115999999854
2025-11,widen_only_sl_4x,307,1408035,1721124,-1,93649.8,83635.80000000035,834.4999999999709,10013.99999999965,tp,315124.0,9.920350199999652,0.0936498,5.0,ifvg_clean,0.001,9.826700399999652
2025-11,widen_only_sl_4x,308,1731560,1731560,1,82218.3,82218.2,0.1,1.0,inv,0.0,-0.08231830000000581,0.0822183,5.0,ifvg,0.001,-0.1645366000000058
2025-11,widen_only_sl_4x,309,1731560,1731560,1,82253.35,82252.85703234881,0.49296765119560076,4.929676511956008,sl,0.0,-0.08274631765119654,0.08225335000000002,5.0,ifvg,0.001,-0.16499966765119656
2025-11,widen_only_sl_4x,310,1731560,1731560,1,82288.4,82287.4140646976,0.9859353023909969,9.85935302390997,sl,0.0,-0.08327433530239305,0.0822884,5.0,ifvg,0.001,-0.16556273530239304
2025-11,widen_only_sl_4x,311,1731560,1731923,-1,82220.0,82570.49999999996,350.49999999995634,4205.999999999476,sl,363.0,-0.43271999999995636,0.08222,5.0,ifvg_clean,0.001,-0.5149399999999563
2025-11,widen_only_sl_4x,312,1737793,1737793,-1,82097.1,82096.1,0.1,1.0,tp,0.0,-0.08109710000000002,0.08209710000000002,5.0,ifvg,0.001,-0.16319420000000004
2025-11,widen_only_sl_4x,313,1737793,1737793,-1,82068.05,82068.54153976311,0.49153976311336806,4.915397631133681,sl,0.0,-0.08255958976311209,0.08206805,5.0,ifvg,0.001,-0.1646276397631121
2025-11,widen_only_sl_4x,314,1737793,1737793,-1,82039.0,82039.98307952622,0.9830795262267361,9.830795262267362,sl,0.0,-0.08302207952622417,0.082039,5.0,ifvg,0.001,-0.16506107952622417
2025-11,widen_only_sl_4x,315,1737793,1737823,1,82096.4,82038.5,290.5000000000291,3486.0000000003492,inv,30.0,-0.1399963999999942,0.0820964,5.0,ifvg_clean,0.001,-0.2220927999999942
2025-11,widen_only_sl_4x,316,1750460,1750460,1,82784.7,82810.8,131.50000000001455,1578.0000000001746,inv,0.0,-0.05668469999999418,0.0827847,5.0,ifvg_clean,0.001,-0.1394693999999942
2025-11,widen_only_sl_4x,317,1750465,1750465,-1,82824.45000000001,82819.63315018316,0.48168498168471713,4.816849816847172,tp,0.0,-0.07800760018314754,0.08282445000000002,5.0,ifvg,0.001,-0.16083205018314756
2025-11,widen_only_sl_4x,318,1750465,1750465,-1,82811.3,82801.6663003663,0.9633699633699673,9.633699633699672,tp,0.0,-0.07317760036629505,0.0828113,5.0,ifvg,0.001,-0.15598890036629504
2025-11,widen_only_sl_4x,319,1750467,1750467,-1,82837.6,82836.6,0.1,1.0,tp,0.0,-0.08183760000000001,0.08283760000000001,5.0,ifvg,0.001,-0.16467520000000002
2025-11,widen_only_sl_4x,320,1751277,1751277,1,83013.20000000001,83012.70451263539,0.4954873646210044,4.954873646210044,inv,0.0,-0.08350868736462021,0.08301320000000001,5.0,ifvg,0.001,-0.1665218873646202
2025-11,widen_only_sl_4x,321,1751277,1751277,1,83068.1,83067.10902527077,0.9909747292418775,9.909747292418775,sl,0.0,-0.08405907472924042,0.0830681,5.0,ifvg,0.001,-0.16712717472924044
2025-11,widen_only_sl_4x,322,1751348,1751348,1,82958.3,82958.2,0.1,1.0,inv,0.0,-0.08305830000000583,0.08295830000000001,5.0,ifvg,0.001,-0.16601660000000584
2025-11,widen_only_sl_4x,323,1752692,1752692,-1,82717.3,82717.40000000001,0.1,1.0,sl,0.0,-0.08281730000000583,0.08271730000000001,5.0,fvg,0.001,-0.16553460000000583
2025-11,widen_only_sl_4x,324,1752692,1752692,-1,82705.05,82705.53039215687,0.4803921568627451,4.803921568627451,sl,0.0,-0.08318544215686731,0.08270505,5.0,fvg,0.001,-0.1658904921568673
2025-11,widen_only_sl_4x,325,1752692,1752692,-1,82692.8,82693.76078431372,0.9607843137254902,9.607843137254902,sl,0.0,-0.08365358431372008,0.08269280000000001,5.0,fvg,0.001,-0.1663463843137201
2025-11,widen_only_sl_4x,326,1751277,1753724,-1,82960.7,83509.70000000001,549.0000000000146,6588.000000000175,sl,2447.0,-0.6319607000000146,0.0829607,5.0,ifvg_clean,0.001,-0.7149214000000146
2025-11,widen_only_sl_4x,327,1754272,1754272,-1,83361.0,83361.1,0.1,1.0,inv,0.0,-0.08346100000000582,0.083361,5.0,ifvg,0.001,-0.16682200000000583
2025-11,widen_only_sl_4x,328,1754272,1754272,-1,83296.0,83296.49618320611,0.4961832061068702,4.961832061068702,sl,0.0,-0.08379218320610898,0.08329600000000001,5.0,ifvg,0.001,-0.167088183206109
2025-11,widen_only_sl_4x,329,1754272,1754272,-1,83231.0,83231.99236641222,0.9923664122137404,9.923664122137405,sl,0.0,-0.08422336641221798,0.08323100000000001,5.0,ifvg,0.001,-0.167454366412218
2025-11,widen_only_sl_4x,330,1759748,1759748,-1,83469.1,83469.20000000001,0.1,1.0,sl,0.0,-0.08356910000000584,0.08346910000000002,5.0,ifvg,0.001,-0.16703820000000585
2025-11,widen_only_sl_4x,331,1759748,1759748,-1,83440.0,83440.49155405405,0.49155405405405567,4.915540540540556,sl,0.0,-0.08393155405405327,0.08344,5.0,ifvg,0.001,-0.16737155405405327
2025-11,widen_only_sl_4x,332,1759748,1759748,-1,83410.9,83411.8831081081,0.9831081081081113,9.831081081081113,sl,0.0,-0.08439400810810653,0.0834109,5.0,ifvg,0.001,-0.16780490810810653
2025-11,widen_only_sl_4x,333,1759748,1759766,1,83468.4,83410.4,291.0000000000582,3492.0000000006985,inv,18.0,-0.1414684,0.0834684,5.0,ifvg_clean,0.001,-0.2249368
2025-11,widen_only_sl_4x,334,1785661,1785661,-1,85161.15,85156.24276437848,0.4907235621522701,4.907235621522701,tp,0.0,-0.08025391437848166,0.08516114999999999,5.0,fvg,0.001,-0.16541506437848164
2025-11,widen_only_sl_4x,335,1785661,1785661,-1,85134.7,85135.6814471243,0.9814471243042703,9.814471243042703,sl,0.0,-0.08611614712430075,0.0851347,5.0,fvg,0.001,-0.17125084712430075
2025-11,widen_only_sl_4x,336,1785760,1785760,1,84978.0,84979.0,0.1,1.0,tp,0.0,-0.08397800000000001,0.08497800000000001,5.0,ifvg,0.001,-0.16895600000000002
2025-11,widen_only_sl_4x,337,1785760,1785760,1,84994.8,84994.31445086705,0.4855491329479793,4.8554913294797934,sl,0.0,-0.08548034913295083,0.0849948,5.0,ifvg,0.001,-0.1704751491329508
2025-11,widen_only_sl_4x,338,1785760,1785760,1,85011.6,85010.6289017341,0.9710982658959586,9.710982658959587,sl,0.0,-0.08598269826590169,0.0850116,5.0,ifvg,0.001,-0.17099429826590168
2025-11,widen_only_sl_4x,339,1785760,1785826,-1,84982.6,85012.1,168.0000000000291,2016.0000000003492,inv,67.0,-0.1144826,0.0849826,5.0,ifvg_clean,0.001,-0.1994652
2025-11,widen_only_sl_4x,340,1786576,1786576,-1,85079.75,85080.23583569405,0.48583569405098687,4.858356940509869,inv,0.0,-0.0855655856940531,0.08507975000000001,5.0,ifvg,0.001,-0.1706453356940531
2025-11,widen_only_sl_4x,341,1786576,1786576,-1,85062.6,85063.57167138811,0.9716713881019737,9.716713881019738,sl,0.0,-0.0860342713881062,0.0850626,5.0,ifvg,0.001,-0.1710968713881062
2025-11,widen_only_sl_4x,342,1786599,1786599,-1,85096.9,85097.0,0.1,1.0,inv,0.0,-0.0851969000000058,0.08509689999999999,5.0,ifvg,0.001,-0.1702938000000058
2025-11,widen_only_sl_4x,343,1786576,1787710,1,85096.6,84925.10000000006,171.4999999999418,2057.9999999993015,sl,1162.0,-0.2565965999999418,0.08509660000000001,5.0,ifvg_clean,0.001,-0.3416931999999418
2025-11,widen_only_sl_4x,344,1788954,1788954,1,84697.29999999999,84696.81908396946,0.48091603053407134,4.809160305340713,inv,0.0,-0.08517821603053034,0.08469729999999999,5.0,ifvg,0.001,-0.16987551603053033
2025-11,widen_only_sl_4x,345,1788954,1788954,1,84709.9,84708.93816793892,0.9618320610686981,9.61832061068698,sl,0.0,-0.08567173206107524,0.08470989999999999,5.0,ifvg,0.001,-0.17038163206107523
2025-11,widen_only_sl_4x,346,1788956,1788956,1,84684.7,84684.59999999999,0.1,1.0,inv,0.0,-0.0847847000000058,0.08468469999999999,5.0,ifvg,0.001,-0.1694694000000058
2025-11,widen_only_sl_4x,347,1805001,1805001,-1,84660.1,84660.58842592593,0.48842592592575673,4.8842592592575675,inv,0.0,-0.08514852592592702,0.08466010000000002,5.0,ifvg,0.001,-0.16980862592592705
2025-11,widen_only_sl_4x,348,1805001,1805001,-1,84639.0,84639.97685185185,0.9768518518518503,9.768518518518503,sl,0.0,-0.085615851851854,0.08463899999999999,5.0,ifvg,0.001,-0.170254851851854
2025-11,widen_only_sl_4x,349,1805001,1805756,1,84670.5,84459.50000000001,210.99999999998545,2531.9999999998254,sl,762.0,-0.29567049999998546,0.08467050000000001,5.0,ifvg_clean,0.001,-0.3803409999999855
2025-11,widen_only_sl_4x,350,1809740,1809740,1,84347.7,84346.32916666666,1.3708333333333336,10.770833333333334,sl,0.0,-0.08571853333333432,0.08434770000000001,5.0,fvg,0.001,-0.17006623333333432
2025-11,widen_only_sl_4x,351,1809745,1809745,1,84324.2,84323.51458333334,0.6854166666666668,5.385416666666667,sl,0.0,-0.08500961666665988,0.0843242,5.0,fvg,0.001,-0.16933381666665986
2025-11,widen_only_sl_4x,352,1809747,1809747,1,84300.7,84301.8,0.14000000000000004,1.1,tp,0.0,-0.08320069999999417,0.08430069999999999,5.0,fvg,0.001,-0.16750139999999417
2025-11,widen_only_sl_4x,353,1810764,1810764,-1,84134.5,84134.99335106384,0.49335106382978827,4.933510638297883,sl,0.0,-0.0846278510638366,0.0841345,5.0,ifvg,0.001,-0.1687623510638366
2025-11,widen_only_sl_4x,354,1810764,1810764,-1,84097.4,84098.38670212765,0.9867021276595765,9.867021276595766,sl,0.0,-0.08508410212765863,0.08409739999999999,5.0,ifvg,0.001,-0.16918150212765862
2025-11,widen_only_sl_4x,355,1810765,1810765,-1,84171.6,84170.6,0.1,1.0,tp,0.0,-0.08317160000000001,0.08417160000000001,5.0,ifvg,0.001,-0.16734320000000003
2025-11,widen_only_sl_4x,356,1810764,1810785,1,84155.5,84096.9,371.0000000000582,4452.0000000006985,inv,21.0,-0.14275550000000584,0.08415550000000001,5.0,ifvg_clean,0.001,-0.22691100000000586
2025-11,widen_only_sl_4x,357,1827119,1827119,-1,84000.2,84000.68031496063,0.48031496062991674,4.803149606299168,inv,0.0,-0.08448051496063048,0.0840002,5.0,ifvg,0.001,-0.1684807149606305
2025-11,widen_only_sl_4x,358,1827119,1827119,-1,83988.0,83988.96062992126,0.9606299212598335,9.606299212598335,sl,0.0,-0.084948629921261,0.08398800000000001,5.0,ifvg,0.001,-0.16893662992126102
2025-11,widen_only_sl_4x,359,1827137,1827137,-1,84012.4,84012.5,0.1,1.0,inv,0.0,-0.08411240000000582,0.0840124,5.0,ifvg,0.001,-0.16812480000000582
2025-11,widen_only_sl_4x,360,1827119,1827889,1,84009.4,83887.40000000002,121.9999999999709,1463.9999999996508,sl,776.0,-0.2060093999999709,0.0840094,5.0,ifvg_clean,0.001,-0.2900187999999709
2025-11,widen_only_sl_4x,361,1828819,1828819,-1,83733.1,83734.08689384011,0.9868938401048473,9.868938401048473,sl,0.0,-0.08471999384010505,0.0837331,5.0,fvg,0.001,-0.16845309384010504
2025-11,widen_only_sl_4x,362,1828891,1828891,-1,83770.75,83771.24344692005,0.49344692005242363,4.934469200524236,sl,0.0,-0.08426419692005252,0.08377075,5.0,fvg,0.001,-0.16803494692005252
2025-11,widen_only_sl_4x,363,1829025,1829025,-1,83808.4,83807.4,0.1,1.0,tp,0.0,-0.08280839999999999,0.08380839999999999,5.0,fvg,0.001,-0.16661679999999998
2025-11,widen_only_sl_4x,364,1838575,1838575,1,84496.8,84496.7,0.1,1.0,sl,0.0,-0.08459680000000583,0.08449680000000001,5.0,ifvg,0.001,-0.16909360000000584
2025-11,widen_only_sl_4x,365,1838575,1838575,1,84520.25,84519.76043841336,0.4895615866388296,4.895615866388296,sl,0.0,-0.08500981158664078,0.08452025,5.0,ifvg,0.001,-0.1695300615866408
2025-11,widen_only_sl_4x,366,1838575,1838575,1,84543.7,84542.72087682672,0.9791231732776592,9.791231732776591,sl,0.0,-0.08552282317328155,0.0845437,5.0,ifvg,0.001,-0.17006652317328155
2025-11,widen_only_sl_4x,367,1838575,1838644,-1,84497.3,84544.2,234.4999999999709,2813.9999999996508,inv,71.0,-0.1313972999999942,0.08449730000000001,5.0,ifvg_clean,0.001,-0.21589459999999422
2025-11,widen_only_sl_4x,368,1788954,1839815,-1,84684.9,84810.89999999998,125.99999999998545,1511.9999999998254,sl,51481.0,-0.21068489999998546,0.08468490000000001,5.0,ifvg_clean,0.001,-0.29536979999998547
2025-11,widen_only_sl_4x,369,1870385,1870385,1,85773.7,85773.2176056338,0.4823943661971795,4.8239436619717955,sl,0.0,-0.08625609436619043,0.08577370000000001,5.0,ifvg,0.001,-0.17202979436619042
2025-11,widen_only_sl_4x,370,1870385,1870385,1,85787.4,85786.4352112676,0.964788732394359,9.647887323943591,sl,0.0,-0.08675218873239537,0.08578739999999999,5.0,ifvg,0.001,-0.17253958873239536
2025-11,widen_only_sl_4x,371,1870395,1870395,1,85760.0,85761.0,0.1,1.0,tp,0.0,-0.08476,0.08576,5.0,ifvg,0.001,-0.17052
2025-11,widen_only_sl_4x,372,1870385,1870450,-1,85767.1,85787.9,136.9999999999709,1643.9999999996508,inv,65.0,-0.10656709999998837,0.08576710000000001,5.0,ifvg_clean,0.001,-0.19233419999998838
2025-11,widen_only_sl_4x,373,1958568,1958568,1,87380.3,87380.2,0.1,1.0,sl,0.0,-0.08748030000000583,0.08738030000000001,5.0,ifvg,0.001,-0.17486060000000583
2025-11,widen_only_sl_4x,374,1958568,1958568,1,87398.9,87398.41308900523,0.48691099476420646,4.869109947642064,sl,0.0,-0.08788581099476128,0.0873989,5.0,ifvg,0.001,-0.17528471099476128
2025-11,widen_only_sl_4x,375,1958568,1958568,1,87417.5,87416.52617801048,0.9738219895287938,9.738219895287939,sl,0.0,-0.08839132198952256,0.08741750000000001,5.0,ifvg,0.001,-0.17580882198952258
2025-11,widen_only_sl_4x,376,1958568,1958599,-1,87378.6,87418.0,185.99999999998545,2231.9999999998254,inv,32.0,-0.1267785999999942,0.0873786,5.0,ifvg_clean,0.001,-0.2141571999999942
2025-11,widen_only_sl_4x,377,2000431,2000431,-1,85953.79999999999,85954.2834437086,0.4834437086095109,4.834437086095109,sl,0.0,-0.08643724370861013,0.08595379999999998,5.0,ifvg,0.001,-0.1723910437086101
2025-11,widen_only_sl_4x,378,2000431,2000431,-1,85939.2,85940.16688741722,0.96688741721854,9.6688741721854,sl,0.0,-0.08690608741722028,0.08593920000000001,5.0,ifvg,0.001,-0.17284528741722027
2025-11,widen_only_sl_4x,379,2000436,2000436,-1,85968.4,85967.4,0.1,1.0,tp,0.0,-0.0849684,0.0859684,5.0,ifvg,0.001,-0.1709368
2025-11,widen_only_sl_4x,380,2000431,2000560,1,85960.5,85938.7,145.99999999998545,1751.9999999998254,inv,135.0,-0.10776050000000291,0.0859605,5.0,ifvg_clean,0.001,-0.19372100000000292
2025-11,widen_only_sl_4x,381,2002177,2002177,-1,85498.0,85498.97920997921,0.9792099792099818,9.792099792099817,sl,0.0,-0.08647720997921028,0.085498,5.0,fvg,0.001,-0.1719752099792103
2025-11,widen_only_sl_4x,382,2002190,2002190,-1,85521.55,85516.65395010395,0.4896049896049909,4.896049896049909,tp,0.0,-0.08062550010394859,0.08552155,5.0,fvg,0.001,-0.1661470501039486
2025-11,widen_only_sl_4x,383,2002198,2002198,-1,85545.1,85545.20000000001,0.1,1.0,sl,0.0,-0.08564510000000583,0.08554510000000001,5.0,fvg,0.001,-0.17119020000000584
2025-11,widen_only_sl_4x,384,2002328,2002328,1,85633.9,85632.91416430594,0.9858356940509898,9.858356940509898,sl,0.0,-0.0866197356940531,0.0856339,5.0,fvg,0.001,-0.1722536356940531
2025-11,widen_only_sl_4x,385,2002407,2002407,1,85599.1,85604.02917847026,0.49291784702559793,4.929178470255979,tp,0.0,-0.0806699215297491,0.08559910000000001,5.0,fvg,0.001,-0.1662690215297491
2025-11,widen_only_sl_4x,386,2002653,2002653,-1,86171.7,86170.7,0.1,1.0,tp,0.0,-0.0851717,0.0861717,5.0,ifvg,0.001,-0.1713434
2025-11,widen_only_sl_4x,387,2002653,2002653,-1,86135.6,86136.09316939891,0.4931693989070041,4.931693989070041,sl,0.0,-0.0866287693989056,0.0861356,5.0,ifvg,0.001,-0.1727643693989056
2025-11,widen_only_sl_4x,388,2002653,2002653,-1,86099.5,86100.48633879781,0.9863387978142071,9.863387978142072,sl,0.0,-0.08708583879781119,0.08609950000000001,5.0,ifvg,0.001,-0.1731853387978112
2025-11,widen_only_sl_4x,389,2002653,2002698,1,86169.8,86099.0,360.99999999998545,4331.999999999825,inv,45.0,-0.15696980000000293,0.0861698,5.0,ifvg_clean,0.001,-0.24313960000000295
2025-11,widen_only_sl_4x,390,2016258,2016258,-1,88324.04999999999,88324.54517839922,0.4951783992286139,4.951783992286139,inv,0.0,-0.08881922839922918,0.08832404999999999,5.0,ifvg,0.001,-0.17714327839922916
2025-11,widen_only_sl_4x,391,2016258,2016258,-1,88272.7,88273.69035679846,0.9903567984570875,9.903567984570875,sl,0.0,-0.08926305679845838,0.0882727,5.0,ifvg,0.001,-0.17753575679845837
2025-11,widen_only_sl_4x,392,2016259,2016259,-1,88375.4,88375.5,0.1,1.0,inv,0.0,-0.08847540000000582,0.0883754,5.0,ifvg,0.001,-0.17685080000000583
2025-11,widen_only_sl_4x,393,2018002,2018002,1,88602.8,88602.31612903226,0.4838709677419355,4.838709677419355,sl,0.0,-0.08908667096774242,0.08860280000000001,5.0,ifvg,0.001,-0.17768947096774243
2025-11,widen_only_sl_4x,394,2018002,2018002,1,88617.8,88616.83225806452,0.967741935483871,9.67741935483871,sl,0.0,-0.08958554193548482,0.08861780000000001,5.0,ifvg,0.001,-0.17820334193548482
2025-11,widen_only_sl_4x,395,2018002,2018011,-1,88598.0,88618.3,150.0,1800.0,inv,9.0,-0.10889800000000291,0.088598,5.0,ifvg_clean,0.001,-0.1974960000000029
2025-11,widen_only_sl_4x,396,2018087,2018087,1,88587.8,88588.8,0.1,1.0,tp,0.0,-0.08758780000000001,0.08858780000000001,5.0,ifvg,0.001,-0.17617560000000002
2025-11,widen_only_sl_4x,397,2019729,2019729,-1,88391.2,88392.1948051948,0.9948051948051948,9.948051948051948,sl,0.0,-0.0893860051948013,0.0883912,5.0,fvg,0.001,-0.1777772051948013
2025-11,widen_only_sl_4x,398,2020506,2020506,-1,88217.7,88218.67142857143,0.9714285714285714,9.714285714285714,sl,0.0,-0.08918912857142898,0.0882177,5.0,fvg,0.001,-0.17740682857142898
2025-11,widen_only_sl_4x,399,2020574,2020574,-1,88234.7,88229.84285714285,0.4857142857142857,4.857142857142857,tp,0.0,-0.08337755714285507,0.0882347,5.0,fvg,0.001,-0.17161225714285505
2025-11,widen_only_sl_4x,400,2020576,2020576,-1,88251.7,88251.8,0.1,1.0,sl,0.0,-0.08835170000000582,0.0882517,5.0,fvg,0.001,-0.17660340000000582
2025-11,widen_only_sl_4x,401,2020779,2020779,-1,88486.95,88481.97597402598,0.4974025974025974,4.974025974025974,tp,0.0,-0.08351292402597893,0.08848695,5.0,fvg,0.001,-0.17199987402597894
2025-11,widen_only_sl_4x,402,2021320,2021320,-1,88582.7,88581.7,0.1,1.0,tp,0.0,-0.0875827,0.0885827,5.0,fvg,0.001,-0.1761654
2025-11,widen_only_sl_4x,403,2028252,2028255,1,89000.0,88999.00799360512,0.9920063948840931,9.920063948840932,sl,3.0,-0.08999200639488117,0.089,5.0,fvg,0.001,-0.17899200639488116
2025-11,widen_only_sl_4x,404,2028326,2028326,1,88937.95,88937.45399680255,0.4960031974420466,4.960031974420466,sl,0.0,-0.08943395319744786,0.08893795,5.0,fvg,0.001,-0.17837190319744786
2025-11,widen_only_sl_4x,405,2028734,2028734,1,88875.9,88875.79999999999,0.1,1.0,sl,0.0,-0.08897590000000583,0.08887590000000001,5.0,fvg,0.001,-0.17785180000000583
2025-11,widen_only_sl_4x,406,2031138,2031138,-1,88650.2,88650.69031007752,0.49031007751938094,4.90310077519381,sl,0.0,-0.08914051007752637,0.0886502,5.0,ifvg,0.001,-0.17779071007752636
2025-11,widen_only_sl_4x,407,2031138,2031138,-1,88624.9,88625.88062015503,0.9806201550387619,9.80620155038762,sl,0.0,-0.08960552015503818,0.08862489999999999,5.0,ifvg,0.001,-0.17823042015503818
2025-11,widen_only_sl_4x,408,2031168,2031168,-1,88675.5,88674.5,0.1,1.0,tp,0.0,-0.0876755,0.0886755,5.0,ifvg,0.001,-0.176351
2025-11,widen_only_sl_4x,409,2031138,2031175,1,88672.2,88624.4,253.0000000000291,3036.0000000003492,inv,38.0,-0.13647220000000293,0.0886722,5.0,ifvg_clean,0.001,-0.22514440000000294
2025-11,widen_only_sl_4x,410,2016258,2036387,1,88372.8,87859.30000000002,513.4999999999854,6161.999999999825,sl,20406.0,-0.6018727999999854,0.0883728,5.0,ifvg_clean,0.001,-0.6902455999999855
2025-11,widen_only_sl_4x,411,2038055,2038055,-1,88015.0,88015.49559859154,0.49559859154929603,4.955985915492961,sl,0.0,-0.08851059859154396,0.088015,5.0,ifvg,0.001,-0.17652559859154396
2025-11,widen_only_sl_4x,412,2038055,2038055,-1,87958.7,87959.6911971831,0.9911971830985921,9.911971830985921,sl,0.0,-0.08894989718310249,0.0879587,5.0,ifvg,0.001,-0.17690859718310248
2025-11,widen_only_sl_4x,413,2038091,2038091,-1,88071.3,88070.3,0.1,1.0,tp,0.0,-0.0870713,0.0880713,5.0,ifvg,0.001,-0.1751426
2025-11,widen_only_sl_4x,414,2038055,2038366,1,88033.9,87958.2,563.0000000000291,6756.000000000349,inv,324.0,-0.1637338999999971,0.0880339,5.0,ifvg_clean,0.001,-0.2517677999999971
2025-11,widen_only_sl_4x,415,2047370,2047370,1,87721.85,87721.35818330606,0.4918166939444715,4.918166939444715,inv,0.0,-0.08821366669394602,0.08772185,5.0,ifvg,0.001,-0.17593551669394603
2025-11,widen_only_sl_4x,416,2047370,2047370,1,87751.9,87750.9163666121,0.9836333878887048,9.836333878887048,sl,0.0,-0.08873553338789203,0.0877519,5.0,ifvg,0.001,-0.17648743338789202
2025-11,widen_only_sl_4x,417,2047379,2047379,1,87691.8,87691.7,0.1,1.0,inv,0.0,-0.08779180000000582,0.0876918,5.0,ifvg,0.001,-0.17548360000000582
2025-11,widen_only_sl_4x,418,2047370,2049677,-1,87696.0,87996.49999999996,300.49999999995634,3605.999999999476,sl,2359.0,-0.38819599999995635,0.087696,5.0,ifvg_clean,0.001,-0.47589199999995635
2025-11,widen_only_sl_4x,419,2082008,2082008,1,87524.9,87523.94048582995,0.959514170040481,9.59514170040481,inv,0.0,-0.08848441417004108,0.0875249,5.0,ifvg,0.001,-0.17600931417004106
2025-11,widen_only_sl_4x,420,2082275,2082275,1,87513.04999999999,87512.57024291497,0.4797570850199459,4.797570850199459,inv,0.0,-0.08799280708502054,0.08751305,5.0,ifvg,0.001,-0.17550585708502053
2025-11,widen_only_sl_4x,421,2082276,2082276,1,87501.2,87501.09999999999,0.1,1.0,inv,0.0,-0.08760120000000582,0.0875012,5.0,ifvg,0.001,-0.17510240000000582
2025-11,widen_only_sl_4x,422,2082008,2082509,-1,87513.3,87631.79999999999,118.49999999998545,1421.9999999998254,sl,511.0,-0.20601329999998547,0.0875133,5.0,ifvg_clean,0.001,-0.2935265999999855
2025-11,widen_only_sl_4x,423,2088297,2088297,1,86304.45000000001,86303.95604594922,0.49395405078606114,4.939540507860611,inv,0.0,-0.08679840405079124,0.08630445000000002,5.0,ifvg,0.001,-0.17310285405079126
2025-11,widen_only_sl_4x,424,2088297,2088297,1,86345.3,86344.31209189844,0.9879081015719463,9.879081015719462,sl,0.0,-0.0873332081015679,0.08634530000000001,5.0,ifvg,0.001,-0.17367850810156793
2025-11,widen_only_sl_4x,425,2088299,2088299,1,86263.6,86263.5,0.1,1.0,inv,0.0,-0.08636360000000583,0.08626360000000001,5.0,ifvg,0.001,-0.17262720000000584
2025-11,widen_only_sl_4x,426,2088297,2088500,-1,86276.0,86684.49999999999,408.49999999998545,4901.999999999825,sl,203.0,-0.49477599999998545,0.08627599999999999,5.0,ifvg_clean,0.001,-0.5810519999999855
2025-11,widen_only_sl_4x,427,2088601,2088601,-1,86583.1,86580.2,105.49999999995634,1265.9999999994761,inv,0.0,-0.08368309999999128,0.08658310000000001,5.0,ifvg_clean,0.001,-0.1702661999999913
2025-11,widen_only_sl_4x,428,2088602,2088602,1,86579.7,86578.74524886877,0.9547511312217015,9.547511312217015,sl,0.0,-0.08753445113122667,0.08657970000000001,5.0,ifvg,0.001,-0.1741141511312267
2025-11,widen_only_sl_4x,429,2088742,2088742,1,86558.6,86559.6,0.1,1.0,tp,0.0,-0.08555860000000001,0.08655860000000001,5.0,ifvg,0.001,-0.17211720000000003
2025-11,widen_only_sl_4x,430,2088742,2088742,1,86569.15,86573.9237556561,0.4773755656105215,4.773755656105215,tp,0.0,-0.08179539434389581,0.08656915,5.0,ifvg,0.001,-0.1683645443438958
2025-11,widen_only_sl_4x,431,2089217,2089217,-1,86503.9,86502.9,0.1,1.0,tp,0.0,-0.08550390000000001,0.08650390000000001,5.0,fvg,0.001,-0.17200780000000002
2025-11,widen_only_sl_4x,432,2089217,2089217,-1,86456.9,86457.39473684209,0.49473684210526314,4.947368421052632,sl,0.0,-0.08695163684209806,0.08645689999999999,5.0,fvg,0.001,-0.17340853684209806
2025-11,widen_only_sl_4x,433,2089217,2089217,-1,86409.9,86410.8894736842,0.9894736842105263,9.894736842105264,sl,0.0,-0.08739937368421068,0.0864099,5.0,fvg,0.001,-0.17380927368421067
2025-11,widen_only_sl_4x,434,2101334,2101334,-1,87489.1,87489.20000000001,0.1,1.0,sl,0.0,-0.08758910000000583,0.08748910000000001,5.0,ifvg,0.001,-0.17507820000000585
2025-11,widen_only_sl_4x,435,2101334,2101334,-1,87477.9,87478.37863247863,0.47863247863279756,4.786324786327976,sl,0.0,-0.08795653247864006,0.0874779,5.0,ifvg,0.001,-0.17543443247864005
2025-11,widen_only_sl_4x,436,2101334,2101334,-1,87466.7,87467.65726495726,0.9572649572649732,9.572649572649732,sl,0.0,-0.0884239649572656,0.08746670000000001,5.0,ifvg,0.001,-0.1758906649572656
2025-11,widen_only_sl_4x,437,2101334,2101667,1,87490.5,87466.2,112.00000000004366,1344.0000000005239,inv,344.0,-0.1117905000000029,0.0874905,5.0,ifvg_clean,0.001,-0.1992810000000029
2025-11,widen_only_sl_4x,438,2109272,2109272,1,87338.45000000001,87337.97304147466,0.4769585253459543,4.769585253459542,sl,0.0,-0.08781540852535254,0.08733845000000001,5.0,ifvg,0.001,-0.17515385852535253
2025-11,widen_only_sl_4x,439,2109272,2109272,1,87348.8,87347.84608294931,0.953917050691238,9.53917050691238,sl,0.0,-0.08830271705069052,0.08734880000000002,5.0,ifvg,0.001,-0.17565151705069054
2025-11,widen_only_sl_4x,440,2109272,2109280,-1,87337.8,87349.3,103.49999999998545,1241.9999999998254,inv,9.0,-0.0988378,0.08733780000000001,5.0,ifvg_clean,0.001,-0.1861756
2025-11,widen_only_sl_4x,441,2109354,2109354,1,87328.1,87329.1,0.1,1.0,tp,0.0,-0.0863281,0.0873281,5.0,ifvg,0.001,-0.1736562
2025-11,widen_only_sl_4x,442,2110883,2110883,1,87272.65,87272.15998003991,0.4900199600796934,4.900199600796934,sl,0.0,-0.08776266996008156,0.08727265000000001,5.0,ifvg,0.001,-0.17503531996008156
2025-11,widen_only_sl_4x,443,2110883,2110883,1,87297.2,87296.21996007983,0.9800399201596772,9.800399201596772,sl,0.0,-0.08827723992016312,0.0872972,5.0,ifvg,0.001,-0.17557443992016314
2025-11,widen_only_sl_4x,444,2111005,2111005,1,87248.1,87249.1,0.1,1.0,tp,0.0,-0.08624810000000001,0.08724810000000001,5.0,ifvg,0.001,-0.17349620000000002
2025-11,widen_only_sl_4x,445,2110883,2111026,-1,87248.5,87297.7,245.49999999995634,2945.999999999476,inv,154.0,-0.13644849999999709,0.0872485,5.0,ifvg_clean,0.001,-0.2236969999999971
2025-11,widen_only_sl_4x,446,2113500,2113500,-1,86683.5,86684.49201915403,0.9920191540303274,9.920191540303273,sl,0.0,-0.08767551915402955,0.0866835,5.0,fvg,0.001,-0.17435901915402954
2025-11,widen_only_sl_4x,447,2113545,2113545,-1,86745.65,86746.14600957702,0.49600957701522175,4.9600957701522175,sl,0.0,-0.08724165957702204,0.08674565,5.0,fvg,0.001,-0.17398730957702202
2025-11,widen_only_sl_4x,448,2113760,2113760,-1,86807.8,86806.8,0.1,1.0,tp,0.0,-0.0858078,0.0868078,5.0,fvg,0.001,-0.1726156
2025-11,widen_only_sl_4x,449,2128860,2128860,1,87886.3,87885.34739336494,0.9526066350711031,9.52606635071103,inv,0.0,-0.08883890663506633,0.0878863,5.0,ifvg,0.001,-0.17672520663506633
2025-11,widen_only_sl_4x,450,2128950,2128950,1,87876.25,87875.77369668246,0.47630331753555155,4.763033175355515,inv,0.0,-0.08835255331754044,0.08787625,5.0,ifvg,0.001,-0.17622880331754043
2025-11,widen_only_sl_4x,451,2128953,2128953,1,87866.2,87866.09999999999,0.1,1.0,inv,0.0,-0.08796620000000581,0.08786619999999999,5.0,ifvg,0.001,-0.1758324000000058
2025-11,widen_only_sl_4x,452,2133659,2133659,1,87193.25,87192.76400560224,0.4859943977591082,4.859943977591082,inv,0.0,-0.08767924439776446,0.08719325000000001,5.0,ifvg,0.001,-0.17487249439776448
2025-11,widen_only_sl_4x,453,2133659,2133659,1,87210.6,87209.62801120449,0.9719887955182164,9.719887955182164,sl,0.0,-0.08818258879551436,0.08721060000000001,5.0,ifvg,0.001,-0.17539318879551435
2025-11,widen_only_sl_4x,454,2133718,2133718,1,87175.9,87175.79999999999,0.1,1.0,inv,0.0,-0.08727590000000582,0.0871759,5.0,ifvg,0.001,-0.17445180000000582
2025-11,widen_only_sl_4x,455,2134948,2134948,-1,87101.5,87102.4797979798,0.9797979797979799,9.7979797979798,sl,0.0,-0.08808129797980224,0.0871015,5.0,fvg,0.001,-0.17518279797980224
2025-11,widen_only_sl_4x,456,2134957,2134957,-1,87125.75,87120.851010101,0.48989898989898994,4.8989898989899,tp,0.0,-0.08222676010100334,0.08712575,5.0,fvg,0.001,-0.16935251010100333
2025-11,widen_only_sl_4x,457,2135018,2135018,-1,87150.0,87149.0,0.1,1.0,tp,0.0,-0.08615,0.08715,5.0,fvg,0.001,-0.1733
2025-11,widen_only_sl_4x,458,2133659,2137247,-1,87191.7,87365.20000000006,173.5000000000582,2082.0000000006985,sl,3769.0,-0.2606917000000582,0.0871917,5.0,ifvg_clean,0.001,-0.3478834000000582
2025-11,widen_only_sl_4x,459,2128860,2156241,-1,87879.6,86673.59999999966,100.5000000000291,1206.0000000003492,tp,28373.0,1.1181204000003493,0.08787960000000002,5.0,ifvg_clean,0.001,1.0302408000003493
2025-11,widen_only_sl_4x,460,2184155,2184155,1,90160.65,90160.15866551126,0.4913344887347088,4.913344887347088,sl,0.0,-0.09065198448873181,0.09016065,5.0,ifvg,0.001,-0.1808126344887318
2025-11,widen_only_sl_4x,461,2184155,2184155,1,90189.0,90188.01733102254,0.9826689774696699,9.826689774696698,sl,0.0,-0.09117166897746362,0.090189,5.0,ifvg,0.001,-0.1813606689774636
2025-11,widen_only_sl_4x,462,2184157,2184157,1,90132.3,90133.3,0.1,1.0,tp,0.0,-0.0891323,0.0901323,5.0,ifvg,0.001,-0.1792646
2025-11,widen_only_sl_4x,463,2184155,2184268,-1,90137.1,90189.5,283.49999999998545,3401.9999999998254,inv,113.0,-0.1425370999999942,0.09013710000000001,5.0,ifvg_clean,0.001,-0.23267419999999422
2025-11,widen_only_sl_4x,464,2190353,2190359,1,89468.5,89478.41631799164,0.9916317991631798,9.916317991631798,tp,6.0,-0.07955218200836413,0.0894685,5.0,fvg,0.001,-0.16902068200836412
2025-11,widen_only_sl_4x,465,2192586,2192586,-1,89696.8,89692.01739130435,0.4782608695652174,4.782608695652174,tp,0.0,-0.08491419130435163,0.08969680000000001,5.0,fvg,0.001,-0.17461099130435165
2025-11,widen_only_sl_4x,466,2192586,2192586,-1,89685.8,89686.75652173914,0.9565217391304348,9.565217391304348,sl,0.0,-0.09064232173913549,0.0896858,5.0,fvg,0.001,-0.18032812173913548
2025-11,widen_only_sl_4x,467,2192865,2192865,-1,89707.8,89706.8,0.1,1.0,tp,0.0,-0.0887078,0.0897078,5.0,fvg,0.001,-0.1784156
2025-11,widen_only_sl_4x,468,2192867,2192869,-1,89716.3,89717.28050682262,0.980506822612087,9.80506822612087,sl,2.0,-0.09069680682261239,0.08971630000000001,5.0,fvg,0.001,-0.1804131068226124
2025-11,widen_only_sl_4x,469,2192931,2192931,-1,89741.45000000001,89741.94025341132,0.49025341130590167,4.9025341130590165,sl,0.0,-0.0902317034113062,0.08974145000000001,5.0,fvg,0.001,-0.1799731534113062
2025-11,widen_only_sl_4x,470,2192956,2192956,-1,89766.6,89765.6,0.1,1.0,tp,0.0,-0.08876660000000001,0.08976660000000002,5.0,fvg,0.001,-0.17853320000000003
2025-11,widen_only_sl_4x,471,2203470,2203470,-1,90474.70000000001,90475.18226950355,0.4822695035458394,4.822695035458394,inv,0.0,-0.09095696950354003,0.09047470000000002,5.0,ifvg,0.001,-0.18143166950354006
2025-11,widen_only_sl_4x,472,2203470,2203470,-1,90461.1,90462.0645390071,0.9645390070921949,9.645390070921948,sl,0.0,-0.09142563900709458,0.0904611,5.0,ifvg,0.001,-0.18188673900709457
2025-11,widen_only_sl_4x,473,2203558,2203558,-1,90488.3,90488.40000000001,0.1,1.0,inv,0.0,-0.09058830000000583,0.09048830000000001,5.0,ifvg,0.001,-0.18107660000000583
2025-11,widen_only_sl_4x,474,2203470,2204313,1,90479.8,90343.80000000002,135.99999999998545,1631.9999999998254,sl,848.0,-0.22647979999998546,0.09047980000000001,5.0,ifvg_clean,0.001,-0.31695959999998546
2025-11,widen_only_sl_4x,475,1754272,2211030,1,83343.6,91143.6,650.0,7800.0,tp,465179.0,7.7166564,0.08334360000000002,5.0,ifvg_clean,0.001,7.6333128
2025-11,widen_only_sl_4x,476,2266119,2266119,-1,91498.65,91499.13881431767,0.4888143176735401,4.888143176735401,inv,0.0,-0.0919874643176795,0.09149865,5.0,ifvg,0.001,-0.1834861143176795
2025-11,widen_only_sl_4x,477,2266119,2266119,-1,91476.8,91477.77762863535,0.9776286353467546,9.776286353467546,sl,0.0,-0.09245442863534445,0.09147680000000001,5.0,ifvg,0.001,-0.18393122863534445
2025-11,widen_only_sl_4x,478,2266121,2266121,-1,91520.5,91520.6,0.1,1.0,inv,0.0,-0.09162050000000582,0.0915205,5.0,ifvg,0.001,-0.18314100000000583
2025-11,widen_only_sl_4x,479,2266119,2266308,1,91519.9,91301.40000000001,218.49999999998545,2621.9999999998254,sl,190.0,-0.31001989999998547,0.0915199,5.0,ifvg_clean,0.001,-0.40153979999998546
2025-11,widen_only_sl_4x,480,2284355,2284355,-1,91204.35,91204.82942386832,0.47942386831246026,4.794238683124602,sl,0.0,-0.09168377386830982,0.09120435,5.0,ifvg,0.001,-0.18288812386830983
2025-11,widen_only_sl_4x,481,2284355,2284355,-1,91192.7,91193.65884773662,0.9588477366255194,9.588477366255194,sl,0.0,-0.09215154773661964,0.0911927,5.0,ifvg,0.001,-0.18334424773661964
2025-11,widen_only_sl_4x,482,2284355,2284393,1,91214.6,91192.2,116.50000000001455,1398.0000000001746,inv,42.0,-0.11361460000000874,0.0912146,5.0,ifvg_clean,0.001,-0.20482920000000876
2025-11,widen_only_sl_4x,483,2284454,2284454,-1,91216.0,91216.1,0.1,1.0,sl,0.0,-0.09131600000000582,0.091216,5.0,ifvg,0.001,-0.18253200000000583
2025-11,widen_only_sl_4x,484,2317897,2317897,1,91089.9,91088.91522070015,0.9847792998477923,9.847792998477923,sl,0.0,-0.09207467929984801,0.0910899,5.0,fvg,0.001,-0.18316457929984803
2025-11,widen_only_sl_4x,485,2318056,2318056,1,91057.54999999999,91062.47389649923,0.4923896499237854,4.923896499237854,tp,0.0,-0.08613365350075991,0.09105754999999999,5.0,fvg,0.001,-0.1771912035007599
2025-11,widen_only_sl_4x,486,2338312,2338312,1,92677.5,92682.46798975673,0.4967989756722153,4.967989756722153,tp,0.0,-0.08770951024327427,0.0926775,5.0,fvg,0.001,-0.18038701024327425
2025-11,widen_only_sl_4x,487,2338312,2338312,1,92755.1,92754.10640204867,0.9935979513444306,9.935979513444305,sl,0.0,-0.09374869795133935,0.09275510000000002,5.0,fvg,0.001,-0.18650379795133937
2025-11,widen_only_sl_4x,488,2338315,2338315,1,92599.9,92600.9,0.1,1.0,tp,0.0,-0.0915999,0.0925999,5.0,fvg,0.001,-0.1841998
2025-11,widen_only_sl_4x,489,2343843,2343843,1,92099.8,92099.31612903226,0.4838709677419355,4.838709677419355,inv,0.0,-0.09258367096774242,0.09209980000000001,5.0,ifvg,0.001,-0.18468347096774243
2025-11,widen_only_sl_4x,490,2343843,2343843,1,92114.8,92113.83225806452,0.967741935483871,9.67741935483871,sl,0.0,-0.09308254193548482,0.09211480000000001,5.0,ifvg,0.001,-0.18519734193548482
2025-11,widen_only_sl_4x,491,2344027,2344027,1,92084.8,92084.7,0.1,1.0,inv,0.0,-0.09218480000000583,0.09208480000000001,5.0,ifvg,0.001,-0.18426960000000583
2025-11,widen_only_sl_4x,492,2344047,2344047,1,92048.7,92048.20856164383,0.4914383561643827,4.914383561643827,inv,0.0,-0.09254013835616996,0.0920487,5.0,ifvg,0.001,-0.18458883835616996
2025-11,widen_only_sl_4x,493,2344047,2344047,1,92077.4,92076.41712328767,0.9828767123287654,9.828767123287655,sl,0.0,-0.09306027671232538,0.0920774,5.0,ifvg,0.001,-0.1851376767123254
2025-11,widen_only_sl_4x,494,2344051,2344051,1,92020.0,92019.9,0.1,1.0,inv,0.0,-0.09212000000000582,0.09202,5.0,ifvg,0.001,-0.18414000000000583
2025-11,widen_only_sl_4x,495,2345687,2345687,1,91267.9,91267.41008064516,0.4899193548385612,4.899193548385612,inv,0.0,-0.09175781935483354,0.0912679,5.0,ifvg,0.001,-0.18302571935483353
2025-11,widen_only_sl_4x,496,2345687,2345687,1,91292.2,91291.22016129032,0.9798387096774158,9.798387096774158,sl,0.0,-0.09227203870968163,0.09129219999999999,5.0,ifvg,0.001,-0.18356423870968164
2025-11,widen_only_sl_4x,497,2345688,2345688,1,91243.6,91243.5,0.1,1.0,inv,0.0,-0.09134360000000583,0.09124360000000001,5.0,ifvg,0.001,-0.18258720000000583
2025-11,widen_only_sl_4x,498,2345687,2346367,-1,91248.2,91491.19999999995,242.99999999995634,2915.999999999476,sl,680.0,-0.33424819999995636,0.0912482,5.0,ifvg_clean,0.001,-0.42549639999995637
2025-11,widen_only_sl_4x,499,2346508,2346508,1,91419.1,91418.11308900524,0.9869109947643995,9.869109947643995,sl,0.0,-0.0924060109947613,0.09141910000000002,5.0,fvg,0.001,-0.18382511099476131
2025-11,widen_only_sl_4x,500,2346533,2346533,1,91381.4,91380.9065445026,0.4934554973821045,4.934554973821045,sl,0.0,-0.09187485549738791,0.0913814,5.0,fvg,0.001,-0.18325625549738792
2025-11,widen_only_sl_4x,501,2346710,2346710,1,91343.7,91344.7,0.1,1.0,tp,0.0,-0.0903437,0.0913437,5.0,fvg,0.001,-0.1816874
2025-11,widen_only_sl_4x,502,2343843,2349286,-1,92091.0,90291.0,150.0,1800.0,tp,5443.0,1.7079090000000001,0.092091,5.0,ifvg_clean,0.001,1.6158180000000002
2025-11,widen_only_sl_4x,503,2350146,2350146,1,90433.65,90433.15974658869,0.49025341130590167,4.9025341130590165,inv,0.0,-0.09092390341130618,0.09043365,5.0,ifvg,0.001,-0.1813575534113062
2025-11,widen_only_sl_4x,504,2350146,2350146,1,90458.8,90457.81949317739,0.980506822612087,9.80506822612087,sl,0.0,-0.09143930682261238,0.0904588,5.0,ifvg,0.001,-0.18189810682261237
2025-11,widen_only_sl_4x,505,2350146,2350500,-1,90431.8,90683.30000000002,251.50000000001455,3018.0000000001746,sl,354.0,-0.34193180000001455,0.0904318,5.0,ifvg_clean,0.001,-0.43236360000001456
2025-11,widen_only_sl_4x,506,2351230,2351230,1,90408.5,90408.4,0.1,1.0,inv,0.0,-0.09050850000000582,0.0904085,5.0,ifvg,0.001,-0.18091700000000582
2025-11,widen_only_sl_4x,507,2525469,2525469,1,90900.0,90899.51824817518,0.4817518248175144,4.817518248175144,inv,0.0,-0.09138175182481646,0.09090000000000001,5.0,ifvg,0.001,-0.18228175182481648
2025-11,widen_only_sl_4x,508,2525469,2525469,1,90913.2,90912.23649635036,0.9635036496350288,9.635036496350288,sl,0.0,-0.09187670364963291,0.0909132,5.0,ifvg,0.001,-0.1827899036496329
2025-11,widen_only_sl_4x,509,2525524,2525524,1,90886.8,90887.8,0.1,1.0,tp,0.0,-0.0898868,0.0908868,5.0,ifvg,0.001,-0.1807736
2025-11,widen_only_sl_4x,510,2344047,2528361,-1,92028.2,90320.6,286.9999999999709,3443.9999999996508,eod,201253.0,1.6155717999999912,0.0920282,5.0,ifvg_clean,0.001,1.5235435999999911
2025-11,widen_only_sl_4x,511,2525469,2528361,-1,90891.5,90320.6,131.9999999999709,1583.9999999996508,eod,2915.0,0.4800084999999942,0.09089150000000001,5.0,ifvg_clean,0.001,0.38911699999999416
2025-11,widen_only_tp_2x,0,133733,133739,-1,109868.2,109858.3012145749,0.9898785425101218,9.898785425101217,tp,6.0,-0.09996941457489732,0.1098682,5.0,fvg,0.001,-0.2098376145748973
2025-11,widen_only_tp_2x,1,134594,134594,-1,109917.1,109912.15060728746,0.4949392712549872,4.949392712549872,tp,0.0,-0.10496770728745594,0.1099171,5.0,fvg,0.001,-0.21488480728745596
2025-11,widen_only_tp_2x,2,134701,134701,-1,109966.0,109965.0,0.1,1.0,tp,0.0,-0.10896600000000001,0.10996600000000001,5.0,fvg,0.001,-0.21893200000000002
2025-11,widen_only_tp_2x,3,159464,159464,1,110639.9,110638.90919117647,0.9908088235294108,9.908088235294109,sl,0.0,-0.11163070882352427,0.1106399,5.0,fvg,0.001,-0.22227060882352428
2025-11,widen_only_tp_2x,4,159510,159510,1,110586.0,110585.50459558824,0.4954044117647054,4.954044117647054,sl,0.0,-0.11108140441176215,0.110586,5.0,fvg,0.001,-0.22166740441176214
2025-11,widen_only_tp_2x,5,160253,160253,1,110532.1,110533.1,0.1,1.0,tp,0.0,-0.10953210000000002,0.11053210000000002,5.0,fvg,0.001,-0.22006420000000004
2025-11,widen_only_tp_2x,6,161095,161095,1,110323.29999999999,110322.80484496123,0.4951550387596193,4.951550387596193,inv,0.0,-0.11081845503876317,0.11032329999999999,5.0,ifvg,0.001,-0.22114175503876315
2025-11,widen_only_tp_2x,7,161095,161095,1,110374.4,110373.40968992247,0.9903100775193796,9.903100775193796,sl,0.0,-0.11136471007752637,0.1103744,5.0,ifvg,0.001,-0.22173911007752636
2025-11,widen_only_tp_2x,8,161137,161137,1,110272.2,110272.09999999999,0.1,1.0,inv,0.0,-0.11037220000000582,0.1102722,5.0,ifvg,0.001,-0.22064440000000582
2025-11,widen_only_tp_2x,9,164817,164817,1,109614.29999999999,109613.80626566416,0.49373433583950804,4.93734335839508,inv,0.0,-0.1101080343358324,0.10961429999999998,5.0,ifvg,0.001,-0.21972233433583238
2025-11,widen_only_tp_2x,10,164817,164817,1,109653.7,109652.71253132832,0.9874686716791985,9.874686716791985,sl,0.0,-0.11064116867167939,0.1096537,5.0,ifvg,0.001,-0.2202948686716794
2025-11,widen_only_tp_2x,11,164821,164821,1,109574.9,109574.79999999999,0.1,1.0,inv,0.0,-0.10967490000000582,0.1095749,5.0,ifvg,0.001,-0.21924980000000582
2025-11,widen_only_tp_2x,12,170328,170328,-1,108719.7,108720.1827586207,0.48275862068965514,4.827586206896552,sl,0.0,-0.10920245862069568,0.1087197,5.0,ifvg,0.001,-0.2179221586206957
2025-11,widen_only_tp_2x,13,170328,170328,-1,108705.7,108706.66551724137,0.9655172413793103,9.655172413793103,sl,0.0,-0.1096712172413768,0.10870569999999999,5.0,ifvg,0.001,-0.21837691724137678
2025-11,widen_only_tp_2x,14,170328,170336,1,108730.7,108705.2,140.0,1680.0,inv,8.0,-0.1342307,0.1087307,5.0,ifvg_clean,0.001,-0.2429614
2025-11,widen_only_tp_2x,15,170350,170350,-1,108733.7,108732.7,0.1,1.0,tp,0.0,-0.1077337,0.1087337,5.0,ifvg,0.001,-0.2164674
2025-11,widen_only_tp_2x,16,188915,188915,1,107382.55,107382.06089324619,0.4891067538126348,4.891067538126348,inv,0.0,-0.10787165675381194,0.10738255000000001,5.0,ifvg,0.001,-0.21525420675381196
2025-11,widen_only_tp_2x,17,188915,188915,1,107405.0,107404.02178649238,0.9782135076252696,9.782135076252697,sl,0.0,-0.10838321350762388,0.107405,5.0,ifvg,0.001,-0.2157882135076239
2025-11,widen_only_tp_2x,18,188919,188919,1,107360.1,107360.0,0.1,1.0,inv,0.0,-0.10746010000000582,0.1073601,5.0,ifvg,0.001,-0.21482020000000582
2025-11,widen_only_tp_2x,19,188915,191248,-1,107361.9,107586.39999999997,224.4999999999709,2693.9999999996508,sl,2346.0,-0.3318618999999709,0.1073619,5.0,ifvg_clean,0.001,-0.4392237999999709
2025-11,widen_only_tp_2x,20,202295,202295,-1,107803.4,107803.89501992031,0.49501992031879805,4.950199203187981,inv,0.0,-0.10829841992031582,0.1078034,5.0,ifvg,0.001,-0.2161018199203158
2025-11,widen_only_tp_2x,21,202295,202295,-1,107753.7,107754.69003984063,0.9900398406374511,9.90039840637451,sl,0.0,-0.10874373984063165,0.1077537,5.0,ifvg,0.001,-0.21649743984063163
2025-11,widen_only_tp_2x,22,202526,202526,-1,107853.1,107853.20000000001,0.1,1.0,inv,0.0,-0.10795310000000582,0.10785310000000001,5.0,ifvg,0.001,-0.21580620000000583
2025-11,widen_only_tp_2x,23,202295,211165,1,107847.7,107350.69999999995,497.00000000004366,5964.000000000524,sl,8947.0,-0.6048477000000437,0.1078477,5.0,ifvg_clean,0.001,-0.7126954000000437
2025-11,widen_only_tp_2x,24,212631,212631,-1,108090.1,108091.090990991,0.990990990990991,9.90990990990991,sl,0.0,-0.10908109099099113,0.10809010000000001,5.0,fvg,0.001,-0.21717119099099114
2025-11,widen_only_tp_2x,25,225599,225599,-1,107299.3,107299.78780487805,0.4878048780487805,4.878048780487805,sl,0.0,-0.10778710487805197,0.1072993,5.0,ifvg,0.001,-0.21508640487805197
2025-11,widen_only_tp_2x,26,225599,225599,-1,107279.3,107280.2756097561,0.975609756097561,9.75609756097561,sl,0.0,-0.10825490975610395,0.10727930000000001,5.0,ifvg,0.001,-0.21553420975610396
2025-11,widen_only_tp_2x,27,225599,225614,1,107315.0,107278.8,200.0,2400.0,inv,15.0,-0.1435149999999971,0.107315,5.0,ifvg_clean,0.001,-0.2508299999999971
2025-11,widen_only_tp_2x,28,225630,225630,-1,107319.3,107318.3,0.1,1.0,tp,0.0,-0.1063193,0.1073193,5.0,ifvg,0.001,-0.2136386
2025-11,widen_only_tp_2x,29,257419,257419,-1,107042.9,107043.0,0.1,1.0,inv,0.0,-0.10714290000000583,0.10704290000000001,5.0,ifvg,0.001,-0.21418580000000584
2025-11,widen_only_tp_2x,30,257419,257419,-1,107012.85,107013.34181669395,0.4918166939442333,4.918166939442333,sl,0.0,-0.10750466669394604,0.10701285000000002,5.0,ifvg,0.001,-0.21451751669394606
2025-11,widen_only_tp_2x,31,257419,257419,-1,106982.8,106983.7836333879,0.9836333878887048,9.836333878887048,sl,0.0,-0.10796643338789205,0.10698280000000002,5.0,ifvg,0.001,-0.21494923338789207
2025-11,widen_only_tp_2x,32,257419,261081,1,107049.3,106748.80000000005,300.49999999995634,3605.999999999476,sl,3709.0,-0.40754929999995637,0.1070493,5.0,ifvg_clean,0.001,-0.5145985999999564
2025-11,widen_only_tp_2x,33,164817,265169,-1,109580.3,104852.29999999983,394.00000000001455,4728.000000000175,tp,101263.0,4.6184197000001745,0.1095803,5.0,ifvg_clean,0.001,4.508839400000174
2025-11,widen_only_tp_2x,34,161095,265966,-1,110272.3,104140.30000000018,510.99999999998545,6131.999999999825,tp,105831.0,6.0217276999998255,0.1102723,5.0,ifvg_clean,0.001,5.911455399999825
2025-11,widen_only_tp_2x,35,297609,297609,1,103922.35,103921.86094091904,0.4890590809629594,4.890590809629594,sl,0.0,-0.10441140908096641,0.10392235000000001,5.0,fvg,0.001,-0.2083337590809664
2025-11,widen_only_tp_2x,36,297609,297609,1,103944.7,103943.72188183806,0.9781181619256004,9.781181619256005,sl,0.0,-0.1049228181619328,0.1039447,5.0,fvg,0.001,-0.2088675181619328
2025-11,widen_only_tp_2x,37,297611,297611,1,103900.0,103901.0,0.1,1.0,tp,0.0,-0.1029,0.1039,5.0,fvg,0.001,-0.2068
2025-11,widen_only_tp_2x,38,405847,405847,-1,103782.0,103782.48837209302,0.4883720930232558,4.883720930232558,sl,0.0,-0.10427037209302292,0.103782,5.0,ifvg,0.001,-0.2080523720930229
2025-11,widen_only_tp_2x,39,405847,405847,-1,103761.0,103761.97674418605,0.9767441860465116,9.767441860465116,sl,0.0,-0.10473774418604583,0.10376099999999999,5.0,ifvg,0.001,-0.2084987441860458
2025-11,widen_only_tp_2x,40,405854,405854,-1,103803.0,103803.1,0.1,1.0,sl,0.0,-0.10390300000000581,0.10380299999999999,5.0,ifvg,0.001,-0.2077060000000058
2025-11,widen_only_tp_2x,41,405847,405889,1,103787.4,103760.5,210.0,2520.0,inv,42.0,-0.13068739999999418,0.10378739999999999,5.0,ifvg_clean,0.001,-0.23447479999999415
2025-11,widen_only_tp_2x,42,559713,559713,1,100710.6,100710.5,0.1,1.0,inv,0.0,-0.10081060000000583,0.10071060000000001,5.0,ifvg,0.001,-0.20152120000000584
2025-11,widen_only_tp_2x,43,559713,559713,1,100730.55,100730.06222493888,0.4877750611246926,4.877750611246926,sl,0.0,-0.10121832506111948,0.10073055000000002,5.0,ifvg,0.001,-0.2019488750611195
2025-11,widen_only_tp_2x,44,559713,559713,1,100750.5,100749.52444987775,0.9755501222493852,9.755501222493852,sl,0.0,-0.10172605012225348,0.1007505,5.0,ifvg,0.001,-0.2024765501222535
2025-11,widen_only_tp_2x,45,559839,559839,1,100592.1,100591.6030120482,0.49698795180722893,4.96987951807229,inv,0.0,-0.10108908795180302,0.1005921,5.0,ifvg,0.001,-0.201681187951803
2025-11,widen_only_tp_2x,46,559839,559839,1,100674.6,100673.60602409639,0.9939759036144579,9.93975903614458,sl,0.0,-0.1016685759036206,0.10067460000000002,5.0,ifvg,0.001,-0.2023431759036206
2025-11,widen_only_tp_2x,47,559843,559843,1,100509.6,100509.5,0.1,1.0,inv,0.0,-0.10060960000000582,0.1005096,5.0,ifvg,0.001,-0.20111920000000583
2025-11,widen_only_tp_2x,48,559713,560249,-1,100697.9,100897.39999999997,199.4999999999709,2393.9999999996508,sl,536.0,-0.3001978999999709,0.10069789999999999,5.0,ifvg_clean,0.001,-0.4008957999999709
2025-11,widen_only_tp_2x,49,559839,560440,-1,100511.4,101336.4,825.0,9900.0,sl,601.0,-0.9255114000000001,0.1005114,5.0,ifvg_clean,0.001,-1.0260228
2025-11,widen_only_tp_2x,50,596731,596731,1,103101.20000000001,103100.71344086023,0.48655913978514076,4.865591397851407,sl,0.0,-0.10358775913978294,0.10310120000000002,5.0,ifvg,0.001,-0.20668895913978297
2025-11,widen_only_tp_2x,51,596731,596731,1,103119.3,103118.32688172044,0.9731182795698904,9.731182795698905,sl,0.0,-0.10409241827956583,0.10311930000000001,5.0,ifvg,0.001,-0.20721171827956586
2025-11,widen_only_tp_2x,52,596731,596738,-1,103090.3,103119.8,180.99999999998545,2171.9999999998254,inv,7.0,-0.1325903,0.1030903,5.0,ifvg_clean,0.001,-0.2356806
2025-11,widen_only_tp_2x,53,597372,597372,1,103083.1,103083.0,0.1,1.0,inv,0.0,-0.10318310000000581,0.1030831,5.0,ifvg,0.001,-0.2062662000000058
2025-11,widen_only_tp_2x,54,732248,732248,1,103665.25,103664.75321543409,0.4967845659163987,4.967845659163987,sl,0.0,-0.1041620345659121,0.10366525,5.0,ifvg,0.001,-0.2078272845659121
2025-11,widen_only_tp_2x,55,732248,732248,1,103742.5,103741.50643086816,0.9935691318327974,9.935691318327974,sl,0.0,-0.10473606913183875,0.10374250000000002,5.0,ifvg,0.001,-0.20847856913183876
2025-11,widen_only_tp_2x,56,732371,732371,1,103588.0,103589.0,0.1,1.0,tp,0.0,-0.10258800000000001,0.10358800000000001,5.0,ifvg,0.001,-0.20617600000000003
2025-11,widen_only_tp_2x,57,732248,733494,-1,103589.5,103743.0,772.5,9270.0,inv,1253.0,-0.25708949999999997,0.1035895,5.0,ifvg_clean,0.001,-0.36067899999999997
2025-11,widen_only_tp_2x,58,736176,736176,1,103552.7,103552.2073964497,0.4926035502958586,4.9260355029585865,sl,0.0,-0.10404530355030128,0.1035527,5.0,ifvg,0.001,-0.20759800355030128
2025-11,widen_only_tp_2x,59,736176,736176,1,103586.0,103585.01479289941,0.9852071005917172,9.852071005917173,sl,0.0,-0.10457120710058801,0.103586,5.0,ifvg,0.001,-0.208157207100588
2025-11,widen_only_tp_2x,60,736176,736179,-1,103531.0,103586.5,333.0000000000291,3996.0000000003492,inv,3.0,-0.159031,0.10353100000000001,5.0,ifvg_clean,0.001,-0.262562
2025-11,widen_only_tp_2x,61,800230,800230,-1,105947.25,105947.73422712933,0.48422712933754525,4.842271293375452,sl,0.0,-0.10643147712933097,0.10594724999999999,5.0,ifvg,0.001,-0.21237872712933098
2025-11,widen_only_tp_2x,62,800230,800230,-1,105931.9,105932.86845425867,0.9684542586750905,9.684542586750904,sl,0.0,-0.1069003542586765,0.1059319,5.0,ifvg,0.001,-0.2128322542586765
2025-11,widen_only_tp_2x,63,800268,800268,-1,105962.6,105961.6,0.1,1.0,tp,0.0,-0.10496260000000002,0.10596260000000002,5.0,ifvg,0.001,-0.21092520000000003
2025-11,widen_only_tp_2x,64,800230,800300,1,105956.6,105931.4,153.5000000000582,1842.0000000006985,inv,70.0,-0.13115660000001167,0.10595660000000001,5.0,ifvg_clean,0.001,-0.23711320000001168
2025-11,widen_only_tp_2x,65,807998,807998,-1,106189.0,106189.98031496063,0.9803149606299224,9.803149606299224,sl,0.0,-0.1071693149606305,0.106189,5.0,fvg,0.001,-0.2133583149606305
2025-11,widen_only_tp_2x,66,813686,813686,1,104988.8,104988.30405186386,0.4959481361426254,4.959481361426254,inv,0.0,-0.10548474813614388,0.10498880000000002,5.0,ifvg,0.001,-0.21047354813614388
2025-11,widen_only_tp_2x,67,813686,813686,1,105050.0,105049.00810372771,0.9918962722852508,9.918962722852507,sl,0.0,-0.1060418962722877,0.10505,5.0,ifvg,0.001,-0.2110918962722877
2025-11,widen_only_tp_2x,68,813689,813689,1,104927.6,104927.5,0.1,1.0,inv,0.0,-0.10502760000000583,0.10492760000000001,5.0,ifvg,0.001,-0.20995520000000584
2025-11,widen_only_tp_2x,69,816046,816046,1,105081.05,105080.56285347044,0.4871465295629801,4.871465295629801,inv,0.0,-0.10556819652955823,0.10508105000000001,5.0,ifvg,0.001,-0.21064924652955824
2025-11,widen_only_tp_2x,70,816046,816046,1,105100.0,105099.02570694087,0.9742930591259602,9.742930591259602,sl,0.0,-0.10607429305913103,0.10510000000000001,5.0,ifvg,0.001,-0.21117429305913105
2025-11,widen_only_tp_2x,71,816056,816056,1,105062.1,105062.0,0.1,1.0,inv,0.0,-0.10516210000000582,0.1050621,5.0,ifvg,0.001,-0.21022420000000583
2025-11,widen_only_tp_2x,72,816046,817272,-1,105068.7,105258.19999999997,189.4999999999709,2273.9999999996508,sl,1235.0,-0.29456869999997093,0.1050687,5.0,ifvg_clean,0.001,-0.39963739999997094
2025-11,widen_only_tp_2x,73,818823,818823,1,105345.05,105344.5656739812,0.48432601880877457,4.843260188087745,sl,0.0,-0.10582937601880632,0.10534505000000001,5.0,ifvg,0.001,-0.21117442601880632
2025-11,widen_only_tp_2x,74,818823,818823,1,105360.5,105359.53134796239,0.9686520376175491,9.68652037617549,sl,0.0,-0.10632915203761263,0.10536050000000001,5.0,ifvg,0.001,-0.21168965203761264
2025-11,widen_only_tp_2x,75,818823,818847,-1,105336.7,105361.0,154.4999999999709,1853.9999999996508,inv,24.0,-0.1296367000000029,0.10533669999999999,5.0,ifvg_clean,0.001,-0.23497340000000289
2025-11,widen_only_tp_2x,76,818936,818936,1,105329.6,105330.6,0.1,1.0,tp,0.0,-0.10432960000000001,0.10532960000000001,5.0,ifvg,0.001,-0.20965920000000002
2025-11,widen_only_tp_2x,77,813686,819450,-1,104936.4,105548.39999999997,611.9999999999709,7343.999999999651,sl,5827.0,-0.7169363999999709,0.1049364,5.0,ifvg_clean,0.001,-0.821872799999971
2025-11,widen_only_tp_2x,78,835871,835871,-1,105477.85,105478.34381953029,0.4938195302842123,4.938195302842123,inv,0.0,-0.10597166953028206,0.10547785000000001,5.0,ifvg,0.001,-0.21144951953028207
2025-11,widen_only_tp_2x,79,835871,835871,-1,105437.9,105438.88763906056,0.9876390605686045,9.876390605686044,sl,0.0,-0.10642553906056411,0.1054379,5.0,ifvg,0.001,-0.2118634390605641
2025-11,widen_only_tp_2x,80,836054,836054,-1,105517.8,105517.90000000001,0.1,1.0,inv,0.0,-0.10561780000000583,0.10551780000000001,5.0,ifvg,0.001,-0.21113560000000584
2025-11,widen_only_tp_2x,81,837374,837374,1,105825.1,105824.13003003004,0.9699699699699726,9.699699699699726,sl,0.0,-0.10679506996997042,0.1058251,5.0,ifvg,0.001,-0.2126201699699704
2025-11,widen_only_tp_2x,82,837374,837377,-1,105813.4,105825.6,161.50000000001455,1938.0000000001746,inv,3.0,-0.11801340000001165,0.1058134,5.0,ifvg_clean,0.001,-0.22382680000001165
2025-11,widen_only_tp_2x,83,837392,837392,1,105808.95000000001,105808.46501501503,0.4849849849852048,4.849849849852048,sl,0.0,-0.10629393498498521,0.10580895000000001,5.0,ifvg,0.001,-0.21210288498498522
2025-11,widen_only_tp_2x,84,837403,837403,1,105792.8,105793.8,0.1,1.0,tp,0.0,-0.1047928,0.1057928,5.0,ifvg,0.001,-0.2105856
2025-11,widen_only_tp_2x,85,849676,849676,1,106018.15,106017.66246882793,0.4875311720696413,4.875311720696413,inv,0.0,-0.10650568117206796,0.10601814999999999,5.0,ifvg,0.001,-0.21252383117206797
2025-11,widen_only_tp_2x,86,849676,849676,1,106037.7,106036.72493765586,0.9750623441396454,9.750623441396455,sl,0.0,-0.10701276234413595,0.1060377,5.0,ifvg,0.001,-0.21305046234413594
2025-11,widen_only_tp_2x,87,849711,849711,1,105998.6,105998.5,0.1,1.0,inv,0.0,-0.10609860000000583,0.10599860000000001,5.0,ifvg,0.001,-0.21209720000000584
2025-11,widen_only_tp_2x,88,849676,850156,-1,106003.3,106198.79999999996,195.49999999995634,2345.999999999476,sl,486.0,-0.30150329999995634,0.10600330000000001,5.0,ifvg_clean,0.001,-0.40750659999995636
2025-11,widen_only_tp_2x,89,854133,854138,-1,106781.6,106782.59162479063,0.9916247906197652,9.916247906197652,sl,5.0,-0.10777322479062217,0.10678160000000002,5.0,fvg,0.001,-0.21455482479062218
2025-11,widen_only_tp_2x,90,854544,854544,-1,106559.95,106560.44381953028,0.4938195302843012,4.938195302843012,inv,0.0,-0.10705376953028205,0.10655995,5.0,ifvg,0.001,-0.21361371953028205
2025-11,widen_only_tp_2x,91,854544,854544,-1,106520.0,106520.98763906056,0.9876390605686024,9.876390605686025,sl,0.0,-0.10750763906056411,0.10652,5.0,ifvg,0.001,-0.2140276390605641
2025-11,widen_only_tp_2x,92,854624,854624,-1,106599.9,106600.0,0.1,1.0,inv,0.0,-0.10669990000000582,0.1065999,5.0,ifvg,0.001,-0.2132998000000058
2025-11,widen_only_tp_2x,93,855941,855941,-1,106400.95,106401.43567335243,0.4856733524355277,4.856733524355278,sl,0.0,-0.10688662335243569,0.10640095,5.0,ifvg,0.001,-0.2132875733524357
2025-11,widen_only_tp_2x,94,855941,855941,-1,106384.0,106384.97134670487,0.9713467048710555,9.713467048710555,sl,0.0,-0.1073553467048714,0.106384,5.0,ifvg,0.001,-0.2137393467048714
2025-11,widen_only_tp_2x,95,855942,855942,-1,106417.9,106416.9,0.1,1.0,tp,0.0,-0.10541790000000001,0.10641790000000001,5.0,ifvg,0.001,-0.21183580000000002
2025-11,widen_only_tp_2x,96,855941,856152,1,106414.9,106383.5,169.4999999999709,2033.9999999996508,inv,212.0,-0.1378148999999942,0.1064149,5.0,ifvg_clean,0.001,-0.2442297999999942
2025-11,widen_only_tp_2x,97,854544,856487,1,106576.3,106176.80000000003,399.4999999999709,4793.999999999651,sl,1971.0,-0.5060762999999708,0.1065763,5.0,ifvg_clean,0.001,-0.6126525999999708
2025-11,widen_only_tp_2x,98,835871,860263,1,105512.7,105113.19999999995,399.50000000004366,4794.000000000524,sl,24783.0,-0.5050127000000436,0.1055127,5.0,ifvg_clean,0.001,-0.6105254000000436
2025-11,widen_only_tp_2x,99,861070,861070,1,105415.95000000001,105415.46199040768,0.4880095923263127,4.880095923263127,inv,0.0,-0.10590395959232904,0.10541595000000001,5.0,ifvg,0.001,-0.21131990959232905
2025-11,widen_only_tp_2x,100,861070,861070,1,105436.3,105435.32398081534,0.9760191846522764,9.760191846522764,sl,0.0,-0.10641231918465809,0.10543630000000001,5.0,ifvg,0.001,-0.21184861918465808
2025-11,widen_only_tp_2x,101,861287,861287,1,105395.6,105395.5,0.1,1.0,inv,0.0,-0.10549560000000582,0.1053956,5.0,ifvg,0.001,-0.21089120000000583
2025-11,widen_only_tp_2x,102,880992,880992,-1,105288.05,105288.53687664043,0.4868766404199495,4.868766404199495,inv,0.0,-0.10577492664042518,0.10528805,5.0,ifvg,0.001,-0.21106297664042517
2025-11,widen_only_tp_2x,103,880992,880992,-1,105269.5,105270.47375328084,0.973753280839899,9.73753280839899,sl,0.0,-0.10624325328083582,0.10526950000000002,5.0,ifvg,0.001,-0.21151275328083585
2025-11,widen_only_tp_2x,104,881080,881080,-1,105306.6,105306.70000000001,0.1,1.0,inv,0.0,-0.10540660000000582,0.1053066,5.0,ifvg,0.001,-0.21071320000000582
2025-11,widen_only_tp_2x,105,880992,883664,1,105304.8,105119.29999999997,185.5000000000291,2226.0000000003492,sl,2727.0,-0.2908048000000291,0.1053048,5.0,ifvg_clean,0.001,-0.39610960000002915
2025-11,widen_only_tp_2x,106,887934,887934,-1,104626.1,104627.08664886517,0.986648865153537,9.86648865153537,sl,0.0,-0.10561274886516055,0.10462610000000001,5.0,fvg,0.001,-0.21023884886516056
2025-11,widen_only_tp_2x,107,888288,888288,-1,104663.05,104663.54332443258,0.4933244325767685,4.933244325767685,sl,0.0,-0.10515637443258027,0.10466305000000001,5.0,fvg,0.001,-0.20981942443258028
2025-11,widen_only_tp_2x,108,895014,895014,1,104414.1,104413.122172949,0.9778270509977857,9.778270509977856,sl,0.0,-0.10539192705099963,0.10441410000000001,5.0,fvg,0.001,-0.20980602705099965
2025-11,widen_only_tp_2x,109,895017,895017,1,104392.05,104396.93913525499,0.48891352549889283,4.889135254988928,tp,0.0,-0.09950291474501646,0.10439205000000001,5.0,fvg,0.001,-0.20389496474501648
2025-11,widen_only_tp_2x,110,895062,895062,1,104370.0,104371.0,0.1,1.0,tp,0.0,-0.10337,0.10437,5.0,fvg,0.001,-0.20774
2025-11,widen_only_tp_2x,111,861070,904593,-1,105406.6,102964.60000000018,203.49999999998545,2441.9999999998254,tp,43915.0,2.336593399999826,0.10540660000000002,5.0,ifvg_clean,0.001,2.2311867999998256
2025-11,widen_only_tp_2x,112,957972,957972,1,104013.1,104012.11584786055,0.9841521394611741,9.84152139461174,sl,0.0,-0.10499725213945556,0.10401310000000001,5.0,fvg,0.001,-0.20901035213945557
2025-11,widen_only_tp_2x,113,958112,958112,1,103982.05,103981.55792393028,0.49207606973058704,4.92076069730587,sl,0.0,-0.10447412606972778,0.10398205,5.0,fvg,0.001,-0.20845617606972777
2025-11,widen_only_tp_2x,114,958120,958120,1,103951.0,103952.0,0.1,1.0,tp,0.0,-0.10295100000000001,0.10395100000000002,5.0,fvg,0.001,-0.20690200000000003
2025-11,widen_only_tp_2x,115,959640,959640,1,104260.0,104259.02915451895,0.9708454810495651,9.70845481049565,sl,0.0,-0.10523084548104614,0.10426,5.0,fvg,0.001,-0.20949084548104613
2025-11,widen_only_tp_2x,116,962181,962181,-1,104503.2,104504.18850574712,0.9885057471264368,9.885057471264368,sl,0.0,-0.10549170574712559,0.10450319999999999,5.0,fvg,0.001,-0.2099949057471256
2025-11,widen_only_tp_2x,117,962826,962826,-1,104546.2,104541.25747126437,0.4942528735632184,4.942528735632184,tp,0.0,-0.099603671264372,0.1045462,5.0,fvg,0.001,-0.204149871264372
2025-11,widen_only_tp_2x,118,962842,962842,-1,104589.2,104588.2,0.1,1.0,tp,0.0,-0.1035892,0.10458920000000001,5.0,fvg,0.001,-0.2081784
2025-11,widen_only_tp_2x,119,965616,965616,-1,104796.3,104796.79579831933,0.49579831932773105,4.95798319327731,inv,0.0,-0.1052920983193308,0.10479630000000001,5.0,ifvg,0.001,-0.2100883983193308
2025-11,widen_only_tp_2x,120,965616,965616,-1,104737.3,104738.29159663866,0.9915966386554621,9.91596638655462,sl,0.0,-0.10572889663866158,0.1047373,5.0,ifvg,0.001,-0.2104661966386616
2025-11,widen_only_tp_2x,121,965959,965959,-1,104855.3,104855.40000000001,0.1,1.0,inv,0.0,-0.10495530000000582,0.1048553,5.0,ifvg,0.001,-0.20981060000000581
2025-11,widen_only_tp_2x,122,965616,980001,1,104850.1,104260.1,590.0,7080.0,sl,14391.0,-0.6948501,0.10485010000000002,5.0,ifvg_clean,0.001,-0.7997002000000001
2025-11,widen_only_tp_2x,123,992020,992020,1,101625.35,101624.87164502165,0.4783549783552851,4.783549783552851,sl,0.0,-0.1021037049783606,0.10162535000000002,5.0,ifvg,0.001,-0.20372905497836064
2025-11,widen_only_tp_2x,124,992020,992020,1,101636.4,101635.44329004329,0.9567099567099403,9.567099567099403,sl,0.0,-0.10259310995670662,0.1016364,5.0,ifvg,0.001,-0.20422950995670663
2025-11,widen_only_tp_2x,125,992021,992021,1,101614.3,101615.3,0.1,1.0,tp,0.0,-0.1006143,0.1016143,5.0,ifvg,0.001,-0.2022286
2025-11,widen_only_tp_2x,126,992020,992445,-1,101624.8,101636.9,110.49999999995634,1325.9999999994761,inv,428.0,-0.11372479999999129,0.10162480000000002,5.0,ifvg_clean,0.001,-0.21534959999999131
2025-11,widen_only_tp_2x,127,1000090,1000090,1,101482.0,101481.9,0.1,1.0,sl,0.0,-0.10158200000000582,0.101482,5.0,ifvg,0.001,-0.20306400000000582
2025-11,widen_only_tp_2x,128,1000090,1000090,1,101521.7,101521.20621890547,0.49378109452736274,4.937810945273627,sl,0.0,-0.10201548109452663,0.10152169999999999,5.0,ifvg,0.001,-0.20353718109452662
2025-11,widen_only_tp_2x,129,1000090,1000090,1,101561.4,101560.41243781094,0.9875621890547255,9.875621890547254,sl,0.0,-0.10254896218905328,0.1015614,5.0,ifvg,0.001,-0.20411036218905326
2025-11,widen_only_tp_2x,130,1000090,1000230,-1,101482.0,101561.9,396.9999999999709,4763.999999999651,inv,140.0,-0.1813819999999942,0.101482,5.0,ifvg_clean,0.001,-0.2828639999999942
2025-11,widen_only_tp_2x,131,1066641,1066641,-1,102446.2,102446.3,0.1,1.0,inv,0.0,-0.10254620000000582,0.1024462,5.0,ifvg,0.001,-0.20499240000000582
2025-11,widen_only_tp_2x,132,1066641,1066641,-1,102345.5,102345.99752964427,0.49752964426877466,4.975296442687746,sl,0.0,-0.10284302964427171,0.1023455,5.0,ifvg,0.001,-0.2051885296442717
2025-11,widen_only_tp_2x,133,1066641,1066641,-1,102244.8,102245.79505928855,0.9950592885375493,9.950592885375492,sl,0.0,-0.10323985928854343,0.10224480000000001,5.0,ifvg,0.001,-0.20548465928854343
2025-11,widen_only_tp_2x,134,1066913,1066913,1,102491.45000000001,102490.96706484642,0.48293515358386774,4.829351535838677,sl,0.0,-0.1029743851535882,0.10249145000000001,5.0,ifvg,0.001,-0.2054658351535882
2025-11,widen_only_tp_2x,135,1066913,1066913,1,102505.6,102504.63412969284,0.9658703071672389,9.658703071672388,sl,0.0,-0.10347147030716182,0.1025056,5.0,ifvg,0.001,-0.20597707030716184
2025-11,widen_only_tp_2x,136,1066919,1066919,1,102477.3,102478.3,0.1,1.0,tp,0.0,-0.1014773,0.10247730000000001,5.0,ifvg,0.001,-0.2039546
2025-11,widen_only_tp_2x,137,1066913,1066922,-1,102478.0,102506.1,141.50000000001455,1698.0000000001746,inv,9.0,-0.13057800000000583,0.10247800000000001,5.0,ifvg_clean,0.001,-0.23305600000000584
2025-11,widen_only_tp_2x,138,1067252,1067252,1,102595.1,102594.11543209877,0.9845679012345686,9.845679012345686,sl,0.0,-0.10357966790123602,0.10259510000000001,5.0,fvg,0.001,-0.206174767901236
2025-11,widen_only_tp_2x,139,1067267,1067267,1,102563.20000000001,102562.7077160494,0.4922839506173966,4.9228395061739665,sl,0.0,-0.103055483950618,0.10256320000000001,5.0,fvg,0.001,-0.205618683950618
2025-11,widen_only_tp_2x,140,1067300,1067300,1,102531.3,102532.3,0.1,1.0,tp,0.0,-0.1015313,0.1025313,5.0,fvg,0.001,-0.2040626
2025-11,widen_only_tp_2x,141,1068283,1068283,-1,101931.55,101932.04219968799,0.49219968798752023,4.921996879875202,sl,0.0,-0.10242374968798572,0.10193155000000001,5.0,fvg,0.001,-0.20435529968798571
2025-11,widen_only_tp_2x,142,1068283,1068283,-1,101900.0,101900.98439937597,0.9843993759750405,9.843993759750404,sl,0.0,-0.10288439937597141,0.1019,5.0,fvg,0.001,-0.20478439937597143
2025-11,widen_only_tp_2x,143,1068355,1068355,-1,101963.1,101962.1,0.1,1.0,tp,0.0,-0.10096310000000001,0.10196310000000001,5.0,fvg,0.001,-0.20292620000000003
2025-11,widen_only_tp_2x,144,1068622,1068622,1,101845.7,101845.15828313252,0.5417168674698788,5.90963855421686,inv,0.0,-0.10238741686747577,0.1018457,5.0,ifvg,0.001,-0.20423311686747575
2025-11,widen_only_tp_2x,145,1068622,1068622,1,101878.4,101877.31656626506,1.0834337349397576,11.81927710843372,sl,0.0,-0.102961833734937,0.10187840000000001,5.0,ifvg,0.001,-0.204840233734937
2025-11,widen_only_tp_2x,146,1068626,1068626,1,101813.0,101812.89,0.11000000000000001,1.2000000000000002,inv,0.0,-0.10192300000000058,0.101813,5.0,ifvg,0.001,-0.20373600000000058
2025-11,widen_only_tp_2x,147,1066641,1068936,1,102446.1,101439.10000000003,1006.9999999999709,12083.99999999965,sl,2295.0,-1.109446099999971,0.1024461,5.0,ifvg_clean,0.001,-1.211892199999971
2025-11,widen_only_tp_2x,148,1071754,1071754,1,101002.70000000001,101002.21358695654,0.48641304347845965,4.864130434784596,inv,0.0,-0.10148911304347258,0.10100270000000001,5.0,ifvg,0.001,-0.20249181304347258
2025-11,widen_only_tp_2x,149,1071754,1071754,1,101020.6,101019.62717391305,0.972826086956524,9.72826086956524,sl,0.0,-0.10199342608695969,0.1010206,5.0,ifvg,0.001,-0.20301402608695968
2025-11,widen_only_tp_2x,150,1071764,1071764,1,100984.8,100984.7,0.1,1.0,inv,0.0,-0.10108480000000583,0.10098480000000001,5.0,ifvg,0.001,-0.20206960000000584
2025-11,widen_only_tp_2x,151,1071754,1071844,-1,100996.8,101175.80000000002,179.00000000001455,2148.0000000001746,sl,90.0,-0.2799968000000146,0.10099680000000001,5.0,ifvg_clean,0.001,-0.3809936000000146
2025-11,widen_only_tp_2x,152,1073080,1073080,1,100807.05,100806.55945179584,0.4905482041587892,4.9054820415878915,inv,0.0,-0.10129759820416497,0.10080705000000001,5.0,ifvg,0.001,-0.20210464820416496
2025-11,widen_only_tp_2x,153,1073080,1073080,1,100833.0,100832.01890359168,0.9810964083175784,9.810964083175783,sl,0.0,-0.10181409640831536,0.100833,5.0,ifvg,0.001,-0.20264709640831535
2025-11,widen_only_tp_2x,154,1073083,1073083,1,100781.1,100781.0,0.1,1.0,inv,0.0,-0.10088110000000583,0.10078110000000001,5.0,ifvg,0.001,-0.20166220000000584
2025-11,widen_only_tp_2x,155,1075304,1075304,1,100433.95000000001,100433.47304147466,0.4769585253459543,4.769585253459542,inv,0.0,-0.10091090852535253,0.10043395000000001,5.0,ifvg,0.001,-0.20134485852535255
2025-11,widen_only_tp_2x,156,1075304,1075304,1,100444.3,100443.34608294931,0.953917050691238,9.53917050691238,sl,0.0,-0.1013982170506905,0.1004443,5.0,ifvg,0.001,-0.2018425170506905
2025-11,widen_only_tp_2x,157,1075319,1075319,1,100423.6,100423.5,0.1,1.0,inv,0.0,-0.10052360000000583,0.10042360000000002,5.0,ifvg,0.001,-0.20094720000000585
2025-11,widen_only_tp_2x,158,1075345,1075345,1,100372.8,100371.81869158879,0.9813084112149532,9.813084112149532,sl,0.0,-0.10135410841121019,0.1003728,5.0,fvg,0.001,-0.2017269084112102
2025-11,widen_only_tp_2x,159,1075373,1075373,1,100346.55,100351.45654205608,0.4906542056074766,4.906542056074766,tp,0.0,-0.09544000794391994,0.10034655,5.0,fvg,0.001,-0.19578655794391994
2025-11,widen_only_tp_2x,160,1075483,1075483,1,100320.3,100321.3,0.1,1.0,tp,0.0,-0.0993203,0.1003203,5.0,fvg,0.001,-0.1996406
2025-11,widen_only_tp_2x,161,1076622,1076622,-1,99901.6,99902.58708010336,0.9870801033591722,9.870801033591722,sl,0.0,-0.10088868010335396,0.09990160000000001,5.0,fvg,0.001,-0.20079028010335398
2025-11,widen_only_tp_2x,162,1076631,1076631,1,99870.0,99869.9,0.1,1.0,inv,0.0,-0.09997000000000582,0.09987,5.0,ifvg,0.001,-0.19984000000000582
2025-11,widen_only_tp_2x,163,1076631,1076631,1,99882.9,99882.41865671641,0.48134328358182016,4.813432835818202,sl,0.0,-0.10036424328357992,0.0998829,5.0,ifvg,0.001,-0.2002471432835799
2025-11,widen_only_tp_2x,164,1076631,1076631,1,99895.8,99894.83731343284,0.9626865671641832,9.626865671641832,sl,0.0,-0.10085848656715984,0.0998958,5.0,ifvg,0.001,-0.20075428656715985
2025-11,widen_only_tp_2x,165,1075304,1077989,-1,100431.3,99189.30000000018,103.49999999998545,1241.9999999998254,tp,2686.0,1.1415686999998254,0.10043130000000002,5.0,ifvg_clean,0.001,1.0411373999998252
2025-11,widen_only_tp_2x,166,1076631,1079199,-1,99881.3,98333.29999999983,129.00000000001455,1548.0000000001746,tp,2568.0,1.4481187000001745,0.0998813,5.0,ifvg_clean,0.001,1.3482374000001744
2025-11,widen_only_tp_2x,167,1083578,1083578,1,98712.2,98711.24329004329,0.9567099567099403,9.567099567099403,sl,0.0,-0.09966890995670662,0.0987122,5.0,ifvg,0.001,-0.1983811099567066
2025-11,widen_only_tp_2x,168,1083578,1083578,-1,98707.8,98712.7,110.49999999995634,1325.9999999994761,inv,0.0,-0.10360779999999419,0.09870780000000001,5.0,ifvg_clean,0.001,-0.2023155999999942
2025-11,widen_only_tp_2x,169,1083584,1083584,1,98701.15,98705.93354978354,0.4783549783546552,4.783549783546552,tp,0.0,-0.09391760021645236,0.09870115,5.0,ifvg,0.001,-0.19261875021645236
2025-11,widen_only_tp_2x,170,1083619,1083619,1,98690.1,98691.1,0.1,1.0,tp,0.0,-0.0976901,0.0986901,5.0,ifvg,0.001,-0.1963802
2025-11,widen_only_tp_2x,171,1086945,1086945,-1,98499.45000000001,98499.94085923219,0.4908592321753692,4.908592321753692,sl,0.0,-0.09899030923217356,0.09849945000000002,5.0,ifvg,0.001,-0.19748975923217357
2025-11,widen_only_tp_2x,172,1086945,1086945,-1,98472.6,98473.58171846435,0.9817184643510045,9.817184643510044,sl,0.0,-0.09945431846434709,0.09847260000000002,5.0,ifvg,0.001,-0.19792691846434712
2025-11,widen_only_tp_2x,173,1086945,1086950,1,98524.0,98472.1,268.49999999998545,3221.9999999998254,inv,5.0,-0.15042399999999417,0.098524,5.0,ifvg_clean,0.001,-0.24894799999999417
2025-11,widen_only_tp_2x,174,1086997,1086997,-1,98526.3,98525.3,0.1,1.0,tp,0.0,-0.09752630000000001,0.09852630000000001,5.0,ifvg,0.001,-0.19605260000000002
2025-11,widen_only_tp_2x,175,1088159,1088159,1,98380.0,98379.02169197398,0.9783080260303716,9.783080260303716,inv,0.0,-0.09935830802602402,0.09838,5.0,ifvg,0.001,-0.19773830802602402
2025-11,widen_only_tp_2x,176,1088196,1088196,1,98357.45,98356.96084598698,0.4891540130151858,4.891540130151858,inv,0.0,-0.09884660401301928,0.09835745,5.0,ifvg,0.001,-0.19720405401301927
2025-11,widen_only_tp_2x,177,1088197,1088197,1,98334.9,98334.79999999999,0.1,1.0,inv,0.0,-0.0984349000000058,0.09833489999999999,5.0,ifvg,0.001,-0.1967698000000058
2025-11,widen_only_tp_2x,178,1088159,1088321,-1,98363.1,98588.60000000003,225.5000000000291,2706.0000000003492,sl,162.0,-0.32386310000002916,0.09836310000000001,5.0,ifvg_clean,0.001,-0.4222262000000292
2025-11,widen_only_tp_2x,179,1095191,1095191,-1,99598.95,99599.44276410998,0.49276410998552883,4.927641099855288,inv,0.0,-0.10009171410997846,0.09959895,5.0,ifvg,0.001,-0.19969066410997846
2025-11,widen_only_tp_2x,180,1095191,1095191,-1,99564.9,99565.88552821997,0.9855282199710577,9.855282199710576,sl,0.0,-0.10055042821997145,0.0995649,5.0,ifvg,0.001,-0.20011532821997147
2025-11,widen_only_tp_2x,181,1095235,1095235,-1,99633.0,99633.1,0.1,1.0,inv,0.0,-0.09973300000000582,0.099633,5.0,ifvg,0.001,-0.19936600000000582
2025-11,widen_only_tp_2x,182,1095191,1098941,1,99617.7,99277.19999999997,340.5000000000291,4086.0000000003492,sl,3751.0,-0.44011770000002914,0.0996177,5.0,ifvg_clean,0.001,-0.5397354000000292
2025-11,widen_only_tp_2x,183,1105163,1105163,-1,99400.0,99400.1,0.1,1.0,inv,0.0,-0.09950000000000582,0.0994,5.0,ifvg,0.001,-0.19890000000000582
2025-11,widen_only_tp_2x,184,1105163,1105163,-1,99378.0,99378.48888888888,0.48888888888888893,4.888888888888889,sl,0.0,-0.09986688888888179,0.09937800000000001,5.0,ifvg,0.001,-0.1992448888888818
2025-11,widen_only_tp_2x,185,1105163,1105163,-1,99356.0,99356.97777777778,0.9777777777777779,9.777777777777779,sl,0.0,-0.10033377777777812,0.09935600000000001,5.0,ifvg,0.001,-0.19968977777777813
2025-11,widen_only_tp_2x,186,1105163,1105293,1,99397.1,99177.1,220.0,2640.0,sl,132.0,-0.3193971,0.09939710000000002,5.0,ifvg_clean,0.001,-0.4187942
2025-11,widen_only_tp_2x,187,1106082,1106082,-1,99537.0,99537.1,0.1,1.0,inv,0.0,-0.09963700000000583,0.09953700000000001,5.0,ifvg,0.001,-0.19917400000000585
2025-11,widen_only_tp_2x,188,1106082,1106082,-1,99520.4,99520.88538011695,0.48538011695927585,4.853801169592758,sl,0.0,-0.10000578011695199,0.0995204,5.0,ifvg,0.001,-0.199526180116952
2025-11,widen_only_tp_2x,189,1106082,1106082,-1,99503.8,99504.77076023392,0.9707602339181262,9.707602339181262,sl,0.0,-0.10047456023391856,0.0995038,5.0,ifvg,0.001,-0.19997836023391857
2025-11,widen_only_tp_2x,190,1106082,1106189,1,99539.8,99373.80000000002,165.99999999998545,1991.9999999998254,sl,108.0,-0.26553979999998545,0.0995398,5.0,ifvg_clean,0.001,-0.36507959999998546
2025-11,widen_only_tp_2x,191,1109709,1109709,1,99306.75,99306.25917431193,0.49082568807339455,4.908256880733946,inv,0.0,-0.09979757568807354,0.09930675000000001,5.0,ifvg,0.001,-0.19910432568807357
2025-11,widen_only_tp_2x,192,1109709,1109709,1,99333.5,99332.51834862385,0.9816513761467891,9.816513761467892,sl,0.0,-0.10031515137614706,0.0993335,5.0,ifvg,0.001,-0.19964865137614707
2025-11,widen_only_tp_2x,193,1109717,1109717,1,99280.0,99281.0,0.1,1.0,tp,0.0,-0.09828,0.09928000000000001,5.0,ifvg,0.001,-0.19756
2025-11,widen_only_tp_2x,194,1112899,1112899,1,99116.6,99116.12293577981,0.47706422018382305,4.77064220183823,inv,0.0,-0.09959366422019111,0.09911660000000001,5.0,ifvg,0.001,-0.1987102642201911
2025-11,widen_only_tp_2x,195,1112899,1112899,1,99127.0,99126.04587155963,0.9541284403669786,9.541284403669787,sl,0.0,-0.10008112844036764,0.09912699999999999,5.0,ifvg,0.001,-0.19920812844036762
2025-11,widen_only_tp_2x,196,1112902,1112902,1,99106.2,99106.09999999999,0.1,1.0,inv,0.0,-0.09920620000000582,0.0991062,5.0,ifvg,0.001,-0.19831240000000583
2025-11,widen_only_tp_2x,197,1068622,1114905,-1,101815.5,97891.50000000035,326.9999999999709,3923.9999999996508,tp,46446.0,3.822184499999651,0.1018155,5.0,ifvg_clean,0.001,3.720368999999651
2025-11,widen_only_tp_2x,198,1112899,1114907,-1,99106.9,97858.89999999982,104.00000000001455,1248.0000000001746,tp,2025.0,1.1488931000001747,0.0991069,5.0,ifvg_clean,0.001,1.0497862000001748
2025-11,widen_only_tp_2x,199,1073080,1114911,-1,100791.8,97677.80000000035,259.4999999999709,3113.9999999996508,tp,41994.0,3.0132081999996507,0.10079180000000001,5.0,ifvg_clean,0.001,2.9124163999996506
2025-11,widen_only_tp_2x,200,1115590,1115590,1,97818.3,97818.2,0.1,1.0,inv,0.0,-0.09791830000000583,0.09781830000000001,5.0,ifvg,0.001,-0.19573660000000584
2025-11,widen_only_tp_2x,201,1115590,1115590,1,97856.75,97856.25641848524,0.49358151476251555,4.9358151476251555,sl,0.0,-0.09835033151476191,0.09785675,5.0,ifvg,0.001,-0.1962070815147619
2025-11,widen_only_tp_2x,202,1115590,1115590,1,97895.2,97894.21283697047,0.9871630295250311,9.871630295250311,sl,0.0,-0.0988823630295238,0.0978952,5.0,ifvg,0.001,-0.19677756302952382
2025-11,widen_only_tp_2x,203,1109709,1122925,-1,99283.8,96073.8,267.5,3210.0,tp,13283.0,3.1107162,0.0992838,5.0,ifvg_clean,0.001,3.0114324000000003
2025-11,widen_only_tp_2x,204,1132470,1132470,1,97098.95,97098.45959692898,0.49040307101727554,4.904030710172755,sl,0.0,-0.09758935307101678,0.09709895,5.0,ifvg,0.001,-0.19468830307101678
2025-11,widen_only_tp_2x,205,1132470,1132470,1,97124.5,97123.51919385797,0.9808061420345511,9.80806142034551,sl,0.0,-0.09810530614203354,0.0971245,5.0,ifvg,0.001,-0.19522980614203356
2025-11,widen_only_tp_2x,206,1132474,1132474,1,97073.4,97074.4,0.1,1.0,tp,0.0,-0.09607339999999999,0.09707339999999999,5.0,ifvg,0.001,-0.19314679999999998
2025-11,widen_only_tp_2x,207,1132470,1132560,-1,97077.4,97125.0,255.5000000000291,3066.0000000003492,inv,90.0,-0.1446774000000058,0.0970774,5.0,ifvg_clean,0.001,-0.24175480000000582
2025-11,widen_only_tp_2x,208,1133022,1133022,-1,96893.3,96893.79007936508,0.49007936507936395,4.90079365079364,sl,0.0,-0.09738337936507407,0.09689330000000002,5.0,ifvg,0.001,-0.1942766793650741
2025-11,widen_only_tp_2x,209,1133022,1133022,-1,96868.6,96869.58015873017,0.9801587301587279,9.80158730158728,sl,0.0,-0.09784875873016267,0.09686860000000001,5.0,ifvg,0.001,-0.1947173587301627
2025-11,widen_only_tp_2x,210,1133022,1133024,1,96901.7,96868.1,246.9999999999709,2963.9999999996508,inv,2.0,-0.13050169999999128,0.09690170000000001,5.0,ifvg_clean,0.001,-0.2274033999999913
2025-11,widen_only_tp_2x,211,1133153,1133153,-1,96918.0,96917.0,0.1,1.0,tp,0.0,-0.095918,0.096918,5.0,ifvg,0.001,-0.192836
2025-11,widen_only_tp_2x,212,1139444,1139444,1,96625.0,96624.9,0.1,1.0,inv,0.0,-0.09672500000000582,0.096625,5.0,ifvg,0.001,-0.19335000000000582
2025-11,widen_only_tp_2x,213,1139444,1139444,1,96636.45,96635.97092050209,0.4790794979079447,4.790794979079447,sl,0.0,-0.09711552949790533,0.09663645,5.0,ifvg,0.001,-0.19375197949790535
2025-11,widen_only_tp_2x,214,1139444,1139444,1,96647.9,96646.94184100418,0.9581589958158894,9.581589958158894,sl,0.0,-0.09760605899581065,0.0966479,5.0,ifvg,0.001,-0.19425395899581066
2025-11,widen_only_tp_2x,215,1139444,1143616,-1,96622.3,95248.30000000035,114.4999999999709,1373.9999999996508,tp,4172.0,1.277377699999651,0.09662230000000001,5.0,ifvg_clean,0.001,1.180755399999651
2025-11,widen_only_tp_2x,216,1158467,1158467,1,97173.5,97173.4,0.1,1.0,sl,0.0,-0.09727350000000583,0.09717350000000001,5.0,ifvg,0.001,-0.19444700000000584
2025-11,widen_only_tp_2x,217,1158467,1158467,1,97187.6,97187.11712328768,0.4828767123290146,4.828767123290146,sl,0.0,-0.09767047671232537,0.0971876,5.0,ifvg,0.001,-0.19485807671232536
2025-11,widen_only_tp_2x,218,1158467,1158467,1,97201.7,97200.73424657535,0.9657534246575308,9.657534246575308,sl,0.0,-0.09816745342465076,0.0972017,5.0,ifvg,0.001,-0.19536915342465078
2025-11,widen_only_tp_2x,219,1158467,1158962,-1,97165.0,97202.2,140.99999999998545,1691.9999999998254,inv,496.0,-0.1343649999999971,0.097165,5.0,ifvg_clean,0.001,-0.2315299999999971
2025-11,widen_only_tp_2x,220,1239419,1239419,1,96339.7,96339.21050420168,0.489495798319329,4.89495798319329,sl,0.0,-0.0968291957983197,0.0963397,5.0,ifvg,0.001,-0.1931688957983197
2025-11,widen_only_tp_2x,221,1239419,1239419,1,96363.0,96362.02100840336,0.978991596638658,9.78991596638658,sl,0.0,-0.0973419915966394,0.096363,5.0,ifvg,0.001,-0.1937049915966394
2025-11,widen_only_tp_2x,222,1239425,1239425,1,96316.4,96317.4,0.1,1.0,tp,0.0,-0.09531640000000001,0.09631640000000001,5.0,ifvg,0.001,-0.19163280000000002
2025-11,widen_only_tp_2x,223,1295285,1295285,1,95999.3,95998.80448028674,0.495519713261649,4.95519713261649,sl,0.0,-0.09649481971326583,0.09599930000000001,5.0,ifvg,0.001,-0.19249411971326585
2025-11,widen_only_tp_2x,224,1295285,1295285,1,96054.6,96053.60896057349,0.991039426523298,9.91039426523298,sl,0.0,-0.09704563942651709,0.0960546,5.0,ifvg,0.001,-0.1931002394265171
2025-11,widen_only_tp_2x,225,1295385,1295385,1,95944.0,95945.0,0.1,1.0,tp,0.0,-0.094944,0.095944,5.0,ifvg,0.001,-0.190888
2025-11,widen_only_tp_2x,226,1295285,1298192,-1,95949.0,96055.1,553.0000000000291,6636.000000000349,inv,3017.0,-0.20204900000000584,0.095949,5.0,ifvg_clean,0.001,-0.29799800000000587
2025-11,widen_only_tp_2x,227,1239419,1301378,-1,96324.4,96363.5,233.0000000000291,2796.0000000003492,inv,66079.0,-0.13542440000000583,0.0963244,5.0,ifvg_clean,0.001,-0.23174880000000583
2025-11,widen_only_tp_2x,228,1312892,1312892,1,95601.5,95601.4,0.1,1.0,inv,0.0,-0.09570150000000582,0.0956015,5.0,ifvg,0.001,-0.19130300000000583
2025-11,widen_only_tp_2x,229,1312892,1312892,1,95615.1,95614.61773049647,0.48226950354635545,4.822695035463554,sl,0.0,-0.09609736950354002,0.09561510000000001,5.0,ifvg,0.001,-0.19171246950354004
2025-11,widen_only_tp_2x,230,1312892,1312892,1,95628.7,95627.7354609929,0.9645390070921949,9.645390070921948,sl,0.0,-0.09659323900709457,0.0956287,5.0,ifvg,0.001,-0.19222193900709456
2025-11,widen_only_tp_2x,231,1312892,1313005,-1,95592.6,95728.59999999999,135.99999999998545,1631.9999999998254,sl,114.0,-0.23159259999998544,0.0955926,5.0,ifvg_clean,0.001,-0.3271851999999854
2025-11,widen_only_tp_2x,232,1115590,1344338,-1,97835.9,93221.90000000034,384.4999999999709,4613.999999999651,tp,234910.0,4.516164099999651,0.0978359,5.0,ifvg_clean,0.001,4.418328199999651
2025-11,widen_only_tp_2x,233,1354451,1354451,1,94679.7,94679.2096153846,0.4903846153846154,4.903846153846154,sl,0.0,-0.09517008461539021,0.0946797,5.0,ifvg,0.001,-0.1898497846153902
2025-11,widen_only_tp_2x,234,1354451,1354451,1,94705.2,94704.21923076923,0.9807692307692308,9.807692307692308,sl,0.0,-0.09568596923076587,0.0947052,5.0,ifvg,0.001,-0.19039116923076588
2025-11,widen_only_tp_2x,235,1354451,1354462,-1,94659.3,94705.7,255.0,3060.0,inv,11.0,-0.14105929999999417,0.0946593,5.0,ifvg_clean,0.001,-0.23571859999999417
2025-11,widen_only_tp_2x,236,1354537,1354537,-1,94877.7,94877.8,0.1,1.0,inv,0.0,-0.09497770000000583,0.09487770000000001,5.0,ifvg,0.001,-0.18985540000000584
2025-11,widen_only_tp_2x,237,1354537,1354537,-1,94866.04999999999,94866.5294238683,0.4794238683130591,4.794238683130591,sl,0.0,-0.09534547386830981,0.09486605,5.0,ifvg,0.001,-0.1902115238683098
2025-11,widen_only_tp_2x,238,1354537,1354537,-1,94854.4,94855.35884773661,0.9588477366255194,9.588477366255194,sl,0.0,-0.09581324773661964,0.0948544,5.0,ifvg,0.001,-0.19066764773661965
2025-11,widen_only_tp_2x,239,1354537,1358198,1,94882.3,94765.79999999999,116.50000000001455,1398.0000000001746,sl,3713.0,-0.21138230000001457,0.0948823,5.0,ifvg_clean,0.001,-0.30626460000001454
2025-11,widen_only_tp_2x,240,1381472,1381472,1,95751.4,95750.91196172248,0.4880382775117885,4.880382775117885,sl,0.0,-0.09623943827751542,0.09575139999999999,5.0,ifvg,0.001,-0.1919908382775154
2025-11,widen_only_tp_2x,241,1381472,1381472,1,95771.8,95770.82392344497,0.9760765550239251,9.76076555023925,sl,0.0,-0.09674787655503089,0.0957718,5.0,ifvg,0.001,-0.19251967655503088
2025-11,widen_only_tp_2x,242,1381472,1381481,-1,95747.5,95772.3,204.00000000001455,2448.0000000001746,inv,9.0,-0.12054750000000292,0.0957475,5.0,ifvg_clean,0.001,-0.2162950000000029
2025-11,widen_only_tp_2x,243,1381555,1381555,1,95731.0,95732.0,0.1,1.0,tp,0.0,-0.09473100000000001,0.09573100000000001,5.0,ifvg,0.001,-0.19046200000000002
2025-11,widen_only_tp_2x,244,1403745,1403745,-1,95304.2,95304.3,0.1,1.0,inv,0.0,-0.09540420000000581,0.09530419999999999,5.0,ifvg,0.001,-0.1907084000000058
2025-11,widen_only_tp_2x,245,1403745,1403745,-1,95270.75,95271.24263622976,0.49263622974963117,4.926362297496311,sl,0.0,-0.09576338622975561,0.09527075000000002,5.0,ifvg,0.001,-0.19103413622975562
2025-11,widen_only_tp_2x,246,1403745,1403745,-1,95237.3,95238.2852724595,0.9852724594992623,9.852724594992623,sl,0.0,-0.09622257245949664,0.09523730000000001,5.0,ifvg,0.001,-0.19145987245949664
2025-11,widen_only_tp_2x,247,1403745,1403936,1,95304.8,94970.30000000003,334.4999999999709,4013.9999999996508,sl,191.0,-0.4298047999999709,0.09530480000000001,5.0,ifvg_clean,0.001,-0.5251095999999709
2025-11,widen_only_tp_2x,248,1408035,1408035,1,93729.45,93728.95297796307,0.497022036926742,4.9702203692674205,inv,0.0,-0.09422647203692869,0.09372945,5.0,ifvg,0.001,-0.18795592203692868
2025-11,widen_only_tp_2x,249,1408035,1408035,1,93812.9,93811.90595592614,0.994044073853484,9.940440738534841,sl,0.0,-0.09480694407385737,0.0938129,5.0,ifvg,0.001,-0.18861984407385737
2025-11,widen_only_tp_2x,250,1408042,1408042,1,93646.0,93645.9,0.1,1.0,inv,0.0,-0.09374600000000582,0.09364600000000001,5.0,ifvg,0.001,-0.18739200000000583
2025-11,widen_only_tp_2x,251,1411077,1411077,-1,94382.2,94383.18546511627,0.9854651162790704,9.854651162790704,sl,0.0,-0.09536766511627501,0.0943822,5.0,fvg,0.001,-0.189749865116275
2025-11,widen_only_tp_2x,252,1450615,1450615,1,90737.25,90736.76026694046,0.489733059548257,4.89733059548257,inv,0.0,-0.09122698305954133,0.09073725,5.0,ifvg,0.001,-0.18196423305954135
2025-11,widen_only_tp_2x,253,1450615,1450615,1,90761.1,90760.12053388091,0.979466119096514,9.79466119096514,sl,0.0,-0.09174056611909721,0.09076110000000001,5.0,ifvg,0.001,-0.18250166611909724
2025-11,widen_only_tp_2x,254,1450805,1450805,1,90713.4,90713.29999999999,0.1,1.0,inv,0.0,-0.09081340000000582,0.0907134,5.0,ifvg,0.001,-0.18152680000000582
2025-11,widen_only_tp_2x,255,1450615,1466534,-1,90717.1,90955.60000000006,238.5000000000582,2862.0000000006985,sl,15924.0,-0.3292171000000582,0.09071710000000001,5.0,ifvg_clean,0.001,-0.4199342000000582
2025-11,widen_only_tp_2x,256,1496387,1496387,-1,93586.7,93586.8,0.1,1.0,inv,0.0,-0.09368670000000581,0.0935867,5.0,ifvg,0.001,-0.1872734000000058
2025-11,widen_only_tp_2x,257,1496387,1496387,-1,93568.35,93568.83673740053,0.48673740053030995,4.867374005303099,sl,0.0,-0.09405508740052619,0.09356835000000001,5.0,ifvg,0.001,-0.1876234374005262
2025-11,widen_only_tp_2x,258,1496387,1496387,-1,93550.0,93550.97347480107,0.9734748010610059,9.734748010610058,sl,0.0,-0.0945234748010669,0.09355,5.0,ifvg,0.001,-0.1880734748010669
2025-11,widen_only_tp_2x,259,1496387,1496618,1,93583.5,93400.00000000001,183.49999999998545,2201.9999999998254,sl,231.0,-0.27708349999998544,0.0935835,5.0,ifvg_clean,0.001,-0.3706669999999854
2025-11,widen_only_tp_2x,260,1500400,1500400,-1,93285.85,93286.32716894978,0.47716894977136637,4.7716894977136635,sl,0.0,-0.09376301894977204,0.09328585000000002,5.0,ifvg,0.001,-0.18704886894977207
2025-11,widen_only_tp_2x,261,1500400,1500400,-1,93275.4,93276.35433789954,0.9543378995433972,9.543378995433972,sl,0.0,-0.09422973789954404,0.0932754,5.0,ifvg,0.001,-0.18750513789954404
2025-11,widen_only_tp_2x,262,1500400,1500403,1,93290.4,93274.9,104.50000000004366,1254.0000000005239,inv,3.0,-0.1087904,0.0932904,5.0,ifvg_clean,0.001,-0.2020808
2025-11,widen_only_tp_2x,263,1500419,1500419,-1,93296.3,93295.3,0.1,1.0,tp,0.0,-0.0922963,0.0932963,5.0,ifvg,0.001,-0.1855926
2025-11,widen_only_tp_2x,264,1500747,1500747,1,93225.9,93225.41851851852,0.48148148148148145,4.814814814814815,inv,0.0,-0.09370738148147448,0.0932259,5.0,ifvg,0.001,-0.18693328148147448
2025-11,widen_only_tp_2x,265,1500747,1500747,1,93238.9,93237.93703703703,0.9629629629629629,9.62962962962963,sl,0.0,-0.0942018629629635,0.0932389,5.0,ifvg,0.001,-0.1874407629629635
2025-11,widen_only_tp_2x,266,1500751,1500751,1,93212.9,93212.79999999999,0.1,1.0,inv,0.0,-0.0933129000000058,0.09321289999999999,5.0,ifvg,0.001,-0.1865258000000058
2025-11,widen_only_tp_2x,267,1500747,1501545,-1,93214.6,93344.6,130.0,1560.0,sl,806.0,-0.2232146,0.09321460000000001,5.0,ifvg_clean,0.001,-0.3164292
2025-11,widen_only_tp_2x,268,1504682,1504682,1,93493.75,93493.26123595505,0.4887640449438202,4.8876404494382015,sl,0.0,-0.09398251404494515,0.09349375000000001,5.0,ifvg,0.001,-0.18747626404494516
2025-11,widen_only_tp_2x,269,1504682,1504682,1,93515.5,93514.52247191011,0.9775280898876404,9.775280898876403,sl,0.0,-0.09449302808989025,0.0935155,5.0,ifvg,0.001,-0.18800852808989027
2025-11,widen_only_tp_2x,270,1504712,1504712,1,93472.0,93473.0,0.1,1.0,tp,0.0,-0.09247200000000001,0.09347200000000001,5.0,ifvg,0.001,-0.18594400000000003
2025-11,widen_only_tp_2x,271,1504682,1507327,-1,93474.8,93516.0,217.5,2610.0,inv,2703.0,-0.1346747999999971,0.09347480000000001,5.0,ifvg_clean,0.001,-0.22814959999999712
2025-11,widen_only_tp_2x,272,1508800,1508800,-1,93164.0,93163.0,0.1,1.0,tp,0.0,-0.092164,0.093164,5.0,ifvg,0.001,-0.185328
2025-11,widen_only_tp_2x,273,1508800,1508800,-1,93152.0,93152.48,0.48,4.8,sl,0.0,-0.09363199999999593,0.093152,5.0,ifvg,0.001,-0.18678399999999593
2025-11,widen_only_tp_2x,274,1508800,1508800,-1,93140.0,93140.96,0.96,9.6,sl,0.0,-0.0941000000000064,0.09314,5.0,ifvg,0.001,-0.1872400000000064
2025-11,widen_only_tp_2x,275,1508800,1508834,1,93162.9,93139.5,120.0,1440.0,inv,36.0,-0.11656289999999417,0.09316289999999999,5.0,ifvg_clean,0.001,-0.20972579999999416
2025-11,widen_only_tp_2x,276,1510790,1510790,-1,92896.8,92897.28768472906,0.4876847290640412,4.876847290640412,sl,0.0,-0.09338448472905794,0.0928968,5.0,ifvg,0.001,-0.18628128472905794
2025-11,widen_only_tp_2x,277,1510790,1510790,-1,92877.0,92877.97536945813,0.9753694581280824,9.753694581280824,sl,0.0,-0.09385236945813044,0.092877,5.0,ifvg,0.001,-0.18672936945813046
2025-11,widen_only_tp_2x,278,1510794,1510794,-1,92916.6,92915.6,0.1,1.0,tp,0.0,-0.0919166,0.0929166,5.0,ifvg,0.001,-0.1848332
2025-11,widen_only_tp_2x,279,1510790,1510966,1,92915.2,92876.5,198.0000000000291,2376.0000000003492,inv,179.0,-0.1316151999999971,0.0929152,5.0,ifvg_clean,0.001,-0.2245303999999971
2025-11,widen_only_tp_2x,280,1516627,1516627,-1,93035.45000000001,93035.94051233398,0.49051233396570576,4.905123339657058,inv,0.0,-0.09352596233397042,0.09303545000000002,5.0,ifvg,0.001,-0.18656141233397044
2025-11,widen_only_tp_2x,281,1516627,1516627,-1,93009.6,93010.58102466793,0.9810246679316877,9.810246679316878,sl,0.0,-0.09399062466792626,0.09300960000000001,5.0,ifvg,0.001,-0.18700022466792626
2025-11,widen_only_tp_2x,282,1516675,1516675,-1,93061.3,93061.40000000001,0.1,1.0,inv,0.0,-0.09316130000000582,0.0930613,5.0,ifvg,0.001,-0.18622260000000582
2025-11,widen_only_tp_2x,283,1516627,1519626,1,93049.4,92790.90000000001,258.49999999998545,3101.9999999998254,sl,3086.0,-0.35154939999998547,0.09304939999999999,5.0,ifvg_clean,0.001,-0.4445987999999855
2025-11,widen_only_tp_2x,284,1583263,1583263,1,89953.3,89952.3167785235,0.9832214765100689,9.832214765100689,sl,0.0,-0.09093652147650469,0.0899533,5.0,fvg,0.001,-0.18088982147650468
2025-11,widen_only_tp_2x,285,1583266,1583266,1,89924.0,89928.91610738255,0.49161073825503443,4.9161073825503445,tp,0.0,-0.08500789261744743,0.089924,5.0,fvg,0.001,-0.17493189261744743
2025-11,widen_only_tp_2x,286,1583267,1583267,1,89894.7,89895.7,0.1,1.0,tp,0.0,-0.08889470000000001,0.08989470000000001,5.0,fvg,0.001,-0.17878940000000001
2025-11,widen_only_tp_2x,287,1596844,1596844,-1,89257.0,89257.1,0.1,1.0,inv,0.0,-0.08935700000000582,0.089257,5.0,ifvg,0.001,-0.17861400000000582
2025-11,widen_only_tp_2x,288,1596844,1596844,-1,89220.4,89220.89326145552,0.4932614555257042,4.932614555257042,sl,0.0,-0.08971366145552914,0.0892204,5.0,ifvg,0.001,-0.17893406145552915
2025-11,widen_only_tp_2x,289,1596844,1596844,-1,89183.8,89184.78652291106,0.9865229110512124,9.865229110512123,sl,0.0,-0.09017032291105828,0.08918380000000001,5.0,ifvg,0.001,-0.1793541229110583
2025-11,widen_only_tp_2x,290,1597353,1597353,1,89550.9,89550.40999999999,0.49,4.9,sl,0.0,-0.09004090000000524,0.0895509,5.0,ifvg,0.001,-0.17959180000000524
2025-11,widen_only_tp_2x,291,1597353,1597353,1,89575.4,89574.42,0.98,9.8,sl,0.0,-0.09055539999999593,0.0895754,5.0,ifvg,0.001,-0.18013079999999593
2025-11,widen_only_tp_2x,292,1597360,1597360,1,89526.4,89527.4,0.1,1.0,tp,0.0,-0.08852639999999999,0.08952639999999999,5.0,ifvg,0.001,-0.17805279999999998
2025-11,widen_only_tp_2x,293,1597353,1597407,-1,89528.6,89575.9,245.0,2940.0,inv,54.0,-0.13682859999998837,0.08952860000000001,5.0,ifvg_clean,0.001,-0.22635719999998838
2025-11,widen_only_tp_2x,294,1627245,1627245,-1,92835.85,92836.32630331755,0.4763033175351904,4.763033175351904,sl,0.0,-0.09331215331754045,0.09283585000000001,5.0,fvg,0.001,-0.18614800331754044
2025-11,widen_only_tp_2x,295,1627245,1627245,-1,92825.8,92826.75260663507,0.9526066350710705,9.526066350710705,sl,0.0,-0.09377840663506633,0.0928258,5.0,fvg,0.001,-0.18660420663506633
2025-11,widen_only_tp_2x,296,1656230,1656230,1,91838.5,91838.00551876379,0.49448123620309087,4.944812362030909,sl,0.0,-0.09233298123620823,0.0918385,5.0,ifvg,0.001,-0.18417148123620825
2025-11,widen_only_tp_2x,297,1656230,1656230,1,91883.3,91882.3110375276,0.9889624724061817,9.889624724061818,sl,0.0,-0.0928722624724019,0.0918833,5.0,ifvg,0.001,-0.1847555624724019
2025-11,widen_only_tp_2x,298,1656230,1656232,-1,91820.8,91883.8,448.0000000000291,5376.000000000349,inv,2.0,-0.1548208,0.09182080000000001,5.0,ifvg_clean,0.001,-0.24664160000000002
2025-11,widen_only_tp_2x,299,1656541,1656541,1,91793.7,91794.7,0.1,1.0,tp,0.0,-0.0907937,0.0917937,5.0,ifvg,0.001,-0.1825874
2025-11,widen_only_tp_2x,300,1657740,1657740,1,91739.7,91738.7096805421,0.990319457889642,9.90319457889642,sl,0.0,-0.09273001945789466,0.09173970000000001,5.0,fvg,0.001,-0.18446971945789467
2025-11,widen_only_tp_2x,301,1657742,1657742,1,91688.54999999999,91688.05484027104,0.4951597289447506,4.9515972894475055,sl,0.0,-0.09218370972894732,0.09168855,5.0,fvg,0.001,-0.18387225972894733
2025-11,widen_only_tp_2x,302,1657824,1657824,1,91637.4,91638.4,0.1,1.0,tp,0.0,-0.0906374,0.09163740000000001,5.0,fvg,0.001,-0.18227480000000001
2025-11,widen_only_tp_2x,303,1662107,1662107,-1,90840.7,90841.66987951807,0.9698795180722865,9.698795180722865,sl,0.0,-0.09181057951807386,0.0908407,5.0,fvg,0.001,-0.18265127951807386
2025-11,widen_only_tp_2x,304,1662111,1662111,-1,90856.79999999999,90857.28493975902,0.4849397590363624,4.8493975903636235,sl,0.0,-0.09134173975902966,0.0908568,5.0,fvg,0.001,-0.18219853975902967
2025-11,widen_only_tp_2x,305,1662121,1662121,-1,90872.9,90871.9,0.1,1.0,tp,0.0,-0.0898729,0.0908729,5.0,fvg,0.001,-0.1807458
2025-11,widen_only_tp_2x,306,1596844,1665663,1,89255.8,88889.80000000002,365.99999999998545,4391.999999999825,sl,69538.0,-0.45525579999998544,0.08925580000000001,5.0,ifvg_clean,0.001,-0.5445115999999854
2025-11,widen_only_tp_2x,307,1408035,1721124,-1,93649.8,83635.80000000035,834.4999999999709,10013.99999999965,tp,315124.0,9.920350199999652,0.0936498,5.0,ifvg_clean,0.001,9.826700399999652
2025-11,widen_only_tp_2x,308,1731560,1731560,1,82218.3,82218.2,0.1,1.0,inv,0.0,-0.08231830000000581,0.0822183,5.0,ifvg,0.001,-0.1645366000000058
2025-11,widen_only_tp_2x,309,1731560,1731560,1,82253.35,82252.85703234881,0.49296765119560076,4.929676511956008,sl,0.0,-0.08274631765119654,0.08225335000000002,5.0,ifvg,0.001,-0.16499966765119656
2025-11,widen_only_tp_2x,310,1731560,1731560,1,82288.4,82287.4140646976,0.9859353023909969,9.85935302390997,sl,0.0,-0.08327433530239305,0.0822884,5.0,ifvg,0.001,-0.16556273530239304
2025-11,widen_only_tp_2x,311,1731560,1731923,-1,82220.0,82570.49999999996,350.49999999995634,4205.999999999476,sl,363.0,-0.43271999999995636,0.08222,5.0,ifvg_clean,0.001,-0.5149399999999563
2025-11,widen_only_tp_2x,312,1737793,1737793,-1,82097.1,82096.1,0.1,1.0,tp,0.0,-0.08109710000000002,0.08209710000000002,5.0,ifvg,0.001,-0.16319420000000004
2025-11,widen_only_tp_2x,313,1737793,1737793,-1,82068.05,82068.54153976311,0.49153976311336806,4.915397631133681,sl,0.0,-0.08255958976311209,0.08206805,5.0,ifvg,0.001,-0.1646276397631121
2025-11,widen_only_tp_2x,314,1737793,1737793,-1,82039.0,82039.98307952622,0.9830795262267361,9.830795262267362,sl,0.0,-0.08302207952622417,0.082039,5.0,ifvg,0.001,-0.16506107952622417
2025-11,widen_only_tp_2x,315,1737793,1737823,1,82096.4,82038.5,290.5000000000291,3486.0000000003492,inv,30.0,-0.1399963999999942,0.0820964,5.0,ifvg_clean,0.001,-0.2220927999999942
2025-11,widen_only_tp_2x,316,1750460,1750460,1,82784.7,82810.8,131.50000000001455,1578.0000000001746,inv,0.0,-0.05668469999999418,0.0827847,5.0,ifvg_clean,0.001,-0.1394693999999942
2025-11,widen_only_tp_2x,317,1750465,1750465,-1,82824.45000000001,82819.63315018316,0.48168498168471713,4.816849816847172,tp,0.0,-0.07800760018314754,0.08282445000000002,5.0,ifvg,0.001,-0.16083205018314756
2025-11,widen_only_tp_2x,318,1750465,1750465,-1,82811.3,82801.6663003663,0.9633699633699673,9.633699633699672,tp,0.0,-0.07317760036629505,0.0828113,5.0,ifvg,0.001,-0.15598890036629504
2025-11,widen_only_tp_2x,319,1750467,1750467,-1,82837.6,82836.6,0.1,1.0,tp,0.0,-0.08183760000000001,0.08283760000000001,5.0,ifvg,0.001,-0.16467520000000002
2025-11,widen_only_tp_2x,320,1751277,1751277,1,83013.20000000001,83012.70451263539,0.4954873646210044,4.954873646210044,inv,0.0,-0.08350868736462021,0.08301320000000001,5.0,ifvg,0.001,-0.1665218873646202
2025-11,widen_only_tp_2x,321,1751277,1751277,1,83068.1,83067.10902527077,0.9909747292418775,9.909747292418775,sl,0.0,-0.08405907472924042,0.0830681,5.0,ifvg,0.001,-0.16712717472924044
2025-11,widen_only_tp_2x,322,1751348,1751348,1,82958.3,82958.2,0.1,1.0,inv,0.0,-0.08305830000000583,0.08295830000000001,5.0,ifvg,0.001,-0.16601660000000584
2025-11,widen_only_tp_2x,323,1752692,1752692,-1,82717.3,82717.40000000001,0.1,1.0,sl,0.0,-0.08281730000000583,0.08271730000000001,5.0,fvg,0.001,-0.16553460000000583
2025-11,widen_only_tp_2x,324,1752692,1752692,-1,82705.05,82705.53039215687,0.4803921568627451,4.803921568627451,sl,0.0,-0.08318544215686731,0.08270505,5.0,fvg,0.001,-0.1658904921568673
2025-11,widen_only_tp_2x,325,1752692,1752692,-1,82692.8,82693.76078431372,0.9607843137254902,9.607843137254902,sl,0.0,-0.08365358431372008,0.08269280000000001,5.0,fvg,0.001,-0.1663463843137201
2025-11,widen_only_tp_2x,326,1751277,1753724,-1,82960.7,83509.70000000001,549.0000000000146,6588.000000000175,sl,2447.0,-0.6319607000000146,0.0829607,5.0,ifvg_clean,0.001,-0.7149214000000146
2025-11,widen_only_tp_2x,327,1754272,1754272,-1,83361.0,83361.1,0.1,1.0,inv,0.0,-0.08346100000000582,0.083361,5.0,ifvg,0.001,-0.16682200000000583
2025-11,widen_only_tp_2x,328,1754272,1754272,-1,83296.0,83296.49618320611,0.4961832061068702,4.961832061068702,sl,0.0,-0.08379218320610898,0.08329600000000001,5.0,ifvg,0.001,-0.167088183206109
2025-11,widen_only_tp_2x,329,1754272,1754272,-1,83231.0,83231.99236641222,0.9923664122137404,9.923664122137405,sl,0.0,-0.08422336641221798,0.08323100000000001,5.0,ifvg,0.001,-0.167454366412218
2025-11,widen_only_tp_2x,330,1759748,1759748,-1,83469.1,83469.20000000001,0.1,1.0,sl,0.0,-0.08356910000000584,0.08346910000000002,5.0,ifvg,0.001,-0.16703820000000585
2025-11,widen_only_tp_2x,331,1759748,1759748,-1,83440.0,83440.49155405405,0.49155405405405567,4.915540540540556,sl,0.0,-0.08393155405405327,0.08344,5.0,ifvg,0.001,-0.16737155405405327
2025-11,widen_only_tp_2x,332,1759748,1759748,-1,83410.9,83411.8831081081,0.9831081081081113,9.831081081081113,sl,0.0,-0.08439400810810653,0.0834109,5.0,ifvg,0.001,-0.16780490810810653
2025-11,widen_only_tp_2x,333,1759748,1759766,1,83468.4,83410.4,291.0000000000582,3492.0000000006985,inv,18.0,-0.1414684,0.0834684,5.0,ifvg_clean,0.001,-0.2249368
2025-11,widen_only_tp_2x,334,1785661,1785661,-1,85161.15,85156.24276437848,0.4907235621522701,4.907235621522701,tp,0.0,-0.08025391437848166,0.08516114999999999,5.0,fvg,0.001,-0.16541506437848164
2025-11,widen_only_tp_2x,335,1785661,1785661,-1,85134.7,85135.6814471243,0.9814471243042703,9.814471243042703,sl,0.0,-0.08611614712430075,0.0851347,5.0,fvg,0.001,-0.17125084712430075
2025-11,widen_only_tp_2x,336,1785760,1785760,1,84978.0,84979.0,0.1,1.0,tp,0.0,-0.08397800000000001,0.08497800000000001,5.0,ifvg,0.001,-0.16895600000000002
2025-11,widen_only_tp_2x,337,1785760,1785760,1,84994.8,84994.31445086705,0.4855491329479793,4.8554913294797934,sl,0.0,-0.08548034913295083,0.0849948,5.0,ifvg,0.001,-0.1704751491329508
2025-11,widen_only_tp_2x,338,1785760,1785760,1,85011.6,85010.6289017341,0.9710982658959586,9.710982658959587,sl,0.0,-0.08598269826590169,0.0850116,5.0,ifvg,0.001,-0.17099429826590168
2025-11,widen_only_tp_2x,339,1785760,1785826,-1,84982.6,85012.1,168.0000000000291,2016.0000000003492,inv,67.0,-0.1144826,0.0849826,5.0,ifvg_clean,0.001,-0.1994652
2025-11,widen_only_tp_2x,340,1786576,1786576,-1,85079.75,85080.23583569405,0.48583569405098687,4.858356940509869,inv,0.0,-0.0855655856940531,0.08507975000000001,5.0,ifvg,0.001,-0.1706453356940531
2025-11,widen_only_tp_2x,341,1786576,1786576,-1,85062.6,85063.57167138811,0.9716713881019737,9.716713881019738,sl,0.0,-0.0860342713881062,0.0850626,5.0,ifvg,0.001,-0.1710968713881062
2025-11,widen_only_tp_2x,342,1786599,1786599,-1,85096.9,85097.0,0.1,1.0,inv,0.0,-0.0851969000000058,0.08509689999999999,5.0,ifvg,0.001,-0.1702938000000058
2025-11,widen_only_tp_2x,343,1786576,1787710,1,85096.6,84925.10000000006,171.4999999999418,2057.9999999993015,sl,1162.0,-0.2565965999999418,0.08509660000000001,5.0,ifvg_clean,0.001,-0.3416931999999418
2025-11,widen_only_tp_2x,344,1788954,1788954,1,84697.29999999999,84696.81908396946,0.48091603053407134,4.809160305340713,inv,0.0,-0.08517821603053034,0.08469729999999999,5.0,ifvg,0.001,-0.16987551603053033
2025-11,widen_only_tp_2x,345,1788954,1788954,1,84709.9,84708.93816793892,0.9618320610686981,9.61832061068698,sl,0.0,-0.08567173206107524,0.08470989999999999,5.0,ifvg,0.001,-0.17038163206107523
2025-11,widen_only_tp_2x,346,1788956,1788956,1,84684.7,84684.59999999999,0.1,1.0,inv,0.0,-0.0847847000000058,0.08468469999999999,5.0,ifvg,0.001,-0.1694694000000058
2025-11,widen_only_tp_2x,347,1805001,1805001,-1,84660.1,84660.58842592593,0.48842592592575673,4.8842592592575675,inv,0.0,-0.08514852592592702,0.08466010000000002,5.0,ifvg,0.001,-0.16980862592592705
2025-11,widen_only_tp_2x,348,1805001,1805001,-1,84639.0,84639.97685185185,0.9768518518518503,9.768518518518503,sl,0.0,-0.085615851851854,0.08463899999999999,5.0,ifvg,0.001,-0.170254851851854
2025-11,widen_only_tp_2x,349,1805001,1805756,1,84670.5,84459.50000000001,210.99999999998545,2531.9999999998254,sl,762.0,-0.29567049999998546,0.08467050000000001,5.0,ifvg_clean,0.001,-0.3803409999999855
2025-11,widen_only_tp_2x,350,1809740,1809740,1,84347.7,84346.62291666666,1.0770833333333334,11.750000000000002,sl,0.0,-0.08542478333333722,0.08434770000000001,5.0,fvg,0.001,-0.16977248333333722
2025-11,widen_only_tp_2x,351,1809745,1809745,1,84324.2,84323.66145833333,0.5385416666666667,5.875000000000001,sl,0.0,-0.08486274166666861,0.0843242,5.0,fvg,0.001,-0.16918694166666862
2025-11,widen_only_tp_2x,352,1809747,1809747,1,84300.7,84301.9,0.11000000000000001,1.2000000000000002,tp,0.0,-0.0831007000000029,0.08430069999999999,5.0,fvg,0.001,-0.1674014000000029
2025-11,widen_only_tp_2x,353,1810764,1810764,-1,84134.5,84134.99335106384,0.49335106382978827,4.933510638297883,sl,0.0,-0.0846278510638366,0.0841345,5.0,ifvg,0.001,-0.1687623510638366
2025-11,widen_only_tp_2x,354,1810764,1810764,-1,84097.4,84098.38670212765,0.9867021276595765,9.867021276595766,sl,0.0,-0.08508410212765863,0.08409739999999999,5.0,ifvg,0.001,-0.16918150212765862
2025-11,widen_only_tp_2x,355,1810765,1810765,-1,84171.6,84170.6,0.1,1.0,tp,0.0,-0.08317160000000001,0.08417160000000001,5.0,ifvg,0.001,-0.16734320000000003
2025-11,widen_only_tp_2x,356,1810764,1810785,1,84155.5,84096.9,371.0000000000582,4452.0000000006985,inv,21.0,-0.14275550000000584,0.08415550000000001,5.0,ifvg_clean,0.001,-0.22691100000000586
2025-11,widen_only_tp_2x,357,1827119,1827119,-1,84000.2,84000.68031496063,0.48031496062991674,4.803149606299168,inv,0.0,-0.08448051496063048,0.0840002,5.0,ifvg,0.001,-0.1684807149606305
2025-11,widen_only_tp_2x,358,1827119,1827119,-1,83988.0,83988.96062992126,0.9606299212598335,9.606299212598335,sl,0.0,-0.084948629921261,0.08398800000000001,5.0,ifvg,0.001,-0.16893662992126102
2025-11,widen_only_tp_2x,359,1827137,1827137,-1,84012.4,84012.5,0.1,1.0,inv,0.0,-0.08411240000000582,0.0840124,5.0,ifvg,0.001,-0.16812480000000582
2025-11,widen_only_tp_2x,360,1827119,1827889,1,84009.4,83887.40000000002,121.9999999999709,1463.9999999996508,sl,776.0,-0.2060093999999709,0.0840094,5.0,ifvg_clean,0.001,-0.2900187999999709
2025-11,widen_only_tp_2x,361,1828819,1828819,-1,83733.1,83734.08689384011,0.9868938401048473,9.868938401048473,sl,0.0,-0.08471999384010505,0.0837331,5.0,fvg,0.001,-0.16845309384010504
2025-11,widen_only_tp_2x,362,1828891,1828891,-1,83770.75,83771.24344692005,0.49344692005242363,4.934469200524236,sl,0.0,-0.08426419692005252,0.08377075,5.0,fvg,0.001,-0.16803494692005252
2025-11,widen_only_tp_2x,363,1829025,1829025,-1,83808.4,83807.4,0.1,1.0,tp,0.0,-0.08280839999999999,0.08380839999999999,5.0,fvg,0.001,-0.16661679999999998
2025-11,widen_only_tp_2x,364,1838575,1838575,1,84496.8,84496.7,0.1,1.0,sl,0.0,-0.08459680000000583,0.08449680000000001,5.0,ifvg,0.001,-0.16909360000000584
2025-11,widen_only_tp_2x,365,1838575,1838575,1,84520.25,84519.76043841336,0.4895615866388296,4.895615866388296,sl,0.0,-0.08500981158664078,0.08452025,5.0,ifvg,0.001,-0.1695300615866408
2025-11,widen_only_tp_2x,366,1838575,1838575,1,84543.7,84542.72087682672,0.9791231732776592,9.791231732776591,sl,0.0,-0.08552282317328155,0.0845437,5.0,ifvg,0.001,-0.17006652317328155
2025-11,widen_only_tp_2x,367,1838575,1838644,-1,84497.3,84544.2,234.4999999999709,2813.9999999996508,inv,71.0,-0.1313972999999942,0.08449730000000001,5.0,ifvg_clean,0.001,-0.21589459999999422
2025-11,widen_only_tp_2x,368,1788954,1839815,-1,84684.9,84810.89999999998,125.99999999998545,1511.9999999998254,sl,51481.0,-0.21068489999998546,0.08468490000000001,5.0,ifvg_clean,0.001,-0.29536979999998547
2025-11,widen_only_tp_2x,369,1870385,1870385,1,85773.7,85773.2176056338,0.4823943661971795,4.8239436619717955,sl,0.0,-0.08625609436619043,0.08577370000000001,5.0,ifvg,0.001,-0.17202979436619042
2025-11,widen_only_tp_2x,370,1870385,1870385,1,85787.4,85786.4352112676,0.964788732394359,9.647887323943591,sl,0.0,-0.08675218873239537,0.08578739999999999,5.0,ifvg,0.001,-0.17253958873239536
2025-11,widen_only_tp_2x,371,1870395,1870395,1,85760.0,85761.0,0.1,1.0,tp,0.0,-0.08476,0.08576,5.0,ifvg,0.001,-0.17052
2025-11,widen_only_tp_2x,372,1870385,1870450,-1,85767.1,85787.9,136.9999999999709,1643.9999999996508,inv,65.0,-0.10656709999998837,0.08576710000000001,5.0,ifvg_clean,0.001,-0.19233419999998838
2025-11,widen_only_tp_2x,373,1958568,1958568,1,87380.3,87380.2,0.1,1.0,sl,0.0,-0.08748030000000583,0.08738030000000001,5.0,ifvg,0.001,-0.17486060000000583
2025-11,widen_only_tp_2x,374,1958568,1958568,1,87398.9,87398.41308900523,0.48691099476420646,4.869109947642064,sl,0.0,-0.08788581099476128,0.0873989,5.0,ifvg,0.001,-0.17528471099476128
2025-11,widen_only_tp_2x,375,1958568,1958568,1,87417.5,87416.52617801048,0.9738219895287938,9.738219895287939,sl,0.0,-0.08839132198952256,0.08741750000000001,5.0,ifvg,0.001,-0.17580882198952258
2025-11,widen_only_tp_2x,376,1958568,1958599,-1,87378.6,87418.0,185.99999999998545,2231.9999999998254,inv,32.0,-0.1267785999999942,0.0873786,5.0,ifvg_clean,0.001,-0.2141571999999942
2025-11,widen_only_tp_2x,377,2000431,2000431,-1,85953.79999999999,85954.2834437086,0.4834437086095109,4.834437086095109,sl,0.0,-0.08643724370861013,0.08595379999999998,5.0,ifvg,0.001,-0.1723910437086101
2025-11,widen_only_tp_2x,378,2000431,2000431,-1,85939.2,85940.16688741722,0.96688741721854,9.6688741721854,sl,0.0,-0.08690608741722028,0.08593920000000001,5.0,ifvg,0.001,-0.17284528741722027
2025-11,widen_only_tp_2x,379,2000436,2000436,-1,85968.4,85967.4,0.1,1.0,tp,0.0,-0.0849684,0.0859684,5.0,ifvg,0.001,-0.1709368
2025-11,widen_only_tp_2x,380,2000431,2000560,1,85960.5,85938.7,145.99999999998545,1751.9999999998254,inv,135.0,-0.10776050000000291,0.0859605,5.0,ifvg_clean,0.001,-0.19372100000000292
2025-11,widen_only_tp_2x,381,2002177,2002177,-1,85498.0,85498.97920997921,0.9792099792099818,9.792099792099817,sl,0.0,-0.08647720997921028,0.085498,5.0,fvg,0.001,-0.1719752099792103
2025-11,widen_only_tp_2x,382,2002190,2002190,-1,85521.55,85516.65395010395,0.4896049896049909,4.896049896049909,tp,0.0,-0.08062550010394859,0.08552155,5.0,fvg,0.001,-0.1661470501039486
2025-11,widen_only_tp_2x,383,2002198,2002198,-1,85545.1,85545.20000000001,0.1,1.0,sl,0.0,-0.08564510000000583,0.08554510000000001,5.0,fvg,0.001,-0.17119020000000584
2025-11,widen_only_tp_2x,384,2002328,2002328,1,85633.9,85632.91416430594,0.9858356940509898,9.858356940509898,sl,0.0,-0.0866197356940531,0.0856339,5.0,fvg,0.001,-0.1722536356940531
2025-11,widen_only_tp_2x,385,2002407,2002407,1,85599.1,85604.02917847026,0.49291784702559793,4.929178470255979,tp,0.0,-0.0806699215297491,0.08559910000000001,5.0,fvg,0.001,-0.1662690215297491
2025-11,widen_only_tp_2x,386,2002653,2002653,-1,86171.7,86170.7,0.1,1.0,tp,0.0,-0.0851717,0.0861717,5.0,ifvg,0.001,-0.1713434
2025-11,widen_only_tp_2x,387,2002653,2002653,-1,86135.6,86136.09316939891,0.4931693989070041,4.931693989070041,sl,0.0,-0.0866287693989056,0.0861356,5.0,ifvg,0.001,-0.1727643693989056
2025-11,widen_only_tp_2x,388,2002653,2002653,-1,86099.5,86100.48633879781,0.9863387978142071,9.863387978142072,sl,0.0,-0.08708583879781119,0.08609950000000001,5.0,ifvg,0.001,-0.1731853387978112
2025-11,widen_only_tp_2x,389,2002653,2002698,1,86169.8,86099.0,360.99999999998545,4331.999999999825,inv,45.0,-0.15696980000000293,0.0861698,5.0,ifvg_clean,0.001,-0.24313960000000295
2025-11,widen_only_tp_2x,390,2016258,2016258,-1,88324.04999999999,88324.54517839922,0.4951783992286139,4.951783992286139,inv,0.0,-0.08881922839922918,0.08832404999999999,5.0,ifvg,0.001,-0.17714327839922916
2025-11,widen_only_tp_2x,391,2016258,2016258,-1,88272.7,88273.69035679846,0.9903567984570875,9.903567984570875,sl,0.0,-0.08926305679845838,0.0882727,5.0,ifvg,0.001,-0.17753575679845837
2025-11,widen_only_tp_2x,392,2016259,2016259,-1,88375.4,88375.5,0.1,1.0,inv,0.0,-0.08847540000000582,0.0883754,5.0,ifvg,0.001,-0.17685080000000583
2025-11,widen_only_tp_2x,393,2018002,2018002,1,88602.8,88602.31612903226,0.4838709677419355,4.838709677419355,sl,0.0,-0.08908667096774242,0.08860280000000001,5.0,ifvg,0.001,-0.17768947096774243
2025-11,widen_only_tp_2x,394,2018002,2018002,1,88617.8,88616.83225806452,0.967741935483871,9.67741935483871,sl,0.0,-0.08958554193548482,0.08861780000000001,5.0,ifvg,0.001,-0.17820334193548482
2025-11,widen_only_tp_2x,395,2018002,2018011,-1,88598.0,88618.3,150.0,1800.0,inv,9.0,-0.10889800000000291,0.088598,5.0,ifvg_clean,0.001,-0.1974960000000029
2025-11,widen_only_tp_2x,396,2018087,2018087,1,88587.8,88588.8,0.1,1.0,tp,0.0,-0.08758780000000001,0.08858780000000001,5.0,ifvg,0.001,-0.17617560000000002
2025-11,widen_only_tp_2x,397,2019729,2019729,-1,88391.2,88392.1948051948,0.9948051948051948,9.948051948051948,sl,0.0,-0.0893860051948013,0.0883912,5.0,fvg,0.001,-0.1777772051948013
2025-11,widen_only_tp_2x,398,2020506,2020506,-1,88217.7,88218.67142857143,0.9714285714285714,9.714285714285714,sl,0.0,-0.08918912857142898,0.0882177,5.0,fvg,0.001,-0.17740682857142898
2025-11,widen_only_tp_2x,399,2020574,2020574,-1,88234.7,88229.84285714285,0.4857142857142857,4.857142857142857,tp,0.0,-0.08337755714285507,0.0882347,5.0,fvg,0.001,-0.17161225714285505
2025-11,widen_only_tp_2x,400,2020576,2020576,-1,88251.7,88251.8,0.1,1.0,sl,0.0,-0.08835170000000582,0.0882517,5.0,fvg,0.001,-0.17660340000000582
2025-11,widen_only_tp_2x,401,2020779,2020779,-1,88486.95,88481.97597402598,0.4974025974025974,4.974025974025974,tp,0.0,-0.08351292402597893,0.08848695,5.0,fvg,0.001,-0.17199987402597894
2025-11,widen_only_tp_2x,402,2021320,2021320,-1,88582.7,88581.7,0.1,1.0,tp,0.0,-0.0875827,0.0885827,5.0,fvg,0.001,-0.1761654
2025-11,widen_only_tp_2x,403,2028252,2028255,1,89000.0,88999.00799360512,0.9920063948840931,9.920063948840932,sl,3.0,-0.08999200639488117,0.089,5.0,fvg,0.001,-0.17899200639488116
2025-11,widen_only_tp_2x,404,2028326,2028326,1,88937.95,88937.45399680255,0.4960031974420466,4.960031974420466,sl,0.0,-0.08943395319744786,0.08893795,5.0,fvg,0.001,-0.17837190319744786
2025-11,widen_only_tp_2x,405,2028734,2028734,1,88875.9,88875.79999999999,0.1,1.0,sl,0.0,-0.08897590000000583,0.08887590000000001,5.0,fvg,0.001,-0.17785180000000583
2025-11,widen_only_tp_2x,406,2031138,2031138,-1,88650.2,88650.69031007752,0.49031007751938094,4.90310077519381,sl,0.0,-0.08914051007752637,0.0886502,5.0,ifvg,0.001,-0.17779071007752636
2025-11,widen_only_tp_2x,407,2031138,2031138,-1,88624.9,88625.88062015503,0.9806201550387619,9.80620155038762,sl,0.0,-0.08960552015503818,0.08862489999999999,5.0,ifvg,0.001,-0.17823042015503818
2025-11,widen_only_tp_2x,408,2031168,2031168,-1,88675.5,88674.5,0.1,1.0,tp,0.0,-0.0876755,0.0886755,5.0,ifvg,0.001,-0.176351
2025-11,widen_only_tp_2x,409,2031138,2031175,1,88672.2,88624.4,253.0000000000291,3036.0000000003492,inv,38.0,-0.13647220000000293,0.0886722,5.0,ifvg_clean,0.001,-0.22514440000000294
2025-11,widen_only_tp_2x,410,2016258,2036387,1,88372.8,87859.30000000002,513.4999999999854,6161.999999999825,sl,20406.0,-0.6018727999999854,0.0883728,5.0,ifvg_clean,0.001,-0.6902455999999855
2025-11,widen_only_tp_2x,411,2038055,2038055,-1,88015.0,88015.49559859154,0.49559859154929603,4.955985915492961,sl,0.0,-0.08851059859154396,0.088015,5.0,ifvg,0.001,-0.17652559859154396
2025-11,widen_only_tp_2x,412,2038055,2038055,-1,87958.7,87959.6911971831,0.9911971830985921,9.911971830985921,sl,0.0,-0.08894989718310249,0.0879587,5.0,ifvg,0.001,-0.17690859718310248
2025-11,widen_only_tp_2x,413,2038091,2038091,-1,88071.3,88070.3,0.1,1.0,tp,0.0,-0.0870713,0.0880713,5.0,ifvg,0.001,-0.1751426
2025-11,widen_only_tp_2x,414,2038055,2038366,1,88033.9,87958.2,563.0000000000291,6756.000000000349,inv,324.0,-0.1637338999999971,0.0880339,5.0,ifvg_clean,0.001,-0.2517677999999971
2025-11,widen_only_tp_2x,415,2047370,2047370,1,87721.85,87721.35818330606,0.4918166939444715,4.918166939444715,inv,0.0,-0.08821366669394602,0.08772185,5.0,ifvg,0.001,-0.17593551669394603
2025-11,widen_only_tp_2x,416,2047370,2047370,1,87751.9,87750.9163666121,0.9836333878887048,9.836333878887048,sl,0.0,-0.08873553338789203,0.0877519,5.0,ifvg,0.001,-0.17648743338789202
2025-11,widen_only_tp_2x,417,2047379,2047379,1,87691.8,87691.7,0.1,1.0,inv,0.0,-0.08779180000000582,0.0876918,5.0,ifvg,0.001,-0.17548360000000582
2025-11,widen_only_tp_2x,418,2047370,2049677,-1,87696.0,87996.49999999996,300.49999999995634,3605.999999999476,sl,2359.0,-0.38819599999995635,0.087696,5.0,ifvg_clean,0.001,-0.47589199999995635
2025-11,widen_only_tp_2x,419,2082008,2082008,1,87524.9,87523.94048582995,0.959514170040481,9.59514170040481,inv,0.0,-0.08848441417004108,0.0875249,5.0,ifvg,0.001,-0.17600931417004106
2025-11,widen_only_tp_2x,420,2082275,2082275,1,87513.04999999999,87512.57024291497,0.4797570850199459,4.797570850199459,inv,0.0,-0.08799280708502054,0.08751305,5.0,ifvg,0.001,-0.17550585708502053
2025-11,widen_only_tp_2x,421,2082276,2082276,1,87501.2,87501.09999999999,0.1,1.0,inv,0.0,-0.08760120000000582,0.0875012,5.0,ifvg,0.001,-0.17510240000000582
2025-11,widen_only_tp_2x,422,2082008,2082509,-1,87513.3,87631.79999999999,118.49999999998545,1421.9999999998254,sl,511.0,-0.20601329999998547,0.0875133,5.0,ifvg_clean,0.001,-0.2935265999999855
2025-11,widen_only_tp_2x,423,2088297,2088297,1,86304.45000000001,86303.95604594922,0.49395405078606114,4.939540507860611,inv,0.0,-0.08679840405079124,0.08630445000000002,5.0,ifvg,0.001,-0.17310285405079126
2025-11,widen_only_tp_2x,424,2088297,2088297,1,86345.3,86344.31209189844,0.9879081015719463,9.879081015719462,sl,0.0,-0.0873332081015679,0.08634530000000001,5.0,ifvg,0.001,-0.17367850810156793
2025-11,widen_only_tp_2x,425,2088299,2088299,1,86263.6,86263.5,0.1,1.0,inv,0.0,-0.08636360000000583,0.08626360000000001,5.0,ifvg,0.001,-0.17262720000000584
2025-11,widen_only_tp_2x,426,2088297,2088500,-1,86276.0,86684.49999999999,408.49999999998545,4901.999999999825,sl,203.0,-0.49477599999998545,0.08627599999999999,5.0,ifvg_clean,0.001,-0.5810519999999855
2025-11,widen_only_tp_2x,427,2088601,2088601,-1,86583.1,86580.2,105.49999999995634,1265.9999999994761,inv,0.0,-0.08368309999999128,0.08658310000000001,5.0,ifvg_clean,0.001,-0.1702661999999913
2025-11,widen_only_tp_2x,428,2088602,2088602,1,86579.7,86578.74524886877,0.9547511312217015,9.547511312217015,sl,0.0,-0.08753445113122667,0.08657970000000001,5.0,ifvg,0.001,-0.1741141511312267
2025-11,widen_only_tp_2x,429,2088742,2088742,1,86558.6,86559.6,0.1,1.0,tp,0.0,-0.08555860000000001,0.08655860000000001,5.0,ifvg,0.001,-0.17211720000000003
2025-11,widen_only_tp_2x,430,2088742,2088742,1,86569.15,86573.9237556561,0.4773755656105215,4.773755656105215,tp,0.0,-0.08179539434389581,0.08656915,5.0,ifvg,0.001,-0.1683645443438958
2025-11,widen_only_tp_2x,431,2089217,2089217,-1,86503.9,86502.9,0.1,1.0,tp,0.0,-0.08550390000000001,0.08650390000000001,5.0,fvg,0.001,-0.17200780000000002
2025-11,widen_only_tp_2x,432,2089217,2089217,-1,86456.9,86457.39473684209,0.49473684210526314,4.947368421052632,sl,0.0,-0.08695163684209806,0.08645689999999999,5.0,fvg,0.001,-0.17340853684209806
2025-11,widen_only_tp_2x,433,2089217,2089217,-1,86409.9,86410.8894736842,0.9894736842105263,9.894736842105264,sl,0.0,-0.08739937368421068,0.0864099,5.0,fvg,0.001,-0.17380927368421067
2025-11,widen_only_tp_2x,434,2101334,2101334,-1,87489.1,87489.20000000001,0.1,1.0,sl,0.0,-0.08758910000000583,0.08748910000000001,5.0,ifvg,0.001,-0.17507820000000585
2025-11,widen_only_tp_2x,435,2101334,2101334,-1,87477.9,87478.37863247863,0.47863247863279756,4.786324786327976,sl,0.0,-0.08795653247864006,0.0874779,5.0,ifvg,0.001,-0.17543443247864005
2025-11,widen_only_tp_2x,436,2101334,2101334,-1,87466.7,87467.65726495726,0.9572649572649732,9.572649572649732,sl,0.0,-0.0884239649572656,0.08746670000000001,5.0,ifvg,0.001,-0.1758906649572656
2025-11,widen_only_tp_2x,437,2101334,2101667,1,87490.5,87466.2,112.00000000004366,1344.0000000005239,inv,344.0,-0.1117905000000029,0.0874905,5.0,ifvg_clean,0.001,-0.1992810000000029
2025-11,widen_only_tp_2x,438,2109272,2109272,1,87338.45000000001,87337.97304147466,0.4769585253459543,4.769585253459542,sl,0.0,-0.08781540852535254,0.08733845000000001,5.0,ifvg,0.001,-0.17515385852535253
2025-11,widen_only_tp_2x,439,2109272,2109272,1,87348.8,87347.84608294931,0.953917050691238,9.53917050691238,sl,0.0,-0.08830271705069052,0.08734880000000002,5.0,ifvg,0.001,-0.17565151705069054
2025-11,widen_only_tp_2x,440,2109272,2109280,-1,87337.8,87349.3,103.49999999998545,1241.9999999998254,inv,9.0,-0.0988378,0.08733780000000001,5.0,ifvg_clean,0.001,-0.1861756
2025-11,widen_only_tp_2x,441,2109354,2109354,1,87328.1,87329.1,0.1,1.0,tp,0.0,-0.0863281,0.0873281,5.0,ifvg,0.001,-0.1736562
2025-11,widen_only_tp_2x,442,2110883,2110883,1,87272.65,87272.15998003991,0.4900199600796934,4.900199600796934,sl,0.0,-0.08776266996008156,0.08727265000000001,5.0,ifvg,0.001,-0.17503531996008156
2025-11,widen_only_tp_2x,443,2110883,2110883,1,87297.2,87296.21996007983,0.9800399201596772,9.800399201596772,sl,0.0,-0.08827723992016312,0.0872972,5.0,ifvg,0.001,-0.17557443992016314
2025-11,widen_only_tp_2x,444,2111005,2111005,1,87248.1,87249.1,0.1,1.0,tp,0.0,-0.08624810000000001,0.08724810000000001,5.0,ifvg,0.001,-0.17349620000000002
2025-11,widen_only_tp_2x,445,2110883,2111026,-1,87248.5,87297.7,245.49999999995634,2945.999999999476,inv,154.0,-0.13644849999999709,0.0872485,5.0,ifvg_clean,0.001,-0.2236969999999971
2025-11,widen_only_tp_2x,446,2113500,2113500,-1,86683.5,86684.49201915403,0.9920191540303274,9.920191540303273,sl,0.0,-0.08767551915402955,0.0866835,5.0,fvg,0.001,-0.17435901915402954
2025-11,widen_only_tp_2x,447,2113545,2113545,-1,86745.65,86746.14600957702,0.49600957701522175,4.9600957701522175,sl,0.0,-0.08724165957702204,0.08674565,5.0,fvg,0.001,-0.17398730957702202
2025-11,widen_only_tp_2x,448,2113760,2113760,-1,86807.8,86806.8,0.1,1.0,tp,0.0,-0.0858078,0.0868078,5.0,fvg,0.001,-0.1726156
2025-11,widen_only_tp_2x,449,2128860,2128860,1,87886.3,87885.34739336494,0.9526066350711031,9.52606635071103,inv,0.0,-0.08883890663506633,0.0878863,5.0,ifvg,0.001,-0.17672520663506633
2025-11,widen_only_tp_2x,450,2128950,2128950,1,87876.25,87875.77369668246,0.47630331753555155,4.763033175355515,inv,0.0,-0.08835255331754044,0.08787625,5.0,ifvg,0.001,-0.17622880331754043
2025-11,widen_only_tp_2x,451,2128953,2128953,1,87866.2,87866.09999999999,0.1,1.0,inv,0.0,-0.08796620000000581,0.08786619999999999,5.0,ifvg,0.001,-0.1758324000000058
2025-11,widen_only_tp_2x,452,2133659,2133659,1,87193.25,87192.76400560224,0.4859943977591082,4.859943977591082,inv,0.0,-0.08767924439776446,0.08719325000000001,5.0,ifvg,0.001,-0.17487249439776448
2025-11,widen_only_tp_2x,453,2133659,2133659,1,87210.6,87209.62801120449,0.9719887955182164,9.719887955182164,sl,0.0,-0.08818258879551436,0.08721060000000001,5.0,ifvg,0.001,-0.17539318879551435
2025-11,widen_only_tp_2x,454,2133718,2133718,1,87175.9,87175.79999999999,0.1,1.0,inv,0.0,-0.08727590000000582,0.0871759,5.0,ifvg,0.001,-0.17445180000000582
2025-11,widen_only_tp_2x,455,2134948,2134948,-1,87101.5,87102.4797979798,0.9797979797979799,9.7979797979798,sl,0.0,-0.08808129797980224,0.0871015,5.0,fvg,0.001,-0.17518279797980224
2025-11,widen_only_tp_2x,456,2134957,2134957,-1,87125.75,87120.851010101,0.48989898989898994,4.8989898989899,tp,0.0,-0.08222676010100334,0.08712575,5.0,fvg,0.001,-0.16935251010100333
2025-11,widen_only_tp_2x,457,2135018,2135018,-1,87150.0,87149.0,0.1,1.0,tp,0.0,-0.08615,0.08715,5.0,fvg,0.001,-0.1733
2025-11,widen_only_tp_2x,458,2133659,2137247,-1,87191.7,87365.20000000006,173.5000000000582,2082.0000000006985,sl,3769.0,-0.2606917000000582,0.0871917,5.0,ifvg_clean,0.001,-0.3478834000000582
2025-11,widen_only_tp_2x,459,2128860,2156241,-1,87879.6,86673.59999999966,100.5000000000291,1206.0000000003492,tp,28373.0,1.1181204000003493,0.08787960000000002,5.0,ifvg_clean,0.001,1.0302408000003493
2025-11,widen_only_tp_2x,460,2184155,2184155,1,90160.65,90160.15866551126,0.4913344887347088,4.913344887347088,sl,0.0,-0.09065198448873181,0.09016065,5.0,ifvg,0.001,-0.1808126344887318
2025-11,widen_only_tp_2x,461,2184155,2184155,1,90189.0,90188.01733102254,0.9826689774696699,9.826689774696698,sl,0.0,-0.09117166897746362,0.090189,5.0,ifvg,0.001,-0.1813606689774636
2025-11,widen_only_tp_2x,462,2184157,2184157,1,90132.3,90133.3,0.1,1.0,tp,0.0,-0.0891323,0.0901323,5.0,ifvg,0.001,-0.1792646
2025-11,widen_only_tp_2x,463,2184155,2184268,-1,90137.1,90189.5,283.49999999998545,3401.9999999998254,inv,113.0,-0.1425370999999942,0.09013710000000001,5.0,ifvg_clean,0.001,-0.23267419999999422
2025-11,widen_only_tp_2x,464,2190353,2190359,1,89468.5,89478.41631799164,0.9916317991631798,9.916317991631798,tp,6.0,-0.07955218200836413,0.0894685,5.0,fvg,0.001,-0.16902068200836412
2025-11,widen_only_tp_2x,465,2192586,2192586,-1,89696.8,89692.01739130435,0.4782608695652174,4.782608695652174,tp,0.0,-0.08491419130435163,0.08969680000000001,5.0,fvg,0.001,-0.17461099130435165
2025-11,widen_only_tp_2x,466,2192586,2192586,-1,89685.8,89686.75652173914,0.9565217391304348,9.565217391304348,sl,0.0,-0.09064232173913549,0.0896858,5.0,fvg,0.001,-0.18032812173913548
2025-11,widen_only_tp_2x,467,2192865,2192865,-1,89707.8,89706.8,0.1,1.0,tp,0.0,-0.0887078,0.0897078,5.0,fvg,0.001,-0.1784156
2025-11,widen_only_tp_2x,468,2192867,2192869,-1,89716.3,89717.28050682262,0.980506822612087,9.80506822612087,sl,2.0,-0.09069680682261239,0.08971630000000001,5.0,fvg,0.001,-0.1804131068226124
2025-11,widen_only_tp_2x,469,2192931,2192931,-1,89741.45000000001,89741.94025341132,0.49025341130590167,4.9025341130590165,sl,0.0,-0.0902317034113062,0.08974145000000001,5.0,fvg,0.001,-0.1799731534113062
2025-11,widen_only_tp_2x,470,2192956,2192956,-1,89766.6,89765.6,0.1,1.0,tp,0.0,-0.08876660000000001,0.08976660000000002,5.0,fvg,0.001,-0.17853320000000003
2025-11,widen_only_tp_2x,471,2203470,2203470,-1,90474.70000000001,90475.18226950355,0.4822695035458394,4.822695035458394,inv,0.0,-0.09095696950354003,0.09047470000000002,5.0,ifvg,0.001,-0.18143166950354006
2025-11,widen_only_tp_2x,472,2203470,2203470,-1,90461.1,90462.0645390071,0.9645390070921949,9.645390070921948,sl,0.0,-0.09142563900709458,0.0904611,5.0,ifvg,0.001,-0.18188673900709457
2025-11,widen_only_tp_2x,473,2203558,2203558,-1,90488.3,90488.40000000001,0.1,1.0,inv,0.0,-0.09058830000000583,0.09048830000000001,5.0,ifvg,0.001,-0.18107660000000583
2025-11,widen_only_tp_2x,474,2203470,2204313,1,90479.8,90343.80000000002,135.99999999998545,1631.9999999998254,sl,848.0,-0.22647979999998546,0.09047980000000001,5.0,ifvg_clean,0.001,-0.31695959999998546
2025-11,widen_only_tp_2x,475,1754272,2211030,1,83343.6,91143.6,650.0,7800.0,tp,465179.0,7.7166564,0.08334360000000002,5.0,ifvg_clean,0.001,7.6333128
2025-11,widen_only_tp_2x,476,2266119,2266119,-1,91498.65,91499.13881431767,0.4888143176735401,4.888143176735401,inv,0.0,-0.0919874643176795,0.09149865,5.0,ifvg,0.001,-0.1834861143176795
2025-11,widen_only_tp_2x,477,2266119,2266119,-1,91476.8,91477.77762863535,0.9776286353467546,9.776286353467546,sl,0.0,-0.09245442863534445,0.09147680000000001,5.0,ifvg,0.001,-0.18393122863534445
2025-11,widen_only_tp_2x,478,2266121,2266121,-1,91520.5,91520.6,0.1,1.0,inv,0.0,-0.09162050000000582,0.0915205,5.0,ifvg,0.001,-0.18314100000000583
2025-11,widen_only_tp_2x,479,2266119,2266308,1,91519.9,91301.40000000001,218.49999999998545,2621.9999999998254,sl,190.0,-0.31001989999998547,0.0915199,5.0,ifvg_clean,0.001,-0.40153979999998546
2025-11,widen_only_tp_2x,480,2284355,2284355,-1,91204.35,91204.82942386832,0.47942386831246026,4.794238683124602,sl,0.0,-0.09168377386830982,0.09120435,5.0,ifvg,0.001,-0.18288812386830983
2025-11,widen_only_tp_2x,481,2284355,2284355,-1,91192.7,91193.65884773662,0.9588477366255194,9.588477366255194,sl,0.0,-0.09215154773661964,0.0911927,5.0,ifvg,0.001,-0.18334424773661964
2025-11,widen_only_tp_2x,482,2284355,2284393,1,91214.6,91192.2,116.50000000001455,1398.0000000001746,inv,42.0,-0.11361460000000874,0.0912146,5.0,ifvg_clean,0.001,-0.20482920000000876
2025-11,widen_only_tp_2x,483,2284454,2284454,-1,91216.0,91216.1,0.1,1.0,sl,0.0,-0.09131600000000582,0.091216,5.0,ifvg,0.001,-0.18253200000000583
2025-11,widen_only_tp_2x,484,2317897,2317897,1,91089.9,91088.91522070015,0.9847792998477923,9.847792998477923,sl,0.0,-0.09207467929984801,0.0910899,5.0,fvg,0.001,-0.18316457929984803
2025-11,widen_only_tp_2x,485,2318056,2318056,1,91057.54999999999,91062.47389649923,0.4923896499237854,4.923896499237854,tp,0.0,-0.08613365350075991,0.09105754999999999,5.0,fvg,0.001,-0.1771912035007599
2025-11,widen_only_tp_2x,486,2338312,2338312,1,92677.5,92682.46798975673,0.4967989756722153,4.967989756722153,tp,0.0,-0.08770951024327427,0.0926775,5.0,fvg,0.001,-0.18038701024327425
2025-11,widen_only_tp_2x,487,2338312,2338312,1,92755.1,92754.10640204867,0.9935979513444306,9.935979513444305,sl,0.0,-0.09374869795133935,0.09275510000000002,5.0,fvg,0.001,-0.18650379795133937
2025-11,widen_only_tp_2x,488,2338315,2338315,1,92599.9,92600.9,0.1,1.0,tp,0.0,-0.0915999,0.0925999,5.0,fvg,0.001,-0.1841998
2025-11,widen_only_tp_2x,489,2343843,2343843,1,92099.8,92099.31612903226,0.4838709677419355,4.838709677419355,inv,0.0,-0.09258367096774242,0.09209980000000001,5.0,ifvg,0.001,-0.18468347096774243
2025-11,widen_only_tp_2x,490,2343843,2343843,1,92114.8,92113.83225806452,0.967741935483871,9.67741935483871,sl,0.0,-0.09308254193548482,0.09211480000000001,5.0,ifvg,0.001,-0.18519734193548482
2025-11,widen_only_tp_2x,491,2344027,2344027,1,92084.8,92084.7,0.1,1.0,inv,0.0,-0.09218480000000583,0.09208480000000001,5.0,ifvg,0.001,-0.18426960000000583
2025-11,widen_only_tp_2x,492,2344047,2344047,1,92048.7,92048.20856164383,0.4914383561643827,4.914383561643827,inv,0.0,-0.09254013835616996,0.0920487,5.0,ifvg,0.001,-0.18458883835616996
2025-11,widen_only_tp_2x,493,2344047,2344047,1,92077.4,92076.41712328767,0.9828767123287654,9.828767123287655,sl,0.0,-0.09306027671232538,0.0920774,5.0,ifvg,0.001,-0.1851376767123254
2025-11,widen_only_tp_2x,494,2344051,2344051,1,92020.0,92019.9,0.1,1.0,inv,0.0,-0.09212000000000582,0.09202,5.0,ifvg,0.001,-0.18414000000000583
2025-11,widen_only_tp_2x,495,2345687,2345687,1,91267.9,91267.41008064516,0.4899193548385612,4.899193548385612,inv,0.0,-0.09175781935483354,0.0912679,5.0,ifvg,0.001,-0.18302571935483353
2025-11,widen_only_tp_2x,496,2345687,2345687,1,91292.2,91291.22016129032,0.9798387096774158,9.798387096774158,sl,0.0,-0.09227203870968163,0.09129219999999999,5.0,ifvg,0.001,-0.18356423870968164
2025-11,widen_only_tp_2x,497,2345688,2345688,1,91243.6,91243.5,0.1,1.0,inv,0.0,-0.09134360000000583,0.09124360000000001,5.0,ifvg,0.001,-0.18258720000000583
2025-11,widen_only_tp_2x,498,2345687,2346367,-1,91248.2,91491.19999999995,242.99999999995634,2915.999999999476,sl,680.0,-0.33424819999995636,0.0912482,5.0,ifvg_clean,0.001,-0.42549639999995637
2025-11,widen_only_tp_2x,499,2346508,2346508,1,91419.1,91418.11308900524,0.9869109947643995,9.869109947643995,sl,0.0,-0.0924060109947613,0.09141910000000002,5.0,fvg,0.001,-0.18382511099476131
2025-11,widen_only_tp_2x,500,2346533,2346533,1,91381.4,91380.9065445026,0.4934554973821045,4.934554973821045,sl,0.0,-0.09187485549738791,0.0913814,5.0,fvg,0.001,-0.18325625549738792
2025-11,widen_only_tp_2x,501,2346710,2346710,1,91343.7,91344.7,0.1,1.0,tp,0.0,-0.0903437,0.0913437,5.0,fvg,0.001,-0.1816874
2025-11,widen_only_tp_2x,502,2343843,2349286,-1,92091.0,90291.0,150.0,1800.0,tp,5443.0,1.7079090000000001,0.092091,5.0,ifvg_clean,0.001,1.6158180000000002
2025-11,widen_only_tp_2x,503,2350146,2350146,1,90433.65,90433.15974658869,0.49025341130590167,4.9025341130590165,inv,0.0,-0.09092390341130618,0.09043365,5.0,ifvg,0.001,-0.1813575534113062
2025-11,widen_only_tp_2x,504,2350146,2350146,1,90458.8,90457.81949317739,0.980506822612087,9.80506822612087,sl,0.0,-0.09143930682261238,0.0904588,5.0,ifvg,0.001,-0.18189810682261237
2025-11,widen_only_tp_2x,505,2350146,2350500,-1,90431.8,90683.30000000002,251.50000000001455,3018.0000000001746,sl,354.0,-0.34193180000001455,0.0904318,5.0,ifvg_clean,0.001,-0.43236360000001456
2025-11,widen_only_tp_2x,506,2351230,2351230,1,90408.5,90408.4,0.1,1.0,inv,0.0,-0.09050850000000582,0.0904085,5.0,ifvg,0.001,-0.18091700000000582
2025-11,widen_only_tp_2x,507,2525469,2525469,1,90900.0,90899.51824817518,0.4817518248175144,4.817518248175144,inv,0.0,-0.09138175182481646,0.09090000000000001,5.0,ifvg,0.001,-0.18228175182481648
2025-11,widen_only_tp_2x,508,2525469,2525469,1,90913.2,90912.23649635036,0.9635036496350288,9.635036496350288,sl,0.0,-0.09187670364963291,0.0909132,5.0,ifvg,0.001,-0.1827899036496329
2025-11,widen_only_tp_2x,509,2525524,2525524,1,90886.8,90887.8,0.1,1.0,tp,0.0,-0.0898868,0.0908868,5.0,ifvg,0.001,-0.1807736
2025-11,widen_only_tp_2x,510,2344047,2528361,-1,92028.2,90320.6,286.9999999999709,3443.9999999996508,eod,201253.0,1.6155717999999912,0.0920282,5.0,ifvg_clean,0.001,1.5235435999999911
2025-11,widen_only_tp_2x,511,2525469,2528361,-1,90891.5,90320.6,131.9999999999709,1583.9999999996508,eod,2915.0,0.4800084999999942,0.09089150000000001,5.0,ifvg_clean,0.001,0.38911699999999416
2025-11,widen_both_2x,0,133733,133739,-1,109868.2,109858.3012145749,0.9898785425101218,9.898785425101217,tp,6.0,-0.09996941457489732,0.1098682,5.0,fvg,0.001,-0.2098376145748973
2025-11,widen_both_2x,1,134594,134594,-1,109917.1,109912.15060728746,0.4949392712549872,4.949392712549872,tp,0.0,-0.10496770728745594,0.1099171,5.0,fvg,0.001,-0.21488480728745596
2025-11,widen_both_2x,2,134701,134701,-1,109966.0,109965.0,0.1,1.0,tp,0.0,-0.10896600000000001,0.10996600000000001,5.0,fvg,0.001,-0.21893200000000002
2025-11,widen_both_2x,3,159464,159464,1,110639.9,110638.90919117647,0.9908088235294108,9.908088235294109,sl,0.0,-0.11163070882352427,0.1106399,5.0,fvg,0.001,-0.22227060882352428
2025-11,widen_both_2x,4,159510,159510,1,110586.0,110585.50459558824,0.4954044117647054,4.954044117647054,sl,0.0,-0.11108140441176215,0.110586,5.0,fvg,0.001,-0.22166740441176214
2025-11,widen_both_2x,5,160253,160253,1,110532.1,110533.1,0.1,1.0,tp,0.0,-0.10953210000000002,0.11053210000000002,5.0,fvg,0.001,-0.22006420000000004
2025-11,widen_both_2x,6,161095,161095,1,110323.29999999999,110322.80484496123,0.4951550387596193,4.951550387596193,inv,0.0,-0.11081845503876317,0.11032329999999999,5.0,ifvg,0.001,-0.22114175503876315
2025-11,widen_both_2x,7,161095,161095,1,110374.4,110373.40968992247,0.9903100775193796,9.903100775193796,sl,0.0,-0.11136471007752637,0.1103744,5.0,ifvg,0.001,-0.22173911007752636
2025-11,widen_both_2x,8,161137,161137,1,110272.2,110272.09999999999,0.1,1.0,inv,0.0,-0.11037220000000582,0.1102722,5.0,ifvg,0.001,-0.22064440000000582
2025-11,widen_both_2x,9,164817,164817,1,109614.29999999999,109613.80626566416,0.49373433583950804,4.93734335839508,inv,0.0,-0.1101080343358324,0.10961429999999998,5.0,ifvg,0.001,-0.21972233433583238
2025-11,widen_both_2x,10,164817,164817,1,109653.7,109652.71253132832,0.9874686716791985,9.874686716791985,sl,0.0,-0.11064116867167939,0.1096537,5.0,ifvg,0.001,-0.2202948686716794
2025-11,widen_both_2x,11,164821,164821,1,109574.9,109574.79999999999,0.1,1.0,inv,0.0,-0.10967490000000582,0.1095749,5.0,ifvg,0.001,-0.21924980000000582
2025-11,widen_both_2x,12,170328,170328,-1,108719.7,108720.1827586207,0.48275862068965514,4.827586206896552,sl,0.0,-0.10920245862069568,0.1087197,5.0,ifvg,0.001,-0.2179221586206957
2025-11,widen_both_2x,13,170328,170328,-1,108705.7,108706.66551724137,0.9655172413793103,9.655172413793103,sl,0.0,-0.1096712172413768,0.10870569999999999,5.0,ifvg,0.001,-0.21837691724137678
2025-11,widen_both_2x,14,170328,170336,1,108730.7,108705.2,140.0,1680.0,inv,8.0,-0.1342307,0.1087307,5.0,ifvg_clean,0.001,-0.2429614
2025-11,widen_both_2x,15,170350,170350,-1,108733.7,108732.7,0.1,1.0,tp,0.0,-0.1077337,0.1087337,5.0,ifvg,0.001,-0.2164674
2025-11,widen_both_2x,16,188915,188915,1,107382.55,107382.06089324619,0.4891067538126348,4.891067538126348,inv,0.0,-0.10787165675381194,0.10738255000000001,5.0,ifvg,0.001,-0.21525420675381196
2025-11,widen_both_2x,17,188915,188915,1,107405.0,107404.02178649238,0.9782135076252696,9.782135076252697,sl,0.0,-0.10838321350762388,0.107405,5.0,ifvg,0.001,-0.2157882135076239
2025-11,widen_both_2x,18,188919,188919,1,107360.1,107360.0,0.1,1.0,inv,0.0,-0.10746010000000582,0.1073601,5.0,ifvg,0.001,-0.21482020000000582
2025-11,widen_both_2x,19,188915,191248,-1,107361.9,107586.39999999997,224.4999999999709,2693.9999999996508,sl,2346.0,-0.3318618999999709,0.1073619,5.0,ifvg_clean,0.001,-0.4392237999999709
2025-11,widen_both_2x,20,202295,202295,-1,107803.4,107803.89501992031,0.49501992031879805,4.950199203187981,inv,0.0,-0.10829841992031582,0.1078034,5.0,ifvg,0.001,-0.2161018199203158
2025-11,widen_both_2x,21,202295,202295,-1,107753.7,107754.69003984063,0.9900398406374511,9.90039840637451,sl,0.0,-0.10874373984063165,0.1077537,5.0,ifvg,0.001,-0.21649743984063163
2025-11,widen_both_2x,22,202526,202526,-1,107853.1,107853.20000000001,0.1,1.0,inv,0.0,-0.10795310000000582,0.10785310000000001,5.0,ifvg,0.001,-0.21580620000000583
2025-11,widen_both_2x,23,202295,211165,1,107847.7,107350.69999999995,497.00000000004366,5964.000000000524,sl,8947.0,-0.6048477000000437,0.1078477,5.0,ifvg_clean,0.001,-0.7126954000000437
2025-11,widen_both_2x,24,212631,212631,-1,108090.1,108091.090990991,0.990990990990991,9.90990990990991,sl,0.0,-0.10908109099099113,0.10809010000000001,5.0,fvg,0.001,-0.21717119099099114
2025-11,widen_both_2x,25,225599,225599,-1,107299.3,107299.78780487805,0.4878048780487805,4.878048780487805,sl,0.0,-0.10778710487805197,0.1072993,5.0,ifvg,0.001,-0.21508640487805197
2025-11,widen_both_2x,26,225599,225599,-1,107279.3,107280.2756097561,0.975609756097561,9.75609756097561,sl,0.0,-0.10825490975610395,0.10727930000000001,5.0,ifvg,0.001,-0.21553420975610396
2025-11,widen_both_2x,27,225599,225614,1,107315.0,107278.8,200.0,2400.0,inv,15.0,-0.1435149999999971,0.107315,5.0,ifvg_clean,0.001,-0.2508299999999971
2025-11,widen_both_2x,28,225630,225630,-1,107319.3,107318.3,0.1,1.0,tp,0.0,-0.1063193,0.1073193,5.0,ifvg,0.001,-0.2136386
2025-11,widen_both_2x,29,257419,257419,-1,107042.9,107043.0,0.1,1.0,inv,0.0,-0.10714290000000583,0.10704290000000001,5.0,ifvg,0.001,-0.21418580000000584
2025-11,widen_both_2x,30,257419,257419,-1,107012.85,107013.34181669395,0.4918166939442333,4.918166939442333,sl,0.0,-0.10750466669394604,0.10701285000000002,5.0,ifvg,0.001,-0.21451751669394606
2025-11,widen_both_2x,31,257419,257419,-1,106982.8,106983.7836333879,0.9836333878887048,9.836333878887048,sl,0.0,-0.10796643338789205,0.10698280000000002,5.0,ifvg,0.001,-0.21494923338789207
2025-11,widen_both_2x,32,257419,261081,1,107049.3,106748.80000000005,300.49999999995634,3605.999999999476,sl,3709.0,-0.40754929999995637,0.1070493,5.0,ifvg_clean,0.001,-0.5145985999999564
2025-11,widen_both_2x,33,164817,265169,-1,109580.3,104852.29999999983,394.00000000001455,4728.000000000175,tp,101263.0,4.6184197000001745,0.1095803,5.0,ifvg_clean,0.001,4.508839400000174
2025-11,widen_both_2x,34,161095,265966,-1,110272.3,104140.30000000018,510.99999999998545,6131.999999999825,tp,105831.0,6.0217276999998255,0.1102723,5.0,ifvg_clean,0.001,5.911455399999825
2025-11,widen_both_2x,35,297609,297609,1,103922.35,103921.86094091904,0.4890590809629594,4.890590809629594,sl,0.0,-0.10441140908096641,0.10392235000000001,5.0,fvg,0.001,-0.2083337590809664
2025-11,widen_both_2x,36,297609,297609,1,103944.7,103943.72188183806,0.9781181619256004,9.781181619256005,sl,0.0,-0.1049228181619328,0.1039447,5.0,fvg,0.001,-0.2088675181619328
2025-11,widen_both_2x,37,297611,297611,1,103900.0,103901.0,0.1,1.0,tp,0.0,-0.1029,0.1039,5.0,fvg,0.001,-0.2068
2025-11,widen_both_2x,38,405847,405847,-1,103782.0,103782.48837209302,0.4883720930232558,4.883720930232558,sl,0.0,-0.10427037209302292,0.103782,5.0,ifvg,0.001,-0.2080523720930229
2025-11,widen_both_2x,39,405847,405847,-1,103761.0,103761.97674418605,0.9767441860465116,9.767441860465116,sl,0.0,-0.10473774418604583,0.10376099999999999,5.0,ifvg,0.001,-0.2084987441860458
2025-11,widen_both_2x,40,405854,405854,-1,103803.0,103803.1,0.1,1.0,sl,0.0,-0.10390300000000581,0.10380299999999999,5.0,ifvg,0.001,-0.2077060000000058
2025-11,widen_both_2x,41,405847,405889,1,103787.4,103760.5,210.0,2520.0,inv,42.0,-0.13068739999999418,0.10378739999999999,5.0,ifvg_clean,0.001,-0.23447479999999415
2025-11,widen_both_2x,42,559713,559713,1,100710.6,100710.5,0.1,1.0,inv,0.0,-0.10081060000000583,0.10071060000000001,5.0,ifvg,0.001,-0.20152120000000584
2025-11,widen_both_2x,43,559713,559713,1,100730.55,100730.06222493888,0.4877750611246926,4.877750611246926,sl,0.0,-0.10121832506111948,0.10073055000000002,5.0,ifvg,0.001,-0.2019488750611195
2025-11,widen_both_2x,44,559713,559713,1,100750.5,100749.52444987775,0.9755501222493852,9.755501222493852,sl,0.0,-0.10172605012225348,0.1007505,5.0,ifvg,0.001,-0.2024765501222535
2025-11,widen_both_2x,45,559839,559839,1,100592.1,100591.6030120482,0.49698795180722893,4.96987951807229,inv,0.0,-0.10108908795180302,0.1005921,5.0,ifvg,0.001,-0.201681187951803
2025-11,widen_both_2x,46,559839,559839,1,100674.6,100673.60602409639,0.9939759036144579,9.93975903614458,sl,0.0,-0.1016685759036206,0.10067460000000002,5.0,ifvg,0.001,-0.2023431759036206
2025-11,widen_both_2x,47,559843,559843,1,100509.6,100509.5,0.1,1.0,inv,0.0,-0.10060960000000582,0.1005096,5.0,ifvg,0.001,-0.20111920000000583
2025-11,widen_both_2x,48,559713,560249,-1,100697.9,100897.39999999997,199.4999999999709,2393.9999999996508,sl,536.0,-0.3001978999999709,0.10069789999999999,5.0,ifvg_clean,0.001,-0.4008957999999709
2025-11,widen_both_2x,49,559839,560440,-1,100511.4,101336.4,825.0,9900.0,sl,601.0,-0.9255114000000001,0.1005114,5.0,ifvg_clean,0.001,-1.0260228
2025-11,widen_both_2x,50,596731,596731,1,103101.20000000001,103100.71344086023,0.48655913978514076,4.865591397851407,sl,0.0,-0.10358775913978294,0.10310120000000002,5.0,ifvg,0.001,-0.20668895913978297
2025-11,widen_both_2x,51,596731,596731,1,103119.3,103118.32688172044,0.9731182795698904,9.731182795698905,sl,0.0,-0.10409241827956583,0.10311930000000001,5.0,ifvg,0.001,-0.20721171827956586
2025-11,widen_both_2x,52,596731,596738,-1,103090.3,103119.8,180.99999999998545,2171.9999999998254,inv,7.0,-0.1325903,0.1030903,5.0,ifvg_clean,0.001,-0.2356806
2025-11,widen_both_2x,53,597372,597372,1,103083.1,103083.0,0.1,1.0,inv,0.0,-0.10318310000000581,0.1030831,5.0,ifvg,0.001,-0.2062662000000058
2025-11,widen_both_2x,54,732248,732248,1,103665.25,103664.75321543409,0.4967845659163987,4.967845659163987,sl,0.0,-0.1041620345659121,0.10366525,5.0,ifvg,0.001,-0.2078272845659121
2025-11,widen_both_2x,55,732248,732248,1,103742.5,103741.50643086816,0.9935691318327974,9.935691318327974,sl,0.0,-0.10473606913183875,0.10374250000000002,5.0,ifvg,0.001,-0.20847856913183876
2025-11,widen_both_2x,56,732371,732371,1,103588.0,103589.0,0.1,1.0,tp,0.0,-0.10258800000000001,0.10358800000000001,5.0,ifvg,0.001,-0.20617600000000003
2025-11,widen_both_2x,57,732248,733494,-1,103589.5,103743.0,772.5,9270.0,inv,1253.0,-0.25708949999999997,0.1035895,5.0,ifvg_clean,0.001,-0.36067899999999997
2025-11,widen_both_2x,58,736176,736176,1,103552.7,103552.2073964497,0.4926035502958586,4.9260355029585865,sl,0.0,-0.10404530355030128,0.1035527,5.0,ifvg,0.001,-0.20759800355030128
2025-11,widen_both_2x,59,736176,736176,1,103586.0,103585.01479289941,0.9852071005917172,9.852071005917173,sl,0.0,-0.10457120710058801,0.103586,5.0,ifvg,0.001,-0.208157207100588
2025-11,widen_both_2x,60,736176,736179,-1,103531.0,103586.5,333.0000000000291,3996.0000000003492,inv,3.0,-0.159031,0.10353100000000001,5.0,ifvg_clean,0.001,-0.262562
2025-11,widen_both_2x,61,800230,800230,-1,105947.25,105947.73422712933,0.48422712933754525,4.842271293375452,sl,0.0,-0.10643147712933097,0.10594724999999999,5.0,ifvg,0.001,-0.21237872712933098
2025-11,widen_both_2x,62,800230,800230,-1,105931.9,105932.86845425867,0.9684542586750905,9.684542586750904,sl,0.0,-0.1069003542586765,0.1059319,5.0,ifvg,0.001,-0.2128322542586765
2025-11,widen_both_2x,63,800268,800268,-1,105962.6,105961.6,0.1,1.0,tp,0.0,-0.10496260000000002,0.10596260000000002,5.0,ifvg,0.001,-0.21092520000000003
2025-11,widen_both_2x,64,800230,800300,1,105956.6,105931.4,153.5000000000582,1842.0000000006985,inv,70.0,-0.13115660000001167,0.10595660000000001,5.0,ifvg_clean,0.001,-0.23711320000001168
2025-11,widen_both_2x,65,807998,807998,-1,106189.0,106189.98031496063,0.9803149606299224,9.803149606299224,sl,0.0,-0.1071693149606305,0.106189,5.0,fvg,0.001,-0.2133583149606305
2025-11,widen_both_2x,66,813686,813686,1,104988.8,104988.30405186386,0.4959481361426254,4.959481361426254,inv,0.0,-0.10548474813614388,0.10498880000000002,5.0,ifvg,0.001,-0.21047354813614388
2025-11,widen_both_2x,67,813686,813686,1,105050.0,105049.00810372771,0.9918962722852508,9.918962722852507,sl,0.0,-0.1060418962722877,0.10505,5.0,ifvg,0.001,-0.2110918962722877
2025-11,widen_both_2x,68,813689,813689,1,104927.6,104927.5,0.1,1.0,inv,0.0,-0.10502760000000583,0.10492760000000001,5.0,ifvg,0.001,-0.20995520000000584
2025-11,widen_both_2x,69,816046,816046,1,105081.05,105080.56285347044,0.4871465295629801,4.871465295629801,inv,0.0,-0.10556819652955823,0.10508105000000001,5.0,ifvg,0.001,-0.21064924652955824
2025-11,widen_both_2x,70,816046,816046,1,105100.0,105099.02570694087,0.9742930591259602,9.742930591259602,sl,0.0,-0.10607429305913103,0.10510000000000001,5.0,ifvg,0.001,-0.21117429305913105
2025-11,widen_both_2x,71,816056,816056,1,105062.1,105062.0,0.1,1.0,inv,0.0,-0.10516210000000582,0.1050621,5.0,ifvg,0.001,-0.21022420000000583
2025-11,widen_both_2x,72,816046,817272,-1,105068.7,105258.19999999997,189.4999999999709,2273.9999999996508,sl,1235.0,-0.29456869999997093,0.1050687,5.0,ifvg_clean,0.001,-0.39963739999997094
2025-11,widen_both_2x,73,818823,818823,1,105345.05,105344.5656739812,0.48432601880877457,4.843260188087745,sl,0.0,-0.10582937601880632,0.10534505000000001,5.0,ifvg,0.001,-0.21117442601880632
2025-11,widen_both_2x,74,818823,818823,1,105360.5,105359.53134796239,0.9686520376175491,9.68652037617549,sl,0.0,-0.10632915203761263,0.10536050000000001,5.0,ifvg,0.001,-0.21168965203761264
2025-11,widen_both_2x,75,818823,818847,-1,105336.7,105361.0,154.4999999999709,1853.9999999996508,inv,24.0,-0.1296367000000029,0.10533669999999999,5.0,ifvg_clean,0.001,-0.23497340000000289
2025-11,widen_both_2x,76,818936,818936,1,105329.6,105330.6,0.1,1.0,tp,0.0,-0.10432960000000001,0.10532960000000001,5.0,ifvg,0.001,-0.20965920000000002
2025-11,widen_both_2x,77,813686,819450,-1,104936.4,105548.39999999997,611.9999999999709,7343.999999999651,sl,5827.0,-0.7169363999999709,0.1049364,5.0,ifvg_clean,0.001,-0.821872799999971
2025-11,widen_both_2x,78,835871,835871,-1,105477.85,105478.34381953029,0.4938195302842123,4.938195302842123,inv,0.0,-0.10597166953028206,0.10547785000000001,5.0,ifvg,0.001,-0.21144951953028207
2025-11,widen_both_2x,79,835871,835871,-1,105437.9,105438.88763906056,0.9876390605686045,9.876390605686044,sl,0.0,-0.10642553906056411,0.1054379,5.0,ifvg,0.001,-0.2118634390605641
2025-11,widen_both_2x,80,836054,836054,-1,105517.8,105517.90000000001,0.1,1.0,inv,0.0,-0.10561780000000583,0.10551780000000001,5.0,ifvg,0.001,-0.21113560000000584
2025-11,widen_both_2x,81,837374,837374,1,105825.1,105824.13003003004,0.9699699699699726,9.699699699699726,sl,0.0,-0.10679506996997042,0.1058251,5.0,ifvg,0.001,-0.2126201699699704
2025-11,widen_both_2x,82,837374,837377,-1,105813.4,105825.6,161.50000000001455,1938.0000000001746,inv,3.0,-0.11801340000001165,0.1058134,5.0,ifvg_clean,0.001,-0.22382680000001165
2025-11,widen_both_2x,83,837392,837392,1,105808.95000000001,105808.46501501503,0.4849849849852048,4.849849849852048,sl,0.0,-0.10629393498498521,0.10580895000000001,5.0,ifvg,0.001,-0.21210288498498522
2025-11,widen_both_2x,84,837403,837403,1,105792.8,105793.8,0.1,1.0,tp,0.0,-0.1047928,0.1057928,5.0,ifvg,0.001,-0.2105856
2025-11,widen_both_2x,85,849676,849676,1,106018.15,106017.66246882793,0.4875311720696413,4.875311720696413,inv,0.0,-0.10650568117206796,0.10601814999999999,5.0,ifvg,0.001,-0.21252383117206797
2025-11,widen_both_2x,86,849676,849676,1,106037.7,106036.72493765586,0.9750623441396454,9.750623441396455,sl,0.0,-0.10701276234413595,0.1060377,5.0,ifvg,0.001,-0.21305046234413594
2025-11,widen_both_2x,87,849711,849711,1,105998.6,105998.5,0.1,1.0,inv,0.0,-0.10609860000000583,0.10599860000000001,5.0,ifvg,0.001,-0.21209720000000584
2025-11,widen_both_2x,88,849676,850156,-1,106003.3,106198.79999999996,195.49999999995634,2345.999999999476,sl,486.0,-0.30150329999995634,0.10600330000000001,5.0,ifvg_clean,0.001,-0.40750659999995636
2025-11,widen_both_2x,89,854133,854138,-1,106781.6,106782.59162479063,0.9916247906197652,9.916247906197652,sl,5.0,-0.10777322479062217,0.10678160000000002,5.0,fvg,0.001,-0.21455482479062218
2025-11,widen_both_2x,90,854544,854544,-1,106559.95,106560.44381953028,0.4938195302843012,4.938195302843012,inv,0.0,-0.10705376953028205,0.10655995,5.0,ifvg,0.001,-0.21361371953028205
2025-11,widen_both_2x,91,854544,854544,-1,106520.0,106520.98763906056,0.9876390605686024,9.876390605686025,sl,0.0,-0.10750763906056411,0.10652,5.0,ifvg,0.001,-0.2140276390605641
2025-11,widen_both_2x,92,854624,854624,-1,106599.9,106600.0,0.1,1.0,inv,0.0,-0.10669990000000582,0.1065999,5.0,ifvg,0.001,-0.2132998000000058
2025-11,widen_both_2x,93,855941,855941,-1,106400.95,106401.43567335243,0.4856733524355277,4.856733524355278,sl,0.0,-0.10688662335243569,0.10640095,5.0,ifvg,0.001,-0.2132875733524357
2025-11,widen_both_2x,94,855941,855941,-1,106384.0,106384.97134670487,0.9713467048710555,9.713467048710555,sl,0.0,-0.1073553467048714,0.106384,5.0,ifvg,0.001,-0.2137393467048714
2025-11,widen_both_2x,95,855942,855942,-1,106417.9,106416.9,0.1,1.0,tp,0.0,-0.10541790000000001,0.10641790000000001,5.0,ifvg,0.001,-0.21183580000000002
2025-11,widen_both_2x,96,855941,856152,1,106414.9,106383.5,169.4999999999709,2033.9999999996508,inv,212.0,-0.1378148999999942,0.1064149,5.0,ifvg_clean,0.001,-0.2442297999999942
2025-11,widen_both_2x,97,854544,856487,1,106576.3,106176.80000000003,399.4999999999709,4793.999999999651,sl,1971.0,-0.5060762999999708,0.1065763,5.0,ifvg_clean,0.001,-0.6126525999999708
2025-11,widen_both_2x,98,835871,860263,1,105512.7,105113.19999999995,399.50000000004366,4794.000000000524,sl,24783.0,-0.5050127000000436,0.1055127,5.0,ifvg_clean,0.001,-0.6105254000000436
2025-11,widen_both_2x,99,861070,861070,1,105415.95000000001,105415.46199040768,0.4880095923263127,4.880095923263127,inv,0.0,-0.10590395959232904,0.10541595000000001,5.0,ifvg,0.001,-0.21131990959232905
2025-11,widen_both_2x,100,861070,861070,1,105436.3,105435.32398081534,0.9760191846522764,9.760191846522764,sl,0.0,-0.10641231918465809,0.10543630000000001,5.0,ifvg,0.001,-0.21184861918465808
2025-11,widen_both_2x,101,861287,861287,1,105395.6,105395.5,0.1,1.0,inv,0.0,-0.10549560000000582,0.1053956,5.0,ifvg,0.001,-0.21089120000000583
2025-11,widen_both_2x,102,880992,880992,-1,105288.05,105288.53687664043,0.4868766404199495,4.868766404199495,inv,0.0,-0.10577492664042518,0.10528805,5.0,ifvg,0.001,-0.21106297664042517
2025-11,widen_both_2x,103,880992,880992,-1,105269.5,105270.47375328084,0.973753280839899,9.73753280839899,sl,0.0,-0.10624325328083582,0.10526950000000002,5.0,ifvg,0.001,-0.21151275328083585
2025-11,widen_both_2x,104,881080,881080,-1,105306.6,105306.70000000001,0.1,1.0,inv,0.0,-0.10540660000000582,0.1053066,5.0,ifvg,0.001,-0.21071320000000582
2025-11,widen_both_2x,105,880992,883664,1,105304.8,105119.29999999997,185.5000000000291,2226.0000000003492,sl,2727.0,-0.2908048000000291,0.1053048,5.0,ifvg_clean,0.001,-0.39610960000002915
2025-11,widen_both_2x,106,887934,887934,-1,104626.1,104627.08664886517,0.986648865153537,9.86648865153537,sl,0.0,-0.10561274886516055,0.10462610000000001,5.0,fvg,0.001,-0.21023884886516056
2025-11,widen_both_2x,107,888288,888288,-1,104663.05,104663.54332443258,0.4933244325767685,4.933244325767685,sl,0.0,-0.10515637443258027,0.10466305000000001,5.0,fvg,0.001,-0.20981942443258028
2025-11,widen_both_2x,108,895014,895014,1,104414.1,104413.122172949,0.9778270509977857,9.778270509977856,sl,0.0,-0.10539192705099963,0.10441410000000001,5.0,fvg,0.001,-0.20980602705099965
2025-11,widen_both_2x,109,895017,895017,1,104392.05,104396.93913525499,0.48891352549889283,4.889135254988928,tp,0.0,-0.09950291474501646,0.10439205000000001,5.0,fvg,0.001,-0.20389496474501648
2025-11,widen_both_2x,110,895062,895062,1,104370.0,104371.0,0.1,1.0,tp,0.0,-0.10337,0.10437,5.0,fvg,0.001,-0.20774
2025-11,widen_both_2x,111,861070,904593,-1,105406.6,102964.60000000018,203.49999999998545,2441.9999999998254,tp,43915.0,2.336593399999826,0.10540660000000002,5.0,ifvg_clean,0.001,2.2311867999998256
2025-11,widen_both_2x,112,957972,957972,1,104013.1,104012.11584786055,0.9841521394611741,9.84152139461174,sl,0.0,-0.10499725213945556,0.10401310000000001,5.0,fvg,0.001,-0.20901035213945557
2025-11,widen_both_2x,113,958112,958112,1,103982.05,103981.55792393028,0.49207606973058704,4.92076069730587,sl,0.0,-0.10447412606972778,0.10398205,5.0,fvg,0.001,-0.20845617606972777
2025-11,widen_both_2x,114,958120,958120,1,103951.0,103952.0,0.1,1.0,tp,0.0,-0.10295100000000001,0.10395100000000002,5.0,fvg,0.001,-0.20690200000000003
2025-11,widen_both_2x,115,959640,959640,1,104260.0,104259.02915451895,0.9708454810495651,9.70845481049565,sl,0.0,-0.10523084548104614,0.10426,5.0,fvg,0.001,-0.20949084548104613
2025-11,widen_both_2x,116,962181,962181,-1,104503.2,104504.18850574712,0.9885057471264368,9.885057471264368,sl,0.0,-0.10549170574712559,0.10450319999999999,5.0,fvg,0.001,-0.2099949057471256
2025-11,widen_both_2x,117,962826,962826,-1,104546.2,104541.25747126437,0.4942528735632184,4.942528735632184,tp,0.0,-0.099603671264372,0.1045462,5.0,fvg,0.001,-0.204149871264372
2025-11,widen_both_2x,118,962842,962842,-1,104589.2,104588.2,0.1,1.0,tp,0.0,-0.1035892,0.10458920000000001,5.0,fvg,0.001,-0.2081784
2025-11,widen_both_2x,119,965616,965616,-1,104796.3,104796.79579831933,0.49579831932773105,4.95798319327731,inv,0.0,-0.1052920983193308,0.10479630000000001,5.0,ifvg,0.001,-0.2100883983193308
2025-11,widen_both_2x,120,965616,965616,-1,104737.3,104738.29159663866,0.9915966386554621,9.91596638655462,sl,0.0,-0.10572889663866158,0.1047373,5.0,ifvg,0.001,-0.2104661966386616
2025-11,widen_both_2x,121,965959,965959,-1,104855.3,104855.40000000001,0.1,1.0,inv,0.0,-0.10495530000000582,0.1048553,5.0,ifvg,0.001,-0.20981060000000581
2025-11,widen_both_2x,122,965616,980001,1,104850.1,104260.1,590.0,7080.0,sl,14391.0,-0.6948501,0.10485010000000002,5.0,ifvg_clean,0.001,-0.7997002000000001
2025-11,widen_both_2x,123,992020,992020,1,101625.35,101624.87164502165,0.4783549783552851,4.783549783552851,sl,0.0,-0.1021037049783606,0.10162535000000002,5.0,ifvg,0.001,-0.20372905497836064
2025-11,widen_both_2x,124,992020,992020,1,101636.4,101635.44329004329,0.9567099567099403,9.567099567099403,sl,0.0,-0.10259310995670662,0.1016364,5.0,ifvg,0.001,-0.20422950995670663
2025-11,widen_both_2x,125,992021,992021,1,101614.3,101615.3,0.1,1.0,tp,0.0,-0.1006143,0.1016143,5.0,ifvg,0.001,-0.2022286
2025-11,widen_both_2x,126,992020,992445,-1,101624.8,101636.9,110.49999999995634,1325.9999999994761,inv,428.0,-0.11372479999999129,0.10162480000000002,5.0,ifvg_clean,0.001,-0.21534959999999131
2025-11,widen_both_2x,127,1000090,1000090,1,101482.0,101481.9,0.1,1.0,sl,0.0,-0.10158200000000582,0.101482,5.0,ifvg,0.001,-0.20306400000000582
2025-11,widen_both_2x,128,1000090,1000090,1,101521.7,101521.20621890547,0.49378109452736274,4.937810945273627,sl,0.0,-0.10201548109452663,0.10152169999999999,5.0,ifvg,0.001,-0.20353718109452662
2025-11,widen_both_2x,129,1000090,1000090,1,101561.4,101560.41243781094,0.9875621890547255,9.875621890547254,sl,0.0,-0.10254896218905328,0.1015614,5.0,ifvg,0.001,-0.20411036218905326
2025-11,widen_both_2x,130,1000090,1000230,-1,101482.0,101561.9,396.9999999999709,4763.999999999651,inv,140.0,-0.1813819999999942,0.101482,5.0,ifvg_clean,0.001,-0.2828639999999942
2025-11,widen_both_2x,131,1066641,1066641,-1,102446.2,102446.3,0.1,1.0,inv,0.0,-0.10254620000000582,0.1024462,5.0,ifvg,0.001,-0.20499240000000582
2025-11,widen_both_2x,132,1066641,1066641,-1,102345.5,102345.99752964427,0.49752964426877466,4.975296442687746,sl,0.0,-0.10284302964427171,0.1023455,5.0,ifvg,0.001,-0.2051885296442717
2025-11,widen_both_2x,133,1066641,1066641,-1,102244.8,102245.79505928855,0.9950592885375493,9.950592885375492,sl,0.0,-0.10323985928854343,0.10224480000000001,5.0,ifvg,0.001,-0.20548465928854343
2025-11,widen_both_2x,134,1066913,1066913,1,102491.45000000001,102490.96706484642,0.48293515358386774,4.829351535838677,sl,0.0,-0.1029743851535882,0.10249145000000001,5.0,ifvg,0.001,-0.2054658351535882
2025-11,widen_both_2x,135,1066913,1066913,1,102505.6,102504.63412969284,0.9658703071672389,9.658703071672388,sl,0.0,-0.10347147030716182,0.1025056,5.0,ifvg,0.001,-0.20597707030716184
2025-11,widen_both_2x,136,1066919,1066919,1,102477.3,102478.3,0.1,1.0,tp,0.0,-0.1014773,0.10247730000000001,5.0,ifvg,0.001,-0.2039546
2025-11,widen_both_2x,137,1066913,1066922,-1,102478.0,102506.1,141.50000000001455,1698.0000000001746,inv,9.0,-0.13057800000000583,0.10247800000000001,5.0,ifvg_clean,0.001,-0.23305600000000584
2025-11,widen_both_2x,138,1067252,1067252,1,102595.1,102594.11543209877,0.9845679012345686,9.845679012345686,sl,0.0,-0.10357966790123602,0.10259510000000001,5.0,fvg,0.001,-0.206174767901236
2025-11,widen_both_2x,139,1067267,1067267,1,102563.20000000001,102562.7077160494,0.4922839506173966,4.9228395061739665,sl,0.0,-0.103055483950618,0.10256320000000001,5.0,fvg,0.001,-0.205618683950618
2025-11,widen_both_2x,140,1067300,1067300,1,102531.3,102532.3,0.1,1.0,tp,0.0,-0.1015313,0.1025313,5.0,fvg,0.001,-0.2040626
2025-11,widen_both_2x,141,1068283,1068283,-1,101931.55,101932.04219968799,0.49219968798752023,4.921996879875202,sl,0.0,-0.10242374968798572,0.10193155000000001,5.0,fvg,0.001,-0.20435529968798571
2025-11,widen_both_2x,142,1068283,1068283,-1,101900.0,101900.98439937597,0.9843993759750405,9.843993759750404,sl,0.0,-0.10288439937597141,0.1019,5.0,fvg,0.001,-0.20478439937597143
2025-11,widen_both_2x,143,1068355,1068355,-1,101963.1,101962.1,0.1,1.0,tp,0.0,-0.10096310000000001,0.10196310000000001,5.0,fvg,0.001,-0.20292620000000003
2025-11,widen_both_2x,144,1068622,1068622,1,101845.7,101845.10903614458,0.5909638554216861,5.90963855421686,inv,0.0,-0.10243666385541488,0.1018457,5.0,ifvg,0.001,-0.20428236385541487
2025-11,widen_both_2x,145,1068622,1068622,1,101878.4,101877.21807228915,1.1819277108433721,11.81927710843372,sl,0.0,-0.10306032771084433,0.10187840000000001,5.0,ifvg,0.001,-0.20493872771084434
2025-11,widen_both_2x,146,1068626,1068626,1,101813.0,101812.88,0.12000000000000002,1.2000000000000002,inv,0.0,-0.10193299999999535,0.101813,5.0,ifvg,0.001,-0.20374599999999535
2025-11,widen_both_2x,147,1066641,1068936,1,102446.1,101439.10000000003,1006.9999999999709,12083.99999999965,sl,2295.0,-1.109446099999971,0.1024461,5.0,ifvg_clean,0.001,-1.211892199999971
2025-11,widen_both_2x,148,1071754,1071754,1,101002.70000000001,101002.21358695654,0.48641304347845965,4.864130434784596,inv,0.0,-0.10148911304347258,0.10100270000000001,5.0,ifvg,0.001,-0.20249181304347258
2025-11,widen_both_2x,149,1071754,1071754,1,101020.6,101019.62717391305,0.972826086956524,9.72826086956524,sl,0.0,-0.10199342608695969,0.1010206,5.0,ifvg,0.001,-0.20301402608695968
2025-11,widen_both_2x,150,1071764,1071764,1,100984.8,100984.7,0.1,1.0,inv,0.0,-0.10108480000000583,0.10098480000000001,5.0,ifvg,0.001,-0.20206960000000584
2025-11,widen_both_2x,151,1071754,1071844,-1,100996.8,101175.80000000002,179.00000000001455,2148.0000000001746,sl,90.0,-0.2799968000000146,0.10099680000000001,5.0,ifvg_clean,0.001,-0.3809936000000146
2025-11,widen_both_2x,152,1073080,1073080,1,100807.05,100806.55945179584,0.4905482041587892,4.9054820415878915,inv,0.0,-0.10129759820416497,0.10080705000000001,5.0,ifvg,0.001,-0.20210464820416496
2025-11,widen_both_2x,153,1073080,1073080,1,100833.0,100832.01890359168,0.9810964083175784,9.810964083175783,sl,0.0,-0.10181409640831536,0.100833,5.0,ifvg,0.001,-0.20264709640831535
2025-11,widen_both_2x,154,1073083,1073083,1,100781.1,100781.0,0.1,1.0,inv,0.0,-0.10088110000000583,0.10078110000000001,5.0,ifvg,0.001,-0.20166220000000584
2025-11,widen_both_2x,155,1075304,1075304,1,100433.95000000001,100433.47304147466,0.4769585253459543,4.769585253459542,inv,0.0,-0.10091090852535253,0.10043395000000001,5.0,ifvg,0.001,-0.20134485852535255
2025-11,widen_both_2x,156,1075304,1075304,1,100444.3,100443.34608294931,0.953917050691238,9.53917050691238,sl,0.0,-0.1013982170506905,0.1004443,5.0,ifvg,0.001,-0.2018425170506905
2025-11,widen_both_2x,157,1075319,1075319,1,100423.6,100423.5,0.1,1.0,inv,0.0,-0.10052360000000583,0.10042360000000002,5.0,ifvg,0.001,-0.20094720000000585
2025-11,widen_both_2x,158,1075345,1075345,1,100372.8,100371.81869158879,0.9813084112149532,9.813084112149532,sl,0.0,-0.10135410841121019,0.1003728,5.0,fvg,0.001,-0.2017269084112102
2025-11,widen_both_2x,159,1075373,1075373,1,100346.55,100351.45654205608,0.4906542056074766,4.906542056074766,tp,0.0,-0.09544000794391994,0.10034655,5.0,fvg,0.001,-0.19578655794391994
2025-11,widen_both_2x,160,1075483,1075483,1,100320.3,100321.3,0.1,1.0,tp,0.0,-0.0993203,0.1003203,5.0,fvg,0.001,-0.1996406
2025-11,widen_both_2x,161,1076622,1076622,-1,99901.6,99902.58708010336,0.9870801033591722,9.870801033591722,sl,0.0,-0.10088868010335396,0.09990160000000001,5.0,fvg,0.001,-0.20079028010335398
2025-11,widen_both_2x,162,1076631,1076631,1,99870.0,99869.9,0.1,1.0,inv,0.0,-0.09997000000000582,0.09987,5.0,ifvg,0.001,-0.19984000000000582
2025-11,widen_both_2x,163,1076631,1076631,1,99882.9,99882.41865671641,0.48134328358182016,4.813432835818202,sl,0.0,-0.10036424328357992,0.0998829,5.0,ifvg,0.001,-0.2002471432835799
2025-11,widen_both_2x,164,1076631,1076631,1,99895.8,99894.83731343284,0.9626865671641832,9.626865671641832,sl,0.0,-0.10085848656715984,0.0998958,5.0,ifvg,0.001,-0.20075428656715985
2025-11,widen_both_2x,165,1075304,1077989,-1,100431.3,99189.30000000018,103.49999999998545,1241.9999999998254,tp,2686.0,1.1415686999998254,0.10043130000000002,5.0,ifvg_clean,0.001,1.0411373999998252
2025-11,widen_both_2x,166,1076631,1079199,-1,99881.3,98333.29999999983,129.00000000001455,1548.0000000001746,tp,2568.0,1.4481187000001745,0.0998813,5.0,ifvg_clean,0.001,1.3482374000001744
2025-11,widen_both_2x,167,1083578,1083578,1,98712.2,98711.24329004329,0.9567099567099403,9.567099567099403,sl,0.0,-0.09966890995670662,0.0987122,5.0,ifvg,0.001,-0.1983811099567066
2025-11,widen_both_2x,168,1083578,1083578,-1,98707.8,98712.7,110.49999999995634,1325.9999999994761,inv,0.0,-0.10360779999999419,0.09870780000000001,5.0,ifvg_clean,0.001,-0.2023155999999942
2025-11,widen_both_2x,169,1083584,1083584,1,98701.15,98705.93354978354,0.4783549783546552,4.783549783546552,tp,0.0,-0.09391760021645236,0.09870115,5.0,ifvg,0.001,-0.19261875021645236
2025-11,widen_both_2x,170,1083619,1083619,1,98690.1,98691.1,0.1,1.0,tp,0.0,-0.0976901,0.0986901,5.0,ifvg,0.001,-0.1963802
2025-11,widen_both_2x,171,1086945,1086945,-1,98499.45000000001,98499.94085923219,0.4908592321753692,4.908592321753692,sl,0.0,-0.09899030923217356,0.09849945000000002,5.0,ifvg,0.001,-0.19748975923217357
2025-11,widen_both_2x,172,1086945,1086945,-1,98472.6,98473.58171846435,0.9817184643510045,9.817184643510044,sl,0.0,-0.09945431846434709,0.09847260000000002,5.0,ifvg,0.001,-0.19792691846434712
2025-11,widen_both_2x,173,1086945,1086950,1,98524.0,98472.1,268.49999999998545,3221.9999999998254,inv,5.0,-0.15042399999999417,0.098524,5.0,ifvg_clean,0.001,-0.24894799999999417
2025-11,widen_both_2x,174,1086997,1086997,-1,98526.3,98525.3,0.1,1.0,tp,0.0,-0.09752630000000001,0.09852630000000001,5.0,ifvg,0.001,-0.19605260000000002
2025-11,widen_both_2x,175,1088159,1088159,1,98380.0,98379.02169197398,0.9783080260303716,9.783080260303716,inv,0.0,-0.09935830802602402,0.09838,5.0,ifvg,0.001,-0.19773830802602402
2025-11,widen_both_2x,176,1088196,1088196,1,98357.45,98356.96084598698,0.4891540130151858,4.891540130151858,inv,0.0,-0.09884660401301928,0.09835745,5.0,ifvg,0.001,-0.19720405401301927
2025-11,widen_both_2x,177,1088197,1088197,1,98334.9,98334.79999999999,0.1,1.0,inv,0.0,-0.0984349000000058,0.09833489999999999,5.0,ifvg,0.001,-0.1967698000000058
2025-11,widen_both_2x,178,1088159,1088321,-1,98363.1,98588.60000000003,225.5000000000291,2706.0000000003492,sl,162.0,-0.32386310000002916,0.09836310000000001,5.0,ifvg_clean,0.001,-0.4222262000000292
2025-11,widen_both_2x,179,1095191,1095191,-1,99598.95,99599.44276410998,0.49276410998552883,4.927641099855288,inv,0.0,-0.10009171410997846,0.09959895,5.0,ifvg,0.001,-0.19969066410997846
2025-11,widen_both_2x,180,1095191,1095191,-1,99564.9,99565.88552821997,0.9855282199710577,9.855282199710576,sl,0.0,-0.10055042821997145,0.0995649,5.0,ifvg,0.001,-0.20011532821997147
2025-11,widen_both_2x,181,1095235,1095235,-1,99633.0,99633.1,0.1,1.0,inv,0.0,-0.09973300000000582,0.099633,5.0,ifvg,0.001,-0.19936600000000582
2025-11,widen_both_2x,182,1095191,1098941,1,99617.7,99277.19999999997,340.5000000000291,4086.0000000003492,sl,3751.0,-0.44011770000002914,0.0996177,5.0,ifvg_clean,0.001,-0.5397354000000292
2025-11,widen_both_2x,183,1105163,1105163,-1,99400.0,99400.1,0.1,1.0,inv,0.0,-0.09950000000000582,0.0994,5.0,ifvg,0.001,-0.19890000000000582
2025-11,widen_both_2x,184,1105163,1105163,-1,99378.0,99378.48888888888,0.48888888888888893,4.888888888888889,sl,0.0,-0.09986688888888179,0.09937800000000001,5.0,ifvg,0.001,-0.1992448888888818
2025-11,widen_both_2x,185,1105163,1105163,-1,99356.0,99356.97777777778,0.9777777777777779,9.777777777777779,sl,0.0,-0.10033377777777812,0.09935600000000001,5.0,ifvg,0.001,-0.19968977777777813
2025-11,widen_both_2x,186,1105163,1105293,1,99397.1,99177.1,220.0,2640.0,sl,132.0,-0.3193971,0.09939710000000002,5.0,ifvg_clean,0.001,-0.4187942
2025-11,widen_both_2x,187,1106082,1106082,-1,99537.0,99537.1,0.1,1.0,inv,0.0,-0.09963700000000583,0.09953700000000001,5.0,ifvg,0.001,-0.19917400000000585
2025-11,widen_both_2x,188,1106082,1106082,-1,99520.4,99520.88538011695,0.48538011695927585,4.853801169592758,sl,0.0,-0.10000578011695199,0.0995204,5.0,ifvg,0.001,-0.199526180116952
2025-11,widen_both_2x,189,1106082,1106082,-1,99503.8,99504.77076023392,0.9707602339181262,9.707602339181262,sl,0.0,-0.10047456023391856,0.0995038,5.0,ifvg,0.001,-0.19997836023391857
2025-11,widen_both_2x,190,1106082,1106189,1,99539.8,99373.80000000002,165.99999999998545,1991.9999999998254,sl,108.0,-0.26553979999998545,0.0995398,5.0,ifvg_clean,0.001,-0.36507959999998546
2025-11,widen_both_2x,191,1109709,1109709,1,99306.75,99306.25917431193,0.49082568807339455,4.908256880733946,inv,0.0,-0.09979757568807354,0.09930675000000001,5.0,ifvg,0.001,-0.19910432568807357
2025-11,widen_both_2x,192,1109709,1109709,1,99333.5,99332.51834862385,0.9816513761467891,9.816513761467892,sl,0.0,-0.10031515137614706,0.0993335,5.0,ifvg,0.001,-0.19964865137614707
2025-11,widen_both_2x,193,1109717,1109717,1,99280.0,99281.0,0.1,1.0,tp,0.0,-0.09828,0.09928000000000001,5.0,ifvg,0.001,-0.19756
2025-11,widen_both_2x,194,1112899,1112899,1,99116.6,99116.12293577981,0.47706422018382305,4.77064220183823,inv,0.0,-0.09959366422019111,0.09911660000000001,5.0,ifvg,0.001,-0.1987102642201911
2025-11,widen_both_2x,195,1112899,1112899,1,99127.0,99126.04587155963,0.9541284403669786,9.541284403669787,sl,0.0,-0.10008112844036764,0.09912699999999999,5.0,ifvg,0.001,-0.19920812844036762
2025-11,widen_both_2x,196,1112902,1112902,1,99106.2,99106.09999999999,0.1,1.0,inv,0.0,-0.09920620000000582,0.0991062,5.0,ifvg,0.001,-0.19831240000000583
2025-11,widen_both_2x,197,1068622,1114905,-1,101815.5,97891.50000000035,326.9999999999709,3923.9999999996508,tp,46446.0,3.822184499999651,0.1018155,5.0,ifvg_clean,0.001,3.720368999999651
2025-11,widen_both_2x,198,1112899,1114907,-1,99106.9,97858.89999999982,104.00000000001455,1248.0000000001746,tp,2025.0,1.1488931000001747,0.0991069,5.0,ifvg_clean,0.001,1.0497862000001748
2025-11,widen_both_2x,199,1073080,1114911,-1,100791.8,97677.80000000035,259.4999999999709,3113.9999999996508,tp,41994.0,3.0132081999996507,0.10079180000000001,5.0,ifvg_clean,0.001,2.9124163999996506
2025-11,widen_both_2x,200,1115590,1115590,1,97818.3,97818.2,0.1,1.0,inv,0.0,-0.09791830000000583,0.09781830000000001,5.0,ifvg,0.001,-0.19573660000000584
2025-11,widen_both_2x,201,1115590,1115590,1,97856.75,97856.25641848524,0.49358151476251555,4.9358151476251555,sl,0.0,-0.09835033151476191,0.09785675,5.0,ifvg,0.001,-0.1962070815147619
2025-11,widen_both_2x,202,1115590,1115590,1,97895.2,97894.21283697047,0.9871630295250311,9.871630295250311,sl,0.0,-0.0988823630295238,0.0978952,5.0,ifvg,0.001,-0.19677756302952382
2025-11,widen_both_2x,203,1109709,1122925,-1,99283.8,96073.8,267.5,3210.0,tp,13283.0,3.1107162,0.0992838,5.0,ifvg_clean,0.001,3.0114324000000003
2025-11,widen_both_2x,204,1132470,1132470,1,97098.95,97098.45959692898,0.49040307101727554,4.904030710172755,sl,0.0,-0.09758935307101678,0.09709895,5.0,ifvg,0.001,-0.19468830307101678
2025-11,widen_both_2x,205,1132470,1132470,1,97124.5,97123.51919385797,0.9808061420345511,9.80806142034551,sl,0.0,-0.09810530614203354,0.0971245,5.0,ifvg,0.001,-0.19522980614203356
2025-11,widen_both_2x,206,1132474,1132474,1,97073.4,97074.4,0.1,1.0,tp,0.0,-0.09607339999999999,0.09707339999999999,5.0,ifvg,0.001,-0.19314679999999998
2025-11,widen_both_2x,207,1132470,1132560,-1,97077.4,97125.0,255.5000000000291,3066.0000000003492,inv,90.0,-0.1446774000000058,0.0970774,5.0,ifvg_clean,0.001,-0.24175480000000582
2025-11,widen_both_2x,208,1133022,1133022,-1,96893.3,96893.79007936508,0.49007936507936395,4.90079365079364,sl,0.0,-0.09738337936507407,0.09689330000000002,5.0,ifvg,0.001,-0.1942766793650741
2025-11,widen_both_2x,209,1133022,1133022,-1,96868.6,96869.58015873017,0.9801587301587279,9.80158730158728,sl,0.0,-0.09784875873016267,0.09686860000000001,5.0,ifvg,0.001,-0.1947173587301627
2025-11,widen_both_2x,210,1133022,1133024,1,96901.7,96868.1,246.9999999999709,2963.9999999996508,inv,2.0,-0.13050169999999128,0.09690170000000001,5.0,ifvg_clean,0.001,-0.2274033999999913
2025-11,widen_both_2x,211,1133153,1133153,-1,96918.0,96917.0,0.1,1.0,tp,0.0,-0.095918,0.096918,5.0,ifvg,0.001,-0.192836
2025-11,widen_both_2x,212,1139444,1139444,1,96625.0,96624.9,0.1,1.0,inv,0.0,-0.09672500000000582,0.096625,5.0,ifvg,0.001,-0.19335000000000582
2025-11,widen_both_2x,213,1139444,1139444,1,96636.45,96635.97092050209,0.4790794979079447,4.790794979079447,sl,0.0,-0.09711552949790533,0.09663645,5.0,ifvg,0.001,-0.19375197949790535
2025-11,widen_both_2x,214,1139444,1139444,1,96647.9,96646.94184100418,0.9581589958158894,9.581589958158894,sl,0.0,-0.09760605899581065,0.0966479,5.0,ifvg,0.001,-0.19425395899581066
2025-11,widen_both_2x,215,1139444,1143616,-1,96622.3,95248.30000000035,114.4999999999709,1373.9999999996508,tp,4172.0,1.277377699999651,0.09662230000000001,5.0,ifvg_clean,0.001,1.180755399999651
2025-11,widen_both_2x,216,1158467,1158467,1,97173.5,97173.4,0.1,1.0,sl,0.0,-0.09727350000000583,0.09717350000000001,5.0,ifvg,0.001,-0.19444700000000584
2025-11,widen_both_2x,217,1158467,1158467,1,97187.6,97187.11712328768,0.4828767123290146,4.828767123290146,sl,0.0,-0.09767047671232537,0.0971876,5.0,ifvg,0.001,-0.19485807671232536
2025-11,widen_both_2x,218,1158467,1158467,1,97201.7,97200.73424657535,0.9657534246575308,9.657534246575308,sl,0.0,-0.09816745342465076,0.0972017,5.0,ifvg,0.001,-0.19536915342465078
2025-11,widen_both_2x,219,1158467,1158962,-1,97165.0,97202.2,140.99999999998545,1691.9999999998254,inv,496.0,-0.1343649999999971,0.097165,5.0,ifvg_clean,0.001,-0.2315299999999971
2025-11,widen_both_2x,220,1239419,1239419,1,96339.7,96339.21050420168,0.489495798319329,4.89495798319329,sl,0.0,-0.0968291957983197,0.0963397,5.0,ifvg,0.001,-0.1931688957983197
2025-11,widen_both_2x,221,1239419,1239419,1,96363.0,96362.02100840336,0.978991596638658,9.78991596638658,sl,0.0,-0.0973419915966394,0.096363,5.0,ifvg,0.001,-0.1937049915966394
2025-11,widen_both_2x,222,1239425,1239425,1,96316.4,96317.4,0.1,1.0,tp,0.0,-0.09531640000000001,0.09631640000000001,5.0,ifvg,0.001,-0.19163280000000002
2025-11,widen_both_2x,223,1295285,1295285,1,95999.3,95998.80448028674,0.495519713261649,4.95519713261649,sl,0.0,-0.09649481971326583,0.09599930000000001,5.0,ifvg,0.001,-0.19249411971326585
2025-11,widen_both_2x,224,1295285,1295285,1,96054.6,96053.60896057349,0.991039426523298,9.91039426523298,sl,0.0,-0.09704563942651709,0.0960546,5.0,ifvg,0.001,-0.1931002394265171
2025-11,widen_both_2x,225,1295385,1295385,1,95944.0,95945.0,0.1,1.0,tp,0.0,-0.094944,0.095944,5.0,ifvg,0.001,-0.190888
2025-11,widen_both_2x,226,1295285,1298192,-1,95949.0,96055.1,553.0000000000291,6636.000000000349,inv,3017.0,-0.20204900000000584,0.095949,5.0,ifvg_clean,0.001,-0.29799800000000587
2025-11,widen_both_2x,227,1239419,1301378,-1,96324.4,96363.5,233.0000000000291,2796.0000000003492,inv,66079.0,-0.13542440000000583,0.0963244,5.0,ifvg_clean,0.001,-0.23174880000000583
2025-11,widen_both_2x,228,1312892,1312892,1,95601.5,95601.4,0.1,1.0,inv,0.0,-0.09570150000000582,0.0956015,5.0,ifvg,0.001,-0.19130300000000583
2025-11,widen_both_2x,229,1312892,1312892,1,95615.1,95614.61773049647,0.48226950354635545,4.822695035463554,sl,0.0,-0.09609736950354002,0.09561510000000001,5.0,ifvg,0.001,-0.19171246950354004
2025-11,widen_both_2x,230,1312892,1312892,1,95628.7,95627.7354609929,0.9645390070921949,9.645390070921948,sl,0.0,-0.09659323900709457,0.0956287,5.0,ifvg,0.001,-0.19222193900709456
2025-11,widen_both_2x,231,1312892,1313005,-1,95592.6,95728.59999999999,135.99999999998545,1631.9999999998254,sl,114.0,-0.23159259999998544,0.0955926,5.0,ifvg_clean,0.001,-0.3271851999999854
2025-11,widen_both_2x,232,1115590,1344338,-1,97835.9,93221.90000000034,384.4999999999709,4613.999999999651,tp,234910.0,4.516164099999651,0.0978359,5.0,ifvg_clean,0.001,4.418328199999651
2025-11,widen_both_2x,233,1354451,1354451,1,94679.7,94679.2096153846,0.4903846153846154,4.903846153846154,sl,0.0,-0.09517008461539021,0.0946797,5.0,ifvg,0.001,-0.1898497846153902
2025-11,widen_both_2x,234,1354451,1354451,1,94705.2,94704.21923076923,0.9807692307692308,9.807692307692308,sl,0.0,-0.09568596923076587,0.0947052,5.0,ifvg,0.001,-0.19039116923076588
2025-11,widen_both_2x,235,1354451,1354462,-1,94659.3,94705.7,255.0,3060.0,inv,11.0,-0.14105929999999417,0.0946593,5.0,ifvg_clean,0.001,-0.23571859999999417
2025-11,widen_both_2x,236,1354537,1354537,-1,94877.7,94877.8,0.1,1.0,inv,0.0,-0.09497770000000583,0.09487770000000001,5.0,ifvg,0.001,-0.18985540000000584
2025-11,widen_both_2x,237,1354537,1354537,-1,94866.04999999999,94866.5294238683,0.4794238683130591,4.794238683130591,sl,0.0,-0.09534547386830981,0.09486605,5.0,ifvg,0.001,-0.1902115238683098
2025-11,widen_both_2x,238,1354537,1354537,-1,94854.4,94855.35884773661,0.9588477366255194,9.588477366255194,sl,0.0,-0.09581324773661964,0.0948544,5.0,ifvg,0.001,-0.19066764773661965
2025-11,widen_both_2x,239,1354537,1358198,1,94882.3,94765.79999999999,116.50000000001455,1398.0000000001746,sl,3713.0,-0.21138230000001457,0.0948823,5.0,ifvg_clean,0.001,-0.30626460000001454
2025-11,widen_both_2x,240,1381472,1381472,1,95751.4,95750.91196172248,0.4880382775117885,4.880382775117885,sl,0.0,-0.09623943827751542,0.09575139999999999,5.0,ifvg,0.001,-0.1919908382775154
2025-11,widen_both_2x,241,1381472,1381472,1,95771.8,95770.82392344497,0.9760765550239251,9.76076555023925,sl,0.0,-0.09674787655503089,0.0957718,5.0,ifvg,0.001,-0.19251967655503088
2025-11,widen_both_2x,242,1381472,1381481,-1,95747.5,95772.3,204.00000000001455,2448.0000000001746,inv,9.0,-0.12054750000000292,0.0957475,5.0,ifvg_clean,0.001,-0.2162950000000029
2025-11,widen_both_2x,243,1381555,1381555,1,95731.0,95732.0,0.1,1.0,tp,0.0,-0.09473100000000001,0.09573100000000001,5.0,ifvg,0.001,-0.19046200000000002
2025-11,widen_both_2x,244,1403745,1403745,-1,95304.2,95304.3,0.1,1.0,inv,0.0,-0.09540420000000581,0.09530419999999999,5.0,ifvg,0.001,-0.1907084000000058
2025-11,widen_both_2x,245,1403745,1403745,-1,95270.75,95271.24263622976,0.49263622974963117,4.926362297496311,sl,0.0,-0.09576338622975561,0.09527075000000002,5.0,ifvg,0.001,-0.19103413622975562
2025-11,widen_both_2x,246,1403745,1403745,-1,95237.3,95238.2852724595,0.9852724594992623,9.852724594992623,sl,0.0,-0.09622257245949664,0.09523730000000001,5.0,ifvg,0.001,-0.19145987245949664
2025-11,widen_both_2x,247,1403745,1403936,1,95304.8,94970.30000000003,334.4999999999709,4013.9999999996508,sl,191.0,-0.4298047999999709,0.09530480000000001,5.0,ifvg_clean,0.001,-0.5251095999999709
2025-11,widen_both_2x,248,1408035,1408035,1,93729.45,93728.95297796307,0.497022036926742,4.9702203692674205,inv,0.0,-0.09422647203692869,0.09372945,5.0,ifvg,0.001,-0.18795592203692868
2025-11,widen_both_2x,249,1408035,1408035,1,93812.9,93811.90595592614,0.994044073853484,9.940440738534841,sl,0.0,-0.09480694407385737,0.0938129,5.0,ifvg,0.001,-0.18861984407385737
2025-11,widen_both_2x,250,1408042,1408042,1,93646.0,93645.9,0.1,1.0,inv,0.0,-0.09374600000000582,0.09364600000000001,5.0,ifvg,0.001,-0.18739200000000583
2025-11,widen_both_2x,251,1411077,1411077,-1,94382.2,94383.18546511627,0.9854651162790704,9.854651162790704,sl,0.0,-0.09536766511627501,0.0943822,5.0,fvg,0.001,-0.189749865116275
2025-11,widen_both_2x,252,1450615,1450615,1,90737.25,90736.76026694046,0.489733059548257,4.89733059548257,inv,0.0,-0.09122698305954133,0.09073725,5.0,ifvg,0.001,-0.18196423305954135
2025-11,widen_both_2x,253,1450615,1450615,1,90761.1,90760.12053388091,0.979466119096514,9.79466119096514,sl,0.0,-0.09174056611909721,0.09076110000000001,5.0,ifvg,0.001,-0.18250166611909724
2025-11,widen_both_2x,254,1450805,1450805,1,90713.4,90713.29999999999,0.1,1.0,inv,0.0,-0.09081340000000582,0.0907134,5.0,ifvg,0.001,-0.18152680000000582
2025-11,widen_both_2x,255,1450615,1466534,-1,90717.1,90955.60000000006,238.5000000000582,2862.0000000006985,sl,15924.0,-0.3292171000000582,0.09071710000000001,5.0,ifvg_clean,0.001,-0.4199342000000582
2025-11,widen_both_2x,256,1496387,1496387,-1,93586.7,93586.8,0.1,1.0,inv,0.0,-0.09368670000000581,0.0935867,5.0,ifvg,0.001,-0.1872734000000058
2025-11,widen_both_2x,257,1496387,1496387,-1,93568.35,93568.83673740053,0.48673740053030995,4.867374005303099,sl,0.0,-0.09405508740052619,0.09356835000000001,5.0,ifvg,0.001,-0.1876234374005262
2025-11,widen_both_2x,258,1496387,1496387,-1,93550.0,93550.97347480107,0.9734748010610059,9.734748010610058,sl,0.0,-0.0945234748010669,0.09355,5.0,ifvg,0.001,-0.1880734748010669
2025-11,widen_both_2x,259,1496387,1496618,1,93583.5,93400.00000000001,183.49999999998545,2201.9999999998254,sl,231.0,-0.27708349999998544,0.0935835,5.0,ifvg_clean,0.001,-0.3706669999999854
2025-11,widen_both_2x,260,1500400,1500400,-1,93285.85,93286.32716894978,0.47716894977136637,4.7716894977136635,sl,0.0,-0.09376301894977204,0.09328585000000002,5.0,ifvg,0.001,-0.18704886894977207
2025-11,widen_both_2x,261,1500400,1500400,-1,93275.4,93276.35433789954,0.9543378995433972,9.543378995433972,sl,0.0,-0.09422973789954404,0.0932754,5.0,ifvg,0.001,-0.18750513789954404
2025-11,widen_both_2x,262,1500400,1500403,1,93290.4,93274.9,104.50000000004366,1254.0000000005239,inv,3.0,-0.1087904,0.0932904,5.0,ifvg_clean,0.001,-0.2020808
2025-11,widen_both_2x,263,1500419,1500419,-1,93296.3,93295.3,0.1,1.0,tp,0.0,-0.0922963,0.0932963,5.0,ifvg,0.001,-0.1855926
2025-11,widen_both_2x,264,1500747,1500747,1,93225.9,93225.41851851852,0.48148148148148145,4.814814814814815,inv,0.0,-0.09370738148147448,0.0932259,5.0,ifvg,0.001,-0.18693328148147448
2025-11,widen_both_2x,265,1500747,1500747,1,93238.9,93237.93703703703,0.9629629629629629,9.62962962962963,sl,0.0,-0.0942018629629635,0.0932389,5.0,ifvg,0.001,-0.1874407629629635
2025-11,widen_both_2x,266,1500751,1500751,1,93212.9,93212.79999999999,0.1,1.0,inv,0.0,-0.0933129000000058,0.09321289999999999,5.0,ifvg,0.001,-0.1865258000000058
2025-11,widen_both_2x,267,1500747,1501545,-1,93214.6,93344.6,130.0,1560.0,sl,806.0,-0.2232146,0.09321460000000001,5.0,ifvg_clean,0.001,-0.3164292
2025-11,widen_both_2x,268,1504682,1504682,1,93493.75,93493.26123595505,0.4887640449438202,4.8876404494382015,sl,0.0,-0.09398251404494515,0.09349375000000001,5.0,ifvg,0.001,-0.18747626404494516
2025-11,widen_both_2x,269,1504682,1504682,1,93515.5,93514.52247191011,0.9775280898876404,9.775280898876403,sl,0.0,-0.09449302808989025,0.0935155,5.0,ifvg,0.001,-0.18800852808989027
2025-11,widen_both_2x,270,1504712,1504712,1,93472.0,93473.0,0.1,1.0,tp,0.0,-0.09247200000000001,0.09347200000000001,5.0,ifvg,0.001,-0.18594400000000003
2025-11,widen_both_2x,271,1504682,1507327,-1,93474.8,93516.0,217.5,2610.0,inv,2703.0,-0.1346747999999971,0.09347480000000001,5.0,ifvg_clean,0.001,-0.22814959999999712
2025-11,widen_both_2x,272,1508800,1508800,-1,93164.0,93163.0,0.1,1.0,tp,0.0,-0.092164,0.093164,5.0,ifvg,0.001,-0.185328
2025-11,widen_both_2x,273,1508800,1508800,-1,93152.0,93152.48,0.48,4.8,sl,0.0,-0.09363199999999593,0.093152,5.0,ifvg,0.001,-0.18678399999999593
2025-11,widen_both_2x,274,1508800,1508800,-1,93140.0,93140.96,0.96,9.6,sl,0.0,-0.0941000000000064,0.09314,5.0,ifvg,0.001,-0.1872400000000064
2025-11,widen_both_2x,275,1508800,1508834,1,93162.9,93139.5,120.0,1440.0,inv,36.0,-0.11656289999999417,0.09316289999999999,5.0,ifvg_clean,0.001,-0.20972579999999416
2025-11,widen_both_2x,276,1510790,1510790,-1,92896.8,92897.28768472906,0.4876847290640412,4.876847290640412,sl,0.0,-0.09338448472905794,0.0928968,5.0,ifvg,0.001,-0.18628128472905794
2025-11,widen_both_2x,277,1510790,1510790,-1,92877.0,92877.97536945813,0.9753694581280824,9.753694581280824,sl,0.0,-0.09385236945813044,0.092877,5.0,ifvg,0.001,-0.18672936945813046
2025-11,widen_both_2x,278,1510794,1510794,-1,92916.6,92915.6,0.1,1.0,tp,0.0,-0.0919166,0.0929166,5.0,ifvg,0.001,-0.1848332
2025-11,widen_both_2x,279,1510790,1510966,1,92915.2,92876.5,198.0000000000291,2376.0000000003492,inv,179.0,-0.1316151999999971,0.0929152,5.0,ifvg_clean,0.001,-0.2245303999999971
2025-11,widen_both_2x,280,1516627,1516627,-1,93035.45000000001,93035.94051233398,0.49051233396570576,4.905123339657058,inv,0.0,-0.09352596233397042,0.09303545000000002,5.0,ifvg,0.001,-0.18656141233397044
2025-11,widen_both_2x,281,1516627,1516627,-1,93009.6,93010.58102466793,0.9810246679316877,9.810246679316878,sl,0.0,-0.09399062466792626,0.09300960000000001,5.0,ifvg,0.001,-0.18700022466792626
2025-11,widen_both_2x,282,1516675,1516675,-1,93061.3,93061.40000000001,0.1,1.0,inv,0.0,-0.09316130000000582,0.0930613,5.0,ifvg,0.001,-0.18622260000000582
2025-11,widen_both_2x,283,1516627,1519626,1,93049.4,92790.90000000001,258.49999999998545,3101.9999999998254,sl,3086.0,-0.35154939999998547,0.09304939999999999,5.0,ifvg_clean,0.001,-0.4445987999999855
2025-11,widen_both_2x,284,1583263,1583263,1,89953.3,89952.3167785235,0.9832214765100689,9.832214765100689,sl,0.0,-0.09093652147650469,0.0899533,5.0,fvg,0.001,-0.18088982147650468
2025-11,widen_both_2x,285,1583266,1583266,1,89924.0,89928.91610738255,0.49161073825503443,4.9161073825503445,tp,0.0,-0.08500789261744743,0.089924,5.0,fvg,0.001,-0.17493189261744743
2025-11,widen_both_2x,286,1583267,1583267,1,89894.7,89895.7,0.1,1.0,tp,0.0,-0.08889470000000001,0.08989470000000001,5.0,fvg,0.001,-0.17878940000000001
2025-11,widen_both_2x,287,1596844,1596844,-1,89257.0,89257.1,0.1,1.0,inv,0.0,-0.08935700000000582,0.089257,5.0,ifvg,0.001,-0.17861400000000582
2025-11,widen_both_2x,288,1596844,1596844,-1,89220.4,89220.89326145552,0.4932614555257042,4.932614555257042,sl,0.0,-0.08971366145552914,0.0892204,5.0,ifvg,0.001,-0.17893406145552915
2025-11,widen_both_2x,289,1596844,1596844,-1,89183.8,89184.78652291106,0.9865229110512124,9.865229110512123,sl,0.0,-0.09017032291105828,0.08918380000000001,5.0,ifvg,0.001,-0.1793541229110583
2025-11,widen_both_2x,290,1597353,1597353,1,89550.9,89550.40999999999,0.49,4.9,sl,0.0,-0.09004090000000524,0.0895509,5.0,ifvg,0.001,-0.17959180000000524
2025-11,widen_both_2x,291,1597353,1597353,1,89575.4,89574.42,0.98,9.8,sl,0.0,-0.09055539999999593,0.0895754,5.0,ifvg,0.001,-0.18013079999999593
2025-11,widen_both_2x,292,1597360,1597360,1,89526.4,89527.4,0.1,1.0,tp,0.0,-0.08852639999999999,0.08952639999999999,5.0,ifvg,0.001,-0.17805279999999998
2025-11,widen_both_2x,293,1597353,1597407,-1,89528.6,89575.9,245.0,2940.0,inv,54.0,-0.13682859999998837,0.08952860000000001,5.0,ifvg_clean,0.001,-0.22635719999998838
2025-11,widen_both_2x,294,1627245,1627245,-1,92835.85,92836.32630331755,0.4763033175351904,4.763033175351904,sl,0.0,-0.09331215331754045,0.09283585000000001,5.0,fvg,0.001,-0.18614800331754044
2025-11,widen_both_2x,295,1627245,1627245,-1,92825.8,92826.75260663507,0.9526066350710705,9.526066350710705,sl,0.0,-0.09377840663506633,0.0928258,5.0,fvg,0.001,-0.18660420663506633
2025-11,widen_both_2x,296,1656230,1656230,1,91838.5,91838.00551876379,0.49448123620309087,4.944812362030909,sl,0.0,-0.09233298123620823,0.0918385,5.0,ifvg,0.001,-0.18417148123620825
2025-11,widen_both_2x,297,1656230,1656230,1,91883.3,91882.3110375276,0.9889624724061817,9.889624724061818,sl,0.0,-0.0928722624724019,0.0918833,5.0,ifvg,0.001,-0.1847555624724019
2025-11,widen_both_2x,298,1656230,1656232,-1,91820.8,91883.8,448.0000000000291,5376.000000000349,inv,2.0,-0.1548208,0.09182080000000001,5.0,ifvg_clean,0.001,-0.24664160000000002
2025-11,widen_both_2x,299,1656541,1656541,1,91793.7,91794.7,0.1,1.0,tp,0.0,-0.0907937,0.0917937,5.0,ifvg,0.001,-0.1825874
2025-11,widen_both_2x,300,1657740,1657740,1,91739.7,91738.7096805421,0.990319457889642,9.90319457889642,sl,0.0,-0.09273001945789466,0.09173970000000001,5.0,fvg,0.001,-0.18446971945789467
2025-11,widen_both_2x,301,1657742,1657742,1,91688.54999999999,91688.05484027104,0.4951597289447506,4.9515972894475055,sl,0.0,-0.09218370972894732,0.09168855,5.0,fvg,0.001,-0.18387225972894733
2025-11,widen_both_2x,302,1657824,1657824,1,91637.4,91638.4,0.1,1.0,tp,0.0,-0.0906374,0.09163740000000001,5.0,fvg,0.001,-0.18227480000000001
2025-11,widen_both_2x,303,1662107,1662107,-1,90840.7,90841.66987951807,0.9698795180722865,9.698795180722865,sl,0.0,-0.09181057951807386,0.0908407,5.0,fvg,0.001,-0.18265127951807386
2025-11,widen_both_2x,304,1662111,1662111,-1,90856.79999999999,90857.28493975902,0.4849397590363624,4.8493975903636235,sl,0.0,-0.09134173975902966,0.0908568,5.0,fvg,0.001,-0.18219853975902967
2025-11,widen_both_2x,305,1662121,1662121,-1,90872.9,90871.9,0.1,1.0,tp,0.0,-0.0898729,0.0908729,5.0,fvg,0.001,-0.1807458
2025-11,widen_both_2x,306,1596844,1665663,1,89255.8,88889.80000000002,365.99999999998545,4391.999999999825,sl,69538.0,-0.45525579999998544,0.08925580000000001,5.0,ifvg_clean,0.001,-0.5445115999999854
2025-11,widen_both_2x,307,1408035,1721124,-1,93649.8,83635.80000000035,834.4999999999709,10013.99999999965,tp,315124.0,9.920350199999652,0.0936498,5.0,ifvg_clean,0.001,9.826700399999652
2025-11,widen_both_2x,308,1731560,1731560,1,82218.3,82218.2,0.1,1.0,inv,0.0,-0.08231830000000581,0.0822183,5.0,ifvg,0.001,-0.1645366000000058
2025-11,widen_both_2x,309,1731560,1731560,1,82253.35,82252.85703234881,0.49296765119560076,4.929676511956008,sl,0.0,-0.08274631765119654,0.08225335000000002,5.0,ifvg,0.001,-0.16499966765119656
2025-11,widen_both_2x,310,1731560,1731560,1,82288.4,82287.4140646976,0.9859353023909969,9.85935302390997,sl,0.0,-0.08327433530239305,0.0822884,5.0,ifvg,0.001,-0.16556273530239304
2025-11,widen_both_2x,311,1731560,1731923,-1,82220.0,82570.49999999996,350.49999999995634,4205.999999999476,sl,363.0,-0.43271999999995636,0.08222,5.0,ifvg_clean,0.001,-0.5149399999999563
2025-11,widen_both_2x,312,1737793,1737793,-1,82097.1,82096.1,0.1,1.0,tp,0.0,-0.08109710000000002,0.08209710000000002,5.0,ifvg,0.001,-0.16319420000000004
2025-11,widen_both_2x,313,1737793,1737793,-1,82068.05,82068.54153976311,0.49153976311336806,4.915397631133681,sl,0.0,-0.08255958976311209,0.08206805,5.0,ifvg,0.001,-0.1646276397631121
2025-11,widen_both_2x,314,1737793,1737793,-1,82039.0,82039.98307952622,0.9830795262267361,9.830795262267362,sl,0.0,-0.08302207952622417,0.082039,5.0,ifvg,0.001,-0.16506107952622417
2025-11,widen_both_2x,315,1737793,1737823,1,82096.4,82038.5,290.5000000000291,3486.0000000003492,inv,30.0,-0.1399963999999942,0.0820964,5.0,ifvg_clean,0.001,-0.2220927999999942
2025-11,widen_both_2x,316,1750460,1750460,1,82784.7,82810.8,131.50000000001455,1578.0000000001746,inv,0.0,-0.05668469999999418,0.0827847,5.0,ifvg_clean,0.001,-0.1394693999999942
2025-11,widen_both_2x,317,1750465,1750465,-1,82824.45000000001,82819.63315018316,0.48168498168471713,4.816849816847172,tp,0.0,-0.07800760018314754,0.08282445000000002,5.0,ifvg,0.001,-0.16083205018314756
2025-11,widen_both_2x,318,1750465,1750465,-1,82811.3,82801.6663003663,0.9633699633699673,9.633699633699672,tp,0.0,-0.07317760036629505,0.0828113,5.0,ifvg,0.001,-0.15598890036629504
2025-11,widen_both_2x,319,1750467,1750467,-1,82837.6,82836.6,0.1,1.0,tp,0.0,-0.08183760000000001,0.08283760000000001,5.0,ifvg,0.001,-0.16467520000000002
2025-11,widen_both_2x,320,1751277,1751277,1,83013.20000000001,83012.70451263539,0.4954873646210044,4.954873646210044,inv,0.0,-0.08350868736462021,0.08301320000000001,5.0,ifvg,0.001,-0.1665218873646202
2025-11,widen_both_2x,321,1751277,1751277,1,83068.1,83067.10902527077,0.9909747292418775,9.909747292418775,sl,0.0,-0.08405907472924042,0.0830681,5.0,ifvg,0.001,-0.16712717472924044
2025-11,widen_both_2x,322,1751348,1751348,1,82958.3,82958.2,0.1,1.0,inv,0.0,-0.08305830000000583,0.08295830000000001,5.0,ifvg,0.001,-0.16601660000000584
2025-11,widen_both_2x,323,1752692,1752692,-1,82717.3,82717.40000000001,0.1,1.0,sl,0.0,-0.08281730000000583,0.08271730000000001,5.0,fvg,0.001,-0.16553460000000583
2025-11,widen_both_2x,324,1752692,1752692,-1,82705.05,82705.53039215687,0.4803921568627451,4.803921568627451,sl,0.0,-0.08318544215686731,0.08270505,5.0,fvg,0.001,-0.1658904921568673
2025-11,widen_both_2x,325,1752692,1752692,-1,82692.8,82693.76078431372,0.9607843137254902,9.607843137254902,sl,0.0,-0.08365358431372008,0.08269280000000001,5.0,fvg,0.001,-0.1663463843137201
2025-11,widen_both_2x,326,1751277,1753724,-1,82960.7,83509.70000000001,549.0000000000146,6588.000000000175,sl,2447.0,-0.6319607000000146,0.0829607,5.0,ifvg_clean,0.001,-0.7149214000000146
2025-11,widen_both_2x,327,1754272,1754272,-1,83361.0,83361.1,0.1,1.0,inv,0.0,-0.08346100000000582,0.083361,5.0,ifvg,0.001,-0.16682200000000583
2025-11,widen_both_2x,328,1754272,1754272,-1,83296.0,83296.49618320611,0.4961832061068702,4.961832061068702,sl,0.0,-0.08379218320610898,0.08329600000000001,5.0,ifvg,0.001,-0.167088183206109
2025-11,widen_both_2x,329,1754272,1754272,-1,83231.0,83231.99236641222,0.9923664122137404,9.923664122137405,sl,0.0,-0.08422336641221798,0.08323100000000001,5.0,ifvg,0.001,-0.167454366412218
2025-11,widen_both_2x,330,1759748,1759748,-1,83469.1,83469.20000000001,0.1,1.0,sl,0.0,-0.08356910000000584,0.08346910000000002,5.0,ifvg,0.001,-0.16703820000000585
2025-11,widen_both_2x,331,1759748,1759748,-1,83440.0,83440.49155405405,0.49155405405405567,4.915540540540556,sl,0.0,-0.08393155405405327,0.08344,5.0,ifvg,0.001,-0.16737155405405327
2025-11,widen_both_2x,332,1759748,1759748,-1,83410.9,83411.8831081081,0.9831081081081113,9.831081081081113,sl,0.0,-0.08439400810810653,0.0834109,5.0,ifvg,0.001,-0.16780490810810653
2025-11,widen_both_2x,333,1759748,1759766,1,83468.4,83410.4,291.0000000000582,3492.0000000006985,inv,18.0,-0.1414684,0.0834684,5.0,ifvg_clean,0.001,-0.2249368
2025-11,widen_both_2x,334,1785661,1785661,-1,85161.15,85156.24276437848,0.4907235621522701,4.907235621522701,tp,0.0,-0.08025391437848166,0.08516114999999999,5.0,fvg,0.001,-0.16541506437848164
2025-11,widen_both_2x,335,1785661,1785661,-1,85134.7,85135.6814471243,0.9814471243042703,9.814471243042703,sl,0.0,-0.08611614712430075,0.0851347,5.0,fvg,0.001,-0.17125084712430075
2025-11,widen_both_2x,336,1785760,1785760,1,84978.0,84979.0,0.1,1.0,tp,0.0,-0.08397800000000001,0.08497800000000001,5.0,ifvg,0.001,-0.16895600000000002
2025-11,widen_both_2x,337,1785760,1785760,1,84994.8,84994.31445086705,0.4855491329479793,4.8554913294797934,sl,0.0,-0.08548034913295083,0.0849948,5.0,ifvg,0.001,-0.1704751491329508
2025-11,widen_both_2x,338,1785760,1785760,1,85011.6,85010.6289017341,0.9710982658959586,9.710982658959587,sl,0.0,-0.08598269826590169,0.0850116,5.0,ifvg,0.001,-0.17099429826590168
2025-11,widen_both_2x,339,1785760,1785826,-1,84982.6,85012.1,168.0000000000291,2016.0000000003492,inv,67.0,-0.1144826,0.0849826,5.0,ifvg_clean,0.001,-0.1994652
2025-11,widen_both_2x,340,1786576,1786576,-1,85079.75,85080.23583569405,0.48583569405098687,4.858356940509869,inv,0.0,-0.0855655856940531,0.08507975000000001,5.0,ifvg,0.001,-0.1706453356940531
2025-11,widen_both_2x,341,1786576,1786576,-1,85062.6,85063.57167138811,0.9716713881019737,9.716713881019738,sl,0.0,-0.0860342713881062,0.0850626,5.0,ifvg,0.001,-0.1710968713881062
2025-11,widen_both_2x,342,1786599,1786599,-1,85096.9,85097.0,0.1,1.0,inv,0.0,-0.0851969000000058,0.08509689999999999,5.0,ifvg,0.001,-0.1702938000000058
2025-11,widen_both_2x,343,1786576,1787710,1,85096.6,84925.10000000006,171.4999999999418,2057.9999999993015,sl,1162.0,-0.2565965999999418,0.08509660000000001,5.0,ifvg_clean,0.001,-0.3416931999999418
2025-11,widen_both_2x,344,1788954,1788954,1,84697.29999999999,84696.81908396946,0.48091603053407134,4.809160305340713,inv,0.0,-0.08517821603053034,0.08469729999999999,5.0,ifvg,0.001,-0.16987551603053033
2025-11,widen_both_2x,345,1788954,1788954,1,84709.9,84708.93816793892,0.9618320610686981,9.61832061068698,sl,0.0,-0.08567173206107524,0.08470989999999999,5.0,ifvg,0.001,-0.17038163206107523
2025-11,widen_both_2x,346,1788956,1788956,1,84684.7,84684.59999999999,0.1,1.0,inv,0.0,-0.0847847000000058,0.08468469999999999,5.0,ifvg,0.001,-0.1694694000000058
2025-11,widen_both_2x,347,1805001,1805001,-1,84660.1,84660.58842592593,0.48842592592575673,4.8842592592575675,inv,0.0,-0.08514852592592702,0.08466010000000002,5.0,ifvg,0.001,-0.16980862592592705
2025-11,widen_both_2x,348,1805001,1805001,-1,84639.0,84639.97685185185,0.9768518518518503,9.768518518518503,sl,0.0,-0.085615851851854,0.08463899999999999,5.0,ifvg,0.001,-0.170254851851854
2025-11,widen_both_2x,349,1805001,1805756,1,84670.5,84459.50000000001,210.99999999998545,2531.9999999998254,sl,762.0,-0.29567049999998546,0.08467050000000001,5.0,ifvg_clean,0.001,-0.3803409999999855
2025-11,widen_both_2x,350,1809740,1809740,1,84347.7,84346.525,1.175,11.750000000000002,sl,0.0,-0.08552270000000292,0.08434770000000001,5.0,fvg,0.001,-0.16987040000000292
2025-11,widen_both_2x,351,1809745,1809745,1,84324.2,84323.6125,0.5875,5.875000000000001,sl,0.0,-0.08491169999999418,0.0843242,5.0,fvg,0.001,-0.16923589999999417
2025-11,widen_both_2x,352,1809747,1809747,1,84300.7,84301.9,0.12000000000000002,1.2000000000000002,tp,0.0,-0.0831007000000029,0.08430069999999999,5.0,fvg,0.001,-0.1674014000000029
2025-11,widen_both_2x,353,1810764,1810764,-1,84134.5,84134.99335106384,0.49335106382978827,4.933510638297883,sl,0.0,-0.0846278510638366,0.0841345,5.0,ifvg,0.001,-0.1687623510638366
2025-11,widen_both_2x,354,1810764,1810764,-1,84097.4,84098.38670212765,0.9867021276595765,9.867021276595766,sl,0.0,-0.08508410212765863,0.08409739999999999,5.0,ifvg,0.001,-0.16918150212765862
2025-11,widen_both_2x,355,1810765,1810765,-1,84171.6,84170.6,0.1,1.0,tp,0.0,-0.08317160000000001,0.08417160000000001,5.0,ifvg,0.001,-0.16734320000000003
2025-11,widen_both_2x,356,1810764,1810785,1,84155.5,84096.9,371.0000000000582,4452.0000000006985,inv,21.0,-0.14275550000000584,0.08415550000000001,5.0,ifvg_clean,0.001,-0.22691100000000586
2025-11,widen_both_2x,357,1827119,1827119,-1,84000.2,84000.68031496063,0.48031496062991674,4.803149606299168,inv,0.0,-0.08448051496063048,0.0840002,5.0,ifvg,0.001,-0.1684807149606305
2025-11,widen_both_2x,358,1827119,1827119,-1,83988.0,83988.96062992126,0.9606299212598335,9.606299212598335,sl,0.0,-0.084948629921261,0.08398800000000001,5.0,ifvg,0.001,-0.16893662992126102
2025-11,widen_both_2x,359,1827137,1827137,-1,84012.4,84012.5,0.1,1.0,inv,0.0,-0.08411240000000582,0.0840124,5.0,ifvg,0.001,-0.16812480000000582
2025-11,widen_both_2x,360,1827119,1827889,1,84009.4,83887.40000000002,121.9999999999709,1463.9999999996508,sl,776.0,-0.2060093999999709,0.0840094,5.0,ifvg_clean,0.001,-0.2900187999999709
2025-11,widen_both_2x,361,1828819,1828819,-1,83733.1,83734.08689384011,0.9868938401048473,9.868938401048473,sl,0.0,-0.08471999384010505,0.0837331,5.0,fvg,0.001,-0.16845309384010504
2025-11,widen_both_2x,362,1828891,1828891,-1,83770.75,83771.24344692005,0.49344692005242363,4.934469200524236,sl,0.0,-0.08426419692005252,0.08377075,5.0,fvg,0.001,-0.16803494692005252
2025-11,widen_both_2x,363,1829025,1829025,-1,83808.4,83807.4,0.1,1.0,tp,0.0,-0.08280839999999999,0.08380839999999999,5.0,fvg,0.001,-0.16661679999999998
2025-11,widen_both_2x,364,1838575,1838575,1,84496.8,84496.7,0.1,1.0,sl,0.0,-0.08459680000000583,0.08449680000000001,5.0,ifvg,0.001,-0.16909360000000584
2025-11,widen_both_2x,365,1838575,1838575,1,84520.25,84519.76043841336,0.4895615866388296,4.895615866388296,sl,0.0,-0.08500981158664078,0.08452025,5.0,ifvg,0.001,-0.1695300615866408
2025-11,widen_both_2x,366,1838575,1838575,1,84543.7,84542.72087682672,0.9791231732776592,9.791231732776591,sl,0.0,-0.08552282317328155,0.0845437,5.0,ifvg,0.001,-0.17006652317328155
2025-11,widen_both_2x,367,1838575,1838644,-1,84497.3,84544.2,234.4999999999709,2813.9999999996508,inv,71.0,-0.1313972999999942,0.08449730000000001,5.0,ifvg_clean,0.001,-0.21589459999999422
2025-11,widen_both_2x,368,1788954,1839815,-1,84684.9,84810.89999999998,125.99999999998545,1511.9999999998254,sl,51481.0,-0.21068489999998546,0.08468490000000001,5.0,ifvg_clean,0.001,-0.29536979999998547
2025-11,widen_both_2x,369,1870385,1870385,1,85773.7,85773.2176056338,0.4823943661971795,4.8239436619717955,sl,0.0,-0.08625609436619043,0.08577370000000001,5.0,ifvg,0.001,-0.17202979436619042
2025-11,widen_both_2x,370,1870385,1870385,1,85787.4,85786.4352112676,0.964788732394359,9.647887323943591,sl,0.0,-0.08675218873239537,0.08578739999999999,5.0,ifvg,0.001,-0.17253958873239536
2025-11,widen_both_2x,371,1870395,1870395,1,85760.0,85761.0,0.1,1.0,tp,0.0,-0.08476,0.08576,5.0,ifvg,0.001,-0.17052
2025-11,widen_both_2x,372,1870385,1870450,-1,85767.1,85787.9,136.9999999999709,1643.9999999996508,inv,65.0,-0.10656709999998837,0.08576710000000001,5.0,ifvg_clean,0.001,-0.19233419999998838
2025-11,widen_both_2x,373,1958568,1958568,1,87380.3,87380.2,0.1,1.0,sl,0.0,-0.08748030000000583,0.08738030000000001,5.0,ifvg,0.001,-0.17486060000000583
2025-11,widen_both_2x,374,1958568,1958568,1,87398.9,87398.41308900523,0.48691099476420646,4.869109947642064,sl,0.0,-0.08788581099476128,0.0873989,5.0,ifvg,0.001,-0.17528471099476128
2025-11,widen_both_2x,375,1958568,1958568,1,87417.5,87416.52617801048,0.9738219895287938,9.738219895287939,sl,0.0,-0.08839132198952256,0.08741750000000001,5.0,ifvg,0.001,-0.17580882198952258
2025-11,widen_both_2x,376,1958568,1958599,-1,87378.6,87418.0,185.99999999998545,2231.9999999998254,inv,32.0,-0.1267785999999942,0.0873786,5.0,ifvg_clean,0.001,-0.2141571999999942
2025-11,widen_both_2x,377,2000431,2000431,-1,85953.79999999999,85954.2834437086,0.4834437086095109,4.834437086095109,sl,0.0,-0.08643724370861013,0.08595379999999998,5.0,ifvg,0.001,-0.1723910437086101
2025-11,widen_both_2x,378,2000431,2000431,-1,85939.2,85940.16688741722,0.96688741721854,9.6688741721854,sl,0.0,-0.08690608741722028,0.08593920000000001,5.0,ifvg,0.001,-0.17284528741722027
2025-11,widen_both_2x,379,2000436,2000436,-1,85968.4,85967.4,0.1,1.0,tp,0.0,-0.0849684,0.0859684,5.0,ifvg,0.001,-0.1709368
2025-11,widen_both_2x,380,2000431,2000560,1,85960.5,85938.7,145.99999999998545,1751.9999999998254,inv,135.0,-0.10776050000000291,0.0859605,5.0,ifvg_clean,0.001,-0.19372100000000292
2025-11,widen_both_2x,381,2002177,2002177,-1,85498.0,85498.97920997921,0.9792099792099818,9.792099792099817,sl,0.0,-0.08647720997921028,0.085498,5.0,fvg,0.001,-0.1719752099792103
2025-11,widen_both_2x,382,2002190,2002190,-1,85521.55,85516.65395010395,0.4896049896049909,4.896049896049909,tp,0.0,-0.08062550010394859,0.08552155,5.0,fvg,0.001,-0.1661470501039486
2025-11,widen_both_2x,383,2002198,2002198,-1,85545.1,85545.20000000001,0.1,1.0,sl,0.0,-0.08564510000000583,0.08554510000000001,5.0,fvg,0.001,-0.17119020000000584
2025-11,widen_both_2x,384,2002328,2002328,1,85633.9,85632.91416430594,0.9858356940509898,9.858356940509898,sl,0.0,-0.0866197356940531,0.0856339,5.0,fvg,0.001,-0.1722536356940531
2025-11,widen_both_2x,385,2002407,2002407,1,85599.1,85604.02917847026,0.49291784702559793,4.929178470255979,tp,0.0,-0.0806699215297491,0.08559910000000001,5.0,fvg,0.001,-0.1662690215297491
2025-11,widen_both_2x,386,2002653,2002653,-1,86171.7,86170.7,0.1,1.0,tp,0.0,-0.0851717,0.0861717,5.0,ifvg,0.001,-0.1713434
2025-11,widen_both_2x,387,2002653,2002653,-1,86135.6,86136.09316939891,0.4931693989070041,4.931693989070041,sl,0.0,-0.0866287693989056,0.0861356,5.0,ifvg,0.001,-0.1727643693989056
2025-11,widen_both_2x,388,2002653,2002653,-1,86099.5,86100.48633879781,0.9863387978142071,9.863387978142072,sl,0.0,-0.08708583879781119,0.08609950000000001,5.0,ifvg,0.001,-0.1731853387978112
2025-11,widen_both_2x,389,2002653,2002698,1,86169.8,86099.0,360.99999999998545,4331.999999999825,inv,45.0,-0.15696980000000293,0.0861698,5.0,ifvg_clean,0.001,-0.24313960000000295
2025-11,widen_both_2x,390,2016258,2016258,-1,88324.04999999999,88324.54517839922,0.4951783992286139,4.951783992286139,inv,0.0,-0.08881922839922918,0.08832404999999999,5.0,ifvg,0.001,-0.17714327839922916
2025-11,widen_both_2x,391,2016258,2016258,-1,88272.7,88273.69035679846,0.9903567984570875,9.903567984570875,sl,0.0,-0.08926305679845838,0.0882727,5.0,ifvg,0.001,-0.17753575679845837
2025-11,widen_both_2x,392,2016259,2016259,-1,88375.4,88375.5,0.1,1.0,inv,0.0,-0.08847540000000582,0.0883754,5.0,ifvg,0.001,-0.17685080000000583
2025-11,widen_both_2x,393,2018002,2018002,1,88602.8,88602.31612903226,0.4838709677419355,4.838709677419355,sl,0.0,-0.08908667096774242,0.08860280000000001,5.0,ifvg,0.001,-0.17768947096774243
2025-11,widen_both_2x,394,2018002,2018002,1,88617.8,88616.83225806452,0.967741935483871,9.67741935483871,sl,0.0,-0.08958554193548482,0.08861780000000001,5.0,ifvg,0.001,-0.17820334193548482
2025-11,widen_both_2x,395,2018002,2018011,-1,88598.0,88618.3,150.0,1800.0,inv,9.0,-0.10889800000000291,0.088598,5.0,ifvg_clean,0.001,-0.1974960000000029
2025-11,widen_both_2x,396,2018087,2018087,1,88587.8,88588.8,0.1,1.0,tp,0.0,-0.08758780000000001,0.08858780000000001,5.0,ifvg,0.001,-0.17617560000000002
2025-11,widen_both_2x,397,2019729,2019729,-1,88391.2,88392.1948051948,0.9948051948051948,9.948051948051948,sl,0.0,-0.0893860051948013,0.0883912,5.0,fvg,0.001,-0.1777772051948013
2025-11,widen_both_2x,398,2020506,2020506,-1,88217.7,88218.67142857143,0.9714285714285714,9.714285714285714,sl,0.0,-0.08918912857142898,0.0882177,5.0,fvg,0.001,-0.17740682857142898
2025-11,widen_both_2x,399,2020574,2020574,-1,88234.7,88229.84285714285,0.4857142857142857,4.857142857142857,tp,0.0,-0.08337755714285507,0.0882347,5.0,fvg,0.001,-0.17161225714285505
2025-11,widen_both_2x,400,2020576,2020576,-1,88251.7,88251.8,0.1,1.0,sl,0.0,-0.08835170000000582,0.0882517,5.0,fvg,0.001,-0.17660340000000582
2025-11,widen_both_2x,401,2020779,2020779,-1,88486.95,88481.97597402598,0.4974025974025974,4.974025974025974,tp,0.0,-0.08351292402597893,0.08848695,5.0,fvg,0.001,-0.17199987402597894
2025-11,widen_both_2x,402,2021320,2021320,-1,88582.7,88581.7,0.1,1.0,tp,0.0,-0.0875827,0.0885827,5.0,fvg,0.001,-0.1761654
2025-11,widen_both_2x,403,2028252,2028255,1,89000.0,88999.00799360512,0.9920063948840931,9.920063948840932,sl,3.0,-0.08999200639488117,0.089,5.0,fvg,0.001,-0.17899200639488116
2025-11,widen_both_2x,404,2028326,2028326,1,88937.95,88937.45399680255,0.4960031974420466,4.960031974420466,sl,0.0,-0.08943395319744786,0.08893795,5.0,fvg,0.001,-0.17837190319744786
2025-11,widen_both_2x,405,2028734,2028734,1,88875.9,88875.79999999999,0.1,1.0,sl,0.0,-0.08897590000000583,0.08887590000000001,5.0,fvg,0.001,-0.17785180000000583
2025-11,widen_both_2x,406,2031138,2031138,-1,88650.2,88650.69031007752,0.49031007751938094,4.90310077519381,sl,0.0,-0.08914051007752637,0.0886502,5.0,ifvg,0.001,-0.17779071007752636
2025-11,widen_both_2x,407,2031138,2031138,-1,88624.9,88625.88062015503,0.9806201550387619,9.80620155038762,sl,0.0,-0.08960552015503818,0.08862489999999999,5.0,ifvg,0.001,-0.17823042015503818
2025-11,widen_both_2x,408,2031168,2031168,-1,88675.5,88674.5,0.1,1.0,tp,0.0,-0.0876755,0.0886755,5.0,ifvg,0.001,-0.176351
2025-11,widen_both_2x,409,2031138,2031175,1,88672.2,88624.4,253.0000000000291,3036.0000000003492,inv,38.0,-0.13647220000000293,0.0886722,5.0,ifvg_clean,0.001,-0.22514440000000294
2025-11,widen_both_2x,410,2016258,2036387,1,88372.8,87859.30000000002,513.4999999999854,6161.999999999825,sl,20406.0,-0.6018727999999854,0.0883728,5.0,ifvg_clean,0.001,-0.6902455999999855
2025-11,widen_both_2x,411,2038055,2038055,-1,88015.0,88015.49559859154,0.49559859154929603,4.955985915492961,sl,0.0,-0.08851059859154396,0.088015,5.0,ifvg,0.001,-0.17652559859154396
2025-11,widen_both_2x,412,2038055,2038055,-1,87958.7,87959.6911971831,0.9911971830985921,9.911971830985921,sl,0.0,-0.08894989718310249,0.0879587,5.0,ifvg,0.001,-0.17690859718310248
2025-11,widen_both_2x,413,2038091,2038091,-1,88071.3,88070.3,0.1,1.0,tp,0.0,-0.0870713,0.0880713,5.0,ifvg,0.001,-0.1751426
2025-11,widen_both_2x,414,2038055,2038366,1,88033.9,87958.2,563.0000000000291,6756.000000000349,inv,324.0,-0.1637338999999971,0.0880339,5.0,ifvg_clean,0.001,-0.2517677999999971
2025-11,widen_both_2x,415,2047370,2047370,1,87721.85,87721.35818330606,0.4918166939444715,4.918166939444715,inv,0.0,-0.08821366669394602,0.08772185,5.0,ifvg,0.001,-0.17593551669394603
2025-11,widen_both_2x,416,2047370,2047370,1,87751.9,87750.9163666121,0.9836333878887048,9.836333878887048,sl,0.0,-0.08873553338789203,0.0877519,5.0,ifvg,0.001,-0.17648743338789202
2025-11,widen_both_2x,417,2047379,2047379,1,87691.8,87691.7,0.1,1.0,inv,0.0,-0.08779180000000582,0.0876918,5.0,ifvg,0.001,-0.17548360000000582
2025-11,widen_both_2x,418,2047370,2049677,-1,87696.0,87996.49999999996,300.49999999995634,3605.999999999476,sl,2359.0,-0.38819599999995635,0.087696,5.0,ifvg_clean,0.001,-0.47589199999995635
2025-11,widen_both_2x,419,2082008,2082008,1,87524.9,87523.94048582995,0.959514170040481,9.59514170040481,inv,0.0,-0.08848441417004108,0.0875249,5.0,ifvg,0.001,-0.17600931417004106
2025-11,widen_both_2x,420,2082275,2082275,1,87513.04999999999,87512.57024291497,0.4797570850199459,4.797570850199459,inv,0.0,-0.08799280708502054,0.08751305,5.0,ifvg,0.001,-0.17550585708502053
2025-11,widen_both_2x,421,2082276,2082276,1,87501.2,87501.09999999999,0.1,1.0,inv,0.0,-0.08760120000000582,0.0875012,5.0,ifvg,0.001,-0.17510240000000582
2025-11,widen_both_2x,422,2082008,2082509,-1,87513.3,87631.79999999999,118.49999999998545,1421.9999999998254,sl,511.0,-0.20601329999998547,0.0875133,5.0,ifvg_clean,0.001,-0.2935265999999855
2025-11,widen_both_2x,423,2088297,2088297,1,86304.45000000001,86303.95604594922,0.49395405078606114,4.939540507860611,inv,0.0,-0.08679840405079124,0.08630445000000002,5.0,ifvg,0.001,-0.17310285405079126
2025-11,widen_both_2x,424,2088297,2088297,1,86345.3,86344.31209189844,0.9879081015719463,9.879081015719462,sl,0.0,-0.0873332081015679,0.08634530000000001,5.0,ifvg,0.001,-0.17367850810156793
2025-11,widen_both_2x,425,2088299,2088299,1,86263.6,86263.5,0.1,1.0,inv,0.0,-0.08636360000000583,0.08626360000000001,5.0,ifvg,0.001,-0.17262720000000584
2025-11,widen_both_2x,426,2088297,2088500,-1,86276.0,86684.49999999999,408.49999999998545,4901.999999999825,sl,203.0,-0.49477599999998545,0.08627599999999999,5.0,ifvg_clean,0.001,-0.5810519999999855
2025-11,widen_both_2x,427,2088601,2088601,-1,86583.1,86580.2,105.49999999995634,1265.9999999994761,inv,0.0,-0.08368309999999128,0.08658310000000001,5.0,ifvg_clean,0.001,-0.1702661999999913
2025-11,widen_both_2x,428,2088602,2088602,1,86579.7,86578.74524886877,0.9547511312217015,9.547511312217015,sl,0.0,-0.08753445113122667,0.08657970000000001,5.0,ifvg,0.001,-0.1741141511312267
2025-11,widen_both_2x,429,2088742,2088742,1,86558.6,86559.6,0.1,1.0,tp,0.0,-0.08555860000000001,0.08655860000000001,5.0,ifvg,0.001,-0.17211720000000003
2025-11,widen_both_2x,430,2088742,2088742,1,86569.15,86573.9237556561,0.4773755656105215,4.773755656105215,tp,0.0,-0.08179539434389581,0.08656915,5.0,ifvg,0.001,-0.1683645443438958
2025-11,widen_both_2x,431,2089217,2089217,-1,86503.9,86502.9,0.1,1.0,tp,0.0,-0.08550390000000001,0.08650390000000001,5.0,fvg,0.001,-0.17200780000000002
2025-11,widen_both_2x,432,2089217,2089217,-1,86456.9,86457.39473684209,0.49473684210526314,4.947368421052632,sl,0.0,-0.08695163684209806,0.08645689999999999,5.0,fvg,0.001,-0.17340853684209806
2025-11,widen_both_2x,433,2089217,2089217,-1,86409.9,86410.8894736842,0.9894736842105263,9.894736842105264,sl,0.0,-0.08739937368421068,0.0864099,5.0,fvg,0.001,-0.17380927368421067
2025-11,widen_both_2x,434,2101334,2101334,-1,87489.1,87489.20000000001,0.1,1.0,sl,0.0,-0.08758910000000583,0.08748910000000001,5.0,ifvg,0.001,-0.17507820000000585
2025-11,widen_both_2x,435,2101334,2101334,-1,87477.9,87478.37863247863,0.47863247863279756,4.786324786327976,sl,0.0,-0.08795653247864006,0.0874779,5.0,ifvg,0.001,-0.17543443247864005
2025-11,widen_both_2x,436,2101334,2101334,-1,87466.7,87467.65726495726,0.9572649572649732,9.572649572649732,sl,0.0,-0.0884239649572656,0.08746670000000001,5.0,ifvg,0.001,-0.1758906649572656
2025-11,widen_both_2x,437,2101334,2101667,1,87490.5,87466.2,112.00000000004366,1344.0000000005239,inv,344.0,-0.1117905000000029,0.0874905,5.0,ifvg_clean,0.001,-0.1992810000000029
2025-11,widen_both_2x,438,2109272,2109272,1,87338.45000000001,87337.97304147466,0.4769585253459543,4.769585253459542,sl,0.0,-0.08781540852535254,0.08733845000000001,5.0,ifvg,0.001,-0.17515385852535253
2025-11,widen_both_2x,439,2109272,2109272,1,87348.8,87347.84608294931,0.953917050691238,9.53917050691238,sl,0.0,-0.08830271705069052,0.08734880000000002,5.0,ifvg,0.001,-0.17565151705069054
2025-11,widen_both_2x,440,2109272,2109280,-1,87337.8,87349.3,103.49999999998545,1241.9999999998254,inv,9.0,-0.0988378,0.08733780000000001,5.0,ifvg_clean,0.001,-0.1861756
2025-11,widen_both_2x,441,2109354,2109354,1,87328.1,87329.1,0.1,1.0,tp,0.0,-0.0863281,0.0873281,5.0,ifvg,0.001,-0.1736562
2025-11,widen_both_2x,442,2110883,2110883,1,87272.65,87272.15998003991,0.4900199600796934,4.900199600796934,sl,0.0,-0.08776266996008156,0.08727265000000001,5.0,ifvg,0.001,-0.17503531996008156
2025-11,widen_both_2x,443,2110883,2110883,1,87297.2,87296.21996007983,0.9800399201596772,9.800399201596772,sl,0.0,-0.08827723992016312,0.0872972,5.0,ifvg,0.001,-0.17557443992016314
2025-11,widen_both_2x,444,2111005,2111005,1,87248.1,87249.1,0.1,1.0,tp,0.0,-0.08624810000000001,0.08724810000000001,5.0,ifvg,0.001,-0.17349620000000002
2025-11,widen_both_2x,445,2110883,2111026,-1,87248.5,87297.7,245.49999999995634,2945.999999999476,inv,154.0,-0.13644849999999709,0.0872485,5.0,ifvg_clean,0.001,-0.2236969999999971
2025-11,widen_both_2x,446,2113500,2113500,-1,86683.5,86684.49201915403,0.9920191540303274,9.920191540303273,sl,0.0,-0.08767551915402955,0.0866835,5.0,fvg,0.001,-0.17435901915402954
2025-11,widen_both_2x,447,2113545,2113545,-1,86745.65,86746.14600957702,0.49600957701522175,4.9600957701522175,sl,0.0,-0.08724165957702204,0.08674565,5.0,fvg,0.001,-0.17398730957702202
2025-11,widen_both_2x,448,2113760,2113760,-1,86807.8,86806.8,0.1,1.0,tp,0.0,-0.0858078,0.0868078,5.0,fvg,0.001,-0.1726156
2025-11,widen_both_2x,449,2128860,2128860,1,87886.3,87885.34739336494,0.9526066350711031,9.52606635071103,inv,0.0,-0.08883890663506633,0.0878863,5.0,ifvg,0.001,-0.17672520663506633
2025-11,widen_both_2x,450,2128950,2128950,1,87876.25,87875.77369668246,0.47630331753555155,4.763033175355515,inv,0.0,-0.08835255331754044,0.08787625,5.0,ifvg,0.001,-0.17622880331754043
2025-11,widen_both_2x,451,2128953,2128953,1,87866.2,87866.09999999999,0.1,1.0,inv,0.0,-0.08796620000000581,0.08786619999999999,5.0,ifvg,0.001,-0.1758324000000058
2025-11,widen_both_2x,452,2133659,2133659,1,87193.25,87192.76400560224,0.4859943977591082,4.859943977591082,inv,0.0,-0.08767924439776446,0.08719325000000001,5.0,ifvg,0.001,-0.17487249439776448
2025-11,widen_both_2x,453,2133659,2133659,1,87210.6,87209.62801120449,0.9719887955182164,9.719887955182164,sl,0.0,-0.08818258879551436,0.08721060000000001,5.0,ifvg,0.001,-0.17539318879551435
2025-11,widen_both_2x,454,2133718,2133718,1,87175.9,87175.79999999999,0.1,1.0,inv,0.0,-0.08727590000000582,0.0871759,5.0,ifvg,0.001,-0.17445180000000582
2025-11,widen_both_2x,455,2134948,2134948,-1,87101.5,87102.4797979798,0.9797979797979799,9.7979797979798,sl,0.0,-0.08808129797980224,0.0871015,5.0,fvg,0.001,-0.17518279797980224
2025-11,widen_both_2x,456,2134957,2134957,-1,87125.75,87120.851010101,0.48989898989898994,4.8989898989899,tp,0.0,-0.08222676010100334,0.08712575,5.0,fvg,0.001,-0.16935251010100333
2025-11,widen_both_2x,457,2135018,2135018,-1,87150.0,87149.0,0.1,1.0,tp,0.0,-0.08615,0.08715,5.0,fvg,0.001,-0.1733
2025-11,widen_both_2x,458,2133659,2137247,-1,87191.7,87365.20000000006,173.5000000000582,2082.0000000006985,sl,3769.0,-0.2606917000000582,0.0871917,5.0,ifvg_clean,0.001,-0.3478834000000582
2025-11,widen_both_2x,459,2128860,2156241,-1,87879.6,86673.59999999966,100.5000000000291,1206.0000000003492,tp,28373.0,1.1181204000003493,0.08787960000000002,5.0,ifvg_clean,0.001,1.0302408000003493
2025-11,widen_both_2x,460,2184155,2184155,1,90160.65,90160.15866551126,0.4913344887347088,4.913344887347088,sl,0.0,-0.09065198448873181,0.09016065,5.0,ifvg,0.001,-0.1808126344887318
2025-11,widen_both_2x,461,2184155,2184155,1,90189.0,90188.01733102254,0.9826689774696699,9.826689774696698,sl,0.0,-0.09117166897746362,0.090189,5.0,ifvg,0.001,-0.1813606689774636
2025-11,widen_both_2x,462,2184157,2184157,1,90132.3,90133.3,0.1,1.0,tp,0.0,-0.0891323,0.0901323,5.0,ifvg,0.001,-0.1792646
2025-11,widen_both_2x,463,2184155,2184268,-1,90137.1,90189.5,283.49999999998545,3401.9999999998254,inv,113.0,-0.1425370999999942,0.09013710000000001,5.0,ifvg_clean,0.001,-0.23267419999999422
2025-11,widen_both_2x,464,2190353,2190359,1,89468.5,89478.41631799164,0.9916317991631798,9.916317991631798,tp,6.0,-0.07955218200836413,0.0894685,5.0,fvg,0.001,-0.16902068200836412
2025-11,widen_both_2x,465,2192586,2192586,-1,89696.8,89692.01739130435,0.4782608695652174,4.782608695652174,tp,0.0,-0.08491419130435163,0.08969680000000001,5.0,fvg,0.001,-0.17461099130435165
2025-11,widen_both_2x,466,2192586,2192586,-1,89685.8,89686.75652173914,0.9565217391304348,9.565217391304348,sl,0.0,-0.09064232173913549,0.0896858,5.0,fvg,0.001,-0.18032812173913548
2025-11,widen_both_2x,467,2192865,2192865,-1,89707.8,89706.8,0.1,1.0,tp,0.0,-0.0887078,0.0897078,5.0,fvg,0.001,-0.1784156
2025-11,widen_both_2x,468,2192867,2192869,-1,89716.3,89717.28050682262,0.980506822612087,9.80506822612087,sl,2.0,-0.09069680682261239,0.08971630000000001,5.0,fvg,0.001,-0.1804131068226124
2025-11,widen_both_2x,469,2192931,2192931,-1,89741.45000000001,89741.94025341132,0.49025341130590167,4.9025341130590165,sl,0.0,-0.0902317034113062,0.08974145000000001,5.0,fvg,0.001,-0.1799731534113062
2025-11,widen_both_2x,470,2192956,2192956,-1,89766.6,89765.6,0.1,1.0,tp,0.0,-0.08876660000000001,0.08976660000000002,5.0,fvg,0.001,-0.17853320000000003
2025-11,widen_both_2x,471,2203470,2203470,-1,90474.70000000001,90475.18226950355,0.4822695035458394,4.822695035458394,inv,0.0,-0.09095696950354003,0.09047470000000002,5.0,ifvg,0.001,-0.18143166950354006
2025-11,widen_both_2x,472,2203470,2203470,-1,90461.1,90462.0645390071,0.9645390070921949,9.645390070921948,sl,0.0,-0.09142563900709458,0.0904611,5.0,ifvg,0.001,-0.18188673900709457
2025-11,widen_both_2x,473,2203558,2203558,-1,90488.3,90488.40000000001,0.1,1.0,inv,0.0,-0.09058830000000583,0.09048830000000001,5.0,ifvg,0.001,-0.18107660000000583
2025-11,widen_both_2x,474,2203470,2204313,1,90479.8,90343.80000000002,135.99999999998545,1631.9999999998254,sl,848.0,-0.22647979999998546,0.09047980000000001,5.0,ifvg_clean,0.001,-0.31695959999998546
2025-11,widen_both_2x,475,1754272,2211030,1,83343.6,91143.6,650.0,7800.0,tp,465179.0,7.7166564,0.08334360000000002,5.0,ifvg_clean,0.001,7.6333128
2025-11,widen_both_2x,476,2266119,2266119,-1,91498.65,91499.13881431767,0.4888143176735401,4.888143176735401,inv,0.0,-0.0919874643176795,0.09149865,5.0,ifvg,0.001,-0.1834861143176795
2025-11,widen_both_2x,477,2266119,2266119,-1,91476.8,91477.77762863535,0.9776286353467546,9.776286353467546,sl,0.0,-0.09245442863534445,0.09147680000000001,5.0,ifvg,0.001,-0.18393122863534445
2025-11,widen_both_2x,478,2266121,2266121,-1,91520.5,91520.6,0.1,1.0,inv,0.0,-0.09162050000000582,0.0915205,5.0,ifvg,0.001,-0.18314100000000583
2025-11,widen_both_2x,479,2266119,2266308,1,91519.9,91301.40000000001,218.49999999998545,2621.9999999998254,sl,190.0,-0.31001989999998547,0.0915199,5.0,ifvg_clean,0.001,-0.40153979999998546
2025-11,widen_both_2x,480,2284355,2284355,-1,91204.35,91204.82942386832,0.47942386831246026,4.794238683124602,sl,0.0,-0.09168377386830982,0.09120435,5.0,ifvg,0.001,-0.18288812386830983
2025-11,widen_both_2x,481,2284355,2284355,-1,91192.7,91193.65884773662,0.9588477366255194,9.588477366255194,sl,0.0,-0.09215154773661964,0.0911927,5.0,ifvg,0.001,-0.18334424773661964
2025-11,widen_both_2x,482,2284355,2284393,1,91214.6,91192.2,116.50000000001455,1398.0000000001746,inv,42.0,-0.11361460000000874,0.0912146,5.0,ifvg_clean,0.001,-0.20482920000000876
2025-11,widen_both_2x,483,2284454,2284454,-1,91216.0,91216.1,0.1,1.0,sl,0.0,-0.09131600000000582,0.091216,5.0,ifvg,0.001,-0.18253200000000583
2025-11,widen_both_2x,484,2317897,2317897,1,91089.9,91088.91522070015,0.9847792998477923,9.847792998477923,sl,0.0,-0.09207467929984801,0.0910899,5.0,fvg,0.001,-0.18316457929984803
2025-11,widen_both_2x,485,2318056,2318056,1,91057.54999999999,91062.47389649923,0.4923896499237854,4.923896499237854,tp,0.0,-0.08613365350075991,0.09105754999999999,5.0,fvg,0.001,-0.1771912035007599
2025-11,widen_both_2x,486,2338312,2338312,1,92677.5,92682.46798975673,0.4967989756722153,4.967989756722153,tp,0.0,-0.08770951024327427,0.0926775,5.0,fvg,0.001,-0.18038701024327425
2025-11,widen_both_2x,487,2338312,2338312,1,92755.1,92754.10640204867,0.9935979513444306,9.935979513444305,sl,0.0,-0.09374869795133935,0.09275510000000002,5.0,fvg,0.001,-0.18650379795133937
2025-11,widen_both_2x,488,2338315,2338315,1,92599.9,92600.9,0.1,1.0,tp,0.0,-0.0915999,0.0925999,5.0,fvg,0.001,-0.1841998
2025-11,widen_both_2x,489,2343843,2343843,1,92099.8,92099.31612903226,0.4838709677419355,4.838709677419355,inv,0.0,-0.09258367096774242,0.09209980000000001,5.0,ifvg,0.001,-0.18468347096774243
2025-11,widen_both_2x,490,2343843,2343843,1,92114.8,92113.83225806452,0.967741935483871,9.67741935483871,sl,0.0,-0.09308254193548482,0.09211480000000001,5.0,ifvg,0.001,-0.18519734193548482
2025-11,widen_both_2x,491,2344027,2344027,1,92084.8,92084.7,0.1,1.0,inv,0.0,-0.09218480000000583,0.09208480000000001,5.0,ifvg,0.001,-0.18426960000000583
2025-11,widen_both_2x,492,2344047,2344047,1,92048.7,92048.20856164383,0.4914383561643827,4.914383561643827,inv,0.0,-0.09254013835616996,0.0920487,5.0,ifvg,0.001,-0.18458883835616996
2025-11,widen_both_2x,493,2344047,2344047,1,92077.4,92076.41712328767,0.9828767123287654,9.828767123287655,sl,0.0,-0.09306027671232538,0.0920774,5.0,ifvg,0.001,-0.1851376767123254
2025-11,widen_both_2x,494,2344051,2344051,1,92020.0,92019.9,0.1,1.0,inv,0.0,-0.09212000000000582,0.09202,5.0,ifvg,0.001,-0.18414000000000583
2025-11,widen_both_2x,495,2345687,2345687,1,91267.9,91267.41008064516,0.4899193548385612,4.899193548385612,inv,0.0,-0.09175781935483354,0.0912679,5.0,ifvg,0.001,-0.18302571935483353
2025-11,widen_both_2x,496,2345687,2345687,1,91292.2,91291.22016129032,0.9798387096774158,9.798387096774158,sl,0.0,-0.09227203870968163,0.09129219999999999,5.0,ifvg,0.001,-0.18356423870968164
2025-11,widen_both_2x,497,2345688,2345688,1,91243.6,91243.5,0.1,1.0,inv,0.0,-0.09134360000000583,0.09124360000000001,5.0,ifvg,0.001,-0.18258720000000583
2025-11,widen_both_2x,498,2345687,2346367,-1,91248.2,91491.19999999995,242.99999999995634,2915.999999999476,sl,680.0,-0.33424819999995636,0.0912482,5.0,ifvg_clean,0.001,-0.42549639999995637
2025-11,widen_both_2x,499,2346508,2346508,1,91419.1,91418.11308900524,0.9869109947643995,9.869109947643995,sl,0.0,-0.0924060109947613,0.09141910000000002,5.0,fvg,0.001,-0.18382511099476131
2025-11,widen_both_2x,500,2346533,2346533,1,91381.4,91380.9065445026,0.4934554973821045,4.934554973821045,sl,0.0,-0.09187485549738791,0.0913814,5.0,fvg,0.001,-0.18325625549738792
2025-11,widen_both_2x,501,2346710,2346710,1,91343.7,91344.7,0.1,1.0,tp,0.0,-0.0903437,0.0913437,5.0,fvg,0.001,-0.1816874
2025-11,widen_both_2x,502,2343843,2349286,-1,92091.0,90291.0,150.0,1800.0,tp,5443.0,1.7079090000000001,0.092091,5.0,ifvg_clean,0.001,1.6158180000000002
2025-11,widen_both_2x,503,2350146,2350146,1,90433.65,90433.15974658869,0.49025341130590167,4.9025341130590165,inv,0.0,-0.09092390341130618,0.09043365,5.0,ifvg,0.001,-0.1813575534113062
2025-11,widen_both_2x,504,2350146,2350146,1,90458.8,90457.81949317739,0.980506822612087,9.80506822612087,sl,0.0,-0.09143930682261238,0.0904588,5.0,ifvg,0.001,-0.18189810682261237
2025-11,widen_both_2x,505,2350146,2350500,-1,90431.8,90683.30000000002,251.50000000001455,3018.0000000001746,sl,354.0,-0.34193180000001455,0.0904318,5.0,ifvg_clean,0.001,-0.43236360000001456
2025-11,widen_both_2x,506,2351230,2351230,1,90408.5,90408.4,0.1,1.0,inv,0.0,-0.09050850000000582,0.0904085,5.0,ifvg,0.001,-0.18091700000000582
2025-11,widen_both_2x,507,2525469,2525469,1,90900.0,90899.51824817518,0.4817518248175144,4.817518248175144,inv,0.0,-0.09138175182481646,0.09090000000000001,5.0,ifvg,0.001,-0.18228175182481648
2025-11,widen_both_2x,508,2525469,2525469,1,90913.2,90912.23649635036,0.9635036496350288,9.635036496350288,sl,0.0,-0.09187670364963291,0.0909132,5.0,ifvg,0.001,-0.1827899036496329
2025-11,widen_both_2x,509,2525524,2525524,1,90886.8,90887.8,0.1,1.0,tp,0.0,-0.0898868,0.0908868,5.0,ifvg,0.001,-0.1807736
2025-11,widen_both_2x,510,2344047,2528361,-1,92028.2,90320.6,286.9999999999709,3443.9999999996508,eod,201253.0,1.6155717999999912,0.0920282,5.0,ifvg_clean,0.001,1.5235435999999911
2025-11,widen_both_2x,511,2525469,2528361,-1,90891.5,90320.6,131.9999999999709,1583.9999999996508,eod,2915.0,0.4800084999999942,0.09089150000000001,5.0,ifvg_clean,0.001,0.38911699999999416
2025-11,widen_both_4x,0,133733,133739,-1,109868.2,109858.3012145749,0.9898785425101218,9.898785425101217,tp,6.0,-0.09996941457489732,0.1098682,5.0,fvg,0.001,-0.2098376145748973
2025-11,widen_both_4x,1,134594,134594,-1,109917.1,109912.15060728746,0.4949392712549872,4.949392712549872,tp,0.0,-0.10496770728745594,0.1099171,5.0,fvg,0.001,-0.21488480728745596
2025-11,widen_both_4x,2,134701,134701,-1,109966.0,109965.0,0.1,1.0,tp,0.0,-0.10896600000000001,0.10996600000000001,5.0,fvg,0.001,-0.21893200000000002
2025-11,widen_both_4x,3,159464,159464,1,110639.9,110638.90919117647,0.9908088235294108,9.908088235294109,sl,0.0,-0.11163070882352427,0.1106399,5.0,fvg,0.001,-0.22227060882352428
2025-11,widen_both_4x,4,159510,159510,1,110586.0,110585.50459558824,0.4954044117647054,4.954044117647054,sl,0.0,-0.11108140441176215,0.110586,5.0,fvg,0.001,-0.22166740441176214
2025-11,widen_both_4x,5,160253,160253,1,110532.1,110533.1,0.1,1.0,tp,0.0,-0.10953210000000002,0.11053210000000002,5.0,fvg,0.001,-0.22006420000000004
2025-11,widen_both_4x,6,161095,161095,1,110323.29999999999,110322.80484496123,0.4951550387596193,4.951550387596193,inv,0.0,-0.11081845503876317,0.11032329999999999,5.0,ifvg,0.001,-0.22114175503876315
2025-11,widen_both_4x,7,161095,161095,1,110374.4,110373.40968992247,0.9903100775193796,9.903100775193796,sl,0.0,-0.11136471007752637,0.1103744,5.0,ifvg,0.001,-0.22173911007752636
2025-11,widen_both_4x,8,161137,161137,1,110272.2,110272.09999999999,0.1,1.0,inv,0.0,-0.11037220000000582,0.1102722,5.0,ifvg,0.001,-0.22064440000000582
2025-11,widen_both_4x,9,164817,164817,1,109614.29999999999,109613.80626566416,0.49373433583950804,4.93734335839508,inv,0.0,-0.1101080343358324,0.10961429999999998,5.0,ifvg,0.001,-0.21972233433583238
2025-11,widen_both_4x,10,164817,164817,1,109653.7,109652.71253132832,0.9874686716791985,9.874686716791985,sl,0.0,-0.11064116867167939,0.1096537,5.0,ifvg,0.001,-0.2202948686716794
2025-11,widen_both_4x,11,164821,164821,1,109574.9,109574.79999999999,0.1,1.0,inv,0.0,-0.10967490000000582,0.1095749,5.0,ifvg,0.001,-0.21924980000000582
2025-11,widen_both_4x,12,170328,170328,-1,108719.7,108720.1827586207,0.48275862068965514,4.827586206896552,sl,0.0,-0.10920245862069568,0.1087197,5.0,ifvg,0.001,-0.2179221586206957
2025-11,widen_both_4x,13,170328,170328,-1,108705.7,108706.66551724137,0.9655172413793103,9.655172413793103,sl,0.0,-0.1096712172413768,0.10870569999999999,5.0,ifvg,0.001,-0.21837691724137678
2025-11,widen_both_4x,14,170328,170336,1,108730.7,108705.2,140.0,1680.0,inv,8.0,-0.1342307,0.1087307,5.0,ifvg_clean,0.001,-0.2429614
2025-11,widen_both_4x,15,170350,170350,-1,108733.7,108732.7,0.1,1.0,tp,0.0,-0.1077337,0.1087337,5.0,ifvg,0.001,-0.2164674
2025-11,widen_both_4x,16,188915,188915,1,107382.55,107382.06089324619,0.4891067538126348,4.891067538126348,inv,0.0,-0.10787165675381194,0.10738255000000001,5.0,ifvg,0.001,-0.21525420675381196
2025-11,widen_both_4x,17,188915,188915,1,107405.0,107404.02178649238,0.9782135076252696,9.782135076252697,sl,0.0,-0.10838321350762388,0.107405,5.0,ifvg,0.001,-0.2157882135076239
2025-11,widen_both_4x,18,188919,188919,1,107360.1,107360.0,0.1,1.0,inv,0.0,-0.10746010000000582,0.1073601,5.0,ifvg,0.001,-0.21482020000000582
2025-11,widen_both_4x,19,188915,191248,-1,107361.9,107586.39999999997,224.4999999999709,2693.9999999996508,sl,2346.0,-0.3318618999999709,0.1073619,5.0,ifvg_clean,0.001,-0.4392237999999709
2025-11,widen_both_4x,20,202295,202295,-1,107803.4,107803.89501992031,0.49501992031879805,4.950199203187981,inv,0.0,-0.10829841992031582,0.1078034,5.0,ifvg,0.001,-0.2161018199203158
2025-11,widen_both_4x,21,202295,202295,-1,107753.7,107754.69003984063,0.9900398406374511,9.90039840637451,sl,0.0,-0.10874373984063165,0.1077537,5.0,ifvg,0.001,-0.21649743984063163
2025-11,widen_both_4x,22,202526,202526,-1,107853.1,107853.20000000001,0.1,1.0,inv,0.0,-0.10795310000000582,0.10785310000000001,5.0,ifvg,0.001,-0.21580620000000583
2025-11,widen_both_4x,23,202295,211165,1,107847.7,107350.69999999995,497.00000000004366,5964.000000000524,sl,8947.0,-0.6048477000000437,0.1078477,5.0,ifvg_clean,0.001,-0.7126954000000437
2025-11,widen_both_4x,24,212631,212631,-1,108090.1,108091.090990991,0.990990990990991,9.90990990990991,sl,0.0,-0.10908109099099113,0.10809010000000001,5.0,fvg,0.001,-0.21717119099099114
2025-11,widen_both_4x,25,225599,225599,-1,107299.3,107299.78780487805,0.4878048780487805,4.878048780487805,sl,0.0,-0.10778710487805197,0.1072993,5.0,ifvg,0.001,-0.21508640487805197
2025-11,widen_both_4x,26,225599,225599,-1,107279.3,107280.2756097561,0.975609756097561,9.75609756097561,sl,0.0,-0.10825490975610395,0.10727930000000001,5.0,ifvg,0.001,-0.21553420975610396
2025-11,widen_both_4x,27,225599,225614,1,107315.0,107278.8,200.0,2400.0,inv,15.0,-0.1435149999999971,0.107315,5.0,ifvg_clean,0.001,-0.2508299999999971
2025-11,widen_both_4x,28,225630,225630,-1,107319.3,107318.3,0.1,1.0,tp,0.0,-0.1063193,0.1073193,5.0,ifvg,0.001,-0.2136386
2025-11,widen_both_4x,29,257419,257419,-1,107042.9,107043.0,0.1,1.0,inv,0.0,-0.10714290000000583,0.10704290000000001,5.0,ifvg,0.001,-0.21418580000000584
2025-11,widen_both_4x,30,257419,257419,-1,107012.85,107013.34181669395,0.4918166939442333,4.918166939442333,sl,0.0,-0.10750466669394604,0.10701285000000002,5.0,ifvg,0.001,-0.21451751669394606
2025-11,widen_both_4x,31,257419,257419,-1,106982.8,106983.7836333879,0.9836333878887048,9.836333878887048,sl,0.0,-0.10796643338789205,0.10698280000000002,5.0,ifvg,0.001,-0.21494923338789207
2025-11,widen_both_4x,32,257419,261081,1,107049.3,106748.80000000005,300.49999999995634,3605.999999999476,sl,3709.0,-0.40754929999995637,0.1070493,5.0,ifvg_clean,0.001,-0.5145985999999564
2025-11,widen_both_4x,33,164817,265169,-1,109580.3,104852.29999999983,394.00000000001455,4728.000000000175,tp,101263.0,4.6184197000001745,0.1095803,5.0,ifvg_clean,0.001,4.508839400000174
2025-11,widen_both_4x,34,161095,265966,-1,110272.3,104140.30000000018,510.99999999998545,6131.999999999825,tp,105831.0,6.0217276999998255,0.1102723,5.0,ifvg_clean,0.001,5.911455399999825
2025-11,widen_both_4x,35,297609,297609,1,103922.35,103921.86094091904,0.4890590809629594,4.890590809629594,sl,0.0,-0.10441140908096641,0.10392235000000001,5.0,fvg,0.001,-0.2083337590809664
2025-11,widen_both_4x,36,297609,297609,1,103944.7,103943.72188183806,0.9781181619256004,9.781181619256005,sl,0.0,-0.1049228181619328,0.1039447,5.0,fvg,0.001,-0.2088675181619328
2025-11,widen_both_4x,37,297611,297611,1,103900.0,103901.0,0.1,1.0,tp,0.0,-0.1029,0.1039,5.0,fvg,0.001,-0.2068
2025-11,widen_both_4x,38,405847,405847,-1,103782.0,103782.48837209302,0.4883720930232558,4.883720930232558,sl,0.0,-0.10427037209302292,0.103782,5.0,ifvg,0.001,-0.2080523720930229
2025-11,widen_both_4x,39,405847,405847,-1,103761.0,103761.97674418605,0.9767441860465116,9.767441860465116,sl,0.0,-0.10473774418604583,0.10376099999999999,5.0,ifvg,0.001,-0.2084987441860458
2025-11,widen_both_4x,40,405854,405854,-1,103803.0,103803.1,0.1,1.0,sl,0.0,-0.10390300000000581,0.10380299999999999,5.0,ifvg,0.001,-0.2077060000000058
2025-11,widen_both_4x,41,405847,405889,1,103787.4,103760.5,210.0,2520.0,inv,42.0,-0.13068739999999418,0.10378739999999999,5.0,ifvg_clean,0.001,-0.23447479999999415
2025-11,widen_both_4x,42,559713,559713,1,100710.6,100710.5,0.1,1.0,inv,0.0,-0.10081060000000583,0.10071060000000001,5.0,ifvg,0.001,-0.20152120000000584
2025-11,widen_both_4x,43,559713,559713,1,100730.55,100730.06222493888,0.4877750611246926,4.877750611246926,sl,0.0,-0.10121832506111948,0.10073055000000002,5.0,ifvg,0.001,-0.2019488750611195
2025-11,widen_both_4x,44,559713,559713,1,100750.5,100749.52444987775,0.9755501222493852,9.755501222493852,sl,0.0,-0.10172605012225348,0.1007505,5.0,ifvg,0.001,-0.2024765501222535
2025-11,widen_both_4x,45,559839,559839,1,100592.1,100591.6030120482,0.49698795180722893,4.96987951807229,inv,0.0,-0.10108908795180302,0.1005921,5.0,ifvg,0.001,-0.201681187951803
2025-11,widen_both_4x,46,559839,559839,1,100674.6,100673.60602409639,0.9939759036144579,9.93975903614458,sl,0.0,-0.1016685759036206,0.10067460000000002,5.0,ifvg,0.001,-0.2023431759036206
2025-11,widen_both_4x,47,559843,559843,1,100509.6,100509.5,0.1,1.0,inv,0.0,-0.10060960000000582,0.1005096,5.0,ifvg,0.001,-0.20111920000000583
2025-11,widen_both_4x,48,559713,560249,-1,100697.9,100897.39999999997,199.4999999999709,2393.9999999996508,sl,536.0,-0.3001978999999709,0.10069789999999999,5.0,ifvg_clean,0.001,-0.4008957999999709
2025-11,widen_both_4x,49,559839,560440,-1,100511.4,101336.4,825.0,9900.0,sl,601.0,-0.9255114000000001,0.1005114,5.0,ifvg_clean,0.001,-1.0260228
2025-11,widen_both_4x,50,596731,596731,1,103101.20000000001,103100.71344086023,0.48655913978514076,4.865591397851407,sl,0.0,-0.10358775913978294,0.10310120000000002,5.0,ifvg,0.001,-0.20668895913978297
2025-11,widen_both_4x,51,596731,596731,1,103119.3,103118.32688172044,0.9731182795698904,9.731182795698905,sl,0.0,-0.10409241827956583,0.10311930000000001,5.0,ifvg,0.001,-0.20721171827956586
2025-11,widen_both_4x,52,596731,596738,-1,103090.3,103119.8,180.99999999998545,2171.9999999998254,inv,7.0,-0.1325903,0.1030903,5.0,ifvg_clean,0.001,-0.2356806
2025-11,widen_both_4x,53,597372,597372,1,103083.1,103083.0,0.1,1.0,inv,0.0,-0.10318310000000581,0.1030831,5.0,ifvg,0.001,-0.2062662000000058
2025-11,widen_both_4x,54,732248,732248,1,103665.25,103664.75321543409,0.4967845659163987,4.967845659163987,sl,0.0,-0.1041620345659121,0.10366525,5.0,ifvg,0.001,-0.2078272845659121
2025-11,widen_both_4x,55,732248,732248,1,103742.5,103741.50643086816,0.9935691318327974,9.935691318327974,sl,0.0,-0.10473606913183875,0.10374250000000002,5.0,ifvg,0.001,-0.20847856913183876
2025-11,widen_both_4x,56,732371,732371,1,103588.0,103589.0,0.1,1.0,tp,0.0,-0.10258800000000001,0.10358800000000001,5.0,ifvg,0.001,-0.20617600000000003
2025-11,widen_both_4x,57,732248,733494,-1,103589.5,103743.0,772.5,9270.0,inv,1253.0,-0.25708949999999997,0.1035895,5.0,ifvg_clean,0.001,-0.36067899999999997
2025-11,widen_both_4x,58,736176,736176,1,103552.7,103552.2073964497,0.4926035502958586,4.9260355029585865,sl,0.0,-0.10404530355030128,0.1035527,5.0,ifvg,0.001,-0.20759800355030128
2025-11,widen_both_4x,59,736176,736176,1,103586.0,103585.01479289941,0.9852071005917172,9.852071005917173,sl,0.0,-0.10457120710058801,0.103586,5.0,ifvg,0.001,-0.208157207100588
2025-11,widen_both_4x,60,736176,736179,-1,103531.0,103586.5,333.0000000000291,3996.0000000003492,inv,3.0,-0.159031,0.10353100000000001,5.0,ifvg_clean,0.001,-0.262562
2025-11,widen_both_4x,61,800230,800230,-1,105947.25,105947.73422712933,0.48422712933754525,4.842271293375452,sl,0.0,-0.10643147712933097,0.10594724999999999,5.0,ifvg,0.001,-0.21237872712933098
2025-11,widen_both_4x,62,800230,800230,-1,105931.9,105932.86845425867,0.9684542586750905,9.684542586750904,sl,0.0,-0.1069003542586765,0.1059319,5.0,ifvg,0.001,-0.2128322542586765
2025-11,widen_both_4x,63,800268,800268,-1,105962.6,105961.6,0.1,1.0,tp,0.0,-0.10496260000000002,0.10596260000000002,5.0,ifvg,0.001,-0.21092520000000003
2025-11,widen_both_4x,64,800230,800300,1,105956.6,105931.4,153.5000000000582,1842.0000000006985,inv,70.0,-0.13115660000001167,0.10595660000000001,5.0,ifvg_clean,0.001,-0.23711320000001168
2025-11,widen_both_4x,65,807998,807998,-1,106189.0,106189.98031496063,0.9803149606299224,9.803149606299224,sl,0.0,-0.1071693149606305,0.106189,5.0,fvg,0.001,-0.2133583149606305
2025-11,widen_both_4x,66,813686,813686,1,104988.8,104988.30405186386,0.4959481361426254,4.959481361426254,inv,0.0,-0.10548474813614388,0.10498880000000002,5.0,ifvg,0.001,-0.21047354813614388
2025-11,widen_both_4x,67,813686,813686,1,105050.0,105049.00810372771,0.9918962722852508,9.918962722852507,sl,0.0,-0.1060418962722877,0.10505,5.0,ifvg,0.001,-0.2110918962722877
2025-11,widen_both_4x,68,813689,813689,1,104927.6,104927.5,0.1,1.0,inv,0.0,-0.10502760000000583,0.10492760000000001,5.0,ifvg,0.001,-0.20995520000000584
2025-11,widen_both_4x,69,816046,816046,1,105081.05,105080.56285347044,0.4871465295629801,4.871465295629801,inv,0.0,-0.10556819652955823,0.10508105000000001,5.0,ifvg,0.001,-0.21064924652955824
2025-11,widen_both_4x,70,816046,816046,1,105100.0,105099.02570694087,0.9742930591259602,9.742930591259602,sl,0.0,-0.10607429305913103,0.10510000000000001,5.0,ifvg,0.001,-0.21117429305913105
2025-11,widen_both_4x,71,816056,816056,1,105062.1,105062.0,0.1,1.0,inv,0.0,-0.10516210000000582,0.1050621,5.0,ifvg,0.001,-0.21022420000000583
2025-11,widen_both_4x,72,816046,817272,-1,105068.7,105258.19999999997,189.4999999999709,2273.9999999996508,sl,1235.0,-0.29456869999997093,0.1050687,5.0,ifvg_clean,0.001,-0.39963739999997094
2025-11,widen_both_4x,73,818823,818823,1,105345.05,105344.5656739812,0.48432601880877457,4.843260188087745,sl,0.0,-0.10582937601880632,0.10534505000000001,5.0,ifvg,0.001,-0.21117442601880632
2025-11,widen_both_4x,74,818823,818823,1,105360.5,105359.53134796239,0.9686520376175491,9.68652037617549,sl,0.0,-0.10632915203761263,0.10536050000000001,5.0,ifvg,0.001,-0.21168965203761264
2025-11,widen_both_4x,75,818823,818847,-1,105336.7,105361.0,154.4999999999709,1853.9999999996508,inv,24.0,-0.1296367000000029,0.10533669999999999,5.0,ifvg_clean,0.001,-0.23497340000000289
2025-11,widen_both_4x,76,818936,818936,1,105329.6,105330.6,0.1,1.0,tp,0.0,-0.10432960000000001,0.10532960000000001,5.0,ifvg,0.001,-0.20965920000000002
2025-11,widen_both_4x,77,813686,819450,-1,104936.4,105548.39999999997,611.9999999999709,7343.999999999651,sl,5827.0,-0.7169363999999709,0.1049364,5.0,ifvg_clean,0.001,-0.821872799999971
2025-11,widen_both_4x,78,835871,835871,-1,105477.85,105478.34381953029,0.4938195302842123,4.938195302842123,inv,0.0,-0.10597166953028206,0.10547785000000001,5.0,ifvg,0.001,-0.21144951953028207
2025-11,widen_both_4x,79,835871,835871,-1,105437.9,105438.88763906056,0.9876390605686045,9.876390605686044,sl,0.0,-0.10642553906056411,0.1054379,5.0,ifvg,0.001,-0.2118634390605641
2025-11,widen_both_4x,80,836054,836054,-1,105517.8,105517.90000000001,0.1,1.0,inv,0.0,-0.10561780000000583,0.10551780000000001,5.0,ifvg,0.001,-0.21113560000000584
2025-11,widen_both_4x,81,837374,837374,1,105825.1,105824.13003003004,0.9699699699699726,9.699699699699726,sl,0.0,-0.10679506996997042,0.1058251,5.0,ifvg,0.001,-0.2126201699699704
2025-11,widen_both_4x,82,837374,837377,-1,105813.4,105825.6,161.50000000001455,1938.0000000001746,inv,3.0,-0.11801340000001165,0.1058134,5.0,ifvg_clean,0.001,-0.22382680000001165
2025-11,widen_both_4x,83,837392,837392,1,105808.95000000001,105808.46501501503,0.4849849849852048,4.849849849852048,sl,0.0,-0.10629393498498521,0.10580895000000001,5.0,ifvg,0.001,-0.21210288498498522
2025-11,widen_both_4x,84,837403,837403,1,105792.8,105793.8,0.1,1.0,tp,0.0,-0.1047928,0.1057928,5.0,ifvg,0.001,-0.2105856
2025-11,widen_both_4x,85,849676,849676,1,106018.15,106017.66246882793,0.4875311720696413,4.875311720696413,inv,0.0,-0.10650568117206796,0.10601814999999999,5.0,ifvg,0.001,-0.21252383117206797
2025-11,widen_both_4x,86,849676,849676,1,106037.7,106036.72493765586,0.9750623441396454,9.750623441396455,sl,0.0,-0.10701276234413595,0.1060377,5.0,ifvg,0.001,-0.21305046234413594
2025-11,widen_both_4x,87,849711,849711,1,105998.6,105998.5,0.1,1.0,inv,0.0,-0.10609860000000583,0.10599860000000001,5.0,ifvg,0.001,-0.21209720000000584
2025-11,widen_both_4x,88,849676,850156,-1,106003.3,106198.79999999996,195.49999999995634,2345.999999999476,sl,486.0,-0.30150329999995634,0.10600330000000001,5.0,ifvg_clean,0.001,-0.40750659999995636
2025-11,widen_both_4x,89,854133,854138,-1,106781.6,106782.59162479063,0.9916247906197652,9.916247906197652,sl,5.0,-0.10777322479062217,0.10678160000000002,5.0,fvg,0.001,-0.21455482479062218
2025-11,widen_both_4x,90,854544,854544,-1,106559.95,106560.44381953028,0.4938195302843012,4.938195302843012,inv,0.0,-0.10705376953028205,0.10655995,5.0,ifvg,0.001,-0.21361371953028205
2025-11,widen_both_4x,91,854544,854544,-1,106520.0,106520.98763906056,0.9876390605686024,9.876390605686025,sl,0.0,-0.10750763906056411,0.10652,5.0,ifvg,0.001,-0.2140276390605641
2025-11,widen_both_4x,92,854624,854624,-1,106599.9,106600.0,0.1,1.0,inv,0.0,-0.10669990000000582,0.1065999,5.0,ifvg,0.001,-0.2132998000000058
2025-11,widen_both_4x,93,855941,855941,-1,106400.95,106401.43567335243,0.4856733524355277,4.856733524355278,sl,0.0,-0.10688662335243569,0.10640095,5.0,ifvg,0.001,-0.2132875733524357
2025-11,widen_both_4x,94,855941,855941,-1,106384.0,106384.97134670487,0.9713467048710555,9.713467048710555,sl,0.0,-0.1073553467048714,0.106384,5.0,ifvg,0.001,-0.2137393467048714
2025-11,widen_both_4x,95,855942,855942,-1,106417.9,106416.9,0.1,1.0,tp,0.0,-0.10541790000000001,0.10641790000000001,5.0,ifvg,0.001,-0.21183580000000002
2025-11,widen_both_4x,96,855941,856152,1,106414.9,106383.5,169.4999999999709,2033.9999999996508,inv,212.0,-0.1378148999999942,0.1064149,5.0,ifvg_clean,0.001,-0.2442297999999942
2025-11,widen_both_4x,97,854544,856487,1,106576.3,106176.80000000003,399.4999999999709,4793.999999999651,sl,1971.0,-0.5060762999999708,0.1065763,5.0,ifvg_clean,0.001,-0.6126525999999708
2025-11,widen_both_4x,98,835871,860263,1,105512.7,105113.19999999995,399.50000000004366,4794.000000000524,sl,24783.0,-0.5050127000000436,0.1055127,5.0,ifvg_clean,0.001,-0.6105254000000436
2025-11,widen_both_4x,99,861070,861070,1,105415.95000000001,105415.46199040768,0.4880095923263127,4.880095923263127,inv,0.0,-0.10590395959232904,0.10541595000000001,5.0,ifvg,0.001,-0.21131990959232905
2025-11,widen_both_4x,100,861070,861070,1,105436.3,105435.32398081534,0.9760191846522764,9.760191846522764,sl,0.0,-0.10641231918465809,0.10543630000000001,5.0,ifvg,0.001,-0.21184861918465808
2025-11,widen_both_4x,101,861287,861287,1,105395.6,105395.5,0.1,1.0,inv,0.0,-0.10549560000000582,0.1053956,5.0,ifvg,0.001,-0.21089120000000583
2025-11,widen_both_4x,102,880992,880992,-1,105288.05,105288.53687664043,0.4868766404199495,4.868766404199495,inv,0.0,-0.10577492664042518,0.10528805,5.0,ifvg,0.001,-0.21106297664042517
2025-11,widen_both_4x,103,880992,880992,-1,105269.5,105270.47375328084,0.973753280839899,9.73753280839899,sl,0.0,-0.10624325328083582,0.10526950000000002,5.0,ifvg,0.001,-0.21151275328083585
2025-11,widen_both_4x,104,881080,881080,-1,105306.6,105306.70000000001,0.1,1.0,inv,0.0,-0.10540660000000582,0.1053066,5.0,ifvg,0.001,-0.21071320000000582
2025-11,widen_both_4x,105,880992,883664,1,105304.8,105119.29999999997,185.5000000000291,2226.0000000003492,sl,2727.0,-0.2908048000000291,0.1053048,5.0,ifvg_clean,0.001,-0.39610960000002915
2025-11,widen_both_4x,106,887934,887934,-1,104626.1,104627.08664886517,0.986648865153537,9.86648865153537,sl,0.0,-0.10561274886516055,0.10462610000000001,5.0,fvg,0.001,-0.21023884886516056
2025-11,widen_both_4x,107,888288,888288,-1,104663.05,104663.54332443258,0.4933244325767685,4.933244325767685,sl,0.0,-0.10515637443258027,0.10466305000000001,5.0,fvg,0.001,-0.20981942443258028
2025-11,widen_both_4x,108,895014,895014,1,104414.1,104413.122172949,0.9778270509977857,9.778270509977856,sl,0.0,-0.10539192705099963,0.10441410000000001,5.0,fvg,0.001,-0.20980602705099965
2025-11,widen_both_4x,109,895017,895017,1,104392.05,104396.93913525499,0.48891352549889283,4.889135254988928,tp,0.0,-0.09950291474501646,0.10439205000000001,5.0,fvg,0.001,-0.20389496474501648
2025-11,widen_both_4x,110,895062,895062,1,104370.0,104371.0,0.1,1.0,tp,0.0,-0.10337,0.10437,5.0,fvg,0.001,-0.20774
2025-11,widen_both_4x,111,861070,904593,-1,105406.6,102964.60000000018,203.49999999998545,2441.9999999998254,tp,43915.0,2.336593399999826,0.10540660000000002,5.0,ifvg_clean,0.001,2.2311867999998256
2025-11,widen_both_4x,112,957972,957972,1,104013.1,104012.11584786055,0.9841521394611741,9.84152139461174,sl,0.0,-0.10499725213945556,0.10401310000000001,5.0,fvg,0.001,-0.20901035213945557
2025-11,widen_both_4x,113,958112,958112,1,103982.05,103981.55792393028,0.49207606973058704,4.92076069730587,sl,0.0,-0.10447412606972778,0.10398205,5.0,fvg,0.001,-0.20845617606972777
2025-11,widen_both_4x,114,958120,958120,1,103951.0,103952.0,0.1,1.0,tp,0.0,-0.10295100000000001,0.10395100000000002,5.0,fvg,0.001,-0.20690200000000003
2025-11,widen_both_4x,115,959640,959640,1,104260.0,104259.02915451895,0.9708454810495651,9.70845481049565,sl,0.0,-0.10523084548104614,0.10426,5.0,fvg,0.001,-0.20949084548104613
2025-11,widen_both_4x,116,962181,962181,-1,104503.2,104504.18850574712,0.9885057471264368,9.885057471264368,sl,0.0,-0.10549170574712559,0.10450319999999999,5.0,fvg,0.001,-0.2099949057471256
2025-11,widen_both_4x,117,962826,962826,-1,104546.2,104541.25747126437,0.4942528735632184,4.942528735632184,tp,0.0,-0.099603671264372,0.1045462,5.0,fvg,0.001,-0.204149871264372
2025-11,widen_both_4x,118,962842,962842,-1,104589.2,104588.2,0.1,1.0,tp,0.0,-0.1035892,0.10458920000000001,5.0,fvg,0.001,-0.2081784
2025-11,widen_both_4x,119,965616,965616,-1,104796.3,104796.79579831933,0.49579831932773105,4.95798319327731,inv,0.0,-0.1052920983193308,0.10479630000000001,5.0,ifvg,0.001,-0.2100883983193308
2025-11,widen_both_4x,120,965616,965616,-1,104737.3,104738.29159663866,0.9915966386554621,9.91596638655462,sl,0.0,-0.10572889663866158,0.1047373,5.0,ifvg,0.001,-0.2104661966386616
2025-11,widen_both_4x,121,965959,965959,-1,104855.3,104855.40000000001,0.1,1.0,inv,0.0,-0.10495530000000582,0.1048553,5.0,ifvg,0.001,-0.20981060000000581
2025-11,widen_both_4x,122,965616,980001,1,104850.1,104260.1,590.0,7080.0,sl,14391.0,-0.6948501,0.10485010000000002,5.0,ifvg_clean,0.001,-0.7997002000000001
2025-11,widen_both_4x,123,992020,992020,1,101625.35,101624.87164502165,0.4783549783552851,4.783549783552851,sl,0.0,-0.1021037049783606,0.10162535000000002,5.0,ifvg,0.001,-0.20372905497836064
2025-11,widen_both_4x,124,992020,992020,1,101636.4,101635.44329004329,0.9567099567099403,9.567099567099403,sl,0.0,-0.10259310995670662,0.1016364,5.0,ifvg,0.001,-0.20422950995670663
2025-11,widen_both_4x,125,992021,992021,1,101614.3,101615.3,0.1,1.0,tp,0.0,-0.1006143,0.1016143,5.0,ifvg,0.001,-0.2022286
2025-11,widen_both_4x,126,992020,992445,-1,101624.8,101636.9,110.49999999995634,1325.9999999994761,inv,428.0,-0.11372479999999129,0.10162480000000002,5.0,ifvg_clean,0.001,-0.21534959999999131
2025-11,widen_both_4x,127,1000090,1000090,1,101482.0,101481.9,0.1,1.0,sl,0.0,-0.10158200000000582,0.101482,5.0,ifvg,0.001,-0.20306400000000582
2025-11,widen_both_4x,128,1000090,1000090,1,101521.7,101521.20621890547,0.49378109452736274,4.937810945273627,sl,0.0,-0.10201548109452663,0.10152169999999999,5.0,ifvg,0.001,-0.20353718109452662
2025-11,widen_both_4x,129,1000090,1000090,1,101561.4,101560.41243781094,0.9875621890547255,9.875621890547254,sl,0.0,-0.10254896218905328,0.1015614,5.0,ifvg,0.001,-0.20411036218905326
2025-11,widen_both_4x,130,1000090,1000230,-1,101482.0,101561.9,396.9999999999709,4763.999999999651,inv,140.0,-0.1813819999999942,0.101482,5.0,ifvg_clean,0.001,-0.2828639999999942
2025-11,widen_both_4x,131,1066641,1066641,-1,102446.2,102446.3,0.1,1.0,inv,0.0,-0.10254620000000582,0.1024462,5.0,ifvg,0.001,-0.20499240000000582
2025-11,widen_both_4x,132,1066641,1066641,-1,102345.5,102345.99752964427,0.49752964426877466,4.975296442687746,sl,0.0,-0.10284302964427171,0.1023455,5.0,ifvg,0.001,-0.2051885296442717
2025-11,widen_both_4x,133,1066641,1066641,-1,102244.8,102245.79505928855,0.9950592885375493,9.950592885375492,sl,0.0,-0.10323985928854343,0.10224480000000001,5.0,ifvg,0.001,-0.20548465928854343
2025-11,widen_both_4x,134,1066913,1066913,1,102491.45000000001,102490.96706484642,0.48293515358386774,4.829351535838677,sl,0.0,-0.1029743851535882,0.10249145000000001,5.0,ifvg,0.001,-0.2054658351535882
2025-11,widen_both_4x,135,1066913,1066913,1,102505.6,102504.63412969284,0.9658703071672389,9.658703071672388,sl,0.0,-0.10347147030716182,0.1025056,5.0,ifvg,0.001,-0.20597707030716184
2025-11,widen_both_4x,136,1066919,1066919,1,102477.3,102478.3,0.1,1.0,tp,0.0,-0.1014773,0.10247730000000001,5.0,ifvg,0.001,-0.2039546
2025-11,widen_both_4x,137,1066913,1066922,-1,102478.0,102506.1,141.50000000001455,1698.0000000001746,inv,9.0,-0.13057800000000583,0.10247800000000001,5.0,ifvg_clean,0.001,-0.23305600000000584
2025-11,widen_both_4x,138,1067252,1067252,1,102595.1,102594.11543209877,0.9845679012345686,9.845679012345686,sl,0.0,-0.10357966790123602,0.10259510000000001,5.0,fvg,0.001,-0.206174767901236
2025-11,widen_both_4x,139,1067267,1067267,1,102563.20000000001,102562.7077160494,0.4922839506173966,4.9228395061739665,sl,0.0,-0.103055483950618,0.10256320000000001,5.0,fvg,0.001,-0.205618683950618
2025-11,widen_both_4x,140,1067300,1067300,1,102531.3,102532.3,0.1,1.0,tp,0.0,-0.1015313,0.1025313,5.0,fvg,0.001,-0.2040626
2025-11,widen_both_4x,141,1068283,1068283,-1,101931.55,101932.04219968799,0.49219968798752023,4.921996879875202,sl,0.0,-0.10242374968798572,0.10193155000000001,5.0,fvg,0.001,-0.20435529968798571
2025-11,widen_both_4x,142,1068283,1068283,-1,101900.0,101900.98439937597,0.9843993759750405,9.843993759750404,sl,0.0,-0.10288439937597141,0.1019,5.0,fvg,0.001,-0.20478439937597143
2025-11,widen_both_4x,143,1068355,1068355,-1,101963.1,101962.1,0.1,1.0,tp,0.0,-0.10096310000000001,0.10196310000000001,5.0,fvg,0.001,-0.20292620000000003
2025-11,widen_both_4x,144,1068622,1068622,1,101845.7,101845.01054216867,0.6894578313253005,6.894578313253004,inv,0.0,-0.10253515783132221,0.1018457,5.0,ifvg,0.001,-0.2043808578313222
2025-11,widen_both_4x,145,1068622,1068622,1,101878.4,101877.02108433735,1.378915662650601,13.789156626506008,sl,0.0,-0.10325731566264444,0.10187840000000001,5.0,ifvg,0.001,-0.20513571566264444
2025-11,widen_both_4x,146,1068626,1068626,1,101813.0,101812.86,0.14000000000000004,1.4000000000000004,inv,0.0,-0.10195299999999942,0.101813,5.0,ifvg,0.001,-0.20376599999999942
2025-11,widen_both_4x,147,1066641,1068936,1,102446.1,101439.10000000003,1006.9999999999709,12083.99999999965,sl,2295.0,-1.109446099999971,0.1024461,5.0,ifvg_clean,0.001,-1.211892199999971
2025-11,widen_both_4x,148,1071754,1071754,1,101002.70000000001,101002.21358695654,0.48641304347845965,4.864130434784596,inv,0.0,-0.10148911304347258,0.10100270000000001,5.0,ifvg,0.001,-0.20249181304347258
2025-11,widen_both_4x,149,1071754,1071754,1,101020.6,101019.62717391305,0.972826086956524,9.72826086956524,sl,0.0,-0.10199342608695969,0.1010206,5.0,ifvg,0.001,-0.20301402608695968
2025-11,widen_both_4x,150,1071764,1071764,1,100984.8,100984.7,0.1,1.0,inv,0.0,-0.10108480000000583,0.10098480000000001,5.0,ifvg,0.001,-0.20206960000000584
2025-11,widen_both_4x,151,1071754,1071844,-1,100996.8,101175.80000000002,179.00000000001455,2148.0000000001746,sl,90.0,-0.2799968000000146,0.10099680000000001,5.0,ifvg_clean,0.001,-0.3809936000000146
2025-11,widen_both_4x,152,1073080,1073080,1,100807.05,100806.55945179584,0.4905482041587892,4.9054820415878915,inv,0.0,-0.10129759820416497,0.10080705000000001,5.0,ifvg,0.001,-0.20210464820416496
2025-11,widen_both_4x,153,1073080,1073080,1,100833.0,100832.01890359168,0.9810964083175784,9.810964083175783,sl,0.0,-0.10181409640831536,0.100833,5.0,ifvg,0.001,-0.20264709640831535
2025-11,widen_both_4x,154,1073083,1073083,1,100781.1,100781.0,0.1,1.0,inv,0.0,-0.10088110000000583,0.10078110000000001,5.0,ifvg,0.001,-0.20166220000000584
2025-11,widen_both_4x,155,1075304,1075304,1,100433.95000000001,100433.47304147466,0.4769585253459543,4.769585253459542,inv,0.0,-0.10091090852535253,0.10043395000000001,5.0,ifvg,0.001,-0.20134485852535255
2025-11,widen_both_4x,156,1075304,1075304,1,100444.3,100443.34608294931,0.953917050691238,9.53917050691238,sl,0.0,-0.1013982170506905,0.1004443,5.0,ifvg,0.001,-0.2018425170506905
2025-11,widen_both_4x,157,1075319,1075319,1,100423.6,100423.5,0.1,1.0,inv,0.0,-0.10052360000000583,0.10042360000000002,5.0,ifvg,0.001,-0.20094720000000585
2025-11,widen_both_4x,158,1075345,1075345,1,100372.8,100371.81869158879,0.9813084112149532,9.813084112149532,sl,0.0,-0.10135410841121019,0.1003728,5.0,fvg,0.001,-0.2017269084112102
2025-11,widen_both_4x,159,1075373,1075373,1,100346.55,100351.45654205608,0.4906542056074766,4.906542056074766,tp,0.0,-0.09544000794391994,0.10034655,5.0,fvg,0.001,-0.19578655794391994
2025-11,widen_both_4x,160,1075483,1075483,1,100320.3,100321.3,0.1,1.0,tp,0.0,-0.0993203,0.1003203,5.0,fvg,0.001,-0.1996406
2025-11,widen_both_4x,161,1076622,1076622,-1,99901.6,99902.58708010336,0.9870801033591722,9.870801033591722,sl,0.0,-0.10088868010335396,0.09990160000000001,5.0,fvg,0.001,-0.20079028010335398
2025-11,widen_both_4x,162,1076631,1076631,1,99870.0,99869.9,0.1,1.0,inv,0.0,-0.09997000000000582,0.09987,5.0,ifvg,0.001,-0.19984000000000582
2025-11,widen_both_4x,163,1076631,1076631,1,99882.9,99882.41865671641,0.48134328358182016,4.813432835818202,sl,0.0,-0.10036424328357992,0.0998829,5.0,ifvg,0.001,-0.2002471432835799
2025-11,widen_both_4x,164,1076631,1076631,1,99895.8,99894.83731343284,0.9626865671641832,9.626865671641832,sl,0.0,-0.10085848656715984,0.0998958,5.0,ifvg,0.001,-0.20075428656715985
2025-11,widen_both_4x,165,1075304,1077989,-1,100431.3,99189.30000000018,103.49999999998545,1241.9999999998254,tp,2686.0,1.1415686999998254,0.10043130000000002,5.0,ifvg_clean,0.001,1.0411373999998252
2025-11,widen_both_4x,166,1076631,1079199,-1,99881.3,98333.29999999983,129.00000000001455,1548.0000000001746,tp,2568.0,1.4481187000001745,0.0998813,5.0,ifvg_clean,0.001,1.3482374000001744
2025-11,widen_both_4x,167,1083578,1083578,1,98712.2,98711.24329004329,0.9567099567099403,9.567099567099403,sl,0.0,-0.09966890995670662,0.0987122,5.0,ifvg,0.001,-0.1983811099567066
2025-11,widen_both_4x,168,1083578,1083578,-1,98707.8,98712.7,110.49999999995634,1325.9999999994761,inv,0.0,-0.10360779999999419,0.09870780000000001,5.0,ifvg_clean,0.001,-0.2023155999999942
2025-11,widen_both_4x,169,1083584,1083584,1,98701.15,98705.93354978354,0.4783549783546552,4.783549783546552,tp,0.0,-0.09391760021645236,0.09870115,5.0,ifvg,0.001,-0.19261875021645236
2025-11,widen_both_4x,170,1083619,1083619,1,98690.1,98691.1,0.1,1.0,tp,0.0,-0.0976901,0.0986901,5.0,ifvg,0.001,-0.1963802
2025-11,widen_both_4x,171,1086945,1086945,-1,98499.45000000001,98499.94085923219,0.4908592321753692,4.908592321753692,sl,0.0,-0.09899030923217356,0.09849945000000002,5.0,ifvg,0.001,-0.19748975923217357
2025-11,widen_both_4x,172,1086945,1086945,-1,98472.6,98473.58171846435,0.9817184643510045,9.817184643510044,sl,0.0,-0.09945431846434709,0.09847260000000002,5.0,ifvg,0.001,-0.19792691846434712
2025-11,widen_both_4x,173,1086945,1086950,1,98524.0,98472.1,268.49999999998545,3221.9999999998254,inv,5.0,-0.15042399999999417,0.098524,5.0,ifvg_clean,0.001,-0.24894799999999417
2025-11,widen_both_4x,174,1086997,1086997,-1,98526.3,98525.3,0.1,1.0,tp,0.0,-0.09752630000000001,0.09852630000000001,5.0,ifvg,0.001,-0.19605260000000002
2025-11,widen_both_4x,175,1088159,1088159,1,98380.0,98379.02169197398,0.9783080260303716,9.783080260303716,inv,0.0,-0.09935830802602402,0.09838,5.0,ifvg,0.001,-0.19773830802602402
2025-11,widen_both_4x,176,1088196,1088196,1,98357.45,98356.96084598698,0.4891540130151858,4.891540130151858,inv,0.0,-0.09884660401301928,0.09835745,5.0,ifvg,0.001,-0.19720405401301927
2025-11,widen_both_4x,177,1088197,1088197,1,98334.9,98334.79999999999,0.1,1.0,inv,0.0,-0.0984349000000058,0.09833489999999999,5.0,ifvg,0.001,-0.1967698000000058
2025-11,widen_both_4x,178,1088159,1088321,-1,98363.1,98588.60000000003,225.5000000000291,2706.0000000003492,sl,162.0,-0.32386310000002916,0.09836310000000001,5.0,ifvg_clean,0.001,-0.4222262000000292
2025-11,widen_both_4x,179,1095191,1095191,-1,99598.95,99599.44276410998,0.49276410998552883,4.927641099855288,inv,0.0,-0.10009171410997846,0.09959895,5.0,ifvg,0.001,-0.19969066410997846
2025-11,widen_both_4x,180,1095191,1095191,-1,99564.9,99565.88552821997,0.9855282199710577,9.855282199710576,sl,0.0,-0.10055042821997145,0.0995649,5.0,ifvg,0.001,-0.20011532821997147
2025-11,widen_both_4x,181,1095235,1095235,-1,99633.0,99633.1,0.1,1.0,inv,0.0,-0.09973300000000582,0.099633,5.0,ifvg,0.001,-0.19936600000000582
2025-11,widen_both_4x,182,1095191,1098941,1,99617.7,99277.19999999997,340.5000000000291,4086.0000000003492,sl,3751.0,-0.44011770000002914,0.0996177,5.0,ifvg_clean,0.001,-0.5397354000000292
2025-11,widen_both_4x,183,1105163,1105163,-1,99400.0,99400.1,0.1,1.0,inv,0.0,-0.09950000000000582,0.0994,5.0,ifvg,0.001,-0.19890000000000582
2025-11,widen_both_4x,184,1105163,1105163,-1,99378.0,99378.48888888888,0.48888888888888893,4.888888888888889,sl,0.0,-0.09986688888888179,0.09937800000000001,5.0,ifvg,0.001,-0.1992448888888818
2025-11,widen_both_4x,185,1105163,1105163,-1,99356.0,99356.97777777778,0.9777777777777779,9.777777777777779,sl,0.0,-0.10033377777777812,0.09935600000000001,5.0,ifvg,0.001,-0.19968977777777813
2025-11,widen_both_4x,186,1105163,1105293,1,99397.1,99177.1,220.0,2640.0,sl,132.0,-0.3193971,0.09939710000000002,5.0,ifvg_clean,0.001,-0.4187942
2025-11,widen_both_4x,187,1106082,1106082,-1,99537.0,99537.1,0.1,1.0,inv,0.0,-0.09963700000000583,0.09953700000000001,5.0,ifvg,0.001,-0.19917400000000585
2025-11,widen_both_4x,188,1106082,1106082,-1,99520.4,99520.88538011695,0.48538011695927585,4.853801169592758,sl,0.0,-0.10000578011695199,0.0995204,5.0,ifvg,0.001,-0.199526180116952
2025-11,widen_both_4x,189,1106082,1106082,-1,99503.8,99504.77076023392,0.9707602339181262,9.707602339181262,sl,0.0,-0.10047456023391856,0.0995038,5.0,ifvg,0.001,-0.19997836023391857
2025-11,widen_both_4x,190,1106082,1106189,1,99539.8,99373.80000000002,165.99999999998545,1991.9999999998254,sl,108.0,-0.26553979999998545,0.0995398,5.0,ifvg_clean,0.001,-0.36507959999998546
2025-11,widen_both_4x,191,1109709,1109709,1,99306.75,99306.25917431193,0.49082568807339455,4.908256880733946,inv,0.0,-0.09979757568807354,0.09930675000000001,5.0,ifvg,0.001,-0.19910432568807357
2025-11,widen_both_4x,192,1109709,1109709,1,99333.5,99332.51834862385,0.9816513761467891,9.816513761467892,sl,0.0,-0.10031515137614706,0.0993335,5.0,ifvg,0.001,-0.19964865137614707
2025-11,widen_both_4x,193,1109717,1109717,1,99280.0,99281.0,0.1,1.0,tp,0.0,-0.09828,0.09928000000000001,5.0,ifvg,0.001,-0.19756
2025-11,widen_both_4x,194,1112899,1112899,1,99116.6,99116.12293577981,0.47706422018382305,4.77064220183823,inv,0.0,-0.09959366422019111,0.09911660000000001,5.0,ifvg,0.001,-0.1987102642201911
2025-11,widen_both_4x,195,1112899,1112899,1,99127.0,99126.04587155963,0.9541284403669786,9.541284403669787,sl,0.0,-0.10008112844036764,0.09912699999999999,5.0,ifvg,0.001,-0.19920812844036762
2025-11,widen_both_4x,196,1112902,1112902,1,99106.2,99106.09999999999,0.1,1.0,inv,0.0,-0.09920620000000582,0.0991062,5.0,ifvg,0.001,-0.19831240000000583
2025-11,widen_both_4x,197,1068622,1114905,-1,101815.5,97891.50000000035,326.9999999999709,3923.9999999996508,tp,46446.0,3.822184499999651,0.1018155,5.0,ifvg_clean,0.001,3.720368999999651
2025-11,widen_both_4x,198,1112899,1114907,-1,99106.9,97858.89999999982,104.00000000001455,1248.0000000001746,tp,2025.0,1.1488931000001747,0.0991069,5.0,ifvg_clean,0.001,1.0497862000001748
2025-11,widen_both_4x,199,1073080,1114911,-1,100791.8,97677.80000000035,259.4999999999709,3113.9999999996508,tp,41994.0,3.0132081999996507,0.10079180000000001,5.0,ifvg_clean,0.001,2.9124163999996506
2025-11,widen_both_4x,200,1115590,1115590,1,97818.3,97818.2,0.1,1.0,inv,0.0,-0.09791830000000583,0.09781830000000001,5.0,ifvg,0.001,-0.19573660000000584
2025-11,widen_both_4x,201,1115590,1115590,1,97856.75,97856.25641848524,0.49358151476251555,4.9358151476251555,sl,0.0,-0.09835033151476191,0.09785675,5.0,ifvg,0.001,-0.1962070815147619
2025-11,widen_both_4x,202,1115590,1115590,1,97895.2,97894.21283697047,0.9871630295250311,9.871630295250311,sl,0.0,-0.0988823630295238,0.0978952,5.0,ifvg,0.001,-0.19677756302952382
2025-11,widen_both_4x,203,1109709,1122925,-1,99283.8,96073.8,267.5,3210.0,tp,13283.0,3.1107162,0.0992838,5.0,ifvg_clean,0.001,3.0114324000000003
2025-11,widen_both_4x,204,1132470,1132470,1,97098.95,97098.45959692898,0.49040307101727554,4.904030710172755,sl,0.0,-0.09758935307101678,0.09709895,5.0,ifvg,0.001,-0.19468830307101678
2025-11,widen_both_4x,205,1132470,1132470,1,97124.5,97123.51919385797,0.9808061420345511,9.80806142034551,sl,0.0,-0.09810530614203354,0.0971245,5.0,ifvg,0.001,-0.19522980614203356
2025-11,widen_both_4x,206,1132474,1132474,1,97073.4,97074.4,0.1,1.0,tp,0.0,-0.09607339999999999,0.09707339999999999,5.0,ifvg,0.001,-0.19314679999999998
2025-11,widen_both_4x,207,1132470,1132560,-1,97077.4,97125.0,255.5000000000291,3066.0000000003492,inv,90.0,-0.1446774000000058,0.0970774,5.0,ifvg_clean,0.001,-0.24175480000000582
2025-11,widen_both_4x,208,1133022,1133022,-1,96893.3,96893.79007936508,0.49007936507936395,4.90079365079364,sl,0.0,-0.09738337936507407,0.09689330000000002,5.0,ifvg,0.001,-0.1942766793650741
2025-11,widen_both_4x,209,1133022,1133022,-1,96868.6,96869.58015873017,0.9801587301587279,9.80158730158728,sl,0.0,-0.09784875873016267,0.09686860000000001,5.0,ifvg,0.001,-0.1947173587301627
2025-11,widen_both_4x,210,1133022,1133024,1,96901.7,96868.1,246.9999999999709,2963.9999999996508,inv,2.0,-0.13050169999999128,0.09690170000000001,5.0,ifvg_clean,0.001,-0.2274033999999913
2025-11,widen_both_4x,211,1133153,1133153,-1,96918.0,96917.0,0.1,1.0,tp,0.0,-0.095918,0.096918,5.0,ifvg,0.001,-0.192836
2025-11,widen_both_4x,212,1139444,1139444,1,96625.0,96624.9,0.1,1.0,inv,0.0,-0.09672500000000582,0.096625,5.0,ifvg,0.001,-0.19335000000000582
2025-11,widen_both_4x,213,1139444,1139444,1,96636.45,96635.97092050209,0.4790794979079447,4.790794979079447,sl,0.0,-0.09711552949790533,0.09663645,5.0,ifvg,0.001,-0.19375197949790535
2025-11,widen_both_4x,214,1139444,1139444,1,96647.9,96646.94184100418,0.9581589958158894,9.581589958158894,sl,0.0,-0.09760605899581065,0.0966479,5.0,ifvg,0.001,-0.19425395899581066
2025-11,widen_both_4x,215,1139444,1143616,-1,96622.3,95248.30000000035,114.4999999999709,1373.9999999996508,tp,4172.0,1.277377699999651,0.09662230000000001,5.0,ifvg_clean,0.001,1.180755399999651
2025-11,widen_both_4x,216,1158467,1158467,1,97173.5,97173.4,0.1,1.0,sl,0.0,-0.09727350000000583,0.09717350000000001,5.0,ifvg,0.001,-0.19444700000000584
2025-11,widen_both_4x,217,1158467,1158467,1,97187.6,97187.11712328768,0.4828767123290146,4.828767123290146,sl,0.0,-0.09767047671232537,0.0971876,5.0,ifvg,0.001,-0.19485807671232536
2025-11,widen_both_4x,218,1158467,1158467,1,97201.7,97200.73424657535,0.9657534246575308,9.657534246575308,sl,0.0,-0.09816745342465076,0.0972017,5.0,ifvg,0.001,-0.19536915342465078
2025-11,widen_both_4x,219,1158467,1158962,-1,97165.0,97202.2,140.99999999998545,1691.9999999998254,inv,496.0,-0.1343649999999971,0.097165,5.0,ifvg_clean,0.001,-0.2315299999999971
2025-11,widen_both_4x,220,1239419,1239419,1,96339.7,96339.21050420168,0.489495798319329,4.89495798319329,sl,0.0,-0.0968291957983197,0.0963397,5.0,ifvg,0.001,-0.1931688957983197
2025-11,widen_both_4x,221,1239419,1239419,1,96363.0,96362.02100840336,0.978991596638658,9.78991596638658,sl,0.0,-0.0973419915966394,0.096363,5.0,ifvg,0.001,-0.1937049915966394
2025-11,widen_both_4x,222,1239425,1239425,1,96316.4,96317.4,0.1,1.0,tp,0.0,-0.09531640000000001,0.09631640000000001,5.0,ifvg,0.001,-0.19163280000000002
2025-11,widen_both_4x,223,1295285,1295285,1,95999.3,95998.80448028674,0.495519713261649,4.95519713261649,sl,0.0,-0.09649481971326583,0.09599930000000001,5.0,ifvg,0.001,-0.19249411971326585
2025-11,widen_both_4x,224,1295285,1295285,1,96054.6,96053.60896057349,0.991039426523298,9.91039426523298,sl,0.0,-0.09704563942651709,0.0960546,5.0,ifvg,0.001,-0.1931002394265171
2025-11,widen_both_4x,225,1295385,1295385,1,95944.0,95945.0,0.1,1.0,tp,0.0,-0.094944,0.095944,5.0,ifvg,0.001,-0.190888
2025-11,widen_both_4x,226,1295285,1298192,-1,95949.0,96055.1,553.0000000000291,6636.000000000349,inv,3017.0,-0.20204900000000584,0.095949,5.0,ifvg_clean,0.001,-0.29799800000000587
2025-11,widen_both_4x,227,1239419,1301378,-1,96324.4,96363.5,233.0000000000291,2796.0000000003492,inv,66079.0,-0.13542440000000583,0.0963244,5.0,ifvg_clean,0.001,-0.23174880000000583
2025-11,widen_both_4x,228,1312892,1312892,1,95601.5,95601.4,0.1,1.0,inv,0.0,-0.09570150000000582,0.0956015,5.0,ifvg,0.001,-0.19130300000000583
2025-11,widen_both_4x,229,1312892,1312892,1,95615.1,95614.61773049647,0.48226950354635545,4.822695035463554,sl,0.0,-0.09609736950354002,0.09561510000000001,5.0,ifvg,0.001,-0.19171246950354004
2025-11,widen_both_4x,230,1312892,1312892,1,95628.7,95627.7354609929,0.9645390070921949,9.645390070921948,sl,0.0,-0.09659323900709457,0.0956287,5.0,ifvg,0.001,-0.19222193900709456
2025-11,widen_both_4x,231,1312892,1313005,-1,95592.6,95728.59999999999,135.99999999998545,1631.9999999998254,sl,114.0,-0.23159259999998544,0.0955926,5.0,ifvg_clean,0.001,-0.3271851999999854
2025-11,widen_both_4x,232,1115590,1344338,-1,97835.9,93221.90000000034,384.4999999999709,4613.999999999651,tp,234910.0,4.516164099999651,0.0978359,5.0,ifvg_clean,0.001,4.418328199999651
2025-11,widen_both_4x,233,1354451,1354451,1,94679.7,94679.2096153846,0.4903846153846154,4.903846153846154,sl,0.0,-0.09517008461539021,0.0946797,5.0,ifvg,0.001,-0.1898497846153902
2025-11,widen_both_4x,234,1354451,1354451,1,94705.2,94704.21923076923,0.9807692307692308,9.807692307692308,sl,0.0,-0.09568596923076587,0.0947052,5.0,ifvg,0.001,-0.19039116923076588
2025-11,widen_both_4x,235,1354451,1354462,-1,94659.3,94705.7,255.0,3060.0,inv,11.0,-0.14105929999999417,0.0946593,5.0,ifvg_clean,0.001,-0.23571859999999417
2025-11,widen_both_4x,236,1354537,1354537,-1,94877.7,94877.8,0.1,1.0,inv,0.0,-0.09497770000000583,0.09487770000000001,5.0,ifvg,0.001,-0.18985540000000584
2025-11,widen_both_4x,237,1354537,1354537,-1,94866.04999999999,94866.5294238683,0.4794238683130591,4.794238683130591,sl,0.0,-0.09534547386830981,0.09486605,5.0,ifvg,0.001,-0.1902115238683098
2025-11,widen_both_4x,238,1354537,1354537,-1,94854.4,94855.35884773661,0.9588477366255194,9.588477366255194,sl,0.0,-0.09581324773661964,0.0948544,5.0,ifvg,0.001,-0.19066764773661965
2025-11,widen_both_4x,239,1354537,1358198,1,94882.3,94765.79999999999,116.50000000001455,1398.0000000001746,sl,3713.0,-0.21138230000001457,0.0948823,5.0,ifvg_clean,0.001,-0.30626460000001454
2025-11,widen_both_4x,240,1381472,1381472,1,95751.4,95750.91196172248,0.4880382775117885,4.880382775117885,sl,0.0,-0.09623943827751542,0.09575139999999999,5.0,ifvg,0.001,-0.1919908382775154
2025-11,widen_both_4x,241,1381472,1381472,1,95771.8,95770.82392344497,0.9760765550239251,9.76076555023925,sl,0.0,-0.09674787655503089,0.0957718,5.0,ifvg,0.001,-0.19251967655503088
2025-11,widen_both_4x,242,1381472,1381481,-1,95747.5,95772.3,204.00000000001455,2448.0000000001746,inv,9.0,-0.12054750000000292,0.0957475,5.0,ifvg_clean,0.001,-0.2162950000000029
2025-11,widen_both_4x,243,1381555,1381555,1,95731.0,95732.0,0.1,1.0,tp,0.0,-0.09473100000000001,0.09573100000000001,5.0,ifvg,0.001,-0.19046200000000002
2025-11,widen_both_4x,244,1403745,1403745,-1,95304.2,95304.3,0.1,1.0,inv,0.0,-0.09540420000000581,0.09530419999999999,5.0,ifvg,0.001,-0.1907084000000058
2025-11,widen_both_4x,245,1403745,1403745,-1,95270.75,95271.24263622976,0.49263622974963117,4.926362297496311,sl,0.0,-0.09576338622975561,0.09527075000000002,5.0,ifvg,0.001,-0.19103413622975562
2025-11,widen_both_4x,246,1403745,1403745,-1,95237.3,95238.2852724595,0.9852724594992623,9.852724594992623,sl,0.0,-0.09622257245949664,0.09523730000000001,5.0,ifvg,0.001,-0.19145987245949664
2025-11,widen_both_4x,247,1403745,1403936,1,95304.8,94970.30000000003,334.4999999999709,4013.9999999996508,sl,191.0,-0.4298047999999709,0.09530480000000001,5.0,ifvg_clean,0.001,-0.5251095999999709
2025-11,widen_both_4x,248,1408035,1408035,1,93729.45,93728.95297796307,0.497022036926742,4.9702203692674205,inv,0.0,-0.09422647203692869,0.09372945,5.0,ifvg,0.001,-0.18795592203692868
2025-11,widen_both_4x,249,1408035,1408035,1,93812.9,93811.90595592614,0.994044073853484,9.940440738534841,sl,0.0,-0.09480694407385737,0.0938129,5.0,ifvg,0.001,-0.18861984407385737
2025-11,widen_both_4x,250,1408042,1408042,1,93646.0,93645.9,0.1,1.0,inv,0.0,-0.09374600000000582,0.09364600000000001,5.0,ifvg,0.001,-0.18739200000000583
2025-11,widen_both_4x,251,1411077,1411077,-1,94382.2,94383.18546511627,0.9854651162790704,9.854651162790704,sl,0.0,-0.09536766511627501,0.0943822,5.0,fvg,0.001,-0.189749865116275
2025-11,widen_both_4x,252,1450615,1450615,1,90737.25,90736.76026694046,0.489733059548257,4.89733059548257,inv,0.0,-0.09122698305954133,0.09073725,5.0,ifvg,0.001,-0.18196423305954135
2025-11,widen_both_4x,253,1450615,1450615,1,90761.1,90760.12053388091,0.979466119096514,9.79466119096514,sl,0.0,-0.09174056611909721,0.09076110000000001,5.0,ifvg,0.001,-0.18250166611909724
2025-11,widen_both_4x,254,1450805,1450805,1,90713.4,90713.29999999999,0.1,1.0,inv,0.0,-0.09081340000000582,0.0907134,5.0,ifvg,0.001,-0.18152680000000582
2025-11,widen_both_4x,255,1450615,1466534,-1,90717.1,90955.60000000006,238.5000000000582,2862.0000000006985,sl,15924.0,-0.3292171000000582,0.09071710000000001,5.0,ifvg_clean,0.001,-0.4199342000000582
2025-11,widen_both_4x,256,1496387,1496387,-1,93586.7,93586.8,0.1,1.0,inv,0.0,-0.09368670000000581,0.0935867,5.0,ifvg,0.001,-0.1872734000000058
2025-11,widen_both_4x,257,1496387,1496387,-1,93568.35,93568.83673740053,0.48673740053030995,4.867374005303099,sl,0.0,-0.09405508740052619,0.09356835000000001,5.0,ifvg,0.001,-0.1876234374005262
2025-11,widen_both_4x,258,1496387,1496387,-1,93550.0,93550.97347480107,0.9734748010610059,9.734748010610058,sl,0.0,-0.0945234748010669,0.09355,5.0,ifvg,0.001,-0.1880734748010669
2025-11,widen_both_4x,259,1496387,1496618,1,93583.5,93400.00000000001,183.49999999998545,2201.9999999998254,sl,231.0,-0.27708349999998544,0.0935835,5.0,ifvg_clean,0.001,-0.3706669999999854
2025-11,widen_both_4x,260,1500400,1500400,-1,93285.85,93286.32716894978,0.47716894977136637,4.7716894977136635,sl,0.0,-0.09376301894977204,0.09328585000000002,5.0,ifvg,0.001,-0.18704886894977207
2025-11,widen_both_4x,261,1500400,1500400,-1,93275.4,93276.35433789954,0.9543378995433972,9.543378995433972,sl,0.0,-0.09422973789954404,0.0932754,5.0,ifvg,0.001,-0.18750513789954404
2025-11,widen_both_4x,262,1500400,1500403,1,93290.4,93274.9,104.50000000004366,1254.0000000005239,inv,3.0,-0.1087904,0.0932904,5.0,ifvg_clean,0.001,-0.2020808
2025-11,widen_both_4x,263,1500419,1500419,-1,93296.3,93295.3,0.1,1.0,tp,0.0,-0.0922963,0.0932963,5.0,ifvg,0.001,-0.1855926
2025-11,widen_both_4x,264,1500747,1500747,1,93225.9,93225.41851851852,0.48148148148148145,4.814814814814815,inv,0.0,-0.09370738148147448,0.0932259,5.0,ifvg,0.001,-0.18693328148147448
2025-11,widen_both_4x,265,1500747,1500747,1,93238.9,93237.93703703703,0.9629629629629629,9.62962962962963,sl,0.0,-0.0942018629629635,0.0932389,5.0,ifvg,0.001,-0.1874407629629635
2025-11,widen_both_4x,266,1500751,1500751,1,93212.9,93212.79999999999,0.1,1.0,inv,0.0,-0.0933129000000058,0.09321289999999999,5.0,ifvg,0.001,-0.1865258000000058
2025-11,widen_both_4x,267,1500747,1501545,-1,93214.6,93344.6,130.0,1560.0,sl,806.0,-0.2232146,0.09321460000000001,5.0,ifvg_clean,0.001,-0.3164292
2025-11,widen_both_4x,268,1504682,1504682,1,93493.75,93493.26123595505,0.4887640449438202,4.8876404494382015,sl,0.0,-0.09398251404494515,0.09349375000000001,5.0,ifvg,0.001,-0.18747626404494516
2025-11,widen_both_4x,269,1504682,1504682,1,93515.5,93514.52247191011,0.9775280898876404,9.775280898876403,sl,0.0,-0.09449302808989025,0.0935155,5.0,ifvg,0.001,-0.18800852808989027
2025-11,widen_both_4x,270,1504712,1504712,1,93472.0,93473.0,0.1,1.0,tp,0.0,-0.09247200000000001,0.09347200000000001,5.0,ifvg,0.001,-0.18594400000000003
2025-11,widen_both_4x,271,1504682,1507327,-1,93474.8,93516.0,217.5,2610.0,inv,2703.0,-0.1346747999999971,0.09347480000000001,5.0,ifvg_clean,0.001,-0.22814959999999712
2025-11,widen_both_4x,272,1508800,1508800,-1,93164.0,93163.0,0.1,1.0,tp,0.0,-0.092164,0.093164,5.0,ifvg,0.001,-0.185328
2025-11,widen_both_4x,273,1508800,1508800,-1,93152.0,93152.48,0.48,4.8,sl,0.0,-0.09363199999999593,0.093152,5.0,ifvg,0.001,-0.18678399999999593
2025-11,widen_both_4x,274,1508800,1508800,-1,93140.0,93140.96,0.96,9.6,sl,0.0,-0.0941000000000064,0.09314,5.0,ifvg,0.001,-0.1872400000000064
2025-11,widen_both_4x,275,1508800,1508834,1,93162.9,93139.5,120.0,1440.0,inv,36.0,-0.11656289999999417,0.09316289999999999,5.0,ifvg_clean,0.001,-0.20972579999999416
2025-11,widen_both_4x,276,1510790,1510790,-1,92896.8,92897.28768472906,0.4876847290640412,4.876847290640412,sl,0.0,-0.09338448472905794,0.0928968,5.0,ifvg,0.001,-0.18628128472905794
2025-11,widen_both_4x,277,1510790,1510790,-1,92877.0,92877.97536945813,0.9753694581280824,9.753694581280824,sl,0.0,-0.09385236945813044,0.092877,5.0,ifvg,0.001,-0.18672936945813046
2025-11,widen_both_4x,278,1510794,1510794,-1,92916.6,92915.6,0.1,1.0,tp,0.0,-0.0919166,0.0929166,5.0,ifvg,0.001,-0.1848332
2025-11,widen_both_4x,279,1510790,1510966,1,92915.2,92876.5,198.0000000000291,2376.0000000003492,inv,179.0,-0.1316151999999971,0.0929152,5.0,ifvg_clean,0.001,-0.2245303999999971
2025-11,widen_both_4x,280,1516627,1516627,-1,93035.45000000001,93035.94051233398,0.49051233396570576,4.905123339657058,inv,0.0,-0.09352596233397042,0.09303545000000002,5.0,ifvg,0.001,-0.18656141233397044
2025-11,widen_both_4x,281,1516627,1516627,-1,93009.6,93010.58102466793,0.9810246679316877,9.810246679316878,sl,0.0,-0.09399062466792626,0.09300960000000001,5.0,ifvg,0.001,-0.18700022466792626
2025-11,widen_both_4x,282,1516675,1516675,-1,93061.3,93061.40000000001,0.1,1.0,inv,0.0,-0.09316130000000582,0.0930613,5.0,ifvg,0.001,-0.18622260000000582
2025-11,widen_both_4x,283,1516627,1519626,1,93049.4,92790.90000000001,258.49999999998545,3101.9999999998254,sl,3086.0,-0.35154939999998547,0.09304939999999999,5.0,ifvg_clean,0.001,-0.4445987999999855
2025-11,widen_both_4x,284,1583263,1583263,1,89953.3,89952.3167785235,0.9832214765100689,9.832214765100689,sl,0.0,-0.09093652147650469,0.0899533,5.0,fvg,0.001,-0.18088982147650468
2025-11,widen_both_4x,285,1583266,1583266,1,89924.0,89928.91610738255,0.49161073825503443,4.9161073825503445,tp,0.0,-0.08500789261744743,0.089924,5.0,fvg,0.001,-0.17493189261744743
2025-11,widen_both_4x,286,1583267,1583267,1,89894.7,89895.7,0.1,1.0,tp,0.0,-0.08889470000000001,0.08989470000000001,5.0,fvg,0.001,-0.17878940000000001
2025-11,widen_both_4x,287,1596844,1596844,-1,89257.0,89257.1,0.1,1.0,inv,0.0,-0.08935700000000582,0.089257,5.0,ifvg,0.001,-0.17861400000000582
2025-11,widen_both_4x,288,1596844,1596844,-1,89220.4,89220.89326145552,0.4932614555257042,4.932614555257042,sl,0.0,-0.08971366145552914,0.0892204,5.0,ifvg,0.001,-0.17893406145552915
2025-11,widen_both_4x,289,1596844,1596844,-1,89183.8,89184.78652291106,0.9865229110512124,9.865229110512123,sl,0.0,-0.09017032291105828,0.08918380000000001,5.0,ifvg,0.001,-0.1793541229110583
2025-11,widen_both_4x,290,1597353,1597353,1,89550.9,89550.40999999999,0.49,4.9,sl,0.0,-0.09004090000000524,0.0895509,5.0,ifvg,0.001,-0.17959180000000524
2025-11,widen_both_4x,291,1597353,1597353,1,89575.4,89574.42,0.98,9.8,sl,0.0,-0.09055539999999593,0.0895754,5.0,ifvg,0.001,-0.18013079999999593
2025-11,widen_both_4x,292,1597360,1597360,1,89526.4,89527.4,0.1,1.0,tp,0.0,-0.08852639999999999,0.08952639999999999,5.0,ifvg,0.001,-0.17805279999999998
2025-11,widen_both_4x,293,1597353,1597407,-1,89528.6,89575.9,245.0,2940.0,inv,54.0,-0.13682859999998837,0.08952860000000001,5.0,ifvg_clean,0.001,-0.22635719999998838
2025-11,widen_both_4x,294,1627245,1627245,-1,92835.85,92836.32630331755,0.4763033175351904,4.763033175351904,sl,0.0,-0.09331215331754045,0.09283585000000001,5.0,fvg,0.001,-0.18614800331754044
2025-11,widen_both_4x,295,1627245,1627245,-1,92825.8,92826.75260663507,0.9526066350710705,9.526066350710705,sl,0.0,-0.09377840663506633,0.0928258,5.0,fvg,0.001,-0.18660420663506633
2025-11,widen_both_4x,296,1656230,1656230,1,91838.5,91838.00551876379,0.49448123620309087,4.944812362030909,sl,0.0,-0.09233298123620823,0.0918385,5.0,ifvg,0.001,-0.18417148123620825
2025-11,widen_both_4x,297,1656230,1656230,1,91883.3,91882.3110375276,0.9889624724061817,9.889624724061818,sl,0.0,-0.0928722624724019,0.0918833,5.0,ifvg,0.001,-0.1847555624724019
2025-11,widen_both_4x,298,1656230,1656232,-1,91820.8,91883.8,448.0000000000291,5376.000000000349,inv,2.0,-0.1548208,0.09182080000000001,5.0,ifvg_clean,0.001,-0.24664160000000002
2025-11,widen_both_4x,299,1656541,1656541,1,91793.7,91794.7,0.1,1.0,tp,0.0,-0.0907937,0.0917937,5.0,ifvg,0.001,-0.1825874
2025-11,widen_both_4x,300,1657740,1657740,1,91739.7,91738.7096805421,0.990319457889642,9.90319457889642,sl,0.0,-0.09273001945789466,0.09173970000000001,5.0,fvg,0.001,-0.18446971945789467
2025-11,widen_both_4x,301,1657742,1657742,1,91688.54999999999,91688.05484027104,0.4951597289447506,4.9515972894475055,sl,0.0,-0.09218370972894732,0.09168855,5.0,fvg,0.001,-0.18387225972894733
2025-11,widen_both_4x,302,1657824,1657824,1,91637.4,91638.4,0.1,1.0,tp,0.0,-0.0906374,0.09163740000000001,5.0,fvg,0.001,-0.18227480000000001
2025-11,widen_both_4x,303,1662107,1662107,-1,90840.7,90841.66987951807,0.9698795180722865,9.698795180722865,sl,0.0,-0.09181057951807386,0.0908407,5.0,fvg,0.001,-0.18265127951807386
2025-11,widen_both_4x,304,1662111,1662111,-1,90856.79999999999,90857.28493975902,0.4849397590363624,4.8493975903636235,sl,0.0,-0.09134173975902966,0.0908568,5.0,fvg,0.001,-0.18219853975902967
2025-11,widen_both_4x,305,1662121,1662121,-1,90872.9,90871.9,0.1,1.0,tp,0.0,-0.0898729,0.0908729,5.0,fvg,0.001,-0.1807458
2025-11,widen_both_4x,306,1596844,1665663,1,89255.8,88889.80000000002,365.99999999998545,4391.999999999825,sl,69538.0,-0.45525579999998544,0.08925580000000001,5.0,ifvg_clean,0.001,-0.5445115999999854
2025-11,widen_both_4x,307,1408035,1721124,-1,93649.8,83635.80000000035,834.4999999999709,10013.99999999965,tp,315124.0,9.920350199999652,0.0936498,5.0,ifvg_clean,0.001,9.826700399999652
2025-11,widen_both_4x,308,1731560,1731560,1,82218.3,82218.2,0.1,1.0,inv,0.0,-0.08231830000000581,0.0822183,5.0,ifvg,0.001,-0.1645366000000058
2025-11,widen_both_4x,309,1731560,1731560,1,82253.35,82252.85703234881,0.49296765119560076,4.929676511956008,sl,0.0,-0.08274631765119654,0.08225335000000002,5.0,ifvg,0.001,-0.16499966765119656
2025-11,widen_both_4x,310,1731560,1731560,1,82288.4,82287.4140646976,0.9859353023909969,9.85935302390997,sl,0.0,-0.08327433530239305,0.0822884,5.0,ifvg,0.001,-0.16556273530239304
2025-11,widen_both_4x,311,1731560,1731923,-1,82220.0,82570.49999999996,350.49999999995634,4205.999999999476,sl,363.0,-0.43271999999995636,0.08222,5.0,ifvg_clean,0.001,-0.5149399999999563
2025-11,widen_both_4x,312,1737793,1737793,-1,82097.1,82096.1,0.1,1.0,tp,0.0,-0.08109710000000002,0.08209710000000002,5.0,ifvg,0.001,-0.16319420000000004
2025-11,widen_both_4x,313,1737793,1737793,-1,82068.05,82068.54153976311,0.49153976311336806,4.915397631133681,sl,0.0,-0.08255958976311209,0.08206805,5.0,ifvg,0.001,-0.1646276397631121
2025-11,widen_both_4x,314,1737793,1737793,-1,82039.0,82039.98307952622,0.9830795262267361,9.830795262267362,sl,0.0,-0.08302207952622417,0.082039,5.0,ifvg,0.001,-0.16506107952622417
2025-11,widen_both_4x,315,1737793,1737823,1,82096.4,82038.5,290.5000000000291,3486.0000000003492,inv,30.0,-0.1399963999999942,0.0820964,5.0,ifvg_clean,0.001,-0.2220927999999942
2025-11,widen_both_4x,316,1750460,1750460,1,82784.7,82810.8,131.50000000001455,1578.0000000001746,inv,0.0,-0.05668469999999418,0.0827847,5.0,ifvg_clean,0.001,-0.1394693999999942
2025-11,widen_both_4x,317,1750465,1750465,-1,82824.45000000001,82819.63315018316,0.48168498168471713,4.816849816847172,tp,0.0,-0.07800760018314754,0.08282445000000002,5.0,ifvg,0.001,-0.16083205018314756
2025-11,widen_both_4x,318,1750465,1750465,-1,82811.3,82801.6663003663,0.9633699633699673,9.633699633699672,tp,0.0,-0.07317760036629505,0.0828113,5.0,ifvg,0.001,-0.15598890036629504
2025-11,widen_both_4x,319,1750467,1750467,-1,82837.6,82836.6,0.1,1.0,tp,0.0,-0.08183760000000001,0.08283760000000001,5.0,ifvg,0.001,-0.16467520000000002
2025-11,widen_both_4x,320,1751277,1751277,1,83013.20000000001,83012.70451263539,0.4954873646210044,4.954873646210044,inv,0.0,-0.08350868736462021,0.08301320000000001,5.0,ifvg,0.001,-0.1665218873646202
2025-11,widen_both_4x,321,1751277,1751277,1,83068.1,83067.10902527077,0.9909747292418775,9.909747292418775,sl,0.0,-0.08405907472924042,0.0830681,5.0,ifvg,0.001,-0.16712717472924044
2025-11,widen_both_4x,322,1751348,1751348,1,82958.3,82958.2,0.1,1.0,inv,0.0,-0.08305830000000583,0.08295830000000001,5.0,ifvg,0.001,-0.16601660000000584
2025-11,widen_both_4x,323,1752692,1752692,-1,82717.3,82717.40000000001,0.1,1.0,sl,0.0,-0.08281730000000583,0.08271730000000001,5.0,fvg,0.001,-0.16553460000000583
2025-11,widen_both_4x,324,1752692,1752692,-1,82705.05,82705.53039215687,0.4803921568627451,4.803921568627451,sl,0.0,-0.08318544215686731,0.08270505,5.0,fvg,0.001,-0.1658904921568673
2025-11,widen_both_4x,325,1752692,1752692,-1,82692.8,82693.76078431372,0.9607843137254902,9.607843137254902,sl,0.0,-0.08365358431372008,0.08269280000000001,5.0,fvg,0.001,-0.1663463843137201
2025-11,widen_both_4x,326,1751277,1753724,-1,82960.7,83509.70000000001,549.0000000000146,6588.000000000175,sl,2447.0,-0.6319607000000146,0.0829607,5.0,ifvg_clean,0.001,-0.7149214000000146
2025-11,widen_both_4x,327,1754272,1754272,-1,83361.0,83361.1,0.1,1.0,inv,0.0,-0.08346100000000582,0.083361,5.0,ifvg,0.001,-0.16682200000000583
2025-11,widen_both_4x,328,1754272,1754272,-1,83296.0,83296.49618320611,0.4961832061068702,4.961832061068702,sl,0.0,-0.08379218320610898,0.08329600000000001,5.0,ifvg,0.001,-0.167088183206109
2025-11,widen_both_4x,329,1754272,1754272,-1,83231.0,83231.99236641222,0.9923664122137404,9.923664122137405,sl,0.0,-0.08422336641221798,0.08323100000000001,5.0,ifvg,0.001,-0.167454366412218
2025-11,widen_both_4x,330,1759748,1759748,-1,83469.1,83469.20000000001,0.1,1.0,sl,0.0,-0.08356910000000584,0.08346910000000002,5.0,ifvg,0.001,-0.16703820000000585
2025-11,widen_both_4x,331,1759748,1759748,-1,83440.0,83440.49155405405,0.49155405405405567,4.915540540540556,sl,0.0,-0.08393155405405327,0.08344,5.0,ifvg,0.001,-0.16737155405405327
2025-11,widen_both_4x,332,1759748,1759748,-1,83410.9,83411.8831081081,0.9831081081081113,9.831081081081113,sl,0.0,-0.08439400810810653,0.0834109,5.0,ifvg,0.001,-0.16780490810810653
2025-11,widen_both_4x,333,1759748,1759766,1,83468.4,83410.4,291.0000000000582,3492.0000000006985,inv,18.0,-0.1414684,0.0834684,5.0,ifvg_clean,0.001,-0.2249368
2025-11,widen_both_4x,334,1785661,1785661,-1,85161.15,85156.24276437848,0.4907235621522701,4.907235621522701,tp,0.0,-0.08025391437848166,0.08516114999999999,5.0,fvg,0.001,-0.16541506437848164
2025-11,widen_both_4x,335,1785661,1785661,-1,85134.7,85135.6814471243,0.9814471243042703,9.814471243042703,sl,0.0,-0.08611614712430075,0.0851347,5.0,fvg,0.001,-0.17125084712430075
2025-11,widen_both_4x,336,1785760,1785760,1,84978.0,84979.0,0.1,1.0,tp,0.0,-0.08397800000000001,0.08497800000000001,5.0,ifvg,0.001,-0.16895600000000002
2025-11,widen_both_4x,337,1785760,1785760,1,84994.8,84994.31445086705,0.4855491329479793,4.8554913294797934,sl,0.0,-0.08548034913295083,0.0849948,5.0,ifvg,0.001,-0.1704751491329508
2025-11,widen_both_4x,338,1785760,1785760,1,85011.6,85010.6289017341,0.9710982658959586,9.710982658959587,sl,0.0,-0.08598269826590169,0.0850116,5.0,ifvg,0.001,-0.17099429826590168
2025-11,widen_both_4x,339,1785760,1785826,-1,84982.6,85012.1,168.0000000000291,2016.0000000003492,inv,67.0,-0.1144826,0.0849826,5.0,ifvg_clean,0.001,-0.1994652
2025-11,widen_both_4x,340,1786576,1786576,-1,85079.75,85080.23583569405,0.48583569405098687,4.858356940509869,inv,0.0,-0.0855655856940531,0.08507975000000001,5.0,ifvg,0.001,-0.1706453356940531
2025-11,widen_both_4x,341,1786576,1786576,-1,85062.6,85063.57167138811,0.9716713881019737,9.716713881019738,sl,0.0,-0.0860342713881062,0.0850626,5.0,ifvg,0.001,-0.1710968713881062
2025-11,widen_both_4x,342,1786599,1786599,-1,85096.9,85097.0,0.1,1.0,inv,0.0,-0.0851969000000058,0.08509689999999999,5.0,ifvg,0.001,-0.1702938000000058
2025-11,widen_both_4x,343,1786576,1787710,1,85096.6,84925.10000000006,171.4999999999418,2057.9999999993015,sl,1162.0,-0.2565965999999418,0.08509660000000001,5.0,ifvg_clean,0.001,-0.3416931999999418
2025-11,widen_both_4x,344,1788954,1788954,1,84697.29999999999,84696.81908396946,0.48091603053407134,4.809160305340713,inv,0.0,-0.08517821603053034,0.08469729999999999,5.0,ifvg,0.001,-0.16987551603053033
2025-11,widen_both_4x,345,1788954,1788954,1,84709.9,84708.93816793892,0.9618320610686981,9.61832061068698,sl,0.0,-0.08567173206107524,0.08470989999999999,5.0,ifvg,0.001,-0.17038163206107523
2025-11,widen_both_4x,346,1788956,1788956,1,84684.7,84684.59999999999,0.1,1.0,inv,0.0,-0.0847847000000058,0.08468469999999999,5.0,ifvg,0.001,-0.1694694000000058
2025-11,widen_both_4x,347,1805001,1805001,-1,84660.1,84660.58842592593,0.48842592592575673,4.8842592592575675,inv,0.0,-0.08514852592592702,0.08466010000000002,5.0,ifvg,0.001,-0.16980862592592705
2025-11,widen_both_4x,348,1805001,1805001,-1,84639.0,84639.97685185185,0.9768518518518503,9.768518518518503,sl,0.0,-0.085615851851854,0.08463899999999999,5.0,ifvg,0.001,-0.170254851851854
2025-11,widen_both_4x,349,1805001,1805756,1,84670.5,84459.50000000001,210.99999999998545,2531.9999999998254,sl,762.0,-0.29567049999998546,0.08467050000000001,5.0,ifvg_clean,0.001,-0.3803409999999855
2025-11,widen_both_4x,350,1809740,1809740,1,84347.7,84346.32916666666,1.3708333333333336,13.708333333333336,sl,0.0,-0.08571853333333432,0.08434770000000001,5.0,fvg,0.001,-0.17006623333333432
2025-11,widen_both_4x,351,1809745,1809745,1,84324.2,84323.51458333334,0.6854166666666668,6.854166666666668,sl,0.0,-0.08500961666665988,0.0843242,5.0,fvg,0.001,-0.16933381666665986
2025-11,widen_both_4x,352,1809747,1809747,1,84300.7,84302.09999999999,0.14000000000000004,1.4000000000000004,tp,0.0,-0.08290070000000581,0.08430069999999999,5.0,fvg,0.001,-0.1672014000000058
2025-11,widen_both_4x,353,1810764,1810764,-1,84134.5,84134.99335106384,0.49335106382978827,4.933510638297883,sl,0.0,-0.0846278510638366,0.0841345,5.0,ifvg,0.001,-0.1687623510638366
2025-11,widen_both_4x,354,1810764,1810764,-1,84097.4,84098.38670212765,0.9867021276595765,9.867021276595766,sl,0.0,-0.08508410212765863,0.08409739999999999,5.0,ifvg,0.001,-0.16918150212765862
2025-11,widen_both_4x,355,1810765,1810765,-1,84171.6,84170.6,0.1,1.0,tp,0.0,-0.08317160000000001,0.08417160000000001,5.0,ifvg,0.001,-0.16734320000000003
2025-11,widen_both_4x,356,1810764,1810785,1,84155.5,84096.9,371.0000000000582,4452.0000000006985,inv,21.0,-0.14275550000000584,0.08415550000000001,5.0,ifvg_clean,0.001,-0.22691100000000586
2025-11,widen_both_4x,357,1827119,1827119,-1,84000.2,84000.68031496063,0.48031496062991674,4.803149606299168,inv,0.0,-0.08448051496063048,0.0840002,5.0,ifvg,0.001,-0.1684807149606305
2025-11,widen_both_4x,358,1827119,1827119,-1,83988.0,83988.96062992126,0.9606299212598335,9.606299212598335,sl,0.0,-0.084948629921261,0.08398800000000001,5.0,ifvg,0.001,-0.16893662992126102
2025-11,widen_both_4x,359,1827137,1827137,-1,84012.4,84012.5,0.1,1.0,inv,0.0,-0.08411240000000582,0.0840124,5.0,ifvg,0.001,-0.16812480000000582
2025-11,widen_both_4x,360,1827119,1827889,1,84009.4,83887.40000000002,121.9999999999709,1463.9999999996508,sl,776.0,-0.2060093999999709,0.0840094,5.0,ifvg_clean,0.001,-0.2900187999999709
2025-11,widen_both_4x,361,1828819,1828819,-1,83733.1,83734.08689384011,0.9868938401048473,9.868938401048473,sl,0.0,-0.08471999384010505,0.0837331,5.0,fvg,0.001,-0.16845309384010504
2025-11,widen_both_4x,362,1828891,1828891,-1,83770.75,83771.24344692005,0.49344692005242363,4.934469200524236,sl,0.0,-0.08426419692005252,0.08377075,5.0,fvg,0.001,-0.16803494692005252
2025-11,widen_both_4x,363,1829025,1829025,-1,83808.4,83807.4,0.1,1.0,tp,0.0,-0.08280839999999999,0.08380839999999999,5.0,fvg,0.001,-0.16661679999999998
2025-11,widen_both_4x,364,1838575,1838575,1,84496.8,84496.7,0.1,1.0,sl,0.0,-0.08459680000000583,0.08449680000000001,5.0,ifvg,0.001,-0.16909360000000584
2025-11,widen_both_4x,365,1838575,1838575,1,84520.25,84519.76043841336,0.4895615866388296,4.895615866388296,sl,0.0,-0.08500981158664078,0.08452025,5.0,ifvg,0.001,-0.1695300615866408
2025-11,widen_both_4x,366,1838575,1838575,1,84543.7,84542.72087682672,0.9791231732776592,9.791231732776591,sl,0.0,-0.08552282317328155,0.0845437,5.0,ifvg,0.001,-0.17006652317328155
2025-11,widen_both_4x,367,1838575,1838644,-1,84497.3,84544.2,234.4999999999709,2813.9999999996508,inv,71.0,-0.1313972999999942,0.08449730000000001,5.0,ifvg_clean,0.001,-0.21589459999999422
2025-11,widen_both_4x,368,1788954,1839815,-1,84684.9,84810.89999999998,125.99999999998545,1511.9999999998254,sl,51481.0,-0.21068489999998546,0.08468490000000001,5.0,ifvg_clean,0.001,-0.29536979999998547
2025-11,widen_both_4x,369,1870385,1870385,1,85773.7,85773.2176056338,0.4823943661971795,4.8239436619717955,sl,0.0,-0.08625609436619043,0.08577370000000001,5.0,ifvg,0.001,-0.17202979436619042
2025-11,widen_both_4x,370,1870385,1870385,1,85787.4,85786.4352112676,0.964788732394359,9.647887323943591,sl,0.0,-0.08675218873239537,0.08578739999999999,5.0,ifvg,0.001,-0.17253958873239536
2025-11,widen_both_4x,371,1870395,1870395,1,85760.0,85761.0,0.1,1.0,tp,0.0,-0.08476,0.08576,5.0,ifvg,0.001,-0.17052
2025-11,widen_both_4x,372,1870385,1870450,-1,85767.1,85787.9,136.9999999999709,1643.9999999996508,inv,65.0,-0.10656709999998837,0.08576710000000001,5.0,ifvg_clean,0.001,-0.19233419999998838
2025-11,widen_both_4x,373,1958568,1958568,1,87380.3,87380.2,0.1,1.0,sl,0.0,-0.08748030000000583,0.08738030000000001,5.0,ifvg,0.001,-0.17486060000000583
2025-11,widen_both_4x,374,1958568,1958568,1,87398.9,87398.41308900523,0.48691099476420646,4.869109947642064,sl,0.0,-0.08788581099476128,0.0873989,5.0,ifvg,0.001,-0.17528471099476128
2025-11,widen_both_4x,375,1958568,1958568,1,87417.5,87416.52617801048,0.9738219895287938,9.738219895287939,sl,0.0,-0.08839132198952256,0.08741750000000001,5.0,ifvg,0.001,-0.17580882198952258
2025-11,widen_both_4x,376,1958568,1958599,-1,87378.6,87418.0,185.99999999998545,2231.9999999998254,inv,32.0,-0.1267785999999942,0.0873786,5.0,ifvg_clean,0.001,-0.2141571999999942
2025-11,widen_both_4x,377,2000431,2000431,-1,85953.79999999999,85954.2834437086,0.4834437086095109,4.834437086095109,sl,0.0,-0.08643724370861013,0.08595379999999998,5.0,ifvg,0.001,-0.1723910437086101
2025-11,widen_both_4x,378,2000431,2000431,-1,85939.2,85940.16688741722,0.96688741721854,9.6688741721854,sl,0.0,-0.08690608741722028,0.08593920000000001,5.0,ifvg,0.001,-0.17284528741722027
2025-11,widen_both_4x,379,2000436,2000436,-1,85968.4,85967.4,0.1,1.0,tp,0.0,-0.0849684,0.0859684,5.0,ifvg,0.001,-0.1709368
2025-11,widen_both_4x,380,2000431,2000560,1,85960.5,85938.7,145.99999999998545,1751.9999999998254,inv,135.0,-0.10776050000000291,0.0859605,5.0,ifvg_clean,0.001,-0.19372100000000292
2025-11,widen_both_4x,381,2002177,2002177,-1,85498.0,85498.97920997921,0.9792099792099818,9.792099792099817,sl,0.0,-0.08647720997921028,0.085498,5.0,fvg,0.001,-0.1719752099792103
2025-11,widen_both_4x,382,2002190,2002190,-1,85521.55,85516.65395010395,0.4896049896049909,4.896049896049909,tp,0.0,-0.08062550010394859,0.08552155,5.0,fvg,0.001,-0.1661470501039486
2025-11,widen_both_4x,383,2002198,2002198,-1,85545.1,85545.20000000001,0.1,1.0,sl,0.0,-0.08564510000000583,0.08554510000000001,5.0,fvg,0.001,-0.17119020000000584
2025-11,widen_both_4x,384,2002328,2002328,1,85633.9,85632.91416430594,0.9858356940509898,9.858356940509898,sl,0.0,-0.0866197356940531,0.0856339,5.0,fvg,0.001,-0.1722536356940531
2025-11,widen_both_4x,385,2002407,2002407,1,85599.1,85604.02917847026,0.49291784702559793,4.929178470255979,tp,0.0,-0.0806699215297491,0.08559910000000001,5.0,fvg,0.001,-0.1662690215297491
2025-11,widen_both_4x,386,2002653,2002653,-1,86171.7,86170.7,0.1,1.0,tp,0.0,-0.0851717,0.0861717,5.0,ifvg,0.001,-0.1713434
2025-11,widen_both_4x,387,2002653,2002653,-1,86135.6,86136.09316939891,0.4931693989070041,4.931693989070041,sl,0.0,-0.0866287693989056,0.0861356,5.0,ifvg,0.001,-0.1727643693989056
2025-11,widen_both_4x,388,2002653,2002653,-1,86099.5,86100.48633879781,0.9863387978142071,9.863387978142072,sl,0.0,-0.08708583879781119,0.08609950000000001,5.0,ifvg,0.001,-0.1731853387978112
2025-11,widen_both_4x,389,2002653,2002698,1,86169.8,86099.0,360.99999999998545,4331.999999999825,inv,45.0,-0.15696980000000293,0.0861698,5.0,ifvg_clean,0.001,-0.24313960000000295
2025-11,widen_both_4x,390,2016258,2016258,-1,88324.04999999999,88324.54517839922,0.4951783992286139,4.951783992286139,inv,0.0,-0.08881922839922918,0.08832404999999999,5.0,ifvg,0.001,-0.17714327839922916
2025-11,widen_both_4x,391,2016258,2016258,-1,88272.7,88273.69035679846,0.9903567984570875,9.903567984570875,sl,0.0,-0.08926305679845838,0.0882727,5.0,ifvg,0.001,-0.17753575679845837
2025-11,widen_both_4x,392,2016259,2016259,-1,88375.4,88375.5,0.1,1.0,inv,0.0,-0.08847540000000582,0.0883754,5.0,ifvg,0.001,-0.17685080000000583
2025-11,widen_both_4x,393,2018002,2018002,1,88602.8,88602.31612903226,0.4838709677419355,4.838709677419355,sl,0.0,-0.08908667096774242,0.08860280000000001,5.0,ifvg,0.001,-0.17768947096774243
2025-11,widen_both_4x,394,2018002,2018002,1,88617.8,88616.83225806452,0.967741935483871,9.67741935483871,sl,0.0,-0.08958554193548482,0.08861780000000001,5.0,ifvg,0.001,-0.17820334193548482
2025-11,widen_both_4x,395,2018002,2018011,-1,88598.0,88618.3,150.0,1800.0,inv,9.0,-0.10889800000000291,0.088598,5.0,ifvg_clean,0.001,-0.1974960000000029
2025-11,widen_both_4x,396,2018087,2018087,1,88587.8,88588.8,0.1,1.0,tp,0.0,-0.08758780000000001,0.08858780000000001,5.0,ifvg,0.001,-0.17617560000000002
2025-11,widen_both_4x,397,2019729,2019729,-1,88391.2,88392.1948051948,0.9948051948051948,9.948051948051948,sl,0.0,-0.0893860051948013,0.0883912,5.0,fvg,0.001,-0.1777772051948013
2025-11,widen_both_4x,398,2020506,2020506,-1,88217.7,88218.67142857143,0.9714285714285714,9.714285714285714,sl,0.0,-0.08918912857142898,0.0882177,5.0,fvg,0.001,-0.17740682857142898
2025-11,widen_both_4x,399,2020574,2020574,-1,88234.7,88229.84285714285,0.4857142857142857,4.857142857142857,tp,0.0,-0.08337755714285507,0.0882347,5.0,fvg,0.001,-0.17161225714285505
2025-11,widen_both_4x,400,2020576,2020576,-1,88251.7,88251.8,0.1,1.0,sl,0.0,-0.08835170000000582,0.0882517,5.0,fvg,0.001,-0.17660340000000582
2025-11,widen_both_4x,401,2020779,2020779,-1,88486.95,88481.97597402598,0.4974025974025974,4.974025974025974,tp,0.0,-0.08351292402597893,0.08848695,5.0,fvg,0.001,-0.17199987402597894
2025-11,widen_both_4x,402,2021320,2021320,-1,88582.7,88581.7,0.1,1.0,tp,0.0,-0.0875827,0.0885827,5.0,fvg,0.001,-0.1761654
2025-11,widen_both_4x,403,2028252,2028255,1,89000.0,88999.00799360512,0.9920063948840931,9.920063948840932,sl,3.0,-0.08999200639488117,0.089,5.0,fvg,0.001,-0.17899200639488116
2025-11,widen_both_4x,404,2028326,2028326,1,88937.95,88937.45399680255,0.4960031974420466,4.960031974420466,sl,0.0,-0.08943395319744786,0.08893795,5.0,fvg,0.001,-0.17837190319744786
2025-11,widen_both_4x,405,2028734,2028734,1,88875.9,88875.79999999999,0.1,1.0,sl,0.0,-0.08897590000000583,0.08887590000000001,5.0,fvg,0.001,-0.17785180000000583
2025-11,widen_both_4x,406,2031138,2031138,-1,88650.2,88650.69031007752,0.49031007751938094,4.90310077519381,sl,0.0,-0.08914051007752637,0.0886502,5.0,ifvg,0.001,-0.17779071007752636
2025-11,widen_both_4x,407,2031138,2031138,-1,88624.9,88625.88062015503,0.9806201550387619,9.80620155038762,sl,0.0,-0.08960552015503818,0.08862489999999999,5.0,ifvg,0.001,-0.17823042015503818
2025-11,widen_both_4x,408,2031168,2031168,-1,88675.5,88674.5,0.1,1.0,tp,0.0,-0.0876755,0.0886755,5.0,ifvg,0.001,-0.176351
2025-11,widen_both_4x,409,2031138,2031175,1,88672.2,88624.4,253.0000000000291,3036.0000000003492,inv,38.0,-0.13647220000000293,0.0886722,5.0,ifvg_clean,0.001,-0.22514440000000294
2025-11,widen_both_4x,410,2016258,2036387,1,88372.8,87859.30000000002,513.4999999999854,6161.999999999825,sl,20406.0,-0.6018727999999854,0.0883728,5.0,ifvg_clean,0.001,-0.6902455999999855
2025-11,widen_both_4x,411,2038055,2038055,-1,88015.0,88015.49559859154,0.49559859154929603,4.955985915492961,sl,0.0,-0.08851059859154396,0.088015,5.0,ifvg,0.001,-0.17652559859154396
2025-11,widen_both_4x,412,2038055,2038055,-1,87958.7,87959.6911971831,0.9911971830985921,9.911971830985921,sl,0.0,-0.08894989718310249,0.0879587,5.0,ifvg,0.001,-0.17690859718310248
2025-11,widen_both_4x,413,2038091,2038091,-1,88071.3,88070.3,0.1,1.0,tp,0.0,-0.0870713,0.0880713,5.0,ifvg,0.001,-0.1751426
2025-11,widen_both_4x,414,2038055,2038366,1,88033.9,87958.2,563.0000000000291,6756.000000000349,inv,324.0,-0.1637338999999971,0.0880339,5.0,ifvg_clean,0.001,-0.2517677999999971
2025-11,widen_both_4x,415,2047370,2047370,1,87721.85,87721.35818330606,0.4918166939444715,4.918166939444715,inv,0.0,-0.08821366669394602,0.08772185,5.0,ifvg,0.001,-0.17593551669394603
2025-11,widen_both_4x,416,2047370,2047370,1,87751.9,87750.9163666121,0.9836333878887048,9.836333878887048,sl,0.0,-0.08873553338789203,0.0877519,5.0,ifvg,0.001,-0.17648743338789202
2025-11,widen_both_4x,417,2047379,2047379,1,87691.8,87691.7,0.1,1.0,inv,0.0,-0.08779180000000582,0.0876918,5.0,ifvg,0.001,-0.17548360000000582
2025-11,widen_both_4x,418,2047370,2049677,-1,87696.0,87996.49999999996,300.49999999995634,3605.999999999476,sl,2359.0,-0.38819599999995635,0.087696,5.0,ifvg_clean,0.001,-0.47589199999995635
2025-11,widen_both_4x,419,2082008,2082008,1,87524.9,87523.94048582995,0.959514170040481,9.59514170040481,inv,0.0,-0.08848441417004108,0.0875249,5.0,ifvg,0.001,-0.17600931417004106
2025-11,widen_both_4x,420,2082275,2082275,1,87513.04999999999,87512.57024291497,0.4797570850199459,4.797570850199459,inv,0.0,-0.08799280708502054,0.08751305,5.0,ifvg,0.001,-0.17550585708502053
2025-11,widen_both_4x,421,2082276,2082276,1,87501.2,87501.09999999999,0.1,1.0,inv,0.0,-0.08760120000000582,0.0875012,5.0,ifvg,0.001,-0.17510240000000582
2025-11,widen_both_4x,422,2082008,2082509,-1,87513.3,87631.79999999999,118.49999999998545,1421.9999999998254,sl,511.0,-0.20601329999998547,0.0875133,5.0,ifvg_clean,0.001,-0.2935265999999855
2025-11,widen_both_4x,423,2088297,2088297,1,86304.45000000001,86303.95604594922,0.49395405078606114,4.939540507860611,inv,0.0,-0.08679840405079124,0.08630445000000002,5.0,ifvg,0.001,-0.17310285405079126
2025-11,widen_both_4x,424,2088297,2088297,1,86345.3,86344.31209189844,0.9879081015719463,9.879081015719462,sl,0.0,-0.0873332081015679,0.08634530000000001,5.0,ifvg,0.001,-0.17367850810156793
2025-11,widen_both_4x,425,2088299,2088299,1,86263.6,86263.5,0.1,1.0,inv,0.0,-0.08636360000000583,0.08626360000000001,5.0,ifvg,0.001,-0.17262720000000584
2025-11,widen_both_4x,426,2088297,2088500,-1,86276.0,86684.49999999999,408.49999999998545,4901.999999999825,sl,203.0,-0.49477599999998545,0.08627599999999999,5.0,ifvg_clean,0.001,-0.5810519999999855
2025-11,widen_both_4x,427,2088601,2088601,-1,86583.1,86580.2,105.49999999995634,1265.9999999994761,inv,0.0,-0.08368309999999128,0.08658310000000001,5.0,ifvg_clean,0.001,-0.1702661999999913
2025-11,widen_both_4x,428,2088602,2088602,1,86579.7,86578.74524886877,0.9547511312217015,9.547511312217015,sl,0.0,-0.08753445113122667,0.08657970000000001,5.0,ifvg,0.001,-0.1741141511312267
2025-11,widen_both_4x,429,2088742,2088742,1,86558.6,86559.6,0.1,1.0,tp,0.0,-0.08555860000000001,0.08655860000000001,5.0,ifvg,0.001,-0.17211720000000003
2025-11,widen_both_4x,430,2088742,2088742,1,86569.15,86573.9237556561,0.4773755656105215,4.773755656105215,tp,0.0,-0.08179539434389581,0.08656915,5.0,ifvg,0.001,-0.1683645443438958
2025-11,widen_both_4x,431,2089217,2089217,-1,86503.9,86502.9,0.1,1.0,tp,0.0,-0.08550390000000001,0.08650390000000001,5.0,fvg,0.001,-0.17200780000000002
2025-11,widen_both_4x,432,2089217,2089217,-1,86456.9,86457.39473684209,0.49473684210526314,4.947368421052632,sl,0.0,-0.08695163684209806,0.08645689999999999,5.0,fvg,0.001,-0.17340853684209806
2025-11,widen_both_4x,433,2089217,2089217,-1,86409.9,86410.8894736842,0.9894736842105263,9.894736842105264,sl,0.0,-0.08739937368421068,0.0864099,5.0,fvg,0.001,-0.17380927368421067
2025-11,widen_both_4x,434,2101334,2101334,-1,87489.1,87489.20000000001,0.1,1.0,sl,0.0,-0.08758910000000583,0.08748910000000001,5.0,ifvg,0.001,-0.17507820000000585
2025-11,widen_both_4x,435,2101334,2101334,-1,87477.9,87478.37863247863,0.47863247863279756,4.786324786327976,sl,0.0,-0.08795653247864006,0.0874779,5.0,ifvg,0.001,-0.17543443247864005
2025-11,widen_both_4x,436,2101334,2101334,-1,87466.7,87467.65726495726,0.9572649572649732,9.572649572649732,sl,0.0,-0.0884239649572656,0.08746670000000001,5.0,ifvg,0.001,-0.1758906649572656
2025-11,widen_both_4x,437,2101334,2101667,1,87490.5,87466.2,112.00000000004366,1344.0000000005239,inv,344.0,-0.1117905000000029,0.0874905,5.0,ifvg_clean,0.001,-0.1992810000000029
2025-11,widen_both_4x,438,2109272,2109272,1,87338.45000000001,87337.97304147466,0.4769585253459543,4.769585253459542,sl,0.0,-0.08781540852535254,0.08733845000000001,5.0,ifvg,0.001,-0.17515385852535253
2025-11,widen_both_4x,439,2109272,2109272,1,87348.8,87347.84608294931,0.953917050691238,9.53917050691238,sl,0.0,-0.08830271705069052,0.08734880000000002,5.0,ifvg,0.001,-0.17565151705069054
2025-11,widen_both_4x,440,2109272,2109280,-1,87337.8,87349.3,103.49999999998545,1241.9999999998254,inv,9.0,-0.0988378,0.08733780000000001,5.0,ifvg_clean,0.001,-0.1861756
2025-11,widen_both_4x,441,2109354,2109354,1,87328.1,87329.1,0.1,1.0,tp,0.0,-0.0863281,0.0873281,5.0,ifvg,0.001,-0.1736562
2025-11,widen_both_4x,442,2110883,2110883,1,87272.65,87272.15998003991,0.4900199600796934,4.900199600796934,sl,0.0,-0.08776266996008156,0.08727265000000001,5.0,ifvg,0.001,-0.17503531996008156
2025-11,widen_both_4x,443,2110883,2110883,1,87297.2,87296.21996007983,0.9800399201596772,9.800399201596772,sl,0.0,-0.08827723992016312,0.0872972,5.0,ifvg,0.001,-0.17557443992016314
2025-11,widen_both_4x,444,2111005,2111005,1,87248.1,87249.1,0.1,1.0,tp,0.0,-0.08624810000000001,0.08724810000000001,5.0,ifvg,0.001,-0.17349620000000002
2025-11,widen_both_4x,445,2110883,2111026,-1,87248.5,87297.7,245.49999999995634,2945.999999999476,inv,154.0,-0.13644849999999709,0.0872485,5.0,ifvg_clean,0.001,-0.2236969999999971
2025-11,widen_both_4x,446,2113500,2113500,-1,86683.5,86684.49201915403,0.9920191540303274,9.920191540303273,sl,0.0,-0.08767551915402955,0.0866835,5.0,fvg,0.001,-0.17435901915402954
2025-11,widen_both_4x,447,2113545,2113545,-1,86745.65,86746.14600957702,0.49600957701522175,4.9600957701522175,sl,0.0,-0.08724165957702204,0.08674565,5.0,fvg,0.001,-0.17398730957702202
2025-11,widen_both_4x,448,2113760,2113760,-1,86807.8,86806.8,0.1,1.0,tp,0.0,-0.0858078,0.0868078,5.0,fvg,0.001,-0.1726156
2025-11,widen_both_4x,449,2128860,2128860,1,87886.3,87885.34739336494,0.9526066350711031,9.52606635071103,inv,0.0,-0.08883890663506633,0.0878863,5.0,ifvg,0.001,-0.17672520663506633
2025-11,widen_both_4x,450,2128950,2128950,1,87876.25,87875.77369668246,0.47630331753555155,4.763033175355515,inv,0.0,-0.08835255331754044,0.08787625,5.0,ifvg,0.001,-0.17622880331754043
2025-11,widen_both_4x,451,2128953,2128953,1,87866.2,87866.09999999999,0.1,1.0,inv,0.0,-0.08796620000000581,0.08786619999999999,5.0,ifvg,0.001,-0.1758324000000058
2025-11,widen_both_4x,452,2133659,2133659,1,87193.25,87192.76400560224,0.4859943977591082,4.859943977591082,inv,0.0,-0.08767924439776446,0.08719325000000001,5.0,ifvg,0.001,-0.17487249439776448
2025-11,widen_both_4x,453,2133659,2133659,1,87210.6,87209.62801120449,0.9719887955182164,9.719887955182164,sl,0.0,-0.08818258879551436,0.08721060000000001,5.0,ifvg,0.001,-0.17539318879551435
2025-11,widen_both_4x,454,2133718,2133718,1,87175.9,87175.79999999999,0.1,1.0,inv,0.0,-0.08727590000000582,0.0871759,5.0,ifvg,0.001,-0.17445180000000582
2025-11,widen_both_4x,455,2134948,2134948,-1,87101.5,87102.4797979798,0.9797979797979799,9.7979797979798,sl,0.0,-0.08808129797980224,0.0871015,5.0,fvg,0.001,-0.17518279797980224
2025-11,widen_both_4x,456,2134957,2134957,-1,87125.75,87120.851010101,0.48989898989898994,4.8989898989899,tp,0.0,-0.08222676010100334,0.08712575,5.0,fvg,0.001,-0.16935251010100333
2025-11,widen_both_4x,457,2135018,2135018,-1,87150.0,87149.0,0.1,1.0,tp,0.0,-0.08615,0.08715,5.0,fvg,0.001,-0.1733
2025-11,widen_both_4x,458,2133659,2137247,-1,87191.7,87365.20000000006,173.5000000000582,2082.0000000006985,sl,3769.0,-0.2606917000000582,0.0871917,5.0,ifvg_clean,0.001,-0.3478834000000582
2025-11,widen_both_4x,459,2128860,2156241,-1,87879.6,86673.59999999966,100.5000000000291,1206.0000000003492,tp,28373.0,1.1181204000003493,0.08787960000000002,5.0,ifvg_clean,0.001,1.0302408000003493
2025-11,widen_both_4x,460,2184155,2184155,1,90160.65,90160.15866551126,0.4913344887347088,4.913344887347088,sl,0.0,-0.09065198448873181,0.09016065,5.0,ifvg,0.001,-0.1808126344887318
2025-11,widen_both_4x,461,2184155,2184155,1,90189.0,90188.01733102254,0.9826689774696699,9.826689774696698,sl,0.0,-0.09117166897746362,0.090189,5.0,ifvg,0.001,-0.1813606689774636
2025-11,widen_both_4x,462,2184157,2184157,1,90132.3,90133.3,0.1,1.0,tp,0.0,-0.0891323,0.0901323,5.0,ifvg,0.001,-0.1792646
2025-11,widen_both_4x,463,2184155,2184268,-1,90137.1,90189.5,283.49999999998545,3401.9999999998254,inv,113.0,-0.1425370999999942,0.09013710000000001,5.0,ifvg_clean,0.001,-0.23267419999999422
2025-11,widen_both_4x,464,2190353,2190359,1,89468.5,89478.41631799164,0.9916317991631798,9.916317991631798,tp,6.0,-0.07955218200836413,0.0894685,5.0,fvg,0.001,-0.16902068200836412
2025-11,widen_both_4x,465,2192586,2192586,-1,89696.8,89692.01739130435,0.4782608695652174,4.782608695652174,tp,0.0,-0.08491419130435163,0.08969680000000001,5.0,fvg,0.001,-0.17461099130435165
2025-11,widen_both_4x,466,2192586,2192586,-1,89685.8,89686.75652173914,0.9565217391304348,9.565217391304348,sl,0.0,-0.09064232173913549,0.0896858,5.0,fvg,0.001,-0.18032812173913548
2025-11,widen_both_4x,467,2192865,2192865,-1,89707.8,89706.8,0.1,1.0,tp,0.0,-0.0887078,0.0897078,5.0,fvg,0.001,-0.1784156
2025-11,widen_both_4x,468,2192867,2192869,-1,89716.3,89717.28050682262,0.980506822612087,9.80506822612087,sl,2.0,-0.09069680682261239,0.08971630000000001,5.0,fvg,0.001,-0.1804131068226124
2025-11,widen_both_4x,469,2192931,2192931,-1,89741.45000000001,89741.94025341132,0.49025341130590167,4.9025341130590165,sl,0.0,-0.0902317034113062,0.08974145000000001,5.0,fvg,0.001,-0.1799731534113062
2025-11,widen_both_4x,470,2192956,2192956,-1,89766.6,89765.6,0.1,1.0,tp,0.0,-0.08876660000000001,0.08976660000000002,5.0,fvg,0.001,-0.17853320000000003
2025-11,widen_both_4x,471,2203470,2203470,-1,90474.70000000001,90475.18226950355,0.4822695035458394,4.822695035458394,inv,0.0,-0.09095696950354003,0.09047470000000002,5.0,ifvg,0.001,-0.18143166950354006
2025-11,widen_both_4x,472,2203470,2203470,-1,90461.1,90462.0645390071,0.9645390070921949,9.645390070921948,sl,0.0,-0.09142563900709458,0.0904611,5.0,ifvg,0.001,-0.18188673900709457
2025-11,widen_both_4x,473,2203558,2203558,-1,90488.3,90488.40000000001,0.1,1.0,inv,0.0,-0.09058830000000583,0.09048830000000001,5.0,ifvg,0.001,-0.18107660000000583
2025-11,widen_both_4x,474,2203470,2204313,1,90479.8,90343.80000000002,135.99999999998545,1631.9999999998254,sl,848.0,-0.22647979999998546,0.09047980000000001,5.0,ifvg_clean,0.001,-0.31695959999998546
2025-11,widen_both_4x,475,1754272,2211030,1,83343.6,91143.6,650.0,7800.0,tp,465179.0,7.7166564,0.08334360000000002,5.0,ifvg_clean,0.001,7.6333128
2025-11,widen_both_4x,476,2266119,2266119,-1,91498.65,91499.13881431767,0.4888143176735401,4.888143176735401,inv,0.0,-0.0919874643176795,0.09149865,5.0,ifvg,0.001,-0.1834861143176795
2025-11,widen_both_4x,477,2266119,2266119,-1,91476.8,91477.77762863535,0.9776286353467546,9.776286353467546,sl,0.0,-0.09245442863534445,0.09147680000000001,5.0,ifvg,0.001,-0.18393122863534445
2025-11,widen_both_4x,478,2266121,2266121,-1,91520.5,91520.6,0.1,1.0,inv,0.0,-0.09162050000000582,0.0915205,5.0,ifvg,0.001,-0.18314100000000583
2025-11,widen_both_4x,479,2266119,2266308,1,91519.9,91301.40000000001,218.49999999998545,2621.9999999998254,sl,190.0,-0.31001989999998547,0.0915199,5.0,ifvg_clean,0.001,-0.40153979999998546
2025-11,widen_both_4x,480,2284355,2284355,-1,91204.35,91204.82942386832,0.47942386831246026,4.794238683124602,sl,0.0,-0.09168377386830982,0.09120435,5.0,ifvg,0.001,-0.18288812386830983
2025-11,widen_both_4x,481,2284355,2284355,-1,91192.7,91193.65884773662,0.9588477366255194,9.588477366255194,sl,0.0,-0.09215154773661964,0.0911927,5.0,ifvg,0.001,-0.18334424773661964
2025-11,widen_both_4x,482,2284355,2284393,1,91214.6,91192.2,116.50000000001455,1398.0000000001746,inv,42.0,-0.11361460000000874,0.0912146,5.0,ifvg_clean,0.001,-0.20482920000000876
2025-11,widen_both_4x,483,2284454,2284454,-1,91216.0,91216.1,0.1,1.0,sl,0.0,-0.09131600000000582,0.091216,5.0,ifvg,0.001,-0.18253200000000583
2025-11,widen_both_4x,484,2317897,2317897,1,91089.9,91088.91522070015,0.9847792998477923,9.847792998477923,sl,0.0,-0.09207467929984801,0.0910899,5.0,fvg,0.001,-0.18316457929984803
2025-11,widen_both_4x,485,2318056,2318056,1,91057.54999999999,91062.47389649923,0.4923896499237854,4.923896499237854,tp,0.0,-0.08613365350075991,0.09105754999999999,5.0,fvg,0.001,-0.1771912035007599
2025-11,widen_both_4x,486,2338312,2338312,1,92677.5,92682.46798975673,0.4967989756722153,4.967989756722153,tp,0.0,-0.08770951024327427,0.0926775,5.0,fvg,0.001,-0.18038701024327425
2025-11,widen_both_4x,487,2338312,2338312,1,92755.1,92754.10640204867,0.9935979513444306,9.935979513444305,sl,0.0,-0.09374869795133935,0.09275510000000002,5.0,fvg,0.001,-0.18650379795133937
2025-11,widen_both_4x,488,2338315,2338315,1,92599.9,92600.9,0.1,1.0,tp,0.0,-0.0915999,0.0925999,5.0,fvg,0.001,-0.1841998
2025-11,widen_both_4x,489,2343843,2343843,1,92099.8,92099.31612903226,0.4838709677419355,4.838709677419355,inv,0.0,-0.09258367096774242,0.09209980000000001,5.0,ifvg,0.001,-0.18468347096774243
2025-11,widen_both_4x,490,2343843,2343843,1,92114.8,92113.83225806452,0.967741935483871,9.67741935483871,sl,0.0,-0.09308254193548482,0.09211480000000001,5.0,ifvg,0.001,-0.18519734193548482
2025-11,widen_both_4x,491,2344027,2344027,1,92084.8,92084.7,0.1,1.0,inv,0.0,-0.09218480000000583,0.09208480000000001,5.0,ifvg,0.001,-0.18426960000000583
2025-11,widen_both_4x,492,2344047,2344047,1,92048.7,92048.20856164383,0.4914383561643827,4.914383561643827,inv,0.0,-0.09254013835616996,0.0920487,5.0,ifvg,0.001,-0.18458883835616996
2025-11,widen_both_4x,493,2344047,2344047,1,92077.4,92076.41712328767,0.9828767123287654,9.828767123287655,sl,0.0,-0.09306027671232538,0.0920774,5.0,ifvg,0.001,-0.1851376767123254
2025-11,widen_both_4x,494,2344051,2344051,1,92020.0,92019.9,0.1,1.0,inv,0.0,-0.09212000000000582,0.09202,5.0,ifvg,0.001,-0.18414000000000583
2025-11,widen_both_4x,495,2345687,2345687,1,91267.9,91267.41008064516,0.4899193548385612,4.899193548385612,inv,0.0,-0.09175781935483354,0.0912679,5.0,ifvg,0.001,-0.18302571935483353
2025-11,widen_both_4x,496,2345687,2345687,1,91292.2,91291.22016129032,0.9798387096774158,9.798387096774158,sl,0.0,-0.09227203870968163,0.09129219999999999,5.0,ifvg,0.001,-0.18356423870968164
2025-11,widen_both_4x,497,2345688,2345688,1,91243.6,91243.5,0.1,1.0,inv,0.0,-0.09134360000000583,0.09124360000000001,5.0,ifvg,0.001,-0.18258720000000583
2025-11,widen_both_4x,498,2345687,2346367,-1,91248.2,91491.19999999995,242.99999999995634,2915.999999999476,sl,680.0,-0.33424819999995636,0.0912482,5.0,ifvg_clean,0.001,-0.42549639999995637
2025-11,widen_both_4x,499,2346508,2346508,1,91419.1,91418.11308900524,0.9869109947643995,9.869109947643995,sl,0.0,-0.0924060109947613,0.09141910000000002,5.0,fvg,0.001,-0.18382511099476131
2025-11,widen_both_4x,500,2346533,2346533,1,91381.4,91380.9065445026,0.4934554973821045,4.934554973821045,sl,0.0,-0.09187485549738791,0.0913814,5.0,fvg,0.001,-0.18325625549738792
2025-11,widen_both_4x,501,2346710,2346710,1,91343.7,91344.7,0.1,1.0,tp,0.0,-0.0903437,0.0913437,5.0,fvg,0.001,-0.1816874
2025-11,widen_both_4x,502,2343843,2349286,-1,92091.0,90291.0,150.0,1800.0,tp,5443.0,1.7079090000000001,0.092091,5.0,ifvg_clean,0.001,1.6158180000000002
2025-11,widen_both_4x,503,2350146,2350146,1,90433.65,90433.15974658869,0.49025341130590167,4.9025341130590165,inv,0.0,-0.09092390341130618,0.09043365,5.0,ifvg,0.001,-0.1813575534113062
2025-11,widen_both_4x,504,2350146,2350146,1,90458.8,90457.81949317739,0.980506822612087,9.80506822612087,sl,0.0,-0.09143930682261238,0.0904588,5.0,ifvg,0.001,-0.18189810682261237
2025-11,widen_both_4x,505,2350146,2350500,-1,90431.8,90683.30000000002,251.50000000001455,3018.0000000001746,sl,354.0,-0.34193180000001455,0.0904318,5.0,ifvg_clean,0.001,-0.43236360000001456
2025-11,widen_both_4x,506,2351230,2351230,1,90408.5,90408.4,0.1,1.0,inv,0.0,-0.09050850000000582,0.0904085,5.0,ifvg,0.001,-0.18091700000000582
2025-11,widen_both_4x,507,2525469,2525469,1,90900.0,90899.51824817518,0.4817518248175144,4.817518248175144,inv,0.0,-0.09138175182481646,0.09090000000000001,5.0,ifvg,0.001,-0.18228175182481648
2025-11,widen_both_4x,508,2525469,2525469,1,90913.2,90912.23649635036,0.9635036496350288,9.635036496350288,sl,0.0,-0.09187670364963291,0.0909132,5.0,ifvg,0.001,-0.1827899036496329
2025-11,widen_both_4x,509,2525524,2525524,1,90886.8,90887.8,0.1,1.0,tp,0.0,-0.0898868,0.0908868,5.0,ifvg,0.001,-0.1807736
2025-11,widen_both_4x,510,2344047,2528361,-1,92028.2,90320.6,286.9999999999709,3443.9999999996508,eod,201253.0,1.6155717999999912,0.0920282,5.0,ifvg_clean,0.001,1.5235435999999911
2025-11,widen_both_4x,511,2525469,2528361,-1,90891.5,90320.6,131.9999999999709,1583.9999999996508,eod,2915.0,0.4800084999999942,0.09089150000000001,5.0,ifvg_clean,0.001,0.38911699999999416
2025-11,widen_sl_4x_tp_1x,0,133733,133739,-1,109868.2,109858.3012145749,0.9898785425101218,9.898785425101217,tp,6.0,-0.09996941457489732,0.1098682,5.0,fvg,0.001,-0.2098376145748973
2025-11,widen_sl_4x_tp_1x,1,134594,134594,-1,109917.1,109912.15060728746,0.4949392712549872,4.949392712549872,tp,0.0,-0.10496770728745594,0.1099171,5.0,fvg,0.001,-0.21488480728745596
2025-11,widen_sl_4x_tp_1x,2,134701,134701,-1,109966.0,109965.0,0.1,1.0,tp,0.0,-0.10896600000000001,0.10996600000000001,5.0,fvg,0.001,-0.21893200000000002
2025-11,widen_sl_4x_tp_1x,3,159464,159464,1,110639.9,110638.90919117647,0.9908088235294108,9.908088235294109,sl,0.0,-0.11163070882352427,0.1106399,5.0,fvg,0.001,-0.22227060882352428
2025-11,widen_sl_4x_tp_1x,4,159510,159510,1,110586.0,110585.50459558824,0.4954044117647054,4.954044117647054,sl,0.0,-0.11108140441176215,0.110586,5.0,fvg,0.001,-0.22166740441176214
2025-11,widen_sl_4x_tp_1x,5,160253,160253,1,110532.1,110533.1,0.1,1.0,tp,0.0,-0.10953210000000002,0.11053210000000002,5.0,fvg,0.001,-0.22006420000000004
2025-11,widen_sl_4x_tp_1x,6,161095,161095,1,110323.29999999999,110322.80484496123,0.4951550387596193,4.951550387596193,inv,0.0,-0.11081845503876317,0.11032329999999999,5.0,ifvg,0.001,-0.22114175503876315
2025-11,widen_sl_4x_tp_1x,7,161095,161095,1,110374.4,110373.40968992247,0.9903100775193796,9.903100775193796,sl,0.0,-0.11136471007752637,0.1103744,5.0,ifvg,0.001,-0.22173911007752636
2025-11,widen_sl_4x_tp_1x,8,161137,161137,1,110272.2,110272.09999999999,0.1,1.0,inv,0.0,-0.11037220000000582,0.1102722,5.0,ifvg,0.001,-0.22064440000000582
2025-11,widen_sl_4x_tp_1x,9,164817,164817,1,109614.29999999999,109613.80626566416,0.49373433583950804,4.93734335839508,inv,0.0,-0.1101080343358324,0.10961429999999998,5.0,ifvg,0.001,-0.21972233433583238
2025-11,widen_sl_4x_tp_1x,10,164817,164817,1,109653.7,109652.71253132832,0.9874686716791985,9.874686716791985,sl,0.0,-0.11064116867167939,0.1096537,5.0,ifvg,0.001,-0.2202948686716794
2025-11,widen_sl_4x_tp_1x,11,164821,164821,1,109574.9,109574.79999999999,0.1,1.0,inv,0.0,-0.10967490000000582,0.1095749,5.0,ifvg,0.001,-0.21924980000000582
2025-11,widen_sl_4x_tp_1x,12,170328,170328,-1,108719.7,108720.1827586207,0.48275862068965514,4.827586206896552,sl,0.0,-0.10920245862069568,0.1087197,5.0,ifvg,0.001,-0.2179221586206957
2025-11,widen_sl_4x_tp_1x,13,170328,170328,-1,108705.7,108706.66551724137,0.9655172413793103,9.655172413793103,sl,0.0,-0.1096712172413768,0.10870569999999999,5.0,ifvg,0.001,-0.21837691724137678
2025-11,widen_sl_4x_tp_1x,14,170328,170336,1,108730.7,108705.2,140.0,1680.0,inv,8.0,-0.1342307,0.1087307,5.0,ifvg_clean,0.001,-0.2429614
2025-11,widen_sl_4x_tp_1x,15,170350,170350,-1,108733.7,108732.7,0.1,1.0,tp,0.0,-0.1077337,0.1087337,5.0,ifvg,0.001,-0.2164674
2025-11,widen_sl_4x_tp_1x,16,188915,188915,1,107382.55,107382.06089324619,0.4891067538126348,4.891067538126348,inv,0.0,-0.10787165675381194,0.10738255000000001,5.0,ifvg,0.001,-0.21525420675381196
2025-11,widen_sl_4x_tp_1x,17,188915,188915,1,107405.0,107404.02178649238,0.9782135076252696,9.782135076252697,sl,0.0,-0.10838321350762388,0.107405,5.0,ifvg,0.001,-0.2157882135076239
2025-11,widen_sl_4x_tp_1x,18,188919,188919,1,107360.1,107360.0,0.1,1.0,inv,0.0,-0.10746010000000582,0.1073601,5.0,ifvg,0.001,-0.21482020000000582
2025-11,widen_sl_4x_tp_1x,19,188915,191248,-1,107361.9,107586.39999999997,224.4999999999709,2693.9999999996508,sl,2346.0,-0.3318618999999709,0.1073619,5.0,ifvg_clean,0.001,-0.4392237999999709
2025-11,widen_sl_4x_tp_1x,20,202295,202295,-1,107803.4,107803.89501992031,0.49501992031879805,4.950199203187981,inv,0.0,-0.10829841992031582,0.1078034,5.0,ifvg,0.001,-0.2161018199203158
2025-11,widen_sl_4x_tp_1x,21,202295,202295,-1,107753.7,107754.69003984063,0.9900398406374511,9.90039840637451,sl,0.0,-0.10874373984063165,0.1077537,5.0,ifvg,0.001,-0.21649743984063163
2025-11,widen_sl_4x_tp_1x,22,202526,202526,-1,107853.1,107853.20000000001,0.1,1.0,inv,0.0,-0.10795310000000582,0.10785310000000001,5.0,ifvg,0.001,-0.21580620000000583
2025-11,widen_sl_4x_tp_1x,23,202295,211165,1,107847.7,107350.69999999995,497.00000000004366,5964.000000000524,sl,8947.0,-0.6048477000000437,0.1078477,5.0,ifvg_clean,0.001,-0.7126954000000437
2025-11,widen_sl_4x_tp_1x,24,212631,212631,-1,108090.1,108091.090990991,0.990990990990991,9.90990990990991,sl,0.0,-0.10908109099099113,0.10809010000000001,5.0,fvg,0.001,-0.21717119099099114
2025-11,widen_sl_4x_tp_1x,25,225599,225599,-1,107299.3,107299.78780487805,0.4878048780487805,4.878048780487805,sl,0.0,-0.10778710487805197,0.1072993,5.0,ifvg,0.001,-0.21508640487805197
2025-11,widen_sl_4x_tp_1x,26,225599,225599,-1,107279.3,107280.2756097561,0.975609756097561,9.75609756097561,sl,0.0,-0.10825490975610395,0.10727930000000001,5.0,ifvg,0.001,-0.21553420975610396
2025-11,widen_sl_4x_tp_1x,27,225599,225614,1,107315.0,107278.8,200.0,2400.0,inv,15.0,-0.1435149999999971,0.107315,5.0,ifvg_clean,0.001,-0.2508299999999971
2025-11,widen_sl_4x_tp_1x,28,225630,225630,-1,107319.3,107318.3,0.1,1.0,tp,0.0,-0.1063193,0.1073193,5.0,ifvg,0.001,-0.2136386
2025-11,widen_sl_4x_tp_1x,29,257419,257419,-1,107042.9,107043.0,0.1,1.0,inv,0.0,-0.10714290000000583,0.10704290000000001,5.0,ifvg,0.001,-0.21418580000000584
2025-11,widen_sl_4x_tp_1x,30,257419,257419,-1,107012.85,107013.34181669395,0.4918166939442333,4.918166939442333,sl,0.0,-0.10750466669394604,0.10701285000000002,5.0,ifvg,0.001,-0.21451751669394606
2025-11,widen_sl_4x_tp_1x,31,257419,257419,-1,106982.8,106983.7836333879,0.9836333878887048,9.836333878887048,sl,0.0,-0.10796643338789205,0.10698280000000002,5.0,ifvg,0.001,-0.21494923338789207
2025-11,widen_sl_4x_tp_1x,32,257419,261081,1,107049.3,106748.80000000005,300.49999999995634,3605.999999999476,sl,3709.0,-0.40754929999995637,0.1070493,5.0,ifvg_clean,0.001,-0.5145985999999564
2025-11,widen_sl_4x_tp_1x,33,164817,265169,-1,109580.3,104852.29999999983,394.00000000001455,4728.000000000175,tp,101263.0,4.6184197000001745,0.1095803,5.0,ifvg_clean,0.001,4.508839400000174
2025-11,widen_sl_4x_tp_1x,34,161095,265966,-1,110272.3,104140.30000000018,510.99999999998545,6131.999999999825,tp,105831.0,6.0217276999998255,0.1102723,5.0,ifvg_clean,0.001,5.911455399999825
2025-11,widen_sl_4x_tp_1x,35,297609,297609,1,103922.35,103921.86094091904,0.4890590809629594,4.890590809629594,sl,0.0,-0.10441140908096641,0.10392235000000001,5.0,fvg,0.001,-0.2083337590809664
2025-11,widen_sl_4x_tp_1x,36,297609,297609,1,103944.7,103943.72188183806,0.9781181619256004,9.781181619256005,sl,0.0,-0.1049228181619328,0.1039447,5.0,fvg,0.001,-0.2088675181619328
2025-11,widen_sl_4x_tp_1x,37,297611,297611,1,103900.0,103901.0,0.1,1.0,tp,0.0,-0.1029,0.1039,5.0,fvg,0.001,-0.2068
2025-11,widen_sl_4x_tp_1x,38,405847,405847,-1,103782.0,103782.48837209302,0.4883720930232558,4.883720930232558,sl,0.0,-0.10427037209302292,0.103782,5.0,ifvg,0.001,-0.2080523720930229
2025-11,widen_sl_4x_tp_1x,39,405847,405847,-1,103761.0,103761.97674418605,0.9767441860465116,9.767441860465116,sl,0.0,-0.10473774418604583,0.10376099999999999,5.0,ifvg,0.001,-0.2084987441860458
2025-11,widen_sl_4x_tp_1x,40,405854,405854,-1,103803.0,103803.1,0.1,1.0,sl,0.0,-0.10390300000000581,0.10380299999999999,5.0,ifvg,0.001,-0.2077060000000058
2025-11,widen_sl_4x_tp_1x,41,405847,405889,1,103787.4,103760.5,210.0,2520.0,inv,42.0,-0.13068739999999418,0.10378739999999999,5.0,ifvg_clean,0.001,-0.23447479999999415
2025-11,widen_sl_4x_tp_1x,42,559713,559713,1,100710.6,100710.5,0.1,1.0,inv,0.0,-0.10081060000000583,0.10071060000000001,5.0,ifvg,0.001,-0.20152120000000584
2025-11,widen_sl_4x_tp_1x,43,559713,559713,1,100730.55,100730.06222493888,0.4877750611246926,4.877750611246926,sl,0.0,-0.10121832506111948,0.10073055000000002,5.0,ifvg,0.001,-0.2019488750611195
2025-11,widen_sl_4x_tp_1x,44,559713,559713,1,100750.5,100749.52444987775,0.9755501222493852,9.755501222493852,sl,0.0,-0.10172605012225348,0.1007505,5.0,ifvg,0.001,-0.2024765501222535
2025-11,widen_sl_4x_tp_1x,45,559839,559839,1,100592.1,100591.6030120482,0.49698795180722893,4.96987951807229,inv,0.0,-0.10108908795180302,0.1005921,5.0,ifvg,0.001,-0.201681187951803
2025-11,widen_sl_4x_tp_1x,46,559839,559839,1,100674.6,100673.60602409639,0.9939759036144579,9.93975903614458,sl,0.0,-0.1016685759036206,0.10067460000000002,5.0,ifvg,0.001,-0.2023431759036206
2025-11,widen_sl_4x_tp_1x,47,559843,559843,1,100509.6,100509.5,0.1,1.0,inv,0.0,-0.10060960000000582,0.1005096,5.0,ifvg,0.001,-0.20111920000000583
2025-11,widen_sl_4x_tp_1x,48,559713,560249,-1,100697.9,100897.39999999997,199.4999999999709,2393.9999999996508,sl,536.0,-0.3001978999999709,0.10069789999999999,5.0,ifvg_clean,0.001,-0.4008957999999709
2025-11,widen_sl_4x_tp_1x,49,559839,560440,-1,100511.4,101336.4,825.0,9900.0,sl,601.0,-0.9255114000000001,0.1005114,5.0,ifvg_clean,0.001,-1.0260228
2025-11,widen_sl_4x_tp_1x,50,596731,596731,1,103101.20000000001,103100.71344086023,0.48655913978514076,4.865591397851407,sl,0.0,-0.10358775913978294,0.10310120000000002,5.0,ifvg,0.001,-0.20668895913978297
2025-11,widen_sl_4x_tp_1x,51,596731,596731,1,103119.3,103118.32688172044,0.9731182795698904,9.731182795698905,sl,0.0,-0.10409241827956583,0.10311930000000001,5.0,ifvg,0.001,-0.20721171827956586
2025-11,widen_sl_4x_tp_1x,52,596731,596738,-1,103090.3,103119.8,180.99999999998545,2171.9999999998254,inv,7.0,-0.1325903,0.1030903,5.0,ifvg_clean,0.001,-0.2356806
2025-11,widen_sl_4x_tp_1x,53,597372,597372,1,103083.1,103083.0,0.1,1.0,inv,0.0,-0.10318310000000581,0.1030831,5.0,ifvg,0.001,-0.2062662000000058
2025-11,widen_sl_4x_tp_1x,54,732248,732248,1,103665.25,103664.75321543409,0.4967845659163987,4.967845659163987,sl,0.0,-0.1041620345659121,0.10366525,5.0,ifvg,0.001,-0.2078272845659121
2025-11,widen_sl_4x_tp_1x,55,732248,732248,1,103742.5,103741.50643086816,0.9935691318327974,9.935691318327974,sl,0.0,-0.10473606913183875,0.10374250000000002,5.0,ifvg,0.001,-0.20847856913183876
2025-11,widen_sl_4x_tp_1x,56,732371,732371,1,103588.0,103589.0,0.1,1.0,tp,0.0,-0.10258800000000001,0.10358800000000001,5.0,ifvg,0.001,-0.20617600000000003
2025-11,widen_sl_4x_tp_1x,57,732248,733494,-1,103589.5,103743.0,772.5,9270.0,inv,1253.0,-0.25708949999999997,0.1035895,5.0,ifvg_clean,0.001,-0.36067899999999997
2025-11,widen_sl_4x_tp_1x,58,736176,736176,1,103552.7,103552.2073964497,0.4926035502958586,4.9260355029585865,sl,0.0,-0.10404530355030128,0.1035527,5.0,ifvg,0.001,-0.20759800355030128
2025-11,widen_sl_4x_tp_1x,59,736176,736176,1,103586.0,103585.01479289941,0.9852071005917172,9.852071005917173,sl,0.0,-0.10457120710058801,0.103586,5.0,ifvg,0.001,-0.208157207100588
2025-11,widen_sl_4x_tp_1x,60,736176,736179,-1,103531.0,103586.5,333.0000000000291,3996.0000000003492,inv,3.0,-0.159031,0.10353100000000001,5.0,ifvg_clean,0.001,-0.262562
2025-11,widen_sl_4x_tp_1x,61,800230,800230,-1,105947.25,105947.73422712933,0.48422712933754525,4.842271293375452,sl,0.0,-0.10643147712933097,0.10594724999999999,5.0,ifvg,0.001,-0.21237872712933098
2025-11,widen_sl_4x_tp_1x,62,800230,800230,-1,105931.9,105932.86845425867,0.9684542586750905,9.684542586750904,sl,0.0,-0.1069003542586765,0.1059319,5.0,ifvg,0.001,-0.2128322542586765
2025-11,widen_sl_4x_tp_1x,63,800268,800268,-1,105962.6,105961.6,0.1,1.0,tp,0.0,-0.10496260000000002,0.10596260000000002,5.0,ifvg,0.001,-0.21092520000000003
2025-11,widen_sl_4x_tp_1x,64,800230,800300,1,105956.6,105931.4,153.5000000000582,1842.0000000006985,inv,70.0,-0.13115660000001167,0.10595660000000001,5.0,ifvg_clean,0.001,-0.23711320000001168
2025-11,widen_sl_4x_tp_1x,65,807998,807998,-1,106189.0,106189.98031496063,0.9803149606299224,9.803149606299224,sl,0.0,-0.1071693149606305,0.106189,5.0,fvg,0.001,-0.2133583149606305
2025-11,widen_sl_4x_tp_1x,66,813686,813686,1,104988.8,104988.30405186386,0.4959481361426254,4.959481361426254,inv,0.0,-0.10548474813614388,0.10498880000000002,5.0,ifvg,0.001,-0.21047354813614388
2025-11,widen_sl_4x_tp_1x,67,813686,813686,1,105050.0,105049.00810372771,0.9918962722852508,9.918962722852507,sl,0.0,-0.1060418962722877,0.10505,5.0,ifvg,0.001,-0.2110918962722877
2025-11,widen_sl_4x_tp_1x,68,813689,813689,1,104927.6,104927.5,0.1,1.0,inv,0.0,-0.10502760000000583,0.10492760000000001,5.0,ifvg,0.001,-0.20995520000000584
2025-11,widen_sl_4x_tp_1x,69,816046,816046,1,105081.05,105080.56285347044,0.4871465295629801,4.871465295629801,inv,0.0,-0.10556819652955823,0.10508105000000001,5.0,ifvg,0.001,-0.21064924652955824
2025-11,widen_sl_4x_tp_1x,70,816046,816046,1,105100.0,105099.02570694087,0.9742930591259602,9.742930591259602,sl,0.0,-0.10607429305913103,0.10510000000000001,5.0,ifvg,0.001,-0.21117429305913105
2025-11,widen_sl_4x_tp_1x,71,816056,816056,1,105062.1,105062.0,0.1,1.0,inv,0.0,-0.10516210000000582,0.1050621,5.0,ifvg,0.001,-0.21022420000000583
2025-11,widen_sl_4x_tp_1x,72,816046,817272,-1,105068.7,105258.19999999997,189.4999999999709,2273.9999999996508,sl,1235.0,-0.29456869999997093,0.1050687,5.0,ifvg_clean,0.001,-0.39963739999997094
2025-11,widen_sl_4x_tp_1x,73,818823,818823,1,105345.05,105344.5656739812,0.48432601880877457,4.843260188087745,sl,0.0,-0.10582937601880632,0.10534505000000001,5.0,ifvg,0.001,-0.21117442601880632
2025-11,widen_sl_4x_tp_1x,74,818823,818823,1,105360.5,105359.53134796239,0.9686520376175491,9.68652037617549,sl,0.0,-0.10632915203761263,0.10536050000000001,5.0,ifvg,0.001,-0.21168965203761264
2025-11,widen_sl_4x_tp_1x,75,818823,818847,-1,105336.7,105361.0,154.4999999999709,1853.9999999996508,inv,24.0,-0.1296367000000029,0.10533669999999999,5.0,ifvg_clean,0.001,-0.23497340000000289
2025-11,widen_sl_4x_tp_1x,76,818936,818936,1,105329.6,105330.6,0.1,1.0,tp,0.0,-0.10432960000000001,0.10532960000000001,5.0,ifvg,0.001,-0.20965920000000002
2025-11,widen_sl_4x_tp_1x,77,813686,819450,-1,104936.4,105548.39999999997,611.9999999999709,7343.999999999651,sl,5827.0,-0.7169363999999709,0.1049364,5.0,ifvg_clean,0.001,-0.821872799999971
2025-11,widen_sl_4x_tp_1x,78,835871,835871,-1,105477.85,105478.34381953029,0.4938195302842123,4.938195302842123,inv,0.0,-0.10597166953028206,0.10547785000000001,5.0,ifvg,0.001,-0.21144951953028207
2025-11,widen_sl_4x_tp_1x,79,835871,835871,-1,105437.9,105438.88763906056,0.9876390605686045,9.876390605686044,sl,0.0,-0.10642553906056411,0.1054379,5.0,ifvg,0.001,-0.2118634390605641
2025-11,widen_sl_4x_tp_1x,80,836054,836054,-1,105517.8,105517.90000000001,0.1,1.0,inv,0.0,-0.10561780000000583,0.10551780000000001,5.0,ifvg,0.001,-0.21113560000000584
2025-11,widen_sl_4x_tp_1x,81,837374,837374,1,105825.1,105824.13003003004,0.9699699699699726,9.699699699699726,sl,0.0,-0.10679506996997042,0.1058251,5.0,ifvg,0.001,-0.2126201699699704
2025-11,widen_sl_4x_tp_1x,82,837374,837377,-1,105813.4,105825.6,161.50000000001455,1938.0000000001746,inv,3.0,-0.11801340000001165,0.1058134,5.0,ifvg_clean,0.001,-0.22382680000001165
2025-11,widen_sl_4x_tp_1x,83,837392,837392,1,105808.95000000001,105808.46501501503,0.4849849849852048,4.849849849852048,sl,0.0,-0.10629393498498521,0.10580895000000001,5.0,ifvg,0.001,-0.21210288498498522
2025-11,widen_sl_4x_tp_1x,84,837403,837403,1,105792.8,105793.8,0.1,1.0,tp,0.0,-0.1047928,0.1057928,5.0,ifvg,0.001,-0.2105856
2025-11,widen_sl_4x_tp_1x,85,849676,849676,1,106018.15,106017.66246882793,0.4875311720696413,4.875311720696413,inv,0.0,-0.10650568117206796,0.10601814999999999,5.0,ifvg,0.001,-0.21252383117206797
2025-11,widen_sl_4x_tp_1x,86,849676,849676,1,106037.7,106036.72493765586,0.9750623441396454,9.750623441396455,sl,0.0,-0.10701276234413595,0.1060377,5.0,ifvg,0.001,-0.21305046234413594
2025-11,widen_sl_4x_tp_1x,87,849711,849711,1,105998.6,105998.5,0.1,1.0,inv,0.0,-0.10609860000000583,0.10599860000000001,5.0,ifvg,0.001,-0.21209720000000584
2025-11,widen_sl_4x_tp_1x,88,849676,850156,-1,106003.3,106198.79999999996,195.49999999995634,2345.999999999476,sl,486.0,-0.30150329999995634,0.10600330000000001,5.0,ifvg_clean,0.001,-0.40750659999995636
2025-11,widen_sl_4x_tp_1x,89,854133,854138,-1,106781.6,106782.59162479063,0.9916247906197652,9.916247906197652,sl,5.0,-0.10777322479062217,0.10678160000000002,5.0,fvg,0.001,-0.21455482479062218
2025-11,widen_sl_4x_tp_1x,90,854544,854544,-1,106559.95,106560.44381953028,0.4938195302843012,4.938195302843012,inv,0.0,-0.10705376953028205,0.10655995,5.0,ifvg,0.001,-0.21361371953028205
2025-11,widen_sl_4x_tp_1x,91,854544,854544,-1,106520.0,106520.98763906056,0.9876390605686024,9.876390605686025,sl,0.0,-0.10750763906056411,0.10652,5.0,ifvg,0.001,-0.2140276390605641
2025-11,widen_sl_4x_tp_1x,92,854624,854624,-1,106599.9,106600.0,0.1,1.0,inv,0.0,-0.10669990000000582,0.1065999,5.0,ifvg,0.001,-0.2132998000000058
2025-11,widen_sl_4x_tp_1x,93,855941,855941,-1,106400.95,106401.43567335243,0.4856733524355277,4.856733524355278,sl,0.0,-0.10688662335243569,0.10640095,5.0,ifvg,0.001,-0.2132875733524357
2025-11,widen_sl_4x_tp_1x,94,855941,855941,-1,106384.0,106384.97134670487,0.9713467048710555,9.713467048710555,sl,0.0,-0.1073553467048714,0.106384,5.0,ifvg,0.001,-0.2137393467048714
2025-11,widen_sl_4x_tp_1x,95,855942,855942,-1,106417.9,106416.9,0.1,1.0,tp,0.0,-0.10541790000000001,0.10641790000000001,5.0,ifvg,0.001,-0.21183580000000002
2025-11,widen_sl_4x_tp_1x,96,855941,856152,1,106414.9,106383.5,169.4999999999709,2033.9999999996508,inv,212.0,-0.1378148999999942,0.1064149,5.0,ifvg_clean,0.001,-0.2442297999999942
2025-11,widen_sl_4x_tp_1x,97,854544,856487,1,106576.3,106176.80000000003,399.4999999999709,4793.999999999651,sl,1971.0,-0.5060762999999708,0.1065763,5.0,ifvg_clean,0.001,-0.6126525999999708
2025-11,widen_sl_4x_tp_1x,98,835871,860263,1,105512.7,105113.19999999995,399.50000000004366,4794.000000000524,sl,24783.0,-0.5050127000000436,0.1055127,5.0,ifvg_clean,0.001,-0.6105254000000436
2025-11,widen_sl_4x_tp_1x,99,861070,861070,1,105415.95000000001,105415.46199040768,0.4880095923263127,4.880095923263127,inv,0.0,-0.10590395959232904,0.10541595000000001,5.0,ifvg,0.001,-0.21131990959232905
2025-11,widen_sl_4x_tp_1x,100,861070,861070,1,105436.3,105435.32398081534,0.9760191846522764,9.760191846522764,sl,0.0,-0.10641231918465809,0.10543630000000001,5.0,ifvg,0.001,-0.21184861918465808
2025-11,widen_sl_4x_tp_1x,101,861287,861287,1,105395.6,105395.5,0.1,1.0,inv,0.0,-0.10549560000000582,0.1053956,5.0,ifvg,0.001,-0.21089120000000583
2025-11,widen_sl_4x_tp_1x,102,880992,880992,-1,105288.05,105288.53687664043,0.4868766404199495,4.868766404199495,inv,0.0,-0.10577492664042518,0.10528805,5.0,ifvg,0.001,-0.21106297664042517
2025-11,widen_sl_4x_tp_1x,103,880992,880992,-1,105269.5,105270.47375328084,0.973753280839899,9.73753280839899,sl,0.0,-0.10624325328083582,0.10526950000000002,5.0,ifvg,0.001,-0.21151275328083585
2025-11,widen_sl_4x_tp_1x,104,881080,881080,-1,105306.6,105306.70000000001,0.1,1.0,inv,0.0,-0.10540660000000582,0.1053066,5.0,ifvg,0.001,-0.21071320000000582
2025-11,widen_sl_4x_tp_1x,105,880992,883664,1,105304.8,105119.29999999997,185.5000000000291,2226.0000000003492,sl,2727.0,-0.2908048000000291,0.1053048,5.0,ifvg_clean,0.001,-0.39610960000002915
2025-11,widen_sl_4x_tp_1x,106,887934,887934,-1,104626.1,104627.08664886517,0.986648865153537,9.86648865153537,sl,0.0,-0.10561274886516055,0.10462610000000001,5.0,fvg,0.001,-0.21023884886516056
2025-11,widen_sl_4x_tp_1x,107,888288,888288,-1,104663.05,104663.54332443258,0.4933244325767685,4.933244325767685,sl,0.0,-0.10515637443258027,0.10466305000000001,5.0,fvg,0.001,-0.20981942443258028
2025-11,widen_sl_4x_tp_1x,108,895014,895014,1,104414.1,104413.122172949,0.9778270509977857,9.778270509977856,sl,0.0,-0.10539192705099963,0.10441410000000001,5.0,fvg,0.001,-0.20980602705099965
2025-11,widen_sl_4x_tp_1x,109,895017,895017,1,104392.05,104396.93913525499,0.48891352549889283,4.889135254988928,tp,0.0,-0.09950291474501646,0.10439205000000001,5.0,fvg,0.001,-0.20389496474501648
2025-11,widen_sl_4x_tp_1x,110,895062,895062,1,104370.0,104371.0,0.1,1.0,tp,0.0,-0.10337,0.10437,5.0,fvg,0.001,-0.20774
2025-11,widen_sl_4x_tp_1x,111,861070,904593,-1,105406.6,102964.60000000018,203.49999999998545,2441.9999999998254,tp,43915.0,2.336593399999826,0.10540660000000002,5.0,ifvg_clean,0.001,2.2311867999998256
2025-11,widen_sl_4x_tp_1x,112,957972,957972,1,104013.1,104012.11584786055,0.9841521394611741,9.84152139461174,sl,0.0,-0.10499725213945556,0.10401310000000001,5.0,fvg,0.001,-0.20901035213945557
2025-11,widen_sl_4x_tp_1x,113,958112,958112,1,103982.05,103981.55792393028,0.49207606973058704,4.92076069730587,sl,0.0,-0.10447412606972778,0.10398205,5.0,fvg,0.001,-0.20845617606972777
2025-11,widen_sl_4x_tp_1x,114,958120,958120,1,103951.0,103952.0,0.1,1.0,tp,0.0,-0.10295100000000001,0.10395100000000002,5.0,fvg,0.001,-0.20690200000000003
2025-11,widen_sl_4x_tp_1x,115,959640,959640,1,104260.0,104259.02915451895,0.9708454810495651,9.70845481049565,sl,0.0,-0.10523084548104614,0.10426,5.0,fvg,0.001,-0.20949084548104613
2025-11,widen_sl_4x_tp_1x,116,962181,962181,-1,104503.2,104504.18850574712,0.9885057471264368,9.885057471264368,sl,0.0,-0.10549170574712559,0.10450319999999999,5.0,fvg,0.001,-0.2099949057471256
2025-11,widen_sl_4x_tp_1x,117,962826,962826,-1,104546.2,104541.25747126437,0.4942528735632184,4.942528735632184,tp,0.0,-0.099603671264372,0.1045462,5.0,fvg,0.001,-0.204149871264372
2025-11,widen_sl_4x_tp_1x,118,962842,962842,-1,104589.2,104588.2,0.1,1.0,tp,0.0,-0.1035892,0.10458920000000001,5.0,fvg,0.001,-0.2081784
2025-11,widen_sl_4x_tp_1x,119,965616,965616,-1,104796.3,104796.79579831933,0.49579831932773105,4.95798319327731,inv,0.0,-0.1052920983193308,0.10479630000000001,5.0,ifvg,0.001,-0.2100883983193308
2025-11,widen_sl_4x_tp_1x,120,965616,965616,-1,104737.3,104738.29159663866,0.9915966386554621,9.91596638655462,sl,0.0,-0.10572889663866158,0.1047373,5.0,ifvg,0.001,-0.2104661966386616
2025-11,widen_sl_4x_tp_1x,121,965959,965959,-1,104855.3,104855.40000000001,0.1,1.0,inv,0.0,-0.10495530000000582,0.1048553,5.0,ifvg,0.001,-0.20981060000000581
2025-11,widen_sl_4x_tp_1x,122,965616,980001,1,104850.1,104260.1,590.0,7080.0,sl,14391.0,-0.6948501,0.10485010000000002,5.0,ifvg_clean,0.001,-0.7997002000000001
2025-11,widen_sl_4x_tp_1x,123,992020,992020,1,101625.35,101624.87164502165,0.4783549783552851,4.783549783552851,sl,0.0,-0.1021037049783606,0.10162535000000002,5.0,ifvg,0.001,-0.20372905497836064
2025-11,widen_sl_4x_tp_1x,124,992020,992020,1,101636.4,101635.44329004329,0.9567099567099403,9.567099567099403,sl,0.0,-0.10259310995670662,0.1016364,5.0,ifvg,0.001,-0.20422950995670663
2025-11,widen_sl_4x_tp_1x,125,992021,992021,1,101614.3,101615.3,0.1,1.0,tp,0.0,-0.1006143,0.1016143,5.0,ifvg,0.001,-0.2022286
2025-11,widen_sl_4x_tp_1x,126,992020,992445,-1,101624.8,101636.9,110.49999999995634,1325.9999999994761,inv,428.0,-0.11372479999999129,0.10162480000000002,5.0,ifvg_clean,0.001,-0.21534959999999131
2025-11,widen_sl_4x_tp_1x,127,1000090,1000090,1,101482.0,101481.9,0.1,1.0,sl,0.0,-0.10158200000000582,0.101482,5.0,ifvg,0.001,-0.20306400000000582
2025-11,widen_sl_4x_tp_1x,128,1000090,1000090,1,101521.7,101521.20621890547,0.49378109452736274,4.937810945273627,sl,0.0,-0.10201548109452663,0.10152169999999999,5.0,ifvg,0.001,-0.20353718109452662
2025-11,widen_sl_4x_tp_1x,129,1000090,1000090,1,101561.4,101560.41243781094,0.9875621890547255,9.875621890547254,sl,0.0,-0.10254896218905328,0.1015614,5.0,ifvg,0.001,-0.20411036218905326
2025-11,widen_sl_4x_tp_1x,130,1000090,1000230,-1,101482.0,101561.9,396.9999999999709,4763.999999999651,inv,140.0,-0.1813819999999942,0.101482,5.0,ifvg_clean,0.001,-0.2828639999999942
2025-11,widen_sl_4x_tp_1x,131,1066641,1066641,-1,102446.2,102446.3,0.1,1.0,inv,0.0,-0.10254620000000582,0.1024462,5.0,ifvg,0.001,-0.20499240000000582
2025-11,widen_sl_4x_tp_1x,132,1066641,1066641,-1,102345.5,102345.99752964427,0.49752964426877466,4.975296442687746,sl,0.0,-0.10284302964427171,0.1023455,5.0,ifvg,0.001,-0.2051885296442717
2025-11,widen_sl_4x_tp_1x,133,1066641,1066641,-1,102244.8,102245.79505928855,0.9950592885375493,9.950592885375492,sl,0.0,-0.10323985928854343,0.10224480000000001,5.0,ifvg,0.001,-0.20548465928854343
2025-11,widen_sl_4x_tp_1x,134,1066913,1066913,1,102491.45000000001,102490.96706484642,0.48293515358386774,4.829351535838677,sl,0.0,-0.1029743851535882,0.10249145000000001,5.0,ifvg,0.001,-0.2054658351535882
2025-11,widen_sl_4x_tp_1x,135,1066913,1066913,1,102505.6,102504.63412969284,0.9658703071672389,9.658703071672388,sl,0.0,-0.10347147030716182,0.1025056,5.0,ifvg,0.001,-0.20597707030716184
2025-11,widen_sl_4x_tp_1x,136,1066919,1066919,1,102477.3,102478.3,0.1,1.0,tp,0.0,-0.1014773,0.10247730000000001,5.0,ifvg,0.001,-0.2039546
2025-11,widen_sl_4x_tp_1x,137,1066913,1066922,-1,102478.0,102506.1,141.50000000001455,1698.0000000001746,inv,9.0,-0.13057800000000583,0.10247800000000001,5.0,ifvg_clean,0.001,-0.23305600000000584
2025-11,widen_sl_4x_tp_1x,138,1067252,1067252,1,102595.1,102594.11543209877,0.9845679012345686,9.845679012345686,sl,0.0,-0.10357966790123602,0.10259510000000001,5.0,fvg,0.001,-0.206174767901236
2025-11,widen_sl_4x_tp_1x,139,1067267,1067267,1,102563.20000000001,102562.7077160494,0.4922839506173966,4.9228395061739665,sl,0.0,-0.103055483950618,0.10256320000000001,5.0,fvg,0.001,-0.205618683950618
2025-11,widen_sl_4x_tp_1x,140,1067300,1067300,1,102531.3,102532.3,0.1,1.0,tp,0.0,-0.1015313,0.1025313,5.0,fvg,0.001,-0.2040626
2025-11,widen_sl_4x_tp_1x,141,1068283,1068283,-1,101931.55,101932.04219968799,0.49219968798752023,4.921996879875202,sl,0.0,-0.10242374968798572,0.10193155000000001,5.0,fvg,0.001,-0.20435529968798571
2025-11,widen_sl_4x_tp_1x,142,1068283,1068283,-1,101900.0,101900.98439937597,0.9843993759750405,9.843993759750404,sl,0.0,-0.10288439937597141,0.1019,5.0,fvg,0.001,-0.20478439937597143
2025-11,widen_sl_4x_tp_1x,143,1068355,1068355,-1,101963.1,101962.1,0.1,1.0,tp,0.0,-0.10096310000000001,0.10196310000000001,5.0,fvg,0.001,-0.20292620000000003
2025-11,widen_sl_4x_tp_1x,144,1068622,1068622,1,101845.7,101845.01054216867,0.6894578313253005,5.417168674698789,inv,0.0,-0.10253515783132221,0.1018457,5.0,ifvg,0.001,-0.2043808578313222
2025-11,widen_sl_4x_tp_1x,145,1068622,1068622,1,101878.4,101877.02108433735,1.378915662650601,10.834337349397577,sl,0.0,-0.10325731566264444,0.10187840000000001,5.0,ifvg,0.001,-0.20513571566264444
2025-11,widen_sl_4x_tp_1x,146,1068626,1068626,1,101813.0,101812.86,0.14000000000000004,1.1,inv,0.0,-0.10195299999999942,0.101813,5.0,ifvg,0.001,-0.20376599999999942
2025-11,widen_sl_4x_tp_1x,147,1066641,1068936,1,102446.1,101439.10000000003,1006.9999999999709,12083.99999999965,sl,2295.0,-1.109446099999971,0.1024461,5.0,ifvg_clean,0.001,-1.211892199999971
2025-11,widen_sl_4x_tp_1x,148,1071754,1071754,1,101002.70000000001,101002.21358695654,0.48641304347845965,4.864130434784596,inv,0.0,-0.10148911304347258,0.10100270000000001,5.0,ifvg,0.001,-0.20249181304347258
2025-11,widen_sl_4x_tp_1x,149,1071754,1071754,1,101020.6,101019.62717391305,0.972826086956524,9.72826086956524,sl,0.0,-0.10199342608695969,0.1010206,5.0,ifvg,0.001,-0.20301402608695968
2025-11,widen_sl_4x_tp_1x,150,1071764,1071764,1,100984.8,100984.7,0.1,1.0,inv,0.0,-0.10108480000000583,0.10098480000000001,5.0,ifvg,0.001,-0.20206960000000584
2025-11,widen_sl_4x_tp_1x,151,1071754,1071844,-1,100996.8,101175.80000000002,179.00000000001455,2148.0000000001746,sl,90.0,-0.2799968000000146,0.10099680000000001,5.0,ifvg_clean,0.001,-0.3809936000000146
2025-11,widen_sl_4x_tp_1x,152,1073080,1073080,1,100807.05,100806.55945179584,0.4905482041587892,4.9054820415878915,inv,0.0,-0.10129759820416497,0.10080705000000001,5.0,ifvg,0.001,-0.20210464820416496
2025-11,widen_sl_4x_tp_1x,153,1073080,1073080,1,100833.0,100832.01890359168,0.9810964083175784,9.810964083175783,sl,0.0,-0.10181409640831536,0.100833,5.0,ifvg,0.001,-0.20264709640831535
2025-11,widen_sl_4x_tp_1x,154,1073083,1073083,1,100781.1,100781.0,0.1,1.0,inv,0.0,-0.10088110000000583,0.10078110000000001,5.0,ifvg,0.001,-0.20166220000000584
2025-11,widen_sl_4x_tp_1x,155,1075304,1075304,1,100433.95000000001,100433.47304147466,0.4769585253459543,4.769585253459542,inv,0.0,-0.10091090852535253,0.10043395000000001,5.0,ifvg,0.001,-0.20134485852535255
2025-11,widen_sl_4x_tp_1x,156,1075304,1075304,1,100444.3,100443.34608294931,0.953917050691238,9.53917050691238,sl,0.0,-0.1013982170506905,0.1004443,5.0,ifvg,0.001,-0.2018425170506905
2025-11,widen_sl_4x_tp_1x,157,1075319,1075319,1,100423.6,100423.5,0.1,1.0,inv,0.0,-0.10052360000000583,0.10042360000000002,5.0,ifvg,0.001,-0.20094720000000585
2025-11,widen_sl_4x_tp_1x,158,1075345,1075345,1,100372.8,100371.81869158879,0.9813084112149532,9.813084112149532,sl,0.0,-0.10135410841121019,0.1003728,5.0,fvg,0.001,-0.2017269084112102
2025-11,widen_sl_4x_tp_1x,159,1075373,1075373,1,100346.55,100351.45654205608,0.4906542056074766,4.906542056074766,tp,0.0,-0.09544000794391994,0.10034655,5.0,fvg,0.001,-0.19578655794391994
2025-11,widen_sl_4x_tp_1x,160,1075483,1075483,1,100320.3,100321.3,0.1,1.0,tp,0.0,-0.0993203,0.1003203,5.0,fvg,0.001,-0.1996406
2025-11,widen_sl_4x_tp_1x,161,1076622,1076622,-1,99901.6,99902.58708010336,0.9870801033591722,9.870801033591722,sl,0.0,-0.10088868010335396,0.09990160000000001,5.0,fvg,0.001,-0.20079028010335398
2025-11,widen_sl_4x_tp_1x,162,1076631,1076631,1,99870.0,99869.9,0.1,1.0,inv,0.0,-0.09997000000000582,0.09987,5.0,ifvg,0.001,-0.19984000000000582
2025-11,widen_sl_4x_tp_1x,163,1076631,1076631,1,99882.9,99882.41865671641,0.48134328358182016,4.813432835818202,sl,0.0,-0.10036424328357992,0.0998829,5.0,ifvg,0.001,-0.2002471432835799
2025-11,widen_sl_4x_tp_1x,164,1076631,1076631,1,99895.8,99894.83731343284,0.9626865671641832,9.626865671641832,sl,0.0,-0.10085848656715984,0.0998958,5.0,ifvg,0.001,-0.20075428656715985
2025-11,widen_sl_4x_tp_1x,165,1075304,1077989,-1,100431.3,99189.30000000018,103.49999999998545,1241.9999999998254,tp,2686.0,1.1415686999998254,0.10043130000000002,5.0,ifvg_clean,0.001,1.0411373999998252
2025-11,widen_sl_4x_tp_1x,166,1076631,1079199,-1,99881.3,98333.29999999983,129.00000000001455,1548.0000000001746,tp,2568.0,1.4481187000001745,0.0998813,5.0,ifvg_clean,0.001,1.3482374000001744
2025-11,widen_sl_4x_tp_1x,167,1083578,1083578,1,98712.2,98711.24329004329,0.9567099567099403,9.567099567099403,sl,0.0,-0.09966890995670662,0.0987122,5.0,ifvg,0.001,-0.1983811099567066
2025-11,widen_sl_4x_tp_1x,168,1083578,1083578,-1,98707.8,98712.7,110.49999999995634,1325.9999999994761,inv,0.0,-0.10360779999999419,0.09870780000000001,5.0,ifvg_clean,0.001,-0.2023155999999942
2025-11,widen_sl_4x_tp_1x,169,1083584,1083584,1,98701.15,98705.93354978354,0.4783549783546552,4.783549783546552,tp,0.0,-0.09391760021645236,0.09870115,5.0,ifvg,0.001,-0.19261875021645236
2025-11,widen_sl_4x_tp_1x,170,1083619,1083619,1,98690.1,98691.1,0.1,1.0,tp,0.0,-0.0976901,0.0986901,5.0,ifvg,0.001,-0.1963802
2025-11,widen_sl_4x_tp_1x,171,1086945,1086945,-1,98499.45000000001,98499.94085923219,0.4908592321753692,4.908592321753692,sl,0.0,-0.09899030923217356,0.09849945000000002,5.0,ifvg,0.001,-0.19748975923217357
2025-11,widen_sl_4x_tp_1x,172,1086945,1086945,-1,98472.6,98473.58171846435,0.9817184643510045,9.817184643510044,sl,0.0,-0.09945431846434709,0.09847260000000002,5.0,ifvg,0.001,-0.19792691846434712
2025-11,widen_sl_4x_tp_1x,173,1086945,1086950,1,98524.0,98472.1,268.49999999998545,3221.9999999998254,inv,5.0,-0.15042399999999417,0.098524,5.0,ifvg_clean,0.001,-0.24894799999999417
2025-11,widen_sl_4x_tp_1x,174,1086997,1086997,-1,98526.3,98525.3,0.1,1.0,tp,0.0,-0.09752630000000001,0.09852630000000001,5.0,ifvg,0.001,-0.19605260000000002
2025-11,widen_sl_4x_tp_1x,175,1088159,1088159,1,98380.0,98379.02169197398,0.9783080260303716,9.783080260303716,inv,0.0,-0.09935830802602402,0.09838,5.0,ifvg,0.001,-0.19773830802602402
2025-11,widen_sl_4x_tp_1x,176,1088196,1088196,1,98357.45,98356.96084598698,0.4891540130151858,4.891540130151858,inv,0.0,-0.09884660401301928,0.09835745,5.0,ifvg,0.001,-0.19720405401301927
2025-11,widen_sl_4x_tp_1x,177,1088197,1088197,1,98334.9,98334.79999999999,0.1,1.0,inv,0.0,-0.0984349000000058,0.09833489999999999,5.0,ifvg,0.001,-0.1967698000000058
2025-11,widen_sl_4x_tp_1x,178,1088159,1088321,-1,98363.1,98588.60000000003,225.5000000000291,2706.0000000003492,sl,162.0,-0.32386310000002916,0.09836310000000001,5.0,ifvg_clean,0.001,-0.4222262000000292
2025-11,widen_sl_4x_tp_1x,179,1095191,1095191,-1,99598.95,99599.44276410998,0.49276410998552883,4.927641099855288,inv,0.0,-0.10009171410997846,0.09959895,5.0,ifvg,0.001,-0.19969066410997846
2025-11,widen_sl_4x_tp_1x,180,1095191,1095191,-1,99564.9,99565.88552821997,0.9855282199710577,9.855282199710576,sl,0.0,-0.10055042821997145,0.0995649,5.0,ifvg,0.001,-0.20011532821997147
2025-11,widen_sl_4x_tp_1x,181,1095235,1095235,-1,99633.0,99633.1,0.1,1.0,inv,0.0,-0.09973300000000582,0.099633,5.0,ifvg,0.001,-0.19936600000000582
2025-11,widen_sl_4x_tp_1x,182,1095191,1098941,1,99617.7,99277.19999999997,340.5000000000291,4086.0000000003492,sl,3751.0,-0.44011770000002914,0.0996177,5.0,ifvg_clean,0.001,-0.5397354000000292
2025-11,widen_sl_4x_tp_1x,183,1105163,1105163,-1,99400.0,99400.1,0.1,1.0,inv,0.0,-0.09950000000000582,0.0994,5.0,ifvg,0.001,-0.19890000000000582
2025-11,widen_sl_4x_tp_1x,184,1105163,1105163,-1,99378.0,99378.48888888888,0.48888888888888893,4.888888888888889,sl,0.0,-0.09986688888888179,0.09937800000000001,5.0,ifvg,0.001,-0.1992448888888818
2025-11,widen_sl_4x_tp_1x,185,1105163,1105163,-1,99356.0,99356.97777777778,0.9777777777777779,9.777777777777779,sl,0.0,-0.10033377777777812,0.09935600000000001,5.0,ifvg,0.001,-0.19968977777777813
2025-11,widen_sl_4x_tp_1x,186,1105163,1105293,1,99397.1,99177.1,220.0,2640.0,sl,132.0,-0.3193971,0.09939710000000002,5.0,ifvg_clean,0.001,-0.4187942
2025-11,widen_sl_4x_tp_1x,187,1106082,1106082,-1,99537.0,99537.1,0.1,1.0,inv,0.0,-0.09963700000000583,0.09953700000000001,5.0,ifvg,0.001,-0.19917400000000585
2025-11,widen_sl_4x_tp_1x,188,1106082,1106082,-1,99520.4,99520.88538011695,0.48538011695927585,4.853801169592758,sl,0.0,-0.10000578011695199,0.0995204,5.0,ifvg,0.001,-0.199526180116952
2025-11,widen_sl_4x_tp_1x,189,1106082,1106082,-1,99503.8,99504.77076023392,0.9707602339181262,9.707602339181262,sl,0.0,-0.10047456023391856,0.0995038,5.0,ifvg,0.001,-0.19997836023391857
2025-11,widen_sl_4x_tp_1x,190,1106082,1106189,1,99539.8,99373.80000000002,165.99999999998545,1991.9999999998254,sl,108.0,-0.26553979999998545,0.0995398,5.0,ifvg_clean,0.001,-0.36507959999998546
2025-11,widen_sl_4x_tp_1x,191,1109709,1109709,1,99306.75,99306.25917431193,0.49082568807339455,4.908256880733946,inv,0.0,-0.09979757568807354,0.09930675000000001,5.0,ifvg,0.001,-0.19910432568807357
2025-11,widen_sl_4x_tp_1x,192,1109709,1109709,1,99333.5,99332.51834862385,0.9816513761467891,9.816513761467892,sl,0.0,-0.10031515137614706,0.0993335,5.0,ifvg,0.001,-0.19964865137614707
2025-11,widen_sl_4x_tp_1x,193,1109717,1109717,1,99280.0,99281.0,0.1,1.0,tp,0.0,-0.09828,0.09928000000000001,5.0,ifvg,0.001,-0.19756
2025-11,widen_sl_4x_tp_1x,194,1112899,1112899,1,99116.6,99116.12293577981,0.47706422018382305,4.77064220183823,inv,0.0,-0.09959366422019111,0.09911660000000001,5.0,ifvg,0.001,-0.1987102642201911
2025-11,widen_sl_4x_tp_1x,195,1112899,1112899,1,99127.0,99126.04587155963,0.9541284403669786,9.541284403669787,sl,0.0,-0.10008112844036764,0.09912699999999999,5.0,ifvg,0.001,-0.19920812844036762
2025-11,widen_sl_4x_tp_1x,196,1112902,1112902,1,99106.2,99106.09999999999,0.1,1.0,inv,0.0,-0.09920620000000582,0.0991062,5.0,ifvg,0.001,-0.19831240000000583
2025-11,widen_sl_4x_tp_1x,197,1068622,1114905,-1,101815.5,97891.50000000035,326.9999999999709,3923.9999999996508,tp,46446.0,3.822184499999651,0.1018155,5.0,ifvg_clean,0.001,3.720368999999651
2025-11,widen_sl_4x_tp_1x,198,1112899,1114907,-1,99106.9,97858.89999999982,104.00000000001455,1248.0000000001746,tp,2025.0,1.1488931000001747,0.0991069,5.0,ifvg_clean,0.001,1.0497862000001748
2025-11,widen_sl_4x_tp_1x,199,1073080,1114911,-1,100791.8,97677.80000000035,259.4999999999709,3113.9999999996508,tp,41994.0,3.0132081999996507,0.10079180000000001,5.0,ifvg_clean,0.001,2.9124163999996506
2025-11,widen_sl_4x_tp_1x,200,1115590,1115590,1,97818.3,97818.2,0.1,1.0,inv,0.0,-0.09791830000000583,0.09781830000000001,5.0,ifvg,0.001,-0.19573660000000584
2025-11,widen_sl_4x_tp_1x,201,1115590,1115590,1,97856.75,97856.25641848524,0.49358151476251555,4.9358151476251555,sl,0.0,-0.09835033151476191,0.09785675,5.0,ifvg,0.001,-0.1962070815147619
2025-11,widen_sl_4x_tp_1x,202,1115590,1115590,1,97895.2,97894.21283697047,0.9871630295250311,9.871630295250311,sl,0.0,-0.0988823630295238,0.0978952,5.0,ifvg,0.001,-0.19677756302952382
2025-11,widen_sl_4x_tp_1x,203,1109709,1122925,-1,99283.8,96073.8,267.5,3210.0,tp,13283.0,3.1107162,0.0992838,5.0,ifvg_clean,0.001,3.0114324000000003
2025-11,widen_sl_4x_tp_1x,204,1132470,1132470,1,97098.95,97098.45959692898,0.49040307101727554,4.904030710172755,sl,0.0,-0.09758935307101678,0.09709895,5.0,ifvg,0.001,-0.19468830307101678
2025-11,widen_sl_4x_tp_1x,205,1132470,1132470,1,97124.5,97123.51919385797,0.9808061420345511,9.80806142034551,sl,0.0,-0.09810530614203354,0.0971245,5.0,ifvg,0.001,-0.19522980614203356
2025-11,widen_sl_4x_tp_1x,206,1132474,1132474,1,97073.4,97074.4,0.1,1.0,tp,0.0,-0.09607339999999999,0.09707339999999999,5.0,ifvg,0.001,-0.19314679999999998
2025-11,widen_sl_4x_tp_1x,207,1132470,1132560,-1,97077.4,97125.0,255.5000000000291,3066.0000000003492,inv,90.0,-0.1446774000000058,0.0970774,5.0,ifvg_clean,0.001,-0.24175480000000582
2025-11,widen_sl_4x_tp_1x,208,1133022,1133022,-1,96893.3,96893.79007936508,0.49007936507936395,4.90079365079364,sl,0.0,-0.09738337936507407,0.09689330000000002,5.0,ifvg,0.001,-0.1942766793650741
2025-11,widen_sl_4x_tp_1x,209,1133022,1133022,-1,96868.6,96869.58015873017,0.9801587301587279,9.80158730158728,sl,0.0,-0.09784875873016267,0.09686860000000001,5.0,ifvg,0.001,-0.1947173587301627
2025-11,widen_sl_4x_tp_1x,210,1133022,1133024,1,96901.7,96868.1,246.9999999999709,2963.9999999996508,inv,2.0,-0.13050169999999128,0.09690170000000001,5.0,ifvg_clean,0.001,-0.2274033999999913
2025-11,widen_sl_4x_tp_1x,211,1133153,1133153,-1,96918.0,96917.0,0.1,1.0,tp,0.0,-0.095918,0.096918,5.0,ifvg,0.001,-0.192836
2025-11,widen_sl_4x_tp_1x,212,1139444,1139444,1,96625.0,96624.9,0.1,1.0,inv,0.0,-0.09672500000000582,0.096625,5.0,ifvg,0.001,-0.19335000000000582
2025-11,widen_sl_4x_tp_1x,213,1139444,1139444,1,96636.45,96635.97092050209,0.4790794979079447,4.790794979079447,sl,0.0,-0.09711552949790533,0.09663645,5.0,ifvg,0.001,-0.19375197949790535
2025-11,widen_sl_4x_tp_1x,214,1139444,1139444,1,96647.9,96646.94184100418,0.9581589958158894,9.581589958158894,sl,0.0,-0.09760605899581065,0.0966479,5.0,ifvg,0.001,-0.19425395899581066
2025-11,widen_sl_4x_tp_1x,215,1139444,1143616,-1,96622.3,95248.30000000035,114.4999999999709,1373.9999999996508,tp,4172.0,1.277377699999651,0.09662230000000001,5.0,ifvg_clean,0.001,1.180755399999651
2025-11,widen_sl_4x_tp_1x,216,1158467,1158467,1,97173.5,97173.4,0.1,1.0,sl,0.0,-0.09727350000000583,0.09717350000000001,5.0,ifvg,0.001,-0.19444700000000584
2025-11,widen_sl_4x_tp_1x,217,1158467,1158467,1,97187.6,97187.11712328768,0.4828767123290146,4.828767123290146,sl,0.0,-0.09767047671232537,0.0971876,5.0,ifvg,0.001,-0.19485807671232536
2025-11,widen_sl_4x_tp_1x,218,1158467,1158467,1,97201.7,97200.73424657535,0.9657534246575308,9.657534246575308,sl,0.0,-0.09816745342465076,0.0972017,5.0,ifvg,0.001,-0.19536915342465078
2025-11,widen_sl_4x_tp_1x,219,1158467,1158962,-1,97165.0,97202.2,140.99999999998545,1691.9999999998254,inv,496.0,-0.1343649999999971,0.097165,5.0,ifvg_clean,0.001,-0.2315299999999971
2025-11,widen_sl_4x_tp_1x,220,1239419,1239419,1,96339.7,96339.21050420168,0.489495798319329,4.89495798319329,sl,0.0,-0.0968291957983197,0.0963397,5.0,ifvg,0.001,-0.1931688957983197
2025-11,widen_sl_4x_tp_1x,221,1239419,1239419,1,96363.0,96362.02100840336,0.978991596638658,9.78991596638658,sl,0.0,-0.0973419915966394,0.096363,5.0,ifvg,0.001,-0.1937049915966394
2025-11,widen_sl_4x_tp_1x,222,1239425,1239425,1,96316.4,96317.4,0.1,1.0,tp,0.0,-0.09531640000000001,0.09631640000000001,5.0,ifvg,0.001,-0.19163280000000002
2025-11,widen_sl_4x_tp_1x,223,1295285,1295285,1,95999.3,95998.80448028674,0.495519713261649,4.95519713261649,sl,0.0,-0.09649481971326583,0.09599930000000001,5.0,ifvg,0.001,-0.19249411971326585
2025-11,widen_sl_4x_tp_1x,224,1295285,1295285,1,96054.6,96053.60896057349,0.991039426523298,9.91039426523298,sl,0.0,-0.09704563942651709,0.0960546,5.0,ifvg,0.001,-0.1931002394265171
2025-11,widen_sl_4x_tp_1x,225,1295385,1295385,1,95944.0,95945.0,0.1,1.0,tp,0.0,-0.094944,0.095944,5.0,ifvg,0.001,-0.190888
2025-11,widen_sl_4x_tp_1x,226,1295285,1298192,-1,95949.0,96055.1,553.0000000000291,6636.000000000349,inv,3017.0,-0.20204900000000584,0.095949,5.0,ifvg_clean,0.001,-0.29799800000000587
2025-11,widen_sl_4x_tp_1x,227,1239419,1301378,-1,96324.4,96363.5,233.0000000000291,2796.0000000003492,inv,66079.0,-0.13542440000000583,0.0963244,5.0,ifvg_clean,0.001,-0.23174880000000583
2025-11,widen_sl_4x_tp_1x,228,1312892,1312892,1,95601.5,95601.4,0.1,1.0,inv,0.0,-0.09570150000000582,0.0956015,5.0,ifvg,0.001,-0.19130300000000583
2025-11,widen_sl_4x_tp_1x,229,1312892,1312892,1,95615.1,95614.61773049647,0.48226950354635545,4.822695035463554,sl,0.0,-0.09609736950354002,0.09561510000000001,5.0,ifvg,0.001,-0.19171246950354004
2025-11,widen_sl_4x_tp_1x,230,1312892,1312892,1,95628.7,95627.7354609929,0.9645390070921949,9.645390070921948,sl,0.0,-0.09659323900709457,0.0956287,5.0,ifvg,0.001,-0.19222193900709456
2025-11,widen_sl_4x_tp_1x,231,1312892,1313005,-1,95592.6,95728.59999999999,135.99999999998545,1631.9999999998254,sl,114.0,-0.23159259999998544,0.0955926,5.0,ifvg_clean,0.001,-0.3271851999999854
2025-11,widen_sl_4x_tp_1x,232,1115590,1344338,-1,97835.9,93221.90000000034,384.4999999999709,4613.999999999651,tp,234910.0,4.516164099999651,0.0978359,5.0,ifvg_clean,0.001,4.418328199999651
2025-11,widen_sl_4x_tp_1x,233,1354451,1354451,1,94679.7,94679.2096153846,0.4903846153846154,4.903846153846154,sl,0.0,-0.09517008461539021,0.0946797,5.0,ifvg,0.001,-0.1898497846153902
2025-11,widen_sl_4x_tp_1x,234,1354451,1354451,1,94705.2,94704.21923076923,0.9807692307692308,9.807692307692308,sl,0.0,-0.09568596923076587,0.0947052,5.0,ifvg,0.001,-0.19039116923076588
2025-11,widen_sl_4x_tp_1x,235,1354451,1354462,-1,94659.3,94705.7,255.0,3060.0,inv,11.0,-0.14105929999999417,0.0946593,5.0,ifvg_clean,0.001,-0.23571859999999417
2025-11,widen_sl_4x_tp_1x,236,1354537,1354537,-1,94877.7,94877.8,0.1,1.0,inv,0.0,-0.09497770000000583,0.09487770000000001,5.0,ifvg,0.001,-0.18985540000000584
2025-11,widen_sl_4x_tp_1x,237,1354537,1354537,-1,94866.04999999999,94866.5294238683,0.4794238683130591,4.794238683130591,sl,0.0,-0.09534547386830981,0.09486605,5.0,ifvg,0.001,-0.1902115238683098
2025-11,widen_sl_4x_tp_1x,238,1354537,1354537,-1,94854.4,94855.35884773661,0.9588477366255194,9.588477366255194,sl,0.0,-0.09581324773661964,0.0948544,5.0,ifvg,0.001,-0.19066764773661965
2025-11,widen_sl_4x_tp_1x,239,1354537,1358198,1,94882.3,94765.79999999999,116.50000000001455,1398.0000000001746,sl,3713.0,-0.21138230000001457,0.0948823,5.0,ifvg_clean,0.001,-0.30626460000001454
2025-11,widen_sl_4x_tp_1x,240,1381472,1381472,1,95751.4,95750.91196172248,0.4880382775117885,4.880382775117885,sl,0.0,-0.09623943827751542,0.09575139999999999,5.0,ifvg,0.001,-0.1919908382775154
2025-11,widen_sl_4x_tp_1x,241,1381472,1381472,1,95771.8,95770.82392344497,0.9760765550239251,9.76076555023925,sl,0.0,-0.09674787655503089,0.0957718,5.0,ifvg,0.001,-0.19251967655503088
2025-11,widen_sl_4x_tp_1x,242,1381472,1381481,-1,95747.5,95772.3,204.00000000001455,2448.0000000001746,inv,9.0,-0.12054750000000292,0.0957475,5.0,ifvg_clean,0.001,-0.2162950000000029
2025-11,widen_sl_4x_tp_1x,243,1381555,1381555,1,95731.0,95732.0,0.1,1.0,tp,0.0,-0.09473100000000001,0.09573100000000001,5.0,ifvg,0.001,-0.19046200000000002
2025-11,widen_sl_4x_tp_1x,244,1403745,1403745,-1,95304.2,95304.3,0.1,1.0,inv,0.0,-0.09540420000000581,0.09530419999999999,5.0,ifvg,0.001,-0.1907084000000058
2025-11,widen_sl_4x_tp_1x,245,1403745,1403745,-1,95270.75,95271.24263622976,0.49263622974963117,4.926362297496311,sl,0.0,-0.09576338622975561,0.09527075000000002,5.0,ifvg,0.001,-0.19103413622975562
2025-11,widen_sl_4x_tp_1x,246,1403745,1403745,-1,95237.3,95238.2852724595,0.9852724594992623,9.852724594992623,sl,0.0,-0.09622257245949664,0.09523730000000001,5.0,ifvg,0.001,-0.19145987245949664
2025-11,widen_sl_4x_tp_1x,247,1403745,1403936,1,95304.8,94970.30000000003,334.4999999999709,4013.9999999996508,sl,191.0,-0.4298047999999709,0.09530480000000001,5.0,ifvg_clean,0.001,-0.5251095999999709
2025-11,widen_sl_4x_tp_1x,248,1408035,1408035,1,93729.45,93728.95297796307,0.497022036926742,4.9702203692674205,inv,0.0,-0.09422647203692869,0.09372945,5.0,ifvg,0.001,-0.18795592203692868
2025-11,widen_sl_4x_tp_1x,249,1408035,1408035,1,93812.9,93811.90595592614,0.994044073853484,9.940440738534841,sl,0.0,-0.09480694407385737,0.0938129,5.0,ifvg,0.001,-0.18861984407385737
2025-11,widen_sl_4x_tp_1x,250,1408042,1408042,1,93646.0,93645.9,0.1,1.0,inv,0.0,-0.09374600000000582,0.09364600000000001,5.0,ifvg,0.001,-0.18739200000000583
2025-11,widen_sl_4x_tp_1x,251,1411077,1411077,-1,94382.2,94383.18546511627,0.9854651162790704,9.854651162790704,sl,0.0,-0.09536766511627501,0.0943822,5.0,fvg,0.001,-0.189749865116275
2025-11,widen_sl_4x_tp_1x,252,1450615,1450615,1,90737.25,90736.76026694046,0.489733059548257,4.89733059548257,inv,0.0,-0.09122698305954133,0.09073725,5.0,ifvg,0.001,-0.18196423305954135
2025-11,widen_sl_4x_tp_1x,253,1450615,1450615,1,90761.1,90760.12053388091,0.979466119096514,9.79466119096514,sl,0.0,-0.09174056611909721,0.09076110000000001,5.0,ifvg,0.001,-0.18250166611909724
2025-11,widen_sl_4x_tp_1x,254,1450805,1450805,1,90713.4,90713.29999999999,0.1,1.0,inv,0.0,-0.09081340000000582,0.0907134,5.0,ifvg,0.001,-0.18152680000000582
2025-11,widen_sl_4x_tp_1x,255,1450615,1466534,-1,90717.1,90955.60000000006,238.5000000000582,2862.0000000006985,sl,15924.0,-0.3292171000000582,0.09071710000000001,5.0,ifvg_clean,0.001,-0.4199342000000582
2025-11,widen_sl_4x_tp_1x,256,1496387,1496387,-1,93586.7,93586.8,0.1,1.0,inv,0.0,-0.09368670000000581,0.0935867,5.0,ifvg,0.001,-0.1872734000000058
2025-11,widen_sl_4x_tp_1x,257,1496387,1496387,-1,93568.35,93568.83673740053,0.48673740053030995,4.867374005303099,sl,0.0,-0.09405508740052619,0.09356835000000001,5.0,ifvg,0.001,-0.1876234374005262
2025-11,widen_sl_4x_tp_1x,258,1496387,1496387,-1,93550.0,93550.97347480107,0.9734748010610059,9.734748010610058,sl,0.0,-0.0945234748010669,0.09355,5.0,ifvg,0.001,-0.1880734748010669
2025-11,widen_sl_4x_tp_1x,259,1496387,1496618,1,93583.5,93400.00000000001,183.49999999998545,2201.9999999998254,sl,231.0,-0.27708349999998544,0.0935835,5.0,ifvg_clean,0.001,-0.3706669999999854
2025-11,widen_sl_4x_tp_1x,260,1500400,1500400,-1,93285.85,93286.32716894978,0.47716894977136637,4.7716894977136635,sl,0.0,-0.09376301894977204,0.09328585000000002,5.0,ifvg,0.001,-0.18704886894977207
2025-11,widen_sl_4x_tp_1x,261,1500400,1500400,-1,93275.4,93276.35433789954,0.9543378995433972,9.543378995433972,sl,0.0,-0.09422973789954404,0.0932754,5.0,ifvg,0.001,-0.18750513789954404
2025-11,widen_sl_4x_tp_1x,262,1500400,1500403,1,93290.4,93274.9,104.50000000004366,1254.0000000005239,inv,3.0,-0.1087904,0.0932904,5.0,ifvg_clean,0.001,-0.2020808
2025-11,widen_sl_4x_tp_1x,263,1500419,1500419,-1,93296.3,93295.3,0.1,1.0,tp,0.0,-0.0922963,0.0932963,5.0,ifvg,0.001,-0.1855926
2025-11,widen_sl_4x_tp_1x,264,1500747,1500747,1,93225.9,93225.41851851852,0.48148148148148145,4.814814814814815,inv,0.0,-0.09370738148147448,0.0932259,5.0,ifvg,0.001,-0.18693328148147448
2025-11,widen_sl_4x_tp_1x,265,1500747,1500747,1,93238.9,93237.93703703703,0.9629629629629629,9.62962962962963,sl,0.0,-0.0942018629629635,0.0932389,5.0,ifvg,0.001,-0.1874407629629635
2025-11,widen_sl_4x_tp_1x,266,1500751,1500751,1,93212.9,93212.79999999999,0.1,1.0,inv,0.0,-0.0933129000000058,0.09321289999999999,5.0,ifvg,0.001,-0.1865258000000058
2025-11,widen_sl_4x_tp_1x,267,1500747,1501545,-1,93214.6,93344.6,130.0,1560.0,sl,806.0,-0.2232146,0.09321460000000001,5.0,ifvg_clean,0.001,-0.3164292
2025-11,widen_sl_4x_tp_1x,268,1504682,1504682,1,93493.75,93493.26123595505,0.4887640449438202,4.8876404494382015,sl,0.0,-0.09398251404494515,0.09349375000000001,5.0,ifvg,0.001,-0.18747626404494516
2025-11,widen_sl_4x_tp_1x,269,1504682,1504682,1,93515.5,93514.52247191011,0.9775280898876404,9.775280898876403,sl,0.0,-0.09449302808989025,0.0935155,5.0,ifvg,0.001,-0.18800852808989027
2025-11,widen_sl_4x_tp_1x,270,1504712,1504712,1,93472.0,93473.0,0.1,1.0,tp,0.0,-0.09247200000000001,0.09347200000000001,5.0,ifvg,0.001,-0.18594400000000003
2025-11,widen_sl_4x_tp_1x,271,1504682,1507327,-1,93474.8,93516.0,217.5,2610.0,inv,2703.0,-0.1346747999999971,0.09347480000000001,5.0,ifvg_clean,0.001,-0.22814959999999712
2025-11,widen_sl_4x_tp_1x,272,1508800,1508800,-1,93164.0,93163.0,0.1,1.0,tp,0.0,-0.092164,0.093164,5.0,ifvg,0.001,-0.185328
2025-11,widen_sl_4x_tp_1x,273,1508800,1508800,-1,93152.0,93152.48,0.48,4.8,sl,0.0,-0.09363199999999593,0.093152,5.0,ifvg,0.001,-0.18678399999999593
2025-11,widen_sl_4x_tp_1x,274,1508800,1508800,-1,93140.0,93140.96,0.96,9.6,sl,0.0,-0.0941000000000064,0.09314,5.0,ifvg,0.001,-0.1872400000000064
2025-11,widen_sl_4x_tp_1x,275,1508800,1508834,1,93162.9,93139.5,120.0,1440.0,inv,36.0,-0.11656289999999417,0.09316289999999999,5.0,ifvg_clean,0.001,-0.20972579999999416
2025-11,widen_sl_4x_tp_1x,276,1510790,1510790,-1,92896.8,92897.28768472906,0.4876847290640412,4.876847290640412,sl,0.0,-0.09338448472905794,0.0928968,5.0,ifvg,0.001,-0.18628128472905794
2025-11,widen_sl_4x_tp_1x,277,1510790,1510790,-1,92877.0,92877.97536945813,0.9753694581280824,9.753694581280824,sl,0.0,-0.09385236945813044,0.092877,5.0,ifvg,0.001,-0.18672936945813046
2025-11,widen_sl_4x_tp_1x,278,1510794,1510794,-1,92916.6,92915.6,0.1,1.0,tp,0.0,-0.0919166,0.0929166,5.0,ifvg,0.001,-0.1848332
2025-11,widen_sl_4x_tp_1x,279,1510790,1510966,1,92915.2,92876.5,198.0000000000291,2376.0000000003492,inv,179.0,-0.1316151999999971,0.0929152,5.0,ifvg_clean,0.001,-0.2245303999999971
2025-11,widen_sl_4x_tp_1x,280,1516627,1516627,-1,93035.45000000001,93035.94051233398,0.49051233396570576,4.905123339657058,inv,0.0,-0.09352596233397042,0.09303545000000002,5.0,ifvg,0.001,-0.18656141233397044
2025-11,widen_sl_4x_tp_1x,281,1516627,1516627,-1,93009.6,93010.58102466793,0.9810246679316877,9.810246679316878,sl,0.0,-0.09399062466792626,0.09300960000000001,5.0,ifvg,0.001,-0.18700022466792626
2025-11,widen_sl_4x_tp_1x,282,1516675,1516675,-1,93061.3,93061.40000000001,0.1,1.0,inv,0.0,-0.09316130000000582,0.0930613,5.0,ifvg,0.001,-0.18622260000000582
2025-11,widen_sl_4x_tp_1x,283,1516627,1519626,1,93049.4,92790.90000000001,258.49999999998545,3101.9999999998254,sl,3086.0,-0.35154939999998547,0.09304939999999999,5.0,ifvg_clean,0.001,-0.4445987999999855
2025-11,widen_sl_4x_tp_1x,284,1583263,1583263,1,89953.3,89952.3167785235,0.9832214765100689,9.832214765100689,sl,0.0,-0.09093652147650469,0.0899533,5.0,fvg,0.001,-0.18088982147650468
2025-11,widen_sl_4x_tp_1x,285,1583266,1583266,1,89924.0,89928.91610738255,0.49161073825503443,4.9161073825503445,tp,0.0,-0.08500789261744743,0.089924,5.0,fvg,0.001,-0.17493189261744743
2025-11,widen_sl_4x_tp_1x,286,1583267,1583267,1,89894.7,89895.7,0.1,1.0,tp,0.0,-0.08889470000000001,0.08989470000000001,5.0,fvg,0.001,-0.17878940000000001
2025-11,widen_sl_4x_tp_1x,287,1596844,1596844,-1,89257.0,89257.1,0.1,1.0,inv,0.0,-0.08935700000000582,0.089257,5.0,ifvg,0.001,-0.17861400000000582
2025-11,widen_sl_4x_tp_1x,288,1596844,1596844,-1,89220.4,89220.89326145552,0.4932614555257042,4.932614555257042,sl,0.0,-0.08971366145552914,0.0892204,5.0,ifvg,0.001,-0.17893406145552915
2025-11,widen_sl_4x_tp_1x,289,1596844,1596844,-1,89183.8,89184.78652291106,0.9865229110512124,9.865229110512123,sl,0.0,-0.09017032291105828,0.08918380000000001,5.0,ifvg,0.001,-0.1793541229110583
2025-11,widen_sl_4x_tp_1x,290,1597353,1597353,1,89550.9,89550.40999999999,0.49,4.9,sl,0.0,-0.09004090000000524,0.0895509,5.0,ifvg,0.001,-0.17959180000000524
2025-11,widen_sl_4x_tp_1x,291,1597353,1597353,1,89575.4,89574.42,0.98,9.8,sl,0.0,-0.09055539999999593,0.0895754,5.0,ifvg,0.001,-0.18013079999999593
2025-11,widen_sl_4x_tp_1x,292,1597360,1597360,1,89526.4,89527.4,0.1,1.0,tp,0.0,-0.08852639999999999,0.08952639999999999,5.0,ifvg,0.001,-0.17805279999999998
2025-11,widen_sl_4x_tp_1x,293,1597353,1597407,-1,89528.6,89575.9,245.0,2940.0,inv,54.0,-0.13682859999998837,0.08952860000000001,5.0,ifvg_clean,0.001,-0.22635719999998838
2025-11,widen_sl_4x_tp_1x,294,1627245,1627245,-1,92835.85,92836.32630331755,0.4763033175351904,4.763033175351904,sl,0.0,-0.09331215331754045,0.09283585000000001,5.0,fvg,0.001,-0.18614800331754044
2025-11,widen_sl_4x_tp_1x,295,1627245,1627245,-1,92825.8,92826.75260663507,0.9526066350710705,9.526066350710705,sl,0.0,-0.09377840663506633,0.0928258,5.0,fvg,0.001,-0.18660420663506633
2025-11,widen_sl_4x_tp_1x,296,1656230,1656230,1,91838.5,91838.00551876379,0.49448123620309087,4.944812362030909,sl,0.0,-0.09233298123620823,0.0918385,5.0,ifvg,0.001,-0.18417148123620825
2025-11,widen_sl_4x_tp_1x,297,1656230,1656230,1,91883.3,91882.3110375276,0.9889624724061817,9.889624724061818,sl,0.0,-0.0928722624724019,0.0918833,5.0,ifvg,0.001,-0.1847555624724019
2025-11,widen_sl_4x_tp_1x,298,1656230,1656232,-1,91820.8,91883.8,448.0000000000291,5376.000000000349,inv,2.0,-0.1548208,0.09182080000000001,5.0,ifvg_clean,0.001,-0.24664160000000002
2025-11,widen_sl_4x_tp_1x,299,1656541,1656541,1,91793.7,91794.7,0.1,1.0,tp,0.0,-0.0907937,0.0917937,5.0,ifvg,0.001,-0.1825874
2025-11,widen_sl_4x_tp_1x,300,1657740,1657740,1,91739.7,91738.7096805421,0.990319457889642,9.90319457889642,sl,0.0,-0.09273001945789466,0.09173970000000001,5.0,fvg,0.001,-0.18446971945789467
2025-11,widen_sl_4x_tp_1x,301,1657742,1657742,1,91688.54999999999,91688.05484027104,0.4951597289447506,4.9515972894475055,sl,0.0,-0.09218370972894732,0.09168855,5.0,fvg,0.001,-0.18387225972894733
2025-11,widen_sl_4x_tp_1x,302,1657824,1657824,1,91637.4,91638.4,0.1,1.0,tp,0.0,-0.0906374,0.09163740000000001,5.0,fvg,0.001,-0.18227480000000001
2025-11,widen_sl_4x_tp_1x,303,1662107,1662107,-1,90840.7,90841.66987951807,0.9698795180722865,9.698795180722865,sl,0.0,-0.09181057951807386,0.0908407,5.0,fvg,0.001,-0.18265127951807386
2025-11,widen_sl_4x_tp_1x,304,1662111,1662111,-1,90856.79999999999,90857.28493975902,0.4849397590363624,4.8493975903636235,sl,0.0,-0.09134173975902966,0.0908568,5.0,fvg,0.001,-0.18219853975902967
2025-11,widen_sl_4x_tp_1x,305,1662121,1662121,-1,90872.9,90871.9,0.1,1.0,tp,0.0,-0.0898729,0.0908729,5.0,fvg,0.001,-0.1807458
2025-11,widen_sl_4x_tp_1x,306,1596844,1665663,1,89255.8,88889.80000000002,365.99999999998545,4391.999999999825,sl,69538.0,-0.45525579999998544,0.08925580000000001,5.0,ifvg_clean,0.001,-0.5445115999999854
2025-11,widen_sl_4x_tp_1x,307,1408035,1721124,-1,93649.8,83635.80000000035,834.4999999999709,10013.99999999965,tp,315124.0,9.920350199999652,0.0936498,5.0,ifvg_clean,0.001,9.826700399999652
2025-11,widen_sl_4x_tp_1x,308,1731560,1731560,1,82218.3,82218.2,0.1,1.0,inv,0.0,-0.08231830000000581,0.0822183,5.0,ifvg,0.001,-0.1645366000000058
2025-11,widen_sl_4x_tp_1x,309,1731560,1731560,1,82253.35,82252.85703234881,0.49296765119560076,4.929676511956008,sl,0.0,-0.08274631765119654,0.08225335000000002,5.0,ifvg,0.001,-0.16499966765119656
2025-11,widen_sl_4x_tp_1x,310,1731560,1731560,1,82288.4,82287.4140646976,0.9859353023909969,9.85935302390997,sl,0.0,-0.08327433530239305,0.0822884,5.0,ifvg,0.001,-0.16556273530239304
2025-11,widen_sl_4x_tp_1x,311,1731560,1731923,-1,82220.0,82570.49999999996,350.49999999995634,4205.999999999476,sl,363.0,-0.43271999999995636,0.08222,5.0,ifvg_clean,0.001,-0.5149399999999563
2025-11,widen_sl_4x_tp_1x,312,1737793,1737793,-1,82097.1,82096.1,0.1,1.0,tp,0.0,-0.08109710000000002,0.08209710000000002,5.0,ifvg,0.001,-0.16319420000000004
2025-11,widen_sl_4x_tp_1x,313,1737793,1737793,-1,82068.05,82068.54153976311,0.49153976311336806,4.915397631133681,sl,0.0,-0.08255958976311209,0.08206805,5.0,ifvg,0.001,-0.1646276397631121
2025-11,widen_sl_4x_tp_1x,314,1737793,1737793,-1,82039.0,82039.98307952622,0.9830795262267361,9.830795262267362,sl,0.0,-0.08302207952622417,0.082039,5.0,ifvg,0.001,-0.16506107952622417
2025-11,widen_sl_4x_tp_1x,315,1737793,1737823,1,82096.4,82038.5,290.5000000000291,3486.0000000003492,inv,30.0,-0.1399963999999942,0.0820964,5.0,ifvg_clean,0.001,-0.2220927999999942
2025-11,widen_sl_4x_tp_1x,316,1750460,1750460,1,82784.7,82810.8,131.50000000001455,1578.0000000001746,inv,0.0,-0.05668469999999418,0.0827847,5.0,ifvg_clean,0.001,-0.1394693999999942
2025-11,widen_sl_4x_tp_1x,317,1750465,1750465,-1,82824.45000000001,82819.63315018316,0.48168498168471713,4.816849816847172,tp,0.0,-0.07800760018314754,0.08282445000000002,5.0,ifvg,0.001,-0.16083205018314756
2025-11,widen_sl_4x_tp_1x,318,1750465,1750465,-1,82811.3,82801.6663003663,0.9633699633699673,9.633699633699672,tp,0.0,-0.07317760036629505,0.0828113,5.0,ifvg,0.001,-0.15598890036629504
2025-11,widen_sl_4x_tp_1x,319,1750467,1750467,-1,82837.6,82836.6,0.1,1.0,tp,0.0,-0.08183760000000001,0.08283760000000001,5.0,ifvg,0.001,-0.16467520000000002
2025-11,widen_sl_4x_tp_1x,320,1751277,1751277,1,83013.20000000001,83012.70451263539,0.4954873646210044,4.954873646210044,inv,0.0,-0.08350868736462021,0.08301320000000001,5.0,ifvg,0.001,-0.1665218873646202
2025-11,widen_sl_4x_tp_1x,321,1751277,1751277,1,83068.1,83067.10902527077,0.9909747292418775,9.909747292418775,sl,0.0,-0.08405907472924042,0.0830681,5.0,ifvg,0.001,-0.16712717472924044
2025-11,widen_sl_4x_tp_1x,322,1751348,1751348,1,82958.3,82958.2,0.1,1.0,inv,0.0,-0.08305830000000583,0.08295830000000001,5.0,ifvg,0.001,-0.16601660000000584
2025-11,widen_sl_4x_tp_1x,323,1752692,1752692,-1,82717.3,82717.40000000001,0.1,1.0,sl,0.0,-0.08281730000000583,0.08271730000000001,5.0,fvg,0.001,-0.16553460000000583
2025-11,widen_sl_4x_tp_1x,324,1752692,1752692,-1,82705.05,82705.53039215687,0.4803921568627451,4.803921568627451,sl,0.0,-0.08318544215686731,0.08270505,5.0,fvg,0.001,-0.1658904921568673
2025-11,widen_sl_4x_tp_1x,325,1752692,1752692,-1,82692.8,82693.76078431372,0.9607843137254902,9.607843137254902,sl,0.0,-0.08365358431372008,0.08269280000000001,5.0,fvg,0.001,-0.1663463843137201
2025-11,widen_sl_4x_tp_1x,326,1751277,1753724,-1,82960.7,83509.70000000001,549.0000000000146,6588.000000000175,sl,2447.0,-0.6319607000000146,0.0829607,5.0,ifvg_clean,0.001,-0.7149214000000146
2025-11,widen_sl_4x_tp_1x,327,1754272,1754272,-1,83361.0,83361.1,0.1,1.0,inv,0.0,-0.08346100000000582,0.083361,5.0,ifvg,0.001,-0.16682200000000583
2025-11,widen_sl_4x_tp_1x,328,1754272,1754272,-1,83296.0,83296.49618320611,0.4961832061068702,4.961832061068702,sl,0.0,-0.08379218320610898,0.08329600000000001,5.0,ifvg,0.001,-0.167088183206109
2025-11,widen_sl_4x_tp_1x,329,1754272,1754272,-1,83231.0,83231.99236641222,0.9923664122137404,9.923664122137405,sl,0.0,-0.08422336641221798,0.08323100000000001,5.0,ifvg,0.001,-0.167454366412218
2025-11,widen_sl_4x_tp_1x,330,1759748,1759748,-1,83469.1,83469.20000000001,0.1,1.0,sl,0.0,-0.08356910000000584,0.08346910000000002,5.0,ifvg,0.001,-0.16703820000000585
2025-11,widen_sl_4x_tp_1x,331,1759748,1759748,-1,83440.0,83440.49155405405,0.49155405405405567,4.915540540540556,sl,0.0,-0.08393155405405327,0.08344,5.0,ifvg,0.001,-0.16737155405405327
2025-11,widen_sl_4x_tp_1x,332,1759748,1759748,-1,83410.9,83411.8831081081,0.9831081081081113,9.831081081081113,sl,0.0,-0.08439400810810653,0.0834109,5.0,ifvg,0.001,-0.16780490810810653
2025-11,widen_sl_4x_tp_1x,333,1759748,1759766,1,83468.4,83410.4,291.0000000000582,3492.0000000006985,inv,18.0,-0.1414684,0.0834684,5.0,ifvg_clean,0.001,-0.2249368
2025-11,widen_sl_4x_tp_1x,334,1785661,1785661,-1,85161.15,85156.24276437848,0.4907235621522701,4.907235621522701,tp,0.0,-0.08025391437848166,0.08516114999999999,5.0,fvg,0.001,-0.16541506437848164
2025-11,widen_sl_4x_tp_1x,335,1785661,1785661,-1,85134.7,85135.6814471243,0.9814471243042703,9.814471243042703,sl,0.0,-0.08611614712430075,0.0851347,5.0,fvg,0.001,-0.17125084712430075
2025-11,widen_sl_4x_tp_1x,336,1785760,1785760,1,84978.0,84979.0,0.1,1.0,tp,0.0,-0.08397800000000001,0.08497800000000001,5.0,ifvg,0.001,-0.16895600000000002
2025-11,widen_sl_4x_tp_1x,337,1785760,1785760,1,84994.8,84994.31445086705,0.4855491329479793,4.8554913294797934,sl,0.0,-0.08548034913295083,0.0849948,5.0,ifvg,0.001,-0.1704751491329508
2025-11,widen_sl_4x_tp_1x,338,1785760,1785760,1,85011.6,85010.6289017341,0.9710982658959586,9.710982658959587,sl,0.0,-0.08598269826590169,0.0850116,5.0,ifvg,0.001,-0.17099429826590168
2025-11,widen_sl_4x_tp_1x,339,1785760,1785826,-1,84982.6,85012.1,168.0000000000291,2016.0000000003492,inv,67.0,-0.1144826,0.0849826,5.0,ifvg_clean,0.001,-0.1994652
2025-11,widen_sl_4x_tp_1x,340,1786576,1786576,-1,85079.75,85080.23583569405,0.48583569405098687,4.858356940509869,inv,0.0,-0.0855655856940531,0.08507975000000001,5.0,ifvg,0.001,-0.1706453356940531
2025-11,widen_sl_4x_tp_1x,341,1786576,1786576,-1,85062.6,85063.57167138811,0.9716713881019737,9.716713881019738,sl,0.0,-0.0860342713881062,0.0850626,5.0,ifvg,0.001,-0.1710968713881062
2025-11,widen_sl_4x_tp_1x,342,1786599,1786599,-1,85096.9,85097.0,0.1,1.0,inv,0.0,-0.0851969000000058,0.08509689999999999,5.0,ifvg,0.001,-0.1702938000000058
2025-11,widen_sl_4x_tp_1x,343,1786576,1787710,1,85096.6,84925.10000000006,171.4999999999418,2057.9999999993015,sl,1162.0,-0.2565965999999418,0.08509660000000001,5.0,ifvg_clean,0.001,-0.3416931999999418
2025-11,widen_sl_4x_tp_1x,344,1788954,1788954,1,84697.29999999999,84696.81908396946,0.48091603053407134,4.809160305340713,inv,0.0,-0.08517821603053034,0.08469729999999999,5.0,ifvg,0.001,-0.16987551603053033
2025-11,widen_sl_4x_tp_1x,345,1788954,1788954,1,84709.9,84708.93816793892,0.9618320610686981,9.61832061068698,sl,0.0,-0.08567173206107524,0.08470989999999999,5.0,ifvg,0.001,-0.17038163206107523
2025-11,widen_sl_4x_tp_1x,346,1788956,1788956,1,84684.7,84684.59999999999,0.1,1.0,inv,0.0,-0.0847847000000058,0.08468469999999999,5.0,ifvg,0.001,-0.1694694000000058
2025-11,widen_sl_4x_tp_1x,347,1805001,1805001,-1,84660.1,84660.58842592593,0.48842592592575673,4.8842592592575675,inv,0.0,-0.08514852592592702,0.08466010000000002,5.0,ifvg,0.001,-0.16980862592592705
2025-11,widen_sl_4x_tp_1x,348,1805001,1805001,-1,84639.0,84639.97685185185,0.9768518518518503,9.768518518518503,sl,0.0,-0.085615851851854,0.08463899999999999,5.0,ifvg,0.001,-0.170254851851854
2025-11,widen_sl_4x_tp_1x,349,1805001,1805756,1,84670.5,84459.50000000001,210.99999999998545,2531.9999999998254,sl,762.0,-0.29567049999998546,0.08467050000000001,5.0,ifvg_clean,0.001,-0.3803409999999855
2025-11,widen_sl_4x_tp_1x,350,1809740,1809740,1,84347.7,84346.32916666666,1.3708333333333336,10.770833333333334,sl,0.0,-0.08571853333333432,0.08434770000000001,5.0,fvg,0.001,-0.17006623333333432
2025-11,widen_sl_4x_tp_1x,351,1809745,1809745,1,84324.2,84323.51458333334,0.6854166666666668,5.385416666666667,sl,0.0,-0.08500961666665988,0.0843242,5.0,fvg,0.001,-0.16933381666665986
2025-11,widen_sl_4x_tp_1x,352,1809747,1809747,1,84300.7,84301.8,0.14000000000000004,1.1,tp,0.0,-0.08320069999999417,0.08430069999999999,5.0,fvg,0.001,-0.16750139999999417
2025-11,widen_sl_4x_tp_1x,353,1810764,1810764,-1,84134.5,84134.99335106384,0.49335106382978827,4.933510638297883,sl,0.0,-0.0846278510638366,0.0841345,5.0,ifvg,0.001,-0.1687623510638366
2025-11,widen_sl_4x_tp_1x,354,1810764,1810764,-1,84097.4,84098.38670212765,0.9867021276595765,9.867021276595766,sl,0.0,-0.08508410212765863,0.08409739999999999,5.0,ifvg,0.001,-0.16918150212765862
2025-11,widen_sl_4x_tp_1x,355,1810765,1810765,-1,84171.6,84170.6,0.1,1.0,tp,0.0,-0.08317160000000001,0.08417160000000001,5.0,ifvg,0.001,-0.16734320000000003
2025-11,widen_sl_4x_tp_1x,356,1810764,1810785,1,84155.5,84096.9,371.0000000000582,4452.0000000006985,inv,21.0,-0.14275550000000584,0.08415550000000001,5.0,ifvg_clean,0.001,-0.22691100000000586
2025-11,widen_sl_4x_tp_1x,357,1827119,1827119,-1,84000.2,84000.68031496063,0.48031496062991674,4.803149606299168,inv,0.0,-0.08448051496063048,0.0840002,5.0,ifvg,0.001,-0.1684807149606305
2025-11,widen_sl_4x_tp_1x,358,1827119,1827119,-1,83988.0,83988.96062992126,0.9606299212598335,9.606299212598335,sl,0.0,-0.084948629921261,0.08398800000000001,5.0,ifvg,0.001,-0.16893662992126102
2025-11,widen_sl_4x_tp_1x,359,1827137,1827137,-1,84012.4,84012.5,0.1,1.0,inv,0.0,-0.08411240000000582,0.0840124,5.0,ifvg,0.001,-0.16812480000000582
2025-11,widen_sl_4x_tp_1x,360,1827119,1827889,1,84009.4,83887.40000000002,121.9999999999709,1463.9999999996508,sl,776.0,-0.2060093999999709,0.0840094,5.0,ifvg_clean,0.001,-0.2900187999999709
2025-11,widen_sl_4x_tp_1x,361,1828819,1828819,-1,83733.1,83734.08689384011,0.9868938401048473,9.868938401048473,sl,0.0,-0.08471999384010505,0.0837331,5.0,fvg,0.001,-0.16845309384010504
2025-11,widen_sl_4x_tp_1x,362,1828891,1828891,-1,83770.75,83771.24344692005,0.49344692005242363,4.934469200524236,sl,0.0,-0.08426419692005252,0.08377075,5.0,fvg,0.001,-0.16803494692005252
2025-11,widen_sl_4x_tp_1x,363,1829025,1829025,-1,83808.4,83807.4,0.1,1.0,tp,0.0,-0.08280839999999999,0.08380839999999999,5.0,fvg,0.001,-0.16661679999999998
2025-11,widen_sl_4x_tp_1x,364,1838575,1838575,1,84496.8,84496.7,0.1,1.0,sl,0.0,-0.08459680000000583,0.08449680000000001,5.0,ifvg,0.001,-0.16909360000000584
2025-11,widen_sl_4x_tp_1x,365,1838575,1838575,1,84520.25,84519.76043841336,0.4895615866388296,4.895615866388296,sl,0.0,-0.08500981158664078,0.08452025,5.0,ifvg,0.001,-0.1695300615866408
2025-11,widen_sl_4x_tp_1x,366,1838575,1838575,1,84543.7,84542.72087682672,0.9791231732776592,9.791231732776591,sl,0.0,-0.08552282317328155,0.0845437,5.0,ifvg,0.001,-0.17006652317328155
2025-11,widen_sl_4x_tp_1x,367,1838575,1838644,-1,84497.3,84544.2,234.4999999999709,2813.9999999996508,inv,71.0,-0.1313972999999942,0.08449730000000001,5.0,ifvg_clean,0.001,-0.21589459999999422
2025-11,widen_sl_4x_tp_1x,368,1788954,1839815,-1,84684.9,84810.89999999998,125.99999999998545,1511.9999999998254,sl,51481.0,-0.21068489999998546,0.08468490000000001,5.0,ifvg_clean,0.001,-0.29536979999998547
2025-11,widen_sl_4x_tp_1x,369,1870385,1870385,1,85773.7,85773.2176056338,0.4823943661971795,4.8239436619717955,sl,0.0,-0.08625609436619043,0.08577370000000001,5.0,ifvg,0.001,-0.17202979436619042
2025-11,widen_sl_4x_tp_1x,370,1870385,1870385,1,85787.4,85786.4352112676,0.964788732394359,9.647887323943591,sl,0.0,-0.08675218873239537,0.08578739999999999,5.0,ifvg,0.001,-0.17253958873239536
2025-11,widen_sl_4x_tp_1x,371,1870395,1870395,1,85760.0,85761.0,0.1,1.0,tp,0.0,-0.08476,0.08576,5.0,ifvg,0.001,-0.17052
2025-11,widen_sl_4x_tp_1x,372,1870385,1870450,-1,85767.1,85787.9,136.9999999999709,1643.9999999996508,inv,65.0,-0.10656709999998837,0.08576710000000001,5.0,ifvg_clean,0.001,-0.19233419999998838
2025-11,widen_sl_4x_tp_1x,373,1958568,1958568,1,87380.3,87380.2,0.1,1.0,sl,0.0,-0.08748030000000583,0.08738030000000001,5.0,ifvg,0.001,-0.17486060000000583
2025-11,widen_sl_4x_tp_1x,374,1958568,1958568,1,87398.9,87398.41308900523,0.48691099476420646,4.869109947642064,sl,0.0,-0.08788581099476128,0.0873989,5.0,ifvg,0.001,-0.17528471099476128
2025-11,widen_sl_4x_tp_1x,375,1958568,1958568,1,87417.5,87416.52617801048,0.9738219895287938,9.738219895287939,sl,0.0,-0.08839132198952256,0.08741750000000001,5.0,ifvg,0.001,-0.17580882198952258
2025-11,widen_sl_4x_tp_1x,376,1958568,1958599,-1,87378.6,87418.0,185.99999999998545,2231.9999999998254,inv,32.0,-0.1267785999999942,0.0873786,5.0,ifvg_clean,0.001,-0.2141571999999942
2025-11,widen_sl_4x_tp_1x,377,2000431,2000431,-1,85953.79999999999,85954.2834437086,0.4834437086095109,4.834437086095109,sl,0.0,-0.08643724370861013,0.08595379999999998,5.0,ifvg,0.001,-0.1723910437086101
2025-11,widen_sl_4x_tp_1x,378,2000431,2000431,-1,85939.2,85940.16688741722,0.96688741721854,9.6688741721854,sl,0.0,-0.08690608741722028,0.08593920000000001,5.0,ifvg,0.001,-0.17284528741722027
2025-11,widen_sl_4x_tp_1x,379,2000436,2000436,-1,85968.4,85967.4,0.1,1.0,tp,0.0,-0.0849684,0.0859684,5.0,ifvg,0.001,-0.1709368
2025-11,widen_sl_4x_tp_1x,380,2000431,2000560,1,85960.5,85938.7,145.99999999998545,1751.9999999998254,inv,135.0,-0.10776050000000291,0.0859605,5.0,ifvg_clean,0.001,-0.19372100000000292
2025-11,widen_sl_4x_tp_1x,381,2002177,2002177,-1,85498.0,85498.97920997921,0.9792099792099818,9.792099792099817,sl,0.0,-0.08647720997921028,0.085498,5.0,fvg,0.001,-0.1719752099792103
2025-11,widen_sl_4x_tp_1x,382,2002190,2002190,-1,85521.55,85516.65395010395,0.4896049896049909,4.896049896049909,tp,0.0,-0.08062550010394859,0.08552155,5.0,fvg,0.001,-0.1661470501039486
2025-11,widen_sl_4x_tp_1x,383,2002198,2002198,-1,85545.1,85545.20000000001,0.1,1.0,sl,0.0,-0.08564510000000583,0.08554510000000001,5.0,fvg,0.001,-0.17119020000000584
2025-11,widen_sl_4x_tp_1x,384,2002328,2002328,1,85633.9,85632.91416430594,0.9858356940509898,9.858356940509898,sl,0.0,-0.0866197356940531,0.0856339,5.0,fvg,0.001,-0.1722536356940531
2025-11,widen_sl_4x_tp_1x,385,2002407,2002407,1,85599.1,85604.02917847026,0.49291784702559793,4.929178470255979,tp,0.0,-0.0806699215297491,0.08559910000000001,5.0,fvg,0.001,-0.1662690215297491
2025-11,widen_sl_4x_tp_1x,386,2002653,2002653,-1,86171.7,86170.7,0.1,1.0,tp,0.0,-0.0851717,0.0861717,5.0,ifvg,0.001,-0.1713434
2025-11,widen_sl_4x_tp_1x,387,2002653,2002653,-1,86135.6,86136.09316939891,0.4931693989070041,4.931693989070041,sl,0.0,-0.0866287693989056,0.0861356,5.0,ifvg,0.001,-0.1727643693989056
2025-11,widen_sl_4x_tp_1x,388,2002653,2002653,-1,86099.5,86100.48633879781,0.9863387978142071,9.863387978142072,sl,0.0,-0.08708583879781119,0.08609950000000001,5.0,ifvg,0.001,-0.1731853387978112
2025-11,widen_sl_4x_tp_1x,389,2002653,2002698,1,86169.8,86099.0,360.99999999998545,4331.999999999825,inv,45.0,-0.15696980000000293,0.0861698,5.0,ifvg_clean,0.001,-0.24313960000000295
2025-11,widen_sl_4x_tp_1x,390,2016258,2016258,-1,88324.04999999999,88324.54517839922,0.4951783992286139,4.951783992286139,inv,0.0,-0.08881922839922918,0.08832404999999999,5.0,ifvg,0.001,-0.17714327839922916
2025-11,widen_sl_4x_tp_1x,391,2016258,2016258,-1,88272.7,88273.69035679846,0.9903567984570875,9.903567984570875,sl,0.0,-0.08926305679845838,0.0882727,5.0,ifvg,0.001,-0.17753575679845837
2025-11,widen_sl_4x_tp_1x,392,2016259,2016259,-1,88375.4,88375.5,0.1,1.0,inv,0.0,-0.08847540000000582,0.0883754,5.0,ifvg,0.001,-0.17685080000000583
2025-11,widen_sl_4x_tp_1x,393,2018002,2018002,1,88602.8,88602.31612903226,0.4838709677419355,4.838709677419355,sl,0.0,-0.08908667096774242,0.08860280000000001,5.0,ifvg,0.001,-0.17768947096774243
2025-11,widen_sl_4x_tp_1x,394,2018002,2018002,1,88617.8,88616.83225806452,0.967741935483871,9.67741935483871,sl,0.0,-0.08958554193548482,0.08861780000000001,5.0,ifvg,0.001,-0.17820334193548482
2025-11,widen_sl_4x_tp_1x,395,2018002,2018011,-1,88598.0,88618.3,150.0,1800.0,inv,9.0,-0.10889800000000291,0.088598,5.0,ifvg_clean,0.001,-0.1974960000000029
2025-11,widen_sl_4x_tp_1x,396,2018087,2018087,1,88587.8,88588.8,0.1,1.0,tp,0.0,-0.08758780000000001,0.08858780000000001,5.0,ifvg,0.001,-0.17617560000000002
2025-11,widen_sl_4x_tp_1x,397,2019729,2019729,-1,88391.2,88392.1948051948,0.9948051948051948,9.948051948051948,sl,0.0,-0.0893860051948013,0.0883912,5.0,fvg,0.001,-0.1777772051948013
2025-11,widen_sl_4x_tp_1x,398,2020506,2020506,-1,88217.7,88218.67142857143,0.9714285714285714,9.714285714285714,sl,0.0,-0.08918912857142898,0.0882177,5.0,fvg,0.001,-0.17740682857142898
2025-11,widen_sl_4x_tp_1x,399,2020574,2020574,-1,88234.7,88229.84285714285,0.4857142857142857,4.857142857142857,tp,0.0,-0.08337755714285507,0.0882347,5.0,fvg,0.001,-0.17161225714285505
2025-11,widen_sl_4x_tp_1x,400,2020576,2020576,-1,88251.7,88251.8,0.1,1.0,sl,0.0,-0.08835170000000582,0.0882517,5.0,fvg,0.001,-0.17660340000000582
2025-11,widen_sl_4x_tp_1x,401,2020779,2020779,-1,88486.95,88481.97597402598,0.4974025974025974,4.974025974025974,tp,0.0,-0.08351292402597893,0.08848695,5.0,fvg,0.001,-0.17199987402597894
2025-11,widen_sl_4x_tp_1x,402,2021320,2021320,-1,88582.7,88581.7,0.1,1.0,tp,0.0,-0.0875827,0.0885827,5.0,fvg,0.001,-0.1761654
2025-11,widen_sl_4x_tp_1x,403,2028252,2028255,1,89000.0,88999.00799360512,0.9920063948840931,9.920063948840932,sl,3.0,-0.08999200639488117,0.089,5.0,fvg,0.001,-0.17899200639488116
2025-11,widen_sl_4x_tp_1x,404,2028326,2028326,1,88937.95,88937.45399680255,0.4960031974420466,4.960031974420466,sl,0.0,-0.08943395319744786,0.08893795,5.0,fvg,0.001,-0.17837190319744786
2025-11,widen_sl_4x_tp_1x,405,2028734,2028734,1,88875.9,88875.79999999999,0.1,1.0,sl,0.0,-0.08897590000000583,0.08887590000000001,5.0,fvg,0.001,-0.17785180000000583
2025-11,widen_sl_4x_tp_1x,406,2031138,2031138,-1,88650.2,88650.69031007752,0.49031007751938094,4.90310077519381,sl,0.0,-0.08914051007752637,0.0886502,5.0,ifvg,0.001,-0.17779071007752636
2025-11,widen_sl_4x_tp_1x,407,2031138,2031138,-1,88624.9,88625.88062015503,0.9806201550387619,9.80620155038762,sl,0.0,-0.08960552015503818,0.08862489999999999,5.0,ifvg,0.001,-0.17823042015503818
2025-11,widen_sl_4x_tp_1x,408,2031168,2031168,-1,88675.5,88674.5,0.1,1.0,tp,0.0,-0.0876755,0.0886755,5.0,ifvg,0.001,-0.176351
2025-11,widen_sl_4x_tp_1x,409,2031138,2031175,1,88672.2,88624.4,253.0000000000291,3036.0000000003492,inv,38.0,-0.13647220000000293,0.0886722,5.0,ifvg_clean,0.001,-0.22514440000000294
2025-11,widen_sl_4x_tp_1x,410,2016258,2036387,1,88372.8,87859.30000000002,513.4999999999854,6161.999999999825,sl,20406.0,-0.6018727999999854,0.0883728,5.0,ifvg_clean,0.001,-0.6902455999999855
2025-11,widen_sl_4x_tp_1x,411,2038055,2038055,-1,88015.0,88015.49559859154,0.49559859154929603,4.955985915492961,sl,0.0,-0.08851059859154396,0.088015,5.0,ifvg,0.001,-0.17652559859154396
2025-11,widen_sl_4x_tp_1x,412,2038055,2038055,-1,87958.7,87959.6911971831,0.9911971830985921,9.911971830985921,sl,0.0,-0.08894989718310249,0.0879587,5.0,ifvg,0.001,-0.17690859718310248
2025-11,widen_sl_4x_tp_1x,413,2038091,2038091,-1,88071.3,88070.3,0.1,1.0,tp,0.0,-0.0870713,0.0880713,5.0,ifvg,0.001,-0.1751426
2025-11,widen_sl_4x_tp_1x,414,2038055,2038366,1,88033.9,87958.2,563.0000000000291,6756.000000000349,inv,324.0,-0.1637338999999971,0.0880339,5.0,ifvg_clean,0.001,-0.2517677999999971
2025-11,widen_sl_4x_tp_1x,415,2047370,2047370,1,87721.85,87721.35818330606,0.4918166939444715,4.918166939444715,inv,0.0,-0.08821366669394602,0.08772185,5.0,ifvg,0.001,-0.17593551669394603
2025-11,widen_sl_4x_tp_1x,416,2047370,2047370,1,87751.9,87750.9163666121,0.9836333878887048,9.836333878887048,sl,0.0,-0.08873553338789203,0.0877519,5.0,ifvg,0.001,-0.17648743338789202
2025-11,widen_sl_4x_tp_1x,417,2047379,2047379,1,87691.8,87691.7,0.1,1.0,inv,0.0,-0.08779180000000582,0.0876918,5.0,ifvg,0.001,-0.17548360000000582
2025-11,widen_sl_4x_tp_1x,418,2047370,2049677,-1,87696.0,87996.49999999996,300.49999999995634,3605.999999999476,sl,2359.0,-0.38819599999995635,0.087696,5.0,ifvg_clean,0.001,-0.47589199999995635
2025-11,widen_sl_4x_tp_1x,419,2082008,2082008,1,87524.9,87523.94048582995,0.959514170040481,9.59514170040481,inv,0.0,-0.08848441417004108,0.0875249,5.0,ifvg,0.001,-0.17600931417004106
2025-11,widen_sl_4x_tp_1x,420,2082275,2082275,1,87513.04999999999,87512.57024291497,0.4797570850199459,4.797570850199459,inv,0.0,-0.08799280708502054,0.08751305,5.0,ifvg,0.001,-0.17550585708502053
2025-11,widen_sl_4x_tp_1x,421,2082276,2082276,1,87501.2,87501.09999999999,0.1,1.0,inv,0.0,-0.08760120000000582,0.0875012,5.0,ifvg,0.001,-0.17510240000000582
2025-11,widen_sl_4x_tp_1x,422,2082008,2082509,-1,87513.3,87631.79999999999,118.49999999998545,1421.9999999998254,sl,511.0,-0.20601329999998547,0.0875133,5.0,ifvg_clean,0.001,-0.2935265999999855
2025-11,widen_sl_4x_tp_1x,423,2088297,2088297,1,86304.45000000001,86303.95604594922,0.49395405078606114,4.939540507860611,inv,0.0,-0.08679840405079124,0.08630445000000002,5.0,ifvg,0.001,-0.17310285405079126
2025-11,widen_sl_4x_tp_1x,424,2088297,2088297,1,86345.3,86344.31209189844,0.9879081015719463,9.879081015719462,sl,0.0,-0.0873332081015679,0.08634530000000001,5.0,ifvg,0.001,-0.17367850810156793
2025-11,widen_sl_4x_tp_1x,425,2088299,2088299,1,86263.6,86263.5,0.1,1.0,inv,0.0,-0.08636360000000583,0.08626360000000001,5.0,ifvg,0.001,-0.17262720000000584
2025-11,widen_sl_4x_tp_1x,426,2088297,2088500,-1,86276.0,86684.49999999999,408.49999999998545,4901.999999999825,sl,203.0,-0.49477599999998545,0.08627599999999999,5.0,ifvg_clean,0.001,-0.5810519999999855
2025-11,widen_sl_4x_tp_1x,427,2088601,2088601,-1,86583.1,86580.2,105.49999999995634,1265.9999999994761,inv,0.0,-0.08368309999999128,0.08658310000000001,5.0,ifvg_clean,0.001,-0.1702661999999913
2025-11,widen_sl_4x_tp_1x,428,2088602,2088602,1,86579.7,86578.74524886877,0.9547511312217015,9.547511312217015,sl,0.0,-0.08753445113122667,0.08657970000000001,5.0,ifvg,0.001,-0.1741141511312267
2025-11,widen_sl_4x_tp_1x,429,2088742,2088742,1,86558.6,86559.6,0.1,1.0,tp,0.0,-0.08555860000000001,0.08655860000000001,5.0,ifvg,0.001,-0.17211720000000003
2025-11,widen_sl_4x_tp_1x,430,2088742,2088742,1,86569.15,86573.9237556561,0.4773755656105215,4.773755656105215,tp,0.0,-0.08179539434389581,0.08656915,5.0,ifvg,0.001,-0.1683645443438958
2025-11,widen_sl_4x_tp_1x,431,2089217,2089217,-1,86503.9,86502.9,0.1,1.0,tp,0.0,-0.08550390000000001,0.08650390000000001,5.0,fvg,0.001,-0.17200780000000002
2025-11,widen_sl_4x_tp_1x,432,2089217,2089217,-1,86456.9,86457.39473684209,0.49473684210526314,4.947368421052632,sl,0.0,-0.08695163684209806,0.08645689999999999,5.0,fvg,0.001,-0.17340853684209806
2025-11,widen_sl_4x_tp_1x,433,2089217,2089217,-1,86409.9,86410.8894736842,0.9894736842105263,9.894736842105264,sl,0.0,-0.08739937368421068,0.0864099,5.0,fvg,0.001,-0.17380927368421067
2025-11,widen_sl_4x_tp_1x,434,2101334,2101334,-1,87489.1,87489.20000000001,0.1,1.0,sl,0.0,-0.08758910000000583,0.08748910000000001,5.0,ifvg,0.001,-0.17507820000000585
2025-11,widen_sl_4x_tp_1x,435,2101334,2101334,-1,87477.9,87478.37863247863,0.47863247863279756,4.786324786327976,sl,0.0,-0.08795653247864006,0.0874779,5.0,ifvg,0.001,-0.17543443247864005
2025-11,widen_sl_4x_tp_1x,436,2101334,2101334,-1,87466.7,87467.65726495726,0.9572649572649732,9.572649572649732,sl,0.0,-0.0884239649572656,0.08746670000000001,5.0,ifvg,0.001,-0.1758906649572656
2025-11,widen_sl_4x_tp_1x,437,2101334,2101667,1,87490.5,87466.2,112.00000000004366,1344.0000000005239,inv,344.0,-0.1117905000000029,0.0874905,5.0,ifvg_clean,0.001,-0.1992810000000029
2025-11,widen_sl_4x_tp_1x,438,2109272,2109272,1,87338.45000000001,87337.97304147466,0.4769585253459543,4.769585253459542,sl,0.0,-0.08781540852535254,0.08733845000000001,5.0,ifvg,0.001,-0.17515385852535253
2025-11,widen_sl_4x_tp_1x,439,2109272,2109272,1,87348.8,87347.84608294931,0.953917050691238,9.53917050691238,sl,0.0,-0.08830271705069052,0.08734880000000002,5.0,ifvg,0.001,-0.17565151705069054
2025-11,widen_sl_4x_tp_1x,440,2109272,2109280,-1,87337.8,87349.3,103.49999999998545,1241.9999999998254,inv,9.0,-0.0988378,0.08733780000000001,5.0,ifvg_clean,0.001,-0.1861756
2025-11,widen_sl_4x_tp_1x,441,2109354,2109354,1,87328.1,87329.1,0.1,1.0,tp,0.0,-0.0863281,0.0873281,5.0,ifvg,0.001,-0.1736562
2025-11,widen_sl_4x_tp_1x,442,2110883,2110883,1,87272.65,87272.15998003991,0.4900199600796934,4.900199600796934,sl,0.0,-0.08776266996008156,0.08727265000000001,5.0,ifvg,0.001,-0.17503531996008156
2025-11,widen_sl_4x_tp_1x,443,2110883,2110883,1,87297.2,87296.21996007983,0.9800399201596772,9.800399201596772,sl,0.0,-0.08827723992016312,0.0872972,5.0,ifvg,0.001,-0.17557443992016314
2025-11,widen_sl_4x_tp_1x,444,2111005,2111005,1,87248.1,87249.1,0.1,1.0,tp,0.0,-0.08624810000000001,0.08724810000000001,5.0,ifvg,0.001,-0.17349620000000002
2025-11,widen_sl_4x_tp_1x,445,2110883,2111026,-1,87248.5,87297.7,245.49999999995634,2945.999999999476,inv,154.0,-0.13644849999999709,0.0872485,5.0,ifvg_clean,0.001,-0.2236969999999971
2025-11,widen_sl_4x_tp_1x,446,2113500,2113500,-1,86683.5,86684.49201915403,0.9920191540303274,9.920191540303273,sl,0.0,-0.08767551915402955,0.0866835,5.0,fvg,0.001,-0.17435901915402954
2025-11,widen_sl_4x_tp_1x,447,2113545,2113545,-1,86745.65,86746.14600957702,0.49600957701522175,4.9600957701522175,sl,0.0,-0.08724165957702204,0.08674565,5.0,fvg,0.001,-0.17398730957702202
2025-11,widen_sl_4x_tp_1x,448,2113760,2113760,-1,86807.8,86806.8,0.1,1.0,tp,0.0,-0.0858078,0.0868078,5.0,fvg,0.001,-0.1726156
2025-11,widen_sl_4x_tp_1x,449,2128860,2128860,1,87886.3,87885.34739336494,0.9526066350711031,9.52606635071103,inv,0.0,-0.08883890663506633,0.0878863,5.0,ifvg,0.001,-0.17672520663506633
2025-11,widen_sl_4x_tp_1x,450,2128950,2128950,1,87876.25,87875.77369668246,0.47630331753555155,4.763033175355515,inv,0.0,-0.08835255331754044,0.08787625,5.0,ifvg,0.001,-0.17622880331754043
2025-11,widen_sl_4x_tp_1x,451,2128953,2128953,1,87866.2,87866.09999999999,0.1,1.0,inv,0.0,-0.08796620000000581,0.08786619999999999,5.0,ifvg,0.001,-0.1758324000000058
2025-11,widen_sl_4x_tp_1x,452,2133659,2133659,1,87193.25,87192.76400560224,0.4859943977591082,4.859943977591082,inv,0.0,-0.08767924439776446,0.08719325000000001,5.0,ifvg,0.001,-0.17487249439776448
2025-11,widen_sl_4x_tp_1x,453,2133659,2133659,1,87210.6,87209.62801120449,0.9719887955182164,9.719887955182164,sl,0.0,-0.08818258879551436,0.08721060000000001,5.0,ifvg,0.001,-0.17539318879551435
2025-11,widen_sl_4x_tp_1x,454,2133718,2133718,1,87175.9,87175.79999999999,0.1,1.0,inv,0.0,-0.08727590000000582,0.0871759,5.0,ifvg,0.001,-0.17445180000000582
2025-11,widen_sl_4x_tp_1x,455,2134948,2134948,-1,87101.5,87102.4797979798,0.9797979797979799,9.7979797979798,sl,0.0,-0.08808129797980224,0.0871015,5.0,fvg,0.001,-0.17518279797980224
2025-11,widen_sl_4x_tp_1x,456,2134957,2134957,-1,87125.75,87120.851010101,0.48989898989898994,4.8989898989899,tp,0.0,-0.08222676010100334,0.08712575,5.0,fvg,0.001,-0.16935251010100333
2025-11,widen_sl_4x_tp_1x,457,2135018,2135018,-1,87150.0,87149.0,0.1,1.0,tp,0.0,-0.08615,0.08715,5.0,fvg,0.001,-0.1733
2025-11,widen_sl_4x_tp_1x,458,2133659,2137247,-1,87191.7,87365.20000000006,173.5000000000582,2082.0000000006985,sl,3769.0,-0.2606917000000582,0.0871917,5.0,ifvg_clean,0.001,-0.3478834000000582
2025-11,widen_sl_4x_tp_1x,459,2128860,2156241,-1,87879.6,86673.59999999966,100.5000000000291,1206.0000000003492,tp,28373.0,1.1181204000003493,0.08787960000000002,5.0,ifvg_clean,0.001,1.0302408000003493
2025-11,widen_sl_4x_tp_1x,460,2184155,2184155,1,90160.65,90160.15866551126,0.4913344887347088,4.913344887347088,sl,0.0,-0.09065198448873181,0.09016065,5.0,ifvg,0.001,-0.1808126344887318
2025-11,widen_sl_4x_tp_1x,461,2184155,2184155,1,90189.0,90188.01733102254,0.9826689774696699,9.826689774696698,sl,0.0,-0.09117166897746362,0.090189,5.0,ifvg,0.001,-0.1813606689774636
2025-11,widen_sl_4x_tp_1x,462,2184157,2184157,1,90132.3,90133.3,0.1,1.0,tp,0.0,-0.0891323,0.0901323,5.0,ifvg,0.001,-0.1792646
2025-11,widen_sl_4x_tp_1x,463,2184155,2184268,-1,90137.1,90189.5,283.49999999998545,3401.9999999998254,inv,113.0,-0.1425370999999942,0.09013710000000001,5.0,ifvg_clean,0.001,-0.23267419999999422
2025-11,widen_sl_4x_tp_1x,464,2190353,2190359,1,89468.5,89478.41631799164,0.9916317991631798,9.916317991631798,tp,6.0,-0.07955218200836413,0.0894685,5.0,fvg,0.001,-0.16902068200836412
2025-11,widen_sl_4x_tp_1x,465,2192586,2192586,-1,89696.8,89692.01739130435,0.4782608695652174,4.782608695652174,tp,0.0,-0.08491419130435163,0.08969680000000001,5.0,fvg,0.001,-0.17461099130435165
2025-11,widen_sl_4x_tp_1x,466,2192586,2192586,-1,89685.8,89686.75652173914,0.9565217391304348,9.565217391304348,sl,0.0,-0.09064232173913549,0.0896858,5.0,fvg,0.001,-0.18032812173913548
2025-11,widen_sl_4x_tp_1x,467,2192865,2192865,-1,89707.8,89706.8,0.1,1.0,tp,0.0,-0.0887078,0.0897078,5.0,fvg,0.001,-0.1784156
2025-11,widen_sl_4x_tp_1x,468,2192867,2192869,-1,89716.3,89717.28050682262,0.980506822612087,9.80506822612087,sl,2.0,-0.09069680682261239,0.08971630000000001,5.0,fvg,0.001,-0.1804131068226124
2025-11,widen_sl_4x_tp_1x,469,2192931,2192931,-1,89741.45000000001,89741.94025341132,0.49025341130590167,4.9025341130590165,sl,0.0,-0.0902317034113062,0.08974145000000001,5.0,fvg,0.001,-0.1799731534113062
2025-11,widen_sl_4x_tp_1x,470,2192956,2192956,-1,89766.6,89765.6,0.1,1.0,tp,0.0,-0.08876660000000001,0.08976660000000002,5.0,fvg,0.001,-0.17853320000000003
2025-11,widen_sl_4x_tp_1x,471,2203470,2203470,-1,90474.70000000001,90475.18226950355,0.4822695035458394,4.822695035458394,inv,0.0,-0.09095696950354003,0.09047470000000002,5.0,ifvg,0.001,-0.18143166950354006
2025-11,widen_sl_4x_tp_1x,472,2203470,2203470,-1,90461.1,90462.0645390071,0.9645390070921949,9.645390070921948,sl,0.0,-0.09142563900709458,0.0904611,5.0,ifvg,0.001,-0.18188673900709457
2025-11,widen_sl_4x_tp_1x,473,2203558,2203558,-1,90488.3,90488.40000000001,0.1,1.0,inv,0.0,-0.09058830000000583,0.09048830000000001,5.0,ifvg,0.001,-0.18107660000000583
2025-11,widen_sl_4x_tp_1x,474,2203470,2204313,1,90479.8,90343.80000000002,135.99999999998545,1631.9999999998254,sl,848.0,-0.22647979999998546,0.09047980000000001,5.0,ifvg_clean,0.001,-0.31695959999998546
2025-11,widen_sl_4x_tp_1x,475,1754272,2211030,1,83343.6,91143.6,650.0,7800.0,tp,465179.0,7.7166564,0.08334360000000002,5.0,ifvg_clean,0.001,7.6333128
2025-11,widen_sl_4x_tp_1x,476,2266119,2266119,-1,91498.65,91499.13881431767,0.4888143176735401,4.888143176735401,inv,0.0,-0.0919874643176795,0.09149865,5.0,ifvg,0.001,-0.1834861143176795
2025-11,widen_sl_4x_tp_1x,477,2266119,2266119,-1,91476.8,91477.77762863535,0.9776286353467546,9.776286353467546,sl,0.0,-0.09245442863534445,0.09147680000000001,5.0,ifvg,0.001,-0.18393122863534445
2025-11,widen_sl_4x_tp_1x,478,2266121,2266121,-1,91520.5,91520.6,0.1,1.0,inv,0.0,-0.09162050000000582,0.0915205,5.0,ifvg,0.001,-0.18314100000000583
2025-11,widen_sl_4x_tp_1x,479,2266119,2266308,1,91519.9,91301.40000000001,218.49999999998545,2621.9999999998254,sl,190.0,-0.31001989999998547,0.0915199,5.0,ifvg_clean,0.001,-0.40153979999998546
2025-11,widen_sl_4x_tp_1x,480,2284355,2284355,-1,91204.35,91204.82942386832,0.47942386831246026,4.794238683124602,sl,0.0,-0.09168377386830982,0.09120435,5.0,ifvg,0.001,-0.18288812386830983
2025-11,widen_sl_4x_tp_1x,481,2284355,2284355,-1,91192.7,91193.65884773662,0.9588477366255194,9.588477366255194,sl,0.0,-0.09215154773661964,0.0911927,5.0,ifvg,0.001,-0.18334424773661964
2025-11,widen_sl_4x_tp_1x,482,2284355,2284393,1,91214.6,91192.2,116.50000000001455,1398.0000000001746,inv,42.0,-0.11361460000000874,0.0912146,5.0,ifvg_clean,0.001,-0.20482920000000876
2025-11,widen_sl_4x_tp_1x,483,2284454,2284454,-1,91216.0,91216.1,0.1,1.0,sl,0.0,-0.09131600000000582,0.091216,5.0,ifvg,0.001,-0.18253200000000583
2025-11,widen_sl_4x_tp_1x,484,2317897,2317897,1,91089.9,91088.91522070015,0.9847792998477923,9.847792998477923,sl,0.0,-0.09207467929984801,0.0910899,5.0,fvg,0.001,-0.18316457929984803
2025-11,widen_sl_4x_tp_1x,485,2318056,2318056,1,91057.54999999999,91062.47389649923,0.4923896499237854,4.923896499237854,tp,0.0,-0.08613365350075991,0.09105754999999999,5.0,fvg,0.001,-0.1771912035007599
2025-11,widen_sl_4x_tp_1x,486,2338312,2338312,1,92677.5,92682.46798975673,0.4967989756722153,4.967989756722153,tp,0.0,-0.08770951024327427,0.0926775,5.0,fvg,0.001,-0.18038701024327425
2025-11,widen_sl_4x_tp_1x,487,2338312,2338312,1,92755.1,92754.10640204867,0.9935979513444306,9.935979513444305,sl,0.0,-0.09374869795133935,0.09275510000000002,5.0,fvg,0.001,-0.18650379795133937
2025-11,widen_sl_4x_tp_1x,488,2338315,2338315,1,92599.9,92600.9,0.1,1.0,tp,0.0,-0.0915999,0.0925999,5.0,fvg,0.001,-0.1841998
2025-11,widen_sl_4x_tp_1x,489,2343843,2343843,1,92099.8,92099.31612903226,0.4838709677419355,4.838709677419355,inv,0.0,-0.09258367096774242,0.09209980000000001,5.0,ifvg,0.001,-0.18468347096774243
2025-11,widen_sl_4x_tp_1x,490,2343843,2343843,1,92114.8,92113.83225806452,0.967741935483871,9.67741935483871,sl,0.0,-0.09308254193548482,0.09211480000000001,5.0,ifvg,0.001,-0.18519734193548482
2025-11,widen_sl_4x_tp_1x,491,2344027,2344027,1,92084.8,92084.7,0.1,1.0,inv,0.0,-0.09218480000000583,0.09208480000000001,5.0,ifvg,0.001,-0.18426960000000583
2025-11,widen_sl_4x_tp_1x,492,2344047,2344047,1,92048.7,92048.20856164383,0.4914383561643827,4.914383561643827,inv,0.0,-0.09254013835616996,0.0920487,5.0,ifvg,0.001,-0.18458883835616996
2025-11,widen_sl_4x_tp_1x,493,2344047,2344047,1,92077.4,92076.41712328767,0.9828767123287654,9.828767123287655,sl,0.0,-0.09306027671232538,0.0920774,5.0,ifvg,0.001,-0.1851376767123254
2025-11,widen_sl_4x_tp_1x,494,2344051,2344051,1,92020.0,92019.9,0.1,1.0,inv,0.0,-0.09212000000000582,0.09202,5.0,ifvg,0.001,-0.18414000000000583
2025-11,widen_sl_4x_tp_1x,495,2345687,2345687,1,91267.9,91267.41008064516,0.4899193548385612,4.899193548385612,inv,0.0,-0.09175781935483354,0.0912679,5.0,ifvg,0.001,-0.18302571935483353
2025-11,widen_sl_4x_tp_1x,496,2345687,2345687,1,91292.2,91291.22016129032,0.9798387096774158,9.798387096774158,sl,0.0,-0.09227203870968163,0.09129219999999999,5.0,ifvg,0.001,-0.18356423870968164
2025-11,widen_sl_4x_tp_1x,497,2345688,2345688,1,91243.6,91243.5,0.1,1.0,inv,0.0,-0.09134360000000583,0.09124360000000001,5.0,ifvg,0.001,-0.18258720000000583
2025-11,widen_sl_4x_tp_1x,498,2345687,2346367,-1,91248.2,91491.19999999995,242.99999999995634,2915.999999999476,sl,680.0,-0.33424819999995636,0.0912482,5.0,ifvg_clean,0.001,-0.42549639999995637
2025-11,widen_sl_4x_tp_1x,499,2346508,2346508,1,91419.1,91418.11308900524,0.9869109947643995,9.869109947643995,sl,0.0,-0.0924060109947613,0.09141910000000002,5.0,fvg,0.001,-0.18382511099476131
2025-11,widen_sl_4x_tp_1x,500,2346533,2346533,1,91381.4,91380.9065445026,0.4934554973821045,4.934554973821045,sl,0.0,-0.09187485549738791,0.0913814,5.0,fvg,0.001,-0.18325625549738792
2025-11,widen_sl_4x_tp_1x,501,2346710,2346710,1,91343.7,91344.7,0.1,1.0,tp,0.0,-0.0903437,0.0913437,5.0,fvg,0.001,-0.1816874
2025-11,widen_sl_4x_tp_1x,502,2343843,2349286,-1,92091.0,90291.0,150.0,1800.0,tp,5443.0,1.7079090000000001,0.092091,5.0,ifvg_clean,0.001,1.6158180000000002
2025-11,widen_sl_4x_tp_1x,503,2350146,2350146,1,90433.65,90433.15974658869,0.49025341130590167,4.9025341130590165,inv,0.0,-0.09092390341130618,0.09043365,5.0,ifvg,0.001,-0.1813575534113062
2025-11,widen_sl_4x_tp_1x,504,2350146,2350146,1,90458.8,90457.81949317739,0.980506822612087,9.80506822612087,sl,0.0,-0.09143930682261238,0.0904588,5.0,ifvg,0.001,-0.18189810682261237
2025-11,widen_sl_4x_tp_1x,505,2350146,2350500,-1,90431.8,90683.30000000002,251.50000000001455,3018.0000000001746,sl,354.0,-0.34193180000001455,0.0904318,5.0,ifvg_clean,0.001,-0.43236360000001456
2025-11,widen_sl_4x_tp_1x,506,2351230,2351230,1,90408.5,90408.4,0.1,1.0,inv,0.0,-0.09050850000000582,0.0904085,5.0,ifvg,0.001,-0.18091700000000582
2025-11,widen_sl_4x_tp_1x,507,2525469,2525469,1,90900.0,90899.51824817518,0.4817518248175144,4.817518248175144,inv,0.0,-0.09138175182481646,0.09090000000000001,5.0,ifvg,0.001,-0.18228175182481648
2025-11,widen_sl_4x_tp_1x,508,2525469,2525469,1,90913.2,90912.23649635036,0.9635036496350288,9.635036496350288,sl,0.0,-0.09187670364963291,0.0909132,5.0,ifvg,0.001,-0.1827899036496329
2025-11,widen_sl_4x_tp_1x,509,2525524,2525524,1,90886.8,90887.8,0.1,1.0,tp,0.0,-0.0898868,0.0908868,5.0,ifvg,0.001,-0.1807736
2025-11,widen_sl_4x_tp_1x,510,2344047,2528361,-1,92028.2,90320.6,286.9999999999709,3443.9999999996508,eod,201253.0,1.6155717999999912,0.0920282,5.0,ifvg_clean,0.001,1.5235435999999911
2025-11,widen_sl_4x_tp_1x,511,2525469,2528361,-1,90891.5,90320.6,131.9999999999709,1583.9999999996508,eod,2915.0,0.4800084999999942,0.09089150000000001,5.0,ifvg_clean,0.001,0.38911699999999416
2025-11,floor_cv_1.2,0,170328,170336,1,108730.7,108705.2,140.0,1680.0,inv,8.0,-0.1342307,0.1087307,5.0,ifvg_clean,0.001,-0.2429614
2025-11,floor_cv_1.2,1,188915,191248,-1,107361.9,107586.39999999997,224.4999999999709,2693.9999999996508,sl,2346.0,-0.3318618999999709,0.1073619,5.0,ifvg_clean,0.001,-0.4392237999999709
2025-11,floor_cv_1.2,2,202295,211165,1,107847.7,107350.69999999995,497.00000000004366,5964.000000000524,sl,8947.0,-0.6048477000000437,0.1078477,5.0,ifvg_clean,0.001,-0.7126954000000437
2025-11,floor_cv_1.2,3,225599,225614,1,107315.0,107278.8,200.0,2400.0,inv,15.0,-0.1435149999999971,0.107315,5.0,ifvg_clean,0.001,-0.2508299999999971
2025-11,floor_cv_1.2,4,257419,261081,1,107049.3,106748.80000000005,300.49999999995634,3605.999999999476,sl,3709.0,-0.40754929999995637,0.1070493,5.0,ifvg_clean,0.001,-0.5145985999999564
2025-11,floor_cv_1.2,5,164817,265169,-1,109580.3,104852.29999999983,394.00000000001455,4728.000000000175,tp,101263.0,4.6184197000001745,0.1095803,5.0,ifvg_clean,0.001,4.508839400000174
2025-11,floor_cv_1.2,6,161095,265966,-1,110272.3,104140.30000000018,510.99999999998545,6131.999999999825,tp,105831.0,6.0217276999998255,0.1102723,5.0,ifvg_clean,0.001,5.911455399999825
2025-11,floor_cv_1.2,7,405847,405889,1,103787.4,103760.5,210.0,2520.0,inv,42.0,-0.13068739999999418,0.10378739999999999,5.0,ifvg_clean,0.001,-0.23447479999999415
2025-11,floor_cv_1.2,8,559713,560249,-1,100697.9,100897.39999999997,199.4999999999709,2393.9999999996508,sl,536.0,-0.3001978999999709,0.10069789999999999,5.0,ifvg_clean,0.001,-0.4008957999999709
2025-11,floor_cv_1.2,9,559839,560440,-1,100511.4,101336.4,825.0,9900.0,sl,601.0,-0.9255114000000001,0.1005114,5.0,ifvg_clean,0.001,-1.0260228
2025-11,floor_cv_1.2,10,596731,596738,-1,103090.3,103119.8,180.99999999998545,2171.9999999998254,inv,7.0,-0.1325903,0.1030903,5.0,ifvg_clean,0.001,-0.2356806
2025-11,floor_cv_1.2,11,732248,733494,-1,103589.5,103743.0,772.5,9270.0,inv,1253.0,-0.25708949999999997,0.1035895,5.0,ifvg_clean,0.001,-0.36067899999999997
2025-11,floor_cv_1.2,12,736176,736179,-1,103531.0,103586.5,333.0000000000291,3996.0000000003492,inv,3.0,-0.159031,0.10353100000000001,5.0,ifvg_clean,0.001,-0.262562
2025-11,floor_cv_1.2,13,800230,800300,1,105956.6,105931.4,153.5000000000582,1842.0000000006985,inv,70.0,-0.13115660000001167,0.10595660000000001,5.0,ifvg_clean,0.001,-0.23711320000001168
2025-11,floor_cv_1.2,14,816046,817272,-1,105068.7,105258.19999999997,189.4999999999709,2273.9999999996508,sl,1235.0,-0.29456869999997093,0.1050687,5.0,ifvg_clean,0.001,-0.39963739999997094
2025-11,floor_cv_1.2,15,818823,818847,-1,105336.7,105361.0,154.4999999999709,1853.9999999996508,inv,24.0,-0.1296367000000029,0.10533669999999999,5.0,ifvg_clean,0.001,-0.23497340000000289
2025-11,floor_cv_1.2,16,813686,819450,-1,104936.4,105548.39999999997,611.9999999999709,7343.999999999651,sl,5827.0,-0.7169363999999709,0.1049364,5.0,ifvg_clean,0.001,-0.821872799999971
2025-11,floor_cv_1.2,17,837374,837377,-1,105813.4,105825.6,161.50000000001455,1938.0000000001746,inv,3.0,-0.11801340000001165,0.1058134,5.0,ifvg_clean,0.001,-0.22382680000001165
2025-11,floor_cv_1.2,18,849676,850156,-1,106003.3,106198.79999999996,195.49999999995634,2345.999999999476,sl,486.0,-0.30150329999995634,0.10600330000000001,5.0,ifvg_clean,0.001,-0.40750659999995636
2025-11,floor_cv_1.2,19,855941,856152,1,106414.9,106383.5,169.4999999999709,2033.9999999996508,inv,212.0,-0.1378148999999942,0.1064149,5.0,ifvg_clean,0.001,-0.2442297999999942
2025-11,floor_cv_1.2,20,854544,856487,1,106576.3,106176.80000000003,399.4999999999709,4793.999999999651,sl,1971.0,-0.5060762999999708,0.1065763,5.0,ifvg_clean,0.001,-0.6126525999999708
2025-11,floor_cv_1.2,21,835871,860263,1,105512.7,105113.19999999995,399.50000000004366,4794.000000000524,sl,24783.0,-0.5050127000000436,0.1055127,5.0,ifvg_clean,0.001,-0.6105254000000436
2025-11,floor_cv_1.2,22,880992,883664,1,105304.8,105119.29999999997,185.5000000000291,2226.0000000003492,sl,2727.0,-0.2908048000000291,0.1053048,5.0,ifvg_clean,0.001,-0.39610960000002915
2025-11,floor_cv_1.2,23,861070,904593,-1,105406.6,102964.60000000018,203.49999999998545,2441.9999999998254,tp,43915.0,2.336593399999826,0.10540660000000002,5.0,ifvg_clean,0.001,2.2311867999998256
2025-11,floor_cv_1.2,24,965616,980001,1,104850.1,104260.1,590.0,7080.0,sl,14391.0,-0.6948501,0.10485010000000002,5.0,ifvg_clean,0.001,-0.7997002000000001
2025-11,floor_cv_1.2,25,992020,992445,-1,101624.8,101636.9,110.49999999995634,1325.9999999994761,inv,428.0,-0.11372479999999129,0.10162480000000002,5.0,ifvg_clean,0.001,-0.21534959999999131
2025-11,floor_cv_1.2,26,1000090,1000230,-1,101482.0,101561.9,396.9999999999709,4763.999999999651,inv,140.0,-0.1813819999999942,0.101482,5.0,ifvg_clean,0.001,-0.2828639999999942
2025-11,floor_cv_1.2,27,1066913,1066922,-1,102478.0,102506.1,141.50000000001455,1698.0000000001746,inv,9.0,-0.13057800000000583,0.10247800000000001,5.0,ifvg_clean,0.001,-0.23305600000000584
2025-11,floor_cv_1.2,28,1066641,1068936,1,102446.1,101439.10000000003,1006.9999999999709,12083.99999999965,sl,2295.0,-1.109446099999971,0.1024461,5.0,ifvg_clean,0.001,-1.211892199999971
2025-11,floor_cv_1.2,29,1071754,1071844,-1,100996.8,101175.80000000002,179.00000000001455,2148.0000000001746,sl,90.0,-0.2799968000000146,0.10099680000000001,5.0,ifvg_clean,0.001,-0.3809936000000146
2025-11,floor_cv_1.2,30,1075304,1077989,-1,100431.3,99189.30000000018,103.49999999998545,1241.9999999998254,tp,2686.0,1.1415686999998254,0.10043130000000002,5.0,ifvg_clean,0.001,1.0411373999998252
2025-11,floor_cv_1.2,31,1076631,1079199,-1,99881.3,98333.29999999983,129.00000000001455,1548.0000000001746,tp,2568.0,1.4481187000001745,0.0998813,5.0,ifvg_clean,0.001,1.3482374000001744
2025-11,floor_cv_1.2,32,1083578,1083578,-1,98707.8,98712.7,110.49999999995634,1325.9999999994761,inv,0.0,-0.10360779999999419,0.09870780000000001,5.0,ifvg_clean,0.001,-0.2023155999999942
2025-11,floor_cv_1.2,33,1086945,1086950,1,98524.0,98472.1,268.49999999998545,3221.9999999998254,inv,5.0,-0.15042399999999417,0.098524,5.0,ifvg_clean,0.001,-0.24894799999999417
2025-11,floor_cv_1.2,34,1088159,1088321,-1,98363.1,98588.60000000003,225.5000000000291,2706.0000000003492,sl,162.0,-0.32386310000002916,0.09836310000000001,5.0,ifvg_clean,0.001,-0.4222262000000292
2025-11,floor_cv_1.2,35,1095191,1098941,1,99617.7,99277.19999999997,340.5000000000291,4086.0000000003492,sl,3751.0,-0.44011770000002914,0.0996177,5.0,ifvg_clean,0.001,-0.5397354000000292
2025-11,floor_cv_1.2,36,1105163,1105293,1,99397.1,99177.1,220.0,2640.0,sl,132.0,-0.3193971,0.09939710000000002,5.0,ifvg_clean,0.001,-0.4187942
2025-11,floor_cv_1.2,37,1106082,1106189,1,99539.8,99373.80000000002,165.99999999998545,1991.9999999998254,sl,108.0,-0.26553979999998545,0.0995398,5.0,ifvg_clean,0.001,-0.36507959999998546
2025-11,floor_cv_1.2,38,1068622,1114905,-1,101815.5,97891.50000000035,326.9999999999709,3923.9999999996508,tp,46446.0,3.822184499999651,0.1018155,5.0,ifvg_clean,0.001,3.720368999999651
2025-11,floor_cv_1.2,39,1112899,1114907,-1,99106.9,97858.89999999982,104.00000000001455,1248.0000000001746,tp,2025.0,1.1488931000001747,0.0991069,5.0,ifvg_clean,0.001,1.0497862000001748
2025-11,floor_cv_1.2,40,1073080,1114911,-1,100791.8,97677.80000000035,259.4999999999709,3113.9999999996508,tp,41994.0,3.0132081999996507,0.10079180000000001,5.0,ifvg_clean,0.001,2.9124163999996506
2025-11,floor_cv_1.2,41,1109709,1122925,-1,99283.8,96073.8,267.5,3210.0,tp,13283.0,3.1107162,0.0992838,5.0,ifvg_clean,0.001,3.0114324000000003
2025-11,floor_cv_1.2,42,1132470,1132560,-1,97077.4,97125.0,255.5000000000291,3066.0000000003492,inv,90.0,-0.1446774000000058,0.0970774,5.0,ifvg_clean,0.001,-0.24175480000000582
2025-11,floor_cv_1.2,43,1133022,1133024,1,96901.7,96868.1,246.9999999999709,2963.9999999996508,inv,2.0,-0.13050169999999128,0.09690170000000001,5.0,ifvg_clean,0.001,-0.2274033999999913
2025-11,floor_cv_1.2,44,1139444,1143616,-1,96622.3,95248.30000000035,114.4999999999709,1373.9999999996508,tp,4172.0,1.277377699999651,0.09662230000000001,5.0,ifvg_clean,0.001,1.180755399999651
2025-11,floor_cv_1.2,45,1158467,1158962,-1,97165.0,97202.2,140.99999999998545,1691.9999999998254,inv,496.0,-0.1343649999999971,0.097165,5.0,ifvg_clean,0.001,-0.2315299999999971
2025-11,floor_cv_1.2,46,1295285,1298192,-1,95949.0,96055.1,553.0000000000291,6636.000000000349,inv,3017.0,-0.20204900000000584,0.095949,5.0,ifvg_clean,0.001,-0.29799800000000587
2025-11,floor_cv_1.2,47,1239419,1301378,-1,96324.4,96363.5,233.0000000000291,2796.0000000003492,inv,66079.0,-0.13542440000000583,0.0963244,5.0,ifvg_clean,0.001,-0.23174880000000583
2025-11,floor_cv_1.2,48,1312892,1313005,-1,95592.6,95728.59999999999,135.99999999998545,1631.9999999998254,sl,114.0,-0.23159259999998544,0.0955926,5.0,ifvg_clean,0.001,-0.3271851999999854
2025-11,floor_cv_1.2,49,1115590,1344338,-1,97835.9,93221.90000000034,384.4999999999709,4613.999999999651,tp,234910.0,4.516164099999651,0.0978359,5.0,ifvg_clean,0.001,4.418328199999651
2025-11,floor_cv_1.2,50,1354451,1354462,-1,94659.3,94705.7,255.0,3060.0,inv,11.0,-0.14105929999999417,0.0946593,5.0,ifvg_clean,0.001,-0.23571859999999417
2025-11,floor_cv_1.2,51,1354537,1358198,1,94882.3,94765.79999999999,116.50000000001455,1398.0000000001746,sl,3713.0,-0.21138230000001457,0.0948823,5.0,ifvg_clean,0.001,-0.30626460000001454
2025-11,floor_cv_1.2,52,1381472,1381481,-1,95747.5,95772.3,204.00000000001455,2448.0000000001746,inv,9.0,-0.12054750000000292,0.0957475,5.0,ifvg_clean,0.001,-0.2162950000000029
2025-11,floor_cv_1.2,53,1403745,1403936,1,95304.8,94970.30000000003,334.4999999999709,4013.9999999996508,sl,191.0,-0.4298047999999709,0.09530480000000001,5.0,ifvg_clean,0.001,-0.5251095999999709
2025-11,floor_cv_1.2,54,1450615,1466534,-1,90717.1,90955.60000000006,238.5000000000582,2862.0000000006985,sl,15924.0,-0.3292171000000582,0.09071710000000001,5.0,ifvg_clean,0.001,-0.4199342000000582
2025-11,floor_cv_1.2,55,1496387,1496618,1,93583.5,93400.00000000001,183.49999999998545,2201.9999999998254,sl,231.0,-0.27708349999998544,0.0935835,5.0,ifvg_clean,0.001,-0.3706669999999854
2025-11,floor_cv_1.2,56,1500400,1500403,1,93290.4,93274.9,104.50000000004366,1254.0000000005239,inv,3.0,-0.1087904,0.0932904,5.0,ifvg_clean,0.001,-0.2020808
2025-11,floor_cv_1.2,57,1500747,1501545,-1,93214.6,93344.6,130.0,1560.0,sl,806.0,-0.2232146,0.09321460000000001,5.0,ifvg_clean,0.001,-0.3164292
2025-11,floor_cv_1.2,58,1504682,1507327,-1,93474.8,93516.0,217.5,2610.0,inv,2703.0,-0.1346747999999971,0.09347480000000001,5.0,ifvg_clean,0.001,-0.22814959999999712
2025-11,floor_cv_1.2,59,1508800,1508834,1,93162.9,93139.5,120.0,1440.0,inv,36.0,-0.11656289999999417,0.09316289999999999,5.0,ifvg_clean,0.001,-0.20972579999999416
2025-11,floor_cv_1.2,60,1510790,1510966,1,92915.2,92876.5,198.0000000000291,2376.0000000003492,inv,179.0,-0.1316151999999971,0.0929152,5.0,ifvg_clean,0.001,-0.2245303999999971
2025-11,floor_cv_1.2,61,1516627,1519626,1,93049.4,92790.90000000001,258.49999999998545,3101.9999999998254,sl,3086.0,-0.35154939999998547,0.09304939999999999,5.0,ifvg_clean,0.001,-0.4445987999999855
2025-11,floor_cv_1.2,62,1597353,1597407,-1,89528.6,89575.9,245.0,2940.0,inv,54.0,-0.13682859999998837,0.08952860000000001,5.0,ifvg_clean,0.001,-0.22635719999998838
2025-11,floor_cv_1.2,63,1656230,1656232,-1,91820.8,91883.8,448.0000000000291,5376.000000000349,inv,2.0,-0.1548208,0.09182080000000001,5.0,ifvg_clean,0.001,-0.24664160000000002
2025-11,floor_cv_1.2,64,1596844,1665663,1,89255.8,88889.80000000002,365.99999999998545,4391.999999999825,sl,69538.0,-0.45525579999998544,0.08925580000000001,5.0,ifvg_clean,0.001,-0.5445115999999854
2025-11,floor_cv_1.2,65,1408035,1721124,-1,93649.8,83635.80000000035,834.4999999999709,10013.99999999965,tp,315124.0,9.920350199999652,0.0936498,5.0,ifvg_clean,0.001,9.826700399999652
2025-11,floor_cv_1.2,66,1731560,1731923,-1,82220.0,82570.49999999996,350.49999999995634,4205.999999999476,sl,363.0,-0.43271999999995636,0.08222,5.0,ifvg_clean,0.001,-0.5149399999999563
2025-11,floor_cv_1.2,67,1737793,1737823,1,82096.4,82038.5,290.5000000000291,3486.0000000003492,inv,30.0,-0.1399963999999942,0.0820964,5.0,ifvg_clean,0.001,-0.2220927999999942
2025-11,floor_cv_1.2,68,1750460,1750460,1,82784.7,82810.8,131.50000000001455,1578.0000000001746,inv,0.0,-0.05668469999999418,0.0827847,5.0,ifvg_clean,0.001,-0.1394693999999942
2025-11,floor_cv_1.2,69,1751277,1753724,-1,82960.7,83509.70000000001,549.0000000000146,6588.000000000175,sl,2447.0,-0.6319607000000146,0.0829607,5.0,ifvg_clean,0.001,-0.7149214000000146
2025-11,floor_cv_1.2,70,1759748,1759766,1,83468.4,83410.4,291.0000000000582,3492.0000000006985,inv,18.0,-0.1414684,0.0834684,5.0,ifvg_clean,0.001,-0.2249368
2025-11,floor_cv_1.2,71,1785760,1785826,-1,84982.6,85012.1,168.0000000000291,2016.0000000003492,inv,67.0,-0.1144826,0.0849826,5.0,ifvg_clean,0.001,-0.1994652
2025-11,floor_cv_1.2,72,1786576,1787710,1,85096.6,84925.10000000006,171.4999999999418,2057.9999999993015,sl,1162.0,-0.2565965999999418,0.08509660000000001,5.0,ifvg_clean,0.001,-0.3416931999999418
2025-11,floor_cv_1.2,73,1805001,1805756,1,84670.5,84459.50000000001,210.99999999998545,2531.9999999998254,sl,762.0,-0.29567049999998546,0.08467050000000001,5.0,ifvg_clean,0.001,-0.3803409999999855
2025-11,floor_cv_1.2,74,1810764,1810785,1,84155.5,84096.9,371.0000000000582,4452.0000000006985,inv,21.0,-0.14275550000000584,0.08415550000000001,5.0,ifvg_clean,0.001,-0.22691100000000586
2025-11,floor_cv_1.2,75,1827119,1827889,1,84009.4,83887.40000000002,121.9999999999709,1463.9999999996508,sl,776.0,-0.2060093999999709,0.0840094,5.0,ifvg_clean,0.001,-0.2900187999999709
2025-11,floor_cv_1.2,76,1838575,1838644,-1,84497.3,84544.2,234.4999999999709,2813.9999999996508,inv,71.0,-0.1313972999999942,0.08449730000000001,5.0,ifvg_clean,0.001,-0.21589459999999422
2025-11,floor_cv_1.2,77,1788954,1839815,-1,84684.9,84810.89999999998,125.99999999998545,1511.9999999998254,sl,51481.0,-0.21068489999998546,0.08468490000000001,5.0,ifvg_clean,0.001,-0.29536979999998547
2025-11,floor_cv_1.2,78,1870385,1870450,-1,85767.1,85787.9,136.9999999999709,1643.9999999996508,inv,65.0,-0.10656709999998837,0.08576710000000001,5.0,ifvg_clean,0.001,-0.19233419999998838
2025-11,floor_cv_1.2,79,1958568,1958599,-1,87378.6,87418.0,185.99999999998545,2231.9999999998254,inv,32.0,-0.1267785999999942,0.0873786,5.0,ifvg_clean,0.001,-0.2141571999999942
2025-11,floor_cv_1.2,80,2000431,2000560,1,85960.5,85938.7,145.99999999998545,1751.9999999998254,inv,135.0,-0.10776050000000291,0.0859605,5.0,ifvg_clean,0.001,-0.19372100000000292
2025-11,floor_cv_1.2,81,2002653,2002698,1,86169.8,86099.0,360.99999999998545,4331.999999999825,inv,45.0,-0.15696980000000293,0.0861698,5.0,ifvg_clean,0.001,-0.24313960000000295
2025-11,floor_cv_1.2,82,2018002,2018011,-1,88598.0,88618.3,150.0,1800.0,inv,9.0,-0.10889800000000291,0.088598,5.0,ifvg_clean,0.001,-0.1974960000000029
2025-11,floor_cv_1.2,83,2031138,2031175,1,88672.2,88624.4,253.0000000000291,3036.0000000003492,inv,38.0,-0.13647220000000293,0.0886722,5.0,ifvg_clean,0.001,-0.22514440000000294
2025-11,floor_cv_1.2,84,2016258,2036387,1,88372.8,87859.30000000002,513.4999999999854,6161.999999999825,sl,20406.0,-0.6018727999999854,0.0883728,5.0,ifvg_clean,0.001,-0.6902455999999855
2025-11,floor_cv_1.2,85,2038055,2038366,1,88033.9,87958.2,563.0000000000291,6756.000000000349,inv,324.0,-0.1637338999999971,0.0880339,5.0,ifvg_clean,0.001,-0.2517677999999971
2025-11,floor_cv_1.2,86,2047370,2049677,-1,87696.0,87996.49999999996,300.49999999995634,3605.999999999476,sl,2359.0,-0.38819599999995635,0.087696,5.0,ifvg_clean,0.001,-0.47589199999995635
2025-11,floor_cv_1.2,87,2082008,2082509,-1,87513.3,87631.79999999999,118.49999999998545,1421.9999999998254,sl,511.0,-0.20601329999998547,0.0875133,5.0,ifvg_clean,0.001,-0.2935265999999855
2025-11,floor_cv_1.2,88,2088297,2088500,-1,86276.0,86684.49999999999,408.49999999998545,4901.999999999825,sl,203.0,-0.49477599999998545,0.08627599999999999,5.0,ifvg_clean,0.001,-0.5810519999999855
2025-11,floor_cv_1.2,89,2088601,2088601,-1,86583.1,86580.2,105.49999999995634,1265.9999999994761,inv,0.0,-0.08368309999999128,0.08658310000000001,5.0,ifvg_clean,0.001,-0.1702661999999913
2025-11,floor_cv_1.2,90,2101334,2101667,1,87490.5,87466.2,112.00000000004366,1344.0000000005239,inv,344.0,-0.1117905000000029,0.0874905,5.0,ifvg_clean,0.001,-0.1992810000000029
2025-11,floor_cv_1.2,91,2109272,2109280,-1,87337.8,87349.3,103.49999999998545,1241.9999999998254,inv,9.0,-0.0988378,0.08733780000000001,5.0,ifvg_clean,0.001,-0.1861756
2025-11,floor_cv_1.2,92,2110883,2111026,-1,87248.5,87297.7,245.49999999995634,2945.999999999476,inv,154.0,-0.13644849999999709,0.0872485,5.0,ifvg_clean,0.001,-0.2236969999999971
2025-11,floor_cv_1.2,93,2133659,2137247,-1,87191.7,87365.20000000006,173.5000000000582,2082.0000000006985,sl,3769.0,-0.2606917000000582,0.0871917,5.0,ifvg_clean,0.001,-0.3478834000000582
2025-11,floor_cv_1.2,94,2128860,2156241,-1,87879.6,86673.59999999966,100.5000000000291,1206.0000000003492,tp,28373.0,1.1181204000003493,0.08787960000000002,5.0,ifvg_clean,0.001,1.0302408000003493
2025-11,floor_cv_1.2,95,2184155,2184268,-1,90137.1,90189.5,283.49999999998545,3401.9999999998254,inv,113.0,-0.1425370999999942,0.09013710000000001,5.0,ifvg_clean,0.001,-0.23267419999999422
2025-11,floor_cv_1.2,96,2203470,2204313,1,90479.8,90343.80000000002,135.99999999998545,1631.9999999998254,sl,848.0,-0.22647979999998546,0.09047980000000001,5.0,ifvg_clean,0.001,-0.31695959999998546
2025-11,floor_cv_1.2,97,1754272,2211030,1,83343.6,91143.6,650.0,7800.0,tp,465179.0,7.7166564,0.08334360000000002,5.0,ifvg_clean,0.001,7.6333128
2025-11,floor_cv_1.2,98,2266119,2266308,1,91519.9,91301.40000000001,218.49999999998545,2621.9999999998254,sl,190.0,-0.31001989999998547,0.0915199,5.0,ifvg_clean,0.001,-0.40153979999998546
2025-11,floor_cv_1.2,99,2284355,2284393,1,91214.6,91192.2,116.50000000001455,1398.0000000001746,inv,42.0,-0.11361460000000874,0.0912146,5.0,ifvg_clean,0.001,-0.20482920000000876
2025-11,floor_cv_1.2,100,2345687,2346367,-1,91248.2,91491.19999999995,242.99999999995634,2915.999999999476,sl,680.0,-0.33424819999995636,0.0912482,5.0,ifvg_clean,0.001,-0.42549639999995637
2025-11,floor_cv_1.2,101,2343843,2349286,-1,92091.0,90291.0,150.0,1800.0,tp,5443.0,1.7079090000000001,0.092091,5.0,ifvg_clean,0.001,1.6158180000000002
2025-11,floor_cv_1.2,102,2350146,2350500,-1,90431.8,90683.30000000002,251.50000000001455,3018.0000000001746,sl,354.0,-0.34193180000001455,0.0904318,5.0,ifvg_clean,0.001,-0.43236360000001456
2025-11,floor_cv_1.2,103,2344047,2528361,-1,92028.2,90320.6,286.9999999999709,3443.9999999996508,eod,201253.0,1.6155717999999912,0.0920282,5.0,ifvg_clean,0.001,1.5235435999999911
2025-11,floor_cv_1.2,104,2525469,2528361,-1,90891.5,90320.6,131.9999999999709,1583.9999999996508,eod,2915.0,0.4800084999999942,0.09089150000000001,5.0,ifvg_clean,0.001,0.38911699999999416
2025-11,floor_cv_1.2_widen_2x,0,170328,170336,1,108730.7,108705.2,140.0,1680.0,inv,8.0,-0.1342307,0.1087307,5.0,ifvg_clean,0.001,-0.2429614
2025-11,floor_cv_1.2_widen_2x,1,188915,191248,-1,107361.9,107586.39999999997,224.4999999999709,2693.9999999996508,sl,2346.0,-0.3318618999999709,0.1073619,5.0,ifvg_clean,0.001,-0.4392237999999709
2025-11,floor_cv_1.2_widen_2x,2,202295,211165,1,107847.7,107350.69999999995,497.00000000004366,5964.000000000524,sl,8947.0,-0.6048477000000437,0.1078477,5.0,ifvg_clean,0.001,-0.7126954000000437
2025-11,floor_cv_1.2_widen_2x,3,225599,225614,1,107315.0,107278.8,200.0,2400.0,inv,15.0,-0.1435149999999971,0.107315,5.0,ifvg_clean,0.001,-0.2508299999999971
2025-11,floor_cv_1.2_widen_2x,4,257419,261081,1,107049.3,106748.80000000005,300.49999999995634,3605.999999999476,sl,3709.0,-0.40754929999995637,0.1070493,5.0,ifvg_clean,0.001,-0.5145985999999564
2025-11,floor_cv_1.2_widen_2x,5,164817,265169,-1,109580.3,104852.29999999983,394.00000000001455,4728.000000000175,tp,101263.0,4.6184197000001745,0.1095803,5.0,ifvg_clean,0.001,4.508839400000174
2025-11,floor_cv_1.2_widen_2x,6,161095,265966,-1,110272.3,104140.30000000018,510.99999999998545,6131.999999999825,tp,105831.0,6.0217276999998255,0.1102723,5.0,ifvg_clean,0.001,5.911455399999825
2025-11,floor_cv_1.2_widen_2x,7,405847,405889,1,103787.4,103760.5,210.0,2520.0,inv,42.0,-0.13068739999999418,0.10378739999999999,5.0,ifvg_clean,0.001,-0.23447479999999415
2025-11,floor_cv_1.2_widen_2x,8,559713,560249,-1,100697.9,100897.39999999997,199.4999999999709,2393.9999999996508,sl,536.0,-0.3001978999999709,0.10069789999999999,5.0,ifvg_clean,0.001,-0.4008957999999709
2025-11,floor_cv_1.2_widen_2x,9,559839,560440,-1,100511.4,101336.4,825.0,9900.0,sl,601.0,-0.9255114000000001,0.1005114,5.0,ifvg_clean,0.001,-1.0260228
2025-11,floor_cv_1.2_widen_2x,10,596731,596738,-1,103090.3,103119.8,180.99999999998545,2171.9999999998254,inv,7.0,-0.1325903,0.1030903,5.0,ifvg_clean,0.001,-0.2356806
2025-11,floor_cv_1.2_widen_2x,11,732248,733494,-1,103589.5,103743.0,772.5,9270.0,inv,1253.0,-0.25708949999999997,0.1035895,5.0,ifvg_clean,0.001,-0.36067899999999997
2025-11,floor_cv_1.2_widen_2x,12,736176,736179,-1,103531.0,103586.5,333.0000000000291,3996.0000000003492,inv,3.0,-0.159031,0.10353100000000001,5.0,ifvg_clean,0.001,-0.262562
2025-11,floor_cv_1.2_widen_2x,13,800230,800300,1,105956.6,105931.4,153.5000000000582,1842.0000000006985,inv,70.0,-0.13115660000001167,0.10595660000000001,5.0,ifvg_clean,0.001,-0.23711320000001168
2025-11,floor_cv_1.2_widen_2x,14,816046,817272,-1,105068.7,105258.19999999997,189.4999999999709,2273.9999999996508,sl,1235.0,-0.29456869999997093,0.1050687,5.0,ifvg_clean,0.001,-0.39963739999997094
2025-11,floor_cv_1.2_widen_2x,15,818823,818847,-1,105336.7,105361.0,154.4999999999709,1853.9999999996508,inv,24.0,-0.1296367000000029,0.10533669999999999,5.0,ifvg_clean,0.001,-0.23497340000000289
2025-11,floor_cv_1.2_widen_2x,16,813686,819450,-1,104936.4,105548.39999999997,611.9999999999709,7343.999999999651,sl,5827.0,-0.7169363999999709,0.1049364,5.0,ifvg_clean,0.001,-0.821872799999971
2025-11,floor_cv_1.2_widen_2x,17,837374,837377,-1,105813.4,105825.6,161.50000000001455,1938.0000000001746,inv,3.0,-0.11801340000001165,0.1058134,5.0,ifvg_clean,0.001,-0.22382680000001165
2025-11,floor_cv_1.2_widen_2x,18,849676,850156,-1,106003.3,106198.79999999996,195.49999999995634,2345.999999999476,sl,486.0,-0.30150329999995634,0.10600330000000001,5.0,ifvg_clean,0.001,-0.40750659999995636
2025-11,floor_cv_1.2_widen_2x,19,855941,856152,1,106414.9,106383.5,169.4999999999709,2033.9999999996508,inv,212.0,-0.1378148999999942,0.1064149,5.0,ifvg_clean,0.001,-0.2442297999999942
2025-11,floor_cv_1.2_widen_2x,20,854544,856487,1,106576.3,106176.80000000003,399.4999999999709,4793.999999999651,sl,1971.0,-0.5060762999999708,0.1065763,5.0,ifvg_clean,0.001,-0.6126525999999708
2025-11,floor_cv_1.2_widen_2x,21,835871,860263,1,105512.7,105113.19999999995,399.50000000004366,4794.000000000524,sl,24783.0,-0.5050127000000436,0.1055127,5.0,ifvg_clean,0.001,-0.6105254000000436
2025-11,floor_cv_1.2_widen_2x,22,880992,883664,1,105304.8,105119.29999999997,185.5000000000291,2226.0000000003492,sl,2727.0,-0.2908048000000291,0.1053048,5.0,ifvg_clean,0.001,-0.39610960000002915
2025-11,floor_cv_1.2_widen_2x,23,861070,904593,-1,105406.6,102964.60000000018,203.49999999998545,2441.9999999998254,tp,43915.0,2.336593399999826,0.10540660000000002,5.0,ifvg_clean,0.001,2.2311867999998256
2025-11,floor_cv_1.2_widen_2x,24,965616,980001,1,104850.1,104260.1,590.0,7080.0,sl,14391.0,-0.6948501,0.10485010000000002,5.0,ifvg_clean,0.001,-0.7997002000000001
2025-11,floor_cv_1.2_widen_2x,25,992020,992445,-1,101624.8,101636.9,110.49999999995634,1325.9999999994761,inv,428.0,-0.11372479999999129,0.10162480000000002,5.0,ifvg_clean,0.001,-0.21534959999999131
2025-11,floor_cv_1.2_widen_2x,26,1000090,1000230,-1,101482.0,101561.9,396.9999999999709,4763.999999999651,inv,140.0,-0.1813819999999942,0.101482,5.0,ifvg_clean,0.001,-0.2828639999999942
2025-11,floor_cv_1.2_widen_2x,27,1066913,1066922,-1,102478.0,102506.1,141.50000000001455,1698.0000000001746,inv,9.0,-0.13057800000000583,0.10247800000000001,5.0,ifvg_clean,0.001,-0.23305600000000584
2025-11,floor_cv_1.2_widen_2x,28,1066641,1068936,1,102446.1,101439.10000000003,1006.9999999999709,12083.99999999965,sl,2295.0,-1.109446099999971,0.1024461,5.0,ifvg_clean,0.001,-1.211892199999971
2025-11,floor_cv_1.2_widen_2x,29,1071754,1071844,-1,100996.8,101175.80000000002,179.00000000001455,2148.0000000001746,sl,90.0,-0.2799968000000146,0.10099680000000001,5.0,ifvg_clean,0.001,-0.3809936000000146
2025-11,floor_cv_1.2_widen_2x,30,1075304,1077989,-1,100431.3,99189.30000000018,103.49999999998545,1241.9999999998254,tp,2686.0,1.1415686999998254,0.10043130000000002,5.0,ifvg_clean,0.001,1.0411373999998252
2025-11,floor_cv_1.2_widen_2x,31,1076631,1079199,-1,99881.3,98333.29999999983,129.00000000001455,1548.0000000001746,tp,2568.0,1.4481187000001745,0.0998813,5.0,ifvg_clean,0.001,1.3482374000001744
2025-11,floor_cv_1.2_widen_2x,32,1083578,1083578,-1,98707.8,98712.7,110.49999999995634,1325.9999999994761,inv,0.0,-0.10360779999999419,0.09870780000000001,5.0,ifvg_clean,0.001,-0.2023155999999942
2025-11,floor_cv_1.2_widen_2x,33,1086945,1086950,1,98524.0,98472.1,268.49999999998545,3221.9999999998254,inv,5.0,-0.15042399999999417,0.098524,5.0,ifvg_clean,0.001,-0.24894799999999417
2025-11,floor_cv_1.2_widen_2x,34,1088159,1088321,-1,98363.1,98588.60000000003,225.5000000000291,2706.0000000003492,sl,162.0,-0.32386310000002916,0.09836310000000001,5.0,ifvg_clean,0.001,-0.4222262000000292
2025-11,floor_cv_1.2_widen_2x,35,1095191,1098941,1,99617.7,99277.19999999997,340.5000000000291,4086.0000000003492,sl,3751.0,-0.44011770000002914,0.0996177,5.0,ifvg_clean,0.001,-0.5397354000000292
2025-11,floor_cv_1.2_widen_2x,36,1105163,1105293,1,99397.1,99177.1,220.0,2640.0,sl,132.0,-0.3193971,0.09939710000000002,5.0,ifvg_clean,0.001,-0.4187942
2025-11,floor_cv_1.2_widen_2x,37,1106082,1106189,1,99539.8,99373.80000000002,165.99999999998545,1991.9999999998254,sl,108.0,-0.26553979999998545,0.0995398,5.0,ifvg_clean,0.001,-0.36507959999998546
2025-11,floor_cv_1.2_widen_2x,38,1068622,1114905,-1,101815.5,97891.50000000035,326.9999999999709,3923.9999999996508,tp,46446.0,3.822184499999651,0.1018155,5.0,ifvg_clean,0.001,3.720368999999651
2025-11,floor_cv_1.2_widen_2x,39,1112899,1114907,-1,99106.9,97858.89999999982,104.00000000001455,1248.0000000001746,tp,2025.0,1.1488931000001747,0.0991069,5.0,ifvg_clean,0.001,1.0497862000001748
2025-11,floor_cv_1.2_widen_2x,40,1073080,1114911,-1,100791.8,97677.80000000035,259.4999999999709,3113.9999999996508,tp,41994.0,3.0132081999996507,0.10079180000000001,5.0,ifvg_clean,0.001,2.9124163999996506
2025-11,floor_cv_1.2_widen_2x,41,1109709,1122925,-1,99283.8,96073.8,267.5,3210.0,tp,13283.0,3.1107162,0.0992838,5.0,ifvg_clean,0.001,3.0114324000000003
2025-11,floor_cv_1.2_widen_2x,42,1132470,1132560,-1,97077.4,97125.0,255.5000000000291,3066.0000000003492,inv,90.0,-0.1446774000000058,0.0970774,5.0,ifvg_clean,0.001,-0.24175480000000582
2025-11,floor_cv_1.2_widen_2x,43,1133022,1133024,1,96901.7,96868.1,246.9999999999709,2963.9999999996508,inv,2.0,-0.13050169999999128,0.09690170000000001,5.0,ifvg_clean,0.001,-0.2274033999999913
2025-11,floor_cv_1.2_widen_2x,44,1139444,1143616,-1,96622.3,95248.30000000035,114.4999999999709,1373.9999999996508,tp,4172.0,1.277377699999651,0.09662230000000001,5.0,ifvg_clean,0.001,1.180755399999651
2025-11,floor_cv_1.2_widen_2x,45,1158467,1158962,-1,97165.0,97202.2,140.99999999998545,1691.9999999998254,inv,496.0,-0.1343649999999971,0.097165,5.0,ifvg_clean,0.001,-0.2315299999999971
2025-11,floor_cv_1.2_widen_2x,46,1295285,1298192,-1,95949.0,96055.1,553.0000000000291,6636.000000000349,inv,3017.0,-0.20204900000000584,0.095949,5.0,ifvg_clean,0.001,-0.29799800000000587
2025-11,floor_cv_1.2_widen_2x,47,1239419,1301378,-1,96324.4,96363.5,233.0000000000291,2796.0000000003492,inv,66079.0,-0.13542440000000583,0.0963244,5.0,ifvg_clean,0.001,-0.23174880000000583
2025-11,floor_cv_1.2_widen_2x,48,1312892,1313005,-1,95592.6,95728.59999999999,135.99999999998545,1631.9999999998254,sl,114.0,-0.23159259999998544,0.0955926,5.0,ifvg_clean,0.001,-0.3271851999999854
2025-11,floor_cv_1.2_widen_2x,49,1115590,1344338,-1,97835.9,93221.90000000034,384.4999999999709,4613.999999999651,tp,234910.0,4.516164099999651,0.0978359,5.0,ifvg_clean,0.001,4.418328199999651
2025-11,floor_cv_1.2_widen_2x,50,1354451,1354462,-1,94659.3,94705.7,255.0,3060.0,inv,11.0,-0.14105929999999417,0.0946593,5.0,ifvg_clean,0.001,-0.23571859999999417
2025-11,floor_cv_1.2_widen_2x,51,1354537,1358198,1,94882.3,94765.79999999999,116.50000000001455,1398.0000000001746,sl,3713.0,-0.21138230000001457,0.0948823,5.0,ifvg_clean,0.001,-0.30626460000001454
2025-11,floor_cv_1.2_widen_2x,52,1381472,1381481,-1,95747.5,95772.3,204.00000000001455,2448.0000000001746,inv,9.0,-0.12054750000000292,0.0957475,5.0,ifvg_clean,0.001,-0.2162950000000029
2025-11,floor_cv_1.2_widen_2x,53,1403745,1403936,1,95304.8,94970.30000000003,334.4999999999709,4013.9999999996508,sl,191.0,-0.4298047999999709,0.09530480000000001,5.0,ifvg_clean,0.001,-0.5251095999999709
2025-11,floor_cv_1.2_widen_2x,54,1450615,1466534,-1,90717.1,90955.60000000006,238.5000000000582,2862.0000000006985,sl,15924.0,-0.3292171000000582,0.09071710000000001,5.0,ifvg_clean,0.001,-0.4199342000000582
2025-11,floor_cv_1.2_widen_2x,55,1496387,1496618,1,93583.5,93400.00000000001,183.49999999998545,2201.9999999998254,sl,231.0,-0.27708349999998544,0.0935835,5.0,ifvg_clean,0.001,-0.3706669999999854
2025-11,floor_cv_1.2_widen_2x,56,1500400,1500403,1,93290.4,93274.9,104.50000000004366,1254.0000000005239,inv,3.0,-0.1087904,0.0932904,5.0,ifvg_clean,0.001,-0.2020808
2025-11,floor_cv_1.2_widen_2x,57,1500747,1501545,-1,93214.6,93344.6,130.0,1560.0,sl,806.0,-0.2232146,0.09321460000000001,5.0,ifvg_clean,0.001,-0.3164292
2025-11,floor_cv_1.2_widen_2x,58,1504682,1507327,-1,93474.8,93516.0,217.5,2610.0,inv,2703.0,-0.1346747999999971,0.09347480000000001,5.0,ifvg_clean,0.001,-0.22814959999999712
2025-11,floor_cv_1.2_widen_2x,59,1508800,1508834,1,93162.9,93139.5,120.0,1440.0,inv,36.0,-0.11656289999999417,0.09316289999999999,5.0,ifvg_clean,0.001,-0.20972579999999416
2025-11,floor_cv_1.2_widen_2x,60,1510790,1510966,1,92915.2,92876.5,198.0000000000291,2376.0000000003492,inv,179.0,-0.1316151999999971,0.0929152,5.0,ifvg_clean,0.001,-0.2245303999999971
2025-11,floor_cv_1.2_widen_2x,61,1516627,1519626,1,93049.4,92790.90000000001,258.49999999998545,3101.9999999998254,sl,3086.0,-0.35154939999998547,0.09304939999999999,5.0,ifvg_clean,0.001,-0.4445987999999855
2025-11,floor_cv_1.2_widen_2x,62,1597353,1597407,-1,89528.6,89575.9,245.0,2940.0,inv,54.0,-0.13682859999998837,0.08952860000000001,5.0,ifvg_clean,0.001,-0.22635719999998838
2025-11,floor_cv_1.2_widen_2x,63,1656230,1656232,-1,91820.8,91883.8,448.0000000000291,5376.000000000349,inv,2.0,-0.1548208,0.09182080000000001,5.0,ifvg_clean,0.001,-0.24664160000000002
2025-11,floor_cv_1.2_widen_2x,64,1596844,1665663,1,89255.8,88889.80000000002,365.99999999998545,4391.999999999825,sl,69538.0,-0.45525579999998544,0.08925580000000001,5.0,ifvg_clean,0.001,-0.5445115999999854
2025-11,floor_cv_1.2_widen_2x,65,1408035,1721124,-1,93649.8,83635.80000000035,834.4999999999709,10013.99999999965,tp,315124.0,9.920350199999652,0.0936498,5.0,ifvg_clean,0.001,9.826700399999652
2025-11,floor_cv_1.2_widen_2x,66,1731560,1731923,-1,82220.0,82570.49999999996,350.49999999995634,4205.999999999476,sl,363.0,-0.43271999999995636,0.08222,5.0,ifvg_clean,0.001,-0.5149399999999563
2025-11,floor_cv_1.2_widen_2x,67,1737793,1737823,1,82096.4,82038.5,290.5000000000291,3486.0000000003492,inv,30.0,-0.1399963999999942,0.0820964,5.0,ifvg_clean,0.001,-0.2220927999999942
2025-11,floor_cv_1.2_widen_2x,68,1750460,1750460,1,82784.7,82810.8,131.50000000001455,1578.0000000001746,inv,0.0,-0.05668469999999418,0.0827847,5.0,ifvg_clean,0.001,-0.1394693999999942
2025-11,floor_cv_1.2_widen_2x,69,1751277,1753724,-1,82960.7,83509.70000000001,549.0000000000146,6588.000000000175,sl,2447.0,-0.6319607000000146,0.0829607,5.0,ifvg_clean,0.001,-0.7149214000000146
2025-11,floor_cv_1.2_widen_2x,70,1759748,1759766,1,83468.4,83410.4,291.0000000000582,3492.0000000006985,inv,18.0,-0.1414684,0.0834684,5.0,ifvg_clean,0.001,-0.2249368
2025-11,floor_cv_1.2_widen_2x,71,1785760,1785826,-1,84982.6,85012.1,168.0000000000291,2016.0000000003492,inv,67.0,-0.1144826,0.0849826,5.0,ifvg_clean,0.001,-0.1994652
2025-11,floor_cv_1.2_widen_2x,72,1786576,1787710,1,85096.6,84925.10000000006,171.4999999999418,2057.9999999993015,sl,1162.0,-0.2565965999999418,0.08509660000000001,5.0,ifvg_clean,0.001,-0.3416931999999418
2025-11,floor_cv_1.2_widen_2x,73,1805001,1805756,1,84670.5,84459.50000000001,210.99999999998545,2531.9999999998254,sl,762.0,-0.29567049999998546,0.08467050000000001,5.0,ifvg_clean,0.001,-0.3803409999999855
2025-11,floor_cv_1.2_widen_2x,74,1810764,1810785,1,84155.5,84096.9,371.0000000000582,4452.0000000006985,inv,21.0,-0.14275550000000584,0.08415550000000001,5.0,ifvg_clean,0.001,-0.22691100000000586
2025-11,floor_cv_1.2_widen_2x,75,1827119,1827889,1,84009.4,83887.40000000002,121.9999999999709,1463.9999999996508,sl,776.0,-0.2060093999999709,0.0840094,5.0,ifvg_clean,0.001,-0.2900187999999709
2025-11,floor_cv_1.2_widen_2x,76,1838575,1838644,-1,84497.3,84544.2,234.4999999999709,2813.9999999996508,inv,71.0,-0.1313972999999942,0.08449730000000001,5.0,ifvg_clean,0.001,-0.21589459999999422
2025-11,floor_cv_1.2_widen_2x,77,1788954,1839815,-1,84684.9,84810.89999999998,125.99999999998545,1511.9999999998254,sl,51481.0,-0.21068489999998546,0.08468490000000001,5.0,ifvg_clean,0.001,-0.29536979999998547
2025-11,floor_cv_1.2_widen_2x,78,1870385,1870450,-1,85767.1,85787.9,136.9999999999709,1643.9999999996508,inv,65.0,-0.10656709999998837,0.08576710000000001,5.0,ifvg_clean,0.001,-0.19233419999998838
2025-11,floor_cv_1.2_widen_2x,79,1958568,1958599,-1,87378.6,87418.0,185.99999999998545,2231.9999999998254,inv,32.0,-0.1267785999999942,0.0873786,5.0,ifvg_clean,0.001,-0.2141571999999942
2025-11,floor_cv_1.2_widen_2x,80,2000431,2000560,1,85960.5,85938.7,145.99999999998545,1751.9999999998254,inv,135.0,-0.10776050000000291,0.0859605,5.0,ifvg_clean,0.001,-0.19372100000000292
2025-11,floor_cv_1.2_widen_2x,81,2002653,2002698,1,86169.8,86099.0,360.99999999998545,4331.999999999825,inv,45.0,-0.15696980000000293,0.0861698,5.0,ifvg_clean,0.001,-0.24313960000000295
2025-11,floor_cv_1.2_widen_2x,82,2018002,2018011,-1,88598.0,88618.3,150.0,1800.0,inv,9.0,-0.10889800000000291,0.088598,5.0,ifvg_clean,0.001,-0.1974960000000029
2025-11,floor_cv_1.2_widen_2x,83,2031138,2031175,1,88672.2,88624.4,253.0000000000291,3036.0000000003492,inv,38.0,-0.13647220000000293,0.0886722,5.0,ifvg_clean,0.001,-0.22514440000000294
2025-11,floor_cv_1.2_widen_2x,84,2016258,2036387,1,88372.8,87859.30000000002,513.4999999999854,6161.999999999825,sl,20406.0,-0.6018727999999854,0.0883728,5.0,ifvg_clean,0.001,-0.6902455999999855
2025-11,floor_cv_1.2_widen_2x,85,2038055,2038366,1,88033.9,87958.2,563.0000000000291,6756.000000000349,inv,324.0,-0.1637338999999971,0.0880339,5.0,ifvg_clean,0.001,-0.2517677999999971
2025-11,floor_cv_1.2_widen_2x,86,2047370,2049677,-1,87696.0,87996.49999999996,300.49999999995634,3605.999999999476,sl,2359.0,-0.38819599999995635,0.087696,5.0,ifvg_clean,0.001,-0.47589199999995635
2025-11,floor_cv_1.2_widen_2x,87,2082008,2082509,-1,87513.3,87631.79999999999,118.49999999998545,1421.9999999998254,sl,511.0,-0.20601329999998547,0.0875133,5.0,ifvg_clean,0.001,-0.2935265999999855
2025-11,floor_cv_1.2_widen_2x,88,2088297,2088500,-1,86276.0,86684.49999999999,408.49999999998545,4901.999999999825,sl,203.0,-0.49477599999998545,0.08627599999999999,5.0,ifvg_clean,0.001,-0.5810519999999855
2025-11,floor_cv_1.2_widen_2x,89,2088601,2088601,-1,86583.1,86580.2,105.49999999995634,1265.9999999994761,inv,0.0,-0.08368309999999128,0.08658310000000001,5.0,ifvg_clean,0.001,-0.1702661999999913
2025-11,floor_cv_1.2_widen_2x,90,2101334,2101667,1,87490.5,87466.2,112.00000000004366,1344.0000000005239,inv,344.0,-0.1117905000000029,0.0874905,5.0,ifvg_clean,0.001,-0.1992810000000029
2025-11,floor_cv_1.2_widen_2x,91,2109272,2109280,-1,87337.8,87349.3,103.49999999998545,1241.9999999998254,inv,9.0,-0.0988378,0.08733780000000001,5.0,ifvg_clean,0.001,-0.1861756
2025-11,floor_cv_1.2_widen_2x,92,2110883,2111026,-1,87248.5,87297.7,245.49999999995634,2945.999999999476,inv,154.0,-0.13644849999999709,0.0872485,5.0,ifvg_clean,0.001,-0.2236969999999971
2025-11,floor_cv_1.2_widen_2x,93,2133659,2137247,-1,87191.7,87365.20000000006,173.5000000000582,2082.0000000006985,sl,3769.0,-0.2606917000000582,0.0871917,5.0,ifvg_clean,0.001,-0.3478834000000582
2025-11,floor_cv_1.2_widen_2x,94,2128860,2156241,-1,87879.6,86673.59999999966,100.5000000000291,1206.0000000003492,tp,28373.0,1.1181204000003493,0.08787960000000002,5.0,ifvg_clean,0.001,1.0302408000003493
2025-11,floor_cv_1.2_widen_2x,95,2184155,2184268,-1,90137.1,90189.5,283.49999999998545,3401.9999999998254,inv,113.0,-0.1425370999999942,0.09013710000000001,5.0,ifvg_clean,0.001,-0.23267419999999422
2025-11,floor_cv_1.2_widen_2x,96,2203470,2204313,1,90479.8,90343.80000000002,135.99999999998545,1631.9999999998254,sl,848.0,-0.22647979999998546,0.09047980000000001,5.0,ifvg_clean,0.001,-0.31695959999998546
2025-11,floor_cv_1.2_widen_2x,97,1754272,2211030,1,83343.6,91143.6,650.0,7800.0,tp,465179.0,7.7166564,0.08334360000000002,5.0,ifvg_clean,0.001,7.6333128
2025-11,floor_cv_1.2_widen_2x,98,2266119,2266308,1,91519.9,91301.40000000001,218.49999999998545,2621.9999999998254,sl,190.0,-0.31001989999998547,0.0915199,5.0,ifvg_clean,0.001,-0.40153979999998546
2025-11,floor_cv_1.2_widen_2x,99,2284355,2284393,1,91214.6,91192.2,116.50000000001455,1398.0000000001746,inv,42.0,-0.11361460000000874,0.0912146,5.0,ifvg_clean,0.001,-0.20482920000000876
2025-11,floor_cv_1.2_widen_2x,100,2345687,2346367,-1,91248.2,91491.19999999995,242.99999999995634,2915.999999999476,sl,680.0,-0.33424819999995636,0.0912482,5.0,ifvg_clean,0.001,-0.42549639999995637
2025-11,floor_cv_1.2_widen_2x,101,2343843,2349286,-1,92091.0,90291.0,150.0,1800.0,tp,5443.0,1.7079090000000001,0.092091,5.0,ifvg_clean,0.001,1.6158180000000002
2025-11,floor_cv_1.2_widen_2x,102,2350146,2350500,-1,90431.8,90683.30000000002,251.50000000001455,3018.0000000001746,sl,354.0,-0.34193180000001455,0.0904318,5.0,ifvg_clean,0.001,-0.43236360000001456
2025-11,floor_cv_1.2_widen_2x,103,2344047,2528361,-1,92028.2,90320.6,286.9999999999709,3443.9999999996508,eod,201253.0,1.6155717999999912,0.0920282,5.0,ifvg_clean,0.001,1.5235435999999911
2025-11,floor_cv_1.2_widen_2x,104,2525469,2528361,-1,90891.5,90320.6,131.9999999999709,1583.9999999996508,eod,2915.0,0.4800084999999942,0.09089150000000001,5.0,ifvg_clean,0.001,0.38911699999999416
2025-11,layers_1_only,0,134701,134701,-1,109966.0,109965.0,0.1,1.0,tp,0.0,-0.10896600000000001,0.10996600000000001,5.0,fvg,0.001,-0.21893200000000002
2025-11,layers_1_only,1,160253,160253,1,110532.1,110533.1,0.1,1.0,tp,0.0,-0.10953210000000002,0.11053210000000002,5.0,fvg,0.001,-0.22006420000000004
2025-11,layers_1_only,2,161137,161137,1,110272.2,110272.09999999999,0.1,1.0,inv,0.0,-0.11037220000000582,0.1102722,5.0,ifvg,0.001,-0.22064440000000582
2025-11,layers_1_only,3,164821,164821,1,109574.9,109574.79999999999,0.1,1.0,inv,0.0,-0.10967490000000582,0.1095749,5.0,ifvg,0.001,-0.21924980000000582
2025-11,layers_1_only,4,170328,170336,1,108730.7,108705.2,140.0,1680.0,inv,8.0,-0.1342307,0.1087307,5.0,ifvg_clean,0.001,-0.2429614
2025-11,layers_1_only,5,170350,170350,-1,108733.7,108732.7,0.1,1.0,tp,0.0,-0.1077337,0.1087337,5.0,ifvg,0.001,-0.2164674
2025-11,layers_1_only,6,188919,188919,1,107360.1,107360.0,0.1,1.0,inv,0.0,-0.10746010000000582,0.1073601,5.0,ifvg,0.001,-0.21482020000000582
2025-11,layers_1_only,7,188915,191248,-1,107361.9,107586.39999999997,224.4999999999709,2693.9999999996508,sl,2346.0,-0.3318618999999709,0.1073619,5.0,ifvg_clean,0.001,-0.4392237999999709
2025-11,layers_1_only,8,202526,202526,-1,107853.1,107853.20000000001,0.1,1.0,inv,0.0,-0.10795310000000582,0.10785310000000001,5.0,ifvg,0.001,-0.21580620000000583
2025-11,layers_1_only,9,202295,211165,1,107847.7,107350.69999999995,497.00000000004366,5964.000000000524,sl,8947.0,-0.6048477000000437,0.1078477,5.0,ifvg_clean,0.001,-0.7126954000000437
2025-11,layers_1_only,10,225599,225614,1,107315.0,107278.8,200.0,2400.0,inv,15.0,-0.1435149999999971,0.107315,5.0,ifvg_clean,0.001,-0.2508299999999971
2025-11,layers_1_only,11,225630,225630,-1,107319.3,107318.3,0.1,1.0,tp,0.0,-0.1063193,0.1073193,5.0,ifvg,0.001,-0.2136386
2025-11,layers_1_only,12,257419,257419,-1,107042.9,107043.0,0.1,1.0,inv,0.0,-0.10714290000000583,0.10704290000000001,5.0,ifvg,0.001,-0.21418580000000584
2025-11,layers_1_only,13,257419,261081,1,107049.3,106748.80000000005,300.49999999995634,3605.999999999476,sl,3709.0,-0.40754929999995637,0.1070493,5.0,ifvg_clean,0.001,-0.5145985999999564
2025-11,layers_1_only,14,164817,265169,-1,109580.3,104852.29999999983,394.00000000001455,4728.000000000175,tp,101263.0,4.6184197000001745,0.1095803,5.0,ifvg_clean,0.001,4.508839400000174
2025-11,layers_1_only,15,161095,265966,-1,110272.3,104140.30000000018,510.99999999998545,6131.999999999825,tp,105831.0,6.0217276999998255,0.1102723,5.0,ifvg_clean,0.001,5.911455399999825
2025-11,layers_1_only,16,297611,297611,1,103900.0,103901.0,0.1,1.0,tp,0.0,-0.1029,0.1039,5.0,fvg,0.001,-0.2068
2025-11,layers_1_only,17,405854,405854,-1,103803.0,103803.1,0.1,1.0,sl,0.0,-0.10390300000000581,0.10380299999999999,5.0,ifvg,0.001,-0.2077060000000058
2025-11,layers_1_only,18,405847,405889,1,103787.4,103760.5,210.0,2520.0,inv,42.0,-0.13068739999999418,0.10378739999999999,5.0,ifvg_clean,0.001,-0.23447479999999415
2025-11,layers_1_only,19,559713,559713,1,100710.6,100710.5,0.1,1.0,inv,0.0,-0.10081060000000583,0.10071060000000001,5.0,ifvg,0.001,-0.20152120000000584
2025-11,layers_1_only,20,559843,559843,1,100509.6,100509.5,0.1,1.0,inv,0.0,-0.10060960000000582,0.1005096,5.0,ifvg,0.001,-0.20111920000000583
2025-11,layers_1_only,21,559713,560249,-1,100697.9,100897.39999999997,199.4999999999709,2393.9999999996508,sl,536.0,-0.3001978999999709,0.10069789999999999,5.0,ifvg_clean,0.001,-0.4008957999999709
2025-11,layers_1_only,22,559839,560440,-1,100511.4,101336.4,825.0,9900.0,sl,601.0,-0.9255114000000001,0.1005114,5.0,ifvg_clean,0.001,-1.0260228
2025-11,layers_1_only,23,596731,596738,-1,103090.3,103119.8,180.99999999998545,2171.9999999998254,inv,7.0,-0.1325903,0.1030903,5.0,ifvg_clean,0.001,-0.2356806
2025-11,layers_1_only,24,597372,597372,1,103083.1,103083.0,0.1,1.0,inv,0.0,-0.10318310000000581,0.1030831,5.0,ifvg,0.001,-0.2062662000000058
2025-11,layers_1_only,25,732371,732371,1,103588.0,103589.0,0.1,1.0,tp,0.0,-0.10258800000000001,0.10358800000000001,5.0,ifvg,0.001,-0.20617600000000003
2025-11,layers_1_only,26,732248,733494,-1,103589.5,103743.0,772.5,9270.0,inv,1253.0,-0.25708949999999997,0.1035895,5.0,ifvg_clean,0.001,-0.36067899999999997
2025-11,layers_1_only,27,736176,736179,-1,103531.0,103586.5,333.0000000000291,3996.0000000003492,inv,3.0,-0.159031,0.10353100000000001,5.0,ifvg_clean,0.001,-0.262562
2025-11,layers_1_only,28,800268,800268,-1,105962.6,105961.6,0.1,1.0,tp,0.0,-0.10496260000000002,0.10596260000000002,5.0,ifvg,0.001,-0.21092520000000003
2025-11,layers_1_only,29,800230,800300,1,105956.6,105931.4,153.5000000000582,1842.0000000006985,inv,70.0,-0.13115660000001167,0.10595660000000001,5.0,ifvg_clean,0.001,-0.23711320000001168
2025-11,layers_1_only,30,813689,813689,1,104927.6,104927.5,0.1,1.0,inv,0.0,-0.10502760000000583,0.10492760000000001,5.0,ifvg,0.001,-0.20995520000000584
2025-11,layers_1_only,31,816056,816056,1,105062.1,105062.0,0.1,1.0,inv,0.0,-0.10516210000000582,0.1050621,5.0,ifvg,0.001,-0.21022420000000583
2025-11,layers_1_only,32,816046,817272,-1,105068.7,105258.19999999997,189.4999999999709,2273.9999999996508,sl,1235.0,-0.29456869999997093,0.1050687,5.0,ifvg_clean,0.001,-0.39963739999997094
2025-11,layers_1_only,33,818823,818847,-1,105336.7,105361.0,154.4999999999709,1853.9999999996508,inv,24.0,-0.1296367000000029,0.10533669999999999,5.0,ifvg_clean,0.001,-0.23497340000000289
2025-11,layers_1_only,34,818936,818936,1,105329.6,105330.6,0.1,1.0,tp,0.0,-0.10432960000000001,0.10532960000000001,5.0,ifvg,0.001,-0.20965920000000002
2025-11,layers_1_only,35,813686,819450,-1,104936.4,105548.39999999997,611.9999999999709,7343.999999999651,sl,5827.0,-0.7169363999999709,0.1049364,5.0,ifvg_clean,0.001,-0.821872799999971
2025-11,layers_1_only,36,836054,836054,-1,105517.8,105517.90000000001,0.1,1.0,inv,0.0,-0.10561780000000583,0.10551780000000001,5.0,ifvg,0.001,-0.21113560000000584
2025-11,layers_1_only,37,837374,837377,-1,105813.4,105825.6,161.50000000001455,1938.0000000001746,inv,3.0,-0.11801340000001165,0.1058134,5.0,ifvg_clean,0.001,-0.22382680000001165
2025-11,layers_1_only,38,837403,837403,1,105792.8,105793.8,0.1,1.0,tp,0.0,-0.1047928,0.1057928,5.0,ifvg,0.001,-0.2105856
2025-11,layers_1_only,39,849711,849711,1,105998.6,105998.5,0.1,1.0,inv,0.0,-0.10609860000000583,0.10599860000000001,5.0,ifvg,0.001,-0.21209720000000584
2025-11,layers_1_only,40,849676,850156,-1,106003.3,106198.79999999996,195.49999999995634,2345.999999999476,sl,486.0,-0.30150329999995634,0.10600330000000001,5.0,ifvg_clean,0.001,-0.40750659999995636
2025-11,layers_1_only,41,854624,854624,-1,106599.9,106600.0,0.1,1.0,inv,0.0,-0.10669990000000582,0.1065999,5.0,ifvg,0.001,-0.2132998000000058
2025-11,layers_1_only,42,855942,855942,-1,106417.9,106416.9,0.1,1.0,tp,0.0,-0.10541790000000001,0.10641790000000001,5.0,ifvg,0.001,-0.21183580000000002
2025-11,layers_1_only,43,855941,856152,1,106414.9,106383.5,169.4999999999709,2033.9999999996508,inv,212.0,-0.1378148999999942,0.1064149,5.0,ifvg_clean,0.001,-0.2442297999999942
2025-11,layers_1_only,44,854544,856487,1,106576.3,106176.80000000003,399.4999999999709,4793.999999999651,sl,1971.0,-0.5060762999999708,0.1065763,5.0,ifvg_clean,0.001,-0.6126525999999708
2025-11,layers_1_only,45,835871,860263,1,105512.7,105113.19999999995,399.50000000004366,4794.000000000524,sl,24783.0,-0.5050127000000436,0.1055127,5.0,ifvg_clean,0.001,-0.6105254000000436
2025-11,layers_1_only,46,861287,861287,1,105395.6,105395.5,0.1,1.0,inv,0.0,-0.10549560000000582,0.1053956,5.0,ifvg,0.001,-0.21089120000000583
2025-11,layers_1_only,47,881080,881080,-1,105306.6,105306.70000000001,0.1,1.0,inv,0.0,-0.10540660000000582,0.1053066,5.0,ifvg,0.001,-0.21071320000000582
2025-11,layers_1_only,48,880992,883664,1,105304.8,105119.29999999997,185.5000000000291,2226.0000000003492,sl,2727.0,-0.2908048000000291,0.1053048,5.0,ifvg_clean,0.001,-0.39610960000002915
2025-11,layers_1_only,49,895062,895062,1,104370.0,104371.0,0.1,1.0,tp,0.0,-0.10337,0.10437,5.0,fvg,0.001,-0.20774
2025-11,layers_1_only,50,861070,904593,-1,105406.6,102964.60000000018,203.49999999998545,2441.9999999998254,tp,43915.0,2.336593399999826,0.10540660000000002,5.0,ifvg_clean,0.001,2.2311867999998256
2025-11,layers_1_only,51,958120,958120,1,103951.0,103952.0,0.1,1.0,tp,0.0,-0.10295100000000001,0.10395100000000002,5.0,fvg,0.001,-0.20690200000000003
2025-11,layers_1_only,52,962842,962842,-1,104589.2,104588.2,0.1,1.0,tp,0.0,-0.1035892,0.10458920000000001,5.0,fvg,0.001,-0.2081784
2025-11,layers_1_only,53,965959,965959,-1,104855.3,104855.40000000001,0.1,1.0,inv,0.0,-0.10495530000000582,0.1048553,5.0,ifvg,0.001,-0.20981060000000581
2025-11,layers_1_only,54,965616,980001,1,104850.1,104260.1,590.0,7080.0,sl,14391.0,-0.6948501,0.10485010000000002,5.0,ifvg_clean,0.001,-0.7997002000000001
2025-11,layers_1_only,55,992021,992021,1,101614.3,101615.3,0.1,1.0,tp,0.0,-0.1006143,0.1016143,5.0,ifvg,0.001,-0.2022286
2025-11,layers_1_only,56,992020,992445,-1,101624.8,101636.9,110.49999999995634,1325.9999999994761,inv,428.0,-0.11372479999999129,0.10162480000000002,5.0,ifvg_clean,0.001,-0.21534959999999131
2025-11,layers_1_only,57,1000090,1000090,1,101482.0,101481.9,0.1,1.0,sl,0.0,-0.10158200000000582,0.101482,5.0,ifvg,0.001,-0.20306400000000582
2025-11,layers_1_only,58,1000090,1000230,-1,101482.0,101561.9,396.9999999999709,4763.999999999651,inv,140.0,-0.1813819999999942,0.101482,5.0,ifvg_clean,0.001,-0.2828639999999942
2025-11,layers_1_only,59,1066641,1066641,-1,102446.2,102446.3,0.1,1.0,inv,0.0,-0.10254620000000582,0.1024462,5.0,ifvg,0.001,-0.20499240000000582
2025-11,layers_1_only,60,1066919,1066919,1,102477.3,102478.3,0.1,1.0,tp,0.0,-0.1014773,0.10247730000000001,5.0,ifvg,0.001,-0.2039546
2025-11,layers_1_only,61,1066913,1066922,-1,102478.0,102506.1,141.50000000001455,1698.0000000001746,inv,9.0,-0.13057800000000583,0.10247800000000001,5.0,ifvg_clean,0.001,-0.23305600000000584
2025-11,layers_1_only,62,1067300,1067300,1,102531.3,102532.3,0.1,1.0,tp,0.0,-0.1015313,0.1025313,5.0,fvg,0.001,-0.2040626
2025-11,layers_1_only,63,1068355,1068355,-1,101963.1,101962.1,0.1,1.0,tp,0.0,-0.10096310000000001,0.10196310000000001,5.0,fvg,0.001,-0.20292620000000003
2025-11,layers_1_only,64,1068626,1068626,1,101813.0,101812.89,0.11000000000000001,1.1,inv,0.0,-0.10192300000000058,0.101813,5.0,ifvg,0.001,-0.20373600000000058
2025-11,layers_1_only,65,1066641,1068936,1,102446.1,101439.10000000003,1006.9999999999709,12083.99999999965,sl,2295.0,-1.109446099999971,0.1024461,5.0,ifvg_clean,0.001,-1.211892199999971
2025-11,layers_1_only,66,1071764,1071764,1,100984.8,100984.7,0.1,1.0,inv,0.0,-0.10108480000000583,0.10098480000000001,5.0,ifvg,0.001,-0.20206960000000584
2025-11,layers_1_only,67,1071754,1071844,-1,100996.8,101175.80000000002,179.00000000001455,2148.0000000001746,sl,90.0,-0.2799968000000146,0.10099680000000001,5.0,ifvg_clean,0.001,-0.3809936000000146
2025-11,layers_1_only,68,1073083,1073083,1,100781.1,100781.0,0.1,1.0,inv,0.0,-0.10088110000000583,0.10078110000000001,5.0,ifvg,0.001,-0.20166220000000584
2025-11,layers_1_only,69,1075319,1075319,1,100423.6,100423.5,0.1,1.0,inv,0.0,-0.10052360000000583,0.10042360000000002,5.0,ifvg,0.001,-0.20094720000000585
2025-11,layers_1_only,70,1075483,1075483,1,100320.3,100321.3,0.1,1.0,tp,0.0,-0.0993203,0.1003203,5.0,fvg,0.001,-0.1996406
2025-11,layers_1_only,71,1076631,1076631,1,99870.0,99869.9,0.1,1.0,inv,0.0,-0.09997000000000582,0.09987,5.0,ifvg,0.001,-0.19984000000000582
2025-11,layers_1_only,72,1075304,1077989,-1,100431.3,99189.30000000018,103.49999999998545,1241.9999999998254,tp,2686.0,1.1415686999998254,0.10043130000000002,5.0,ifvg_clean,0.001,1.0411373999998252
2025-11,layers_1_only,73,1076631,1079199,-1,99881.3,98333.29999999983,129.00000000001455,1548.0000000001746,tp,2568.0,1.4481187000001745,0.0998813,5.0,ifvg_clean,0.001,1.3482374000001744
2025-11,layers_1_only,74,1083578,1083578,-1,98707.8,98712.7,110.49999999995634,1325.9999999994761,inv,0.0,-0.10360779999999419,0.09870780000000001,5.0,ifvg_clean,0.001,-0.2023155999999942
2025-11,layers_1_only,75,1083619,1083619,1,98690.1,98691.1,0.1,1.0,tp,0.0,-0.0976901,0.0986901,5.0,ifvg,0.001,-0.1963802
2025-11,layers_1_only,76,1086945,1086950,1,98524.0,98472.1,268.49999999998545,3221.9999999998254,inv,5.0,-0.15042399999999417,0.098524,5.0,ifvg_clean,0.001,-0.24894799999999417
2025-11,layers_1_only,77,1086997,1086997,-1,98526.3,98525.3,0.1,1.0,tp,0.0,-0.09752630000000001,0.09852630000000001,5.0,ifvg,0.001,-0.19605260000000002
2025-11,layers_1_only,78,1088197,1088197,1,98334.9,98334.79999999999,0.1,1.0,inv,0.0,-0.0984349000000058,0.09833489999999999,5.0,ifvg,0.001,-0.1967698000000058
2025-11,layers_1_only,79,1088159,1088321,-1,98363.1,98588.60000000003,225.5000000000291,2706.0000000003492,sl,162.0,-0.32386310000002916,0.09836310000000001,5.0,ifvg_clean,0.001,-0.4222262000000292
2025-11,layers_1_only,80,1095235,1095235,-1,99633.0,99633.1,0.1,1.0,inv,0.0,-0.09973300000000582,0.099633,5.0,ifvg,0.001,-0.19936600000000582
2025-11,layers_1_only,81,1095191,1098941,1,99617.7,99277.19999999997,340.5000000000291,4086.0000000003492,sl,3751.0,-0.44011770000002914,0.0996177,5.0,ifvg_clean,0.001,-0.5397354000000292
2025-11,layers_1_only,82,1105163,1105163,-1,99400.0,99400.1,0.1,1.0,inv,0.0,-0.09950000000000582,0.0994,5.0,ifvg,0.001,-0.19890000000000582
2025-11,layers_1_only,83,1105163,1105293,1,99397.1,99177.1,220.0,2640.0,sl,132.0,-0.3193971,0.09939710000000002,5.0,ifvg_clean,0.001,-0.4187942
2025-11,layers_1_only,84,1106082,1106082,-1,99537.0,99537.1,0.1,1.0,inv,0.0,-0.09963700000000583,0.09953700000000001,5.0,ifvg,0.001,-0.19917400000000585
2025-11,layers_1_only,85,1106082,1106189,1,99539.8,99373.80000000002,165.99999999998545,1991.9999999998254,sl,108.0,-0.26553979999998545,0.0995398,5.0,ifvg_clean,0.001,-0.36507959999998546
2025-11,layers_1_only,86,1109717,1109717,1,99280.0,99281.0,0.1,1.0,tp,0.0,-0.09828,0.09928000000000001,5.0,ifvg,0.001,-0.19756
2025-11,layers_1_only,87,1112902,1112902,1,99106.2,99106.09999999999,0.1,1.0,inv,0.0,-0.09920620000000582,0.0991062,5.0,ifvg,0.001,-0.19831240000000583
2025-11,layers_1_only,88,1068622,1114905,-1,101815.5,97891.50000000035,326.9999999999709,3923.9999999996508,tp,46446.0,3.822184499999651,0.1018155,5.0,ifvg_clean,0.001,3.720368999999651
2025-11,layers_1_only,89,1112899,1114907,-1,99106.9,97858.89999999982,104.00000000001455,1248.0000000001746,tp,2025.0,1.1488931000001747,0.0991069,5.0,ifvg_clean,0.001,1.0497862000001748
2025-11,layers_1_only,90,1073080,1114911,-1,100791.8,97677.80000000035,259.4999999999709,3113.9999999996508,tp,41994.0,3.0132081999996507,0.10079180000000001,5.0,ifvg_clean,0.001,2.9124163999996506
2025-11,layers_1_only,91,1115590,1115590,1,97818.3,97818.2,0.1,1.0,inv,0.0,-0.09791830000000583,0.09781830000000001,5.0,ifvg,0.001,-0.19573660000000584
2025-11,layers_1_only,92,1109709,1122925,-1,99283.8,96073.8,267.5,3210.0,tp,13283.0,3.1107162,0.0992838,5.0,ifvg_clean,0.001,3.0114324000000003
2025-11,layers_1_only,93,1132474,1132474,1,97073.4,97074.4,0.1,1.0,tp,0.0,-0.09607339999999999,0.09707339999999999,5.0,ifvg,0.001,-0.19314679999999998
2025-11,layers_1_only,94,1132470,1132560,-1,97077.4,97125.0,255.5000000000291,3066.0000000003492,inv,90.0,-0.1446774000000058,0.0970774,5.0,ifvg_clean,0.001,-0.24175480000000582
2025-11,layers_1_only,95,1133022,1133024,1,96901.7,96868.1,246.9999999999709,2963.9999999996508,inv,2.0,-0.13050169999999128,0.09690170000000001,5.0,ifvg_clean,0.001,-0.2274033999999913
2025-11,layers_1_only,96,1133153,1133153,-1,96918.0,96917.0,0.1,1.0,tp,0.0,-0.095918,0.096918,5.0,ifvg,0.001,-0.192836
2025-11,layers_1_only,97,1139444,1139444,1,96625.0,96624.9,0.1,1.0,inv,0.0,-0.09672500000000582,0.096625,5.0,ifvg,0.001,-0.19335000000000582
2025-11,layers_1_only,98,1139444,1143616,-1,96622.3,95248.30000000035,114.4999999999709,1373.9999999996508,tp,4172.0,1.277377699999651,0.09662230000000001,5.0,ifvg_clean,0.001,1.180755399999651
2025-11,layers_1_only,99,1158467,1158467,1,97173.5,97173.4,0.1,1.0,sl,0.0,-0.09727350000000583,0.09717350000000001,5.0,ifvg,0.001,-0.19444700000000584
2025-11,layers_1_only,100,1158467,1158962,-1,97165.0,97202.2,140.99999999998545,1691.9999999998254,inv,496.0,-0.1343649999999971,0.097165,5.0,ifvg_clean,0.001,-0.2315299999999971
2025-11,layers_1_only,101,1239425,1239425,1,96316.4,96317.4,0.1,1.0,tp,0.0,-0.09531640000000001,0.09631640000000001,5.0,ifvg,0.001,-0.19163280000000002
2025-11,layers_1_only,102,1295385,1295385,1,95944.0,95945.0,0.1,1.0,tp,0.0,-0.094944,0.095944,5.0,ifvg,0.001,-0.190888
2025-11,layers_1_only,103,1295285,1298192,-1,95949.0,96055.1,553.0000000000291,6636.000000000349,inv,3017.0,-0.20204900000000584,0.095949,5.0,ifvg_clean,0.001,-0.29799800000000587
2025-11,layers_1_only,104,1239419,1301378,-1,96324.4,96363.5,233.0000000000291,2796.0000000003492,inv,66079.0,-0.13542440000000583,0.0963244,5.0,ifvg_clean,0.001,-0.23174880000000583
2025-11,layers_1_only,105,1312892,1312892,1,95601.5,95601.4,0.1,1.0,inv,0.0,-0.09570150000000582,0.0956015,5.0,ifvg,0.001,-0.19130300000000583
2025-11,layers_1_only,106,1312892,1313005,-1,95592.6,95728.59999999999,135.99999999998545,1631.9999999998254,sl,114.0,-0.23159259999998544,0.0955926,5.0,ifvg_clean,0.001,-0.3271851999999854
2025-11,layers_1_only,107,1115590,1344338,-1,97835.9,93221.90000000034,384.4999999999709,4613.999999999651,tp,234910.0,4.516164099999651,0.0978359,5.0,ifvg_clean,0.001,4.418328199999651
2025-11,layers_1_only,108,1354451,1354462,-1,94659.3,94705.7,255.0,3060.0,inv,11.0,-0.14105929999999417,0.0946593,5.0,ifvg_clean,0.001,-0.23571859999999417
2025-11,layers_1_only,109,1354537,1354537,-1,94877.7,94877.8,0.1,1.0,inv,0.0,-0.09497770000000583,0.09487770000000001,5.0,ifvg,0.001,-0.18985540000000584
2025-11,layers_1_only,110,1354537,1358198,1,94882.3,94765.79999999999,116.50000000001455,1398.0000000001746,sl,3713.0,-0.21138230000001457,0.0948823,5.0,ifvg_clean,0.001,-0.30626460000001454
2025-11,layers_1_only,111,1381472,1381481,-1,95747.5,95772.3,204.00000000001455,2448.0000000001746,inv,9.0,-0.12054750000000292,0.0957475,5.0,ifvg_clean,0.001,-0.2162950000000029
2025-11,layers_1_only,112,1381555,1381555,1,95731.0,95732.0,0.1,1.0,tp,0.0,-0.09473100000000001,0.09573100000000001,5.0,ifvg,0.001,-0.19046200000000002
2025-11,layers_1_only,113,1403745,1403745,-1,95304.2,95304.3,0.1,1.0,inv,0.0,-0.09540420000000581,0.09530419999999999,5.0,ifvg,0.001,-0.1907084000000058
2025-11,layers_1_only,114,1403745,1403936,1,95304.8,94970.30000000003,334.4999999999709,4013.9999999996508,sl,191.0,-0.4298047999999709,0.09530480000000001,5.0,ifvg_clean,0.001,-0.5251095999999709
2025-11,layers_1_only,115,1408042,1408042,1,93646.0,93645.9,0.1,1.0,inv,0.0,-0.09374600000000582,0.09364600000000001,5.0,ifvg,0.001,-0.18739200000000583
2025-11,layers_1_only,116,1450805,1450805,1,90713.4,90713.29999999999,0.1,1.0,inv,0.0,-0.09081340000000582,0.0907134,5.0,ifvg,0.001,-0.18152680000000582
2025-11,layers_1_only,117,1450615,1466534,-1,90717.1,90955.60000000006,238.5000000000582,2862.0000000006985,sl,15924.0,-0.3292171000000582,0.09071710000000001,5.0,ifvg_clean,0.001,-0.4199342000000582
2025-11,layers_1_only,118,1496387,1496387,-1,93586.7,93586.8,0.1,1.0,inv,0.0,-0.09368670000000581,0.0935867,5.0,ifvg,0.001,-0.1872734000000058
2025-11,layers_1_only,119,1496387,1496618,1,93583.5,93400.00000000001,183.49999999998545,2201.9999999998254,sl,231.0,-0.27708349999998544,0.0935835,5.0,ifvg_clean,0.001,-0.3706669999999854
2025-11,layers_1_only,120,1500400,1500403,1,93290.4,93274.9,104.50000000004366,1254.0000000005239,inv,3.0,-0.1087904,0.0932904,5.0,ifvg_clean,0.001,-0.2020808
2025-11,layers_1_only,121,1500419,1500419,-1,93296.3,93295.3,0.1,1.0,tp,0.0,-0.0922963,0.0932963,5.0,ifvg,0.001,-0.1855926
2025-11,layers_1_only,122,1500751,1500751,1,93212.9,93212.79999999999,0.1,1.0,inv,0.0,-0.0933129000000058,0.09321289999999999,5.0,ifvg,0.001,-0.1865258000000058
2025-11,layers_1_only,123,1500747,1501545,-1,93214.6,93344.6,130.0,1560.0,sl,806.0,-0.2232146,0.09321460000000001,5.0,ifvg_clean,0.001,-0.3164292
2025-11,layers_1_only,124,1504712,1504712,1,93472.0,93473.0,0.1,1.0,tp,0.0,-0.09247200000000001,0.09347200000000001,5.0,ifvg,0.001,-0.18594400000000003
2025-11,layers_1_only,125,1504682,1507327,-1,93474.8,93516.0,217.5,2610.0,inv,2703.0,-0.1346747999999971,0.09347480000000001,5.0,ifvg_clean,0.001,-0.22814959999999712
2025-11,layers_1_only,126,1508800,1508800,-1,93164.0,93163.0,0.1,1.0,tp,0.0,-0.092164,0.093164,5.0,ifvg,0.001,-0.185328
2025-11,layers_1_only,127,1508800,1508834,1,93162.9,93139.5,120.0,1440.0,inv,36.0,-0.11656289999999417,0.09316289999999999,5.0,ifvg_clean,0.001,-0.20972579999999416
2025-11,layers_1_only,128,1510794,1510794,-1,92916.6,92915.6,0.1,1.0,tp,0.0,-0.0919166,0.0929166,5.0,ifvg,0.001,-0.1848332
2025-11,layers_1_only,129,1510790,1510966,1,92915.2,92876.5,198.0000000000291,2376.0000000003492,inv,179.0,-0.1316151999999971,0.0929152,5.0,ifvg_clean,0.001,-0.2245303999999971
2025-11,layers_1_only,130,1516675,1516675,-1,93061.3,93061.40000000001,0.1,1.0,inv,0.0,-0.09316130000000582,0.0930613,5.0,ifvg,0.001,-0.18622260000000582
2025-11,layers_1_only,131,1516627,1519626,1,93049.4,92790.90000000001,258.49999999998545,3101.9999999998254,sl,3086.0,-0.35154939999998547,0.09304939999999999,5.0,ifvg_clean,0.001,-0.4445987999999855
2025-11,layers_1_only,132,1583267,1583267,1,89894.7,89895.7,0.1,1.0,tp,0.0,-0.08889470000000001,0.08989470000000001,5.0,fvg,0.001,-0.17878940000000001
2025-11,layers_1_only,133,1596844,1596844,-1,89257.0,89257.1,0.1,1.0,inv,0.0,-0.08935700000000582,0.089257,5.0,ifvg,0.001,-0.17861400000000582
2025-11,layers_1_only,134,1597360,1597360,1,89526.4,89527.4,0.1,1.0,tp,0.0,-0.08852639999999999,0.08952639999999999,5.0,ifvg,0.001,-0.17805279999999998
2025-11,layers_1_only,135,1597353,1597407,-1,89528.6,89575.9,245.0,2940.0,inv,54.0,-0.13682859999998837,0.08952860000000001,5.0,ifvg_clean,0.001,-0.22635719999998838
2025-11,layers_1_only,136,1656230,1656232,-1,91820.8,91883.8,448.0000000000291,5376.000000000349,inv,2.0,-0.1548208,0.09182080000000001,5.0,ifvg_clean,0.001,-0.24664160000000002
2025-11,layers_1_only,137,1656541,1656541,1,91793.7,91794.7,0.1,1.0,tp,0.0,-0.0907937,0.0917937,5.0,ifvg,0.001,-0.1825874
2025-11,layers_1_only,138,1657824,1657824,1,91637.4,91638.4,0.1,1.0,tp,0.0,-0.0906374,0.09163740000000001,5.0,fvg,0.001,-0.18227480000000001
2025-11,layers_1_only,139,1662121,1662121,-1,90872.9,90871.9,0.1,1.0,tp,0.0,-0.0898729,0.0908729,5.0,fvg,0.001,-0.1807458
2025-11,layers_1_only,140,1596844,1665663,1,89255.8,88889.80000000002,365.99999999998545,4391.999999999825,sl,69538.0,-0.45525579999998544,0.08925580000000001,5.0,ifvg_clean,0.001,-0.5445115999999854
2025-11,layers_1_only,141,1408035,1721124,-1,93649.8,83635.80000000035,834.4999999999709,10013.99999999965,tp,315124.0,9.920350199999652,0.0936498,5.0,ifvg_clean,0.001,9.826700399999652
2025-11,layers_1_only,142,1731560,1731560,1,82218.3,82218.2,0.1,1.0,inv,0.0,-0.08231830000000581,0.0822183,5.0,ifvg,0.001,-0.1645366000000058
2025-11,layers_1_only,143,1731560,1731923,-1,82220.0,82570.49999999996,350.49999999995634,4205.999999999476,sl,363.0,-0.43271999999995636,0.08222,5.0,ifvg_clean,0.001,-0.5149399999999563
2025-11,layers_1_only,144,1737793,1737793,-1,82097.1,82096.1,0.1,1.0,tp,0.0,-0.08109710000000002,0.08209710000000002,5.0,ifvg,0.001,-0.16319420000000004
2025-11,layers_1_only,145,1737793,1737823,1,82096.4,82038.5,290.5000000000291,3486.0000000003492,inv,30.0,-0.1399963999999942,0.0820964,5.0,ifvg_clean,0.001,-0.2220927999999942
2025-11,layers_1_only,146,1750460,1750460,1,82784.7,82810.8,131.50000000001455,1578.0000000001746,inv,0.0,-0.05668469999999418,0.0827847,5.0,ifvg_clean,0.001,-0.1394693999999942
2025-11,layers_1_only,147,1750467,1750467,-1,82837.6,82836.6,0.1,1.0,tp,0.0,-0.08183760000000001,0.08283760000000001,5.0,ifvg,0.001,-0.16467520000000002
2025-11,layers_1_only,148,1751348,1751348,1,82958.3,82958.2,0.1,1.0,inv,0.0,-0.08305830000000583,0.08295830000000001,5.0,ifvg,0.001,-0.16601660000000584
2025-11,layers_1_only,149,1752692,1752692,-1,82717.3,82717.40000000001,0.1,1.0,sl,0.0,-0.08281730000000583,0.08271730000000001,5.0,fvg,0.001,-0.16553460000000583
2025-11,layers_1_only,150,1751277,1753724,-1,82960.7,83509.70000000001,549.0000000000146,6588.000000000175,sl,2447.0,-0.6319607000000146,0.0829607,5.0,ifvg_clean,0.001,-0.7149214000000146
2025-11,layers_1_only,151,1754272,1754272,-1,83361.0,83361.1,0.1,1.0,inv,0.0,-0.08346100000000582,0.083361,5.0,ifvg,0.001,-0.16682200000000583
2025-11,layers_1_only,152,1759748,1759748,-1,83469.1,83469.20000000001,0.1,1.0,sl,0.0,-0.08356910000000584,0.08346910000000002,5.0,ifvg,0.001,-0.16703820000000585
2025-11,layers_1_only,153,1759748,1759766,1,83468.4,83410.4,291.0000000000582,3492.0000000006985,inv,18.0,-0.1414684,0.0834684,5.0,ifvg_clean,0.001,-0.2249368
2025-11,layers_1_only,154,1785760,1785760,1,84978.0,84979.0,0.1,1.0,tp,0.0,-0.08397800000000001,0.08497800000000001,5.0,ifvg,0.001,-0.16895600000000002
2025-11,layers_1_only,155,1785760,1785826,-1,84982.6,85012.1,168.0000000000291,2016.0000000003492,inv,67.0,-0.1144826,0.0849826,5.0,ifvg_clean,0.001,-0.1994652
2025-11,layers_1_only,156,1786599,1786599,-1,85096.9,85097.0,0.1,1.0,inv,0.0,-0.0851969000000058,0.08509689999999999,5.0,ifvg,0.001,-0.1702938000000058
2025-11,layers_1_only,157,1786576,1787710,1,85096.6,84925.10000000006,171.4999999999418,2057.9999999993015,sl,1162.0,-0.2565965999999418,0.08509660000000001,5.0,ifvg_clean,0.001,-0.3416931999999418
2025-11,layers_1_only,158,1788956,1788956,1,84684.7,84684.59999999999,0.1,1.0,inv,0.0,-0.0847847000000058,0.08468469999999999,5.0,ifvg,0.001,-0.1694694000000058
2025-11,layers_1_only,159,1805001,1805756,1,84670.5,84459.50000000001,210.99999999998545,2531.9999999998254,sl,762.0,-0.29567049999998546,0.08467050000000001,5.0,ifvg_clean,0.001,-0.3803409999999855
2025-11,layers_1_only,160,1809747,1809747,1,84300.7,84301.8,0.11000000000000001,1.1,tp,0.0,-0.08320069999999417,0.08430069999999999,5.0,fvg,0.001,-0.16750139999999417
2025-11,layers_1_only,161,1810765,1810765,-1,84171.6,84170.6,0.1,1.0,tp,0.0,-0.08317160000000001,0.08417160000000001,5.0,ifvg,0.001,-0.16734320000000003
2025-11,layers_1_only,162,1810764,1810785,1,84155.5,84096.9,371.0000000000582,4452.0000000006985,inv,21.0,-0.14275550000000584,0.08415550000000001,5.0,ifvg_clean,0.001,-0.22691100000000586
2025-11,layers_1_only,163,1827137,1827137,-1,84012.4,84012.5,0.1,1.0,inv,0.0,-0.08411240000000582,0.0840124,5.0,ifvg,0.001,-0.16812480000000582
2025-11,layers_1_only,164,1827119,1827889,1,84009.4,83887.40000000002,121.9999999999709,1463.9999999996508,sl,776.0,-0.2060093999999709,0.0840094,5.0,ifvg_clean,0.001,-0.2900187999999709
2025-11,layers_1_only,165,1829025,1829025,-1,83808.4,83807.4,0.1,1.0,tp,0.0,-0.08280839999999999,0.08380839999999999,5.0,fvg,0.001,-0.16661679999999998
2025-11,layers_1_only,166,1838575,1838575,1,84496.8,84496.7,0.1,1.0,sl,0.0,-0.08459680000000583,0.08449680000000001,5.0,ifvg,0.001,-0.16909360000000584
2025-11,layers_1_only,167,1838575,1838644,-1,84497.3,84544.2,234.4999999999709,2813.9999999996508,inv,71.0,-0.1313972999999942,0.08449730000000001,5.0,ifvg_clean,0.001,-0.21589459999999422
2025-11,layers_1_only,168,1788954,1839815,-1,84684.9,84810.89999999998,125.99999999998545,1511.9999999998254,sl,51481.0,-0.21068489999998546,0.08468490000000001,5.0,ifvg_clean,0.001,-0.29536979999998547
2025-11,layers_1_only,169,1870395,1870395,1,85760.0,85761.0,0.1,1.0,tp,0.0,-0.08476,0.08576,5.0,ifvg,0.001,-0.17052
2025-11,layers_1_only,170,1870385,1870450,-1,85767.1,85787.9,136.9999999999709,1643.9999999996508,inv,65.0,-0.10656709999998837,0.08576710000000001,5.0,ifvg_clean,0.001,-0.19233419999998838
2025-11,layers_1_only,171,1958568,1958568,1,87380.3,87380.2,0.1,1.0,sl,0.0,-0.08748030000000583,0.08738030000000001,5.0,ifvg,0.001,-0.17486060000000583
2025-11,layers_1_only,172,1958568,1958599,-1,87378.6,87418.0,185.99999999998545,2231.9999999998254,inv,32.0,-0.1267785999999942,0.0873786,5.0,ifvg_clean,0.001,-0.2141571999999942
2025-11,layers_1_only,173,2000436,2000436,-1,85968.4,85967.4,0.1,1.0,tp,0.0,-0.0849684,0.0859684,5.0,ifvg,0.001,-0.1709368
2025-11,layers_1_only,174,2000431,2000560,1,85960.5,85938.7,145.99999999998545,1751.9999999998254,inv,135.0,-0.10776050000000291,0.0859605,5.0,ifvg_clean,0.001,-0.19372100000000292
2025-11,layers_1_only,175,2002198,2002198,-1,85545.1,85545.20000000001,0.1,1.0,sl,0.0,-0.08564510000000583,0.08554510000000001,5.0,fvg,0.001,-0.17119020000000584
2025-11,layers_1_only,176,2002653,2002653,-1,86171.7,86170.7,0.1,1.0,tp,0.0,-0.0851717,0.0861717,5.0,ifvg,0.001,-0.1713434
2025-11,layers_1_only,177,2002653,2002698,1,86169.8,86099.0,360.99999999998545,4331.999999999825,inv,45.0,-0.15696980000000293,0.0861698,5.0,ifvg_clean,0.001,-0.24313960000000295
2025-11,layers_1_only,178,2016259,2016259,-1,88375.4,88375.5,0.1,1.0,inv,0.0,-0.08847540000000582,0.0883754,5.0,ifvg,0.001,-0.17685080000000583
2025-11,layers_1_only,179,2018002,2018011,-1,88598.0,88618.3,150.0,1800.0,inv,9.0,-0.10889800000000291,0.088598,5.0,ifvg_clean,0.001,-0.1974960000000029
2025-11,layers_1_only,180,2018087,2018087,1,88587.8,88588.8,0.1,1.0,tp,0.0,-0.08758780000000001,0.08858780000000001,5.0,ifvg,0.001,-0.17617560000000002
2025-11,layers_1_only,181,2020576,2020576,-1,88251.7,88251.8,0.1,1.0,sl,0.0,-0.08835170000000582,0.0882517,5.0,fvg,0.001,-0.17660340000000582
2025-11,layers_1_only,182,2021320,2021320,-1,88582.7,88581.7,0.1,1.0,tp,0.0,-0.0875827,0.0885827,5.0,fvg,0.001,-0.1761654
2025-11,layers_1_only,183,2028734,2028734,1,88875.9,88875.79999999999,0.1,1.0,sl,0.0,-0.08897590000000583,0.08887590000000001,5.0,fvg,0.001,-0.17785180000000583
2025-11,layers_1_only,184,2031168,2031168,-1,88675.5,88674.5,0.1,1.0,tp,0.0,-0.0876755,0.0886755,5.0,ifvg,0.001,-0.176351
2025-11,layers_1_only,185,2031138,2031175,1,88672.2,88624.4,253.0000000000291,3036.0000000003492,inv,38.0,-0.13647220000000293,0.0886722,5.0,ifvg_clean,0.001,-0.22514440000000294
2025-11,layers_1_only,186,2016258,2036387,1,88372.8,87859.30000000002,513.4999999999854,6161.999999999825,sl,20406.0,-0.6018727999999854,0.0883728,5.0,ifvg_clean,0.001,-0.6902455999999855
2025-11,layers_1_only,187,2038091,2038091,-1,88071.3,88070.3,0.1,1.0,tp,0.0,-0.0870713,0.0880713,5.0,ifvg,0.001,-0.1751426
2025-11,layers_1_only,188,2038055,2038366,1,88033.9,87958.2,563.0000000000291,6756.000000000349,inv,324.0,-0.1637338999999971,0.0880339,5.0,ifvg_clean,0.001,-0.2517677999999971
2025-11,layers_1_only,189,2047379,2047379,1,87691.8,87691.7,0.1,1.0,inv,0.0,-0.08779180000000582,0.0876918,5.0,ifvg,0.001,-0.17548360000000582
2025-11,layers_1_only,190,2047370,2049677,-1,87696.0,87996.49999999996,300.49999999995634,3605.999999999476,sl,2359.0,-0.38819599999995635,0.087696,5.0,ifvg_clean,0.001,-0.47589199999995635
2025-11,layers_1_only,191,2082276,2082276,1,87501.2,87501.09999999999,0.1,1.0,inv,0.0,-0.08760120000000582,0.0875012,5.0,ifvg,0.001,-0.17510240000000582
2025-11,layers_1_only,192,2082008,2082509,-1,87513.3,87631.79999999999,118.49999999998545,1421.9999999998254,sl,511.0,-0.20601329999998547,0.0875133,5.0,ifvg_clean,0.001,-0.2935265999999855
2025-11,layers_1_only,193,2088299,2088299,1,86263.6,86263.5,0.1,1.0,inv,0.0,-0.08636360000000583,0.08626360000000001,5.0,ifvg,0.001,-0.17262720000000584
2025-11,layers_1_only,194,2088297,2088500,-1,86276.0,86684.49999999999,408.49999999998545,4901.999999999825,sl,203.0,-0.49477599999998545,0.08627599999999999,5.0,ifvg_clean,0.001,-0.5810519999999855
2025-11,layers_1_only,195,2088601,2088601,-1,86583.1,86580.2,105.49999999995634,1265.9999999994761,inv,0.0,-0.08368309999999128,0.08658310000000001,5.0,ifvg_clean,0.001,-0.1702661999999913
2025-11,layers_1_only,196,2088742,2088742,1,86558.6,86559.6,0.1,1.0,tp,0.0,-0.08555860000000001,0.08655860000000001,5.0,ifvg,0.001,-0.17211720000000003
2025-11,layers_1_only,197,2089217,2089217,-1,86503.9,86502.9,0.1,1.0,tp,0.0,-0.08550390000000001,0.08650390000000001,5.0,fvg,0.001,-0.17200780000000002
2025-11,layers_1_only,198,2101334,2101334,-1,87489.1,87489.20000000001,0.1,1.0,sl,0.0,-0.08758910000000583,0.08748910000000001,5.0,ifvg,0.001,-0.17507820000000585
2025-11,layers_1_only,199,2101334,2101667,1,87490.5,87466.2,112.00000000004366,1344.0000000005239,inv,344.0,-0.1117905000000029,0.0874905,5.0,ifvg_clean,0.001,-0.1992810000000029
2025-11,layers_1_only,200,2109272,2109280,-1,87337.8,87349.3,103.49999999998545,1241.9999999998254,inv,9.0,-0.0988378,0.08733780000000001,5.0,ifvg_clean,0.001,-0.1861756
2025-11,layers_1_only,201,2109354,2109354,1,87328.1,87329.1,0.1,1.0,tp,0.0,-0.0863281,0.0873281,5.0,ifvg,0.001,-0.1736562
2025-11,layers_1_only,202,2111005,2111005,1,87248.1,87249.1,0.1,1.0,tp,0.0,-0.08624810000000001,0.08724810000000001,5.0,ifvg,0.001,-0.17349620000000002
2025-11,layers_1_only,203,2110883,2111026,-1,87248.5,87297.7,245.49999999995634,2945.999999999476,inv,154.0,-0.13644849999999709,0.0872485,5.0,ifvg_clean,0.001,-0.2236969999999971
2025-11,layers_1_only,204,2113760,2113760,-1,86807.8,86806.8,0.1,1.0,tp,0.0,-0.0858078,0.0868078,5.0,fvg,0.001,-0.1726156
2025-11,layers_1_only,205,2128953,2128953,1,87866.2,87866.09999999999,0.1,1.0,inv,0.0,-0.08796620000000581,0.08786619999999999,5.0,ifvg,0.001,-0.1758324000000058
2025-11,layers_1_only,206,2133718,2133718,1,87175.9,87175.79999999999,0.1,1.0,inv,0.0,-0.08727590000000582,0.0871759,5.0,ifvg,0.001,-0.17445180000000582
2025-11,layers_1_only,207,2135018,2135018,-1,87150.0,87149.0,0.1,1.0,tp,0.0,-0.08615,0.08715,5.0,fvg,0.001,-0.1733
2025-11,layers_1_only,208,2133659,2137247,-1,87191.7,87365.20000000006,173.5000000000582,2082.0000000006985,sl,3769.0,-0.2606917000000582,0.0871917,5.0,ifvg_clean,0.001,-0.3478834000000582
2025-11,layers_1_only,209,2128860,2156241,-1,87879.6,86673.59999999966,100.5000000000291,1206.0000000003492,tp,28373.0,1.1181204000003493,0.08787960000000002,5.0,ifvg_clean,0.001,1.0302408000003493
2025-11,layers_1_only,210,2184157,2184157,1,90132.3,90133.3,0.1,1.0,tp,0.0,-0.0891323,0.0901323,5.0,ifvg,0.001,-0.1792646
2025-11,layers_1_only,211,2184155,2184268,-1,90137.1,90189.5,283.49999999998545,3401.9999999998254,inv,113.0,-0.1425370999999942,0.09013710000000001,5.0,ifvg_clean,0.001,-0.23267419999999422
2025-11,layers_1_only,212,2192865,2192865,-1,89707.8,89706.8,0.1,1.0,tp,0.0,-0.0887078,0.0897078,5.0,fvg,0.001,-0.1784156
2025-11,layers_1_only,213,2192956,2192956,-1,89766.6,89765.6,0.1,1.0,tp,0.0,-0.08876660000000001,0.08976660000000002,5.0,fvg,0.001,-0.17853320000000003
2025-11,layers_1_only,214,2203558,2203558,-1,90488.3,90488.40000000001,0.1,1.0,inv,0.0,-0.09058830000000583,0.09048830000000001,5.0,ifvg,0.001,-0.18107660000000583
2025-11,layers_1_only,215,2203470,2204313,1,90479.8,90343.80000000002,135.99999999998545,1631.9999999998254,sl,848.0,-0.22647979999998546,0.09047980000000001,5.0,ifvg_clean,0.001,-0.31695959999998546
2025-11,layers_1_only,216,1754272,2211030,1,83343.6,91143.6,650.0,7800.0,tp,465179.0,7.7166564,0.08334360000000002,5.0,ifvg_clean,0.001,7.6333128
2025-11,layers_1_only,217,2266121,2266121,-1,91520.5,91520.6,0.1,1.0,inv,0.0,-0.09162050000000582,0.0915205,5.0,ifvg,0.001,-0.18314100000000583
2025-11,layers_1_only,218,2266119,2266308,1,91519.9,91301.40000000001,218.49999999998545,2621.9999999998254,sl,190.0,-0.31001989999998547,0.0915199,5.0,ifvg_clean,0.001,-0.40153979999998546
2025-11,layers_1_only,219,2284355,2284393,1,91214.6,91192.2,116.50000000001455,1398.0000000001746,inv,42.0,-0.11361460000000874,0.0912146,5.0,ifvg_clean,0.001,-0.20482920000000876
2025-11,layers_1_only,220,2284454,2284454,-1,91216.0,91216.1,0.1,1.0,sl,0.0,-0.09131600000000582,0.091216,5.0,ifvg,0.001,-0.18253200000000583
2025-11,layers_1_only,221,2338315,2338315,1,92599.9,92600.9,0.1,1.0,tp,0.0,-0.0915999,0.0925999,5.0,fvg,0.001,-0.1841998
2025-11,layers_1_only,222,2344027,2344027,1,92084.8,92084.7,0.1,1.0,inv,0.0,-0.09218480000000583,0.09208480000000001,5.0,ifvg,0.001,-0.18426960000000583
2025-11,layers_1_only,223,2344051,2344051,1,92020.0,92019.9,0.1,1.0,inv,0.0,-0.09212000000000582,0.09202,5.0,ifvg,0.001,-0.18414000000000583
2025-11,layers_1_only,224,2345688,2345688,1,91243.6,91243.5,0.1,1.0,inv,0.0,-0.09134360000000583,0.09124360000000001,5.0,ifvg,0.001,-0.18258720000000583
2025-11,layers_1_only,225,2345687,2346367,-1,91248.2,91491.19999999995,242.99999999995634,2915.999999999476,sl,680.0,-0.33424819999995636,0.0912482,5.0,ifvg_clean,0.001,-0.42549639999995637
2025-11,layers_1_only,226,2346710,2346710,1,91343.7,91344.7,0.1,1.0,tp,0.0,-0.0903437,0.0913437,5.0,fvg,0.001,-0.1816874
2025-11,layers_1_only,227,2343843,2349286,-1,92091.0,90291.0,150.0,1800.0,tp,5443.0,1.7079090000000001,0.092091,5.0,ifvg_clean,0.001,1.6158180000000002
2025-11,layers_1_only,228,2350146,2350500,-1,90431.8,90683.30000000002,251.50000000001455,3018.0000000001746,sl,354.0,-0.34193180000001455,0.0904318,5.0,ifvg_clean,0.001,-0.43236360000001456
2025-11,layers_1_only,229,2351230,2351230,1,90408.5,90408.4,0.1,1.0,inv,0.0,-0.09050850000000582,0.0904085,5.0,ifvg,0.001,-0.18091700000000582
2025-11,layers_1_only,230,2525524,2525524,1,90886.8,90887.8,0.1,1.0,tp,0.0,-0.0898868,0.0908868,5.0,ifvg,0.001,-0.1807736
2025-11,layers_1_only,231,2344047,2528361,-1,92028.2,90320.6,286.9999999999709,3443.9999999996508,eod,201253.0,1.6155717999999912,0.0920282,5.0,ifvg_clean,0.001,1.5235435999999911
2025-11,layers_1_only,232,2525469,2528361,-1,90891.5,90320.6,131.9999999999709,1583.9999999996508,eod,2915.0,0.4800084999999942,0.09089150000000001,5.0,ifvg_clean,0.001,0.38911699999999416
2025-11,layers_1_widen_2x,0,134701,134701,-1,109966.0,109965.0,0.1,1.0,tp,0.0,-0.10896600000000001,0.10996600000000001,5.0,fvg,0.001,-0.21893200000000002
2025-11,layers_1_widen_2x,1,160253,160253,1,110532.1,110533.1,0.1,1.0,tp,0.0,-0.10953210000000002,0.11053210000000002,5.0,fvg,0.001,-0.22006420000000004
2025-11,layers_1_widen_2x,2,161137,161137,1,110272.2,110272.09999999999,0.1,1.0,inv,0.0,-0.11037220000000582,0.1102722,5.0,ifvg,0.001,-0.22064440000000582
2025-11,layers_1_widen_2x,3,164821,164821,1,109574.9,109574.79999999999,0.1,1.0,inv,0.0,-0.10967490000000582,0.1095749,5.0,ifvg,0.001,-0.21924980000000582
2025-11,layers_1_widen_2x,4,170328,170336,1,108730.7,108705.2,140.0,1680.0,inv,8.0,-0.1342307,0.1087307,5.0,ifvg_clean,0.001,-0.2429614
2025-11,layers_1_widen_2x,5,170350,170350,-1,108733.7,108732.7,0.1,1.0,tp,0.0,-0.1077337,0.1087337,5.0,ifvg,0.001,-0.2164674
2025-11,layers_1_widen_2x,6,188919,188919,1,107360.1,107360.0,0.1,1.0,inv,0.0,-0.10746010000000582,0.1073601,5.0,ifvg,0.001,-0.21482020000000582
2025-11,layers_1_widen_2x,7,188915,191248,-1,107361.9,107586.39999999997,224.4999999999709,2693.9999999996508,sl,2346.0,-0.3318618999999709,0.1073619,5.0,ifvg_clean,0.001,-0.4392237999999709
2025-11,layers_1_widen_2x,8,202526,202526,-1,107853.1,107853.20000000001,0.1,1.0,inv,0.0,-0.10795310000000582,0.10785310000000001,5.0,ifvg,0.001,-0.21580620000000583
2025-11,layers_1_widen_2x,9,202295,211165,1,107847.7,107350.69999999995,497.00000000004366,5964.000000000524,sl,8947.0,-0.6048477000000437,0.1078477,5.0,ifvg_clean,0.001,-0.7126954000000437
2025-11,layers_1_widen_2x,10,225599,225614,1,107315.0,107278.8,200.0,2400.0,inv,15.0,-0.1435149999999971,0.107315,5.0,ifvg_clean,0.001,-0.2508299999999971
2025-11,layers_1_widen_2x,11,225630,225630,-1,107319.3,107318.3,0.1,1.0,tp,0.0,-0.1063193,0.1073193,5.0,ifvg,0.001,-0.2136386
2025-11,layers_1_widen_2x,12,257419,257419,-1,107042.9,107043.0,0.1,1.0,inv,0.0,-0.10714290000000583,0.10704290000000001,5.0,ifvg,0.001,-0.21418580000000584
2025-11,layers_1_widen_2x,13,257419,261081,1,107049.3,106748.80000000005,300.49999999995634,3605.999999999476,sl,3709.0,-0.40754929999995637,0.1070493,5.0,ifvg_clean,0.001,-0.5145985999999564
2025-11,layers_1_widen_2x,14,164817,265169,-1,109580.3,104852.29999999983,394.00000000001455,4728.000000000175,tp,101263.0,4.6184197000001745,0.1095803,5.0,ifvg_clean,0.001,4.508839400000174
2025-11,layers_1_widen_2x,15,161095,265966,-1,110272.3,104140.30000000018,510.99999999998545,6131.999999999825,tp,105831.0,6.0217276999998255,0.1102723,5.0,ifvg_clean,0.001,5.911455399999825
2025-11,layers_1_widen_2x,16,297611,297611,1,103900.0,103901.0,0.1,1.0,tp,0.0,-0.1029,0.1039,5.0,fvg,0.001,-0.2068
2025-11,layers_1_widen_2x,17,405854,405854,-1,103803.0,103803.1,0.1,1.0,sl,0.0,-0.10390300000000581,0.10380299999999999,5.0,ifvg,0.001,-0.2077060000000058
2025-11,layers_1_widen_2x,18,405847,405889,1,103787.4,103760.5,210.0,2520.0,inv,42.0,-0.13068739999999418,0.10378739999999999,5.0,ifvg_clean,0.001,-0.23447479999999415
2025-11,layers_1_widen_2x,19,559713,559713,1,100710.6,100710.5,0.1,1.0,inv,0.0,-0.10081060000000583,0.10071060000000001,5.0,ifvg,0.001,-0.20152120000000584
2025-11,layers_1_widen_2x,20,559843,559843,1,100509.6,100509.5,0.1,1.0,inv,0.0,-0.10060960000000582,0.1005096,5.0,ifvg,0.001,-0.20111920000000583
2025-11,layers_1_widen_2x,21,559713,560249,-1,100697.9,100897.39999999997,199.4999999999709,2393.9999999996508,sl,536.0,-0.3001978999999709,0.10069789999999999,5.0,ifvg_clean,0.001,-0.4008957999999709
2025-11,layers_1_widen_2x,22,559839,560440,-1,100511.4,101336.4,825.0,9900.0,sl,601.0,-0.9255114000000001,0.1005114,5.0,ifvg_clean,0.001,-1.0260228
2025-11,layers_1_widen_2x,23,596731,596738,-1,103090.3,103119.8,180.99999999998545,2171.9999999998254,inv,7.0,-0.1325903,0.1030903,5.0,ifvg_clean,0.001,-0.2356806
2025-11,layers_1_widen_2x,24,597372,597372,1,103083.1,103083.0,0.1,1.0,inv,0.0,-0.10318310000000581,0.1030831,5.0,ifvg,0.001,-0.2062662000000058
2025-11,layers_1_widen_2x,25,732371,732371,1,103588.0,103589.0,0.1,1.0,tp,0.0,-0.10258800000000001,0.10358800000000001,5.0,ifvg,0.001,-0.20617600000000003
2025-11,layers_1_widen_2x,26,732248,733494,-1,103589.5,103743.0,772.5,9270.0,inv,1253.0,-0.25708949999999997,0.1035895,5.0,ifvg_clean,0.001,-0.36067899999999997
2025-11,layers_1_widen_2x,27,736176,736179,-1,103531.0,103586.5,333.0000000000291,3996.0000000003492,inv,3.0,-0.159031,0.10353100000000001,5.0,ifvg_clean,0.001,-0.262562
2025-11,layers_1_widen_2x,28,800268,800268,-1,105962.6,105961.6,0.1,1.0,tp,0.0,-0.10496260000000002,0.10596260000000002,5.0,ifvg,0.001,-0.21092520000000003
2025-11,layers_1_widen_2x,29,800230,800300,1,105956.6,105931.4,153.5000000000582,1842.0000000006985,inv,70.0,-0.13115660000001167,0.10595660000000001,5.0,ifvg_clean,0.001,-0.23711320000001168
2025-11,layers_1_widen_2x,30,813689,813689,1,104927.6,104927.5,0.1,1.0,inv,0.0,-0.10502760000000583,0.10492760000000001,5.0,ifvg,0.001,-0.20995520000000584
2025-11,layers_1_widen_2x,31,816056,816056,1,105062.1,105062.0,0.1,1.0,inv,0.0,-0.10516210000000582,0.1050621,5.0,ifvg,0.001,-0.21022420000000583
2025-11,layers_1_widen_2x,32,816046,817272,-1,105068.7,105258.19999999997,189.4999999999709,2273.9999999996508,sl,1235.0,-0.29456869999997093,0.1050687,5.0,ifvg_clean,0.001,-0.39963739999997094
2025-11,layers_1_widen_2x,33,818823,818847,-1,105336.7,105361.0,154.4999999999709,1853.9999999996508,inv,24.0,-0.1296367000000029,0.10533669999999999,5.0,ifvg_clean,0.001,-0.23497340000000289
2025-11,layers_1_widen_2x,34,818936,818936,1,105329.6,105330.6,0.1,1.0,tp,0.0,-0.10432960000000001,0.10532960000000001,5.0,ifvg,0.001,-0.20965920000000002
2025-11,layers_1_widen_2x,35,813686,819450,-1,104936.4,105548.39999999997,611.9999999999709,7343.999999999651,sl,5827.0,-0.7169363999999709,0.1049364,5.0,ifvg_clean,0.001,-0.821872799999971
2025-11,layers_1_widen_2x,36,836054,836054,-1,105517.8,105517.90000000001,0.1,1.0,inv,0.0,-0.10561780000000583,0.10551780000000001,5.0,ifvg,0.001,-0.21113560000000584
2025-11,layers_1_widen_2x,37,837374,837377,-1,105813.4,105825.6,161.50000000001455,1938.0000000001746,inv,3.0,-0.11801340000001165,0.1058134,5.0,ifvg_clean,0.001,-0.22382680000001165
2025-11,layers_1_widen_2x,38,837403,837403,1,105792.8,105793.8,0.1,1.0,tp,0.0,-0.1047928,0.1057928,5.0,ifvg,0.001,-0.2105856
2025-11,layers_1_widen_2x,39,849711,849711,1,105998.6,105998.5,0.1,1.0,inv,0.0,-0.10609860000000583,0.10599860000000001,5.0,ifvg,0.001,-0.21209720000000584
2025-11,layers_1_widen_2x,40,849676,850156,-1,106003.3,106198.79999999996,195.49999999995634,2345.999999999476,sl,486.0,-0.30150329999995634,0.10600330000000001,5.0,ifvg_clean,0.001,-0.40750659999995636
2025-11,layers_1_widen_2x,41,854624,854624,-1,106599.9,106600.0,0.1,1.0,inv,0.0,-0.10669990000000582,0.1065999,5.0,ifvg,0.001,-0.2132998000000058
2025-11,layers_1_widen_2x,42,855942,855942,-1,106417.9,106416.9,0.1,1.0,tp,0.0,-0.10541790000000001,0.10641790000000001,5.0,ifvg,0.001,-0.21183580000000002
2025-11,layers_1_widen_2x,43,855941,856152,1,106414.9,106383.5,169.4999999999709,2033.9999999996508,inv,212.0,-0.1378148999999942,0.1064149,5.0,ifvg_clean,0.001,-0.2442297999999942
2025-11,layers_1_widen_2x,44,854544,856487,1,106576.3,106176.80000000003,399.4999999999709,4793.999999999651,sl,1971.0,-0.5060762999999708,0.1065763,5.0,ifvg_clean,0.001,-0.6126525999999708
2025-11,layers_1_widen_2x,45,835871,860263,1,105512.7,105113.19999999995,399.50000000004366,4794.000000000524,sl,24783.0,-0.5050127000000436,0.1055127,5.0,ifvg_clean,0.001,-0.6105254000000436
2025-11,layers_1_widen_2x,46,861287,861287,1,105395.6,105395.5,0.1,1.0,inv,0.0,-0.10549560000000582,0.1053956,5.0,ifvg,0.001,-0.21089120000000583
2025-11,layers_1_widen_2x,47,881080,881080,-1,105306.6,105306.70000000001,0.1,1.0,inv,0.0,-0.10540660000000582,0.1053066,5.0,ifvg,0.001,-0.21071320000000582
2025-11,layers_1_widen_2x,48,880992,883664,1,105304.8,105119.29999999997,185.5000000000291,2226.0000000003492,sl,2727.0,-0.2908048000000291,0.1053048,5.0,ifvg_clean,0.001,-0.39610960000002915
2025-11,layers_1_widen_2x,49,895062,895062,1,104370.0,104371.0,0.1,1.0,tp,0.0,-0.10337,0.10437,5.0,fvg,0.001,-0.20774
2025-11,layers_1_widen_2x,50,861070,904593,-1,105406.6,102964.60000000018,203.49999999998545,2441.9999999998254,tp,43915.0,2.336593399999826,0.10540660000000002,5.0,ifvg_clean,0.001,2.2311867999998256
2025-11,layers_1_widen_2x,51,958120,958120,1,103951.0,103952.0,0.1,1.0,tp,0.0,-0.10295100000000001,0.10395100000000002,5.0,fvg,0.001,-0.20690200000000003
2025-11,layers_1_widen_2x,52,962842,962842,-1,104589.2,104588.2,0.1,1.0,tp,0.0,-0.1035892,0.10458920000000001,5.0,fvg,0.001,-0.2081784
2025-11,layers_1_widen_2x,53,965959,965959,-1,104855.3,104855.40000000001,0.1,1.0,inv,0.0,-0.10495530000000582,0.1048553,5.0,ifvg,0.001,-0.20981060000000581
2025-11,layers_1_widen_2x,54,965616,980001,1,104850.1,104260.1,590.0,7080.0,sl,14391.0,-0.6948501,0.10485010000000002,5.0,ifvg_clean,0.001,-0.7997002000000001
2025-11,layers_1_widen_2x,55,992021,992021,1,101614.3,101615.3,0.1,1.0,tp,0.0,-0.1006143,0.1016143,5.0,ifvg,0.001,-0.2022286
2025-11,layers_1_widen_2x,56,992020,992445,-1,101624.8,101636.9,110.49999999995634,1325.9999999994761,inv,428.0,-0.11372479999999129,0.10162480000000002,5.0,ifvg_clean,0.001,-0.21534959999999131
2025-11,layers_1_widen_2x,57,1000090,1000090,1,101482.0,101481.9,0.1,1.0,sl,0.0,-0.10158200000000582,0.101482,5.0,ifvg,0.001,-0.20306400000000582
2025-11,layers_1_widen_2x,58,1000090,1000230,-1,101482.0,101561.9,396.9999999999709,4763.999999999651,inv,140.0,-0.1813819999999942,0.101482,5.0,ifvg_clean,0.001,-0.2828639999999942
2025-11,layers_1_widen_2x,59,1066641,1066641,-1,102446.2,102446.3,0.1,1.0,inv,0.0,-0.10254620000000582,0.1024462,5.0,ifvg,0.001,-0.20499240000000582
2025-11,layers_1_widen_2x,60,1066919,1066919,1,102477.3,102478.3,0.1,1.0,tp,0.0,-0.1014773,0.10247730000000001,5.0,ifvg,0.001,-0.2039546
2025-11,layers_1_widen_2x,61,1066913,1066922,-1,102478.0,102506.1,141.50000000001455,1698.0000000001746,inv,9.0,-0.13057800000000583,0.10247800000000001,5.0,ifvg_clean,0.001,-0.23305600000000584
2025-11,layers_1_widen_2x,62,1067300,1067300,1,102531.3,102532.3,0.1,1.0,tp,0.0,-0.1015313,0.1025313,5.0,fvg,0.001,-0.2040626
2025-11,layers_1_widen_2x,63,1068355,1068355,-1,101963.1,101962.1,0.1,1.0,tp,0.0,-0.10096310000000001,0.10196310000000001,5.0,fvg,0.001,-0.20292620000000003
2025-11,layers_1_widen_2x,64,1068626,1068626,1,101813.0,101812.88,0.12000000000000002,1.2000000000000002,inv,0.0,-0.10193299999999535,0.101813,5.0,ifvg,0.001,-0.20374599999999535
2025-11,layers_1_widen_2x,65,1066641,1068936,1,102446.1,101439.10000000003,1006.9999999999709,12083.99999999965,sl,2295.0,-1.109446099999971,0.1024461,5.0,ifvg_clean,0.001,-1.211892199999971
2025-11,layers_1_widen_2x,66,1071764,1071764,1,100984.8,100984.7,0.1,1.0,inv,0.0,-0.10108480000000583,0.10098480000000001,5.0,ifvg,0.001,-0.20206960000000584
2025-11,layers_1_widen_2x,67,1071754,1071844,-1,100996.8,101175.80000000002,179.00000000001455,2148.0000000001746,sl,90.0,-0.2799968000000146,0.10099680000000001,5.0,ifvg_clean,0.001,-0.3809936000000146
2025-11,layers_1_widen_2x,68,1073083,1073083,1,100781.1,100781.0,0.1,1.0,inv,0.0,-0.10088110000000583,0.10078110000000001,5.0,ifvg,0.001,-0.20166220000000584
2025-11,layers_1_widen_2x,69,1075319,1075319,1,100423.6,100423.5,0.1,1.0,inv,0.0,-0.10052360000000583,0.10042360000000002,5.0,ifvg,0.001,-0.20094720000000585
2025-11,layers_1_widen_2x,70,1075483,1075483,1,100320.3,100321.3,0.1,1.0,tp,0.0,-0.0993203,0.1003203,5.0,fvg,0.001,-0.1996406
2025-11,layers_1_widen_2x,71,1076631,1076631,1,99870.0,99869.9,0.1,1.0,inv,0.0,-0.09997000000000582,0.09987,5.0,ifvg,0.001,-0.19984000000000582
2025-11,layers_1_widen_2x,72,1075304,1077989,-1,100431.3,99189.30000000018,103.49999999998545,1241.9999999998254,tp,2686.0,1.1415686999998254,0.10043130000000002,5.0,ifvg_clean,0.001,1.0411373999998252
2025-11,layers_1_widen_2x,73,1076631,1079199,-1,99881.3,98333.29999999983,129.00000000001455,1548.0000000001746,tp,2568.0,1.4481187000001745,0.0998813,5.0,ifvg_clean,0.001,1.3482374000001744
2025-11,layers_1_widen_2x,74,1083578,1083578,-1,98707.8,98712.7,110.49999999995634,1325.9999999994761,inv,0.0,-0.10360779999999419,0.09870780000000001,5.0,ifvg_clean,0.001,-0.2023155999999942
2025-11,layers_1_widen_2x,75,1083619,1083619,1,98690.1,98691.1,0.1,1.0,tp,0.0,-0.0976901,0.0986901,5.0,ifvg,0.001,-0.1963802
2025-11,layers_1_widen_2x,76,1086945,1086950,1,98524.0,98472.1,268.49999999998545,3221.9999999998254,inv,5.0,-0.15042399999999417,0.098524,5.0,ifvg_clean,0.001,-0.24894799999999417
2025-11,layers_1_widen_2x,77,1086997,1086997,-1,98526.3,98525.3,0.1,1.0,tp,0.0,-0.09752630000000001,0.09852630000000001,5.0,ifvg,0.001,-0.19605260000000002
2025-11,layers_1_widen_2x,78,1088197,1088197,1,98334.9,98334.79999999999,0.1,1.0,inv,0.0,-0.0984349000000058,0.09833489999999999,5.0,ifvg,0.001,-0.1967698000000058
2025-11,layers_1_widen_2x,79,1088159,1088321,-1,98363.1,98588.60000000003,225.5000000000291,2706.0000000003492,sl,162.0,-0.32386310000002916,0.09836310000000001,5.0,ifvg_clean,0.001,-0.4222262000000292
2025-11,layers_1_widen_2x,80,1095235,1095235,-1,99633.0,99633.1,0.1,1.0,inv,0.0,-0.09973300000000582,0.099633,5.0,ifvg,0.001,-0.19936600000000582
2025-11,layers_1_widen_2x,81,1095191,1098941,1,99617.7,99277.19999999997,340.5000000000291,4086.0000000003492,sl,3751.0,-0.44011770000002914,0.0996177,5.0,ifvg_clean,0.001,-0.5397354000000292
2025-11,layers_1_widen_2x,82,1105163,1105163,-1,99400.0,99400.1,0.1,1.0,inv,0.0,-0.09950000000000582,0.0994,5.0,ifvg,0.001,-0.19890000000000582
2025-11,layers_1_widen_2x,83,1105163,1105293,1,99397.1,99177.1,220.0,2640.0,sl,132.0,-0.3193971,0.09939710000000002,5.0,ifvg_clean,0.001,-0.4187942
2025-11,layers_1_widen_2x,84,1106082,1106082,-1,99537.0,99537.1,0.1,1.0,inv,0.0,-0.09963700000000583,0.09953700000000001,5.0,ifvg,0.001,-0.19917400000000585
2025-11,layers_1_widen_2x,85,1106082,1106189,1,99539.8,99373.80000000002,165.99999999998545,1991.9999999998254,sl,108.0,-0.26553979999998545,0.0995398,5.0,ifvg_clean,0.001,-0.36507959999998546
2025-11,layers_1_widen_2x,86,1109717,1109717,1,99280.0,99281.0,0.1,1.0,tp,0.0,-0.09828,0.09928000000000001,5.0,ifvg,0.001,-0.19756
2025-11,layers_1_widen_2x,87,1112902,1112902,1,99106.2,99106.09999999999,0.1,1.0,inv,0.0,-0.09920620000000582,0.0991062,5.0,ifvg,0.001,-0.19831240000000583
2025-11,layers_1_widen_2x,88,1068622,1114905,-1,101815.5,97891.50000000035,326.9999999999709,3923.9999999996508,tp,46446.0,3.822184499999651,0.1018155,5.0,ifvg_clean,0.001,3.720368999999651
2025-11,layers_1_widen_2x,89,1112899,1114907,-1,99106.9,97858.89999999982,104.00000000001455,1248.0000000001746,tp,2025.0,1.1488931000001747,0.0991069,5.0,ifvg_clean,0.001,1.0497862000001748
2025-11,layers_1_widen_2x,90,1073080,1114911,-1,100791.8,97677.80000000035,259.4999999999709,3113.9999999996508,tp,41994.0,3.0132081999996507,0.10079180000000001,5.0,ifvg_clean,0.001,2.9124163999996506
2025-11,layers_1_widen_2x,91,1115590,1115590,1,97818.3,97818.2,0.1,1.0,inv,0.0,-0.09791830000000583,0.09781830000000001,5.0,ifvg,0.001,-0.19573660000000584
2025-11,layers_1_widen_2x,92,1109709,1122925,-1,99283.8,96073.8,267.5,3210.0,tp,13283.0,3.1107162,0.0992838,5.0,ifvg_clean,0.001,3.0114324000000003
2025-11,layers_1_widen_2x,93,1132474,1132474,1,97073.4,97074.4,0.1,1.0,tp,0.0,-0.09607339999999999,0.09707339999999999,5.0,ifvg,0.001,-0.19314679999999998
2025-11,layers_1_widen_2x,94,1132470,1132560,-1,97077.4,97125.0,255.5000000000291,3066.0000000003492,inv,90.0,-0.1446774000000058,0.0970774,5.0,ifvg_clean,0.001,-0.24175480000000582
2025-11,layers_1_widen_2x,95,1133022,1133024,1,96901.7,96868.1,246.9999999999709,2963.9999999996508,inv,2.0,-0.13050169999999128,0.09690170000000001,5.0,ifvg_clean,0.001,-0.2274033999999913
2025-11,layers_1_widen_2x,96,1133153,1133153,-1,96918.0,96917.0,0.1,1.0,tp,0.0,-0.095918,0.096918,5.0,ifvg,0.001,-0.192836
2025-11,layers_1_widen_2x,97,1139444,1139444,1,96625.0,96624.9,0.1,1.0,inv,0.0,-0.09672500000000582,0.096625,5.0,ifvg,0.001,-0.19335000000000582
2025-11,layers_1_widen_2x,98,1139444,1143616,-1,96622.3,95248.30000000035,114.4999999999709,1373.9999999996508,tp,4172.0,1.277377699999651,0.09662230000000001,5.0,ifvg_clean,0.001,1.180755399999651
2025-11,layers_1_widen_2x,99,1158467,1158467,1,97173.5,97173.4,0.1,1.0,sl,0.0,-0.09727350000000583,0.09717350000000001,5.0,ifvg,0.001,-0.19444700000000584
2025-11,layers_1_widen_2x,100,1158467,1158962,-1,97165.0,97202.2,140.99999999998545,1691.9999999998254,inv,496.0,-0.1343649999999971,0.097165,5.0,ifvg_clean,0.001,-0.2315299999999971
2025-11,layers_1_widen_2x,101,1239425,1239425,1,96316.4,96317.4,0.1,1.0,tp,0.0,-0.09531640000000001,0.09631640000000001,5.0,ifvg,0.001,-0.19163280000000002
2025-11,layers_1_widen_2x,102,1295385,1295385,1,95944.0,95945.0,0.1,1.0,tp,0.0,-0.094944,0.095944,5.0,ifvg,0.001,-0.190888
2025-11,layers_1_widen_2x,103,1295285,1298192,-1,95949.0,96055.1,553.0000000000291,6636.000000000349,inv,3017.0,-0.20204900000000584,0.095949,5.0,ifvg_clean,0.001,-0.29799800000000587
2025-11,layers_1_widen_2x,104,1239419,1301378,-1,96324.4,96363.5,233.0000000000291,2796.0000000003492,inv,66079.0,-0.13542440000000583,0.0963244,5.0,ifvg_clean,0.001,-0.23174880000000583
2025-11,layers_1_widen_2x,105,1312892,1312892,1,95601.5,95601.4,0.1,1.0,inv,0.0,-0.09570150000000582,0.0956015,5.0,ifvg,0.001,-0.19130300000000583
2025-11,layers_1_widen_2x,106,1312892,1313005,-1,95592.6,95728.59999999999,135.99999999998545,1631.9999999998254,sl,114.0,-0.23159259999998544,0.0955926,5.0,ifvg_clean,0.001,-0.3271851999999854
2025-11,layers_1_widen_2x,107,1115590,1344338,-1,97835.9,93221.90000000034,384.4999999999709,4613.999999999651,tp,234910.0,4.516164099999651,0.0978359,5.0,ifvg_clean,0.001,4.418328199999651
2025-11,layers_1_widen_2x,108,1354451,1354462,-1,94659.3,94705.7,255.0,3060.0,inv,11.0,-0.14105929999999417,0.0946593,5.0,ifvg_clean,0.001,-0.23571859999999417
2025-11,layers_1_widen_2x,109,1354537,1354537,-1,94877.7,94877.8,0.1,1.0,inv,0.0,-0.09497770000000583,0.09487770000000001,5.0,ifvg,0.001,-0.18985540000000584
2025-11,layers_1_widen_2x,110,1354537,1358198,1,94882.3,94765.79999999999,116.50000000001455,1398.0000000001746,sl,3713.0,-0.21138230000001457,0.0948823,5.0,ifvg_clean,0.001,-0.30626460000001454
2025-11,layers_1_widen_2x,111,1381472,1381481,-1,95747.5,95772.3,204.00000000001455,2448.0000000001746,inv,9.0,-0.12054750000000292,0.0957475,5.0,ifvg_clean,0.001,-0.2162950000000029
2025-11,layers_1_widen_2x,112,1381555,1381555,1,95731.0,95732.0,0.1,1.0,tp,0.0,-0.09473100000000001,0.09573100000000001,5.0,ifvg,0.001,-0.19046200000000002
2025-11,layers_1_widen_2x,113,1403745,1403745,-1,95304.2,95304.3,0.1,1.0,inv,0.0,-0.09540420000000581,0.09530419999999999,5.0,ifvg,0.001,-0.1907084000000058
2025-11,layers_1_widen_2x,114,1403745,1403936,1,95304.8,94970.30000000003,334.4999999999709,4013.9999999996508,sl,191.0,-0.4298047999999709,0.09530480000000001,5.0,ifvg_clean,0.001,-0.5251095999999709
2025-11,layers_1_widen_2x,115,1408042,1408042,1,93646.0,93645.9,0.1,1.0,inv,0.0,-0.09374600000000582,0.09364600000000001,5.0,ifvg,0.001,-0.18739200000000583
2025-11,layers_1_widen_2x,116,1450805,1450805,1,90713.4,90713.29999999999,0.1,1.0,inv,0.0,-0.09081340000000582,0.0907134,5.0,ifvg,0.001,-0.18152680000000582
2025-11,layers_1_widen_2x,117,1450615,1466534,-1,90717.1,90955.60000000006,238.5000000000582,2862.0000000006985,sl,15924.0,-0.3292171000000582,0.09071710000000001,5.0,ifvg_clean,0.001,-0.4199342000000582
2025-11,layers_1_widen_2x,118,1496387,1496387,-1,93586.7,93586.8,0.1,1.0,inv,0.0,-0.09368670000000581,0.0935867,5.0,ifvg,0.001,-0.1872734000000058
2025-11,layers_1_widen_2x,119,1496387,1496618,1,93583.5,93400.00000000001,183.49999999998545,2201.9999999998254,sl,231.0,-0.27708349999998544,0.0935835,5.0,ifvg_clean,0.001,-0.3706669999999854
2025-11,layers_1_widen_2x,120,1500400,1500403,1,93290.4,93274.9,104.50000000004366,1254.0000000005239,inv,3.0,-0.1087904,0.0932904,5.0,ifvg_clean,0.001,-0.2020808
2025-11,layers_1_widen_2x,121,1500419,1500419,-1,93296.3,93295.3,0.1,1.0,tp,0.0,-0.0922963,0.0932963,5.0,ifvg,0.001,-0.1855926
2025-11,layers_1_widen_2x,122,1500751,1500751,1,93212.9,93212.79999999999,0.1,1.0,inv,0.0,-0.0933129000000058,0.09321289999999999,5.0,ifvg,0.001,-0.1865258000000058
2025-11,layers_1_widen_2x,123,1500747,1501545,-1,93214.6,93344.6,130.0,1560.0,sl,806.0,-0.2232146,0.09321460000000001,5.0,ifvg_clean,0.001,-0.3164292
2025-11,layers_1_widen_2x,124,1504712,1504712,1,93472.0,93473.0,0.1,1.0,tp,0.0,-0.09247200000000001,0.09347200000000001,5.0,ifvg,0.001,-0.18594400000000003
2025-11,layers_1_widen_2x,125,1504682,1507327,-1,93474.8,93516.0,217.5,2610.0,inv,2703.0,-0.1346747999999971,0.09347480000000001,5.0,ifvg_clean,0.001,-0.22814959999999712
2025-11,layers_1_widen_2x,126,1508800,1508800,-1,93164.0,93163.0,0.1,1.0,tp,0.0,-0.092164,0.093164,5.0,ifvg,0.001,-0.185328
2025-11,layers_1_widen_2x,127,1508800,1508834,1,93162.9,93139.5,120.0,1440.0,inv,36.0,-0.11656289999999417,0.09316289999999999,5.0,ifvg_clean,0.001,-0.20972579999999416
2025-11,layers_1_widen_2x,128,1510794,1510794,-1,92916.6,92915.6,0.1,1.0,tp,0.0,-0.0919166,0.0929166,5.0,ifvg,0.001,-0.1848332
2025-11,layers_1_widen_2x,129,1510790,1510966,1,92915.2,92876.5,198.0000000000291,2376.0000000003492,inv,179.0,-0.1316151999999971,0.0929152,5.0,ifvg_clean,0.001,-0.2245303999999971
2025-11,layers_1_widen_2x,130,1516675,1516675,-1,93061.3,93061.40000000001,0.1,1.0,inv,0.0,-0.09316130000000582,0.0930613,5.0,ifvg,0.001,-0.18622260000000582
2025-11,layers_1_widen_2x,131,1516627,1519626,1,93049.4,92790.90000000001,258.49999999998545,3101.9999999998254,sl,3086.0,-0.35154939999998547,0.09304939999999999,5.0,ifvg_clean,0.001,-0.4445987999999855
2025-11,layers_1_widen_2x,132,1583267,1583267,1,89894.7,89895.7,0.1,1.0,tp,0.0,-0.08889470000000001,0.08989470000000001,5.0,fvg,0.001,-0.17878940000000001
2025-11,layers_1_widen_2x,133,1596844,1596844,-1,89257.0,89257.1,0.1,1.0,inv,0.0,-0.08935700000000582,0.089257,5.0,ifvg,0.001,-0.17861400000000582
2025-11,layers_1_widen_2x,134,1597360,1597360,1,89526.4,89527.4,0.1,1.0,tp,0.0,-0.08852639999999999,0.08952639999999999,5.0,ifvg,0.001,-0.17805279999999998
2025-11,layers_1_widen_2x,135,1597353,1597407,-1,89528.6,89575.9,245.0,2940.0,inv,54.0,-0.13682859999998837,0.08952860000000001,5.0,ifvg_clean,0.001,-0.22635719999998838
2025-11,layers_1_widen_2x,136,1656230,1656232,-1,91820.8,91883.8,448.0000000000291,5376.000000000349,inv,2.0,-0.1548208,0.09182080000000001,5.0,ifvg_clean,0.001,-0.24664160000000002
2025-11,layers_1_widen_2x,137,1656541,1656541,1,91793.7,91794.7,0.1,1.0,tp,0.0,-0.0907937,0.0917937,5.0,ifvg,0.001,-0.1825874
2025-11,layers_1_widen_2x,138,1657824,1657824,1,91637.4,91638.4,0.1,1.0,tp,0.0,-0.0906374,0.09163740000000001,5.0,fvg,0.001,-0.18227480000000001
2025-11,layers_1_widen_2x,139,1662121,1662121,-1,90872.9,90871.9,0.1,1.0,tp,0.0,-0.0898729,0.0908729,5.0,fvg,0.001,-0.1807458
2025-11,layers_1_widen_2x,140,1596844,1665663,1,89255.8,88889.80000000002,365.99999999998545,4391.999999999825,sl,69538.0,-0.45525579999998544,0.08925580000000001,5.0,ifvg_clean,0.001,-0.5445115999999854
2025-11,layers_1_widen_2x,141,1408035,1721124,-1,93649.8,83635.80000000035,834.4999999999709,10013.99999999965,tp,315124.0,9.920350199999652,0.0936498,5.0,ifvg_clean,0.001,9.826700399999652
2025-11,layers_1_widen_2x,142,1731560,1731560,1,82218.3,82218.2,0.1,1.0,inv,0.0,-0.08231830000000581,0.0822183,5.0,ifvg,0.001,-0.1645366000000058
2025-11,layers_1_widen_2x,143,1731560,1731923,-1,82220.0,82570.49999999996,350.49999999995634,4205.999999999476,sl,363.0,-0.43271999999995636,0.08222,5.0,ifvg_clean,0.001,-0.5149399999999563
2025-11,layers_1_widen_2x,144,1737793,1737793,-1,82097.1,82096.1,0.1,1.0,tp,0.0,-0.08109710000000002,0.08209710000000002,5.0,ifvg,0.001,-0.16319420000000004
2025-11,layers_1_widen_2x,145,1737793,1737823,1,82096.4,82038.5,290.5000000000291,3486.0000000003492,inv,30.0,-0.1399963999999942,0.0820964,5.0,ifvg_clean,0.001,-0.2220927999999942
2025-11,layers_1_widen_2x,146,1750460,1750460,1,82784.7,82810.8,131.50000000001455,1578.0000000001746,inv,0.0,-0.05668469999999418,0.0827847,5.0,ifvg_clean,0.001,-0.1394693999999942
2025-11,layers_1_widen_2x,147,1750467,1750467,-1,82837.6,82836.6,0.1,1.0,tp,0.0,-0.08183760000000001,0.08283760000000001,5.0,ifvg,0.001,-0.16467520000000002
2025-11,layers_1_widen_2x,148,1751348,1751348,1,82958.3,82958.2,0.1,1.0,inv,0.0,-0.08305830000000583,0.08295830000000001,5.0,ifvg,0.001,-0.16601660000000584
2025-11,layers_1_widen_2x,149,1752692,1752692,-1,82717.3,82717.40000000001,0.1,1.0,sl,0.0,-0.08281730000000583,0.08271730000000001,5.0,fvg,0.001,-0.16553460000000583
2025-11,layers_1_widen_2x,150,1751277,1753724,-1,82960.7,83509.70000000001,549.0000000000146,6588.000000000175,sl,2447.0,-0.6319607000000146,0.0829607,5.0,ifvg_clean,0.001,-0.7149214000000146
2025-11,layers_1_widen_2x,151,1754272,1754272,-1,83361.0,83361.1,0.1,1.0,inv,0.0,-0.08346100000000582,0.083361,5.0,ifvg,0.001,-0.16682200000000583
2025-11,layers_1_widen_2x,152,1759748,1759748,-1,83469.1,83469.20000000001,0.1,1.0,sl,0.0,-0.08356910000000584,0.08346910000000002,5.0,ifvg,0.001,-0.16703820000000585
2025-11,layers_1_widen_2x,153,1759748,1759766,1,83468.4,83410.4,291.0000000000582,3492.0000000006985,inv,18.0,-0.1414684,0.0834684,5.0,ifvg_clean,0.001,-0.2249368
2025-11,layers_1_widen_2x,154,1785760,1785760,1,84978.0,84979.0,0.1,1.0,tp,0.0,-0.08397800000000001,0.08497800000000001,5.0,ifvg,0.001,-0.16895600000000002
2025-11,layers_1_widen_2x,155,1785760,1785826,-1,84982.6,85012.1,168.0000000000291,2016.0000000003492,inv,67.0,-0.1144826,0.0849826,5.0,ifvg_clean,0.001,-0.1994652
2025-11,layers_1_widen_2x,156,1786599,1786599,-1,85096.9,85097.0,0.1,1.0,inv,0.0,-0.0851969000000058,0.08509689999999999,5.0,ifvg,0.001,-0.1702938000000058
2025-11,layers_1_widen_2x,157,1786576,1787710,1,85096.6,84925.10000000006,171.4999999999418,2057.9999999993015,sl,1162.0,-0.2565965999999418,0.08509660000000001,5.0,ifvg_clean,0.001,-0.3416931999999418
2025-11,layers_1_widen_2x,158,1788956,1788956,1,84684.7,84684.59999999999,0.1,1.0,inv,0.0,-0.0847847000000058,0.08468469999999999,5.0,ifvg,0.001,-0.1694694000000058
2025-11,layers_1_widen_2x,159,1805001,1805756,1,84670.5,84459.50000000001,210.99999999998545,2531.9999999998254,sl,762.0,-0.29567049999998546,0.08467050000000001,5.0,ifvg_clean,0.001,-0.3803409999999855
2025-11,layers_1_widen_2x,160,1809747,1809747,1,84300.7,84301.9,0.12000000000000002,1.2000000000000002,tp,0.0,-0.0831007000000029,0.08430069999999999,5.0,fvg,0.001,-0.1674014000000029
2025-11,layers_1_widen_2x,161,1810765,1810765,-1,84171.6,84170.6,0.1,1.0,tp,0.0,-0.08317160000000001,0.08417160000000001,5.0,ifvg,0.001,-0.16734320000000003
2025-11,layers_1_widen_2x,162,1810764,1810785,1,84155.5,84096.9,371.0000000000582,4452.0000000006985,inv,21.0,-0.14275550000000584,0.08415550000000001,5.0,ifvg_clean,0.001,-0.22691100000000586
2025-11,layers_1_widen_2x,163,1827137,1827137,-1,84012.4,84012.5,0.1,1.0,inv,0.0,-0.08411240000000582,0.0840124,5.0,ifvg,0.001,-0.16812480000000582
2025-11,layers_1_widen_2x,164,1827119,1827889,1,84009.4,83887.40000000002,121.9999999999709,1463.9999999996508,sl,776.0,-0.2060093999999709,0.0840094,5.0,ifvg_clean,0.001,-0.2900187999999709
2025-11,layers_1_widen_2x,165,1829025,1829025,-1,83808.4,83807.4,0.1,1.0,tp,0.0,-0.08280839999999999,0.08380839999999999,5.0,fvg,0.001,-0.16661679999999998
2025-11,layers_1_widen_2x,166,1838575,1838575,1,84496.8,84496.7,0.1,1.0,sl,0.0,-0.08459680000000583,0.08449680000000001,5.0,ifvg,0.001,-0.16909360000000584
2025-11,layers_1_widen_2x,167,1838575,1838644,-1,84497.3,84544.2,234.4999999999709,2813.9999999996508,inv,71.0,-0.1313972999999942,0.08449730000000001,5.0,ifvg_clean,0.001,-0.21589459999999422
2025-11,layers_1_widen_2x,168,1788954,1839815,-1,84684.9,84810.89999999998,125.99999999998545,1511.9999999998254,sl,51481.0,-0.21068489999998546,0.08468490000000001,5.0,ifvg_clean,0.001,-0.29536979999998547
2025-11,layers_1_widen_2x,169,1870395,1870395,1,85760.0,85761.0,0.1,1.0,tp,0.0,-0.08476,0.08576,5.0,ifvg,0.001,-0.17052
2025-11,layers_1_widen_2x,170,1870385,1870450,-1,85767.1,85787.9,136.9999999999709,1643.9999999996508,inv,65.0,-0.10656709999998837,0.08576710000000001,5.0,ifvg_clean,0.001,-0.19233419999998838
2025-11,layers_1_widen_2x,171,1958568,1958568,1,87380.3,87380.2,0.1,1.0,sl,0.0,-0.08748030000000583,0.08738030000000001,5.0,ifvg,0.001,-0.17486060000000583
2025-11,layers_1_widen_2x,172,1958568,1958599,-1,87378.6,87418.0,185.99999999998545,2231.9999999998254,inv,32.0,-0.1267785999999942,0.0873786,5.0,ifvg_clean,0.001,-0.2141571999999942
2025-11,layers_1_widen_2x,173,2000436,2000436,-1,85968.4,85967.4,0.1,1.0,tp,0.0,-0.0849684,0.0859684,5.0,ifvg,0.001,-0.1709368
2025-11,layers_1_widen_2x,174,2000431,2000560,1,85960.5,85938.7,145.99999999998545,1751.9999999998254,inv,135.0,-0.10776050000000291,0.0859605,5.0,ifvg_clean,0.001,-0.19372100000000292
2025-11,layers_1_widen_2x,175,2002198,2002198,-1,85545.1,85545.20000000001,0.1,1.0,sl,0.0,-0.08564510000000583,0.08554510000000001,5.0,fvg,0.001,-0.17119020000000584
2025-11,layers_1_widen_2x,176,2002653,2002653,-1,86171.7,86170.7,0.1,1.0,tp,0.0,-0.0851717,0.0861717,5.0,ifvg,0.001,-0.1713434
2025-11,layers_1_widen_2x,177,2002653,2002698,1,86169.8,86099.0,360.99999999998545,4331.999999999825,inv,45.0,-0.15696980000000293,0.0861698,5.0,ifvg_clean,0.001,-0.24313960000000295
2025-11,layers_1_widen_2x,178,2016259,2016259,-1,88375.4,88375.5,0.1,1.0,inv,0.0,-0.08847540000000582,0.0883754,5.0,ifvg,0.001,-0.17685080000000583
2025-11,layers_1_widen_2x,179,2018002,2018011,-1,88598.0,88618.3,150.0,1800.0,inv,9.0,-0.10889800000000291,0.088598,5.0,ifvg_clean,0.001,-0.1974960000000029
2025-11,layers_1_widen_2x,180,2018087,2018087,1,88587.8,88588.8,0.1,1.0,tp,0.0,-0.08758780000000001,0.08858780000000001,5.0,ifvg,0.001,-0.17617560000000002
2025-11,layers_1_widen_2x,181,2020576,2020576,-1,88251.7,88251.8,0.1,1.0,sl,0.0,-0.08835170000000582,0.0882517,5.0,fvg,0.001,-0.17660340000000582
2025-11,layers_1_widen_2x,182,2021320,2021320,-1,88582.7,88581.7,0.1,1.0,tp,0.0,-0.0875827,0.0885827,5.0,fvg,0.001,-0.1761654
2025-11,layers_1_widen_2x,183,2028734,2028734,1,88875.9,88875.79999999999,0.1,1.0,sl,0.0,-0.08897590000000583,0.08887590000000001,5.0,fvg,0.001,-0.17785180000000583
2025-11,layers_1_widen_2x,184,2031168,2031168,-1,88675.5,88674.5,0.1,1.0,tp,0.0,-0.0876755,0.0886755,5.0,ifvg,0.001,-0.176351
2025-11,layers_1_widen_2x,185,2031138,2031175,1,88672.2,88624.4,253.0000000000291,3036.0000000003492,inv,38.0,-0.13647220000000293,0.0886722,5.0,ifvg_clean,0.001,-0.22514440000000294
2025-11,layers_1_widen_2x,186,2016258,2036387,1,88372.8,87859.30000000002,513.4999999999854,6161.999999999825,sl,20406.0,-0.6018727999999854,0.0883728,5.0,ifvg_clean,0.001,-0.6902455999999855
2025-11,layers_1_widen_2x,187,2038091,2038091,-1,88071.3,88070.3,0.1,1.0,tp,0.0,-0.0870713,0.0880713,5.0,ifvg,0.001,-0.1751426
2025-11,layers_1_widen_2x,188,2038055,2038366,1,88033.9,87958.2,563.0000000000291,6756.000000000349,inv,324.0,-0.1637338999999971,0.0880339,5.0,ifvg_clean,0.001,-0.2517677999999971
2025-11,layers_1_widen_2x,189,2047379,2047379,1,87691.8,87691.7,0.1,1.0,inv,0.0,-0.08779180000000582,0.0876918,5.0,ifvg,0.001,-0.17548360000000582
2025-11,layers_1_widen_2x,190,2047370,2049677,-1,87696.0,87996.49999999996,300.49999999995634,3605.999999999476,sl,2359.0,-0.38819599999995635,0.087696,5.0,ifvg_clean,0.001,-0.47589199999995635
2025-11,layers_1_widen_2x,191,2082276,2082276,1,87501.2,87501.09999999999,0.1,1.0,inv,0.0,-0.08760120000000582,0.0875012,5.0,ifvg,0.001,-0.17510240000000582
2025-11,layers_1_widen_2x,192,2082008,2082509,-1,87513.3,87631.79999999999,118.49999999998545,1421.9999999998254,sl,511.0,-0.20601329999998547,0.0875133,5.0,ifvg_clean,0.001,-0.2935265999999855
2025-11,layers_1_widen_2x,193,2088299,2088299,1,86263.6,86263.5,0.1,1.0,inv,0.0,-0.08636360000000583,0.08626360000000001,5.0,ifvg,0.001,-0.17262720000000584
2025-11,layers_1_widen_2x,194,2088297,2088500,-1,86276.0,86684.49999999999,408.49999999998545,4901.999999999825,sl,203.0,-0.49477599999998545,0.08627599999999999,5.0,ifvg_clean,0.001,-0.5810519999999855
2025-11,layers_1_widen_2x,195,2088601,2088601,-1,86583.1,86580.2,105.49999999995634,1265.9999999994761,inv,0.0,-0.08368309999999128,0.08658310000000001,5.0,ifvg_clean,0.001,-0.1702661999999913
2025-11,layers_1_widen_2x,196,2088742,2088742,1,86558.6,86559.6,0.1,1.0,tp,0.0,-0.08555860000000001,0.08655860000000001,5.0,ifvg,0.001,-0.17211720000000003
2025-11,layers_1_widen_2x,197,2089217,2089217,-1,86503.9,86502.9,0.1,1.0,tp,0.0,-0.08550390000000001,0.08650390000000001,5.0,fvg,0.001,-0.17200780000000002
2025-11,layers_1_widen_2x,198,2101334,2101334,-1,87489.1,87489.20000000001,0.1,1.0,sl,0.0,-0.08758910000000583,0.08748910000000001,5.0,ifvg,0.001,-0.17507820000000585
2025-11,layers_1_widen_2x,199,2101334,2101667,1,87490.5,87466.2,112.00000000004366,1344.0000000005239,inv,344.0,-0.1117905000000029,0.0874905,5.0,ifvg_clean,0.001,-0.1992810000000029
2025-11,layers_1_widen_2x,200,2109272,2109280,-1,87337.8,87349.3,103.49999999998545,1241.9999999998254,inv,9.0,-0.0988378,0.08733780000000001,5.0,ifvg_clean,0.001,-0.1861756
2025-11,layers_1_widen_2x,201,2109354,2109354,1,87328.1,87329.1,0.1,1.0,tp,0.0,-0.0863281,0.0873281,5.0,ifvg,0.001,-0.1736562
2025-11,layers_1_widen_2x,202,2111005,2111005,1,87248.1,87249.1,0.1,1.0,tp,0.0,-0.08624810000000001,0.08724810000000001,5.0,ifvg,0.001,-0.17349620000000002
2025-11,layers_1_widen_2x,203,2110883,2111026,-1,87248.5,87297.7,245.49999999995634,2945.999999999476,inv,154.0,-0.13644849999999709,0.0872485,5.0,ifvg_clean,0.001,-0.2236969999999971
2025-11,layers_1_widen_2x,204,2113760,2113760,-1,86807.8,86806.8,0.1,1.0,tp,0.0,-0.0858078,0.0868078,5.0,fvg,0.001,-0.1726156
2025-11,layers_1_widen_2x,205,2128953,2128953,1,87866.2,87866.09999999999,0.1,1.0,inv,0.0,-0.08796620000000581,0.08786619999999999,5.0,ifvg,0.001,-0.1758324000000058
2025-11,layers_1_widen_2x,206,2133718,2133718,1,87175.9,87175.79999999999,0.1,1.0,inv,0.0,-0.08727590000000582,0.0871759,5.0,ifvg,0.001,-0.17445180000000582
2025-11,layers_1_widen_2x,207,2135018,2135018,-1,87150.0,87149.0,0.1,1.0,tp,0.0,-0.08615,0.08715,5.0,fvg,0.001,-0.1733
2025-11,layers_1_widen_2x,208,2133659,2137247,-1,87191.7,87365.20000000006,173.5000000000582,2082.0000000006985,sl,3769.0,-0.2606917000000582,0.0871917,5.0,ifvg_clean,0.001,-0.3478834000000582
2025-11,layers_1_widen_2x,209,2128860,2156241,-1,87879.6,86673.59999999966,100.5000000000291,1206.0000000003492,tp,28373.0,1.1181204000003493,0.08787960000000002,5.0,ifvg_clean,0.001,1.0302408000003493
2025-11,layers_1_widen_2x,210,2184157,2184157,1,90132.3,90133.3,0.1,1.0,tp,0.0,-0.0891323,0.0901323,5.0,ifvg,0.001,-0.1792646
2025-11,layers_1_widen_2x,211,2184155,2184268,-1,90137.1,90189.5,283.49999999998545,3401.9999999998254,inv,113.0,-0.1425370999999942,0.09013710000000001,5.0,ifvg_clean,0.001,-0.23267419999999422
2025-11,layers_1_widen_2x,212,2192865,2192865,-1,89707.8,89706.8,0.1,1.0,tp,0.0,-0.0887078,0.0897078,5.0,fvg,0.001,-0.1784156
2025-11,layers_1_widen_2x,213,2192956,2192956,-1,89766.6,89765.6,0.1,1.0,tp,0.0,-0.08876660000000001,0.08976660000000002,5.0,fvg,0.001,-0.17853320000000003
2025-11,layers_1_widen_2x,214,2203558,2203558,-1,90488.3,90488.40000000001,0.1,1.0,inv,0.0,-0.09058830000000583,0.09048830000000001,5.0,ifvg,0.001,-0.18107660000000583
2025-11,layers_1_widen_2x,215,2203470,2204313,1,90479.8,90343.80000000002,135.99999999998545,1631.9999999998254,sl,848.0,-0.22647979999998546,0.09047980000000001,5.0,ifvg_clean,0.001,-0.31695959999998546
2025-11,layers_1_widen_2x,216,1754272,2211030,1,83343.6,91143.6,650.0,7800.0,tp,465179.0,7.7166564,0.08334360000000002,5.0,ifvg_clean,0.001,7.6333128
2025-11,layers_1_widen_2x,217,2266121,2266121,-1,91520.5,91520.6,0.1,1.0,inv,0.0,-0.09162050000000582,0.0915205,5.0,ifvg,0.001,-0.18314100000000583
2025-11,layers_1_widen_2x,218,2266119,2266308,1,91519.9,91301.40000000001,218.49999999998545,2621.9999999998254,sl,190.0,-0.31001989999998547,0.0915199,5.0,ifvg_clean,0.001,-0.40153979999998546
2025-11,layers_1_widen_2x,219,2284355,2284393,1,91214.6,91192.2,116.50000000001455,1398.0000000001746,inv,42.0,-0.11361460000000874,0.0912146,5.0,ifvg_clean,0.001,-0.20482920000000876
2025-11,layers_1_widen_2x,220,2284454,2284454,-1,91216.0,91216.1,0.1,1.0,sl,0.0,-0.09131600000000582,0.091216,5.0,ifvg,0.001,-0.18253200000000583
2025-11,layers_1_widen_2x,221,2338315,2338315,1,92599.9,92600.9,0.1,1.0,tp,0.0,-0.0915999,0.0925999,5.0,fvg,0.001,-0.1841998
2025-11,layers_1_widen_2x,222,2344027,2344027,1,92084.8,92084.7,0.1,1.0,inv,0.0,-0.09218480000000583,0.09208480000000001,5.0,ifvg,0.001,-0.18426960000000583
2025-11,layers_1_widen_2x,223,2344051,2344051,1,92020.0,92019.9,0.1,1.0,inv,0.0,-0.09212000000000582,0.09202,5.0,ifvg,0.001,-0.18414000000000583
2025-11,layers_1_widen_2x,224,2345688,2345688,1,91243.6,91243.5,0.1,1.0,inv,0.0,-0.09134360000000583,0.09124360000000001,5.0,ifvg,0.001,-0.18258720000000583
2025-11,layers_1_widen_2x,225,2345687,2346367,-1,91248.2,91491.19999999995,242.99999999995634,2915.999999999476,sl,680.0,-0.33424819999995636,0.0912482,5.0,ifvg_clean,0.001,-0.42549639999995637
2025-11,layers_1_widen_2x,226,2346710,2346710,1,91343.7,91344.7,0.1,1.0,tp,0.0,-0.0903437,0.0913437,5.0,fvg,0.001,-0.1816874
2025-11,layers_1_widen_2x,227,2343843,2349286,-1,92091.0,90291.0,150.0,1800.0,tp,5443.0,1.7079090000000001,0.092091,5.0,ifvg_clean,0.001,1.6158180000000002
2025-11,layers_1_widen_2x,228,2350146,2350500,-1,90431.8,90683.30000000002,251.50000000001455,3018.0000000001746,sl,354.0,-0.34193180000001455,0.0904318,5.0,ifvg_clean,0.001,-0.43236360000001456
2025-11,layers_1_widen_2x,229,2351230,2351230,1,90408.5,90408.4,0.1,1.0,inv,0.0,-0.09050850000000582,0.0904085,5.0,ifvg,0.001,-0.18091700000000582
2025-11,layers_1_widen_2x,230,2525524,2525524,1,90886.8,90887.8,0.1,1.0,tp,0.0,-0.0898868,0.0908868,5.0,ifvg,0.001,-0.1807736
2025-11,layers_1_widen_2x,231,2344047,2528361,-1,92028.2,90320.6,286.9999999999709,3443.9999999996508,eod,201253.0,1.6155717999999912,0.0920282,5.0,ifvg_clean,0.001,1.5235435999999911
2025-11,layers_1_widen_2x,232,2525469,2528361,-1,90891.5,90320.6,131.9999999999709,1583.9999999996508,eod,2915.0,0.4800084999999942,0.09089150000000001,5.0,ifvg_clean,0.001,0.38911699999999416
2025-11,layers_2_widen_2x,0,133733,133739,-1,109868.2,109858.3012145749,0.9898785425101218,9.898785425101217,tp,6.0,-0.09996941457489732,0.1098682,5.0,fvg,0.001,-0.2098376145748973
2025-11,layers_2_widen_2x,1,134701,134701,-1,109966.0,109965.0,0.1,1.0,tp,0.0,-0.10896600000000001,0.10996600000000001,5.0,fvg,0.001,-0.21893200000000002
2025-11,layers_2_widen_2x,2,159464,159464,1,110639.9,110638.90919117647,0.9908088235294108,9.908088235294109,sl,0.0,-0.11163070882352427,0.1106399,5.0,fvg,0.001,-0.22227060882352428
2025-11,layers_2_widen_2x,3,160253,160253,1,110532.1,110533.1,0.1,1.0,tp,0.0,-0.10953210000000002,0.11053210000000002,5.0,fvg,0.001,-0.22006420000000004
2025-11,layers_2_widen_2x,4,161095,161095,1,110374.4,110373.40968992247,0.9903100775193796,9.903100775193796,inv,0.0,-0.11136471007752637,0.1103744,5.0,ifvg,0.001,-0.22173911007752636
2025-11,layers_2_widen_2x,5,161137,161137,1,110272.2,110272.09999999999,0.1,1.0,inv,0.0,-0.11037220000000582,0.1102722,5.0,ifvg,0.001,-0.22064440000000582
2025-11,layers_2_widen_2x,6,164817,164817,1,109653.7,109652.71253132832,0.9874686716791985,9.874686716791985,inv,0.0,-0.11064116867167939,0.1096537,5.0,ifvg,0.001,-0.2202948686716794
2025-11,layers_2_widen_2x,7,164821,164821,1,109574.9,109574.79999999999,0.1,1.0,inv,0.0,-0.10967490000000582,0.1095749,5.0,ifvg,0.001,-0.21924980000000582
2025-11,layers_2_widen_2x,8,170328,170328,-1,108705.7,108706.66551724137,0.9655172413793103,9.655172413793103,sl,0.0,-0.1096712172413768,0.10870569999999999,5.0,ifvg,0.001,-0.21837691724137678
2025-11,layers_2_widen_2x,9,170328,170336,1,108730.7,108705.2,140.0,1680.0,inv,8.0,-0.1342307,0.1087307,5.0,ifvg_clean,0.001,-0.2429614
2025-11,layers_2_widen_2x,10,170350,170350,-1,108733.7,108732.7,0.1,1.0,tp,0.0,-0.1077337,0.1087337,5.0,ifvg,0.001,-0.2164674
2025-11,layers_2_widen_2x,11,188915,188915,1,107405.0,107404.02178649238,0.9782135076252696,9.782135076252697,inv,0.0,-0.10838321350762388,0.107405,5.0,ifvg,0.001,-0.2157882135076239
2025-11,layers_2_widen_2x,12,188919,188919,1,107360.1,107360.0,0.1,1.0,inv,0.0,-0.10746010000000582,0.1073601,5.0,ifvg,0.001,-0.21482020000000582
2025-11,layers_2_widen_2x,13,188915,191248,-1,107361.9,107586.39999999997,224.4999999999709,2693.9999999996508,sl,2346.0,-0.3318618999999709,0.1073619,5.0,ifvg_clean,0.001,-0.4392237999999709
2025-11,layers_2_widen_2x,14,202295,202295,-1,107753.7,107754.69003984063,0.9900398406374511,9.90039840637451,inv,0.0,-0.10874373984063165,0.1077537,5.0,ifvg,0.001,-0.21649743984063163
2025-11,layers_2_widen_2x,15,202526,202526,-1,107853.1,107853.20000000001,0.1,1.0,inv,0.0,-0.10795310000000582,0.10785310000000001,5.0,ifvg,0.001,-0.21580620000000583
2025-11,layers_2_widen_2x,16,202295,211165,1,107847.7,107350.69999999995,497.00000000004366,5964.000000000524,sl,8947.0,-0.6048477000000437,0.1078477,5.0,ifvg_clean,0.001,-0.7126954000000437
2025-11,layers_2_widen_2x,17,212631,212631,-1,108090.1,108091.090990991,0.990990990990991,9.90990990990991,sl,0.0,-0.10908109099099113,0.10809010000000001,5.0,fvg,0.001,-0.21717119099099114
2025-11,layers_2_widen_2x,18,225599,225599,-1,107279.3,107280.2756097561,0.975609756097561,9.75609756097561,sl,0.0,-0.10825490975610395,0.10727930000000001,5.0,ifvg,0.001,-0.21553420975610396
2025-11,layers_2_widen_2x,19,225599,225614,1,107315.0,107278.8,200.0,2400.0,inv,15.0,-0.1435149999999971,0.107315,5.0,ifvg_clean,0.001,-0.2508299999999971
2025-11,layers_2_widen_2x,20,225630,225630,-1,107319.3,107318.3,0.1,1.0,tp,0.0,-0.1063193,0.1073193,5.0,ifvg,0.001,-0.2136386
2025-11,layers_2_widen_2x,21,257419,257419,-1,107042.9,107043.0,0.1,1.0,inv,0.0,-0.10714290000000583,0.10704290000000001,5.0,ifvg,0.001,-0.21418580000000584
2025-11,layers_2_widen_2x,22,257419,257419,-1,106982.8,106983.7836333879,0.9836333878887048,9.836333878887048,sl,0.0,-0.10796643338789205,0.10698280000000002,5.0,ifvg,0.001,-0.21494923338789207
2025-11,layers_2_widen_2x,23,257419,261081,1,107049.3,106748.80000000005,300.49999999995634,3605.999999999476,sl,3709.0,-0.40754929999995637,0.1070493,5.0,ifvg_clean,0.001,-0.5145985999999564
2025-11,layers_2_widen_2x,24,164817,265169,-1,109580.3,104852.29999999983,394.00000000001455,4728.000000000175,tp,101263.0,4.6184197000001745,0.1095803,5.0,ifvg_clean,0.001,4.508839400000174
2025-11,layers_2_widen_2x,25,161095,265966,-1,110272.3,104140.30000000018,510.99999999998545,6131.999999999825,tp,105831.0,6.0217276999998255,0.1102723,5.0,ifvg_clean,0.001,5.911455399999825
2025-11,layers_2_widen_2x,26,297609,297609,1,103944.7,103943.72188183806,0.9781181619256004,9.781181619256005,sl,0.0,-0.1049228181619328,0.1039447,5.0,fvg,0.001,-0.2088675181619328
2025-11,layers_2_widen_2x,27,297611,297611,1,103900.0,103901.0,0.1,1.0,tp,0.0,-0.1029,0.1039,5.0,fvg,0.001,-0.2068
2025-11,layers_2_widen_2x,28,405847,405847,-1,103761.0,103761.97674418605,0.9767441860465116,9.767441860465116,sl,0.0,-0.10473774418604583,0.10376099999999999,5.0,ifvg,0.001,-0.2084987441860458
2025-11,layers_2_widen_2x,29,405854,405854,-1,103803.0,103803.1,0.1,1.0,sl,0.0,-0.10390300000000581,0.10380299999999999,5.0,ifvg,0.001,-0.2077060000000058
2025-11,layers_2_widen_2x,30,405847,405889,1,103787.4,103760.5,210.0,2520.0,inv,42.0,-0.13068739999999418,0.10378739999999999,5.0,ifvg_clean,0.001,-0.23447479999999415
2025-11,layers_2_widen_2x,31,559713,559713,1,100710.6,100710.5,0.1,1.0,inv,0.0,-0.10081060000000583,0.10071060000000001,5.0,ifvg,0.001,-0.20152120000000584
2025-11,layers_2_widen_2x,32,559713,559713,1,100750.5,100749.52444987775,0.9755501222493852,9.755501222493852,sl,0.0,-0.10172605012225348,0.1007505,5.0,ifvg,0.001,-0.2024765501222535
2025-11,layers_2_widen_2x,33,559839,559839,1,100674.6,100673.60602409639,0.9939759036144579,9.93975903614458,inv,0.0,-0.1016685759036206,0.10067460000000002,5.0,ifvg,0.001,-0.2023431759036206
2025-11,layers_2_widen_2x,34,559843,559843,1,100509.6,100509.5,0.1,1.0,inv,0.0,-0.10060960000000582,0.1005096,5.0,ifvg,0.001,-0.20111920000000583
2025-11,layers_2_widen_2x,35,559713,560249,-1,100697.9,100897.39999999997,199.4999999999709,2393.9999999996508,sl,536.0,-0.3001978999999709,0.10069789999999999,5.0,ifvg_clean,0.001,-0.4008957999999709
2025-11,layers_2_widen_2x,36,559839,560440,-1,100511.4,101336.4,825.0,9900.0,sl,601.0,-0.9255114000000001,0.1005114,5.0,ifvg_clean,0.001,-1.0260228
2025-11,layers_2_widen_2x,37,596731,596731,1,103119.3,103118.32688172044,0.9731182795698904,9.731182795698905,sl,0.0,-0.10409241827956583,0.10311930000000001,5.0,ifvg,0.001,-0.20721171827956586
2025-11,layers_2_widen_2x,38,596731,596738,-1,103090.3,103119.8,180.99999999998545,2171.9999999998254,inv,7.0,-0.1325903,0.1030903,5.0,ifvg_clean,0.001,-0.2356806
2025-11,layers_2_widen_2x,39,597372,597372,1,103083.1,103083.0,0.1,1.0,inv,0.0,-0.10318310000000581,0.1030831,5.0,ifvg,0.001,-0.2062662000000058
2025-11,layers_2_widen_2x,40,732248,732248,1,103742.5,103741.50643086816,0.9935691318327974,9.935691318327974,sl,0.0,-0.10473606913183875,0.10374250000000002,5.0,ifvg,0.001,-0.20847856913183876
2025-11,layers_2_widen_2x,41,732371,732371,1,103588.0,103589.0,0.1,1.0,tp,0.0,-0.10258800000000001,0.10358800000000001,5.0,ifvg,0.001,-0.20617600000000003
2025-11,layers_2_widen_2x,42,732248,733494,-1,103589.5,103743.0,772.5,9270.0,inv,1253.0,-0.25708949999999997,0.1035895,5.0,ifvg_clean,0.001,-0.36067899999999997
2025-11,layers_2_widen_2x,43,736176,736176,1,103586.0,103585.01479289941,0.9852071005917172,9.852071005917173,sl,0.0,-0.10457120710058801,0.103586,5.0,ifvg,0.001,-0.208157207100588
2025-11,layers_2_widen_2x,44,736176,736179,-1,103531.0,103586.5,333.0000000000291,3996.0000000003492,inv,3.0,-0.159031,0.10353100000000001,5.0,ifvg_clean,0.001,-0.262562
2025-11,layers_2_widen_2x,45,800230,800230,-1,105931.9,105932.86845425867,0.9684542586750905,9.684542586750904,sl,0.0,-0.1069003542586765,0.1059319,5.0,ifvg,0.001,-0.2128322542586765
2025-11,layers_2_widen_2x,46,800268,800268,-1,105962.6,105961.6,0.1,1.0,tp,0.0,-0.10496260000000002,0.10596260000000002,5.0,ifvg,0.001,-0.21092520000000003
2025-11,layers_2_widen_2x,47,800230,800300,1,105956.6,105931.4,153.5000000000582,1842.0000000006985,inv,70.0,-0.13115660000001167,0.10595660000000001,5.0,ifvg_clean,0.001,-0.23711320000001168
2025-11,layers_2_widen_2x,48,807998,807998,-1,106189.0,106189.98031496063,0.9803149606299224,9.803149606299224,sl,0.0,-0.1071693149606305,0.106189,5.0,fvg,0.001,-0.2133583149606305
2025-11,layers_2_widen_2x,49,813686,813686,1,105050.0,105049.00810372771,0.9918962722852508,9.918962722852507,inv,0.0,-0.1060418962722877,0.10505,5.0,ifvg,0.001,-0.2110918962722877
2025-11,layers_2_widen_2x,50,813689,813689,1,104927.6,104927.5,0.1,1.0,inv,0.0,-0.10502760000000583,0.10492760000000001,5.0,ifvg,0.001,-0.20995520000000584
2025-11,layers_2_widen_2x,51,816046,816046,1,105100.0,105099.02570694087,0.9742930591259602,9.742930591259602,inv,0.0,-0.10607429305913103,0.10510000000000001,5.0,ifvg,0.001,-0.21117429305913105
2025-11,layers_2_widen_2x,52,816056,816056,1,105062.1,105062.0,0.1,1.0,inv,0.0,-0.10516210000000582,0.1050621,5.0,ifvg,0.001,-0.21022420000000583
2025-11,layers_2_widen_2x,53,816046,817272,-1,105068.7,105258.19999999997,189.4999999999709,2273.9999999996508,sl,1235.0,-0.29456869999997093,0.1050687,5.0,ifvg_clean,0.001,-0.39963739999997094
2025-11,layers_2_widen_2x,54,818823,818823,1,105360.5,105359.53134796239,0.9686520376175491,9.68652037617549,sl,0.0,-0.10632915203761263,0.10536050000000001,5.0,ifvg,0.001,-0.21168965203761264
2025-11,layers_2_widen_2x,55,818823,818847,-1,105336.7,105361.0,154.4999999999709,1853.9999999996508,inv,24.0,-0.1296367000000029,0.10533669999999999,5.0,ifvg_clean,0.001,-0.23497340000000289
2025-11,layers_2_widen_2x,56,818936,818936,1,105329.6,105330.6,0.1,1.0,tp,0.0,-0.10432960000000001,0.10532960000000001,5.0,ifvg,0.001,-0.20965920000000002
2025-11,layers_2_widen_2x,57,813686,819450,-1,104936.4,105548.39999999997,611.9999999999709,7343.999999999651,sl,5827.0,-0.7169363999999709,0.1049364,5.0,ifvg_clean,0.001,-0.821872799999971
2025-11,layers_2_widen_2x,58,835871,835871,-1,105437.9,105438.88763906056,0.9876390605686045,9.876390605686044,inv,0.0,-0.10642553906056411,0.1054379,5.0,ifvg,0.001,-0.2118634390605641
2025-11,layers_2_widen_2x,59,836054,836054,-1,105517.8,105517.90000000001,0.1,1.0,inv,0.0,-0.10561780000000583,0.10551780000000001,5.0,ifvg,0.001,-0.21113560000000584
2025-11,layers_2_widen_2x,60,837374,837374,1,105825.1,105824.13003003004,0.9699699699699726,9.699699699699726,sl,0.0,-0.10679506996997042,0.1058251,5.0,ifvg,0.001,-0.2126201699699704
2025-11,layers_2_widen_2x,61,837374,837377,-1,105813.4,105825.6,161.50000000001455,1938.0000000001746,inv,3.0,-0.11801340000001165,0.1058134,5.0,ifvg_clean,0.001,-0.22382680000001165
2025-11,layers_2_widen_2x,62,837403,837403,1,105792.8,105793.8,0.1,1.0,tp,0.0,-0.1047928,0.1057928,5.0,ifvg,0.001,-0.2105856
2025-11,layers_2_widen_2x,63,849676,849676,1,106037.7,106036.72493765586,0.9750623441396454,9.750623441396455,inv,0.0,-0.10701276234413595,0.1060377,5.0,ifvg,0.001,-0.21305046234413594
2025-11,layers_2_widen_2x,64,849711,849711,1,105998.6,105998.5,0.1,1.0,inv,0.0,-0.10609860000000583,0.10599860000000001,5.0,ifvg,0.001,-0.21209720000000584
2025-11,layers_2_widen_2x,65,849676,850156,-1,106003.3,106198.79999999996,195.49999999995634,2345.999999999476,sl,486.0,-0.30150329999995634,0.10600330000000001,5.0,ifvg_clean,0.001,-0.40750659999995636
2025-11,layers_2_widen_2x,66,854133,854138,-1,106781.6,106782.59162479063,0.9916247906197652,9.916247906197652,sl,5.0,-0.10777322479062217,0.10678160000000002,5.0,fvg,0.001,-0.21455482479062218
2025-11,layers_2_widen_2x,67,854544,854544,-1,106520.0,106520.98763906056,0.9876390605686024,9.876390605686025,inv,0.0,-0.10750763906056411,0.10652,5.0,ifvg,0.001,-0.2140276390605641
2025-11,layers_2_widen_2x,68,854624,854624,-1,106599.9,106600.0,0.1,1.0,inv,0.0,-0.10669990000000582,0.1065999,5.0,ifvg,0.001,-0.2132998000000058
2025-11,layers_2_widen_2x,69,855941,855941,-1,106384.0,106384.97134670487,0.9713467048710555,9.713467048710555,sl,0.0,-0.1073553467048714,0.106384,5.0,ifvg,0.001,-0.2137393467048714
2025-11,layers_2_widen_2x,70,855942,855942,-1,106417.9,106416.9,0.1,1.0,tp,0.0,-0.10541790000000001,0.10641790000000001,5.0,ifvg,0.001,-0.21183580000000002
2025-11,layers_2_widen_2x,71,855941,856152,1,106414.9,106383.5,169.4999999999709,2033.9999999996508,inv,212.0,-0.1378148999999942,0.1064149,5.0,ifvg_clean,0.001,-0.2442297999999942
2025-11,layers_2_widen_2x,72,854544,856487,1,106576.3,106176.80000000003,399.4999999999709,4793.999999999651,sl,1971.0,-0.5060762999999708,0.1065763,5.0,ifvg_clean,0.001,-0.6126525999999708
2025-11,layers_2_widen_2x,73,835871,860263,1,105512.7,105113.19999999995,399.50000000004366,4794.000000000524,sl,24783.0,-0.5050127000000436,0.1055127,5.0,ifvg_clean,0.001,-0.6105254000000436
2025-11,layers_2_widen_2x,74,861070,861070,1,105436.3,105435.32398081534,0.9760191846522764,9.760191846522764,inv,0.0,-0.10641231918465809,0.10543630000000001,5.0,ifvg,0.001,-0.21184861918465808
2025-11,layers_2_widen_2x,75,861287,861287,1,105395.6,105395.5,0.1,1.0,inv,0.0,-0.10549560000000582,0.1053956,5.0,ifvg,0.001,-0.21089120000000583
2025-11,layers_2_widen_2x,76,880992,880992,-1,105269.5,105270.47375328084,0.973753280839899,9.73753280839899,inv,0.0,-0.10624325328083582,0.10526950000000002,5.0,ifvg,0.001,-0.21151275328083585
2025-11,layers_2_widen_2x,77,881080,881080,-1,105306.6,105306.70000000001,0.1,1.0,inv,0.0,-0.10540660000000582,0.1053066,5.0,ifvg,0.001,-0.21071320000000582
2025-11,layers_2_widen_2x,78,880992,883664,1,105304.8,105119.29999999997,185.5000000000291,2226.0000000003492,sl,2727.0,-0.2908048000000291,0.1053048,5.0,ifvg_clean,0.001,-0.39610960000002915
2025-11,layers_2_widen_2x,79,887934,887934,-1,104626.1,104627.08664886517,0.986648865153537,9.86648865153537,sl,0.0,-0.10561274886516055,0.10462610000000001,5.0,fvg,0.001,-0.21023884886516056
2025-11,layers_2_widen_2x,80,895014,895014,1,104414.1,104413.122172949,0.9778270509977857,9.778270509977856,sl,0.0,-0.10539192705099963,0.10441410000000001,5.0,fvg,0.001,-0.20980602705099965
2025-11,layers_2_widen_2x,81,895062,895062,1,104370.0,104371.0,0.1,1.0,tp,0.0,-0.10337,0.10437,5.0,fvg,0.001,-0.20774
2025-11,layers_2_widen_2x,82,861070,904593,-1,105406.6,102964.60000000018,203.49999999998545,2441.9999999998254,tp,43915.0,2.336593399999826,0.10540660000000002,5.0,ifvg_clean,0.001,2.2311867999998256
2025-11,layers_2_widen_2x,83,957972,957972,1,104013.1,104012.11584786055,0.9841521394611741,9.84152139461174,sl,0.0,-0.10499725213945556,0.10401310000000001,5.0,fvg,0.001,-0.20901035213945557
2025-11,layers_2_widen_2x,84,958120,958120,1,103951.0,103952.0,0.1,1.0,tp,0.0,-0.10295100000000001,0.10395100000000002,5.0,fvg,0.001,-0.20690200000000003
2025-11,layers_2_widen_2x,85,959640,959640,1,104260.0,104259.02915451895,0.9708454810495651,9.70845481049565,sl,0.0,-0.10523084548104614,0.10426,5.0,fvg,0.001,-0.20949084548104613
2025-11,layers_2_widen_2x,86,962181,962181,-1,104503.2,104504.18850574712,0.9885057471264368,9.885057471264368,sl,0.0,-0.10549170574712559,0.10450319999999999,5.0,fvg,0.001,-0.2099949057471256
2025-11,layers_2_widen_2x,87,962842,962842,-1,104589.2,104588.2,0.1,1.0,tp,0.0,-0.1035892,0.10458920000000001,5.0,fvg,0.001,-0.2081784
2025-11,layers_2_widen_2x,88,965616,965616,-1,104737.3,104738.29159663866,0.9915966386554621,9.91596638655462,inv,0.0,-0.10572889663866158,0.1047373,5.0,ifvg,0.001,-0.2104661966386616
2025-11,layers_2_widen_2x,89,965959,965959,-1,104855.3,104855.40000000001,0.1,1.0,inv,0.0,-0.10495530000000582,0.1048553,5.0,ifvg,0.001,-0.20981060000000581
2025-11,layers_2_widen_2x,90,965616,980001,1,104850.1,104260.1,590.0,7080.0,sl,14391.0,-0.6948501,0.10485010000000002,5.0,ifvg_clean,0.001,-0.7997002000000001
2025-11,layers_2_widen_2x,91,992020,992020,1,101636.4,101635.44329004329,0.9567099567099403,9.567099567099403,sl,0.0,-0.10259310995670662,0.1016364,5.0,ifvg,0.001,-0.20422950995670663
2025-11,layers_2_widen_2x,92,992021,992021,1,101614.3,101615.3,0.1,1.0,tp,0.0,-0.1006143,0.1016143,5.0,ifvg,0.001,-0.2022286
2025-11,layers_2_widen_2x,93,992020,992445,-1,101624.8,101636.9,110.49999999995634,1325.9999999994761,inv,428.0,-0.11372479999999129,0.10162480000000002,5.0,ifvg_clean,0.001,-0.21534959999999131
2025-11,layers_2_widen_2x,94,1000090,1000090,1,101482.0,101481.9,0.1,1.0,sl,0.0,-0.10158200000000582,0.101482,5.0,ifvg,0.001,-0.20306400000000582
2025-11,layers_2_widen_2x,95,1000090,1000090,1,101561.4,101560.41243781094,0.9875621890547255,9.875621890547254,sl,0.0,-0.10254896218905328,0.1015614,5.0,ifvg,0.001,-0.20411036218905326
2025-11,layers_2_widen_2x,96,1000090,1000230,-1,101482.0,101561.9,396.9999999999709,4763.999999999651,inv,140.0,-0.1813819999999942,0.101482,5.0,ifvg_clean,0.001,-0.2828639999999942
2025-11,layers_2_widen_2x,97,1066641,1066641,-1,102446.2,102446.3,0.1,1.0,inv,0.0,-0.10254620000000582,0.1024462,5.0,ifvg,0.001,-0.20499240000000582
2025-11,layers_2_widen_2x,98,1066641,1066641,-1,102244.8,102245.79505928855,0.9950592885375493,9.950592885375492,sl,0.0,-0.10323985928854343,0.10224480000000001,5.0,ifvg,0.001,-0.20548465928854343
2025-11,layers_2_widen_2x,99,1066913,1066913,1,102505.6,102504.63412969284,0.9658703071672389,9.658703071672388,sl,0.0,-0.10347147030716182,0.1025056,5.0,ifvg,0.001,-0.20597707030716184
2025-11,layers_2_widen_2x,100,1066919,1066919,1,102477.3,102478.3,0.1,1.0,tp,0.0,-0.1014773,0.10247730000000001,5.0,ifvg,0.001,-0.2039546
2025-11,layers_2_widen_2x,101,1066913,1066922,-1,102478.0,102506.1,141.50000000001455,1698.0000000001746,inv,9.0,-0.13057800000000583,0.10247800000000001,5.0,ifvg_clean,0.001,-0.23305600000000584
2025-11,layers_2_widen_2x,102,1067252,1067252,1,102595.1,102594.11543209877,0.9845679012345686,9.845679012345686,sl,0.0,-0.10357966790123602,0.10259510000000001,5.0,fvg,0.001,-0.206174767901236
2025-11,layers_2_widen_2x,103,1067300,1067300,1,102531.3,102532.3,0.1,1.0,tp,0.0,-0.1015313,0.1025313,5.0,fvg,0.001,-0.2040626
2025-11,layers_2_widen_2x,104,1068283,1068283,-1,101900.0,101900.98439937597,0.9843993759750405,9.843993759750404,sl,0.0,-0.10288439937597141,0.1019,5.0,fvg,0.001,-0.20478439937597143
2025-11,layers_2_widen_2x,105,1068355,1068355,-1,101963.1,101962.1,0.1,1.0,tp,0.0,-0.10096310000000001,0.10196310000000001,5.0,fvg,0.001,-0.20292620000000003
2025-11,layers_2_widen_2x,106,1068622,1068622,1,101878.4,101877.21807228915,1.1819277108433721,11.81927710843372,inv,0.0,-0.10306032771084433,0.10187840000000001,5.0,ifvg,0.001,-0.20493872771084434
2025-11,layers_2_widen_2x,107,1068626,1068626,1,101813.0,101812.88,0.12000000000000002,1.2000000000000002,inv,0.0,-0.10193299999999535,0.101813,5.0,ifvg,0.001,-0.20374599999999535
2025-11,layers_2_widen_2x,108,1066641,1068936,1,102446.1,101439.10000000003,1006.9999999999709,12083.99999999965,sl,2295.0,-1.109446099999971,0.1024461,5.0,ifvg_clean,0.001,-1.211892199999971
2025-11,layers_2_widen_2x,109,1071754,1071754,1,101020.6,101019.62717391305,0.972826086956524,9.72826086956524,inv,0.0,-0.10199342608695969,0.1010206,5.0,ifvg,0.001,-0.20301402608695968
2025-11,layers_2_widen_2x,110,1071764,1071764,1,100984.8,100984.7,0.1,1.0,inv,0.0,-0.10108480000000583,0.10098480000000001,5.0,ifvg,0.001,-0.20206960000000584
2025-11,layers_2_widen_2x,111,1071754,1071844,-1,100996.8,101175.80000000002,179.00000000001455,2148.0000000001746,sl,90.0,-0.2799968000000146,0.10099680000000001,5.0,ifvg_clean,0.001,-0.3809936000000146
2025-11,layers_2_widen_2x,112,1073080,1073080,1,100833.0,100832.01890359168,0.9810964083175784,9.810964083175783,inv,0.0,-0.10181409640831536,0.100833,5.0,ifvg,0.001,-0.20264709640831535
2025-11,layers_2_widen_2x,113,1073083,1073083,1,100781.1,100781.0,0.1,1.0,inv,0.0,-0.10088110000000583,0.10078110000000001,5.0,ifvg,0.001,-0.20166220000000584
2025-11,layers_2_widen_2x,114,1075304,1075304,1,100444.3,100443.34608294931,0.953917050691238,9.53917050691238,inv,0.0,-0.1013982170506905,0.1004443,5.0,ifvg,0.001,-0.2018425170506905
2025-11,layers_2_widen_2x,115,1075319,1075319,1,100423.6,100423.5,0.1,1.0,inv,0.0,-0.10052360000000583,0.10042360000000002,5.0,ifvg,0.001,-0.20094720000000585
2025-11,layers_2_widen_2x,116,1075345,1075345,1,100372.8,100371.81869158879,0.9813084112149532,9.813084112149532,sl,0.0,-0.10135410841121019,0.1003728,5.0,fvg,0.001,-0.2017269084112102
2025-11,layers_2_widen_2x,117,1075483,1075483,1,100320.3,100321.3,0.1,1.0,tp,0.0,-0.0993203,0.1003203,5.0,fvg,0.001,-0.1996406
2025-11,layers_2_widen_2x,118,1076622,1076622,-1,99901.6,99902.58708010336,0.9870801033591722,9.870801033591722,sl,0.0,-0.10088868010335396,0.09990160000000001,5.0,fvg,0.001,-0.20079028010335398
2025-11,layers_2_widen_2x,119,1076631,1076631,1,99870.0,99869.9,0.1,1.0,inv,0.0,-0.09997000000000582,0.09987,5.0,ifvg,0.001,-0.19984000000000582
2025-11,layers_2_widen_2x,120,1076631,1076631,1,99895.8,99894.83731343284,0.9626865671641832,9.626865671641832,sl,0.0,-0.10085848656715984,0.0998958,5.0,ifvg,0.001,-0.20075428656715985
2025-11,layers_2_widen_2x,121,1075304,1077989,-1,100431.3,99189.30000000018,103.49999999998545,1241.9999999998254,tp,2686.0,1.1415686999998254,0.10043130000000002,5.0,ifvg_clean,0.001,1.0411373999998252
2025-11,layers_2_widen_2x,122,1076631,1079199,-1,99881.3,98333.29999999983,129.00000000001455,1548.0000000001746,tp,2568.0,1.4481187000001745,0.0998813,5.0,ifvg_clean,0.001,1.3482374000001744
2025-11,layers_2_widen_2x,123,1083578,1083578,1,98712.2,98711.24329004329,0.9567099567099403,9.567099567099403,sl,0.0,-0.09966890995670662,0.0987122,5.0,ifvg,0.001,-0.1983811099567066
2025-11,layers_2_widen_2x,124,1083578,1083578,-1,98707.8,98712.7,110.49999999995634,1325.9999999994761,inv,0.0,-0.10360779999999419,0.09870780000000001,5.0,ifvg_clean,0.001,-0.2023155999999942
2025-11,layers_2_widen_2x,125,1083619,1083619,1,98690.1,98691.1,0.1,1.0,tp,0.0,-0.0976901,0.0986901,5.0,ifvg,0.001,-0.1963802
2025-11,layers_2_widen_2x,126,1086945,1086945,-1,98472.6,98473.58171846435,0.9817184643510045,9.817184643510044,sl,0.0,-0.09945431846434709,0.09847260000000002,5.0,ifvg,0.001,-0.19792691846434712
2025-11,layers_2_widen_2x,127,1086945,1086950,1,98524.0,98472.1,268.49999999998545,3221.9999999998254,inv,5.0,-0.15042399999999417,0.098524,5.0,ifvg_clean,0.001,-0.24894799999999417
2025-11,layers_2_widen_2x,128,1086997,1086997,-1,98526.3,98525.3,0.1,1.0,tp,0.0,-0.09752630000000001,0.09852630000000001,5.0,ifvg,0.001,-0.19605260000000002
2025-11,layers_2_widen_2x,129,1088159,1088159,1,98380.0,98379.02169197398,0.9783080260303716,9.783080260303716,inv,0.0,-0.09935830802602402,0.09838,5.0,ifvg,0.001,-0.19773830802602402
2025-11,layers_2_widen_2x,130,1088197,1088197,1,98334.9,98334.79999999999,0.1,1.0,inv,0.0,-0.0984349000000058,0.09833489999999999,5.0,ifvg,0.001,-0.1967698000000058
2025-11,layers_2_widen_2x,131,1088159,1088321,-1,98363.1,98588.60000000003,225.5000000000291,2706.0000000003492,sl,162.0,-0.32386310000002916,0.09836310000000001,5.0,ifvg_clean,0.001,-0.4222262000000292
2025-11,layers_2_widen_2x,132,1095191,1095191,-1,99564.9,99565.88552821997,0.9855282199710577,9.855282199710576,inv,0.0,-0.10055042821997145,0.0995649,5.0,ifvg,0.001,-0.20011532821997147
2025-11,layers_2_widen_2x,133,1095235,1095235,-1,99633.0,99633.1,0.1,1.0,inv,0.0,-0.09973300000000582,0.099633,5.0,ifvg,0.001,-0.19936600000000582
2025-11,layers_2_widen_2x,134,1095191,1098941,1,99617.7,99277.19999999997,340.5000000000291,4086.0000000003492,sl,3751.0,-0.44011770000002914,0.0996177,5.0,ifvg_clean,0.001,-0.5397354000000292
2025-11,layers_2_widen_2x,135,1105163,1105163,-1,99400.0,99400.1,0.1,1.0,inv,0.0,-0.09950000000000582,0.0994,5.0,ifvg,0.001,-0.19890000000000582
2025-11,layers_2_widen_2x,136,1105163,1105163,-1,99356.0,99356.97777777778,0.9777777777777779,9.777777777777779,sl,0.0,-0.10033377777777812,0.09935600000000001,5.0,ifvg,0.001,-0.19968977777777813
2025-11,layers_2_widen_2x,137,1105163,1105293,1,99397.1,99177.1,220.0,2640.0,sl,132.0,-0.3193971,0.09939710000000002,5.0,ifvg_clean,0.001,-0.4187942
2025-11,layers_2_widen_2x,138,1106082,1106082,-1,99537.0,99537.1,0.1,1.0,inv,0.0,-0.09963700000000583,0.09953700000000001,5.0,ifvg,0.001,-0.19917400000000585
2025-11,layers_2_widen_2x,139,1106082,1106082,-1,99503.8,99504.77076023392,0.9707602339181262,9.707602339181262,sl,0.0,-0.10047456023391856,0.0995038,5.0,ifvg,0.001,-0.19997836023391857
2025-11,layers_2_widen_2x,140,1106082,1106189,1,99539.8,99373.80000000002,165.99999999998545,1991.9999999998254,sl,108.0,-0.26553979999998545,0.0995398,5.0,ifvg_clean,0.001,-0.36507959999998546
2025-11,layers_2_widen_2x,141,1109709,1109709,1,99333.5,99332.51834862385,0.9816513761467891,9.816513761467892,inv,0.0,-0.10031515137614706,0.0993335,5.0,ifvg,0.001,-0.19964865137614707
2025-11,layers_2_widen_2x,142,1109717,1109717,1,99280.0,99281.0,0.1,1.0,tp,0.0,-0.09828,0.09928000000000001,5.0,ifvg,0.001,-0.19756
2025-11,layers_2_widen_2x,143,1112899,1112899,1,99127.0,99126.04587155963,0.9541284403669786,9.541284403669787,inv,0.0,-0.10008112844036764,0.09912699999999999,5.0,ifvg,0.001,-0.19920812844036762
2025-11,layers_2_widen_2x,144,1112902,1112902,1,99106.2,99106.09999999999,0.1,1.0,inv,0.0,-0.09920620000000582,0.0991062,5.0,ifvg,0.001,-0.19831240000000583
2025-11,layers_2_widen_2x,145,1068622,1114905,-1,101815.5,97891.50000000035,326.9999999999709,3923.9999999996508,tp,46446.0,3.822184499999651,0.1018155,5.0,ifvg_clean,0.001,3.720368999999651
2025-11,layers_2_widen_2x,146,1112899,1114907,-1,99106.9,97858.89999999982,104.00000000001455,1248.0000000001746,tp,2025.0,1.1488931000001747,0.0991069,5.0,ifvg_clean,0.001,1.0497862000001748
2025-11,layers_2_widen_2x,147,1073080,1114911,-1,100791.8,97677.80000000035,259.4999999999709,3113.9999999996508,tp,41994.0,3.0132081999996507,0.10079180000000001,5.0,ifvg_clean,0.001,2.9124163999996506
2025-11,layers_2_widen_2x,148,1115590,1115590,1,97818.3,97818.2,0.1,1.0,inv,0.0,-0.09791830000000583,0.09781830000000001,5.0,ifvg,0.001,-0.19573660000000584
2025-11,layers_2_widen_2x,149,1115590,1115590,1,97895.2,97894.21283697047,0.9871630295250311,9.871630295250311,sl,0.0,-0.0988823630295238,0.0978952,5.0,ifvg,0.001,-0.19677756302952382
2025-11,layers_2_widen_2x,150,1109709,1122925,-1,99283.8,96073.8,267.5,3210.0,tp,13283.0,3.1107162,0.0992838,5.0,ifvg_clean,0.001,3.0114324000000003
2025-11,layers_2_widen_2x,151,1132470,1132470,1,97124.5,97123.51919385797,0.9808061420345511,9.80806142034551,sl,0.0,-0.09810530614203354,0.0971245,5.0,ifvg,0.001,-0.19522980614203356
2025-11,layers_2_widen_2x,152,1132474,1132474,1,97073.4,97074.4,0.1,1.0,tp,0.0,-0.09607339999999999,0.09707339999999999,5.0,ifvg,0.001,-0.19314679999999998
2025-11,layers_2_widen_2x,153,1132470,1132560,-1,97077.4,97125.0,255.5000000000291,3066.0000000003492,inv,90.0,-0.1446774000000058,0.0970774,5.0,ifvg_clean,0.001,-0.24175480000000582
2025-11,layers_2_widen_2x,154,1133022,1133022,-1,96868.6,96869.58015873017,0.9801587301587279,9.80158730158728,sl,0.0,-0.09784875873016267,0.09686860000000001,5.0,ifvg,0.001,-0.1947173587301627
2025-11,layers_2_widen_2x,155,1133022,1133024,1,96901.7,96868.1,246.9999999999709,2963.9999999996508,inv,2.0,-0.13050169999999128,0.09690170000000001,5.0,ifvg_clean,0.001,-0.2274033999999913
2025-11,layers_2_widen_2x,156,1133153,1133153,-1,96918.0,96917.0,0.1,1.0,tp,0.0,-0.095918,0.096918,5.0,ifvg,0.001,-0.192836
2025-11,layers_2_widen_2x,157,1139444,1139444,1,96625.0,96624.9,0.1,1.0,inv,0.0,-0.09672500000000582,0.096625,5.0,ifvg,0.001,-0.19335000000000582
2025-11,layers_2_widen_2x,158,1139444,1139444,1,96647.9,96646.94184100418,0.9581589958158894,9.581589958158894,sl,0.0,-0.09760605899581065,0.0966479,5.0,ifvg,0.001,-0.19425395899581066
2025-11,layers_2_widen_2x,159,1139444,1143616,-1,96622.3,95248.30000000035,114.4999999999709,1373.9999999996508,tp,4172.0,1.277377699999651,0.09662230000000001,5.0,ifvg_clean,0.001,1.180755399999651
2025-11,layers_2_widen_2x,160,1158467,1158467,1,97173.5,97173.4,0.1,1.0,sl,0.0,-0.09727350000000583,0.09717350000000001,5.0,ifvg,0.001,-0.19444700000000584
2025-11,layers_2_widen_2x,161,1158467,1158467,1,97201.7,97200.73424657535,0.9657534246575308,9.657534246575308,sl,0.0,-0.09816745342465076,0.0972017,5.0,ifvg,0.001,-0.19536915342465078
2025-11,layers_2_widen_2x,162,1158467,1158962,-1,97165.0,97202.2,140.99999999998545,1691.9999999998254,inv,496.0,-0.1343649999999971,0.097165,5.0,ifvg_clean,0.001,-0.2315299999999971
2025-11,layers_2_widen_2x,163,1239419,1239419,1,96363.0,96362.02100840336,0.978991596638658,9.78991596638658,sl,0.0,-0.0973419915966394,0.096363,5.0,ifvg,0.001,-0.1937049915966394
2025-11,layers_2_widen_2x,164,1239425,1239425,1,96316.4,96317.4,0.1,1.0,tp,0.0,-0.09531640000000001,0.09631640000000001,5.0,ifvg,0.001,-0.19163280000000002
2025-11,layers_2_widen_2x,165,1295285,1295285,1,96054.6,96053.60896057349,0.991039426523298,9.91039426523298,sl,0.0,-0.09704563942651709,0.0960546,5.0,ifvg,0.001,-0.1931002394265171
2025-11,layers_2_widen_2x,166,1295385,1295385,1,95944.0,95945.0,0.1,1.0,tp,0.0,-0.094944,0.095944,5.0,ifvg,0.001,-0.190888
2025-11,layers_2_widen_2x,167,1295285,1298192,-1,95949.0,96055.1,553.0000000000291,6636.000000000349,inv,3017.0,-0.20204900000000584,0.095949,5.0,ifvg_clean,0.001,-0.29799800000000587
2025-11,layers_2_widen_2x,168,1239419,1301378,-1,96324.4,96363.5,233.0000000000291,2796.0000000003492,inv,66079.0,-0.13542440000000583,0.0963244,5.0,ifvg_clean,0.001,-0.23174880000000583
2025-11,layers_2_widen_2x,169,1312892,1312892,1,95601.5,95601.4,0.1,1.0,inv,0.0,-0.09570150000000582,0.0956015,5.0,ifvg,0.001,-0.19130300000000583
2025-11,layers_2_widen_2x,170,1312892,1312892,1,95628.7,95627.7354609929,0.9645390070921949,9.645390070921948,sl,0.0,-0.09659323900709457,0.0956287,5.0,ifvg,0.001,-0.19222193900709456
2025-11,layers_2_widen_2x,171,1312892,1313005,-1,95592.6,95728.59999999999,135.99999999998545,1631.9999999998254,sl,114.0,-0.23159259999998544,0.0955926,5.0,ifvg_clean,0.001,-0.3271851999999854
2025-11,layers_2_widen_2x,172,1115590,1344338,-1,97835.9,93221.90000000034,384.4999999999709,4613.999999999651,tp,234910.0,4.516164099999651,0.0978359,5.0,ifvg_clean,0.001,4.418328199999651
2025-11,layers_2_widen_2x,173,1354451,1354451,1,94705.2,94704.21923076923,0.9807692307692308,9.807692307692308,sl,0.0,-0.09568596923076587,0.0947052,5.0,ifvg,0.001,-0.19039116923076588
2025-11,layers_2_widen_2x,174,1354451,1354462,-1,94659.3,94705.7,255.0,3060.0,inv,11.0,-0.14105929999999417,0.0946593,5.0,ifvg_clean,0.001,-0.23571859999999417
2025-11,layers_2_widen_2x,175,1354537,1354537,-1,94877.7,94877.8,0.1,1.0,inv,0.0,-0.09497770000000583,0.09487770000000001,5.0,ifvg,0.001,-0.18985540000000584
2025-11,layers_2_widen_2x,176,1354537,1354537,-1,94854.4,94855.35884773661,0.9588477366255194,9.588477366255194,sl,0.0,-0.09581324773661964,0.0948544,5.0,ifvg,0.001,-0.19066764773661965
2025-11,layers_2_widen_2x,177,1354537,1358198,1,94882.3,94765.79999999999,116.50000000001455,1398.0000000001746,sl,3713.0,-0.21138230000001457,0.0948823,5.0,ifvg_clean,0.001,-0.30626460000001454
2025-11,layers_2_widen_2x,178,1381472,1381472,1,95771.8,95770.82392344497,0.9760765550239251,9.76076555023925,sl,0.0,-0.09674787655503089,0.0957718,5.0,ifvg,0.001,-0.19251967655503088
2025-11,layers_2_widen_2x,179,1381472,1381481,-1,95747.5,95772.3,204.00000000001455,2448.0000000001746,inv,9.0,-0.12054750000000292,0.0957475,5.0,ifvg_clean,0.001,-0.2162950000000029
2025-11,layers_2_widen_2x,180,1381555,1381555,1,95731.0,95732.0,0.1,1.0,tp,0.0,-0.09473100000000001,0.09573100000000001,5.0,ifvg,0.001,-0.19046200000000002
2025-11,layers_2_widen_2x,181,1403745,1403745,-1,95304.2,95304.3,0.1,1.0,inv,0.0,-0.09540420000000581,0.09530419999999999,5.0,ifvg,0.001,-0.1907084000000058
2025-11,layers_2_widen_2x,182,1403745,1403745,-1,95237.3,95238.2852724595,0.9852724594992623,9.852724594992623,sl,0.0,-0.09622257245949664,0.09523730000000001,5.0,ifvg,0.001,-0.19145987245949664
2025-11,layers_2_widen_2x,183,1403745,1403936,1,95304.8,94970.30000000003,334.4999999999709,4013.9999999996508,sl,191.0,-0.4298047999999709,0.09530480000000001,5.0,ifvg_clean,0.001,-0.5251095999999709
2025-11,layers_2_widen_2x,184,1408035,1408035,1,93812.9,93811.90595592614,0.994044073853484,9.940440738534841,inv,0.0,-0.09480694407385737,0.0938129,5.0,ifvg,0.001,-0.18861984407385737
2025-11,layers_2_widen_2x,185,1408042,1408042,1,93646.0,93645.9,0.1,1.0,inv,0.0,-0.09374600000000582,0.09364600000000001,5.0,ifvg,0.001,-0.18739200000000583
2025-11,layers_2_widen_2x,186,1411077,1411077,-1,94382.2,94383.18546511627,0.9854651162790704,9.854651162790704,sl,0.0,-0.09536766511627501,0.0943822,5.0,fvg,0.001,-0.189749865116275
2025-11,layers_2_widen_2x,187,1450615,1450615,1,90761.1,90760.12053388091,0.979466119096514,9.79466119096514,inv,0.0,-0.09174056611909721,0.09076110000000001,5.0,ifvg,0.001,-0.18250166611909724
2025-11,layers_2_widen_2x,188,1450805,1450805,1,90713.4,90713.29999999999,0.1,1.0,inv,0.0,-0.09081340000000582,0.0907134,5.0,ifvg,0.001,-0.18152680000000582
2025-11,layers_2_widen_2x,189,1450615,1466534,-1,90717.1,90955.60000000006,238.5000000000582,2862.0000000006985,sl,15924.0,-0.3292171000000582,0.09071710000000001,5.0,ifvg_clean,0.001,-0.4199342000000582
2025-11,layers_2_widen_2x,190,1496387,1496387,-1,93586.7,93586.8,0.1,1.0,inv,0.0,-0.09368670000000581,0.0935867,5.0,ifvg,0.001,-0.1872734000000058
2025-11,layers_2_widen_2x,191,1496387,1496387,-1,93550.0,93550.97347480107,0.9734748010610059,9.734748010610058,sl,0.0,-0.0945234748010669,0.09355,5.0,ifvg,0.001,-0.1880734748010669
2025-11,layers_2_widen_2x,192,1496387,1496618,1,93583.5,93400.00000000001,183.49999999998545,2201.9999999998254,sl,231.0,-0.27708349999998544,0.0935835,5.0,ifvg_clean,0.001,-0.3706669999999854
2025-11,layers_2_widen_2x,193,1500400,1500400,-1,93275.4,93276.35433789954,0.9543378995433972,9.543378995433972,sl,0.0,-0.09422973789954404,0.0932754,5.0,ifvg,0.001,-0.18750513789954404
2025-11,layers_2_widen_2x,194,1500400,1500403,1,93290.4,93274.9,104.50000000004366,1254.0000000005239,inv,3.0,-0.1087904,0.0932904,5.0,ifvg_clean,0.001,-0.2020808
2025-11,layers_2_widen_2x,195,1500419,1500419,-1,93296.3,93295.3,0.1,1.0,tp,0.0,-0.0922963,0.0932963,5.0,ifvg,0.001,-0.1855926
2025-11,layers_2_widen_2x,196,1500747,1500747,1,93238.9,93237.93703703703,0.9629629629629629,9.62962962962963,inv,0.0,-0.0942018629629635,0.0932389,5.0,ifvg,0.001,-0.1874407629629635
2025-11,layers_2_widen_2x,197,1500751,1500751,1,93212.9,93212.79999999999,0.1,1.0,inv,0.0,-0.0933129000000058,0.09321289999999999,5.0,ifvg,0.001,-0.1865258000000058
2025-11,layers_2_widen_2x,198,1500747,1501545,-1,93214.6,93344.6,130.0,1560.0,sl,806.0,-0.2232146,0.09321460000000001,5.0,ifvg_clean,0.001,-0.3164292
2025-11,layers_2_widen_2x,199,1504682,1504682,1,93515.5,93514.52247191011,0.9775280898876404,9.775280898876403,sl,0.0,-0.09449302808989025,0.0935155,5.0,ifvg,0.001,-0.18800852808989027
2025-11,layers_2_widen_2x,200,1504712,1504712,1,93472.0,93473.0,0.1,1.0,tp,0.0,-0.09247200000000001,0.09347200000000001,5.0,ifvg,0.001,-0.18594400000000003
2025-11,layers_2_widen_2x,201,1504682,1507327,-1,93474.8,93516.0,217.5,2610.0,inv,2703.0,-0.1346747999999971,0.09347480000000001,5.0,ifvg_clean,0.001,-0.22814959999999712
2025-11,layers_2_widen_2x,202,1508800,1508800,-1,93164.0,93163.0,0.1,1.0,tp,0.0,-0.092164,0.093164,5.0,ifvg,0.001,-0.185328
2025-11,layers_2_widen_2x,203,1508800,1508800,-1,93140.0,93140.96,0.96,9.6,sl,0.0,-0.0941000000000064,0.09314,5.0,ifvg,0.001,-0.1872400000000064
2025-11,layers_2_widen_2x,204,1508800,1508834,1,93162.9,93139.5,120.0,1440.0,inv,36.0,-0.11656289999999417,0.09316289999999999,5.0,ifvg_clean,0.001,-0.20972579999999416
2025-11,layers_2_widen_2x,205,1510790,1510790,-1,92877.0,92877.97536945813,0.9753694581280824,9.753694581280824,sl,0.0,-0.09385236945813044,0.092877,5.0,ifvg,0.001,-0.18672936945813046
2025-11,layers_2_widen_2x,206,1510794,1510794,-1,92916.6,92915.6,0.1,1.0,tp,0.0,-0.0919166,0.0929166,5.0,ifvg,0.001,-0.1848332
2025-11,layers_2_widen_2x,207,1510790,1510966,1,92915.2,92876.5,198.0000000000291,2376.0000000003492,inv,179.0,-0.1316151999999971,0.0929152,5.0,ifvg_clean,0.001,-0.2245303999999971
2025-11,layers_2_widen_2x,208,1516627,1516627,-1,93009.6,93010.58102466793,0.9810246679316877,9.810246679316878,inv,0.0,-0.09399062466792626,0.09300960000000001,5.0,ifvg,0.001,-0.18700022466792626
2025-11,layers_2_widen_2x,209,1516675,1516675,-1,93061.3,93061.40000000001,0.1,1.0,inv,0.0,-0.09316130000000582,0.0930613,5.0,ifvg,0.001,-0.18622260000000582
2025-11,layers_2_widen_2x,210,1516627,1519626,1,93049.4,92790.90000000001,258.49999999998545,3101.9999999998254,sl,3086.0,-0.35154939999998547,0.09304939999999999,5.0,ifvg_clean,0.001,-0.4445987999999855
2025-11,layers_2_widen_2x,211,1583263,1583263,1,89953.3,89952.3167785235,0.9832214765100689,9.832214765100689,sl,0.0,-0.09093652147650469,0.0899533,5.0,fvg,0.001,-0.18088982147650468
2025-11,layers_2_widen_2x,212,1583267,1583267,1,89894.7,89895.7,0.1,1.0,tp,0.0,-0.08889470000000001,0.08989470000000001,5.0,fvg,0.001,-0.17878940000000001
2025-11,layers_2_widen_2x,213,1596844,1596844,-1,89257.0,89257.1,0.1,1.0,inv,0.0,-0.08935700000000582,0.089257,5.0,ifvg,0.001,-0.17861400000000582
2025-11,layers_2_widen_2x,214,1596844,1596844,-1,89183.8,89184.78652291106,0.9865229110512124,9.865229110512123,sl,0.0,-0.09017032291105828,0.08918380000000001,5.0,ifvg,0.001,-0.1793541229110583
2025-11,layers_2_widen_2x,215,1597353,1597353,1,89575.4,89574.42,0.98,9.8,sl,0.0,-0.09055539999999593,0.0895754,5.0,ifvg,0.001,-0.18013079999999593
2025-11,layers_2_widen_2x,216,1597360,1597360,1,89526.4,89527.4,0.1,1.0,tp,0.0,-0.08852639999999999,0.08952639999999999,5.0,ifvg,0.001,-0.17805279999999998
2025-11,layers_2_widen_2x,217,1597353,1597407,-1,89528.6,89575.9,245.0,2940.0,inv,54.0,-0.13682859999998837,0.08952860000000001,5.0,ifvg_clean,0.001,-0.22635719999998838
2025-11,layers_2_widen_2x,218,1627245,1627245,-1,92825.8,92826.75260663507,0.9526066350710705,9.526066350710705,sl,0.0,-0.09377840663506633,0.0928258,5.0,fvg,0.001,-0.18660420663506633
2025-11,layers_2_widen_2x,219,1656230,1656230,1,91883.3,91882.3110375276,0.9889624724061817,9.889624724061818,sl,0.0,-0.0928722624724019,0.0918833,5.0,ifvg,0.001,-0.1847555624724019
2025-11,layers_2_widen_2x,220,1656230,1656232,-1,91820.8,91883.8,448.0000000000291,5376.000000000349,inv,2.0,-0.1548208,0.09182080000000001,5.0,ifvg_clean,0.001,-0.24664160000000002
2025-11,layers_2_widen_2x,221,1656541,1656541,1,91793.7,91794.7,0.1,1.0,tp,0.0,-0.0907937,0.0917937,5.0,ifvg,0.001,-0.1825874
2025-11,layers_2_widen_2x,222,1657740,1657740,1,91739.7,91738.7096805421,0.990319457889642,9.90319457889642,sl,0.0,-0.09273001945789466,0.09173970000000001,5.0,fvg,0.001,-0.18446971945789467
2025-11,layers_2_widen_2x,223,1657824,1657824,1,91637.4,91638.4,0.1,1.0,tp,0.0,-0.0906374,0.09163740000000001,5.0,fvg,0.001,-0.18227480000000001
2025-11,layers_2_widen_2x,224,1662107,1662107,-1,90840.7,90841.66987951807,0.9698795180722865,9.698795180722865,sl,0.0,-0.09181057951807386,0.0908407,5.0,fvg,0.001,-0.18265127951807386
2025-11,layers_2_widen_2x,225,1662121,1662121,-1,90872.9,90871.9,0.1,1.0,tp,0.0,-0.0898729,0.0908729,5.0,fvg,0.001,-0.1807458
2025-11,layers_2_widen_2x,226,1596844,1665663,1,89255.8,88889.80000000002,365.99999999998545,4391.999999999825,sl,69538.0,-0.45525579999998544,0.08925580000000001,5.0,ifvg_clean,0.001,-0.5445115999999854
2025-11,layers_2_widen_2x,227,1408035,1721124,-1,93649.8,83635.80000000035,834.4999999999709,10013.99999999965,tp,315124.0,9.920350199999652,0.0936498,5.0,ifvg_clean,0.001,9.826700399999652
2025-11,layers_2_widen_2x,228,1731560,1731560,1,82218.3,82218.2,0.1,1.0,inv,0.0,-0.08231830000000581,0.0822183,5.0,ifvg,0.001,-0.1645366000000058
2025-11,layers_2_widen_2x,229,1731560,1731560,1,82288.4,82287.4140646976,0.9859353023909969,9.85935302390997,sl,0.0,-0.08327433530239305,0.0822884,5.0,ifvg,0.001,-0.16556273530239304
2025-11,layers_2_widen_2x,230,1731560,1731923,-1,82220.0,82570.49999999996,350.49999999995634,4205.999999999476,sl,363.0,-0.43271999999995636,0.08222,5.0,ifvg_clean,0.001,-0.5149399999999563
2025-11,layers_2_widen_2x,231,1737793,1737793,-1,82097.1,82096.1,0.1,1.0,tp,0.0,-0.08109710000000002,0.08209710000000002,5.0,ifvg,0.001,-0.16319420000000004
2025-11,layers_2_widen_2x,232,1737793,1737793,-1,82039.0,82039.98307952622,0.9830795262267361,9.830795262267362,sl,0.0,-0.08302207952622417,0.082039,5.0,ifvg,0.001,-0.16506107952622417
2025-11,layers_2_widen_2x,233,1737793,1737823,1,82096.4,82038.5,290.5000000000291,3486.0000000003492,inv,30.0,-0.1399963999999942,0.0820964,5.0,ifvg_clean,0.001,-0.2220927999999942
2025-11,layers_2_widen_2x,234,1750460,1750460,1,82784.7,82810.8,131.50000000001455,1578.0000000001746,inv,0.0,-0.05668469999999418,0.0827847,5.0,ifvg_clean,0.001,-0.1394693999999942
2025-11,layers_2_widen_2x,235,1750465,1750465,-1,82811.3,82801.6663003663,0.9633699633699673,9.633699633699672,tp,0.0,-0.07317760036629505,0.0828113,5.0,ifvg,0.001,-0.15598890036629504
2025-11,layers_2_widen_2x,236,1750467,1750467,-1,82837.6,82836.6,0.1,1.0,tp,0.0,-0.08183760000000001,0.08283760000000001,5.0,ifvg,0.001,-0.16467520000000002
2025-11,layers_2_widen_2x,237,1751277,1751277,1,83068.1,83067.10902527077,0.9909747292418775,9.909747292418775,inv,0.0,-0.08405907472924042,0.0830681,5.0,ifvg,0.001,-0.16712717472924044
2025-11,layers_2_widen_2x,238,1751348,1751348,1,82958.3,82958.2,0.1,1.0,inv,0.0,-0.08305830000000583,0.08295830000000001,5.0,ifvg,0.001,-0.16601660000000584
2025-11,layers_2_widen_2x,239,1752692,1752692,-1,82717.3,82717.40000000001,0.1,1.0,sl,0.0,-0.08281730000000583,0.08271730000000001,5.0,fvg,0.001,-0.16553460000000583
2025-11,layers_2_widen_2x,240,1752692,1752692,-1,82692.8,82693.76078431372,0.9607843137254902,9.607843137254902,sl,0.0,-0.08365358431372008,0.08269280000000001,5.0,fvg,0.001,-0.1663463843137201
2025-11,layers_2_widen_2x,241,1751277,1753724,-1,82960.7,83509.70000000001,549.0000000000146,6588.000000000175,sl,2447.0,-0.6319607000000146,0.0829607,5.0,ifvg_clean,0.001,-0.7149214000000146
2025-11,layers_2_widen_2x,242,1754272,1754272,-1,83361.0,83361.1,0.1,1.0,inv,0.0,-0.08346100000000582,0.083361,5.0,ifvg,0.001,-0.16682200000000583
2025-11,layers_2_widen_2x,243,1754272,1754272,-1,83231.0,83231.99236641222,0.9923664122137404,9.923664122137405,sl,0.0,-0.08422336641221798,0.08323100000000001,5.0,ifvg,0.001,-0.167454366412218
2025-11,layers_2_widen_2x,244,1759748,1759748,-1,83469.1,83469.20000000001,0.1,1.0,sl,0.0,-0.08356910000000584,0.08346910000000002,5.0,ifvg,0.001,-0.16703820000000585
2025-11,layers_2_widen_2x,245,1759748,1759748,-1,83410.9,83411.8831081081,0.9831081081081113,9.831081081081113,sl,0.0,-0.08439400810810653,0.0834109,5.0,ifvg,0.001,-0.16780490810810653
2025-11,layers_2_widen_2x,246,1759748,1759766,1,83468.4,83410.4,291.0000000000582,3492.0000000006985,inv,18.0,-0.1414684,0.0834684,5.0,ifvg_clean,0.001,-0.2249368
2025-11,layers_2_widen_2x,247,1785661,1785661,-1,85134.7,85135.6814471243,0.9814471243042703,9.814471243042703,sl,0.0,-0.08611614712430075,0.0851347,5.0,fvg,0.001,-0.17125084712430075
2025-11,layers_2_widen_2x,248,1785760,1785760,1,84978.0,84979.0,0.1,1.0,tp,0.0,-0.08397800000000001,0.08497800000000001,5.0,ifvg,0.001,-0.16895600000000002
2025-11,layers_2_widen_2x,249,1785760,1785760,1,85011.6,85010.6289017341,0.9710982658959586,9.710982658959587,sl,0.0,-0.08598269826590169,0.0850116,5.0,ifvg,0.001,-0.17099429826590168
2025-11,layers_2_widen_2x,250,1785760,1785826,-1,84982.6,85012.1,168.0000000000291,2016.0000000003492,inv,67.0,-0.1144826,0.0849826,5.0,ifvg_clean,0.001,-0.1994652
2025-11,layers_2_widen_2x,251,1786576,1786576,-1,85062.6,85063.57167138811,0.9716713881019737,9.716713881019738,inv,0.0,-0.0860342713881062,0.0850626,5.0,ifvg,0.001,-0.1710968713881062
2025-11,layers_2_widen_2x,252,1786599,1786599,-1,85096.9,85097.0,0.1,1.0,inv,0.0,-0.0851969000000058,0.08509689999999999,5.0,ifvg,0.001,-0.1702938000000058
2025-11,layers_2_widen_2x,253,1786576,1787710,1,85096.6,84925.10000000006,171.4999999999418,2057.9999999993015,sl,1162.0,-0.2565965999999418,0.08509660000000001,5.0,ifvg_clean,0.001,-0.3416931999999418
2025-11,layers_2_widen_2x,254,1788954,1788954,1,84709.9,84708.93816793892,0.9618320610686981,9.61832061068698,inv,0.0,-0.08567173206107524,0.08470989999999999,5.0,ifvg,0.001,-0.17038163206107523
2025-11,layers_2_widen_2x,255,1788956,1788956,1,84684.7,84684.59999999999,0.1,1.0,inv,0.0,-0.0847847000000058,0.08468469999999999,5.0,ifvg,0.001,-0.1694694000000058
2025-11,layers_2_widen_2x,256,1805001,1805001,-1,84639.0,84639.97685185185,0.9768518518518503,9.768518518518503,inv,0.0,-0.085615851851854,0.08463899999999999,5.0,ifvg,0.001,-0.170254851851854
2025-11,layers_2_widen_2x,257,1805001,1805756,1,84670.5,84459.50000000001,210.99999999998545,2531.9999999998254,sl,762.0,-0.29567049999998546,0.08467050000000001,5.0,ifvg_clean,0.001,-0.3803409999999855
2025-11,layers_2_widen_2x,258,1809740,1809740,1,84347.7,84346.525,1.175,11.750000000000002,sl,0.0,-0.08552270000000292,0.08434770000000001,5.0,fvg,0.001,-0.16987040000000292
2025-11,layers_2_widen_2x,259,1809747,1809747,1,84300.7,84301.9,0.12000000000000002,1.2000000000000002,tp,0.0,-0.0831007000000029,0.08430069999999999,5.0,fvg,0.001,-0.1674014000000029
2025-11,layers_2_widen_2x,260,1810764,1810764,-1,84097.4,84098.38670212765,0.9867021276595765,9.867021276595766,sl,0.0,-0.08508410212765863,0.08409739999999999,5.0,ifvg,0.001,-0.16918150212765862
2025-11,layers_2_widen_2x,261,1810765,1810765,-1,84171.6,84170.6,0.1,1.0,tp,0.0,-0.08317160000000001,0.08417160000000001,5.0,ifvg,0.001,-0.16734320000000003
2025-11,layers_2_widen_2x,262,1810764,1810785,1,84155.5,84096.9,371.0000000000582,4452.0000000006985,inv,21.0,-0.14275550000000584,0.08415550000000001,5.0,ifvg_clean,0.001,-0.22691100000000586
2025-11,layers_2_widen_2x,263,1827119,1827119,-1,83988.0,83988.96062992126,0.9606299212598335,9.606299212598335,inv,0.0,-0.084948629921261,0.08398800000000001,5.0,ifvg,0.001,-0.16893662992126102
2025-11,layers_2_widen_2x,264,1827137,1827137,-1,84012.4,84012.5,0.1,1.0,inv,0.0,-0.08411240000000582,0.0840124,5.0,ifvg,0.001,-0.16812480000000582
2025-11,layers_2_widen_2x,265,1827119,1827889,1,84009.4,83887.40000000002,121.9999999999709,1463.9999999996508,sl,776.0,-0.2060093999999709,0.0840094,5.0,ifvg_clean,0.001,-0.2900187999999709
2025-11,layers_2_widen_2x,266,1828819,1828819,-1,83733.1,83734.08689384011,0.9868938401048473,9.868938401048473,sl,0.0,-0.08471999384010505,0.0837331,5.0,fvg,0.001,-0.16845309384010504
2025-11,layers_2_widen_2x,267,1829025,1829025,-1,83808.4,83807.4,0.1,1.0,tp,0.0,-0.08280839999999999,0.08380839999999999,5.0,fvg,0.001,-0.16661679999999998
2025-11,layers_2_widen_2x,268,1838575,1838575,1,84496.8,84496.7,0.1,1.0,sl,0.0,-0.08459680000000583,0.08449680000000001,5.0,ifvg,0.001,-0.16909360000000584
2025-11,layers_2_widen_2x,269,1838575,1838575,1,84543.7,84542.72087682672,0.9791231732776592,9.791231732776591,sl,0.0,-0.08552282317328155,0.0845437,5.0,ifvg,0.001,-0.17006652317328155
2025-11,layers_2_widen_2x,270,1838575,1838644,-1,84497.3,84544.2,234.4999999999709,2813.9999999996508,inv,71.0,-0.1313972999999942,0.08449730000000001,5.0,ifvg_clean,0.001,-0.21589459999999422
2025-11,layers_2_widen_2x,271,1788954,1839815,-1,84684.9,84810.89999999998,125.99999999998545,1511.9999999998254,sl,51481.0,-0.21068489999998546,0.08468490000000001,5.0,ifvg_clean,0.001,-0.29536979999998547
2025-11,layers_2_widen_2x,272,1870385,1870385,1,85787.4,85786.4352112676,0.964788732394359,9.647887323943591,sl,0.0,-0.08675218873239537,0.08578739999999999,5.0,ifvg,0.001,-0.17253958873239536
2025-11,layers_2_widen_2x,273,1870395,1870395,1,85760.0,85761.0,0.1,1.0,tp,0.0,-0.08476,0.08576,5.0,ifvg,0.001,-0.17052
2025-11,layers_2_widen_2x,274,1870385,1870450,-1,85767.1,85787.9,136.9999999999709,1643.9999999996508,inv,65.0,-0.10656709999998837,0.08576710000000001,5.0,ifvg_clean,0.001,-0.19233419999998838
2025-11,layers_2_widen_2x,275,1958568,1958568,1,87380.3,87380.2,0.1,1.0,sl,0.0,-0.08748030000000583,0.08738030000000001,5.0,ifvg,0.001,-0.17486060000000583
2025-11,layers_2_widen_2x,276,1958568,1958568,1,87417.5,87416.52617801048,0.9738219895287938,9.738219895287939,sl,0.0,-0.08839132198952256,0.08741750000000001,5.0,ifvg,0.001,-0.17580882198952258
2025-11,layers_2_widen_2x,277,1958568,1958599,-1,87378.6,87418.0,185.99999999998545,2231.9999999998254,inv,32.0,-0.1267785999999942,0.0873786,5.0,ifvg_clean,0.001,-0.2141571999999942
2025-11,layers_2_widen_2x,278,2000431,2000431,-1,85939.2,85940.16688741722,0.96688741721854,9.6688741721854,sl,0.0,-0.08690608741722028,0.08593920000000001,5.0,ifvg,0.001,-0.17284528741722027
2025-11,layers_2_widen_2x,279,2000436,2000436,-1,85968.4,85967.4,0.1,1.0,tp,0.0,-0.0849684,0.0859684,5.0,ifvg,0.001,-0.1709368
2025-11,layers_2_widen_2x,280,2000431,2000560,1,85960.5,85938.7,145.99999999998545,1751.9999999998254,inv,135.0,-0.10776050000000291,0.0859605,5.0,ifvg_clean,0.001,-0.19372100000000292
2025-11,layers_2_widen_2x,281,2002177,2002177,-1,85498.0,85498.97920997921,0.9792099792099818,9.792099792099817,sl,0.0,-0.08647720997921028,0.085498,5.0,fvg,0.001,-0.1719752099792103
2025-11,layers_2_widen_2x,282,2002198,2002198,-1,85545.1,85545.20000000001,0.1,1.0,sl,0.0,-0.08564510000000583,0.08554510000000001,5.0,fvg,0.001,-0.17119020000000584
2025-11,layers_2_widen_2x,283,2002328,2002328,1,85633.9,85632.91416430594,0.9858356940509898,9.858356940509898,sl,0.0,-0.0866197356940531,0.0856339,5.0,fvg,0.001,-0.1722536356940531
2025-11,layers_2_widen_2x,284,2002653,2002653,-1,86171.7,86170.7,0.1,1.0,tp,0.0,-0.0851717,0.0861717,5.0,ifvg,0.001,-0.1713434
2025-11,layers_2_widen_2x,285,2002653,2002653,-1,86099.5,86100.48633879781,0.9863387978142071,9.863387978142072,sl,0.0,-0.08708583879781119,0.08609950000000001,5.0,ifvg,0.001,-0.1731853387978112
2025-11,layers_2_widen_2x,286,2002653,2002698,1,86169.8,86099.0,360.99999999998545,4331.999999999825,inv,45.0,-0.15696980000000293,0.0861698,5.0,ifvg_clean,0.001,-0.24313960000000295
2025-11,layers_2_widen_2x,287,2016258,2016258,-1,88272.7,88273.69035679846,0.9903567984570875,9.903567984570875,inv,0.0,-0.08926305679845838,0.0882727,5.0,ifvg,0.001,-0.17753575679845837
2025-11,layers_2_widen_2x,288,2016259,2016259,-1,88375.4,88375.5,0.1,1.0,inv,0.0,-0.08847540000000582,0.0883754,5.0,ifvg,0.001,-0.17685080000000583
2025-11,layers_2_widen_2x,289,2018002,2018002,1,88617.8,88616.83225806452,0.967741935483871,9.67741935483871,sl,0.0,-0.08958554193548482,0.08861780000000001,5.0,ifvg,0.001,-0.17820334193548482
2025-11,layers_2_widen_2x,290,2018002,2018011,-1,88598.0,88618.3,150.0,1800.0,inv,9.0,-0.10889800000000291,0.088598,5.0,ifvg_clean,0.001,-0.1974960000000029
2025-11,layers_2_widen_2x,291,2018087,2018087,1,88587.8,88588.8,0.1,1.0,tp,0.0,-0.08758780000000001,0.08858780000000001,5.0,ifvg,0.001,-0.17617560000000002
2025-11,layers_2_widen_2x,292,2019729,2019729,-1,88391.2,88392.1948051948,0.9948051948051948,9.948051948051948,sl,0.0,-0.0893860051948013,0.0883912,5.0,fvg,0.001,-0.1777772051948013
2025-11,layers_2_widen_2x,293,2020506,2020506,-1,88217.7,88218.67142857143,0.9714285714285714,9.714285714285714,sl,0.0,-0.08918912857142898,0.0882177,5.0,fvg,0.001,-0.17740682857142898
2025-11,layers_2_widen_2x,294,2020576,2020576,-1,88251.7,88251.8,0.1,1.0,sl,0.0,-0.08835170000000582,0.0882517,5.0,fvg,0.001,-0.17660340000000582
2025-11,layers_2_widen_2x,295,2021320,2021320,-1,88582.7,88581.7,0.1,1.0,tp,0.0,-0.0875827,0.0885827,5.0,fvg,0.001,-0.1761654
2025-11,layers_2_widen_2x,296,2028252,2028255,1,89000.0,88999.00799360512,0.9920063948840931,9.920063948840932,sl,3.0,-0.08999200639488117,0.089,5.0,fvg,0.001,-0.17899200639488116
2025-11,layers_2_widen_2x,297,2028734,2028734,1,88875.9,88875.79999999999,0.1,1.0,sl,0.0,-0.08897590000000583,0.08887590000000001,5.0,fvg,0.001,-0.17785180000000583
2025-11,layers_2_widen_2x,298,2031138,2031138,-1,88624.9,88625.88062015503,0.9806201550387619,9.80620155038762,sl,0.0,-0.08960552015503818,0.08862489999999999,5.0,ifvg,0.001,-0.17823042015503818
2025-11,layers_2_widen_2x,299,2031168,2031168,-1,88675.5,88674.5,0.1,1.0,tp,0.0,-0.0876755,0.0886755,5.0,ifvg,0.001,-0.176351
2025-11,layers_2_widen_2x,300,2031138,2031175,1,88672.2,88624.4,253.0000000000291,3036.0000000003492,inv,38.0,-0.13647220000000293,0.0886722,5.0,ifvg_clean,0.001,-0.22514440000000294
2025-11,layers_2_widen_2x,301,2016258,2036387,1,88372.8,87859.30000000002,513.4999999999854,6161.999999999825,sl,20406.0,-0.6018727999999854,0.0883728,5.0,ifvg_clean,0.001,-0.6902455999999855
2025-11,layers_2_widen_2x,302,2038055,2038055,-1,87958.7,87959.6911971831,0.9911971830985921,9.911971830985921,sl,0.0,-0.08894989718310249,0.0879587,5.0,ifvg,0.001,-0.17690859718310248
2025-11,layers_2_widen_2x,303,2038091,2038091,-1,88071.3,88070.3,0.1,1.0,tp,0.0,-0.0870713,0.0880713,5.0,ifvg,0.001,-0.1751426
2025-11,layers_2_widen_2x,304,2038055,2038366,1,88033.9,87958.2,563.0000000000291,6756.000000000349,inv,324.0,-0.1637338999999971,0.0880339,5.0,ifvg_clean,0.001,-0.2517677999999971
2025-11,layers_2_widen_2x,305,2047370,2047370,1,87751.9,87750.9163666121,0.9836333878887048,9.836333878887048,inv,0.0,-0.08873553338789203,0.0877519,5.0,ifvg,0.001,-0.17648743338789202
2025-11,layers_2_widen_2x,306,2047379,2047379,1,87691.8,87691.7,0.1,1.0,inv,0.0,-0.08779180000000582,0.0876918,5.0,ifvg,0.001,-0.17548360000000582
2025-11,layers_2_widen_2x,307,2047370,2049677,-1,87696.0,87996.49999999996,300.49999999995634,3605.999999999476,sl,2359.0,-0.38819599999995635,0.087696,5.0,ifvg_clean,0.001,-0.47589199999995635
2025-11,layers_2_widen_2x,308,2082008,2082008,1,87524.9,87523.94048582995,0.959514170040481,9.59514170040481,inv,0.0,-0.08848441417004108,0.0875249,5.0,ifvg,0.001,-0.17600931417004106
2025-11,layers_2_widen_2x,309,2082276,2082276,1,87501.2,87501.09999999999,0.1,1.0,inv,0.0,-0.08760120000000582,0.0875012,5.0,ifvg,0.001,-0.17510240000000582
2025-11,layers_2_widen_2x,310,2082008,2082509,-1,87513.3,87631.79999999999,118.49999999998545,1421.9999999998254,sl,511.0,-0.20601329999998547,0.0875133,5.0,ifvg_clean,0.001,-0.2935265999999855
2025-11,layers_2_widen_2x,311,2088297,2088297,1,86345.3,86344.31209189844,0.9879081015719463,9.879081015719462,inv,0.0,-0.0873332081015679,0.08634530000000001,5.0,ifvg,0.001,-0.17367850810156793
2025-11,layers_2_widen_2x,312,2088299,2088299,1,86263.6,86263.5,0.1,1.0,inv,0.0,-0.08636360000000583,0.08626360000000001,5.0,ifvg,0.001,-0.17262720000000584
2025-11,layers_2_widen_2x,313,2088297,2088500,-1,86276.0,86684.49999999999,408.49999999998545,4901.999999999825,sl,203.0,-0.49477599999998545,0.08627599999999999,5.0,ifvg_clean,0.001,-0.5810519999999855
2025-11,layers_2_widen_2x,314,2088601,2088601,-1,86583.1,86580.2,105.49999999995634,1265.9999999994761,inv,0.0,-0.08368309999999128,0.08658310000000001,5.0,ifvg_clean,0.001,-0.1702661999999913
2025-11,layers_2_widen_2x,315,2088602,2088602,1,86579.7,86578.74524886877,0.9547511312217015,9.547511312217015,sl,0.0,-0.08753445113122667,0.08657970000000001,5.0,ifvg,0.001,-0.1741141511312267
2025-11,layers_2_widen_2x,316,2088742,2088742,1,86558.6,86559.6,0.1,1.0,tp,0.0,-0.08555860000000001,0.08655860000000001,5.0,ifvg,0.001,-0.17211720000000003
2025-11,layers_2_widen_2x,317,2089217,2089217,-1,86503.9,86502.9,0.1,1.0,tp,0.0,-0.08550390000000001,0.08650390000000001,5.0,fvg,0.001,-0.17200780000000002
2025-11,layers_2_widen_2x,318,2089217,2089217,-1,86409.9,86410.8894736842,0.9894736842105263,9.894736842105264,sl,0.0,-0.08739937368421068,0.0864099,5.0,fvg,0.001,-0.17380927368421067
2025-11,layers_2_widen_2x,319,2101334,2101334,-1,87489.1,87489.20000000001,0.1,1.0,sl,0.0,-0.08758910000000583,0.08748910000000001,5.0,ifvg,0.001,-0.17507820000000585
2025-11,layers_2_widen_2x,320,2101334,2101334,-1,87466.7,87467.65726495726,0.9572649572649732,9.572649572649732,sl,0.0,-0.0884239649572656,0.08746670000000001,5.0,ifvg,0.001,-0.1758906649572656
2025-11,layers_2_widen_2x,321,2101334,2101667,1,87490.5,87466.2,112.00000000004366,1344.0000000005239,inv,344.0,-0.1117905000000029,0.0874905,5.0,ifvg_clean,0.001,-0.1992810000000029
2025-11,layers_2_widen_2x,322,2109272,2109272,1,87348.8,87347.84608294931,0.953917050691238,9.53917050691238,sl,0.0,-0.08830271705069052,0.08734880000000002,5.0,ifvg,0.001,-0.17565151705069054
2025-11,layers_2_widen_2x,323,2109272,2109280,-1,87337.8,87349.3,103.49999999998545,1241.9999999998254,inv,9.0,-0.0988378,0.08733780000000001,5.0,ifvg_clean,0.001,-0.1861756
2025-11,layers_2_widen_2x,324,2109354,2109354,1,87328.1,87329.1,0.1,1.0,tp,0.0,-0.0863281,0.0873281,5.0,ifvg,0.001,-0.1736562
2025-11,layers_2_widen_2x,325,2110883,2110883,1,87297.2,87296.21996007983,0.9800399201596772,9.800399201596772,sl,0.0,-0.08827723992016312,0.0872972,5.0,ifvg,0.001,-0.17557443992016314
2025-11,layers_2_widen_2x,326,2111005,2111005,1,87248.1,87249.1,0.1,1.0,tp,0.0,-0.08624810000000001,0.08724810000000001,5.0,ifvg,0.001,-0.17349620000000002
2025-11,layers_2_widen_2x,327,2110883,2111026,-1,87248.5,87297.7,245.49999999995634,2945.999999999476,inv,154.0,-0.13644849999999709,0.0872485,5.0,ifvg_clean,0.001,-0.2236969999999971
2025-11,layers_2_widen_2x,328,2113500,2113500,-1,86683.5,86684.49201915403,0.9920191540303274,9.920191540303273,sl,0.0,-0.08767551915402955,0.0866835,5.0,fvg,0.001,-0.17435901915402954
2025-11,layers_2_widen_2x,329,2113760,2113760,-1,86807.8,86806.8,0.1,1.0,tp,0.0,-0.0858078,0.0868078,5.0,fvg,0.001,-0.1726156
2025-11,layers_2_widen_2x,330,2128860,2128860,1,87886.3,87885.34739336494,0.9526066350711031,9.52606635071103,inv,0.0,-0.08883890663506633,0.0878863,5.0,ifvg,0.001,-0.17672520663506633
2025-11,layers_2_widen_2x,331,2128953,2128953,1,87866.2,87866.09999999999,0.1,1.0,inv,0.0,-0.08796620000000581,0.08786619999999999,5.0,ifvg,0.001,-0.1758324000000058
2025-11,layers_2_widen_2x,332,2133659,2133659,1,87210.6,87209.62801120449,0.9719887955182164,9.719887955182164,inv,0.0,-0.08818258879551436,0.08721060000000001,5.0,ifvg,0.001,-0.17539318879551435
2025-11,layers_2_widen_2x,333,2133718,2133718,1,87175.9,87175.79999999999,0.1,1.0,inv,0.0,-0.08727590000000582,0.0871759,5.0,ifvg,0.001,-0.17445180000000582
2025-11,layers_2_widen_2x,334,2134948,2134948,-1,87101.5,87102.4797979798,0.9797979797979799,9.7979797979798,sl,0.0,-0.08808129797980224,0.0871015,5.0,fvg,0.001,-0.17518279797980224
2025-11,layers_2_widen_2x,335,2135018,2135018,-1,87150.0,87149.0,0.1,1.0,tp,0.0,-0.08615,0.08715,5.0,fvg,0.001,-0.1733
2025-11,layers_2_widen_2x,336,2133659,2137247,-1,87191.7,87365.20000000006,173.5000000000582,2082.0000000006985,sl,3769.0,-0.2606917000000582,0.0871917,5.0,ifvg_clean,0.001,-0.3478834000000582
2025-11,layers_2_widen_2x,337,2128860,2156241,-1,87879.6,86673.59999999966,100.5000000000291,1206.0000000003492,tp,28373.0,1.1181204000003493,0.08787960000000002,5.0,ifvg_clean,0.001,1.0302408000003493
2025-11,layers_2_widen_2x,338,2184155,2184155,1,90189.0,90188.01733102254,0.9826689774696699,9.826689774696698,sl,0.0,-0.09117166897746362,0.090189,5.0,ifvg,0.001,-0.1813606689774636
2025-11,layers_2_widen_2x,339,2184157,2184157,1,90132.3,90133.3,0.1,1.0,tp,0.0,-0.0891323,0.0901323,5.0,ifvg,0.001,-0.1792646
2025-11,layers_2_widen_2x,340,2184155,2184268,-1,90137.1,90189.5,283.49999999998545,3401.9999999998254,inv,113.0,-0.1425370999999942,0.09013710000000001,5.0,ifvg_clean,0.001,-0.23267419999999422
2025-11,layers_2_widen_2x,341,2190353,2190359,1,89468.5,89478.41631799164,0.9916317991631798,9.916317991631798,tp,6.0,-0.07955218200836413,0.0894685,5.0,fvg,0.001,-0.16902068200836412
2025-11,layers_2_widen_2x,342,2192586,2192586,-1,89685.8,89686.75652173914,0.9565217391304348,9.565217391304348,sl,0.0,-0.09064232173913549,0.0896858,5.0,fvg,0.001,-0.18032812173913548
2025-11,layers_2_widen_2x,343,2192865,2192865,-1,89707.8,89706.8,0.1,1.0,tp,0.0,-0.0887078,0.0897078,5.0,fvg,0.001,-0.1784156
2025-11,layers_2_widen_2x,344,2192867,2192869,-1,89716.3,89717.28050682262,0.980506822612087,9.80506822612087,sl,2.0,-0.09069680682261239,0.08971630000000001,5.0,fvg,0.001,-0.1804131068226124
2025-11,layers_2_widen_2x,345,2192956,2192956,-1,89766.6,89765.6,0.1,1.0,tp,0.0,-0.08876660000000001,0.08976660000000002,5.0,fvg,0.001,-0.17853320000000003
2025-11,layers_2_widen_2x,346,2203470,2203470,-1,90461.1,90462.0645390071,0.9645390070921949,9.645390070921948,inv,0.0,-0.09142563900709458,0.0904611,5.0,ifvg,0.001,-0.18188673900709457
2025-11,layers_2_widen_2x,347,2203558,2203558,-1,90488.3,90488.40000000001,0.1,1.0,inv,0.0,-0.09058830000000583,0.09048830000000001,5.0,ifvg,0.001,-0.18107660000000583
2025-11,layers_2_widen_2x,348,2203470,2204313,1,90479.8,90343.80000000002,135.99999999998545,1631.9999999998254,sl,848.0,-0.22647979999998546,0.09047980000000001,5.0,ifvg_clean,0.001,-0.31695959999998546
2025-11,layers_2_widen_2x,349,1754272,2211030,1,83343.6,91143.6,650.0,7800.0,tp,465179.0,7.7166564,0.08334360000000002,5.0,ifvg_clean,0.001,7.6333128
2025-11,layers_2_widen_2x,350,2266119,2266119,-1,91476.8,91477.77762863535,0.9776286353467546,9.776286353467546,inv,0.0,-0.09245442863534445,0.09147680000000001,5.0,ifvg,0.001,-0.18393122863534445
2025-11,layers_2_widen_2x,351,2266121,2266121,-1,91520.5,91520.6,0.1,1.0,inv,0.0,-0.09162050000000582,0.0915205,5.0,ifvg,0.001,-0.18314100000000583
2025-11,layers_2_widen_2x,352,2266119,2266308,1,91519.9,91301.40000000001,218.49999999998545,2621.9999999998254,sl,190.0,-0.31001989999998547,0.0915199,5.0,ifvg_clean,0.001,-0.40153979999998546
2025-11,layers_2_widen_2x,353,2284355,2284355,-1,91192.7,91193.65884773662,0.9588477366255194,9.588477366255194,sl,0.0,-0.09215154773661964,0.0911927,5.0,ifvg,0.001,-0.18334424773661964
2025-11,layers_2_widen_2x,354,2284355,2284393,1,91214.6,91192.2,116.50000000001455,1398.0000000001746,inv,42.0,-0.11361460000000874,0.0912146,5.0,ifvg_clean,0.001,-0.20482920000000876
2025-11,layers_2_widen_2x,355,2284454,2284454,-1,91216.0,91216.1,0.1,1.0,sl,0.0,-0.09131600000000582,0.091216,5.0,ifvg,0.001,-0.18253200000000583
2025-11,layers_2_widen_2x,356,2317897,2317897,1,91089.9,91088.91522070015,0.9847792998477923,9.847792998477923,sl,0.0,-0.09207467929984801,0.0910899,5.0,fvg,0.001,-0.18316457929984803
2025-11,layers_2_widen_2x,357,2338312,2338312,1,92755.1,92754.10640204867,0.9935979513444306,9.935979513444305,sl,0.0,-0.09374869795133935,0.09275510000000002,5.0,fvg,0.001,-0.18650379795133937
2025-11,layers_2_widen_2x,358,2338315,2338315,1,92599.9,92600.9,0.1,1.0,tp,0.0,-0.0915999,0.0925999,5.0,fvg,0.001,-0.1841998
2025-11,layers_2_widen_2x,359,2343843,2343843,1,92114.8,92113.83225806452,0.967741935483871,9.67741935483871,inv,0.0,-0.09308254193548482,0.09211480000000001,5.0,ifvg,0.001,-0.18519734193548482
2025-11,layers_2_widen_2x,360,2344027,2344027,1,92084.8,92084.7,0.1,1.0,inv,0.0,-0.09218480000000583,0.09208480000000001,5.0,ifvg,0.001,-0.18426960000000583
2025-11,layers_2_widen_2x,361,2344047,2344047,1,92077.4,92076.41712328767,0.9828767123287654,9.828767123287655,inv,0.0,-0.09306027671232538,0.0920774,5.0,ifvg,0.001,-0.1851376767123254
2025-11,layers_2_widen_2x,362,2344051,2344051,1,92020.0,92019.9,0.1,1.0,inv,0.0,-0.09212000000000582,0.09202,5.0,ifvg,0.001,-0.18414000000000583
2025-11,layers_2_widen_2x,363,2345687,2345687,1,91292.2,91291.22016129032,0.9798387096774158,9.798387096774158,inv,0.0,-0.09227203870968163,0.09129219999999999,5.0,ifvg,0.001,-0.18356423870968164
2025-11,layers_2_widen_2x,364,2345688,2345688,1,91243.6,91243.5,0.1,1.0,inv,0.0,-0.09134360000000583,0.09124360000000001,5.0,ifvg,0.001,-0.18258720000000583
2025-11,layers_2_widen_2x,365,2345687,2346367,-1,91248.2,91491.19999999995,242.99999999995634,2915.999999999476,sl,680.0,-0.33424819999995636,0.0912482,5.0,ifvg_clean,0.001,-0.42549639999995637
2025-11,layers_2_widen_2x,366,2346508,2346508,1,91419.1,91418.11308900524,0.9869109947643995,9.869109947643995,sl,0.0,-0.0924060109947613,0.09141910000000002,5.0,fvg,0.001,-0.18382511099476131
2025-11,layers_2_widen_2x,367,2346710,2346710,1,91343.7,91344.7,0.1,1.0,tp,0.0,-0.0903437,0.0913437,5.0,fvg,0.001,-0.1816874
2025-11,layers_2_widen_2x,368,2343843,2349286,-1,92091.0,90291.0,150.0,1800.0,tp,5443.0,1.7079090000000001,0.092091,5.0,ifvg_clean,0.001,1.6158180000000002
2025-11,layers_2_widen_2x,369,2350146,2350146,1,90458.8,90457.81949317739,0.980506822612087,9.80506822612087,inv,0.0,-0.09143930682261238,0.0904588,5.0,ifvg,0.001,-0.18189810682261237
2025-11,layers_2_widen_2x,370,2350146,2350500,-1,90431.8,90683.30000000002,251.50000000001455,3018.0000000001746,sl,354.0,-0.34193180000001455,0.0904318,5.0,ifvg_clean,0.001,-0.43236360000001456
2025-11,layers_2_widen_2x,371,2351230,2351230,1,90408.5,90408.4,0.1,1.0,inv,0.0,-0.09050850000000582,0.0904085,5.0,ifvg,0.001,-0.18091700000000582
2025-11,layers_2_widen_2x,372,2525469,2525469,1,90913.2,90912.23649635036,0.9635036496350288,9.635036496350288,inv,0.0,-0.09187670364963291,0.0909132,5.0,ifvg,0.001,-0.1827899036496329
2025-11,layers_2_widen_2x,373,2525524,2525524,1,90886.8,90887.8,0.1,1.0,tp,0.0,-0.0898868,0.0908868,5.0,ifvg,0.001,-0.1807736
2025-11,layers_2_widen_2x,374,2344047,2528361,-1,92028.2,90320.6,286.9999999999709,3443.9999999996508,eod,201253.0,1.6155717999999912,0.0920282,5.0,ifvg_clean,0.001,1.5235435999999911
2025-11,layers_2_widen_2x,375,2525469,2528361,-1,90891.5,90320.6,131.9999999999709,1583.9999999996508,eod,2915.0,0.4800084999999942,0.09089150000000001,5.0,ifvg_clean,0.001,0.38911699999999416
