file,combo,mode,scenario,trade_idx,entry_bar,exit_bar,direction,entry_price,exit_price,stop_usd,target_usd,exit_reason,hold_secs,pnl_usd,fee_usd,taker_bps_charged,entry_triggered_by,qty_btc,net_pnl_usd
2025-04,B_n_5x60,combined,combined_vs_pure_sniper_top3_sltp,0,685131,685215,-1,74785.0,75060.0,275.0,3300.0,sl,84.0,-0.349785,0.074785,5.0,ifvg_clean,0.001,-0.42457
2025-04,B_n_5x60,combined,combined_vs_pure_sniper_top3_sltp,1,722476,723640,-1,76115.3,76473.79999999999,358.49999999998545,4301.999999999825,sl,1164.0,-0.43461529999998544,0.07611530000000001,5.0,ifvg_clean,0.001,-0.5107305999999855
2025-04,B_n_5x60,combined,combined_vs_pure_sniper_top3_sltp,2,726477,726477,-1,76876.0,76889.7,188.49999999998545,2261.9999999998254,inv,0.0,-0.09057599999999709,0.076876,5.0,ifvg_clean,0.001,-0.1674519999999971
2025-04,B_n_5x60,combined,combined_vs_pure_sniper_top3_sltp,3,733840,733870,-1,76946.1,77102.60000000002,156.50000000001455,1878.0000000001746,sl,30.0,-0.23344610000001453,0.0769461,5.0,ifvg_clean,0.001,-0.31039220000001455
2025-04,B_n_5x60,combined,combined_vs_pure_sniper_top3_sltp,4,735506,735542,1,77517.3,77425.5,470.0,5640.0,inv,36.0,-0.16931730000000292,0.07751730000000001,5.0,ifvg_clean,0.001,-0.24683460000000293
2025-04,B_n_5x60,combined,combined_vs_pure_sniper_top3_sltp,5,737180,737306,1,77168.0,77129.9,228.0000000000291,2736.0000000003492,inv,129.0,-0.11526800000000584,0.07716800000000001,5.0,ifvg_clean,0.001,-0.19243600000000585
2025-04,B_n_5x60,combined,combined_vs_pure_sniper_top3_sltp,6,732178,739636,-1,77844.1,77874.5,125.99999999998545,1511.9999999998254,inv,7462.0,-0.1082440999999942,0.07784410000000001,5.0,ifvg_clean,0.001,-0.1860881999999942
2025-04,B_n_5x60,combined,combined_vs_pure_sniper_top3_sltp,7,741966,741994,-1,77883.3,78003.7,215.99999999998545,2591.9999999998254,inv,28.0,-0.19828329999999417,0.0778833,5.0,ifvg_clean,0.001,-0.27616659999999416
2025-04,B_n_5x60,combined,combined_vs_pure_sniper_top3_sltp,8,742005,742011,-1,78526.7,78573.9,260.0,3120.0,inv,6.0,-0.12572669999999708,0.0785267,5.0,ifvg_clean,0.001,-0.2042533999999971
2025-04,B_n_5x60,combined,combined_vs_pure_sniper_top3_sltp,9,725360,742100,1,76392.0,79205.99999999965,234.4999999999709,2813.9999999996508,tp,16745.0,2.737607999999651,0.076392,5.0,ifvg_clean,0.001,2.6612159999996514
2025-04,B_n_5x60,combined,combined_vs_pure_sniper_top3_sltp,10,742004,742362,1,78295.3,80977.3000000007,223.5000000000582,2682.0000000006985,tp,358.0,2.6037047000006983,0.0782953,5.0,ifvg_clean,0.001,2.525409400000698
2025-04,B_n_5x60,combined,combined_vs_pure_sniper_top3_sltp,11,757425,757451,1,82957.3,82929.0,142.5,1710.0,inv,26.0,-0.11125730000000292,0.08295730000000001,5.0,ifvg_clean,0.001,-0.19421460000000293
2025-04,B_n_5x60,combined,combined_vs_pure_sniper_top3_sltp,12,814568,814733,-1,81509.2,81653.69999999997,144.4999999999709,1733.9999999996508,sl,165.0,-0.22600919999997088,0.08150919999999999,5.0,ifvg_clean,0.001,-0.3075183999999709
2025-04,B_n_5x60,combined,combined_vs_pure_sniper_top3_sltp,13,827743,827991,1,78751.0,78633.4,597.0000000000437,7164.000000000524,inv,248.0,-0.19635100000000583,0.078751,5.0,ifvg_clean,0.001,-0.27510200000000584
2025-04,B_n_5x60,combined,combined_vs_pure_sniper_top3_sltp,14,829552,829576,1,79173.2,79139.4,100.5000000000291,1206.0000000003492,inv,24.0,-0.11297320000000291,0.0791732,5.0,ifvg_clean,0.001,-0.1921464000000029
2025-04,B_n_5x60,combined,combined_vs_pure_sniper_top3_sltp,15,831687,831693,-1,79266.6,79300.5,200.0,2400.0,inv,6.0,-0.11316659999999418,0.0792666,5.0,ifvg_clean,0.001,-0.1924331999999942
2025-04,B_n_5x60,combined,combined_vs_pure_sniper_top3_sltp,16,854638,854645,1,79415.7,79405.5,105.5000000000291,1266.0000000003492,inv,7.0,-0.08961569999999709,0.0794157,5.0,ifvg_clean,0.001,-0.1690313999999971
2025-04,B_n_5x60,combined,combined_vs_pure_sniper_top3_sltp,17,831600,855415,1,79236.5,78973.00000000001,263.49999999998545,3161.9999999998254,sl,24228.0,-0.34273649999998546,0.0792365,5.0,ifvg_clean,0.001,-0.42197299999998544
2025-04,B_n_5x60,combined,combined_vs_pure_sniper_top3_sltp,18,880686,880687,-1,80779.6,80808.3,189.00000000001455,2268.0000000001746,inv,1.0,-0.1094795999999971,0.08077960000000001,5.0,ifvg_clean,0.001,-0.1902591999999971
2025-04,B_n_5x60,combined,combined_vs_pure_sniper_top3_sltp,19,870988,885833,1,80543.8,82115.8000000007,131.0000000000582,1572.0000000006985,tp,14892.0,1.4914562000006986,0.08054380000000001,5.0,ifvg_clean,0.001,1.4109124000006985
2025-04,B_n_5x60,combined,combined_vs_pure_sniper_top3_sltp,20,889177,890376,1,82690.8,82585.8,105.0,1260.0,sl,1199.0,-0.1876908,0.08269080000000001,5.0,ifvg_clean,0.001,-0.2703816
2025-04,B_n_5x60,combined,combined_vs_pure_sniper_top3_sltp,21,896810,896850,-1,82286.5,82348.1,297.5,3570.0,inv,40.0,-0.14388650000000583,0.0822865,5.0,ifvg_clean,0.001,-0.22617300000000584
2025-04,B_n_5x60,combined,combined_vs_pure_sniper_top3_sltp,22,863815,900954,1,80627.9,83243.90000000034,218.0000000000291,2616.0000000003492,tp,37206.0,2.535372100000349,0.0806279,5.0,ifvg_clean,0.001,2.454744200000349
2025-04,B_n_5x60,combined,combined_vs_pure_sniper_top3_sltp,23,905779,905827,1,82123.8,81985.5,736.9999999999709,8843.99999999965,inv,48.0,-0.22042380000000295,0.08212380000000001,5.0,ifvg_clean,0.001,-0.30254760000000297
2025-04,B_n_5x60,combined,combined_vs_pure_sniper_top3_sltp,24,909245,909423,-1,82462.4,82515.0,281.50000000001455,3378.0000000001746,inv,181.0,-0.13506240000000583,0.0824624,5.0,ifvg_clean,0.001,-0.21752480000000585
2025-04,B_n_5x60,combined,combined_vs_pure_sniper_top3_sltp,25,880711,915647,1,80874.3,83970.30000000035,258.0000000000291,3096.0000000003492,tp,34951.0,3.015125700000349,0.08087430000000001,5.0,ifvg_clean,0.001,2.934251400000349
2025-04,B_n_5x60,combined,combined_vs_pure_sniper_top3_sltp,26,1245361,1245363,1,85652.4,85619.5,225.5000000000291,2706.0000000003492,inv,2.0,-0.11855239999999417,0.0856524,5.0,ifvg_clean,0.001,-0.2042047999999942
2025-04,B_n_5x60,combined,combined_vs_pure_sniper_top3_sltp,27,1342528,1342528,-1,85329.7,85354.9,387.99999999995634,4655.999999999476,inv,0.0,-0.1105296999999971,0.08532970000000001,5.0,ifvg_clean,0.001,-0.1958593999999971
2025-04,B_n_5x60,combined,combined_vs_pure_sniper_top3_sltp,28,1344882,1344918,-1,83657.4,83889.9,232.5,2790.0,sl,36.0,-0.31615740000000003,0.08365739999999999,5.0,ifvg_clean,0.001,-0.3998148
2025-04,B_n_5x60,combined,combined_vs_pure_sniper_top3_sltp,29,1344808,1344921,-1,83748.0,83923.50000000003,175.5000000000291,2106.0000000003492,sl,113.0,-0.2592480000000291,0.083748,5.0,ifvg_clean,0.001,-0.3429960000000291
2025-04,B_n_5x60,combined,combined_vs_pure_sniper_top3_sltp,30,1420429,1505007,1,84531.9,84289.90000000002,241.9999999999709,2903.9999999996508,sl,88158.0,-0.3265318999999709,0.0845319,5.0,ifvg_clean,0.001,-0.4110637999999709
2025-04,B_n_5x60,combined,combined_vs_pure_sniper_top3_sltp,31,1541534,1541577,-1,84824.9,84870.1,235.0,2820.0,inv,43.0,-0.13002490000001163,0.0848249,5.0,ifvg_clean,0.001,-0.21484980000001164
2025-04,B_n_5x60,combined,combined_vs_pure_sniper_top3_sltp,32,1701779,1702010,1,87439.7,87317.70000000003,121.9999999999709,1463.9999999996508,sl,231.0,-0.20943969999997092,0.08743970000000001,5.0,ifvg_clean,0.001,-0.2968793999999709
2025-04,B_n_5x60,combined,combined_vs_pure_sniper_top3_sltp,33,1747797,1747813,-1,87927.6,87946.1,129.50000000004366,1554.0000000005239,inv,16.0,-0.10642760000000001,0.08792760000000001,5.0,ifvg_clean,0.001,-0.1943552
2025-04,B_n_5x60,combined,combined_vs_pure_sniper_top3_sltp,34,1748294,1749627,1,88066.7,87900.70000000001,165.99999999998545,1991.9999999998254,sl,1333.0,-0.25406669999998543,0.0880667,5.0,ifvg_clean,0.001,-0.34213339999998543
2025-04,B_n_5x60,combined,combined_vs_pure_sniper_top3_sltp,35,1743871,1754330,1,87390.6,86495.6,895.0,10740.0,sl,10464.0,-0.9823906,0.08739060000000001,5.0,ifvg_clean,0.001,-1.0697812
2025-04,B_n_5x60,combined,combined_vs_pure_sniper_top3_sltp,36,1755274,1763354,-1,86899.9,87379.40000000004,479.50000000004366,5754.000000000524,sl,8109.0,-0.5663999000000437,0.0868999,5.0,ifvg_clean,0.001,-0.6532998000000437
2025-04,B_n_5x60,combined,combined_vs_pure_sniper_top3_sltp,37,1828160,1828584,1,90174.0,89944.50000000003,229.4999999999709,2753.9999999996508,sl,424.0,-0.3196739999999709,0.090174,5.0,ifvg_clean,0.001,-0.4098479999999709
2025-04,B_n_5x60,combined,combined_vs_pure_sniper_top3_sltp,38,1830144,1830152,-1,90318.3,90337.7,151.50000000001455,1818.0000000001746,inv,8.0,-0.10971829999999419,0.0903183,5.0,ifvg_clean,0.001,-0.20003659999999418
2025-04,B_n_5x60,combined,combined_vs_pure_sniper_top3_sltp,39,1782623,1832666,1,87553.5,91081.4999999993,293.9999999999418,3527.9999999993015,tp,50357.0,3.4404464999993016,0.0875535,5.0,ifvg_clean,0.001,3.352892999999302
2025-04,B_n_5x60,combined,combined_vs_pure_sniper_top3_sltp,40,1832158,1834903,1,90633.2,90511.20000000003,121.9999999999709,1463.9999999996508,sl,2745.0,-0.2126331999999709,0.09063320000000001,5.0,ifvg_clean,0.001,-0.3032663999999709
2025-04,B_n_5x60,combined,combined_vs_pure_sniper_top3_sltp,41,1827401,1843295,1,89684.3,91532.30000000018,154.00000000001455,1848.0000000001746,tp,15901.0,1.7583157000001746,0.08968430000000001,5.0,ifvg_clean,0.001,1.6686314000001745
2025-04,B_n_5x60,combined,combined_vs_pure_sniper_top3_sltp,42,1851442,1855028,-1,91268.0,91378.0,110.0,1320.0,sl,3689.0,-0.201268,0.091268,5.0,ifvg_clean,0.001,-0.292536
2025-04,B_n_5x60,combined,combined_vs_pure_sniper_top3_sltp,43,1855437,1855728,-1,91503.0,91566.9,220.99999999998545,2651.9999999998254,inv,291.0,-0.15540299999999418,0.091503,5.0,ifvg_clean,0.001,-0.24690599999999419
2025-04,B_n_5x60,combined,combined_vs_pure_sniper_top3_sltp,44,1828707,1893315,1,89975.4,94241.40000000034,355.5000000000291,4266.000000000349,tp,64815.0,4.176024600000349,0.0899754,5.0,ifvg_clean,0.001,4.086049200000349
2025-04,B_n_5x60,combined,combined_vs_pure_sniper_top3_sltp,45,1829202,1894262,1,90108.7,94308.7,350.0,4200.0,tp,65270.0,4.1098913,0.0901087,5.0,ifvg_clean,0.001,4.0197826
2025-04,B_n_5x60,combined,combined_vs_pure_sniper_top3_sltp,46,2014022,2014068,1,92736.1,92707.3,169.00000000001455,2028.0000000001746,inv,46.0,-0.12153610000000292,0.09273610000000002,5.0,ifvg_clean,0.001,-0.21427220000000294
2025-04,B_n_5x60,combined,combined_vs_pure_sniper_top3_sltp,47,2036533,2043567,1,93499.9,93477.2,110.99999999998545,1331.9999999998254,inv,7093.0,-0.11619989999999708,0.0934999,5.0,ifvg_clean,0.001,-0.20969979999999708
2025-04,B_n_5x60,combined,combined_vs_pure_sniper_top3_sltp,48,2053144,2058589,-1,92988.2,93396.69999999998,408.49999999998545,4901.999999999825,sl,5578.0,-0.5014881999999854,0.0929882,5.0,ifvg_clean,0.001,-0.5944763999999854
2025-04,B_n_5x60,combined,combined_vs_pure_sniper_top3_sltp,49,2289560,2294059,-1,93260.5,93381.49999999999,120.99999999998545,1451.9999999998254,sl,4503.0,-0.21426049999998548,0.09326050000000001,5.0,ifvg_clean,0.001,-0.3075209999999855
2025-04,B_n_5x60,combined,combined_vs_pure_sniper_top3_sltp,50,2429707,2429868,-1,95218.8,95276.0,307.5,3690.0,inv,161.0,-0.1524187999999971,0.0952188,5.0,ifvg_clean,0.001,-0.24763759999999713
2025-04,B_n_5x60,combined,combined_vs_pure_sniper_top3_sltp,51,2432775,2434092,-1,95111.5,95389.50000000003,278.0000000000291,3336.0000000003492,sl,1342.0,-0.37311150000002913,0.09511150000000002,5.0,ifvg_clean,0.001,-0.46822300000002914
2025-04,B_n_5x60,combined,combined_vs_pure_sniper_top3_sltp,52,2469316,2472650,-1,94982.4,95036.2,247.99999999995634,2975.999999999476,inv,3447.0,-0.14878240000000292,0.0949824,5.0,ifvg_clean,0.001,-0.24376480000000292
2025-04,B_n_5x60,combined,combined_vs_pure_sniper_top3_sltp,53,2508922,2509685,-1,93870.5,93900.5,200.0,2400.0,inv,767.0,-0.12387050000000001,0.09387050000000001,5.0,ifvg_clean,0.001,-0.21774100000000002
2025-04,B_n_5x60,all_clean,combined_vs_pure_sniper_top3_sltp,0,685131,685215,-1,74785.0,75060.0,275.0,3300.0,sl,84.0,-0.349785,0.074785,5.0,ifvg_clean,0.001,-0.42457
2025-04,B_n_5x60,all_clean,combined_vs_pure_sniper_top3_sltp,1,722476,723640,-1,76115.3,76473.79999999999,358.49999999998545,4301.999999999825,sl,1164.0,-0.43461529999998544,0.07611530000000001,5.0,ifvg_clean,0.001,-0.5107305999999855
2025-04,B_n_5x60,all_clean,combined_vs_pure_sniper_top3_sltp,2,726477,726477,-1,76876.0,76889.7,188.49999999998545,2261.9999999998254,inv,0.0,-0.09057599999999709,0.076876,5.0,ifvg_clean,0.001,-0.1674519999999971
2025-04,B_n_5x60,all_clean,combined_vs_pure_sniper_top3_sltp,3,733840,733870,-1,76946.1,77102.60000000002,156.50000000001455,1878.0000000001746,sl,30.0,-0.23344610000001453,0.0769461,5.0,ifvg_clean,0.001,-0.31039220000001455
2025-04,B_n_5x60,all_clean,combined_vs_pure_sniper_top3_sltp,4,735506,735542,1,77517.3,77425.5,470.0,5640.0,inv,36.0,-0.16931730000000292,0.07751730000000001,5.0,ifvg_clean,0.001,-0.24683460000000293
2025-04,B_n_5x60,all_clean,combined_vs_pure_sniper_top3_sltp,5,737180,737306,1,77168.0,77129.9,228.0000000000291,2736.0000000003492,inv,129.0,-0.11526800000000584,0.07716800000000001,5.0,ifvg_clean,0.001,-0.19243600000000585
2025-04,B_n_5x60,all_clean,combined_vs_pure_sniper_top3_sltp,6,732178,739636,-1,77844.1,77874.5,125.99999999998545,1511.9999999998254,inv,7462.0,-0.1082440999999942,0.07784410000000001,5.0,ifvg_clean,0.001,-0.1860881999999942
2025-04,B_n_5x60,all_clean,combined_vs_pure_sniper_top3_sltp,7,741966,741994,-1,77883.3,78003.7,215.99999999998545,2591.9999999998254,inv,28.0,-0.19828329999999417,0.0778833,5.0,ifvg_clean,0.001,-0.27616659999999416
2025-04,B_n_5x60,all_clean,combined_vs_pure_sniper_top3_sltp,8,742005,742011,-1,78526.7,78573.9,260.0,3120.0,inv,6.0,-0.12572669999999708,0.0785267,5.0,ifvg_clean,0.001,-0.2042533999999971
2025-04,B_n_5x60,all_clean,combined_vs_pure_sniper_top3_sltp,9,725360,742100,1,76392.0,79205.99999999965,234.4999999999709,2813.9999999996508,tp,16745.0,2.737607999999651,0.076392,5.0,ifvg_clean,0.001,2.6612159999996514
2025-04,B_n_5x60,all_clean,combined_vs_pure_sniper_top3_sltp,10,742004,742362,1,78295.3,80977.3000000007,223.5000000000582,2682.0000000006985,tp,358.0,2.6037047000006983,0.0782953,5.0,ifvg_clean,0.001,2.525409400000698
2025-04,B_n_5x60,all_clean,combined_vs_pure_sniper_top3_sltp,11,757425,757451,1,82957.3,82929.0,142.5,1710.0,inv,26.0,-0.11125730000000292,0.08295730000000001,5.0,ifvg_clean,0.001,-0.19421460000000293
2025-04,B_n_5x60,all_clean,combined_vs_pure_sniper_top3_sltp,12,814568,814733,-1,81509.2,81653.69999999997,144.4999999999709,1733.9999999996508,sl,165.0,-0.22600919999997088,0.08150919999999999,5.0,ifvg_clean,0.001,-0.3075183999999709
2025-04,B_n_5x60,all_clean,combined_vs_pure_sniper_top3_sltp,13,827743,827991,1,78751.0,78633.4,597.0000000000437,7164.000000000524,inv,248.0,-0.19635100000000583,0.078751,5.0,ifvg_clean,0.001,-0.27510200000000584
2025-04,B_n_5x60,all_clean,combined_vs_pure_sniper_top3_sltp,14,829552,829576,1,79173.2,79139.4,100.5000000000291,1206.0000000003492,inv,24.0,-0.11297320000000291,0.0791732,5.0,ifvg_clean,0.001,-0.1921464000000029
2025-04,B_n_5x60,all_clean,combined_vs_pure_sniper_top3_sltp,15,831687,831693,-1,79266.6,79300.5,200.0,2400.0,inv,6.0,-0.11316659999999418,0.0792666,5.0,ifvg_clean,0.001,-0.1924331999999942
2025-04,B_n_5x60,all_clean,combined_vs_pure_sniper_top3_sltp,16,854638,854645,1,79415.7,79405.5,105.5000000000291,1266.0000000003492,inv,7.0,-0.08961569999999709,0.0794157,5.0,ifvg_clean,0.001,-0.1690313999999971
2025-04,B_n_5x60,all_clean,combined_vs_pure_sniper_top3_sltp,17,831600,855415,1,79236.5,78973.00000000001,263.49999999998545,3161.9999999998254,sl,24228.0,-0.34273649999998546,0.0792365,5.0,ifvg_clean,0.001,-0.42197299999998544
2025-04,B_n_5x60,all_clean,combined_vs_pure_sniper_top3_sltp,18,880686,880687,-1,80779.6,80808.3,189.00000000001455,2268.0000000001746,inv,1.0,-0.1094795999999971,0.08077960000000001,5.0,ifvg_clean,0.001,-0.1902591999999971
2025-04,B_n_5x60,all_clean,combined_vs_pure_sniper_top3_sltp,19,870988,885833,1,80543.8,82115.8000000007,131.0000000000582,1572.0000000006985,tp,14892.0,1.4914562000006986,0.08054380000000001,5.0,ifvg_clean,0.001,1.4109124000006985
2025-04,B_n_5x60,all_clean,combined_vs_pure_sniper_top3_sltp,20,889177,890376,1,82690.8,82585.8,105.0,1260.0,sl,1199.0,-0.1876908,0.08269080000000001,5.0,ifvg_clean,0.001,-0.2703816
2025-04,B_n_5x60,all_clean,combined_vs_pure_sniper_top3_sltp,21,896810,896850,-1,82286.5,82348.1,297.5,3570.0,inv,40.0,-0.14388650000000583,0.0822865,5.0,ifvg_clean,0.001,-0.22617300000000584
2025-04,B_n_5x60,all_clean,combined_vs_pure_sniper_top3_sltp,22,863815,900954,1,80627.9,83243.90000000034,218.0000000000291,2616.0000000003492,tp,37206.0,2.535372100000349,0.0806279,5.0,ifvg_clean,0.001,2.454744200000349
2025-04,B_n_5x60,all_clean,combined_vs_pure_sniper_top3_sltp,23,905779,905827,1,82123.8,81985.5,736.9999999999709,8843.99999999965,inv,48.0,-0.22042380000000295,0.08212380000000001,5.0,ifvg_clean,0.001,-0.30254760000000297
2025-04,B_n_5x60,all_clean,combined_vs_pure_sniper_top3_sltp,24,909245,909423,-1,82462.4,82515.0,281.50000000001455,3378.0000000001746,inv,181.0,-0.13506240000000583,0.0824624,5.0,ifvg_clean,0.001,-0.21752480000000585
2025-04,B_n_5x60,all_clean,combined_vs_pure_sniper_top3_sltp,25,880711,915647,1,80874.3,83970.30000000035,258.0000000000291,3096.0000000003492,tp,34951.0,3.015125700000349,0.08087430000000001,5.0,ifvg_clean,0.001,2.934251400000349
2025-04,B_n_5x60,all_clean,combined_vs_pure_sniper_top3_sltp,26,1245361,1245363,1,85652.4,85619.5,225.5000000000291,2706.0000000003492,inv,2.0,-0.11855239999999417,0.0856524,5.0,ifvg_clean,0.001,-0.2042047999999942
2025-04,B_n_5x60,all_clean,combined_vs_pure_sniper_top3_sltp,27,1342528,1342528,-1,85329.7,85354.9,387.99999999995634,4655.999999999476,inv,0.0,-0.1105296999999971,0.08532970000000001,5.0,ifvg_clean,0.001,-0.1958593999999971
2025-04,B_n_5x60,all_clean,combined_vs_pure_sniper_top3_sltp,28,1344882,1344918,-1,83657.4,83889.9,232.5,2790.0,sl,36.0,-0.31615740000000003,0.08365739999999999,5.0,ifvg_clean,0.001,-0.3998148
2025-04,B_n_5x60,all_clean,combined_vs_pure_sniper_top3_sltp,29,1344808,1344921,-1,83748.0,83923.50000000003,175.5000000000291,2106.0000000003492,sl,113.0,-0.2592480000000291,0.083748,5.0,ifvg_clean,0.001,-0.3429960000000291
2025-04,B_n_5x60,all_clean,combined_vs_pure_sniper_top3_sltp,30,1420429,1505007,1,84531.9,84289.90000000002,241.9999999999709,2903.9999999996508,sl,88158.0,-0.3265318999999709,0.0845319,5.0,ifvg_clean,0.001,-0.4110637999999709
2025-04,B_n_5x60,all_clean,combined_vs_pure_sniper_top3_sltp,31,1541534,1541577,-1,84824.9,84870.1,235.0,2820.0,inv,43.0,-0.13002490000001163,0.0848249,5.0,ifvg_clean,0.001,-0.21484980000001164
2025-04,B_n_5x60,all_clean,combined_vs_pure_sniper_top3_sltp,32,1701779,1702010,1,87439.7,87317.70000000003,121.9999999999709,1463.9999999996508,sl,231.0,-0.20943969999997092,0.08743970000000001,5.0,ifvg_clean,0.001,-0.2968793999999709
2025-04,B_n_5x60,all_clean,combined_vs_pure_sniper_top3_sltp,33,1747797,1747813,-1,87927.6,87946.1,129.50000000004366,1554.0000000005239,inv,16.0,-0.10642760000000001,0.08792760000000001,5.0,ifvg_clean,0.001,-0.1943552
2025-04,B_n_5x60,all_clean,combined_vs_pure_sniper_top3_sltp,34,1748294,1749627,1,88066.7,87900.70000000001,165.99999999998545,1991.9999999998254,sl,1333.0,-0.25406669999998543,0.0880667,5.0,ifvg_clean,0.001,-0.34213339999998543
2025-04,B_n_5x60,all_clean,combined_vs_pure_sniper_top3_sltp,35,1743871,1754330,1,87390.6,86495.6,895.0,10740.0,sl,10464.0,-0.9823906,0.08739060000000001,5.0,ifvg_clean,0.001,-1.0697812
2025-04,B_n_5x60,all_clean,combined_vs_pure_sniper_top3_sltp,36,1755274,1763354,-1,86899.9,87379.40000000004,479.50000000004366,5754.000000000524,sl,8109.0,-0.5663999000000437,0.0868999,5.0,ifvg_clean,0.001,-0.6532998000000437
2025-04,B_n_5x60,all_clean,combined_vs_pure_sniper_top3_sltp,37,1828160,1828584,1,90174.0,89944.50000000003,229.4999999999709,2753.9999999996508,sl,424.0,-0.3196739999999709,0.090174,5.0,ifvg_clean,0.001,-0.4098479999999709
2025-04,B_n_5x60,all_clean,combined_vs_pure_sniper_top3_sltp,38,1830144,1830152,-1,90318.3,90337.7,151.50000000001455,1818.0000000001746,inv,8.0,-0.10971829999999419,0.0903183,5.0,ifvg_clean,0.001,-0.20003659999999418
2025-04,B_n_5x60,all_clean,combined_vs_pure_sniper_top3_sltp,39,1782623,1832666,1,87553.5,91081.4999999993,293.9999999999418,3527.9999999993015,tp,50357.0,3.4404464999993016,0.0875535,5.0,ifvg_clean,0.001,3.352892999999302
2025-04,B_n_5x60,all_clean,combined_vs_pure_sniper_top3_sltp,40,1832158,1834903,1,90633.2,90511.20000000003,121.9999999999709,1463.9999999996508,sl,2745.0,-0.2126331999999709,0.09063320000000001,5.0,ifvg_clean,0.001,-0.3032663999999709
2025-04,B_n_5x60,all_clean,combined_vs_pure_sniper_top3_sltp,41,1827401,1843295,1,89684.3,91532.30000000018,154.00000000001455,1848.0000000001746,tp,15901.0,1.7583157000001746,0.08968430000000001,5.0,ifvg_clean,0.001,1.6686314000001745
2025-04,B_n_5x60,all_clean,combined_vs_pure_sniper_top3_sltp,42,1851442,1855028,-1,91268.0,91378.0,110.0,1320.0,sl,3689.0,-0.201268,0.091268,5.0,ifvg_clean,0.001,-0.292536
2025-04,B_n_5x60,all_clean,combined_vs_pure_sniper_top3_sltp,43,1855437,1855728,-1,91503.0,91566.9,220.99999999998545,2651.9999999998254,inv,291.0,-0.15540299999999418,0.091503,5.0,ifvg_clean,0.001,-0.24690599999999419
2025-04,B_n_5x60,all_clean,combined_vs_pure_sniper_top3_sltp,44,1828707,1893315,1,89975.4,94241.40000000034,355.5000000000291,4266.000000000349,tp,64815.0,4.176024600000349,0.0899754,5.0,ifvg_clean,0.001,4.086049200000349
2025-04,B_n_5x60,all_clean,combined_vs_pure_sniper_top3_sltp,45,1829202,1894262,1,90108.7,94308.7,350.0,4200.0,tp,65270.0,4.1098913,0.0901087,5.0,ifvg_clean,0.001,4.0197826
2025-04,B_n_5x60,all_clean,combined_vs_pure_sniper_top3_sltp,46,2014022,2014068,1,92736.1,92707.3,169.00000000001455,2028.0000000001746,inv,46.0,-0.12153610000000292,0.09273610000000002,5.0,ifvg_clean,0.001,-0.21427220000000294
2025-04,B_n_5x60,all_clean,combined_vs_pure_sniper_top3_sltp,47,2036533,2043567,1,93499.9,93477.2,110.99999999998545,1331.9999999998254,inv,7093.0,-0.11619989999999708,0.0934999,5.0,ifvg_clean,0.001,-0.20969979999999708
2025-04,B_n_5x60,all_clean,combined_vs_pure_sniper_top3_sltp,48,2053144,2058589,-1,92988.2,93396.69999999998,408.49999999998545,4901.999999999825,sl,5578.0,-0.5014881999999854,0.0929882,5.0,ifvg_clean,0.001,-0.5944763999999854
2025-04,B_n_5x60,all_clean,combined_vs_pure_sniper_top3_sltp,49,2289560,2294059,-1,93260.5,93381.49999999999,120.99999999998545,1451.9999999998254,sl,4503.0,-0.21426049999998548,0.09326050000000001,5.0,ifvg_clean,0.001,-0.3075209999999855
2025-04,B_n_5x60,all_clean,combined_vs_pure_sniper_top3_sltp,50,2429707,2429868,-1,95218.8,95276.0,307.5,3690.0,inv,161.0,-0.1524187999999971,0.0952188,5.0,ifvg_clean,0.001,-0.24763759999999713
2025-04,B_n_5x60,all_clean,combined_vs_pure_sniper_top3_sltp,51,2432775,2434092,-1,95111.5,95389.50000000003,278.0000000000291,3336.0000000003492,sl,1342.0,-0.37311150000002913,0.09511150000000002,5.0,ifvg_clean,0.001,-0.46822300000002914
2025-04,B_n_5x60,all_clean,combined_vs_pure_sniper_top3_sltp,52,2469316,2472650,-1,94982.4,95036.2,247.99999999995634,2975.999999999476,inv,3447.0,-0.14878240000000292,0.0949824,5.0,ifvg_clean,0.001,-0.24376480000000292
2025-04,B_n_5x60,all_clean,combined_vs_pure_sniper_top3_sltp,53,2508922,2509685,-1,93870.5,93900.5,200.0,2400.0,inv,767.0,-0.12387050000000001,0.09387050000000001,5.0,ifvg_clean,0.001,-0.21774100000000002
2025-04,B_n_5x60,all_dirty,combined_vs_pure_sniper_top3_sltp,0,685131,685215,-1,74785.0,75060.0,275.0,3300.0,sl,84.0,-0.349785,0.074785,5.0,sniper_dirty,0.001,-0.42457
2025-04,B_n_5x60,all_dirty,combined_vs_pure_sniper_top3_sltp,1,722476,723640,-1,76115.3,76473.79999999999,358.49999999998545,4301.999999999825,sl,1164.0,-0.43461529999998544,0.07611530000000001,5.0,sniper_dirty,0.001,-0.5107305999999855
2025-04,B_n_5x60,all_dirty,combined_vs_pure_sniper_top3_sltp,2,726477,726477,-1,76876.0,76889.7,188.49999999998545,2261.9999999998254,inv,0.0,-0.09057599999999709,0.076876,5.0,sniper_dirty,0.001,-0.1674519999999971
2025-04,B_n_5x60,all_dirty,combined_vs_pure_sniper_top3_sltp,3,733840,733870,-1,76946.1,77102.60000000002,156.50000000001455,1878.0000000001746,sl,30.0,-0.23344610000001453,0.0769461,5.0,sniper_dirty,0.001,-0.31039220000001455
2025-04,B_n_5x60,all_dirty,combined_vs_pure_sniper_top3_sltp,4,735506,735542,1,77517.3,77425.5,470.0,5640.0,inv,36.0,-0.16931730000000292,0.07751730000000001,5.0,sniper_dirty,0.001,-0.24683460000000293
2025-04,B_n_5x60,all_dirty,combined_vs_pure_sniper_top3_sltp,5,737180,737306,1,77168.0,77129.9,228.0000000000291,2736.0000000003492,inv,129.0,-0.11526800000000584,0.07716800000000001,5.0,sniper_dirty,0.001,-0.19243600000000585
2025-04,B_n_5x60,all_dirty,combined_vs_pure_sniper_top3_sltp,6,732178,739636,-1,77844.1,77874.5,125.99999999998545,1511.9999999998254,inv,7462.0,-0.1082440999999942,0.07784410000000001,5.0,sniper_dirty,0.001,-0.1860881999999942
2025-04,B_n_5x60,all_dirty,combined_vs_pure_sniper_top3_sltp,7,741966,741994,-1,77883.3,78003.7,215.99999999998545,2591.9999999998254,inv,28.0,-0.19828329999999417,0.0778833,5.0,sniper_dirty,0.001,-0.27616659999999416
2025-04,B_n_5x60,all_dirty,combined_vs_pure_sniper_top3_sltp,8,742005,742011,-1,78526.7,78573.9,260.0,3120.0,inv,6.0,-0.12572669999999708,0.0785267,5.0,sniper_dirty,0.001,-0.2042533999999971
2025-04,B_n_5x60,all_dirty,combined_vs_pure_sniper_top3_sltp,9,725360,742100,1,76392.0,79205.99999999965,234.4999999999709,2813.9999999996508,tp,16745.0,2.737607999999651,0.076392,5.0,sniper_dirty,0.001,2.6612159999996514
2025-04,B_n_5x60,all_dirty,combined_vs_pure_sniper_top3_sltp,10,742004,742362,1,78295.3,80977.3000000007,223.5000000000582,2682.0000000006985,tp,358.0,2.6037047000006983,0.0782953,5.0,sniper_dirty,0.001,2.525409400000698
2025-04,B_n_5x60,all_dirty,combined_vs_pure_sniper_top3_sltp,11,757425,757451,1,82957.3,82929.0,142.5,1710.0,inv,26.0,-0.11125730000000292,0.08295730000000001,5.0,sniper_dirty,0.001,-0.19421460000000293
2025-04,B_n_5x60,all_dirty,combined_vs_pure_sniper_top3_sltp,12,814568,814733,-1,81509.2,81653.69999999997,144.4999999999709,1733.9999999996508,sl,165.0,-0.22600919999997088,0.08150919999999999,5.0,sniper_dirty,0.001,-0.3075183999999709
2025-04,B_n_5x60,all_dirty,combined_vs_pure_sniper_top3_sltp,13,827743,827991,1,78751.0,78633.4,597.0000000000437,7164.000000000524,inv,248.0,-0.19635100000000583,0.078751,5.0,sniper_dirty,0.001,-0.27510200000000584
2025-04,B_n_5x60,all_dirty,combined_vs_pure_sniper_top3_sltp,14,829552,829576,1,79173.2,79139.4,100.5000000000291,1206.0000000003492,inv,24.0,-0.11297320000000291,0.0791732,5.0,sniper_dirty,0.001,-0.1921464000000029
2025-04,B_n_5x60,all_dirty,combined_vs_pure_sniper_top3_sltp,15,831687,831693,-1,79266.6,79300.5,200.0,2400.0,inv,6.0,-0.11316659999999418,0.0792666,5.0,sniper_dirty,0.001,-0.1924331999999942
2025-04,B_n_5x60,all_dirty,combined_vs_pure_sniper_top3_sltp,16,854638,854645,1,79415.7,79405.5,105.5000000000291,1266.0000000003492,inv,7.0,-0.08961569999999709,0.0794157,5.0,sniper_dirty,0.001,-0.1690313999999971
2025-04,B_n_5x60,all_dirty,combined_vs_pure_sniper_top3_sltp,17,831600,855415,1,79236.5,78973.00000000001,263.49999999998545,3161.9999999998254,sl,24228.0,-0.34273649999998546,0.0792365,5.0,sniper_dirty,0.001,-0.42197299999998544
2025-04,B_n_5x60,all_dirty,combined_vs_pure_sniper_top3_sltp,18,880686,880687,-1,80779.6,80808.3,189.00000000001455,2268.0000000001746,inv,1.0,-0.1094795999999971,0.08077960000000001,5.0,sniper_dirty,0.001,-0.1902591999999971
2025-04,B_n_5x60,all_dirty,combined_vs_pure_sniper_top3_sltp,19,870988,885833,1,80543.8,82115.8000000007,131.0000000000582,1572.0000000006985,tp,14892.0,1.4914562000006986,0.08054380000000001,5.0,sniper_dirty,0.001,1.4109124000006985
2025-04,B_n_5x60,all_dirty,combined_vs_pure_sniper_top3_sltp,20,889177,890376,1,82690.8,82585.8,105.0,1260.0,sl,1199.0,-0.1876908,0.08269080000000001,5.0,sniper_dirty,0.001,-0.2703816
2025-04,B_n_5x60,all_dirty,combined_vs_pure_sniper_top3_sltp,21,896810,896850,-1,82286.5,82348.1,297.5,3570.0,inv,40.0,-0.14388650000000583,0.0822865,5.0,sniper_dirty,0.001,-0.22617300000000584
2025-04,B_n_5x60,all_dirty,combined_vs_pure_sniper_top3_sltp,22,863815,900954,1,80627.9,83243.90000000034,218.0000000000291,2616.0000000003492,tp,37206.0,2.535372100000349,0.0806279,5.0,sniper_dirty,0.001,2.454744200000349
2025-04,B_n_5x60,all_dirty,combined_vs_pure_sniper_top3_sltp,23,905779,905827,1,82123.8,81985.5,736.9999999999709,8843.99999999965,inv,48.0,-0.22042380000000295,0.08212380000000001,5.0,sniper_dirty,0.001,-0.30254760000000297
2025-04,B_n_5x60,all_dirty,combined_vs_pure_sniper_top3_sltp,24,909245,909423,-1,82462.4,82515.0,281.50000000001455,3378.0000000001746,inv,181.0,-0.13506240000000583,0.0824624,5.0,sniper_dirty,0.001,-0.21752480000000585
2025-04,B_n_5x60,all_dirty,combined_vs_pure_sniper_top3_sltp,25,880711,915647,1,80874.3,83970.30000000035,258.0000000000291,3096.0000000003492,tp,34951.0,3.015125700000349,0.08087430000000001,5.0,sniper_dirty,0.001,2.934251400000349
2025-04,B_n_5x60,all_dirty,combined_vs_pure_sniper_top3_sltp,26,1245361,1245363,1,85652.4,85619.5,225.5000000000291,2706.0000000003492,inv,2.0,-0.11855239999999417,0.0856524,5.0,sniper_dirty,0.001,-0.2042047999999942
2025-04,B_n_5x60,all_dirty,combined_vs_pure_sniper_top3_sltp,27,1342528,1342528,-1,85329.7,85354.9,387.99999999995634,4655.999999999476,inv,0.0,-0.1105296999999971,0.08532970000000001,5.0,sniper_dirty,0.001,-0.1958593999999971
2025-04,B_n_5x60,all_dirty,combined_vs_pure_sniper_top3_sltp,28,1344882,1344918,-1,83657.4,83889.9,232.5,2790.0,sl,36.0,-0.31615740000000003,0.08365739999999999,5.0,sniper_dirty,0.001,-0.3998148
2025-04,B_n_5x60,all_dirty,combined_vs_pure_sniper_top3_sltp,29,1344808,1344921,-1,83748.0,83923.50000000003,175.5000000000291,2106.0000000003492,sl,113.0,-0.2592480000000291,0.083748,5.0,sniper_dirty,0.001,-0.3429960000000291
2025-04,B_n_5x60,all_dirty,combined_vs_pure_sniper_top3_sltp,30,1420429,1505007,1,84531.9,84289.90000000002,241.9999999999709,2903.9999999996508,sl,88158.0,-0.3265318999999709,0.0845319,5.0,sniper_dirty,0.001,-0.4110637999999709
2025-04,B_n_5x60,all_dirty,combined_vs_pure_sniper_top3_sltp,31,1541534,1541577,-1,84824.9,84870.1,235.0,2820.0,inv,43.0,-0.13002490000001163,0.0848249,5.0,sniper_dirty,0.001,-0.21484980000001164
2025-04,B_n_5x60,all_dirty,combined_vs_pure_sniper_top3_sltp,32,1701779,1702010,1,87439.7,87317.70000000003,121.9999999999709,1463.9999999996508,sl,231.0,-0.20943969999997092,0.08743970000000001,5.0,sniper_dirty,0.001,-0.2968793999999709
2025-04,B_n_5x60,all_dirty,combined_vs_pure_sniper_top3_sltp,33,1747797,1747813,-1,87927.6,87946.1,129.50000000004366,1554.0000000005239,inv,16.0,-0.10642760000000001,0.08792760000000001,5.0,sniper_dirty,0.001,-0.1943552
2025-04,B_n_5x60,all_dirty,combined_vs_pure_sniper_top3_sltp,34,1748294,1749627,1,88066.7,87900.70000000001,165.99999999998545,1991.9999999998254,sl,1333.0,-0.25406669999998543,0.0880667,5.0,sniper_dirty,0.001,-0.34213339999998543
2025-04,B_n_5x60,all_dirty,combined_vs_pure_sniper_top3_sltp,35,1743871,1754330,1,87390.6,86495.6,895.0,10740.0,sl,10464.0,-0.9823906,0.08739060000000001,5.0,sniper_dirty,0.001,-1.0697812
2025-04,B_n_5x60,all_dirty,combined_vs_pure_sniper_top3_sltp,36,1755274,1763354,-1,86899.9,87379.40000000004,479.50000000004366,5754.000000000524,sl,8109.0,-0.5663999000000437,0.0868999,5.0,sniper_dirty,0.001,-0.6532998000000437
2025-04,B_n_5x60,all_dirty,combined_vs_pure_sniper_top3_sltp,37,1828160,1828584,1,90174.0,89944.50000000003,229.4999999999709,2753.9999999996508,sl,424.0,-0.3196739999999709,0.090174,5.0,sniper_dirty,0.001,-0.4098479999999709
2025-04,B_n_5x60,all_dirty,combined_vs_pure_sniper_top3_sltp,38,1830144,1830152,-1,90318.3,90337.7,151.50000000001455,1818.0000000001746,inv,8.0,-0.10971829999999419,0.0903183,5.0,sniper_dirty,0.001,-0.20003659999999418
2025-04,B_n_5x60,all_dirty,combined_vs_pure_sniper_top3_sltp,39,1782623,1832666,1,87553.5,91081.4999999993,293.9999999999418,3527.9999999993015,tp,50357.0,3.4404464999993016,0.0875535,5.0,sniper_dirty,0.001,3.352892999999302
2025-04,B_n_5x60,all_dirty,combined_vs_pure_sniper_top3_sltp,40,1832158,1834903,1,90633.2,90511.20000000003,121.9999999999709,1463.9999999996508,sl,2745.0,-0.2126331999999709,0.09063320000000001,5.0,sniper_dirty,0.001,-0.3032663999999709
2025-04,B_n_5x60,all_dirty,combined_vs_pure_sniper_top3_sltp,41,1827401,1843295,1,89684.3,91532.30000000018,154.00000000001455,1848.0000000001746,tp,15901.0,1.7583157000001746,0.08968430000000001,5.0,sniper_dirty,0.001,1.6686314000001745
2025-04,B_n_5x60,all_dirty,combined_vs_pure_sniper_top3_sltp,42,1851442,1855028,-1,91268.0,91378.0,110.0,1320.0,sl,3689.0,-0.201268,0.091268,5.0,sniper_dirty,0.001,-0.292536
2025-04,B_n_5x60,all_dirty,combined_vs_pure_sniper_top3_sltp,43,1855437,1855728,-1,91503.0,91566.9,220.99999999998545,2651.9999999998254,inv,291.0,-0.15540299999999418,0.091503,5.0,sniper_dirty,0.001,-0.24690599999999419
2025-04,B_n_5x60,all_dirty,combined_vs_pure_sniper_top3_sltp,44,1828707,1893315,1,89975.4,94241.40000000034,355.5000000000291,4266.000000000349,tp,64815.0,4.176024600000349,0.0899754,5.0,sniper_dirty,0.001,4.086049200000349
2025-04,B_n_5x60,all_dirty,combined_vs_pure_sniper_top3_sltp,45,1829202,1894262,1,90108.7,94308.7,350.0,4200.0,tp,65270.0,4.1098913,0.0901087,5.0,sniper_dirty,0.001,4.0197826
2025-04,B_n_5x60,all_dirty,combined_vs_pure_sniper_top3_sltp,46,2014022,2014068,1,92736.1,92707.3,169.00000000001455,2028.0000000001746,inv,46.0,-0.12153610000000292,0.09273610000000002,5.0,sniper_dirty,0.001,-0.21427220000000294
2025-04,B_n_5x60,all_dirty,combined_vs_pure_sniper_top3_sltp,47,2036533,2043567,1,93499.9,93477.2,110.99999999998545,1331.9999999998254,inv,7093.0,-0.11619989999999708,0.0934999,5.0,sniper_dirty,0.001,-0.20969979999999708
2025-04,B_n_5x60,all_dirty,combined_vs_pure_sniper_top3_sltp,48,2053144,2058589,-1,92988.2,93396.69999999998,408.49999999998545,4901.999999999825,sl,5578.0,-0.5014881999999854,0.0929882,5.0,sniper_dirty,0.001,-0.5944763999999854
2025-04,B_n_5x60,all_dirty,combined_vs_pure_sniper_top3_sltp,49,2289560,2294059,-1,93260.5,93381.49999999999,120.99999999998545,1451.9999999998254,sl,4503.0,-0.21426049999998548,0.09326050000000001,5.0,sniper_dirty,0.001,-0.3075209999999855
2025-04,B_n_5x60,all_dirty,combined_vs_pure_sniper_top3_sltp,50,2429707,2429868,-1,95218.8,95276.0,307.5,3690.0,inv,161.0,-0.1524187999999971,0.0952188,5.0,sniper_dirty,0.001,-0.24763759999999713
2025-04,B_n_5x60,all_dirty,combined_vs_pure_sniper_top3_sltp,51,2432775,2434092,-1,95111.5,95389.50000000003,278.0000000000291,3336.0000000003492,sl,1342.0,-0.37311150000002913,0.09511150000000002,5.0,sniper_dirty,0.001,-0.46822300000002914
2025-04,B_n_5x60,all_dirty,combined_vs_pure_sniper_top3_sltp,52,2469316,2472650,-1,94982.4,95036.2,247.99999999995634,2975.999999999476,inv,3447.0,-0.14878240000000292,0.0949824,5.0,sniper_dirty,0.001,-0.24376480000000292
2025-04,B_n_5x60,all_dirty,combined_vs_pure_sniper_top3_sltp,53,2508922,2509685,-1,93870.5,93900.5,200.0,2400.0,inv,767.0,-0.12387050000000001,0.09387050000000001,5.0,sniper_dirty,0.001,-0.21774100000000002
2025-04,B_n_5x50,combined,combined_vs_pure_sniper_top3_sltp,0,685131,685215,-1,74785.0,75060.0,275.0,2750.0,sl,84.0,-0.349785,0.074785,5.0,ifvg_clean,0.001,-0.42457
2025-04,B_n_5x50,combined,combined_vs_pure_sniper_top3_sltp,1,722476,723640,-1,76115.3,76473.79999999999,358.49999999998545,3584.9999999998545,sl,1164.0,-0.43461529999998544,0.07611530000000001,5.0,ifvg_clean,0.001,-0.5107305999999855
2025-04,B_n_5x50,combined,combined_vs_pure_sniper_top3_sltp,2,726477,726477,-1,76876.0,76889.7,188.49999999998545,1884.9999999998545,inv,0.0,-0.09057599999999709,0.076876,5.0,ifvg_clean,0.001,-0.1674519999999971
2025-04,B_n_5x50,combined,combined_vs_pure_sniper_top3_sltp,3,733840,733870,-1,76946.1,77102.60000000002,156.50000000001455,1565.0000000001455,sl,30.0,-0.23344610000001453,0.0769461,5.0,ifvg_clean,0.001,-0.31039220000001455
2025-04,B_n_5x50,combined,combined_vs_pure_sniper_top3_sltp,4,735506,735542,1,77517.3,77425.5,470.0,4700.0,inv,36.0,-0.16931730000000292,0.07751730000000001,5.0,ifvg_clean,0.001,-0.24683460000000293
2025-04,B_n_5x50,combined,combined_vs_pure_sniper_top3_sltp,5,737180,737306,1,77168.0,77129.9,228.0000000000291,2280.000000000291,inv,129.0,-0.11526800000000584,0.07716800000000001,5.0,ifvg_clean,0.001,-0.19243600000000585
2025-04,B_n_5x50,combined,combined_vs_pure_sniper_top3_sltp,6,732178,739636,-1,77844.1,77874.5,125.99999999998545,1259.9999999998545,inv,7462.0,-0.1082440999999942,0.07784410000000001,5.0,ifvg_clean,0.001,-0.1860881999999942
2025-04,B_n_5x50,combined,combined_vs_pure_sniper_top3_sltp,7,725360,740982,1,76392.0,78736.99999999971,234.4999999999709,2344.999999999709,tp,15627.0,2.268607999999709,0.076392,5.0,ifvg_clean,0.001,2.1922159999997093
2025-04,B_n_5x50,combined,combined_vs_pure_sniper_top3_sltp,8,741966,741994,-1,77883.3,78003.7,215.99999999998545,2159.9999999998545,inv,28.0,-0.19828329999999417,0.0778833,5.0,ifvg_clean,0.001,-0.27616659999999416
2025-04,B_n_5x50,combined,combined_vs_pure_sniper_top3_sltp,9,742005,742011,-1,78526.7,78573.9,260.0,2600.0,inv,6.0,-0.12572669999999708,0.0785267,5.0,ifvg_clean,0.001,-0.2042533999999971
2025-04,B_n_5x50,combined,combined_vs_pure_sniper_top3_sltp,10,742004,742264,1,78295.3,80530.30000000058,223.5000000000582,2235.000000000582,tp,260.0,2.156704700000582,0.0782953,5.0,ifvg_clean,0.001,2.0784094000005817
2025-04,B_n_5x50,combined,combined_vs_pure_sniper_top3_sltp,11,757425,757451,1,82957.3,82929.0,142.5,1425.0,inv,26.0,-0.11125730000000292,0.08295730000000001,5.0,ifvg_clean,0.001,-0.19421460000000293
2025-04,B_n_5x50,combined,combined_vs_pure_sniper_top3_sltp,12,814568,814733,-1,81509.2,81653.69999999997,144.4999999999709,1444.999999999709,sl,165.0,-0.22600919999997088,0.08150919999999999,5.0,ifvg_clean,0.001,-0.3075183999999709
2025-04,B_n_5x50,combined,combined_vs_pure_sniper_top3_sltp,13,827743,827991,1,78751.0,78633.4,597.0000000000437,5970.000000000437,inv,248.0,-0.19635100000000583,0.078751,5.0,ifvg_clean,0.001,-0.27510200000000584
2025-04,B_n_5x50,combined,combined_vs_pure_sniper_top3_sltp,14,829552,829576,1,79173.2,79139.4,100.5000000000291,1005.000000000291,inv,24.0,-0.11297320000000291,0.0791732,5.0,ifvg_clean,0.001,-0.1921464000000029
2025-04,B_n_5x50,combined,combined_vs_pure_sniper_top3_sltp,15,831687,831693,-1,79266.6,79300.5,200.0,2000.0,inv,6.0,-0.11316659999999418,0.0792666,5.0,ifvg_clean,0.001,-0.1924331999999942
2025-04,B_n_5x50,combined,combined_vs_pure_sniper_top3_sltp,16,854638,854645,1,79415.7,79405.5,105.5000000000291,1055.000000000291,inv,7.0,-0.08961569999999709,0.0794157,5.0,ifvg_clean,0.001,-0.1690313999999971
2025-04,B_n_5x50,combined,combined_vs_pure_sniper_top3_sltp,17,831600,855415,1,79236.5,78973.00000000001,263.49999999998545,2634.9999999998545,sl,24228.0,-0.34273649999998546,0.0792365,5.0,ifvg_clean,0.001,-0.42197299999998544
2025-04,B_n_5x50,combined,combined_vs_pure_sniper_top3_sltp,18,880686,880687,-1,80779.6,80808.3,189.00000000001455,1890.0000000001455,inv,1.0,-0.1094795999999971,0.08077960000000001,5.0,ifvg_clean,0.001,-0.1902591999999971
2025-04,B_n_5x50,combined,combined_vs_pure_sniper_top3_sltp,19,870988,880965,1,80543.8,81853.80000000058,131.0000000000582,1310.000000000582,tp,10022.0,1.229456200000582,0.08054380000000001,5.0,ifvg_clean,0.001,1.148912400000582
2025-04,B_n_5x50,combined,combined_vs_pure_sniper_top3_sltp,20,863815,889780,1,80627.9,82807.90000000029,218.0000000000291,2180.000000000291,tp,26029.0,2.099372100000291,0.0806279,5.0,ifvg_clean,0.001,2.018744200000291
2025-04,B_n_5x50,combined,combined_vs_pure_sniper_top3_sltp,21,889177,890376,1,82690.8,82585.8,105.0,1050.0,sl,1199.0,-0.1876908,0.08269080000000001,5.0,ifvg_clean,0.001,-0.2703816
2025-04,B_n_5x50,combined,combined_vs_pure_sniper_top3_sltp,22,896810,896850,-1,82286.5,82348.1,297.5,2975.0,inv,40.0,-0.14388650000000583,0.0822865,5.0,ifvg_clean,0.001,-0.22617300000000584
2025-04,B_n_5x50,combined,combined_vs_pure_sniper_top3_sltp,23,905779,905827,1,82123.8,81985.5,736.9999999999709,7369.999999999709,inv,48.0,-0.22042380000000295,0.08212380000000001,5.0,ifvg_clean,0.001,-0.30254760000000297
2025-04,B_n_5x50,combined,combined_vs_pure_sniper_top3_sltp,24,909245,909423,-1,82462.4,82515.0,281.50000000001455,2815.0000000001455,inv,181.0,-0.13506240000000583,0.0824624,5.0,ifvg_clean,0.001,-0.21752480000000585
2025-04,B_n_5x50,combined,combined_vs_pure_sniper_top3_sltp,25,880711,915216,1,80874.3,83454.3000000003,258.0000000000291,2580.000000000291,tp,34520.0,2.499125700000291,0.08087430000000001,5.0,ifvg_clean,0.001,2.418251400000291
2025-04,B_n_5x50,combined,combined_vs_pure_sniper_top3_sltp,26,1245361,1245363,1,85652.4,85619.5,225.5000000000291,2255.000000000291,inv,2.0,-0.11855239999999417,0.0856524,5.0,ifvg_clean,0.001,-0.2042047999999942
2025-04,B_n_5x50,combined,combined_vs_pure_sniper_top3_sltp,27,1342528,1342528,-1,85329.7,85354.9,387.99999999995634,3879.9999999995634,inv,0.0,-0.1105296999999971,0.08532970000000001,5.0,ifvg_clean,0.001,-0.1958593999999971
2025-04,B_n_5x50,combined,combined_vs_pure_sniper_top3_sltp,28,1344882,1344918,-1,83657.4,83889.9,232.5,2325.0,sl,36.0,-0.31615740000000003,0.08365739999999999,5.0,ifvg_clean,0.001,-0.3998148
2025-04,B_n_5x50,combined,combined_vs_pure_sniper_top3_sltp,29,1344808,1344921,-1,83748.0,83923.50000000003,175.5000000000291,1755.000000000291,sl,113.0,-0.2592480000000291,0.083748,5.0,ifvg_clean,0.001,-0.3429960000000291
2025-04,B_n_5x50,combined,combined_vs_pure_sniper_top3_sltp,30,1420429,1505007,1,84531.9,84289.90000000002,241.9999999999709,2419.999999999709,sl,88158.0,-0.3265318999999709,0.0845319,5.0,ifvg_clean,0.001,-0.4110637999999709
2025-04,B_n_5x50,combined,combined_vs_pure_sniper_top3_sltp,31,1541534,1541577,-1,84824.9,84870.1,235.0,2350.0,inv,43.0,-0.13002490000001163,0.0848249,5.0,ifvg_clean,0.001,-0.21484980000001164
2025-04,B_n_5x50,combined,combined_vs_pure_sniper_top3_sltp,32,1701779,1702010,1,87439.7,87317.70000000003,121.9999999999709,1219.999999999709,sl,231.0,-0.20943969999997092,0.08743970000000001,5.0,ifvg_clean,0.001,-0.2968793999999709
2025-04,B_n_5x50,combined,combined_vs_pure_sniper_top3_sltp,33,1747797,1747813,-1,87927.6,87946.1,129.50000000004366,1295.0000000004366,inv,16.0,-0.10642760000000001,0.08792760000000001,5.0,ifvg_clean,0.001,-0.1943552
2025-04,B_n_5x50,combined,combined_vs_pure_sniper_top3_sltp,34,1748294,1749627,1,88066.7,87900.70000000001,165.99999999998545,1659.9999999998545,sl,1333.0,-0.25406669999998543,0.0880667,5.0,ifvg_clean,0.001,-0.34213339999998543
2025-04,B_n_5x50,combined,combined_vs_pure_sniper_top3_sltp,35,1743871,1754330,1,87390.6,86495.6,895.0,8950.0,sl,10464.0,-0.9823906,0.08739060000000001,5.0,ifvg_clean,0.001,-1.0697812
2025-04,B_n_5x50,combined,combined_vs_pure_sniper_top3_sltp,36,1755274,1763354,-1,86899.9,87379.40000000004,479.50000000004366,4795.000000000437,sl,8109.0,-0.5663999000000437,0.0868999,5.0,ifvg_clean,0.001,-0.6532998000000437
2025-04,B_n_5x50,combined,combined_vs_pure_sniper_top3_sltp,37,1828160,1828584,1,90174.0,89944.50000000003,229.4999999999709,2294.999999999709,sl,424.0,-0.3196739999999709,0.090174,5.0,ifvg_clean,0.001,-0.4098479999999709
2025-04,B_n_5x50,combined,combined_vs_pure_sniper_top3_sltp,38,1830144,1830152,-1,90318.3,90337.7,151.50000000001455,1515.0000000001455,inv,8.0,-0.10971829999999419,0.0903183,5.0,ifvg_clean,0.001,-0.20003659999999418
2025-04,B_n_5x50,combined,combined_vs_pure_sniper_top3_sltp,39,1782623,1831092,1,87553.5,90493.49999999942,293.9999999999418,2939.999999999418,tp,48783.0,2.8524464999994184,0.0875535,5.0,ifvg_clean,0.001,2.7648929999994185
2025-04,B_n_5x50,combined,combined_vs_pure_sniper_top3_sltp,40,1827401,1832741,1,89684.3,91224.30000000015,154.00000000001455,1540.0000000001455,tp,5340.0,1.4503157000001454,0.08968430000000001,5.0,ifvg_clean,0.001,1.3606314000001454
2025-04,B_n_5x50,combined,combined_vs_pure_sniper_top3_sltp,41,1832158,1834903,1,90633.2,90511.20000000003,121.9999999999709,1219.999999999709,sl,2745.0,-0.2126331999999709,0.09063320000000001,5.0,ifvg_clean,0.001,-0.3032663999999709
2025-04,B_n_5x50,combined,combined_vs_pure_sniper_top3_sltp,42,1851442,1855028,-1,91268.0,91378.0,110.0,1100.0,sl,3689.0,-0.201268,0.091268,5.0,ifvg_clean,0.001,-0.292536
2025-04,B_n_5x50,combined,combined_vs_pure_sniper_top3_sltp,43,1855437,1855728,-1,91503.0,91566.9,220.99999999998545,2209.9999999998545,inv,291.0,-0.15540299999999418,0.091503,5.0,ifvg_clean,0.001,-0.24690599999999419
2025-04,B_n_5x50,combined,combined_vs_pure_sniper_top3_sltp,44,1828707,1856852,1,89975.4,93530.40000000029,355.5000000000291,3555.000000000291,tp,28277.0,3.465024600000291,0.0899754,5.0,ifvg_clean,0.001,3.3750492000002907
2025-04,B_n_5x50,combined,combined_vs_pure_sniper_top3_sltp,45,1829202,1856852,1,90108.7,93608.7,350.0,3500.0,tp,27782.0,3.4098913,0.0901087,5.0,ifvg_clean,0.001,3.3197826
2025-04,B_n_5x50,combined,combined_vs_pure_sniper_top3_sltp,46,2014022,2014068,1,92736.1,92707.3,169.00000000001455,1690.0000000001455,inv,46.0,-0.12153610000000292,0.09273610000000002,5.0,ifvg_clean,0.001,-0.21427220000000294
2025-04,B_n_5x50,combined,combined_vs_pure_sniper_top3_sltp,47,2036533,2043567,1,93499.9,93477.2,110.99999999998545,1109.9999999998545,inv,7093.0,-0.11619989999999708,0.0934999,5.0,ifvg_clean,0.001,-0.20969979999999708
2025-04,B_n_5x50,combined,combined_vs_pure_sniper_top3_sltp,48,2053144,2058589,-1,92988.2,93396.69999999998,408.49999999998545,4084.9999999998545,sl,5578.0,-0.5014881999999854,0.0929882,5.0,ifvg_clean,0.001,-0.5944763999999854
2025-04,B_n_5x50,combined,combined_vs_pure_sniper_top3_sltp,49,2289560,2294059,-1,93260.5,93381.49999999999,120.99999999998545,1209.9999999998545,sl,4503.0,-0.21426049999998548,0.09326050000000001,5.0,ifvg_clean,0.001,-0.3075209999999855
2025-04,B_n_5x50,combined,combined_vs_pure_sniper_top3_sltp,50,2429707,2429868,-1,95218.8,95276.0,307.5,3075.0,inv,161.0,-0.1524187999999971,0.0952188,5.0,ifvg_clean,0.001,-0.24763759999999713
2025-04,B_n_5x50,combined,combined_vs_pure_sniper_top3_sltp,51,2432775,2434092,-1,95111.5,95389.50000000003,278.0000000000291,2780.000000000291,sl,1342.0,-0.37311150000002913,0.09511150000000002,5.0,ifvg_clean,0.001,-0.46822300000002914
2025-04,B_n_5x50,combined,combined_vs_pure_sniper_top3_sltp,52,2469316,2472650,-1,94982.4,95036.2,247.99999999995634,2479.9999999995634,inv,3447.0,-0.14878240000000292,0.0949824,5.0,ifvg_clean,0.001,-0.24376480000000292
2025-04,B_n_5x50,combined,combined_vs_pure_sniper_top3_sltp,53,2508922,2509685,-1,93870.5,93900.5,200.0,2000.0,inv,767.0,-0.12387050000000001,0.09387050000000001,5.0,ifvg_clean,0.001,-0.21774100000000002
2025-04,B_n_5x50,all_clean,combined_vs_pure_sniper_top3_sltp,0,685131,685215,-1,74785.0,75060.0,275.0,2750.0,sl,84.0,-0.349785,0.074785,5.0,ifvg_clean,0.001,-0.42457
2025-04,B_n_5x50,all_clean,combined_vs_pure_sniper_top3_sltp,1,722476,723640,-1,76115.3,76473.79999999999,358.49999999998545,3584.9999999998545,sl,1164.0,-0.43461529999998544,0.07611530000000001,5.0,ifvg_clean,0.001,-0.5107305999999855
2025-04,B_n_5x50,all_clean,combined_vs_pure_sniper_top3_sltp,2,726477,726477,-1,76876.0,76889.7,188.49999999998545,1884.9999999998545,inv,0.0,-0.09057599999999709,0.076876,5.0,ifvg_clean,0.001,-0.1674519999999971
2025-04,B_n_5x50,all_clean,combined_vs_pure_sniper_top3_sltp,3,733840,733870,-1,76946.1,77102.60000000002,156.50000000001455,1565.0000000001455,sl,30.0,-0.23344610000001453,0.0769461,5.0,ifvg_clean,0.001,-0.31039220000001455
2025-04,B_n_5x50,all_clean,combined_vs_pure_sniper_top3_sltp,4,735506,735542,1,77517.3,77425.5,470.0,4700.0,inv,36.0,-0.16931730000000292,0.07751730000000001,5.0,ifvg_clean,0.001,-0.24683460000000293
2025-04,B_n_5x50,all_clean,combined_vs_pure_sniper_top3_sltp,5,737180,737306,1,77168.0,77129.9,228.0000000000291,2280.000000000291,inv,129.0,-0.11526800000000584,0.07716800000000001,5.0,ifvg_clean,0.001,-0.19243600000000585
2025-04,B_n_5x50,all_clean,combined_vs_pure_sniper_top3_sltp,6,732178,739636,-1,77844.1,77874.5,125.99999999998545,1259.9999999998545,inv,7462.0,-0.1082440999999942,0.07784410000000001,5.0,ifvg_clean,0.001,-0.1860881999999942
2025-04,B_n_5x50,all_clean,combined_vs_pure_sniper_top3_sltp,7,725360,740982,1,76392.0,78736.99999999971,234.4999999999709,2344.999999999709,tp,15627.0,2.268607999999709,0.076392,5.0,ifvg_clean,0.001,2.1922159999997093
2025-04,B_n_5x50,all_clean,combined_vs_pure_sniper_top3_sltp,8,741966,741994,-1,77883.3,78003.7,215.99999999998545,2159.9999999998545,inv,28.0,-0.19828329999999417,0.0778833,5.0,ifvg_clean,0.001,-0.27616659999999416
2025-04,B_n_5x50,all_clean,combined_vs_pure_sniper_top3_sltp,9,742005,742011,-1,78526.7,78573.9,260.0,2600.0,inv,6.0,-0.12572669999999708,0.0785267,5.0,ifvg_clean,0.001,-0.2042533999999971
2025-04,B_n_5x50,all_clean,combined_vs_pure_sniper_top3_sltp,10,742004,742264,1,78295.3,80530.30000000058,223.5000000000582,2235.000000000582,tp,260.0,2.156704700000582,0.0782953,5.0,ifvg_clean,0.001,2.0784094000005817
2025-04,B_n_5x50,all_clean,combined_vs_pure_sniper_top3_sltp,11,757425,757451,1,82957.3,82929.0,142.5,1425.0,inv,26.0,-0.11125730000000292,0.08295730000000001,5.0,ifvg_clean,0.001,-0.19421460000000293
2025-04,B_n_5x50,all_clean,combined_vs_pure_sniper_top3_sltp,12,814568,814733,-1,81509.2,81653.69999999997,144.4999999999709,1444.999999999709,sl,165.0,-0.22600919999997088,0.08150919999999999,5.0,ifvg_clean,0.001,-0.3075183999999709
2025-04,B_n_5x50,all_clean,combined_vs_pure_sniper_top3_sltp,13,827743,827991,1,78751.0,78633.4,597.0000000000437,5970.000000000437,inv,248.0,-0.19635100000000583,0.078751,5.0,ifvg_clean,0.001,-0.27510200000000584
2025-04,B_n_5x50,all_clean,combined_vs_pure_sniper_top3_sltp,14,829552,829576,1,79173.2,79139.4,100.5000000000291,1005.000000000291,inv,24.0,-0.11297320000000291,0.0791732,5.0,ifvg_clean,0.001,-0.1921464000000029
2025-04,B_n_5x50,all_clean,combined_vs_pure_sniper_top3_sltp,15,831687,831693,-1,79266.6,79300.5,200.0,2000.0,inv,6.0,-0.11316659999999418,0.0792666,5.0,ifvg_clean,0.001,-0.1924331999999942
2025-04,B_n_5x50,all_clean,combined_vs_pure_sniper_top3_sltp,16,854638,854645,1,79415.7,79405.5,105.5000000000291,1055.000000000291,inv,7.0,-0.08961569999999709,0.0794157,5.0,ifvg_clean,0.001,-0.1690313999999971
2025-04,B_n_5x50,all_clean,combined_vs_pure_sniper_top3_sltp,17,831600,855415,1,79236.5,78973.00000000001,263.49999999998545,2634.9999999998545,sl,24228.0,-0.34273649999998546,0.0792365,5.0,ifvg_clean,0.001,-0.42197299999998544
2025-04,B_n_5x50,all_clean,combined_vs_pure_sniper_top3_sltp,18,880686,880687,-1,80779.6,80808.3,189.00000000001455,1890.0000000001455,inv,1.0,-0.1094795999999971,0.08077960000000001,5.0,ifvg_clean,0.001,-0.1902591999999971
2025-04,B_n_5x50,all_clean,combined_vs_pure_sniper_top3_sltp,19,870988,880965,1,80543.8,81853.80000000058,131.0000000000582,1310.000000000582,tp,10022.0,1.229456200000582,0.08054380000000001,5.0,ifvg_clean,0.001,1.148912400000582
2025-04,B_n_5x50,all_clean,combined_vs_pure_sniper_top3_sltp,20,863815,889780,1,80627.9,82807.90000000029,218.0000000000291,2180.000000000291,tp,26029.0,2.099372100000291,0.0806279,5.0,ifvg_clean,0.001,2.018744200000291
2025-04,B_n_5x50,all_clean,combined_vs_pure_sniper_top3_sltp,21,889177,890376,1,82690.8,82585.8,105.0,1050.0,sl,1199.0,-0.1876908,0.08269080000000001,5.0,ifvg_clean,0.001,-0.2703816
2025-04,B_n_5x50,all_clean,combined_vs_pure_sniper_top3_sltp,22,896810,896850,-1,82286.5,82348.1,297.5,2975.0,inv,40.0,-0.14388650000000583,0.0822865,5.0,ifvg_clean,0.001,-0.22617300000000584
2025-04,B_n_5x50,all_clean,combined_vs_pure_sniper_top3_sltp,23,905779,905827,1,82123.8,81985.5,736.9999999999709,7369.999999999709,inv,48.0,-0.22042380000000295,0.08212380000000001,5.0,ifvg_clean,0.001,-0.30254760000000297
2025-04,B_n_5x50,all_clean,combined_vs_pure_sniper_top3_sltp,24,909245,909423,-1,82462.4,82515.0,281.50000000001455,2815.0000000001455,inv,181.0,-0.13506240000000583,0.0824624,5.0,ifvg_clean,0.001,-0.21752480000000585
2025-04,B_n_5x50,all_clean,combined_vs_pure_sniper_top3_sltp,25,880711,915216,1,80874.3,83454.3000000003,258.0000000000291,2580.000000000291,tp,34520.0,2.499125700000291,0.08087430000000001,5.0,ifvg_clean,0.001,2.418251400000291
2025-04,B_n_5x50,all_clean,combined_vs_pure_sniper_top3_sltp,26,1245361,1245363,1,85652.4,85619.5,225.5000000000291,2255.000000000291,inv,2.0,-0.11855239999999417,0.0856524,5.0,ifvg_clean,0.001,-0.2042047999999942
2025-04,B_n_5x50,all_clean,combined_vs_pure_sniper_top3_sltp,27,1342528,1342528,-1,85329.7,85354.9,387.99999999995634,3879.9999999995634,inv,0.0,-0.1105296999999971,0.08532970000000001,5.0,ifvg_clean,0.001,-0.1958593999999971
2025-04,B_n_5x50,all_clean,combined_vs_pure_sniper_top3_sltp,28,1344882,1344918,-1,83657.4,83889.9,232.5,2325.0,sl,36.0,-0.31615740000000003,0.08365739999999999,5.0,ifvg_clean,0.001,-0.3998148
2025-04,B_n_5x50,all_clean,combined_vs_pure_sniper_top3_sltp,29,1344808,1344921,-1,83748.0,83923.50000000003,175.5000000000291,1755.000000000291,sl,113.0,-0.2592480000000291,0.083748,5.0,ifvg_clean,0.001,-0.3429960000000291
2025-04,B_n_5x50,all_clean,combined_vs_pure_sniper_top3_sltp,30,1420429,1505007,1,84531.9,84289.90000000002,241.9999999999709,2419.999999999709,sl,88158.0,-0.3265318999999709,0.0845319,5.0,ifvg_clean,0.001,-0.4110637999999709
2025-04,B_n_5x50,all_clean,combined_vs_pure_sniper_top3_sltp,31,1541534,1541577,-1,84824.9,84870.1,235.0,2350.0,inv,43.0,-0.13002490000001163,0.0848249,5.0,ifvg_clean,0.001,-0.21484980000001164
2025-04,B_n_5x50,all_clean,combined_vs_pure_sniper_top3_sltp,32,1701779,1702010,1,87439.7,87317.70000000003,121.9999999999709,1219.999999999709,sl,231.0,-0.20943969999997092,0.08743970000000001,5.0,ifvg_clean,0.001,-0.2968793999999709
2025-04,B_n_5x50,all_clean,combined_vs_pure_sniper_top3_sltp,33,1747797,1747813,-1,87927.6,87946.1,129.50000000004366,1295.0000000004366,inv,16.0,-0.10642760000000001,0.08792760000000001,5.0,ifvg_clean,0.001,-0.1943552
2025-04,B_n_5x50,all_clean,combined_vs_pure_sniper_top3_sltp,34,1748294,1749627,1,88066.7,87900.70000000001,165.99999999998545,1659.9999999998545,sl,1333.0,-0.25406669999998543,0.0880667,5.0,ifvg_clean,0.001,-0.34213339999998543
2025-04,B_n_5x50,all_clean,combined_vs_pure_sniper_top3_sltp,35,1743871,1754330,1,87390.6,86495.6,895.0,8950.0,sl,10464.0,-0.9823906,0.08739060000000001,5.0,ifvg_clean,0.001,-1.0697812
2025-04,B_n_5x50,all_clean,combined_vs_pure_sniper_top3_sltp,36,1755274,1763354,-1,86899.9,87379.40000000004,479.50000000004366,4795.000000000437,sl,8109.0,-0.5663999000000437,0.0868999,5.0,ifvg_clean,0.001,-0.6532998000000437
2025-04,B_n_5x50,all_clean,combined_vs_pure_sniper_top3_sltp,37,1828160,1828584,1,90174.0,89944.50000000003,229.4999999999709,2294.999999999709,sl,424.0,-0.3196739999999709,0.090174,5.0,ifvg_clean,0.001,-0.4098479999999709
2025-04,B_n_5x50,all_clean,combined_vs_pure_sniper_top3_sltp,38,1830144,1830152,-1,90318.3,90337.7,151.50000000001455,1515.0000000001455,inv,8.0,-0.10971829999999419,0.0903183,5.0,ifvg_clean,0.001,-0.20003659999999418
2025-04,B_n_5x50,all_clean,combined_vs_pure_sniper_top3_sltp,39,1782623,1831092,1,87553.5,90493.49999999942,293.9999999999418,2939.999999999418,tp,48783.0,2.8524464999994184,0.0875535,5.0,ifvg_clean,0.001,2.7648929999994185
2025-04,B_n_5x50,all_clean,combined_vs_pure_sniper_top3_sltp,40,1827401,1832741,1,89684.3,91224.30000000015,154.00000000001455,1540.0000000001455,tp,5340.0,1.4503157000001454,0.08968430000000001,5.0,ifvg_clean,0.001,1.3606314000001454
2025-04,B_n_5x50,all_clean,combined_vs_pure_sniper_top3_sltp,41,1832158,1834903,1,90633.2,90511.20000000003,121.9999999999709,1219.999999999709,sl,2745.0,-0.2126331999999709,0.09063320000000001,5.0,ifvg_clean,0.001,-0.3032663999999709
2025-04,B_n_5x50,all_clean,combined_vs_pure_sniper_top3_sltp,42,1851442,1855028,-1,91268.0,91378.0,110.0,1100.0,sl,3689.0,-0.201268,0.091268,5.0,ifvg_clean,0.001,-0.292536
2025-04,B_n_5x50,all_clean,combined_vs_pure_sniper_top3_sltp,43,1855437,1855728,-1,91503.0,91566.9,220.99999999998545,2209.9999999998545,inv,291.0,-0.15540299999999418,0.091503,5.0,ifvg_clean,0.001,-0.24690599999999419
2025-04,B_n_5x50,all_clean,combined_vs_pure_sniper_top3_sltp,44,1828707,1856852,1,89975.4,93530.40000000029,355.5000000000291,3555.000000000291,tp,28277.0,3.465024600000291,0.0899754,5.0,ifvg_clean,0.001,3.3750492000002907
2025-04,B_n_5x50,all_clean,combined_vs_pure_sniper_top3_sltp,45,1829202,1856852,1,90108.7,93608.7,350.0,3500.0,tp,27782.0,3.4098913,0.0901087,5.0,ifvg_clean,0.001,3.3197826
2025-04,B_n_5x50,all_clean,combined_vs_pure_sniper_top3_sltp,46,2014022,2014068,1,92736.1,92707.3,169.00000000001455,1690.0000000001455,inv,46.0,-0.12153610000000292,0.09273610000000002,5.0,ifvg_clean,0.001,-0.21427220000000294
2025-04,B_n_5x50,all_clean,combined_vs_pure_sniper_top3_sltp,47,2036533,2043567,1,93499.9,93477.2,110.99999999998545,1109.9999999998545,inv,7093.0,-0.11619989999999708,0.0934999,5.0,ifvg_clean,0.001,-0.20969979999999708
2025-04,B_n_5x50,all_clean,combined_vs_pure_sniper_top3_sltp,48,2053144,2058589,-1,92988.2,93396.69999999998,408.49999999998545,4084.9999999998545,sl,5578.0,-0.5014881999999854,0.0929882,5.0,ifvg_clean,0.001,-0.5944763999999854
2025-04,B_n_5x50,all_clean,combined_vs_pure_sniper_top3_sltp,49,2289560,2294059,-1,93260.5,93381.49999999999,120.99999999998545,1209.9999999998545,sl,4503.0,-0.21426049999998548,0.09326050000000001,5.0,ifvg_clean,0.001,-0.3075209999999855
2025-04,B_n_5x50,all_clean,combined_vs_pure_sniper_top3_sltp,50,2429707,2429868,-1,95218.8,95276.0,307.5,3075.0,inv,161.0,-0.1524187999999971,0.0952188,5.0,ifvg_clean,0.001,-0.24763759999999713
2025-04,B_n_5x50,all_clean,combined_vs_pure_sniper_top3_sltp,51,2432775,2434092,-1,95111.5,95389.50000000003,278.0000000000291,2780.000000000291,sl,1342.0,-0.37311150000002913,0.09511150000000002,5.0,ifvg_clean,0.001,-0.46822300000002914
2025-04,B_n_5x50,all_clean,combined_vs_pure_sniper_top3_sltp,52,2469316,2472650,-1,94982.4,95036.2,247.99999999995634,2479.9999999995634,inv,3447.0,-0.14878240000000292,0.0949824,5.0,ifvg_clean,0.001,-0.24376480000000292
2025-04,B_n_5x50,all_clean,combined_vs_pure_sniper_top3_sltp,53,2508922,2509685,-1,93870.5,93900.5,200.0,2000.0,inv,767.0,-0.12387050000000001,0.09387050000000001,5.0,ifvg_clean,0.001,-0.21774100000000002
2025-04,B_n_5x50,all_dirty,combined_vs_pure_sniper_top3_sltp,0,685131,685215,-1,74785.0,75060.0,275.0,2750.0,sl,84.0,-0.349785,0.074785,5.0,sniper_dirty,0.001,-0.42457
2025-04,B_n_5x50,all_dirty,combined_vs_pure_sniper_top3_sltp,1,722476,723640,-1,76115.3,76473.79999999999,358.49999999998545,3584.9999999998545,sl,1164.0,-0.43461529999998544,0.07611530000000001,5.0,sniper_dirty,0.001,-0.5107305999999855
2025-04,B_n_5x50,all_dirty,combined_vs_pure_sniper_top3_sltp,2,726477,726477,-1,76876.0,76889.7,188.49999999998545,1884.9999999998545,inv,0.0,-0.09057599999999709,0.076876,5.0,sniper_dirty,0.001,-0.1674519999999971
2025-04,B_n_5x50,all_dirty,combined_vs_pure_sniper_top3_sltp,3,733840,733870,-1,76946.1,77102.60000000002,156.50000000001455,1565.0000000001455,sl,30.0,-0.23344610000001453,0.0769461,5.0,sniper_dirty,0.001,-0.31039220000001455
2025-04,B_n_5x50,all_dirty,combined_vs_pure_sniper_top3_sltp,4,735506,735542,1,77517.3,77425.5,470.0,4700.0,inv,36.0,-0.16931730000000292,0.07751730000000001,5.0,sniper_dirty,0.001,-0.24683460000000293
2025-04,B_n_5x50,all_dirty,combined_vs_pure_sniper_top3_sltp,5,737180,737306,1,77168.0,77129.9,228.0000000000291,2280.000000000291,inv,129.0,-0.11526800000000584,0.07716800000000001,5.0,sniper_dirty,0.001,-0.19243600000000585
2025-04,B_n_5x50,all_dirty,combined_vs_pure_sniper_top3_sltp,6,732178,739636,-1,77844.1,77874.5,125.99999999998545,1259.9999999998545,inv,7462.0,-0.1082440999999942,0.07784410000000001,5.0,sniper_dirty,0.001,-0.1860881999999942
2025-04,B_n_5x50,all_dirty,combined_vs_pure_sniper_top3_sltp,7,725360,740982,1,76392.0,78736.99999999971,234.4999999999709,2344.999999999709,tp,15627.0,2.268607999999709,0.076392,5.0,sniper_dirty,0.001,2.1922159999997093
2025-04,B_n_5x50,all_dirty,combined_vs_pure_sniper_top3_sltp,8,741966,741994,-1,77883.3,78003.7,215.99999999998545,2159.9999999998545,inv,28.0,-0.19828329999999417,0.0778833,5.0,sniper_dirty,0.001,-0.27616659999999416
2025-04,B_n_5x50,all_dirty,combined_vs_pure_sniper_top3_sltp,9,742005,742011,-1,78526.7,78573.9,260.0,2600.0,inv,6.0,-0.12572669999999708,0.0785267,5.0,sniper_dirty,0.001,-0.2042533999999971
2025-04,B_n_5x50,all_dirty,combined_vs_pure_sniper_top3_sltp,10,742004,742264,1,78295.3,80530.30000000058,223.5000000000582,2235.000000000582,tp,260.0,2.156704700000582,0.0782953,5.0,sniper_dirty,0.001,2.0784094000005817
2025-04,B_n_5x50,all_dirty,combined_vs_pure_sniper_top3_sltp,11,757425,757451,1,82957.3,82929.0,142.5,1425.0,inv,26.0,-0.11125730000000292,0.08295730000000001,5.0,sniper_dirty,0.001,-0.19421460000000293
2025-04,B_n_5x50,all_dirty,combined_vs_pure_sniper_top3_sltp,12,814568,814733,-1,81509.2,81653.69999999997,144.4999999999709,1444.999999999709,sl,165.0,-0.22600919999997088,0.08150919999999999,5.0,sniper_dirty,0.001,-0.3075183999999709
2025-04,B_n_5x50,all_dirty,combined_vs_pure_sniper_top3_sltp,13,827743,827991,1,78751.0,78633.4,597.0000000000437,5970.000000000437,inv,248.0,-0.19635100000000583,0.078751,5.0,sniper_dirty,0.001,-0.27510200000000584
2025-04,B_n_5x50,all_dirty,combined_vs_pure_sniper_top3_sltp,14,829552,829576,1,79173.2,79139.4,100.5000000000291,1005.000000000291,inv,24.0,-0.11297320000000291,0.0791732,5.0,sniper_dirty,0.001,-0.1921464000000029
2025-04,B_n_5x50,all_dirty,combined_vs_pure_sniper_top3_sltp,15,831687,831693,-1,79266.6,79300.5,200.0,2000.0,inv,6.0,-0.11316659999999418,0.0792666,5.0,sniper_dirty,0.001,-0.1924331999999942
2025-04,B_n_5x50,all_dirty,combined_vs_pure_sniper_top3_sltp,16,854638,854645,1,79415.7,79405.5,105.5000000000291,1055.000000000291,inv,7.0,-0.08961569999999709,0.0794157,5.0,sniper_dirty,0.001,-0.1690313999999971
2025-04,B_n_5x50,all_dirty,combined_vs_pure_sniper_top3_sltp,17,831600,855415,1,79236.5,78973.00000000001,263.49999999998545,2634.9999999998545,sl,24228.0,-0.34273649999998546,0.0792365,5.0,sniper_dirty,0.001,-0.42197299999998544
2025-04,B_n_5x50,all_dirty,combined_vs_pure_sniper_top3_sltp,18,880686,880687,-1,80779.6,80808.3,189.00000000001455,1890.0000000001455,inv,1.0,-0.1094795999999971,0.08077960000000001,5.0,sniper_dirty,0.001,-0.1902591999999971
2025-04,B_n_5x50,all_dirty,combined_vs_pure_sniper_top3_sltp,19,870988,880965,1,80543.8,81853.80000000058,131.0000000000582,1310.000000000582,tp,10022.0,1.229456200000582,0.08054380000000001,5.0,sniper_dirty,0.001,1.148912400000582
2025-04,B_n_5x50,all_dirty,combined_vs_pure_sniper_top3_sltp,20,863815,889780,1,80627.9,82807.90000000029,218.0000000000291,2180.000000000291,tp,26029.0,2.099372100000291,0.0806279,5.0,sniper_dirty,0.001,2.018744200000291
2025-04,B_n_5x50,all_dirty,combined_vs_pure_sniper_top3_sltp,21,889177,890376,1,82690.8,82585.8,105.0,1050.0,sl,1199.0,-0.1876908,0.08269080000000001,5.0,sniper_dirty,0.001,-0.2703816
2025-04,B_n_5x50,all_dirty,combined_vs_pure_sniper_top3_sltp,22,896810,896850,-1,82286.5,82348.1,297.5,2975.0,inv,40.0,-0.14388650000000583,0.0822865,5.0,sniper_dirty,0.001,-0.22617300000000584
2025-04,B_n_5x50,all_dirty,combined_vs_pure_sniper_top3_sltp,23,905779,905827,1,82123.8,81985.5,736.9999999999709,7369.999999999709,inv,48.0,-0.22042380000000295,0.08212380000000001,5.0,sniper_dirty,0.001,-0.30254760000000297
2025-04,B_n_5x50,all_dirty,combined_vs_pure_sniper_top3_sltp,24,909245,909423,-1,82462.4,82515.0,281.50000000001455,2815.0000000001455,inv,181.0,-0.13506240000000583,0.0824624,5.0,sniper_dirty,0.001,-0.21752480000000585
2025-04,B_n_5x50,all_dirty,combined_vs_pure_sniper_top3_sltp,25,880711,915216,1,80874.3,83454.3000000003,258.0000000000291,2580.000000000291,tp,34520.0,2.499125700000291,0.08087430000000001,5.0,sniper_dirty,0.001,2.418251400000291
2025-04,B_n_5x50,all_dirty,combined_vs_pure_sniper_top3_sltp,26,1245361,1245363,1,85652.4,85619.5,225.5000000000291,2255.000000000291,inv,2.0,-0.11855239999999417,0.0856524,5.0,sniper_dirty,0.001,-0.2042047999999942
2025-04,B_n_5x50,all_dirty,combined_vs_pure_sniper_top3_sltp,27,1342528,1342528,-1,85329.7,85354.9,387.99999999995634,3879.9999999995634,inv,0.0,-0.1105296999999971,0.08532970000000001,5.0,sniper_dirty,0.001,-0.1958593999999971
2025-04,B_n_5x50,all_dirty,combined_vs_pure_sniper_top3_sltp,28,1344882,1344918,-1,83657.4,83889.9,232.5,2325.0,sl,36.0,-0.31615740000000003,0.08365739999999999,5.0,sniper_dirty,0.001,-0.3998148
2025-04,B_n_5x50,all_dirty,combined_vs_pure_sniper_top3_sltp,29,1344808,1344921,-1,83748.0,83923.50000000003,175.5000000000291,1755.000000000291,sl,113.0,-0.2592480000000291,0.083748,5.0,sniper_dirty,0.001,-0.3429960000000291
2025-04,B_n_5x50,all_dirty,combined_vs_pure_sniper_top3_sltp,30,1420429,1505007,1,84531.9,84289.90000000002,241.9999999999709,2419.999999999709,sl,88158.0,-0.3265318999999709,0.0845319,5.0,sniper_dirty,0.001,-0.4110637999999709
2025-04,B_n_5x50,all_dirty,combined_vs_pure_sniper_top3_sltp,31,1541534,1541577,-1,84824.9,84870.1,235.0,2350.0,inv,43.0,-0.13002490000001163,0.0848249,5.0,sniper_dirty,0.001,-0.21484980000001164
2025-04,B_n_5x50,all_dirty,combined_vs_pure_sniper_top3_sltp,32,1701779,1702010,1,87439.7,87317.70000000003,121.9999999999709,1219.999999999709,sl,231.0,-0.20943969999997092,0.08743970000000001,5.0,sniper_dirty,0.001,-0.2968793999999709
2025-04,B_n_5x50,all_dirty,combined_vs_pure_sniper_top3_sltp,33,1747797,1747813,-1,87927.6,87946.1,129.50000000004366,1295.0000000004366,inv,16.0,-0.10642760000000001,0.08792760000000001,5.0,sniper_dirty,0.001,-0.1943552
2025-04,B_n_5x50,all_dirty,combined_vs_pure_sniper_top3_sltp,34,1748294,1749627,1,88066.7,87900.70000000001,165.99999999998545,1659.9999999998545,sl,1333.0,-0.25406669999998543,0.0880667,5.0,sniper_dirty,0.001,-0.34213339999998543
2025-04,B_n_5x50,all_dirty,combined_vs_pure_sniper_top3_sltp,35,1743871,1754330,1,87390.6,86495.6,895.0,8950.0,sl,10464.0,-0.9823906,0.08739060000000001,5.0,sniper_dirty,0.001,-1.0697812
2025-04,B_n_5x50,all_dirty,combined_vs_pure_sniper_top3_sltp,36,1755274,1763354,-1,86899.9,87379.40000000004,479.50000000004366,4795.000000000437,sl,8109.0,-0.5663999000000437,0.0868999,5.0,sniper_dirty,0.001,-0.6532998000000437
2025-04,B_n_5x50,all_dirty,combined_vs_pure_sniper_top3_sltp,37,1828160,1828584,1,90174.0,89944.50000000003,229.4999999999709,2294.999999999709,sl,424.0,-0.3196739999999709,0.090174,5.0,sniper_dirty,0.001,-0.4098479999999709
2025-04,B_n_5x50,all_dirty,combined_vs_pure_sniper_top3_sltp,38,1830144,1830152,-1,90318.3,90337.7,151.50000000001455,1515.0000000001455,inv,8.0,-0.10971829999999419,0.0903183,5.0,sniper_dirty,0.001,-0.20003659999999418
2025-04,B_n_5x50,all_dirty,combined_vs_pure_sniper_top3_sltp,39,1782623,1831092,1,87553.5,90493.49999999942,293.9999999999418,2939.999999999418,tp,48783.0,2.8524464999994184,0.0875535,5.0,sniper_dirty,0.001,2.7648929999994185
2025-04,B_n_5x50,all_dirty,combined_vs_pure_sniper_top3_sltp,40,1827401,1832741,1,89684.3,91224.30000000015,154.00000000001455,1540.0000000001455,tp,5340.0,1.4503157000001454,0.08968430000000001,5.0,sniper_dirty,0.001,1.3606314000001454
2025-04,B_n_5x50,all_dirty,combined_vs_pure_sniper_top3_sltp,41,1832158,1834903,1,90633.2,90511.20000000003,121.9999999999709,1219.999999999709,sl,2745.0,-0.2126331999999709,0.09063320000000001,5.0,sniper_dirty,0.001,-0.3032663999999709
2025-04,B_n_5x50,all_dirty,combined_vs_pure_sniper_top3_sltp,42,1851442,1855028,-1,91268.0,91378.0,110.0,1100.0,sl,3689.0,-0.201268,0.091268,5.0,sniper_dirty,0.001,-0.292536
2025-04,B_n_5x50,all_dirty,combined_vs_pure_sniper_top3_sltp,43,1855437,1855728,-1,91503.0,91566.9,220.99999999998545,2209.9999999998545,inv,291.0,-0.15540299999999418,0.091503,5.0,sniper_dirty,0.001,-0.24690599999999419
2025-04,B_n_5x50,all_dirty,combined_vs_pure_sniper_top3_sltp,44,1828707,1856852,1,89975.4,93530.40000000029,355.5000000000291,3555.000000000291,tp,28277.0,3.465024600000291,0.0899754,5.0,sniper_dirty,0.001,3.3750492000002907
2025-04,B_n_5x50,all_dirty,combined_vs_pure_sniper_top3_sltp,45,1829202,1856852,1,90108.7,93608.7,350.0,3500.0,tp,27782.0,3.4098913,0.0901087,5.0,sniper_dirty,0.001,3.3197826
2025-04,B_n_5x50,all_dirty,combined_vs_pure_sniper_top3_sltp,46,2014022,2014068,1,92736.1,92707.3,169.00000000001455,1690.0000000001455,inv,46.0,-0.12153610000000292,0.09273610000000002,5.0,sniper_dirty,0.001,-0.21427220000000294
2025-04,B_n_5x50,all_dirty,combined_vs_pure_sniper_top3_sltp,47,2036533,2043567,1,93499.9,93477.2,110.99999999998545,1109.9999999998545,inv,7093.0,-0.11619989999999708,0.0934999,5.0,sniper_dirty,0.001,-0.20969979999999708
2025-04,B_n_5x50,all_dirty,combined_vs_pure_sniper_top3_sltp,48,2053144,2058589,-1,92988.2,93396.69999999998,408.49999999998545,4084.9999999998545,sl,5578.0,-0.5014881999999854,0.0929882,5.0,sniper_dirty,0.001,-0.5944763999999854
2025-04,B_n_5x50,all_dirty,combined_vs_pure_sniper_top3_sltp,49,2289560,2294059,-1,93260.5,93381.49999999999,120.99999999998545,1209.9999999998545,sl,4503.0,-0.21426049999998548,0.09326050000000001,5.0,sniper_dirty,0.001,-0.3075209999999855
2025-04,B_n_5x50,all_dirty,combined_vs_pure_sniper_top3_sltp,50,2429707,2429868,-1,95218.8,95276.0,307.5,3075.0,inv,161.0,-0.1524187999999971,0.0952188,5.0,sniper_dirty,0.001,-0.24763759999999713
2025-04,B_n_5x50,all_dirty,combined_vs_pure_sniper_top3_sltp,51,2432775,2434092,-1,95111.5,95389.50000000003,278.0000000000291,2780.000000000291,sl,1342.0,-0.37311150000002913,0.09511150000000002,5.0,sniper_dirty,0.001,-0.46822300000002914
2025-04,B_n_5x50,all_dirty,combined_vs_pure_sniper_top3_sltp,52,2469316,2472650,-1,94982.4,95036.2,247.99999999995634,2479.9999999995634,inv,3447.0,-0.14878240000000292,0.0949824,5.0,sniper_dirty,0.001,-0.24376480000000292
2025-04,B_n_5x50,all_dirty,combined_vs_pure_sniper_top3_sltp,53,2508922,2509685,-1,93870.5,93900.5,200.0,2000.0,inv,767.0,-0.12387050000000001,0.09387050000000001,5.0,sniper_dirty,0.001,-0.21774100000000002
2025-04,B_n_7x45,combined,combined_vs_pure_sniper_top3_sltp,0,685131,685225,-1,74785.0,75170.0,385.0,2475.0,sl,94.0,-0.459785,0.074785,5.0,ifvg_clean,0.001,-0.53457
2025-04,B_n_7x45,combined,combined_vs_pure_sniper_top3_sltp,1,722476,725794,-1,76115.3,76617.19999999998,501.8999999999796,3226.499999999869,sl,3319.0,-0.5780152999999796,0.07611530000000001,5.0,ifvg_clean,0.001,-0.6541305999999796
2025-04,B_n_7x45,combined,combined_vs_pure_sniper_top3_sltp,2,726477,726477,-1,76876.0,76889.7,263.8999999999796,1696.499999999869,inv,0.0,-0.09057599999999709,0.076876,5.0,ifvg_clean,0.001,-0.1674519999999971
2025-04,B_n_7x45,combined,combined_vs_pure_sniper_top3_sltp,3,733840,733913,-1,76946.1,77165.20000000003,219.10000000002037,1408.500000000131,sl,73.0,-0.2960461000000204,0.0769461,5.0,ifvg_clean,0.001,-0.3729922000000204
2025-04,B_n_7x45,combined,combined_vs_pure_sniper_top3_sltp,4,735506,735542,1,77517.3,77425.5,658.0,4230.0,inv,36.0,-0.16931730000000292,0.07751730000000001,5.0,ifvg_clean,0.001,-0.24683460000000293
2025-04,B_n_7x45,combined,combined_vs_pure_sniper_top3_sltp,5,737180,737306,1,77168.0,77129.9,319.20000000004075,2052.000000000262,inv,129.0,-0.11526800000000584,0.07716800000000001,5.0,ifvg_clean,0.001,-0.19243600000000585
2025-04,B_n_7x45,combined,combined_vs_pure_sniper_top3_sltp,6,732178,739636,-1,77844.1,77874.5,176.39999999997963,1133.999999999869,inv,7462.0,-0.1082440999999942,0.07784410000000001,5.0,ifvg_clean,0.001,-0.1860881999999942
2025-04,B_n_7x45,combined,combined_vs_pure_sniper_top3_sltp,7,725360,740964,1,76392.0,78502.49999999974,328.29999999995925,2110.499999999738,tp,15609.0,2.0341079999997382,0.076392,5.0,ifvg_clean,0.001,1.9577159999997382
2025-04,B_n_7x45,combined,combined_vs_pure_sniper_top3_sltp,8,741966,741994,-1,77883.3,78003.7,302.3999999999796,1943.999999999869,inv,28.0,-0.19828329999999417,0.0778833,5.0,ifvg_clean,0.001,-0.27616659999999416
2025-04,B_n_7x45,combined,combined_vs_pure_sniper_top3_sltp,9,742005,742011,-1,78526.7,78573.9,364.0,2340.0,inv,6.0,-0.12572669999999708,0.0785267,5.0,ifvg_clean,0.001,-0.2042533999999971
2025-04,B_n_7x45,combined,combined_vs_pure_sniper_top3_sltp,10,742004,742252,1,78295.3,80306.80000000053,312.9000000000815,2011.5000000005239,tp,248.0,1.933204700000524,0.0782953,5.0,ifvg_clean,0.001,1.854909400000524
2025-04,B_n_7x45,combined,combined_vs_pure_sniper_top3_sltp,11,757425,757451,1,82957.3,82929.0,199.5,1282.5,inv,26.0,-0.11125730000000292,0.08295730000000001,5.0,ifvg_clean,0.001,-0.19421460000000293
2025-04,B_n_7x45,combined,combined_vs_pure_sniper_top3_sltp,12,814568,818463,-1,81509.2,81711.49999999996,202.29999999995925,1300.499999999738,sl,3895.0,-0.28380919999995924,0.08150919999999999,5.0,ifvg_clean,0.001,-0.36531839999995924
2025-04,B_n_7x45,combined,combined_vs_pure_sniper_top3_sltp,13,827743,827991,1,78751.0,78633.4,835.8000000000611,5373.000000000393,inv,248.0,-0.19635100000000583,0.078751,5.0,ifvg_clean,0.001,-0.27510200000000584
2025-04,B_n_7x45,combined,combined_vs_pure_sniper_top3_sltp,14,829552,829576,1,79173.2,79139.4,140.70000000004075,904.5000000002619,inv,24.0,-0.11297320000000291,0.0791732,5.0,ifvg_clean,0.001,-0.1921464000000029
2025-04,B_n_7x45,combined,combined_vs_pure_sniper_top3_sltp,15,831687,831693,-1,79266.6,79300.5,280.0,1800.0,inv,6.0,-0.11316659999999418,0.0792666,5.0,ifvg_clean,0.001,-0.1924331999999942
2025-04,B_n_7x45,combined,combined_vs_pure_sniper_top3_sltp,16,854638,854645,1,79415.7,79405.5,147.70000000004075,949.5000000002619,inv,7.0,-0.08961569999999709,0.0794157,5.0,ifvg_clean,0.001,-0.1690313999999971
2025-04,B_n_7x45,combined,combined_vs_pure_sniper_top3_sltp,17,880686,880687,-1,80779.6,80808.3,264.6000000000204,1701.000000000131,inv,1.0,-0.1094795999999971,0.08077960000000001,5.0,ifvg_clean,0.001,-0.1902591999999971
2025-04,B_n_7x45,combined,combined_vs_pure_sniper_top3_sltp,18,831600,880912,1,79236.5,81607.99999999987,368.8999999999796,2371.499999999869,tp,49806.0,2.2922634999998692,0.0792365,5.0,ifvg_clean,0.001,2.2130269999998693
2025-04,B_n_7x45,combined,combined_vs_pure_sniper_top3_sltp,19,870988,880913,1,80543.8,81722.80000000053,183.4000000000815,1179.0000000005239,tp,9970.0,1.0984562000005238,0.08054380000000001,5.0,ifvg_clean,0.001,1.0179124000005237
2025-04,B_n_7x45,combined,combined_vs_pure_sniper_top3_sltp,20,863815,888940,1,80627.9,82589.90000000026,305.20000000004075,1962.000000000262,tp,25189.0,1.881372100000262,0.0806279,5.0,ifvg_clean,0.001,1.8007442000002618
2025-04,B_n_7x45,combined,combined_vs_pure_sniper_top3_sltp,21,889177,890525,1,82690.8,82543.8,147.0,945.0,sl,1348.0,-0.2296908,0.08269080000000001,5.0,ifvg_clean,0.001,-0.31238160000000004
2025-04,B_n_7x45,combined,combined_vs_pure_sniper_top3_sltp,22,896810,896850,-1,82286.5,82348.1,416.5,2677.5,inv,40.0,-0.14388650000000583,0.0822865,5.0,ifvg_clean,0.001,-0.22617300000000584
2025-04,B_n_7x45,combined,combined_vs_pure_sniper_top3_sltp,23,880711,900952,1,80874.3,83196.30000000026,361.20000000004075,2322.000000000262,tp,20246.0,2.241125700000262,0.08087430000000001,5.0,ifvg_clean,0.001,2.160251400000262
2025-04,B_n_7x45,combined,combined_vs_pure_sniper_top3_sltp,24,905779,905827,1,82123.8,81985.5,1031.7999999999593,6632.999999999738,inv,48.0,-0.22042380000000295,0.08212380000000001,5.0,ifvg_clean,0.001,-0.30254760000000297
2025-04,B_n_7x45,combined,combined_vs_pure_sniper_top3_sltp,25,909245,909423,-1,82462.4,82515.0,394.1000000000204,2533.500000000131,inv,181.0,-0.13506240000000583,0.0824624,5.0,ifvg_clean,0.001,-0.21752480000000585
2025-04,B_n_7x45,combined,combined_vs_pure_sniper_top3_sltp,26,1245361,1245363,1,85652.4,85619.5,315.70000000004075,2029.500000000262,inv,2.0,-0.11855239999999417,0.0856524,5.0,ifvg_clean,0.001,-0.2042047999999942
2025-04,B_n_7x45,combined,combined_vs_pure_sniper_top3_sltp,27,1342528,1342528,-1,85329.7,85354.9,543.1999999999389,3491.999999999607,inv,0.0,-0.1105296999999971,0.08532970000000001,5.0,ifvg_clean,0.001,-0.1958593999999971
2025-04,B_n_7x45,combined,combined_vs_pure_sniper_top3_sltp,28,1344882,1344927,-1,83657.4,83982.9,325.5,2092.5,sl,45.0,-0.4091574,0.08365739999999999,5.0,ifvg_clean,0.001,-0.4928148
2025-04,B_n_7x45,combined,combined_vs_pure_sniper_top3_sltp,29,1344808,1344932,-1,83748.0,83993.70000000004,245.70000000004075,1579.500000000262,sl,124.0,-0.32944800000004076,0.083748,5.0,ifvg_clean,0.001,-0.41319600000004075
2025-04,B_n_7x45,combined,combined_vs_pure_sniper_top3_sltp,30,1541534,1541577,-1,84824.9,84870.1,329.0,2115.0,inv,43.0,-0.13002490000001163,0.0848249,5.0,ifvg_clean,0.001,-0.21484980000001164
2025-04,B_n_7x45,combined,combined_vs_pure_sniper_top3_sltp,31,1420429,1647425,1,84531.9,84193.10000000003,338.79999999995925,2177.999999999738,sl,241829.0,-0.42333189999995924,0.0845319,5.0,ifvg_clean,0.001,-0.5078637999999592
2025-04,B_n_7x45,combined,combined_vs_pure_sniper_top3_sltp,32,1701779,1702546,1,87439.7,87268.90000000004,170.79999999995925,1097.999999999738,sl,767.0,-0.25823969999995927,0.08743970000000001,5.0,ifvg_clean,0.001,-0.3456793999999593
2025-04,B_n_7x45,combined,combined_vs_pure_sniper_top3_sltp,33,1747797,1747813,-1,87927.6,87946.1,181.30000000006112,1165.500000000393,inv,16.0,-0.10642760000000001,0.08792760000000001,5.0,ifvg_clean,0.001,-0.1943552
2025-04,B_n_7x45,combined,combined_vs_pure_sniper_top3_sltp,34,1748294,1752045,1,88066.7,87834.30000000002,232.39999999997963,1493.999999999869,sl,3756.0,-0.3204666999999796,0.0880667,5.0,ifvg_clean,0.001,-0.4085333999999796
2025-04,B_n_7x45,combined,combined_vs_pure_sniper_top3_sltp,35,1755274,1778454,-1,86899.9,87571.20000000006,671.3000000000611,4315.500000000393,sl,23664.0,-0.7581999000000612,0.0868999,5.0,ifvg_clean,0.001,-0.8450998000000612
2025-04,B_n_7x45,combined,combined_vs_pure_sniper_top3_sltp,36,1782623,1827966,1,87553.5,90199.49999999948,411.5999999999185,2645.999999999476,tp,45657.0,2.5584464999994765,0.0875535,5.0,ifvg_clean,0.001,2.4708929999994766
2025-04,B_n_7x45,combined,combined_vs_pure_sniper_top3_sltp,37,1828160,1828624,1,90174.0,89852.70000000004,321.29999999995925,2065.499999999738,sl,464.0,-0.41147399999995926,0.090174,5.0,ifvg_clean,0.001,-0.5016479999999592
2025-04,B_n_7x45,combined,combined_vs_pure_sniper_top3_sltp,38,1830144,1830152,-1,90318.3,90337.7,212.10000000002037,1363.500000000131,inv,8.0,-0.10971829999999419,0.0903183,5.0,ifvg_clean,0.001,-0.20003659999999418
2025-04,B_n_7x45,combined,combined_vs_pure_sniper_top3_sltp,39,1827401,1832666,1,89684.3,91070.30000000013,215.60000000002037,1386.000000000131,tp,5265.0,1.2963157000001309,0.08968430000000001,5.0,ifvg_clean,0.001,1.2066314000001308
2025-04,B_n_7x45,combined,combined_vs_pure_sniper_top3_sltp,40,1832158,1834964,1,90633.2,90462.40000000004,170.79999999995925,1097.999999999738,sl,2806.0,-0.2614331999999593,0.09063320000000001,5.0,ifvg_clean,0.001,-0.3520663999999593
2025-04,B_n_7x45,combined,combined_vs_pure_sniper_top3_sltp,41,1851442,1855056,-1,91268.0,91422.0,154.0,990.0,sl,3717.0,-0.24526799999999999,0.091268,5.0,ifvg_clean,0.001,-0.336536
2025-04,B_n_7x45,combined,combined_vs_pure_sniper_top3_sltp,42,1855437,1855728,-1,91503.0,91566.9,309.3999999999796,1988.999999999869,inv,291.0,-0.15540299999999418,0.091503,5.0,ifvg_clean,0.001,-0.24690599999999419
2025-04,B_n_7x45,combined,combined_vs_pure_sniper_top3_sltp,43,1828707,1856848,1,89975.4,93174.90000000026,497.70000000004075,3199.500000000262,tp,28273.0,3.109524600000262,0.0899754,5.0,ifvg_clean,0.001,3.0195492000002617
2025-04,B_n_7x45,combined,combined_vs_pure_sniper_top3_sltp,44,1829202,1856849,1,90108.7,93258.7,490.0,3150.0,tp,27779.0,3.0598913,0.0901087,5.0,ifvg_clean,0.001,2.9697826
2025-04,B_n_7x45,combined,combined_vs_pure_sniper_top3_sltp,45,2014022,2014068,1,92736.1,92707.3,236.60000000002037,1521.000000000131,inv,46.0,-0.12153610000000292,0.09273610000000002,5.0,ifvg_clean,0.001,-0.21427220000000294
2025-04,B_n_7x45,combined,combined_vs_pure_sniper_top3_sltp,46,2036533,2043567,1,93499.9,93477.2,155.39999999997963,998.999999999869,inv,7093.0,-0.11619989999999708,0.0934999,5.0,ifvg_clean,0.001,-0.20969979999999708
2025-04,B_n_7x45,combined,combined_vs_pure_sniper_top3_sltp,47,2053144,2060047,-1,92988.2,93560.09999999998,571.8999999999796,3676.499999999869,sl,7050.0,-0.6648881999999796,0.0929882,5.0,ifvg_clean,0.001,-0.7578763999999796
2025-04,B_n_7x45,combined,combined_vs_pure_sniper_top3_sltp,48,1743871,2088151,1,87390.6,95445.6,1253.0,8055.0,tp,347726.0,7.9676094,0.08739060000000001,5.0,ifvg_clean,0.001,7.8802188
2025-04,B_n_7x45,combined,combined_vs_pure_sniper_top3_sltp,49,2289560,2294162,-1,93260.5,93429.89999999998,169.39999999997963,1088.999999999869,sl,4606.0,-0.26266049999997965,0.09326050000000001,5.0,ifvg_clean,0.001,-0.35592099999997967
2025-04,B_n_7x45,combined,combined_vs_pure_sniper_top3_sltp,50,2429707,2429868,-1,95218.8,95276.0,430.5,2767.5,inv,161.0,-0.1524187999999971,0.0952188,5.0,ifvg_clean,0.001,-0.24763759999999713
2025-04,B_n_7x45,combined,combined_vs_pure_sniper_top3_sltp,51,2469316,2472650,-1,94982.4,95036.2,347.1999999999389,2231.999999999607,inv,3447.0,-0.14878240000000292,0.0949824,5.0,ifvg_clean,0.001,-0.24376480000000292
2025-04,B_n_7x45,combined,combined_vs_pure_sniper_top3_sltp,52,2508922,2509685,-1,93870.5,93900.5,280.0,1800.0,inv,767.0,-0.12387050000000001,0.09387050000000001,5.0,ifvg_clean,0.001,-0.21774100000000002
2025-04,B_n_7x45,combined,combined_vs_pure_sniper_top3_sltp,53,2432775,2539106,-1,95111.5,94125.1,389.20000000004075,2502.000000000262,eod,109201.0,0.8912884999999942,0.09511150000000002,5.0,ifvg_clean,0.001,0.7961769999999941
2025-04,B_n_7x45,all_clean,combined_vs_pure_sniper_top3_sltp,0,685131,685225,-1,74785.0,75170.0,385.0,2475.0,sl,94.0,-0.459785,0.074785,5.0,ifvg_clean,0.001,-0.53457
2025-04,B_n_7x45,all_clean,combined_vs_pure_sniper_top3_sltp,1,722476,725794,-1,76115.3,76617.19999999998,501.8999999999796,3226.499999999869,sl,3319.0,-0.5780152999999796,0.07611530000000001,5.0,ifvg_clean,0.001,-0.6541305999999796
2025-04,B_n_7x45,all_clean,combined_vs_pure_sniper_top3_sltp,2,726477,726477,-1,76876.0,76889.7,263.8999999999796,1696.499999999869,inv,0.0,-0.09057599999999709,0.076876,5.0,ifvg_clean,0.001,-0.1674519999999971
2025-04,B_n_7x45,all_clean,combined_vs_pure_sniper_top3_sltp,3,733840,733913,-1,76946.1,77165.20000000003,219.10000000002037,1408.500000000131,sl,73.0,-0.2960461000000204,0.0769461,5.0,ifvg_clean,0.001,-0.3729922000000204
2025-04,B_n_7x45,all_clean,combined_vs_pure_sniper_top3_sltp,4,735506,735542,1,77517.3,77425.5,658.0,4230.0,inv,36.0,-0.16931730000000292,0.07751730000000001,5.0,ifvg_clean,0.001,-0.24683460000000293
2025-04,B_n_7x45,all_clean,combined_vs_pure_sniper_top3_sltp,5,737180,737306,1,77168.0,77129.9,319.20000000004075,2052.000000000262,inv,129.0,-0.11526800000000584,0.07716800000000001,5.0,ifvg_clean,0.001,-0.19243600000000585
2025-04,B_n_7x45,all_clean,combined_vs_pure_sniper_top3_sltp,6,732178,739636,-1,77844.1,77874.5,176.39999999997963,1133.999999999869,inv,7462.0,-0.1082440999999942,0.07784410000000001,5.0,ifvg_clean,0.001,-0.1860881999999942
2025-04,B_n_7x45,all_clean,combined_vs_pure_sniper_top3_sltp,7,725360,740964,1,76392.0,78502.49999999974,328.29999999995925,2110.499999999738,tp,15609.0,2.0341079999997382,0.076392,5.0,ifvg_clean,0.001,1.9577159999997382
2025-04,B_n_7x45,all_clean,combined_vs_pure_sniper_top3_sltp,8,741966,741994,-1,77883.3,78003.7,302.3999999999796,1943.999999999869,inv,28.0,-0.19828329999999417,0.0778833,5.0,ifvg_clean,0.001,-0.27616659999999416
2025-04,B_n_7x45,all_clean,combined_vs_pure_sniper_top3_sltp,9,742005,742011,-1,78526.7,78573.9,364.0,2340.0,inv,6.0,-0.12572669999999708,0.0785267,5.0,ifvg_clean,0.001,-0.2042533999999971
2025-04,B_n_7x45,all_clean,combined_vs_pure_sniper_top3_sltp,10,742004,742252,1,78295.3,80306.80000000053,312.9000000000815,2011.5000000005239,tp,248.0,1.933204700000524,0.0782953,5.0,ifvg_clean,0.001,1.854909400000524
2025-04,B_n_7x45,all_clean,combined_vs_pure_sniper_top3_sltp,11,757425,757451,1,82957.3,82929.0,199.5,1282.5,inv,26.0,-0.11125730000000292,0.08295730000000001,5.0,ifvg_clean,0.001,-0.19421460000000293
2025-04,B_n_7x45,all_clean,combined_vs_pure_sniper_top3_sltp,12,814568,818463,-1,81509.2,81711.49999999996,202.29999999995925,1300.499999999738,sl,3895.0,-0.28380919999995924,0.08150919999999999,5.0,ifvg_clean,0.001,-0.36531839999995924
2025-04,B_n_7x45,all_clean,combined_vs_pure_sniper_top3_sltp,13,827743,827991,1,78751.0,78633.4,835.8000000000611,5373.000000000393,inv,248.0,-0.19635100000000583,0.078751,5.0,ifvg_clean,0.001,-0.27510200000000584
2025-04,B_n_7x45,all_clean,combined_vs_pure_sniper_top3_sltp,14,829552,829576,1,79173.2,79139.4,140.70000000004075,904.5000000002619,inv,24.0,-0.11297320000000291,0.0791732,5.0,ifvg_clean,0.001,-0.1921464000000029
2025-04,B_n_7x45,all_clean,combined_vs_pure_sniper_top3_sltp,15,831687,831693,-1,79266.6,79300.5,280.0,1800.0,inv,6.0,-0.11316659999999418,0.0792666,5.0,ifvg_clean,0.001,-0.1924331999999942
2025-04,B_n_7x45,all_clean,combined_vs_pure_sniper_top3_sltp,16,854638,854645,1,79415.7,79405.5,147.70000000004075,949.5000000002619,inv,7.0,-0.08961569999999709,0.0794157,5.0,ifvg_clean,0.001,-0.1690313999999971
2025-04,B_n_7x45,all_clean,combined_vs_pure_sniper_top3_sltp,17,880686,880687,-1,80779.6,80808.3,264.6000000000204,1701.000000000131,inv,1.0,-0.1094795999999971,0.08077960000000001,5.0,ifvg_clean,0.001,-0.1902591999999971
2025-04,B_n_7x45,all_clean,combined_vs_pure_sniper_top3_sltp,18,831600,880912,1,79236.5,81607.99999999987,368.8999999999796,2371.499999999869,tp,49806.0,2.2922634999998692,0.0792365,5.0,ifvg_clean,0.001,2.2130269999998693
2025-04,B_n_7x45,all_clean,combined_vs_pure_sniper_top3_sltp,19,870988,880913,1,80543.8,81722.80000000053,183.4000000000815,1179.0000000005239,tp,9970.0,1.0984562000005238,0.08054380000000001,5.0,ifvg_clean,0.001,1.0179124000005237
2025-04,B_n_7x45,all_clean,combined_vs_pure_sniper_top3_sltp,20,863815,888940,1,80627.9,82589.90000000026,305.20000000004075,1962.000000000262,tp,25189.0,1.881372100000262,0.0806279,5.0,ifvg_clean,0.001,1.8007442000002618
2025-04,B_n_7x45,all_clean,combined_vs_pure_sniper_top3_sltp,21,889177,890525,1,82690.8,82543.8,147.0,945.0,sl,1348.0,-0.2296908,0.08269080000000001,5.0,ifvg_clean,0.001,-0.31238160000000004
2025-04,B_n_7x45,all_clean,combined_vs_pure_sniper_top3_sltp,22,896810,896850,-1,82286.5,82348.1,416.5,2677.5,inv,40.0,-0.14388650000000583,0.0822865,5.0,ifvg_clean,0.001,-0.22617300000000584
2025-04,B_n_7x45,all_clean,combined_vs_pure_sniper_top3_sltp,23,880711,900952,1,80874.3,83196.30000000026,361.20000000004075,2322.000000000262,tp,20246.0,2.241125700000262,0.08087430000000001,5.0,ifvg_clean,0.001,2.160251400000262
2025-04,B_n_7x45,all_clean,combined_vs_pure_sniper_top3_sltp,24,905779,905827,1,82123.8,81985.5,1031.7999999999593,6632.999999999738,inv,48.0,-0.22042380000000295,0.08212380000000001,5.0,ifvg_clean,0.001,-0.30254760000000297
2025-04,B_n_7x45,all_clean,combined_vs_pure_sniper_top3_sltp,25,909245,909423,-1,82462.4,82515.0,394.1000000000204,2533.500000000131,inv,181.0,-0.13506240000000583,0.0824624,5.0,ifvg_clean,0.001,-0.21752480000000585
2025-04,B_n_7x45,all_clean,combined_vs_pure_sniper_top3_sltp,26,1245361,1245363,1,85652.4,85619.5,315.70000000004075,2029.500000000262,inv,2.0,-0.11855239999999417,0.0856524,5.0,ifvg_clean,0.001,-0.2042047999999942
2025-04,B_n_7x45,all_clean,combined_vs_pure_sniper_top3_sltp,27,1342528,1342528,-1,85329.7,85354.9,543.1999999999389,3491.999999999607,inv,0.0,-0.1105296999999971,0.08532970000000001,5.0,ifvg_clean,0.001,-0.1958593999999971
2025-04,B_n_7x45,all_clean,combined_vs_pure_sniper_top3_sltp,28,1344882,1344927,-1,83657.4,83982.9,325.5,2092.5,sl,45.0,-0.4091574,0.08365739999999999,5.0,ifvg_clean,0.001,-0.4928148
2025-04,B_n_7x45,all_clean,combined_vs_pure_sniper_top3_sltp,29,1344808,1344932,-1,83748.0,83993.70000000004,245.70000000004075,1579.500000000262,sl,124.0,-0.32944800000004076,0.083748,5.0,ifvg_clean,0.001,-0.41319600000004075
2025-04,B_n_7x45,all_clean,combined_vs_pure_sniper_top3_sltp,30,1541534,1541577,-1,84824.9,84870.1,329.0,2115.0,inv,43.0,-0.13002490000001163,0.0848249,5.0,ifvg_clean,0.001,-0.21484980000001164
2025-04,B_n_7x45,all_clean,combined_vs_pure_sniper_top3_sltp,31,1420429,1647425,1,84531.9,84193.10000000003,338.79999999995925,2177.999999999738,sl,241829.0,-0.42333189999995924,0.0845319,5.0,ifvg_clean,0.001,-0.5078637999999592
2025-04,B_n_7x45,all_clean,combined_vs_pure_sniper_top3_sltp,32,1701779,1702546,1,87439.7,87268.90000000004,170.79999999995925,1097.999999999738,sl,767.0,-0.25823969999995927,0.08743970000000001,5.0,ifvg_clean,0.001,-0.3456793999999593
2025-04,B_n_7x45,all_clean,combined_vs_pure_sniper_top3_sltp,33,1747797,1747813,-1,87927.6,87946.1,181.30000000006112,1165.500000000393,inv,16.0,-0.10642760000000001,0.08792760000000001,5.0,ifvg_clean,0.001,-0.1943552
2025-04,B_n_7x45,all_clean,combined_vs_pure_sniper_top3_sltp,34,1748294,1752045,1,88066.7,87834.30000000002,232.39999999997963,1493.999999999869,sl,3756.0,-0.3204666999999796,0.0880667,5.0,ifvg_clean,0.001,-0.4085333999999796
2025-04,B_n_7x45,all_clean,combined_vs_pure_sniper_top3_sltp,35,1755274,1778454,-1,86899.9,87571.20000000006,671.3000000000611,4315.500000000393,sl,23664.0,-0.7581999000000612,0.0868999,5.0,ifvg_clean,0.001,-0.8450998000000612
2025-04,B_n_7x45,all_clean,combined_vs_pure_sniper_top3_sltp,36,1782623,1827966,1,87553.5,90199.49999999948,411.5999999999185,2645.999999999476,tp,45657.0,2.5584464999994765,0.0875535,5.0,ifvg_clean,0.001,2.4708929999994766
2025-04,B_n_7x45,all_clean,combined_vs_pure_sniper_top3_sltp,37,1828160,1828624,1,90174.0,89852.70000000004,321.29999999995925,2065.499999999738,sl,464.0,-0.41147399999995926,0.090174,5.0,ifvg_clean,0.001,-0.5016479999999592
2025-04,B_n_7x45,all_clean,combined_vs_pure_sniper_top3_sltp,38,1830144,1830152,-1,90318.3,90337.7,212.10000000002037,1363.500000000131,inv,8.0,-0.10971829999999419,0.0903183,5.0,ifvg_clean,0.001,-0.20003659999999418
2025-04,B_n_7x45,all_clean,combined_vs_pure_sniper_top3_sltp,39,1827401,1832666,1,89684.3,91070.30000000013,215.60000000002037,1386.000000000131,tp,5265.0,1.2963157000001309,0.08968430000000001,5.0,ifvg_clean,0.001,1.2066314000001308
2025-04,B_n_7x45,all_clean,combined_vs_pure_sniper_top3_sltp,40,1832158,1834964,1,90633.2,90462.40000000004,170.79999999995925,1097.999999999738,sl,2806.0,-0.2614331999999593,0.09063320000000001,5.0,ifvg_clean,0.001,-0.3520663999999593
2025-04,B_n_7x45,all_clean,combined_vs_pure_sniper_top3_sltp,41,1851442,1855056,-1,91268.0,91422.0,154.0,990.0,sl,3717.0,-0.24526799999999999,0.091268,5.0,ifvg_clean,0.001,-0.336536
2025-04,B_n_7x45,all_clean,combined_vs_pure_sniper_top3_sltp,42,1855437,1855728,-1,91503.0,91566.9,309.3999999999796,1988.999999999869,inv,291.0,-0.15540299999999418,0.091503,5.0,ifvg_clean,0.001,-0.24690599999999419
2025-04,B_n_7x45,all_clean,combined_vs_pure_sniper_top3_sltp,43,1828707,1856848,1,89975.4,93174.90000000026,497.70000000004075,3199.500000000262,tp,28273.0,3.109524600000262,0.0899754,5.0,ifvg_clean,0.001,3.0195492000002617
2025-04,B_n_7x45,all_clean,combined_vs_pure_sniper_top3_sltp,44,1829202,1856849,1,90108.7,93258.7,490.0,3150.0,tp,27779.0,3.0598913,0.0901087,5.0,ifvg_clean,0.001,2.9697826
2025-04,B_n_7x45,all_clean,combined_vs_pure_sniper_top3_sltp,45,2014022,2014068,1,92736.1,92707.3,236.60000000002037,1521.000000000131,inv,46.0,-0.12153610000000292,0.09273610000000002,5.0,ifvg_clean,0.001,-0.21427220000000294
2025-04,B_n_7x45,all_clean,combined_vs_pure_sniper_top3_sltp,46,2036533,2043567,1,93499.9,93477.2,155.39999999997963,998.999999999869,inv,7093.0,-0.11619989999999708,0.0934999,5.0,ifvg_clean,0.001,-0.20969979999999708
2025-04,B_n_7x45,all_clean,combined_vs_pure_sniper_top3_sltp,47,2053144,2060047,-1,92988.2,93560.09999999998,571.8999999999796,3676.499999999869,sl,7050.0,-0.6648881999999796,0.0929882,5.0,ifvg_clean,0.001,-0.7578763999999796
2025-04,B_n_7x45,all_clean,combined_vs_pure_sniper_top3_sltp,48,1743871,2088151,1,87390.6,95445.6,1253.0,8055.0,tp,347726.0,7.9676094,0.08739060000000001,5.0,ifvg_clean,0.001,7.8802188
2025-04,B_n_7x45,all_clean,combined_vs_pure_sniper_top3_sltp,49,2289560,2294162,-1,93260.5,93429.89999999998,169.39999999997963,1088.999999999869,sl,4606.0,-0.26266049999997965,0.09326050000000001,5.0,ifvg_clean,0.001,-0.35592099999997967
2025-04,B_n_7x45,all_clean,combined_vs_pure_sniper_top3_sltp,50,2429707,2429868,-1,95218.8,95276.0,430.5,2767.5,inv,161.0,-0.1524187999999971,0.0952188,5.0,ifvg_clean,0.001,-0.24763759999999713
2025-04,B_n_7x45,all_clean,combined_vs_pure_sniper_top3_sltp,51,2469316,2472650,-1,94982.4,95036.2,347.1999999999389,2231.999999999607,inv,3447.0,-0.14878240000000292,0.0949824,5.0,ifvg_clean,0.001,-0.24376480000000292
2025-04,B_n_7x45,all_clean,combined_vs_pure_sniper_top3_sltp,52,2508922,2509685,-1,93870.5,93900.5,280.0,1800.0,inv,767.0,-0.12387050000000001,0.09387050000000001,5.0,ifvg_clean,0.001,-0.21774100000000002
2025-04,B_n_7x45,all_clean,combined_vs_pure_sniper_top3_sltp,53,2432775,2539106,-1,95111.5,94125.1,389.20000000004075,2502.000000000262,eod,109201.0,0.8912884999999942,0.09511150000000002,5.0,ifvg_clean,0.001,0.7961769999999941
2025-04,B_n_7x45,all_dirty,combined_vs_pure_sniper_top3_sltp,0,685131,685225,-1,74785.0,75170.0,385.0,2475.0,sl,94.0,-0.459785,0.074785,5.0,sniper_dirty,0.001,-0.53457
2025-04,B_n_7x45,all_dirty,combined_vs_pure_sniper_top3_sltp,1,722476,725794,-1,76115.3,76617.19999999998,501.8999999999796,3226.499999999869,sl,3319.0,-0.5780152999999796,0.07611530000000001,5.0,sniper_dirty,0.001,-0.6541305999999796
2025-04,B_n_7x45,all_dirty,combined_vs_pure_sniper_top3_sltp,2,726477,726477,-1,76876.0,76889.7,263.8999999999796,1696.499999999869,inv,0.0,-0.09057599999999709,0.076876,5.0,sniper_dirty,0.001,-0.1674519999999971
2025-04,B_n_7x45,all_dirty,combined_vs_pure_sniper_top3_sltp,3,733840,733913,-1,76946.1,77165.20000000003,219.10000000002037,1408.500000000131,sl,73.0,-0.2960461000000204,0.0769461,5.0,sniper_dirty,0.001,-0.3729922000000204
2025-04,B_n_7x45,all_dirty,combined_vs_pure_sniper_top3_sltp,4,735506,735542,1,77517.3,77425.5,658.0,4230.0,inv,36.0,-0.16931730000000292,0.07751730000000001,5.0,sniper_dirty,0.001,-0.24683460000000293
2025-04,B_n_7x45,all_dirty,combined_vs_pure_sniper_top3_sltp,5,737180,737306,1,77168.0,77129.9,319.20000000004075,2052.000000000262,inv,129.0,-0.11526800000000584,0.07716800000000001,5.0,sniper_dirty,0.001,-0.19243600000000585
2025-04,B_n_7x45,all_dirty,combined_vs_pure_sniper_top3_sltp,6,732178,739636,-1,77844.1,77874.5,176.39999999997963,1133.999999999869,inv,7462.0,-0.1082440999999942,0.07784410000000001,5.0,sniper_dirty,0.001,-0.1860881999999942
2025-04,B_n_7x45,all_dirty,combined_vs_pure_sniper_top3_sltp,7,725360,740964,1,76392.0,78502.49999999974,328.29999999995925,2110.499999999738,tp,15609.0,2.0341079999997382,0.076392,5.0,sniper_dirty,0.001,1.9577159999997382
2025-04,B_n_7x45,all_dirty,combined_vs_pure_sniper_top3_sltp,8,741966,741994,-1,77883.3,78003.7,302.3999999999796,1943.999999999869,inv,28.0,-0.19828329999999417,0.0778833,5.0,sniper_dirty,0.001,-0.27616659999999416
2025-04,B_n_7x45,all_dirty,combined_vs_pure_sniper_top3_sltp,9,742005,742011,-1,78526.7,78573.9,364.0,2340.0,inv,6.0,-0.12572669999999708,0.0785267,5.0,sniper_dirty,0.001,-0.2042533999999971
2025-04,B_n_7x45,all_dirty,combined_vs_pure_sniper_top3_sltp,10,742004,742252,1,78295.3,80306.80000000053,312.9000000000815,2011.5000000005239,tp,248.0,1.933204700000524,0.0782953,5.0,sniper_dirty,0.001,1.854909400000524
2025-04,B_n_7x45,all_dirty,combined_vs_pure_sniper_top3_sltp,11,757425,757451,1,82957.3,82929.0,199.5,1282.5,inv,26.0,-0.11125730000000292,0.08295730000000001,5.0,sniper_dirty,0.001,-0.19421460000000293
2025-04,B_n_7x45,all_dirty,combined_vs_pure_sniper_top3_sltp,12,814568,818463,-1,81509.2,81711.49999999996,202.29999999995925,1300.499999999738,sl,3895.0,-0.28380919999995924,0.08150919999999999,5.0,sniper_dirty,0.001,-0.36531839999995924
2025-04,B_n_7x45,all_dirty,combined_vs_pure_sniper_top3_sltp,13,827743,827991,1,78751.0,78633.4,835.8000000000611,5373.000000000393,inv,248.0,-0.19635100000000583,0.078751,5.0,sniper_dirty,0.001,-0.27510200000000584
2025-04,B_n_7x45,all_dirty,combined_vs_pure_sniper_top3_sltp,14,829552,829576,1,79173.2,79139.4,140.70000000004075,904.5000000002619,inv,24.0,-0.11297320000000291,0.0791732,5.0,sniper_dirty,0.001,-0.1921464000000029
2025-04,B_n_7x45,all_dirty,combined_vs_pure_sniper_top3_sltp,15,831687,831693,-1,79266.6,79300.5,280.0,1800.0,inv,6.0,-0.11316659999999418,0.0792666,5.0,sniper_dirty,0.001,-0.1924331999999942
2025-04,B_n_7x45,all_dirty,combined_vs_pure_sniper_top3_sltp,16,854638,854645,1,79415.7,79405.5,147.70000000004075,949.5000000002619,inv,7.0,-0.08961569999999709,0.0794157,5.0,sniper_dirty,0.001,-0.1690313999999971
2025-04,B_n_7x45,all_dirty,combined_vs_pure_sniper_top3_sltp,17,880686,880687,-1,80779.6,80808.3,264.6000000000204,1701.000000000131,inv,1.0,-0.1094795999999971,0.08077960000000001,5.0,sniper_dirty,0.001,-0.1902591999999971
2025-04,B_n_7x45,all_dirty,combined_vs_pure_sniper_top3_sltp,18,831600,880912,1,79236.5,81607.99999999987,368.8999999999796,2371.499999999869,tp,49806.0,2.2922634999998692,0.0792365,5.0,sniper_dirty,0.001,2.2130269999998693
2025-04,B_n_7x45,all_dirty,combined_vs_pure_sniper_top3_sltp,19,870988,880913,1,80543.8,81722.80000000053,183.4000000000815,1179.0000000005239,tp,9970.0,1.0984562000005238,0.08054380000000001,5.0,sniper_dirty,0.001,1.0179124000005237
2025-04,B_n_7x45,all_dirty,combined_vs_pure_sniper_top3_sltp,20,863815,888940,1,80627.9,82589.90000000026,305.20000000004075,1962.000000000262,tp,25189.0,1.881372100000262,0.0806279,5.0,sniper_dirty,0.001,1.8007442000002618
2025-04,B_n_7x45,all_dirty,combined_vs_pure_sniper_top3_sltp,21,889177,890525,1,82690.8,82543.8,147.0,945.0,sl,1348.0,-0.2296908,0.08269080000000001,5.0,sniper_dirty,0.001,-0.31238160000000004
2025-04,B_n_7x45,all_dirty,combined_vs_pure_sniper_top3_sltp,22,896810,896850,-1,82286.5,82348.1,416.5,2677.5,inv,40.0,-0.14388650000000583,0.0822865,5.0,sniper_dirty,0.001,-0.22617300000000584
2025-04,B_n_7x45,all_dirty,combined_vs_pure_sniper_top3_sltp,23,880711,900952,1,80874.3,83196.30000000026,361.20000000004075,2322.000000000262,tp,20246.0,2.241125700000262,0.08087430000000001,5.0,sniper_dirty,0.001,2.160251400000262
2025-04,B_n_7x45,all_dirty,combined_vs_pure_sniper_top3_sltp,24,905779,905827,1,82123.8,81985.5,1031.7999999999593,6632.999999999738,inv,48.0,-0.22042380000000295,0.08212380000000001,5.0,sniper_dirty,0.001,-0.30254760000000297
2025-04,B_n_7x45,all_dirty,combined_vs_pure_sniper_top3_sltp,25,909245,909423,-1,82462.4,82515.0,394.1000000000204,2533.500000000131,inv,181.0,-0.13506240000000583,0.0824624,5.0,sniper_dirty,0.001,-0.21752480000000585
2025-04,B_n_7x45,all_dirty,combined_vs_pure_sniper_top3_sltp,26,1245361,1245363,1,85652.4,85619.5,315.70000000004075,2029.500000000262,inv,2.0,-0.11855239999999417,0.0856524,5.0,sniper_dirty,0.001,-0.2042047999999942
2025-04,B_n_7x45,all_dirty,combined_vs_pure_sniper_top3_sltp,27,1342528,1342528,-1,85329.7,85354.9,543.1999999999389,3491.999999999607,inv,0.0,-0.1105296999999971,0.08532970000000001,5.0,sniper_dirty,0.001,-0.1958593999999971
2025-04,B_n_7x45,all_dirty,combined_vs_pure_sniper_top3_sltp,28,1344882,1344927,-1,83657.4,83982.9,325.5,2092.5,sl,45.0,-0.4091574,0.08365739999999999,5.0,sniper_dirty,0.001,-0.4928148
2025-04,B_n_7x45,all_dirty,combined_vs_pure_sniper_top3_sltp,29,1344808,1344932,-1,83748.0,83993.70000000004,245.70000000004075,1579.500000000262,sl,124.0,-0.32944800000004076,0.083748,5.0,sniper_dirty,0.001,-0.41319600000004075
2025-04,B_n_7x45,all_dirty,combined_vs_pure_sniper_top3_sltp,30,1541534,1541577,-1,84824.9,84870.1,329.0,2115.0,inv,43.0,-0.13002490000001163,0.0848249,5.0,sniper_dirty,0.001,-0.21484980000001164
2025-04,B_n_7x45,all_dirty,combined_vs_pure_sniper_top3_sltp,31,1420429,1647425,1,84531.9,84193.10000000003,338.79999999995925,2177.999999999738,sl,241829.0,-0.42333189999995924,0.0845319,5.0,sniper_dirty,0.001,-0.5078637999999592
2025-04,B_n_7x45,all_dirty,combined_vs_pure_sniper_top3_sltp,32,1701779,1702546,1,87439.7,87268.90000000004,170.79999999995925,1097.999999999738,sl,767.0,-0.25823969999995927,0.08743970000000001,5.0,sniper_dirty,0.001,-0.3456793999999593
2025-04,B_n_7x45,all_dirty,combined_vs_pure_sniper_top3_sltp,33,1747797,1747813,-1,87927.6,87946.1,181.30000000006112,1165.500000000393,inv,16.0,-0.10642760000000001,0.08792760000000001,5.0,sniper_dirty,0.001,-0.1943552
2025-04,B_n_7x45,all_dirty,combined_vs_pure_sniper_top3_sltp,34,1748294,1752045,1,88066.7,87834.30000000002,232.39999999997963,1493.999999999869,sl,3756.0,-0.3204666999999796,0.0880667,5.0,sniper_dirty,0.001,-0.4085333999999796
2025-04,B_n_7x45,all_dirty,combined_vs_pure_sniper_top3_sltp,35,1755274,1778454,-1,86899.9,87571.20000000006,671.3000000000611,4315.500000000393,sl,23664.0,-0.7581999000000612,0.0868999,5.0,sniper_dirty,0.001,-0.8450998000000612
2025-04,B_n_7x45,all_dirty,combined_vs_pure_sniper_top3_sltp,36,1782623,1827966,1,87553.5,90199.49999999948,411.5999999999185,2645.999999999476,tp,45657.0,2.5584464999994765,0.0875535,5.0,sniper_dirty,0.001,2.4708929999994766
2025-04,B_n_7x45,all_dirty,combined_vs_pure_sniper_top3_sltp,37,1828160,1828624,1,90174.0,89852.70000000004,321.29999999995925,2065.499999999738,sl,464.0,-0.41147399999995926,0.090174,5.0,sniper_dirty,0.001,-0.5016479999999592
2025-04,B_n_7x45,all_dirty,combined_vs_pure_sniper_top3_sltp,38,1830144,1830152,-1,90318.3,90337.7,212.10000000002037,1363.500000000131,inv,8.0,-0.10971829999999419,0.0903183,5.0,sniper_dirty,0.001,-0.20003659999999418
2025-04,B_n_7x45,all_dirty,combined_vs_pure_sniper_top3_sltp,39,1827401,1832666,1,89684.3,91070.30000000013,215.60000000002037,1386.000000000131,tp,5265.0,1.2963157000001309,0.08968430000000001,5.0,sniper_dirty,0.001,1.2066314000001308
2025-04,B_n_7x45,all_dirty,combined_vs_pure_sniper_top3_sltp,40,1832158,1834964,1,90633.2,90462.40000000004,170.79999999995925,1097.999999999738,sl,2806.0,-0.2614331999999593,0.09063320000000001,5.0,sniper_dirty,0.001,-0.3520663999999593
2025-04,B_n_7x45,all_dirty,combined_vs_pure_sniper_top3_sltp,41,1851442,1855056,-1,91268.0,91422.0,154.0,990.0,sl,3717.0,-0.24526799999999999,0.091268,5.0,sniper_dirty,0.001,-0.336536
2025-04,B_n_7x45,all_dirty,combined_vs_pure_sniper_top3_sltp,42,1855437,1855728,-1,91503.0,91566.9,309.3999999999796,1988.999999999869,inv,291.0,-0.15540299999999418,0.091503,5.0,sniper_dirty,0.001,-0.24690599999999419
2025-04,B_n_7x45,all_dirty,combined_vs_pure_sniper_top3_sltp,43,1828707,1856848,1,89975.4,93174.90000000026,497.70000000004075,3199.500000000262,tp,28273.0,3.109524600000262,0.0899754,5.0,sniper_dirty,0.001,3.0195492000002617
2025-04,B_n_7x45,all_dirty,combined_vs_pure_sniper_top3_sltp,44,1829202,1856849,1,90108.7,93258.7,490.0,3150.0,tp,27779.0,3.0598913,0.0901087,5.0,sniper_dirty,0.001,2.9697826
2025-04,B_n_7x45,all_dirty,combined_vs_pure_sniper_top3_sltp,45,2014022,2014068,1,92736.1,92707.3,236.60000000002037,1521.000000000131,inv,46.0,-0.12153610000000292,0.09273610000000002,5.0,sniper_dirty,0.001,-0.21427220000000294
2025-04,B_n_7x45,all_dirty,combined_vs_pure_sniper_top3_sltp,46,2036533,2043567,1,93499.9,93477.2,155.39999999997963,998.999999999869,inv,7093.0,-0.11619989999999708,0.0934999,5.0,sniper_dirty,0.001,-0.20969979999999708
2025-04,B_n_7x45,all_dirty,combined_vs_pure_sniper_top3_sltp,47,2053144,2060047,-1,92988.2,93560.09999999998,571.8999999999796,3676.499999999869,sl,7050.0,-0.6648881999999796,0.0929882,5.0,sniper_dirty,0.001,-0.7578763999999796
2025-04,B_n_7x45,all_dirty,combined_vs_pure_sniper_top3_sltp,48,1743871,2088151,1,87390.6,95445.6,1253.0,8055.0,tp,347726.0,7.9676094,0.08739060000000001,5.0,sniper_dirty,0.001,7.8802188
2025-04,B_n_7x45,all_dirty,combined_vs_pure_sniper_top3_sltp,49,2289560,2294162,-1,93260.5,93429.89999999998,169.39999999997963,1088.999999999869,sl,4606.0,-0.26266049999997965,0.09326050000000001,5.0,sniper_dirty,0.001,-0.35592099999997967
2025-04,B_n_7x45,all_dirty,combined_vs_pure_sniper_top3_sltp,50,2429707,2429868,-1,95218.8,95276.0,430.5,2767.5,inv,161.0,-0.1524187999999971,0.0952188,5.0,sniper_dirty,0.001,-0.24763759999999713
2025-04,B_n_7x45,all_dirty,combined_vs_pure_sniper_top3_sltp,51,2469316,2472650,-1,94982.4,95036.2,347.1999999999389,2231.999999999607,inv,3447.0,-0.14878240000000292,0.0949824,5.0,sniper_dirty,0.001,-0.24376480000000292
2025-04,B_n_7x45,all_dirty,combined_vs_pure_sniper_top3_sltp,52,2508922,2509685,-1,93870.5,93900.5,280.0,1800.0,inv,767.0,-0.12387050000000001,0.09387050000000001,5.0,sniper_dirty,0.001,-0.21774100000000002
2025-04,B_n_7x45,all_dirty,combined_vs_pure_sniper_top3_sltp,53,2432775,2539106,-1,95111.5,94125.1,389.20000000004075,2502.000000000262,eod,109201.0,0.8912884999999942,0.09511150000000002,5.0,sniper_dirty,0.001,0.7961769999999941
2025-05,B_n_5x60,combined,combined_vs_pure_sniper_top3_sltp,0,134672,174271,1,96756.3,96495.79999999997,260.5000000000291,3126.0000000003492,sl,40623.0,-0.3572563000000291,0.09675630000000002,5.0,ifvg_clean,0.001,-0.45401260000002913
2025-05,B_n_5x60,combined,combined_vs_pure_sniper_top3_sltp,1,330231,330363,-1,94853.8,94979.79999999999,125.99999999998545,1511.9999999998254,sl,132.0,-0.22085379999998545,0.0948538,5.0,ifvg_clean,0.001,-0.31570759999998543
2025-05,B_n_5x60,combined,combined_vs_pure_sniper_top3_sltp,2,357195,357200,1,94616.8,94594.3,155.49999999995634,1865.9999999994761,inv,5.0,-0.1171168,0.0946168,5.0,ifvg_clean,0.001,-0.2117336
2025-05,B_n_5x60,combined,combined_vs_pure_sniper_top3_sltp,3,480737,502610,1,94554.3,96930.30000000035,198.0000000000291,2376.0000000003492,tp,22221.0,2.2814457000003494,0.0945543,5.0,ifvg_clean,0.001,2.1868914000003494
2025-05,B_n_5x60,combined,combined_vs_pure_sniper_top3_sltp,4,151254,506597,-1,97265.2,97642.7,377.5,4530.0,sl,368209.0,-0.4747652,0.0972652,5.0,ifvg_clean,0.001,-0.5720304
2025-05,B_n_5x60,combined,combined_vs_pure_sniper_top3_sltp,5,510910,511222,1,96958.9,96919.5,253.49999999998545,3041.9999999998254,inv,312.0,-0.13635889999999418,0.0969589,5.0,ifvg_clean,0.001,-0.2333177999999942
2025-05,B_n_5x60,combined,combined_vs_pure_sniper_top3_sltp,6,572236,572439,-1,95954.7,96098.19999999998,143.49999999998545,1721.9999999998254,sl,203.0,-0.23945469999998545,0.0959547,5.0,ifvg_clean,0.001,-0.3354093999999854
2025-05,B_n_5x60,combined,combined_vs_pure_sniper_top3_sltp,7,577102,577461,-1,96649.9,96709.1,317.5,3810.0,inv,361.0,-0.15584990000001164,0.09664990000000001,5.0,ifvg_clean,0.001,-0.25249980000001165
2025-05,B_n_5x60,combined,combined_vs_pure_sniper_top3_sltp,8,601151,601336,-1,98932.9,98984.7,317.5,3810.0,inv,185.0,-0.1507329000000029,0.09893289999999999,5.0,ifvg_clean,0.001,-0.24966580000000288
2025-05,B_n_5x60,combined,combined_vs_pure_sniper_top3_sltp,9,1030802,1033205,1,102597.9,102447.39999999997,150.5000000000291,1806.0000000003492,sl,2414.0,-0.2530979000000291,0.10259789999999999,5.0,ifvg_clean,0.001,-0.3556958000000291
2025-05,B_n_5x60,combined,combined_vs_pure_sniper_top3_sltp,10,1231454,1231455,1,102651.9,102611.3,352.99999999995634,4235.999999999476,inv,1.0,-0.14325189999999127,0.1026519,5.0,ifvg_clean,0.001,-0.2459037999999913
2025-05,B_n_5x60,combined,combined_vs_pure_sniper_top3_sltp,11,1569423,1569492,-1,102298.9,102338.8,188.49999999998545,2261.9999999998254,inv,69.0,-0.14219890000000873,0.10229890000000001,5.0,ifvg_clean,0.001,-0.24449780000000876
2025-05,B_n_5x60,combined,combined_vs_pure_sniper_top3_sltp,12,1565246,1571447,-1,102813.2,103130.20000000004,317.00000000004366,3804.000000000524,sl,6212.0,-0.41981320000004363,0.1028132,5.0,ifvg_clean,0.001,-0.5226264000000436
2025-05,B_n_5x60,combined,combined_vs_pure_sniper_top3_sltp,13,594897,1717284,1,97958.9,107906.90000000017,829.0000000000146,9948.000000000175,tp,1139008.0,9.850041100000174,0.0979589,5.0,ifvg_clean,0.001,9.752082200000174
2025-05,B_n_5x60,combined,combined_vs_pure_sniper_top3_sltp,14,1819235,1819475,-1,110776.1,110793.2,111.50000000001455,1338.0000000001746,inv,240.0,-0.12787609999999128,0.11077610000000002,5.0,ifvg_clean,0.001,-0.2386521999999913
2025-05,B_n_5x60,combined,combined_vs_pure_sniper_top3_sltp,15,1835116,1835142,1,110850.9,110825.5,179.4999999999709,2153.9999999996508,inv,27.0,-0.13625089999999418,0.1108509,5.0,ifvg_clean,0.001,-0.24710179999999418
2025-05,B_n_5x60,combined,combined_vs_pure_sniper_top3_sltp,16,1856602,1856959,1,110995.5,110884.9,578.5000000000582,6942.0000000006985,inv,370.0,-0.22159550000000583,0.11099550000000001,5.0,ifvg_clean,0.001,-0.33259100000000585
2025-05,B_n_5x60,combined,combined_vs_pure_sniper_top3_sltp,17,1860564,1860571,-1,111027.7,111052.2,145.49999999995634,1745.9999999994761,inv,7.0,-0.1355277,0.1110277,5.0,ifvg_clean,0.001,-0.24655539999999998
2025-05,B_n_5x60,combined,combined_vs_pure_sniper_top3_sltp,18,1872092,1874637,-1,111364.9,111541.89999999997,176.9999999999709,2123.9999999996508,sl,2582.0,-0.2883648999999709,0.11136489999999999,5.0,ifvg_clean,0.001,-0.3997297999999709
2025-05,B_n_5x60,combined,combined_vs_pure_sniper_top3_sltp,19,1883549,1897054,-1,110704.0,110939.99999999999,235.99999999998545,2831.9999999998254,sl,13610.0,-0.34670399999998547,0.11070400000000001,5.0,ifvg_clean,0.001,-0.4574079999999855
2025-05,B_n_5x60,combined,combined_vs_pure_sniper_top3_sltp,20,2230565,2231050,-1,109040.8,109189.79999999994,148.9999999999418,1787.9999999993015,sl,491.0,-0.2580407999999418,0.10904080000000001,5.0,ifvg_clean,0.001,-0.3670815999999418
2025-05,B_n_5x60,combined,combined_vs_pure_sniper_top3_sltp,21,2255750,2256028,1,110584.7,110008.20000000006,576.4999999999418,6917.9999999993015,sl,278.0,-0.6870846999999418,0.1105847,5.0,ifvg_clean,0.001,-0.7976693999999418
2025-05,B_n_5x60,combined,combined_vs_pure_sniper_top3_sltp,22,2255715,2256972,1,110458.9,109895.39999999994,563.5000000000582,6762.0000000006985,sl,1257.0,-0.6739589000000582,0.1104589,5.0,ifvg_clean,0.001,-0.7844178000000582
2025-05,B_n_5x60,combined,combined_vs_pure_sniper_top3_sltp,23,2258002,2258014,-1,109952.5,109972.4,112.5,1350.0,inv,12.0,-0.12985249999999418,0.10995250000000001,5.0,ifvg_clean,0.001,-0.2398049999999942
2025-05,B_n_5x60,combined,combined_vs_pure_sniper_top3_sltp,24,2269787,2269787,1,109999.4,110003.6,160.49999999995634,1925.9999999994761,inv,0.0,-0.10579939999998836,0.1099994,5.0,ifvg_clean,0.001,-0.21579879999998836
2025-05,B_n_5x60,combined,combined_vs_pure_sniper_top3_sltp,25,2268468,2275559,1,110280.0,109724.50000000004,555.4999999999563,6665.999999999476,sl,7153.0,-0.6657799999999564,0.11028,5.0,ifvg_clean,0.001,-0.7760599999999565
2025-05,B_n_5x60,combined,combined_vs_pure_sniper_top3_sltp,26,2386647,2388041,-1,108127.7,108291.69999999994,163.9999999999418,1967.9999999993015,sl,1404.0,-0.2721276999999418,0.10812770000000001,5.0,ifvg_clean,0.001,-0.3802553999999418
2025-05,B_n_5x60,combined,combined_vs_pure_sniper_top3_sltp,27,2418058,2418141,-1,108777.7,108811.5,172.5,2070.0,inv,83.0,-0.14257770000000292,0.1087777,5.0,ifvg_clean,0.001,-0.2513554000000029
2025-05,B_n_5x60,combined,combined_vs_pure_sniper_top3_sltp,28,2431099,2431183,-1,107505.5,107627.7,635.9999999999854,7631.999999999825,inv,84.0,-0.2297054999999971,0.1075055,5.0,ifvg_clean,0.001,-0.3372109999999971
2025-05,B_n_5x60,combined,combined_vs_pure_sniper_top3_sltp,29,2445495,2445605,1,106151.1,106140.7,140.0,1680.0,inv,110.0,-0.11655110000000875,0.10615110000000001,5.0,ifvg_clean,0.001,-0.22270220000000876
2025-05,B_n_5x60,combined,combined_vs_pure_sniper_top3_sltp,30,2460408,2460603,1,105992.3,105962.0,181.9999999999709,2183.9999999996508,inv,199.0,-0.13629230000000292,0.1059923,5.0,ifvg_clean,0.001,-0.2422846000000029
2025-05,B_n_5x60,combined,combined_vs_pure_sniper_top3_sltp,31,2466226,2466241,1,105778.0,105765.8,105.0,1260.0,inv,15.0,-0.1179779999999971,0.10577800000000001,5.0,ifvg_clean,0.001,-0.22375599999999712
2025-05,B_n_5x60,combined,combined_vs_pure_sniper_top3_sltp,32,2467483,2490599,1,105076.9,105058.6,130.99999999998545,1571.9999999998254,inv,23334.0,-0.12337689999998835,0.1050769,5.0,ifvg_clean,0.001,-0.22845379999998836
2025-05,B_n_5x60,combined,combined_vs_pure_sniper_top3_sltp,33,2511693,2511793,1,105602.5,105581.2,128.49999999998545,1541.9999999998254,inv,101.0,-0.12690250000000292,0.1056025,5.0,ifvg_clean,0.001,-0.2325050000000029
2025-05,B_n_5x60,combined,combined_vs_pure_sniper_top3_sltp,34,2516501,2516501,1,105261.7,105255.6,142.99999999995634,1715.9999999994761,inv,0.0,-0.11136169999999128,0.10526170000000001,5.0,ifvg_clean,0.001,-0.2166233999999913
2025-05,B_n_5x60,combined,combined_vs_pure_sniper_top3_sltp,35,2517278,2517335,1,105386.3,105342.6,226.4999999999418,2717.9999999993015,inv,59.0,-0.1490862999999971,0.1053863,5.0,ifvg_clean,0.001,-0.2544725999999971
2025-05,B_n_5x60,combined,combined_vs_pure_sniper_top3_sltp,36,2532647,2532940,1,104899.0,104782.49999999999,116.50000000001455,1398.0000000001746,sl,295.0,-0.22139900000001456,0.104899,5.0,ifvg_clean,0.001,-0.3262980000000146
2025-05,B_n_5x60,combined,combined_vs_pure_sniper_top3_sltp,37,2528897,2544213,1,104333.0,104145.5,187.5,2250.0,sl,15907.0,-0.291833,0.104333,5.0,ifvg_clean,0.001,-0.396166
2025-05,B_n_5x60,combined,combined_vs_pure_sniper_top3_sltp,38,2550716,2551171,-1,103868.3,103989.29999999999,120.99999999998545,1451.9999999998254,sl,463.0,-0.22486829999998548,0.10386830000000001,5.0,ifvg_clean,0.001,-0.3287365999999855
2025-05,B_n_5x60,combined,combined_vs_pure_sniper_top3_sltp,39,2553084,2553085,-1,103828.3,103838.4,128.9999999999418,1547.9999999993015,inv,1.0,-0.11392829999999127,0.1038283,5.0,ifvg_clean,0.001,-0.21775659999999125
2025-05,B_n_5x60,combined,combined_vs_pure_sniper_top3_sltp,40,1875744,2631960,-1,111392.4,104544.7,793.4999999999854,9521.999999999825,eod,768019.0,6.736307599999997,0.1113924,5.0,ifvg_clean,0.001,6.624915199999998
2025-05,B_n_5x60,combined,combined_vs_pure_sniper_top3_sltp,41,2436239,2631960,-1,106876.2,104544.7,343.5000000000582,4122.0000000006985,eod,200345.0,2.2246238000000003,0.1068762,5.0,ifvg_clean,0.001,2.1177476000000004
2025-05,B_n_5x60,combined,combined_vs_pure_sniper_top3_sltp,42,2436938,2631960,-1,106772.4,104544.7,378.9999999999418,4547.9999999993015,eod,199646.0,2.1209275999999972,0.10677239999999999,5.0,ifvg_clean,0.001,2.014155199999997
2025-05,B_n_5x60,combined,combined_vs_pure_sniper_top3_sltp,43,2443221,2631960,-1,106392.4,104544.7,381.9999999999709,4583.999999999651,eod,193349.0,1.7413075999999972,0.1063924,5.0,ifvg_clean,0.001,1.6349151999999971
2025-05,B_n_5x60,all_clean,combined_vs_pure_sniper_top3_sltp,0,134672,174271,1,96756.3,96495.79999999997,260.5000000000291,3126.0000000003492,sl,40623.0,-0.3572563000000291,0.09675630000000002,5.0,ifvg_clean,0.001,-0.45401260000002913
2025-05,B_n_5x60,all_clean,combined_vs_pure_sniper_top3_sltp,1,330231,330363,-1,94853.8,94979.79999999999,125.99999999998545,1511.9999999998254,sl,132.0,-0.22085379999998545,0.0948538,5.0,ifvg_clean,0.001,-0.31570759999998543
2025-05,B_n_5x60,all_clean,combined_vs_pure_sniper_top3_sltp,2,357195,357200,1,94616.8,94594.3,155.49999999995634,1865.9999999994761,inv,5.0,-0.1171168,0.0946168,5.0,ifvg_clean,0.001,-0.2117336
2025-05,B_n_5x60,all_clean,combined_vs_pure_sniper_top3_sltp,3,480737,502610,1,94554.3,96930.30000000035,198.0000000000291,2376.0000000003492,tp,22221.0,2.2814457000003494,0.0945543,5.0,ifvg_clean,0.001,2.1868914000003494
2025-05,B_n_5x60,all_clean,combined_vs_pure_sniper_top3_sltp,4,151254,506597,-1,97265.2,97642.7,377.5,4530.0,sl,368209.0,-0.4747652,0.0972652,5.0,ifvg_clean,0.001,-0.5720304
2025-05,B_n_5x60,all_clean,combined_vs_pure_sniper_top3_sltp,5,510910,511222,1,96958.9,96919.5,253.49999999998545,3041.9999999998254,inv,312.0,-0.13635889999999418,0.0969589,5.0,ifvg_clean,0.001,-0.2333177999999942
2025-05,B_n_5x60,all_clean,combined_vs_pure_sniper_top3_sltp,6,572236,572439,-1,95954.7,96098.19999999998,143.49999999998545,1721.9999999998254,sl,203.0,-0.23945469999998545,0.0959547,5.0,ifvg_clean,0.001,-0.3354093999999854
2025-05,B_n_5x60,all_clean,combined_vs_pure_sniper_top3_sltp,7,577102,577461,-1,96649.9,96709.1,317.5,3810.0,inv,361.0,-0.15584990000001164,0.09664990000000001,5.0,ifvg_clean,0.001,-0.25249980000001165
2025-05,B_n_5x60,all_clean,combined_vs_pure_sniper_top3_sltp,8,601151,601336,-1,98932.9,98984.7,317.5,3810.0,inv,185.0,-0.1507329000000029,0.09893289999999999,5.0,ifvg_clean,0.001,-0.24966580000000288
2025-05,B_n_5x60,all_clean,combined_vs_pure_sniper_top3_sltp,9,1030802,1033205,1,102597.9,102447.39999999997,150.5000000000291,1806.0000000003492,sl,2414.0,-0.2530979000000291,0.10259789999999999,5.0,ifvg_clean,0.001,-0.3556958000000291
2025-05,B_n_5x60,all_clean,combined_vs_pure_sniper_top3_sltp,10,1231454,1231455,1,102651.9,102611.3,352.99999999995634,4235.999999999476,inv,1.0,-0.14325189999999127,0.1026519,5.0,ifvg_clean,0.001,-0.2459037999999913
2025-05,B_n_5x60,all_clean,combined_vs_pure_sniper_top3_sltp,11,1569423,1569492,-1,102298.9,102338.8,188.49999999998545,2261.9999999998254,inv,69.0,-0.14219890000000873,0.10229890000000001,5.0,ifvg_clean,0.001,-0.24449780000000876
2025-05,B_n_5x60,all_clean,combined_vs_pure_sniper_top3_sltp,12,1565246,1571447,-1,102813.2,103130.20000000004,317.00000000004366,3804.000000000524,sl,6212.0,-0.41981320000004363,0.1028132,5.0,ifvg_clean,0.001,-0.5226264000000436
2025-05,B_n_5x60,all_clean,combined_vs_pure_sniper_top3_sltp,13,594897,1717284,1,97958.9,107906.90000000017,829.0000000000146,9948.000000000175,tp,1139008.0,9.850041100000174,0.0979589,5.0,ifvg_clean,0.001,9.752082200000174
2025-05,B_n_5x60,all_clean,combined_vs_pure_sniper_top3_sltp,14,1819235,1819475,-1,110776.1,110793.2,111.50000000001455,1338.0000000001746,inv,240.0,-0.12787609999999128,0.11077610000000002,5.0,ifvg_clean,0.001,-0.2386521999999913
2025-05,B_n_5x60,all_clean,combined_vs_pure_sniper_top3_sltp,15,1835116,1835142,1,110850.9,110825.5,179.4999999999709,2153.9999999996508,inv,27.0,-0.13625089999999418,0.1108509,5.0,ifvg_clean,0.001,-0.24710179999999418
2025-05,B_n_5x60,all_clean,combined_vs_pure_sniper_top3_sltp,16,1856602,1856959,1,110995.5,110884.9,578.5000000000582,6942.0000000006985,inv,370.0,-0.22159550000000583,0.11099550000000001,5.0,ifvg_clean,0.001,-0.33259100000000585
2025-05,B_n_5x60,all_clean,combined_vs_pure_sniper_top3_sltp,17,1860564,1860571,-1,111027.7,111052.2,145.49999999995634,1745.9999999994761,inv,7.0,-0.1355277,0.1110277,5.0,ifvg_clean,0.001,-0.24655539999999998
2025-05,B_n_5x60,all_clean,combined_vs_pure_sniper_top3_sltp,18,1872092,1874637,-1,111364.9,111541.89999999997,176.9999999999709,2123.9999999996508,sl,2582.0,-0.2883648999999709,0.11136489999999999,5.0,ifvg_clean,0.001,-0.3997297999999709
2025-05,B_n_5x60,all_clean,combined_vs_pure_sniper_top3_sltp,19,1883549,1897054,-1,110704.0,110939.99999999999,235.99999999998545,2831.9999999998254,sl,13610.0,-0.34670399999998547,0.11070400000000001,5.0,ifvg_clean,0.001,-0.4574079999999855
2025-05,B_n_5x60,all_clean,combined_vs_pure_sniper_top3_sltp,20,2230565,2231050,-1,109040.8,109189.79999999994,148.9999999999418,1787.9999999993015,sl,491.0,-0.2580407999999418,0.10904080000000001,5.0,ifvg_clean,0.001,-0.3670815999999418
2025-05,B_n_5x60,all_clean,combined_vs_pure_sniper_top3_sltp,21,2255750,2256028,1,110584.7,110008.20000000006,576.4999999999418,6917.9999999993015,sl,278.0,-0.6870846999999418,0.1105847,5.0,ifvg_clean,0.001,-0.7976693999999418
2025-05,B_n_5x60,all_clean,combined_vs_pure_sniper_top3_sltp,22,2255715,2256972,1,110458.9,109895.39999999994,563.5000000000582,6762.0000000006985,sl,1257.0,-0.6739589000000582,0.1104589,5.0,ifvg_clean,0.001,-0.7844178000000582
2025-05,B_n_5x60,all_clean,combined_vs_pure_sniper_top3_sltp,23,2258002,2258014,-1,109952.5,109972.4,112.5,1350.0,inv,12.0,-0.12985249999999418,0.10995250000000001,5.0,ifvg_clean,0.001,-0.2398049999999942
2025-05,B_n_5x60,all_clean,combined_vs_pure_sniper_top3_sltp,24,2269787,2269787,1,109999.4,110003.6,160.49999999995634,1925.9999999994761,inv,0.0,-0.10579939999998836,0.1099994,5.0,ifvg_clean,0.001,-0.21579879999998836
2025-05,B_n_5x60,all_clean,combined_vs_pure_sniper_top3_sltp,25,2268468,2275559,1,110280.0,109724.50000000004,555.4999999999563,6665.999999999476,sl,7153.0,-0.6657799999999564,0.11028,5.0,ifvg_clean,0.001,-0.7760599999999565
2025-05,B_n_5x60,all_clean,combined_vs_pure_sniper_top3_sltp,26,2386647,2388041,-1,108127.7,108291.69999999994,163.9999999999418,1967.9999999993015,sl,1404.0,-0.2721276999999418,0.10812770000000001,5.0,ifvg_clean,0.001,-0.3802553999999418
2025-05,B_n_5x60,all_clean,combined_vs_pure_sniper_top3_sltp,27,2418058,2418141,-1,108777.7,108811.5,172.5,2070.0,inv,83.0,-0.14257770000000292,0.1087777,5.0,ifvg_clean,0.001,-0.2513554000000029
2025-05,B_n_5x60,all_clean,combined_vs_pure_sniper_top3_sltp,28,2431099,2431183,-1,107505.5,107627.7,635.9999999999854,7631.999999999825,inv,84.0,-0.2297054999999971,0.1075055,5.0,ifvg_clean,0.001,-0.3372109999999971
2025-05,B_n_5x60,all_clean,combined_vs_pure_sniper_top3_sltp,29,2445495,2445605,1,106151.1,106140.7,140.0,1680.0,inv,110.0,-0.11655110000000875,0.10615110000000001,5.0,ifvg_clean,0.001,-0.22270220000000876
2025-05,B_n_5x60,all_clean,combined_vs_pure_sniper_top3_sltp,30,2460408,2460603,1,105992.3,105962.0,181.9999999999709,2183.9999999996508,inv,199.0,-0.13629230000000292,0.1059923,5.0,ifvg_clean,0.001,-0.2422846000000029
2025-05,B_n_5x60,all_clean,combined_vs_pure_sniper_top3_sltp,31,2466226,2466241,1,105778.0,105765.8,105.0,1260.0,inv,15.0,-0.1179779999999971,0.10577800000000001,5.0,ifvg_clean,0.001,-0.22375599999999712
2025-05,B_n_5x60,all_clean,combined_vs_pure_sniper_top3_sltp,32,2467483,2490599,1,105076.9,105058.6,130.99999999998545,1571.9999999998254,inv,23334.0,-0.12337689999998835,0.1050769,5.0,ifvg_clean,0.001,-0.22845379999998836
2025-05,B_n_5x60,all_clean,combined_vs_pure_sniper_top3_sltp,33,2511693,2511793,1,105602.5,105581.2,128.49999999998545,1541.9999999998254,inv,101.0,-0.12690250000000292,0.1056025,5.0,ifvg_clean,0.001,-0.2325050000000029
2025-05,B_n_5x60,all_clean,combined_vs_pure_sniper_top3_sltp,34,2516501,2516501,1,105261.7,105255.6,142.99999999995634,1715.9999999994761,inv,0.0,-0.11136169999999128,0.10526170000000001,5.0,ifvg_clean,0.001,-0.2166233999999913
2025-05,B_n_5x60,all_clean,combined_vs_pure_sniper_top3_sltp,35,2517278,2517335,1,105386.3,105342.6,226.4999999999418,2717.9999999993015,inv,59.0,-0.1490862999999971,0.1053863,5.0,ifvg_clean,0.001,-0.2544725999999971
2025-05,B_n_5x60,all_clean,combined_vs_pure_sniper_top3_sltp,36,2532647,2532940,1,104899.0,104782.49999999999,116.50000000001455,1398.0000000001746,sl,295.0,-0.22139900000001456,0.104899,5.0,ifvg_clean,0.001,-0.3262980000000146
2025-05,B_n_5x60,all_clean,combined_vs_pure_sniper_top3_sltp,37,2528897,2544213,1,104333.0,104145.5,187.5,2250.0,sl,15907.0,-0.291833,0.104333,5.0,ifvg_clean,0.001,-0.396166
2025-05,B_n_5x60,all_clean,combined_vs_pure_sniper_top3_sltp,38,2550716,2551171,-1,103868.3,103989.29999999999,120.99999999998545,1451.9999999998254,sl,463.0,-0.22486829999998548,0.10386830000000001,5.0,ifvg_clean,0.001,-0.3287365999999855
2025-05,B_n_5x60,all_clean,combined_vs_pure_sniper_top3_sltp,39,2553084,2553085,-1,103828.3,103838.4,128.9999999999418,1547.9999999993015,inv,1.0,-0.11392829999999127,0.1038283,5.0,ifvg_clean,0.001,-0.21775659999999125
2025-05,B_n_5x60,all_clean,combined_vs_pure_sniper_top3_sltp,40,1875744,2631960,-1,111392.4,104544.7,793.4999999999854,9521.999999999825,eod,768019.0,6.736307599999997,0.1113924,5.0,ifvg_clean,0.001,6.624915199999998
2025-05,B_n_5x60,all_clean,combined_vs_pure_sniper_top3_sltp,41,2436239,2631960,-1,106876.2,104544.7,343.5000000000582,4122.0000000006985,eod,200345.0,2.2246238000000003,0.1068762,5.0,ifvg_clean,0.001,2.1177476000000004
2025-05,B_n_5x60,all_clean,combined_vs_pure_sniper_top3_sltp,42,2436938,2631960,-1,106772.4,104544.7,378.9999999999418,4547.9999999993015,eod,199646.0,2.1209275999999972,0.10677239999999999,5.0,ifvg_clean,0.001,2.014155199999997
2025-05,B_n_5x60,all_clean,combined_vs_pure_sniper_top3_sltp,43,2443221,2631960,-1,106392.4,104544.7,381.9999999999709,4583.999999999651,eod,193349.0,1.7413075999999972,0.1063924,5.0,ifvg_clean,0.001,1.6349151999999971
2025-05,B_n_5x60,all_dirty,combined_vs_pure_sniper_top3_sltp,0,134672,174271,1,96756.3,96495.79999999997,260.5000000000291,3126.0000000003492,sl,40623.0,-0.3572563000000291,0.09675630000000002,5.0,sniper_dirty,0.001,-0.45401260000002913
2025-05,B_n_5x60,all_dirty,combined_vs_pure_sniper_top3_sltp,1,330231,330363,-1,94853.8,94979.79999999999,125.99999999998545,1511.9999999998254,sl,132.0,-0.22085379999998545,0.0948538,5.0,sniper_dirty,0.001,-0.31570759999998543
2025-05,B_n_5x60,all_dirty,combined_vs_pure_sniper_top3_sltp,2,357195,357200,1,94616.8,94594.3,155.49999999995634,1865.9999999994761,inv,5.0,-0.1171168,0.0946168,5.0,sniper_dirty,0.001,-0.2117336
2025-05,B_n_5x60,all_dirty,combined_vs_pure_sniper_top3_sltp,3,480737,502610,1,94554.3,96930.30000000035,198.0000000000291,2376.0000000003492,tp,22221.0,2.2814457000003494,0.0945543,5.0,sniper_dirty,0.001,2.1868914000003494
2025-05,B_n_5x60,all_dirty,combined_vs_pure_sniper_top3_sltp,4,151254,506597,-1,97265.2,97642.7,377.5,4530.0,sl,368209.0,-0.4747652,0.0972652,5.0,sniper_dirty,0.001,-0.5720304
2025-05,B_n_5x60,all_dirty,combined_vs_pure_sniper_top3_sltp,5,510910,511222,1,96958.9,96919.5,253.49999999998545,3041.9999999998254,inv,312.0,-0.13635889999999418,0.0969589,5.0,sniper_dirty,0.001,-0.2333177999999942
2025-05,B_n_5x60,all_dirty,combined_vs_pure_sniper_top3_sltp,6,572236,572439,-1,95954.7,96098.19999999998,143.49999999998545,1721.9999999998254,sl,203.0,-0.23945469999998545,0.0959547,5.0,sniper_dirty,0.001,-0.3354093999999854
2025-05,B_n_5x60,all_dirty,combined_vs_pure_sniper_top3_sltp,7,577102,577461,-1,96649.9,96709.1,317.5,3810.0,inv,361.0,-0.15584990000001164,0.09664990000000001,5.0,sniper_dirty,0.001,-0.25249980000001165
2025-05,B_n_5x60,all_dirty,combined_vs_pure_sniper_top3_sltp,8,601151,601336,-1,98932.9,98984.7,317.5,3810.0,inv,185.0,-0.1507329000000029,0.09893289999999999,5.0,sniper_dirty,0.001,-0.24966580000000288
2025-05,B_n_5x60,all_dirty,combined_vs_pure_sniper_top3_sltp,9,1030802,1033205,1,102597.9,102447.39999999997,150.5000000000291,1806.0000000003492,sl,2414.0,-0.2530979000000291,0.10259789999999999,5.0,sniper_dirty,0.001,-0.3556958000000291
2025-05,B_n_5x60,all_dirty,combined_vs_pure_sniper_top3_sltp,10,1231454,1231455,1,102651.9,102611.3,352.99999999995634,4235.999999999476,inv,1.0,-0.14325189999999127,0.1026519,5.0,sniper_dirty,0.001,-0.2459037999999913
2025-05,B_n_5x60,all_dirty,combined_vs_pure_sniper_top3_sltp,11,1569423,1569492,-1,102298.9,102338.8,188.49999999998545,2261.9999999998254,inv,69.0,-0.14219890000000873,0.10229890000000001,5.0,sniper_dirty,0.001,-0.24449780000000876
2025-05,B_n_5x60,all_dirty,combined_vs_pure_sniper_top3_sltp,12,1565246,1571447,-1,102813.2,103130.20000000004,317.00000000004366,3804.000000000524,sl,6212.0,-0.41981320000004363,0.1028132,5.0,sniper_dirty,0.001,-0.5226264000000436
2025-05,B_n_5x60,all_dirty,combined_vs_pure_sniper_top3_sltp,13,594897,1717284,1,97958.9,107906.90000000017,829.0000000000146,9948.000000000175,tp,1139008.0,9.850041100000174,0.0979589,5.0,sniper_dirty,0.001,9.752082200000174
2025-05,B_n_5x60,all_dirty,combined_vs_pure_sniper_top3_sltp,14,1819235,1819475,-1,110776.1,110793.2,111.50000000001455,1338.0000000001746,inv,240.0,-0.12787609999999128,0.11077610000000002,5.0,sniper_dirty,0.001,-0.2386521999999913
2025-05,B_n_5x60,all_dirty,combined_vs_pure_sniper_top3_sltp,15,1835116,1835142,1,110850.9,110825.5,179.4999999999709,2153.9999999996508,inv,27.0,-0.13625089999999418,0.1108509,5.0,sniper_dirty,0.001,-0.24710179999999418
2025-05,B_n_5x60,all_dirty,combined_vs_pure_sniper_top3_sltp,16,1856602,1856959,1,110995.5,110884.9,578.5000000000582,6942.0000000006985,inv,370.0,-0.22159550000000583,0.11099550000000001,5.0,sniper_dirty,0.001,-0.33259100000000585
2025-05,B_n_5x60,all_dirty,combined_vs_pure_sniper_top3_sltp,17,1860564,1860571,-1,111027.7,111052.2,145.49999999995634,1745.9999999994761,inv,7.0,-0.1355277,0.1110277,5.0,sniper_dirty,0.001,-0.24655539999999998
2025-05,B_n_5x60,all_dirty,combined_vs_pure_sniper_top3_sltp,18,1872092,1874637,-1,111364.9,111541.89999999997,176.9999999999709,2123.9999999996508,sl,2582.0,-0.2883648999999709,0.11136489999999999,5.0,sniper_dirty,0.001,-0.3997297999999709
2025-05,B_n_5x60,all_dirty,combined_vs_pure_sniper_top3_sltp,19,1883549,1897054,-1,110704.0,110939.99999999999,235.99999999998545,2831.9999999998254,sl,13610.0,-0.34670399999998547,0.11070400000000001,5.0,sniper_dirty,0.001,-0.4574079999999855
2025-05,B_n_5x60,all_dirty,combined_vs_pure_sniper_top3_sltp,20,2230565,2231050,-1,109040.8,109189.79999999994,148.9999999999418,1787.9999999993015,sl,491.0,-0.2580407999999418,0.10904080000000001,5.0,sniper_dirty,0.001,-0.3670815999999418
2025-05,B_n_5x60,all_dirty,combined_vs_pure_sniper_top3_sltp,21,2255750,2256028,1,110584.7,110008.20000000006,576.4999999999418,6917.9999999993015,sl,278.0,-0.6870846999999418,0.1105847,5.0,sniper_dirty,0.001,-0.7976693999999418
2025-05,B_n_5x60,all_dirty,combined_vs_pure_sniper_top3_sltp,22,2255715,2256972,1,110458.9,109895.39999999994,563.5000000000582,6762.0000000006985,sl,1257.0,-0.6739589000000582,0.1104589,5.0,sniper_dirty,0.001,-0.7844178000000582
2025-05,B_n_5x60,all_dirty,combined_vs_pure_sniper_top3_sltp,23,2258002,2258014,-1,109952.5,109972.4,112.5,1350.0,inv,12.0,-0.12985249999999418,0.10995250000000001,5.0,sniper_dirty,0.001,-0.2398049999999942
2025-05,B_n_5x60,all_dirty,combined_vs_pure_sniper_top3_sltp,24,2269787,2269787,1,109999.4,110003.6,160.49999999995634,1925.9999999994761,inv,0.0,-0.10579939999998836,0.1099994,5.0,sniper_dirty,0.001,-0.21579879999998836
2025-05,B_n_5x60,all_dirty,combined_vs_pure_sniper_top3_sltp,25,2268468,2275559,1,110280.0,109724.50000000004,555.4999999999563,6665.999999999476,sl,7153.0,-0.6657799999999564,0.11028,5.0,sniper_dirty,0.001,-0.7760599999999565
2025-05,B_n_5x60,all_dirty,combined_vs_pure_sniper_top3_sltp,26,2386647,2388041,-1,108127.7,108291.69999999994,163.9999999999418,1967.9999999993015,sl,1404.0,-0.2721276999999418,0.10812770000000001,5.0,sniper_dirty,0.001,-0.3802553999999418
2025-05,B_n_5x60,all_dirty,combined_vs_pure_sniper_top3_sltp,27,2418058,2418141,-1,108777.7,108811.5,172.5,2070.0,inv,83.0,-0.14257770000000292,0.1087777,5.0,sniper_dirty,0.001,-0.2513554000000029
2025-05,B_n_5x60,all_dirty,combined_vs_pure_sniper_top3_sltp,28,2431099,2431183,-1,107505.5,107627.7,635.9999999999854,7631.999999999825,inv,84.0,-0.2297054999999971,0.1075055,5.0,sniper_dirty,0.001,-0.3372109999999971
2025-05,B_n_5x60,all_dirty,combined_vs_pure_sniper_top3_sltp,29,2445495,2445605,1,106151.1,106140.7,140.0,1680.0,inv,110.0,-0.11655110000000875,0.10615110000000001,5.0,sniper_dirty,0.001,-0.22270220000000876
2025-05,B_n_5x60,all_dirty,combined_vs_pure_sniper_top3_sltp,30,2460408,2460603,1,105992.3,105962.0,181.9999999999709,2183.9999999996508,inv,199.0,-0.13629230000000292,0.1059923,5.0,sniper_dirty,0.001,-0.2422846000000029
2025-05,B_n_5x60,all_dirty,combined_vs_pure_sniper_top3_sltp,31,2466226,2466241,1,105778.0,105765.8,105.0,1260.0,inv,15.0,-0.1179779999999971,0.10577800000000001,5.0,sniper_dirty,0.001,-0.22375599999999712
2025-05,B_n_5x60,all_dirty,combined_vs_pure_sniper_top3_sltp,32,2467483,2490599,1,105076.9,105058.6,130.99999999998545,1571.9999999998254,inv,23334.0,-0.12337689999998835,0.1050769,5.0,sniper_dirty,0.001,-0.22845379999998836
2025-05,B_n_5x60,all_dirty,combined_vs_pure_sniper_top3_sltp,33,2511693,2511793,1,105602.5,105581.2,128.49999999998545,1541.9999999998254,inv,101.0,-0.12690250000000292,0.1056025,5.0,sniper_dirty,0.001,-0.2325050000000029
2025-05,B_n_5x60,all_dirty,combined_vs_pure_sniper_top3_sltp,34,2516501,2516501,1,105261.7,105255.6,142.99999999995634,1715.9999999994761,inv,0.0,-0.11136169999999128,0.10526170000000001,5.0,sniper_dirty,0.001,-0.2166233999999913
2025-05,B_n_5x60,all_dirty,combined_vs_pure_sniper_top3_sltp,35,2517278,2517335,1,105386.3,105342.6,226.4999999999418,2717.9999999993015,inv,59.0,-0.1490862999999971,0.1053863,5.0,sniper_dirty,0.001,-0.2544725999999971
2025-05,B_n_5x60,all_dirty,combined_vs_pure_sniper_top3_sltp,36,2532647,2532940,1,104899.0,104782.49999999999,116.50000000001455,1398.0000000001746,sl,295.0,-0.22139900000001456,0.104899,5.0,sniper_dirty,0.001,-0.3262980000000146
2025-05,B_n_5x60,all_dirty,combined_vs_pure_sniper_top3_sltp,37,2528897,2544213,1,104333.0,104145.5,187.5,2250.0,sl,15907.0,-0.291833,0.104333,5.0,sniper_dirty,0.001,-0.396166
2025-05,B_n_5x60,all_dirty,combined_vs_pure_sniper_top3_sltp,38,2550716,2551171,-1,103868.3,103989.29999999999,120.99999999998545,1451.9999999998254,sl,463.0,-0.22486829999998548,0.10386830000000001,5.0,sniper_dirty,0.001,-0.3287365999999855
2025-05,B_n_5x60,all_dirty,combined_vs_pure_sniper_top3_sltp,39,2553084,2553085,-1,103828.3,103838.4,128.9999999999418,1547.9999999993015,inv,1.0,-0.11392829999999127,0.1038283,5.0,sniper_dirty,0.001,-0.21775659999999125
2025-05,B_n_5x60,all_dirty,combined_vs_pure_sniper_top3_sltp,40,1875744,2631960,-1,111392.4,104544.7,793.4999999999854,9521.999999999825,eod,768019.0,6.736307599999997,0.1113924,5.0,sniper_dirty,0.001,6.624915199999998
2025-05,B_n_5x60,all_dirty,combined_vs_pure_sniper_top3_sltp,41,2436239,2631960,-1,106876.2,104544.7,343.5000000000582,4122.0000000006985,eod,200345.0,2.2246238000000003,0.1068762,5.0,sniper_dirty,0.001,2.1177476000000004
2025-05,B_n_5x60,all_dirty,combined_vs_pure_sniper_top3_sltp,42,2436938,2631960,-1,106772.4,104544.7,378.9999999999418,4547.9999999993015,eod,199646.0,2.1209275999999972,0.10677239999999999,5.0,sniper_dirty,0.001,2.014155199999997
2025-05,B_n_5x60,all_dirty,combined_vs_pure_sniper_top3_sltp,43,2443221,2631960,-1,106392.4,104544.7,381.9999999999709,4583.999999999651,eod,193349.0,1.7413075999999972,0.1063924,5.0,sniper_dirty,0.001,1.6349151999999971
2025-05,B_n_5x50,combined,combined_vs_pure_sniper_top3_sltp,0,134672,174271,1,96756.3,96495.79999999997,260.5000000000291,2605.000000000291,sl,40623.0,-0.3572563000000291,0.09675630000000002,5.0,ifvg_clean,0.001,-0.45401260000002913
2025-05,B_n_5x50,combined,combined_vs_pure_sniper_top3_sltp,1,330231,330363,-1,94853.8,94979.79999999999,125.99999999998545,1259.9999999998545,sl,132.0,-0.22085379999998545,0.0948538,5.0,ifvg_clean,0.001,-0.31570759999998543
2025-05,B_n_5x50,combined,combined_vs_pure_sniper_top3_sltp,2,151254,341564,-1,97265.2,93490.2,377.5,3775.0,tp,199098.0,3.6777348,0.0972652,5.0,ifvg_clean,0.001,3.5804696000000003
2025-05,B_n_5x50,combined,combined_vs_pure_sniper_top3_sltp,3,357195,357200,1,94616.8,94594.3,155.49999999995634,1554.9999999995634,inv,5.0,-0.1171168,0.0946168,5.0,ifvg_clean,0.001,-0.2117336
2025-05,B_n_5x50,combined,combined_vs_pure_sniper_top3_sltp,4,480737,500306,1,94554.3,96534.3000000003,198.0000000000291,1980.000000000291,tp,19914.0,1.885445700000291,0.0945543,5.0,ifvg_clean,0.001,1.7908914000002911
2025-05,B_n_5x50,combined,combined_vs_pure_sniper_top3_sltp,5,510910,511222,1,96958.9,96919.5,253.49999999998545,2534.9999999998545,inv,312.0,-0.13635889999999418,0.0969589,5.0,ifvg_clean,0.001,-0.2333177999999942
2025-05,B_n_5x50,combined,combined_vs_pure_sniper_top3_sltp,6,572236,572439,-1,95954.7,96098.19999999998,143.49999999998545,1434.9999999998545,sl,203.0,-0.23945469999998545,0.0959547,5.0,ifvg_clean,0.001,-0.3354093999999854
2025-05,B_n_5x50,combined,combined_vs_pure_sniper_top3_sltp,7,577102,577461,-1,96649.9,96709.1,317.5,3175.0,inv,361.0,-0.15584990000001164,0.09664990000000001,5.0,ifvg_clean,0.001,-0.25249980000001165
2025-05,B_n_5x50,combined,combined_vs_pure_sniper_top3_sltp,8,601151,601336,-1,98932.9,98984.7,317.5,3175.0,inv,185.0,-0.1507329000000029,0.09893289999999999,5.0,ifvg_clean,0.001,-0.24966580000000288
2025-05,B_n_5x50,combined,combined_vs_pure_sniper_top3_sltp,9,1030802,1033205,1,102597.9,102447.39999999997,150.5000000000291,1505.000000000291,sl,2414.0,-0.2530979000000291,0.10259789999999999,5.0,ifvg_clean,0.001,-0.3556958000000291
2025-05,B_n_5x50,combined,combined_vs_pure_sniper_top3_sltp,10,1231454,1231455,1,102651.9,102611.3,352.99999999995634,3529.9999999995634,inv,1.0,-0.14325189999999127,0.1026519,5.0,ifvg_clean,0.001,-0.2459037999999913
2025-05,B_n_5x50,combined,combined_vs_pure_sniper_top3_sltp,11,594897,1521590,1,97958.9,106248.90000000014,829.0000000000146,8290.000000000146,tp,942292.0,8.192041100000145,0.0979589,5.0,ifvg_clean,0.001,8.094082200000145
2025-05,B_n_5x50,combined,combined_vs_pure_sniper_top3_sltp,12,1569423,1569492,-1,102298.9,102338.8,188.49999999998545,1884.9999999998545,inv,69.0,-0.14219890000000873,0.10229890000000001,5.0,ifvg_clean,0.001,-0.24449780000000876
2025-05,B_n_5x50,combined,combined_vs_pure_sniper_top3_sltp,13,1565246,1571447,-1,102813.2,103130.20000000004,317.00000000004366,3170.0000000004366,sl,6212.0,-0.41981320000004363,0.1028132,5.0,ifvg_clean,0.001,-0.5226264000000436
2025-05,B_n_5x50,combined,combined_vs_pure_sniper_top3_sltp,14,1819235,1819475,-1,110776.1,110793.2,111.50000000001455,1115.0000000001455,inv,240.0,-0.12787609999999128,0.11077610000000002,5.0,ifvg_clean,0.001,-0.2386521999999913
2025-05,B_n_5x50,combined,combined_vs_pure_sniper_top3_sltp,15,1835116,1835142,1,110850.9,110825.5,179.4999999999709,1794.999999999709,inv,27.0,-0.13625089999999418,0.1108509,5.0,ifvg_clean,0.001,-0.24710179999999418
2025-05,B_n_5x50,combined,combined_vs_pure_sniper_top3_sltp,16,1856602,1856959,1,110995.5,110884.9,578.5000000000582,5785.000000000582,inv,370.0,-0.22159550000000583,0.11099550000000001,5.0,ifvg_clean,0.001,-0.33259100000000585
2025-05,B_n_5x50,combined,combined_vs_pure_sniper_top3_sltp,17,1860564,1860571,-1,111027.7,111052.2,145.49999999995634,1454.9999999995634,inv,7.0,-0.1355277,0.1110277,5.0,ifvg_clean,0.001,-0.24655539999999998
2025-05,B_n_5x50,combined,combined_vs_pure_sniper_top3_sltp,18,1872092,1874637,-1,111364.9,111541.89999999997,176.9999999999709,1769.999999999709,sl,2582.0,-0.2883648999999709,0.11136489999999999,5.0,ifvg_clean,0.001,-0.3997297999999709
2025-05,B_n_5x50,combined,combined_vs_pure_sniper_top3_sltp,19,1883549,1897054,-1,110704.0,110939.99999999999,235.99999999998545,2359.9999999998545,sl,13610.0,-0.34670399999998547,0.11070400000000001,5.0,ifvg_clean,0.001,-0.4574079999999855
2025-05,B_n_5x50,combined,combined_vs_pure_sniper_top3_sltp,20,2230565,2231050,-1,109040.8,109189.79999999994,148.9999999999418,1489.999999999418,sl,491.0,-0.2580407999999418,0.10904080000000001,5.0,ifvg_clean,0.001,-0.3670815999999418
2025-05,B_n_5x50,combined,combined_vs_pure_sniper_top3_sltp,21,2255750,2256028,1,110584.7,110008.20000000006,576.4999999999418,5764.999999999418,sl,278.0,-0.6870846999999418,0.1105847,5.0,ifvg_clean,0.001,-0.7976693999999418
2025-05,B_n_5x50,combined,combined_vs_pure_sniper_top3_sltp,22,2255715,2256972,1,110458.9,109895.39999999994,563.5000000000582,5635.000000000582,sl,1257.0,-0.6739589000000582,0.1104589,5.0,ifvg_clean,0.001,-0.7844178000000582
2025-05,B_n_5x50,combined,combined_vs_pure_sniper_top3_sltp,23,2258002,2258014,-1,109952.5,109972.4,112.5,1125.0,inv,12.0,-0.12985249999999418,0.10995250000000001,5.0,ifvg_clean,0.001,-0.2398049999999942
2025-05,B_n_5x50,combined,combined_vs_pure_sniper_top3_sltp,24,2269787,2269787,1,109999.4,110003.6,160.49999999995634,1604.9999999995634,inv,0.0,-0.10579939999998836,0.1099994,5.0,ifvg_clean,0.001,-0.21579879999998836
2025-05,B_n_5x50,combined,combined_vs_pure_sniper_top3_sltp,25,2268468,2275559,1,110280.0,109724.50000000004,555.4999999999563,5554.999999999563,sl,7153.0,-0.6657799999999564,0.11028,5.0,ifvg_clean,0.001,-0.7760599999999565
2025-05,B_n_5x50,combined,combined_vs_pure_sniper_top3_sltp,26,2386647,2388041,-1,108127.7,108291.69999999994,163.9999999999418,1639.999999999418,sl,1404.0,-0.2721276999999418,0.10812770000000001,5.0,ifvg_clean,0.001,-0.3802553999999418
2025-05,B_n_5x50,combined,combined_vs_pure_sniper_top3_sltp,27,2418058,2418141,-1,108777.7,108811.5,172.5,1725.0,inv,83.0,-0.14257770000000292,0.1087777,5.0,ifvg_clean,0.001,-0.2513554000000029
2025-05,B_n_5x50,combined,combined_vs_pure_sniper_top3_sltp,28,2431099,2431183,-1,107505.5,107627.7,635.9999999999854,6359.9999999998545,inv,84.0,-0.2297054999999971,0.1075055,5.0,ifvg_clean,0.001,-0.3372109999999971
2025-05,B_n_5x50,combined,combined_vs_pure_sniper_top3_sltp,29,2445495,2445605,1,106151.1,106140.7,140.0,1400.0,inv,110.0,-0.11655110000000875,0.10615110000000001,5.0,ifvg_clean,0.001,-0.22270220000000876
2025-05,B_n_5x50,combined,combined_vs_pure_sniper_top3_sltp,30,2460408,2460603,1,105992.3,105962.0,181.9999999999709,1819.999999999709,inv,199.0,-0.13629230000000292,0.1059923,5.0,ifvg_clean,0.001,-0.2422846000000029
2025-05,B_n_5x50,combined,combined_vs_pure_sniper_top3_sltp,31,2466226,2466241,1,105778.0,105765.8,105.0,1050.0,inv,15.0,-0.1179779999999971,0.10577800000000001,5.0,ifvg_clean,0.001,-0.22375599999999712
2025-05,B_n_5x50,combined,combined_vs_pure_sniper_top3_sltp,32,2467483,2490599,1,105076.9,105058.6,130.99999999998545,1309.9999999998545,inv,23334.0,-0.12337689999998835,0.1050769,5.0,ifvg_clean,0.001,-0.22845379999998836
2025-05,B_n_5x50,combined,combined_vs_pure_sniper_top3_sltp,33,2511693,2511793,1,105602.5,105581.2,128.49999999998545,1284.9999999998545,inv,101.0,-0.12690250000000292,0.1056025,5.0,ifvg_clean,0.001,-0.2325050000000029
2025-05,B_n_5x50,combined,combined_vs_pure_sniper_top3_sltp,34,2516501,2516501,1,105261.7,105255.6,142.99999999995634,1429.9999999995634,inv,0.0,-0.11136169999999128,0.10526170000000001,5.0,ifvg_clean,0.001,-0.2166233999999913
2025-05,B_n_5x50,combined,combined_vs_pure_sniper_top3_sltp,35,2517278,2517335,1,105386.3,105342.6,226.4999999999418,2264.999999999418,inv,59.0,-0.1490862999999971,0.1053863,5.0,ifvg_clean,0.001,-0.2544725999999971
2025-05,B_n_5x50,combined,combined_vs_pure_sniper_top3_sltp,36,2532647,2532940,1,104899.0,104782.49999999999,116.50000000001455,1165.0000000001455,sl,295.0,-0.22139900000001456,0.104899,5.0,ifvg_clean,0.001,-0.3262980000000146
2025-05,B_n_5x50,combined,combined_vs_pure_sniper_top3_sltp,37,2528897,2544213,1,104333.0,104145.5,187.5,1875.0,sl,15907.0,-0.291833,0.104333,5.0,ifvg_clean,0.001,-0.396166
2025-05,B_n_5x50,combined,combined_vs_pure_sniper_top3_sltp,38,2550716,2551171,-1,103868.3,103989.29999999999,120.99999999998545,1209.9999999998545,sl,463.0,-0.22486829999998548,0.10386830000000001,5.0,ifvg_clean,0.001,-0.3287365999999855
2025-05,B_n_5x50,combined,combined_vs_pure_sniper_top3_sltp,39,2553084,2553085,-1,103828.3,103838.4,128.9999999999418,1289.999999999418,inv,1.0,-0.11392829999999127,0.1038283,5.0,ifvg_clean,0.001,-0.21775659999999125
2025-05,B_n_5x50,combined,combined_vs_pure_sniper_top3_sltp,40,1875744,2554554,-1,111392.4,103457.40000000014,793.4999999999854,7934.9999999998545,tp,687314.0,7.823607599999855,0.1113924,5.0,ifvg_clean,0.001,7.712215199999855
2025-05,B_n_5x50,combined,combined_vs_pure_sniper_top3_sltp,41,2436239,2554554,-1,106876.2,103441.19999999942,343.5000000000582,3435.000000000582,tp,119640.0,3.3281238000005824,0.1068762,5.0,ifvg_clean,0.001,3.2212476000005825
2025-05,B_n_5x50,combined,combined_vs_pure_sniper_top3_sltp,42,2436938,2631960,-1,106772.4,104544.7,378.9999999999418,3789.999999999418,eod,199646.0,2.1209275999999972,0.10677239999999999,5.0,ifvg_clean,0.001,2.014155199999997
2025-05,B_n_5x50,combined,combined_vs_pure_sniper_top3_sltp,43,2443221,2631960,-1,106392.4,104544.7,381.9999999999709,3819.999999999709,eod,193349.0,1.7413075999999972,0.1063924,5.0,ifvg_clean,0.001,1.6349151999999971
2025-05,B_n_5x50,all_clean,combined_vs_pure_sniper_top3_sltp,0,134672,174271,1,96756.3,96495.79999999997,260.5000000000291,2605.000000000291,sl,40623.0,-0.3572563000000291,0.09675630000000002,5.0,ifvg_clean,0.001,-0.45401260000002913
2025-05,B_n_5x50,all_clean,combined_vs_pure_sniper_top3_sltp,1,330231,330363,-1,94853.8,94979.79999999999,125.99999999998545,1259.9999999998545,sl,132.0,-0.22085379999998545,0.0948538,5.0,ifvg_clean,0.001,-0.31570759999998543
2025-05,B_n_5x50,all_clean,combined_vs_pure_sniper_top3_sltp,2,151254,341564,-1,97265.2,93490.2,377.5,3775.0,tp,199098.0,3.6777348,0.0972652,5.0,ifvg_clean,0.001,3.5804696000000003
2025-05,B_n_5x50,all_clean,combined_vs_pure_sniper_top3_sltp,3,357195,357200,1,94616.8,94594.3,155.49999999995634,1554.9999999995634,inv,5.0,-0.1171168,0.0946168,5.0,ifvg_clean,0.001,-0.2117336
2025-05,B_n_5x50,all_clean,combined_vs_pure_sniper_top3_sltp,4,480737,500306,1,94554.3,96534.3000000003,198.0000000000291,1980.000000000291,tp,19914.0,1.885445700000291,0.0945543,5.0,ifvg_clean,0.001,1.7908914000002911
2025-05,B_n_5x50,all_clean,combined_vs_pure_sniper_top3_sltp,5,510910,511222,1,96958.9,96919.5,253.49999999998545,2534.9999999998545,inv,312.0,-0.13635889999999418,0.0969589,5.0,ifvg_clean,0.001,-0.2333177999999942
2025-05,B_n_5x50,all_clean,combined_vs_pure_sniper_top3_sltp,6,572236,572439,-1,95954.7,96098.19999999998,143.49999999998545,1434.9999999998545,sl,203.0,-0.23945469999998545,0.0959547,5.0,ifvg_clean,0.001,-0.3354093999999854
2025-05,B_n_5x50,all_clean,combined_vs_pure_sniper_top3_sltp,7,577102,577461,-1,96649.9,96709.1,317.5,3175.0,inv,361.0,-0.15584990000001164,0.09664990000000001,5.0,ifvg_clean,0.001,-0.25249980000001165
2025-05,B_n_5x50,all_clean,combined_vs_pure_sniper_top3_sltp,8,601151,601336,-1,98932.9,98984.7,317.5,3175.0,inv,185.0,-0.1507329000000029,0.09893289999999999,5.0,ifvg_clean,0.001,-0.24966580000000288
2025-05,B_n_5x50,all_clean,combined_vs_pure_sniper_top3_sltp,9,1030802,1033205,1,102597.9,102447.39999999997,150.5000000000291,1505.000000000291,sl,2414.0,-0.2530979000000291,0.10259789999999999,5.0,ifvg_clean,0.001,-0.3556958000000291
2025-05,B_n_5x50,all_clean,combined_vs_pure_sniper_top3_sltp,10,1231454,1231455,1,102651.9,102611.3,352.99999999995634,3529.9999999995634,inv,1.0,-0.14325189999999127,0.1026519,5.0,ifvg_clean,0.001,-0.2459037999999913
2025-05,B_n_5x50,all_clean,combined_vs_pure_sniper_top3_sltp,11,594897,1521590,1,97958.9,106248.90000000014,829.0000000000146,8290.000000000146,tp,942292.0,8.192041100000145,0.0979589,5.0,ifvg_clean,0.001,8.094082200000145
2025-05,B_n_5x50,all_clean,combined_vs_pure_sniper_top3_sltp,12,1569423,1569492,-1,102298.9,102338.8,188.49999999998545,1884.9999999998545,inv,69.0,-0.14219890000000873,0.10229890000000001,5.0,ifvg_clean,0.001,-0.24449780000000876
2025-05,B_n_5x50,all_clean,combined_vs_pure_sniper_top3_sltp,13,1565246,1571447,-1,102813.2,103130.20000000004,317.00000000004366,3170.0000000004366,sl,6212.0,-0.41981320000004363,0.1028132,5.0,ifvg_clean,0.001,-0.5226264000000436
2025-05,B_n_5x50,all_clean,combined_vs_pure_sniper_top3_sltp,14,1819235,1819475,-1,110776.1,110793.2,111.50000000001455,1115.0000000001455,inv,240.0,-0.12787609999999128,0.11077610000000002,5.0,ifvg_clean,0.001,-0.2386521999999913
2025-05,B_n_5x50,all_clean,combined_vs_pure_sniper_top3_sltp,15,1835116,1835142,1,110850.9,110825.5,179.4999999999709,1794.999999999709,inv,27.0,-0.13625089999999418,0.1108509,5.0,ifvg_clean,0.001,-0.24710179999999418
2025-05,B_n_5x50,all_clean,combined_vs_pure_sniper_top3_sltp,16,1856602,1856959,1,110995.5,110884.9,578.5000000000582,5785.000000000582,inv,370.0,-0.22159550000000583,0.11099550000000001,5.0,ifvg_clean,0.001,-0.33259100000000585
2025-05,B_n_5x50,all_clean,combined_vs_pure_sniper_top3_sltp,17,1860564,1860571,-1,111027.7,111052.2,145.49999999995634,1454.9999999995634,inv,7.0,-0.1355277,0.1110277,5.0,ifvg_clean,0.001,-0.24655539999999998
2025-05,B_n_5x50,all_clean,combined_vs_pure_sniper_top3_sltp,18,1872092,1874637,-1,111364.9,111541.89999999997,176.9999999999709,1769.999999999709,sl,2582.0,-0.2883648999999709,0.11136489999999999,5.0,ifvg_clean,0.001,-0.3997297999999709
2025-05,B_n_5x50,all_clean,combined_vs_pure_sniper_top3_sltp,19,1883549,1897054,-1,110704.0,110939.99999999999,235.99999999998545,2359.9999999998545,sl,13610.0,-0.34670399999998547,0.11070400000000001,5.0,ifvg_clean,0.001,-0.4574079999999855
2025-05,B_n_5x50,all_clean,combined_vs_pure_sniper_top3_sltp,20,2230565,2231050,-1,109040.8,109189.79999999994,148.9999999999418,1489.999999999418,sl,491.0,-0.2580407999999418,0.10904080000000001,5.0,ifvg_clean,0.001,-0.3670815999999418
2025-05,B_n_5x50,all_clean,combined_vs_pure_sniper_top3_sltp,21,2255750,2256028,1,110584.7,110008.20000000006,576.4999999999418,5764.999999999418,sl,278.0,-0.6870846999999418,0.1105847,5.0,ifvg_clean,0.001,-0.7976693999999418
2025-05,B_n_5x50,all_clean,combined_vs_pure_sniper_top3_sltp,22,2255715,2256972,1,110458.9,109895.39999999994,563.5000000000582,5635.000000000582,sl,1257.0,-0.6739589000000582,0.1104589,5.0,ifvg_clean,0.001,-0.7844178000000582
2025-05,B_n_5x50,all_clean,combined_vs_pure_sniper_top3_sltp,23,2258002,2258014,-1,109952.5,109972.4,112.5,1125.0,inv,12.0,-0.12985249999999418,0.10995250000000001,5.0,ifvg_clean,0.001,-0.2398049999999942
2025-05,B_n_5x50,all_clean,combined_vs_pure_sniper_top3_sltp,24,2269787,2269787,1,109999.4,110003.6,160.49999999995634,1604.9999999995634,inv,0.0,-0.10579939999998836,0.1099994,5.0,ifvg_clean,0.001,-0.21579879999998836
2025-05,B_n_5x50,all_clean,combined_vs_pure_sniper_top3_sltp,25,2268468,2275559,1,110280.0,109724.50000000004,555.4999999999563,5554.999999999563,sl,7153.0,-0.6657799999999564,0.11028,5.0,ifvg_clean,0.001,-0.7760599999999565
2025-05,B_n_5x50,all_clean,combined_vs_pure_sniper_top3_sltp,26,2386647,2388041,-1,108127.7,108291.69999999994,163.9999999999418,1639.999999999418,sl,1404.0,-0.2721276999999418,0.10812770000000001,5.0,ifvg_clean,0.001,-0.3802553999999418
2025-05,B_n_5x50,all_clean,combined_vs_pure_sniper_top3_sltp,27,2418058,2418141,-1,108777.7,108811.5,172.5,1725.0,inv,83.0,-0.14257770000000292,0.1087777,5.0,ifvg_clean,0.001,-0.2513554000000029
2025-05,B_n_5x50,all_clean,combined_vs_pure_sniper_top3_sltp,28,2431099,2431183,-1,107505.5,107627.7,635.9999999999854,6359.9999999998545,inv,84.0,-0.2297054999999971,0.1075055,5.0,ifvg_clean,0.001,-0.3372109999999971
2025-05,B_n_5x50,all_clean,combined_vs_pure_sniper_top3_sltp,29,2445495,2445605,1,106151.1,106140.7,140.0,1400.0,inv,110.0,-0.11655110000000875,0.10615110000000001,5.0,ifvg_clean,0.001,-0.22270220000000876
2025-05,B_n_5x50,all_clean,combined_vs_pure_sniper_top3_sltp,30,2460408,2460603,1,105992.3,105962.0,181.9999999999709,1819.999999999709,inv,199.0,-0.13629230000000292,0.1059923,5.0,ifvg_clean,0.001,-0.2422846000000029
2025-05,B_n_5x50,all_clean,combined_vs_pure_sniper_top3_sltp,31,2466226,2466241,1,105778.0,105765.8,105.0,1050.0,inv,15.0,-0.1179779999999971,0.10577800000000001,5.0,ifvg_clean,0.001,-0.22375599999999712
2025-05,B_n_5x50,all_clean,combined_vs_pure_sniper_top3_sltp,32,2467483,2490599,1,105076.9,105058.6,130.99999999998545,1309.9999999998545,inv,23334.0,-0.12337689999998835,0.1050769,5.0,ifvg_clean,0.001,-0.22845379999998836
2025-05,B_n_5x50,all_clean,combined_vs_pure_sniper_top3_sltp,33,2511693,2511793,1,105602.5,105581.2,128.49999999998545,1284.9999999998545,inv,101.0,-0.12690250000000292,0.1056025,5.0,ifvg_clean,0.001,-0.2325050000000029
2025-05,B_n_5x50,all_clean,combined_vs_pure_sniper_top3_sltp,34,2516501,2516501,1,105261.7,105255.6,142.99999999995634,1429.9999999995634,inv,0.0,-0.11136169999999128,0.10526170000000001,5.0,ifvg_clean,0.001,-0.2166233999999913
2025-05,B_n_5x50,all_clean,combined_vs_pure_sniper_top3_sltp,35,2517278,2517335,1,105386.3,105342.6,226.4999999999418,2264.999999999418,inv,59.0,-0.1490862999999971,0.1053863,5.0,ifvg_clean,0.001,-0.2544725999999971
2025-05,B_n_5x50,all_clean,combined_vs_pure_sniper_top3_sltp,36,2532647,2532940,1,104899.0,104782.49999999999,116.50000000001455,1165.0000000001455,sl,295.0,-0.22139900000001456,0.104899,5.0,ifvg_clean,0.001,-0.3262980000000146
2025-05,B_n_5x50,all_clean,combined_vs_pure_sniper_top3_sltp,37,2528897,2544213,1,104333.0,104145.5,187.5,1875.0,sl,15907.0,-0.291833,0.104333,5.0,ifvg_clean,0.001,-0.396166
2025-05,B_n_5x50,all_clean,combined_vs_pure_sniper_top3_sltp,38,2550716,2551171,-1,103868.3,103989.29999999999,120.99999999998545,1209.9999999998545,sl,463.0,-0.22486829999998548,0.10386830000000001,5.0,ifvg_clean,0.001,-0.3287365999999855
2025-05,B_n_5x50,all_clean,combined_vs_pure_sniper_top3_sltp,39,2553084,2553085,-1,103828.3,103838.4,128.9999999999418,1289.999999999418,inv,1.0,-0.11392829999999127,0.1038283,5.0,ifvg_clean,0.001,-0.21775659999999125
2025-05,B_n_5x50,all_clean,combined_vs_pure_sniper_top3_sltp,40,1875744,2554554,-1,111392.4,103457.40000000014,793.4999999999854,7934.9999999998545,tp,687314.0,7.823607599999855,0.1113924,5.0,ifvg_clean,0.001,7.712215199999855
2025-05,B_n_5x50,all_clean,combined_vs_pure_sniper_top3_sltp,41,2436239,2554554,-1,106876.2,103441.19999999942,343.5000000000582,3435.000000000582,tp,119640.0,3.3281238000005824,0.1068762,5.0,ifvg_clean,0.001,3.2212476000005825
2025-05,B_n_5x50,all_clean,combined_vs_pure_sniper_top3_sltp,42,2436938,2631960,-1,106772.4,104544.7,378.9999999999418,3789.999999999418,eod,199646.0,2.1209275999999972,0.10677239999999999,5.0,ifvg_clean,0.001,2.014155199999997
2025-05,B_n_5x50,all_clean,combined_vs_pure_sniper_top3_sltp,43,2443221,2631960,-1,106392.4,104544.7,381.9999999999709,3819.999999999709,eod,193349.0,1.7413075999999972,0.1063924,5.0,ifvg_clean,0.001,1.6349151999999971
2025-05,B_n_5x50,all_dirty,combined_vs_pure_sniper_top3_sltp,0,134672,174271,1,96756.3,96495.79999999997,260.5000000000291,2605.000000000291,sl,40623.0,-0.3572563000000291,0.09675630000000002,5.0,sniper_dirty,0.001,-0.45401260000002913
2025-05,B_n_5x50,all_dirty,combined_vs_pure_sniper_top3_sltp,1,330231,330363,-1,94853.8,94979.79999999999,125.99999999998545,1259.9999999998545,sl,132.0,-0.22085379999998545,0.0948538,5.0,sniper_dirty,0.001,-0.31570759999998543
2025-05,B_n_5x50,all_dirty,combined_vs_pure_sniper_top3_sltp,2,151254,341564,-1,97265.2,93490.2,377.5,3775.0,tp,199098.0,3.6777348,0.0972652,5.0,sniper_dirty,0.001,3.5804696000000003
2025-05,B_n_5x50,all_dirty,combined_vs_pure_sniper_top3_sltp,3,357195,357200,1,94616.8,94594.3,155.49999999995634,1554.9999999995634,inv,5.0,-0.1171168,0.0946168,5.0,sniper_dirty,0.001,-0.2117336
2025-05,B_n_5x50,all_dirty,combined_vs_pure_sniper_top3_sltp,4,480737,500306,1,94554.3,96534.3000000003,198.0000000000291,1980.000000000291,tp,19914.0,1.885445700000291,0.0945543,5.0,sniper_dirty,0.001,1.7908914000002911
2025-05,B_n_5x50,all_dirty,combined_vs_pure_sniper_top3_sltp,5,510910,511222,1,96958.9,96919.5,253.49999999998545,2534.9999999998545,inv,312.0,-0.13635889999999418,0.0969589,5.0,sniper_dirty,0.001,-0.2333177999999942
2025-05,B_n_5x50,all_dirty,combined_vs_pure_sniper_top3_sltp,6,572236,572439,-1,95954.7,96098.19999999998,143.49999999998545,1434.9999999998545,sl,203.0,-0.23945469999998545,0.0959547,5.0,sniper_dirty,0.001,-0.3354093999999854
2025-05,B_n_5x50,all_dirty,combined_vs_pure_sniper_top3_sltp,7,577102,577461,-1,96649.9,96709.1,317.5,3175.0,inv,361.0,-0.15584990000001164,0.09664990000000001,5.0,sniper_dirty,0.001,-0.25249980000001165
2025-05,B_n_5x50,all_dirty,combined_vs_pure_sniper_top3_sltp,8,601151,601336,-1,98932.9,98984.7,317.5,3175.0,inv,185.0,-0.1507329000000029,0.09893289999999999,5.0,sniper_dirty,0.001,-0.24966580000000288
2025-05,B_n_5x50,all_dirty,combined_vs_pure_sniper_top3_sltp,9,1030802,1033205,1,102597.9,102447.39999999997,150.5000000000291,1505.000000000291,sl,2414.0,-0.2530979000000291,0.10259789999999999,5.0,sniper_dirty,0.001,-0.3556958000000291
2025-05,B_n_5x50,all_dirty,combined_vs_pure_sniper_top3_sltp,10,1231454,1231455,1,102651.9,102611.3,352.99999999995634,3529.9999999995634,inv,1.0,-0.14325189999999127,0.1026519,5.0,sniper_dirty,0.001,-0.2459037999999913
2025-05,B_n_5x50,all_dirty,combined_vs_pure_sniper_top3_sltp,11,594897,1521590,1,97958.9,106248.90000000014,829.0000000000146,8290.000000000146,tp,942292.0,8.192041100000145,0.0979589,5.0,sniper_dirty,0.001,8.094082200000145
2025-05,B_n_5x50,all_dirty,combined_vs_pure_sniper_top3_sltp,12,1569423,1569492,-1,102298.9,102338.8,188.49999999998545,1884.9999999998545,inv,69.0,-0.14219890000000873,0.10229890000000001,5.0,sniper_dirty,0.001,-0.24449780000000876
2025-05,B_n_5x50,all_dirty,combined_vs_pure_sniper_top3_sltp,13,1565246,1571447,-1,102813.2,103130.20000000004,317.00000000004366,3170.0000000004366,sl,6212.0,-0.41981320000004363,0.1028132,5.0,sniper_dirty,0.001,-0.5226264000000436
2025-05,B_n_5x50,all_dirty,combined_vs_pure_sniper_top3_sltp,14,1819235,1819475,-1,110776.1,110793.2,111.50000000001455,1115.0000000001455,inv,240.0,-0.12787609999999128,0.11077610000000002,5.0,sniper_dirty,0.001,-0.2386521999999913
2025-05,B_n_5x50,all_dirty,combined_vs_pure_sniper_top3_sltp,15,1835116,1835142,1,110850.9,110825.5,179.4999999999709,1794.999999999709,inv,27.0,-0.13625089999999418,0.1108509,5.0,sniper_dirty,0.001,-0.24710179999999418
2025-05,B_n_5x50,all_dirty,combined_vs_pure_sniper_top3_sltp,16,1856602,1856959,1,110995.5,110884.9,578.5000000000582,5785.000000000582,inv,370.0,-0.22159550000000583,0.11099550000000001,5.0,sniper_dirty,0.001,-0.33259100000000585
2025-05,B_n_5x50,all_dirty,combined_vs_pure_sniper_top3_sltp,17,1860564,1860571,-1,111027.7,111052.2,145.49999999995634,1454.9999999995634,inv,7.0,-0.1355277,0.1110277,5.0,sniper_dirty,0.001,-0.24655539999999998
2025-05,B_n_5x50,all_dirty,combined_vs_pure_sniper_top3_sltp,18,1872092,1874637,-1,111364.9,111541.89999999997,176.9999999999709,1769.999999999709,sl,2582.0,-0.2883648999999709,0.11136489999999999,5.0,sniper_dirty,0.001,-0.3997297999999709
2025-05,B_n_5x50,all_dirty,combined_vs_pure_sniper_top3_sltp,19,1883549,1897054,-1,110704.0,110939.99999999999,235.99999999998545,2359.9999999998545,sl,13610.0,-0.34670399999998547,0.11070400000000001,5.0,sniper_dirty,0.001,-0.4574079999999855
2025-05,B_n_5x50,all_dirty,combined_vs_pure_sniper_top3_sltp,20,2230565,2231050,-1,109040.8,109189.79999999994,148.9999999999418,1489.999999999418,sl,491.0,-0.2580407999999418,0.10904080000000001,5.0,sniper_dirty,0.001,-0.3670815999999418
2025-05,B_n_5x50,all_dirty,combined_vs_pure_sniper_top3_sltp,21,2255750,2256028,1,110584.7,110008.20000000006,576.4999999999418,5764.999999999418,sl,278.0,-0.6870846999999418,0.1105847,5.0,sniper_dirty,0.001,-0.7976693999999418
2025-05,B_n_5x50,all_dirty,combined_vs_pure_sniper_top3_sltp,22,2255715,2256972,1,110458.9,109895.39999999994,563.5000000000582,5635.000000000582,sl,1257.0,-0.6739589000000582,0.1104589,5.0,sniper_dirty,0.001,-0.7844178000000582
2025-05,B_n_5x50,all_dirty,combined_vs_pure_sniper_top3_sltp,23,2258002,2258014,-1,109952.5,109972.4,112.5,1125.0,inv,12.0,-0.12985249999999418,0.10995250000000001,5.0,sniper_dirty,0.001,-0.2398049999999942
2025-05,B_n_5x50,all_dirty,combined_vs_pure_sniper_top3_sltp,24,2269787,2269787,1,109999.4,110003.6,160.49999999995634,1604.9999999995634,inv,0.0,-0.10579939999998836,0.1099994,5.0,sniper_dirty,0.001,-0.21579879999998836
2025-05,B_n_5x50,all_dirty,combined_vs_pure_sniper_top3_sltp,25,2268468,2275559,1,110280.0,109724.50000000004,555.4999999999563,5554.999999999563,sl,7153.0,-0.6657799999999564,0.11028,5.0,sniper_dirty,0.001,-0.7760599999999565
2025-05,B_n_5x50,all_dirty,combined_vs_pure_sniper_top3_sltp,26,2386647,2388041,-1,108127.7,108291.69999999994,163.9999999999418,1639.999999999418,sl,1404.0,-0.2721276999999418,0.10812770000000001,5.0,sniper_dirty,0.001,-0.3802553999999418
2025-05,B_n_5x50,all_dirty,combined_vs_pure_sniper_top3_sltp,27,2418058,2418141,-1,108777.7,108811.5,172.5,1725.0,inv,83.0,-0.14257770000000292,0.1087777,5.0,sniper_dirty,0.001,-0.2513554000000029
2025-05,B_n_5x50,all_dirty,combined_vs_pure_sniper_top3_sltp,28,2431099,2431183,-1,107505.5,107627.7,635.9999999999854,6359.9999999998545,inv,84.0,-0.2297054999999971,0.1075055,5.0,sniper_dirty,0.001,-0.3372109999999971
2025-05,B_n_5x50,all_dirty,combined_vs_pure_sniper_top3_sltp,29,2445495,2445605,1,106151.1,106140.7,140.0,1400.0,inv,110.0,-0.11655110000000875,0.10615110000000001,5.0,sniper_dirty,0.001,-0.22270220000000876
2025-05,B_n_5x50,all_dirty,combined_vs_pure_sniper_top3_sltp,30,2460408,2460603,1,105992.3,105962.0,181.9999999999709,1819.999999999709,inv,199.0,-0.13629230000000292,0.1059923,5.0,sniper_dirty,0.001,-0.2422846000000029
2025-05,B_n_5x50,all_dirty,combined_vs_pure_sniper_top3_sltp,31,2466226,2466241,1,105778.0,105765.8,105.0,1050.0,inv,15.0,-0.1179779999999971,0.10577800000000001,5.0,sniper_dirty,0.001,-0.22375599999999712
2025-05,B_n_5x50,all_dirty,combined_vs_pure_sniper_top3_sltp,32,2467483,2490599,1,105076.9,105058.6,130.99999999998545,1309.9999999998545,inv,23334.0,-0.12337689999998835,0.1050769,5.0,sniper_dirty,0.001,-0.22845379999998836
2025-05,B_n_5x50,all_dirty,combined_vs_pure_sniper_top3_sltp,33,2511693,2511793,1,105602.5,105581.2,128.49999999998545,1284.9999999998545,inv,101.0,-0.12690250000000292,0.1056025,5.0,sniper_dirty,0.001,-0.2325050000000029
2025-05,B_n_5x50,all_dirty,combined_vs_pure_sniper_top3_sltp,34,2516501,2516501,1,105261.7,105255.6,142.99999999995634,1429.9999999995634,inv,0.0,-0.11136169999999128,0.10526170000000001,5.0,sniper_dirty,0.001,-0.2166233999999913
2025-05,B_n_5x50,all_dirty,combined_vs_pure_sniper_top3_sltp,35,2517278,2517335,1,105386.3,105342.6,226.4999999999418,2264.999999999418,inv,59.0,-0.1490862999999971,0.1053863,5.0,sniper_dirty,0.001,-0.2544725999999971
2025-05,B_n_5x50,all_dirty,combined_vs_pure_sniper_top3_sltp,36,2532647,2532940,1,104899.0,104782.49999999999,116.50000000001455,1165.0000000001455,sl,295.0,-0.22139900000001456,0.104899,5.0,sniper_dirty,0.001,-0.3262980000000146
2025-05,B_n_5x50,all_dirty,combined_vs_pure_sniper_top3_sltp,37,2528897,2544213,1,104333.0,104145.5,187.5,1875.0,sl,15907.0,-0.291833,0.104333,5.0,sniper_dirty,0.001,-0.396166
2025-05,B_n_5x50,all_dirty,combined_vs_pure_sniper_top3_sltp,38,2550716,2551171,-1,103868.3,103989.29999999999,120.99999999998545,1209.9999999998545,sl,463.0,-0.22486829999998548,0.10386830000000001,5.0,sniper_dirty,0.001,-0.3287365999999855
2025-05,B_n_5x50,all_dirty,combined_vs_pure_sniper_top3_sltp,39,2553084,2553085,-1,103828.3,103838.4,128.9999999999418,1289.999999999418,inv,1.0,-0.11392829999999127,0.1038283,5.0,sniper_dirty,0.001,-0.21775659999999125
2025-05,B_n_5x50,all_dirty,combined_vs_pure_sniper_top3_sltp,40,1875744,2554554,-1,111392.4,103457.40000000014,793.4999999999854,7934.9999999998545,tp,687314.0,7.823607599999855,0.1113924,5.0,sniper_dirty,0.001,7.712215199999855
2025-05,B_n_5x50,all_dirty,combined_vs_pure_sniper_top3_sltp,41,2436239,2554554,-1,106876.2,103441.19999999942,343.5000000000582,3435.000000000582,tp,119640.0,3.3281238000005824,0.1068762,5.0,sniper_dirty,0.001,3.2212476000005825
2025-05,B_n_5x50,all_dirty,combined_vs_pure_sniper_top3_sltp,42,2436938,2631960,-1,106772.4,104544.7,378.9999999999418,3789.999999999418,eod,199646.0,2.1209275999999972,0.10677239999999999,5.0,sniper_dirty,0.001,2.014155199999997
2025-05,B_n_5x50,all_dirty,combined_vs_pure_sniper_top3_sltp,43,2443221,2631960,-1,106392.4,104544.7,381.9999999999709,3819.999999999709,eod,193349.0,1.7413075999999972,0.1063924,5.0,sniper_dirty,0.001,1.6349151999999971
2025-05,B_n_7x45,combined,combined_vs_pure_sniper_top3_sltp,0,134672,175541,1,96756.3,96391.59999999996,364.70000000004075,2344.500000000262,sl,41907.0,-0.4614563000000408,0.09675630000000002,5.0,ifvg_clean,0.001,-0.5582126000000408
2025-05,B_n_7x45,combined,combined_vs_pure_sniper_top3_sltp,1,151254,339307,-1,97265.2,93867.7,528.5,3397.5,tp,196840.0,3.3002348,0.0972652,5.0,ifvg_clean,0.001,3.2029696000000003
2025-05,B_n_7x45,combined,combined_vs_pure_sniper_top3_sltp,2,330231,339377,-1,94853.8,93719.80000000013,176.39999999997963,1133.999999999869,tp,9172.0,1.039146199999869,0.0948538,5.0,ifvg_clean,0.001,0.944292399999869
2025-05,B_n_7x45,combined,combined_vs_pure_sniper_top3_sltp,3,357195,357200,1,94616.8,94594.3,217.69999999993888,1399.499999999607,inv,5.0,-0.1171168,0.0946168,5.0,ifvg_clean,0.001,-0.2117336
2025-05,B_n_7x45,combined,combined_vs_pure_sniper_top3_sltp,4,480737,498935,1,94554.3,96336.30000000026,277.20000000004075,1782.000000000262,tp,18543.0,1.687445700000262,0.0945543,5.0,ifvg_clean,0.001,1.592891400000262
2025-05,B_n_7x45,combined,combined_vs_pure_sniper_top3_sltp,5,510910,511222,1,96958.9,96919.5,354.8999999999796,2281.499999999869,inv,312.0,-0.13635889999999418,0.0969589,5.0,ifvg_clean,0.001,-0.2333177999999942
2025-05,B_n_7x45,combined,combined_vs_pure_sniper_top3_sltp,6,572236,572453,-1,95954.7,96155.59999999998,200.89999999997963,1291.499999999869,sl,217.0,-0.2968546999999796,0.0959547,5.0,ifvg_clean,0.001,-0.3928093999999796
2025-05,B_n_7x45,combined,combined_vs_pure_sniper_top3_sltp,7,577102,577461,-1,96649.9,96709.1,444.5,2857.5,inv,361.0,-0.15584990000001164,0.09664990000000001,5.0,ifvg_clean,0.001,-0.25249980000001165
2025-05,B_n_7x45,combined,combined_vs_pure_sniper_top3_sltp,8,601151,601336,-1,98932.9,98984.7,444.5,2857.5,inv,185.0,-0.1507329000000029,0.09893289999999999,5.0,ifvg_clean,0.001,-0.24966580000000288
2025-05,B_n_7x45,combined,combined_vs_pure_sniper_top3_sltp,9,594897,952762,1,97958.9,105419.90000000013,1160.6000000000204,7461.000000000131,tp,363374.0,7.363041100000131,0.0979589,5.0,ifvg_clean,0.001,7.265082200000131
2025-05,B_n_7x45,combined,combined_vs_pure_sniper_top3_sltp,10,1030802,1033315,1,102597.9,102387.19999999995,210.70000000004075,1354.500000000262,sl,2525.0,-0.31329790000004076,0.10259789999999999,5.0,ifvg_clean,0.001,-0.4158958000000408
2025-05,B_n_7x45,combined,combined_vs_pure_sniper_top3_sltp,11,1231454,1231455,1,102651.9,102611.3,494.1999999999389,3176.999999999607,inv,1.0,-0.14325189999999127,0.1026519,5.0,ifvg_clean,0.001,-0.2459037999999913
2025-05,B_n_7x45,combined,combined_vs_pure_sniper_top3_sltp,12,1569423,1569492,-1,102298.9,102338.8,263.8999999999796,1696.499999999869,inv,69.0,-0.14219890000000873,0.10229890000000001,5.0,ifvg_clean,0.001,-0.24449780000000876
2025-05,B_n_7x45,combined,combined_vs_pure_sniper_top3_sltp,13,1565246,1571816,-1,102813.2,103257.00000000006,443.8000000000611,2853.000000000393,sl,6581.0,-0.5466132000000612,0.1028132,5.0,ifvg_clean,0.001,-0.6494264000000611
2025-05,B_n_7x45,combined,combined_vs_pure_sniper_top3_sltp,14,1819235,1819475,-1,110776.1,110793.2,156.10000000002037,1003.500000000131,inv,240.0,-0.12787609999999128,0.11077610000000002,5.0,ifvg_clean,0.001,-0.2386521999999913
2025-05,B_n_7x45,combined,combined_vs_pure_sniper_top3_sltp,15,1835116,1835142,1,110850.9,110825.5,251.29999999995925,1615.499999999738,inv,27.0,-0.13625089999999418,0.1108509,5.0,ifvg_clean,0.001,-0.24710179999999418
2025-05,B_n_7x45,combined,combined_vs_pure_sniper_top3_sltp,16,1856602,1856959,1,110995.5,110884.9,809.9000000000815,5206.500000000524,inv,370.0,-0.22159550000000583,0.11099550000000001,5.0,ifvg_clean,0.001,-0.33259100000000585
2025-05,B_n_7x45,combined,combined_vs_pure_sniper_top3_sltp,17,1860564,1860571,-1,111027.7,111052.2,203.69999999993888,1309.499999999607,inv,7.0,-0.1355277,0.1110277,5.0,ifvg_clean,0.001,-0.24655539999999998
2025-05,B_n_7x45,combined,combined_vs_pure_sniper_top3_sltp,18,1883549,1898802,-1,110704.0,111034.39999999998,330.3999999999796,2123.999999999869,sl,15370.0,-0.4411039999999797,0.11070400000000001,5.0,ifvg_clean,0.001,-0.5518079999999796
2025-05,B_n_7x45,combined,combined_vs_pure_sniper_top3_sltp,19,1872092,1908437,-1,111364.9,109771.90000000026,247.79999999995925,1592.999999999738,tp,36600.0,1.481635099999738,0.11136489999999999,5.0,ifvg_clean,0.001,1.3702701999997382
2025-05,B_n_7x45,combined,combined_vs_pure_sniper_top3_sltp,20,2230565,2234369,-1,109040.8,109249.39999999992,208.5999999999185,1340.9999999994761,sl,3848.0,-0.3176407999999185,0.10904080000000001,5.0,ifvg_clean,0.001,-0.4266815999999185
2025-05,B_n_7x45,combined,combined_vs_pure_sniper_top3_sltp,21,2255715,2256975,1,110458.9,109669.99999999991,788.9000000000815,5071.500000000524,sl,1260.0,-0.8993589000000816,0.1104589,5.0,ifvg_clean,0.001,-1.0098178000000815
2025-05,B_n_7x45,combined,combined_vs_pure_sniper_top3_sltp,22,2255750,2256975,1,110584.7,109777.60000000008,807.0999999999185,5188.499999999476,sl,1225.0,-0.9176846999999185,0.1105847,5.0,ifvg_clean,0.001,-1.0282693999999186
2025-05,B_n_7x45,combined,combined_vs_pure_sniper_top3_sltp,23,2258002,2258014,-1,109952.5,109972.4,157.5,1012.5,inv,12.0,-0.12985249999999418,0.10995250000000001,5.0,ifvg_clean,0.001,-0.2398049999999942
2025-05,B_n_7x45,combined,combined_vs_pure_sniper_top3_sltp,24,2269787,2269787,1,109999.4,110003.6,224.69999999993888,1444.499999999607,inv,0.0,-0.10579939999998836,0.1099994,5.0,ifvg_clean,0.001,-0.21579879999998836
2025-05,B_n_7x45,combined,combined_vs_pure_sniper_top3_sltp,25,2268468,2282142,1,110280.0,109502.30000000006,777.6999999999389,4999.499999999607,sl,14025.0,-0.8879799999999389,0.11028,5.0,ifvg_clean,0.001,-0.998259999999939
2025-05,B_n_7x45,combined,combined_vs_pure_sniper_top3_sltp,26,2386647,2388067,-1,108127.7,108357.29999999992,229.5999999999185,1475.9999999994761,sl,1430.0,-0.33772769999991853,0.10812770000000001,5.0,ifvg_clean,0.001,-0.4458553999999185
2025-05,B_n_7x45,combined,combined_vs_pure_sniper_top3_sltp,27,2418058,2418141,-1,108777.7,108811.5,241.5,1552.5,inv,83.0,-0.14257770000000292,0.1087777,5.0,ifvg_clean,0.001,-0.2513554000000029
2025-05,B_n_7x45,combined,combined_vs_pure_sniper_top3_sltp,28,2431099,2431183,-1,107505.5,107627.7,890.3999999999796,5723.999999999869,inv,84.0,-0.2297054999999971,0.1075055,5.0,ifvg_clean,0.001,-0.3372109999999971
2025-05,B_n_7x45,combined,combined_vs_pure_sniper_top3_sltp,29,2445495,2445605,1,106151.1,106140.7,196.0,1260.0,inv,110.0,-0.11655110000000875,0.10615110000000001,5.0,ifvg_clean,0.001,-0.22270220000000876
2025-05,B_n_7x45,combined,combined_vs_pure_sniper_top3_sltp,30,2460408,2460603,1,105992.3,105962.0,254.79999999995925,1637.999999999738,inv,199.0,-0.13629230000000292,0.1059923,5.0,ifvg_clean,0.001,-0.2422846000000029
2025-05,B_n_7x45,combined,combined_vs_pure_sniper_top3_sltp,31,2466226,2466241,1,105778.0,105765.8,147.0,945.0,inv,15.0,-0.1179779999999971,0.10577800000000001,5.0,ifvg_clean,0.001,-0.22375599999999712
2025-05,B_n_7x45,combined,combined_vs_pure_sniper_top3_sltp,32,2467483,2483675,1,105076.9,106255.89999999986,183.39999999997963,1178.999999999869,tp,16361.0,1.073923099999869,0.1050769,5.0,ifvg_clean,0.001,0.968846199999869
2025-05,B_n_7x45,combined,combined_vs_pure_sniper_top3_sltp,33,2511693,2511793,1,105602.5,105581.2,179.89999999997963,1156.499999999869,inv,101.0,-0.12690250000000292,0.1056025,5.0,ifvg_clean,0.001,-0.2325050000000029
2025-05,B_n_7x45,combined,combined_vs_pure_sniper_top3_sltp,34,2516501,2516501,1,105261.7,105255.6,200.19999999993888,1286.999999999607,inv,0.0,-0.11136169999999128,0.10526170000000001,5.0,ifvg_clean,0.001,-0.2166233999999913
2025-05,B_n_7x45,combined,combined_vs_pure_sniper_top3_sltp,35,2517278,2517335,1,105386.3,105342.6,317.0999999999185,2038.4999999994761,inv,59.0,-0.1490862999999971,0.1053863,5.0,ifvg_clean,0.001,-0.2544725999999971
2025-05,B_n_7x45,combined,combined_vs_pure_sniper_top3_sltp,36,1875744,2522671,-1,111392.4,104250.90000000013,1110.8999999999796,7141.499999999869,tp,654777.0,7.0301075999998694,0.1113924,5.0,ifvg_clean,0.001,6.91871519999987
2025-05,B_n_7x45,combined,combined_vs_pure_sniper_top3_sltp,37,2436239,2523773,-1,106876.2,103784.69999999947,480.9000000000815,3091.500000000524,tp,88205.0,2.984623800000524,0.1068762,5.0,ifvg_clean,0.001,2.877747600000524
2025-05,B_n_7x45,combined,combined_vs_pure_sniper_top3_sltp,38,2532647,2533040,1,104899.0,104735.89999999998,163.10000000002037,1048.500000000131,sl,396.0,-0.26799900000002036,0.104899,5.0,ifvg_clean,0.001,-0.3728980000000204
2025-05,B_n_7x45,combined,combined_vs_pure_sniper_top3_sltp,39,2528897,2544373,1,104333.0,104070.5,262.5,1687.5,sl,16068.0,-0.366833,0.104333,5.0,ifvg_clean,0.001,-0.47116600000000003
2025-05,B_n_7x45,combined,combined_vs_pure_sniper_top3_sltp,40,2550716,2551205,-1,103868.3,104037.69999999998,169.39999999997963,1088.999999999869,sl,498.0,-0.27326829999997965,0.10386830000000001,5.0,ifvg_clean,0.001,-0.37713659999997967
2025-05,B_n_7x45,combined,combined_vs_pure_sniper_top3_sltp,41,2553084,2553085,-1,103828.3,103838.4,180.5999999999185,1160.9999999994761,inv,1.0,-0.11392829999999127,0.1038283,5.0,ifvg_clean,0.001,-0.21775659999999125
2025-05,B_n_7x45,combined,combined_vs_pure_sniper_top3_sltp,42,2436938,2555805,-1,106772.4,103361.40000000052,530.5999999999185,3410.999999999476,tp,120194.0,3.304227599999476,0.10677239999999999,5.0,ifvg_clean,0.001,3.197455199999476
2025-05,B_n_7x45,combined,combined_vs_pure_sniper_top3_sltp,43,2443221,2631960,-1,106392.4,104544.7,534.7999999999593,3437.999999999738,eod,193349.0,1.7413075999999972,0.1063924,5.0,ifvg_clean,0.001,1.6349151999999971
2025-05,B_n_7x45,all_clean,combined_vs_pure_sniper_top3_sltp,0,134672,175541,1,96756.3,96391.59999999996,364.70000000004075,2344.500000000262,sl,41907.0,-0.4614563000000408,0.09675630000000002,5.0,ifvg_clean,0.001,-0.5582126000000408
2025-05,B_n_7x45,all_clean,combined_vs_pure_sniper_top3_sltp,1,151254,339307,-1,97265.2,93867.7,528.5,3397.5,tp,196840.0,3.3002348,0.0972652,5.0,ifvg_clean,0.001,3.2029696000000003
2025-05,B_n_7x45,all_clean,combined_vs_pure_sniper_top3_sltp,2,330231,339377,-1,94853.8,93719.80000000013,176.39999999997963,1133.999999999869,tp,9172.0,1.039146199999869,0.0948538,5.0,ifvg_clean,0.001,0.944292399999869
2025-05,B_n_7x45,all_clean,combined_vs_pure_sniper_top3_sltp,3,357195,357200,1,94616.8,94594.3,217.69999999993888,1399.499999999607,inv,5.0,-0.1171168,0.0946168,5.0,ifvg_clean,0.001,-0.2117336
2025-05,B_n_7x45,all_clean,combined_vs_pure_sniper_top3_sltp,4,480737,498935,1,94554.3,96336.30000000026,277.20000000004075,1782.000000000262,tp,18543.0,1.687445700000262,0.0945543,5.0,ifvg_clean,0.001,1.592891400000262
2025-05,B_n_7x45,all_clean,combined_vs_pure_sniper_top3_sltp,5,510910,511222,1,96958.9,96919.5,354.8999999999796,2281.499999999869,inv,312.0,-0.13635889999999418,0.0969589,5.0,ifvg_clean,0.001,-0.2333177999999942
2025-05,B_n_7x45,all_clean,combined_vs_pure_sniper_top3_sltp,6,572236,572453,-1,95954.7,96155.59999999998,200.89999999997963,1291.499999999869,sl,217.0,-0.2968546999999796,0.0959547,5.0,ifvg_clean,0.001,-0.3928093999999796
2025-05,B_n_7x45,all_clean,combined_vs_pure_sniper_top3_sltp,7,577102,577461,-1,96649.9,96709.1,444.5,2857.5,inv,361.0,-0.15584990000001164,0.09664990000000001,5.0,ifvg_clean,0.001,-0.25249980000001165
2025-05,B_n_7x45,all_clean,combined_vs_pure_sniper_top3_sltp,8,601151,601336,-1,98932.9,98984.7,444.5,2857.5,inv,185.0,-0.1507329000000029,0.09893289999999999,5.0,ifvg_clean,0.001,-0.24966580000000288
2025-05,B_n_7x45,all_clean,combined_vs_pure_sniper_top3_sltp,9,594897,952762,1,97958.9,105419.90000000013,1160.6000000000204,7461.000000000131,tp,363374.0,7.363041100000131,0.0979589,5.0,ifvg_clean,0.001,7.265082200000131
2025-05,B_n_7x45,all_clean,combined_vs_pure_sniper_top3_sltp,10,1030802,1033315,1,102597.9,102387.19999999995,210.70000000004075,1354.500000000262,sl,2525.0,-0.31329790000004076,0.10259789999999999,5.0,ifvg_clean,0.001,-0.4158958000000408
2025-05,B_n_7x45,all_clean,combined_vs_pure_sniper_top3_sltp,11,1231454,1231455,1,102651.9,102611.3,494.1999999999389,3176.999999999607,inv,1.0,-0.14325189999999127,0.1026519,5.0,ifvg_clean,0.001,-0.2459037999999913
2025-05,B_n_7x45,all_clean,combined_vs_pure_sniper_top3_sltp,12,1569423,1569492,-1,102298.9,102338.8,263.8999999999796,1696.499999999869,inv,69.0,-0.14219890000000873,0.10229890000000001,5.0,ifvg_clean,0.001,-0.24449780000000876
2025-05,B_n_7x45,all_clean,combined_vs_pure_sniper_top3_sltp,13,1565246,1571816,-1,102813.2,103257.00000000006,443.8000000000611,2853.000000000393,sl,6581.0,-0.5466132000000612,0.1028132,5.0,ifvg_clean,0.001,-0.6494264000000611
2025-05,B_n_7x45,all_clean,combined_vs_pure_sniper_top3_sltp,14,1819235,1819475,-1,110776.1,110793.2,156.10000000002037,1003.500000000131,inv,240.0,-0.12787609999999128,0.11077610000000002,5.0,ifvg_clean,0.001,-0.2386521999999913
2025-05,B_n_7x45,all_clean,combined_vs_pure_sniper_top3_sltp,15,1835116,1835142,1,110850.9,110825.5,251.29999999995925,1615.499999999738,inv,27.0,-0.13625089999999418,0.1108509,5.0,ifvg_clean,0.001,-0.24710179999999418
2025-05,B_n_7x45,all_clean,combined_vs_pure_sniper_top3_sltp,16,1856602,1856959,1,110995.5,110884.9,809.9000000000815,5206.500000000524,inv,370.0,-0.22159550000000583,0.11099550000000001,5.0,ifvg_clean,0.001,-0.33259100000000585
2025-05,B_n_7x45,all_clean,combined_vs_pure_sniper_top3_sltp,17,1860564,1860571,-1,111027.7,111052.2,203.69999999993888,1309.499999999607,inv,7.0,-0.1355277,0.1110277,5.0,ifvg_clean,0.001,-0.24655539999999998
2025-05,B_n_7x45,all_clean,combined_vs_pure_sniper_top3_sltp,18,1883549,1898802,-1,110704.0,111034.39999999998,330.3999999999796,2123.999999999869,sl,15370.0,-0.4411039999999797,0.11070400000000001,5.0,ifvg_clean,0.001,-0.5518079999999796
2025-05,B_n_7x45,all_clean,combined_vs_pure_sniper_top3_sltp,19,1872092,1908437,-1,111364.9,109771.90000000026,247.79999999995925,1592.999999999738,tp,36600.0,1.481635099999738,0.11136489999999999,5.0,ifvg_clean,0.001,1.3702701999997382
2025-05,B_n_7x45,all_clean,combined_vs_pure_sniper_top3_sltp,20,2230565,2234369,-1,109040.8,109249.39999999992,208.5999999999185,1340.9999999994761,sl,3848.0,-0.3176407999999185,0.10904080000000001,5.0,ifvg_clean,0.001,-0.4266815999999185
2025-05,B_n_7x45,all_clean,combined_vs_pure_sniper_top3_sltp,21,2255715,2256975,1,110458.9,109669.99999999991,788.9000000000815,5071.500000000524,sl,1260.0,-0.8993589000000816,0.1104589,5.0,ifvg_clean,0.001,-1.0098178000000815
2025-05,B_n_7x45,all_clean,combined_vs_pure_sniper_top3_sltp,22,2255750,2256975,1,110584.7,109777.60000000008,807.0999999999185,5188.499999999476,sl,1225.0,-0.9176846999999185,0.1105847,5.0,ifvg_clean,0.001,-1.0282693999999186
2025-05,B_n_7x45,all_clean,combined_vs_pure_sniper_top3_sltp,23,2258002,2258014,-1,109952.5,109972.4,157.5,1012.5,inv,12.0,-0.12985249999999418,0.10995250000000001,5.0,ifvg_clean,0.001,-0.2398049999999942
2025-05,B_n_7x45,all_clean,combined_vs_pure_sniper_top3_sltp,24,2269787,2269787,1,109999.4,110003.6,224.69999999993888,1444.499999999607,inv,0.0,-0.10579939999998836,0.1099994,5.0,ifvg_clean,0.001,-0.21579879999998836
2025-05,B_n_7x45,all_clean,combined_vs_pure_sniper_top3_sltp,25,2268468,2282142,1,110280.0,109502.30000000006,777.6999999999389,4999.499999999607,sl,14025.0,-0.8879799999999389,0.11028,5.0,ifvg_clean,0.001,-0.998259999999939
2025-05,B_n_7x45,all_clean,combined_vs_pure_sniper_top3_sltp,26,2386647,2388067,-1,108127.7,108357.29999999992,229.5999999999185,1475.9999999994761,sl,1430.0,-0.33772769999991853,0.10812770000000001,5.0,ifvg_clean,0.001,-0.4458553999999185
2025-05,B_n_7x45,all_clean,combined_vs_pure_sniper_top3_sltp,27,2418058,2418141,-1,108777.7,108811.5,241.5,1552.5,inv,83.0,-0.14257770000000292,0.1087777,5.0,ifvg_clean,0.001,-0.2513554000000029
2025-05,B_n_7x45,all_clean,combined_vs_pure_sniper_top3_sltp,28,2431099,2431183,-1,107505.5,107627.7,890.3999999999796,5723.999999999869,inv,84.0,-0.2297054999999971,0.1075055,5.0,ifvg_clean,0.001,-0.3372109999999971
2025-05,B_n_7x45,all_clean,combined_vs_pure_sniper_top3_sltp,29,2445495,2445605,1,106151.1,106140.7,196.0,1260.0,inv,110.0,-0.11655110000000875,0.10615110000000001,5.0,ifvg_clean,0.001,-0.22270220000000876
2025-05,B_n_7x45,all_clean,combined_vs_pure_sniper_top3_sltp,30,2460408,2460603,1,105992.3,105962.0,254.79999999995925,1637.999999999738,inv,199.0,-0.13629230000000292,0.1059923,5.0,ifvg_clean,0.001,-0.2422846000000029
2025-05,B_n_7x45,all_clean,combined_vs_pure_sniper_top3_sltp,31,2466226,2466241,1,105778.0,105765.8,147.0,945.0,inv,15.0,-0.1179779999999971,0.10577800000000001,5.0,ifvg_clean,0.001,-0.22375599999999712
2025-05,B_n_7x45,all_clean,combined_vs_pure_sniper_top3_sltp,32,2467483,2483675,1,105076.9,106255.89999999986,183.39999999997963,1178.999999999869,tp,16361.0,1.073923099999869,0.1050769,5.0,ifvg_clean,0.001,0.968846199999869
2025-05,B_n_7x45,all_clean,combined_vs_pure_sniper_top3_sltp,33,2511693,2511793,1,105602.5,105581.2,179.89999999997963,1156.499999999869,inv,101.0,-0.12690250000000292,0.1056025,5.0,ifvg_clean,0.001,-0.2325050000000029
2025-05,B_n_7x45,all_clean,combined_vs_pure_sniper_top3_sltp,34,2516501,2516501,1,105261.7,105255.6,200.19999999993888,1286.999999999607,inv,0.0,-0.11136169999999128,0.10526170000000001,5.0,ifvg_clean,0.001,-0.2166233999999913
2025-05,B_n_7x45,all_clean,combined_vs_pure_sniper_top3_sltp,35,2517278,2517335,1,105386.3,105342.6,317.0999999999185,2038.4999999994761,inv,59.0,-0.1490862999999971,0.1053863,5.0,ifvg_clean,0.001,-0.2544725999999971
2025-05,B_n_7x45,all_clean,combined_vs_pure_sniper_top3_sltp,36,1875744,2522671,-1,111392.4,104250.90000000013,1110.8999999999796,7141.499999999869,tp,654777.0,7.0301075999998694,0.1113924,5.0,ifvg_clean,0.001,6.91871519999987
2025-05,B_n_7x45,all_clean,combined_vs_pure_sniper_top3_sltp,37,2436239,2523773,-1,106876.2,103784.69999999947,480.9000000000815,3091.500000000524,tp,88205.0,2.984623800000524,0.1068762,5.0,ifvg_clean,0.001,2.877747600000524
2025-05,B_n_7x45,all_clean,combined_vs_pure_sniper_top3_sltp,38,2532647,2533040,1,104899.0,104735.89999999998,163.10000000002037,1048.500000000131,sl,396.0,-0.26799900000002036,0.104899,5.0,ifvg_clean,0.001,-0.3728980000000204
2025-05,B_n_7x45,all_clean,combined_vs_pure_sniper_top3_sltp,39,2528897,2544373,1,104333.0,104070.5,262.5,1687.5,sl,16068.0,-0.366833,0.104333,5.0,ifvg_clean,0.001,-0.47116600000000003
2025-05,B_n_7x45,all_clean,combined_vs_pure_sniper_top3_sltp,40,2550716,2551205,-1,103868.3,104037.69999999998,169.39999999997963,1088.999999999869,sl,498.0,-0.27326829999997965,0.10386830000000001,5.0,ifvg_clean,0.001,-0.37713659999997967
2025-05,B_n_7x45,all_clean,combined_vs_pure_sniper_top3_sltp,41,2553084,2553085,-1,103828.3,103838.4,180.5999999999185,1160.9999999994761,inv,1.0,-0.11392829999999127,0.1038283,5.0,ifvg_clean,0.001,-0.21775659999999125
2025-05,B_n_7x45,all_clean,combined_vs_pure_sniper_top3_sltp,42,2436938,2555805,-1,106772.4,103361.40000000052,530.5999999999185,3410.999999999476,tp,120194.0,3.304227599999476,0.10677239999999999,5.0,ifvg_clean,0.001,3.197455199999476
2025-05,B_n_7x45,all_clean,combined_vs_pure_sniper_top3_sltp,43,2443221,2631960,-1,106392.4,104544.7,534.7999999999593,3437.999999999738,eod,193349.0,1.7413075999999972,0.1063924,5.0,ifvg_clean,0.001,1.6349151999999971
2025-05,B_n_7x45,all_dirty,combined_vs_pure_sniper_top3_sltp,0,134672,175541,1,96756.3,96391.59999999996,364.70000000004075,2344.500000000262,sl,41907.0,-0.4614563000000408,0.09675630000000002,5.0,sniper_dirty,0.001,-0.5582126000000408
2025-05,B_n_7x45,all_dirty,combined_vs_pure_sniper_top3_sltp,1,151254,339307,-1,97265.2,93867.7,528.5,3397.5,tp,196840.0,3.3002348,0.0972652,5.0,sniper_dirty,0.001,3.2029696000000003
2025-05,B_n_7x45,all_dirty,combined_vs_pure_sniper_top3_sltp,2,330231,339377,-1,94853.8,93719.80000000013,176.39999999997963,1133.999999999869,tp,9172.0,1.039146199999869,0.0948538,5.0,sniper_dirty,0.001,0.944292399999869
2025-05,B_n_7x45,all_dirty,combined_vs_pure_sniper_top3_sltp,3,357195,357200,1,94616.8,94594.3,217.69999999993888,1399.499999999607,inv,5.0,-0.1171168,0.0946168,5.0,sniper_dirty,0.001,-0.2117336
2025-05,B_n_7x45,all_dirty,combined_vs_pure_sniper_top3_sltp,4,480737,498935,1,94554.3,96336.30000000026,277.20000000004075,1782.000000000262,tp,18543.0,1.687445700000262,0.0945543,5.0,sniper_dirty,0.001,1.592891400000262
2025-05,B_n_7x45,all_dirty,combined_vs_pure_sniper_top3_sltp,5,510910,511222,1,96958.9,96919.5,354.8999999999796,2281.499999999869,inv,312.0,-0.13635889999999418,0.0969589,5.0,sniper_dirty,0.001,-0.2333177999999942
2025-05,B_n_7x45,all_dirty,combined_vs_pure_sniper_top3_sltp,6,572236,572453,-1,95954.7,96155.59999999998,200.89999999997963,1291.499999999869,sl,217.0,-0.2968546999999796,0.0959547,5.0,sniper_dirty,0.001,-0.3928093999999796
2025-05,B_n_7x45,all_dirty,combined_vs_pure_sniper_top3_sltp,7,577102,577461,-1,96649.9,96709.1,444.5,2857.5,inv,361.0,-0.15584990000001164,0.09664990000000001,5.0,sniper_dirty,0.001,-0.25249980000001165
2025-05,B_n_7x45,all_dirty,combined_vs_pure_sniper_top3_sltp,8,601151,601336,-1,98932.9,98984.7,444.5,2857.5,inv,185.0,-0.1507329000000029,0.09893289999999999,5.0,sniper_dirty,0.001,-0.24966580000000288
2025-05,B_n_7x45,all_dirty,combined_vs_pure_sniper_top3_sltp,9,594897,952762,1,97958.9,105419.90000000013,1160.6000000000204,7461.000000000131,tp,363374.0,7.363041100000131,0.0979589,5.0,sniper_dirty,0.001,7.265082200000131
2025-05,B_n_7x45,all_dirty,combined_vs_pure_sniper_top3_sltp,10,1030802,1033315,1,102597.9,102387.19999999995,210.70000000004075,1354.500000000262,sl,2525.0,-0.31329790000004076,0.10259789999999999,5.0,sniper_dirty,0.001,-0.4158958000000408
2025-05,B_n_7x45,all_dirty,combined_vs_pure_sniper_top3_sltp,11,1231454,1231455,1,102651.9,102611.3,494.1999999999389,3176.999999999607,inv,1.0,-0.14325189999999127,0.1026519,5.0,sniper_dirty,0.001,-0.2459037999999913
2025-05,B_n_7x45,all_dirty,combined_vs_pure_sniper_top3_sltp,12,1569423,1569492,-1,102298.9,102338.8,263.8999999999796,1696.499999999869,inv,69.0,-0.14219890000000873,0.10229890000000001,5.0,sniper_dirty,0.001,-0.24449780000000876
2025-05,B_n_7x45,all_dirty,combined_vs_pure_sniper_top3_sltp,13,1565246,1571816,-1,102813.2,103257.00000000006,443.8000000000611,2853.000000000393,sl,6581.0,-0.5466132000000612,0.1028132,5.0,sniper_dirty,0.001,-0.6494264000000611
2025-05,B_n_7x45,all_dirty,combined_vs_pure_sniper_top3_sltp,14,1819235,1819475,-1,110776.1,110793.2,156.10000000002037,1003.500000000131,inv,240.0,-0.12787609999999128,0.11077610000000002,5.0,sniper_dirty,0.001,-0.2386521999999913
2025-05,B_n_7x45,all_dirty,combined_vs_pure_sniper_top3_sltp,15,1835116,1835142,1,110850.9,110825.5,251.29999999995925,1615.499999999738,inv,27.0,-0.13625089999999418,0.1108509,5.0,sniper_dirty,0.001,-0.24710179999999418
2025-05,B_n_7x45,all_dirty,combined_vs_pure_sniper_top3_sltp,16,1856602,1856959,1,110995.5,110884.9,809.9000000000815,5206.500000000524,inv,370.0,-0.22159550000000583,0.11099550000000001,5.0,sniper_dirty,0.001,-0.33259100000000585
2025-05,B_n_7x45,all_dirty,combined_vs_pure_sniper_top3_sltp,17,1860564,1860571,-1,111027.7,111052.2,203.69999999993888,1309.499999999607,inv,7.0,-0.1355277,0.1110277,5.0,sniper_dirty,0.001,-0.24655539999999998
2025-05,B_n_7x45,all_dirty,combined_vs_pure_sniper_top3_sltp,18,1883549,1898802,-1,110704.0,111034.39999999998,330.3999999999796,2123.999999999869,sl,15370.0,-0.4411039999999797,0.11070400000000001,5.0,sniper_dirty,0.001,-0.5518079999999796
2025-05,B_n_7x45,all_dirty,combined_vs_pure_sniper_top3_sltp,19,1872092,1908437,-1,111364.9,109771.90000000026,247.79999999995925,1592.999999999738,tp,36600.0,1.481635099999738,0.11136489999999999,5.0,sniper_dirty,0.001,1.3702701999997382
2025-05,B_n_7x45,all_dirty,combined_vs_pure_sniper_top3_sltp,20,2230565,2234369,-1,109040.8,109249.39999999992,208.5999999999185,1340.9999999994761,sl,3848.0,-0.3176407999999185,0.10904080000000001,5.0,sniper_dirty,0.001,-0.4266815999999185
2025-05,B_n_7x45,all_dirty,combined_vs_pure_sniper_top3_sltp,21,2255715,2256975,1,110458.9,109669.99999999991,788.9000000000815,5071.500000000524,sl,1260.0,-0.8993589000000816,0.1104589,5.0,sniper_dirty,0.001,-1.0098178000000815
2025-05,B_n_7x45,all_dirty,combined_vs_pure_sniper_top3_sltp,22,2255750,2256975,1,110584.7,109777.60000000008,807.0999999999185,5188.499999999476,sl,1225.0,-0.9176846999999185,0.1105847,5.0,sniper_dirty,0.001,-1.0282693999999186
2025-05,B_n_7x45,all_dirty,combined_vs_pure_sniper_top3_sltp,23,2258002,2258014,-1,109952.5,109972.4,157.5,1012.5,inv,12.0,-0.12985249999999418,0.10995250000000001,5.0,sniper_dirty,0.001,-0.2398049999999942
2025-05,B_n_7x45,all_dirty,combined_vs_pure_sniper_top3_sltp,24,2269787,2269787,1,109999.4,110003.6,224.69999999993888,1444.499999999607,inv,0.0,-0.10579939999998836,0.1099994,5.0,sniper_dirty,0.001,-0.21579879999998836
2025-05,B_n_7x45,all_dirty,combined_vs_pure_sniper_top3_sltp,25,2268468,2282142,1,110280.0,109502.30000000006,777.6999999999389,4999.499999999607,sl,14025.0,-0.8879799999999389,0.11028,5.0,sniper_dirty,0.001,-0.998259999999939
2025-05,B_n_7x45,all_dirty,combined_vs_pure_sniper_top3_sltp,26,2386647,2388067,-1,108127.7,108357.29999999992,229.5999999999185,1475.9999999994761,sl,1430.0,-0.33772769999991853,0.10812770000000001,5.0,sniper_dirty,0.001,-0.4458553999999185
2025-05,B_n_7x45,all_dirty,combined_vs_pure_sniper_top3_sltp,27,2418058,2418141,-1,108777.7,108811.5,241.5,1552.5,inv,83.0,-0.14257770000000292,0.1087777,5.0,sniper_dirty,0.001,-0.2513554000000029
2025-05,B_n_7x45,all_dirty,combined_vs_pure_sniper_top3_sltp,28,2431099,2431183,-1,107505.5,107627.7,890.3999999999796,5723.999999999869,inv,84.0,-0.2297054999999971,0.1075055,5.0,sniper_dirty,0.001,-0.3372109999999971
2025-05,B_n_7x45,all_dirty,combined_vs_pure_sniper_top3_sltp,29,2445495,2445605,1,106151.1,106140.7,196.0,1260.0,inv,110.0,-0.11655110000000875,0.10615110000000001,5.0,sniper_dirty,0.001,-0.22270220000000876
2025-05,B_n_7x45,all_dirty,combined_vs_pure_sniper_top3_sltp,30,2460408,2460603,1,105992.3,105962.0,254.79999999995925,1637.999999999738,inv,199.0,-0.13629230000000292,0.1059923,5.0,sniper_dirty,0.001,-0.2422846000000029
2025-05,B_n_7x45,all_dirty,combined_vs_pure_sniper_top3_sltp,31,2466226,2466241,1,105778.0,105765.8,147.0,945.0,inv,15.0,-0.1179779999999971,0.10577800000000001,5.0,sniper_dirty,0.001,-0.22375599999999712
2025-05,B_n_7x45,all_dirty,combined_vs_pure_sniper_top3_sltp,32,2467483,2483675,1,105076.9,106255.89999999986,183.39999999997963,1178.999999999869,tp,16361.0,1.073923099999869,0.1050769,5.0,sniper_dirty,0.001,0.968846199999869
2025-05,B_n_7x45,all_dirty,combined_vs_pure_sniper_top3_sltp,33,2511693,2511793,1,105602.5,105581.2,179.89999999997963,1156.499999999869,inv,101.0,-0.12690250000000292,0.1056025,5.0,sniper_dirty,0.001,-0.2325050000000029
2025-05,B_n_7x45,all_dirty,combined_vs_pure_sniper_top3_sltp,34,2516501,2516501,1,105261.7,105255.6,200.19999999993888,1286.999999999607,inv,0.0,-0.11136169999999128,0.10526170000000001,5.0,sniper_dirty,0.001,-0.2166233999999913
2025-05,B_n_7x45,all_dirty,combined_vs_pure_sniper_top3_sltp,35,2517278,2517335,1,105386.3,105342.6,317.0999999999185,2038.4999999994761,inv,59.0,-0.1490862999999971,0.1053863,5.0,sniper_dirty,0.001,-0.2544725999999971
2025-05,B_n_7x45,all_dirty,combined_vs_pure_sniper_top3_sltp,36,1875744,2522671,-1,111392.4,104250.90000000013,1110.8999999999796,7141.499999999869,tp,654777.0,7.0301075999998694,0.1113924,5.0,sniper_dirty,0.001,6.91871519999987
2025-05,B_n_7x45,all_dirty,combined_vs_pure_sniper_top3_sltp,37,2436239,2523773,-1,106876.2,103784.69999999947,480.9000000000815,3091.500000000524,tp,88205.0,2.984623800000524,0.1068762,5.0,sniper_dirty,0.001,2.877747600000524
2025-05,B_n_7x45,all_dirty,combined_vs_pure_sniper_top3_sltp,38,2532647,2533040,1,104899.0,104735.89999999998,163.10000000002037,1048.500000000131,sl,396.0,-0.26799900000002036,0.104899,5.0,sniper_dirty,0.001,-0.3728980000000204
2025-05,B_n_7x45,all_dirty,combined_vs_pure_sniper_top3_sltp,39,2528897,2544373,1,104333.0,104070.5,262.5,1687.5,sl,16068.0,-0.366833,0.104333,5.0,sniper_dirty,0.001,-0.47116600000000003
2025-05,B_n_7x45,all_dirty,combined_vs_pure_sniper_top3_sltp,40,2550716,2551205,-1,103868.3,104037.69999999998,169.39999999997963,1088.999999999869,sl,498.0,-0.27326829999997965,0.10386830000000001,5.0,sniper_dirty,0.001,-0.37713659999997967
2025-05,B_n_7x45,all_dirty,combined_vs_pure_sniper_top3_sltp,41,2553084,2553085,-1,103828.3,103838.4,180.5999999999185,1160.9999999994761,inv,1.0,-0.11392829999999127,0.1038283,5.0,sniper_dirty,0.001,-0.21775659999999125
2025-05,B_n_7x45,all_dirty,combined_vs_pure_sniper_top3_sltp,42,2436938,2555805,-1,106772.4,103361.40000000052,530.5999999999185,3410.999999999476,tp,120194.0,3.304227599999476,0.10677239999999999,5.0,sniper_dirty,0.001,3.197455199999476
2025-05,B_n_7x45,all_dirty,combined_vs_pure_sniper_top3_sltp,43,2443221,2631960,-1,106392.4,104544.7,534.7999999999593,3437.999999999738,eod,193349.0,1.7413075999999972,0.1063924,5.0,sniper_dirty,0.001,1.6349151999999971
2025-10,B_n_5x60,combined,combined_vs_pure_sniper_top3_sltp,0,51485,63860,1,117117.7,116892.19999999997,225.5000000000291,2706.0000000003492,sl,12378.0,-0.3426177000000291,0.1171177,5.0,ifvg_clean,0.001,-0.4597354000000291
2025-10,B_n_5x60,combined,combined_vs_pure_sniper_top3_sltp,1,138076,138128,-1,119311.7,119337.0,132.5,1590.0,inv,52.0,-0.14461170000000292,0.1193117,5.0,ifvg_clean,0.001,-0.2639234000000029
2025-10,B_n_5x60,combined,combined_vs_pure_sniper_top3_sltp,2,84502,153423,1,118271.7,120329.70000000017,171.50000000001455,2058.0000000001746,tp,69139.0,1.9397283000001748,0.1182717,5.0,ifvg_clean,0.001,1.8214566000001748
2025-10,B_n_5x60,combined,combined_vs_pure_sniper_top3_sltp,3,232020,232488,1,123168.6,122772.09999999999,396.50000000001455,4758.000000000175,sl,468.0,-0.5196686000000146,0.12316860000000002,5.0,ifvg_clean,0.001,-0.6428372000000147
2025-10,B_n_5x60,combined,combined_vs_pure_sniper_top3_sltp,4,434042,436999,1,123800.5,123421.49999999999,379.00000000001455,4548.000000000175,sl,3012.0,-0.5028005000000145,0.12380050000000001,5.0,ifvg_clean,0.001,-0.6266010000000145
2025-10,B_n_5x60,combined,combined_vs_pure_sniper_top3_sltp,5,479571,479788,1,124917.7,124747.19999999997,170.5000000000291,2046.0000000003492,sl,217.0,-0.2954177000000291,0.12491769999999999,5.0,ifvg_clean,0.001,-0.4203354000000291
2025-10,B_n_5x60,combined,combined_vs_pure_sniper_top3_sltp,6,484086,484736,1,125111.8,124869.3,242.5,2910.0,sl,653.0,-0.3676118,0.1251118,5.0,ifvg_clean,0.001,-0.4927236
2025-10,B_n_5x60,combined,combined_vs_pure_sniper_top3_sltp,7,489759,489763,-1,125489.2,125514.6,151.0000000000582,1812.0000000006985,inv,4.0,-0.15088920000000872,0.1254892,5.0,ifvg_clean,0.001,-0.2763784000000087
2025-10,B_n_5x60,combined,combined_vs_pure_sniper_top3_sltp,8,489989,494682,-1,125591.9,125630.6,210.0,2520.0,inv,4727.0,-0.16429190000001165,0.1255919,5.0,ifvg_clean,0.001,-0.2898838000000117
2025-10,B_n_5x60,combined,combined_vs_pure_sniper_top3_sltp,9,499339,499464,1,125475.2,125419.6,275.0,3300.0,inv,126.0,-0.18107519999999128,0.1254752,5.0,ifvg_clean,0.001,-0.3065503999999913
2025-10,B_n_5x60,combined,combined_vs_pure_sniper_top3_sltp,10,508262,510162,1,124786.2,124744.3,221.50000000001455,2658.0000000001746,inv,2049.0,-0.16668619999999418,0.1247862,5.0,ifvg_clean,0.001,-0.2914723999999942
2025-10,B_n_5x60,combined,combined_vs_pure_sniper_top3_sltp,11,533259,534323,1,124309.8,124241.5,373.0000000000291,4476.000000000349,inv,1087.0,-0.19260980000000294,0.12430980000000001,5.0,ifvg_clean,0.001,-0.31691960000000297
2025-10,B_n_5x60,combined,combined_vs_pure_sniper_top3_sltp,12,560355,560369,-1,124575.2,124675.2,100.0,1200.0,sl,14.0,-0.2245752,0.1245752,5.0,ifvg_clean,0.001,-0.34915039999999997
2025-10,B_n_5x60,combined,combined_vs_pure_sniper_top3_sltp,13,647635,647689,-1,122734.0,122821.2,483.49999999998545,5801.999999999825,inv,54.0,-0.2099339999999971,0.12273400000000001,5.0,ifvg_clean,0.001,-0.3326679999999971
2025-10,B_n_5x60,combined,combined_vs_pure_sniper_top3_sltp,14,652543,652591,1,122327.2,122256.6,394.4999999999709,4733.999999999651,inv,51.0,-0.19292719999999128,0.12232720000000001,5.0,ifvg_clean,0.001,-0.3152543999999913
2025-10,B_n_5x60,combined,combined_vs_pure_sniper_top3_sltp,15,649109,656903,-1,122383.0,122986.49999999999,603.4999999999854,7241.999999999825,sl,7908.0,-0.7258829999999855,0.12238299999999999,5.0,ifvg_clean,0.001,-0.8482659999999855
2025-10,B_n_5x60,combined,combined_vs_pure_sniper_top3_sltp,16,664391,664399,-1,123560.5,123592.5,210.99999999998545,2531.9999999998254,inv,8.0,-0.1555605,0.1235605,5.0,ifvg_clean,0.001,-0.279121
2025-10,B_n_5x60,combined,combined_vs_pure_sniper_top3_sltp,17,727988,727990,-1,123255.5,123281.6,127.5,1530.0,inv,2.0,-0.14935550000000583,0.1232555,5.0,ifvg_clean,0.001,-0.2726110000000058
2025-10,B_n_5x60,combined,combined_vs_pure_sniper_top3_sltp,18,738269,739021,1,121140.5,121120.6,133.9999999999418,1607.9999999993015,inv,757.0,-0.14104049999999418,0.12114050000000001,5.0,ifvg_clean,0.001,-0.2621809999999942
2025-10,B_n_5x60,combined,combined_vs_pure_sniper_top3_sltp,19,746003,749383,-1,120803.6,120859.7,295.99999999998545,3551.9999999998254,inv,3389.0,-0.17690359999999128,0.12080360000000001,5.0,ifvg_clean,0.001,-0.2977071999999913
2025-10,B_n_5x60,combined,combined_vs_pure_sniper_top3_sltp,20,817292,817324,1,121273.5,121248.9,154.50000000004366,1854.0000000005239,inv,33.0,-0.14587350000000582,0.1212735,5.0,ifvg_clean,0.001,-0.2671470000000058
2025-10,B_n_5x60,combined,combined_vs_pure_sniper_top3_sltp,21,815914,824297,-1,121190.6,118412.59999999983,231.50000000001455,2778.0000000001746,tp,8396.0,2.6568094000001747,0.12119060000000001,5.0,ifvg_clean,0.001,2.535618800000175
2025-10,B_n_5x60,combined,combined_vs_pure_sniper_top3_sltp,22,824538,824538,1,118493.8,118518.3,232.5,2790.0,inv,0.0,-0.09399380000000002,0.11849380000000001,5.0,ifvg_clean,0.001,-0.21248760000000003
2025-10,B_n_5x60,combined,combined_vs_pure_sniper_top3_sltp,23,834420,834593,-1,116367.2,116680.69999999998,313.49999999998545,3761.9999999998254,sl,173.0,-0.42986719999998546,0.1163672,5.0,ifvg_clean,0.001,-0.5462343999999855
2025-10,B_n_5x60,combined,combined_vs_pure_sniper_top3_sltp,24,835763,835784,-1,116695.0,116724.6,168.0000000000291,2016.0000000003492,inv,21.0,-0.14629500000000584,0.11669500000000001,5.0,ifvg_clean,0.001,-0.26299000000000583
2025-10,B_n_5x60,combined,combined_vs_pure_sniper_top3_sltp,25,819396,838895,-1,119468.4,115052.40000000052,367.99999999995634,4415.999999999476,tp,19523.0,4.296531599999477,0.1194684,5.0,ifvg_clean,0.001,4.177063199999477
2025-10,B_n_5x60,combined,combined_vs_pure_sniper_top3_sltp,26,814704,839037,-1,121728.0,113681.99999999965,670.5000000000291,8046.000000000349,tp,24373.0,7.924272000000349,0.12172800000000002,5.0,ifvg_clean,0.001,7.802544000000349
2025-10,B_n_5x60,combined,combined_vs_pure_sniper_top3_sltp,27,1078038,1078089,1,114285.3,114261.2,132.5,1590.0,inv,53.0,-0.13838530000000582,0.1142853,5.0,ifvg_clean,0.001,-0.25267060000000585
2025-10,B_n_5x60,combined,combined_vs_pure_sniper_top3_sltp,28,1209047,1210491,-1,112218.4,112238.0,105.0,1260.0,inv,1479.0,-0.13181840000000583,0.11221840000000001,5.0,ifvg_clean,0.001,-0.24403680000000583
2025-10,B_n_5x60,combined,combined_vs_pure_sniper_top3_sltp,29,1234412,1235615,1,111851.9,111825.4,137.00000000004366,1644.0000000005239,inv,1220.0,-0.1383519,0.1118519,5.0,ifvg_clean,0.001,-0.2502038
2025-10,B_n_5x60,combined,combined_vs_pure_sniper_top3_sltp,30,1391353,1391353,1,105940.6,105932.1,132.99999999995634,1595.9999999994761,inv,0.0,-0.1144406,0.10594060000000001,5.0,ifvg_clean,0.001,-0.2203812
2025-10,B_n_5x60,combined,combined_vs_pure_sniper_top3_sltp,31,1401968,1402214,-1,104124.8,104388.79999999994,263.9999999999418,3167.9999999993015,sl,246.0,-0.3681247999999418,0.1041248,5.0,ifvg_clean,0.001,-0.4722495999999418
2025-10,B_n_5x60,combined,combined_vs_pure_sniper_top3_sltp,32,1403508,1404103,1,104680.4,104622.1,297.99999999995634,3575.999999999476,inv,595.0,-0.16298039999998837,0.10468039999999999,5.0,ifvg_clean,0.001,-0.2676607999999884
2025-10,B_n_5x60,combined,combined_vs_pure_sniper_top3_sltp,33,1405603,1409098,1,106169.3,105345.79999999994,823.5000000000582,9882.000000000698,sl,3496.0,-0.9296693000000582,0.10616930000000001,5.0,ifvg_clean,0.001,-1.0358386000000581
2025-10,B_n_5x60,combined,combined_vs_pure_sniper_top3_sltp,34,1408696,1412918,-1,105719.1,105860.2,711.9999999999709,8543.99999999965,inv,4224.0,-0.24681909999999127,0.10571910000000001,5.0,ifvg_clean,0.001,-0.35253819999999125
2025-10,B_n_5x60,combined,combined_vs_pure_sniper_top3_sltp,35,1413463,1413871,-1,105217.0,105557.50000000003,340.5000000000291,4086.0000000003492,sl,408.0,-0.4457170000000291,0.105217,5.0,ifvg_clean,0.001,-0.5509340000000291
2025-10,B_n_5x60,combined,combined_vs_pure_sniper_top3_sltp,36,1417166,1417457,1,105537.7,105459.9,508.0000000000291,6096.000000000349,inv,291.0,-0.1833377000000029,0.1055377,5.0,ifvg_clean,0.001,-0.2888754000000029
2025-10,B_n_5x60,combined,combined_vs_pure_sniper_top3_sltp,37,1402578,1421835,1,104318.5,107486.50000000017,264.00000000001455,3168.0000000001746,tp,19261.0,3.0636815000001745,0.10431850000000001,5.0,ifvg_clean,0.001,2.9593630000001743
2025-10,B_n_5x60,combined,combined_vs_pure_sniper_top3_sltp,38,1427301,1427306,1,106482.0,106457.0,172.5,2070.0,inv,5.0,-0.13148200000000002,0.10648200000000001,5.0,ifvg_clean,0.001,-0.237964
2025-10,B_n_5x60,combined,combined_vs_pure_sniper_top3_sltp,39,1427471,1428208,-1,106331.6,106433.10000000002,101.50000000001455,1218.0000000001746,sl,737.0,-0.20783160000001455,0.10633160000000001,5.0,ifvg_clean,0.001,-0.3141632000000146
2025-10,B_n_5x60,combined,combined_vs_pure_sniper_top3_sltp,40,1766986,1782457,-1,112063.9,109345.89999999982,226.50000000001455,2718.0000000001746,tp,15689.0,2.6059361000001746,0.1120639,5.0,ifvg_clean,0.001,2.4938722000001747
2025-10,B_n_5x60,combined,combined_vs_pure_sniper_top3_sltp,41,1830251,1862675,1,107458.2,107082.20000000001,375.99999999998545,4511.999999999825,sl,32742.0,-0.48345819999998546,0.1074582,5.0,ifvg_clean,0.001,-0.5909163999999855
2025-10,B_n_5x60,combined,combined_vs_pure_sniper_top3_sltp,42,2171523,2172488,-1,113504.1,113727.09999999996,222.99999999995634,2675.999999999476,sl,967.0,-0.33650409999995634,0.11350410000000001,5.0,ifvg_clean,0.001,-0.45000819999995634
2025-10,B_n_5x60,combined,combined_vs_pure_sniper_top3_sltp,43,2231913,2239006,1,115576.7,115388.20000000001,188.49999999998545,2261.9999999998254,sl,7109.0,-0.30407669999998543,0.1155767,5.0,ifvg_clean,0.001,-0.4196533999999854
2025-10,B_n_5x60,combined,combined_vs_pure_sniper_top3_sltp,44,2344507,2346753,1,115448.4,115220.39999999997,228.0000000000291,2736.0000000003492,sl,2246.0,-0.3434484000000291,0.11544839999999999,5.0,ifvg_clean,0.001,-0.4588968000000291
2025-10,B_n_5x60,combined,combined_vs_pure_sniper_top3_sltp,45,2344870,2346803,1,115367.5,115029.00000000001,338.49999999998545,4061.9999999998254,sl,1933.0,-0.4538674999999855,0.11536750000000001,5.0,ifvg_clean,0.001,-0.5692349999999855
2025-10,B_n_5x60,combined,combined_vs_pure_sniper_top3_sltp,46,2352332,2353192,-1,114726.7,114990.20000000006,263.5000000000582,3162.0000000006985,sl,873.0,-0.3782267000000582,0.1147267,5.0,ifvg_clean,0.001,-0.4929534000000582
2025-10,B_n_5x60,combined,combined_vs_pure_sniper_top3_sltp,47,2353261,2353341,-1,115014.8,115072.6,302.00000000004366,3624.000000000524,inv,80.0,-0.17281480000000293,0.11501480000000001,5.0,ifvg_clean,0.001,-0.28782960000000296
2025-10,B_n_5x60,combined,combined_vs_pure_sniper_top3_sltp,48,2359094,2360125,1,115188.0,115099.4,524.5000000000437,6294.000000000524,inv,1033.0,-0.20378800000000583,0.115188,5.0,ifvg_clean,0.001,-0.3189760000000058
2025-10,B_n_5x60,combined,combined_vs_pure_sniper_top3_sltp,49,2364437,2369867,-1,113974.6,112174.6,150.0,1800.0,tp,5433.0,1.6860254000000001,0.11397460000000001,5.0,ifvg_clean,0.001,1.5720508000000002
2025-10,B_n_5x60,combined,combined_vs_pure_sniper_top3_sltp,50,2370593,2370629,1,112571.9,112527.4,243.5000000000582,2922.0000000006985,inv,36.0,-0.1570719,0.1125719,5.0,ifvg_clean,0.001,-0.2696438
2025-10,B_n_5x60,combined,combined_vs_pure_sniper_top3_sltp,51,2373813,2374077,-1,112866.6,112889.8,119.00000000001455,1428.0000000001746,inv,266.0,-0.1360665999999971,0.11286660000000001,5.0,ifvg_clean,0.001,-0.2489331999999971
2025-10,B_n_5x60,combined,combined_vs_pure_sniper_top3_sltp,52,2383478,2383497,1,112500.7,112473.9,201.0000000000582,2412.0000000006985,inv,19.0,-0.1393007000000029,0.1125007,5.0,ifvg_clean,0.001,-0.2518014000000029
2025-10,B_n_5x60,combined,combined_vs_pure_sniper_top3_sltp,53,2447764,2447860,-1,110869.3,110997.30000000003,128.0000000000291,1536.0000000003492,sl,96.0,-0.23886930000002915,0.11086930000000002,5.0,ifvg_clean,0.001,-0.34973860000002915
2025-10,B_n_5x60,combined,combined_vs_pure_sniper_top3_sltp,54,2452832,2462064,1,111150.6,110893.1,257.5,3090.0,sl,9451.0,-0.36865060000000005,0.11115060000000002,5.0,ifvg_clean,0.001,-0.47980120000000004
2025-10,B_n_5x60,combined,combined_vs_pure_sniper_top3_sltp,55,2469713,2480417,1,110400.0,109800.99999999999,599.0000000000146,7188.000000000175,sl,11030.0,-0.7094000000000146,0.11040000000000001,5.0,ifvg_clean,0.001,-0.8198000000000146
2025-10,B_n_5x60,combined,combined_vs_pure_sniper_top3_sltp,56,2484747,2484824,-1,108953.2,109081.19999999995,127.99999999995634,1535.9999999994761,sl,78.0,-0.23695319999995634,0.1089532,5.0,ifvg_clean,0.001,-0.3459063999999563
2025-10,B_n_5x60,combined,combined_vs_pure_sniper_top3_sltp,57,2516441,2516580,-1,107920.3,107938.5,157.5,1890.0,inv,139.0,-0.1261202999999971,0.10792030000000001,5.0,ifvg_clean,0.001,-0.2340405999999971
2025-10,B_n_5x60,combined,combined_vs_pure_sniper_top3_sltp,58,2520483,2522921,-1,107812.0,107972.50000000003,160.5000000000291,1926.0000000003492,sl,2438.0,-0.26831200000002914,0.107812,5.0,ifvg_clean,0.001,-0.37612400000002916
2025-10,B_n_5x60,combined,combined_vs_pure_sniper_top3_sltp,59,2436506,2527313,-1,111634.7,107044.7,382.5,4590.0,tp,91644.0,4.4783653,0.1116347,5.0,ifvg_clean,0.001,4.3667306
2025-10,B_n_5x60,combined,combined_vs_pure_sniper_top3_sltp,60,2534751,2535370,1,106899.1,106768.4,567.0000000000437,6804.000000000524,inv,619.0,-0.23759910000001166,0.10689910000000001,5.0,ifvg_clean,0.001,-0.3444982000000117
2025-10,B_n_5x60,combined,combined_vs_pure_sniper_top3_sltp,61,2531869,2540014,-1,107062.2,107545.69999999998,483.49999999998545,5801.999999999825,sl,8155.0,-0.5905621999999855,0.10706220000000001,5.0,ifvg_clean,0.001,-0.6976243999999855
2025-10,B_n_5x60,combined,combined_vs_pure_sniper_top3_sltp,62,2513621,2551871,-1,108347.2,108598.69999999994,251.4999999999418,3017.9999999993015,sl,38509.0,-0.35984719999994175,0.1083472,5.0,ifvg_clean,0.001,-0.4681943999999417
2025-10,B_n_5x60,combined,combined_vs_pure_sniper_top3_sltp,63,2561346,2561471,-1,108688.6,108898.6,210.0,2520.0,sl,125.0,-0.3186886,0.10868860000000001,5.0,ifvg_clean,0.001,-0.4273772
2025-10,B_n_5x60,combined,combined_vs_pure_sniper_top3_sltp,64,2600116,2600142,-1,109605.7,109805.20000000004,199.50000000004366,2394.000000000524,sl,26.0,-0.30910570000004367,0.1096057,5.0,ifvg_clean,0.001,-0.4187114000000437
2025-10,B_n_5x60,combined,combined_vs_pure_sniper_top3_sltp,65,2605447,2606072,1,110800.9,110392.90000000004,407.99999999995634,4895.999999999476,sl,625.0,-0.5188008999999564,0.11080090000000001,5.0,ifvg_clean,0.001,-0.6296017999999564
2025-10,B_n_5x60,combined,combined_vs_pure_sniper_top3_sltp,66,2613247,2613840,-1,109061.6,109275.60000000002,214.00000000001455,2568.0000000001746,sl,593.0,-0.3230616000000146,0.10906160000000001,5.0,ifvg_clean,0.001,-0.4321232000000146
2025-10,B_n_5x60,combined,combined_vs_pure_sniper_top3_sltp,67,2433613,2635436,-1,112269.6,109557.3,698.4999999999854,8381.999999999825,eod,204891.0,2.600030400000003,0.11226960000000001,5.0,ifvg_clean,0.001,2.4877608000000033
2025-10,B_n_5x60,combined,combined_vs_pure_sniper_top3_sltp,68,2550448,2635436,1,108154.0,109557.3,541.0000000000582,6492.0000000006985,eod,86987.0,1.2951460000000028,0.108154,5.0,ifvg_clean,0.001,1.1869920000000027
2025-10,B_n_5x60,combined,combined_vs_pure_sniper_top3_sltp,69,2608510,2635436,-1,110214.9,109557.3,250.5000000000291,3006.0000000003492,eod,28415.0,0.5473850999999913,0.1102149,5.0,ifvg_clean,0.001,0.4371701999999913
2025-10,B_n_5x60,all_clean,combined_vs_pure_sniper_top3_sltp,0,51485,63860,1,117117.7,116892.19999999997,225.5000000000291,2706.0000000003492,sl,12378.0,-0.3426177000000291,0.1171177,5.0,ifvg_clean,0.001,-0.4597354000000291
2025-10,B_n_5x60,all_clean,combined_vs_pure_sniper_top3_sltp,1,138076,138128,-1,119311.7,119337.0,132.5,1590.0,inv,52.0,-0.14461170000000292,0.1193117,5.0,ifvg_clean,0.001,-0.2639234000000029
2025-10,B_n_5x60,all_clean,combined_vs_pure_sniper_top3_sltp,2,84502,153423,1,118271.7,120329.70000000017,171.50000000001455,2058.0000000001746,tp,69139.0,1.9397283000001748,0.1182717,5.0,ifvg_clean,0.001,1.8214566000001748
2025-10,B_n_5x60,all_clean,combined_vs_pure_sniper_top3_sltp,3,232020,232488,1,123168.6,122772.09999999999,396.50000000001455,4758.000000000175,sl,468.0,-0.5196686000000146,0.12316860000000002,5.0,ifvg_clean,0.001,-0.6428372000000147
2025-10,B_n_5x60,all_clean,combined_vs_pure_sniper_top3_sltp,4,434042,436999,1,123800.5,123421.49999999999,379.00000000001455,4548.000000000175,sl,3012.0,-0.5028005000000145,0.12380050000000001,5.0,ifvg_clean,0.001,-0.6266010000000145
2025-10,B_n_5x60,all_clean,combined_vs_pure_sniper_top3_sltp,5,479571,479788,1,124917.7,124747.19999999997,170.5000000000291,2046.0000000003492,sl,217.0,-0.2954177000000291,0.12491769999999999,5.0,ifvg_clean,0.001,-0.4203354000000291
2025-10,B_n_5x60,all_clean,combined_vs_pure_sniper_top3_sltp,6,484086,484736,1,125111.8,124869.3,242.5,2910.0,sl,653.0,-0.3676118,0.1251118,5.0,ifvg_clean,0.001,-0.4927236
2025-10,B_n_5x60,all_clean,combined_vs_pure_sniper_top3_sltp,7,489759,489763,-1,125489.2,125514.6,151.0000000000582,1812.0000000006985,inv,4.0,-0.15088920000000872,0.1254892,5.0,ifvg_clean,0.001,-0.2763784000000087
2025-10,B_n_5x60,all_clean,combined_vs_pure_sniper_top3_sltp,8,489989,494682,-1,125591.9,125630.6,210.0,2520.0,inv,4727.0,-0.16429190000001165,0.1255919,5.0,ifvg_clean,0.001,-0.2898838000000117
2025-10,B_n_5x60,all_clean,combined_vs_pure_sniper_top3_sltp,9,499339,499464,1,125475.2,125419.6,275.0,3300.0,inv,126.0,-0.18107519999999128,0.1254752,5.0,ifvg_clean,0.001,-0.3065503999999913
2025-10,B_n_5x60,all_clean,combined_vs_pure_sniper_top3_sltp,10,508262,510162,1,124786.2,124744.3,221.50000000001455,2658.0000000001746,inv,2049.0,-0.16668619999999418,0.1247862,5.0,ifvg_clean,0.001,-0.2914723999999942
2025-10,B_n_5x60,all_clean,combined_vs_pure_sniper_top3_sltp,11,533259,534323,1,124309.8,124241.5,373.0000000000291,4476.000000000349,inv,1087.0,-0.19260980000000294,0.12430980000000001,5.0,ifvg_clean,0.001,-0.31691960000000297
2025-10,B_n_5x60,all_clean,combined_vs_pure_sniper_top3_sltp,12,560355,560369,-1,124575.2,124675.2,100.0,1200.0,sl,14.0,-0.2245752,0.1245752,5.0,ifvg_clean,0.001,-0.34915039999999997
2025-10,B_n_5x60,all_clean,combined_vs_pure_sniper_top3_sltp,13,647635,647689,-1,122734.0,122821.2,483.49999999998545,5801.999999999825,inv,54.0,-0.2099339999999971,0.12273400000000001,5.0,ifvg_clean,0.001,-0.3326679999999971
2025-10,B_n_5x60,all_clean,combined_vs_pure_sniper_top3_sltp,14,652543,652591,1,122327.2,122256.6,394.4999999999709,4733.999999999651,inv,51.0,-0.19292719999999128,0.12232720000000001,5.0,ifvg_clean,0.001,-0.3152543999999913
2025-10,B_n_5x60,all_clean,combined_vs_pure_sniper_top3_sltp,15,649109,656903,-1,122383.0,122986.49999999999,603.4999999999854,7241.999999999825,sl,7908.0,-0.7258829999999855,0.12238299999999999,5.0,ifvg_clean,0.001,-0.8482659999999855
2025-10,B_n_5x60,all_clean,combined_vs_pure_sniper_top3_sltp,16,664391,664399,-1,123560.5,123592.5,210.99999999998545,2531.9999999998254,inv,8.0,-0.1555605,0.1235605,5.0,ifvg_clean,0.001,-0.279121
2025-10,B_n_5x60,all_clean,combined_vs_pure_sniper_top3_sltp,17,727988,727990,-1,123255.5,123281.6,127.5,1530.0,inv,2.0,-0.14935550000000583,0.1232555,5.0,ifvg_clean,0.001,-0.2726110000000058
2025-10,B_n_5x60,all_clean,combined_vs_pure_sniper_top3_sltp,18,738269,739021,1,121140.5,121120.6,133.9999999999418,1607.9999999993015,inv,757.0,-0.14104049999999418,0.12114050000000001,5.0,ifvg_clean,0.001,-0.2621809999999942
2025-10,B_n_5x60,all_clean,combined_vs_pure_sniper_top3_sltp,19,746003,749383,-1,120803.6,120859.7,295.99999999998545,3551.9999999998254,inv,3389.0,-0.17690359999999128,0.12080360000000001,5.0,ifvg_clean,0.001,-0.2977071999999913
2025-10,B_n_5x60,all_clean,combined_vs_pure_sniper_top3_sltp,20,817292,817324,1,121273.5,121248.9,154.50000000004366,1854.0000000005239,inv,33.0,-0.14587350000000582,0.1212735,5.0,ifvg_clean,0.001,-0.2671470000000058
2025-10,B_n_5x60,all_clean,combined_vs_pure_sniper_top3_sltp,21,815914,824297,-1,121190.6,118412.59999999983,231.50000000001455,2778.0000000001746,tp,8396.0,2.6568094000001747,0.12119060000000001,5.0,ifvg_clean,0.001,2.535618800000175
2025-10,B_n_5x60,all_clean,combined_vs_pure_sniper_top3_sltp,22,824538,824538,1,118493.8,118518.3,232.5,2790.0,inv,0.0,-0.09399380000000002,0.11849380000000001,5.0,ifvg_clean,0.001,-0.21248760000000003
2025-10,B_n_5x60,all_clean,combined_vs_pure_sniper_top3_sltp,23,834420,834593,-1,116367.2,116680.69999999998,313.49999999998545,3761.9999999998254,sl,173.0,-0.42986719999998546,0.1163672,5.0,ifvg_clean,0.001,-0.5462343999999855
2025-10,B_n_5x60,all_clean,combined_vs_pure_sniper_top3_sltp,24,835763,835784,-1,116695.0,116724.6,168.0000000000291,2016.0000000003492,inv,21.0,-0.14629500000000584,0.11669500000000001,5.0,ifvg_clean,0.001,-0.26299000000000583
2025-10,B_n_5x60,all_clean,combined_vs_pure_sniper_top3_sltp,25,819396,838895,-1,119468.4,115052.40000000052,367.99999999995634,4415.999999999476,tp,19523.0,4.296531599999477,0.1194684,5.0,ifvg_clean,0.001,4.177063199999477
2025-10,B_n_5x60,all_clean,combined_vs_pure_sniper_top3_sltp,26,814704,839037,-1,121728.0,113681.99999999965,670.5000000000291,8046.000000000349,tp,24373.0,7.924272000000349,0.12172800000000002,5.0,ifvg_clean,0.001,7.802544000000349
2025-10,B_n_5x60,all_clean,combined_vs_pure_sniper_top3_sltp,27,1078038,1078089,1,114285.3,114261.2,132.5,1590.0,inv,53.0,-0.13838530000000582,0.1142853,5.0,ifvg_clean,0.001,-0.25267060000000585
2025-10,B_n_5x60,all_clean,combined_vs_pure_sniper_top3_sltp,28,1209047,1210491,-1,112218.4,112238.0,105.0,1260.0,inv,1479.0,-0.13181840000000583,0.11221840000000001,5.0,ifvg_clean,0.001,-0.24403680000000583
2025-10,B_n_5x60,all_clean,combined_vs_pure_sniper_top3_sltp,29,1234412,1235615,1,111851.9,111825.4,137.00000000004366,1644.0000000005239,inv,1220.0,-0.1383519,0.1118519,5.0,ifvg_clean,0.001,-0.2502038
2025-10,B_n_5x60,all_clean,combined_vs_pure_sniper_top3_sltp,30,1391353,1391353,1,105940.6,105932.1,132.99999999995634,1595.9999999994761,inv,0.0,-0.1144406,0.10594060000000001,5.0,ifvg_clean,0.001,-0.2203812
2025-10,B_n_5x60,all_clean,combined_vs_pure_sniper_top3_sltp,31,1401968,1402214,-1,104124.8,104388.79999999994,263.9999999999418,3167.9999999993015,sl,246.0,-0.3681247999999418,0.1041248,5.0,ifvg_clean,0.001,-0.4722495999999418
2025-10,B_n_5x60,all_clean,combined_vs_pure_sniper_top3_sltp,32,1403508,1404103,1,104680.4,104622.1,297.99999999995634,3575.999999999476,inv,595.0,-0.16298039999998837,0.10468039999999999,5.0,ifvg_clean,0.001,-0.2676607999999884
2025-10,B_n_5x60,all_clean,combined_vs_pure_sniper_top3_sltp,33,1405603,1409098,1,106169.3,105345.79999999994,823.5000000000582,9882.000000000698,sl,3496.0,-0.9296693000000582,0.10616930000000001,5.0,ifvg_clean,0.001,-1.0358386000000581
2025-10,B_n_5x60,all_clean,combined_vs_pure_sniper_top3_sltp,34,1408696,1412918,-1,105719.1,105860.2,711.9999999999709,8543.99999999965,inv,4224.0,-0.24681909999999127,0.10571910000000001,5.0,ifvg_clean,0.001,-0.35253819999999125
2025-10,B_n_5x60,all_clean,combined_vs_pure_sniper_top3_sltp,35,1413463,1413871,-1,105217.0,105557.50000000003,340.5000000000291,4086.0000000003492,sl,408.0,-0.4457170000000291,0.105217,5.0,ifvg_clean,0.001,-0.5509340000000291
2025-10,B_n_5x60,all_clean,combined_vs_pure_sniper_top3_sltp,36,1417166,1417457,1,105537.7,105459.9,508.0000000000291,6096.000000000349,inv,291.0,-0.1833377000000029,0.1055377,5.0,ifvg_clean,0.001,-0.2888754000000029
2025-10,B_n_5x60,all_clean,combined_vs_pure_sniper_top3_sltp,37,1402578,1421835,1,104318.5,107486.50000000017,264.00000000001455,3168.0000000001746,tp,19261.0,3.0636815000001745,0.10431850000000001,5.0,ifvg_clean,0.001,2.9593630000001743
2025-10,B_n_5x60,all_clean,combined_vs_pure_sniper_top3_sltp,38,1427301,1427306,1,106482.0,106457.0,172.5,2070.0,inv,5.0,-0.13148200000000002,0.10648200000000001,5.0,ifvg_clean,0.001,-0.237964
2025-10,B_n_5x60,all_clean,combined_vs_pure_sniper_top3_sltp,39,1427471,1428208,-1,106331.6,106433.10000000002,101.50000000001455,1218.0000000001746,sl,737.0,-0.20783160000001455,0.10633160000000001,5.0,ifvg_clean,0.001,-0.3141632000000146
2025-10,B_n_5x60,all_clean,combined_vs_pure_sniper_top3_sltp,40,1766986,1782457,-1,112063.9,109345.89999999982,226.50000000001455,2718.0000000001746,tp,15689.0,2.6059361000001746,0.1120639,5.0,ifvg_clean,0.001,2.4938722000001747
2025-10,B_n_5x60,all_clean,combined_vs_pure_sniper_top3_sltp,41,1830251,1862675,1,107458.2,107082.20000000001,375.99999999998545,4511.999999999825,sl,32742.0,-0.48345819999998546,0.1074582,5.0,ifvg_clean,0.001,-0.5909163999999855
2025-10,B_n_5x60,all_clean,combined_vs_pure_sniper_top3_sltp,42,2171523,2172488,-1,113504.1,113727.09999999996,222.99999999995634,2675.999999999476,sl,967.0,-0.33650409999995634,0.11350410000000001,5.0,ifvg_clean,0.001,-0.45000819999995634
2025-10,B_n_5x60,all_clean,combined_vs_pure_sniper_top3_sltp,43,2231913,2239006,1,115576.7,115388.20000000001,188.49999999998545,2261.9999999998254,sl,7109.0,-0.30407669999998543,0.1155767,5.0,ifvg_clean,0.001,-0.4196533999999854
2025-10,B_n_5x60,all_clean,combined_vs_pure_sniper_top3_sltp,44,2344507,2346753,1,115448.4,115220.39999999997,228.0000000000291,2736.0000000003492,sl,2246.0,-0.3434484000000291,0.11544839999999999,5.0,ifvg_clean,0.001,-0.4588968000000291
2025-10,B_n_5x60,all_clean,combined_vs_pure_sniper_top3_sltp,45,2344870,2346803,1,115367.5,115029.00000000001,338.49999999998545,4061.9999999998254,sl,1933.0,-0.4538674999999855,0.11536750000000001,5.0,ifvg_clean,0.001,-0.5692349999999855
2025-10,B_n_5x60,all_clean,combined_vs_pure_sniper_top3_sltp,46,2352332,2353192,-1,114726.7,114990.20000000006,263.5000000000582,3162.0000000006985,sl,873.0,-0.3782267000000582,0.1147267,5.0,ifvg_clean,0.001,-0.4929534000000582
2025-10,B_n_5x60,all_clean,combined_vs_pure_sniper_top3_sltp,47,2353261,2353341,-1,115014.8,115072.6,302.00000000004366,3624.000000000524,inv,80.0,-0.17281480000000293,0.11501480000000001,5.0,ifvg_clean,0.001,-0.28782960000000296
2025-10,B_n_5x60,all_clean,combined_vs_pure_sniper_top3_sltp,48,2359094,2360125,1,115188.0,115099.4,524.5000000000437,6294.000000000524,inv,1033.0,-0.20378800000000583,0.115188,5.0,ifvg_clean,0.001,-0.3189760000000058
2025-10,B_n_5x60,all_clean,combined_vs_pure_sniper_top3_sltp,49,2364437,2369867,-1,113974.6,112174.6,150.0,1800.0,tp,5433.0,1.6860254000000001,0.11397460000000001,5.0,ifvg_clean,0.001,1.5720508000000002
2025-10,B_n_5x60,all_clean,combined_vs_pure_sniper_top3_sltp,50,2370593,2370629,1,112571.9,112527.4,243.5000000000582,2922.0000000006985,inv,36.0,-0.1570719,0.1125719,5.0,ifvg_clean,0.001,-0.2696438
2025-10,B_n_5x60,all_clean,combined_vs_pure_sniper_top3_sltp,51,2373813,2374077,-1,112866.6,112889.8,119.00000000001455,1428.0000000001746,inv,266.0,-0.1360665999999971,0.11286660000000001,5.0,ifvg_clean,0.001,-0.2489331999999971
2025-10,B_n_5x60,all_clean,combined_vs_pure_sniper_top3_sltp,52,2383478,2383497,1,112500.7,112473.9,201.0000000000582,2412.0000000006985,inv,19.0,-0.1393007000000029,0.1125007,5.0,ifvg_clean,0.001,-0.2518014000000029
2025-10,B_n_5x60,all_clean,combined_vs_pure_sniper_top3_sltp,53,2447764,2447860,-1,110869.3,110997.30000000003,128.0000000000291,1536.0000000003492,sl,96.0,-0.23886930000002915,0.11086930000000002,5.0,ifvg_clean,0.001,-0.34973860000002915
2025-10,B_n_5x60,all_clean,combined_vs_pure_sniper_top3_sltp,54,2452832,2462064,1,111150.6,110893.1,257.5,3090.0,sl,9451.0,-0.36865060000000005,0.11115060000000002,5.0,ifvg_clean,0.001,-0.47980120000000004
2025-10,B_n_5x60,all_clean,combined_vs_pure_sniper_top3_sltp,55,2469713,2480417,1,110400.0,109800.99999999999,599.0000000000146,7188.000000000175,sl,11030.0,-0.7094000000000146,0.11040000000000001,5.0,ifvg_clean,0.001,-0.8198000000000146
2025-10,B_n_5x60,all_clean,combined_vs_pure_sniper_top3_sltp,56,2484747,2484824,-1,108953.2,109081.19999999995,127.99999999995634,1535.9999999994761,sl,78.0,-0.23695319999995634,0.1089532,5.0,ifvg_clean,0.001,-0.3459063999999563
2025-10,B_n_5x60,all_clean,combined_vs_pure_sniper_top3_sltp,57,2516441,2516580,-1,107920.3,107938.5,157.5,1890.0,inv,139.0,-0.1261202999999971,0.10792030000000001,5.0,ifvg_clean,0.001,-0.2340405999999971
2025-10,B_n_5x60,all_clean,combined_vs_pure_sniper_top3_sltp,58,2520483,2522921,-1,107812.0,107972.50000000003,160.5000000000291,1926.0000000003492,sl,2438.0,-0.26831200000002914,0.107812,5.0,ifvg_clean,0.001,-0.37612400000002916
2025-10,B_n_5x60,all_clean,combined_vs_pure_sniper_top3_sltp,59,2436506,2527313,-1,111634.7,107044.7,382.5,4590.0,tp,91644.0,4.4783653,0.1116347,5.0,ifvg_clean,0.001,4.3667306
2025-10,B_n_5x60,all_clean,combined_vs_pure_sniper_top3_sltp,60,2534751,2535370,1,106899.1,106768.4,567.0000000000437,6804.000000000524,inv,619.0,-0.23759910000001166,0.10689910000000001,5.0,ifvg_clean,0.001,-0.3444982000000117
2025-10,B_n_5x60,all_clean,combined_vs_pure_sniper_top3_sltp,61,2531869,2540014,-1,107062.2,107545.69999999998,483.49999999998545,5801.999999999825,sl,8155.0,-0.5905621999999855,0.10706220000000001,5.0,ifvg_clean,0.001,-0.6976243999999855
2025-10,B_n_5x60,all_clean,combined_vs_pure_sniper_top3_sltp,62,2513621,2551871,-1,108347.2,108598.69999999994,251.4999999999418,3017.9999999993015,sl,38509.0,-0.35984719999994175,0.1083472,5.0,ifvg_clean,0.001,-0.4681943999999417
2025-10,B_n_5x60,all_clean,combined_vs_pure_sniper_top3_sltp,63,2561346,2561471,-1,108688.6,108898.6,210.0,2520.0,sl,125.0,-0.3186886,0.10868860000000001,5.0,ifvg_clean,0.001,-0.4273772
2025-10,B_n_5x60,all_clean,combined_vs_pure_sniper_top3_sltp,64,2600116,2600142,-1,109605.7,109805.20000000004,199.50000000004366,2394.000000000524,sl,26.0,-0.30910570000004367,0.1096057,5.0,ifvg_clean,0.001,-0.4187114000000437
2025-10,B_n_5x60,all_clean,combined_vs_pure_sniper_top3_sltp,65,2605447,2606072,1,110800.9,110392.90000000004,407.99999999995634,4895.999999999476,sl,625.0,-0.5188008999999564,0.11080090000000001,5.0,ifvg_clean,0.001,-0.6296017999999564
2025-10,B_n_5x60,all_clean,combined_vs_pure_sniper_top3_sltp,66,2613247,2613840,-1,109061.6,109275.60000000002,214.00000000001455,2568.0000000001746,sl,593.0,-0.3230616000000146,0.10906160000000001,5.0,ifvg_clean,0.001,-0.4321232000000146
2025-10,B_n_5x60,all_clean,combined_vs_pure_sniper_top3_sltp,67,2433613,2635436,-1,112269.6,109557.3,698.4999999999854,8381.999999999825,eod,204891.0,2.600030400000003,0.11226960000000001,5.0,ifvg_clean,0.001,2.4877608000000033
2025-10,B_n_5x60,all_clean,combined_vs_pure_sniper_top3_sltp,68,2550448,2635436,1,108154.0,109557.3,541.0000000000582,6492.0000000006985,eod,86987.0,1.2951460000000028,0.108154,5.0,ifvg_clean,0.001,1.1869920000000027
2025-10,B_n_5x60,all_clean,combined_vs_pure_sniper_top3_sltp,69,2608510,2635436,-1,110214.9,109557.3,250.5000000000291,3006.0000000003492,eod,28415.0,0.5473850999999913,0.1102149,5.0,ifvg_clean,0.001,0.4371701999999913
2025-10,B_n_5x60,all_dirty,combined_vs_pure_sniper_top3_sltp,0,51485,63860,1,117117.7,116892.19999999997,225.5000000000291,2706.0000000003492,sl,12378.0,-0.3426177000000291,0.1171177,5.0,sniper_dirty,0.001,-0.4597354000000291
2025-10,B_n_5x60,all_dirty,combined_vs_pure_sniper_top3_sltp,1,138076,138128,-1,119311.7,119337.0,132.5,1590.0,inv,52.0,-0.14461170000000292,0.1193117,5.0,sniper_dirty,0.001,-0.2639234000000029
2025-10,B_n_5x60,all_dirty,combined_vs_pure_sniper_top3_sltp,2,84502,153423,1,118271.7,120329.70000000017,171.50000000001455,2058.0000000001746,tp,69139.0,1.9397283000001748,0.1182717,5.0,sniper_dirty,0.001,1.8214566000001748
2025-10,B_n_5x60,all_dirty,combined_vs_pure_sniper_top3_sltp,3,232020,232488,1,123168.6,122772.09999999999,396.50000000001455,4758.000000000175,sl,468.0,-0.5196686000000146,0.12316860000000002,5.0,sniper_dirty,0.001,-0.6428372000000147
2025-10,B_n_5x60,all_dirty,combined_vs_pure_sniper_top3_sltp,4,434042,436999,1,123800.5,123421.49999999999,379.00000000001455,4548.000000000175,sl,3012.0,-0.5028005000000145,0.12380050000000001,5.0,sniper_dirty,0.001,-0.6266010000000145
2025-10,B_n_5x60,all_dirty,combined_vs_pure_sniper_top3_sltp,5,479571,479788,1,124917.7,124747.19999999997,170.5000000000291,2046.0000000003492,sl,217.0,-0.2954177000000291,0.12491769999999999,5.0,sniper_dirty,0.001,-0.4203354000000291
2025-10,B_n_5x60,all_dirty,combined_vs_pure_sniper_top3_sltp,6,484086,484736,1,125111.8,124869.3,242.5,2910.0,sl,653.0,-0.3676118,0.1251118,5.0,sniper_dirty,0.001,-0.4927236
2025-10,B_n_5x60,all_dirty,combined_vs_pure_sniper_top3_sltp,7,489759,489763,-1,125489.2,125514.6,151.0000000000582,1812.0000000006985,inv,4.0,-0.15088920000000872,0.1254892,5.0,sniper_dirty,0.001,-0.2763784000000087
2025-10,B_n_5x60,all_dirty,combined_vs_pure_sniper_top3_sltp,8,489989,494682,-1,125591.9,125630.6,210.0,2520.0,inv,4727.0,-0.16429190000001165,0.1255919,5.0,sniper_dirty,0.001,-0.2898838000000117
2025-10,B_n_5x60,all_dirty,combined_vs_pure_sniper_top3_sltp,9,499339,499464,1,125475.2,125419.6,275.0,3300.0,inv,126.0,-0.18107519999999128,0.1254752,5.0,sniper_dirty,0.001,-0.3065503999999913
2025-10,B_n_5x60,all_dirty,combined_vs_pure_sniper_top3_sltp,10,508262,510162,1,124786.2,124744.3,221.50000000001455,2658.0000000001746,inv,2049.0,-0.16668619999999418,0.1247862,5.0,sniper_dirty,0.001,-0.2914723999999942
2025-10,B_n_5x60,all_dirty,combined_vs_pure_sniper_top3_sltp,11,533259,534323,1,124309.8,124241.5,373.0000000000291,4476.000000000349,inv,1087.0,-0.19260980000000294,0.12430980000000001,5.0,sniper_dirty,0.001,-0.31691960000000297
2025-10,B_n_5x60,all_dirty,combined_vs_pure_sniper_top3_sltp,12,560355,560369,-1,124575.2,124675.2,100.0,1200.0,sl,14.0,-0.2245752,0.1245752,5.0,sniper_dirty,0.001,-0.34915039999999997
2025-10,B_n_5x60,all_dirty,combined_vs_pure_sniper_top3_sltp,13,647635,647689,-1,122734.0,122821.2,483.49999999998545,5801.999999999825,inv,54.0,-0.2099339999999971,0.12273400000000001,5.0,sniper_dirty,0.001,-0.3326679999999971
2025-10,B_n_5x60,all_dirty,combined_vs_pure_sniper_top3_sltp,14,652543,652591,1,122327.2,122256.6,394.4999999999709,4733.999999999651,inv,51.0,-0.19292719999999128,0.12232720000000001,5.0,sniper_dirty,0.001,-0.3152543999999913
2025-10,B_n_5x60,all_dirty,combined_vs_pure_sniper_top3_sltp,15,649109,656903,-1,122383.0,122986.49999999999,603.4999999999854,7241.999999999825,sl,7908.0,-0.7258829999999855,0.12238299999999999,5.0,sniper_dirty,0.001,-0.8482659999999855
2025-10,B_n_5x60,all_dirty,combined_vs_pure_sniper_top3_sltp,16,664391,664399,-1,123560.5,123592.5,210.99999999998545,2531.9999999998254,inv,8.0,-0.1555605,0.1235605,5.0,sniper_dirty,0.001,-0.279121
2025-10,B_n_5x60,all_dirty,combined_vs_pure_sniper_top3_sltp,17,727988,727990,-1,123255.5,123281.6,127.5,1530.0,inv,2.0,-0.14935550000000583,0.1232555,5.0,sniper_dirty,0.001,-0.2726110000000058
2025-10,B_n_5x60,all_dirty,combined_vs_pure_sniper_top3_sltp,18,738269,739021,1,121140.5,121120.6,133.9999999999418,1607.9999999993015,inv,757.0,-0.14104049999999418,0.12114050000000001,5.0,sniper_dirty,0.001,-0.2621809999999942
2025-10,B_n_5x60,all_dirty,combined_vs_pure_sniper_top3_sltp,19,746003,749383,-1,120803.6,120859.7,295.99999999998545,3551.9999999998254,inv,3389.0,-0.17690359999999128,0.12080360000000001,5.0,sniper_dirty,0.001,-0.2977071999999913
2025-10,B_n_5x60,all_dirty,combined_vs_pure_sniper_top3_sltp,20,817292,817324,1,121273.5,121248.9,154.50000000004366,1854.0000000005239,inv,33.0,-0.14587350000000582,0.1212735,5.0,sniper_dirty,0.001,-0.2671470000000058
2025-10,B_n_5x60,all_dirty,combined_vs_pure_sniper_top3_sltp,21,815914,824297,-1,121190.6,118412.59999999983,231.50000000001455,2778.0000000001746,tp,8396.0,2.6568094000001747,0.12119060000000001,5.0,sniper_dirty,0.001,2.535618800000175
2025-10,B_n_5x60,all_dirty,combined_vs_pure_sniper_top3_sltp,22,824538,824538,1,118493.8,118518.3,232.5,2790.0,inv,0.0,-0.09399380000000002,0.11849380000000001,5.0,sniper_dirty,0.001,-0.21248760000000003
2025-10,B_n_5x60,all_dirty,combined_vs_pure_sniper_top3_sltp,23,834420,834593,-1,116367.2,116680.69999999998,313.49999999998545,3761.9999999998254,sl,173.0,-0.42986719999998546,0.1163672,5.0,sniper_dirty,0.001,-0.5462343999999855
2025-10,B_n_5x60,all_dirty,combined_vs_pure_sniper_top3_sltp,24,835763,835784,-1,116695.0,116724.6,168.0000000000291,2016.0000000003492,inv,21.0,-0.14629500000000584,0.11669500000000001,5.0,sniper_dirty,0.001,-0.26299000000000583
2025-10,B_n_5x60,all_dirty,combined_vs_pure_sniper_top3_sltp,25,819396,838895,-1,119468.4,115052.40000000052,367.99999999995634,4415.999999999476,tp,19523.0,4.296531599999477,0.1194684,5.0,sniper_dirty,0.001,4.177063199999477
2025-10,B_n_5x60,all_dirty,combined_vs_pure_sniper_top3_sltp,26,814704,839037,-1,121728.0,113681.99999999965,670.5000000000291,8046.000000000349,tp,24373.0,7.924272000000349,0.12172800000000002,5.0,sniper_dirty,0.001,7.802544000000349
2025-10,B_n_5x60,all_dirty,combined_vs_pure_sniper_top3_sltp,27,1078038,1078089,1,114285.3,114261.2,132.5,1590.0,inv,53.0,-0.13838530000000582,0.1142853,5.0,sniper_dirty,0.001,-0.25267060000000585
2025-10,B_n_5x60,all_dirty,combined_vs_pure_sniper_top3_sltp,28,1209047,1210491,-1,112218.4,112238.0,105.0,1260.0,inv,1479.0,-0.13181840000000583,0.11221840000000001,5.0,sniper_dirty,0.001,-0.24403680000000583
2025-10,B_n_5x60,all_dirty,combined_vs_pure_sniper_top3_sltp,29,1234412,1235615,1,111851.9,111825.4,137.00000000004366,1644.0000000005239,inv,1220.0,-0.1383519,0.1118519,5.0,sniper_dirty,0.001,-0.2502038
2025-10,B_n_5x60,all_dirty,combined_vs_pure_sniper_top3_sltp,30,1391353,1391353,1,105940.6,105932.1,132.99999999995634,1595.9999999994761,inv,0.0,-0.1144406,0.10594060000000001,5.0,sniper_dirty,0.001,-0.2203812
2025-10,B_n_5x60,all_dirty,combined_vs_pure_sniper_top3_sltp,31,1401968,1402214,-1,104124.8,104388.79999999994,263.9999999999418,3167.9999999993015,sl,246.0,-0.3681247999999418,0.1041248,5.0,sniper_dirty,0.001,-0.4722495999999418
2025-10,B_n_5x60,all_dirty,combined_vs_pure_sniper_top3_sltp,32,1403508,1404103,1,104680.4,104622.1,297.99999999995634,3575.999999999476,inv,595.0,-0.16298039999998837,0.10468039999999999,5.0,sniper_dirty,0.001,-0.2676607999999884
2025-10,B_n_5x60,all_dirty,combined_vs_pure_sniper_top3_sltp,33,1405603,1409098,1,106169.3,105345.79999999994,823.5000000000582,9882.000000000698,sl,3496.0,-0.9296693000000582,0.10616930000000001,5.0,sniper_dirty,0.001,-1.0358386000000581
2025-10,B_n_5x60,all_dirty,combined_vs_pure_sniper_top3_sltp,34,1408696,1412918,-1,105719.1,105860.2,711.9999999999709,8543.99999999965,inv,4224.0,-0.24681909999999127,0.10571910000000001,5.0,sniper_dirty,0.001,-0.35253819999999125
2025-10,B_n_5x60,all_dirty,combined_vs_pure_sniper_top3_sltp,35,1413463,1413871,-1,105217.0,105557.50000000003,340.5000000000291,4086.0000000003492,sl,408.0,-0.4457170000000291,0.105217,5.0,sniper_dirty,0.001,-0.5509340000000291
2025-10,B_n_5x60,all_dirty,combined_vs_pure_sniper_top3_sltp,36,1417166,1417457,1,105537.7,105459.9,508.0000000000291,6096.000000000349,inv,291.0,-0.1833377000000029,0.1055377,5.0,sniper_dirty,0.001,-0.2888754000000029
2025-10,B_n_5x60,all_dirty,combined_vs_pure_sniper_top3_sltp,37,1402578,1421835,1,104318.5,107486.50000000017,264.00000000001455,3168.0000000001746,tp,19261.0,3.0636815000001745,0.10431850000000001,5.0,sniper_dirty,0.001,2.9593630000001743
2025-10,B_n_5x60,all_dirty,combined_vs_pure_sniper_top3_sltp,38,1427301,1427306,1,106482.0,106457.0,172.5,2070.0,inv,5.0,-0.13148200000000002,0.10648200000000001,5.0,sniper_dirty,0.001,-0.237964
2025-10,B_n_5x60,all_dirty,combined_vs_pure_sniper_top3_sltp,39,1427471,1428208,-1,106331.6,106433.10000000002,101.50000000001455,1218.0000000001746,sl,737.0,-0.20783160000001455,0.10633160000000001,5.0,sniper_dirty,0.001,-0.3141632000000146
2025-10,B_n_5x60,all_dirty,combined_vs_pure_sniper_top3_sltp,40,1766986,1782457,-1,112063.9,109345.89999999982,226.50000000001455,2718.0000000001746,tp,15689.0,2.6059361000001746,0.1120639,5.0,sniper_dirty,0.001,2.4938722000001747
2025-10,B_n_5x60,all_dirty,combined_vs_pure_sniper_top3_sltp,41,1830251,1862675,1,107458.2,107082.20000000001,375.99999999998545,4511.999999999825,sl,32742.0,-0.48345819999998546,0.1074582,5.0,sniper_dirty,0.001,-0.5909163999999855
2025-10,B_n_5x60,all_dirty,combined_vs_pure_sniper_top3_sltp,42,2171523,2172488,-1,113504.1,113727.09999999996,222.99999999995634,2675.999999999476,sl,967.0,-0.33650409999995634,0.11350410000000001,5.0,sniper_dirty,0.001,-0.45000819999995634
2025-10,B_n_5x60,all_dirty,combined_vs_pure_sniper_top3_sltp,43,2231913,2239006,1,115576.7,115388.20000000001,188.49999999998545,2261.9999999998254,sl,7109.0,-0.30407669999998543,0.1155767,5.0,sniper_dirty,0.001,-0.4196533999999854
2025-10,B_n_5x60,all_dirty,combined_vs_pure_sniper_top3_sltp,44,2344507,2346753,1,115448.4,115220.39999999997,228.0000000000291,2736.0000000003492,sl,2246.0,-0.3434484000000291,0.11544839999999999,5.0,sniper_dirty,0.001,-0.4588968000000291
2025-10,B_n_5x60,all_dirty,combined_vs_pure_sniper_top3_sltp,45,2344870,2346803,1,115367.5,115029.00000000001,338.49999999998545,4061.9999999998254,sl,1933.0,-0.4538674999999855,0.11536750000000001,5.0,sniper_dirty,0.001,-0.5692349999999855
2025-10,B_n_5x60,all_dirty,combined_vs_pure_sniper_top3_sltp,46,2352332,2353192,-1,114726.7,114990.20000000006,263.5000000000582,3162.0000000006985,sl,873.0,-0.3782267000000582,0.1147267,5.0,sniper_dirty,0.001,-0.4929534000000582
2025-10,B_n_5x60,all_dirty,combined_vs_pure_sniper_top3_sltp,47,2353261,2353341,-1,115014.8,115072.6,302.00000000004366,3624.000000000524,inv,80.0,-0.17281480000000293,0.11501480000000001,5.0,sniper_dirty,0.001,-0.28782960000000296
2025-10,B_n_5x60,all_dirty,combined_vs_pure_sniper_top3_sltp,48,2359094,2360125,1,115188.0,115099.4,524.5000000000437,6294.000000000524,inv,1033.0,-0.20378800000000583,0.115188,5.0,sniper_dirty,0.001,-0.3189760000000058
2025-10,B_n_5x60,all_dirty,combined_vs_pure_sniper_top3_sltp,49,2364437,2369867,-1,113974.6,112174.6,150.0,1800.0,tp,5433.0,1.6860254000000001,0.11397460000000001,5.0,sniper_dirty,0.001,1.5720508000000002
2025-10,B_n_5x60,all_dirty,combined_vs_pure_sniper_top3_sltp,50,2370593,2370629,1,112571.9,112527.4,243.5000000000582,2922.0000000006985,inv,36.0,-0.1570719,0.1125719,5.0,sniper_dirty,0.001,-0.2696438
2025-10,B_n_5x60,all_dirty,combined_vs_pure_sniper_top3_sltp,51,2373813,2374077,-1,112866.6,112889.8,119.00000000001455,1428.0000000001746,inv,266.0,-0.1360665999999971,0.11286660000000001,5.0,sniper_dirty,0.001,-0.2489331999999971
2025-10,B_n_5x60,all_dirty,combined_vs_pure_sniper_top3_sltp,52,2383478,2383497,1,112500.7,112473.9,201.0000000000582,2412.0000000006985,inv,19.0,-0.1393007000000029,0.1125007,5.0,sniper_dirty,0.001,-0.2518014000000029
2025-10,B_n_5x60,all_dirty,combined_vs_pure_sniper_top3_sltp,53,2447764,2447860,-1,110869.3,110997.30000000003,128.0000000000291,1536.0000000003492,sl,96.0,-0.23886930000002915,0.11086930000000002,5.0,sniper_dirty,0.001,-0.34973860000002915
2025-10,B_n_5x60,all_dirty,combined_vs_pure_sniper_top3_sltp,54,2452832,2462064,1,111150.6,110893.1,257.5,3090.0,sl,9451.0,-0.36865060000000005,0.11115060000000002,5.0,sniper_dirty,0.001,-0.47980120000000004
2025-10,B_n_5x60,all_dirty,combined_vs_pure_sniper_top3_sltp,55,2469713,2480417,1,110400.0,109800.99999999999,599.0000000000146,7188.000000000175,sl,11030.0,-0.7094000000000146,0.11040000000000001,5.0,sniper_dirty,0.001,-0.8198000000000146
2025-10,B_n_5x60,all_dirty,combined_vs_pure_sniper_top3_sltp,56,2484747,2484824,-1,108953.2,109081.19999999995,127.99999999995634,1535.9999999994761,sl,78.0,-0.23695319999995634,0.1089532,5.0,sniper_dirty,0.001,-0.3459063999999563
2025-10,B_n_5x60,all_dirty,combined_vs_pure_sniper_top3_sltp,57,2516441,2516580,-1,107920.3,107938.5,157.5,1890.0,inv,139.0,-0.1261202999999971,0.10792030000000001,5.0,sniper_dirty,0.001,-0.2340405999999971
2025-10,B_n_5x60,all_dirty,combined_vs_pure_sniper_top3_sltp,58,2520483,2522921,-1,107812.0,107972.50000000003,160.5000000000291,1926.0000000003492,sl,2438.0,-0.26831200000002914,0.107812,5.0,sniper_dirty,0.001,-0.37612400000002916
2025-10,B_n_5x60,all_dirty,combined_vs_pure_sniper_top3_sltp,59,2436506,2527313,-1,111634.7,107044.7,382.5,4590.0,tp,91644.0,4.4783653,0.1116347,5.0,sniper_dirty,0.001,4.3667306
2025-10,B_n_5x60,all_dirty,combined_vs_pure_sniper_top3_sltp,60,2534751,2535370,1,106899.1,106768.4,567.0000000000437,6804.000000000524,inv,619.0,-0.23759910000001166,0.10689910000000001,5.0,sniper_dirty,0.001,-0.3444982000000117
2025-10,B_n_5x60,all_dirty,combined_vs_pure_sniper_top3_sltp,61,2531869,2540014,-1,107062.2,107545.69999999998,483.49999999998545,5801.999999999825,sl,8155.0,-0.5905621999999855,0.10706220000000001,5.0,sniper_dirty,0.001,-0.6976243999999855
2025-10,B_n_5x60,all_dirty,combined_vs_pure_sniper_top3_sltp,62,2513621,2551871,-1,108347.2,108598.69999999994,251.4999999999418,3017.9999999993015,sl,38509.0,-0.35984719999994175,0.1083472,5.0,sniper_dirty,0.001,-0.4681943999999417
2025-10,B_n_5x60,all_dirty,combined_vs_pure_sniper_top3_sltp,63,2561346,2561471,-1,108688.6,108898.6,210.0,2520.0,sl,125.0,-0.3186886,0.10868860000000001,5.0,sniper_dirty,0.001,-0.4273772
2025-10,B_n_5x60,all_dirty,combined_vs_pure_sniper_top3_sltp,64,2600116,2600142,-1,109605.7,109805.20000000004,199.50000000004366,2394.000000000524,sl,26.0,-0.30910570000004367,0.1096057,5.0,sniper_dirty,0.001,-0.4187114000000437
2025-10,B_n_5x60,all_dirty,combined_vs_pure_sniper_top3_sltp,65,2605447,2606072,1,110800.9,110392.90000000004,407.99999999995634,4895.999999999476,sl,625.0,-0.5188008999999564,0.11080090000000001,5.0,sniper_dirty,0.001,-0.6296017999999564
2025-10,B_n_5x60,all_dirty,combined_vs_pure_sniper_top3_sltp,66,2613247,2613840,-1,109061.6,109275.60000000002,214.00000000001455,2568.0000000001746,sl,593.0,-0.3230616000000146,0.10906160000000001,5.0,sniper_dirty,0.001,-0.4321232000000146
2025-10,B_n_5x60,all_dirty,combined_vs_pure_sniper_top3_sltp,67,2433613,2635436,-1,112269.6,109557.3,698.4999999999854,8381.999999999825,eod,204891.0,2.600030400000003,0.11226960000000001,5.0,sniper_dirty,0.001,2.4877608000000033
2025-10,B_n_5x60,all_dirty,combined_vs_pure_sniper_top3_sltp,68,2550448,2635436,1,108154.0,109557.3,541.0000000000582,6492.0000000006985,eod,86987.0,1.2951460000000028,0.108154,5.0,sniper_dirty,0.001,1.1869920000000027
2025-10,B_n_5x60,all_dirty,combined_vs_pure_sniper_top3_sltp,69,2608510,2635436,-1,110214.9,109557.3,250.5000000000291,3006.0000000003492,eod,28415.0,0.5473850999999913,0.1102149,5.0,sniper_dirty,0.001,0.4371701999999913
2025-10,B_n_5x50,combined,combined_vs_pure_sniper_top3_sltp,0,51485,63860,1,117117.7,116892.19999999997,225.5000000000291,2255.000000000291,sl,12378.0,-0.3426177000000291,0.1171177,5.0,ifvg_clean,0.001,-0.4597354000000291
2025-10,B_n_5x50,combined,combined_vs_pure_sniper_top3_sltp,1,138076,138128,-1,119311.7,119337.0,132.5,1325.0,inv,52.0,-0.14461170000000292,0.1193117,5.0,ifvg_clean,0.001,-0.2639234000000029
2025-10,B_n_5x50,combined,combined_vs_pure_sniper_top3_sltp,2,84502,143673,1,118271.7,119986.70000000014,171.50000000001455,1715.0000000001455,tp,59384.0,1.5967283000001455,0.1182717,5.0,ifvg_clean,0.001,1.4784566000001456
2025-10,B_n_5x50,combined,combined_vs_pure_sniper_top3_sltp,3,232020,232488,1,123168.6,122772.09999999999,396.50000000001455,3965.0000000001455,sl,468.0,-0.5196686000000146,0.12316860000000002,5.0,ifvg_clean,0.001,-0.6428372000000147
2025-10,B_n_5x50,combined,combined_vs_pure_sniper_top3_sltp,4,434042,436999,1,123800.5,123421.49999999999,379.00000000001455,3790.0000000001455,sl,3012.0,-0.5028005000000145,0.12380050000000001,5.0,ifvg_clean,0.001,-0.6266010000000145
2025-10,B_n_5x50,combined,combined_vs_pure_sniper_top3_sltp,5,479571,479788,1,124917.7,124747.19999999997,170.5000000000291,1705.000000000291,sl,217.0,-0.2954177000000291,0.12491769999999999,5.0,ifvg_clean,0.001,-0.4203354000000291
2025-10,B_n_5x50,combined,combined_vs_pure_sniper_top3_sltp,6,484086,484736,1,125111.8,124869.3,242.5,2425.0,sl,653.0,-0.3676118,0.1251118,5.0,ifvg_clean,0.001,-0.4927236
2025-10,B_n_5x50,combined,combined_vs_pure_sniper_top3_sltp,7,489759,489763,-1,125489.2,125514.6,151.0000000000582,1510.000000000582,inv,4.0,-0.15088920000000872,0.1254892,5.0,ifvg_clean,0.001,-0.2763784000000087
2025-10,B_n_5x50,combined,combined_vs_pure_sniper_top3_sltp,8,489989,494682,-1,125591.9,125630.6,210.0,2100.0,inv,4727.0,-0.16429190000001165,0.1255919,5.0,ifvg_clean,0.001,-0.2898838000000117
2025-10,B_n_5x50,combined,combined_vs_pure_sniper_top3_sltp,9,499339,499464,1,125475.2,125419.6,275.0,2750.0,inv,126.0,-0.18107519999999128,0.1254752,5.0,ifvg_clean,0.001,-0.3065503999999913
2025-10,B_n_5x50,combined,combined_vs_pure_sniper_top3_sltp,10,508262,510162,1,124786.2,124744.3,221.50000000001455,2215.0000000001455,inv,2049.0,-0.16668619999999418,0.1247862,5.0,ifvg_clean,0.001,-0.2914723999999942
2025-10,B_n_5x50,combined,combined_vs_pure_sniper_top3_sltp,11,533259,534323,1,124309.8,124241.5,373.0000000000291,3730.000000000291,inv,1087.0,-0.19260980000000294,0.12430980000000001,5.0,ifvg_clean,0.001,-0.31691960000000297
2025-10,B_n_5x50,combined,combined_vs_pure_sniper_top3_sltp,12,560355,560369,-1,124575.2,124675.2,100.0,1000.0,sl,14.0,-0.2245752,0.1245752,5.0,ifvg_clean,0.001,-0.34915039999999997
2025-10,B_n_5x50,combined,combined_vs_pure_sniper_top3_sltp,13,647635,647689,-1,122734.0,122821.2,483.49999999998545,4834.9999999998545,inv,54.0,-0.2099339999999971,0.12273400000000001,5.0,ifvg_clean,0.001,-0.3326679999999971
2025-10,B_n_5x50,combined,combined_vs_pure_sniper_top3_sltp,14,652543,652591,1,122327.2,122256.6,394.4999999999709,3944.999999999709,inv,51.0,-0.19292719999999128,0.12232720000000001,5.0,ifvg_clean,0.001,-0.3152543999999913
2025-10,B_n_5x50,combined,combined_vs_pure_sniper_top3_sltp,15,649109,656903,-1,122383.0,122986.49999999999,603.4999999999854,6034.9999999998545,sl,7908.0,-0.7258829999999855,0.12238299999999999,5.0,ifvg_clean,0.001,-0.8482659999999855
2025-10,B_n_5x50,combined,combined_vs_pure_sniper_top3_sltp,16,664391,664399,-1,123560.5,123592.5,210.99999999998545,2109.9999999998545,inv,8.0,-0.1555605,0.1235605,5.0,ifvg_clean,0.001,-0.279121
2025-10,B_n_5x50,combined,combined_vs_pure_sniper_top3_sltp,17,727988,727990,-1,123255.5,123281.6,127.5,1275.0,inv,2.0,-0.14935550000000583,0.1232555,5.0,ifvg_clean,0.001,-0.2726110000000058
2025-10,B_n_5x50,combined,combined_vs_pure_sniper_top3_sltp,18,738269,739021,1,121140.5,121120.6,133.9999999999418,1339.999999999418,inv,757.0,-0.14104049999999418,0.12114050000000001,5.0,ifvg_clean,0.001,-0.2621809999999942
2025-10,B_n_5x50,combined,combined_vs_pure_sniper_top3_sltp,19,746003,749383,-1,120803.6,120859.7,295.99999999998545,2959.9999999998545,inv,3389.0,-0.17690359999999128,0.12080360000000001,5.0,ifvg_clean,0.001,-0.2977071999999913
2025-10,B_n_5x50,combined,combined_vs_pure_sniper_top3_sltp,20,817292,817324,1,121273.5,121248.9,154.50000000004366,1545.0000000004366,inv,33.0,-0.14587350000000582,0.1212735,5.0,ifvg_clean,0.001,-0.2671470000000058
2025-10,B_n_5x50,combined,combined_vs_pure_sniper_top3_sltp,21,815914,819564,-1,121190.6,118875.59999999986,231.50000000001455,2315.0000000001455,tp,3663.0,2.193809400000146,0.12119060000000001,5.0,ifvg_clean,0.001,2.072618800000146
2025-10,B_n_5x50,combined,combined_vs_pure_sniper_top3_sltp,22,824538,824538,1,118493.8,118518.3,232.5,2325.0,inv,0.0,-0.09399380000000002,0.11849380000000001,5.0,ifvg_clean,0.001,-0.21248760000000003
2025-10,B_n_5x50,combined,combined_vs_pure_sniper_top3_sltp,23,834420,834593,-1,116367.2,116680.69999999998,313.49999999998545,3134.9999999998545,sl,173.0,-0.42986719999998546,0.1163672,5.0,ifvg_clean,0.001,-0.5462343999999855
2025-10,B_n_5x50,combined,combined_vs_pure_sniper_top3_sltp,24,835763,835784,-1,116695.0,116724.6,168.0000000000291,1680.000000000291,inv,21.0,-0.14629500000000584,0.11669500000000001,5.0,ifvg_clean,0.001,-0.26299000000000583
2025-10,B_n_5x50,combined,combined_vs_pure_sniper_top3_sltp,25,819396,838832,-1,119468.4,115788.40000000043,367.99999999995634,3679.9999999995634,tp,19460.0,3.5605315999995635,0.1194684,5.0,ifvg_clean,0.001,3.4410631999995633
2025-10,B_n_5x50,combined,combined_vs_pure_sniper_top3_sltp,26,814704,838895,-1,121728.0,115022.99999999971,670.5000000000291,6705.000000000291,tp,24231.0,6.583272000000291,0.12172800000000002,5.0,ifvg_clean,0.001,6.461544000000291
2025-10,B_n_5x50,combined,combined_vs_pure_sniper_top3_sltp,27,1078038,1078089,1,114285.3,114261.2,132.5,1325.0,inv,53.0,-0.13838530000000582,0.1142853,5.0,ifvg_clean,0.001,-0.25267060000000585
2025-10,B_n_5x50,combined,combined_vs_pure_sniper_top3_sltp,28,1209047,1210491,-1,112218.4,112238.0,105.0,1050.0,inv,1479.0,-0.13181840000000583,0.11221840000000001,5.0,ifvg_clean,0.001,-0.24403680000000583
2025-10,B_n_5x50,combined,combined_vs_pure_sniper_top3_sltp,29,1234412,1235615,1,111851.9,111825.4,137.00000000004366,1370.0000000004366,inv,1220.0,-0.1383519,0.1118519,5.0,ifvg_clean,0.001,-0.2502038
2025-10,B_n_5x50,combined,combined_vs_pure_sniper_top3_sltp,30,1391353,1391353,1,105940.6,105932.1,132.99999999995634,1329.9999999995634,inv,0.0,-0.1144406,0.10594060000000001,5.0,ifvg_clean,0.001,-0.2203812
2025-10,B_n_5x50,combined,combined_vs_pure_sniper_top3_sltp,31,1401968,1402214,-1,104124.8,104388.79999999994,263.9999999999418,2639.999999999418,sl,246.0,-0.3681247999999418,0.1041248,5.0,ifvg_clean,0.001,-0.4722495999999418
2025-10,B_n_5x50,combined,combined_vs_pure_sniper_top3_sltp,32,1403508,1404103,1,104680.4,104622.1,297.99999999995634,2979.9999999995634,inv,595.0,-0.16298039999998837,0.10468039999999999,5.0,ifvg_clean,0.001,-0.2676607999999884
2025-10,B_n_5x50,combined,combined_vs_pure_sniper_top3_sltp,33,1405603,1409098,1,106169.3,105345.79999999994,823.5000000000582,8235.000000000582,sl,3496.0,-0.9296693000000582,0.10616930000000001,5.0,ifvg_clean,0.001,-1.0358386000000581
2025-10,B_n_5x50,combined,combined_vs_pure_sniper_top3_sltp,34,1408696,1412918,-1,105719.1,105860.2,711.9999999999709,7119.999999999709,inv,4224.0,-0.24681909999999127,0.10571910000000001,5.0,ifvg_clean,0.001,-0.35253819999999125
2025-10,B_n_5x50,combined,combined_vs_pure_sniper_top3_sltp,35,1413463,1413871,-1,105217.0,105557.50000000003,340.5000000000291,3405.000000000291,sl,408.0,-0.4457170000000291,0.105217,5.0,ifvg_clean,0.001,-0.5509340000000291
2025-10,B_n_5x50,combined,combined_vs_pure_sniper_top3_sltp,36,1417166,1417457,1,105537.7,105459.9,508.0000000000291,5080.000000000291,inv,291.0,-0.1833377000000029,0.1055377,5.0,ifvg_clean,0.001,-0.2888754000000029
2025-10,B_n_5x50,combined,combined_vs_pure_sniper_top3_sltp,37,1402578,1421616,1,104318.5,106958.50000000015,264.00000000001455,2640.0000000001455,tp,19042.0,2.5356815000001456,0.10431850000000001,5.0,ifvg_clean,0.001,2.4313630000001454
2025-10,B_n_5x50,combined,combined_vs_pure_sniper_top3_sltp,38,1427301,1427306,1,106482.0,106457.0,172.5,1725.0,inv,5.0,-0.13148200000000002,0.10648200000000001,5.0,ifvg_clean,0.001,-0.237964
2025-10,B_n_5x50,combined,combined_vs_pure_sniper_top3_sltp,39,1427471,1428208,-1,106331.6,106433.10000000002,101.50000000001455,1015.0000000001455,sl,737.0,-0.20783160000001455,0.10633160000000001,5.0,ifvg_clean,0.001,-0.3141632000000146
2025-10,B_n_5x50,combined,combined_vs_pure_sniper_top3_sltp,40,1766986,1782242,-1,112063.9,109798.89999999985,226.50000000001455,2265.0000000001455,tp,15474.0,2.152936100000146,0.1120639,5.0,ifvg_clean,0.001,2.040872200000146
2025-10,B_n_5x50,combined,combined_vs_pure_sniper_top3_sltp,41,1830251,1862675,1,107458.2,107082.20000000001,375.99999999998545,3759.9999999998545,sl,32742.0,-0.48345819999998546,0.1074582,5.0,ifvg_clean,0.001,-0.5909163999999855
2025-10,B_n_5x50,combined,combined_vs_pure_sniper_top3_sltp,42,2171523,2172488,-1,113504.1,113727.09999999996,222.99999999995634,2229.9999999995634,sl,967.0,-0.33650409999995634,0.11350410000000001,5.0,ifvg_clean,0.001,-0.45000819999995634
2025-10,B_n_5x50,combined,combined_vs_pure_sniper_top3_sltp,43,2231913,2239006,1,115576.7,115388.20000000001,188.49999999998545,1884.9999999998545,sl,7109.0,-0.30407669999998543,0.1155767,5.0,ifvg_clean,0.001,-0.4196533999999854
2025-10,B_n_5x50,combined,combined_vs_pure_sniper_top3_sltp,44,2344507,2346753,1,115448.4,115220.39999999997,228.0000000000291,2280.000000000291,sl,2246.0,-0.3434484000000291,0.11544839999999999,5.0,ifvg_clean,0.001,-0.4588968000000291
2025-10,B_n_5x50,combined,combined_vs_pure_sniper_top3_sltp,45,2344870,2346803,1,115367.5,115029.00000000001,338.49999999998545,3384.9999999998545,sl,1933.0,-0.4538674999999855,0.11536750000000001,5.0,ifvg_clean,0.001,-0.5692349999999855
2025-10,B_n_5x50,combined,combined_vs_pure_sniper_top3_sltp,46,2352332,2353192,-1,114726.7,114990.20000000006,263.5000000000582,2635.000000000582,sl,873.0,-0.3782267000000582,0.1147267,5.0,ifvg_clean,0.001,-0.4929534000000582
2025-10,B_n_5x50,combined,combined_vs_pure_sniper_top3_sltp,47,2353261,2353341,-1,115014.8,115072.6,302.00000000004366,3020.0000000004366,inv,80.0,-0.17281480000000293,0.11501480000000001,5.0,ifvg_clean,0.001,-0.28782960000000296
2025-10,B_n_5x50,combined,combined_vs_pure_sniper_top3_sltp,48,2359094,2360125,1,115188.0,115099.4,524.5000000000437,5245.000000000437,inv,1033.0,-0.20378800000000583,0.115188,5.0,ifvg_clean,0.001,-0.3189760000000058
2025-10,B_n_5x50,combined,combined_vs_pure_sniper_top3_sltp,49,2364437,2366990,-1,113974.6,112474.6,150.0,1500.0,tp,2556.0,1.3860254,0.11397460000000001,5.0,ifvg_clean,0.001,1.2720508000000001
2025-10,B_n_5x50,combined,combined_vs_pure_sniper_top3_sltp,50,2370593,2370629,1,112571.9,112527.4,243.5000000000582,2435.000000000582,inv,36.0,-0.1570719,0.1125719,5.0,ifvg_clean,0.001,-0.2696438
2025-10,B_n_5x50,combined,combined_vs_pure_sniper_top3_sltp,51,2373813,2374077,-1,112866.6,112889.8,119.00000000001455,1190.0000000001455,inv,266.0,-0.1360665999999971,0.11286660000000001,5.0,ifvg_clean,0.001,-0.2489331999999971
2025-10,B_n_5x50,combined,combined_vs_pure_sniper_top3_sltp,52,2383478,2383497,1,112500.7,112473.9,201.0000000000582,2010.000000000582,inv,19.0,-0.1393007000000029,0.1125007,5.0,ifvg_clean,0.001,-0.2518014000000029
2025-10,B_n_5x50,combined,combined_vs_pure_sniper_top3_sltp,53,2447764,2447860,-1,110869.3,110997.30000000003,128.0000000000291,1280.000000000291,sl,96.0,-0.23886930000002915,0.11086930000000002,5.0,ifvg_clean,0.001,-0.34973860000002915
2025-10,B_n_5x50,combined,combined_vs_pure_sniper_top3_sltp,54,2452832,2462064,1,111150.6,110893.1,257.5,2575.0,sl,9451.0,-0.36865060000000005,0.11115060000000002,5.0,ifvg_clean,0.001,-0.47980120000000004
2025-10,B_n_5x50,combined,combined_vs_pure_sniper_top3_sltp,55,2469713,2480417,1,110400.0,109800.99999999999,599.0000000000146,5990.0000000001455,sl,11030.0,-0.7094000000000146,0.11040000000000001,5.0,ifvg_clean,0.001,-0.8198000000000146
2025-10,B_n_5x50,combined,combined_vs_pure_sniper_top3_sltp,56,2484747,2484824,-1,108953.2,109081.19999999995,127.99999999995634,1279.9999999995634,sl,78.0,-0.23695319999995634,0.1089532,5.0,ifvg_clean,0.001,-0.3459063999999563
2025-10,B_n_5x50,combined,combined_vs_pure_sniper_top3_sltp,57,2436506,2514002,-1,111634.7,107809.7,382.5,3825.0,tp,78305.0,3.7133653,0.1116347,5.0,ifvg_clean,0.001,3.6017306
2025-10,B_n_5x50,combined,combined_vs_pure_sniper_top3_sltp,58,2516441,2516580,-1,107920.3,107938.5,157.5,1575.0,inv,139.0,-0.1261202999999971,0.10792030000000001,5.0,ifvg_clean,0.001,-0.2340405999999971
2025-10,B_n_5x50,combined,combined_vs_pure_sniper_top3_sltp,59,2520483,2522921,-1,107812.0,107972.50000000003,160.5000000000291,1605.000000000291,sl,2438.0,-0.26831200000002914,0.107812,5.0,ifvg_clean,0.001,-0.37612400000002916
2025-10,B_n_5x50,combined,combined_vs_pure_sniper_top3_sltp,60,2534751,2535370,1,106899.1,106768.4,567.0000000000437,5670.000000000437,inv,619.0,-0.23759910000001166,0.10689910000000001,5.0,ifvg_clean,0.001,-0.3444982000000117
2025-10,B_n_5x50,combined,combined_vs_pure_sniper_top3_sltp,61,2531869,2540014,-1,107062.2,107545.69999999998,483.49999999998545,4834.9999999998545,sl,8155.0,-0.5905621999999855,0.10706220000000001,5.0,ifvg_clean,0.001,-0.6976243999999855
2025-10,B_n_5x50,combined,combined_vs_pure_sniper_top3_sltp,62,2513621,2551871,-1,108347.2,108598.69999999994,251.4999999999418,2514.999999999418,sl,38509.0,-0.35984719999994175,0.1083472,5.0,ifvg_clean,0.001,-0.4681943999999417
2025-10,B_n_5x50,combined,combined_vs_pure_sniper_top3_sltp,63,2561346,2561471,-1,108688.6,108898.6,210.0,2100.0,sl,125.0,-0.3186886,0.10868860000000001,5.0,ifvg_clean,0.001,-0.4273772
2025-10,B_n_5x50,combined,combined_vs_pure_sniper_top3_sltp,64,2600116,2600142,-1,109605.7,109805.20000000004,199.50000000004366,1995.0000000004366,sl,26.0,-0.30910570000004367,0.1096057,5.0,ifvg_clean,0.001,-0.4187114000000437
2025-10,B_n_5x50,combined,combined_vs_pure_sniper_top3_sltp,65,2605447,2606072,1,110800.9,110392.90000000004,407.99999999995634,4079.9999999995634,sl,625.0,-0.5188008999999564,0.11080090000000001,5.0,ifvg_clean,0.001,-0.6296017999999564
2025-10,B_n_5x50,combined,combined_vs_pure_sniper_top3_sltp,66,2613247,2613840,-1,109061.6,109275.60000000002,214.00000000001455,2140.0000000001455,sl,593.0,-0.3230616000000146,0.10906160000000001,5.0,ifvg_clean,0.001,-0.4321232000000146
2025-10,B_n_5x50,combined,combined_vs_pure_sniper_top3_sltp,67,2433613,2635436,-1,112269.6,109557.3,698.4999999999854,6984.9999999998545,eod,204891.0,2.600030400000003,0.11226960000000001,5.0,ifvg_clean,0.001,2.4877608000000033
2025-10,B_n_5x50,combined,combined_vs_pure_sniper_top3_sltp,68,2550448,2635436,1,108154.0,109557.3,541.0000000000582,5410.000000000582,eod,86987.0,1.2951460000000028,0.108154,5.0,ifvg_clean,0.001,1.1869920000000027
2025-10,B_n_5x50,combined,combined_vs_pure_sniper_top3_sltp,69,2608510,2635436,-1,110214.9,109557.3,250.5000000000291,2505.000000000291,eod,28415.0,0.5473850999999913,0.1102149,5.0,ifvg_clean,0.001,0.4371701999999913
2025-10,B_n_5x50,all_clean,combined_vs_pure_sniper_top3_sltp,0,51485,63860,1,117117.7,116892.19999999997,225.5000000000291,2255.000000000291,sl,12378.0,-0.3426177000000291,0.1171177,5.0,ifvg_clean,0.001,-0.4597354000000291
2025-10,B_n_5x50,all_clean,combined_vs_pure_sniper_top3_sltp,1,138076,138128,-1,119311.7,119337.0,132.5,1325.0,inv,52.0,-0.14461170000000292,0.1193117,5.0,ifvg_clean,0.001,-0.2639234000000029
2025-10,B_n_5x50,all_clean,combined_vs_pure_sniper_top3_sltp,2,84502,143673,1,118271.7,119986.70000000014,171.50000000001455,1715.0000000001455,tp,59384.0,1.5967283000001455,0.1182717,5.0,ifvg_clean,0.001,1.4784566000001456
2025-10,B_n_5x50,all_clean,combined_vs_pure_sniper_top3_sltp,3,232020,232488,1,123168.6,122772.09999999999,396.50000000001455,3965.0000000001455,sl,468.0,-0.5196686000000146,0.12316860000000002,5.0,ifvg_clean,0.001,-0.6428372000000147
2025-10,B_n_5x50,all_clean,combined_vs_pure_sniper_top3_sltp,4,434042,436999,1,123800.5,123421.49999999999,379.00000000001455,3790.0000000001455,sl,3012.0,-0.5028005000000145,0.12380050000000001,5.0,ifvg_clean,0.001,-0.6266010000000145
2025-10,B_n_5x50,all_clean,combined_vs_pure_sniper_top3_sltp,5,479571,479788,1,124917.7,124747.19999999997,170.5000000000291,1705.000000000291,sl,217.0,-0.2954177000000291,0.12491769999999999,5.0,ifvg_clean,0.001,-0.4203354000000291
2025-10,B_n_5x50,all_clean,combined_vs_pure_sniper_top3_sltp,6,484086,484736,1,125111.8,124869.3,242.5,2425.0,sl,653.0,-0.3676118,0.1251118,5.0,ifvg_clean,0.001,-0.4927236
2025-10,B_n_5x50,all_clean,combined_vs_pure_sniper_top3_sltp,7,489759,489763,-1,125489.2,125514.6,151.0000000000582,1510.000000000582,inv,4.0,-0.15088920000000872,0.1254892,5.0,ifvg_clean,0.001,-0.2763784000000087
2025-10,B_n_5x50,all_clean,combined_vs_pure_sniper_top3_sltp,8,489989,494682,-1,125591.9,125630.6,210.0,2100.0,inv,4727.0,-0.16429190000001165,0.1255919,5.0,ifvg_clean,0.001,-0.2898838000000117
2025-10,B_n_5x50,all_clean,combined_vs_pure_sniper_top3_sltp,9,499339,499464,1,125475.2,125419.6,275.0,2750.0,inv,126.0,-0.18107519999999128,0.1254752,5.0,ifvg_clean,0.001,-0.3065503999999913
2025-10,B_n_5x50,all_clean,combined_vs_pure_sniper_top3_sltp,10,508262,510162,1,124786.2,124744.3,221.50000000001455,2215.0000000001455,inv,2049.0,-0.16668619999999418,0.1247862,5.0,ifvg_clean,0.001,-0.2914723999999942
2025-10,B_n_5x50,all_clean,combined_vs_pure_sniper_top3_sltp,11,533259,534323,1,124309.8,124241.5,373.0000000000291,3730.000000000291,inv,1087.0,-0.19260980000000294,0.12430980000000001,5.0,ifvg_clean,0.001,-0.31691960000000297
2025-10,B_n_5x50,all_clean,combined_vs_pure_sniper_top3_sltp,12,560355,560369,-1,124575.2,124675.2,100.0,1000.0,sl,14.0,-0.2245752,0.1245752,5.0,ifvg_clean,0.001,-0.34915039999999997
2025-10,B_n_5x50,all_clean,combined_vs_pure_sniper_top3_sltp,13,647635,647689,-1,122734.0,122821.2,483.49999999998545,4834.9999999998545,inv,54.0,-0.2099339999999971,0.12273400000000001,5.0,ifvg_clean,0.001,-0.3326679999999971
2025-10,B_n_5x50,all_clean,combined_vs_pure_sniper_top3_sltp,14,652543,652591,1,122327.2,122256.6,394.4999999999709,3944.999999999709,inv,51.0,-0.19292719999999128,0.12232720000000001,5.0,ifvg_clean,0.001,-0.3152543999999913
2025-10,B_n_5x50,all_clean,combined_vs_pure_sniper_top3_sltp,15,649109,656903,-1,122383.0,122986.49999999999,603.4999999999854,6034.9999999998545,sl,7908.0,-0.7258829999999855,0.12238299999999999,5.0,ifvg_clean,0.001,-0.8482659999999855
2025-10,B_n_5x50,all_clean,combined_vs_pure_sniper_top3_sltp,16,664391,664399,-1,123560.5,123592.5,210.99999999998545,2109.9999999998545,inv,8.0,-0.1555605,0.1235605,5.0,ifvg_clean,0.001,-0.279121
2025-10,B_n_5x50,all_clean,combined_vs_pure_sniper_top3_sltp,17,727988,727990,-1,123255.5,123281.6,127.5,1275.0,inv,2.0,-0.14935550000000583,0.1232555,5.0,ifvg_clean,0.001,-0.2726110000000058
2025-10,B_n_5x50,all_clean,combined_vs_pure_sniper_top3_sltp,18,738269,739021,1,121140.5,121120.6,133.9999999999418,1339.999999999418,inv,757.0,-0.14104049999999418,0.12114050000000001,5.0,ifvg_clean,0.001,-0.2621809999999942
2025-10,B_n_5x50,all_clean,combined_vs_pure_sniper_top3_sltp,19,746003,749383,-1,120803.6,120859.7,295.99999999998545,2959.9999999998545,inv,3389.0,-0.17690359999999128,0.12080360000000001,5.0,ifvg_clean,0.001,-0.2977071999999913
2025-10,B_n_5x50,all_clean,combined_vs_pure_sniper_top3_sltp,20,817292,817324,1,121273.5,121248.9,154.50000000004366,1545.0000000004366,inv,33.0,-0.14587350000000582,0.1212735,5.0,ifvg_clean,0.001,-0.2671470000000058
2025-10,B_n_5x50,all_clean,combined_vs_pure_sniper_top3_sltp,21,815914,819564,-1,121190.6,118875.59999999986,231.50000000001455,2315.0000000001455,tp,3663.0,2.193809400000146,0.12119060000000001,5.0,ifvg_clean,0.001,2.072618800000146
2025-10,B_n_5x50,all_clean,combined_vs_pure_sniper_top3_sltp,22,824538,824538,1,118493.8,118518.3,232.5,2325.0,inv,0.0,-0.09399380000000002,0.11849380000000001,5.0,ifvg_clean,0.001,-0.21248760000000003
2025-10,B_n_5x50,all_clean,combined_vs_pure_sniper_top3_sltp,23,834420,834593,-1,116367.2,116680.69999999998,313.49999999998545,3134.9999999998545,sl,173.0,-0.42986719999998546,0.1163672,5.0,ifvg_clean,0.001,-0.5462343999999855
2025-10,B_n_5x50,all_clean,combined_vs_pure_sniper_top3_sltp,24,835763,835784,-1,116695.0,116724.6,168.0000000000291,1680.000000000291,inv,21.0,-0.14629500000000584,0.11669500000000001,5.0,ifvg_clean,0.001,-0.26299000000000583
2025-10,B_n_5x50,all_clean,combined_vs_pure_sniper_top3_sltp,25,819396,838832,-1,119468.4,115788.40000000043,367.99999999995634,3679.9999999995634,tp,19460.0,3.5605315999995635,0.1194684,5.0,ifvg_clean,0.001,3.4410631999995633
2025-10,B_n_5x50,all_clean,combined_vs_pure_sniper_top3_sltp,26,814704,838895,-1,121728.0,115022.99999999971,670.5000000000291,6705.000000000291,tp,24231.0,6.583272000000291,0.12172800000000002,5.0,ifvg_clean,0.001,6.461544000000291
2025-10,B_n_5x50,all_clean,combined_vs_pure_sniper_top3_sltp,27,1078038,1078089,1,114285.3,114261.2,132.5,1325.0,inv,53.0,-0.13838530000000582,0.1142853,5.0,ifvg_clean,0.001,-0.25267060000000585
2025-10,B_n_5x50,all_clean,combined_vs_pure_sniper_top3_sltp,28,1209047,1210491,-1,112218.4,112238.0,105.0,1050.0,inv,1479.0,-0.13181840000000583,0.11221840000000001,5.0,ifvg_clean,0.001,-0.24403680000000583
2025-10,B_n_5x50,all_clean,combined_vs_pure_sniper_top3_sltp,29,1234412,1235615,1,111851.9,111825.4,137.00000000004366,1370.0000000004366,inv,1220.0,-0.1383519,0.1118519,5.0,ifvg_clean,0.001,-0.2502038
2025-10,B_n_5x50,all_clean,combined_vs_pure_sniper_top3_sltp,30,1391353,1391353,1,105940.6,105932.1,132.99999999995634,1329.9999999995634,inv,0.0,-0.1144406,0.10594060000000001,5.0,ifvg_clean,0.001,-0.2203812
2025-10,B_n_5x50,all_clean,combined_vs_pure_sniper_top3_sltp,31,1401968,1402214,-1,104124.8,104388.79999999994,263.9999999999418,2639.999999999418,sl,246.0,-0.3681247999999418,0.1041248,5.0,ifvg_clean,0.001,-0.4722495999999418
2025-10,B_n_5x50,all_clean,combined_vs_pure_sniper_top3_sltp,32,1403508,1404103,1,104680.4,104622.1,297.99999999995634,2979.9999999995634,inv,595.0,-0.16298039999998837,0.10468039999999999,5.0,ifvg_clean,0.001,-0.2676607999999884
2025-10,B_n_5x50,all_clean,combined_vs_pure_sniper_top3_sltp,33,1405603,1409098,1,106169.3,105345.79999999994,823.5000000000582,8235.000000000582,sl,3496.0,-0.9296693000000582,0.10616930000000001,5.0,ifvg_clean,0.001,-1.0358386000000581
2025-10,B_n_5x50,all_clean,combined_vs_pure_sniper_top3_sltp,34,1408696,1412918,-1,105719.1,105860.2,711.9999999999709,7119.999999999709,inv,4224.0,-0.24681909999999127,0.10571910000000001,5.0,ifvg_clean,0.001,-0.35253819999999125
2025-10,B_n_5x50,all_clean,combined_vs_pure_sniper_top3_sltp,35,1413463,1413871,-1,105217.0,105557.50000000003,340.5000000000291,3405.000000000291,sl,408.0,-0.4457170000000291,0.105217,5.0,ifvg_clean,0.001,-0.5509340000000291
2025-10,B_n_5x50,all_clean,combined_vs_pure_sniper_top3_sltp,36,1417166,1417457,1,105537.7,105459.9,508.0000000000291,5080.000000000291,inv,291.0,-0.1833377000000029,0.1055377,5.0,ifvg_clean,0.001,-0.2888754000000029
2025-10,B_n_5x50,all_clean,combined_vs_pure_sniper_top3_sltp,37,1402578,1421616,1,104318.5,106958.50000000015,264.00000000001455,2640.0000000001455,tp,19042.0,2.5356815000001456,0.10431850000000001,5.0,ifvg_clean,0.001,2.4313630000001454
2025-10,B_n_5x50,all_clean,combined_vs_pure_sniper_top3_sltp,38,1427301,1427306,1,106482.0,106457.0,172.5,1725.0,inv,5.0,-0.13148200000000002,0.10648200000000001,5.0,ifvg_clean,0.001,-0.237964
2025-10,B_n_5x50,all_clean,combined_vs_pure_sniper_top3_sltp,39,1427471,1428208,-1,106331.6,106433.10000000002,101.50000000001455,1015.0000000001455,sl,737.0,-0.20783160000001455,0.10633160000000001,5.0,ifvg_clean,0.001,-0.3141632000000146
2025-10,B_n_5x50,all_clean,combined_vs_pure_sniper_top3_sltp,40,1766986,1782242,-1,112063.9,109798.89999999985,226.50000000001455,2265.0000000001455,tp,15474.0,2.152936100000146,0.1120639,5.0,ifvg_clean,0.001,2.040872200000146
2025-10,B_n_5x50,all_clean,combined_vs_pure_sniper_top3_sltp,41,1830251,1862675,1,107458.2,107082.20000000001,375.99999999998545,3759.9999999998545,sl,32742.0,-0.48345819999998546,0.1074582,5.0,ifvg_clean,0.001,-0.5909163999999855
2025-10,B_n_5x50,all_clean,combined_vs_pure_sniper_top3_sltp,42,2171523,2172488,-1,113504.1,113727.09999999996,222.99999999995634,2229.9999999995634,sl,967.0,-0.33650409999995634,0.11350410000000001,5.0,ifvg_clean,0.001,-0.45000819999995634
2025-10,B_n_5x50,all_clean,combined_vs_pure_sniper_top3_sltp,43,2231913,2239006,1,115576.7,115388.20000000001,188.49999999998545,1884.9999999998545,sl,7109.0,-0.30407669999998543,0.1155767,5.0,ifvg_clean,0.001,-0.4196533999999854
2025-10,B_n_5x50,all_clean,combined_vs_pure_sniper_top3_sltp,44,2344507,2346753,1,115448.4,115220.39999999997,228.0000000000291,2280.000000000291,sl,2246.0,-0.3434484000000291,0.11544839999999999,5.0,ifvg_clean,0.001,-0.4588968000000291
2025-10,B_n_5x50,all_clean,combined_vs_pure_sniper_top3_sltp,45,2344870,2346803,1,115367.5,115029.00000000001,338.49999999998545,3384.9999999998545,sl,1933.0,-0.4538674999999855,0.11536750000000001,5.0,ifvg_clean,0.001,-0.5692349999999855
2025-10,B_n_5x50,all_clean,combined_vs_pure_sniper_top3_sltp,46,2352332,2353192,-1,114726.7,114990.20000000006,263.5000000000582,2635.000000000582,sl,873.0,-0.3782267000000582,0.1147267,5.0,ifvg_clean,0.001,-0.4929534000000582
2025-10,B_n_5x50,all_clean,combined_vs_pure_sniper_top3_sltp,47,2353261,2353341,-1,115014.8,115072.6,302.00000000004366,3020.0000000004366,inv,80.0,-0.17281480000000293,0.11501480000000001,5.0,ifvg_clean,0.001,-0.28782960000000296
2025-10,B_n_5x50,all_clean,combined_vs_pure_sniper_top3_sltp,48,2359094,2360125,1,115188.0,115099.4,524.5000000000437,5245.000000000437,inv,1033.0,-0.20378800000000583,0.115188,5.0,ifvg_clean,0.001,-0.3189760000000058
2025-10,B_n_5x50,all_clean,combined_vs_pure_sniper_top3_sltp,49,2364437,2366990,-1,113974.6,112474.6,150.0,1500.0,tp,2556.0,1.3860254,0.11397460000000001,5.0,ifvg_clean,0.001,1.2720508000000001
2025-10,B_n_5x50,all_clean,combined_vs_pure_sniper_top3_sltp,50,2370593,2370629,1,112571.9,112527.4,243.5000000000582,2435.000000000582,inv,36.0,-0.1570719,0.1125719,5.0,ifvg_clean,0.001,-0.2696438
2025-10,B_n_5x50,all_clean,combined_vs_pure_sniper_top3_sltp,51,2373813,2374077,-1,112866.6,112889.8,119.00000000001455,1190.0000000001455,inv,266.0,-0.1360665999999971,0.11286660000000001,5.0,ifvg_clean,0.001,-0.2489331999999971
2025-10,B_n_5x50,all_clean,combined_vs_pure_sniper_top3_sltp,52,2383478,2383497,1,112500.7,112473.9,201.0000000000582,2010.000000000582,inv,19.0,-0.1393007000000029,0.1125007,5.0,ifvg_clean,0.001,-0.2518014000000029
2025-10,B_n_5x50,all_clean,combined_vs_pure_sniper_top3_sltp,53,2447764,2447860,-1,110869.3,110997.30000000003,128.0000000000291,1280.000000000291,sl,96.0,-0.23886930000002915,0.11086930000000002,5.0,ifvg_clean,0.001,-0.34973860000002915
2025-10,B_n_5x50,all_clean,combined_vs_pure_sniper_top3_sltp,54,2452832,2462064,1,111150.6,110893.1,257.5,2575.0,sl,9451.0,-0.36865060000000005,0.11115060000000002,5.0,ifvg_clean,0.001,-0.47980120000000004
2025-10,B_n_5x50,all_clean,combined_vs_pure_sniper_top3_sltp,55,2469713,2480417,1,110400.0,109800.99999999999,599.0000000000146,5990.0000000001455,sl,11030.0,-0.7094000000000146,0.11040000000000001,5.0,ifvg_clean,0.001,-0.8198000000000146
2025-10,B_n_5x50,all_clean,combined_vs_pure_sniper_top3_sltp,56,2484747,2484824,-1,108953.2,109081.19999999995,127.99999999995634,1279.9999999995634,sl,78.0,-0.23695319999995634,0.1089532,5.0,ifvg_clean,0.001,-0.3459063999999563
2025-10,B_n_5x50,all_clean,combined_vs_pure_sniper_top3_sltp,57,2436506,2514002,-1,111634.7,107809.7,382.5,3825.0,tp,78305.0,3.7133653,0.1116347,5.0,ifvg_clean,0.001,3.6017306
2025-10,B_n_5x50,all_clean,combined_vs_pure_sniper_top3_sltp,58,2516441,2516580,-1,107920.3,107938.5,157.5,1575.0,inv,139.0,-0.1261202999999971,0.10792030000000001,5.0,ifvg_clean,0.001,-0.2340405999999971
2025-10,B_n_5x50,all_clean,combined_vs_pure_sniper_top3_sltp,59,2520483,2522921,-1,107812.0,107972.50000000003,160.5000000000291,1605.000000000291,sl,2438.0,-0.26831200000002914,0.107812,5.0,ifvg_clean,0.001,-0.37612400000002916
2025-10,B_n_5x50,all_clean,combined_vs_pure_sniper_top3_sltp,60,2534751,2535370,1,106899.1,106768.4,567.0000000000437,5670.000000000437,inv,619.0,-0.23759910000001166,0.10689910000000001,5.0,ifvg_clean,0.001,-0.3444982000000117
2025-10,B_n_5x50,all_clean,combined_vs_pure_sniper_top3_sltp,61,2531869,2540014,-1,107062.2,107545.69999999998,483.49999999998545,4834.9999999998545,sl,8155.0,-0.5905621999999855,0.10706220000000001,5.0,ifvg_clean,0.001,-0.6976243999999855
2025-10,B_n_5x50,all_clean,combined_vs_pure_sniper_top3_sltp,62,2513621,2551871,-1,108347.2,108598.69999999994,251.4999999999418,2514.999999999418,sl,38509.0,-0.35984719999994175,0.1083472,5.0,ifvg_clean,0.001,-0.4681943999999417
2025-10,B_n_5x50,all_clean,combined_vs_pure_sniper_top3_sltp,63,2561346,2561471,-1,108688.6,108898.6,210.0,2100.0,sl,125.0,-0.3186886,0.10868860000000001,5.0,ifvg_clean,0.001,-0.4273772
2025-10,B_n_5x50,all_clean,combined_vs_pure_sniper_top3_sltp,64,2600116,2600142,-1,109605.7,109805.20000000004,199.50000000004366,1995.0000000004366,sl,26.0,-0.30910570000004367,0.1096057,5.0,ifvg_clean,0.001,-0.4187114000000437
2025-10,B_n_5x50,all_clean,combined_vs_pure_sniper_top3_sltp,65,2605447,2606072,1,110800.9,110392.90000000004,407.99999999995634,4079.9999999995634,sl,625.0,-0.5188008999999564,0.11080090000000001,5.0,ifvg_clean,0.001,-0.6296017999999564
2025-10,B_n_5x50,all_clean,combined_vs_pure_sniper_top3_sltp,66,2613247,2613840,-1,109061.6,109275.60000000002,214.00000000001455,2140.0000000001455,sl,593.0,-0.3230616000000146,0.10906160000000001,5.0,ifvg_clean,0.001,-0.4321232000000146
2025-10,B_n_5x50,all_clean,combined_vs_pure_sniper_top3_sltp,67,2433613,2635436,-1,112269.6,109557.3,698.4999999999854,6984.9999999998545,eod,204891.0,2.600030400000003,0.11226960000000001,5.0,ifvg_clean,0.001,2.4877608000000033
2025-10,B_n_5x50,all_clean,combined_vs_pure_sniper_top3_sltp,68,2550448,2635436,1,108154.0,109557.3,541.0000000000582,5410.000000000582,eod,86987.0,1.2951460000000028,0.108154,5.0,ifvg_clean,0.001,1.1869920000000027
2025-10,B_n_5x50,all_clean,combined_vs_pure_sniper_top3_sltp,69,2608510,2635436,-1,110214.9,109557.3,250.5000000000291,2505.000000000291,eod,28415.0,0.5473850999999913,0.1102149,5.0,ifvg_clean,0.001,0.4371701999999913
2025-10,B_n_5x50,all_dirty,combined_vs_pure_sniper_top3_sltp,0,51485,63860,1,117117.7,116892.19999999997,225.5000000000291,2255.000000000291,sl,12378.0,-0.3426177000000291,0.1171177,5.0,sniper_dirty,0.001,-0.4597354000000291
2025-10,B_n_5x50,all_dirty,combined_vs_pure_sniper_top3_sltp,1,138076,138128,-1,119311.7,119337.0,132.5,1325.0,inv,52.0,-0.14461170000000292,0.1193117,5.0,sniper_dirty,0.001,-0.2639234000000029
2025-10,B_n_5x50,all_dirty,combined_vs_pure_sniper_top3_sltp,2,84502,143673,1,118271.7,119986.70000000014,171.50000000001455,1715.0000000001455,tp,59384.0,1.5967283000001455,0.1182717,5.0,sniper_dirty,0.001,1.4784566000001456
2025-10,B_n_5x50,all_dirty,combined_vs_pure_sniper_top3_sltp,3,232020,232488,1,123168.6,122772.09999999999,396.50000000001455,3965.0000000001455,sl,468.0,-0.5196686000000146,0.12316860000000002,5.0,sniper_dirty,0.001,-0.6428372000000147
2025-10,B_n_5x50,all_dirty,combined_vs_pure_sniper_top3_sltp,4,434042,436999,1,123800.5,123421.49999999999,379.00000000001455,3790.0000000001455,sl,3012.0,-0.5028005000000145,0.12380050000000001,5.0,sniper_dirty,0.001,-0.6266010000000145
2025-10,B_n_5x50,all_dirty,combined_vs_pure_sniper_top3_sltp,5,479571,479788,1,124917.7,124747.19999999997,170.5000000000291,1705.000000000291,sl,217.0,-0.2954177000000291,0.12491769999999999,5.0,sniper_dirty,0.001,-0.4203354000000291
2025-10,B_n_5x50,all_dirty,combined_vs_pure_sniper_top3_sltp,6,484086,484736,1,125111.8,124869.3,242.5,2425.0,sl,653.0,-0.3676118,0.1251118,5.0,sniper_dirty,0.001,-0.4927236
2025-10,B_n_5x50,all_dirty,combined_vs_pure_sniper_top3_sltp,7,489759,489763,-1,125489.2,125514.6,151.0000000000582,1510.000000000582,inv,4.0,-0.15088920000000872,0.1254892,5.0,sniper_dirty,0.001,-0.2763784000000087
2025-10,B_n_5x50,all_dirty,combined_vs_pure_sniper_top3_sltp,8,489989,494682,-1,125591.9,125630.6,210.0,2100.0,inv,4727.0,-0.16429190000001165,0.1255919,5.0,sniper_dirty,0.001,-0.2898838000000117
2025-10,B_n_5x50,all_dirty,combined_vs_pure_sniper_top3_sltp,9,499339,499464,1,125475.2,125419.6,275.0,2750.0,inv,126.0,-0.18107519999999128,0.1254752,5.0,sniper_dirty,0.001,-0.3065503999999913
2025-10,B_n_5x50,all_dirty,combined_vs_pure_sniper_top3_sltp,10,508262,510162,1,124786.2,124744.3,221.50000000001455,2215.0000000001455,inv,2049.0,-0.16668619999999418,0.1247862,5.0,sniper_dirty,0.001,-0.2914723999999942
2025-10,B_n_5x50,all_dirty,combined_vs_pure_sniper_top3_sltp,11,533259,534323,1,124309.8,124241.5,373.0000000000291,3730.000000000291,inv,1087.0,-0.19260980000000294,0.12430980000000001,5.0,sniper_dirty,0.001,-0.31691960000000297
2025-10,B_n_5x50,all_dirty,combined_vs_pure_sniper_top3_sltp,12,560355,560369,-1,124575.2,124675.2,100.0,1000.0,sl,14.0,-0.2245752,0.1245752,5.0,sniper_dirty,0.001,-0.34915039999999997
2025-10,B_n_5x50,all_dirty,combined_vs_pure_sniper_top3_sltp,13,647635,647689,-1,122734.0,122821.2,483.49999999998545,4834.9999999998545,inv,54.0,-0.2099339999999971,0.12273400000000001,5.0,sniper_dirty,0.001,-0.3326679999999971
2025-10,B_n_5x50,all_dirty,combined_vs_pure_sniper_top3_sltp,14,652543,652591,1,122327.2,122256.6,394.4999999999709,3944.999999999709,inv,51.0,-0.19292719999999128,0.12232720000000001,5.0,sniper_dirty,0.001,-0.3152543999999913
2025-10,B_n_5x50,all_dirty,combined_vs_pure_sniper_top3_sltp,15,649109,656903,-1,122383.0,122986.49999999999,603.4999999999854,6034.9999999998545,sl,7908.0,-0.7258829999999855,0.12238299999999999,5.0,sniper_dirty,0.001,-0.8482659999999855
2025-10,B_n_5x50,all_dirty,combined_vs_pure_sniper_top3_sltp,16,664391,664399,-1,123560.5,123592.5,210.99999999998545,2109.9999999998545,inv,8.0,-0.1555605,0.1235605,5.0,sniper_dirty,0.001,-0.279121
2025-10,B_n_5x50,all_dirty,combined_vs_pure_sniper_top3_sltp,17,727988,727990,-1,123255.5,123281.6,127.5,1275.0,inv,2.0,-0.14935550000000583,0.1232555,5.0,sniper_dirty,0.001,-0.2726110000000058
2025-10,B_n_5x50,all_dirty,combined_vs_pure_sniper_top3_sltp,18,738269,739021,1,121140.5,121120.6,133.9999999999418,1339.999999999418,inv,757.0,-0.14104049999999418,0.12114050000000001,5.0,sniper_dirty,0.001,-0.2621809999999942
2025-10,B_n_5x50,all_dirty,combined_vs_pure_sniper_top3_sltp,19,746003,749383,-1,120803.6,120859.7,295.99999999998545,2959.9999999998545,inv,3389.0,-0.17690359999999128,0.12080360000000001,5.0,sniper_dirty,0.001,-0.2977071999999913
2025-10,B_n_5x50,all_dirty,combined_vs_pure_sniper_top3_sltp,20,817292,817324,1,121273.5,121248.9,154.50000000004366,1545.0000000004366,inv,33.0,-0.14587350000000582,0.1212735,5.0,sniper_dirty,0.001,-0.2671470000000058
2025-10,B_n_5x50,all_dirty,combined_vs_pure_sniper_top3_sltp,21,815914,819564,-1,121190.6,118875.59999999986,231.50000000001455,2315.0000000001455,tp,3663.0,2.193809400000146,0.12119060000000001,5.0,sniper_dirty,0.001,2.072618800000146
2025-10,B_n_5x50,all_dirty,combined_vs_pure_sniper_top3_sltp,22,824538,824538,1,118493.8,118518.3,232.5,2325.0,inv,0.0,-0.09399380000000002,0.11849380000000001,5.0,sniper_dirty,0.001,-0.21248760000000003
2025-10,B_n_5x50,all_dirty,combined_vs_pure_sniper_top3_sltp,23,834420,834593,-1,116367.2,116680.69999999998,313.49999999998545,3134.9999999998545,sl,173.0,-0.42986719999998546,0.1163672,5.0,sniper_dirty,0.001,-0.5462343999999855
2025-10,B_n_5x50,all_dirty,combined_vs_pure_sniper_top3_sltp,24,835763,835784,-1,116695.0,116724.6,168.0000000000291,1680.000000000291,inv,21.0,-0.14629500000000584,0.11669500000000001,5.0,sniper_dirty,0.001,-0.26299000000000583
2025-10,B_n_5x50,all_dirty,combined_vs_pure_sniper_top3_sltp,25,819396,838832,-1,119468.4,115788.40000000043,367.99999999995634,3679.9999999995634,tp,19460.0,3.5605315999995635,0.1194684,5.0,sniper_dirty,0.001,3.4410631999995633
2025-10,B_n_5x50,all_dirty,combined_vs_pure_sniper_top3_sltp,26,814704,838895,-1,121728.0,115022.99999999971,670.5000000000291,6705.000000000291,tp,24231.0,6.583272000000291,0.12172800000000002,5.0,sniper_dirty,0.001,6.461544000000291
2025-10,B_n_5x50,all_dirty,combined_vs_pure_sniper_top3_sltp,27,1078038,1078089,1,114285.3,114261.2,132.5,1325.0,inv,53.0,-0.13838530000000582,0.1142853,5.0,sniper_dirty,0.001,-0.25267060000000585
2025-10,B_n_5x50,all_dirty,combined_vs_pure_sniper_top3_sltp,28,1209047,1210491,-1,112218.4,112238.0,105.0,1050.0,inv,1479.0,-0.13181840000000583,0.11221840000000001,5.0,sniper_dirty,0.001,-0.24403680000000583
2025-10,B_n_5x50,all_dirty,combined_vs_pure_sniper_top3_sltp,29,1234412,1235615,1,111851.9,111825.4,137.00000000004366,1370.0000000004366,inv,1220.0,-0.1383519,0.1118519,5.0,sniper_dirty,0.001,-0.2502038
2025-10,B_n_5x50,all_dirty,combined_vs_pure_sniper_top3_sltp,30,1391353,1391353,1,105940.6,105932.1,132.99999999995634,1329.9999999995634,inv,0.0,-0.1144406,0.10594060000000001,5.0,sniper_dirty,0.001,-0.2203812
2025-10,B_n_5x50,all_dirty,combined_vs_pure_sniper_top3_sltp,31,1401968,1402214,-1,104124.8,104388.79999999994,263.9999999999418,2639.999999999418,sl,246.0,-0.3681247999999418,0.1041248,5.0,sniper_dirty,0.001,-0.4722495999999418
2025-10,B_n_5x50,all_dirty,combined_vs_pure_sniper_top3_sltp,32,1403508,1404103,1,104680.4,104622.1,297.99999999995634,2979.9999999995634,inv,595.0,-0.16298039999998837,0.10468039999999999,5.0,sniper_dirty,0.001,-0.2676607999999884
2025-10,B_n_5x50,all_dirty,combined_vs_pure_sniper_top3_sltp,33,1405603,1409098,1,106169.3,105345.79999999994,823.5000000000582,8235.000000000582,sl,3496.0,-0.9296693000000582,0.10616930000000001,5.0,sniper_dirty,0.001,-1.0358386000000581
2025-10,B_n_5x50,all_dirty,combined_vs_pure_sniper_top3_sltp,34,1408696,1412918,-1,105719.1,105860.2,711.9999999999709,7119.999999999709,inv,4224.0,-0.24681909999999127,0.10571910000000001,5.0,sniper_dirty,0.001,-0.35253819999999125
2025-10,B_n_5x50,all_dirty,combined_vs_pure_sniper_top3_sltp,35,1413463,1413871,-1,105217.0,105557.50000000003,340.5000000000291,3405.000000000291,sl,408.0,-0.4457170000000291,0.105217,5.0,sniper_dirty,0.001,-0.5509340000000291
2025-10,B_n_5x50,all_dirty,combined_vs_pure_sniper_top3_sltp,36,1417166,1417457,1,105537.7,105459.9,508.0000000000291,5080.000000000291,inv,291.0,-0.1833377000000029,0.1055377,5.0,sniper_dirty,0.001,-0.2888754000000029
2025-10,B_n_5x50,all_dirty,combined_vs_pure_sniper_top3_sltp,37,1402578,1421616,1,104318.5,106958.50000000015,264.00000000001455,2640.0000000001455,tp,19042.0,2.5356815000001456,0.10431850000000001,5.0,sniper_dirty,0.001,2.4313630000001454
2025-10,B_n_5x50,all_dirty,combined_vs_pure_sniper_top3_sltp,38,1427301,1427306,1,106482.0,106457.0,172.5,1725.0,inv,5.0,-0.13148200000000002,0.10648200000000001,5.0,sniper_dirty,0.001,-0.237964
2025-10,B_n_5x50,all_dirty,combined_vs_pure_sniper_top3_sltp,39,1427471,1428208,-1,106331.6,106433.10000000002,101.50000000001455,1015.0000000001455,sl,737.0,-0.20783160000001455,0.10633160000000001,5.0,sniper_dirty,0.001,-0.3141632000000146
2025-10,B_n_5x50,all_dirty,combined_vs_pure_sniper_top3_sltp,40,1766986,1782242,-1,112063.9,109798.89999999985,226.50000000001455,2265.0000000001455,tp,15474.0,2.152936100000146,0.1120639,5.0,sniper_dirty,0.001,2.040872200000146
2025-10,B_n_5x50,all_dirty,combined_vs_pure_sniper_top3_sltp,41,1830251,1862675,1,107458.2,107082.20000000001,375.99999999998545,3759.9999999998545,sl,32742.0,-0.48345819999998546,0.1074582,5.0,sniper_dirty,0.001,-0.5909163999999855
2025-10,B_n_5x50,all_dirty,combined_vs_pure_sniper_top3_sltp,42,2171523,2172488,-1,113504.1,113727.09999999996,222.99999999995634,2229.9999999995634,sl,967.0,-0.33650409999995634,0.11350410000000001,5.0,sniper_dirty,0.001,-0.45000819999995634
2025-10,B_n_5x50,all_dirty,combined_vs_pure_sniper_top3_sltp,43,2231913,2239006,1,115576.7,115388.20000000001,188.49999999998545,1884.9999999998545,sl,7109.0,-0.30407669999998543,0.1155767,5.0,sniper_dirty,0.001,-0.4196533999999854
2025-10,B_n_5x50,all_dirty,combined_vs_pure_sniper_top3_sltp,44,2344507,2346753,1,115448.4,115220.39999999997,228.0000000000291,2280.000000000291,sl,2246.0,-0.3434484000000291,0.11544839999999999,5.0,sniper_dirty,0.001,-0.4588968000000291
2025-10,B_n_5x50,all_dirty,combined_vs_pure_sniper_top3_sltp,45,2344870,2346803,1,115367.5,115029.00000000001,338.49999999998545,3384.9999999998545,sl,1933.0,-0.4538674999999855,0.11536750000000001,5.0,sniper_dirty,0.001,-0.5692349999999855
2025-10,B_n_5x50,all_dirty,combined_vs_pure_sniper_top3_sltp,46,2352332,2353192,-1,114726.7,114990.20000000006,263.5000000000582,2635.000000000582,sl,873.0,-0.3782267000000582,0.1147267,5.0,sniper_dirty,0.001,-0.4929534000000582
2025-10,B_n_5x50,all_dirty,combined_vs_pure_sniper_top3_sltp,47,2353261,2353341,-1,115014.8,115072.6,302.00000000004366,3020.0000000004366,inv,80.0,-0.17281480000000293,0.11501480000000001,5.0,sniper_dirty,0.001,-0.28782960000000296
2025-10,B_n_5x50,all_dirty,combined_vs_pure_sniper_top3_sltp,48,2359094,2360125,1,115188.0,115099.4,524.5000000000437,5245.000000000437,inv,1033.0,-0.20378800000000583,0.115188,5.0,sniper_dirty,0.001,-0.3189760000000058
2025-10,B_n_5x50,all_dirty,combined_vs_pure_sniper_top3_sltp,49,2364437,2366990,-1,113974.6,112474.6,150.0,1500.0,tp,2556.0,1.3860254,0.11397460000000001,5.0,sniper_dirty,0.001,1.2720508000000001
2025-10,B_n_5x50,all_dirty,combined_vs_pure_sniper_top3_sltp,50,2370593,2370629,1,112571.9,112527.4,243.5000000000582,2435.000000000582,inv,36.0,-0.1570719,0.1125719,5.0,sniper_dirty,0.001,-0.2696438
2025-10,B_n_5x50,all_dirty,combined_vs_pure_sniper_top3_sltp,51,2373813,2374077,-1,112866.6,112889.8,119.00000000001455,1190.0000000001455,inv,266.0,-0.1360665999999971,0.11286660000000001,5.0,sniper_dirty,0.001,-0.2489331999999971
2025-10,B_n_5x50,all_dirty,combined_vs_pure_sniper_top3_sltp,52,2383478,2383497,1,112500.7,112473.9,201.0000000000582,2010.000000000582,inv,19.0,-0.1393007000000029,0.1125007,5.0,sniper_dirty,0.001,-0.2518014000000029
2025-10,B_n_5x50,all_dirty,combined_vs_pure_sniper_top3_sltp,53,2447764,2447860,-1,110869.3,110997.30000000003,128.0000000000291,1280.000000000291,sl,96.0,-0.23886930000002915,0.11086930000000002,5.0,sniper_dirty,0.001,-0.34973860000002915
2025-10,B_n_5x50,all_dirty,combined_vs_pure_sniper_top3_sltp,54,2452832,2462064,1,111150.6,110893.1,257.5,2575.0,sl,9451.0,-0.36865060000000005,0.11115060000000002,5.0,sniper_dirty,0.001,-0.47980120000000004
2025-10,B_n_5x50,all_dirty,combined_vs_pure_sniper_top3_sltp,55,2469713,2480417,1,110400.0,109800.99999999999,599.0000000000146,5990.0000000001455,sl,11030.0,-0.7094000000000146,0.11040000000000001,5.0,sniper_dirty,0.001,-0.8198000000000146
2025-10,B_n_5x50,all_dirty,combined_vs_pure_sniper_top3_sltp,56,2484747,2484824,-1,108953.2,109081.19999999995,127.99999999995634,1279.9999999995634,sl,78.0,-0.23695319999995634,0.1089532,5.0,sniper_dirty,0.001,-0.3459063999999563
2025-10,B_n_5x50,all_dirty,combined_vs_pure_sniper_top3_sltp,57,2436506,2514002,-1,111634.7,107809.7,382.5,3825.0,tp,78305.0,3.7133653,0.1116347,5.0,sniper_dirty,0.001,3.6017306
2025-10,B_n_5x50,all_dirty,combined_vs_pure_sniper_top3_sltp,58,2516441,2516580,-1,107920.3,107938.5,157.5,1575.0,inv,139.0,-0.1261202999999971,0.10792030000000001,5.0,sniper_dirty,0.001,-0.2340405999999971
2025-10,B_n_5x50,all_dirty,combined_vs_pure_sniper_top3_sltp,59,2520483,2522921,-1,107812.0,107972.50000000003,160.5000000000291,1605.000000000291,sl,2438.0,-0.26831200000002914,0.107812,5.0,sniper_dirty,0.001,-0.37612400000002916
2025-10,B_n_5x50,all_dirty,combined_vs_pure_sniper_top3_sltp,60,2534751,2535370,1,106899.1,106768.4,567.0000000000437,5670.000000000437,inv,619.0,-0.23759910000001166,0.10689910000000001,5.0,sniper_dirty,0.001,-0.3444982000000117
2025-10,B_n_5x50,all_dirty,combined_vs_pure_sniper_top3_sltp,61,2531869,2540014,-1,107062.2,107545.69999999998,483.49999999998545,4834.9999999998545,sl,8155.0,-0.5905621999999855,0.10706220000000001,5.0,sniper_dirty,0.001,-0.6976243999999855
2025-10,B_n_5x50,all_dirty,combined_vs_pure_sniper_top3_sltp,62,2513621,2551871,-1,108347.2,108598.69999999994,251.4999999999418,2514.999999999418,sl,38509.0,-0.35984719999994175,0.1083472,5.0,sniper_dirty,0.001,-0.4681943999999417
2025-10,B_n_5x50,all_dirty,combined_vs_pure_sniper_top3_sltp,63,2561346,2561471,-1,108688.6,108898.6,210.0,2100.0,sl,125.0,-0.3186886,0.10868860000000001,5.0,sniper_dirty,0.001,-0.4273772
2025-10,B_n_5x50,all_dirty,combined_vs_pure_sniper_top3_sltp,64,2600116,2600142,-1,109605.7,109805.20000000004,199.50000000004366,1995.0000000004366,sl,26.0,-0.30910570000004367,0.1096057,5.0,sniper_dirty,0.001,-0.4187114000000437
2025-10,B_n_5x50,all_dirty,combined_vs_pure_sniper_top3_sltp,65,2605447,2606072,1,110800.9,110392.90000000004,407.99999999995634,4079.9999999995634,sl,625.0,-0.5188008999999564,0.11080090000000001,5.0,sniper_dirty,0.001,-0.6296017999999564
2025-10,B_n_5x50,all_dirty,combined_vs_pure_sniper_top3_sltp,66,2613247,2613840,-1,109061.6,109275.60000000002,214.00000000001455,2140.0000000001455,sl,593.0,-0.3230616000000146,0.10906160000000001,5.0,sniper_dirty,0.001,-0.4321232000000146
2025-10,B_n_5x50,all_dirty,combined_vs_pure_sniper_top3_sltp,67,2433613,2635436,-1,112269.6,109557.3,698.4999999999854,6984.9999999998545,eod,204891.0,2.600030400000003,0.11226960000000001,5.0,sniper_dirty,0.001,2.4877608000000033
2025-10,B_n_5x50,all_dirty,combined_vs_pure_sniper_top3_sltp,68,2550448,2635436,1,108154.0,109557.3,541.0000000000582,5410.000000000582,eod,86987.0,1.2951460000000028,0.108154,5.0,sniper_dirty,0.001,1.1869920000000027
2025-10,B_n_5x50,all_dirty,combined_vs_pure_sniper_top3_sltp,69,2608510,2635436,-1,110214.9,109557.3,250.5000000000291,2505.000000000291,eod,28415.0,0.5473850999999913,0.1102149,5.0,sniper_dirty,0.001,0.4371701999999913
2025-10,B_n_7x45,combined,combined_vs_pure_sniper_top3_sltp,0,51485,63900,1,117117.7,116801.99999999996,315.70000000004075,2029.500000000262,sl,12418.0,-0.4328177000000407,0.1171177,5.0,ifvg_clean,0.001,-0.5499354000000407
2025-10,B_n_7x45,combined,combined_vs_pure_sniper_top3_sltp,1,138076,138128,-1,119311.7,119337.0,185.5,1192.5,inv,52.0,-0.14461170000000292,0.1193117,5.0,ifvg_clean,0.001,-0.2639234000000029
2025-10,B_n_7x45,combined,combined_vs_pure_sniper_top3_sltp,2,84502,142558,1,118271.7,119815.20000000013,240.10000000002037,1543.500000000131,tp,58269.0,1.4252283000001311,0.1182717,5.0,ifvg_clean,0.001,1.3069566000001311
2025-10,B_n_7x45,combined,combined_vs_pure_sniper_top3_sltp,3,232020,232542,1,123168.6,122613.49999999999,555.1000000000204,3568.500000000131,sl,522.0,-0.6782686000000204,0.12316860000000002,5.0,ifvg_clean,0.001,-0.8014372000000205
2025-10,B_n_7x45,combined,combined_vs_pure_sniper_top3_sltp,4,434042,446245,1,123800.5,123269.89999999998,530.6000000000204,3411.000000000131,sl,12457.0,-0.6544005000000204,0.12380050000000001,5.0,ifvg_clean,0.001,-0.7782010000000203
2025-10,B_n_7x45,combined,combined_vs_pure_sniper_top3_sltp,5,479571,479817,1,124917.7,124678.99999999996,238.70000000004075,1534.500000000262,sl,246.0,-0.36361770000004073,0.12491769999999999,5.0,ifvg_clean,0.001,-0.4885354000000407
2025-10,B_n_7x45,combined,combined_vs_pure_sniper_top3_sltp,6,484086,484904,1,125111.8,124772.3,339.5,2182.5,sl,821.0,-0.4646118,0.1251118,5.0,ifvg_clean,0.001,-0.5897236
2025-10,B_n_7x45,combined,combined_vs_pure_sniper_top3_sltp,7,489759,489763,-1,125489.2,125514.6,211.4000000000815,1359.0000000005239,inv,4.0,-0.15088920000000872,0.1254892,5.0,ifvg_clean,0.001,-0.2763784000000087
2025-10,B_n_7x45,combined,combined_vs_pure_sniper_top3_sltp,8,489989,494682,-1,125591.9,125630.6,294.0,1890.0,inv,4727.0,-0.16429190000001165,0.1255919,5.0,ifvg_clean,0.001,-0.2898838000000117
2025-10,B_n_7x45,combined,combined_vs_pure_sniper_top3_sltp,9,499339,499464,1,125475.2,125419.6,385.0,2475.0,inv,126.0,-0.18107519999999128,0.1254752,5.0,ifvg_clean,0.001,-0.3065503999999913
2025-10,B_n_7x45,combined,combined_vs_pure_sniper_top3_sltp,10,508262,510162,1,124786.2,124744.3,310.1000000000204,1993.500000000131,inv,2049.0,-0.16668619999999418,0.1247862,5.0,ifvg_clean,0.001,-0.2914723999999942
2025-10,B_n_7x45,combined,combined_vs_pure_sniper_top3_sltp,11,533259,534323,1,124309.8,124241.5,522.2000000000407,3357.000000000262,inv,1087.0,-0.19260980000000294,0.12430980000000001,5.0,ifvg_clean,0.001,-0.31691960000000297
2025-10,B_n_7x45,combined,combined_vs_pure_sniper_top3_sltp,12,560355,560859,-1,124575.2,123675.2,140.0,900.0,tp,504.0,0.7754248,0.1245752,5.0,ifvg_clean,0.001,0.6508496
2025-10,B_n_7x45,combined,combined_vs_pure_sniper_top3_sltp,13,647635,647689,-1,122734.0,122821.2,676.8999999999796,4351.499999999869,inv,54.0,-0.2099339999999971,0.12273400000000001,5.0,ifvg_clean,0.001,-0.3326679999999971
2025-10,B_n_7x45,combined,combined_vs_pure_sniper_top3_sltp,14,652543,652591,1,122327.2,122256.6,552.2999999999593,3550.499999999738,inv,51.0,-0.19292719999999128,0.12232720000000001,5.0,ifvg_clean,0.001,-0.3152543999999913
2025-10,B_n_7x45,combined,combined_vs_pure_sniper_top3_sltp,15,649109,657943,-1,122383.0,123227.89999999998,844.8999999999796,5431.499999999869,sl,8949.0,-0.9672829999999797,0.12238299999999999,5.0,ifvg_clean,0.001,-1.0896659999999796
2025-10,B_n_7x45,combined,combined_vs_pure_sniper_top3_sltp,16,664391,664399,-1,123560.5,123592.5,295.3999999999796,1898.999999999869,inv,8.0,-0.1555605,0.1235605,5.0,ifvg_clean,0.001,-0.279121
2025-10,B_n_7x45,combined,combined_vs_pure_sniper_top3_sltp,17,727988,727990,-1,123255.5,123281.6,178.5,1147.5,inv,2.0,-0.14935550000000583,0.1232555,5.0,ifvg_clean,0.001,-0.2726110000000058
2025-10,B_n_7x45,combined,combined_vs_pure_sniper_top3_sltp,18,738269,739021,1,121140.5,121120.6,187.5999999999185,1205.9999999994761,inv,757.0,-0.14104049999999418,0.12114050000000001,5.0,ifvg_clean,0.001,-0.2621809999999942
2025-10,B_n_7x45,combined,combined_vs_pure_sniper_top3_sltp,19,746003,749383,-1,120803.6,120859.7,414.3999999999796,2663.999999999869,inv,3389.0,-0.17690359999999128,0.12080360000000001,5.0,ifvg_clean,0.001,-0.2977071999999913
2025-10,B_n_7x45,combined,combined_vs_pure_sniper_top3_sltp,20,817292,817324,1,121273.5,121248.9,216.30000000006112,1390.500000000393,inv,33.0,-0.14587350000000582,0.1212735,5.0,ifvg_clean,0.001,-0.2671470000000058
2025-10,B_n_7x45,combined,combined_vs_pure_sniper_top3_sltp,21,815914,819484,-1,121190.6,119107.09999999987,324.1000000000204,2083.500000000131,tp,3583.0,1.9623094000001309,0.12119060000000001,5.0,ifvg_clean,0.001,1.8411188000001308
2025-10,B_n_7x45,combined,combined_vs_pure_sniper_top3_sltp,22,824538,824538,1,118493.8,118518.3,325.5,2092.5,inv,0.0,-0.09399380000000002,0.11849380000000001,5.0,ifvg_clean,0.001,-0.21248760000000003
2025-10,B_n_7x45,combined,combined_vs_pure_sniper_top3_sltp,23,819396,833373,-1,119468.4,116156.40000000039,515.1999999999389,3311.999999999607,tp,13981.0,3.192531599999607,0.1194684,5.0,ifvg_clean,0.001,3.073063199999607
2025-10,B_n_7x45,combined,combined_vs_pure_sniper_top3_sltp,24,834420,834681,-1,116367.2,116806.09999999998,438.8999999999796,2821.499999999869,sl,261.0,-0.5552671999999796,0.1163672,5.0,ifvg_clean,0.001,-0.6716343999999796
2025-10,B_n_7x45,combined,combined_vs_pure_sniper_top3_sltp,25,835763,835784,-1,116695.0,116724.6,235.20000000004075,1512.000000000262,inv,21.0,-0.14629500000000584,0.11669500000000001,5.0,ifvg_clean,0.001,-0.26299000000000583
2025-10,B_n_7x45,combined,combined_vs_pure_sniper_top3_sltp,26,814704,838833,-1,121728.0,115693.49999999974,938.7000000000407,6034.500000000262,tp,24169.0,5.912772000000262,0.12172800000000002,5.0,ifvg_clean,0.001,5.791044000000262
2025-10,B_n_7x45,combined,combined_vs_pure_sniper_top3_sltp,27,1078038,1078089,1,114285.3,114261.2,185.5,1192.5,inv,53.0,-0.13838530000000582,0.1142853,5.0,ifvg_clean,0.001,-0.25267060000000585
2025-10,B_n_7x45,combined,combined_vs_pure_sniper_top3_sltp,28,1209047,1210491,-1,112218.4,112238.0,147.0,945.0,inv,1479.0,-0.13181840000000583,0.11221840000000001,5.0,ifvg_clean,0.001,-0.24403680000000583
2025-10,B_n_7x45,combined,combined_vs_pure_sniper_top3_sltp,29,1234412,1235615,1,111851.9,111825.4,191.80000000006112,1233.000000000393,inv,1220.0,-0.1383519,0.1118519,5.0,ifvg_clean,0.001,-0.2502038
2025-10,B_n_7x45,combined,combined_vs_pure_sniper_top3_sltp,30,1391353,1391353,1,105940.6,105932.1,186.19999999993888,1196.999999999607,inv,0.0,-0.1144406,0.10594060000000001,5.0,ifvg_clean,0.001,-0.2203812
2025-10,B_n_7x45,combined,combined_vs_pure_sniper_top3_sltp,31,1401968,1402829,-1,104124.8,104494.39999999992,369.5999999999185,2375.999999999476,sl,861.0,-0.4737247999999185,0.1041248,5.0,ifvg_clean,0.001,-0.5778495999999185
2025-10,B_n_7x45,combined,combined_vs_pure_sniper_top3_sltp,32,1403508,1404103,1,104680.4,104622.1,417.1999999999389,2681.999999999607,inv,595.0,-0.16298039999998837,0.10468039999999999,5.0,ifvg_clean,0.001,-0.2676607999999884
2025-10,B_n_7x45,combined,combined_vs_pure_sniper_top3_sltp,33,1405603,1411558,1,106169.3,105016.39999999992,1152.9000000000815,7411.500000000524,sl,5957.0,-1.2590693000000814,0.10616930000000001,5.0,ifvg_clean,0.001,-1.3652386000000813
2025-10,B_n_7x45,combined,combined_vs_pure_sniper_top3_sltp,34,1408696,1412918,-1,105719.1,105860.2,996.7999999999593,6407.999999999738,inv,4224.0,-0.24681909999999127,0.10571910000000001,5.0,ifvg_clean,0.001,-0.35253819999999125
2025-10,B_n_7x45,combined,combined_vs_pure_sniper_top3_sltp,35,1413463,1413948,-1,105217.0,105693.70000000004,476.70000000004075,3064.500000000262,sl,485.0,-0.5819170000000408,0.105217,5.0,ifvg_clean,0.001,-0.6871340000000408
2025-10,B_n_7x45,combined,combined_vs_pure_sniper_top3_sltp,36,1417166,1417457,1,105537.7,105459.9,711.2000000000407,4572.000000000262,inv,291.0,-0.1833377000000029,0.1055377,5.0,ifvg_clean,0.001,-0.2888754000000029
2025-10,B_n_7x45,combined,combined_vs_pure_sniper_top3_sltp,37,1402578,1421521,1,104318.5,106694.50000000013,369.6000000000204,2376.000000000131,tp,18946.0,2.2716815000001307,0.10431850000000001,5.0,ifvg_clean,0.001,2.1673630000001305
2025-10,B_n_7x45,combined,combined_vs_pure_sniper_top3_sltp,38,1427301,1427306,1,106482.0,106457.0,241.5,1552.5,inv,5.0,-0.13148200000000002,0.10648200000000001,5.0,ifvg_clean,0.001,-0.237964
2025-10,B_n_7x45,combined,combined_vs_pure_sniper_top3_sltp,39,1427471,1428416,-1,106331.6,106473.70000000003,142.10000000002037,913.500000000131,sl,947.0,-0.2484316000000204,0.10633160000000001,5.0,ifvg_clean,0.001,-0.35476320000002043
2025-10,B_n_7x45,combined,combined_vs_pure_sniper_top3_sltp,40,1766986,1778338,-1,112063.9,110025.39999999986,317.1000000000204,2038.500000000131,tp,11492.0,1.926436100000131,0.1120639,5.0,ifvg_clean,0.001,1.8143722000001312
2025-10,B_n_7x45,combined,combined_vs_pure_sniper_top3_sltp,41,1830251,1862675,1,107458.2,106931.80000000002,526.3999999999796,3383.999999999869,sl,32742.0,-0.6338581999999797,0.1074582,5.0,ifvg_clean,0.001,-0.7413163999999797
2025-10,B_n_7x45,combined,combined_vs_pure_sniper_top3_sltp,42,2171523,2172499,-1,113504.1,113816.29999999994,312.1999999999389,2006.999999999607,sl,978.0,-0.4257040999999389,0.11350410000000001,5.0,ifvg_clean,0.001,-0.539208199999939
2025-10,B_n_7x45,combined,combined_vs_pure_sniper_top3_sltp,43,2231913,2239051,1,115576.7,115312.80000000002,263.8999999999796,1696.499999999869,sl,7154.0,-0.3794766999999797,0.1155767,5.0,ifvg_clean,0.001,-0.49505339999997966
2025-10,B_n_7x45,combined,combined_vs_pure_sniper_top3_sltp,44,2344507,2346780,1,115448.4,115129.19999999995,319.20000000004075,2052.000000000262,sl,2273.0,-0.43464840000004074,0.11544839999999999,5.0,ifvg_clean,0.001,-0.5500968000000407
2025-10,B_n_7x45,combined,combined_vs_pure_sniper_top3_sltp,45,2344870,2346918,1,115367.5,114893.60000000002,473.8999999999796,3046.499999999869,sl,2048.0,-0.5892674999999796,0.11536750000000001,5.0,ifvg_clean,0.001,-0.7046349999999797
2025-10,B_n_7x45,combined,combined_vs_pure_sniper_top3_sltp,46,2352332,2353226,-1,114726.7,115095.60000000008,368.9000000000815,2371.500000000524,sl,907.0,-0.4836267000000815,0.1147267,5.0,ifvg_clean,0.001,-0.5983534000000815
2025-10,B_n_7x45,combined,combined_vs_pure_sniper_top3_sltp,47,2353261,2353341,-1,115014.8,115072.6,422.8000000000611,2718.000000000393,inv,80.0,-0.17281480000000293,0.11501480000000001,5.0,ifvg_clean,0.001,-0.28782960000000296
2025-10,B_n_7x45,combined,combined_vs_pure_sniper_top3_sltp,48,2359094,2360125,1,115188.0,115099.4,734.3000000000611,4720.500000000393,inv,1033.0,-0.20378800000000583,0.115188,5.0,ifvg_clean,0.001,-0.3189760000000058
2025-10,B_n_7x45,combined,combined_vs_pure_sniper_top3_sltp,49,2364437,2366823,-1,113974.6,112624.6,210.0,1350.0,tp,2389.0,1.2360254000000002,0.11397460000000001,5.0,ifvg_clean,0.001,1.1220508000000002
2025-10,B_n_7x45,combined,combined_vs_pure_sniper_top3_sltp,50,2370593,2370629,1,112571.9,112527.4,340.9000000000815,2191.500000000524,inv,36.0,-0.1570719,0.1125719,5.0,ifvg_clean,0.001,-0.2696438
2025-10,B_n_7x45,combined,combined_vs_pure_sniper_top3_sltp,51,2373813,2374077,-1,112866.6,112889.8,166.60000000002037,1071.000000000131,inv,266.0,-0.1360665999999971,0.11286660000000001,5.0,ifvg_clean,0.001,-0.2489331999999971
2025-10,B_n_7x45,combined,combined_vs_pure_sniper_top3_sltp,52,2383478,2383497,1,112500.7,112473.9,281.4000000000815,1809.0000000005239,inv,19.0,-0.1393007000000029,0.1125007,5.0,ifvg_clean,0.001,-0.2518014000000029
2025-10,B_n_7x45,combined,combined_vs_pure_sniper_top3_sltp,53,2447764,2447871,-1,110869.3,111048.50000000004,179.20000000004075,1152.000000000262,sl,107.0,-0.2900693000000408,0.11086930000000002,5.0,ifvg_clean,0.001,-0.4009386000000408
2025-10,B_n_7x45,combined,combined_vs_pure_sniper_top3_sltp,54,2452832,2462351,1,111150.6,110790.1,360.5,2317.5,sl,9738.0,-0.47165060000000003,0.11115060000000002,5.0,ifvg_clean,0.001,-0.5828012
2025-10,B_n_7x45,combined,combined_vs_pure_sniper_top3_sltp,55,2469713,2480925,1,110400.0,109561.39999999998,838.6000000000204,5391.000000000131,sl,11538.0,-0.9490000000000205,0.11040000000000001,5.0,ifvg_clean,0.001,-1.0594000000000205
2025-10,B_n_7x45,combined,combined_vs_pure_sniper_top3_sltp,56,2436506,2481194,-1,111634.7,108192.2,535.5,3442.5,tp,45296.0,3.3308652999999997,0.1116347,5.0,ifvg_clean,0.001,3.2192305999999995
2025-10,B_n_7x45,combined,combined_vs_pure_sniper_top3_sltp,57,2484747,2484828,-1,108953.2,109132.39999999994,179.19999999993888,1151.999999999607,sl,82.0,-0.2881531999999389,0.1089532,5.0,ifvg_clean,0.001,-0.3971063999999389
2025-10,B_n_7x45,combined,combined_vs_pure_sniper_top3_sltp,58,2516441,2516580,-1,107920.3,107938.5,220.5,1417.5,inv,139.0,-0.1261202999999971,0.10792030000000001,5.0,ifvg_clean,0.001,-0.2340405999999971
2025-10,B_n_7x45,combined,combined_vs_pure_sniper_top3_sltp,59,2520483,2523165,-1,107812.0,108036.70000000004,224.70000000004075,1444.500000000262,sl,2682.0,-0.3325120000000408,0.107812,5.0,ifvg_clean,0.001,-0.4403240000000408
2025-10,B_n_7x45,combined,combined_vs_pure_sniper_top3_sltp,60,2534751,2535370,1,106899.1,106768.4,793.8000000000611,5103.000000000393,inv,619.0,-0.23759910000001166,0.10689910000000001,5.0,ifvg_clean,0.001,-0.3444982000000117
2025-10,B_n_7x45,combined,combined_vs_pure_sniper_top3_sltp,61,2531869,2542913,-1,107062.2,107739.09999999998,676.8999999999796,4351.499999999869,sl,11070.0,-0.7839621999999796,0.10706220000000001,5.0,ifvg_clean,0.001,-0.8910243999999796
2025-10,B_n_7x45,combined,combined_vs_pure_sniper_top3_sltp,62,2513621,2553724,-1,108347.2,108699.29999999992,352.0999999999185,2263.499999999476,sl,40382.0,-0.46044719999991857,0.1083472,5.0,ifvg_clean,0.001,-0.5687943999999185
2025-10,B_n_7x45,combined,combined_vs_pure_sniper_top3_sltp,63,2561346,2562262,-1,108688.6,108982.6,294.0,1890.0,sl,916.0,-0.4026886,0.10868860000000001,5.0,ifvg_clean,0.001,-0.5113772
2025-10,B_n_7x45,combined,combined_vs_pure_sniper_top3_sltp,64,2600116,2600203,-1,109605.7,109885.00000000006,279.3000000000611,1795.500000000393,sl,87.0,-0.3889057000000611,0.1096057,5.0,ifvg_clean,0.001,-0.4985114000000611
2025-10,B_n_7x45,combined,combined_vs_pure_sniper_top3_sltp,65,2605447,2606815,1,110800.9,110229.70000000006,571.1999999999389,3671.999999999607,sl,1369.0,-0.6820008999999388,0.11080090000000001,5.0,ifvg_clean,0.001,-0.7928017999999388
2025-10,B_n_7x45,combined,combined_vs_pure_sniper_top3_sltp,66,2613247,2614485,-1,109061.6,109361.20000000003,299.6000000000204,1926.000000000131,sl,1239.0,-0.4086616000000204,0.10906160000000001,5.0,ifvg_clean,0.001,-0.5177232000000204
2025-10,B_n_7x45,combined,combined_vs_pure_sniper_top3_sltp,67,2433613,2635436,-1,112269.6,109557.3,977.8999999999796,6286.499999999869,eod,204891.0,2.600030400000003,0.11226960000000001,5.0,ifvg_clean,0.001,2.4877608000000033
2025-10,B_n_7x45,combined,combined_vs_pure_sniper_top3_sltp,68,2550448,2635436,1,108154.0,109557.3,757.4000000000815,4869.000000000524,eod,86987.0,1.2951460000000028,0.108154,5.0,ifvg_clean,0.001,1.1869920000000027
2025-10,B_n_7x45,combined,combined_vs_pure_sniper_top3_sltp,69,2608510,2635436,-1,110214.9,109557.3,350.70000000004075,2254.500000000262,eod,28415.0,0.5473850999999913,0.1102149,5.0,ifvg_clean,0.001,0.4371701999999913
2025-10,B_n_7x45,all_clean,combined_vs_pure_sniper_top3_sltp,0,51485,63900,1,117117.7,116801.99999999996,315.70000000004075,2029.500000000262,sl,12418.0,-0.4328177000000407,0.1171177,5.0,ifvg_clean,0.001,-0.5499354000000407
2025-10,B_n_7x45,all_clean,combined_vs_pure_sniper_top3_sltp,1,138076,138128,-1,119311.7,119337.0,185.5,1192.5,inv,52.0,-0.14461170000000292,0.1193117,5.0,ifvg_clean,0.001,-0.2639234000000029
2025-10,B_n_7x45,all_clean,combined_vs_pure_sniper_top3_sltp,2,84502,142558,1,118271.7,119815.20000000013,240.10000000002037,1543.500000000131,tp,58269.0,1.4252283000001311,0.1182717,5.0,ifvg_clean,0.001,1.3069566000001311
2025-10,B_n_7x45,all_clean,combined_vs_pure_sniper_top3_sltp,3,232020,232542,1,123168.6,122613.49999999999,555.1000000000204,3568.500000000131,sl,522.0,-0.6782686000000204,0.12316860000000002,5.0,ifvg_clean,0.001,-0.8014372000000205
2025-10,B_n_7x45,all_clean,combined_vs_pure_sniper_top3_sltp,4,434042,446245,1,123800.5,123269.89999999998,530.6000000000204,3411.000000000131,sl,12457.0,-0.6544005000000204,0.12380050000000001,5.0,ifvg_clean,0.001,-0.7782010000000203
2025-10,B_n_7x45,all_clean,combined_vs_pure_sniper_top3_sltp,5,479571,479817,1,124917.7,124678.99999999996,238.70000000004075,1534.500000000262,sl,246.0,-0.36361770000004073,0.12491769999999999,5.0,ifvg_clean,0.001,-0.4885354000000407
2025-10,B_n_7x45,all_clean,combined_vs_pure_sniper_top3_sltp,6,484086,484904,1,125111.8,124772.3,339.5,2182.5,sl,821.0,-0.4646118,0.1251118,5.0,ifvg_clean,0.001,-0.5897236
2025-10,B_n_7x45,all_clean,combined_vs_pure_sniper_top3_sltp,7,489759,489763,-1,125489.2,125514.6,211.4000000000815,1359.0000000005239,inv,4.0,-0.15088920000000872,0.1254892,5.0,ifvg_clean,0.001,-0.2763784000000087
2025-10,B_n_7x45,all_clean,combined_vs_pure_sniper_top3_sltp,8,489989,494682,-1,125591.9,125630.6,294.0,1890.0,inv,4727.0,-0.16429190000001165,0.1255919,5.0,ifvg_clean,0.001,-0.2898838000000117
2025-10,B_n_7x45,all_clean,combined_vs_pure_sniper_top3_sltp,9,499339,499464,1,125475.2,125419.6,385.0,2475.0,inv,126.0,-0.18107519999999128,0.1254752,5.0,ifvg_clean,0.001,-0.3065503999999913
2025-10,B_n_7x45,all_clean,combined_vs_pure_sniper_top3_sltp,10,508262,510162,1,124786.2,124744.3,310.1000000000204,1993.500000000131,inv,2049.0,-0.16668619999999418,0.1247862,5.0,ifvg_clean,0.001,-0.2914723999999942
2025-10,B_n_7x45,all_clean,combined_vs_pure_sniper_top3_sltp,11,533259,534323,1,124309.8,124241.5,522.2000000000407,3357.000000000262,inv,1087.0,-0.19260980000000294,0.12430980000000001,5.0,ifvg_clean,0.001,-0.31691960000000297
2025-10,B_n_7x45,all_clean,combined_vs_pure_sniper_top3_sltp,12,560355,560859,-1,124575.2,123675.2,140.0,900.0,tp,504.0,0.7754248,0.1245752,5.0,ifvg_clean,0.001,0.6508496
2025-10,B_n_7x45,all_clean,combined_vs_pure_sniper_top3_sltp,13,647635,647689,-1,122734.0,122821.2,676.8999999999796,4351.499999999869,inv,54.0,-0.2099339999999971,0.12273400000000001,5.0,ifvg_clean,0.001,-0.3326679999999971
2025-10,B_n_7x45,all_clean,combined_vs_pure_sniper_top3_sltp,14,652543,652591,1,122327.2,122256.6,552.2999999999593,3550.499999999738,inv,51.0,-0.19292719999999128,0.12232720000000001,5.0,ifvg_clean,0.001,-0.3152543999999913
2025-10,B_n_7x45,all_clean,combined_vs_pure_sniper_top3_sltp,15,649109,657943,-1,122383.0,123227.89999999998,844.8999999999796,5431.499999999869,sl,8949.0,-0.9672829999999797,0.12238299999999999,5.0,ifvg_clean,0.001,-1.0896659999999796
2025-10,B_n_7x45,all_clean,combined_vs_pure_sniper_top3_sltp,16,664391,664399,-1,123560.5,123592.5,295.3999999999796,1898.999999999869,inv,8.0,-0.1555605,0.1235605,5.0,ifvg_clean,0.001,-0.279121
2025-10,B_n_7x45,all_clean,combined_vs_pure_sniper_top3_sltp,17,727988,727990,-1,123255.5,123281.6,178.5,1147.5,inv,2.0,-0.14935550000000583,0.1232555,5.0,ifvg_clean,0.001,-0.2726110000000058
2025-10,B_n_7x45,all_clean,combined_vs_pure_sniper_top3_sltp,18,738269,739021,1,121140.5,121120.6,187.5999999999185,1205.9999999994761,inv,757.0,-0.14104049999999418,0.12114050000000001,5.0,ifvg_clean,0.001,-0.2621809999999942
2025-10,B_n_7x45,all_clean,combined_vs_pure_sniper_top3_sltp,19,746003,749383,-1,120803.6,120859.7,414.3999999999796,2663.999999999869,inv,3389.0,-0.17690359999999128,0.12080360000000001,5.0,ifvg_clean,0.001,-0.2977071999999913
2025-10,B_n_7x45,all_clean,combined_vs_pure_sniper_top3_sltp,20,817292,817324,1,121273.5,121248.9,216.30000000006112,1390.500000000393,inv,33.0,-0.14587350000000582,0.1212735,5.0,ifvg_clean,0.001,-0.2671470000000058
2025-10,B_n_7x45,all_clean,combined_vs_pure_sniper_top3_sltp,21,815914,819484,-1,121190.6,119107.09999999987,324.1000000000204,2083.500000000131,tp,3583.0,1.9623094000001309,0.12119060000000001,5.0,ifvg_clean,0.001,1.8411188000001308
2025-10,B_n_7x45,all_clean,combined_vs_pure_sniper_top3_sltp,22,824538,824538,1,118493.8,118518.3,325.5,2092.5,inv,0.0,-0.09399380000000002,0.11849380000000001,5.0,ifvg_clean,0.001,-0.21248760000000003
2025-10,B_n_7x45,all_clean,combined_vs_pure_sniper_top3_sltp,23,819396,833373,-1,119468.4,116156.40000000039,515.1999999999389,3311.999999999607,tp,13981.0,3.192531599999607,0.1194684,5.0,ifvg_clean,0.001,3.073063199999607
2025-10,B_n_7x45,all_clean,combined_vs_pure_sniper_top3_sltp,24,834420,834681,-1,116367.2,116806.09999999998,438.8999999999796,2821.499999999869,sl,261.0,-0.5552671999999796,0.1163672,5.0,ifvg_clean,0.001,-0.6716343999999796
2025-10,B_n_7x45,all_clean,combined_vs_pure_sniper_top3_sltp,25,835763,835784,-1,116695.0,116724.6,235.20000000004075,1512.000000000262,inv,21.0,-0.14629500000000584,0.11669500000000001,5.0,ifvg_clean,0.001,-0.26299000000000583
2025-10,B_n_7x45,all_clean,combined_vs_pure_sniper_top3_sltp,26,814704,838833,-1,121728.0,115693.49999999974,938.7000000000407,6034.500000000262,tp,24169.0,5.912772000000262,0.12172800000000002,5.0,ifvg_clean,0.001,5.791044000000262
2025-10,B_n_7x45,all_clean,combined_vs_pure_sniper_top3_sltp,27,1078038,1078089,1,114285.3,114261.2,185.5,1192.5,inv,53.0,-0.13838530000000582,0.1142853,5.0,ifvg_clean,0.001,-0.25267060000000585
2025-10,B_n_7x45,all_clean,combined_vs_pure_sniper_top3_sltp,28,1209047,1210491,-1,112218.4,112238.0,147.0,945.0,inv,1479.0,-0.13181840000000583,0.11221840000000001,5.0,ifvg_clean,0.001,-0.24403680000000583
2025-10,B_n_7x45,all_clean,combined_vs_pure_sniper_top3_sltp,29,1234412,1235615,1,111851.9,111825.4,191.80000000006112,1233.000000000393,inv,1220.0,-0.1383519,0.1118519,5.0,ifvg_clean,0.001,-0.2502038
2025-10,B_n_7x45,all_clean,combined_vs_pure_sniper_top3_sltp,30,1391353,1391353,1,105940.6,105932.1,186.19999999993888,1196.999999999607,inv,0.0,-0.1144406,0.10594060000000001,5.0,ifvg_clean,0.001,-0.2203812
2025-10,B_n_7x45,all_clean,combined_vs_pure_sniper_top3_sltp,31,1401968,1402829,-1,104124.8,104494.39999999992,369.5999999999185,2375.999999999476,sl,861.0,-0.4737247999999185,0.1041248,5.0,ifvg_clean,0.001,-0.5778495999999185
2025-10,B_n_7x45,all_clean,combined_vs_pure_sniper_top3_sltp,32,1403508,1404103,1,104680.4,104622.1,417.1999999999389,2681.999999999607,inv,595.0,-0.16298039999998837,0.10468039999999999,5.0,ifvg_clean,0.001,-0.2676607999999884
2025-10,B_n_7x45,all_clean,combined_vs_pure_sniper_top3_sltp,33,1405603,1411558,1,106169.3,105016.39999999992,1152.9000000000815,7411.500000000524,sl,5957.0,-1.2590693000000814,0.10616930000000001,5.0,ifvg_clean,0.001,-1.3652386000000813
2025-10,B_n_7x45,all_clean,combined_vs_pure_sniper_top3_sltp,34,1408696,1412918,-1,105719.1,105860.2,996.7999999999593,6407.999999999738,inv,4224.0,-0.24681909999999127,0.10571910000000001,5.0,ifvg_clean,0.001,-0.35253819999999125
2025-10,B_n_7x45,all_clean,combined_vs_pure_sniper_top3_sltp,35,1413463,1413948,-1,105217.0,105693.70000000004,476.70000000004075,3064.500000000262,sl,485.0,-0.5819170000000408,0.105217,5.0,ifvg_clean,0.001,-0.6871340000000408
2025-10,B_n_7x45,all_clean,combined_vs_pure_sniper_top3_sltp,36,1417166,1417457,1,105537.7,105459.9,711.2000000000407,4572.000000000262,inv,291.0,-0.1833377000000029,0.1055377,5.0,ifvg_clean,0.001,-0.2888754000000029
2025-10,B_n_7x45,all_clean,combined_vs_pure_sniper_top3_sltp,37,1402578,1421521,1,104318.5,106694.50000000013,369.6000000000204,2376.000000000131,tp,18946.0,2.2716815000001307,0.10431850000000001,5.0,ifvg_clean,0.001,2.1673630000001305
2025-10,B_n_7x45,all_clean,combined_vs_pure_sniper_top3_sltp,38,1427301,1427306,1,106482.0,106457.0,241.5,1552.5,inv,5.0,-0.13148200000000002,0.10648200000000001,5.0,ifvg_clean,0.001,-0.237964
2025-10,B_n_7x45,all_clean,combined_vs_pure_sniper_top3_sltp,39,1427471,1428416,-1,106331.6,106473.70000000003,142.10000000002037,913.500000000131,sl,947.0,-0.2484316000000204,0.10633160000000001,5.0,ifvg_clean,0.001,-0.35476320000002043
2025-10,B_n_7x45,all_clean,combined_vs_pure_sniper_top3_sltp,40,1766986,1778338,-1,112063.9,110025.39999999986,317.1000000000204,2038.500000000131,tp,11492.0,1.926436100000131,0.1120639,5.0,ifvg_clean,0.001,1.8143722000001312
2025-10,B_n_7x45,all_clean,combined_vs_pure_sniper_top3_sltp,41,1830251,1862675,1,107458.2,106931.80000000002,526.3999999999796,3383.999999999869,sl,32742.0,-0.6338581999999797,0.1074582,5.0,ifvg_clean,0.001,-0.7413163999999797
2025-10,B_n_7x45,all_clean,combined_vs_pure_sniper_top3_sltp,42,2171523,2172499,-1,113504.1,113816.29999999994,312.1999999999389,2006.999999999607,sl,978.0,-0.4257040999999389,0.11350410000000001,5.0,ifvg_clean,0.001,-0.539208199999939
2025-10,B_n_7x45,all_clean,combined_vs_pure_sniper_top3_sltp,43,2231913,2239051,1,115576.7,115312.80000000002,263.8999999999796,1696.499999999869,sl,7154.0,-0.3794766999999797,0.1155767,5.0,ifvg_clean,0.001,-0.49505339999997966
2025-10,B_n_7x45,all_clean,combined_vs_pure_sniper_top3_sltp,44,2344507,2346780,1,115448.4,115129.19999999995,319.20000000004075,2052.000000000262,sl,2273.0,-0.43464840000004074,0.11544839999999999,5.0,ifvg_clean,0.001,-0.5500968000000407
2025-10,B_n_7x45,all_clean,combined_vs_pure_sniper_top3_sltp,45,2344870,2346918,1,115367.5,114893.60000000002,473.8999999999796,3046.499999999869,sl,2048.0,-0.5892674999999796,0.11536750000000001,5.0,ifvg_clean,0.001,-0.7046349999999797
2025-10,B_n_7x45,all_clean,combined_vs_pure_sniper_top3_sltp,46,2352332,2353226,-1,114726.7,115095.60000000008,368.9000000000815,2371.500000000524,sl,907.0,-0.4836267000000815,0.1147267,5.0,ifvg_clean,0.001,-0.5983534000000815
2025-10,B_n_7x45,all_clean,combined_vs_pure_sniper_top3_sltp,47,2353261,2353341,-1,115014.8,115072.6,422.8000000000611,2718.000000000393,inv,80.0,-0.17281480000000293,0.11501480000000001,5.0,ifvg_clean,0.001,-0.28782960000000296
2025-10,B_n_7x45,all_clean,combined_vs_pure_sniper_top3_sltp,48,2359094,2360125,1,115188.0,115099.4,734.3000000000611,4720.500000000393,inv,1033.0,-0.20378800000000583,0.115188,5.0,ifvg_clean,0.001,-0.3189760000000058
2025-10,B_n_7x45,all_clean,combined_vs_pure_sniper_top3_sltp,49,2364437,2366823,-1,113974.6,112624.6,210.0,1350.0,tp,2389.0,1.2360254000000002,0.11397460000000001,5.0,ifvg_clean,0.001,1.1220508000000002
2025-10,B_n_7x45,all_clean,combined_vs_pure_sniper_top3_sltp,50,2370593,2370629,1,112571.9,112527.4,340.9000000000815,2191.500000000524,inv,36.0,-0.1570719,0.1125719,5.0,ifvg_clean,0.001,-0.2696438
2025-10,B_n_7x45,all_clean,combined_vs_pure_sniper_top3_sltp,51,2373813,2374077,-1,112866.6,112889.8,166.60000000002037,1071.000000000131,inv,266.0,-0.1360665999999971,0.11286660000000001,5.0,ifvg_clean,0.001,-0.2489331999999971
2025-10,B_n_7x45,all_clean,combined_vs_pure_sniper_top3_sltp,52,2383478,2383497,1,112500.7,112473.9,281.4000000000815,1809.0000000005239,inv,19.0,-0.1393007000000029,0.1125007,5.0,ifvg_clean,0.001,-0.2518014000000029
2025-10,B_n_7x45,all_clean,combined_vs_pure_sniper_top3_sltp,53,2447764,2447871,-1,110869.3,111048.50000000004,179.20000000004075,1152.000000000262,sl,107.0,-0.2900693000000408,0.11086930000000002,5.0,ifvg_clean,0.001,-0.4009386000000408
2025-10,B_n_7x45,all_clean,combined_vs_pure_sniper_top3_sltp,54,2452832,2462351,1,111150.6,110790.1,360.5,2317.5,sl,9738.0,-0.47165060000000003,0.11115060000000002,5.0,ifvg_clean,0.001,-0.5828012
2025-10,B_n_7x45,all_clean,combined_vs_pure_sniper_top3_sltp,55,2469713,2480925,1,110400.0,109561.39999999998,838.6000000000204,5391.000000000131,sl,11538.0,-0.9490000000000205,0.11040000000000001,5.0,ifvg_clean,0.001,-1.0594000000000205
2025-10,B_n_7x45,all_clean,combined_vs_pure_sniper_top3_sltp,56,2436506,2481194,-1,111634.7,108192.2,535.5,3442.5,tp,45296.0,3.3308652999999997,0.1116347,5.0,ifvg_clean,0.001,3.2192305999999995
2025-10,B_n_7x45,all_clean,combined_vs_pure_sniper_top3_sltp,57,2484747,2484828,-1,108953.2,109132.39999999994,179.19999999993888,1151.999999999607,sl,82.0,-0.2881531999999389,0.1089532,5.0,ifvg_clean,0.001,-0.3971063999999389
2025-10,B_n_7x45,all_clean,combined_vs_pure_sniper_top3_sltp,58,2516441,2516580,-1,107920.3,107938.5,220.5,1417.5,inv,139.0,-0.1261202999999971,0.10792030000000001,5.0,ifvg_clean,0.001,-0.2340405999999971
2025-10,B_n_7x45,all_clean,combined_vs_pure_sniper_top3_sltp,59,2520483,2523165,-1,107812.0,108036.70000000004,224.70000000004075,1444.500000000262,sl,2682.0,-0.3325120000000408,0.107812,5.0,ifvg_clean,0.001,-0.4403240000000408
2025-10,B_n_7x45,all_clean,combined_vs_pure_sniper_top3_sltp,60,2534751,2535370,1,106899.1,106768.4,793.8000000000611,5103.000000000393,inv,619.0,-0.23759910000001166,0.10689910000000001,5.0,ifvg_clean,0.001,-0.3444982000000117
2025-10,B_n_7x45,all_clean,combined_vs_pure_sniper_top3_sltp,61,2531869,2542913,-1,107062.2,107739.09999999998,676.8999999999796,4351.499999999869,sl,11070.0,-0.7839621999999796,0.10706220000000001,5.0,ifvg_clean,0.001,-0.8910243999999796
2025-10,B_n_7x45,all_clean,combined_vs_pure_sniper_top3_sltp,62,2513621,2553724,-1,108347.2,108699.29999999992,352.0999999999185,2263.499999999476,sl,40382.0,-0.46044719999991857,0.1083472,5.0,ifvg_clean,0.001,-0.5687943999999185
2025-10,B_n_7x45,all_clean,combined_vs_pure_sniper_top3_sltp,63,2561346,2562262,-1,108688.6,108982.6,294.0,1890.0,sl,916.0,-0.4026886,0.10868860000000001,5.0,ifvg_clean,0.001,-0.5113772
2025-10,B_n_7x45,all_clean,combined_vs_pure_sniper_top3_sltp,64,2600116,2600203,-1,109605.7,109885.00000000006,279.3000000000611,1795.500000000393,sl,87.0,-0.3889057000000611,0.1096057,5.0,ifvg_clean,0.001,-0.4985114000000611
2025-10,B_n_7x45,all_clean,combined_vs_pure_sniper_top3_sltp,65,2605447,2606815,1,110800.9,110229.70000000006,571.1999999999389,3671.999999999607,sl,1369.0,-0.6820008999999388,0.11080090000000001,5.0,ifvg_clean,0.001,-0.7928017999999388
2025-10,B_n_7x45,all_clean,combined_vs_pure_sniper_top3_sltp,66,2613247,2614485,-1,109061.6,109361.20000000003,299.6000000000204,1926.000000000131,sl,1239.0,-0.4086616000000204,0.10906160000000001,5.0,ifvg_clean,0.001,-0.5177232000000204
2025-10,B_n_7x45,all_clean,combined_vs_pure_sniper_top3_sltp,67,2433613,2635436,-1,112269.6,109557.3,977.8999999999796,6286.499999999869,eod,204891.0,2.600030400000003,0.11226960000000001,5.0,ifvg_clean,0.001,2.4877608000000033
2025-10,B_n_7x45,all_clean,combined_vs_pure_sniper_top3_sltp,68,2550448,2635436,1,108154.0,109557.3,757.4000000000815,4869.000000000524,eod,86987.0,1.2951460000000028,0.108154,5.0,ifvg_clean,0.001,1.1869920000000027
2025-10,B_n_7x45,all_clean,combined_vs_pure_sniper_top3_sltp,69,2608510,2635436,-1,110214.9,109557.3,350.70000000004075,2254.500000000262,eod,28415.0,0.5473850999999913,0.1102149,5.0,ifvg_clean,0.001,0.4371701999999913
2025-10,B_n_7x45,all_dirty,combined_vs_pure_sniper_top3_sltp,0,51485,63900,1,117117.7,116801.99999999996,315.70000000004075,2029.500000000262,sl,12418.0,-0.4328177000000407,0.1171177,5.0,sniper_dirty,0.001,-0.5499354000000407
2025-10,B_n_7x45,all_dirty,combined_vs_pure_sniper_top3_sltp,1,138076,138128,-1,119311.7,119337.0,185.5,1192.5,inv,52.0,-0.14461170000000292,0.1193117,5.0,sniper_dirty,0.001,-0.2639234000000029
2025-10,B_n_7x45,all_dirty,combined_vs_pure_sniper_top3_sltp,2,84502,142558,1,118271.7,119815.20000000013,240.10000000002037,1543.500000000131,tp,58269.0,1.4252283000001311,0.1182717,5.0,sniper_dirty,0.001,1.3069566000001311
2025-10,B_n_7x45,all_dirty,combined_vs_pure_sniper_top3_sltp,3,232020,232542,1,123168.6,122613.49999999999,555.1000000000204,3568.500000000131,sl,522.0,-0.6782686000000204,0.12316860000000002,5.0,sniper_dirty,0.001,-0.8014372000000205
2025-10,B_n_7x45,all_dirty,combined_vs_pure_sniper_top3_sltp,4,434042,446245,1,123800.5,123269.89999999998,530.6000000000204,3411.000000000131,sl,12457.0,-0.6544005000000204,0.12380050000000001,5.0,sniper_dirty,0.001,-0.7782010000000203
2025-10,B_n_7x45,all_dirty,combined_vs_pure_sniper_top3_sltp,5,479571,479817,1,124917.7,124678.99999999996,238.70000000004075,1534.500000000262,sl,246.0,-0.36361770000004073,0.12491769999999999,5.0,sniper_dirty,0.001,-0.4885354000000407
2025-10,B_n_7x45,all_dirty,combined_vs_pure_sniper_top3_sltp,6,484086,484904,1,125111.8,124772.3,339.5,2182.5,sl,821.0,-0.4646118,0.1251118,5.0,sniper_dirty,0.001,-0.5897236
2025-10,B_n_7x45,all_dirty,combined_vs_pure_sniper_top3_sltp,7,489759,489763,-1,125489.2,125514.6,211.4000000000815,1359.0000000005239,inv,4.0,-0.15088920000000872,0.1254892,5.0,sniper_dirty,0.001,-0.2763784000000087
2025-10,B_n_7x45,all_dirty,combined_vs_pure_sniper_top3_sltp,8,489989,494682,-1,125591.9,125630.6,294.0,1890.0,inv,4727.0,-0.16429190000001165,0.1255919,5.0,sniper_dirty,0.001,-0.2898838000000117
2025-10,B_n_7x45,all_dirty,combined_vs_pure_sniper_top3_sltp,9,499339,499464,1,125475.2,125419.6,385.0,2475.0,inv,126.0,-0.18107519999999128,0.1254752,5.0,sniper_dirty,0.001,-0.3065503999999913
2025-10,B_n_7x45,all_dirty,combined_vs_pure_sniper_top3_sltp,10,508262,510162,1,124786.2,124744.3,310.1000000000204,1993.500000000131,inv,2049.0,-0.16668619999999418,0.1247862,5.0,sniper_dirty,0.001,-0.2914723999999942
2025-10,B_n_7x45,all_dirty,combined_vs_pure_sniper_top3_sltp,11,533259,534323,1,124309.8,124241.5,522.2000000000407,3357.000000000262,inv,1087.0,-0.19260980000000294,0.12430980000000001,5.0,sniper_dirty,0.001,-0.31691960000000297
2025-10,B_n_7x45,all_dirty,combined_vs_pure_sniper_top3_sltp,12,560355,560859,-1,124575.2,123675.2,140.0,900.0,tp,504.0,0.7754248,0.1245752,5.0,sniper_dirty,0.001,0.6508496
2025-10,B_n_7x45,all_dirty,combined_vs_pure_sniper_top3_sltp,13,647635,647689,-1,122734.0,122821.2,676.8999999999796,4351.499999999869,inv,54.0,-0.2099339999999971,0.12273400000000001,5.0,sniper_dirty,0.001,-0.3326679999999971
2025-10,B_n_7x45,all_dirty,combined_vs_pure_sniper_top3_sltp,14,652543,652591,1,122327.2,122256.6,552.2999999999593,3550.499999999738,inv,51.0,-0.19292719999999128,0.12232720000000001,5.0,sniper_dirty,0.001,-0.3152543999999913
2025-10,B_n_7x45,all_dirty,combined_vs_pure_sniper_top3_sltp,15,649109,657943,-1,122383.0,123227.89999999998,844.8999999999796,5431.499999999869,sl,8949.0,-0.9672829999999797,0.12238299999999999,5.0,sniper_dirty,0.001,-1.0896659999999796
2025-10,B_n_7x45,all_dirty,combined_vs_pure_sniper_top3_sltp,16,664391,664399,-1,123560.5,123592.5,295.3999999999796,1898.999999999869,inv,8.0,-0.1555605,0.1235605,5.0,sniper_dirty,0.001,-0.279121
2025-10,B_n_7x45,all_dirty,combined_vs_pure_sniper_top3_sltp,17,727988,727990,-1,123255.5,123281.6,178.5,1147.5,inv,2.0,-0.14935550000000583,0.1232555,5.0,sniper_dirty,0.001,-0.2726110000000058
2025-10,B_n_7x45,all_dirty,combined_vs_pure_sniper_top3_sltp,18,738269,739021,1,121140.5,121120.6,187.5999999999185,1205.9999999994761,inv,757.0,-0.14104049999999418,0.12114050000000001,5.0,sniper_dirty,0.001,-0.2621809999999942
2025-10,B_n_7x45,all_dirty,combined_vs_pure_sniper_top3_sltp,19,746003,749383,-1,120803.6,120859.7,414.3999999999796,2663.999999999869,inv,3389.0,-0.17690359999999128,0.12080360000000001,5.0,sniper_dirty,0.001,-0.2977071999999913
2025-10,B_n_7x45,all_dirty,combined_vs_pure_sniper_top3_sltp,20,817292,817324,1,121273.5,121248.9,216.30000000006112,1390.500000000393,inv,33.0,-0.14587350000000582,0.1212735,5.0,sniper_dirty,0.001,-0.2671470000000058
2025-10,B_n_7x45,all_dirty,combined_vs_pure_sniper_top3_sltp,21,815914,819484,-1,121190.6,119107.09999999987,324.1000000000204,2083.500000000131,tp,3583.0,1.9623094000001309,0.12119060000000001,5.0,sniper_dirty,0.001,1.8411188000001308
2025-10,B_n_7x45,all_dirty,combined_vs_pure_sniper_top3_sltp,22,824538,824538,1,118493.8,118518.3,325.5,2092.5,inv,0.0,-0.09399380000000002,0.11849380000000001,5.0,sniper_dirty,0.001,-0.21248760000000003
2025-10,B_n_7x45,all_dirty,combined_vs_pure_sniper_top3_sltp,23,819396,833373,-1,119468.4,116156.40000000039,515.1999999999389,3311.999999999607,tp,13981.0,3.192531599999607,0.1194684,5.0,sniper_dirty,0.001,3.073063199999607
2025-10,B_n_7x45,all_dirty,combined_vs_pure_sniper_top3_sltp,24,834420,834681,-1,116367.2,116806.09999999998,438.8999999999796,2821.499999999869,sl,261.0,-0.5552671999999796,0.1163672,5.0,sniper_dirty,0.001,-0.6716343999999796
2025-10,B_n_7x45,all_dirty,combined_vs_pure_sniper_top3_sltp,25,835763,835784,-1,116695.0,116724.6,235.20000000004075,1512.000000000262,inv,21.0,-0.14629500000000584,0.11669500000000001,5.0,sniper_dirty,0.001,-0.26299000000000583
2025-10,B_n_7x45,all_dirty,combined_vs_pure_sniper_top3_sltp,26,814704,838833,-1,121728.0,115693.49999999974,938.7000000000407,6034.500000000262,tp,24169.0,5.912772000000262,0.12172800000000002,5.0,sniper_dirty,0.001,5.791044000000262
2025-10,B_n_7x45,all_dirty,combined_vs_pure_sniper_top3_sltp,27,1078038,1078089,1,114285.3,114261.2,185.5,1192.5,inv,53.0,-0.13838530000000582,0.1142853,5.0,sniper_dirty,0.001,-0.25267060000000585
2025-10,B_n_7x45,all_dirty,combined_vs_pure_sniper_top3_sltp,28,1209047,1210491,-1,112218.4,112238.0,147.0,945.0,inv,1479.0,-0.13181840000000583,0.11221840000000001,5.0,sniper_dirty,0.001,-0.24403680000000583
2025-10,B_n_7x45,all_dirty,combined_vs_pure_sniper_top3_sltp,29,1234412,1235615,1,111851.9,111825.4,191.80000000006112,1233.000000000393,inv,1220.0,-0.1383519,0.1118519,5.0,sniper_dirty,0.001,-0.2502038
2025-10,B_n_7x45,all_dirty,combined_vs_pure_sniper_top3_sltp,30,1391353,1391353,1,105940.6,105932.1,186.19999999993888,1196.999999999607,inv,0.0,-0.1144406,0.10594060000000001,5.0,sniper_dirty,0.001,-0.2203812
2025-10,B_n_7x45,all_dirty,combined_vs_pure_sniper_top3_sltp,31,1401968,1402829,-1,104124.8,104494.39999999992,369.5999999999185,2375.999999999476,sl,861.0,-0.4737247999999185,0.1041248,5.0,sniper_dirty,0.001,-0.5778495999999185
2025-10,B_n_7x45,all_dirty,combined_vs_pure_sniper_top3_sltp,32,1403508,1404103,1,104680.4,104622.1,417.1999999999389,2681.999999999607,inv,595.0,-0.16298039999998837,0.10468039999999999,5.0,sniper_dirty,0.001,-0.2676607999999884
2025-10,B_n_7x45,all_dirty,combined_vs_pure_sniper_top3_sltp,33,1405603,1411558,1,106169.3,105016.39999999992,1152.9000000000815,7411.500000000524,sl,5957.0,-1.2590693000000814,0.10616930000000001,5.0,sniper_dirty,0.001,-1.3652386000000813
2025-10,B_n_7x45,all_dirty,combined_vs_pure_sniper_top3_sltp,34,1408696,1412918,-1,105719.1,105860.2,996.7999999999593,6407.999999999738,inv,4224.0,-0.24681909999999127,0.10571910000000001,5.0,sniper_dirty,0.001,-0.35253819999999125
2025-10,B_n_7x45,all_dirty,combined_vs_pure_sniper_top3_sltp,35,1413463,1413948,-1,105217.0,105693.70000000004,476.70000000004075,3064.500000000262,sl,485.0,-0.5819170000000408,0.105217,5.0,sniper_dirty,0.001,-0.6871340000000408
2025-10,B_n_7x45,all_dirty,combined_vs_pure_sniper_top3_sltp,36,1417166,1417457,1,105537.7,105459.9,711.2000000000407,4572.000000000262,inv,291.0,-0.1833377000000029,0.1055377,5.0,sniper_dirty,0.001,-0.2888754000000029
2025-10,B_n_7x45,all_dirty,combined_vs_pure_sniper_top3_sltp,37,1402578,1421521,1,104318.5,106694.50000000013,369.6000000000204,2376.000000000131,tp,18946.0,2.2716815000001307,0.10431850000000001,5.0,sniper_dirty,0.001,2.1673630000001305
2025-10,B_n_7x45,all_dirty,combined_vs_pure_sniper_top3_sltp,38,1427301,1427306,1,106482.0,106457.0,241.5,1552.5,inv,5.0,-0.13148200000000002,0.10648200000000001,5.0,sniper_dirty,0.001,-0.237964
2025-10,B_n_7x45,all_dirty,combined_vs_pure_sniper_top3_sltp,39,1427471,1428416,-1,106331.6,106473.70000000003,142.10000000002037,913.500000000131,sl,947.0,-0.2484316000000204,0.10633160000000001,5.0,sniper_dirty,0.001,-0.35476320000002043
2025-10,B_n_7x45,all_dirty,combined_vs_pure_sniper_top3_sltp,40,1766986,1778338,-1,112063.9,110025.39999999986,317.1000000000204,2038.500000000131,tp,11492.0,1.926436100000131,0.1120639,5.0,sniper_dirty,0.001,1.8143722000001312
2025-10,B_n_7x45,all_dirty,combined_vs_pure_sniper_top3_sltp,41,1830251,1862675,1,107458.2,106931.80000000002,526.3999999999796,3383.999999999869,sl,32742.0,-0.6338581999999797,0.1074582,5.0,sniper_dirty,0.001,-0.7413163999999797
2025-10,B_n_7x45,all_dirty,combined_vs_pure_sniper_top3_sltp,42,2171523,2172499,-1,113504.1,113816.29999999994,312.1999999999389,2006.999999999607,sl,978.0,-0.4257040999999389,0.11350410000000001,5.0,sniper_dirty,0.001,-0.539208199999939
2025-10,B_n_7x45,all_dirty,combined_vs_pure_sniper_top3_sltp,43,2231913,2239051,1,115576.7,115312.80000000002,263.8999999999796,1696.499999999869,sl,7154.0,-0.3794766999999797,0.1155767,5.0,sniper_dirty,0.001,-0.49505339999997966
2025-10,B_n_7x45,all_dirty,combined_vs_pure_sniper_top3_sltp,44,2344507,2346780,1,115448.4,115129.19999999995,319.20000000004075,2052.000000000262,sl,2273.0,-0.43464840000004074,0.11544839999999999,5.0,sniper_dirty,0.001,-0.5500968000000407
2025-10,B_n_7x45,all_dirty,combined_vs_pure_sniper_top3_sltp,45,2344870,2346918,1,115367.5,114893.60000000002,473.8999999999796,3046.499999999869,sl,2048.0,-0.5892674999999796,0.11536750000000001,5.0,sniper_dirty,0.001,-0.7046349999999797
2025-10,B_n_7x45,all_dirty,combined_vs_pure_sniper_top3_sltp,46,2352332,2353226,-1,114726.7,115095.60000000008,368.9000000000815,2371.500000000524,sl,907.0,-0.4836267000000815,0.1147267,5.0,sniper_dirty,0.001,-0.5983534000000815
2025-10,B_n_7x45,all_dirty,combined_vs_pure_sniper_top3_sltp,47,2353261,2353341,-1,115014.8,115072.6,422.8000000000611,2718.000000000393,inv,80.0,-0.17281480000000293,0.11501480000000001,5.0,sniper_dirty,0.001,-0.28782960000000296
2025-10,B_n_7x45,all_dirty,combined_vs_pure_sniper_top3_sltp,48,2359094,2360125,1,115188.0,115099.4,734.3000000000611,4720.500000000393,inv,1033.0,-0.20378800000000583,0.115188,5.0,sniper_dirty,0.001,-0.3189760000000058
2025-10,B_n_7x45,all_dirty,combined_vs_pure_sniper_top3_sltp,49,2364437,2366823,-1,113974.6,112624.6,210.0,1350.0,tp,2389.0,1.2360254000000002,0.11397460000000001,5.0,sniper_dirty,0.001,1.1220508000000002
2025-10,B_n_7x45,all_dirty,combined_vs_pure_sniper_top3_sltp,50,2370593,2370629,1,112571.9,112527.4,340.9000000000815,2191.500000000524,inv,36.0,-0.1570719,0.1125719,5.0,sniper_dirty,0.001,-0.2696438
2025-10,B_n_7x45,all_dirty,combined_vs_pure_sniper_top3_sltp,51,2373813,2374077,-1,112866.6,112889.8,166.60000000002037,1071.000000000131,inv,266.0,-0.1360665999999971,0.11286660000000001,5.0,sniper_dirty,0.001,-0.2489331999999971
2025-10,B_n_7x45,all_dirty,combined_vs_pure_sniper_top3_sltp,52,2383478,2383497,1,112500.7,112473.9,281.4000000000815,1809.0000000005239,inv,19.0,-0.1393007000000029,0.1125007,5.0,sniper_dirty,0.001,-0.2518014000000029
2025-10,B_n_7x45,all_dirty,combined_vs_pure_sniper_top3_sltp,53,2447764,2447871,-1,110869.3,111048.50000000004,179.20000000004075,1152.000000000262,sl,107.0,-0.2900693000000408,0.11086930000000002,5.0,sniper_dirty,0.001,-0.4009386000000408
2025-10,B_n_7x45,all_dirty,combined_vs_pure_sniper_top3_sltp,54,2452832,2462351,1,111150.6,110790.1,360.5,2317.5,sl,9738.0,-0.47165060000000003,0.11115060000000002,5.0,sniper_dirty,0.001,-0.5828012
2025-10,B_n_7x45,all_dirty,combined_vs_pure_sniper_top3_sltp,55,2469713,2480925,1,110400.0,109561.39999999998,838.6000000000204,5391.000000000131,sl,11538.0,-0.9490000000000205,0.11040000000000001,5.0,sniper_dirty,0.001,-1.0594000000000205
2025-10,B_n_7x45,all_dirty,combined_vs_pure_sniper_top3_sltp,56,2436506,2481194,-1,111634.7,108192.2,535.5,3442.5,tp,45296.0,3.3308652999999997,0.1116347,5.0,sniper_dirty,0.001,3.2192305999999995
2025-10,B_n_7x45,all_dirty,combined_vs_pure_sniper_top3_sltp,57,2484747,2484828,-1,108953.2,109132.39999999994,179.19999999993888,1151.999999999607,sl,82.0,-0.2881531999999389,0.1089532,5.0,sniper_dirty,0.001,-0.3971063999999389
2025-10,B_n_7x45,all_dirty,combined_vs_pure_sniper_top3_sltp,58,2516441,2516580,-1,107920.3,107938.5,220.5,1417.5,inv,139.0,-0.1261202999999971,0.10792030000000001,5.0,sniper_dirty,0.001,-0.2340405999999971
2025-10,B_n_7x45,all_dirty,combined_vs_pure_sniper_top3_sltp,59,2520483,2523165,-1,107812.0,108036.70000000004,224.70000000004075,1444.500000000262,sl,2682.0,-0.3325120000000408,0.107812,5.0,sniper_dirty,0.001,-0.4403240000000408
2025-10,B_n_7x45,all_dirty,combined_vs_pure_sniper_top3_sltp,60,2534751,2535370,1,106899.1,106768.4,793.8000000000611,5103.000000000393,inv,619.0,-0.23759910000001166,0.10689910000000001,5.0,sniper_dirty,0.001,-0.3444982000000117
2025-10,B_n_7x45,all_dirty,combined_vs_pure_sniper_top3_sltp,61,2531869,2542913,-1,107062.2,107739.09999999998,676.8999999999796,4351.499999999869,sl,11070.0,-0.7839621999999796,0.10706220000000001,5.0,sniper_dirty,0.001,-0.8910243999999796
2025-10,B_n_7x45,all_dirty,combined_vs_pure_sniper_top3_sltp,62,2513621,2553724,-1,108347.2,108699.29999999992,352.0999999999185,2263.499999999476,sl,40382.0,-0.46044719999991857,0.1083472,5.0,sniper_dirty,0.001,-0.5687943999999185
2025-10,B_n_7x45,all_dirty,combined_vs_pure_sniper_top3_sltp,63,2561346,2562262,-1,108688.6,108982.6,294.0,1890.0,sl,916.0,-0.4026886,0.10868860000000001,5.0,sniper_dirty,0.001,-0.5113772
2025-10,B_n_7x45,all_dirty,combined_vs_pure_sniper_top3_sltp,64,2600116,2600203,-1,109605.7,109885.00000000006,279.3000000000611,1795.500000000393,sl,87.0,-0.3889057000000611,0.1096057,5.0,sniper_dirty,0.001,-0.4985114000000611
2025-10,B_n_7x45,all_dirty,combined_vs_pure_sniper_top3_sltp,65,2605447,2606815,1,110800.9,110229.70000000006,571.1999999999389,3671.999999999607,sl,1369.0,-0.6820008999999388,0.11080090000000001,5.0,sniper_dirty,0.001,-0.7928017999999388
2025-10,B_n_7x45,all_dirty,combined_vs_pure_sniper_top3_sltp,66,2613247,2614485,-1,109061.6,109361.20000000003,299.6000000000204,1926.000000000131,sl,1239.0,-0.4086616000000204,0.10906160000000001,5.0,sniper_dirty,0.001,-0.5177232000000204
2025-10,B_n_7x45,all_dirty,combined_vs_pure_sniper_top3_sltp,67,2433613,2635436,-1,112269.6,109557.3,977.8999999999796,6286.499999999869,eod,204891.0,2.600030400000003,0.11226960000000001,5.0,sniper_dirty,0.001,2.4877608000000033
2025-10,B_n_7x45,all_dirty,combined_vs_pure_sniper_top3_sltp,68,2550448,2635436,1,108154.0,109557.3,757.4000000000815,4869.000000000524,eod,86987.0,1.2951460000000028,0.108154,5.0,sniper_dirty,0.001,1.1869920000000027
2025-10,B_n_7x45,all_dirty,combined_vs_pure_sniper_top3_sltp,69,2608510,2635436,-1,110214.9,109557.3,350.70000000004075,2254.500000000262,eod,28415.0,0.5473850999999913,0.1102149,5.0,sniper_dirty,0.001,0.4371701999999913
2025-11,B_n_5x60,combined,combined_vs_pure_sniper_top3_sltp,0,170328,170336,1,108730.7,108705.2,140.0,1680.0,inv,8.0,-0.1342307,0.1087307,5.0,ifvg_clean,0.001,-0.2429614
2025-11,B_n_5x60,combined,combined_vs_pure_sniper_top3_sltp,1,188915,191248,-1,107361.9,107586.39999999997,224.4999999999709,2693.9999999996508,sl,2346.0,-0.3318618999999709,0.1073619,5.0,ifvg_clean,0.001,-0.4392237999999709
2025-11,B_n_5x60,combined,combined_vs_pure_sniper_top3_sltp,2,225599,225614,1,107315.0,107278.8,200.0,2400.0,inv,15.0,-0.1435149999999971,0.107315,5.0,ifvg_clean,0.001,-0.2508299999999971
2025-11,B_n_5x60,combined,combined_vs_pure_sniper_top3_sltp,3,257419,261081,1,107049.3,106748.80000000005,300.49999999995634,3605.999999999476,sl,3709.0,-0.40754929999995637,0.1070493,5.0,ifvg_clean,0.001,-0.5145985999999564
2025-11,B_n_5x60,combined,combined_vs_pure_sniper_top3_sltp,4,164817,265169,-1,109580.3,104852.29999999983,394.00000000001455,4728.000000000175,tp,101263.0,4.6184197000001745,0.1095803,5.0,ifvg_clean,0.001,4.508839400000174
2025-11,B_n_5x60,combined,combined_vs_pure_sniper_top3_sltp,5,161095,265966,-1,110272.3,104140.30000000018,510.99999999998545,6131.999999999825,tp,105831.0,6.0217276999998255,0.1102723,5.0,ifvg_clean,0.001,5.911455399999825
2025-11,B_n_5x60,combined,combined_vs_pure_sniper_top3_sltp,6,559713,560249,-1,100697.9,100897.39999999997,199.4999999999709,2393.9999999996508,sl,536.0,-0.3001978999999709,0.10069789999999999,5.0,ifvg_clean,0.001,-0.4008957999999709
2025-11,B_n_5x60,combined,combined_vs_pure_sniper_top3_sltp,7,596731,596738,-1,103090.3,103119.8,180.99999999998545,2171.9999999998254,inv,7.0,-0.1325903,0.1030903,5.0,ifvg_clean,0.001,-0.2356806
2025-11,B_n_5x60,combined,combined_vs_pure_sniper_top3_sltp,8,732248,733494,-1,103589.5,103743.0,772.5,9270.0,inv,1253.0,-0.25708949999999997,0.1035895,5.0,ifvg_clean,0.001,-0.36067899999999997
2025-11,B_n_5x60,combined,combined_vs_pure_sniper_top3_sltp,9,736176,736179,-1,103531.0,103586.5,333.0000000000291,3996.0000000003492,inv,3.0,-0.159031,0.10353100000000001,5.0,ifvg_clean,0.001,-0.262562
2025-11,B_n_5x60,combined,combined_vs_pure_sniper_top3_sltp,10,800230,800300,1,105956.6,105931.4,153.5000000000582,1842.0000000006985,inv,70.0,-0.13115660000001167,0.10595660000000001,5.0,ifvg_clean,0.001,-0.23711320000001168
2025-11,B_n_5x60,combined,combined_vs_pure_sniper_top3_sltp,11,816046,817272,-1,105068.7,105258.19999999997,189.4999999999709,2273.9999999996508,sl,1235.0,-0.29456869999997093,0.1050687,5.0,ifvg_clean,0.001,-0.39963739999997094
2025-11,B_n_5x60,combined,combined_vs_pure_sniper_top3_sltp,12,818823,818847,-1,105336.7,105361.0,154.4999999999709,1853.9999999996508,inv,24.0,-0.1296367000000029,0.10533669999999999,5.0,ifvg_clean,0.001,-0.23497340000000289
2025-11,B_n_5x60,combined,combined_vs_pure_sniper_top3_sltp,13,849676,850156,-1,106003.3,106198.79999999996,195.49999999995634,2345.999999999476,sl,486.0,-0.30150329999995634,0.10600330000000001,5.0,ifvg_clean,0.001,-0.40750659999995636
2025-11,B_n_5x60,combined,combined_vs_pure_sniper_top3_sltp,14,855941,856152,1,106414.9,106383.5,169.4999999999709,2033.9999999996508,inv,212.0,-0.1378148999999942,0.1064149,5.0,ifvg_clean,0.001,-0.2442297999999942
2025-11,B_n_5x60,combined,combined_vs_pure_sniper_top3_sltp,15,854544,856487,1,106576.3,106176.80000000003,399.4999999999709,4793.999999999651,sl,1971.0,-0.5060762999999708,0.1065763,5.0,ifvg_clean,0.001,-0.6126525999999708
2025-11,B_n_5x60,combined,combined_vs_pure_sniper_top3_sltp,16,835871,860263,1,105512.7,105113.19999999995,399.50000000004366,4794.000000000524,sl,24783.0,-0.5050127000000436,0.1055127,5.0,ifvg_clean,0.001,-0.6105254000000436
2025-11,B_n_5x60,combined,combined_vs_pure_sniper_top3_sltp,17,880992,883664,1,105304.8,105119.29999999997,185.5000000000291,2226.0000000003492,sl,2727.0,-0.2908048000000291,0.1053048,5.0,ifvg_clean,0.001,-0.39610960000002915
2025-11,B_n_5x60,combined,combined_vs_pure_sniper_top3_sltp,18,861070,904593,-1,105406.6,102964.60000000018,203.49999999998545,2441.9999999998254,tp,43915.0,2.336593399999826,0.10540660000000002,5.0,ifvg_clean,0.001,2.2311867999998256
2025-11,B_n_5x60,combined,combined_vs_pure_sniper_top3_sltp,19,965616,980001,1,104850.1,104260.1,590.0,7080.0,sl,14391.0,-0.6948501,0.10485010000000002,5.0,ifvg_clean,0.001,-0.7997002000000001
2025-11,B_n_5x60,combined,combined_vs_pure_sniper_top3_sltp,20,992020,992445,-1,101624.8,101636.9,110.49999999995634,1325.9999999994761,inv,428.0,-0.11372479999999129,0.10162480000000002,5.0,ifvg_clean,0.001,-0.21534959999999131
2025-11,B_n_5x60,combined,combined_vs_pure_sniper_top3_sltp,21,1000090,1000230,-1,101482.0,101561.9,396.9999999999709,4763.999999999651,inv,140.0,-0.1813819999999942,0.101482,5.0,ifvg_clean,0.001,-0.2828639999999942
2025-11,B_n_5x60,combined,combined_vs_pure_sniper_top3_sltp,22,1066913,1066922,-1,102478.0,102506.1,141.50000000001455,1698.0000000001746,inv,9.0,-0.13057800000000583,0.10247800000000001,5.0,ifvg_clean,0.001,-0.23305600000000584
2025-11,B_n_5x60,combined,combined_vs_pure_sniper_top3_sltp,23,1066641,1068936,1,102446.1,101439.10000000003,1006.9999999999709,12083.99999999965,sl,2295.0,-1.109446099999971,0.1024461,5.0,ifvg_clean,0.001,-1.211892199999971
2025-11,B_n_5x60,combined,combined_vs_pure_sniper_top3_sltp,24,1071754,1071844,-1,100996.8,101175.80000000002,179.00000000001455,2148.0000000001746,sl,90.0,-0.2799968000000146,0.10099680000000001,5.0,ifvg_clean,0.001,-0.3809936000000146
2025-11,B_n_5x60,combined,combined_vs_pure_sniper_top3_sltp,25,1075304,1077989,-1,100431.3,99189.30000000018,103.49999999998545,1241.9999999998254,tp,2686.0,1.1415686999998254,0.10043130000000002,5.0,ifvg_clean,0.001,1.0411373999998252
2025-11,B_n_5x60,combined,combined_vs_pure_sniper_top3_sltp,26,1076631,1079199,-1,99881.3,98333.29999999983,129.00000000001455,1548.0000000001746,tp,2568.0,1.4481187000001745,0.0998813,5.0,ifvg_clean,0.001,1.3482374000001744
2025-11,B_n_5x60,combined,combined_vs_pure_sniper_top3_sltp,27,1083578,1083578,-1,98707.8,98712.7,110.49999999995634,1325.9999999994761,inv,0.0,-0.10360779999999419,0.09870780000000001,5.0,ifvg_clean,0.001,-0.2023155999999942
2025-11,B_n_5x60,combined,combined_vs_pure_sniper_top3_sltp,28,1088159,1088321,-1,98363.1,98588.60000000003,225.5000000000291,2706.0000000003492,sl,162.0,-0.32386310000002916,0.09836310000000001,5.0,ifvg_clean,0.001,-0.4222262000000292
2025-11,B_n_5x60,combined,combined_vs_pure_sniper_top3_sltp,29,1095191,1098941,1,99617.7,99277.19999999997,340.5000000000291,4086.0000000003492,sl,3751.0,-0.44011770000002914,0.0996177,5.0,ifvg_clean,0.001,-0.5397354000000292
2025-11,B_n_5x60,combined,combined_vs_pure_sniper_top3_sltp,30,1105163,1105293,1,99397.1,99177.1,220.0,2640.0,sl,132.0,-0.3193971,0.09939710000000002,5.0,ifvg_clean,0.001,-0.4187942
2025-11,B_n_5x60,combined,combined_vs_pure_sniper_top3_sltp,31,1106082,1106189,1,99539.8,99373.80000000002,165.99999999998545,1991.9999999998254,sl,108.0,-0.26553979999998545,0.0995398,5.0,ifvg_clean,0.001,-0.36507959999998546
2025-11,B_n_5x60,combined,combined_vs_pure_sniper_top3_sltp,32,1112899,1114907,-1,99106.9,97858.89999999982,104.00000000001455,1248.0000000001746,tp,2025.0,1.1488931000001747,0.0991069,5.0,ifvg_clean,0.001,1.0497862000001748
2025-11,B_n_5x60,combined,combined_vs_pure_sniper_top3_sltp,33,1073080,1114911,-1,100791.8,97677.80000000035,259.4999999999709,3113.9999999996508,tp,41994.0,3.0132081999996507,0.10079180000000001,5.0,ifvg_clean,0.001,2.9124163999996506
2025-11,B_n_5x60,combined,combined_vs_pure_sniper_top3_sltp,34,1132470,1132560,-1,97077.4,97125.0,255.5000000000291,3066.0000000003492,inv,90.0,-0.1446774000000058,0.0970774,5.0,ifvg_clean,0.001,-0.24175480000000582
2025-11,B_n_5x60,combined,combined_vs_pure_sniper_top3_sltp,35,1139444,1143616,-1,96622.3,95248.30000000035,114.4999999999709,1373.9999999996508,tp,4172.0,1.277377699999651,0.09662230000000001,5.0,ifvg_clean,0.001,1.180755399999651
2025-11,B_n_5x60,combined,combined_vs_pure_sniper_top3_sltp,36,1158467,1158962,-1,97165.0,97202.2,140.99999999998545,1691.9999999998254,inv,496.0,-0.1343649999999971,0.097165,5.0,ifvg_clean,0.001,-0.2315299999999971
2025-11,B_n_5x60,combined,combined_vs_pure_sniper_top3_sltp,37,1239419,1301378,-1,96324.4,96363.5,233.0000000000291,2796.0000000003492,inv,66079.0,-0.13542440000000583,0.0963244,5.0,ifvg_clean,0.001,-0.23174880000000583
2025-11,B_n_5x60,combined,combined_vs_pure_sniper_top3_sltp,38,1312892,1313005,-1,95592.6,95728.59999999999,135.99999999998545,1631.9999999998254,sl,114.0,-0.23159259999998544,0.0955926,5.0,ifvg_clean,0.001,-0.3271851999999854
2025-11,B_n_5x60,combined,combined_vs_pure_sniper_top3_sltp,39,1115590,1344338,-1,97835.9,93221.90000000034,384.4999999999709,4613.999999999651,tp,234910.0,4.516164099999651,0.0978359,5.0,ifvg_clean,0.001,4.418328199999651
2025-11,B_n_5x60,combined,combined_vs_pure_sniper_top3_sltp,40,1354451,1354462,-1,94659.3,94705.7,255.0,3060.0,inv,11.0,-0.14105929999999417,0.0946593,5.0,ifvg_clean,0.001,-0.23571859999999417
2025-11,B_n_5x60,combined,combined_vs_pure_sniper_top3_sltp,41,1381472,1381481,-1,95747.5,95772.3,204.00000000001455,2448.0000000001746,inv,9.0,-0.12054750000000292,0.0957475,5.0,ifvg_clean,0.001,-0.2162950000000029
2025-11,B_n_5x60,combined,combined_vs_pure_sniper_top3_sltp,42,1403745,1403936,1,95304.8,94970.30000000003,334.4999999999709,4013.9999999996508,sl,191.0,-0.4298047999999709,0.09530480000000001,5.0,ifvg_clean,0.001,-0.5251095999999709
2025-11,B_n_5x60,combined,combined_vs_pure_sniper_top3_sltp,43,1450615,1466534,-1,90717.1,90955.60000000006,238.5000000000582,2862.0000000006985,sl,15924.0,-0.3292171000000582,0.09071710000000001,5.0,ifvg_clean,0.001,-0.4199342000000582
2025-11,B_n_5x60,combined,combined_vs_pure_sniper_top3_sltp,44,1496387,1496618,1,93583.5,93400.00000000001,183.49999999998545,2201.9999999998254,sl,231.0,-0.27708349999998544,0.0935835,5.0,ifvg_clean,0.001,-0.3706669999999854
2025-11,B_n_5x60,combined,combined_vs_pure_sniper_top3_sltp,45,1500400,1500403,1,93290.4,93274.9,104.50000000004366,1254.0000000005239,inv,3.0,-0.1087904,0.0932904,5.0,ifvg_clean,0.001,-0.2020808
2025-11,B_n_5x60,combined,combined_vs_pure_sniper_top3_sltp,46,1504682,1507327,-1,93474.8,93516.0,217.5,2610.0,inv,2703.0,-0.1346747999999971,0.09347480000000001,5.0,ifvg_clean,0.001,-0.22814959999999712
2025-11,B_n_5x60,combined,combined_vs_pure_sniper_top3_sltp,47,1508800,1508834,1,93162.9,93139.5,120.0,1440.0,inv,36.0,-0.11656289999999417,0.09316289999999999,5.0,ifvg_clean,0.001,-0.20972579999999416
2025-11,B_n_5x60,combined,combined_vs_pure_sniper_top3_sltp,48,1510790,1510966,1,92915.2,92876.5,198.0000000000291,2376.0000000003492,inv,179.0,-0.1316151999999971,0.0929152,5.0,ifvg_clean,0.001,-0.2245303999999971
2025-11,B_n_5x60,combined,combined_vs_pure_sniper_top3_sltp,49,1516627,1519626,1,93049.4,92790.90000000001,258.49999999998545,3101.9999999998254,sl,3086.0,-0.35154939999998547,0.09304939999999999,5.0,ifvg_clean,0.001,-0.4445987999999855
2025-11,B_n_5x60,combined,combined_vs_pure_sniper_top3_sltp,50,1597353,1597407,-1,89528.6,89575.9,245.0,2940.0,inv,54.0,-0.13682859999998837,0.08952860000000001,5.0,ifvg_clean,0.001,-0.22635719999998838
2025-11,B_n_5x60,combined,combined_vs_pure_sniper_top3_sltp,51,1656230,1656232,-1,91820.8,91883.8,448.0000000000291,5376.000000000349,inv,2.0,-0.1548208,0.09182080000000001,5.0,ifvg_clean,0.001,-0.24664160000000002
2025-11,B_n_5x60,combined,combined_vs_pure_sniper_top3_sltp,52,1596844,1665663,1,89255.8,88889.80000000002,365.99999999998545,4391.999999999825,sl,69538.0,-0.45525579999998544,0.08925580000000001,5.0,ifvg_clean,0.001,-0.5445115999999854
2025-11,B_n_5x60,combined,combined_vs_pure_sniper_top3_sltp,53,1731560,1731923,-1,82220.0,82570.49999999996,350.49999999995634,4205.999999999476,sl,363.0,-0.43271999999995636,0.08222,5.0,ifvg_clean,0.001,-0.5149399999999563
2025-11,B_n_5x60,combined,combined_vs_pure_sniper_top3_sltp,54,1737793,1737823,1,82096.4,82038.5,290.5000000000291,3486.0000000003492,inv,30.0,-0.1399963999999942,0.0820964,5.0,ifvg_clean,0.001,-0.2220927999999942
2025-11,B_n_5x60,combined,combined_vs_pure_sniper_top3_sltp,55,1750460,1750460,1,82784.7,82810.8,131.50000000001455,1578.0000000001746,inv,0.0,-0.05668469999999418,0.0827847,5.0,ifvg_clean,0.001,-0.1394693999999942
2025-11,B_n_5x60,combined,combined_vs_pure_sniper_top3_sltp,56,1751277,1753724,-1,82960.7,83509.70000000001,549.0000000000146,6588.000000000175,sl,2447.0,-0.6319607000000146,0.0829607,5.0,ifvg_clean,0.001,-0.7149214000000146
2025-11,B_n_5x60,combined,combined_vs_pure_sniper_top3_sltp,57,1759748,1759766,1,83468.4,83410.4,291.0000000000582,3492.0000000006985,inv,18.0,-0.1414684,0.0834684,5.0,ifvg_clean,0.001,-0.2249368
2025-11,B_n_5x60,combined,combined_vs_pure_sniper_top3_sltp,58,1786576,1787710,1,85096.6,84925.10000000006,171.4999999999418,2057.9999999993015,sl,1162.0,-0.2565965999999418,0.08509660000000001,5.0,ifvg_clean,0.001,-0.3416931999999418
2025-11,B_n_5x60,combined,combined_vs_pure_sniper_top3_sltp,59,1805001,1805756,1,84670.5,84459.50000000001,210.99999999998545,2531.9999999998254,sl,762.0,-0.29567049999998546,0.08467050000000001,5.0,ifvg_clean,0.001,-0.3803409999999855
2025-11,B_n_5x60,combined,combined_vs_pure_sniper_top3_sltp,60,1810764,1810785,1,84155.5,84096.9,371.0000000000582,4452.0000000006985,inv,21.0,-0.14275550000000584,0.08415550000000001,5.0,ifvg_clean,0.001,-0.22691100000000586
2025-11,B_n_5x60,combined,combined_vs_pure_sniper_top3_sltp,61,1827119,1827889,1,84009.4,83887.40000000002,121.9999999999709,1463.9999999996508,sl,776.0,-0.2060093999999709,0.0840094,5.0,ifvg_clean,0.001,-0.2900187999999709
2025-11,B_n_5x60,combined,combined_vs_pure_sniper_top3_sltp,62,1788954,1839815,-1,84684.9,84810.89999999998,125.99999999998545,1511.9999999998254,sl,51481.0,-0.21068489999998546,0.08468490000000001,5.0,ifvg_clean,0.001,-0.29536979999998547
2025-11,B_n_5x60,combined,combined_vs_pure_sniper_top3_sltp,63,1870385,1870450,-1,85767.1,85787.9,136.9999999999709,1643.9999999996508,inv,65.0,-0.10656709999998837,0.08576710000000001,5.0,ifvg_clean,0.001,-0.19233419999998838
2025-11,B_n_5x60,combined,combined_vs_pure_sniper_top3_sltp,64,2000431,2000560,1,85960.5,85938.7,145.99999999998545,1751.9999999998254,inv,135.0,-0.10776050000000291,0.0859605,5.0,ifvg_clean,0.001,-0.19372100000000292
2025-11,B_n_5x60,combined,combined_vs_pure_sniper_top3_sltp,65,2002653,2002698,1,86169.8,86099.0,360.99999999998545,4331.999999999825,inv,45.0,-0.15696980000000293,0.0861698,5.0,ifvg_clean,0.001,-0.24313960000000295
2025-11,B_n_5x60,combined,combined_vs_pure_sniper_top3_sltp,66,2018002,2018011,-1,88598.0,88618.3,150.0,1800.0,inv,9.0,-0.10889800000000291,0.088598,5.0,ifvg_clean,0.001,-0.1974960000000029
2025-11,B_n_5x60,combined,combined_vs_pure_sniper_top3_sltp,67,2031138,2031175,1,88672.2,88624.4,253.0000000000291,3036.0000000003492,inv,38.0,-0.13647220000000293,0.0886722,5.0,ifvg_clean,0.001,-0.22514440000000294
2025-11,B_n_5x60,combined,combined_vs_pure_sniper_top3_sltp,68,2016258,2036387,1,88372.8,87859.30000000002,513.4999999999854,6161.999999999825,sl,20406.0,-0.6018727999999854,0.0883728,5.0,ifvg_clean,0.001,-0.6902455999999855
2025-11,B_n_5x60,combined,combined_vs_pure_sniper_top3_sltp,69,2047370,2049677,-1,87696.0,87996.49999999996,300.49999999995634,3605.999999999476,sl,2359.0,-0.38819599999995635,0.087696,5.0,ifvg_clean,0.001,-0.47589199999995635
2025-11,B_n_5x60,combined,combined_vs_pure_sniper_top3_sltp,70,2082008,2082509,-1,87513.3,87631.79999999999,118.49999999998545,1421.9999999998254,sl,511.0,-0.20601329999998547,0.0875133,5.0,ifvg_clean,0.001,-0.2935265999999855
2025-11,B_n_5x60,combined,combined_vs_pure_sniper_top3_sltp,71,2088297,2088500,-1,86276.0,86684.49999999999,408.49999999998545,4901.999999999825,sl,203.0,-0.49477599999998545,0.08627599999999999,5.0,ifvg_clean,0.001,-0.5810519999999855
2025-11,B_n_5x60,combined,combined_vs_pure_sniper_top3_sltp,72,2101334,2101667,1,87490.5,87466.2,112.00000000004366,1344.0000000005239,inv,344.0,-0.1117905000000029,0.0874905,5.0,ifvg_clean,0.001,-0.1992810000000029
2025-11,B_n_5x60,combined,combined_vs_pure_sniper_top3_sltp,73,2109272,2109280,-1,87337.8,87349.3,103.49999999998545,1241.9999999998254,inv,9.0,-0.0988378,0.08733780000000001,5.0,ifvg_clean,0.001,-0.1861756
2025-11,B_n_5x60,combined,combined_vs_pure_sniper_top3_sltp,74,2110883,2111026,-1,87248.5,87297.7,245.49999999995634,2945.999999999476,inv,154.0,-0.13644849999999709,0.0872485,5.0,ifvg_clean,0.001,-0.2236969999999971
2025-11,B_n_5x60,combined,combined_vs_pure_sniper_top3_sltp,75,2133659,2137247,-1,87191.7,87365.20000000006,173.5000000000582,2082.0000000006985,sl,3769.0,-0.2606917000000582,0.0871917,5.0,ifvg_clean,0.001,-0.3478834000000582
2025-11,B_n_5x60,combined,combined_vs_pure_sniper_top3_sltp,76,2128860,2156241,-1,87879.6,86673.59999999966,100.5000000000291,1206.0000000003492,tp,28373.0,1.1181204000003493,0.08787960000000002,5.0,ifvg_clean,0.001,1.0302408000003493
2025-11,B_n_5x60,combined,combined_vs_pure_sniper_top3_sltp,77,2184155,2184268,-1,90137.1,90189.5,283.49999999998545,3401.9999999998254,inv,113.0,-0.1425370999999942,0.09013710000000001,5.0,ifvg_clean,0.001,-0.23267419999999422
2025-11,B_n_5x60,combined,combined_vs_pure_sniper_top3_sltp,78,1754272,2211030,1,83343.6,91143.6,650.0,7800.0,tp,465179.0,7.7166564,0.08334360000000002,5.0,ifvg_clean,0.001,7.6333128
2025-11,B_n_5x60,combined,combined_vs_pure_sniper_top3_sltp,79,2266119,2266308,1,91519.9,91301.40000000001,218.49999999998545,2621.9999999998254,sl,190.0,-0.31001989999998547,0.0915199,5.0,ifvg_clean,0.001,-0.40153979999998546
2025-11,B_n_5x60,combined,combined_vs_pure_sniper_top3_sltp,80,2284355,2284393,1,91214.6,91192.2,116.50000000001455,1398.0000000001746,inv,42.0,-0.11361460000000874,0.0912146,5.0,ifvg_clean,0.001,-0.20482920000000876
2025-11,B_n_5x60,combined,combined_vs_pure_sniper_top3_sltp,81,2345687,2346367,-1,91248.2,91491.19999999995,242.99999999995634,2915.999999999476,sl,680.0,-0.33424819999995636,0.0912482,5.0,ifvg_clean,0.001,-0.42549639999995637
2025-11,B_n_5x60,combined,combined_vs_pure_sniper_top3_sltp,82,2343843,2349286,-1,92091.0,90291.0,150.0,1800.0,tp,5443.0,1.7079090000000001,0.092091,5.0,ifvg_clean,0.001,1.6158180000000002
2025-11,B_n_5x60,combined,combined_vs_pure_sniper_top3_sltp,83,2350146,2350500,-1,90431.8,90683.30000000002,251.50000000001455,3018.0000000001746,sl,354.0,-0.34193180000001455,0.0904318,5.0,ifvg_clean,0.001,-0.43236360000001456
2025-11,B_n_5x60,combined,combined_vs_pure_sniper_top3_sltp,84,2344047,2528361,-1,92028.2,90320.6,286.9999999999709,3443.9999999996508,eod,201253.0,1.6155717999999912,0.0920282,5.0,ifvg_clean,0.001,1.5235435999999911
2025-11,B_n_5x60,combined,combined_vs_pure_sniper_top3_sltp,85,2525469,2528361,-1,90891.5,90320.6,131.9999999999709,1583.9999999996508,eod,2915.0,0.4800084999999942,0.09089150000000001,5.0,ifvg_clean,0.001,0.38911699999999416
2025-11,B_n_5x60,all_clean,combined_vs_pure_sniper_top3_sltp,0,170328,170336,1,108730.7,108705.2,140.0,1680.0,inv,8.0,-0.1342307,0.1087307,5.0,ifvg_clean,0.001,-0.2429614
2025-11,B_n_5x60,all_clean,combined_vs_pure_sniper_top3_sltp,1,188915,191248,-1,107361.9,107586.39999999997,224.4999999999709,2693.9999999996508,sl,2346.0,-0.3318618999999709,0.1073619,5.0,ifvg_clean,0.001,-0.4392237999999709
2025-11,B_n_5x60,all_clean,combined_vs_pure_sniper_top3_sltp,2,225599,225614,1,107315.0,107278.8,200.0,2400.0,inv,15.0,-0.1435149999999971,0.107315,5.0,ifvg_clean,0.001,-0.2508299999999971
2025-11,B_n_5x60,all_clean,combined_vs_pure_sniper_top3_sltp,3,257419,261081,1,107049.3,106748.80000000005,300.49999999995634,3605.999999999476,sl,3709.0,-0.40754929999995637,0.1070493,5.0,ifvg_clean,0.001,-0.5145985999999564
2025-11,B_n_5x60,all_clean,combined_vs_pure_sniper_top3_sltp,4,164817,265169,-1,109580.3,104852.29999999983,394.00000000001455,4728.000000000175,tp,101263.0,4.6184197000001745,0.1095803,5.0,ifvg_clean,0.001,4.508839400000174
2025-11,B_n_5x60,all_clean,combined_vs_pure_sniper_top3_sltp,5,161095,265966,-1,110272.3,104140.30000000018,510.99999999998545,6131.999999999825,tp,105831.0,6.0217276999998255,0.1102723,5.0,ifvg_clean,0.001,5.911455399999825
2025-11,B_n_5x60,all_clean,combined_vs_pure_sniper_top3_sltp,6,559713,560249,-1,100697.9,100897.39999999997,199.4999999999709,2393.9999999996508,sl,536.0,-0.3001978999999709,0.10069789999999999,5.0,ifvg_clean,0.001,-0.4008957999999709
2025-11,B_n_5x60,all_clean,combined_vs_pure_sniper_top3_sltp,7,596731,596738,-1,103090.3,103119.8,180.99999999998545,2171.9999999998254,inv,7.0,-0.1325903,0.1030903,5.0,ifvg_clean,0.001,-0.2356806
2025-11,B_n_5x60,all_clean,combined_vs_pure_sniper_top3_sltp,8,732248,733494,-1,103589.5,103743.0,772.5,9270.0,inv,1253.0,-0.25708949999999997,0.1035895,5.0,ifvg_clean,0.001,-0.36067899999999997
2025-11,B_n_5x60,all_clean,combined_vs_pure_sniper_top3_sltp,9,736176,736179,-1,103531.0,103586.5,333.0000000000291,3996.0000000003492,inv,3.0,-0.159031,0.10353100000000001,5.0,ifvg_clean,0.001,-0.262562
2025-11,B_n_5x60,all_clean,combined_vs_pure_sniper_top3_sltp,10,800230,800300,1,105956.6,105931.4,153.5000000000582,1842.0000000006985,inv,70.0,-0.13115660000001167,0.10595660000000001,5.0,ifvg_clean,0.001,-0.23711320000001168
2025-11,B_n_5x60,all_clean,combined_vs_pure_sniper_top3_sltp,11,816046,817272,-1,105068.7,105258.19999999997,189.4999999999709,2273.9999999996508,sl,1235.0,-0.29456869999997093,0.1050687,5.0,ifvg_clean,0.001,-0.39963739999997094
2025-11,B_n_5x60,all_clean,combined_vs_pure_sniper_top3_sltp,12,818823,818847,-1,105336.7,105361.0,154.4999999999709,1853.9999999996508,inv,24.0,-0.1296367000000029,0.10533669999999999,5.0,ifvg_clean,0.001,-0.23497340000000289
2025-11,B_n_5x60,all_clean,combined_vs_pure_sniper_top3_sltp,13,849676,850156,-1,106003.3,106198.79999999996,195.49999999995634,2345.999999999476,sl,486.0,-0.30150329999995634,0.10600330000000001,5.0,ifvg_clean,0.001,-0.40750659999995636
2025-11,B_n_5x60,all_clean,combined_vs_pure_sniper_top3_sltp,14,855941,856152,1,106414.9,106383.5,169.4999999999709,2033.9999999996508,inv,212.0,-0.1378148999999942,0.1064149,5.0,ifvg_clean,0.001,-0.2442297999999942
2025-11,B_n_5x60,all_clean,combined_vs_pure_sniper_top3_sltp,15,854544,856487,1,106576.3,106176.80000000003,399.4999999999709,4793.999999999651,sl,1971.0,-0.5060762999999708,0.1065763,5.0,ifvg_clean,0.001,-0.6126525999999708
2025-11,B_n_5x60,all_clean,combined_vs_pure_sniper_top3_sltp,16,835871,860263,1,105512.7,105113.19999999995,399.50000000004366,4794.000000000524,sl,24783.0,-0.5050127000000436,0.1055127,5.0,ifvg_clean,0.001,-0.6105254000000436
2025-11,B_n_5x60,all_clean,combined_vs_pure_sniper_top3_sltp,17,880992,883664,1,105304.8,105119.29999999997,185.5000000000291,2226.0000000003492,sl,2727.0,-0.2908048000000291,0.1053048,5.0,ifvg_clean,0.001,-0.39610960000002915
2025-11,B_n_5x60,all_clean,combined_vs_pure_sniper_top3_sltp,18,861070,904593,-1,105406.6,102964.60000000018,203.49999999998545,2441.9999999998254,tp,43915.0,2.336593399999826,0.10540660000000002,5.0,ifvg_clean,0.001,2.2311867999998256
2025-11,B_n_5x60,all_clean,combined_vs_pure_sniper_top3_sltp,19,965616,980001,1,104850.1,104260.1,590.0,7080.0,sl,14391.0,-0.6948501,0.10485010000000002,5.0,ifvg_clean,0.001,-0.7997002000000001
2025-11,B_n_5x60,all_clean,combined_vs_pure_sniper_top3_sltp,20,992020,992445,-1,101624.8,101636.9,110.49999999995634,1325.9999999994761,inv,428.0,-0.11372479999999129,0.10162480000000002,5.0,ifvg_clean,0.001,-0.21534959999999131
2025-11,B_n_5x60,all_clean,combined_vs_pure_sniper_top3_sltp,21,1000090,1000230,-1,101482.0,101561.9,396.9999999999709,4763.999999999651,inv,140.0,-0.1813819999999942,0.101482,5.0,ifvg_clean,0.001,-0.2828639999999942
2025-11,B_n_5x60,all_clean,combined_vs_pure_sniper_top3_sltp,22,1066913,1066922,-1,102478.0,102506.1,141.50000000001455,1698.0000000001746,inv,9.0,-0.13057800000000583,0.10247800000000001,5.0,ifvg_clean,0.001,-0.23305600000000584
2025-11,B_n_5x60,all_clean,combined_vs_pure_sniper_top3_sltp,23,1066641,1068936,1,102446.1,101439.10000000003,1006.9999999999709,12083.99999999965,sl,2295.0,-1.109446099999971,0.1024461,5.0,ifvg_clean,0.001,-1.211892199999971
2025-11,B_n_5x60,all_clean,combined_vs_pure_sniper_top3_sltp,24,1071754,1071844,-1,100996.8,101175.80000000002,179.00000000001455,2148.0000000001746,sl,90.0,-0.2799968000000146,0.10099680000000001,5.0,ifvg_clean,0.001,-0.3809936000000146
2025-11,B_n_5x60,all_clean,combined_vs_pure_sniper_top3_sltp,25,1075304,1077989,-1,100431.3,99189.30000000018,103.49999999998545,1241.9999999998254,tp,2686.0,1.1415686999998254,0.10043130000000002,5.0,ifvg_clean,0.001,1.0411373999998252
2025-11,B_n_5x60,all_clean,combined_vs_pure_sniper_top3_sltp,26,1076631,1079199,-1,99881.3,98333.29999999983,129.00000000001455,1548.0000000001746,tp,2568.0,1.4481187000001745,0.0998813,5.0,ifvg_clean,0.001,1.3482374000001744
2025-11,B_n_5x60,all_clean,combined_vs_pure_sniper_top3_sltp,27,1083578,1083578,-1,98707.8,98712.7,110.49999999995634,1325.9999999994761,inv,0.0,-0.10360779999999419,0.09870780000000001,5.0,ifvg_clean,0.001,-0.2023155999999942
2025-11,B_n_5x60,all_clean,combined_vs_pure_sniper_top3_sltp,28,1088159,1088321,-1,98363.1,98588.60000000003,225.5000000000291,2706.0000000003492,sl,162.0,-0.32386310000002916,0.09836310000000001,5.0,ifvg_clean,0.001,-0.4222262000000292
2025-11,B_n_5x60,all_clean,combined_vs_pure_sniper_top3_sltp,29,1095191,1098941,1,99617.7,99277.19999999997,340.5000000000291,4086.0000000003492,sl,3751.0,-0.44011770000002914,0.0996177,5.0,ifvg_clean,0.001,-0.5397354000000292
2025-11,B_n_5x60,all_clean,combined_vs_pure_sniper_top3_sltp,30,1105163,1105293,1,99397.1,99177.1,220.0,2640.0,sl,132.0,-0.3193971,0.09939710000000002,5.0,ifvg_clean,0.001,-0.4187942
2025-11,B_n_5x60,all_clean,combined_vs_pure_sniper_top3_sltp,31,1106082,1106189,1,99539.8,99373.80000000002,165.99999999998545,1991.9999999998254,sl,108.0,-0.26553979999998545,0.0995398,5.0,ifvg_clean,0.001,-0.36507959999998546
2025-11,B_n_5x60,all_clean,combined_vs_pure_sniper_top3_sltp,32,1112899,1114907,-1,99106.9,97858.89999999982,104.00000000001455,1248.0000000001746,tp,2025.0,1.1488931000001747,0.0991069,5.0,ifvg_clean,0.001,1.0497862000001748
2025-11,B_n_5x60,all_clean,combined_vs_pure_sniper_top3_sltp,33,1073080,1114911,-1,100791.8,97677.80000000035,259.4999999999709,3113.9999999996508,tp,41994.0,3.0132081999996507,0.10079180000000001,5.0,ifvg_clean,0.001,2.9124163999996506
2025-11,B_n_5x60,all_clean,combined_vs_pure_sniper_top3_sltp,34,1132470,1132560,-1,97077.4,97125.0,255.5000000000291,3066.0000000003492,inv,90.0,-0.1446774000000058,0.0970774,5.0,ifvg_clean,0.001,-0.24175480000000582
2025-11,B_n_5x60,all_clean,combined_vs_pure_sniper_top3_sltp,35,1139444,1143616,-1,96622.3,95248.30000000035,114.4999999999709,1373.9999999996508,tp,4172.0,1.277377699999651,0.09662230000000001,5.0,ifvg_clean,0.001,1.180755399999651
2025-11,B_n_5x60,all_clean,combined_vs_pure_sniper_top3_sltp,36,1158467,1158962,-1,97165.0,97202.2,140.99999999998545,1691.9999999998254,inv,496.0,-0.1343649999999971,0.097165,5.0,ifvg_clean,0.001,-0.2315299999999971
2025-11,B_n_5x60,all_clean,combined_vs_pure_sniper_top3_sltp,37,1239419,1301378,-1,96324.4,96363.5,233.0000000000291,2796.0000000003492,inv,66079.0,-0.13542440000000583,0.0963244,5.0,ifvg_clean,0.001,-0.23174880000000583
2025-11,B_n_5x60,all_clean,combined_vs_pure_sniper_top3_sltp,38,1312892,1313005,-1,95592.6,95728.59999999999,135.99999999998545,1631.9999999998254,sl,114.0,-0.23159259999998544,0.0955926,5.0,ifvg_clean,0.001,-0.3271851999999854
2025-11,B_n_5x60,all_clean,combined_vs_pure_sniper_top3_sltp,39,1115590,1344338,-1,97835.9,93221.90000000034,384.4999999999709,4613.999999999651,tp,234910.0,4.516164099999651,0.0978359,5.0,ifvg_clean,0.001,4.418328199999651
2025-11,B_n_5x60,all_clean,combined_vs_pure_sniper_top3_sltp,40,1354451,1354462,-1,94659.3,94705.7,255.0,3060.0,inv,11.0,-0.14105929999999417,0.0946593,5.0,ifvg_clean,0.001,-0.23571859999999417
2025-11,B_n_5x60,all_clean,combined_vs_pure_sniper_top3_sltp,41,1381472,1381481,-1,95747.5,95772.3,204.00000000001455,2448.0000000001746,inv,9.0,-0.12054750000000292,0.0957475,5.0,ifvg_clean,0.001,-0.2162950000000029
2025-11,B_n_5x60,all_clean,combined_vs_pure_sniper_top3_sltp,42,1403745,1403936,1,95304.8,94970.30000000003,334.4999999999709,4013.9999999996508,sl,191.0,-0.4298047999999709,0.09530480000000001,5.0,ifvg_clean,0.001,-0.5251095999999709
2025-11,B_n_5x60,all_clean,combined_vs_pure_sniper_top3_sltp,43,1450615,1466534,-1,90717.1,90955.60000000006,238.5000000000582,2862.0000000006985,sl,15924.0,-0.3292171000000582,0.09071710000000001,5.0,ifvg_clean,0.001,-0.4199342000000582
2025-11,B_n_5x60,all_clean,combined_vs_pure_sniper_top3_sltp,44,1496387,1496618,1,93583.5,93400.00000000001,183.49999999998545,2201.9999999998254,sl,231.0,-0.27708349999998544,0.0935835,5.0,ifvg_clean,0.001,-0.3706669999999854
2025-11,B_n_5x60,all_clean,combined_vs_pure_sniper_top3_sltp,45,1500400,1500403,1,93290.4,93274.9,104.50000000004366,1254.0000000005239,inv,3.0,-0.1087904,0.0932904,5.0,ifvg_clean,0.001,-0.2020808
2025-11,B_n_5x60,all_clean,combined_vs_pure_sniper_top3_sltp,46,1504682,1507327,-1,93474.8,93516.0,217.5,2610.0,inv,2703.0,-0.1346747999999971,0.09347480000000001,5.0,ifvg_clean,0.001,-0.22814959999999712
2025-11,B_n_5x60,all_clean,combined_vs_pure_sniper_top3_sltp,47,1508800,1508834,1,93162.9,93139.5,120.0,1440.0,inv,36.0,-0.11656289999999417,0.09316289999999999,5.0,ifvg_clean,0.001,-0.20972579999999416
2025-11,B_n_5x60,all_clean,combined_vs_pure_sniper_top3_sltp,48,1510790,1510966,1,92915.2,92876.5,198.0000000000291,2376.0000000003492,inv,179.0,-0.1316151999999971,0.0929152,5.0,ifvg_clean,0.001,-0.2245303999999971
2025-11,B_n_5x60,all_clean,combined_vs_pure_sniper_top3_sltp,49,1516627,1519626,1,93049.4,92790.90000000001,258.49999999998545,3101.9999999998254,sl,3086.0,-0.35154939999998547,0.09304939999999999,5.0,ifvg_clean,0.001,-0.4445987999999855
2025-11,B_n_5x60,all_clean,combined_vs_pure_sniper_top3_sltp,50,1597353,1597407,-1,89528.6,89575.9,245.0,2940.0,inv,54.0,-0.13682859999998837,0.08952860000000001,5.0,ifvg_clean,0.001,-0.22635719999998838
2025-11,B_n_5x60,all_clean,combined_vs_pure_sniper_top3_sltp,51,1656230,1656232,-1,91820.8,91883.8,448.0000000000291,5376.000000000349,inv,2.0,-0.1548208,0.09182080000000001,5.0,ifvg_clean,0.001,-0.24664160000000002
2025-11,B_n_5x60,all_clean,combined_vs_pure_sniper_top3_sltp,52,1596844,1665663,1,89255.8,88889.80000000002,365.99999999998545,4391.999999999825,sl,69538.0,-0.45525579999998544,0.08925580000000001,5.0,ifvg_clean,0.001,-0.5445115999999854
2025-11,B_n_5x60,all_clean,combined_vs_pure_sniper_top3_sltp,53,1731560,1731923,-1,82220.0,82570.49999999996,350.49999999995634,4205.999999999476,sl,363.0,-0.43271999999995636,0.08222,5.0,ifvg_clean,0.001,-0.5149399999999563
2025-11,B_n_5x60,all_clean,combined_vs_pure_sniper_top3_sltp,54,1737793,1737823,1,82096.4,82038.5,290.5000000000291,3486.0000000003492,inv,30.0,-0.1399963999999942,0.0820964,5.0,ifvg_clean,0.001,-0.2220927999999942
2025-11,B_n_5x60,all_clean,combined_vs_pure_sniper_top3_sltp,55,1750460,1750460,1,82784.7,82810.8,131.50000000001455,1578.0000000001746,inv,0.0,-0.05668469999999418,0.0827847,5.0,ifvg_clean,0.001,-0.1394693999999942
2025-11,B_n_5x60,all_clean,combined_vs_pure_sniper_top3_sltp,56,1751277,1753724,-1,82960.7,83509.70000000001,549.0000000000146,6588.000000000175,sl,2447.0,-0.6319607000000146,0.0829607,5.0,ifvg_clean,0.001,-0.7149214000000146
2025-11,B_n_5x60,all_clean,combined_vs_pure_sniper_top3_sltp,57,1759748,1759766,1,83468.4,83410.4,291.0000000000582,3492.0000000006985,inv,18.0,-0.1414684,0.0834684,5.0,ifvg_clean,0.001,-0.2249368
2025-11,B_n_5x60,all_clean,combined_vs_pure_sniper_top3_sltp,58,1786576,1787710,1,85096.6,84925.10000000006,171.4999999999418,2057.9999999993015,sl,1162.0,-0.2565965999999418,0.08509660000000001,5.0,ifvg_clean,0.001,-0.3416931999999418
2025-11,B_n_5x60,all_clean,combined_vs_pure_sniper_top3_sltp,59,1805001,1805756,1,84670.5,84459.50000000001,210.99999999998545,2531.9999999998254,sl,762.0,-0.29567049999998546,0.08467050000000001,5.0,ifvg_clean,0.001,-0.3803409999999855
2025-11,B_n_5x60,all_clean,combined_vs_pure_sniper_top3_sltp,60,1810764,1810785,1,84155.5,84096.9,371.0000000000582,4452.0000000006985,inv,21.0,-0.14275550000000584,0.08415550000000001,5.0,ifvg_clean,0.001,-0.22691100000000586
2025-11,B_n_5x60,all_clean,combined_vs_pure_sniper_top3_sltp,61,1827119,1827889,1,84009.4,83887.40000000002,121.9999999999709,1463.9999999996508,sl,776.0,-0.2060093999999709,0.0840094,5.0,ifvg_clean,0.001,-0.2900187999999709
2025-11,B_n_5x60,all_clean,combined_vs_pure_sniper_top3_sltp,62,1788954,1839815,-1,84684.9,84810.89999999998,125.99999999998545,1511.9999999998254,sl,51481.0,-0.21068489999998546,0.08468490000000001,5.0,ifvg_clean,0.001,-0.29536979999998547
2025-11,B_n_5x60,all_clean,combined_vs_pure_sniper_top3_sltp,63,1870385,1870450,-1,85767.1,85787.9,136.9999999999709,1643.9999999996508,inv,65.0,-0.10656709999998837,0.08576710000000001,5.0,ifvg_clean,0.001,-0.19233419999998838
2025-11,B_n_5x60,all_clean,combined_vs_pure_sniper_top3_sltp,64,2000431,2000560,1,85960.5,85938.7,145.99999999998545,1751.9999999998254,inv,135.0,-0.10776050000000291,0.0859605,5.0,ifvg_clean,0.001,-0.19372100000000292
2025-11,B_n_5x60,all_clean,combined_vs_pure_sniper_top3_sltp,65,2002653,2002698,1,86169.8,86099.0,360.99999999998545,4331.999999999825,inv,45.0,-0.15696980000000293,0.0861698,5.0,ifvg_clean,0.001,-0.24313960000000295
2025-11,B_n_5x60,all_clean,combined_vs_pure_sniper_top3_sltp,66,2018002,2018011,-1,88598.0,88618.3,150.0,1800.0,inv,9.0,-0.10889800000000291,0.088598,5.0,ifvg_clean,0.001,-0.1974960000000029
2025-11,B_n_5x60,all_clean,combined_vs_pure_sniper_top3_sltp,67,2031138,2031175,1,88672.2,88624.4,253.0000000000291,3036.0000000003492,inv,38.0,-0.13647220000000293,0.0886722,5.0,ifvg_clean,0.001,-0.22514440000000294
2025-11,B_n_5x60,all_clean,combined_vs_pure_sniper_top3_sltp,68,2016258,2036387,1,88372.8,87859.30000000002,513.4999999999854,6161.999999999825,sl,20406.0,-0.6018727999999854,0.0883728,5.0,ifvg_clean,0.001,-0.6902455999999855
2025-11,B_n_5x60,all_clean,combined_vs_pure_sniper_top3_sltp,69,2047370,2049677,-1,87696.0,87996.49999999996,300.49999999995634,3605.999999999476,sl,2359.0,-0.38819599999995635,0.087696,5.0,ifvg_clean,0.001,-0.47589199999995635
2025-11,B_n_5x60,all_clean,combined_vs_pure_sniper_top3_sltp,70,2082008,2082509,-1,87513.3,87631.79999999999,118.49999999998545,1421.9999999998254,sl,511.0,-0.20601329999998547,0.0875133,5.0,ifvg_clean,0.001,-0.2935265999999855
2025-11,B_n_5x60,all_clean,combined_vs_pure_sniper_top3_sltp,71,2088297,2088500,-1,86276.0,86684.49999999999,408.49999999998545,4901.999999999825,sl,203.0,-0.49477599999998545,0.08627599999999999,5.0,ifvg_clean,0.001,-0.5810519999999855
2025-11,B_n_5x60,all_clean,combined_vs_pure_sniper_top3_sltp,72,2101334,2101667,1,87490.5,87466.2,112.00000000004366,1344.0000000005239,inv,344.0,-0.1117905000000029,0.0874905,5.0,ifvg_clean,0.001,-0.1992810000000029
2025-11,B_n_5x60,all_clean,combined_vs_pure_sniper_top3_sltp,73,2109272,2109280,-1,87337.8,87349.3,103.49999999998545,1241.9999999998254,inv,9.0,-0.0988378,0.08733780000000001,5.0,ifvg_clean,0.001,-0.1861756
2025-11,B_n_5x60,all_clean,combined_vs_pure_sniper_top3_sltp,74,2110883,2111026,-1,87248.5,87297.7,245.49999999995634,2945.999999999476,inv,154.0,-0.13644849999999709,0.0872485,5.0,ifvg_clean,0.001,-0.2236969999999971
2025-11,B_n_5x60,all_clean,combined_vs_pure_sniper_top3_sltp,75,2133659,2137247,-1,87191.7,87365.20000000006,173.5000000000582,2082.0000000006985,sl,3769.0,-0.2606917000000582,0.0871917,5.0,ifvg_clean,0.001,-0.3478834000000582
2025-11,B_n_5x60,all_clean,combined_vs_pure_sniper_top3_sltp,76,2128860,2156241,-1,87879.6,86673.59999999966,100.5000000000291,1206.0000000003492,tp,28373.0,1.1181204000003493,0.08787960000000002,5.0,ifvg_clean,0.001,1.0302408000003493
2025-11,B_n_5x60,all_clean,combined_vs_pure_sniper_top3_sltp,77,2184155,2184268,-1,90137.1,90189.5,283.49999999998545,3401.9999999998254,inv,113.0,-0.1425370999999942,0.09013710000000001,5.0,ifvg_clean,0.001,-0.23267419999999422
2025-11,B_n_5x60,all_clean,combined_vs_pure_sniper_top3_sltp,78,1754272,2211030,1,83343.6,91143.6,650.0,7800.0,tp,465179.0,7.7166564,0.08334360000000002,5.0,ifvg_clean,0.001,7.6333128
2025-11,B_n_5x60,all_clean,combined_vs_pure_sniper_top3_sltp,79,2266119,2266308,1,91519.9,91301.40000000001,218.49999999998545,2621.9999999998254,sl,190.0,-0.31001989999998547,0.0915199,5.0,ifvg_clean,0.001,-0.40153979999998546
2025-11,B_n_5x60,all_clean,combined_vs_pure_sniper_top3_sltp,80,2284355,2284393,1,91214.6,91192.2,116.50000000001455,1398.0000000001746,inv,42.0,-0.11361460000000874,0.0912146,5.0,ifvg_clean,0.001,-0.20482920000000876
2025-11,B_n_5x60,all_clean,combined_vs_pure_sniper_top3_sltp,81,2345687,2346367,-1,91248.2,91491.19999999995,242.99999999995634,2915.999999999476,sl,680.0,-0.33424819999995636,0.0912482,5.0,ifvg_clean,0.001,-0.42549639999995637
2025-11,B_n_5x60,all_clean,combined_vs_pure_sniper_top3_sltp,82,2343843,2349286,-1,92091.0,90291.0,150.0,1800.0,tp,5443.0,1.7079090000000001,0.092091,5.0,ifvg_clean,0.001,1.6158180000000002
2025-11,B_n_5x60,all_clean,combined_vs_pure_sniper_top3_sltp,83,2350146,2350500,-1,90431.8,90683.30000000002,251.50000000001455,3018.0000000001746,sl,354.0,-0.34193180000001455,0.0904318,5.0,ifvg_clean,0.001,-0.43236360000001456
2025-11,B_n_5x60,all_clean,combined_vs_pure_sniper_top3_sltp,84,2344047,2528361,-1,92028.2,90320.6,286.9999999999709,3443.9999999996508,eod,201253.0,1.6155717999999912,0.0920282,5.0,ifvg_clean,0.001,1.5235435999999911
2025-11,B_n_5x60,all_clean,combined_vs_pure_sniper_top3_sltp,85,2525469,2528361,-1,90891.5,90320.6,131.9999999999709,1583.9999999996508,eod,2915.0,0.4800084999999942,0.09089150000000001,5.0,ifvg_clean,0.001,0.38911699999999416
2025-11,B_n_5x60,all_dirty,combined_vs_pure_sniper_top3_sltp,0,170328,170336,1,108730.7,108705.2,140.0,1680.0,inv,8.0,-0.1342307,0.1087307,5.0,sniper_dirty,0.001,-0.2429614
2025-11,B_n_5x60,all_dirty,combined_vs_pure_sniper_top3_sltp,1,188915,191248,-1,107361.9,107586.39999999997,224.4999999999709,2693.9999999996508,sl,2346.0,-0.3318618999999709,0.1073619,5.0,sniper_dirty,0.001,-0.4392237999999709
2025-11,B_n_5x60,all_dirty,combined_vs_pure_sniper_top3_sltp,2,225599,225614,1,107315.0,107278.8,200.0,2400.0,inv,15.0,-0.1435149999999971,0.107315,5.0,sniper_dirty,0.001,-0.2508299999999971
2025-11,B_n_5x60,all_dirty,combined_vs_pure_sniper_top3_sltp,3,257419,261081,1,107049.3,106748.80000000005,300.49999999995634,3605.999999999476,sl,3709.0,-0.40754929999995637,0.1070493,5.0,sniper_dirty,0.001,-0.5145985999999564
2025-11,B_n_5x60,all_dirty,combined_vs_pure_sniper_top3_sltp,4,164817,265169,-1,109580.3,104852.29999999983,394.00000000001455,4728.000000000175,tp,101263.0,4.6184197000001745,0.1095803,5.0,sniper_dirty,0.001,4.508839400000174
2025-11,B_n_5x60,all_dirty,combined_vs_pure_sniper_top3_sltp,5,161095,265966,-1,110272.3,104140.30000000018,510.99999999998545,6131.999999999825,tp,105831.0,6.0217276999998255,0.1102723,5.0,sniper_dirty,0.001,5.911455399999825
2025-11,B_n_5x60,all_dirty,combined_vs_pure_sniper_top3_sltp,6,559713,560249,-1,100697.9,100897.39999999997,199.4999999999709,2393.9999999996508,sl,536.0,-0.3001978999999709,0.10069789999999999,5.0,sniper_dirty,0.001,-0.4008957999999709
2025-11,B_n_5x60,all_dirty,combined_vs_pure_sniper_top3_sltp,7,596731,596738,-1,103090.3,103119.8,180.99999999998545,2171.9999999998254,inv,7.0,-0.1325903,0.1030903,5.0,sniper_dirty,0.001,-0.2356806
2025-11,B_n_5x60,all_dirty,combined_vs_pure_sniper_top3_sltp,8,732248,733494,-1,103589.5,103743.0,772.5,9270.0,inv,1253.0,-0.25708949999999997,0.1035895,5.0,sniper_dirty,0.001,-0.36067899999999997
2025-11,B_n_5x60,all_dirty,combined_vs_pure_sniper_top3_sltp,9,736176,736179,-1,103531.0,103586.5,333.0000000000291,3996.0000000003492,inv,3.0,-0.159031,0.10353100000000001,5.0,sniper_dirty,0.001,-0.262562
2025-11,B_n_5x60,all_dirty,combined_vs_pure_sniper_top3_sltp,10,800230,800300,1,105956.6,105931.4,153.5000000000582,1842.0000000006985,inv,70.0,-0.13115660000001167,0.10595660000000001,5.0,sniper_dirty,0.001,-0.23711320000001168
2025-11,B_n_5x60,all_dirty,combined_vs_pure_sniper_top3_sltp,11,816046,817272,-1,105068.7,105258.19999999997,189.4999999999709,2273.9999999996508,sl,1235.0,-0.29456869999997093,0.1050687,5.0,sniper_dirty,0.001,-0.39963739999997094
2025-11,B_n_5x60,all_dirty,combined_vs_pure_sniper_top3_sltp,12,818823,818847,-1,105336.7,105361.0,154.4999999999709,1853.9999999996508,inv,24.0,-0.1296367000000029,0.10533669999999999,5.0,sniper_dirty,0.001,-0.23497340000000289
2025-11,B_n_5x60,all_dirty,combined_vs_pure_sniper_top3_sltp,13,849676,850156,-1,106003.3,106198.79999999996,195.49999999995634,2345.999999999476,sl,486.0,-0.30150329999995634,0.10600330000000001,5.0,sniper_dirty,0.001,-0.40750659999995636
2025-11,B_n_5x60,all_dirty,combined_vs_pure_sniper_top3_sltp,14,855941,856152,1,106414.9,106383.5,169.4999999999709,2033.9999999996508,inv,212.0,-0.1378148999999942,0.1064149,5.0,sniper_dirty,0.001,-0.2442297999999942
2025-11,B_n_5x60,all_dirty,combined_vs_pure_sniper_top3_sltp,15,854544,856487,1,106576.3,106176.80000000003,399.4999999999709,4793.999999999651,sl,1971.0,-0.5060762999999708,0.1065763,5.0,sniper_dirty,0.001,-0.6126525999999708
2025-11,B_n_5x60,all_dirty,combined_vs_pure_sniper_top3_sltp,16,835871,860263,1,105512.7,105113.19999999995,399.50000000004366,4794.000000000524,sl,24783.0,-0.5050127000000436,0.1055127,5.0,sniper_dirty,0.001,-0.6105254000000436
2025-11,B_n_5x60,all_dirty,combined_vs_pure_sniper_top3_sltp,17,880992,883664,1,105304.8,105119.29999999997,185.5000000000291,2226.0000000003492,sl,2727.0,-0.2908048000000291,0.1053048,5.0,sniper_dirty,0.001,-0.39610960000002915
2025-11,B_n_5x60,all_dirty,combined_vs_pure_sniper_top3_sltp,18,861070,904593,-1,105406.6,102964.60000000018,203.49999999998545,2441.9999999998254,tp,43915.0,2.336593399999826,0.10540660000000002,5.0,sniper_dirty,0.001,2.2311867999998256
2025-11,B_n_5x60,all_dirty,combined_vs_pure_sniper_top3_sltp,19,965616,980001,1,104850.1,104260.1,590.0,7080.0,sl,14391.0,-0.6948501,0.10485010000000002,5.0,sniper_dirty,0.001,-0.7997002000000001
2025-11,B_n_5x60,all_dirty,combined_vs_pure_sniper_top3_sltp,20,992020,992445,-1,101624.8,101636.9,110.49999999995634,1325.9999999994761,inv,428.0,-0.11372479999999129,0.10162480000000002,5.0,sniper_dirty,0.001,-0.21534959999999131
2025-11,B_n_5x60,all_dirty,combined_vs_pure_sniper_top3_sltp,21,1000090,1000230,-1,101482.0,101561.9,396.9999999999709,4763.999999999651,inv,140.0,-0.1813819999999942,0.101482,5.0,sniper_dirty,0.001,-0.2828639999999942
2025-11,B_n_5x60,all_dirty,combined_vs_pure_sniper_top3_sltp,22,1066913,1066922,-1,102478.0,102506.1,141.50000000001455,1698.0000000001746,inv,9.0,-0.13057800000000583,0.10247800000000001,5.0,sniper_dirty,0.001,-0.23305600000000584
2025-11,B_n_5x60,all_dirty,combined_vs_pure_sniper_top3_sltp,23,1066641,1068936,1,102446.1,101439.10000000003,1006.9999999999709,12083.99999999965,sl,2295.0,-1.109446099999971,0.1024461,5.0,sniper_dirty,0.001,-1.211892199999971
2025-11,B_n_5x60,all_dirty,combined_vs_pure_sniper_top3_sltp,24,1071754,1071844,-1,100996.8,101175.80000000002,179.00000000001455,2148.0000000001746,sl,90.0,-0.2799968000000146,0.10099680000000001,5.0,sniper_dirty,0.001,-0.3809936000000146
2025-11,B_n_5x60,all_dirty,combined_vs_pure_sniper_top3_sltp,25,1075304,1077989,-1,100431.3,99189.30000000018,103.49999999998545,1241.9999999998254,tp,2686.0,1.1415686999998254,0.10043130000000002,5.0,sniper_dirty,0.001,1.0411373999998252
2025-11,B_n_5x60,all_dirty,combined_vs_pure_sniper_top3_sltp,26,1076631,1079199,-1,99881.3,98333.29999999983,129.00000000001455,1548.0000000001746,tp,2568.0,1.4481187000001745,0.0998813,5.0,sniper_dirty,0.001,1.3482374000001744
2025-11,B_n_5x60,all_dirty,combined_vs_pure_sniper_top3_sltp,27,1083578,1083578,-1,98707.8,98712.7,110.49999999995634,1325.9999999994761,inv,0.0,-0.10360779999999419,0.09870780000000001,5.0,sniper_dirty,0.001,-0.2023155999999942
2025-11,B_n_5x60,all_dirty,combined_vs_pure_sniper_top3_sltp,28,1088159,1088321,-1,98363.1,98588.60000000003,225.5000000000291,2706.0000000003492,sl,162.0,-0.32386310000002916,0.09836310000000001,5.0,sniper_dirty,0.001,-0.4222262000000292
2025-11,B_n_5x60,all_dirty,combined_vs_pure_sniper_top3_sltp,29,1095191,1098941,1,99617.7,99277.19999999997,340.5000000000291,4086.0000000003492,sl,3751.0,-0.44011770000002914,0.0996177,5.0,sniper_dirty,0.001,-0.5397354000000292
2025-11,B_n_5x60,all_dirty,combined_vs_pure_sniper_top3_sltp,30,1105163,1105293,1,99397.1,99177.1,220.0,2640.0,sl,132.0,-0.3193971,0.09939710000000002,5.0,sniper_dirty,0.001,-0.4187942
2025-11,B_n_5x60,all_dirty,combined_vs_pure_sniper_top3_sltp,31,1106082,1106189,1,99539.8,99373.80000000002,165.99999999998545,1991.9999999998254,sl,108.0,-0.26553979999998545,0.0995398,5.0,sniper_dirty,0.001,-0.36507959999998546
2025-11,B_n_5x60,all_dirty,combined_vs_pure_sniper_top3_sltp,32,1112899,1114907,-1,99106.9,97858.89999999982,104.00000000001455,1248.0000000001746,tp,2025.0,1.1488931000001747,0.0991069,5.0,sniper_dirty,0.001,1.0497862000001748
2025-11,B_n_5x60,all_dirty,combined_vs_pure_sniper_top3_sltp,33,1073080,1114911,-1,100791.8,97677.80000000035,259.4999999999709,3113.9999999996508,tp,41994.0,3.0132081999996507,0.10079180000000001,5.0,sniper_dirty,0.001,2.9124163999996506
2025-11,B_n_5x60,all_dirty,combined_vs_pure_sniper_top3_sltp,34,1132470,1132560,-1,97077.4,97125.0,255.5000000000291,3066.0000000003492,inv,90.0,-0.1446774000000058,0.0970774,5.0,sniper_dirty,0.001,-0.24175480000000582
2025-11,B_n_5x60,all_dirty,combined_vs_pure_sniper_top3_sltp,35,1139444,1143616,-1,96622.3,95248.30000000035,114.4999999999709,1373.9999999996508,tp,4172.0,1.277377699999651,0.09662230000000001,5.0,sniper_dirty,0.001,1.180755399999651
2025-11,B_n_5x60,all_dirty,combined_vs_pure_sniper_top3_sltp,36,1158467,1158962,-1,97165.0,97202.2,140.99999999998545,1691.9999999998254,inv,496.0,-0.1343649999999971,0.097165,5.0,sniper_dirty,0.001,-0.2315299999999971
2025-11,B_n_5x60,all_dirty,combined_vs_pure_sniper_top3_sltp,37,1239419,1301378,-1,96324.4,96363.5,233.0000000000291,2796.0000000003492,inv,66079.0,-0.13542440000000583,0.0963244,5.0,sniper_dirty,0.001,-0.23174880000000583
2025-11,B_n_5x60,all_dirty,combined_vs_pure_sniper_top3_sltp,38,1312892,1313005,-1,95592.6,95728.59999999999,135.99999999998545,1631.9999999998254,sl,114.0,-0.23159259999998544,0.0955926,5.0,sniper_dirty,0.001,-0.3271851999999854
2025-11,B_n_5x60,all_dirty,combined_vs_pure_sniper_top3_sltp,39,1115590,1344338,-1,97835.9,93221.90000000034,384.4999999999709,4613.999999999651,tp,234910.0,4.516164099999651,0.0978359,5.0,sniper_dirty,0.001,4.418328199999651
2025-11,B_n_5x60,all_dirty,combined_vs_pure_sniper_top3_sltp,40,1354451,1354462,-1,94659.3,94705.7,255.0,3060.0,inv,11.0,-0.14105929999999417,0.0946593,5.0,sniper_dirty,0.001,-0.23571859999999417
2025-11,B_n_5x60,all_dirty,combined_vs_pure_sniper_top3_sltp,41,1381472,1381481,-1,95747.5,95772.3,204.00000000001455,2448.0000000001746,inv,9.0,-0.12054750000000292,0.0957475,5.0,sniper_dirty,0.001,-0.2162950000000029
2025-11,B_n_5x60,all_dirty,combined_vs_pure_sniper_top3_sltp,42,1403745,1403936,1,95304.8,94970.30000000003,334.4999999999709,4013.9999999996508,sl,191.0,-0.4298047999999709,0.09530480000000001,5.0,sniper_dirty,0.001,-0.5251095999999709
2025-11,B_n_5x60,all_dirty,combined_vs_pure_sniper_top3_sltp,43,1450615,1466534,-1,90717.1,90955.60000000006,238.5000000000582,2862.0000000006985,sl,15924.0,-0.3292171000000582,0.09071710000000001,5.0,sniper_dirty,0.001,-0.4199342000000582
2025-11,B_n_5x60,all_dirty,combined_vs_pure_sniper_top3_sltp,44,1496387,1496618,1,93583.5,93400.00000000001,183.49999999998545,2201.9999999998254,sl,231.0,-0.27708349999998544,0.0935835,5.0,sniper_dirty,0.001,-0.3706669999999854
2025-11,B_n_5x60,all_dirty,combined_vs_pure_sniper_top3_sltp,45,1500400,1500403,1,93290.4,93274.9,104.50000000004366,1254.0000000005239,inv,3.0,-0.1087904,0.0932904,5.0,sniper_dirty,0.001,-0.2020808
2025-11,B_n_5x60,all_dirty,combined_vs_pure_sniper_top3_sltp,46,1504682,1507327,-1,93474.8,93516.0,217.5,2610.0,inv,2703.0,-0.1346747999999971,0.09347480000000001,5.0,sniper_dirty,0.001,-0.22814959999999712
2025-11,B_n_5x60,all_dirty,combined_vs_pure_sniper_top3_sltp,47,1508800,1508834,1,93162.9,93139.5,120.0,1440.0,inv,36.0,-0.11656289999999417,0.09316289999999999,5.0,sniper_dirty,0.001,-0.20972579999999416
2025-11,B_n_5x60,all_dirty,combined_vs_pure_sniper_top3_sltp,48,1510790,1510966,1,92915.2,92876.5,198.0000000000291,2376.0000000003492,inv,179.0,-0.1316151999999971,0.0929152,5.0,sniper_dirty,0.001,-0.2245303999999971
2025-11,B_n_5x60,all_dirty,combined_vs_pure_sniper_top3_sltp,49,1516627,1519626,1,93049.4,92790.90000000001,258.49999999998545,3101.9999999998254,sl,3086.0,-0.35154939999998547,0.09304939999999999,5.0,sniper_dirty,0.001,-0.4445987999999855
2025-11,B_n_5x60,all_dirty,combined_vs_pure_sniper_top3_sltp,50,1597353,1597407,-1,89528.6,89575.9,245.0,2940.0,inv,54.0,-0.13682859999998837,0.08952860000000001,5.0,sniper_dirty,0.001,-0.22635719999998838
2025-11,B_n_5x60,all_dirty,combined_vs_pure_sniper_top3_sltp,51,1656230,1656232,-1,91820.8,91883.8,448.0000000000291,5376.000000000349,inv,2.0,-0.1548208,0.09182080000000001,5.0,sniper_dirty,0.001,-0.24664160000000002
2025-11,B_n_5x60,all_dirty,combined_vs_pure_sniper_top3_sltp,52,1596844,1665663,1,89255.8,88889.80000000002,365.99999999998545,4391.999999999825,sl,69538.0,-0.45525579999998544,0.08925580000000001,5.0,sniper_dirty,0.001,-0.5445115999999854
2025-11,B_n_5x60,all_dirty,combined_vs_pure_sniper_top3_sltp,53,1731560,1731923,-1,82220.0,82570.49999999996,350.49999999995634,4205.999999999476,sl,363.0,-0.43271999999995636,0.08222,5.0,sniper_dirty,0.001,-0.5149399999999563
2025-11,B_n_5x60,all_dirty,combined_vs_pure_sniper_top3_sltp,54,1737793,1737823,1,82096.4,82038.5,290.5000000000291,3486.0000000003492,inv,30.0,-0.1399963999999942,0.0820964,5.0,sniper_dirty,0.001,-0.2220927999999942
2025-11,B_n_5x60,all_dirty,combined_vs_pure_sniper_top3_sltp,55,1750460,1750460,1,82784.7,82810.8,131.50000000001455,1578.0000000001746,inv,0.0,-0.05668469999999418,0.0827847,5.0,sniper_dirty,0.001,-0.1394693999999942
2025-11,B_n_5x60,all_dirty,combined_vs_pure_sniper_top3_sltp,56,1751277,1753724,-1,82960.7,83509.70000000001,549.0000000000146,6588.000000000175,sl,2447.0,-0.6319607000000146,0.0829607,5.0,sniper_dirty,0.001,-0.7149214000000146
2025-11,B_n_5x60,all_dirty,combined_vs_pure_sniper_top3_sltp,57,1759748,1759766,1,83468.4,83410.4,291.0000000000582,3492.0000000006985,inv,18.0,-0.1414684,0.0834684,5.0,sniper_dirty,0.001,-0.2249368
2025-11,B_n_5x60,all_dirty,combined_vs_pure_sniper_top3_sltp,58,1786576,1787710,1,85096.6,84925.10000000006,171.4999999999418,2057.9999999993015,sl,1162.0,-0.2565965999999418,0.08509660000000001,5.0,sniper_dirty,0.001,-0.3416931999999418
2025-11,B_n_5x60,all_dirty,combined_vs_pure_sniper_top3_sltp,59,1805001,1805756,1,84670.5,84459.50000000001,210.99999999998545,2531.9999999998254,sl,762.0,-0.29567049999998546,0.08467050000000001,5.0,sniper_dirty,0.001,-0.3803409999999855
2025-11,B_n_5x60,all_dirty,combined_vs_pure_sniper_top3_sltp,60,1810764,1810785,1,84155.5,84096.9,371.0000000000582,4452.0000000006985,inv,21.0,-0.14275550000000584,0.08415550000000001,5.0,sniper_dirty,0.001,-0.22691100000000586
2025-11,B_n_5x60,all_dirty,combined_vs_pure_sniper_top3_sltp,61,1827119,1827889,1,84009.4,83887.40000000002,121.9999999999709,1463.9999999996508,sl,776.0,-0.2060093999999709,0.0840094,5.0,sniper_dirty,0.001,-0.2900187999999709
2025-11,B_n_5x60,all_dirty,combined_vs_pure_sniper_top3_sltp,62,1788954,1839815,-1,84684.9,84810.89999999998,125.99999999998545,1511.9999999998254,sl,51481.0,-0.21068489999998546,0.08468490000000001,5.0,sniper_dirty,0.001,-0.29536979999998547
2025-11,B_n_5x60,all_dirty,combined_vs_pure_sniper_top3_sltp,63,1870385,1870450,-1,85767.1,85787.9,136.9999999999709,1643.9999999996508,inv,65.0,-0.10656709999998837,0.08576710000000001,5.0,sniper_dirty,0.001,-0.19233419999998838
2025-11,B_n_5x60,all_dirty,combined_vs_pure_sniper_top3_sltp,64,2000431,2000560,1,85960.5,85938.7,145.99999999998545,1751.9999999998254,inv,135.0,-0.10776050000000291,0.0859605,5.0,sniper_dirty,0.001,-0.19372100000000292
2025-11,B_n_5x60,all_dirty,combined_vs_pure_sniper_top3_sltp,65,2002653,2002698,1,86169.8,86099.0,360.99999999998545,4331.999999999825,inv,45.0,-0.15696980000000293,0.0861698,5.0,sniper_dirty,0.001,-0.24313960000000295
2025-11,B_n_5x60,all_dirty,combined_vs_pure_sniper_top3_sltp,66,2018002,2018011,-1,88598.0,88618.3,150.0,1800.0,inv,9.0,-0.10889800000000291,0.088598,5.0,sniper_dirty,0.001,-0.1974960000000029
2025-11,B_n_5x60,all_dirty,combined_vs_pure_sniper_top3_sltp,67,2031138,2031175,1,88672.2,88624.4,253.0000000000291,3036.0000000003492,inv,38.0,-0.13647220000000293,0.0886722,5.0,sniper_dirty,0.001,-0.22514440000000294
2025-11,B_n_5x60,all_dirty,combined_vs_pure_sniper_top3_sltp,68,2016258,2036387,1,88372.8,87859.30000000002,513.4999999999854,6161.999999999825,sl,20406.0,-0.6018727999999854,0.0883728,5.0,sniper_dirty,0.001,-0.6902455999999855
2025-11,B_n_5x60,all_dirty,combined_vs_pure_sniper_top3_sltp,69,2047370,2049677,-1,87696.0,87996.49999999996,300.49999999995634,3605.999999999476,sl,2359.0,-0.38819599999995635,0.087696,5.0,sniper_dirty,0.001,-0.47589199999995635
2025-11,B_n_5x60,all_dirty,combined_vs_pure_sniper_top3_sltp,70,2082008,2082509,-1,87513.3,87631.79999999999,118.49999999998545,1421.9999999998254,sl,511.0,-0.20601329999998547,0.0875133,5.0,sniper_dirty,0.001,-0.2935265999999855
2025-11,B_n_5x60,all_dirty,combined_vs_pure_sniper_top3_sltp,71,2088297,2088500,-1,86276.0,86684.49999999999,408.49999999998545,4901.999999999825,sl,203.0,-0.49477599999998545,0.08627599999999999,5.0,sniper_dirty,0.001,-0.5810519999999855
2025-11,B_n_5x60,all_dirty,combined_vs_pure_sniper_top3_sltp,72,2101334,2101667,1,87490.5,87466.2,112.00000000004366,1344.0000000005239,inv,344.0,-0.1117905000000029,0.0874905,5.0,sniper_dirty,0.001,-0.1992810000000029
2025-11,B_n_5x60,all_dirty,combined_vs_pure_sniper_top3_sltp,73,2109272,2109280,-1,87337.8,87349.3,103.49999999998545,1241.9999999998254,inv,9.0,-0.0988378,0.08733780000000001,5.0,sniper_dirty,0.001,-0.1861756
2025-11,B_n_5x60,all_dirty,combined_vs_pure_sniper_top3_sltp,74,2110883,2111026,-1,87248.5,87297.7,245.49999999995634,2945.999999999476,inv,154.0,-0.13644849999999709,0.0872485,5.0,sniper_dirty,0.001,-0.2236969999999971
2025-11,B_n_5x60,all_dirty,combined_vs_pure_sniper_top3_sltp,75,2133659,2137247,-1,87191.7,87365.20000000006,173.5000000000582,2082.0000000006985,sl,3769.0,-0.2606917000000582,0.0871917,5.0,sniper_dirty,0.001,-0.3478834000000582
2025-11,B_n_5x60,all_dirty,combined_vs_pure_sniper_top3_sltp,76,2128860,2156241,-1,87879.6,86673.59999999966,100.5000000000291,1206.0000000003492,tp,28373.0,1.1181204000003493,0.08787960000000002,5.0,sniper_dirty,0.001,1.0302408000003493
2025-11,B_n_5x60,all_dirty,combined_vs_pure_sniper_top3_sltp,77,2184155,2184268,-1,90137.1,90189.5,283.49999999998545,3401.9999999998254,inv,113.0,-0.1425370999999942,0.09013710000000001,5.0,sniper_dirty,0.001,-0.23267419999999422
2025-11,B_n_5x60,all_dirty,combined_vs_pure_sniper_top3_sltp,78,1754272,2211030,1,83343.6,91143.6,650.0,7800.0,tp,465179.0,7.7166564,0.08334360000000002,5.0,sniper_dirty,0.001,7.6333128
2025-11,B_n_5x60,all_dirty,combined_vs_pure_sniper_top3_sltp,79,2266119,2266308,1,91519.9,91301.40000000001,218.49999999998545,2621.9999999998254,sl,190.0,-0.31001989999998547,0.0915199,5.0,sniper_dirty,0.001,-0.40153979999998546
2025-11,B_n_5x60,all_dirty,combined_vs_pure_sniper_top3_sltp,80,2284355,2284393,1,91214.6,91192.2,116.50000000001455,1398.0000000001746,inv,42.0,-0.11361460000000874,0.0912146,5.0,sniper_dirty,0.001,-0.20482920000000876
2025-11,B_n_5x60,all_dirty,combined_vs_pure_sniper_top3_sltp,81,2345687,2346367,-1,91248.2,91491.19999999995,242.99999999995634,2915.999999999476,sl,680.0,-0.33424819999995636,0.0912482,5.0,sniper_dirty,0.001,-0.42549639999995637
2025-11,B_n_5x60,all_dirty,combined_vs_pure_sniper_top3_sltp,82,2343843,2349286,-1,92091.0,90291.0,150.0,1800.0,tp,5443.0,1.7079090000000001,0.092091,5.0,sniper_dirty,0.001,1.6158180000000002
2025-11,B_n_5x60,all_dirty,combined_vs_pure_sniper_top3_sltp,83,2350146,2350500,-1,90431.8,90683.30000000002,251.50000000001455,3018.0000000001746,sl,354.0,-0.34193180000001455,0.0904318,5.0,sniper_dirty,0.001,-0.43236360000001456
2025-11,B_n_5x60,all_dirty,combined_vs_pure_sniper_top3_sltp,84,2344047,2528361,-1,92028.2,90320.6,286.9999999999709,3443.9999999996508,eod,201253.0,1.6155717999999912,0.0920282,5.0,sniper_dirty,0.001,1.5235435999999911
2025-11,B_n_5x60,all_dirty,combined_vs_pure_sniper_top3_sltp,85,2525469,2528361,-1,90891.5,90320.6,131.9999999999709,1583.9999999996508,eod,2915.0,0.4800084999999942,0.09089150000000001,5.0,sniper_dirty,0.001,0.38911699999999416
2025-11,B_n_5x50,combined,combined_vs_pure_sniper_top3_sltp,0,170328,170336,1,108730.7,108705.2,140.0,1400.0,inv,8.0,-0.1342307,0.1087307,5.0,ifvg_clean,0.001,-0.2429614
2025-11,B_n_5x50,combined,combined_vs_pure_sniper_top3_sltp,1,188915,191248,-1,107361.9,107586.39999999997,224.4999999999709,2244.999999999709,sl,2346.0,-0.3318618999999709,0.1073619,5.0,ifvg_clean,0.001,-0.4392237999999709
2025-11,B_n_5x50,combined,combined_vs_pure_sniper_top3_sltp,2,164817,214388,-1,109580.3,105640.29999999986,394.00000000001455,3940.0000000001455,tp,49890.0,3.8304197000001454,0.1095803,5.0,ifvg_clean,0.001,3.7208394000001452
2025-11,B_n_5x50,combined,combined_vs_pure_sniper_top3_sltp,3,225599,225614,1,107315.0,107278.8,200.0,2000.0,inv,15.0,-0.1435149999999971,0.107315,5.0,ifvg_clean,0.001,-0.2508299999999971
2025-11,B_n_5x50,combined,combined_vs_pure_sniper_top3_sltp,4,257419,261081,1,107049.3,106748.80000000005,300.49999999995634,3004.9999999995634,sl,3709.0,-0.40754929999995637,0.1070493,5.0,ifvg_clean,0.001,-0.5145985999999564
2025-11,B_n_5x50,combined,combined_vs_pure_sniper_top3_sltp,5,161095,264787,-1,110272.3,105162.30000000015,510.99999999998545,5109.9999999998545,tp,104652.0,4.999727699999855,0.1102723,5.0,ifvg_clean,0.001,4.8894553999998545
2025-11,B_n_5x50,combined,combined_vs_pure_sniper_top3_sltp,6,559713,560249,-1,100697.9,100897.39999999997,199.4999999999709,1994.999999999709,sl,536.0,-0.3001978999999709,0.10069789999999999,5.0,ifvg_clean,0.001,-0.4008957999999709
2025-11,B_n_5x50,combined,combined_vs_pure_sniper_top3_sltp,7,596731,596738,-1,103090.3,103119.8,180.99999999998545,1809.9999999998545,inv,7.0,-0.1325903,0.1030903,5.0,ifvg_clean,0.001,-0.2356806
2025-11,B_n_5x50,combined,combined_vs_pure_sniper_top3_sltp,8,732248,733494,-1,103589.5,103743.0,772.5,7725.0,inv,1253.0,-0.25708949999999997,0.1035895,5.0,ifvg_clean,0.001,-0.36067899999999997
2025-11,B_n_5x50,combined,combined_vs_pure_sniper_top3_sltp,9,736176,736179,-1,103531.0,103586.5,333.0000000000291,3330.000000000291,inv,3.0,-0.159031,0.10353100000000001,5.0,ifvg_clean,0.001,-0.262562
2025-11,B_n_5x50,combined,combined_vs_pure_sniper_top3_sltp,10,800230,800300,1,105956.6,105931.4,153.5000000000582,1535.000000000582,inv,70.0,-0.13115660000001167,0.10595660000000001,5.0,ifvg_clean,0.001,-0.23711320000001168
2025-11,B_n_5x50,combined,combined_vs_pure_sniper_top3_sltp,11,816046,817272,-1,105068.7,105258.19999999997,189.4999999999709,1894.999999999709,sl,1235.0,-0.29456869999997093,0.1050687,5.0,ifvg_clean,0.001,-0.39963739999997094
2025-11,B_n_5x50,combined,combined_vs_pure_sniper_top3_sltp,12,818823,818847,-1,105336.7,105361.0,154.4999999999709,1544.999999999709,inv,24.0,-0.1296367000000029,0.10533669999999999,5.0,ifvg_clean,0.001,-0.23497340000000289
2025-11,B_n_5x50,combined,combined_vs_pure_sniper_top3_sltp,13,849676,850156,-1,106003.3,106198.79999999996,195.49999999995634,1954.9999999995634,sl,486.0,-0.30150329999995634,0.10600330000000001,5.0,ifvg_clean,0.001,-0.40750659999995636
2025-11,B_n_5x50,combined,combined_vs_pure_sniper_top3_sltp,14,855941,856152,1,106414.9,106383.5,169.4999999999709,1694.999999999709,inv,212.0,-0.1378148999999942,0.1064149,5.0,ifvg_clean,0.001,-0.2442297999999942
2025-11,B_n_5x50,combined,combined_vs_pure_sniper_top3_sltp,15,854544,856487,1,106576.3,106176.80000000003,399.4999999999709,3994.999999999709,sl,1971.0,-0.5060762999999708,0.1065763,5.0,ifvg_clean,0.001,-0.6126525999999708
2025-11,B_n_5x50,combined,combined_vs_pure_sniper_top3_sltp,16,835871,860263,1,105512.7,105113.19999999995,399.50000000004366,3995.0000000004366,sl,24783.0,-0.5050127000000436,0.1055127,5.0,ifvg_clean,0.001,-0.6105254000000436
2025-11,B_n_5x50,combined,combined_vs_pure_sniper_top3_sltp,17,880992,883664,1,105304.8,105119.29999999997,185.5000000000291,1855.000000000291,sl,2727.0,-0.2908048000000291,0.1053048,5.0,ifvg_clean,0.001,-0.39610960000002915
2025-11,B_n_5x50,combined,combined_vs_pure_sniper_top3_sltp,18,861070,897008,-1,105406.6,103371.60000000015,203.49999999998545,2034.9999999998545,tp,36302.0,1.9295933999998545,0.10540660000000002,5.0,ifvg_clean,0.001,1.8241867999998544
2025-11,B_n_5x50,combined,combined_vs_pure_sniper_top3_sltp,19,965616,980001,1,104850.1,104260.1,590.0,5900.0,sl,14391.0,-0.6948501,0.10485010000000002,5.0,ifvg_clean,0.001,-0.7997002000000001
2025-11,B_n_5x50,combined,combined_vs_pure_sniper_top3_sltp,20,992020,992445,-1,101624.8,101636.9,110.49999999995634,1104.9999999995634,inv,428.0,-0.11372479999999129,0.10162480000000002,5.0,ifvg_clean,0.001,-0.21534959999999131
2025-11,B_n_5x50,combined,combined_vs_pure_sniper_top3_sltp,21,1000090,1000230,-1,101482.0,101561.9,396.9999999999709,3969.999999999709,inv,140.0,-0.1813819999999942,0.101482,5.0,ifvg_clean,0.001,-0.2828639999999942
2025-11,B_n_5x50,combined,combined_vs_pure_sniper_top3_sltp,22,1066913,1066922,-1,102478.0,102506.1,141.50000000001455,1415.0000000001455,inv,9.0,-0.13057800000000583,0.10247800000000001,5.0,ifvg_clean,0.001,-0.23305600000000584
2025-11,B_n_5x50,combined,combined_vs_pure_sniper_top3_sltp,23,1066641,1068936,1,102446.1,101439.10000000003,1006.9999999999709,10069.999999999709,sl,2295.0,-1.109446099999971,0.1024461,5.0,ifvg_clean,0.001,-1.211892199999971
2025-11,B_n_5x50,combined,combined_vs_pure_sniper_top3_sltp,24,1071754,1071844,-1,100996.8,101175.80000000002,179.00000000001455,1790.0000000001455,sl,90.0,-0.2799968000000146,0.10099680000000001,5.0,ifvg_clean,0.001,-0.3809936000000146
2025-11,B_n_5x50,combined,combined_vs_pure_sniper_top3_sltp,25,1075304,1077533,-1,100431.3,99396.30000000015,103.49999999998545,1034.9999999998545,tp,2230.0,0.9345686999998545,0.10043130000000002,5.0,ifvg_clean,0.001,0.8341373999998545
2025-11,B_n_5x50,combined,combined_vs_pure_sniper_top3_sltp,26,1076631,1079050,-1,99881.3,98591.29999999986,129.00000000001455,1290.0000000001455,tp,2419.0,1.1901187000001454,0.0998813,5.0,ifvg_clean,0.001,1.0902374000001454
2025-11,B_n_5x50,combined,combined_vs_pure_sniper_top3_sltp,27,1073080,1079277,-1,100791.8,98196.8000000003,259.4999999999709,2594.999999999709,tp,6198.0,2.4942081999997088,0.10079180000000001,5.0,ifvg_clean,0.001,2.3934163999997087
2025-11,B_n_5x50,combined,combined_vs_pure_sniper_top3_sltp,28,1083578,1083578,-1,98707.8,98712.7,110.49999999995634,1104.9999999995634,inv,0.0,-0.10360779999999419,0.09870780000000001,5.0,ifvg_clean,0.001,-0.2023155999999942
2025-11,B_n_5x50,combined,combined_vs_pure_sniper_top3_sltp,29,1088159,1088321,-1,98363.1,98588.60000000003,225.5000000000291,2255.000000000291,sl,162.0,-0.32386310000002916,0.09836310000000001,5.0,ifvg_clean,0.001,-0.4222262000000292
2025-11,B_n_5x50,combined,combined_vs_pure_sniper_top3_sltp,30,1095191,1098941,1,99617.7,99277.19999999997,340.5000000000291,3405.000000000291,sl,3751.0,-0.44011770000002914,0.0996177,5.0,ifvg_clean,0.001,-0.5397354000000292
2025-11,B_n_5x50,combined,combined_vs_pure_sniper_top3_sltp,31,1105163,1105293,1,99397.1,99177.1,220.0,2200.0,sl,132.0,-0.3193971,0.09939710000000002,5.0,ifvg_clean,0.001,-0.4187942
2025-11,B_n_5x50,combined,combined_vs_pure_sniper_top3_sltp,32,1106082,1106189,1,99539.8,99373.80000000002,165.99999999998545,1659.9999999998545,sl,108.0,-0.26553979999998545,0.0995398,5.0,ifvg_clean,0.001,-0.36507959999998546
2025-11,B_n_5x50,combined,combined_vs_pure_sniper_top3_sltp,33,1112899,1114904,-1,99106.9,98066.89999999985,104.00000000001455,1040.0000000001455,tp,2022.0,0.9408931000001455,0.0991069,5.0,ifvg_clean,0.001,0.8417862000001455
2025-11,B_n_5x50,combined,combined_vs_pure_sniper_top3_sltp,34,1132470,1132560,-1,97077.4,97125.0,255.5000000000291,2555.000000000291,inv,90.0,-0.1446774000000058,0.0970774,5.0,ifvg_clean,0.001,-0.24175480000000582
2025-11,B_n_5x50,combined,combined_vs_pure_sniper_top3_sltp,35,1139444,1143556,-1,96622.3,95477.3000000003,114.4999999999709,1144.999999999709,tp,4112.0,1.048377699999709,0.09662230000000001,5.0,ifvg_clean,0.001,0.9517553999997089
2025-11,B_n_5x50,combined,combined_vs_pure_sniper_top3_sltp,36,1158467,1158962,-1,97165.0,97202.2,140.99999999998545,1409.9999999998545,inv,496.0,-0.1343649999999971,0.097165,5.0,ifvg_clean,0.001,-0.2315299999999971
2025-11,B_n_5x50,combined,combined_vs_pure_sniper_top3_sltp,37,1115590,1181378,-1,97835.9,93990.90000000029,384.4999999999709,3844.999999999709,tp,65984.0,3.7471640999997087,0.0978359,5.0,ifvg_clean,0.001,3.6493281999997085
2025-11,B_n_5x50,combined,combined_vs_pure_sniper_top3_sltp,38,1239419,1301378,-1,96324.4,96363.5,233.0000000000291,2330.000000000291,inv,66079.0,-0.13542440000000583,0.0963244,5.0,ifvg_clean,0.001,-0.23174880000000583
2025-11,B_n_5x50,combined,combined_vs_pure_sniper_top3_sltp,39,1312892,1313005,-1,95592.6,95728.59999999999,135.99999999998545,1359.9999999998545,sl,114.0,-0.23159259999998544,0.0955926,5.0,ifvg_clean,0.001,-0.3271851999999854
2025-11,B_n_5x50,combined,combined_vs_pure_sniper_top3_sltp,40,1354451,1354462,-1,94659.3,94705.7,255.0,2550.0,inv,11.0,-0.14105929999999417,0.0946593,5.0,ifvg_clean,0.001,-0.23571859999999417
2025-11,B_n_5x50,combined,combined_vs_pure_sniper_top3_sltp,41,1381472,1381481,-1,95747.5,95772.3,204.00000000001455,2040.0000000001455,inv,9.0,-0.12054750000000292,0.0957475,5.0,ifvg_clean,0.001,-0.2162950000000029
2025-11,B_n_5x50,combined,combined_vs_pure_sniper_top3_sltp,42,1403745,1403936,1,95304.8,94970.30000000003,334.4999999999709,3344.999999999709,sl,191.0,-0.4298047999999709,0.09530480000000001,5.0,ifvg_clean,0.001,-0.5251095999999709
2025-11,B_n_5x50,combined,combined_vs_pure_sniper_top3_sltp,43,1450615,1466534,-1,90717.1,90955.60000000006,238.5000000000582,2385.000000000582,sl,15924.0,-0.3292171000000582,0.09071710000000001,5.0,ifvg_clean,0.001,-0.4199342000000582
2025-11,B_n_5x50,combined,combined_vs_pure_sniper_top3_sltp,44,1496387,1496618,1,93583.5,93400.00000000001,183.49999999998545,1834.9999999998545,sl,231.0,-0.27708349999998544,0.0935835,5.0,ifvg_clean,0.001,-0.3706669999999854
2025-11,B_n_5x50,combined,combined_vs_pure_sniper_top3_sltp,45,1500400,1500403,1,93290.4,93274.9,104.50000000004366,1045.0000000004366,inv,3.0,-0.1087904,0.0932904,5.0,ifvg_clean,0.001,-0.2020808
2025-11,B_n_5x50,combined,combined_vs_pure_sniper_top3_sltp,46,1504682,1507327,-1,93474.8,93516.0,217.5,2175.0,inv,2703.0,-0.1346747999999971,0.09347480000000001,5.0,ifvg_clean,0.001,-0.22814959999999712
2025-11,B_n_5x50,combined,combined_vs_pure_sniper_top3_sltp,47,1508800,1508834,1,93162.9,93139.5,120.0,1200.0,inv,36.0,-0.11656289999999417,0.09316289999999999,5.0,ifvg_clean,0.001,-0.20972579999999416
2025-11,B_n_5x50,combined,combined_vs_pure_sniper_top3_sltp,48,1510790,1510966,1,92915.2,92876.5,198.0000000000291,1980.000000000291,inv,179.0,-0.1316151999999971,0.0929152,5.0,ifvg_clean,0.001,-0.2245303999999971
2025-11,B_n_5x50,combined,combined_vs_pure_sniper_top3_sltp,49,1516627,1519626,1,93049.4,92790.90000000001,258.49999999998545,2584.9999999998545,sl,3086.0,-0.35154939999998547,0.09304939999999999,5.0,ifvg_clean,0.001,-0.4445987999999855
2025-11,B_n_5x50,combined,combined_vs_pure_sniper_top3_sltp,50,1597353,1597407,-1,89528.6,89575.9,245.0,2450.0,inv,54.0,-0.13682859999998837,0.08952860000000001,5.0,ifvg_clean,0.001,-0.22635719999998838
2025-11,B_n_5x50,combined,combined_vs_pure_sniper_top3_sltp,51,1596844,1626106,1,89255.8,92915.79999999986,365.99999999998545,3659.9999999998545,tp,29438.0,3.5707441999998544,0.08925580000000001,5.0,ifvg_clean,0.001,3.4814883999998543
2025-11,B_n_5x50,combined,combined_vs_pure_sniper_top3_sltp,52,1656230,1656232,-1,91820.8,91883.8,448.0000000000291,4480.000000000291,inv,2.0,-0.1548208,0.09182080000000001,5.0,ifvg_clean,0.001,-0.24664160000000002
2025-11,B_n_5x50,combined,combined_vs_pure_sniper_top3_sltp,53,1731560,1731923,-1,82220.0,82570.49999999996,350.49999999995634,3504.9999999995634,sl,363.0,-0.43271999999995636,0.08222,5.0,ifvg_clean,0.001,-0.5149399999999563
2025-11,B_n_5x50,combined,combined_vs_pure_sniper_top3_sltp,54,1737793,1737823,1,82096.4,82038.5,290.5000000000291,2905.000000000291,inv,30.0,-0.1399963999999942,0.0820964,5.0,ifvg_clean,0.001,-0.2220927999999942
2025-11,B_n_5x50,combined,combined_vs_pure_sniper_top3_sltp,55,1750460,1750460,1,82784.7,82810.8,131.50000000001455,1315.0000000001455,inv,0.0,-0.05668469999999418,0.0827847,5.0,ifvg_clean,0.001,-0.1394693999999942
2025-11,B_n_5x50,combined,combined_vs_pure_sniper_top3_sltp,56,1751277,1753724,-1,82960.7,83509.70000000001,549.0000000000146,5490.0000000001455,sl,2447.0,-0.6319607000000146,0.0829607,5.0,ifvg_clean,0.001,-0.7149214000000146
2025-11,B_n_5x50,combined,combined_vs_pure_sniper_top3_sltp,57,1759748,1759766,1,83468.4,83410.4,291.0000000000582,2910.000000000582,inv,18.0,-0.1414684,0.0834684,5.0,ifvg_clean,0.001,-0.2249368
2025-11,B_n_5x50,combined,combined_vs_pure_sniper_top3_sltp,58,1786576,1787710,1,85096.6,84925.10000000006,171.4999999999418,1714.999999999418,sl,1162.0,-0.2565965999999418,0.08509660000000001,5.0,ifvg_clean,0.001,-0.3416931999999418
2025-11,B_n_5x50,combined,combined_vs_pure_sniper_top3_sltp,59,1805001,1805756,1,84670.5,84459.50000000001,210.99999999998545,2109.9999999998545,sl,762.0,-0.29567049999998546,0.08467050000000001,5.0,ifvg_clean,0.001,-0.3803409999999855
2025-11,B_n_5x50,combined,combined_vs_pure_sniper_top3_sltp,60,1810764,1810785,1,84155.5,84096.9,371.0000000000582,3710.000000000582,inv,21.0,-0.14275550000000584,0.08415550000000001,5.0,ifvg_clean,0.001,-0.22691100000000586
2025-11,B_n_5x50,combined,combined_vs_pure_sniper_top3_sltp,61,1827119,1827889,1,84009.4,83887.40000000002,121.9999999999709,1219.999999999709,sl,776.0,-0.2060093999999709,0.0840094,5.0,ifvg_clean,0.001,-0.2900187999999709
2025-11,B_n_5x50,combined,combined_vs_pure_sniper_top3_sltp,62,1788954,1839815,-1,84684.9,84810.89999999998,125.99999999998545,1259.9999999998545,sl,51481.0,-0.21068489999998546,0.08468490000000001,5.0,ifvg_clean,0.001,-0.29536979999998547
2025-11,B_n_5x50,combined,combined_vs_pure_sniper_top3_sltp,63,1870385,1870450,-1,85767.1,85787.9,136.9999999999709,1369.999999999709,inv,65.0,-0.10656709999998837,0.08576710000000001,5.0,ifvg_clean,0.001,-0.19233419999998838
2025-11,B_n_5x50,combined,combined_vs_pure_sniper_top3_sltp,64,2000431,2000560,1,85960.5,85938.7,145.99999999998545,1459.9999999998545,inv,135.0,-0.10776050000000291,0.0859605,5.0,ifvg_clean,0.001,-0.19372100000000292
2025-11,B_n_5x50,combined,combined_vs_pure_sniper_top3_sltp,65,2002653,2002698,1,86169.8,86099.0,360.99999999998545,3609.9999999998545,inv,45.0,-0.15696980000000293,0.0861698,5.0,ifvg_clean,0.001,-0.24313960000000295
2025-11,B_n_5x50,combined,combined_vs_pure_sniper_top3_sltp,66,2018002,2018011,-1,88598.0,88618.3,150.0,1500.0,inv,9.0,-0.10889800000000291,0.088598,5.0,ifvg_clean,0.001,-0.1974960000000029
2025-11,B_n_5x50,combined,combined_vs_pure_sniper_top3_sltp,67,2031138,2031175,1,88672.2,88624.4,253.0000000000291,2530.000000000291,inv,38.0,-0.13647220000000293,0.0886722,5.0,ifvg_clean,0.001,-0.22514440000000294
2025-11,B_n_5x50,combined,combined_vs_pure_sniper_top3_sltp,68,2016258,2036387,1,88372.8,87859.30000000002,513.4999999999854,5134.9999999998545,sl,20406.0,-0.6018727999999854,0.0883728,5.0,ifvg_clean,0.001,-0.6902455999999855
2025-11,B_n_5x50,combined,combined_vs_pure_sniper_top3_sltp,69,2047370,2049677,-1,87696.0,87996.49999999996,300.49999999995634,3004.9999999995634,sl,2359.0,-0.38819599999995635,0.087696,5.0,ifvg_clean,0.001,-0.47589199999995635
2025-11,B_n_5x50,combined,combined_vs_pure_sniper_top3_sltp,70,2082008,2082509,-1,87513.3,87631.79999999999,118.49999999998545,1184.9999999998545,sl,511.0,-0.20601329999998547,0.0875133,5.0,ifvg_clean,0.001,-0.2935265999999855
2025-11,B_n_5x50,combined,combined_vs_pure_sniper_top3_sltp,71,2088297,2088500,-1,86276.0,86684.49999999999,408.49999999998545,4084.9999999998545,sl,203.0,-0.49477599999998545,0.08627599999999999,5.0,ifvg_clean,0.001,-0.5810519999999855
2025-11,B_n_5x50,combined,combined_vs_pure_sniper_top3_sltp,72,2101334,2101667,1,87490.5,87466.2,112.00000000004366,1120.0000000004366,inv,344.0,-0.1117905000000029,0.0874905,5.0,ifvg_clean,0.001,-0.1992810000000029
2025-11,B_n_5x50,combined,combined_vs_pure_sniper_top3_sltp,73,2109272,2109280,-1,87337.8,87349.3,103.49999999998545,1034.9999999998545,inv,9.0,-0.0988378,0.08733780000000001,5.0,ifvg_clean,0.001,-0.1861756
2025-11,B_n_5x50,combined,combined_vs_pure_sniper_top3_sltp,74,2110883,2111026,-1,87248.5,87297.7,245.49999999995634,2454.9999999995634,inv,154.0,-0.13644849999999709,0.0872485,5.0,ifvg_clean,0.001,-0.2236969999999971
2025-11,B_n_5x50,combined,combined_vs_pure_sniper_top3_sltp,75,2128860,2134050,-1,87879.6,86874.59999999971,100.5000000000291,1005.000000000291,tp,5383.0,0.9171204000002909,0.08787960000000002,5.0,ifvg_clean,0.001,0.8292408000002909
2025-11,B_n_5x50,combined,combined_vs_pure_sniper_top3_sltp,76,2133659,2137247,-1,87191.7,87365.20000000006,173.5000000000582,1735.000000000582,sl,3769.0,-0.2606917000000582,0.0871917,5.0,ifvg_clean,0.001,-0.3478834000000582
2025-11,B_n_5x50,combined,combined_vs_pure_sniper_top3_sltp,77,1754272,2182056,1,83343.6,89843.6,650.0,6500.0,tp,435744.0,6.4166564,0.08334360000000002,5.0,ifvg_clean,0.001,6.3333128
2025-11,B_n_5x50,combined,combined_vs_pure_sniper_top3_sltp,78,2184155,2184268,-1,90137.1,90189.5,283.49999999998545,2834.9999999998545,inv,113.0,-0.1425370999999942,0.09013710000000001,5.0,ifvg_clean,0.001,-0.23267419999999422
2025-11,B_n_5x50,combined,combined_vs_pure_sniper_top3_sltp,79,2266119,2266308,1,91519.9,91301.40000000001,218.49999999998545,2184.9999999998545,sl,190.0,-0.31001989999998547,0.0915199,5.0,ifvg_clean,0.001,-0.40153979999998546
2025-11,B_n_5x50,combined,combined_vs_pure_sniper_top3_sltp,80,2284355,2284393,1,91214.6,91192.2,116.50000000001455,1165.0000000001455,inv,42.0,-0.11361460000000874,0.0912146,5.0,ifvg_clean,0.001,-0.20482920000000876
2025-11,B_n_5x50,combined,combined_vs_pure_sniper_top3_sltp,81,2345687,2346367,-1,91248.2,91491.19999999995,242.99999999995634,2429.9999999995634,sl,680.0,-0.33424819999995636,0.0912482,5.0,ifvg_clean,0.001,-0.42549639999995637
2025-11,B_n_5x50,combined,combined_vs_pure_sniper_top3_sltp,82,2343843,2348522,-1,92091.0,90591.0,150.0,1500.0,tp,4679.0,1.407909,0.092091,5.0,ifvg_clean,0.001,1.3158180000000002
2025-11,B_n_5x50,combined,combined_vs_pure_sniper_top3_sltp,83,2350146,2350500,-1,90431.8,90683.30000000002,251.50000000001455,2515.0000000001455,sl,354.0,-0.34193180000001455,0.0904318,5.0,ifvg_clean,0.001,-0.43236360000001456
2025-11,B_n_5x50,combined,combined_vs_pure_sniper_top3_sltp,84,2344047,2528361,-1,92028.2,90320.6,286.9999999999709,2869.999999999709,eod,201253.0,1.6155717999999912,0.0920282,5.0,ifvg_clean,0.001,1.5235435999999911
2025-11,B_n_5x50,combined,combined_vs_pure_sniper_top3_sltp,85,2525469,2528361,-1,90891.5,90320.6,131.9999999999709,1319.999999999709,eod,2915.0,0.4800084999999942,0.09089150000000001,5.0,ifvg_clean,0.001,0.38911699999999416
2025-11,B_n_5x50,all_clean,combined_vs_pure_sniper_top3_sltp,0,170328,170336,1,108730.7,108705.2,140.0,1400.0,inv,8.0,-0.1342307,0.1087307,5.0,ifvg_clean,0.001,-0.2429614
2025-11,B_n_5x50,all_clean,combined_vs_pure_sniper_top3_sltp,1,188915,191248,-1,107361.9,107586.39999999997,224.4999999999709,2244.999999999709,sl,2346.0,-0.3318618999999709,0.1073619,5.0,ifvg_clean,0.001,-0.4392237999999709
2025-11,B_n_5x50,all_clean,combined_vs_pure_sniper_top3_sltp,2,164817,214388,-1,109580.3,105640.29999999986,394.00000000001455,3940.0000000001455,tp,49890.0,3.8304197000001454,0.1095803,5.0,ifvg_clean,0.001,3.7208394000001452
2025-11,B_n_5x50,all_clean,combined_vs_pure_sniper_top3_sltp,3,225599,225614,1,107315.0,107278.8,200.0,2000.0,inv,15.0,-0.1435149999999971,0.107315,5.0,ifvg_clean,0.001,-0.2508299999999971
2025-11,B_n_5x50,all_clean,combined_vs_pure_sniper_top3_sltp,4,257419,261081,1,107049.3,106748.80000000005,300.49999999995634,3004.9999999995634,sl,3709.0,-0.40754929999995637,0.1070493,5.0,ifvg_clean,0.001,-0.5145985999999564
2025-11,B_n_5x50,all_clean,combined_vs_pure_sniper_top3_sltp,5,161095,264787,-1,110272.3,105162.30000000015,510.99999999998545,5109.9999999998545,tp,104652.0,4.999727699999855,0.1102723,5.0,ifvg_clean,0.001,4.8894553999998545
2025-11,B_n_5x50,all_clean,combined_vs_pure_sniper_top3_sltp,6,559713,560249,-1,100697.9,100897.39999999997,199.4999999999709,1994.999999999709,sl,536.0,-0.3001978999999709,0.10069789999999999,5.0,ifvg_clean,0.001,-0.4008957999999709
2025-11,B_n_5x50,all_clean,combined_vs_pure_sniper_top3_sltp,7,596731,596738,-1,103090.3,103119.8,180.99999999998545,1809.9999999998545,inv,7.0,-0.1325903,0.1030903,5.0,ifvg_clean,0.001,-0.2356806
2025-11,B_n_5x50,all_clean,combined_vs_pure_sniper_top3_sltp,8,732248,733494,-1,103589.5,103743.0,772.5,7725.0,inv,1253.0,-0.25708949999999997,0.1035895,5.0,ifvg_clean,0.001,-0.36067899999999997
2025-11,B_n_5x50,all_clean,combined_vs_pure_sniper_top3_sltp,9,736176,736179,-1,103531.0,103586.5,333.0000000000291,3330.000000000291,inv,3.0,-0.159031,0.10353100000000001,5.0,ifvg_clean,0.001,-0.262562
2025-11,B_n_5x50,all_clean,combined_vs_pure_sniper_top3_sltp,10,800230,800300,1,105956.6,105931.4,153.5000000000582,1535.000000000582,inv,70.0,-0.13115660000001167,0.10595660000000001,5.0,ifvg_clean,0.001,-0.23711320000001168
2025-11,B_n_5x50,all_clean,combined_vs_pure_sniper_top3_sltp,11,816046,817272,-1,105068.7,105258.19999999997,189.4999999999709,1894.999999999709,sl,1235.0,-0.29456869999997093,0.1050687,5.0,ifvg_clean,0.001,-0.39963739999997094
2025-11,B_n_5x50,all_clean,combined_vs_pure_sniper_top3_sltp,12,818823,818847,-1,105336.7,105361.0,154.4999999999709,1544.999999999709,inv,24.0,-0.1296367000000029,0.10533669999999999,5.0,ifvg_clean,0.001,-0.23497340000000289
2025-11,B_n_5x50,all_clean,combined_vs_pure_sniper_top3_sltp,13,849676,850156,-1,106003.3,106198.79999999996,195.49999999995634,1954.9999999995634,sl,486.0,-0.30150329999995634,0.10600330000000001,5.0,ifvg_clean,0.001,-0.40750659999995636
2025-11,B_n_5x50,all_clean,combined_vs_pure_sniper_top3_sltp,14,855941,856152,1,106414.9,106383.5,169.4999999999709,1694.999999999709,inv,212.0,-0.1378148999999942,0.1064149,5.0,ifvg_clean,0.001,-0.2442297999999942
2025-11,B_n_5x50,all_clean,combined_vs_pure_sniper_top3_sltp,15,854544,856487,1,106576.3,106176.80000000003,399.4999999999709,3994.999999999709,sl,1971.0,-0.5060762999999708,0.1065763,5.0,ifvg_clean,0.001,-0.6126525999999708
2025-11,B_n_5x50,all_clean,combined_vs_pure_sniper_top3_sltp,16,835871,860263,1,105512.7,105113.19999999995,399.50000000004366,3995.0000000004366,sl,24783.0,-0.5050127000000436,0.1055127,5.0,ifvg_clean,0.001,-0.6105254000000436
2025-11,B_n_5x50,all_clean,combined_vs_pure_sniper_top3_sltp,17,880992,883664,1,105304.8,105119.29999999997,185.5000000000291,1855.000000000291,sl,2727.0,-0.2908048000000291,0.1053048,5.0,ifvg_clean,0.001,-0.39610960000002915
2025-11,B_n_5x50,all_clean,combined_vs_pure_sniper_top3_sltp,18,861070,897008,-1,105406.6,103371.60000000015,203.49999999998545,2034.9999999998545,tp,36302.0,1.9295933999998545,0.10540660000000002,5.0,ifvg_clean,0.001,1.8241867999998544
2025-11,B_n_5x50,all_clean,combined_vs_pure_sniper_top3_sltp,19,965616,980001,1,104850.1,104260.1,590.0,5900.0,sl,14391.0,-0.6948501,0.10485010000000002,5.0,ifvg_clean,0.001,-0.7997002000000001
2025-11,B_n_5x50,all_clean,combined_vs_pure_sniper_top3_sltp,20,992020,992445,-1,101624.8,101636.9,110.49999999995634,1104.9999999995634,inv,428.0,-0.11372479999999129,0.10162480000000002,5.0,ifvg_clean,0.001,-0.21534959999999131
2025-11,B_n_5x50,all_clean,combined_vs_pure_sniper_top3_sltp,21,1000090,1000230,-1,101482.0,101561.9,396.9999999999709,3969.999999999709,inv,140.0,-0.1813819999999942,0.101482,5.0,ifvg_clean,0.001,-0.2828639999999942
2025-11,B_n_5x50,all_clean,combined_vs_pure_sniper_top3_sltp,22,1066913,1066922,-1,102478.0,102506.1,141.50000000001455,1415.0000000001455,inv,9.0,-0.13057800000000583,0.10247800000000001,5.0,ifvg_clean,0.001,-0.23305600000000584
2025-11,B_n_5x50,all_clean,combined_vs_pure_sniper_top3_sltp,23,1066641,1068936,1,102446.1,101439.10000000003,1006.9999999999709,10069.999999999709,sl,2295.0,-1.109446099999971,0.1024461,5.0,ifvg_clean,0.001,-1.211892199999971
2025-11,B_n_5x50,all_clean,combined_vs_pure_sniper_top3_sltp,24,1071754,1071844,-1,100996.8,101175.80000000002,179.00000000001455,1790.0000000001455,sl,90.0,-0.2799968000000146,0.10099680000000001,5.0,ifvg_clean,0.001,-0.3809936000000146
2025-11,B_n_5x50,all_clean,combined_vs_pure_sniper_top3_sltp,25,1075304,1077533,-1,100431.3,99396.30000000015,103.49999999998545,1034.9999999998545,tp,2230.0,0.9345686999998545,0.10043130000000002,5.0,ifvg_clean,0.001,0.8341373999998545
2025-11,B_n_5x50,all_clean,combined_vs_pure_sniper_top3_sltp,26,1076631,1079050,-1,99881.3,98591.29999999986,129.00000000001455,1290.0000000001455,tp,2419.0,1.1901187000001454,0.0998813,5.0,ifvg_clean,0.001,1.0902374000001454
2025-11,B_n_5x50,all_clean,combined_vs_pure_sniper_top3_sltp,27,1073080,1079277,-1,100791.8,98196.8000000003,259.4999999999709,2594.999999999709,tp,6198.0,2.4942081999997088,0.10079180000000001,5.0,ifvg_clean,0.001,2.3934163999997087
2025-11,B_n_5x50,all_clean,combined_vs_pure_sniper_top3_sltp,28,1083578,1083578,-1,98707.8,98712.7,110.49999999995634,1104.9999999995634,inv,0.0,-0.10360779999999419,0.09870780000000001,5.0,ifvg_clean,0.001,-0.2023155999999942
2025-11,B_n_5x50,all_clean,combined_vs_pure_sniper_top3_sltp,29,1088159,1088321,-1,98363.1,98588.60000000003,225.5000000000291,2255.000000000291,sl,162.0,-0.32386310000002916,0.09836310000000001,5.0,ifvg_clean,0.001,-0.4222262000000292
2025-11,B_n_5x50,all_clean,combined_vs_pure_sniper_top3_sltp,30,1095191,1098941,1,99617.7,99277.19999999997,340.5000000000291,3405.000000000291,sl,3751.0,-0.44011770000002914,0.0996177,5.0,ifvg_clean,0.001,-0.5397354000000292
2025-11,B_n_5x50,all_clean,combined_vs_pure_sniper_top3_sltp,31,1105163,1105293,1,99397.1,99177.1,220.0,2200.0,sl,132.0,-0.3193971,0.09939710000000002,5.0,ifvg_clean,0.001,-0.4187942
2025-11,B_n_5x50,all_clean,combined_vs_pure_sniper_top3_sltp,32,1106082,1106189,1,99539.8,99373.80000000002,165.99999999998545,1659.9999999998545,sl,108.0,-0.26553979999998545,0.0995398,5.0,ifvg_clean,0.001,-0.36507959999998546
2025-11,B_n_5x50,all_clean,combined_vs_pure_sniper_top3_sltp,33,1112899,1114904,-1,99106.9,98066.89999999985,104.00000000001455,1040.0000000001455,tp,2022.0,0.9408931000001455,0.0991069,5.0,ifvg_clean,0.001,0.8417862000001455
2025-11,B_n_5x50,all_clean,combined_vs_pure_sniper_top3_sltp,34,1132470,1132560,-1,97077.4,97125.0,255.5000000000291,2555.000000000291,inv,90.0,-0.1446774000000058,0.0970774,5.0,ifvg_clean,0.001,-0.24175480000000582
2025-11,B_n_5x50,all_clean,combined_vs_pure_sniper_top3_sltp,35,1139444,1143556,-1,96622.3,95477.3000000003,114.4999999999709,1144.999999999709,tp,4112.0,1.048377699999709,0.09662230000000001,5.0,ifvg_clean,0.001,0.9517553999997089
2025-11,B_n_5x50,all_clean,combined_vs_pure_sniper_top3_sltp,36,1158467,1158962,-1,97165.0,97202.2,140.99999999998545,1409.9999999998545,inv,496.0,-0.1343649999999971,0.097165,5.0,ifvg_clean,0.001,-0.2315299999999971
2025-11,B_n_5x50,all_clean,combined_vs_pure_sniper_top3_sltp,37,1115590,1181378,-1,97835.9,93990.90000000029,384.4999999999709,3844.999999999709,tp,65984.0,3.7471640999997087,0.0978359,5.0,ifvg_clean,0.001,3.6493281999997085
2025-11,B_n_5x50,all_clean,combined_vs_pure_sniper_top3_sltp,38,1239419,1301378,-1,96324.4,96363.5,233.0000000000291,2330.000000000291,inv,66079.0,-0.13542440000000583,0.0963244,5.0,ifvg_clean,0.001,-0.23174880000000583
2025-11,B_n_5x50,all_clean,combined_vs_pure_sniper_top3_sltp,39,1312892,1313005,-1,95592.6,95728.59999999999,135.99999999998545,1359.9999999998545,sl,114.0,-0.23159259999998544,0.0955926,5.0,ifvg_clean,0.001,-0.3271851999999854
2025-11,B_n_5x50,all_clean,combined_vs_pure_sniper_top3_sltp,40,1354451,1354462,-1,94659.3,94705.7,255.0,2550.0,inv,11.0,-0.14105929999999417,0.0946593,5.0,ifvg_clean,0.001,-0.23571859999999417
2025-11,B_n_5x50,all_clean,combined_vs_pure_sniper_top3_sltp,41,1381472,1381481,-1,95747.5,95772.3,204.00000000001455,2040.0000000001455,inv,9.0,-0.12054750000000292,0.0957475,5.0,ifvg_clean,0.001,-0.2162950000000029
2025-11,B_n_5x50,all_clean,combined_vs_pure_sniper_top3_sltp,42,1403745,1403936,1,95304.8,94970.30000000003,334.4999999999709,3344.999999999709,sl,191.0,-0.4298047999999709,0.09530480000000001,5.0,ifvg_clean,0.001,-0.5251095999999709
2025-11,B_n_5x50,all_clean,combined_vs_pure_sniper_top3_sltp,43,1450615,1466534,-1,90717.1,90955.60000000006,238.5000000000582,2385.000000000582,sl,15924.0,-0.3292171000000582,0.09071710000000001,5.0,ifvg_clean,0.001,-0.4199342000000582
2025-11,B_n_5x50,all_clean,combined_vs_pure_sniper_top3_sltp,44,1496387,1496618,1,93583.5,93400.00000000001,183.49999999998545,1834.9999999998545,sl,231.0,-0.27708349999998544,0.0935835,5.0,ifvg_clean,0.001,-0.3706669999999854
2025-11,B_n_5x50,all_clean,combined_vs_pure_sniper_top3_sltp,45,1500400,1500403,1,93290.4,93274.9,104.50000000004366,1045.0000000004366,inv,3.0,-0.1087904,0.0932904,5.0,ifvg_clean,0.001,-0.2020808
2025-11,B_n_5x50,all_clean,combined_vs_pure_sniper_top3_sltp,46,1504682,1507327,-1,93474.8,93516.0,217.5,2175.0,inv,2703.0,-0.1346747999999971,0.09347480000000001,5.0,ifvg_clean,0.001,-0.22814959999999712
2025-11,B_n_5x50,all_clean,combined_vs_pure_sniper_top3_sltp,47,1508800,1508834,1,93162.9,93139.5,120.0,1200.0,inv,36.0,-0.11656289999999417,0.09316289999999999,5.0,ifvg_clean,0.001,-0.20972579999999416
2025-11,B_n_5x50,all_clean,combined_vs_pure_sniper_top3_sltp,48,1510790,1510966,1,92915.2,92876.5,198.0000000000291,1980.000000000291,inv,179.0,-0.1316151999999971,0.0929152,5.0,ifvg_clean,0.001,-0.2245303999999971
2025-11,B_n_5x50,all_clean,combined_vs_pure_sniper_top3_sltp,49,1516627,1519626,1,93049.4,92790.90000000001,258.49999999998545,2584.9999999998545,sl,3086.0,-0.35154939999998547,0.09304939999999999,5.0,ifvg_clean,0.001,-0.4445987999999855
2025-11,B_n_5x50,all_clean,combined_vs_pure_sniper_top3_sltp,50,1597353,1597407,-1,89528.6,89575.9,245.0,2450.0,inv,54.0,-0.13682859999998837,0.08952860000000001,5.0,ifvg_clean,0.001,-0.22635719999998838
2025-11,B_n_5x50,all_clean,combined_vs_pure_sniper_top3_sltp,51,1596844,1626106,1,89255.8,92915.79999999986,365.99999999998545,3659.9999999998545,tp,29438.0,3.5707441999998544,0.08925580000000001,5.0,ifvg_clean,0.001,3.4814883999998543
2025-11,B_n_5x50,all_clean,combined_vs_pure_sniper_top3_sltp,52,1656230,1656232,-1,91820.8,91883.8,448.0000000000291,4480.000000000291,inv,2.0,-0.1548208,0.09182080000000001,5.0,ifvg_clean,0.001,-0.24664160000000002
2025-11,B_n_5x50,all_clean,combined_vs_pure_sniper_top3_sltp,53,1731560,1731923,-1,82220.0,82570.49999999996,350.49999999995634,3504.9999999995634,sl,363.0,-0.43271999999995636,0.08222,5.0,ifvg_clean,0.001,-0.5149399999999563
2025-11,B_n_5x50,all_clean,combined_vs_pure_sniper_top3_sltp,54,1737793,1737823,1,82096.4,82038.5,290.5000000000291,2905.000000000291,inv,30.0,-0.1399963999999942,0.0820964,5.0,ifvg_clean,0.001,-0.2220927999999942
2025-11,B_n_5x50,all_clean,combined_vs_pure_sniper_top3_sltp,55,1750460,1750460,1,82784.7,82810.8,131.50000000001455,1315.0000000001455,inv,0.0,-0.05668469999999418,0.0827847,5.0,ifvg_clean,0.001,-0.1394693999999942
2025-11,B_n_5x50,all_clean,combined_vs_pure_sniper_top3_sltp,56,1751277,1753724,-1,82960.7,83509.70000000001,549.0000000000146,5490.0000000001455,sl,2447.0,-0.6319607000000146,0.0829607,5.0,ifvg_clean,0.001,-0.7149214000000146
2025-11,B_n_5x50,all_clean,combined_vs_pure_sniper_top3_sltp,57,1759748,1759766,1,83468.4,83410.4,291.0000000000582,2910.000000000582,inv,18.0,-0.1414684,0.0834684,5.0,ifvg_clean,0.001,-0.2249368
2025-11,B_n_5x50,all_clean,combined_vs_pure_sniper_top3_sltp,58,1786576,1787710,1,85096.6,84925.10000000006,171.4999999999418,1714.999999999418,sl,1162.0,-0.2565965999999418,0.08509660000000001,5.0,ifvg_clean,0.001,-0.3416931999999418
2025-11,B_n_5x50,all_clean,combined_vs_pure_sniper_top3_sltp,59,1805001,1805756,1,84670.5,84459.50000000001,210.99999999998545,2109.9999999998545,sl,762.0,-0.29567049999998546,0.08467050000000001,5.0,ifvg_clean,0.001,-0.3803409999999855
2025-11,B_n_5x50,all_clean,combined_vs_pure_sniper_top3_sltp,60,1810764,1810785,1,84155.5,84096.9,371.0000000000582,3710.000000000582,inv,21.0,-0.14275550000000584,0.08415550000000001,5.0,ifvg_clean,0.001,-0.22691100000000586
2025-11,B_n_5x50,all_clean,combined_vs_pure_sniper_top3_sltp,61,1827119,1827889,1,84009.4,83887.40000000002,121.9999999999709,1219.999999999709,sl,776.0,-0.2060093999999709,0.0840094,5.0,ifvg_clean,0.001,-0.2900187999999709
2025-11,B_n_5x50,all_clean,combined_vs_pure_sniper_top3_sltp,62,1788954,1839815,-1,84684.9,84810.89999999998,125.99999999998545,1259.9999999998545,sl,51481.0,-0.21068489999998546,0.08468490000000001,5.0,ifvg_clean,0.001,-0.29536979999998547
2025-11,B_n_5x50,all_clean,combined_vs_pure_sniper_top3_sltp,63,1870385,1870450,-1,85767.1,85787.9,136.9999999999709,1369.999999999709,inv,65.0,-0.10656709999998837,0.08576710000000001,5.0,ifvg_clean,0.001,-0.19233419999998838
2025-11,B_n_5x50,all_clean,combined_vs_pure_sniper_top3_sltp,64,2000431,2000560,1,85960.5,85938.7,145.99999999998545,1459.9999999998545,inv,135.0,-0.10776050000000291,0.0859605,5.0,ifvg_clean,0.001,-0.19372100000000292
2025-11,B_n_5x50,all_clean,combined_vs_pure_sniper_top3_sltp,65,2002653,2002698,1,86169.8,86099.0,360.99999999998545,3609.9999999998545,inv,45.0,-0.15696980000000293,0.0861698,5.0,ifvg_clean,0.001,-0.24313960000000295
2025-11,B_n_5x50,all_clean,combined_vs_pure_sniper_top3_sltp,66,2018002,2018011,-1,88598.0,88618.3,150.0,1500.0,inv,9.0,-0.10889800000000291,0.088598,5.0,ifvg_clean,0.001,-0.1974960000000029
2025-11,B_n_5x50,all_clean,combined_vs_pure_sniper_top3_sltp,67,2031138,2031175,1,88672.2,88624.4,253.0000000000291,2530.000000000291,inv,38.0,-0.13647220000000293,0.0886722,5.0,ifvg_clean,0.001,-0.22514440000000294
2025-11,B_n_5x50,all_clean,combined_vs_pure_sniper_top3_sltp,68,2016258,2036387,1,88372.8,87859.30000000002,513.4999999999854,5134.9999999998545,sl,20406.0,-0.6018727999999854,0.0883728,5.0,ifvg_clean,0.001,-0.6902455999999855
2025-11,B_n_5x50,all_clean,combined_vs_pure_sniper_top3_sltp,69,2047370,2049677,-1,87696.0,87996.49999999996,300.49999999995634,3004.9999999995634,sl,2359.0,-0.38819599999995635,0.087696,5.0,ifvg_clean,0.001,-0.47589199999995635
2025-11,B_n_5x50,all_clean,combined_vs_pure_sniper_top3_sltp,70,2082008,2082509,-1,87513.3,87631.79999999999,118.49999999998545,1184.9999999998545,sl,511.0,-0.20601329999998547,0.0875133,5.0,ifvg_clean,0.001,-0.2935265999999855
2025-11,B_n_5x50,all_clean,combined_vs_pure_sniper_top3_sltp,71,2088297,2088500,-1,86276.0,86684.49999999999,408.49999999998545,4084.9999999998545,sl,203.0,-0.49477599999998545,0.08627599999999999,5.0,ifvg_clean,0.001,-0.5810519999999855
2025-11,B_n_5x50,all_clean,combined_vs_pure_sniper_top3_sltp,72,2101334,2101667,1,87490.5,87466.2,112.00000000004366,1120.0000000004366,inv,344.0,-0.1117905000000029,0.0874905,5.0,ifvg_clean,0.001,-0.1992810000000029
2025-11,B_n_5x50,all_clean,combined_vs_pure_sniper_top3_sltp,73,2109272,2109280,-1,87337.8,87349.3,103.49999999998545,1034.9999999998545,inv,9.0,-0.0988378,0.08733780000000001,5.0,ifvg_clean,0.001,-0.1861756
2025-11,B_n_5x50,all_clean,combined_vs_pure_sniper_top3_sltp,74,2110883,2111026,-1,87248.5,87297.7,245.49999999995634,2454.9999999995634,inv,154.0,-0.13644849999999709,0.0872485,5.0,ifvg_clean,0.001,-0.2236969999999971
2025-11,B_n_5x50,all_clean,combined_vs_pure_sniper_top3_sltp,75,2128860,2134050,-1,87879.6,86874.59999999971,100.5000000000291,1005.000000000291,tp,5383.0,0.9171204000002909,0.08787960000000002,5.0,ifvg_clean,0.001,0.8292408000002909
2025-11,B_n_5x50,all_clean,combined_vs_pure_sniper_top3_sltp,76,2133659,2137247,-1,87191.7,87365.20000000006,173.5000000000582,1735.000000000582,sl,3769.0,-0.2606917000000582,0.0871917,5.0,ifvg_clean,0.001,-0.3478834000000582
2025-11,B_n_5x50,all_clean,combined_vs_pure_sniper_top3_sltp,77,1754272,2182056,1,83343.6,89843.6,650.0,6500.0,tp,435744.0,6.4166564,0.08334360000000002,5.0,ifvg_clean,0.001,6.3333128
2025-11,B_n_5x50,all_clean,combined_vs_pure_sniper_top3_sltp,78,2184155,2184268,-1,90137.1,90189.5,283.49999999998545,2834.9999999998545,inv,113.0,-0.1425370999999942,0.09013710000000001,5.0,ifvg_clean,0.001,-0.23267419999999422
2025-11,B_n_5x50,all_clean,combined_vs_pure_sniper_top3_sltp,79,2266119,2266308,1,91519.9,91301.40000000001,218.49999999998545,2184.9999999998545,sl,190.0,-0.31001989999998547,0.0915199,5.0,ifvg_clean,0.001,-0.40153979999998546
2025-11,B_n_5x50,all_clean,combined_vs_pure_sniper_top3_sltp,80,2284355,2284393,1,91214.6,91192.2,116.50000000001455,1165.0000000001455,inv,42.0,-0.11361460000000874,0.0912146,5.0,ifvg_clean,0.001,-0.20482920000000876
2025-11,B_n_5x50,all_clean,combined_vs_pure_sniper_top3_sltp,81,2345687,2346367,-1,91248.2,91491.19999999995,242.99999999995634,2429.9999999995634,sl,680.0,-0.33424819999995636,0.0912482,5.0,ifvg_clean,0.001,-0.42549639999995637
2025-11,B_n_5x50,all_clean,combined_vs_pure_sniper_top3_sltp,82,2343843,2348522,-1,92091.0,90591.0,150.0,1500.0,tp,4679.0,1.407909,0.092091,5.0,ifvg_clean,0.001,1.3158180000000002
2025-11,B_n_5x50,all_clean,combined_vs_pure_sniper_top3_sltp,83,2350146,2350500,-1,90431.8,90683.30000000002,251.50000000001455,2515.0000000001455,sl,354.0,-0.34193180000001455,0.0904318,5.0,ifvg_clean,0.001,-0.43236360000001456
2025-11,B_n_5x50,all_clean,combined_vs_pure_sniper_top3_sltp,84,2344047,2528361,-1,92028.2,90320.6,286.9999999999709,2869.999999999709,eod,201253.0,1.6155717999999912,0.0920282,5.0,ifvg_clean,0.001,1.5235435999999911
2025-11,B_n_5x50,all_clean,combined_vs_pure_sniper_top3_sltp,85,2525469,2528361,-1,90891.5,90320.6,131.9999999999709,1319.999999999709,eod,2915.0,0.4800084999999942,0.09089150000000001,5.0,ifvg_clean,0.001,0.38911699999999416
2025-11,B_n_5x50,all_dirty,combined_vs_pure_sniper_top3_sltp,0,170328,170336,1,108730.7,108705.2,140.0,1400.0,inv,8.0,-0.1342307,0.1087307,5.0,sniper_dirty,0.001,-0.2429614
2025-11,B_n_5x50,all_dirty,combined_vs_pure_sniper_top3_sltp,1,188915,191248,-1,107361.9,107586.39999999997,224.4999999999709,2244.999999999709,sl,2346.0,-0.3318618999999709,0.1073619,5.0,sniper_dirty,0.001,-0.4392237999999709
2025-11,B_n_5x50,all_dirty,combined_vs_pure_sniper_top3_sltp,2,164817,214388,-1,109580.3,105640.29999999986,394.00000000001455,3940.0000000001455,tp,49890.0,3.8304197000001454,0.1095803,5.0,sniper_dirty,0.001,3.7208394000001452
2025-11,B_n_5x50,all_dirty,combined_vs_pure_sniper_top3_sltp,3,225599,225614,1,107315.0,107278.8,200.0,2000.0,inv,15.0,-0.1435149999999971,0.107315,5.0,sniper_dirty,0.001,-0.2508299999999971
2025-11,B_n_5x50,all_dirty,combined_vs_pure_sniper_top3_sltp,4,257419,261081,1,107049.3,106748.80000000005,300.49999999995634,3004.9999999995634,sl,3709.0,-0.40754929999995637,0.1070493,5.0,sniper_dirty,0.001,-0.5145985999999564
2025-11,B_n_5x50,all_dirty,combined_vs_pure_sniper_top3_sltp,5,161095,264787,-1,110272.3,105162.30000000015,510.99999999998545,5109.9999999998545,tp,104652.0,4.999727699999855,0.1102723,5.0,sniper_dirty,0.001,4.8894553999998545
2025-11,B_n_5x50,all_dirty,combined_vs_pure_sniper_top3_sltp,6,559713,560249,-1,100697.9,100897.39999999997,199.4999999999709,1994.999999999709,sl,536.0,-0.3001978999999709,0.10069789999999999,5.0,sniper_dirty,0.001,-0.4008957999999709
2025-11,B_n_5x50,all_dirty,combined_vs_pure_sniper_top3_sltp,7,596731,596738,-1,103090.3,103119.8,180.99999999998545,1809.9999999998545,inv,7.0,-0.1325903,0.1030903,5.0,sniper_dirty,0.001,-0.2356806
2025-11,B_n_5x50,all_dirty,combined_vs_pure_sniper_top3_sltp,8,732248,733494,-1,103589.5,103743.0,772.5,7725.0,inv,1253.0,-0.25708949999999997,0.1035895,5.0,sniper_dirty,0.001,-0.36067899999999997
2025-11,B_n_5x50,all_dirty,combined_vs_pure_sniper_top3_sltp,9,736176,736179,-1,103531.0,103586.5,333.0000000000291,3330.000000000291,inv,3.0,-0.159031,0.10353100000000001,5.0,sniper_dirty,0.001,-0.262562
2025-11,B_n_5x50,all_dirty,combined_vs_pure_sniper_top3_sltp,10,800230,800300,1,105956.6,105931.4,153.5000000000582,1535.000000000582,inv,70.0,-0.13115660000001167,0.10595660000000001,5.0,sniper_dirty,0.001,-0.23711320000001168
2025-11,B_n_5x50,all_dirty,combined_vs_pure_sniper_top3_sltp,11,816046,817272,-1,105068.7,105258.19999999997,189.4999999999709,1894.999999999709,sl,1235.0,-0.29456869999997093,0.1050687,5.0,sniper_dirty,0.001,-0.39963739999997094
2025-11,B_n_5x50,all_dirty,combined_vs_pure_sniper_top3_sltp,12,818823,818847,-1,105336.7,105361.0,154.4999999999709,1544.999999999709,inv,24.0,-0.1296367000000029,0.10533669999999999,5.0,sniper_dirty,0.001,-0.23497340000000289
2025-11,B_n_5x50,all_dirty,combined_vs_pure_sniper_top3_sltp,13,849676,850156,-1,106003.3,106198.79999999996,195.49999999995634,1954.9999999995634,sl,486.0,-0.30150329999995634,0.10600330000000001,5.0,sniper_dirty,0.001,-0.40750659999995636
2025-11,B_n_5x50,all_dirty,combined_vs_pure_sniper_top3_sltp,14,855941,856152,1,106414.9,106383.5,169.4999999999709,1694.999999999709,inv,212.0,-0.1378148999999942,0.1064149,5.0,sniper_dirty,0.001,-0.2442297999999942
2025-11,B_n_5x50,all_dirty,combined_vs_pure_sniper_top3_sltp,15,854544,856487,1,106576.3,106176.80000000003,399.4999999999709,3994.999999999709,sl,1971.0,-0.5060762999999708,0.1065763,5.0,sniper_dirty,0.001,-0.6126525999999708
2025-11,B_n_5x50,all_dirty,combined_vs_pure_sniper_top3_sltp,16,835871,860263,1,105512.7,105113.19999999995,399.50000000004366,3995.0000000004366,sl,24783.0,-0.5050127000000436,0.1055127,5.0,sniper_dirty,0.001,-0.6105254000000436
2025-11,B_n_5x50,all_dirty,combined_vs_pure_sniper_top3_sltp,17,880992,883664,1,105304.8,105119.29999999997,185.5000000000291,1855.000000000291,sl,2727.0,-0.2908048000000291,0.1053048,5.0,sniper_dirty,0.001,-0.39610960000002915
2025-11,B_n_5x50,all_dirty,combined_vs_pure_sniper_top3_sltp,18,861070,897008,-1,105406.6,103371.60000000015,203.49999999998545,2034.9999999998545,tp,36302.0,1.9295933999998545,0.10540660000000002,5.0,sniper_dirty,0.001,1.8241867999998544
2025-11,B_n_5x50,all_dirty,combined_vs_pure_sniper_top3_sltp,19,965616,980001,1,104850.1,104260.1,590.0,5900.0,sl,14391.0,-0.6948501,0.10485010000000002,5.0,sniper_dirty,0.001,-0.7997002000000001
2025-11,B_n_5x50,all_dirty,combined_vs_pure_sniper_top3_sltp,20,992020,992445,-1,101624.8,101636.9,110.49999999995634,1104.9999999995634,inv,428.0,-0.11372479999999129,0.10162480000000002,5.0,sniper_dirty,0.001,-0.21534959999999131
2025-11,B_n_5x50,all_dirty,combined_vs_pure_sniper_top3_sltp,21,1000090,1000230,-1,101482.0,101561.9,396.9999999999709,3969.999999999709,inv,140.0,-0.1813819999999942,0.101482,5.0,sniper_dirty,0.001,-0.2828639999999942
2025-11,B_n_5x50,all_dirty,combined_vs_pure_sniper_top3_sltp,22,1066913,1066922,-1,102478.0,102506.1,141.50000000001455,1415.0000000001455,inv,9.0,-0.13057800000000583,0.10247800000000001,5.0,sniper_dirty,0.001,-0.23305600000000584
2025-11,B_n_5x50,all_dirty,combined_vs_pure_sniper_top3_sltp,23,1066641,1068936,1,102446.1,101439.10000000003,1006.9999999999709,10069.999999999709,sl,2295.0,-1.109446099999971,0.1024461,5.0,sniper_dirty,0.001,-1.211892199999971
2025-11,B_n_5x50,all_dirty,combined_vs_pure_sniper_top3_sltp,24,1071754,1071844,-1,100996.8,101175.80000000002,179.00000000001455,1790.0000000001455,sl,90.0,-0.2799968000000146,0.10099680000000001,5.0,sniper_dirty,0.001,-0.3809936000000146
2025-11,B_n_5x50,all_dirty,combined_vs_pure_sniper_top3_sltp,25,1075304,1077533,-1,100431.3,99396.30000000015,103.49999999998545,1034.9999999998545,tp,2230.0,0.9345686999998545,0.10043130000000002,5.0,sniper_dirty,0.001,0.8341373999998545
2025-11,B_n_5x50,all_dirty,combined_vs_pure_sniper_top3_sltp,26,1076631,1079050,-1,99881.3,98591.29999999986,129.00000000001455,1290.0000000001455,tp,2419.0,1.1901187000001454,0.0998813,5.0,sniper_dirty,0.001,1.0902374000001454
2025-11,B_n_5x50,all_dirty,combined_vs_pure_sniper_top3_sltp,27,1073080,1079277,-1,100791.8,98196.8000000003,259.4999999999709,2594.999999999709,tp,6198.0,2.4942081999997088,0.10079180000000001,5.0,sniper_dirty,0.001,2.3934163999997087
2025-11,B_n_5x50,all_dirty,combined_vs_pure_sniper_top3_sltp,28,1083578,1083578,-1,98707.8,98712.7,110.49999999995634,1104.9999999995634,inv,0.0,-0.10360779999999419,0.09870780000000001,5.0,sniper_dirty,0.001,-0.2023155999999942
2025-11,B_n_5x50,all_dirty,combined_vs_pure_sniper_top3_sltp,29,1088159,1088321,-1,98363.1,98588.60000000003,225.5000000000291,2255.000000000291,sl,162.0,-0.32386310000002916,0.09836310000000001,5.0,sniper_dirty,0.001,-0.4222262000000292
2025-11,B_n_5x50,all_dirty,combined_vs_pure_sniper_top3_sltp,30,1095191,1098941,1,99617.7,99277.19999999997,340.5000000000291,3405.000000000291,sl,3751.0,-0.44011770000002914,0.0996177,5.0,sniper_dirty,0.001,-0.5397354000000292
2025-11,B_n_5x50,all_dirty,combined_vs_pure_sniper_top3_sltp,31,1105163,1105293,1,99397.1,99177.1,220.0,2200.0,sl,132.0,-0.3193971,0.09939710000000002,5.0,sniper_dirty,0.001,-0.4187942
2025-11,B_n_5x50,all_dirty,combined_vs_pure_sniper_top3_sltp,32,1106082,1106189,1,99539.8,99373.80000000002,165.99999999998545,1659.9999999998545,sl,108.0,-0.26553979999998545,0.0995398,5.0,sniper_dirty,0.001,-0.36507959999998546
2025-11,B_n_5x50,all_dirty,combined_vs_pure_sniper_top3_sltp,33,1112899,1114904,-1,99106.9,98066.89999999985,104.00000000001455,1040.0000000001455,tp,2022.0,0.9408931000001455,0.0991069,5.0,sniper_dirty,0.001,0.8417862000001455
2025-11,B_n_5x50,all_dirty,combined_vs_pure_sniper_top3_sltp,34,1132470,1132560,-1,97077.4,97125.0,255.5000000000291,2555.000000000291,inv,90.0,-0.1446774000000058,0.0970774,5.0,sniper_dirty,0.001,-0.24175480000000582
2025-11,B_n_5x50,all_dirty,combined_vs_pure_sniper_top3_sltp,35,1139444,1143556,-1,96622.3,95477.3000000003,114.4999999999709,1144.999999999709,tp,4112.0,1.048377699999709,0.09662230000000001,5.0,sniper_dirty,0.001,0.9517553999997089
2025-11,B_n_5x50,all_dirty,combined_vs_pure_sniper_top3_sltp,36,1158467,1158962,-1,97165.0,97202.2,140.99999999998545,1409.9999999998545,inv,496.0,-0.1343649999999971,0.097165,5.0,sniper_dirty,0.001,-0.2315299999999971
2025-11,B_n_5x50,all_dirty,combined_vs_pure_sniper_top3_sltp,37,1115590,1181378,-1,97835.9,93990.90000000029,384.4999999999709,3844.999999999709,tp,65984.0,3.7471640999997087,0.0978359,5.0,sniper_dirty,0.001,3.6493281999997085
2025-11,B_n_5x50,all_dirty,combined_vs_pure_sniper_top3_sltp,38,1239419,1301378,-1,96324.4,96363.5,233.0000000000291,2330.000000000291,inv,66079.0,-0.13542440000000583,0.0963244,5.0,sniper_dirty,0.001,-0.23174880000000583
2025-11,B_n_5x50,all_dirty,combined_vs_pure_sniper_top3_sltp,39,1312892,1313005,-1,95592.6,95728.59999999999,135.99999999998545,1359.9999999998545,sl,114.0,-0.23159259999998544,0.0955926,5.0,sniper_dirty,0.001,-0.3271851999999854
2025-11,B_n_5x50,all_dirty,combined_vs_pure_sniper_top3_sltp,40,1354451,1354462,-1,94659.3,94705.7,255.0,2550.0,inv,11.0,-0.14105929999999417,0.0946593,5.0,sniper_dirty,0.001,-0.23571859999999417
2025-11,B_n_5x50,all_dirty,combined_vs_pure_sniper_top3_sltp,41,1381472,1381481,-1,95747.5,95772.3,204.00000000001455,2040.0000000001455,inv,9.0,-0.12054750000000292,0.0957475,5.0,sniper_dirty,0.001,-0.2162950000000029
2025-11,B_n_5x50,all_dirty,combined_vs_pure_sniper_top3_sltp,42,1403745,1403936,1,95304.8,94970.30000000003,334.4999999999709,3344.999999999709,sl,191.0,-0.4298047999999709,0.09530480000000001,5.0,sniper_dirty,0.001,-0.5251095999999709
2025-11,B_n_5x50,all_dirty,combined_vs_pure_sniper_top3_sltp,43,1450615,1466534,-1,90717.1,90955.60000000006,238.5000000000582,2385.000000000582,sl,15924.0,-0.3292171000000582,0.09071710000000001,5.0,sniper_dirty,0.001,-0.4199342000000582
2025-11,B_n_5x50,all_dirty,combined_vs_pure_sniper_top3_sltp,44,1496387,1496618,1,93583.5,93400.00000000001,183.49999999998545,1834.9999999998545,sl,231.0,-0.27708349999998544,0.0935835,5.0,sniper_dirty,0.001,-0.3706669999999854
2025-11,B_n_5x50,all_dirty,combined_vs_pure_sniper_top3_sltp,45,1500400,1500403,1,93290.4,93274.9,104.50000000004366,1045.0000000004366,inv,3.0,-0.1087904,0.0932904,5.0,sniper_dirty,0.001,-0.2020808
2025-11,B_n_5x50,all_dirty,combined_vs_pure_sniper_top3_sltp,46,1504682,1507327,-1,93474.8,93516.0,217.5,2175.0,inv,2703.0,-0.1346747999999971,0.09347480000000001,5.0,sniper_dirty,0.001,-0.22814959999999712
2025-11,B_n_5x50,all_dirty,combined_vs_pure_sniper_top3_sltp,47,1508800,1508834,1,93162.9,93139.5,120.0,1200.0,inv,36.0,-0.11656289999999417,0.09316289999999999,5.0,sniper_dirty,0.001,-0.20972579999999416
2025-11,B_n_5x50,all_dirty,combined_vs_pure_sniper_top3_sltp,48,1510790,1510966,1,92915.2,92876.5,198.0000000000291,1980.000000000291,inv,179.0,-0.1316151999999971,0.0929152,5.0,sniper_dirty,0.001,-0.2245303999999971
2025-11,B_n_5x50,all_dirty,combined_vs_pure_sniper_top3_sltp,49,1516627,1519626,1,93049.4,92790.90000000001,258.49999999998545,2584.9999999998545,sl,3086.0,-0.35154939999998547,0.09304939999999999,5.0,sniper_dirty,0.001,-0.4445987999999855
2025-11,B_n_5x50,all_dirty,combined_vs_pure_sniper_top3_sltp,50,1597353,1597407,-1,89528.6,89575.9,245.0,2450.0,inv,54.0,-0.13682859999998837,0.08952860000000001,5.0,sniper_dirty,0.001,-0.22635719999998838
2025-11,B_n_5x50,all_dirty,combined_vs_pure_sniper_top3_sltp,51,1596844,1626106,1,89255.8,92915.79999999986,365.99999999998545,3659.9999999998545,tp,29438.0,3.5707441999998544,0.08925580000000001,5.0,sniper_dirty,0.001,3.4814883999998543
2025-11,B_n_5x50,all_dirty,combined_vs_pure_sniper_top3_sltp,52,1656230,1656232,-1,91820.8,91883.8,448.0000000000291,4480.000000000291,inv,2.0,-0.1548208,0.09182080000000001,5.0,sniper_dirty,0.001,-0.24664160000000002
2025-11,B_n_5x50,all_dirty,combined_vs_pure_sniper_top3_sltp,53,1731560,1731923,-1,82220.0,82570.49999999996,350.49999999995634,3504.9999999995634,sl,363.0,-0.43271999999995636,0.08222,5.0,sniper_dirty,0.001,-0.5149399999999563
2025-11,B_n_5x50,all_dirty,combined_vs_pure_sniper_top3_sltp,54,1737793,1737823,1,82096.4,82038.5,290.5000000000291,2905.000000000291,inv,30.0,-0.1399963999999942,0.0820964,5.0,sniper_dirty,0.001,-0.2220927999999942
2025-11,B_n_5x50,all_dirty,combined_vs_pure_sniper_top3_sltp,55,1750460,1750460,1,82784.7,82810.8,131.50000000001455,1315.0000000001455,inv,0.0,-0.05668469999999418,0.0827847,5.0,sniper_dirty,0.001,-0.1394693999999942
2025-11,B_n_5x50,all_dirty,combined_vs_pure_sniper_top3_sltp,56,1751277,1753724,-1,82960.7,83509.70000000001,549.0000000000146,5490.0000000001455,sl,2447.0,-0.6319607000000146,0.0829607,5.0,sniper_dirty,0.001,-0.7149214000000146
2025-11,B_n_5x50,all_dirty,combined_vs_pure_sniper_top3_sltp,57,1759748,1759766,1,83468.4,83410.4,291.0000000000582,2910.000000000582,inv,18.0,-0.1414684,0.0834684,5.0,sniper_dirty,0.001,-0.2249368
2025-11,B_n_5x50,all_dirty,combined_vs_pure_sniper_top3_sltp,58,1786576,1787710,1,85096.6,84925.10000000006,171.4999999999418,1714.999999999418,sl,1162.0,-0.2565965999999418,0.08509660000000001,5.0,sniper_dirty,0.001,-0.3416931999999418
2025-11,B_n_5x50,all_dirty,combined_vs_pure_sniper_top3_sltp,59,1805001,1805756,1,84670.5,84459.50000000001,210.99999999998545,2109.9999999998545,sl,762.0,-0.29567049999998546,0.08467050000000001,5.0,sniper_dirty,0.001,-0.3803409999999855
2025-11,B_n_5x50,all_dirty,combined_vs_pure_sniper_top3_sltp,60,1810764,1810785,1,84155.5,84096.9,371.0000000000582,3710.000000000582,inv,21.0,-0.14275550000000584,0.08415550000000001,5.0,sniper_dirty,0.001,-0.22691100000000586
2025-11,B_n_5x50,all_dirty,combined_vs_pure_sniper_top3_sltp,61,1827119,1827889,1,84009.4,83887.40000000002,121.9999999999709,1219.999999999709,sl,776.0,-0.2060093999999709,0.0840094,5.0,sniper_dirty,0.001,-0.2900187999999709
2025-11,B_n_5x50,all_dirty,combined_vs_pure_sniper_top3_sltp,62,1788954,1839815,-1,84684.9,84810.89999999998,125.99999999998545,1259.9999999998545,sl,51481.0,-0.21068489999998546,0.08468490000000001,5.0,sniper_dirty,0.001,-0.29536979999998547
2025-11,B_n_5x50,all_dirty,combined_vs_pure_sniper_top3_sltp,63,1870385,1870450,-1,85767.1,85787.9,136.9999999999709,1369.999999999709,inv,65.0,-0.10656709999998837,0.08576710000000001,5.0,sniper_dirty,0.001,-0.19233419999998838
2025-11,B_n_5x50,all_dirty,combined_vs_pure_sniper_top3_sltp,64,2000431,2000560,1,85960.5,85938.7,145.99999999998545,1459.9999999998545,inv,135.0,-0.10776050000000291,0.0859605,5.0,sniper_dirty,0.001,-0.19372100000000292
2025-11,B_n_5x50,all_dirty,combined_vs_pure_sniper_top3_sltp,65,2002653,2002698,1,86169.8,86099.0,360.99999999998545,3609.9999999998545,inv,45.0,-0.15696980000000293,0.0861698,5.0,sniper_dirty,0.001,-0.24313960000000295
2025-11,B_n_5x50,all_dirty,combined_vs_pure_sniper_top3_sltp,66,2018002,2018011,-1,88598.0,88618.3,150.0,1500.0,inv,9.0,-0.10889800000000291,0.088598,5.0,sniper_dirty,0.001,-0.1974960000000029
2025-11,B_n_5x50,all_dirty,combined_vs_pure_sniper_top3_sltp,67,2031138,2031175,1,88672.2,88624.4,253.0000000000291,2530.000000000291,inv,38.0,-0.13647220000000293,0.0886722,5.0,sniper_dirty,0.001,-0.22514440000000294
2025-11,B_n_5x50,all_dirty,combined_vs_pure_sniper_top3_sltp,68,2016258,2036387,1,88372.8,87859.30000000002,513.4999999999854,5134.9999999998545,sl,20406.0,-0.6018727999999854,0.0883728,5.0,sniper_dirty,0.001,-0.6902455999999855
2025-11,B_n_5x50,all_dirty,combined_vs_pure_sniper_top3_sltp,69,2047370,2049677,-1,87696.0,87996.49999999996,300.49999999995634,3004.9999999995634,sl,2359.0,-0.38819599999995635,0.087696,5.0,sniper_dirty,0.001,-0.47589199999995635
2025-11,B_n_5x50,all_dirty,combined_vs_pure_sniper_top3_sltp,70,2082008,2082509,-1,87513.3,87631.79999999999,118.49999999998545,1184.9999999998545,sl,511.0,-0.20601329999998547,0.0875133,5.0,sniper_dirty,0.001,-0.2935265999999855
2025-11,B_n_5x50,all_dirty,combined_vs_pure_sniper_top3_sltp,71,2088297,2088500,-1,86276.0,86684.49999999999,408.49999999998545,4084.9999999998545,sl,203.0,-0.49477599999998545,0.08627599999999999,5.0,sniper_dirty,0.001,-0.5810519999999855
2025-11,B_n_5x50,all_dirty,combined_vs_pure_sniper_top3_sltp,72,2101334,2101667,1,87490.5,87466.2,112.00000000004366,1120.0000000004366,inv,344.0,-0.1117905000000029,0.0874905,5.0,sniper_dirty,0.001,-0.1992810000000029
2025-11,B_n_5x50,all_dirty,combined_vs_pure_sniper_top3_sltp,73,2109272,2109280,-1,87337.8,87349.3,103.49999999998545,1034.9999999998545,inv,9.0,-0.0988378,0.08733780000000001,5.0,sniper_dirty,0.001,-0.1861756
2025-11,B_n_5x50,all_dirty,combined_vs_pure_sniper_top3_sltp,74,2110883,2111026,-1,87248.5,87297.7,245.49999999995634,2454.9999999995634,inv,154.0,-0.13644849999999709,0.0872485,5.0,sniper_dirty,0.001,-0.2236969999999971
2025-11,B_n_5x50,all_dirty,combined_vs_pure_sniper_top3_sltp,75,2128860,2134050,-1,87879.6,86874.59999999971,100.5000000000291,1005.000000000291,tp,5383.0,0.9171204000002909,0.08787960000000002,5.0,sniper_dirty,0.001,0.8292408000002909
2025-11,B_n_5x50,all_dirty,combined_vs_pure_sniper_top3_sltp,76,2133659,2137247,-1,87191.7,87365.20000000006,173.5000000000582,1735.000000000582,sl,3769.0,-0.2606917000000582,0.0871917,5.0,sniper_dirty,0.001,-0.3478834000000582
2025-11,B_n_5x50,all_dirty,combined_vs_pure_sniper_top3_sltp,77,1754272,2182056,1,83343.6,89843.6,650.0,6500.0,tp,435744.0,6.4166564,0.08334360000000002,5.0,sniper_dirty,0.001,6.3333128
2025-11,B_n_5x50,all_dirty,combined_vs_pure_sniper_top3_sltp,78,2184155,2184268,-1,90137.1,90189.5,283.49999999998545,2834.9999999998545,inv,113.0,-0.1425370999999942,0.09013710000000001,5.0,sniper_dirty,0.001,-0.23267419999999422
2025-11,B_n_5x50,all_dirty,combined_vs_pure_sniper_top3_sltp,79,2266119,2266308,1,91519.9,91301.40000000001,218.49999999998545,2184.9999999998545,sl,190.0,-0.31001989999998547,0.0915199,5.0,sniper_dirty,0.001,-0.40153979999998546
2025-11,B_n_5x50,all_dirty,combined_vs_pure_sniper_top3_sltp,80,2284355,2284393,1,91214.6,91192.2,116.50000000001455,1165.0000000001455,inv,42.0,-0.11361460000000874,0.0912146,5.0,sniper_dirty,0.001,-0.20482920000000876
2025-11,B_n_5x50,all_dirty,combined_vs_pure_sniper_top3_sltp,81,2345687,2346367,-1,91248.2,91491.19999999995,242.99999999995634,2429.9999999995634,sl,680.0,-0.33424819999995636,0.0912482,5.0,sniper_dirty,0.001,-0.42549639999995637
2025-11,B_n_5x50,all_dirty,combined_vs_pure_sniper_top3_sltp,82,2343843,2348522,-1,92091.0,90591.0,150.0,1500.0,tp,4679.0,1.407909,0.092091,5.0,sniper_dirty,0.001,1.3158180000000002
2025-11,B_n_5x50,all_dirty,combined_vs_pure_sniper_top3_sltp,83,2350146,2350500,-1,90431.8,90683.30000000002,251.50000000001455,2515.0000000001455,sl,354.0,-0.34193180000001455,0.0904318,5.0,sniper_dirty,0.001,-0.43236360000001456
2025-11,B_n_5x50,all_dirty,combined_vs_pure_sniper_top3_sltp,84,2344047,2528361,-1,92028.2,90320.6,286.9999999999709,2869.999999999709,eod,201253.0,1.6155717999999912,0.0920282,5.0,sniper_dirty,0.001,1.5235435999999911
2025-11,B_n_5x50,all_dirty,combined_vs_pure_sniper_top3_sltp,85,2525469,2528361,-1,90891.5,90320.6,131.9999999999709,1319.999999999709,eod,2915.0,0.4800084999999942,0.09089150000000001,5.0,sniper_dirty,0.001,0.38911699999999416
2025-11,B_n_7x45,combined,combined_vs_pure_sniper_top3_sltp,0,170328,170336,1,108730.7,108705.2,196.0,1260.0,inv,8.0,-0.1342307,0.1087307,5.0,ifvg_clean,0.001,-0.2429614
2025-11,B_n_7x45,combined,combined_vs_pure_sniper_top3_sltp,1,188915,191370,-1,107361.9,107676.19999999995,314.29999999995925,2020.499999999738,sl,2468.0,-0.4216618999999593,0.1073619,5.0,ifvg_clean,0.001,-0.5290237999999593
2025-11,B_n_7x45,combined,combined_vs_pure_sniper_top3_sltp,2,164817,214288,-1,109580.3,106034.29999999987,551.6000000000204,3546.000000000131,tp,49790.0,3.4364197000001306,0.1095803,5.0,ifvg_clean,0.001,3.3268394000001305
2025-11,B_n_7x45,combined,combined_vs_pure_sniper_top3_sltp,3,161095,214388,-1,110272.3,105673.30000000013,715.3999999999796,4598.999999999869,tp,53661.0,4.488727699999869,0.1102723,5.0,ifvg_clean,0.001,4.3784553999998685
2025-11,B_n_7x45,combined,combined_vs_pure_sniper_top3_sltp,4,225599,225614,1,107315.0,107278.8,280.0,1800.0,inv,15.0,-0.1435149999999971,0.107315,5.0,ifvg_clean,0.001,-0.2508299999999971
2025-11,B_n_7x45,combined,combined_vs_pure_sniper_top3_sltp,5,257419,262457,1,107049.3,106628.60000000006,420.6999999999389,2704.499999999607,sl,5147.0,-0.5277492999999389,0.1070493,5.0,ifvg_clean,0.001,-0.6347985999999389
2025-11,B_n_7x45,combined,combined_vs_pure_sniper_top3_sltp,6,559713,560282,-1,100697.9,100977.19999999995,279.29999999995925,1795.499999999738,sl,569.0,-0.37999789999995925,0.10069789999999999,5.0,ifvg_clean,0.001,-0.48069579999995926
2025-11,B_n_7x45,combined,combined_vs_pure_sniper_top3_sltp,7,596731,596738,-1,103090.3,103119.8,253.39999999997963,1628.999999999869,inv,7.0,-0.1325903,0.1030903,5.0,ifvg_clean,0.001,-0.2356806
2025-11,B_n_7x45,combined,combined_vs_pure_sniper_top3_sltp,8,732248,733494,-1,103589.5,103743.0,1081.5,6952.5,inv,1253.0,-0.25708949999999997,0.1035895,5.0,ifvg_clean,0.001,-0.36067899999999997
2025-11,B_n_7x45,combined,combined_vs_pure_sniper_top3_sltp,9,736176,736179,-1,103531.0,103586.5,466.20000000004075,2997.000000000262,inv,3.0,-0.159031,0.10353100000000001,5.0,ifvg_clean,0.001,-0.262562
2025-11,B_n_7x45,combined,combined_vs_pure_sniper_top3_sltp,10,800230,800300,1,105956.6,105931.4,214.9000000000815,1381.5000000005239,inv,70.0,-0.13115660000001167,0.10595660000000001,5.0,ifvg_clean,0.001,-0.23711320000001168
2025-11,B_n_7x45,combined,combined_vs_pure_sniper_top3_sltp,11,816046,817539,-1,105068.7,105333.99999999996,265.29999999995925,1705.499999999738,sl,1505.0,-0.37036869999995925,0.1050687,5.0,ifvg_clean,0.001,-0.47543739999995926
2025-11,B_n_7x45,combined,combined_vs_pure_sniper_top3_sltp,12,818823,818847,-1,105336.7,105361.0,216.29999999995925,1390.499999999738,inv,24.0,-0.1296367000000029,0.10533669999999999,5.0,ifvg_clean,0.001,-0.23497340000000289
2025-11,B_n_7x45,combined,combined_vs_pure_sniper_top3_sltp,13,849676,850235,-1,106003.3,106276.99999999994,273.6999999999389,1759.499999999607,sl,565.0,-0.3797032999999389,0.10600330000000001,5.0,ifvg_clean,0.001,-0.4857065999999389
2025-11,B_n_7x45,combined,combined_vs_pure_sniper_top3_sltp,14,855941,856152,1,106414.9,106383.5,237.29999999995925,1525.499999999738,inv,212.0,-0.1378148999999942,0.1064149,5.0,ifvg_clean,0.001,-0.2442297999999942
2025-11,B_n_7x45,combined,combined_vs_pure_sniper_top3_sltp,15,854544,857314,1,106576.3,106017.00000000004,559.2999999999593,3595.499999999738,sl,2804.0,-0.6658762999999592,0.1065763,5.0,ifvg_clean,0.001,-0.7724525999999592
2025-11,B_n_7x45,combined,combined_vs_pure_sniper_top3_sltp,16,835871,863383,1,105512.7,104953.39999999994,559.3000000000611,3595.500000000393,sl,27930.0,-0.6648127000000611,0.1055127,5.0,ifvg_clean,0.001,-0.7703254000000611
2025-11,B_n_7x45,combined,combined_vs_pure_sniper_top3_sltp,17,880992,885200,1,105304.8,105045.09999999996,259.70000000004075,1669.500000000262,sl,4265.0,-0.36500480000004076,0.1053048,5.0,ifvg_clean,0.001,-0.47030960000004074
2025-11,B_n_7x45,combined,combined_vs_pure_sniper_top3_sltp,18,861070,896800,-1,105406.6,103575.10000000014,284.8999999999796,1831.499999999869,tp,36094.0,1.726093399999869,0.10540660000000002,5.0,ifvg_clean,0.001,1.620686799999869
2025-11,B_n_7x45,combined,combined_vs_pure_sniper_top3_sltp,19,965616,980063,1,104850.1,104024.1,826.0,5310.0,sl,14453.0,-0.9308501000000001,0.10485010000000002,5.0,ifvg_clean,0.001,-1.0357002000000002
2025-11,B_n_7x45,combined,combined_vs_pure_sniper_top3_sltp,20,992020,992445,-1,101624.8,101636.9,154.69999999993888,994.4999999996071,inv,428.0,-0.11372479999999129,0.10162480000000002,5.0,ifvg_clean,0.001,-0.21534959999999131
2025-11,B_n_7x45,combined,combined_vs_pure_sniper_top3_sltp,21,1000090,1000230,-1,101482.0,101561.9,555.7999999999593,3572.999999999738,inv,140.0,-0.1813819999999942,0.101482,5.0,ifvg_clean,0.001,-0.2828639999999942
2025-11,B_n_7x45,combined,combined_vs_pure_sniper_top3_sltp,22,1066913,1066922,-1,102478.0,102506.1,198.10000000002037,1273.500000000131,inv,9.0,-0.13057800000000583,0.10247800000000001,5.0,ifvg_clean,0.001,-0.23305600000000584
2025-11,B_n_7x45,combined,combined_vs_pure_sniper_top3_sltp,23,1066641,1070201,1,102446.1,101036.30000000005,1409.7999999999593,9062.999999999738,sl,3560.0,-1.5122460999999594,0.1024461,5.0,ifvg_clean,0.001,-1.6146921999999595
2025-11,B_n_7x45,combined,combined_vs_pure_sniper_top3_sltp,24,1071754,1071858,-1,100996.8,101247.40000000002,250.60000000002037,1611.000000000131,sl,104.0,-0.35159680000002036,0.10099680000000001,5.0,ifvg_clean,0.001,-0.45259360000002036
2025-11,B_n_7x45,combined,combined_vs_pure_sniper_top3_sltp,25,1075304,1077335,-1,100431.3,99499.80000000013,144.89999999997963,931.499999999869,tp,2032.0,0.8310686999998691,0.10043130000000002,5.0,ifvg_clean,0.001,0.7306373999998691
2025-11,B_n_7x45,combined,combined_vs_pure_sniper_top3_sltp,26,1076631,1078720,-1,99881.3,98720.29999999987,180.60000000002037,1161.000000000131,tp,2089.0,1.061118700000131,0.0998813,5.0,ifvg_clean,0.001,0.9612374000001309
2025-11,B_n_7x45,combined,combined_vs_pure_sniper_top3_sltp,27,1073080,1079066,-1,100791.8,98456.30000000026,363.29999999995925,2335.499999999738,tp,5987.0,2.234708199999738,0.10079180000000001,5.0,ifvg_clean,0.001,2.133916399999738
2025-11,B_n_7x45,combined,combined_vs_pure_sniper_top3_sltp,28,1083578,1083578,-1,98707.8,98712.7,154.69999999993888,994.4999999996071,inv,0.0,-0.10360779999999419,0.09870780000000001,5.0,ifvg_clean,0.001,-0.2023155999999942
2025-11,B_n_7x45,combined,combined_vs_pure_sniper_top3_sltp,29,1088159,1088350,-1,98363.1,98678.80000000005,315.70000000004075,2029.500000000262,sl,191.0,-0.41406310000004076,0.09836310000000001,5.0,ifvg_clean,0.001,-0.5124262000000408
2025-11,B_n_7x45,combined,combined_vs_pure_sniper_top3_sltp,30,1095191,1099092,1,99617.7,99140.99999999996,476.70000000004075,3064.500000000262,sl,3902.0,-0.5763177000000408,0.0996177,5.0,ifvg_clean,0.001,-0.6759354000000408
2025-11,B_n_7x45,combined,combined_vs_pure_sniper_top3_sltp,31,1106082,1109695,1,99539.8,99307.40000000002,232.39999999997963,1493.999999999869,sl,3664.0,-0.33193979999997963,0.0995398,5.0,ifvg_clean,0.001,-0.43147959999997965
2025-11,B_n_7x45,combined,combined_vs_pure_sniper_top3_sltp,32,1105163,1110171,1,99397.1,99089.1,308.0,1980.0,sl,5094.0,-0.4073971,0.09939710000000002,5.0,ifvg_clean,0.001,-0.5067942000000001
2025-11,B_n_7x45,combined,combined_vs_pure_sniper_top3_sltp,33,1112899,1114791,-1,99106.9,98170.89999999986,145.60000000002037,936.000000000131,tp,1909.0,0.836893100000131,0.0991069,5.0,ifvg_clean,0.001,0.737786200000131
2025-11,B_n_7x45,combined,combined_vs_pure_sniper_top3_sltp,34,1132470,1132560,-1,97077.4,97125.0,357.70000000004075,2299.500000000262,inv,90.0,-0.1446774000000058,0.0970774,5.0,ifvg_clean,0.001,-0.24175480000000582
2025-11,B_n_7x45,combined,combined_vs_pure_sniper_top3_sltp,35,1139444,1142321,-1,96622.3,95591.80000000026,160.29999999995925,1030.499999999738,tp,2877.0,0.9338776999997381,0.09662230000000001,5.0,ifvg_clean,0.001,0.8372553999997381
2025-11,B_n_7x45,combined,combined_vs_pure_sniper_top3_sltp,36,1158467,1158962,-1,97165.0,97202.2,197.39999999997963,1268.999999999869,inv,496.0,-0.1343649999999971,0.097165,5.0,ifvg_clean,0.001,-0.2315299999999971
2025-11,B_n_7x45,combined,combined_vs_pure_sniper_top3_sltp,37,1115590,1172733,-1,97835.9,94375.40000000026,538.2999999999593,3460.499999999738,tp,57245.0,3.362664099999738,0.0978359,5.0,ifvg_clean,0.001,3.2648281999997377
2025-11,B_n_7x45,combined,combined_vs_pure_sniper_top3_sltp,38,1239419,1301378,-1,96324.4,96363.5,326.20000000004075,2097.000000000262,inv,66079.0,-0.13542440000000583,0.0963244,5.0,ifvg_clean,0.001,-0.23174880000000583
2025-11,B_n_7x45,combined,combined_vs_pure_sniper_top3_sltp,39,1312892,1313098,-1,95592.6,95782.99999999999,190.39999999997963,1223.999999999869,sl,207.0,-0.2859925999999796,0.0955926,5.0,ifvg_clean,0.001,-0.38158519999997964
2025-11,B_n_7x45,combined,combined_vs_pure_sniper_top3_sltp,40,1354451,1354462,-1,94659.3,94705.7,357.0,2295.0,inv,11.0,-0.14105929999999417,0.0946593,5.0,ifvg_clean,0.001,-0.23571859999999417
2025-11,B_n_7x45,combined,combined_vs_pure_sniper_top3_sltp,41,1381472,1381481,-1,95747.5,95772.3,285.6000000000204,1836.000000000131,inv,9.0,-0.12054750000000292,0.0957475,5.0,ifvg_clean,0.001,-0.2162950000000029
2025-11,B_n_7x45,combined,combined_vs_pure_sniper_top3_sltp,42,1403745,1403948,1,95304.8,94836.50000000004,468.29999999995925,3010.499999999738,sl,203.0,-0.5636047999999593,0.09530480000000001,5.0,ifvg_clean,0.001,-0.6589095999999592
2025-11,B_n_7x45,combined,combined_vs_pure_sniper_top3_sltp,43,1450615,1466569,-1,90717.1,91051.00000000009,333.9000000000815,2146.500000000524,sl,15959.0,-0.4246171000000815,0.09071710000000001,5.0,ifvg_clean,0.001,-0.5153342000000816
2025-11,B_n_7x45,combined,combined_vs_pure_sniper_top3_sltp,44,1496387,1496815,1,93583.5,93326.60000000002,256.8999999999796,1651.499999999869,sl,428.0,-0.35048349999997963,0.0935835,5.0,ifvg_clean,0.001,-0.4440669999999796
2025-11,B_n_7x45,combined,combined_vs_pure_sniper_top3_sltp,45,1500400,1500403,1,93290.4,93274.9,146.30000000006112,940.5000000003929,inv,3.0,-0.1087904,0.0932904,5.0,ifvg_clean,0.001,-0.2020808
2025-11,B_n_7x45,combined,combined_vs_pure_sniper_top3_sltp,46,1504682,1507327,-1,93474.8,93516.0,304.5,1957.5,inv,2703.0,-0.1346747999999971,0.09347480000000001,5.0,ifvg_clean,0.001,-0.22814959999999712
2025-11,B_n_7x45,combined,combined_vs_pure_sniper_top3_sltp,47,1508800,1508834,1,93162.9,93139.5,168.0,1080.0,inv,36.0,-0.11656289999999417,0.09316289999999999,5.0,ifvg_clean,0.001,-0.20972579999999416
2025-11,B_n_7x45,combined,combined_vs_pure_sniper_top3_sltp,48,1510790,1510966,1,92915.2,92876.5,277.20000000004075,1782.000000000262,inv,179.0,-0.1316151999999971,0.0929152,5.0,ifvg_clean,0.001,-0.2245303999999971
2025-11,B_n_7x45,combined,combined_vs_pure_sniper_top3_sltp,49,1516627,1519857,1,93049.4,92687.50000000001,361.8999999999796,2326.499999999869,sl,3317.0,-0.45494939999997963,0.09304939999999999,5.0,ifvg_clean,0.001,-0.5479987999999796
2025-11,B_n_7x45,combined,combined_vs_pure_sniper_top3_sltp,50,1597353,1597407,-1,89528.6,89575.9,343.0,2205.0,inv,54.0,-0.13682859999998837,0.08952860000000001,5.0,ifvg_clean,0.001,-0.22635719999998838
2025-11,B_n_7x45,combined,combined_vs_pure_sniper_top3_sltp,51,1596844,1613946,1,89255.8,92549.79999999987,512.3999999999796,3293.999999999869,tp,17181.0,3.204744199999869,0.08925580000000001,5.0,ifvg_clean,0.001,3.115488399999869
2025-11,B_n_7x45,combined,combined_vs_pure_sniper_top3_sltp,52,1656230,1656232,-1,91820.8,91883.8,627.2000000000407,4032.000000000262,inv,2.0,-0.1548208,0.09182080000000001,5.0,ifvg_clean,0.001,-0.24664160000000002
2025-11,B_n_7x45,combined,combined_vs_pure_sniper_top3_sltp,53,1731560,1732205,-1,82220.0,82710.69999999994,490.6999999999389,3154.499999999607,sl,645.0,-0.5729199999999389,0.08222,5.0,ifvg_clean,0.001,-0.6551399999999389
2025-11,B_n_7x45,combined,combined_vs_pure_sniper_top3_sltp,54,1737793,1737823,1,82096.4,82038.5,406.70000000004075,2614.500000000262,inv,30.0,-0.1399963999999942,0.0820964,5.0,ifvg_clean,0.001,-0.2220927999999942
2025-11,B_n_7x45,combined,combined_vs_pure_sniper_top3_sltp,55,1750460,1750460,1,82784.7,82810.8,184.10000000002037,1183.500000000131,inv,0.0,-0.05668469999999418,0.0827847,5.0,ifvg_clean,0.001,-0.1394693999999942
2025-11,B_n_7x45,combined,combined_vs_pure_sniper_top3_sltp,56,1751277,1753817,-1,82960.7,83729.30000000002,768.6000000000204,4941.000000000131,sl,2540.0,-0.8515607000000204,0.0829607,5.0,ifvg_clean,0.001,-0.9345214000000204
2025-11,B_n_7x45,combined,combined_vs_pure_sniper_top3_sltp,57,1759748,1759766,1,83468.4,83410.4,407.4000000000815,2619.000000000524,inv,18.0,-0.1414684,0.0834684,5.0,ifvg_clean,0.001,-0.2249368
2025-11,B_n_7x45,combined,combined_vs_pure_sniper_top3_sltp,58,1786576,1787741,1,85096.6,84856.50000000009,240.0999999999185,1543.4999999994761,sl,1194.0,-0.3251965999999185,0.08509660000000001,5.0,ifvg_clean,0.001,-0.41029319999991853
2025-11,B_n_7x45,combined,combined_vs_pure_sniper_top3_sltp,59,1805001,1806198,1,84670.5,84375.10000000002,295.3999999999796,1898.999999999869,sl,1209.0,-0.38007049999997966,0.08467050000000001,5.0,ifvg_clean,0.001,-0.46474099999997964
2025-11,B_n_7x45,combined,combined_vs_pure_sniper_top3_sltp,60,1810764,1810785,1,84155.5,84096.9,519.4000000000815,3339.000000000524,inv,21.0,-0.14275550000000584,0.08415550000000001,5.0,ifvg_clean,0.001,-0.22691100000000586
2025-11,B_n_7x45,combined,combined_vs_pure_sniper_top3_sltp,61,1788954,1818446,-1,84684.9,83550.90000000013,176.39999999997963,1133.999999999869,tp,29837.0,1.049315099999869,0.08468490000000001,5.0,ifvg_clean,0.001,0.964630199999869
2025-11,B_n_7x45,combined,combined_vs_pure_sniper_top3_sltp,62,1827119,1827961,1,84009.4,83838.60000000003,170.79999999995925,1097.999999999738,sl,848.0,-0.2548093999999593,0.0840094,5.0,ifvg_clean,0.001,-0.3388187999999593
2025-11,B_n_7x45,combined,combined_vs_pure_sniper_top3_sltp,63,1870385,1870450,-1,85767.1,85787.9,191.79999999995925,1232.999999999738,inv,65.0,-0.10656709999998837,0.08576710000000001,5.0,ifvg_clean,0.001,-0.19233419999998838
2025-11,B_n_7x45,combined,combined_vs_pure_sniper_top3_sltp,64,2000431,2000560,1,85960.5,85938.7,204.39999999997963,1313.999999999869,inv,135.0,-0.10776050000000291,0.0859605,5.0,ifvg_clean,0.001,-0.19372100000000292
2025-11,B_n_7x45,combined,combined_vs_pure_sniper_top3_sltp,65,2002653,2002698,1,86169.8,86099.0,505.3999999999796,3248.999999999869,inv,45.0,-0.15696980000000293,0.0861698,5.0,ifvg_clean,0.001,-0.24313960000000295
2025-11,B_n_7x45,combined,combined_vs_pure_sniper_top3_sltp,66,2018002,2018011,-1,88598.0,88618.3,210.0,1350.0,inv,9.0,-0.10889800000000291,0.088598,5.0,ifvg_clean,0.001,-0.1974960000000029
2025-11,B_n_7x45,combined,combined_vs_pure_sniper_top3_sltp,67,2031138,2031175,1,88672.2,88624.4,354.20000000004075,2277.000000000262,inv,38.0,-0.13647220000000293,0.0886722,5.0,ifvg_clean,0.001,-0.22514440000000294
2025-11,B_n_7x45,combined,combined_vs_pure_sniper_top3_sltp,68,2016258,2041910,1,88372.8,87653.90000000002,718.8999999999796,4621.499999999869,sl,26031.0,-0.8072727999999797,0.0883728,5.0,ifvg_clean,0.001,-0.8956455999999797
2025-11,B_n_7x45,combined,combined_vs_pure_sniper_top3_sltp,69,2047370,2050736,-1,87696.0,88116.69999999994,420.6999999999389,2704.499999999607,sl,3435.0,-0.5083959999999389,0.087696,5.0,ifvg_clean,0.001,-0.5960919999999389
2025-11,B_n_7x45,combined,combined_vs_pure_sniper_top3_sltp,70,2082008,2087003,-1,87513.3,86446.80000000013,165.89999999997963,1066.499999999869,tp,5016.0,0.978986699999869,0.0875133,5.0,ifvg_clean,0.001,0.891473399999869
2025-11,B_n_7x45,combined,combined_vs_pure_sniper_top3_sltp,71,2088297,2088534,-1,86276.0,86847.89999999998,571.8999999999796,3676.499999999869,sl,237.0,-0.6581759999999797,0.08627599999999999,5.0,ifvg_clean,0.001,-0.7444519999999797
2025-11,B_n_7x45,combined,combined_vs_pure_sniper_top3_sltp,72,2101334,2101667,1,87490.5,87466.2,156.80000000006112,1008.0000000003929,inv,344.0,-0.1117905000000029,0.0874905,5.0,ifvg_clean,0.001,-0.1992810000000029
2025-11,B_n_7x45,combined,combined_vs_pure_sniper_top3_sltp,73,2109272,2109280,-1,87337.8,87349.3,144.89999999997963,931.499999999869,inv,9.0,-0.0988378,0.08733780000000001,5.0,ifvg_clean,0.001,-0.1861756
2025-11,B_n_7x45,combined,combined_vs_pure_sniper_top3_sltp,74,2110883,2111026,-1,87248.5,87297.7,343.6999999999389,2209.499999999607,inv,154.0,-0.13644849999999709,0.0872485,5.0,ifvg_clean,0.001,-0.2236969999999971
2025-11,B_n_7x45,combined,combined_vs_pure_sniper_top3_sltp,75,2128860,2133877,-1,87879.6,86975.09999999974,140.70000000004075,904.5000000002619,tp,5210.0,0.8166204000002619,0.08787960000000002,5.0,ifvg_clean,0.001,0.7287408000002619
2025-11,B_n_7x45,combined,combined_vs_pure_sniper_top3_sltp,76,2133659,2137786,-1,87191.7,87434.60000000008,242.9000000000815,1561.5000000005239,sl,4321.0,-0.3300917000000815,0.0871917,5.0,ifvg_clean,0.001,-0.41728340000008146
2025-11,B_n_7x45,combined,combined_vs_pure_sniper_top3_sltp,77,1754272,2181655,1,83343.6,89193.6,910.0,5850.0,tp,435343.0,5.7666564000000005,0.08334360000000002,5.0,ifvg_clean,0.001,5.6833128
2025-11,B_n_7x45,combined,combined_vs_pure_sniper_top3_sltp,78,2184155,2184268,-1,90137.1,90189.5,396.8999999999796,2551.499999999869,inv,113.0,-0.1425370999999942,0.09013710000000001,5.0,ifvg_clean,0.001,-0.23267419999999422
2025-11,B_n_7x45,combined,combined_vs_pure_sniper_top3_sltp,79,2266119,2278472,1,91519.9,91214.00000000001,305.8999999999796,1966.499999999869,sl,13211.0,-0.3974198999999796,0.0915199,5.0,ifvg_clean,0.001,-0.4889397999999796
2025-11,B_n_7x45,combined,combined_vs_pure_sniper_top3_sltp,80,2284355,2284393,1,91214.6,91192.2,163.10000000002037,1048.500000000131,inv,42.0,-0.11361460000000874,0.0912146,5.0,ifvg_clean,0.001,-0.20482920000000876
2025-11,B_n_7x45,combined,combined_vs_pure_sniper_top3_sltp,81,2343843,2348268,-1,92091.0,90741.0,210.0,1350.0,tp,4425.0,1.2579090000000002,0.092091,5.0,ifvg_clean,0.001,1.1658180000000002
2025-11,B_n_7x45,combined,combined_vs_pure_sniper_top3_sltp,82,2350146,2351604,-1,90431.8,90783.90000000002,352.1000000000204,2263.500000000131,sl,1460.0,-0.4425318000000204,0.0904318,5.0,ifvg_clean,0.001,-0.5329636000000204
2025-11,B_n_7x45,combined,combined_vs_pure_sniper_top3_sltp,83,2345687,2493115,-1,91248.2,91588.39999999994,340.1999999999389,2186.999999999607,sl,161110.0,-0.4314481999999389,0.0912482,5.0,ifvg_clean,0.001,-0.5226963999999389
2025-11,B_n_7x45,combined,combined_vs_pure_sniper_top3_sltp,84,2344047,2528361,-1,92028.2,90320.6,401.79999999995925,2582.999999999738,eod,201253.0,1.6155717999999912,0.0920282,5.0,ifvg_clean,0.001,1.5235435999999911
2025-11,B_n_7x45,combined,combined_vs_pure_sniper_top3_sltp,85,2525469,2528361,-1,90891.5,90320.6,184.79999999995925,1187.999999999738,eod,2915.0,0.4800084999999942,0.09089150000000001,5.0,ifvg_clean,0.001,0.38911699999999416
2025-11,B_n_7x45,all_clean,combined_vs_pure_sniper_top3_sltp,0,170328,170336,1,108730.7,108705.2,196.0,1260.0,inv,8.0,-0.1342307,0.1087307,5.0,ifvg_clean,0.001,-0.2429614
2025-11,B_n_7x45,all_clean,combined_vs_pure_sniper_top3_sltp,1,188915,191370,-1,107361.9,107676.19999999995,314.29999999995925,2020.499999999738,sl,2468.0,-0.4216618999999593,0.1073619,5.0,ifvg_clean,0.001,-0.5290237999999593
2025-11,B_n_7x45,all_clean,combined_vs_pure_sniper_top3_sltp,2,164817,214288,-1,109580.3,106034.29999999987,551.6000000000204,3546.000000000131,tp,49790.0,3.4364197000001306,0.1095803,5.0,ifvg_clean,0.001,3.3268394000001305
2025-11,B_n_7x45,all_clean,combined_vs_pure_sniper_top3_sltp,3,161095,214388,-1,110272.3,105673.30000000013,715.3999999999796,4598.999999999869,tp,53661.0,4.488727699999869,0.1102723,5.0,ifvg_clean,0.001,4.3784553999998685
2025-11,B_n_7x45,all_clean,combined_vs_pure_sniper_top3_sltp,4,225599,225614,1,107315.0,107278.8,280.0,1800.0,inv,15.0,-0.1435149999999971,0.107315,5.0,ifvg_clean,0.001,-0.2508299999999971
2025-11,B_n_7x45,all_clean,combined_vs_pure_sniper_top3_sltp,5,257419,262457,1,107049.3,106628.60000000006,420.6999999999389,2704.499999999607,sl,5147.0,-0.5277492999999389,0.1070493,5.0,ifvg_clean,0.001,-0.6347985999999389
2025-11,B_n_7x45,all_clean,combined_vs_pure_sniper_top3_sltp,6,559713,560282,-1,100697.9,100977.19999999995,279.29999999995925,1795.499999999738,sl,569.0,-0.37999789999995925,0.10069789999999999,5.0,ifvg_clean,0.001,-0.48069579999995926
2025-11,B_n_7x45,all_clean,combined_vs_pure_sniper_top3_sltp,7,596731,596738,-1,103090.3,103119.8,253.39999999997963,1628.999999999869,inv,7.0,-0.1325903,0.1030903,5.0,ifvg_clean,0.001,-0.2356806
2025-11,B_n_7x45,all_clean,combined_vs_pure_sniper_top3_sltp,8,732248,733494,-1,103589.5,103743.0,1081.5,6952.5,inv,1253.0,-0.25708949999999997,0.1035895,5.0,ifvg_clean,0.001,-0.36067899999999997
2025-11,B_n_7x45,all_clean,combined_vs_pure_sniper_top3_sltp,9,736176,736179,-1,103531.0,103586.5,466.20000000004075,2997.000000000262,inv,3.0,-0.159031,0.10353100000000001,5.0,ifvg_clean,0.001,-0.262562
2025-11,B_n_7x45,all_clean,combined_vs_pure_sniper_top3_sltp,10,800230,800300,1,105956.6,105931.4,214.9000000000815,1381.5000000005239,inv,70.0,-0.13115660000001167,0.10595660000000001,5.0,ifvg_clean,0.001,-0.23711320000001168
2025-11,B_n_7x45,all_clean,combined_vs_pure_sniper_top3_sltp,11,816046,817539,-1,105068.7,105333.99999999996,265.29999999995925,1705.499999999738,sl,1505.0,-0.37036869999995925,0.1050687,5.0,ifvg_clean,0.001,-0.47543739999995926
2025-11,B_n_7x45,all_clean,combined_vs_pure_sniper_top3_sltp,12,818823,818847,-1,105336.7,105361.0,216.29999999995925,1390.499999999738,inv,24.0,-0.1296367000000029,0.10533669999999999,5.0,ifvg_clean,0.001,-0.23497340000000289
2025-11,B_n_7x45,all_clean,combined_vs_pure_sniper_top3_sltp,13,849676,850235,-1,106003.3,106276.99999999994,273.6999999999389,1759.499999999607,sl,565.0,-0.3797032999999389,0.10600330000000001,5.0,ifvg_clean,0.001,-0.4857065999999389
2025-11,B_n_7x45,all_clean,combined_vs_pure_sniper_top3_sltp,14,855941,856152,1,106414.9,106383.5,237.29999999995925,1525.499999999738,inv,212.0,-0.1378148999999942,0.1064149,5.0,ifvg_clean,0.001,-0.2442297999999942
2025-11,B_n_7x45,all_clean,combined_vs_pure_sniper_top3_sltp,15,854544,857314,1,106576.3,106017.00000000004,559.2999999999593,3595.499999999738,sl,2804.0,-0.6658762999999592,0.1065763,5.0,ifvg_clean,0.001,-0.7724525999999592
2025-11,B_n_7x45,all_clean,combined_vs_pure_sniper_top3_sltp,16,835871,863383,1,105512.7,104953.39999999994,559.3000000000611,3595.500000000393,sl,27930.0,-0.6648127000000611,0.1055127,5.0,ifvg_clean,0.001,-0.7703254000000611
2025-11,B_n_7x45,all_clean,combined_vs_pure_sniper_top3_sltp,17,880992,885200,1,105304.8,105045.09999999996,259.70000000004075,1669.500000000262,sl,4265.0,-0.36500480000004076,0.1053048,5.0,ifvg_clean,0.001,-0.47030960000004074
2025-11,B_n_7x45,all_clean,combined_vs_pure_sniper_top3_sltp,18,861070,896800,-1,105406.6,103575.10000000014,284.8999999999796,1831.499999999869,tp,36094.0,1.726093399999869,0.10540660000000002,5.0,ifvg_clean,0.001,1.620686799999869
2025-11,B_n_7x45,all_clean,combined_vs_pure_sniper_top3_sltp,19,965616,980063,1,104850.1,104024.1,826.0,5310.0,sl,14453.0,-0.9308501000000001,0.10485010000000002,5.0,ifvg_clean,0.001,-1.0357002000000002
2025-11,B_n_7x45,all_clean,combined_vs_pure_sniper_top3_sltp,20,992020,992445,-1,101624.8,101636.9,154.69999999993888,994.4999999996071,inv,428.0,-0.11372479999999129,0.10162480000000002,5.0,ifvg_clean,0.001,-0.21534959999999131
2025-11,B_n_7x45,all_clean,combined_vs_pure_sniper_top3_sltp,21,1000090,1000230,-1,101482.0,101561.9,555.7999999999593,3572.999999999738,inv,140.0,-0.1813819999999942,0.101482,5.0,ifvg_clean,0.001,-0.2828639999999942
2025-11,B_n_7x45,all_clean,combined_vs_pure_sniper_top3_sltp,22,1066913,1066922,-1,102478.0,102506.1,198.10000000002037,1273.500000000131,inv,9.0,-0.13057800000000583,0.10247800000000001,5.0,ifvg_clean,0.001,-0.23305600000000584
2025-11,B_n_7x45,all_clean,combined_vs_pure_sniper_top3_sltp,23,1066641,1070201,1,102446.1,101036.30000000005,1409.7999999999593,9062.999999999738,sl,3560.0,-1.5122460999999594,0.1024461,5.0,ifvg_clean,0.001,-1.6146921999999595
2025-11,B_n_7x45,all_clean,combined_vs_pure_sniper_top3_sltp,24,1071754,1071858,-1,100996.8,101247.40000000002,250.60000000002037,1611.000000000131,sl,104.0,-0.35159680000002036,0.10099680000000001,5.0,ifvg_clean,0.001,-0.45259360000002036
2025-11,B_n_7x45,all_clean,combined_vs_pure_sniper_top3_sltp,25,1075304,1077335,-1,100431.3,99499.80000000013,144.89999999997963,931.499999999869,tp,2032.0,0.8310686999998691,0.10043130000000002,5.0,ifvg_clean,0.001,0.7306373999998691
2025-11,B_n_7x45,all_clean,combined_vs_pure_sniper_top3_sltp,26,1076631,1078720,-1,99881.3,98720.29999999987,180.60000000002037,1161.000000000131,tp,2089.0,1.061118700000131,0.0998813,5.0,ifvg_clean,0.001,0.9612374000001309
2025-11,B_n_7x45,all_clean,combined_vs_pure_sniper_top3_sltp,27,1073080,1079066,-1,100791.8,98456.30000000026,363.29999999995925,2335.499999999738,tp,5987.0,2.234708199999738,0.10079180000000001,5.0,ifvg_clean,0.001,2.133916399999738
2025-11,B_n_7x45,all_clean,combined_vs_pure_sniper_top3_sltp,28,1083578,1083578,-1,98707.8,98712.7,154.69999999993888,994.4999999996071,inv,0.0,-0.10360779999999419,0.09870780000000001,5.0,ifvg_clean,0.001,-0.2023155999999942
2025-11,B_n_7x45,all_clean,combined_vs_pure_sniper_top3_sltp,29,1088159,1088350,-1,98363.1,98678.80000000005,315.70000000004075,2029.500000000262,sl,191.0,-0.41406310000004076,0.09836310000000001,5.0,ifvg_clean,0.001,-0.5124262000000408
2025-11,B_n_7x45,all_clean,combined_vs_pure_sniper_top3_sltp,30,1095191,1099092,1,99617.7,99140.99999999996,476.70000000004075,3064.500000000262,sl,3902.0,-0.5763177000000408,0.0996177,5.0,ifvg_clean,0.001,-0.6759354000000408
2025-11,B_n_7x45,all_clean,combined_vs_pure_sniper_top3_sltp,31,1106082,1109695,1,99539.8,99307.40000000002,232.39999999997963,1493.999999999869,sl,3664.0,-0.33193979999997963,0.0995398,5.0,ifvg_clean,0.001,-0.43147959999997965
2025-11,B_n_7x45,all_clean,combined_vs_pure_sniper_top3_sltp,32,1105163,1110171,1,99397.1,99089.1,308.0,1980.0,sl,5094.0,-0.4073971,0.09939710000000002,5.0,ifvg_clean,0.001,-0.5067942000000001
2025-11,B_n_7x45,all_clean,combined_vs_pure_sniper_top3_sltp,33,1112899,1114791,-1,99106.9,98170.89999999986,145.60000000002037,936.000000000131,tp,1909.0,0.836893100000131,0.0991069,5.0,ifvg_clean,0.001,0.737786200000131
2025-11,B_n_7x45,all_clean,combined_vs_pure_sniper_top3_sltp,34,1132470,1132560,-1,97077.4,97125.0,357.70000000004075,2299.500000000262,inv,90.0,-0.1446774000000058,0.0970774,5.0,ifvg_clean,0.001,-0.24175480000000582
2025-11,B_n_7x45,all_clean,combined_vs_pure_sniper_top3_sltp,35,1139444,1142321,-1,96622.3,95591.80000000026,160.29999999995925,1030.499999999738,tp,2877.0,0.9338776999997381,0.09662230000000001,5.0,ifvg_clean,0.001,0.8372553999997381
2025-11,B_n_7x45,all_clean,combined_vs_pure_sniper_top3_sltp,36,1158467,1158962,-1,97165.0,97202.2,197.39999999997963,1268.999999999869,inv,496.0,-0.1343649999999971,0.097165,5.0,ifvg_clean,0.001,-0.2315299999999971
2025-11,B_n_7x45,all_clean,combined_vs_pure_sniper_top3_sltp,37,1115590,1172733,-1,97835.9,94375.40000000026,538.2999999999593,3460.499999999738,tp,57245.0,3.362664099999738,0.0978359,5.0,ifvg_clean,0.001,3.2648281999997377
2025-11,B_n_7x45,all_clean,combined_vs_pure_sniper_top3_sltp,38,1239419,1301378,-1,96324.4,96363.5,326.20000000004075,2097.000000000262,inv,66079.0,-0.13542440000000583,0.0963244,5.0,ifvg_clean,0.001,-0.23174880000000583
2025-11,B_n_7x45,all_clean,combined_vs_pure_sniper_top3_sltp,39,1312892,1313098,-1,95592.6,95782.99999999999,190.39999999997963,1223.999999999869,sl,207.0,-0.2859925999999796,0.0955926,5.0,ifvg_clean,0.001,-0.38158519999997964
2025-11,B_n_7x45,all_clean,combined_vs_pure_sniper_top3_sltp,40,1354451,1354462,-1,94659.3,94705.7,357.0,2295.0,inv,11.0,-0.14105929999999417,0.0946593,5.0,ifvg_clean,0.001,-0.23571859999999417
2025-11,B_n_7x45,all_clean,combined_vs_pure_sniper_top3_sltp,41,1381472,1381481,-1,95747.5,95772.3,285.6000000000204,1836.000000000131,inv,9.0,-0.12054750000000292,0.0957475,5.0,ifvg_clean,0.001,-0.2162950000000029
2025-11,B_n_7x45,all_clean,combined_vs_pure_sniper_top3_sltp,42,1403745,1403948,1,95304.8,94836.50000000004,468.29999999995925,3010.499999999738,sl,203.0,-0.5636047999999593,0.09530480000000001,5.0,ifvg_clean,0.001,-0.6589095999999592
2025-11,B_n_7x45,all_clean,combined_vs_pure_sniper_top3_sltp,43,1450615,1466569,-1,90717.1,91051.00000000009,333.9000000000815,2146.500000000524,sl,15959.0,-0.4246171000000815,0.09071710000000001,5.0,ifvg_clean,0.001,-0.5153342000000816
2025-11,B_n_7x45,all_clean,combined_vs_pure_sniper_top3_sltp,44,1496387,1496815,1,93583.5,93326.60000000002,256.8999999999796,1651.499999999869,sl,428.0,-0.35048349999997963,0.0935835,5.0,ifvg_clean,0.001,-0.4440669999999796
2025-11,B_n_7x45,all_clean,combined_vs_pure_sniper_top3_sltp,45,1500400,1500403,1,93290.4,93274.9,146.30000000006112,940.5000000003929,inv,3.0,-0.1087904,0.0932904,5.0,ifvg_clean,0.001,-0.2020808
2025-11,B_n_7x45,all_clean,combined_vs_pure_sniper_top3_sltp,46,1504682,1507327,-1,93474.8,93516.0,304.5,1957.5,inv,2703.0,-0.1346747999999971,0.09347480000000001,5.0,ifvg_clean,0.001,-0.22814959999999712
2025-11,B_n_7x45,all_clean,combined_vs_pure_sniper_top3_sltp,47,1508800,1508834,1,93162.9,93139.5,168.0,1080.0,inv,36.0,-0.11656289999999417,0.09316289999999999,5.0,ifvg_clean,0.001,-0.20972579999999416
2025-11,B_n_7x45,all_clean,combined_vs_pure_sniper_top3_sltp,48,1510790,1510966,1,92915.2,92876.5,277.20000000004075,1782.000000000262,inv,179.0,-0.1316151999999971,0.0929152,5.0,ifvg_clean,0.001,-0.2245303999999971
2025-11,B_n_7x45,all_clean,combined_vs_pure_sniper_top3_sltp,49,1516627,1519857,1,93049.4,92687.50000000001,361.8999999999796,2326.499999999869,sl,3317.0,-0.45494939999997963,0.09304939999999999,5.0,ifvg_clean,0.001,-0.5479987999999796
2025-11,B_n_7x45,all_clean,combined_vs_pure_sniper_top3_sltp,50,1597353,1597407,-1,89528.6,89575.9,343.0,2205.0,inv,54.0,-0.13682859999998837,0.08952860000000001,5.0,ifvg_clean,0.001,-0.22635719999998838
2025-11,B_n_7x45,all_clean,combined_vs_pure_sniper_top3_sltp,51,1596844,1613946,1,89255.8,92549.79999999987,512.3999999999796,3293.999999999869,tp,17181.0,3.204744199999869,0.08925580000000001,5.0,ifvg_clean,0.001,3.115488399999869
2025-11,B_n_7x45,all_clean,combined_vs_pure_sniper_top3_sltp,52,1656230,1656232,-1,91820.8,91883.8,627.2000000000407,4032.000000000262,inv,2.0,-0.1548208,0.09182080000000001,5.0,ifvg_clean,0.001,-0.24664160000000002
2025-11,B_n_7x45,all_clean,combined_vs_pure_sniper_top3_sltp,53,1731560,1732205,-1,82220.0,82710.69999999994,490.6999999999389,3154.499999999607,sl,645.0,-0.5729199999999389,0.08222,5.0,ifvg_clean,0.001,-0.6551399999999389
2025-11,B_n_7x45,all_clean,combined_vs_pure_sniper_top3_sltp,54,1737793,1737823,1,82096.4,82038.5,406.70000000004075,2614.500000000262,inv,30.0,-0.1399963999999942,0.0820964,5.0,ifvg_clean,0.001,-0.2220927999999942
2025-11,B_n_7x45,all_clean,combined_vs_pure_sniper_top3_sltp,55,1750460,1750460,1,82784.7,82810.8,184.10000000002037,1183.500000000131,inv,0.0,-0.05668469999999418,0.0827847,5.0,ifvg_clean,0.001,-0.1394693999999942
2025-11,B_n_7x45,all_clean,combined_vs_pure_sniper_top3_sltp,56,1751277,1753817,-1,82960.7,83729.30000000002,768.6000000000204,4941.000000000131,sl,2540.0,-0.8515607000000204,0.0829607,5.0,ifvg_clean,0.001,-0.9345214000000204
2025-11,B_n_7x45,all_clean,combined_vs_pure_sniper_top3_sltp,57,1759748,1759766,1,83468.4,83410.4,407.4000000000815,2619.000000000524,inv,18.0,-0.1414684,0.0834684,5.0,ifvg_clean,0.001,-0.2249368
2025-11,B_n_7x45,all_clean,combined_vs_pure_sniper_top3_sltp,58,1786576,1787741,1,85096.6,84856.50000000009,240.0999999999185,1543.4999999994761,sl,1194.0,-0.3251965999999185,0.08509660000000001,5.0,ifvg_clean,0.001,-0.41029319999991853
2025-11,B_n_7x45,all_clean,combined_vs_pure_sniper_top3_sltp,59,1805001,1806198,1,84670.5,84375.10000000002,295.3999999999796,1898.999999999869,sl,1209.0,-0.38007049999997966,0.08467050000000001,5.0,ifvg_clean,0.001,-0.46474099999997964
2025-11,B_n_7x45,all_clean,combined_vs_pure_sniper_top3_sltp,60,1810764,1810785,1,84155.5,84096.9,519.4000000000815,3339.000000000524,inv,21.0,-0.14275550000000584,0.08415550000000001,5.0,ifvg_clean,0.001,-0.22691100000000586
2025-11,B_n_7x45,all_clean,combined_vs_pure_sniper_top3_sltp,61,1788954,1818446,-1,84684.9,83550.90000000013,176.39999999997963,1133.999999999869,tp,29837.0,1.049315099999869,0.08468490000000001,5.0,ifvg_clean,0.001,0.964630199999869
2025-11,B_n_7x45,all_clean,combined_vs_pure_sniper_top3_sltp,62,1827119,1827961,1,84009.4,83838.60000000003,170.79999999995925,1097.999999999738,sl,848.0,-0.2548093999999593,0.0840094,5.0,ifvg_clean,0.001,-0.3388187999999593
2025-11,B_n_7x45,all_clean,combined_vs_pure_sniper_top3_sltp,63,1870385,1870450,-1,85767.1,85787.9,191.79999999995925,1232.999999999738,inv,65.0,-0.10656709999998837,0.08576710000000001,5.0,ifvg_clean,0.001,-0.19233419999998838
2025-11,B_n_7x45,all_clean,combined_vs_pure_sniper_top3_sltp,64,2000431,2000560,1,85960.5,85938.7,204.39999999997963,1313.999999999869,inv,135.0,-0.10776050000000291,0.0859605,5.0,ifvg_clean,0.001,-0.19372100000000292
2025-11,B_n_7x45,all_clean,combined_vs_pure_sniper_top3_sltp,65,2002653,2002698,1,86169.8,86099.0,505.3999999999796,3248.999999999869,inv,45.0,-0.15696980000000293,0.0861698,5.0,ifvg_clean,0.001,-0.24313960000000295
2025-11,B_n_7x45,all_clean,combined_vs_pure_sniper_top3_sltp,66,2018002,2018011,-1,88598.0,88618.3,210.0,1350.0,inv,9.0,-0.10889800000000291,0.088598,5.0,ifvg_clean,0.001,-0.1974960000000029
2025-11,B_n_7x45,all_clean,combined_vs_pure_sniper_top3_sltp,67,2031138,2031175,1,88672.2,88624.4,354.20000000004075,2277.000000000262,inv,38.0,-0.13647220000000293,0.0886722,5.0,ifvg_clean,0.001,-0.22514440000000294
2025-11,B_n_7x45,all_clean,combined_vs_pure_sniper_top3_sltp,68,2016258,2041910,1,88372.8,87653.90000000002,718.8999999999796,4621.499999999869,sl,26031.0,-0.8072727999999797,0.0883728,5.0,ifvg_clean,0.001,-0.8956455999999797
2025-11,B_n_7x45,all_clean,combined_vs_pure_sniper_top3_sltp,69,2047370,2050736,-1,87696.0,88116.69999999994,420.6999999999389,2704.499999999607,sl,3435.0,-0.5083959999999389,0.087696,5.0,ifvg_clean,0.001,-0.5960919999999389
2025-11,B_n_7x45,all_clean,combined_vs_pure_sniper_top3_sltp,70,2082008,2087003,-1,87513.3,86446.80000000013,165.89999999997963,1066.499999999869,tp,5016.0,0.978986699999869,0.0875133,5.0,ifvg_clean,0.001,0.891473399999869
2025-11,B_n_7x45,all_clean,combined_vs_pure_sniper_top3_sltp,71,2088297,2088534,-1,86276.0,86847.89999999998,571.8999999999796,3676.499999999869,sl,237.0,-0.6581759999999797,0.08627599999999999,5.0,ifvg_clean,0.001,-0.7444519999999797
2025-11,B_n_7x45,all_clean,combined_vs_pure_sniper_top3_sltp,72,2101334,2101667,1,87490.5,87466.2,156.80000000006112,1008.0000000003929,inv,344.0,-0.1117905000000029,0.0874905,5.0,ifvg_clean,0.001,-0.1992810000000029
2025-11,B_n_7x45,all_clean,combined_vs_pure_sniper_top3_sltp,73,2109272,2109280,-1,87337.8,87349.3,144.89999999997963,931.499999999869,inv,9.0,-0.0988378,0.08733780000000001,5.0,ifvg_clean,0.001,-0.1861756
2025-11,B_n_7x45,all_clean,combined_vs_pure_sniper_top3_sltp,74,2110883,2111026,-1,87248.5,87297.7,343.6999999999389,2209.499999999607,inv,154.0,-0.13644849999999709,0.0872485,5.0,ifvg_clean,0.001,-0.2236969999999971
2025-11,B_n_7x45,all_clean,combined_vs_pure_sniper_top3_sltp,75,2128860,2133877,-1,87879.6,86975.09999999974,140.70000000004075,904.5000000002619,tp,5210.0,0.8166204000002619,0.08787960000000002,5.0,ifvg_clean,0.001,0.7287408000002619
2025-11,B_n_7x45,all_clean,combined_vs_pure_sniper_top3_sltp,76,2133659,2137786,-1,87191.7,87434.60000000008,242.9000000000815,1561.5000000005239,sl,4321.0,-0.3300917000000815,0.0871917,5.0,ifvg_clean,0.001,-0.41728340000008146
2025-11,B_n_7x45,all_clean,combined_vs_pure_sniper_top3_sltp,77,1754272,2181655,1,83343.6,89193.6,910.0,5850.0,tp,435343.0,5.7666564000000005,0.08334360000000002,5.0,ifvg_clean,0.001,5.6833128
2025-11,B_n_7x45,all_clean,combined_vs_pure_sniper_top3_sltp,78,2184155,2184268,-1,90137.1,90189.5,396.8999999999796,2551.499999999869,inv,113.0,-0.1425370999999942,0.09013710000000001,5.0,ifvg_clean,0.001,-0.23267419999999422
2025-11,B_n_7x45,all_clean,combined_vs_pure_sniper_top3_sltp,79,2266119,2278472,1,91519.9,91214.00000000001,305.8999999999796,1966.499999999869,sl,13211.0,-0.3974198999999796,0.0915199,5.0,ifvg_clean,0.001,-0.4889397999999796
2025-11,B_n_7x45,all_clean,combined_vs_pure_sniper_top3_sltp,80,2284355,2284393,1,91214.6,91192.2,163.10000000002037,1048.500000000131,inv,42.0,-0.11361460000000874,0.0912146,5.0,ifvg_clean,0.001,-0.20482920000000876
2025-11,B_n_7x45,all_clean,combined_vs_pure_sniper_top3_sltp,81,2343843,2348268,-1,92091.0,90741.0,210.0,1350.0,tp,4425.0,1.2579090000000002,0.092091,5.0,ifvg_clean,0.001,1.1658180000000002
2025-11,B_n_7x45,all_clean,combined_vs_pure_sniper_top3_sltp,82,2350146,2351604,-1,90431.8,90783.90000000002,352.1000000000204,2263.500000000131,sl,1460.0,-0.4425318000000204,0.0904318,5.0,ifvg_clean,0.001,-0.5329636000000204
2025-11,B_n_7x45,all_clean,combined_vs_pure_sniper_top3_sltp,83,2345687,2493115,-1,91248.2,91588.39999999994,340.1999999999389,2186.999999999607,sl,161110.0,-0.4314481999999389,0.0912482,5.0,ifvg_clean,0.001,-0.5226963999999389
2025-11,B_n_7x45,all_clean,combined_vs_pure_sniper_top3_sltp,84,2344047,2528361,-1,92028.2,90320.6,401.79999999995925,2582.999999999738,eod,201253.0,1.6155717999999912,0.0920282,5.0,ifvg_clean,0.001,1.5235435999999911
2025-11,B_n_7x45,all_clean,combined_vs_pure_sniper_top3_sltp,85,2525469,2528361,-1,90891.5,90320.6,184.79999999995925,1187.999999999738,eod,2915.0,0.4800084999999942,0.09089150000000001,5.0,ifvg_clean,0.001,0.38911699999999416
2025-11,B_n_7x45,all_dirty,combined_vs_pure_sniper_top3_sltp,0,170328,170336,1,108730.7,108705.2,196.0,1260.0,inv,8.0,-0.1342307,0.1087307,5.0,sniper_dirty,0.001,-0.2429614
2025-11,B_n_7x45,all_dirty,combined_vs_pure_sniper_top3_sltp,1,188915,191370,-1,107361.9,107676.19999999995,314.29999999995925,2020.499999999738,sl,2468.0,-0.4216618999999593,0.1073619,5.0,sniper_dirty,0.001,-0.5290237999999593
2025-11,B_n_7x45,all_dirty,combined_vs_pure_sniper_top3_sltp,2,164817,214288,-1,109580.3,106034.29999999987,551.6000000000204,3546.000000000131,tp,49790.0,3.4364197000001306,0.1095803,5.0,sniper_dirty,0.001,3.3268394000001305
2025-11,B_n_7x45,all_dirty,combined_vs_pure_sniper_top3_sltp,3,161095,214388,-1,110272.3,105673.30000000013,715.3999999999796,4598.999999999869,tp,53661.0,4.488727699999869,0.1102723,5.0,sniper_dirty,0.001,4.3784553999998685
2025-11,B_n_7x45,all_dirty,combined_vs_pure_sniper_top3_sltp,4,225599,225614,1,107315.0,107278.8,280.0,1800.0,inv,15.0,-0.1435149999999971,0.107315,5.0,sniper_dirty,0.001,-0.2508299999999971
2025-11,B_n_7x45,all_dirty,combined_vs_pure_sniper_top3_sltp,5,257419,262457,1,107049.3,106628.60000000006,420.6999999999389,2704.499999999607,sl,5147.0,-0.5277492999999389,0.1070493,5.0,sniper_dirty,0.001,-0.6347985999999389
2025-11,B_n_7x45,all_dirty,combined_vs_pure_sniper_top3_sltp,6,559713,560282,-1,100697.9,100977.19999999995,279.29999999995925,1795.499999999738,sl,569.0,-0.37999789999995925,0.10069789999999999,5.0,sniper_dirty,0.001,-0.48069579999995926
2025-11,B_n_7x45,all_dirty,combined_vs_pure_sniper_top3_sltp,7,596731,596738,-1,103090.3,103119.8,253.39999999997963,1628.999999999869,inv,7.0,-0.1325903,0.1030903,5.0,sniper_dirty,0.001,-0.2356806
2025-11,B_n_7x45,all_dirty,combined_vs_pure_sniper_top3_sltp,8,732248,733494,-1,103589.5,103743.0,1081.5,6952.5,inv,1253.0,-0.25708949999999997,0.1035895,5.0,sniper_dirty,0.001,-0.36067899999999997
2025-11,B_n_7x45,all_dirty,combined_vs_pure_sniper_top3_sltp,9,736176,736179,-1,103531.0,103586.5,466.20000000004075,2997.000000000262,inv,3.0,-0.159031,0.10353100000000001,5.0,sniper_dirty,0.001,-0.262562
2025-11,B_n_7x45,all_dirty,combined_vs_pure_sniper_top3_sltp,10,800230,800300,1,105956.6,105931.4,214.9000000000815,1381.5000000005239,inv,70.0,-0.13115660000001167,0.10595660000000001,5.0,sniper_dirty,0.001,-0.23711320000001168
2025-11,B_n_7x45,all_dirty,combined_vs_pure_sniper_top3_sltp,11,816046,817539,-1,105068.7,105333.99999999996,265.29999999995925,1705.499999999738,sl,1505.0,-0.37036869999995925,0.1050687,5.0,sniper_dirty,0.001,-0.47543739999995926
2025-11,B_n_7x45,all_dirty,combined_vs_pure_sniper_top3_sltp,12,818823,818847,-1,105336.7,105361.0,216.29999999995925,1390.499999999738,inv,24.0,-0.1296367000000029,0.10533669999999999,5.0,sniper_dirty,0.001,-0.23497340000000289
2025-11,B_n_7x45,all_dirty,combined_vs_pure_sniper_top3_sltp,13,849676,850235,-1,106003.3,106276.99999999994,273.6999999999389,1759.499999999607,sl,565.0,-0.3797032999999389,0.10600330000000001,5.0,sniper_dirty,0.001,-0.4857065999999389
2025-11,B_n_7x45,all_dirty,combined_vs_pure_sniper_top3_sltp,14,855941,856152,1,106414.9,106383.5,237.29999999995925,1525.499999999738,inv,212.0,-0.1378148999999942,0.1064149,5.0,sniper_dirty,0.001,-0.2442297999999942
2025-11,B_n_7x45,all_dirty,combined_vs_pure_sniper_top3_sltp,15,854544,857314,1,106576.3,106017.00000000004,559.2999999999593,3595.499999999738,sl,2804.0,-0.6658762999999592,0.1065763,5.0,sniper_dirty,0.001,-0.7724525999999592
2025-11,B_n_7x45,all_dirty,combined_vs_pure_sniper_top3_sltp,16,835871,863383,1,105512.7,104953.39999999994,559.3000000000611,3595.500000000393,sl,27930.0,-0.6648127000000611,0.1055127,5.0,sniper_dirty,0.001,-0.7703254000000611
2025-11,B_n_7x45,all_dirty,combined_vs_pure_sniper_top3_sltp,17,880992,885200,1,105304.8,105045.09999999996,259.70000000004075,1669.500000000262,sl,4265.0,-0.36500480000004076,0.1053048,5.0,sniper_dirty,0.001,-0.47030960000004074
2025-11,B_n_7x45,all_dirty,combined_vs_pure_sniper_top3_sltp,18,861070,896800,-1,105406.6,103575.10000000014,284.8999999999796,1831.499999999869,tp,36094.0,1.726093399999869,0.10540660000000002,5.0,sniper_dirty,0.001,1.620686799999869
2025-11,B_n_7x45,all_dirty,combined_vs_pure_sniper_top3_sltp,19,965616,980063,1,104850.1,104024.1,826.0,5310.0,sl,14453.0,-0.9308501000000001,0.10485010000000002,5.0,sniper_dirty,0.001,-1.0357002000000002
2025-11,B_n_7x45,all_dirty,combined_vs_pure_sniper_top3_sltp,20,992020,992445,-1,101624.8,101636.9,154.69999999993888,994.4999999996071,inv,428.0,-0.11372479999999129,0.10162480000000002,5.0,sniper_dirty,0.001,-0.21534959999999131
2025-11,B_n_7x45,all_dirty,combined_vs_pure_sniper_top3_sltp,21,1000090,1000230,-1,101482.0,101561.9,555.7999999999593,3572.999999999738,inv,140.0,-0.1813819999999942,0.101482,5.0,sniper_dirty,0.001,-0.2828639999999942
2025-11,B_n_7x45,all_dirty,combined_vs_pure_sniper_top3_sltp,22,1066913,1066922,-1,102478.0,102506.1,198.10000000002037,1273.500000000131,inv,9.0,-0.13057800000000583,0.10247800000000001,5.0,sniper_dirty,0.001,-0.23305600000000584
2025-11,B_n_7x45,all_dirty,combined_vs_pure_sniper_top3_sltp,23,1066641,1070201,1,102446.1,101036.30000000005,1409.7999999999593,9062.999999999738,sl,3560.0,-1.5122460999999594,0.1024461,5.0,sniper_dirty,0.001,-1.6146921999999595
2025-11,B_n_7x45,all_dirty,combined_vs_pure_sniper_top3_sltp,24,1071754,1071858,-1,100996.8,101247.40000000002,250.60000000002037,1611.000000000131,sl,104.0,-0.35159680000002036,0.10099680000000001,5.0,sniper_dirty,0.001,-0.45259360000002036
2025-11,B_n_7x45,all_dirty,combined_vs_pure_sniper_top3_sltp,25,1075304,1077335,-1,100431.3,99499.80000000013,144.89999999997963,931.499999999869,tp,2032.0,0.8310686999998691,0.10043130000000002,5.0,sniper_dirty,0.001,0.7306373999998691
2025-11,B_n_7x45,all_dirty,combined_vs_pure_sniper_top3_sltp,26,1076631,1078720,-1,99881.3,98720.29999999987,180.60000000002037,1161.000000000131,tp,2089.0,1.061118700000131,0.0998813,5.0,sniper_dirty,0.001,0.9612374000001309
2025-11,B_n_7x45,all_dirty,combined_vs_pure_sniper_top3_sltp,27,1073080,1079066,-1,100791.8,98456.30000000026,363.29999999995925,2335.499999999738,tp,5987.0,2.234708199999738,0.10079180000000001,5.0,sniper_dirty,0.001,2.133916399999738
2025-11,B_n_7x45,all_dirty,combined_vs_pure_sniper_top3_sltp,28,1083578,1083578,-1,98707.8,98712.7,154.69999999993888,994.4999999996071,inv,0.0,-0.10360779999999419,0.09870780000000001,5.0,sniper_dirty,0.001,-0.2023155999999942
2025-11,B_n_7x45,all_dirty,combined_vs_pure_sniper_top3_sltp,29,1088159,1088350,-1,98363.1,98678.80000000005,315.70000000004075,2029.500000000262,sl,191.0,-0.41406310000004076,0.09836310000000001,5.0,sniper_dirty,0.001,-0.5124262000000408
2025-11,B_n_7x45,all_dirty,combined_vs_pure_sniper_top3_sltp,30,1095191,1099092,1,99617.7,99140.99999999996,476.70000000004075,3064.500000000262,sl,3902.0,-0.5763177000000408,0.0996177,5.0,sniper_dirty,0.001,-0.6759354000000408
2025-11,B_n_7x45,all_dirty,combined_vs_pure_sniper_top3_sltp,31,1106082,1109695,1,99539.8,99307.40000000002,232.39999999997963,1493.999999999869,sl,3664.0,-0.33193979999997963,0.0995398,5.0,sniper_dirty,0.001,-0.43147959999997965
2025-11,B_n_7x45,all_dirty,combined_vs_pure_sniper_top3_sltp,32,1105163,1110171,1,99397.1,99089.1,308.0,1980.0,sl,5094.0,-0.4073971,0.09939710000000002,5.0,sniper_dirty,0.001,-0.5067942000000001
2025-11,B_n_7x45,all_dirty,combined_vs_pure_sniper_top3_sltp,33,1112899,1114791,-1,99106.9,98170.89999999986,145.60000000002037,936.000000000131,tp,1909.0,0.836893100000131,0.0991069,5.0,sniper_dirty,0.001,0.737786200000131
2025-11,B_n_7x45,all_dirty,combined_vs_pure_sniper_top3_sltp,34,1132470,1132560,-1,97077.4,97125.0,357.70000000004075,2299.500000000262,inv,90.0,-0.1446774000000058,0.0970774,5.0,sniper_dirty,0.001,-0.24175480000000582
2025-11,B_n_7x45,all_dirty,combined_vs_pure_sniper_top3_sltp,35,1139444,1142321,-1,96622.3,95591.80000000026,160.29999999995925,1030.499999999738,tp,2877.0,0.9338776999997381,0.09662230000000001,5.0,sniper_dirty,0.001,0.8372553999997381
2025-11,B_n_7x45,all_dirty,combined_vs_pure_sniper_top3_sltp,36,1158467,1158962,-1,97165.0,97202.2,197.39999999997963,1268.999999999869,inv,496.0,-0.1343649999999971,0.097165,5.0,sniper_dirty,0.001,-0.2315299999999971
2025-11,B_n_7x45,all_dirty,combined_vs_pure_sniper_top3_sltp,37,1115590,1172733,-1,97835.9,94375.40000000026,538.2999999999593,3460.499999999738,tp,57245.0,3.362664099999738,0.0978359,5.0,sniper_dirty,0.001,3.2648281999997377
2025-11,B_n_7x45,all_dirty,combined_vs_pure_sniper_top3_sltp,38,1239419,1301378,-1,96324.4,96363.5,326.20000000004075,2097.000000000262,inv,66079.0,-0.13542440000000583,0.0963244,5.0,sniper_dirty,0.001,-0.23174880000000583
2025-11,B_n_7x45,all_dirty,combined_vs_pure_sniper_top3_sltp,39,1312892,1313098,-1,95592.6,95782.99999999999,190.39999999997963,1223.999999999869,sl,207.0,-0.2859925999999796,0.0955926,5.0,sniper_dirty,0.001,-0.38158519999997964
2025-11,B_n_7x45,all_dirty,combined_vs_pure_sniper_top3_sltp,40,1354451,1354462,-1,94659.3,94705.7,357.0,2295.0,inv,11.0,-0.14105929999999417,0.0946593,5.0,sniper_dirty,0.001,-0.23571859999999417
2025-11,B_n_7x45,all_dirty,combined_vs_pure_sniper_top3_sltp,41,1381472,1381481,-1,95747.5,95772.3,285.6000000000204,1836.000000000131,inv,9.0,-0.12054750000000292,0.0957475,5.0,sniper_dirty,0.001,-0.2162950000000029
2025-11,B_n_7x45,all_dirty,combined_vs_pure_sniper_top3_sltp,42,1403745,1403948,1,95304.8,94836.50000000004,468.29999999995925,3010.499999999738,sl,203.0,-0.5636047999999593,0.09530480000000001,5.0,sniper_dirty,0.001,-0.6589095999999592
2025-11,B_n_7x45,all_dirty,combined_vs_pure_sniper_top3_sltp,43,1450615,1466569,-1,90717.1,91051.00000000009,333.9000000000815,2146.500000000524,sl,15959.0,-0.4246171000000815,0.09071710000000001,5.0,sniper_dirty,0.001,-0.5153342000000816
2025-11,B_n_7x45,all_dirty,combined_vs_pure_sniper_top3_sltp,44,1496387,1496815,1,93583.5,93326.60000000002,256.8999999999796,1651.499999999869,sl,428.0,-0.35048349999997963,0.0935835,5.0,sniper_dirty,0.001,-0.4440669999999796
2025-11,B_n_7x45,all_dirty,combined_vs_pure_sniper_top3_sltp,45,1500400,1500403,1,93290.4,93274.9,146.30000000006112,940.5000000003929,inv,3.0,-0.1087904,0.0932904,5.0,sniper_dirty,0.001,-0.2020808
2025-11,B_n_7x45,all_dirty,combined_vs_pure_sniper_top3_sltp,46,1504682,1507327,-1,93474.8,93516.0,304.5,1957.5,inv,2703.0,-0.1346747999999971,0.09347480000000001,5.0,sniper_dirty,0.001,-0.22814959999999712
2025-11,B_n_7x45,all_dirty,combined_vs_pure_sniper_top3_sltp,47,1508800,1508834,1,93162.9,93139.5,168.0,1080.0,inv,36.0,-0.11656289999999417,0.09316289999999999,5.0,sniper_dirty,0.001,-0.20972579999999416
2025-11,B_n_7x45,all_dirty,combined_vs_pure_sniper_top3_sltp,48,1510790,1510966,1,92915.2,92876.5,277.20000000004075,1782.000000000262,inv,179.0,-0.1316151999999971,0.0929152,5.0,sniper_dirty,0.001,-0.2245303999999971
2025-11,B_n_7x45,all_dirty,combined_vs_pure_sniper_top3_sltp,49,1516627,1519857,1,93049.4,92687.50000000001,361.8999999999796,2326.499999999869,sl,3317.0,-0.45494939999997963,0.09304939999999999,5.0,sniper_dirty,0.001,-0.5479987999999796
2025-11,B_n_7x45,all_dirty,combined_vs_pure_sniper_top3_sltp,50,1597353,1597407,-1,89528.6,89575.9,343.0,2205.0,inv,54.0,-0.13682859999998837,0.08952860000000001,5.0,sniper_dirty,0.001,-0.22635719999998838
2025-11,B_n_7x45,all_dirty,combined_vs_pure_sniper_top3_sltp,51,1596844,1613946,1,89255.8,92549.79999999987,512.3999999999796,3293.999999999869,tp,17181.0,3.204744199999869,0.08925580000000001,5.0,sniper_dirty,0.001,3.115488399999869
2025-11,B_n_7x45,all_dirty,combined_vs_pure_sniper_top3_sltp,52,1656230,1656232,-1,91820.8,91883.8,627.2000000000407,4032.000000000262,inv,2.0,-0.1548208,0.09182080000000001,5.0,sniper_dirty,0.001,-0.24664160000000002
2025-11,B_n_7x45,all_dirty,combined_vs_pure_sniper_top3_sltp,53,1731560,1732205,-1,82220.0,82710.69999999994,490.6999999999389,3154.499999999607,sl,645.0,-0.5729199999999389,0.08222,5.0,sniper_dirty,0.001,-0.6551399999999389
2025-11,B_n_7x45,all_dirty,combined_vs_pure_sniper_top3_sltp,54,1737793,1737823,1,82096.4,82038.5,406.70000000004075,2614.500000000262,inv,30.0,-0.1399963999999942,0.0820964,5.0,sniper_dirty,0.001,-0.2220927999999942
2025-11,B_n_7x45,all_dirty,combined_vs_pure_sniper_top3_sltp,55,1750460,1750460,1,82784.7,82810.8,184.10000000002037,1183.500000000131,inv,0.0,-0.05668469999999418,0.0827847,5.0,sniper_dirty,0.001,-0.1394693999999942
2025-11,B_n_7x45,all_dirty,combined_vs_pure_sniper_top3_sltp,56,1751277,1753817,-1,82960.7,83729.30000000002,768.6000000000204,4941.000000000131,sl,2540.0,-0.8515607000000204,0.0829607,5.0,sniper_dirty,0.001,-0.9345214000000204
2025-11,B_n_7x45,all_dirty,combined_vs_pure_sniper_top3_sltp,57,1759748,1759766,1,83468.4,83410.4,407.4000000000815,2619.000000000524,inv,18.0,-0.1414684,0.0834684,5.0,sniper_dirty,0.001,-0.2249368
2025-11,B_n_7x45,all_dirty,combined_vs_pure_sniper_top3_sltp,58,1786576,1787741,1,85096.6,84856.50000000009,240.0999999999185,1543.4999999994761,sl,1194.0,-0.3251965999999185,0.08509660000000001,5.0,sniper_dirty,0.001,-0.41029319999991853
2025-11,B_n_7x45,all_dirty,combined_vs_pure_sniper_top3_sltp,59,1805001,1806198,1,84670.5,84375.10000000002,295.3999999999796,1898.999999999869,sl,1209.0,-0.38007049999997966,0.08467050000000001,5.0,sniper_dirty,0.001,-0.46474099999997964
2025-11,B_n_7x45,all_dirty,combined_vs_pure_sniper_top3_sltp,60,1810764,1810785,1,84155.5,84096.9,519.4000000000815,3339.000000000524,inv,21.0,-0.14275550000000584,0.08415550000000001,5.0,sniper_dirty,0.001,-0.22691100000000586
2025-11,B_n_7x45,all_dirty,combined_vs_pure_sniper_top3_sltp,61,1788954,1818446,-1,84684.9,83550.90000000013,176.39999999997963,1133.999999999869,tp,29837.0,1.049315099999869,0.08468490000000001,5.0,sniper_dirty,0.001,0.964630199999869
2025-11,B_n_7x45,all_dirty,combined_vs_pure_sniper_top3_sltp,62,1827119,1827961,1,84009.4,83838.60000000003,170.79999999995925,1097.999999999738,sl,848.0,-0.2548093999999593,0.0840094,5.0,sniper_dirty,0.001,-0.3388187999999593
2025-11,B_n_7x45,all_dirty,combined_vs_pure_sniper_top3_sltp,63,1870385,1870450,-1,85767.1,85787.9,191.79999999995925,1232.999999999738,inv,65.0,-0.10656709999998837,0.08576710000000001,5.0,sniper_dirty,0.001,-0.19233419999998838
2025-11,B_n_7x45,all_dirty,combined_vs_pure_sniper_top3_sltp,64,2000431,2000560,1,85960.5,85938.7,204.39999999997963,1313.999999999869,inv,135.0,-0.10776050000000291,0.0859605,5.0,sniper_dirty,0.001,-0.19372100000000292
2025-11,B_n_7x45,all_dirty,combined_vs_pure_sniper_top3_sltp,65,2002653,2002698,1,86169.8,86099.0,505.3999999999796,3248.999999999869,inv,45.0,-0.15696980000000293,0.0861698,5.0,sniper_dirty,0.001,-0.24313960000000295
2025-11,B_n_7x45,all_dirty,combined_vs_pure_sniper_top3_sltp,66,2018002,2018011,-1,88598.0,88618.3,210.0,1350.0,inv,9.0,-0.10889800000000291,0.088598,5.0,sniper_dirty,0.001,-0.1974960000000029
2025-11,B_n_7x45,all_dirty,combined_vs_pure_sniper_top3_sltp,67,2031138,2031175,1,88672.2,88624.4,354.20000000004075,2277.000000000262,inv,38.0,-0.13647220000000293,0.0886722,5.0,sniper_dirty,0.001,-0.22514440000000294
2025-11,B_n_7x45,all_dirty,combined_vs_pure_sniper_top3_sltp,68,2016258,2041910,1,88372.8,87653.90000000002,718.8999999999796,4621.499999999869,sl,26031.0,-0.8072727999999797,0.0883728,5.0,sniper_dirty,0.001,-0.8956455999999797
2025-11,B_n_7x45,all_dirty,combined_vs_pure_sniper_top3_sltp,69,2047370,2050736,-1,87696.0,88116.69999999994,420.6999999999389,2704.499999999607,sl,3435.0,-0.5083959999999389,0.087696,5.0,sniper_dirty,0.001,-0.5960919999999389
2025-11,B_n_7x45,all_dirty,combined_vs_pure_sniper_top3_sltp,70,2082008,2087003,-1,87513.3,86446.80000000013,165.89999999997963,1066.499999999869,tp,5016.0,0.978986699999869,0.0875133,5.0,sniper_dirty,0.001,0.891473399999869
2025-11,B_n_7x45,all_dirty,combined_vs_pure_sniper_top3_sltp,71,2088297,2088534,-1,86276.0,86847.89999999998,571.8999999999796,3676.499999999869,sl,237.0,-0.6581759999999797,0.08627599999999999,5.0,sniper_dirty,0.001,-0.7444519999999797
2025-11,B_n_7x45,all_dirty,combined_vs_pure_sniper_top3_sltp,72,2101334,2101667,1,87490.5,87466.2,156.80000000006112,1008.0000000003929,inv,344.0,-0.1117905000000029,0.0874905,5.0,sniper_dirty,0.001,-0.1992810000000029
2025-11,B_n_7x45,all_dirty,combined_vs_pure_sniper_top3_sltp,73,2109272,2109280,-1,87337.8,87349.3,144.89999999997963,931.499999999869,inv,9.0,-0.0988378,0.08733780000000001,5.0,sniper_dirty,0.001,-0.1861756
2025-11,B_n_7x45,all_dirty,combined_vs_pure_sniper_top3_sltp,74,2110883,2111026,-1,87248.5,87297.7,343.6999999999389,2209.499999999607,inv,154.0,-0.13644849999999709,0.0872485,5.0,sniper_dirty,0.001,-0.2236969999999971
2025-11,B_n_7x45,all_dirty,combined_vs_pure_sniper_top3_sltp,75,2128860,2133877,-1,87879.6,86975.09999999974,140.70000000004075,904.5000000002619,tp,5210.0,0.8166204000002619,0.08787960000000002,5.0,sniper_dirty,0.001,0.7287408000002619
2025-11,B_n_7x45,all_dirty,combined_vs_pure_sniper_top3_sltp,76,2133659,2137786,-1,87191.7,87434.60000000008,242.9000000000815,1561.5000000005239,sl,4321.0,-0.3300917000000815,0.0871917,5.0,sniper_dirty,0.001,-0.41728340000008146
2025-11,B_n_7x45,all_dirty,combined_vs_pure_sniper_top3_sltp,77,1754272,2181655,1,83343.6,89193.6,910.0,5850.0,tp,435343.0,5.7666564000000005,0.08334360000000002,5.0,sniper_dirty,0.001,5.6833128
2025-11,B_n_7x45,all_dirty,combined_vs_pure_sniper_top3_sltp,78,2184155,2184268,-1,90137.1,90189.5,396.8999999999796,2551.499999999869,inv,113.0,-0.1425370999999942,0.09013710000000001,5.0,sniper_dirty,0.001,-0.23267419999999422
2025-11,B_n_7x45,all_dirty,combined_vs_pure_sniper_top3_sltp,79,2266119,2278472,1,91519.9,91214.00000000001,305.8999999999796,1966.499999999869,sl,13211.0,-0.3974198999999796,0.0915199,5.0,sniper_dirty,0.001,-0.4889397999999796
2025-11,B_n_7x45,all_dirty,combined_vs_pure_sniper_top3_sltp,80,2284355,2284393,1,91214.6,91192.2,163.10000000002037,1048.500000000131,inv,42.0,-0.11361460000000874,0.0912146,5.0,sniper_dirty,0.001,-0.20482920000000876
2025-11,B_n_7x45,all_dirty,combined_vs_pure_sniper_top3_sltp,81,2343843,2348268,-1,92091.0,90741.0,210.0,1350.0,tp,4425.0,1.2579090000000002,0.092091,5.0,sniper_dirty,0.001,1.1658180000000002
2025-11,B_n_7x45,all_dirty,combined_vs_pure_sniper_top3_sltp,82,2350146,2351604,-1,90431.8,90783.90000000002,352.1000000000204,2263.500000000131,sl,1460.0,-0.4425318000000204,0.0904318,5.0,sniper_dirty,0.001,-0.5329636000000204
2025-11,B_n_7x45,all_dirty,combined_vs_pure_sniper_top3_sltp,83,2345687,2493115,-1,91248.2,91588.39999999994,340.1999999999389,2186.999999999607,sl,161110.0,-0.4314481999999389,0.0912482,5.0,sniper_dirty,0.001,-0.5226963999999389
2025-11,B_n_7x45,all_dirty,combined_vs_pure_sniper_top3_sltp,84,2344047,2528361,-1,92028.2,90320.6,401.79999999995925,2582.999999999738,eod,201253.0,1.6155717999999912,0.0920282,5.0,sniper_dirty,0.001,1.5235435999999911
2025-11,B_n_7x45,all_dirty,combined_vs_pure_sniper_top3_sltp,85,2525469,2528361,-1,90891.5,90320.6,184.79999999995925,1187.999999999738,eod,2915.0,0.4800084999999942,0.09089150000000001,5.0,sniper_dirty,0.001,0.38911699999999416
2026-02,B_n_5x60,combined,combined_vs_pure_sniper_top3_sltp,0,111924,111935,-1,76522.3,76540.2,115.49999999995634,1385.9999999994761,inv,11.0,-0.09442229999999419,0.0765223,5.0,ifvg_clean,0.001,-0.17094459999999417
2026-02,B_n_5x60,combined,combined_vs_pure_sniper_top3_sltp,1,144714,144795,-1,78885.5,78936.5,255.99999999998545,3071.9999999998254,inv,81.0,-0.12988550000000001,0.07888550000000001,5.0,ifvg_clean,0.001,-0.20877100000000004
2026-02,B_n_5x60,combined,combined_vs_pure_sniper_top3_sltp,2,148641,148855,-1,78789.0,79014.99999999999,225.99999999998545,2711.9999999998254,sl,215.0,-0.30478899999998543,0.078789,5.0,ifvg_clean,0.001,-0.38357799999998543
2026-02,B_n_5x60,combined,combined_vs_pure_sniper_top3_sltp,3,171053,171201,-1,78642.2,78759.7,117.5,1410.0,sl,151.0,-0.19614220000000002,0.07864220000000001,5.0,ifvg_clean,0.001,-0.27478440000000004
2026-02,B_n_5x60,combined,combined_vs_pure_sniper_top3_sltp,4,148887,173554,-1,78991.9,79103.40000000001,111.50000000001455,1338.0000000001746,sl,25617.0,-0.19049190000001456,0.0789919,5.0,ifvg_clean,0.001,-0.2694838000000146
2026-02,B_n_5x60,combined,combined_vs_pure_sniper_top3_sltp,5,147924,173557,-1,78957.1,79113.09999999999,155.99999999998545,1871.9999999998254,sl,26591.0,-0.23495709999998549,0.07895710000000002,5.0,ifvg_clean,0.001,-0.3139141999999855
2026-02,B_n_5x60,combined,combined_vs_pure_sniper_top3_sltp,6,198405,198784,1,78720.0,78433.49999999999,286.50000000001455,3438.0000000001746,sl,383.0,-0.3652200000000146,0.07872,5.0,ifvg_clean,0.001,-0.4439400000000146
2026-02,B_n_5x60,combined,combined_vs_pure_sniper_top3_sltp,7,224304,224328,-1,77655.6,77695.6,205.0,2460.0,inv,24.0,-0.1176556,0.0776556,5.0,ifvg_clean,0.001,-0.19531120000000002
2026-02,B_n_5x60,combined,combined_vs_pure_sniper_top3_sltp,8,226287,226646,1,77922.4,77578.39999999998,344.00000000001455,4128.000000000175,sl,359.0,-0.4219224000000146,0.0779224,5.0,ifvg_clean,0.001,-0.4998448000000146
2026-02,B_n_5x60,combined,combined_vs_pure_sniper_top3_sltp,9,251271,251391,1,75571.2,75548.5,145.5000000000291,1746.0000000003492,inv,121.0,-0.09827119999999709,0.0755712,5.0,ifvg_clean,0.001,-0.1738423999999971
2026-02,B_n_5x60,combined,combined_vs_pure_sniper_top3_sltp,10,253098,255557,1,75730.7,75507.20000000001,223.49999999998545,2681.9999999998254,sl,2498.0,-0.29923069999998547,0.0757307,5.0,ifvg_clean,0.001,-0.37496139999998546
2026-02,B_n_5x60,combined,combined_vs_pure_sniper_top3_sltp,11,258423,264316,1,76039.1,75866.10000000005,172.99999999995634,2075.999999999476,sl,5981.0,-0.24903909999995638,0.07603910000000001,5.0,ifvg_clean,0.001,-0.3250781999999564
2026-02,B_n_5x60,combined,combined_vs_pure_sniper_top3_sltp,12,293325,295286,-1,75984.9,76117.4,132.5,1590.0,sl,1969.0,-0.2084849,0.0759849,5.0,ifvg_clean,0.001,-0.2844698
2026-02,B_n_5x60,combined,combined_vs_pure_sniper_top3_sltp,13,299765,301267,1,76119.4,75872.89999999998,246.50000000001455,2958.0000000001746,sl,1557.0,-0.32261940000001454,0.0761194,5.0,ifvg_clean,0.001,-0.39873880000001455
2026-02,B_n_5x60,combined,combined_vs_pure_sniper_top3_sltp,14,302911,304923,-1,75344.3,75488.79999999997,144.4999999999709,1733.9999999996508,sl,2012.0,-0.2198442999999709,0.0753443,5.0,ifvg_clean,0.001,-0.29518859999997094
2026-02,B_n_5x60,combined,combined_vs_pure_sniper_top3_sltp,15,307016,307766,-1,74861.1,74947.4,501.4999999999418,6017.9999999993015,inv,750.0,-0.16116109999998837,0.07486110000000001,5.0,ifvg_clean,0.001,-0.23602219999998839
2026-02,B_n_5x60,combined,combined_vs_pure_sniper_top3_sltp,16,326199,329929,1,73623.0,73238.0,385.0,4620.0,sl,3808.0,-0.458623,0.07362300000000001,5.0,ifvg_clean,0.001,-0.532246
2026-02,B_n_5x60,combined,combined_vs_pure_sniper_top3_sltp,17,329340,334080,-1,73390.8,73625.8,235.0,2820.0,sl,4774.0,-0.3083908,0.0733908,5.0,ifvg_clean,0.001,-0.38178160000000005
2026-02,B_n_5x60,combined,combined_vs_pure_sniper_top3_sltp,18,333677,334912,1,73173.1,72868.60000000003,304.4999999999709,3653.9999999996508,sl,1236.0,-0.3776730999999709,0.0731731,5.0,ifvg_clean,0.001,-0.4508461999999709
2026-02,B_n_5x60,combined,combined_vs_pure_sniper_top3_sltp,19,305857,347714,-1,75548.3,71630.29999999983,326.50000000001455,3918.0000000001746,tp,42027.0,3.8424517000001748,0.0755483,5.0,ifvg_clean,0.001,3.766903400000175
2026-02,B_n_5x60,combined,combined_vs_pure_sniper_top3_sltp,20,347853,347871,1,72202.3,72127.1,381.9999999999709,4583.999999999651,inv,18.0,-0.1474022999999971,0.07220230000000001,5.0,ifvg_clean,0.001,-0.2196045999999971
2026-02,B_n_5x60,combined,combined_vs_pure_sniper_top3_sltp,21,343846,393772,-1,73240.1,68710.1,377.5,4530.0,tp,49968.0,4.456759900000001,0.07324010000000002,5.0,ifvg_clean,0.001,4.383519800000001
2026-02,B_n_5x60,combined,combined_vs_pure_sniper_top3_sltp,22,426918,427429,-1,60784.2,61490.70000000001,706.5000000000146,8478.000000000175,sl,511.0,-0.7672842000000145,0.0607842,5.0,ifvg_clean,0.001,-0.8280684000000145
2026-02,B_n_5x60,combined,combined_vs_pure_sniper_top3_sltp,23,427509,427917,-1,61544.9,62001.39999999998,456.4999999999782,5477.999999999738,sl,408.0,-0.5180448999999782,0.06154490000000001,5.0,ifvg_clean,0.001,-0.5795897999999782
2026-02,B_n_5x60,combined,combined_vs_pure_sniper_top3_sltp,24,646406,646479,-1,71325.1,71355.4,149.4999999999709,1793.9999999996508,inv,74.0,-0.10162509999998837,0.0713251,5.0,ifvg_clean,0.001,-0.17295019999998837
2026-02,B_n_5x60,combined,combined_vs_pure_sniper_top3_sltp,25,698078,698081,1,70952.7,70937.5,108.49999999998545,1301.9999999998254,inv,3.0,-0.08615269999999708,0.0709527,5.0,ifvg_clean,0.001,-0.15710539999999706
2026-02,B_n_5x60,combined,combined_vs_pure_sniper_top3_sltp,26,696218,717664,-1,71210.5,68996.49999999948,184.50000000004366,2214.000000000524,tp,21730.0,2.142789500000524,0.0712105,5.0,ifvg_clean,0.001,2.0715790000005243
2026-02,B_n_5x60,combined,combined_vs_pure_sniper_top3_sltp,27,740826,742081,1,70000.1,69836.09999999999,164.00000000001455,1968.0000000001746,sl,1256.0,-0.23400010000001456,0.07000010000000001,5.0,ifvg_clean,0.001,-0.3040002000000146
2026-02,B_n_5x60,combined,combined_vs_pure_sniper_top3_sltp,28,759842,759973,1,70658.3,70514.29999999999,144.00000000001455,1728.0000000001746,sl,134.0,-0.21465830000001457,0.07065830000000001,5.0,ifvg_clean,0.001,-0.2853166000000146
2026-02,B_n_5x60,combined,combined_vs_pure_sniper_top3_sltp,29,776045,776344,1,70057.2,70025.2,215.5000000000291,2586.0000000003492,inv,311.0,-0.1020572,0.0700572,5.0,ifvg_clean,0.001,-0.1721144
2026-02,B_n_5x60,combined,combined_vs_pure_sniper_top3_sltp,30,1170653,1172518,-1,69740.1,69911.09999999999,170.99999999998545,2051.9999999998254,sl,2235.0,-0.24074009999998547,0.06974010000000001,5.0,ifvg_clean,0.001,-0.3104801999999855
2026-02,B_n_5x60,combined,combined_vs_pure_sniper_top3_sltp,31,1211827,1214604,1,70790.9,70638.89999999995,152.00000000004366,1824.0000000005239,sl,2795.0,-0.22279090000004365,0.07079089999999999,5.0,ifvg_clean,0.001,-0.29358180000004364
2026-02,B_n_5x60,combined,combined_vs_pure_sniper_top3_sltp,32,1214122,1214663,1,70758.5,70579.00000000003,179.4999999999709,2153.9999999996508,sl,549.0,-0.2502584999999709,0.0707585,5.0,ifvg_clean,0.001,-0.3210169999999709
2026-02,B_n_5x60,combined,combined_vs_pure_sniper_top3_sltp,33,1315116,1350769,-1,68798.2,68935.19999999997,136.9999999999709,1643.9999999996508,sl,37268.0,-0.2057981999999709,0.06879819999999999,5.0,ifvg_clean,0.001,-0.2745963999999709
2026-02,B_n_5x60,combined,combined_vs_pure_sniper_top3_sltp,34,1356383,1356906,1,68861.8,68843.1,109.4999999999709,1313.9999999996508,inv,574.0,-0.0875617999999971,0.0688618,5.0,ifvg_clean,0.001,-0.1564235999999971
2026-02,B_n_5x60,combined,combined_vs_pure_sniper_top3_sltp,35,1352455,1357396,1,68747.2,68702.2,232.5,2790.0,inv,5282.0,-0.11374719999999999,0.0687472,5.0,ifvg_clean,0.001,-0.1824944
2026-02,B_n_5x60,combined,combined_vs_pure_sniper_top3_sltp,36,1931089,1932240,-1,64191.4,64419.89999999999,228.49999999998545,2741.9999999998254,sl,1157.0,-0.2926913999999855,0.06419140000000001,5.0,ifvg_clean,0.001,-0.3568827999999855
2026-02,B_n_5x60,combined,combined_vs_pure_sniper_top3_sltp,37,1952021,1953709,-1,63062.6,63358.599999999984,295.99999999998545,3551.9999999998254,sl,1714.0,-0.35906259999998547,0.06306260000000001,5.0,ifvg_clean,0.001,-0.4221251999999855
2026-02,B_n_5x60,combined,combined_vs_pure_sniper_top3_sltp,38,1988575,1990934,-1,64244.6,64569.100000000006,324.5000000000073,3894.0000000000873,sl,2378.0,-0.3887446000000073,0.06424460000000001,5.0,ifvg_clean,0.001,-0.4529892000000073
2026-02,B_n_5x60,combined,combined_vs_pure_sniper_top3_sltp,39,1975500,2059251,1,63280.0,66730.0,287.5,3450.0,tp,85698.0,3.3867200000000004,0.06328,5.0,ifvg_clean,0.001,3.3234400000000006
2026-02,B_n_5x60,combined,combined_vs_pure_sniper_top3_sltp,40,2086237,2088283,1,68928.6,68703.10000000005,225.49999999995634,2705.999999999476,sl,2067.0,-0.29442859999995635,0.0689286,5.0,ifvg_clean,0.001,-0.36335719999995636
2026-02,B_n_5x60,combined,combined_vs_pure_sniper_top3_sltp,41,2095718,2095756,-1,68047.7,68097.4,355.0,4260.0,inv,38.0,-0.11774769999999708,0.06804769999999999,5.0,ifvg_clean,0.001,-0.18579539999999706
2026-02,B_n_5x60,combined,combined_vs_pure_sniper_top3_sltp,42,2097952,2097957,-1,68474.0,68491.9,100.49999999995634,1205.9999999994761,inv,5.0,-0.08637399999999419,0.06847400000000001,5.0,ifvg_clean,0.001,-0.1548479999999942
2026-02,B_n_5x60,combined,combined_vs_pure_sniper_top3_sltp,43,2130340,2134513,1,68377.2,68005.69999999998,371.50000000001455,4458.000000000175,sl,4326.0,-0.4398772000000145,0.0683772,5.0,ifvg_clean,0.001,-0.5082544000000145
2026-02,B_n_5x60,combined,combined_vs_pure_sniper_top3_sltp,44,2200603,2201654,1,67671.2,67633.5,230.0,2760.0,inv,1088.0,-0.10537119999999708,0.0676712,5.0,ifvg_clean,0.001,-0.1730423999999971
2026-02,B_n_5x60,combined,combined_vs_pure_sniper_top3_sltp,45,2229063,2229111,1,66246.1,66118.10000000005,127.99999999995634,1535.9999999994761,sl,48.0,-0.19424609999995635,0.06624610000000002,5.0,ifvg_clean,0.001,-0.2604921999999564
2026-02,B_n_5x60,combined,combined_vs_pure_sniper_top3_sltp,46,2233721,2233819,-1,66095.9,66215.39999999997,119.4999999999709,1433.9999999996508,sl,99.0,-0.1855958999999709,0.0660959,5.0,ifvg_clean,0.001,-0.2516917999999709
2026-02,B_n_5x60,combined,combined_vs_pure_sniper_top3_sltp,47,2293177,2293675,-1,63652.9,63756.900000000016,104.00000000001455,1248.0000000001746,sl,503.0,-0.16765290000001454,0.0636529,5.0,ifvg_clean,0.001,-0.23130580000001455
2026-02,B_n_5x60,combined,combined_vs_pure_sniper_top3_sltp,48,2300784,2300937,-1,64084.9,64106.4,147.99999999999272,1775.9999999999127,inv,157.0,-0.0855849,0.0640849,5.0,ifvg_clean,0.001,-0.14966980000000002
2026-02,B_n_5x60,combined,combined_vs_pure_sniper_top3_sltp,49,2322320,2323327,1,65080.3,64925.3,155.0,1860.0,sl,1015.0,-0.2200803,0.06508030000000001,5.0,ifvg_clean,0.001,-0.2851606
2026-02,B_n_5x60,combined,combined_vs_pure_sniper_top3_sltp,50,2327174,2327196,-1,65620.7,65661.1,192.5,2310.0,inv,22.0,-0.10602070000000874,0.0656207,5.0,ifvg_clean,0.001,-0.17164140000000874
2026-02,B_n_5x60,combined,combined_vs_pure_sniper_top3_sltp,51,2233171,2329975,-1,65981.9,66318.90000000004,337.00000000004366,4044.000000000524,sl,100335.0,-0.40298190000004364,0.0659819,5.0,ifvg_clean,0.001,-0.4689638000000436
2026-02,B_n_5x60,combined,combined_vs_pure_sniper_top3_sltp,52,2334892,2335060,-1,66842.0,66886.4,240.99999999998545,2891.9999999998254,inv,171.0,-0.11124199999999418,0.066842,5.0,ifvg_clean,0.001,-0.1780839999999942
2026-02,B_n_5x60,combined,combined_vs_pure_sniper_top3_sltp,53,2336287,2336557,-1,66357.7,66541.19999999998,183.49999999998545,2201.9999999998254,sl,273.0,-0.24985769999998544,0.06635769999999999,5.0,ifvg_clean,0.001,-0.31621539999998544
2026-02,B_n_5x60,combined,combined_vs_pure_sniper_top3_sltp,54,2336597,2336804,1,66505.9,66433.6,408.49999999998545,4901.999999999825,inv,212.0,-0.13880589999998835,0.06650589999999999,5.0,ifvg_clean,0.001,-0.20531179999998833
2026-02,B_n_5x60,combined,combined_vs_pure_sniper_top3_sltp,55,2338229,2338457,-1,66567.4,66615.1,296.0000000000582,3552.0000000006985,inv,237.0,-0.11426740000001165,0.0665674,5.0,ifvg_clean,0.001,-0.18083480000001165
2026-02,B_n_5x60,combined,combined_vs_pure_sniper_top3_sltp,56,2341220,2343100,1,67272.1,67020.10000000003,251.9999999999709,3023.9999999996508,sl,1887.0,-0.3192720999999709,0.06727210000000002,5.0,ifvg_clean,0.001,-0.3865441999999709
2026-02,B_n_5x60,combined,combined_vs_pure_sniper_top3_sltp,57,2087045,2345819,-1,69018.8,66937.1,531.4999999999418,6377.9999999993015,eod,265418.0,2.012681199999997,0.0690188,5.0,ifvg_clean,0.001,1.9436623999999971
2026-02,B_n_5x60,all_clean,combined_vs_pure_sniper_top3_sltp,0,111924,111935,-1,76522.3,76540.2,115.49999999995634,1385.9999999994761,inv,11.0,-0.09442229999999419,0.0765223,5.0,ifvg_clean,0.001,-0.17094459999999417
2026-02,B_n_5x60,all_clean,combined_vs_pure_sniper_top3_sltp,1,144714,144795,-1,78885.5,78936.5,255.99999999998545,3071.9999999998254,inv,81.0,-0.12988550000000001,0.07888550000000001,5.0,ifvg_clean,0.001,-0.20877100000000004
2026-02,B_n_5x60,all_clean,combined_vs_pure_sniper_top3_sltp,2,148641,148855,-1,78789.0,79014.99999999999,225.99999999998545,2711.9999999998254,sl,215.0,-0.30478899999998543,0.078789,5.0,ifvg_clean,0.001,-0.38357799999998543
2026-02,B_n_5x60,all_clean,combined_vs_pure_sniper_top3_sltp,3,171053,171201,-1,78642.2,78759.7,117.5,1410.0,sl,151.0,-0.19614220000000002,0.07864220000000001,5.0,ifvg_clean,0.001,-0.27478440000000004
2026-02,B_n_5x60,all_clean,combined_vs_pure_sniper_top3_sltp,4,148887,173554,-1,78991.9,79103.40000000001,111.50000000001455,1338.0000000001746,sl,25617.0,-0.19049190000001456,0.0789919,5.0,ifvg_clean,0.001,-0.2694838000000146
2026-02,B_n_5x60,all_clean,combined_vs_pure_sniper_top3_sltp,5,147924,173557,-1,78957.1,79113.09999999999,155.99999999998545,1871.9999999998254,sl,26591.0,-0.23495709999998549,0.07895710000000002,5.0,ifvg_clean,0.001,-0.3139141999999855
2026-02,B_n_5x60,all_clean,combined_vs_pure_sniper_top3_sltp,6,198405,198784,1,78720.0,78433.49999999999,286.50000000001455,3438.0000000001746,sl,383.0,-0.3652200000000146,0.07872,5.0,ifvg_clean,0.001,-0.4439400000000146
2026-02,B_n_5x60,all_clean,combined_vs_pure_sniper_top3_sltp,7,224304,224328,-1,77655.6,77695.6,205.0,2460.0,inv,24.0,-0.1176556,0.0776556,5.0,ifvg_clean,0.001,-0.19531120000000002
2026-02,B_n_5x60,all_clean,combined_vs_pure_sniper_top3_sltp,8,226287,226646,1,77922.4,77578.39999999998,344.00000000001455,4128.000000000175,sl,359.0,-0.4219224000000146,0.0779224,5.0,ifvg_clean,0.001,-0.4998448000000146
2026-02,B_n_5x60,all_clean,combined_vs_pure_sniper_top3_sltp,9,251271,251391,1,75571.2,75548.5,145.5000000000291,1746.0000000003492,inv,121.0,-0.09827119999999709,0.0755712,5.0,ifvg_clean,0.001,-0.1738423999999971
2026-02,B_n_5x60,all_clean,combined_vs_pure_sniper_top3_sltp,10,253098,255557,1,75730.7,75507.20000000001,223.49999999998545,2681.9999999998254,sl,2498.0,-0.29923069999998547,0.0757307,5.0,ifvg_clean,0.001,-0.37496139999998546
2026-02,B_n_5x60,all_clean,combined_vs_pure_sniper_top3_sltp,11,258423,264316,1,76039.1,75866.10000000005,172.99999999995634,2075.999999999476,sl,5981.0,-0.24903909999995638,0.07603910000000001,5.0,ifvg_clean,0.001,-0.3250781999999564
2026-02,B_n_5x60,all_clean,combined_vs_pure_sniper_top3_sltp,12,293325,295286,-1,75984.9,76117.4,132.5,1590.0,sl,1969.0,-0.2084849,0.0759849,5.0,ifvg_clean,0.001,-0.2844698
2026-02,B_n_5x60,all_clean,combined_vs_pure_sniper_top3_sltp,13,299765,301267,1,76119.4,75872.89999999998,246.50000000001455,2958.0000000001746,sl,1557.0,-0.32261940000001454,0.0761194,5.0,ifvg_clean,0.001,-0.39873880000001455
2026-02,B_n_5x60,all_clean,combined_vs_pure_sniper_top3_sltp,14,302911,304923,-1,75344.3,75488.79999999997,144.4999999999709,1733.9999999996508,sl,2012.0,-0.2198442999999709,0.0753443,5.0,ifvg_clean,0.001,-0.29518859999997094
2026-02,B_n_5x60,all_clean,combined_vs_pure_sniper_top3_sltp,15,307016,307766,-1,74861.1,74947.4,501.4999999999418,6017.9999999993015,inv,750.0,-0.16116109999998837,0.07486110000000001,5.0,ifvg_clean,0.001,-0.23602219999998839
2026-02,B_n_5x60,all_clean,combined_vs_pure_sniper_top3_sltp,16,326199,329929,1,73623.0,73238.0,385.0,4620.0,sl,3808.0,-0.458623,0.07362300000000001,5.0,ifvg_clean,0.001,-0.532246
2026-02,B_n_5x60,all_clean,combined_vs_pure_sniper_top3_sltp,17,329340,334080,-1,73390.8,73625.8,235.0,2820.0,sl,4774.0,-0.3083908,0.0733908,5.0,ifvg_clean,0.001,-0.38178160000000005
2026-02,B_n_5x60,all_clean,combined_vs_pure_sniper_top3_sltp,18,333677,334912,1,73173.1,72868.60000000003,304.4999999999709,3653.9999999996508,sl,1236.0,-0.3776730999999709,0.0731731,5.0,ifvg_clean,0.001,-0.4508461999999709
2026-02,B_n_5x60,all_clean,combined_vs_pure_sniper_top3_sltp,19,305857,347714,-1,75548.3,71630.29999999983,326.50000000001455,3918.0000000001746,tp,42027.0,3.8424517000001748,0.0755483,5.0,ifvg_clean,0.001,3.766903400000175
2026-02,B_n_5x60,all_clean,combined_vs_pure_sniper_top3_sltp,20,347853,347871,1,72202.3,72127.1,381.9999999999709,4583.999999999651,inv,18.0,-0.1474022999999971,0.07220230000000001,5.0,ifvg_clean,0.001,-0.2196045999999971
2026-02,B_n_5x60,all_clean,combined_vs_pure_sniper_top3_sltp,21,343846,393772,-1,73240.1,68710.1,377.5,4530.0,tp,49968.0,4.456759900000001,0.07324010000000002,5.0,ifvg_clean,0.001,4.383519800000001
2026-02,B_n_5x60,all_clean,combined_vs_pure_sniper_top3_sltp,22,426918,427429,-1,60784.2,61490.70000000001,706.5000000000146,8478.000000000175,sl,511.0,-0.7672842000000145,0.0607842,5.0,ifvg_clean,0.001,-0.8280684000000145
2026-02,B_n_5x60,all_clean,combined_vs_pure_sniper_top3_sltp,23,427509,427917,-1,61544.9,62001.39999999998,456.4999999999782,5477.999999999738,sl,408.0,-0.5180448999999782,0.06154490000000001,5.0,ifvg_clean,0.001,-0.5795897999999782
2026-02,B_n_5x60,all_clean,combined_vs_pure_sniper_top3_sltp,24,646406,646479,-1,71325.1,71355.4,149.4999999999709,1793.9999999996508,inv,74.0,-0.10162509999998837,0.0713251,5.0,ifvg_clean,0.001,-0.17295019999998837
2026-02,B_n_5x60,all_clean,combined_vs_pure_sniper_top3_sltp,25,698078,698081,1,70952.7,70937.5,108.49999999998545,1301.9999999998254,inv,3.0,-0.08615269999999708,0.0709527,5.0,ifvg_clean,0.001,-0.15710539999999706
2026-02,B_n_5x60,all_clean,combined_vs_pure_sniper_top3_sltp,26,696218,717664,-1,71210.5,68996.49999999948,184.50000000004366,2214.000000000524,tp,21730.0,2.142789500000524,0.0712105,5.0,ifvg_clean,0.001,2.0715790000005243
2026-02,B_n_5x60,all_clean,combined_vs_pure_sniper_top3_sltp,27,740826,742081,1,70000.1,69836.09999999999,164.00000000001455,1968.0000000001746,sl,1256.0,-0.23400010000001456,0.07000010000000001,5.0,ifvg_clean,0.001,-0.3040002000000146
2026-02,B_n_5x60,all_clean,combined_vs_pure_sniper_top3_sltp,28,759842,759973,1,70658.3,70514.29999999999,144.00000000001455,1728.0000000001746,sl,134.0,-0.21465830000001457,0.07065830000000001,5.0,ifvg_clean,0.001,-0.2853166000000146
2026-02,B_n_5x60,all_clean,combined_vs_pure_sniper_top3_sltp,29,776045,776344,1,70057.2,70025.2,215.5000000000291,2586.0000000003492,inv,311.0,-0.1020572,0.0700572,5.0,ifvg_clean,0.001,-0.1721144
2026-02,B_n_5x60,all_clean,combined_vs_pure_sniper_top3_sltp,30,1170653,1172518,-1,69740.1,69911.09999999999,170.99999999998545,2051.9999999998254,sl,2235.0,-0.24074009999998547,0.06974010000000001,5.0,ifvg_clean,0.001,-0.3104801999999855
2026-02,B_n_5x60,all_clean,combined_vs_pure_sniper_top3_sltp,31,1211827,1214604,1,70790.9,70638.89999999995,152.00000000004366,1824.0000000005239,sl,2795.0,-0.22279090000004365,0.07079089999999999,5.0,ifvg_clean,0.001,-0.29358180000004364
2026-02,B_n_5x60,all_clean,combined_vs_pure_sniper_top3_sltp,32,1214122,1214663,1,70758.5,70579.00000000003,179.4999999999709,2153.9999999996508,sl,549.0,-0.2502584999999709,0.0707585,5.0,ifvg_clean,0.001,-0.3210169999999709
2026-02,B_n_5x60,all_clean,combined_vs_pure_sniper_top3_sltp,33,1315116,1350769,-1,68798.2,68935.19999999997,136.9999999999709,1643.9999999996508,sl,37268.0,-0.2057981999999709,0.06879819999999999,5.0,ifvg_clean,0.001,-0.2745963999999709
2026-02,B_n_5x60,all_clean,combined_vs_pure_sniper_top3_sltp,34,1356383,1356906,1,68861.8,68843.1,109.4999999999709,1313.9999999996508,inv,574.0,-0.0875617999999971,0.0688618,5.0,ifvg_clean,0.001,-0.1564235999999971
2026-02,B_n_5x60,all_clean,combined_vs_pure_sniper_top3_sltp,35,1352455,1357396,1,68747.2,68702.2,232.5,2790.0,inv,5282.0,-0.11374719999999999,0.0687472,5.0,ifvg_clean,0.001,-0.1824944
2026-02,B_n_5x60,all_clean,combined_vs_pure_sniper_top3_sltp,36,1931089,1932240,-1,64191.4,64419.89999999999,228.49999999998545,2741.9999999998254,sl,1157.0,-0.2926913999999855,0.06419140000000001,5.0,ifvg_clean,0.001,-0.3568827999999855
2026-02,B_n_5x60,all_clean,combined_vs_pure_sniper_top3_sltp,37,1952021,1953709,-1,63062.6,63358.599999999984,295.99999999998545,3551.9999999998254,sl,1714.0,-0.35906259999998547,0.06306260000000001,5.0,ifvg_clean,0.001,-0.4221251999999855
2026-02,B_n_5x60,all_clean,combined_vs_pure_sniper_top3_sltp,38,1988575,1990934,-1,64244.6,64569.100000000006,324.5000000000073,3894.0000000000873,sl,2378.0,-0.3887446000000073,0.06424460000000001,5.0,ifvg_clean,0.001,-0.4529892000000073
2026-02,B_n_5x60,all_clean,combined_vs_pure_sniper_top3_sltp,39,1975500,2059251,1,63280.0,66730.0,287.5,3450.0,tp,85698.0,3.3867200000000004,0.06328,5.0,ifvg_clean,0.001,3.3234400000000006
2026-02,B_n_5x60,all_clean,combined_vs_pure_sniper_top3_sltp,40,2086237,2088283,1,68928.6,68703.10000000005,225.49999999995634,2705.999999999476,sl,2067.0,-0.29442859999995635,0.0689286,5.0,ifvg_clean,0.001,-0.36335719999995636
2026-02,B_n_5x60,all_clean,combined_vs_pure_sniper_top3_sltp,41,2095718,2095756,-1,68047.7,68097.4,355.0,4260.0,inv,38.0,-0.11774769999999708,0.06804769999999999,5.0,ifvg_clean,0.001,-0.18579539999999706
2026-02,B_n_5x60,all_clean,combined_vs_pure_sniper_top3_sltp,42,2097952,2097957,-1,68474.0,68491.9,100.49999999995634,1205.9999999994761,inv,5.0,-0.08637399999999419,0.06847400000000001,5.0,ifvg_clean,0.001,-0.1548479999999942
2026-02,B_n_5x60,all_clean,combined_vs_pure_sniper_top3_sltp,43,2130340,2134513,1,68377.2,68005.69999999998,371.50000000001455,4458.000000000175,sl,4326.0,-0.4398772000000145,0.0683772,5.0,ifvg_clean,0.001,-0.5082544000000145
2026-02,B_n_5x60,all_clean,combined_vs_pure_sniper_top3_sltp,44,2200603,2201654,1,67671.2,67633.5,230.0,2760.0,inv,1088.0,-0.10537119999999708,0.0676712,5.0,ifvg_clean,0.001,-0.1730423999999971
2026-02,B_n_5x60,all_clean,combined_vs_pure_sniper_top3_sltp,45,2229063,2229111,1,66246.1,66118.10000000005,127.99999999995634,1535.9999999994761,sl,48.0,-0.19424609999995635,0.06624610000000002,5.0,ifvg_clean,0.001,-0.2604921999999564
2026-02,B_n_5x60,all_clean,combined_vs_pure_sniper_top3_sltp,46,2233721,2233819,-1,66095.9,66215.39999999997,119.4999999999709,1433.9999999996508,sl,99.0,-0.1855958999999709,0.0660959,5.0,ifvg_clean,0.001,-0.2516917999999709
2026-02,B_n_5x60,all_clean,combined_vs_pure_sniper_top3_sltp,47,2293177,2293675,-1,63652.9,63756.900000000016,104.00000000001455,1248.0000000001746,sl,503.0,-0.16765290000001454,0.0636529,5.0,ifvg_clean,0.001,-0.23130580000001455
2026-02,B_n_5x60,all_clean,combined_vs_pure_sniper_top3_sltp,48,2300784,2300937,-1,64084.9,64106.4,147.99999999999272,1775.9999999999127,inv,157.0,-0.0855849,0.0640849,5.0,ifvg_clean,0.001,-0.14966980000000002
2026-02,B_n_5x60,all_clean,combined_vs_pure_sniper_top3_sltp,49,2322320,2323327,1,65080.3,64925.3,155.0,1860.0,sl,1015.0,-0.2200803,0.06508030000000001,5.0,ifvg_clean,0.001,-0.2851606
2026-02,B_n_5x60,all_clean,combined_vs_pure_sniper_top3_sltp,50,2327174,2327196,-1,65620.7,65661.1,192.5,2310.0,inv,22.0,-0.10602070000000874,0.0656207,5.0,ifvg_clean,0.001,-0.17164140000000874
2026-02,B_n_5x60,all_clean,combined_vs_pure_sniper_top3_sltp,51,2233171,2329975,-1,65981.9,66318.90000000004,337.00000000004366,4044.000000000524,sl,100335.0,-0.40298190000004364,0.0659819,5.0,ifvg_clean,0.001,-0.4689638000000436
2026-02,B_n_5x60,all_clean,combined_vs_pure_sniper_top3_sltp,52,2334892,2335060,-1,66842.0,66886.4,240.99999999998545,2891.9999999998254,inv,171.0,-0.11124199999999418,0.066842,5.0,ifvg_clean,0.001,-0.1780839999999942
2026-02,B_n_5x60,all_clean,combined_vs_pure_sniper_top3_sltp,53,2336287,2336557,-1,66357.7,66541.19999999998,183.49999999998545,2201.9999999998254,sl,273.0,-0.24985769999998544,0.06635769999999999,5.0,ifvg_clean,0.001,-0.31621539999998544
2026-02,B_n_5x60,all_clean,combined_vs_pure_sniper_top3_sltp,54,2336597,2336804,1,66505.9,66433.6,408.49999999998545,4901.999999999825,inv,212.0,-0.13880589999998835,0.06650589999999999,5.0,ifvg_clean,0.001,-0.20531179999998833
2026-02,B_n_5x60,all_clean,combined_vs_pure_sniper_top3_sltp,55,2338229,2338457,-1,66567.4,66615.1,296.0000000000582,3552.0000000006985,inv,237.0,-0.11426740000001165,0.0665674,5.0,ifvg_clean,0.001,-0.18083480000001165
2026-02,B_n_5x60,all_clean,combined_vs_pure_sniper_top3_sltp,56,2341220,2343100,1,67272.1,67020.10000000003,251.9999999999709,3023.9999999996508,sl,1887.0,-0.3192720999999709,0.06727210000000002,5.0,ifvg_clean,0.001,-0.3865441999999709
2026-02,B_n_5x60,all_clean,combined_vs_pure_sniper_top3_sltp,57,2087045,2345819,-1,69018.8,66937.1,531.4999999999418,6377.9999999993015,eod,265418.0,2.012681199999997,0.0690188,5.0,ifvg_clean,0.001,1.9436623999999971
2026-02,B_n_5x60,all_dirty,combined_vs_pure_sniper_top3_sltp,0,111924,111935,-1,76522.3,76540.2,115.49999999995634,1385.9999999994761,inv,11.0,-0.09442229999999419,0.0765223,5.0,sniper_dirty,0.001,-0.17094459999999417
2026-02,B_n_5x60,all_dirty,combined_vs_pure_sniper_top3_sltp,1,144714,144795,-1,78885.5,78936.5,255.99999999998545,3071.9999999998254,inv,81.0,-0.12988550000000001,0.07888550000000001,5.0,sniper_dirty,0.001,-0.20877100000000004
2026-02,B_n_5x60,all_dirty,combined_vs_pure_sniper_top3_sltp,2,148641,148855,-1,78789.0,79014.99999999999,225.99999999998545,2711.9999999998254,sl,215.0,-0.30478899999998543,0.078789,5.0,sniper_dirty,0.001,-0.38357799999998543
2026-02,B_n_5x60,all_dirty,combined_vs_pure_sniper_top3_sltp,3,171053,171201,-1,78642.2,78759.7,117.5,1410.0,sl,151.0,-0.19614220000000002,0.07864220000000001,5.0,sniper_dirty,0.001,-0.27478440000000004
2026-02,B_n_5x60,all_dirty,combined_vs_pure_sniper_top3_sltp,4,148887,173554,-1,78991.9,79103.40000000001,111.50000000001455,1338.0000000001746,sl,25617.0,-0.19049190000001456,0.0789919,5.0,sniper_dirty,0.001,-0.2694838000000146
2026-02,B_n_5x60,all_dirty,combined_vs_pure_sniper_top3_sltp,5,147924,173557,-1,78957.1,79113.09999999999,155.99999999998545,1871.9999999998254,sl,26591.0,-0.23495709999998549,0.07895710000000002,5.0,sniper_dirty,0.001,-0.3139141999999855
2026-02,B_n_5x60,all_dirty,combined_vs_pure_sniper_top3_sltp,6,198405,198784,1,78720.0,78433.49999999999,286.50000000001455,3438.0000000001746,sl,383.0,-0.3652200000000146,0.07872,5.0,sniper_dirty,0.001,-0.4439400000000146
2026-02,B_n_5x60,all_dirty,combined_vs_pure_sniper_top3_sltp,7,224304,224328,-1,77655.6,77695.6,205.0,2460.0,inv,24.0,-0.1176556,0.0776556,5.0,sniper_dirty,0.001,-0.19531120000000002
2026-02,B_n_5x60,all_dirty,combined_vs_pure_sniper_top3_sltp,8,226287,226646,1,77922.4,77578.39999999998,344.00000000001455,4128.000000000175,sl,359.0,-0.4219224000000146,0.0779224,5.0,sniper_dirty,0.001,-0.4998448000000146
2026-02,B_n_5x60,all_dirty,combined_vs_pure_sniper_top3_sltp,9,251271,251391,1,75571.2,75548.5,145.5000000000291,1746.0000000003492,inv,121.0,-0.09827119999999709,0.0755712,5.0,sniper_dirty,0.001,-0.1738423999999971
2026-02,B_n_5x60,all_dirty,combined_vs_pure_sniper_top3_sltp,10,253098,255557,1,75730.7,75507.20000000001,223.49999999998545,2681.9999999998254,sl,2498.0,-0.29923069999998547,0.0757307,5.0,sniper_dirty,0.001,-0.37496139999998546
2026-02,B_n_5x60,all_dirty,combined_vs_pure_sniper_top3_sltp,11,258423,264316,1,76039.1,75866.10000000005,172.99999999995634,2075.999999999476,sl,5981.0,-0.24903909999995638,0.07603910000000001,5.0,sniper_dirty,0.001,-0.3250781999999564
2026-02,B_n_5x60,all_dirty,combined_vs_pure_sniper_top3_sltp,12,293325,295286,-1,75984.9,76117.4,132.5,1590.0,sl,1969.0,-0.2084849,0.0759849,5.0,sniper_dirty,0.001,-0.2844698
2026-02,B_n_5x60,all_dirty,combined_vs_pure_sniper_top3_sltp,13,299765,301267,1,76119.4,75872.89999999998,246.50000000001455,2958.0000000001746,sl,1557.0,-0.32261940000001454,0.0761194,5.0,sniper_dirty,0.001,-0.39873880000001455
2026-02,B_n_5x60,all_dirty,combined_vs_pure_sniper_top3_sltp,14,302911,304923,-1,75344.3,75488.79999999997,144.4999999999709,1733.9999999996508,sl,2012.0,-0.2198442999999709,0.0753443,5.0,sniper_dirty,0.001,-0.29518859999997094
2026-02,B_n_5x60,all_dirty,combined_vs_pure_sniper_top3_sltp,15,307016,307766,-1,74861.1,74947.4,501.4999999999418,6017.9999999993015,inv,750.0,-0.16116109999998837,0.07486110000000001,5.0,sniper_dirty,0.001,-0.23602219999998839
2026-02,B_n_5x60,all_dirty,combined_vs_pure_sniper_top3_sltp,16,326199,329929,1,73623.0,73238.0,385.0,4620.0,sl,3808.0,-0.458623,0.07362300000000001,5.0,sniper_dirty,0.001,-0.532246
2026-02,B_n_5x60,all_dirty,combined_vs_pure_sniper_top3_sltp,17,329340,334080,-1,73390.8,73625.8,235.0,2820.0,sl,4774.0,-0.3083908,0.0733908,5.0,sniper_dirty,0.001,-0.38178160000000005
2026-02,B_n_5x60,all_dirty,combined_vs_pure_sniper_top3_sltp,18,333677,334912,1,73173.1,72868.60000000003,304.4999999999709,3653.9999999996508,sl,1236.0,-0.3776730999999709,0.0731731,5.0,sniper_dirty,0.001,-0.4508461999999709
2026-02,B_n_5x60,all_dirty,combined_vs_pure_sniper_top3_sltp,19,305857,347714,-1,75548.3,71630.29999999983,326.50000000001455,3918.0000000001746,tp,42027.0,3.8424517000001748,0.0755483,5.0,sniper_dirty,0.001,3.766903400000175
2026-02,B_n_5x60,all_dirty,combined_vs_pure_sniper_top3_sltp,20,347853,347871,1,72202.3,72127.1,381.9999999999709,4583.999999999651,inv,18.0,-0.1474022999999971,0.07220230000000001,5.0,sniper_dirty,0.001,-0.2196045999999971
2026-02,B_n_5x60,all_dirty,combined_vs_pure_sniper_top3_sltp,21,343846,393772,-1,73240.1,68710.1,377.5,4530.0,tp,49968.0,4.456759900000001,0.07324010000000002,5.0,sniper_dirty,0.001,4.383519800000001
2026-02,B_n_5x60,all_dirty,combined_vs_pure_sniper_top3_sltp,22,426918,427429,-1,60784.2,61490.70000000001,706.5000000000146,8478.000000000175,sl,511.0,-0.7672842000000145,0.0607842,5.0,sniper_dirty,0.001,-0.8280684000000145
2026-02,B_n_5x60,all_dirty,combined_vs_pure_sniper_top3_sltp,23,427509,427917,-1,61544.9,62001.39999999998,456.4999999999782,5477.999999999738,sl,408.0,-0.5180448999999782,0.06154490000000001,5.0,sniper_dirty,0.001,-0.5795897999999782
2026-02,B_n_5x60,all_dirty,combined_vs_pure_sniper_top3_sltp,24,646406,646479,-1,71325.1,71355.4,149.4999999999709,1793.9999999996508,inv,74.0,-0.10162509999998837,0.0713251,5.0,sniper_dirty,0.001,-0.17295019999998837
2026-02,B_n_5x60,all_dirty,combined_vs_pure_sniper_top3_sltp,25,698078,698081,1,70952.7,70937.5,108.49999999998545,1301.9999999998254,inv,3.0,-0.08615269999999708,0.0709527,5.0,sniper_dirty,0.001,-0.15710539999999706
2026-02,B_n_5x60,all_dirty,combined_vs_pure_sniper_top3_sltp,26,696218,717664,-1,71210.5,68996.49999999948,184.50000000004366,2214.000000000524,tp,21730.0,2.142789500000524,0.0712105,5.0,sniper_dirty,0.001,2.0715790000005243
2026-02,B_n_5x60,all_dirty,combined_vs_pure_sniper_top3_sltp,27,740826,742081,1,70000.1,69836.09999999999,164.00000000001455,1968.0000000001746,sl,1256.0,-0.23400010000001456,0.07000010000000001,5.0,sniper_dirty,0.001,-0.3040002000000146
2026-02,B_n_5x60,all_dirty,combined_vs_pure_sniper_top3_sltp,28,759842,759973,1,70658.3,70514.29999999999,144.00000000001455,1728.0000000001746,sl,134.0,-0.21465830000001457,0.07065830000000001,5.0,sniper_dirty,0.001,-0.2853166000000146
2026-02,B_n_5x60,all_dirty,combined_vs_pure_sniper_top3_sltp,29,776045,776344,1,70057.2,70025.2,215.5000000000291,2586.0000000003492,inv,311.0,-0.1020572,0.0700572,5.0,sniper_dirty,0.001,-0.1721144
2026-02,B_n_5x60,all_dirty,combined_vs_pure_sniper_top3_sltp,30,1170653,1172518,-1,69740.1,69911.09999999999,170.99999999998545,2051.9999999998254,sl,2235.0,-0.24074009999998547,0.06974010000000001,5.0,sniper_dirty,0.001,-0.3104801999999855
2026-02,B_n_5x60,all_dirty,combined_vs_pure_sniper_top3_sltp,31,1211827,1214604,1,70790.9,70638.89999999995,152.00000000004366,1824.0000000005239,sl,2795.0,-0.22279090000004365,0.07079089999999999,5.0,sniper_dirty,0.001,-0.29358180000004364
2026-02,B_n_5x60,all_dirty,combined_vs_pure_sniper_top3_sltp,32,1214122,1214663,1,70758.5,70579.00000000003,179.4999999999709,2153.9999999996508,sl,549.0,-0.2502584999999709,0.0707585,5.0,sniper_dirty,0.001,-0.3210169999999709
2026-02,B_n_5x60,all_dirty,combined_vs_pure_sniper_top3_sltp,33,1315116,1350769,-1,68798.2,68935.19999999997,136.9999999999709,1643.9999999996508,sl,37268.0,-0.2057981999999709,0.06879819999999999,5.0,sniper_dirty,0.001,-0.2745963999999709
2026-02,B_n_5x60,all_dirty,combined_vs_pure_sniper_top3_sltp,34,1356383,1356906,1,68861.8,68843.1,109.4999999999709,1313.9999999996508,inv,574.0,-0.0875617999999971,0.0688618,5.0,sniper_dirty,0.001,-0.1564235999999971
2026-02,B_n_5x60,all_dirty,combined_vs_pure_sniper_top3_sltp,35,1352455,1357396,1,68747.2,68702.2,232.5,2790.0,inv,5282.0,-0.11374719999999999,0.0687472,5.0,sniper_dirty,0.001,-0.1824944
2026-02,B_n_5x60,all_dirty,combined_vs_pure_sniper_top3_sltp,36,1931089,1932240,-1,64191.4,64419.89999999999,228.49999999998545,2741.9999999998254,sl,1157.0,-0.2926913999999855,0.06419140000000001,5.0,sniper_dirty,0.001,-0.3568827999999855
2026-02,B_n_5x60,all_dirty,combined_vs_pure_sniper_top3_sltp,37,1952021,1953709,-1,63062.6,63358.599999999984,295.99999999998545,3551.9999999998254,sl,1714.0,-0.35906259999998547,0.06306260000000001,5.0,sniper_dirty,0.001,-0.4221251999999855
2026-02,B_n_5x60,all_dirty,combined_vs_pure_sniper_top3_sltp,38,1988575,1990934,-1,64244.6,64569.100000000006,324.5000000000073,3894.0000000000873,sl,2378.0,-0.3887446000000073,0.06424460000000001,5.0,sniper_dirty,0.001,-0.4529892000000073
2026-02,B_n_5x60,all_dirty,combined_vs_pure_sniper_top3_sltp,39,1975500,2059251,1,63280.0,66730.0,287.5,3450.0,tp,85698.0,3.3867200000000004,0.06328,5.0,sniper_dirty,0.001,3.3234400000000006
2026-02,B_n_5x60,all_dirty,combined_vs_pure_sniper_top3_sltp,40,2086237,2088283,1,68928.6,68703.10000000005,225.49999999995634,2705.999999999476,sl,2067.0,-0.29442859999995635,0.0689286,5.0,sniper_dirty,0.001,-0.36335719999995636
2026-02,B_n_5x60,all_dirty,combined_vs_pure_sniper_top3_sltp,41,2095718,2095756,-1,68047.7,68097.4,355.0,4260.0,inv,38.0,-0.11774769999999708,0.06804769999999999,5.0,sniper_dirty,0.001,-0.18579539999999706
2026-02,B_n_5x60,all_dirty,combined_vs_pure_sniper_top3_sltp,42,2097952,2097957,-1,68474.0,68491.9,100.49999999995634,1205.9999999994761,inv,5.0,-0.08637399999999419,0.06847400000000001,5.0,sniper_dirty,0.001,-0.1548479999999942
2026-02,B_n_5x60,all_dirty,combined_vs_pure_sniper_top3_sltp,43,2130340,2134513,1,68377.2,68005.69999999998,371.50000000001455,4458.000000000175,sl,4326.0,-0.4398772000000145,0.0683772,5.0,sniper_dirty,0.001,-0.5082544000000145
2026-02,B_n_5x60,all_dirty,combined_vs_pure_sniper_top3_sltp,44,2200603,2201654,1,67671.2,67633.5,230.0,2760.0,inv,1088.0,-0.10537119999999708,0.0676712,5.0,sniper_dirty,0.001,-0.1730423999999971
2026-02,B_n_5x60,all_dirty,combined_vs_pure_sniper_top3_sltp,45,2229063,2229111,1,66246.1,66118.10000000005,127.99999999995634,1535.9999999994761,sl,48.0,-0.19424609999995635,0.06624610000000002,5.0,sniper_dirty,0.001,-0.2604921999999564
2026-02,B_n_5x60,all_dirty,combined_vs_pure_sniper_top3_sltp,46,2233721,2233819,-1,66095.9,66215.39999999997,119.4999999999709,1433.9999999996508,sl,99.0,-0.1855958999999709,0.0660959,5.0,sniper_dirty,0.001,-0.2516917999999709
2026-02,B_n_5x60,all_dirty,combined_vs_pure_sniper_top3_sltp,47,2293177,2293675,-1,63652.9,63756.900000000016,104.00000000001455,1248.0000000001746,sl,503.0,-0.16765290000001454,0.0636529,5.0,sniper_dirty,0.001,-0.23130580000001455
2026-02,B_n_5x60,all_dirty,combined_vs_pure_sniper_top3_sltp,48,2300784,2300937,-1,64084.9,64106.4,147.99999999999272,1775.9999999999127,inv,157.0,-0.0855849,0.0640849,5.0,sniper_dirty,0.001,-0.14966980000000002
2026-02,B_n_5x60,all_dirty,combined_vs_pure_sniper_top3_sltp,49,2322320,2323327,1,65080.3,64925.3,155.0,1860.0,sl,1015.0,-0.2200803,0.06508030000000001,5.0,sniper_dirty,0.001,-0.2851606
2026-02,B_n_5x60,all_dirty,combined_vs_pure_sniper_top3_sltp,50,2327174,2327196,-1,65620.7,65661.1,192.5,2310.0,inv,22.0,-0.10602070000000874,0.0656207,5.0,sniper_dirty,0.001,-0.17164140000000874
2026-02,B_n_5x60,all_dirty,combined_vs_pure_sniper_top3_sltp,51,2233171,2329975,-1,65981.9,66318.90000000004,337.00000000004366,4044.000000000524,sl,100335.0,-0.40298190000004364,0.0659819,5.0,sniper_dirty,0.001,-0.4689638000000436
2026-02,B_n_5x60,all_dirty,combined_vs_pure_sniper_top3_sltp,52,2334892,2335060,-1,66842.0,66886.4,240.99999999998545,2891.9999999998254,inv,171.0,-0.11124199999999418,0.066842,5.0,sniper_dirty,0.001,-0.1780839999999942
2026-02,B_n_5x60,all_dirty,combined_vs_pure_sniper_top3_sltp,53,2336287,2336557,-1,66357.7,66541.19999999998,183.49999999998545,2201.9999999998254,sl,273.0,-0.24985769999998544,0.06635769999999999,5.0,sniper_dirty,0.001,-0.31621539999998544
2026-02,B_n_5x60,all_dirty,combined_vs_pure_sniper_top3_sltp,54,2336597,2336804,1,66505.9,66433.6,408.49999999998545,4901.999999999825,inv,212.0,-0.13880589999998835,0.06650589999999999,5.0,sniper_dirty,0.001,-0.20531179999998833
2026-02,B_n_5x60,all_dirty,combined_vs_pure_sniper_top3_sltp,55,2338229,2338457,-1,66567.4,66615.1,296.0000000000582,3552.0000000006985,inv,237.0,-0.11426740000001165,0.0665674,5.0,sniper_dirty,0.001,-0.18083480000001165
2026-02,B_n_5x60,all_dirty,combined_vs_pure_sniper_top3_sltp,56,2341220,2343100,1,67272.1,67020.10000000003,251.9999999999709,3023.9999999996508,sl,1887.0,-0.3192720999999709,0.06727210000000002,5.0,sniper_dirty,0.001,-0.3865441999999709
2026-02,B_n_5x60,all_dirty,combined_vs_pure_sniper_top3_sltp,57,2087045,2345819,-1,69018.8,66937.1,531.4999999999418,6377.9999999993015,eod,265418.0,2.012681199999997,0.0690188,5.0,sniper_dirty,0.001,1.9436623999999971
2026-02,B_n_5x50,combined,combined_vs_pure_sniper_top3_sltp,0,111924,111935,-1,76522.3,76540.2,115.49999999995634,1154.9999999995634,inv,11.0,-0.09442229999999419,0.0765223,5.0,ifvg_clean,0.001,-0.17094459999999417
2026-02,B_n_5x50,combined,combined_vs_pure_sniper_top3_sltp,1,144714,144795,-1,78885.5,78936.5,255.99999999998545,2559.9999999998545,inv,81.0,-0.12988550000000001,0.07888550000000001,5.0,ifvg_clean,0.001,-0.20877100000000004
2026-02,B_n_5x50,combined,combined_vs_pure_sniper_top3_sltp,2,148641,148855,-1,78789.0,79014.99999999999,225.99999999998545,2259.9999999998545,sl,215.0,-0.30478899999998543,0.078789,5.0,ifvg_clean,0.001,-0.38357799999998543
2026-02,B_n_5x50,combined,combined_vs_pure_sniper_top3_sltp,3,148887,159645,-1,78991.9,77876.89999999985,111.50000000001455,1115.0000000001455,tp,11028.0,1.0360081000001458,0.0789919,5.0,ifvg_clean,0.001,0.9570162000001458
2026-02,B_n_5x50,combined,combined_vs_pure_sniper_top3_sltp,4,171053,171201,-1,78642.2,78759.7,117.5,1175.0,sl,151.0,-0.19614220000000002,0.07864220000000001,5.0,ifvg_clean,0.001,-0.27478440000000004
2026-02,B_n_5x50,combined,combined_vs_pure_sniper_top3_sltp,5,147924,173557,-1,78957.1,79113.09999999999,155.99999999998545,1559.9999999998545,sl,26591.0,-0.23495709999998549,0.07895710000000002,5.0,ifvg_clean,0.001,-0.3139141999999855
2026-02,B_n_5x50,combined,combined_vs_pure_sniper_top3_sltp,6,198405,198784,1,78720.0,78433.49999999999,286.50000000001455,2865.0000000001455,sl,383.0,-0.3652200000000146,0.07872,5.0,ifvg_clean,0.001,-0.4439400000000146
2026-02,B_n_5x50,combined,combined_vs_pure_sniper_top3_sltp,7,224304,224328,-1,77655.6,77695.6,205.0,2050.0,inv,24.0,-0.1176556,0.0776556,5.0,ifvg_clean,0.001,-0.19531120000000002
2026-02,B_n_5x50,combined,combined_vs_pure_sniper_top3_sltp,8,226287,226646,1,77922.4,77578.39999999998,344.00000000001455,3440.0000000001455,sl,359.0,-0.4219224000000146,0.0779224,5.0,ifvg_clean,0.001,-0.4998448000000146
2026-02,B_n_5x50,combined,combined_vs_pure_sniper_top3_sltp,9,251271,251391,1,75571.2,75548.5,145.5000000000291,1455.000000000291,inv,121.0,-0.09827119999999709,0.0755712,5.0,ifvg_clean,0.001,-0.1738423999999971
2026-02,B_n_5x50,combined,combined_vs_pure_sniper_top3_sltp,10,253098,255557,1,75730.7,75507.20000000001,223.49999999998545,2234.9999999998545,sl,2498.0,-0.29923069999998547,0.0757307,5.0,ifvg_clean,0.001,-0.37496139999998546
2026-02,B_n_5x50,combined,combined_vs_pure_sniper_top3_sltp,11,258423,264316,1,76039.1,75866.10000000005,172.99999999995634,1729.9999999995634,sl,5981.0,-0.24903909999995638,0.07603910000000001,5.0,ifvg_clean,0.001,-0.3250781999999564
2026-02,B_n_5x50,combined,combined_vs_pure_sniper_top3_sltp,12,293325,295286,-1,75984.9,76117.4,132.5,1325.0,sl,1969.0,-0.2084849,0.0759849,5.0,ifvg_clean,0.001,-0.2844698
2026-02,B_n_5x50,combined,combined_vs_pure_sniper_top3_sltp,13,299765,301267,1,76119.4,75872.89999999998,246.50000000001455,2465.0000000001455,sl,1557.0,-0.32261940000001454,0.0761194,5.0,ifvg_clean,0.001,-0.39873880000001455
2026-02,B_n_5x50,combined,combined_vs_pure_sniper_top3_sltp,14,302911,304923,-1,75344.3,75488.79999999997,144.4999999999709,1444.999999999709,sl,2012.0,-0.2198442999999709,0.0753443,5.0,ifvg_clean,0.001,-0.29518859999997094
2026-02,B_n_5x50,combined,combined_vs_pure_sniper_top3_sltp,15,307016,307766,-1,74861.1,74947.4,501.4999999999418,5014.999999999418,inv,750.0,-0.16116109999998837,0.07486110000000001,5.0,ifvg_clean,0.001,-0.23602219999998839
2026-02,B_n_5x50,combined,combined_vs_pure_sniper_top3_sltp,16,305857,316779,-1,75548.3,72283.29999999986,326.50000000001455,3265.0000000001455,tp,10922.0,3.189451700000146,0.0755483,5.0,ifvg_clean,0.001,3.113903400000146
2026-02,B_n_5x50,combined,combined_vs_pure_sniper_top3_sltp,17,326199,329929,1,73623.0,73238.0,385.0,3850.0,sl,3808.0,-0.458623,0.07362300000000001,5.0,ifvg_clean,0.001,-0.532246
2026-02,B_n_5x50,combined,combined_vs_pure_sniper_top3_sltp,18,329340,334080,-1,73390.8,73625.8,235.0,2350.0,sl,4774.0,-0.3083908,0.0733908,5.0,ifvg_clean,0.001,-0.38178160000000005
2026-02,B_n_5x50,combined,combined_vs_pure_sniper_top3_sltp,19,333677,334912,1,73173.1,72868.60000000003,304.4999999999709,3044.999999999709,sl,1236.0,-0.3776730999999709,0.0731731,5.0,ifvg_clean,0.001,-0.4508461999999709
2026-02,B_n_5x50,combined,combined_vs_pure_sniper_top3_sltp,20,347853,347871,1,72202.3,72127.1,381.9999999999709,3819.999999999709,inv,18.0,-0.1474022999999971,0.07220230000000001,5.0,ifvg_clean,0.001,-0.2196045999999971
2026-02,B_n_5x50,combined,combined_vs_pure_sniper_top3_sltp,21,343846,383830,-1,73240.1,69465.1,377.5,3775.0,tp,40026.0,3.7017599,0.07324010000000002,5.0,ifvg_clean,0.001,3.6285198
2026-02,B_n_5x50,combined,combined_vs_pure_sniper_top3_sltp,22,426918,427429,-1,60784.2,61490.70000000001,706.5000000000146,7065.0000000001455,sl,511.0,-0.7672842000000145,0.0607842,5.0,ifvg_clean,0.001,-0.8280684000000145
2026-02,B_n_5x50,combined,combined_vs_pure_sniper_top3_sltp,23,427509,427917,-1,61544.9,62001.39999999998,456.4999999999782,4564.999999999782,sl,408.0,-0.5180448999999782,0.06154490000000001,5.0,ifvg_clean,0.001,-0.5795897999999782
2026-02,B_n_5x50,combined,combined_vs_pure_sniper_top3_sltp,24,646406,646479,-1,71325.1,71355.4,149.4999999999709,1494.999999999709,inv,74.0,-0.10162509999998837,0.0713251,5.0,ifvg_clean,0.001,-0.17295019999998837
2026-02,B_n_5x50,combined,combined_vs_pure_sniper_top3_sltp,25,698078,698081,1,70952.7,70937.5,108.49999999998545,1084.9999999998545,inv,3.0,-0.08615269999999708,0.0709527,5.0,ifvg_clean,0.001,-0.15710539999999706
2026-02,B_n_5x50,combined,combined_vs_pure_sniper_top3_sltp,26,696218,710926,-1,71210.5,69365.49999999956,184.50000000004366,1845.0000000004366,tp,14977.0,1.7737895000004364,0.0712105,5.0,ifvg_clean,0.001,1.7025790000004364
2026-02,B_n_5x50,combined,combined_vs_pure_sniper_top3_sltp,27,740826,742081,1,70000.1,69836.09999999999,164.00000000001455,1640.0000000001455,sl,1256.0,-0.23400010000001456,0.07000010000000001,5.0,ifvg_clean,0.001,-0.3040002000000146
2026-02,B_n_5x50,combined,combined_vs_pure_sniper_top3_sltp,28,759842,759973,1,70658.3,70514.29999999999,144.00000000001455,1440.0000000001455,sl,134.0,-0.21465830000001457,0.07065830000000001,5.0,ifvg_clean,0.001,-0.2853166000000146
2026-02,B_n_5x50,combined,combined_vs_pure_sniper_top3_sltp,29,776045,776344,1,70057.2,70025.2,215.5000000000291,2155.000000000291,inv,311.0,-0.1020572,0.0700572,5.0,ifvg_clean,0.001,-0.1721144
2026-02,B_n_5x50,combined,combined_vs_pure_sniper_top3_sltp,30,1170653,1172518,-1,69740.1,69911.09999999999,170.99999999998545,1709.9999999998545,sl,2235.0,-0.24074009999998547,0.06974010000000001,5.0,ifvg_clean,0.001,-0.3104801999999855
2026-02,B_n_5x50,combined,combined_vs_pure_sniper_top3_sltp,31,1211827,1214604,1,70790.9,70638.89999999995,152.00000000004366,1520.0000000004366,sl,2795.0,-0.22279090000004365,0.07079089999999999,5.0,ifvg_clean,0.001,-0.29358180000004364
2026-02,B_n_5x50,combined,combined_vs_pure_sniper_top3_sltp,32,1214122,1214663,1,70758.5,70579.00000000003,179.4999999999709,1794.999999999709,sl,549.0,-0.2502584999999709,0.0707585,5.0,ifvg_clean,0.001,-0.3210169999999709
2026-02,B_n_5x50,combined,combined_vs_pure_sniper_top3_sltp,33,1315116,1322278,-1,68798.2,67428.20000000029,136.9999999999709,1369.999999999709,tp,7186.0,1.301201799999709,0.06879819999999999,5.0,ifvg_clean,0.001,1.232403599999709
2026-02,B_n_5x50,combined,combined_vs_pure_sniper_top3_sltp,34,1356383,1356906,1,68861.8,68843.1,109.4999999999709,1094.999999999709,inv,574.0,-0.0875617999999971,0.0688618,5.0,ifvg_clean,0.001,-0.1564235999999971
2026-02,B_n_5x50,combined,combined_vs_pure_sniper_top3_sltp,35,1352455,1357396,1,68747.2,68702.2,232.5,2325.0,inv,5282.0,-0.11374719999999999,0.0687472,5.0,ifvg_clean,0.001,-0.1824944
2026-02,B_n_5x50,combined,combined_vs_pure_sniper_top3_sltp,36,1931089,1932240,-1,64191.4,64419.89999999999,228.49999999998545,2284.9999999998545,sl,1157.0,-0.2926913999999855,0.06419140000000001,5.0,ifvg_clean,0.001,-0.3568827999999855
2026-02,B_n_5x50,combined,combined_vs_pure_sniper_top3_sltp,37,1952021,1953709,-1,63062.6,63358.599999999984,295.99999999998545,2959.9999999998545,sl,1714.0,-0.35906259999998547,0.06306260000000001,5.0,ifvg_clean,0.001,-0.4221251999999855
2026-02,B_n_5x50,combined,combined_vs_pure_sniper_top3_sltp,38,1988575,1990934,-1,64244.6,64569.100000000006,324.5000000000073,3245.0000000000728,sl,2378.0,-0.3887446000000073,0.06424460000000001,5.0,ifvg_clean,0.001,-0.4529892000000073
2026-02,B_n_5x50,combined,combined_vs_pure_sniper_top3_sltp,39,1975500,2012585,1,63280.0,66155.0,287.5,2875.0,tp,38253.0,2.81172,0.06328,5.0,ifvg_clean,0.001,2.7484400000000004
2026-02,B_n_5x50,combined,combined_vs_pure_sniper_top3_sltp,40,2086237,2088283,1,68928.6,68703.10000000005,225.49999999995634,2254.9999999995634,sl,2067.0,-0.29442859999995635,0.0689286,5.0,ifvg_clean,0.001,-0.36335719999995636
2026-02,B_n_5x50,combined,combined_vs_pure_sniper_top3_sltp,41,2095718,2095756,-1,68047.7,68097.4,355.0,3550.0,inv,38.0,-0.11774769999999708,0.06804769999999999,5.0,ifvg_clean,0.001,-0.18579539999999706
2026-02,B_n_5x50,combined,combined_vs_pure_sniper_top3_sltp,42,2097952,2097957,-1,68474.0,68491.9,100.49999999995634,1004.9999999995634,inv,5.0,-0.08637399999999419,0.06847400000000001,5.0,ifvg_clean,0.001,-0.1548479999999942
2026-02,B_n_5x50,combined,combined_vs_pure_sniper_top3_sltp,43,2130340,2134513,1,68377.2,68005.69999999998,371.50000000001455,3715.0000000001455,sl,4326.0,-0.4398772000000145,0.0683772,5.0,ifvg_clean,0.001,-0.5082544000000145
2026-02,B_n_5x50,combined,combined_vs_pure_sniper_top3_sltp,44,2200603,2201654,1,67671.2,67633.5,230.0,2300.0,inv,1088.0,-0.10537119999999708,0.0676712,5.0,ifvg_clean,0.001,-0.1730423999999971
2026-02,B_n_5x50,combined,combined_vs_pure_sniper_top3_sltp,45,2229063,2229111,1,66246.1,66118.10000000005,127.99999999995634,1279.9999999995634,sl,48.0,-0.19424609999995635,0.06624610000000002,5.0,ifvg_clean,0.001,-0.2604921999999564
2026-02,B_n_5x50,combined,combined_vs_pure_sniper_top3_sltp,46,2233721,2233819,-1,66095.9,66215.39999999997,119.4999999999709,1194.999999999709,sl,99.0,-0.1855958999999709,0.0660959,5.0,ifvg_clean,0.001,-0.2516917999999709
2026-02,B_n_5x50,combined,combined_vs_pure_sniper_top3_sltp,47,2087045,2283677,-1,69018.8,63703.800000000585,531.4999999999418,5314.999999999418,tp,202814.0,5.2459811999994175,0.0690188,5.0,ifvg_clean,0.001,5.176962399999417
2026-02,B_n_5x50,combined,combined_vs_pure_sniper_top3_sltp,48,2293177,2293675,-1,63652.9,63756.900000000016,104.00000000001455,1040.0000000001455,sl,503.0,-0.16765290000001454,0.0636529,5.0,ifvg_clean,0.001,-0.23130580000001455
2026-02,B_n_5x50,combined,combined_vs_pure_sniper_top3_sltp,49,2300784,2300937,-1,64084.9,64106.4,147.99999999999272,1479.9999999999272,inv,157.0,-0.0855849,0.0640849,5.0,ifvg_clean,0.001,-0.14966980000000002
2026-02,B_n_5x50,combined,combined_vs_pure_sniper_top3_sltp,50,2322320,2323327,1,65080.3,64925.3,155.0,1550.0,sl,1015.0,-0.2200803,0.06508030000000001,5.0,ifvg_clean,0.001,-0.2851606
2026-02,B_n_5x50,combined,combined_vs_pure_sniper_top3_sltp,51,2327174,2327196,-1,65620.7,65661.1,192.5,1925.0,inv,22.0,-0.10602070000000874,0.0656207,5.0,ifvg_clean,0.001,-0.17164140000000874
2026-02,B_n_5x50,combined,combined_vs_pure_sniper_top3_sltp,52,2233171,2329975,-1,65981.9,66318.90000000004,337.00000000004366,3370.0000000004366,sl,100335.0,-0.40298190000004364,0.0659819,5.0,ifvg_clean,0.001,-0.4689638000000436
2026-02,B_n_5x50,combined,combined_vs_pure_sniper_top3_sltp,53,2334892,2335060,-1,66842.0,66886.4,240.99999999998545,2409.9999999998545,inv,171.0,-0.11124199999999418,0.066842,5.0,ifvg_clean,0.001,-0.1780839999999942
2026-02,B_n_5x50,combined,combined_vs_pure_sniper_top3_sltp,54,2336287,2336557,-1,66357.7,66541.19999999998,183.49999999998545,1834.9999999998545,sl,273.0,-0.24985769999998544,0.06635769999999999,5.0,ifvg_clean,0.001,-0.31621539999998544
2026-02,B_n_5x50,combined,combined_vs_pure_sniper_top3_sltp,55,2336597,2336804,1,66505.9,66433.6,408.49999999998545,4084.9999999998545,inv,212.0,-0.13880589999998835,0.06650589999999999,5.0,ifvg_clean,0.001,-0.20531179999998833
2026-02,B_n_5x50,combined,combined_vs_pure_sniper_top3_sltp,56,2338229,2338457,-1,66567.4,66615.1,296.0000000000582,2960.000000000582,inv,237.0,-0.11426740000001165,0.0665674,5.0,ifvg_clean,0.001,-0.18083480000001165
2026-02,B_n_5x50,combined,combined_vs_pure_sniper_top3_sltp,57,2341220,2343100,1,67272.1,67020.10000000003,251.9999999999709,2519.999999999709,sl,1887.0,-0.3192720999999709,0.06727210000000002,5.0,ifvg_clean,0.001,-0.3865441999999709
2026-02,B_n_5x50,all_clean,combined_vs_pure_sniper_top3_sltp,0,111924,111935,-1,76522.3,76540.2,115.49999999995634,1154.9999999995634,inv,11.0,-0.09442229999999419,0.0765223,5.0,ifvg_clean,0.001,-0.17094459999999417
2026-02,B_n_5x50,all_clean,combined_vs_pure_sniper_top3_sltp,1,144714,144795,-1,78885.5,78936.5,255.99999999998545,2559.9999999998545,inv,81.0,-0.12988550000000001,0.07888550000000001,5.0,ifvg_clean,0.001,-0.20877100000000004
2026-02,B_n_5x50,all_clean,combined_vs_pure_sniper_top3_sltp,2,148641,148855,-1,78789.0,79014.99999999999,225.99999999998545,2259.9999999998545,sl,215.0,-0.30478899999998543,0.078789,5.0,ifvg_clean,0.001,-0.38357799999998543
2026-02,B_n_5x50,all_clean,combined_vs_pure_sniper_top3_sltp,3,148887,159645,-1,78991.9,77876.89999999985,111.50000000001455,1115.0000000001455,tp,11028.0,1.0360081000001458,0.0789919,5.0,ifvg_clean,0.001,0.9570162000001458
2026-02,B_n_5x50,all_clean,combined_vs_pure_sniper_top3_sltp,4,171053,171201,-1,78642.2,78759.7,117.5,1175.0,sl,151.0,-0.19614220000000002,0.07864220000000001,5.0,ifvg_clean,0.001,-0.27478440000000004
2026-02,B_n_5x50,all_clean,combined_vs_pure_sniper_top3_sltp,5,147924,173557,-1,78957.1,79113.09999999999,155.99999999998545,1559.9999999998545,sl,26591.0,-0.23495709999998549,0.07895710000000002,5.0,ifvg_clean,0.001,-0.3139141999999855
2026-02,B_n_5x50,all_clean,combined_vs_pure_sniper_top3_sltp,6,198405,198784,1,78720.0,78433.49999999999,286.50000000001455,2865.0000000001455,sl,383.0,-0.3652200000000146,0.07872,5.0,ifvg_clean,0.001,-0.4439400000000146
2026-02,B_n_5x50,all_clean,combined_vs_pure_sniper_top3_sltp,7,224304,224328,-1,77655.6,77695.6,205.0,2050.0,inv,24.0,-0.1176556,0.0776556,5.0,ifvg_clean,0.001,-0.19531120000000002
2026-02,B_n_5x50,all_clean,combined_vs_pure_sniper_top3_sltp,8,226287,226646,1,77922.4,77578.39999999998,344.00000000001455,3440.0000000001455,sl,359.0,-0.4219224000000146,0.0779224,5.0,ifvg_clean,0.001,-0.4998448000000146
2026-02,B_n_5x50,all_clean,combined_vs_pure_sniper_top3_sltp,9,251271,251391,1,75571.2,75548.5,145.5000000000291,1455.000000000291,inv,121.0,-0.09827119999999709,0.0755712,5.0,ifvg_clean,0.001,-0.1738423999999971
2026-02,B_n_5x50,all_clean,combined_vs_pure_sniper_top3_sltp,10,253098,255557,1,75730.7,75507.20000000001,223.49999999998545,2234.9999999998545,sl,2498.0,-0.29923069999998547,0.0757307,5.0,ifvg_clean,0.001,-0.37496139999998546
2026-02,B_n_5x50,all_clean,combined_vs_pure_sniper_top3_sltp,11,258423,264316,1,76039.1,75866.10000000005,172.99999999995634,1729.9999999995634,sl,5981.0,-0.24903909999995638,0.07603910000000001,5.0,ifvg_clean,0.001,-0.3250781999999564
2026-02,B_n_5x50,all_clean,combined_vs_pure_sniper_top3_sltp,12,293325,295286,-1,75984.9,76117.4,132.5,1325.0,sl,1969.0,-0.2084849,0.0759849,5.0,ifvg_clean,0.001,-0.2844698
2026-02,B_n_5x50,all_clean,combined_vs_pure_sniper_top3_sltp,13,299765,301267,1,76119.4,75872.89999999998,246.50000000001455,2465.0000000001455,sl,1557.0,-0.32261940000001454,0.0761194,5.0,ifvg_clean,0.001,-0.39873880000001455
2026-02,B_n_5x50,all_clean,combined_vs_pure_sniper_top3_sltp,14,302911,304923,-1,75344.3,75488.79999999997,144.4999999999709,1444.999999999709,sl,2012.0,-0.2198442999999709,0.0753443,5.0,ifvg_clean,0.001,-0.29518859999997094
2026-02,B_n_5x50,all_clean,combined_vs_pure_sniper_top3_sltp,15,307016,307766,-1,74861.1,74947.4,501.4999999999418,5014.999999999418,inv,750.0,-0.16116109999998837,0.07486110000000001,5.0,ifvg_clean,0.001,-0.23602219999998839
2026-02,B_n_5x50,all_clean,combined_vs_pure_sniper_top3_sltp,16,305857,316779,-1,75548.3,72283.29999999986,326.50000000001455,3265.0000000001455,tp,10922.0,3.189451700000146,0.0755483,5.0,ifvg_clean,0.001,3.113903400000146
2026-02,B_n_5x50,all_clean,combined_vs_pure_sniper_top3_sltp,17,326199,329929,1,73623.0,73238.0,385.0,3850.0,sl,3808.0,-0.458623,0.07362300000000001,5.0,ifvg_clean,0.001,-0.532246
2026-02,B_n_5x50,all_clean,combined_vs_pure_sniper_top3_sltp,18,329340,334080,-1,73390.8,73625.8,235.0,2350.0,sl,4774.0,-0.3083908,0.0733908,5.0,ifvg_clean,0.001,-0.38178160000000005
2026-02,B_n_5x50,all_clean,combined_vs_pure_sniper_top3_sltp,19,333677,334912,1,73173.1,72868.60000000003,304.4999999999709,3044.999999999709,sl,1236.0,-0.3776730999999709,0.0731731,5.0,ifvg_clean,0.001,-0.4508461999999709
2026-02,B_n_5x50,all_clean,combined_vs_pure_sniper_top3_sltp,20,347853,347871,1,72202.3,72127.1,381.9999999999709,3819.999999999709,inv,18.0,-0.1474022999999971,0.07220230000000001,5.0,ifvg_clean,0.001,-0.2196045999999971
2026-02,B_n_5x50,all_clean,combined_vs_pure_sniper_top3_sltp,21,343846,383830,-1,73240.1,69465.1,377.5,3775.0,tp,40026.0,3.7017599,0.07324010000000002,5.0,ifvg_clean,0.001,3.6285198
2026-02,B_n_5x50,all_clean,combined_vs_pure_sniper_top3_sltp,22,426918,427429,-1,60784.2,61490.70000000001,706.5000000000146,7065.0000000001455,sl,511.0,-0.7672842000000145,0.0607842,5.0,ifvg_clean,0.001,-0.8280684000000145
2026-02,B_n_5x50,all_clean,combined_vs_pure_sniper_top3_sltp,23,427509,427917,-1,61544.9,62001.39999999998,456.4999999999782,4564.999999999782,sl,408.0,-0.5180448999999782,0.06154490000000001,5.0,ifvg_clean,0.001,-0.5795897999999782
2026-02,B_n_5x50,all_clean,combined_vs_pure_sniper_top3_sltp,24,646406,646479,-1,71325.1,71355.4,149.4999999999709,1494.999999999709,inv,74.0,-0.10162509999998837,0.0713251,5.0,ifvg_clean,0.001,-0.17295019999998837
2026-02,B_n_5x50,all_clean,combined_vs_pure_sniper_top3_sltp,25,698078,698081,1,70952.7,70937.5,108.49999999998545,1084.9999999998545,inv,3.0,-0.08615269999999708,0.0709527,5.0,ifvg_clean,0.001,-0.15710539999999706
2026-02,B_n_5x50,all_clean,combined_vs_pure_sniper_top3_sltp,26,696218,710926,-1,71210.5,69365.49999999956,184.50000000004366,1845.0000000004366,tp,14977.0,1.7737895000004364,0.0712105,5.0,ifvg_clean,0.001,1.7025790000004364
2026-02,B_n_5x50,all_clean,combined_vs_pure_sniper_top3_sltp,27,740826,742081,1,70000.1,69836.09999999999,164.00000000001455,1640.0000000001455,sl,1256.0,-0.23400010000001456,0.07000010000000001,5.0,ifvg_clean,0.001,-0.3040002000000146
2026-02,B_n_5x50,all_clean,combined_vs_pure_sniper_top3_sltp,28,759842,759973,1,70658.3,70514.29999999999,144.00000000001455,1440.0000000001455,sl,134.0,-0.21465830000001457,0.07065830000000001,5.0,ifvg_clean,0.001,-0.2853166000000146
2026-02,B_n_5x50,all_clean,combined_vs_pure_sniper_top3_sltp,29,776045,776344,1,70057.2,70025.2,215.5000000000291,2155.000000000291,inv,311.0,-0.1020572,0.0700572,5.0,ifvg_clean,0.001,-0.1721144
2026-02,B_n_5x50,all_clean,combined_vs_pure_sniper_top3_sltp,30,1170653,1172518,-1,69740.1,69911.09999999999,170.99999999998545,1709.9999999998545,sl,2235.0,-0.24074009999998547,0.06974010000000001,5.0,ifvg_clean,0.001,-0.3104801999999855
2026-02,B_n_5x50,all_clean,combined_vs_pure_sniper_top3_sltp,31,1211827,1214604,1,70790.9,70638.89999999995,152.00000000004366,1520.0000000004366,sl,2795.0,-0.22279090000004365,0.07079089999999999,5.0,ifvg_clean,0.001,-0.29358180000004364
2026-02,B_n_5x50,all_clean,combined_vs_pure_sniper_top3_sltp,32,1214122,1214663,1,70758.5,70579.00000000003,179.4999999999709,1794.999999999709,sl,549.0,-0.2502584999999709,0.0707585,5.0,ifvg_clean,0.001,-0.3210169999999709
2026-02,B_n_5x50,all_clean,combined_vs_pure_sniper_top3_sltp,33,1315116,1322278,-1,68798.2,67428.20000000029,136.9999999999709,1369.999999999709,tp,7186.0,1.301201799999709,0.06879819999999999,5.0,ifvg_clean,0.001,1.232403599999709
2026-02,B_n_5x50,all_clean,combined_vs_pure_sniper_top3_sltp,34,1356383,1356906,1,68861.8,68843.1,109.4999999999709,1094.999999999709,inv,574.0,-0.0875617999999971,0.0688618,5.0,ifvg_clean,0.001,-0.1564235999999971
2026-02,B_n_5x50,all_clean,combined_vs_pure_sniper_top3_sltp,35,1352455,1357396,1,68747.2,68702.2,232.5,2325.0,inv,5282.0,-0.11374719999999999,0.0687472,5.0,ifvg_clean,0.001,-0.1824944
2026-02,B_n_5x50,all_clean,combined_vs_pure_sniper_top3_sltp,36,1931089,1932240,-1,64191.4,64419.89999999999,228.49999999998545,2284.9999999998545,sl,1157.0,-0.2926913999999855,0.06419140000000001,5.0,ifvg_clean,0.001,-0.3568827999999855
2026-02,B_n_5x50,all_clean,combined_vs_pure_sniper_top3_sltp,37,1952021,1953709,-1,63062.6,63358.599999999984,295.99999999998545,2959.9999999998545,sl,1714.0,-0.35906259999998547,0.06306260000000001,5.0,ifvg_clean,0.001,-0.4221251999999855
2026-02,B_n_5x50,all_clean,combined_vs_pure_sniper_top3_sltp,38,1988575,1990934,-1,64244.6,64569.100000000006,324.5000000000073,3245.0000000000728,sl,2378.0,-0.3887446000000073,0.06424460000000001,5.0,ifvg_clean,0.001,-0.4529892000000073
2026-02,B_n_5x50,all_clean,combined_vs_pure_sniper_top3_sltp,39,1975500,2012585,1,63280.0,66155.0,287.5,2875.0,tp,38253.0,2.81172,0.06328,5.0,ifvg_clean,0.001,2.7484400000000004
2026-02,B_n_5x50,all_clean,combined_vs_pure_sniper_top3_sltp,40,2086237,2088283,1,68928.6,68703.10000000005,225.49999999995634,2254.9999999995634,sl,2067.0,-0.29442859999995635,0.0689286,5.0,ifvg_clean,0.001,-0.36335719999995636
2026-02,B_n_5x50,all_clean,combined_vs_pure_sniper_top3_sltp,41,2095718,2095756,-1,68047.7,68097.4,355.0,3550.0,inv,38.0,-0.11774769999999708,0.06804769999999999,5.0,ifvg_clean,0.001,-0.18579539999999706
2026-02,B_n_5x50,all_clean,combined_vs_pure_sniper_top3_sltp,42,2097952,2097957,-1,68474.0,68491.9,100.49999999995634,1004.9999999995634,inv,5.0,-0.08637399999999419,0.06847400000000001,5.0,ifvg_clean,0.001,-0.1548479999999942
2026-02,B_n_5x50,all_clean,combined_vs_pure_sniper_top3_sltp,43,2130340,2134513,1,68377.2,68005.69999999998,371.50000000001455,3715.0000000001455,sl,4326.0,-0.4398772000000145,0.0683772,5.0,ifvg_clean,0.001,-0.5082544000000145
2026-02,B_n_5x50,all_clean,combined_vs_pure_sniper_top3_sltp,44,2200603,2201654,1,67671.2,67633.5,230.0,2300.0,inv,1088.0,-0.10537119999999708,0.0676712,5.0,ifvg_clean,0.001,-0.1730423999999971
2026-02,B_n_5x50,all_clean,combined_vs_pure_sniper_top3_sltp,45,2229063,2229111,1,66246.1,66118.10000000005,127.99999999995634,1279.9999999995634,sl,48.0,-0.19424609999995635,0.06624610000000002,5.0,ifvg_clean,0.001,-0.2604921999999564
2026-02,B_n_5x50,all_clean,combined_vs_pure_sniper_top3_sltp,46,2233721,2233819,-1,66095.9,66215.39999999997,119.4999999999709,1194.999999999709,sl,99.0,-0.1855958999999709,0.0660959,5.0,ifvg_clean,0.001,-0.2516917999999709
2026-02,B_n_5x50,all_clean,combined_vs_pure_sniper_top3_sltp,47,2087045,2283677,-1,69018.8,63703.800000000585,531.4999999999418,5314.999999999418,tp,202814.0,5.2459811999994175,0.0690188,5.0,ifvg_clean,0.001,5.176962399999417
2026-02,B_n_5x50,all_clean,combined_vs_pure_sniper_top3_sltp,48,2293177,2293675,-1,63652.9,63756.900000000016,104.00000000001455,1040.0000000001455,sl,503.0,-0.16765290000001454,0.0636529,5.0,ifvg_clean,0.001,-0.23130580000001455
2026-02,B_n_5x50,all_clean,combined_vs_pure_sniper_top3_sltp,49,2300784,2300937,-1,64084.9,64106.4,147.99999999999272,1479.9999999999272,inv,157.0,-0.0855849,0.0640849,5.0,ifvg_clean,0.001,-0.14966980000000002
2026-02,B_n_5x50,all_clean,combined_vs_pure_sniper_top3_sltp,50,2322320,2323327,1,65080.3,64925.3,155.0,1550.0,sl,1015.0,-0.2200803,0.06508030000000001,5.0,ifvg_clean,0.001,-0.2851606
2026-02,B_n_5x50,all_clean,combined_vs_pure_sniper_top3_sltp,51,2327174,2327196,-1,65620.7,65661.1,192.5,1925.0,inv,22.0,-0.10602070000000874,0.0656207,5.0,ifvg_clean,0.001,-0.17164140000000874
2026-02,B_n_5x50,all_clean,combined_vs_pure_sniper_top3_sltp,52,2233171,2329975,-1,65981.9,66318.90000000004,337.00000000004366,3370.0000000004366,sl,100335.0,-0.40298190000004364,0.0659819,5.0,ifvg_clean,0.001,-0.4689638000000436
2026-02,B_n_5x50,all_clean,combined_vs_pure_sniper_top3_sltp,53,2334892,2335060,-1,66842.0,66886.4,240.99999999998545,2409.9999999998545,inv,171.0,-0.11124199999999418,0.066842,5.0,ifvg_clean,0.001,-0.1780839999999942
2026-02,B_n_5x50,all_clean,combined_vs_pure_sniper_top3_sltp,54,2336287,2336557,-1,66357.7,66541.19999999998,183.49999999998545,1834.9999999998545,sl,273.0,-0.24985769999998544,0.06635769999999999,5.0,ifvg_clean,0.001,-0.31621539999998544
2026-02,B_n_5x50,all_clean,combined_vs_pure_sniper_top3_sltp,55,2336597,2336804,1,66505.9,66433.6,408.49999999998545,4084.9999999998545,inv,212.0,-0.13880589999998835,0.06650589999999999,5.0,ifvg_clean,0.001,-0.20531179999998833
2026-02,B_n_5x50,all_clean,combined_vs_pure_sniper_top3_sltp,56,2338229,2338457,-1,66567.4,66615.1,296.0000000000582,2960.000000000582,inv,237.0,-0.11426740000001165,0.0665674,5.0,ifvg_clean,0.001,-0.18083480000001165
2026-02,B_n_5x50,all_clean,combined_vs_pure_sniper_top3_sltp,57,2341220,2343100,1,67272.1,67020.10000000003,251.9999999999709,2519.999999999709,sl,1887.0,-0.3192720999999709,0.06727210000000002,5.0,ifvg_clean,0.001,-0.3865441999999709
2026-02,B_n_5x50,all_dirty,combined_vs_pure_sniper_top3_sltp,0,111924,111935,-1,76522.3,76540.2,115.49999999995634,1154.9999999995634,inv,11.0,-0.09442229999999419,0.0765223,5.0,sniper_dirty,0.001,-0.17094459999999417
2026-02,B_n_5x50,all_dirty,combined_vs_pure_sniper_top3_sltp,1,144714,144795,-1,78885.5,78936.5,255.99999999998545,2559.9999999998545,inv,81.0,-0.12988550000000001,0.07888550000000001,5.0,sniper_dirty,0.001,-0.20877100000000004
2026-02,B_n_5x50,all_dirty,combined_vs_pure_sniper_top3_sltp,2,148641,148855,-1,78789.0,79014.99999999999,225.99999999998545,2259.9999999998545,sl,215.0,-0.30478899999998543,0.078789,5.0,sniper_dirty,0.001,-0.38357799999998543
2026-02,B_n_5x50,all_dirty,combined_vs_pure_sniper_top3_sltp,3,148887,159645,-1,78991.9,77876.89999999985,111.50000000001455,1115.0000000001455,tp,11028.0,1.0360081000001458,0.0789919,5.0,sniper_dirty,0.001,0.9570162000001458
2026-02,B_n_5x50,all_dirty,combined_vs_pure_sniper_top3_sltp,4,171053,171201,-1,78642.2,78759.7,117.5,1175.0,sl,151.0,-0.19614220000000002,0.07864220000000001,5.0,sniper_dirty,0.001,-0.27478440000000004
2026-02,B_n_5x50,all_dirty,combined_vs_pure_sniper_top3_sltp,5,147924,173557,-1,78957.1,79113.09999999999,155.99999999998545,1559.9999999998545,sl,26591.0,-0.23495709999998549,0.07895710000000002,5.0,sniper_dirty,0.001,-0.3139141999999855
2026-02,B_n_5x50,all_dirty,combined_vs_pure_sniper_top3_sltp,6,198405,198784,1,78720.0,78433.49999999999,286.50000000001455,2865.0000000001455,sl,383.0,-0.3652200000000146,0.07872,5.0,sniper_dirty,0.001,-0.4439400000000146
2026-02,B_n_5x50,all_dirty,combined_vs_pure_sniper_top3_sltp,7,224304,224328,-1,77655.6,77695.6,205.0,2050.0,inv,24.0,-0.1176556,0.0776556,5.0,sniper_dirty,0.001,-0.19531120000000002
2026-02,B_n_5x50,all_dirty,combined_vs_pure_sniper_top3_sltp,8,226287,226646,1,77922.4,77578.39999999998,344.00000000001455,3440.0000000001455,sl,359.0,-0.4219224000000146,0.0779224,5.0,sniper_dirty,0.001,-0.4998448000000146
2026-02,B_n_5x50,all_dirty,combined_vs_pure_sniper_top3_sltp,9,251271,251391,1,75571.2,75548.5,145.5000000000291,1455.000000000291,inv,121.0,-0.09827119999999709,0.0755712,5.0,sniper_dirty,0.001,-0.1738423999999971
2026-02,B_n_5x50,all_dirty,combined_vs_pure_sniper_top3_sltp,10,253098,255557,1,75730.7,75507.20000000001,223.49999999998545,2234.9999999998545,sl,2498.0,-0.29923069999998547,0.0757307,5.0,sniper_dirty,0.001,-0.37496139999998546
2026-02,B_n_5x50,all_dirty,combined_vs_pure_sniper_top3_sltp,11,258423,264316,1,76039.1,75866.10000000005,172.99999999995634,1729.9999999995634,sl,5981.0,-0.24903909999995638,0.07603910000000001,5.0,sniper_dirty,0.001,-0.3250781999999564
2026-02,B_n_5x50,all_dirty,combined_vs_pure_sniper_top3_sltp,12,293325,295286,-1,75984.9,76117.4,132.5,1325.0,sl,1969.0,-0.2084849,0.0759849,5.0,sniper_dirty,0.001,-0.2844698
2026-02,B_n_5x50,all_dirty,combined_vs_pure_sniper_top3_sltp,13,299765,301267,1,76119.4,75872.89999999998,246.50000000001455,2465.0000000001455,sl,1557.0,-0.32261940000001454,0.0761194,5.0,sniper_dirty,0.001,-0.39873880000001455
2026-02,B_n_5x50,all_dirty,combined_vs_pure_sniper_top3_sltp,14,302911,304923,-1,75344.3,75488.79999999997,144.4999999999709,1444.999999999709,sl,2012.0,-0.2198442999999709,0.0753443,5.0,sniper_dirty,0.001,-0.29518859999997094
2026-02,B_n_5x50,all_dirty,combined_vs_pure_sniper_top3_sltp,15,307016,307766,-1,74861.1,74947.4,501.4999999999418,5014.999999999418,inv,750.0,-0.16116109999998837,0.07486110000000001,5.0,sniper_dirty,0.001,-0.23602219999998839
2026-02,B_n_5x50,all_dirty,combined_vs_pure_sniper_top3_sltp,16,305857,316779,-1,75548.3,72283.29999999986,326.50000000001455,3265.0000000001455,tp,10922.0,3.189451700000146,0.0755483,5.0,sniper_dirty,0.001,3.113903400000146
2026-02,B_n_5x50,all_dirty,combined_vs_pure_sniper_top3_sltp,17,326199,329929,1,73623.0,73238.0,385.0,3850.0,sl,3808.0,-0.458623,0.07362300000000001,5.0,sniper_dirty,0.001,-0.532246
2026-02,B_n_5x50,all_dirty,combined_vs_pure_sniper_top3_sltp,18,329340,334080,-1,73390.8,73625.8,235.0,2350.0,sl,4774.0,-0.3083908,0.0733908,5.0,sniper_dirty,0.001,-0.38178160000000005
2026-02,B_n_5x50,all_dirty,combined_vs_pure_sniper_top3_sltp,19,333677,334912,1,73173.1,72868.60000000003,304.4999999999709,3044.999999999709,sl,1236.0,-0.3776730999999709,0.0731731,5.0,sniper_dirty,0.001,-0.4508461999999709
2026-02,B_n_5x50,all_dirty,combined_vs_pure_sniper_top3_sltp,20,347853,347871,1,72202.3,72127.1,381.9999999999709,3819.999999999709,inv,18.0,-0.1474022999999971,0.07220230000000001,5.0,sniper_dirty,0.001,-0.2196045999999971
2026-02,B_n_5x50,all_dirty,combined_vs_pure_sniper_top3_sltp,21,343846,383830,-1,73240.1,69465.1,377.5,3775.0,tp,40026.0,3.7017599,0.07324010000000002,5.0,sniper_dirty,0.001,3.6285198
2026-02,B_n_5x50,all_dirty,combined_vs_pure_sniper_top3_sltp,22,426918,427429,-1,60784.2,61490.70000000001,706.5000000000146,7065.0000000001455,sl,511.0,-0.7672842000000145,0.0607842,5.0,sniper_dirty,0.001,-0.8280684000000145
2026-02,B_n_5x50,all_dirty,combined_vs_pure_sniper_top3_sltp,23,427509,427917,-1,61544.9,62001.39999999998,456.4999999999782,4564.999999999782,sl,408.0,-0.5180448999999782,0.06154490000000001,5.0,sniper_dirty,0.001,-0.5795897999999782
2026-02,B_n_5x50,all_dirty,combined_vs_pure_sniper_top3_sltp,24,646406,646479,-1,71325.1,71355.4,149.4999999999709,1494.999999999709,inv,74.0,-0.10162509999998837,0.0713251,5.0,sniper_dirty,0.001,-0.17295019999998837
2026-02,B_n_5x50,all_dirty,combined_vs_pure_sniper_top3_sltp,25,698078,698081,1,70952.7,70937.5,108.49999999998545,1084.9999999998545,inv,3.0,-0.08615269999999708,0.0709527,5.0,sniper_dirty,0.001,-0.15710539999999706
2026-02,B_n_5x50,all_dirty,combined_vs_pure_sniper_top3_sltp,26,696218,710926,-1,71210.5,69365.49999999956,184.50000000004366,1845.0000000004366,tp,14977.0,1.7737895000004364,0.0712105,5.0,sniper_dirty,0.001,1.7025790000004364
2026-02,B_n_5x50,all_dirty,combined_vs_pure_sniper_top3_sltp,27,740826,742081,1,70000.1,69836.09999999999,164.00000000001455,1640.0000000001455,sl,1256.0,-0.23400010000001456,0.07000010000000001,5.0,sniper_dirty,0.001,-0.3040002000000146
2026-02,B_n_5x50,all_dirty,combined_vs_pure_sniper_top3_sltp,28,759842,759973,1,70658.3,70514.29999999999,144.00000000001455,1440.0000000001455,sl,134.0,-0.21465830000001457,0.07065830000000001,5.0,sniper_dirty,0.001,-0.2853166000000146
2026-02,B_n_5x50,all_dirty,combined_vs_pure_sniper_top3_sltp,29,776045,776344,1,70057.2,70025.2,215.5000000000291,2155.000000000291,inv,311.0,-0.1020572,0.0700572,5.0,sniper_dirty,0.001,-0.1721144
2026-02,B_n_5x50,all_dirty,combined_vs_pure_sniper_top3_sltp,30,1170653,1172518,-1,69740.1,69911.09999999999,170.99999999998545,1709.9999999998545,sl,2235.0,-0.24074009999998547,0.06974010000000001,5.0,sniper_dirty,0.001,-0.3104801999999855
2026-02,B_n_5x50,all_dirty,combined_vs_pure_sniper_top3_sltp,31,1211827,1214604,1,70790.9,70638.89999999995,152.00000000004366,1520.0000000004366,sl,2795.0,-0.22279090000004365,0.07079089999999999,5.0,sniper_dirty,0.001,-0.29358180000004364
2026-02,B_n_5x50,all_dirty,combined_vs_pure_sniper_top3_sltp,32,1214122,1214663,1,70758.5,70579.00000000003,179.4999999999709,1794.999999999709,sl,549.0,-0.2502584999999709,0.0707585,5.0,sniper_dirty,0.001,-0.3210169999999709
2026-02,B_n_5x50,all_dirty,combined_vs_pure_sniper_top3_sltp,33,1315116,1322278,-1,68798.2,67428.20000000029,136.9999999999709,1369.999999999709,tp,7186.0,1.301201799999709,0.06879819999999999,5.0,sniper_dirty,0.001,1.232403599999709
2026-02,B_n_5x50,all_dirty,combined_vs_pure_sniper_top3_sltp,34,1356383,1356906,1,68861.8,68843.1,109.4999999999709,1094.999999999709,inv,574.0,-0.0875617999999971,0.0688618,5.0,sniper_dirty,0.001,-0.1564235999999971
2026-02,B_n_5x50,all_dirty,combined_vs_pure_sniper_top3_sltp,35,1352455,1357396,1,68747.2,68702.2,232.5,2325.0,inv,5282.0,-0.11374719999999999,0.0687472,5.0,sniper_dirty,0.001,-0.1824944
2026-02,B_n_5x50,all_dirty,combined_vs_pure_sniper_top3_sltp,36,1931089,1932240,-1,64191.4,64419.89999999999,228.49999999998545,2284.9999999998545,sl,1157.0,-0.2926913999999855,0.06419140000000001,5.0,sniper_dirty,0.001,-0.3568827999999855
2026-02,B_n_5x50,all_dirty,combined_vs_pure_sniper_top3_sltp,37,1952021,1953709,-1,63062.6,63358.599999999984,295.99999999998545,2959.9999999998545,sl,1714.0,-0.35906259999998547,0.06306260000000001,5.0,sniper_dirty,0.001,-0.4221251999999855
2026-02,B_n_5x50,all_dirty,combined_vs_pure_sniper_top3_sltp,38,1988575,1990934,-1,64244.6,64569.100000000006,324.5000000000073,3245.0000000000728,sl,2378.0,-0.3887446000000073,0.06424460000000001,5.0,sniper_dirty,0.001,-0.4529892000000073
2026-02,B_n_5x50,all_dirty,combined_vs_pure_sniper_top3_sltp,39,1975500,2012585,1,63280.0,66155.0,287.5,2875.0,tp,38253.0,2.81172,0.06328,5.0,sniper_dirty,0.001,2.7484400000000004
2026-02,B_n_5x50,all_dirty,combined_vs_pure_sniper_top3_sltp,40,2086237,2088283,1,68928.6,68703.10000000005,225.49999999995634,2254.9999999995634,sl,2067.0,-0.29442859999995635,0.0689286,5.0,sniper_dirty,0.001,-0.36335719999995636
2026-02,B_n_5x50,all_dirty,combined_vs_pure_sniper_top3_sltp,41,2095718,2095756,-1,68047.7,68097.4,355.0,3550.0,inv,38.0,-0.11774769999999708,0.06804769999999999,5.0,sniper_dirty,0.001,-0.18579539999999706
2026-02,B_n_5x50,all_dirty,combined_vs_pure_sniper_top3_sltp,42,2097952,2097957,-1,68474.0,68491.9,100.49999999995634,1004.9999999995634,inv,5.0,-0.08637399999999419,0.06847400000000001,5.0,sniper_dirty,0.001,-0.1548479999999942
2026-02,B_n_5x50,all_dirty,combined_vs_pure_sniper_top3_sltp,43,2130340,2134513,1,68377.2,68005.69999999998,371.50000000001455,3715.0000000001455,sl,4326.0,-0.4398772000000145,0.0683772,5.0,sniper_dirty,0.001,-0.5082544000000145
2026-02,B_n_5x50,all_dirty,combined_vs_pure_sniper_top3_sltp,44,2200603,2201654,1,67671.2,67633.5,230.0,2300.0,inv,1088.0,-0.10537119999999708,0.0676712,5.0,sniper_dirty,0.001,-0.1730423999999971
2026-02,B_n_5x50,all_dirty,combined_vs_pure_sniper_top3_sltp,45,2229063,2229111,1,66246.1,66118.10000000005,127.99999999995634,1279.9999999995634,sl,48.0,-0.19424609999995635,0.06624610000000002,5.0,sniper_dirty,0.001,-0.2604921999999564
2026-02,B_n_5x50,all_dirty,combined_vs_pure_sniper_top3_sltp,46,2233721,2233819,-1,66095.9,66215.39999999997,119.4999999999709,1194.999999999709,sl,99.0,-0.1855958999999709,0.0660959,5.0,sniper_dirty,0.001,-0.2516917999999709
2026-02,B_n_5x50,all_dirty,combined_vs_pure_sniper_top3_sltp,47,2087045,2283677,-1,69018.8,63703.800000000585,531.4999999999418,5314.999999999418,tp,202814.0,5.2459811999994175,0.0690188,5.0,sniper_dirty,0.001,5.176962399999417
2026-02,B_n_5x50,all_dirty,combined_vs_pure_sniper_top3_sltp,48,2293177,2293675,-1,63652.9,63756.900000000016,104.00000000001455,1040.0000000001455,sl,503.0,-0.16765290000001454,0.0636529,5.0,sniper_dirty,0.001,-0.23130580000001455
2026-02,B_n_5x50,all_dirty,combined_vs_pure_sniper_top3_sltp,49,2300784,2300937,-1,64084.9,64106.4,147.99999999999272,1479.9999999999272,inv,157.0,-0.0855849,0.0640849,5.0,sniper_dirty,0.001,-0.14966980000000002
2026-02,B_n_5x50,all_dirty,combined_vs_pure_sniper_top3_sltp,50,2322320,2323327,1,65080.3,64925.3,155.0,1550.0,sl,1015.0,-0.2200803,0.06508030000000001,5.0,sniper_dirty,0.001,-0.2851606
2026-02,B_n_5x50,all_dirty,combined_vs_pure_sniper_top3_sltp,51,2327174,2327196,-1,65620.7,65661.1,192.5,1925.0,inv,22.0,-0.10602070000000874,0.0656207,5.0,sniper_dirty,0.001,-0.17164140000000874
2026-02,B_n_5x50,all_dirty,combined_vs_pure_sniper_top3_sltp,52,2233171,2329975,-1,65981.9,66318.90000000004,337.00000000004366,3370.0000000004366,sl,100335.0,-0.40298190000004364,0.0659819,5.0,sniper_dirty,0.001,-0.4689638000000436
2026-02,B_n_5x50,all_dirty,combined_vs_pure_sniper_top3_sltp,53,2334892,2335060,-1,66842.0,66886.4,240.99999999998545,2409.9999999998545,inv,171.0,-0.11124199999999418,0.066842,5.0,sniper_dirty,0.001,-0.1780839999999942
2026-02,B_n_5x50,all_dirty,combined_vs_pure_sniper_top3_sltp,54,2336287,2336557,-1,66357.7,66541.19999999998,183.49999999998545,1834.9999999998545,sl,273.0,-0.24985769999998544,0.06635769999999999,5.0,sniper_dirty,0.001,-0.31621539999998544
2026-02,B_n_5x50,all_dirty,combined_vs_pure_sniper_top3_sltp,55,2336597,2336804,1,66505.9,66433.6,408.49999999998545,4084.9999999998545,inv,212.0,-0.13880589999998835,0.06650589999999999,5.0,sniper_dirty,0.001,-0.20531179999998833
2026-02,B_n_5x50,all_dirty,combined_vs_pure_sniper_top3_sltp,56,2338229,2338457,-1,66567.4,66615.1,296.0000000000582,2960.000000000582,inv,237.0,-0.11426740000001165,0.0665674,5.0,sniper_dirty,0.001,-0.18083480000001165
2026-02,B_n_5x50,all_dirty,combined_vs_pure_sniper_top3_sltp,57,2341220,2343100,1,67272.1,67020.10000000003,251.9999999999709,2519.999999999709,sl,1887.0,-0.3192720999999709,0.06727210000000002,5.0,sniper_dirty,0.001,-0.3865441999999709
2026-02,B_n_7x45,combined,combined_vs_pure_sniper_top3_sltp,0,111924,111935,-1,76522.3,76540.2,161.69999999993888,1039.499999999607,inv,11.0,-0.09442229999999419,0.0765223,5.0,ifvg_clean,0.001,-0.17094459999999417
2026-02,B_n_7x45,combined,combined_vs_pure_sniper_top3_sltp,1,144714,144795,-1,78885.5,78936.5,358.3999999999796,2303.999999999869,inv,81.0,-0.12988550000000001,0.07888550000000001,5.0,ifvg_clean,0.001,-0.20877100000000004
2026-02,B_n_7x45,combined,combined_vs_pure_sniper_top3_sltp,2,148887,159067,-1,78991.9,77988.39999999986,156.10000000002037,1003.500000000131,tp,10441.0,0.9245081000001311,0.0789919,5.0,ifvg_clean,0.001,0.8455162000001311
2026-02,B_n_7x45,combined,combined_vs_pure_sniper_top3_sltp,3,171053,171213,-1,78642.2,78806.7,164.5,1057.5,sl,163.0,-0.24314220000000003,0.07864220000000001,5.0,ifvg_clean,0.001,-0.3217844
2026-02,B_n_7x45,combined,combined_vs_pure_sniper_top3_sltp,4,148641,173556,-1,78789.0,79105.39999999998,316.3999999999796,2033.999999999869,sl,25866.0,-0.39518899999997964,0.078789,5.0,ifvg_clean,0.001,-0.47397799999997964
2026-02,B_n_7x45,combined,combined_vs_pure_sniper_top3_sltp,5,198405,202163,1,78720.0,78318.89999999998,401.1000000000204,2578.500000000131,sl,3811.0,-0.4798200000000204,0.07872,5.0,ifvg_clean,0.001,-0.5585400000000204
2026-02,B_n_7x45,combined,combined_vs_pure_sniper_top3_sltp,6,147924,222125,-1,78957.1,77553.10000000014,218.39999999997963,1403.999999999869,tp,76505.0,1.3250428999998691,0.07895710000000002,5.0,ifvg_clean,0.001,1.2460857999998691
2026-02,B_n_7x45,combined,combined_vs_pure_sniper_top3_sltp,7,224304,224328,-1,77655.6,77695.6,287.0,1845.0,inv,24.0,-0.1176556,0.0776556,5.0,ifvg_clean,0.001,-0.19531120000000002
2026-02,B_n_7x45,combined,combined_vs_pure_sniper_top3_sltp,8,226287,226675,1,77922.4,77440.79999999997,481.6000000000204,3096.000000000131,sl,388.0,-0.5595224000000204,0.0779224,5.0,ifvg_clean,0.001,-0.6374448000000204
2026-02,B_n_7x45,combined,combined_vs_pure_sniper_top3_sltp,9,251271,251391,1,75571.2,75548.5,203.70000000004075,1309.500000000262,inv,121.0,-0.09827119999999709,0.0755712,5.0,ifvg_clean,0.001,-0.1738423999999971
2026-02,B_n_7x45,combined,combined_vs_pure_sniper_top3_sltp,10,258423,264323,1,76039.1,75796.90000000007,242.19999999993888,1556.999999999607,sl,5988.0,-0.3182390999999389,0.07603910000000001,5.0,ifvg_clean,0.001,-0.3942781999999389
2026-02,B_n_7x45,combined,combined_vs_pure_sniper_top3_sltp,11,293325,295287,-1,75984.9,76170.4,185.5,1192.5,sl,1970.0,-0.2614849,0.0759849,5.0,ifvg_clean,0.001,-0.33746980000000004
2026-02,B_n_7x45,combined,combined_vs_pure_sniper_top3_sltp,12,299765,301380,1,76119.4,75774.29999999997,345.1000000000204,2218.500000000131,sl,1670.0,-0.4212194000000204,0.0761194,5.0,ifvg_clean,0.001,-0.4973388000000204
2026-02,B_n_7x45,combined,combined_vs_pure_sniper_top3_sltp,13,253098,302571,1,75730.7,75417.80000000002,312.8999999999796,2011.499999999869,sl,51014.0,-0.3886306999999796,0.0757307,5.0,ifvg_clean,0.001,-0.4643613999999796
2026-02,B_n_7x45,combined,combined_vs_pure_sniper_top3_sltp,14,302911,305848,-1,75344.3,75546.59999999996,202.29999999995925,1300.499999999738,sl,2938.0,-0.27764429999995927,0.0753443,5.0,ifvg_clean,0.001,-0.35298859999995924
2026-02,B_n_7x45,combined,combined_vs_pure_sniper_top3_sltp,15,307016,307766,-1,74861.1,74947.4,702.0999999999185,4513.499999999476,inv,750.0,-0.16116109999998837,0.07486110000000001,5.0,ifvg_clean,0.001,-0.23602219999998839
2026-02,B_n_7x45,combined,combined_vs_pure_sniper_top3_sltp,16,305857,316076,-1,75548.3,72609.79999999987,457.1000000000204,2938.500000000131,tp,10219.0,2.862951700000131,0.0755483,5.0,ifvg_clean,0.001,2.787403400000131
2026-02,B_n_7x45,combined,combined_vs_pure_sniper_top3_sltp,17,326199,330482,1,73623.0,73084.0,539.0,3465.0,sl,4366.0,-0.612623,0.07362300000000001,5.0,ifvg_clean,0.001,-0.686246
2026-02,B_n_7x45,combined,combined_vs_pure_sniper_top3_sltp,18,333677,335014,1,73173.1,72746.80000000005,426.29999999995925,2740.499999999738,sl,1338.0,-0.49947309999995926,0.0731731,5.0,ifvg_clean,0.001,-0.5726461999999592
2026-02,B_n_7x45,combined,combined_vs_pure_sniper_top3_sltp,19,347853,347871,1,72202.3,72127.1,534.7999999999593,3437.999999999738,inv,18.0,-0.1474022999999971,0.07220230000000001,5.0,ifvg_clean,0.001,-0.2196045999999971
2026-02,B_n_7x45,combined,combined_vs_pure_sniper_top3_sltp,20,329340,350262,-1,73390.8,71275.8,329.0,2115.0,tp,21029.0,2.0416092000000003,0.0733908,5.0,ifvg_clean,0.001,1.9682184000000003
2026-02,B_n_7x45,combined,combined_vs_pure_sniper_top3_sltp,21,343846,383569,-1,73240.1,69842.6,528.5,3397.5,tp,39765.0,3.3242599,0.07324010000000002,5.0,ifvg_clean,0.001,3.2510198
2026-02,B_n_7x45,combined,combined_vs_pure_sniper_top3_sltp,22,426918,427719,-1,60784.2,61773.30000000002,989.1000000000204,6358.500000000131,sl,801.0,-1.0498842000000204,0.0607842,5.0,ifvg_clean,0.001,-1.1106684000000204
2026-02,B_n_7x45,combined,combined_vs_pure_sniper_top3_sltp,23,427509,427927,-1,61544.9,62183.99999999997,639.0999999999694,4108.499999999804,sl,418.0,-0.7006448999999695,0.06154490000000001,5.0,ifvg_clean,0.001,-0.7621897999999695
2026-02,B_n_7x45,combined,combined_vs_pure_sniper_top3_sltp,24,646406,646479,-1,71325.1,71355.4,209.29999999995925,1345.499999999738,inv,74.0,-0.10162509999998837,0.0713251,5.0,ifvg_clean,0.001,-0.17295019999998837
2026-02,B_n_7x45,combined,combined_vs_pure_sniper_top3_sltp,25,698078,698081,1,70952.7,70937.5,151.89999999997963,976.499999999869,inv,3.0,-0.08615269999999708,0.0709527,5.0,ifvg_clean,0.001,-0.15710539999999706
2026-02,B_n_7x45,combined,combined_vs_pure_sniper_top3_sltp,26,696218,710850,-1,71210.5,69549.9999999996,258.3000000000611,1660.500000000393,tp,14901.0,1.5892895000003928,0.0712105,5.0,ifvg_clean,0.001,1.5180790000003928
2026-02,B_n_7x45,combined,combined_vs_pure_sniper_top3_sltp,27,759842,760105,1,70658.3,70456.69999999998,201.60000000002037,1296.000000000131,sl,268.0,-0.2722583000000204,0.07065830000000001,5.0,ifvg_clean,0.001,-0.3429166000000204
2026-02,B_n_7x45,combined,combined_vs_pure_sniper_top3_sltp,28,740826,768169,1,70000.1,69770.49999999999,229.60000000002037,1476.000000000131,sl,28096.0,-0.29960010000002035,0.07000010000000001,5.0,ifvg_clean,0.001,-0.36960020000002036
2026-02,B_n_7x45,combined,combined_vs_pure_sniper_top3_sltp,29,776045,776344,1,70057.2,70025.2,301.70000000004075,1939.500000000262,inv,311.0,-0.1020572,0.0700572,5.0,ifvg_clean,0.001,-0.1721144
2026-02,B_n_7x45,combined,combined_vs_pure_sniper_top3_sltp,30,1170653,1174768,-1,69740.1,69979.49999999999,239.39999999997963,1538.999999999869,sl,4821.0,-0.30914009999997966,0.06974010000000001,5.0,ifvg_clean,0.001,-0.3788801999999797
2026-02,B_n_7x45,combined,combined_vs_pure_sniper_top3_sltp,31,1211827,1214679,1,70790.9,70578.09999999993,212.80000000006112,1368.000000000393,sl,2870.0,-0.28359090000006115,0.07079089999999999,5.0,ifvg_clean,0.001,-0.35438180000006114
2026-02,B_n_7x45,combined,combined_vs_pure_sniper_top3_sltp,32,1214122,1214810,1,70758.5,70507.20000000004,251.29999999995925,1615.499999999738,sl,696.0,-0.3220584999999593,0.0707585,5.0,ifvg_clean,0.001,-0.3928169999999593
2026-02,B_n_7x45,combined,combined_vs_pure_sniper_top3_sltp,33,1315116,1322201,-1,68798.2,67565.20000000026,191.79999999995925,1232.999999999738,tp,7109.0,1.164201799999738,0.06879819999999999,5.0,ifvg_clean,0.001,1.095403599999738
2026-02,B_n_7x45,combined,combined_vs_pure_sniper_top3_sltp,34,1356383,1356906,1,68861.8,68843.1,153.29999999995925,985.4999999997381,inv,574.0,-0.0875617999999971,0.0688618,5.0,ifvg_clean,0.001,-0.1564235999999971
2026-02,B_n_7x45,combined,combined_vs_pure_sniper_top3_sltp,35,1352455,1357396,1,68747.2,68702.2,325.5,2092.5,inv,5282.0,-0.11374719999999999,0.0687472,5.0,ifvg_clean,0.001,-0.1824944
2026-02,B_n_7x45,combined,combined_vs_pure_sniper_top3_sltp,36,1952021,1975759,-1,63062.6,63476.99999999998,414.3999999999796,2663.999999999869,sl,24228.0,-0.47746259999997964,0.06306260000000001,5.0,ifvg_clean,0.001,-0.5405251999999796
2026-02,B_n_7x45,combined,combined_vs_pure_sniper_top3_sltp,37,1931089,1990933,-1,64191.4,64511.29999999998,319.8999999999796,2056.499999999869,sl,60514.0,-0.38409139999997965,0.06419140000000001,5.0,ifvg_clean,0.001,-0.44828279999997966
2026-02,B_n_7x45,combined,combined_vs_pure_sniper_top3_sltp,38,1988575,1991225,-1,64244.6,64698.90000000001,454.3000000000102,2920.5000000000655,sl,2670.0,-0.5185446000000102,0.06424460000000001,5.0,ifvg_clean,0.001,-0.5827892000000102
2026-02,B_n_7x45,combined,combined_vs_pure_sniper_top3_sltp,39,1975500,2012086,1,63280.0,65867.5,402.5,2587.5,tp,37754.0,2.5242199999999997,0.06328,5.0,ifvg_clean,0.001,2.46094
2026-02,B_n_7x45,combined,combined_vs_pure_sniper_top3_sltp,40,2086237,2088300,1,68928.6,68612.90000000007,315.6999999999389,2029.499999999607,sl,2084.0,-0.38462859999993887,0.0689286,5.0,ifvg_clean,0.001,-0.4535571999999389
2026-02,B_n_7x45,combined,combined_vs_pure_sniper_top3_sltp,41,2095718,2095756,-1,68047.7,68097.4,497.0,3195.0,inv,38.0,-0.11774769999999708,0.06804769999999999,5.0,ifvg_clean,0.001,-0.18579539999999706
2026-02,B_n_7x45,combined,combined_vs_pure_sniper_top3_sltp,42,2097952,2097957,-1,68474.0,68491.9,140.69999999993888,904.4999999996071,inv,5.0,-0.08637399999999419,0.06847400000000001,5.0,ifvg_clean,0.001,-0.1548479999999942
2026-02,B_n_7x45,combined,combined_vs_pure_sniper_top3_sltp,43,2130340,2142110,1,68377.2,67857.09999999998,520.1000000000204,3343.500000000131,sl,12102.0,-0.5884772000000205,0.0683772,5.0,ifvg_clean,0.001,-0.6568544000000205
2026-02,B_n_7x45,combined,combined_vs_pure_sniper_top3_sltp,44,2200603,2201654,1,67671.2,67633.5,322.0,2070.0,inv,1088.0,-0.10537119999999708,0.0676712,5.0,ifvg_clean,0.001,-0.1730423999999971
2026-02,B_n_7x45,combined,combined_vs_pure_sniper_top3_sltp,45,2229063,2229241,1,66246.1,66066.90000000007,179.19999999993888,1151.999999999607,sl,178.0,-0.24544609999993888,0.06624610000000002,5.0,ifvg_clean,0.001,-0.3116921999999389
2026-02,B_n_7x45,combined,combined_vs_pure_sniper_top3_sltp,46,2233721,2233823,-1,66095.9,66263.19999999995,167.29999999995925,1075.499999999738,sl,103.0,-0.23339589999995924,0.0660959,5.0,ifvg_clean,0.001,-0.29949179999995923
2026-02,B_n_7x45,combined,combined_vs_pure_sniper_top3_sltp,47,2087045,2283405,-1,69018.8,64235.30000000053,744.0999999999185,4783.499999999476,tp,202542.0,4.714481199999476,0.0690188,5.0,ifvg_clean,0.001,4.6454623999994755
2026-02,B_n_7x45,combined,combined_vs_pure_sniper_top3_sltp,48,2293177,2293691,-1,63652.9,63798.50000000002,145.60000000002037,936.000000000131,sl,519.0,-0.2092529000000204,0.0636529,5.0,ifvg_clean,0.001,-0.2729058000000204
2026-02,B_n_7x45,combined,combined_vs_pure_sniper_top3_sltp,49,2300784,2300937,-1,64084.9,64106.4,207.1999999999898,1331.9999999999345,inv,157.0,-0.0855849,0.0640849,5.0,ifvg_clean,0.001,-0.14966980000000002
2026-02,B_n_7x45,combined,combined_vs_pure_sniper_top3_sltp,50,2322320,2323536,1,65080.3,64863.3,217.0,1395.0,sl,1224.0,-0.2820803,0.06508030000000001,5.0,ifvg_clean,0.001,-0.34716060000000004
2026-02,B_n_7x45,combined,combined_vs_pure_sniper_top3_sltp,51,2327174,2327196,-1,65620.7,65661.1,269.5,1732.5,inv,22.0,-0.10602070000000874,0.0656207,5.0,ifvg_clean,0.001,-0.17164140000000874
2026-02,B_n_7x45,combined,combined_vs_pure_sniper_top3_sltp,52,2233171,2330272,-1,65981.9,66453.70000000006,471.8000000000611,3033.000000000393,sl,100632.0,-0.5377819000000611,0.0659819,5.0,ifvg_clean,0.001,-0.6037638000000611
2026-02,B_n_7x45,combined,combined_vs_pure_sniper_top3_sltp,53,2334892,2335060,-1,66842.0,66886.4,337.3999999999796,2168.999999999869,inv,171.0,-0.11124199999999418,0.066842,5.0,ifvg_clean,0.001,-0.1780839999999942
2026-02,B_n_7x45,combined,combined_vs_pure_sniper_top3_sltp,54,2336597,2336804,1,66505.9,66433.6,571.8999999999796,3676.499999999869,inv,212.0,-0.13880589999998835,0.06650589999999999,5.0,ifvg_clean,0.001,-0.20531179999998833
2026-02,B_n_7x45,combined,combined_vs_pure_sniper_top3_sltp,55,2336287,2337350,-1,66357.7,66614.59999999998,256.8999999999796,1651.499999999869,sl,1084.0,-0.32325769999997966,0.06635769999999999,5.0,ifvg_clean,0.001,-0.38961539999997963
2026-02,B_n_7x45,combined,combined_vs_pure_sniper_top3_sltp,56,2338229,2338457,-1,66567.4,66615.1,414.4000000000815,2664.000000000524,inv,237.0,-0.11426740000001165,0.0665674,5.0,ifvg_clean,0.001,-0.18083480000001165
2026-02,B_n_7x45,combined,combined_vs_pure_sniper_top3_sltp,57,2341220,2343101,1,67272.1,66919.30000000005,352.79999999995925,2267.999999999738,sl,1888.0,-0.42007209999995926,0.06727210000000002,5.0,ifvg_clean,0.001,-0.48734419999995926
2026-02,B_n_7x45,all_clean,combined_vs_pure_sniper_top3_sltp,0,111924,111935,-1,76522.3,76540.2,161.69999999993888,1039.499999999607,inv,11.0,-0.09442229999999419,0.0765223,5.0,ifvg_clean,0.001,-0.17094459999999417
2026-02,B_n_7x45,all_clean,combined_vs_pure_sniper_top3_sltp,1,144714,144795,-1,78885.5,78936.5,358.3999999999796,2303.999999999869,inv,81.0,-0.12988550000000001,0.07888550000000001,5.0,ifvg_clean,0.001,-0.20877100000000004
2026-02,B_n_7x45,all_clean,combined_vs_pure_sniper_top3_sltp,2,148887,159067,-1,78991.9,77988.39999999986,156.10000000002037,1003.500000000131,tp,10441.0,0.9245081000001311,0.0789919,5.0,ifvg_clean,0.001,0.8455162000001311
2026-02,B_n_7x45,all_clean,combined_vs_pure_sniper_top3_sltp,3,171053,171213,-1,78642.2,78806.7,164.5,1057.5,sl,163.0,-0.24314220000000003,0.07864220000000001,5.0,ifvg_clean,0.001,-0.3217844
2026-02,B_n_7x45,all_clean,combined_vs_pure_sniper_top3_sltp,4,148641,173556,-1,78789.0,79105.39999999998,316.3999999999796,2033.999999999869,sl,25866.0,-0.39518899999997964,0.078789,5.0,ifvg_clean,0.001,-0.47397799999997964
2026-02,B_n_7x45,all_clean,combined_vs_pure_sniper_top3_sltp,5,198405,202163,1,78720.0,78318.89999999998,401.1000000000204,2578.500000000131,sl,3811.0,-0.4798200000000204,0.07872,5.0,ifvg_clean,0.001,-0.5585400000000204
2026-02,B_n_7x45,all_clean,combined_vs_pure_sniper_top3_sltp,6,147924,222125,-1,78957.1,77553.10000000014,218.39999999997963,1403.999999999869,tp,76505.0,1.3250428999998691,0.07895710000000002,5.0,ifvg_clean,0.001,1.2460857999998691
2026-02,B_n_7x45,all_clean,combined_vs_pure_sniper_top3_sltp,7,224304,224328,-1,77655.6,77695.6,287.0,1845.0,inv,24.0,-0.1176556,0.0776556,5.0,ifvg_clean,0.001,-0.19531120000000002
2026-02,B_n_7x45,all_clean,combined_vs_pure_sniper_top3_sltp,8,226287,226675,1,77922.4,77440.79999999997,481.6000000000204,3096.000000000131,sl,388.0,-0.5595224000000204,0.0779224,5.0,ifvg_clean,0.001,-0.6374448000000204
2026-02,B_n_7x45,all_clean,combined_vs_pure_sniper_top3_sltp,9,251271,251391,1,75571.2,75548.5,203.70000000004075,1309.500000000262,inv,121.0,-0.09827119999999709,0.0755712,5.0,ifvg_clean,0.001,-0.1738423999999971
2026-02,B_n_7x45,all_clean,combined_vs_pure_sniper_top3_sltp,10,258423,264323,1,76039.1,75796.90000000007,242.19999999993888,1556.999999999607,sl,5988.0,-0.3182390999999389,0.07603910000000001,5.0,ifvg_clean,0.001,-0.3942781999999389
2026-02,B_n_7x45,all_clean,combined_vs_pure_sniper_top3_sltp,11,293325,295287,-1,75984.9,76170.4,185.5,1192.5,sl,1970.0,-0.2614849,0.0759849,5.0,ifvg_clean,0.001,-0.33746980000000004
2026-02,B_n_7x45,all_clean,combined_vs_pure_sniper_top3_sltp,12,299765,301380,1,76119.4,75774.29999999997,345.1000000000204,2218.500000000131,sl,1670.0,-0.4212194000000204,0.0761194,5.0,ifvg_clean,0.001,-0.4973388000000204
2026-02,B_n_7x45,all_clean,combined_vs_pure_sniper_top3_sltp,13,253098,302571,1,75730.7,75417.80000000002,312.8999999999796,2011.499999999869,sl,51014.0,-0.3886306999999796,0.0757307,5.0,ifvg_clean,0.001,-0.4643613999999796
2026-02,B_n_7x45,all_clean,combined_vs_pure_sniper_top3_sltp,14,302911,305848,-1,75344.3,75546.59999999996,202.29999999995925,1300.499999999738,sl,2938.0,-0.27764429999995927,0.0753443,5.0,ifvg_clean,0.001,-0.35298859999995924
2026-02,B_n_7x45,all_clean,combined_vs_pure_sniper_top3_sltp,15,307016,307766,-1,74861.1,74947.4,702.0999999999185,4513.499999999476,inv,750.0,-0.16116109999998837,0.07486110000000001,5.0,ifvg_clean,0.001,-0.23602219999998839
2026-02,B_n_7x45,all_clean,combined_vs_pure_sniper_top3_sltp,16,305857,316076,-1,75548.3,72609.79999999987,457.1000000000204,2938.500000000131,tp,10219.0,2.862951700000131,0.0755483,5.0,ifvg_clean,0.001,2.787403400000131
2026-02,B_n_7x45,all_clean,combined_vs_pure_sniper_top3_sltp,17,326199,330482,1,73623.0,73084.0,539.0,3465.0,sl,4366.0,-0.612623,0.07362300000000001,5.0,ifvg_clean,0.001,-0.686246
2026-02,B_n_7x45,all_clean,combined_vs_pure_sniper_top3_sltp,18,333677,335014,1,73173.1,72746.80000000005,426.29999999995925,2740.499999999738,sl,1338.0,-0.49947309999995926,0.0731731,5.0,ifvg_clean,0.001,-0.5726461999999592
2026-02,B_n_7x45,all_clean,combined_vs_pure_sniper_top3_sltp,19,347853,347871,1,72202.3,72127.1,534.7999999999593,3437.999999999738,inv,18.0,-0.1474022999999971,0.07220230000000001,5.0,ifvg_clean,0.001,-0.2196045999999971
2026-02,B_n_7x45,all_clean,combined_vs_pure_sniper_top3_sltp,20,329340,350262,-1,73390.8,71275.8,329.0,2115.0,tp,21029.0,2.0416092000000003,0.0733908,5.0,ifvg_clean,0.001,1.9682184000000003
2026-02,B_n_7x45,all_clean,combined_vs_pure_sniper_top3_sltp,21,343846,383569,-1,73240.1,69842.6,528.5,3397.5,tp,39765.0,3.3242599,0.07324010000000002,5.0,ifvg_clean,0.001,3.2510198
2026-02,B_n_7x45,all_clean,combined_vs_pure_sniper_top3_sltp,22,426918,427719,-1,60784.2,61773.30000000002,989.1000000000204,6358.500000000131,sl,801.0,-1.0498842000000204,0.0607842,5.0,ifvg_clean,0.001,-1.1106684000000204
2026-02,B_n_7x45,all_clean,combined_vs_pure_sniper_top3_sltp,23,427509,427927,-1,61544.9,62183.99999999997,639.0999999999694,4108.499999999804,sl,418.0,-0.7006448999999695,0.06154490000000001,5.0,ifvg_clean,0.001,-0.7621897999999695
2026-02,B_n_7x45,all_clean,combined_vs_pure_sniper_top3_sltp,24,646406,646479,-1,71325.1,71355.4,209.29999999995925,1345.499999999738,inv,74.0,-0.10162509999998837,0.0713251,5.0,ifvg_clean,0.001,-0.17295019999998837
2026-02,B_n_7x45,all_clean,combined_vs_pure_sniper_top3_sltp,25,698078,698081,1,70952.7,70937.5,151.89999999997963,976.499999999869,inv,3.0,-0.08615269999999708,0.0709527,5.0,ifvg_clean,0.001,-0.15710539999999706
2026-02,B_n_7x45,all_clean,combined_vs_pure_sniper_top3_sltp,26,696218,710850,-1,71210.5,69549.9999999996,258.3000000000611,1660.500000000393,tp,14901.0,1.5892895000003928,0.0712105,5.0,ifvg_clean,0.001,1.5180790000003928
2026-02,B_n_7x45,all_clean,combined_vs_pure_sniper_top3_sltp,27,759842,760105,1,70658.3,70456.69999999998,201.60000000002037,1296.000000000131,sl,268.0,-0.2722583000000204,0.07065830000000001,5.0,ifvg_clean,0.001,-0.3429166000000204
2026-02,B_n_7x45,all_clean,combined_vs_pure_sniper_top3_sltp,28,740826,768169,1,70000.1,69770.49999999999,229.60000000002037,1476.000000000131,sl,28096.0,-0.29960010000002035,0.07000010000000001,5.0,ifvg_clean,0.001,-0.36960020000002036
2026-02,B_n_7x45,all_clean,combined_vs_pure_sniper_top3_sltp,29,776045,776344,1,70057.2,70025.2,301.70000000004075,1939.500000000262,inv,311.0,-0.1020572,0.0700572,5.0,ifvg_clean,0.001,-0.1721144
2026-02,B_n_7x45,all_clean,combined_vs_pure_sniper_top3_sltp,30,1170653,1174768,-1,69740.1,69979.49999999999,239.39999999997963,1538.999999999869,sl,4821.0,-0.30914009999997966,0.06974010000000001,5.0,ifvg_clean,0.001,-0.3788801999999797
2026-02,B_n_7x45,all_clean,combined_vs_pure_sniper_top3_sltp,31,1211827,1214679,1,70790.9,70578.09999999993,212.80000000006112,1368.000000000393,sl,2870.0,-0.28359090000006115,0.07079089999999999,5.0,ifvg_clean,0.001,-0.35438180000006114
2026-02,B_n_7x45,all_clean,combined_vs_pure_sniper_top3_sltp,32,1214122,1214810,1,70758.5,70507.20000000004,251.29999999995925,1615.499999999738,sl,696.0,-0.3220584999999593,0.0707585,5.0,ifvg_clean,0.001,-0.3928169999999593
2026-02,B_n_7x45,all_clean,combined_vs_pure_sniper_top3_sltp,33,1315116,1322201,-1,68798.2,67565.20000000026,191.79999999995925,1232.999999999738,tp,7109.0,1.164201799999738,0.06879819999999999,5.0,ifvg_clean,0.001,1.095403599999738
2026-02,B_n_7x45,all_clean,combined_vs_pure_sniper_top3_sltp,34,1356383,1356906,1,68861.8,68843.1,153.29999999995925,985.4999999997381,inv,574.0,-0.0875617999999971,0.0688618,5.0,ifvg_clean,0.001,-0.1564235999999971
2026-02,B_n_7x45,all_clean,combined_vs_pure_sniper_top3_sltp,35,1352455,1357396,1,68747.2,68702.2,325.5,2092.5,inv,5282.0,-0.11374719999999999,0.0687472,5.0,ifvg_clean,0.001,-0.1824944
2026-02,B_n_7x45,all_clean,combined_vs_pure_sniper_top3_sltp,36,1952021,1975759,-1,63062.6,63476.99999999998,414.3999999999796,2663.999999999869,sl,24228.0,-0.47746259999997964,0.06306260000000001,5.0,ifvg_clean,0.001,-0.5405251999999796
2026-02,B_n_7x45,all_clean,combined_vs_pure_sniper_top3_sltp,37,1931089,1990933,-1,64191.4,64511.29999999998,319.8999999999796,2056.499999999869,sl,60514.0,-0.38409139999997965,0.06419140000000001,5.0,ifvg_clean,0.001,-0.44828279999997966
2026-02,B_n_7x45,all_clean,combined_vs_pure_sniper_top3_sltp,38,1988575,1991225,-1,64244.6,64698.90000000001,454.3000000000102,2920.5000000000655,sl,2670.0,-0.5185446000000102,0.06424460000000001,5.0,ifvg_clean,0.001,-0.5827892000000102
2026-02,B_n_7x45,all_clean,combined_vs_pure_sniper_top3_sltp,39,1975500,2012086,1,63280.0,65867.5,402.5,2587.5,tp,37754.0,2.5242199999999997,0.06328,5.0,ifvg_clean,0.001,2.46094
2026-02,B_n_7x45,all_clean,combined_vs_pure_sniper_top3_sltp,40,2086237,2088300,1,68928.6,68612.90000000007,315.6999999999389,2029.499999999607,sl,2084.0,-0.38462859999993887,0.0689286,5.0,ifvg_clean,0.001,-0.4535571999999389
2026-02,B_n_7x45,all_clean,combined_vs_pure_sniper_top3_sltp,41,2095718,2095756,-1,68047.7,68097.4,497.0,3195.0,inv,38.0,-0.11774769999999708,0.06804769999999999,5.0,ifvg_clean,0.001,-0.18579539999999706
2026-02,B_n_7x45,all_clean,combined_vs_pure_sniper_top3_sltp,42,2097952,2097957,-1,68474.0,68491.9,140.69999999993888,904.4999999996071,inv,5.0,-0.08637399999999419,0.06847400000000001,5.0,ifvg_clean,0.001,-0.1548479999999942
2026-02,B_n_7x45,all_clean,combined_vs_pure_sniper_top3_sltp,43,2130340,2142110,1,68377.2,67857.09999999998,520.1000000000204,3343.500000000131,sl,12102.0,-0.5884772000000205,0.0683772,5.0,ifvg_clean,0.001,-0.6568544000000205
2026-02,B_n_7x45,all_clean,combined_vs_pure_sniper_top3_sltp,44,2200603,2201654,1,67671.2,67633.5,322.0,2070.0,inv,1088.0,-0.10537119999999708,0.0676712,5.0,ifvg_clean,0.001,-0.1730423999999971
2026-02,B_n_7x45,all_clean,combined_vs_pure_sniper_top3_sltp,45,2229063,2229241,1,66246.1,66066.90000000007,179.19999999993888,1151.999999999607,sl,178.0,-0.24544609999993888,0.06624610000000002,5.0,ifvg_clean,0.001,-0.3116921999999389
2026-02,B_n_7x45,all_clean,combined_vs_pure_sniper_top3_sltp,46,2233721,2233823,-1,66095.9,66263.19999999995,167.29999999995925,1075.499999999738,sl,103.0,-0.23339589999995924,0.0660959,5.0,ifvg_clean,0.001,-0.29949179999995923
2026-02,B_n_7x45,all_clean,combined_vs_pure_sniper_top3_sltp,47,2087045,2283405,-1,69018.8,64235.30000000053,744.0999999999185,4783.499999999476,tp,202542.0,4.714481199999476,0.0690188,5.0,ifvg_clean,0.001,4.6454623999994755
2026-02,B_n_7x45,all_clean,combined_vs_pure_sniper_top3_sltp,48,2293177,2293691,-1,63652.9,63798.50000000002,145.60000000002037,936.000000000131,sl,519.0,-0.2092529000000204,0.0636529,5.0,ifvg_clean,0.001,-0.2729058000000204
2026-02,B_n_7x45,all_clean,combined_vs_pure_sniper_top3_sltp,49,2300784,2300937,-1,64084.9,64106.4,207.1999999999898,1331.9999999999345,inv,157.0,-0.0855849,0.0640849,5.0,ifvg_clean,0.001,-0.14966980000000002
2026-02,B_n_7x45,all_clean,combined_vs_pure_sniper_top3_sltp,50,2322320,2323536,1,65080.3,64863.3,217.0,1395.0,sl,1224.0,-0.2820803,0.06508030000000001,5.0,ifvg_clean,0.001,-0.34716060000000004
2026-02,B_n_7x45,all_clean,combined_vs_pure_sniper_top3_sltp,51,2327174,2327196,-1,65620.7,65661.1,269.5,1732.5,inv,22.0,-0.10602070000000874,0.0656207,5.0,ifvg_clean,0.001,-0.17164140000000874
2026-02,B_n_7x45,all_clean,combined_vs_pure_sniper_top3_sltp,52,2233171,2330272,-1,65981.9,66453.70000000006,471.8000000000611,3033.000000000393,sl,100632.0,-0.5377819000000611,0.0659819,5.0,ifvg_clean,0.001,-0.6037638000000611
2026-02,B_n_7x45,all_clean,combined_vs_pure_sniper_top3_sltp,53,2334892,2335060,-1,66842.0,66886.4,337.3999999999796,2168.999999999869,inv,171.0,-0.11124199999999418,0.066842,5.0,ifvg_clean,0.001,-0.1780839999999942
2026-02,B_n_7x45,all_clean,combined_vs_pure_sniper_top3_sltp,54,2336597,2336804,1,66505.9,66433.6,571.8999999999796,3676.499999999869,inv,212.0,-0.13880589999998835,0.06650589999999999,5.0,ifvg_clean,0.001,-0.20531179999998833
2026-02,B_n_7x45,all_clean,combined_vs_pure_sniper_top3_sltp,55,2336287,2337350,-1,66357.7,66614.59999999998,256.8999999999796,1651.499999999869,sl,1084.0,-0.32325769999997966,0.06635769999999999,5.0,ifvg_clean,0.001,-0.38961539999997963
2026-02,B_n_7x45,all_clean,combined_vs_pure_sniper_top3_sltp,56,2338229,2338457,-1,66567.4,66615.1,414.4000000000815,2664.000000000524,inv,237.0,-0.11426740000001165,0.0665674,5.0,ifvg_clean,0.001,-0.18083480000001165
2026-02,B_n_7x45,all_clean,combined_vs_pure_sniper_top3_sltp,57,2341220,2343101,1,67272.1,66919.30000000005,352.79999999995925,2267.999999999738,sl,1888.0,-0.42007209999995926,0.06727210000000002,5.0,ifvg_clean,0.001,-0.48734419999995926
2026-02,B_n_7x45,all_dirty,combined_vs_pure_sniper_top3_sltp,0,111924,111935,-1,76522.3,76540.2,161.69999999993888,1039.499999999607,inv,11.0,-0.09442229999999419,0.0765223,5.0,sniper_dirty,0.001,-0.17094459999999417
2026-02,B_n_7x45,all_dirty,combined_vs_pure_sniper_top3_sltp,1,144714,144795,-1,78885.5,78936.5,358.3999999999796,2303.999999999869,inv,81.0,-0.12988550000000001,0.07888550000000001,5.0,sniper_dirty,0.001,-0.20877100000000004
2026-02,B_n_7x45,all_dirty,combined_vs_pure_sniper_top3_sltp,2,148887,159067,-1,78991.9,77988.39999999986,156.10000000002037,1003.500000000131,tp,10441.0,0.9245081000001311,0.0789919,5.0,sniper_dirty,0.001,0.8455162000001311
2026-02,B_n_7x45,all_dirty,combined_vs_pure_sniper_top3_sltp,3,171053,171213,-1,78642.2,78806.7,164.5,1057.5,sl,163.0,-0.24314220000000003,0.07864220000000001,5.0,sniper_dirty,0.001,-0.3217844
2026-02,B_n_7x45,all_dirty,combined_vs_pure_sniper_top3_sltp,4,148641,173556,-1,78789.0,79105.39999999998,316.3999999999796,2033.999999999869,sl,25866.0,-0.39518899999997964,0.078789,5.0,sniper_dirty,0.001,-0.47397799999997964
2026-02,B_n_7x45,all_dirty,combined_vs_pure_sniper_top3_sltp,5,198405,202163,1,78720.0,78318.89999999998,401.1000000000204,2578.500000000131,sl,3811.0,-0.4798200000000204,0.07872,5.0,sniper_dirty,0.001,-0.5585400000000204
2026-02,B_n_7x45,all_dirty,combined_vs_pure_sniper_top3_sltp,6,147924,222125,-1,78957.1,77553.10000000014,218.39999999997963,1403.999999999869,tp,76505.0,1.3250428999998691,0.07895710000000002,5.0,sniper_dirty,0.001,1.2460857999998691
2026-02,B_n_7x45,all_dirty,combined_vs_pure_sniper_top3_sltp,7,224304,224328,-1,77655.6,77695.6,287.0,1845.0,inv,24.0,-0.1176556,0.0776556,5.0,sniper_dirty,0.001,-0.19531120000000002
2026-02,B_n_7x45,all_dirty,combined_vs_pure_sniper_top3_sltp,8,226287,226675,1,77922.4,77440.79999999997,481.6000000000204,3096.000000000131,sl,388.0,-0.5595224000000204,0.0779224,5.0,sniper_dirty,0.001,-0.6374448000000204
2026-02,B_n_7x45,all_dirty,combined_vs_pure_sniper_top3_sltp,9,251271,251391,1,75571.2,75548.5,203.70000000004075,1309.500000000262,inv,121.0,-0.09827119999999709,0.0755712,5.0,sniper_dirty,0.001,-0.1738423999999971
2026-02,B_n_7x45,all_dirty,combined_vs_pure_sniper_top3_sltp,10,258423,264323,1,76039.1,75796.90000000007,242.19999999993888,1556.999999999607,sl,5988.0,-0.3182390999999389,0.07603910000000001,5.0,sniper_dirty,0.001,-0.3942781999999389
2026-02,B_n_7x45,all_dirty,combined_vs_pure_sniper_top3_sltp,11,293325,295287,-1,75984.9,76170.4,185.5,1192.5,sl,1970.0,-0.2614849,0.0759849,5.0,sniper_dirty,0.001,-0.33746980000000004
2026-02,B_n_7x45,all_dirty,combined_vs_pure_sniper_top3_sltp,12,299765,301380,1,76119.4,75774.29999999997,345.1000000000204,2218.500000000131,sl,1670.0,-0.4212194000000204,0.0761194,5.0,sniper_dirty,0.001,-0.4973388000000204
2026-02,B_n_7x45,all_dirty,combined_vs_pure_sniper_top3_sltp,13,253098,302571,1,75730.7,75417.80000000002,312.8999999999796,2011.499999999869,sl,51014.0,-0.3886306999999796,0.0757307,5.0,sniper_dirty,0.001,-0.4643613999999796
2026-02,B_n_7x45,all_dirty,combined_vs_pure_sniper_top3_sltp,14,302911,305848,-1,75344.3,75546.59999999996,202.29999999995925,1300.499999999738,sl,2938.0,-0.27764429999995927,0.0753443,5.0,sniper_dirty,0.001,-0.35298859999995924
2026-02,B_n_7x45,all_dirty,combined_vs_pure_sniper_top3_sltp,15,307016,307766,-1,74861.1,74947.4,702.0999999999185,4513.499999999476,inv,750.0,-0.16116109999998837,0.07486110000000001,5.0,sniper_dirty,0.001,-0.23602219999998839
2026-02,B_n_7x45,all_dirty,combined_vs_pure_sniper_top3_sltp,16,305857,316076,-1,75548.3,72609.79999999987,457.1000000000204,2938.500000000131,tp,10219.0,2.862951700000131,0.0755483,5.0,sniper_dirty,0.001,2.787403400000131
2026-02,B_n_7x45,all_dirty,combined_vs_pure_sniper_top3_sltp,17,326199,330482,1,73623.0,73084.0,539.0,3465.0,sl,4366.0,-0.612623,0.07362300000000001,5.0,sniper_dirty,0.001,-0.686246
2026-02,B_n_7x45,all_dirty,combined_vs_pure_sniper_top3_sltp,18,333677,335014,1,73173.1,72746.80000000005,426.29999999995925,2740.499999999738,sl,1338.0,-0.49947309999995926,0.0731731,5.0,sniper_dirty,0.001,-0.5726461999999592
2026-02,B_n_7x45,all_dirty,combined_vs_pure_sniper_top3_sltp,19,347853,347871,1,72202.3,72127.1,534.7999999999593,3437.999999999738,inv,18.0,-0.1474022999999971,0.07220230000000001,5.0,sniper_dirty,0.001,-0.2196045999999971
2026-02,B_n_7x45,all_dirty,combined_vs_pure_sniper_top3_sltp,20,329340,350262,-1,73390.8,71275.8,329.0,2115.0,tp,21029.0,2.0416092000000003,0.0733908,5.0,sniper_dirty,0.001,1.9682184000000003
2026-02,B_n_7x45,all_dirty,combined_vs_pure_sniper_top3_sltp,21,343846,383569,-1,73240.1,69842.6,528.5,3397.5,tp,39765.0,3.3242599,0.07324010000000002,5.0,sniper_dirty,0.001,3.2510198
2026-02,B_n_7x45,all_dirty,combined_vs_pure_sniper_top3_sltp,22,426918,427719,-1,60784.2,61773.30000000002,989.1000000000204,6358.500000000131,sl,801.0,-1.0498842000000204,0.0607842,5.0,sniper_dirty,0.001,-1.1106684000000204
2026-02,B_n_7x45,all_dirty,combined_vs_pure_sniper_top3_sltp,23,427509,427927,-1,61544.9,62183.99999999997,639.0999999999694,4108.499999999804,sl,418.0,-0.7006448999999695,0.06154490000000001,5.0,sniper_dirty,0.001,-0.7621897999999695
2026-02,B_n_7x45,all_dirty,combined_vs_pure_sniper_top3_sltp,24,646406,646479,-1,71325.1,71355.4,209.29999999995925,1345.499999999738,inv,74.0,-0.10162509999998837,0.0713251,5.0,sniper_dirty,0.001,-0.17295019999998837
2026-02,B_n_7x45,all_dirty,combined_vs_pure_sniper_top3_sltp,25,698078,698081,1,70952.7,70937.5,151.89999999997963,976.499999999869,inv,3.0,-0.08615269999999708,0.0709527,5.0,sniper_dirty,0.001,-0.15710539999999706
2026-02,B_n_7x45,all_dirty,combined_vs_pure_sniper_top3_sltp,26,696218,710850,-1,71210.5,69549.9999999996,258.3000000000611,1660.500000000393,tp,14901.0,1.5892895000003928,0.0712105,5.0,sniper_dirty,0.001,1.5180790000003928
2026-02,B_n_7x45,all_dirty,combined_vs_pure_sniper_top3_sltp,27,759842,760105,1,70658.3,70456.69999999998,201.60000000002037,1296.000000000131,sl,268.0,-0.2722583000000204,0.07065830000000001,5.0,sniper_dirty,0.001,-0.3429166000000204
2026-02,B_n_7x45,all_dirty,combined_vs_pure_sniper_top3_sltp,28,740826,768169,1,70000.1,69770.49999999999,229.60000000002037,1476.000000000131,sl,28096.0,-0.29960010000002035,0.07000010000000001,5.0,sniper_dirty,0.001,-0.36960020000002036
2026-02,B_n_7x45,all_dirty,combined_vs_pure_sniper_top3_sltp,29,776045,776344,1,70057.2,70025.2,301.70000000004075,1939.500000000262,inv,311.0,-0.1020572,0.0700572,5.0,sniper_dirty,0.001,-0.1721144
2026-02,B_n_7x45,all_dirty,combined_vs_pure_sniper_top3_sltp,30,1170653,1174768,-1,69740.1,69979.49999999999,239.39999999997963,1538.999999999869,sl,4821.0,-0.30914009999997966,0.06974010000000001,5.0,sniper_dirty,0.001,-0.3788801999999797
2026-02,B_n_7x45,all_dirty,combined_vs_pure_sniper_top3_sltp,31,1211827,1214679,1,70790.9,70578.09999999993,212.80000000006112,1368.000000000393,sl,2870.0,-0.28359090000006115,0.07079089999999999,5.0,sniper_dirty,0.001,-0.35438180000006114
2026-02,B_n_7x45,all_dirty,combined_vs_pure_sniper_top3_sltp,32,1214122,1214810,1,70758.5,70507.20000000004,251.29999999995925,1615.499999999738,sl,696.0,-0.3220584999999593,0.0707585,5.0,sniper_dirty,0.001,-0.3928169999999593
2026-02,B_n_7x45,all_dirty,combined_vs_pure_sniper_top3_sltp,33,1315116,1322201,-1,68798.2,67565.20000000026,191.79999999995925,1232.999999999738,tp,7109.0,1.164201799999738,0.06879819999999999,5.0,sniper_dirty,0.001,1.095403599999738
2026-02,B_n_7x45,all_dirty,combined_vs_pure_sniper_top3_sltp,34,1356383,1356906,1,68861.8,68843.1,153.29999999995925,985.4999999997381,inv,574.0,-0.0875617999999971,0.0688618,5.0,sniper_dirty,0.001,-0.1564235999999971
2026-02,B_n_7x45,all_dirty,combined_vs_pure_sniper_top3_sltp,35,1352455,1357396,1,68747.2,68702.2,325.5,2092.5,inv,5282.0,-0.11374719999999999,0.0687472,5.0,sniper_dirty,0.001,-0.1824944
2026-02,B_n_7x45,all_dirty,combined_vs_pure_sniper_top3_sltp,36,1952021,1975759,-1,63062.6,63476.99999999998,414.3999999999796,2663.999999999869,sl,24228.0,-0.47746259999997964,0.06306260000000001,5.0,sniper_dirty,0.001,-0.5405251999999796
2026-02,B_n_7x45,all_dirty,combined_vs_pure_sniper_top3_sltp,37,1931089,1990933,-1,64191.4,64511.29999999998,319.8999999999796,2056.499999999869,sl,60514.0,-0.38409139999997965,0.06419140000000001,5.0,sniper_dirty,0.001,-0.44828279999997966
2026-02,B_n_7x45,all_dirty,combined_vs_pure_sniper_top3_sltp,38,1988575,1991225,-1,64244.6,64698.90000000001,454.3000000000102,2920.5000000000655,sl,2670.0,-0.5185446000000102,0.06424460000000001,5.0,sniper_dirty,0.001,-0.5827892000000102
2026-02,B_n_7x45,all_dirty,combined_vs_pure_sniper_top3_sltp,39,1975500,2012086,1,63280.0,65867.5,402.5,2587.5,tp,37754.0,2.5242199999999997,0.06328,5.0,sniper_dirty,0.001,2.46094
2026-02,B_n_7x45,all_dirty,combined_vs_pure_sniper_top3_sltp,40,2086237,2088300,1,68928.6,68612.90000000007,315.6999999999389,2029.499999999607,sl,2084.0,-0.38462859999993887,0.0689286,5.0,sniper_dirty,0.001,-0.4535571999999389
2026-02,B_n_7x45,all_dirty,combined_vs_pure_sniper_top3_sltp,41,2095718,2095756,-1,68047.7,68097.4,497.0,3195.0,inv,38.0,-0.11774769999999708,0.06804769999999999,5.0,sniper_dirty,0.001,-0.18579539999999706
2026-02,B_n_7x45,all_dirty,combined_vs_pure_sniper_top3_sltp,42,2097952,2097957,-1,68474.0,68491.9,140.69999999993888,904.4999999996071,inv,5.0,-0.08637399999999419,0.06847400000000001,5.0,sniper_dirty,0.001,-0.1548479999999942
2026-02,B_n_7x45,all_dirty,combined_vs_pure_sniper_top3_sltp,43,2130340,2142110,1,68377.2,67857.09999999998,520.1000000000204,3343.500000000131,sl,12102.0,-0.5884772000000205,0.0683772,5.0,sniper_dirty,0.001,-0.6568544000000205
2026-02,B_n_7x45,all_dirty,combined_vs_pure_sniper_top3_sltp,44,2200603,2201654,1,67671.2,67633.5,322.0,2070.0,inv,1088.0,-0.10537119999999708,0.0676712,5.0,sniper_dirty,0.001,-0.1730423999999971
2026-02,B_n_7x45,all_dirty,combined_vs_pure_sniper_top3_sltp,45,2229063,2229241,1,66246.1,66066.90000000007,179.19999999993888,1151.999999999607,sl,178.0,-0.24544609999993888,0.06624610000000002,5.0,sniper_dirty,0.001,-0.3116921999999389
2026-02,B_n_7x45,all_dirty,combined_vs_pure_sniper_top3_sltp,46,2233721,2233823,-1,66095.9,66263.19999999995,167.29999999995925,1075.499999999738,sl,103.0,-0.23339589999995924,0.0660959,5.0,sniper_dirty,0.001,-0.29949179999995923
2026-02,B_n_7x45,all_dirty,combined_vs_pure_sniper_top3_sltp,47,2087045,2283405,-1,69018.8,64235.30000000053,744.0999999999185,4783.499999999476,tp,202542.0,4.714481199999476,0.0690188,5.0,sniper_dirty,0.001,4.6454623999994755
2026-02,B_n_7x45,all_dirty,combined_vs_pure_sniper_top3_sltp,48,2293177,2293691,-1,63652.9,63798.50000000002,145.60000000002037,936.000000000131,sl,519.0,-0.2092529000000204,0.0636529,5.0,sniper_dirty,0.001,-0.2729058000000204
2026-02,B_n_7x45,all_dirty,combined_vs_pure_sniper_top3_sltp,49,2300784,2300937,-1,64084.9,64106.4,207.1999999999898,1331.9999999999345,inv,157.0,-0.0855849,0.0640849,5.0,sniper_dirty,0.001,-0.14966980000000002
2026-02,B_n_7x45,all_dirty,combined_vs_pure_sniper_top3_sltp,50,2322320,2323536,1,65080.3,64863.3,217.0,1395.0,sl,1224.0,-0.2820803,0.06508030000000001,5.0,sniper_dirty,0.001,-0.34716060000000004
2026-02,B_n_7x45,all_dirty,combined_vs_pure_sniper_top3_sltp,51,2327174,2327196,-1,65620.7,65661.1,269.5,1732.5,inv,22.0,-0.10602070000000874,0.0656207,5.0,sniper_dirty,0.001,-0.17164140000000874
2026-02,B_n_7x45,all_dirty,combined_vs_pure_sniper_top3_sltp,52,2233171,2330272,-1,65981.9,66453.70000000006,471.8000000000611,3033.000000000393,sl,100632.0,-0.5377819000000611,0.0659819,5.0,sniper_dirty,0.001,-0.6037638000000611
2026-02,B_n_7x45,all_dirty,combined_vs_pure_sniper_top3_sltp,53,2334892,2335060,-1,66842.0,66886.4,337.3999999999796,2168.999999999869,inv,171.0,-0.11124199999999418,0.066842,5.0,sniper_dirty,0.001,-0.1780839999999942
2026-02,B_n_7x45,all_dirty,combined_vs_pure_sniper_top3_sltp,54,2336597,2336804,1,66505.9,66433.6,571.8999999999796,3676.499999999869,inv,212.0,-0.13880589999998835,0.06650589999999999,5.0,sniper_dirty,0.001,-0.20531179999998833
2026-02,B_n_7x45,all_dirty,combined_vs_pure_sniper_top3_sltp,55,2336287,2337350,-1,66357.7,66614.59999999998,256.8999999999796,1651.499999999869,sl,1084.0,-0.32325769999997966,0.06635769999999999,5.0,sniper_dirty,0.001,-0.38961539999997963
2026-02,B_n_7x45,all_dirty,combined_vs_pure_sniper_top3_sltp,56,2338229,2338457,-1,66567.4,66615.1,414.4000000000815,2664.000000000524,inv,237.0,-0.11426740000001165,0.0665674,5.0,sniper_dirty,0.001,-0.18083480000001165
2026-02,B_n_7x45,all_dirty,combined_vs_pure_sniper_top3_sltp,57,2341220,2343101,1,67272.1,66919.30000000005,352.79999999995925,2267.999999999738,sl,1888.0,-0.42007209999995926,0.06727210000000002,5.0,sniper_dirty,0.001,-0.48734419999995926
2026-05,B_n_5x60,combined,combined_vs_pure_sniper_top3_sltp,0,159395,160025,-1,78606.2,78727.19999999998,120.99999999998545,1451.9999999998254,sl,698.0,-0.19960619999998547,0.0786062,5.0,ifvg_clean,0.001,-0.2782123999999855
2026-05,B_n_5x60,combined,combined_vs_pure_sniper_top3_sltp,1,277424,277545,-1,78304.9,78446.40000000001,141.50000000001455,1698.0000000001746,sl,121.0,-0.21980490000001457,0.0783049,5.0,ifvg_clean,0.001,-0.2981098000000146
2026-05,B_n_5x60,combined,combined_vs_pure_sniper_top3_sltp,2,810943,814594,1,82231.8,82028.30000000002,203.49999999998545,2441.9999999998254,sl,3652.0,-0.28573179999998544,0.08223180000000001,5.0,ifvg_clean,0.001,-0.36796359999998546
2026-05,B_n_5x60,combined,combined_vs_pure_sniper_top3_sltp,3,868475,868562,-1,81233.9,81255.6,129.00000000001455,1548.0000000001746,inv,87.0,-0.10293390000001164,0.0812339,5.0,ifvg_clean,0.001,-0.18416780000001165
2026-05,B_n_5x60,combined,combined_vs_pure_sniper_top3_sltp,4,904545,1026651,-1,81212.0,79783.99999999983,119.00000000001455,1428.0000000001746,tp,128155.0,1.3467880000001746,0.081212,5.0,ifvg_clean,0.001,1.2655760000001746
2026-05,B_n_5x60,combined,combined_vs_pure_sniper_top3_sltp,5,1095991,1108940,-1,79650.0,79853.49999999999,203.49999999998545,2441.9999999998254,sl,13322.0,-0.28314999999998547,0.07965000000000001,5.0,ifvg_clean,0.001,-0.36279999999998547
2026-05,B_n_5x60,combined,combined_vs_pure_sniper_top3_sltp,6,1110630,1111557,1,79792.9,79747.4,305.5000000000291,3666.0000000003492,inv,929.0,-0.12529289999999998,0.07979289999999999,5.0,ifvg_clean,0.001,-0.20508579999999998
2026-05,B_n_5x60,combined,combined_vs_pure_sniper_top3_sltp,7,1076757,1118816,1,79078.3,81400.29999999983,193.49999999998545,2321.9999999998254,tp,42891.0,2.2429216999998256,0.0790783,5.0,ifvg_clean,0.001,2.1638433999998257
2026-05,B_n_5x60,combined,combined_vs_pure_sniper_top3_sltp,8,1125682,1126047,1,81666.9,81534.90000000002,131.9999999999709,1583.9999999996508,sl,369.0,-0.2136668999999709,0.0816669,5.0,ifvg_clean,0.001,-0.2953337999999709
2026-05,B_n_5x60,combined,combined_vs_pure_sniper_top3_sltp,9,1167474,1167610,1,80410.7,80390.7,142.00000000004366,1704.0000000005239,inv,136.0,-0.1004107,0.0804107,5.0,ifvg_clean,0.001,-0.18082140000000002
2026-05,B_n_5x60,combined,combined_vs_pure_sniper_top3_sltp,10,1179258,1179353,1,80541.2,80506.7,184.00000000001455,2208.0000000001746,inv,105.0,-0.11504120000000001,0.08054120000000001,5.0,ifvg_clean,0.001,-0.19558240000000002
2026-05,B_n_5x60,combined,combined_vs_pure_sniper_top3_sltp,11,1199125,1199555,1,79120.1,79085.2,172.00000000004366,2064.000000000524,inv,430.0,-0.11402010000000874,0.07912010000000001,5.0,ifvg_clean,0.001,-0.19314020000000875
2026-05,B_n_5x60,combined,combined_vs_pure_sniper_top3_sltp,12,1205021,1205720,1,79295.2,79183.19999999995,112.00000000004366,1344.0000000005239,sl,715.0,-0.19129520000004366,0.0792952,5.0,ifvg_clean,0.001,-0.27059040000004364
2026-05,B_n_5x60,combined,combined_vs_pure_sniper_top3_sltp,13,1206294,1213783,1,79248.0,79094.50000000001,153.49999999998545,1841.9999999998254,sl,7674.0,-0.23274799999998547,0.07924800000000001,5.0,ifvg_clean,0.001,-0.3119959999999855
2026-05,B_n_5x60,combined,combined_vs_pure_sniper_top3_sltp,14,1284207,1284314,-1,78173.5,78232.2,352.5,4230.0,inv,108.0,-0.1368734999999971,0.0781735,5.0,ifvg_clean,0.001,-0.2150469999999971
2026-05,B_n_5x60,combined,combined_vs_pure_sniper_top3_sltp,15,1341236,1351425,1,78421.5,78177.49999999999,244.00000000001455,2928.0000000001746,sl,10719.0,-0.32242150000001457,0.07842149999999999,5.0,ifvg_clean,0.001,-0.40084300000001455
2026-05,B_n_5x60,combined,combined_vs_pure_sniper_top3_sltp,16,1128038,1408392,-1,81574.9,76558.90000000052,417.99999999995634,5015.999999999476,tp,300981.0,4.934425099999476,0.0815749,5.0,ifvg_clean,0.001,4.852850199999477
2026-05,B_n_5x60,combined,combined_vs_pure_sniper_top3_sltp,17,1451804,1451804,1,76129.7,76129.59999999999,0.1,1.0,inv,0.0,-0.07622970000000581,0.0761297,5.0,ifvg,0.001,-0.1523594000000058
2026-05,B_n_5x60,combined,combined_vs_pure_sniper_top3_sltp,18,1451804,1451804,1,76148.45,76147.96298701299,0.48701298701298706,4.870129870129871,sl,0.0,-0.07663546298701052,0.07614844999999999,5.0,ifvg,0.001,-0.1527839129870105
2026-05,B_n_5x60,combined,combined_vs_pure_sniper_top3_sltp,19,1451804,1451804,1,76167.2,76166.22597402598,0.9740259740259741,9.740259740259742,sl,0.0,-0.07714122597402105,0.07616719999999999,5.0,ifvg,0.001,-0.15330842597402106
2026-05,B_n_5x60,combined,combined_vs_pure_sniper_top3_sltp,20,1787962,1788211,1,75757.9,75729.4,152.5,1830.0,inv,255.0,-0.10425789999999999,0.07575789999999999,5.0,ifvg_clean,0.001,-0.18001579999999998
2026-05,B_n_5x60,combined,combined_vs_pure_sniper_top3_sltp,21,1796373,1796982,-1,75333.1,75452.59999999998,119.4999999999709,1433.9999999996508,sl,615.0,-0.1948330999999709,0.0753331,5.0,ifvg_clean,0.001,-0.2701661999999709
2026-05,B_n_5x60,combined,combined_vs_pure_sniper_top3_sltp,22,1926961,1926977,1,76437.4,76417.4,104.00000000001455,1248.0000000001746,inv,17.0,-0.0964374,0.0764374,5.0,ifvg_clean,0.001,-0.1728748
2026-05,B_n_5x60,combined,combined_vs_pure_sniper_top3_sltp,23,1959738,1959747,1,77117.5,77083.7,230.99999999998545,2771.9999999998254,inv,10.0,-0.11091750000000292,0.0771175,5.0,ifvg_clean,0.001,-0.18803500000000292
2026-05,B_n_5x60,combined,combined_vs_pure_sniper_top3_sltp,24,2083594,2083932,1,77204.6,77095.59999999999,109.00000000001455,1308.0000000001746,sl,338.0,-0.18620460000001457,0.07720460000000001,5.0,ifvg_clean,0.001,-0.26340920000001455
2026-05,B_n_5x60,combined,combined_vs_pure_sniper_top3_sltp,25,2085817,2085869,1,77314.9,77193.89999999994,121.00000000005821,1452.0000000006985,sl,52.0,-0.1983149000000582,0.07731489999999999,5.0,ifvg_clean,0.001,-0.2756298000000582
2026-05,B_n_5x60,combined,combined_vs_pure_sniper_top3_sltp,26,2097713,2097726,1,76020.1,76004.0,175.5000000000291,2106.0000000003492,inv,13.0,-0.09212010000000584,0.07602010000000002,5.0,ifvg_clean,0.001,-0.16814020000000585
2026-05,B_n_5x60,combined,combined_vs_pure_sniper_top3_sltp,27,2161277,2161291,-1,75911.5,75930.5,100.0,1200.0,inv,14.0,-0.09491150000000001,0.0759115,5.0,ifvg_clean,0.001,-0.170823
2026-05,B_n_5x60,combined,combined_vs_pure_sniper_top3_sltp,28,2088199,2213219,-1,76873.4,73729.39999999947,262.00000000004366,3144.000000000524,tp,129658.0,3.067126600000524,0.0768734,5.0,ifvg_clean,0.001,2.9902532000005237
2026-05,B_n_5x60,combined,combined_vs_pure_sniper_top3_sltp,29,2253990,2254033,-1,72684.0,72748.0,297.5,3570.0,inv,43.0,-0.136684,0.072684,5.0,ifvg_clean,0.001,-0.209368
2026-05,B_n_5x60,combined,combined_vs_pure_sniper_top3_sltp,30,2333454,2333513,1,73118.7,73104.6,112.5,1350.0,inv,59.0,-0.08721869999999128,0.07311870000000001,5.0,ifvg_clean,0.001,-0.1603373999999913
2026-05,B_n_5x60,combined,combined_vs_pure_sniper_top3_sltp,31,2339378,2339555,1,74088.2,73973.70000000003,114.4999999999709,1373.9999999996508,sl,177.0,-0.1885881999999709,0.0740882,5.0,ifvg_clean,0.001,-0.2626763999999709
2026-05,B_n_5x60,combined,combined_vs_pure_sniper_top3_sltp,32,2340481,2350842,1,73770.6,73329.09999999999,441.50000000001455,5298.000000000175,sl,10492.0,-0.5152706000000146,0.0737706,5.0,ifvg_clean,0.001,-0.5890412000000146
2026-05,B_n_5x60,combined,combined_vs_pure_sniper_top3_sltp,33,2382089,2382586,-1,73240.5,73340.5,100.0,1200.0,sl,514.0,-0.17324050000000002,0.0732405,5.0,ifvg_clean,0.001,-0.246481
2026-05,B_n_5x60,all_clean,combined_vs_pure_sniper_top3_sltp,0,159395,160025,-1,78606.2,78727.19999999998,120.99999999998545,1451.9999999998254,sl,698.0,-0.19960619999998547,0.0786062,5.0,ifvg_clean,0.001,-0.2782123999999855
2026-05,B_n_5x60,all_clean,combined_vs_pure_sniper_top3_sltp,1,277424,277545,-1,78304.9,78446.40000000001,141.50000000001455,1698.0000000001746,sl,121.0,-0.21980490000001457,0.0783049,5.0,ifvg_clean,0.001,-0.2981098000000146
2026-05,B_n_5x60,all_clean,combined_vs_pure_sniper_top3_sltp,2,810943,814594,1,82231.8,82028.30000000002,203.49999999998545,2441.9999999998254,sl,3652.0,-0.28573179999998544,0.08223180000000001,5.0,ifvg_clean,0.001,-0.36796359999998546
2026-05,B_n_5x60,all_clean,combined_vs_pure_sniper_top3_sltp,3,868475,868562,-1,81233.9,81255.6,129.00000000001455,1548.0000000001746,inv,87.0,-0.10293390000001164,0.0812339,5.0,ifvg_clean,0.001,-0.18416780000001165
2026-05,B_n_5x60,all_clean,combined_vs_pure_sniper_top3_sltp,4,904545,1026651,-1,81212.0,79783.99999999983,119.00000000001455,1428.0000000001746,tp,128155.0,1.3467880000001746,0.081212,5.0,ifvg_clean,0.001,1.2655760000001746
2026-05,B_n_5x60,all_clean,combined_vs_pure_sniper_top3_sltp,5,1095991,1108940,-1,79650.0,79853.49999999999,203.49999999998545,2441.9999999998254,sl,13322.0,-0.28314999999998547,0.07965000000000001,5.0,ifvg_clean,0.001,-0.36279999999998547
2026-05,B_n_5x60,all_clean,combined_vs_pure_sniper_top3_sltp,6,1110630,1111557,1,79792.9,79747.4,305.5000000000291,3666.0000000003492,inv,929.0,-0.12529289999999998,0.07979289999999999,5.0,ifvg_clean,0.001,-0.20508579999999998
2026-05,B_n_5x60,all_clean,combined_vs_pure_sniper_top3_sltp,7,1076757,1118816,1,79078.3,81400.29999999983,193.49999999998545,2321.9999999998254,tp,42891.0,2.2429216999998256,0.0790783,5.0,ifvg_clean,0.001,2.1638433999998257
2026-05,B_n_5x60,all_clean,combined_vs_pure_sniper_top3_sltp,8,1125682,1126047,1,81666.9,81534.90000000002,131.9999999999709,1583.9999999996508,sl,369.0,-0.2136668999999709,0.0816669,5.0,ifvg_clean,0.001,-0.2953337999999709
2026-05,B_n_5x60,all_clean,combined_vs_pure_sniper_top3_sltp,9,1167474,1167610,1,80410.7,80390.7,142.00000000004366,1704.0000000005239,inv,136.0,-0.1004107,0.0804107,5.0,ifvg_clean,0.001,-0.18082140000000002
2026-05,B_n_5x60,all_clean,combined_vs_pure_sniper_top3_sltp,10,1179258,1179353,1,80541.2,80506.7,184.00000000001455,2208.0000000001746,inv,105.0,-0.11504120000000001,0.08054120000000001,5.0,ifvg_clean,0.001,-0.19558240000000002
2026-05,B_n_5x60,all_clean,combined_vs_pure_sniper_top3_sltp,11,1199125,1199555,1,79120.1,79085.2,172.00000000004366,2064.000000000524,inv,430.0,-0.11402010000000874,0.07912010000000001,5.0,ifvg_clean,0.001,-0.19314020000000875
2026-05,B_n_5x60,all_clean,combined_vs_pure_sniper_top3_sltp,12,1205021,1205720,1,79295.2,79183.19999999995,112.00000000004366,1344.0000000005239,sl,715.0,-0.19129520000004366,0.0792952,5.0,ifvg_clean,0.001,-0.27059040000004364
2026-05,B_n_5x60,all_clean,combined_vs_pure_sniper_top3_sltp,13,1206294,1213783,1,79248.0,79094.50000000001,153.49999999998545,1841.9999999998254,sl,7674.0,-0.23274799999998547,0.07924800000000001,5.0,ifvg_clean,0.001,-0.3119959999999855
2026-05,B_n_5x60,all_clean,combined_vs_pure_sniper_top3_sltp,14,1284207,1284314,-1,78173.5,78232.2,352.5,4230.0,inv,108.0,-0.1368734999999971,0.0781735,5.0,ifvg_clean,0.001,-0.2150469999999971
2026-05,B_n_5x60,all_clean,combined_vs_pure_sniper_top3_sltp,15,1341236,1351425,1,78421.5,78177.49999999999,244.00000000001455,2928.0000000001746,sl,10719.0,-0.32242150000001457,0.07842149999999999,5.0,ifvg_clean,0.001,-0.40084300000001455
2026-05,B_n_5x60,all_clean,combined_vs_pure_sniper_top3_sltp,16,1128038,1408392,-1,81574.9,76558.90000000052,417.99999999995634,5015.999999999476,tp,300981.0,4.934425099999476,0.0815749,5.0,ifvg_clean,0.001,4.852850199999477
2026-05,B_n_5x60,all_clean,combined_vs_pure_sniper_top3_sltp,17,1451804,1451804,1,76129.7,76129.59999999999,0.1,1.0,inv,0.0,-0.07622970000000581,0.0761297,5.0,ifvg,0.001,-0.1523594000000058
2026-05,B_n_5x60,all_clean,combined_vs_pure_sniper_top3_sltp,18,1451804,1451804,1,76148.45,76147.96298701299,0.48701298701298706,4.870129870129871,sl,0.0,-0.07663546298701052,0.07614844999999999,5.0,ifvg,0.001,-0.1527839129870105
2026-05,B_n_5x60,all_clean,combined_vs_pure_sniper_top3_sltp,19,1451804,1451804,1,76167.2,76166.22597402598,0.9740259740259741,9.740259740259742,sl,0.0,-0.07714122597402105,0.07616719999999999,5.0,ifvg,0.001,-0.15330842597402106
2026-05,B_n_5x60,all_clean,combined_vs_pure_sniper_top3_sltp,20,1787962,1788211,1,75757.9,75729.4,152.5,1830.0,inv,255.0,-0.10425789999999999,0.07575789999999999,5.0,ifvg_clean,0.001,-0.18001579999999998
2026-05,B_n_5x60,all_clean,combined_vs_pure_sniper_top3_sltp,21,1796373,1796982,-1,75333.1,75452.59999999998,119.4999999999709,1433.9999999996508,sl,615.0,-0.1948330999999709,0.0753331,5.0,ifvg_clean,0.001,-0.2701661999999709
2026-05,B_n_5x60,all_clean,combined_vs_pure_sniper_top3_sltp,22,1926961,1926977,1,76437.4,76417.4,104.00000000001455,1248.0000000001746,inv,17.0,-0.0964374,0.0764374,5.0,ifvg_clean,0.001,-0.1728748
2026-05,B_n_5x60,all_clean,combined_vs_pure_sniper_top3_sltp,23,1959738,1959747,1,77117.5,77083.7,230.99999999998545,2771.9999999998254,inv,10.0,-0.11091750000000292,0.0771175,5.0,ifvg_clean,0.001,-0.18803500000000292
2026-05,B_n_5x60,all_clean,combined_vs_pure_sniper_top3_sltp,24,2083594,2083932,1,77204.6,77095.59999999999,109.00000000001455,1308.0000000001746,sl,338.0,-0.18620460000001457,0.07720460000000001,5.0,ifvg_clean,0.001,-0.26340920000001455
2026-05,B_n_5x60,all_clean,combined_vs_pure_sniper_top3_sltp,25,2085817,2085869,1,77314.9,77193.89999999994,121.00000000005821,1452.0000000006985,sl,52.0,-0.1983149000000582,0.07731489999999999,5.0,ifvg_clean,0.001,-0.2756298000000582
2026-05,B_n_5x60,all_clean,combined_vs_pure_sniper_top3_sltp,26,2097713,2097726,1,76020.1,76004.0,175.5000000000291,2106.0000000003492,inv,13.0,-0.09212010000000584,0.07602010000000002,5.0,ifvg_clean,0.001,-0.16814020000000585
2026-05,B_n_5x60,all_clean,combined_vs_pure_sniper_top3_sltp,27,2161277,2161291,-1,75911.5,75930.5,100.0,1200.0,inv,14.0,-0.09491150000000001,0.0759115,5.0,ifvg_clean,0.001,-0.170823
2026-05,B_n_5x60,all_clean,combined_vs_pure_sniper_top3_sltp,28,2088199,2213219,-1,76873.4,73729.39999999947,262.00000000004366,3144.000000000524,tp,129658.0,3.067126600000524,0.0768734,5.0,ifvg_clean,0.001,2.9902532000005237
2026-05,B_n_5x60,all_clean,combined_vs_pure_sniper_top3_sltp,29,2253990,2254033,-1,72684.0,72748.0,297.5,3570.0,inv,43.0,-0.136684,0.072684,5.0,ifvg_clean,0.001,-0.209368
2026-05,B_n_5x60,all_clean,combined_vs_pure_sniper_top3_sltp,30,2333454,2333513,1,73118.7,73104.6,112.5,1350.0,inv,59.0,-0.08721869999999128,0.07311870000000001,5.0,ifvg_clean,0.001,-0.1603373999999913
2026-05,B_n_5x60,all_clean,combined_vs_pure_sniper_top3_sltp,31,2339378,2339555,1,74088.2,73973.70000000003,114.4999999999709,1373.9999999996508,sl,177.0,-0.1885881999999709,0.0740882,5.0,ifvg_clean,0.001,-0.2626763999999709
2026-05,B_n_5x60,all_clean,combined_vs_pure_sniper_top3_sltp,32,2340481,2350842,1,73770.6,73329.09999999999,441.50000000001455,5298.000000000175,sl,10492.0,-0.5152706000000146,0.0737706,5.0,ifvg_clean,0.001,-0.5890412000000146
2026-05,B_n_5x60,all_clean,combined_vs_pure_sniper_top3_sltp,33,2382089,2382586,-1,73240.5,73340.5,100.0,1200.0,sl,514.0,-0.17324050000000002,0.0732405,5.0,ifvg_clean,0.001,-0.246481
2026-05,B_n_5x60,all_dirty,combined_vs_pure_sniper_top3_sltp,0,159395,160025,-1,78606.2,78727.19999999998,120.99999999998545,1451.9999999998254,sl,698.0,-0.19960619999998547,0.0786062,5.0,sniper_dirty,0.001,-0.2782123999999855
2026-05,B_n_5x60,all_dirty,combined_vs_pure_sniper_top3_sltp,1,277424,277545,-1,78304.9,78446.40000000001,141.50000000001455,1698.0000000001746,sl,121.0,-0.21980490000001457,0.0783049,5.0,sniper_dirty,0.001,-0.2981098000000146
2026-05,B_n_5x60,all_dirty,combined_vs_pure_sniper_top3_sltp,2,810943,814594,1,82231.8,82028.30000000002,203.49999999998545,2441.9999999998254,sl,3652.0,-0.28573179999998544,0.08223180000000001,5.0,sniper_dirty,0.001,-0.36796359999998546
2026-05,B_n_5x60,all_dirty,combined_vs_pure_sniper_top3_sltp,3,868475,868562,-1,81233.9,81255.6,129.00000000001455,1548.0000000001746,inv,87.0,-0.10293390000001164,0.0812339,5.0,sniper_dirty,0.001,-0.18416780000001165
2026-05,B_n_5x60,all_dirty,combined_vs_pure_sniper_top3_sltp,4,904545,1026651,-1,81212.0,79783.99999999983,119.00000000001455,1428.0000000001746,tp,128155.0,1.3467880000001746,0.081212,5.0,sniper_dirty,0.001,1.2655760000001746
2026-05,B_n_5x60,all_dirty,combined_vs_pure_sniper_top3_sltp,5,1095991,1108940,-1,79650.0,79853.49999999999,203.49999999998545,2441.9999999998254,sl,13322.0,-0.28314999999998547,0.07965000000000001,5.0,sniper_dirty,0.001,-0.36279999999998547
2026-05,B_n_5x60,all_dirty,combined_vs_pure_sniper_top3_sltp,6,1110630,1111557,1,79792.9,79747.4,305.5000000000291,3666.0000000003492,inv,929.0,-0.12529289999999998,0.07979289999999999,5.0,sniper_dirty,0.001,-0.20508579999999998
2026-05,B_n_5x60,all_dirty,combined_vs_pure_sniper_top3_sltp,7,1076757,1118816,1,79078.3,81400.29999999983,193.49999999998545,2321.9999999998254,tp,42891.0,2.2429216999998256,0.0790783,5.0,sniper_dirty,0.001,2.1638433999998257
2026-05,B_n_5x60,all_dirty,combined_vs_pure_sniper_top3_sltp,8,1125682,1126047,1,81666.9,81534.90000000002,131.9999999999709,1583.9999999996508,sl,369.0,-0.2136668999999709,0.0816669,5.0,sniper_dirty,0.001,-0.2953337999999709
2026-05,B_n_5x60,all_dirty,combined_vs_pure_sniper_top3_sltp,9,1167474,1167610,1,80410.7,80390.7,142.00000000004366,1704.0000000005239,inv,136.0,-0.1004107,0.0804107,5.0,sniper_dirty,0.001,-0.18082140000000002
2026-05,B_n_5x60,all_dirty,combined_vs_pure_sniper_top3_sltp,10,1179258,1179353,1,80541.2,80506.7,184.00000000001455,2208.0000000001746,inv,105.0,-0.11504120000000001,0.08054120000000001,5.0,sniper_dirty,0.001,-0.19558240000000002
2026-05,B_n_5x60,all_dirty,combined_vs_pure_sniper_top3_sltp,11,1199125,1199555,1,79120.1,79085.2,172.00000000004366,2064.000000000524,inv,430.0,-0.11402010000000874,0.07912010000000001,5.0,sniper_dirty,0.001,-0.19314020000000875
2026-05,B_n_5x60,all_dirty,combined_vs_pure_sniper_top3_sltp,12,1205021,1205720,1,79295.2,79183.19999999995,112.00000000004366,1344.0000000005239,sl,715.0,-0.19129520000004366,0.0792952,5.0,sniper_dirty,0.001,-0.27059040000004364
2026-05,B_n_5x60,all_dirty,combined_vs_pure_sniper_top3_sltp,13,1206294,1213783,1,79248.0,79094.50000000001,153.49999999998545,1841.9999999998254,sl,7674.0,-0.23274799999998547,0.07924800000000001,5.0,sniper_dirty,0.001,-0.3119959999999855
2026-05,B_n_5x60,all_dirty,combined_vs_pure_sniper_top3_sltp,14,1284207,1284314,-1,78173.5,78232.2,352.5,4230.0,inv,108.0,-0.1368734999999971,0.0781735,5.0,sniper_dirty,0.001,-0.2150469999999971
2026-05,B_n_5x60,all_dirty,combined_vs_pure_sniper_top3_sltp,15,1341236,1351425,1,78421.5,78177.49999999999,244.00000000001455,2928.0000000001746,sl,10719.0,-0.32242150000001457,0.07842149999999999,5.0,sniper_dirty,0.001,-0.40084300000001455
2026-05,B_n_5x60,all_dirty,combined_vs_pure_sniper_top3_sltp,16,1128038,1408392,-1,81574.9,76558.90000000052,417.99999999995634,5015.999999999476,tp,300981.0,4.934425099999476,0.0815749,5.0,sniper_dirty,0.001,4.852850199999477
2026-05,B_n_5x60,all_dirty,combined_vs_pure_sniper_top3_sltp,17,1451804,1451804,1,76129.7,76129.59999999999,0.1,1.0,inv,0.0,-0.07622970000000581,0.0761297,5.0,ifvg,0.001,-0.1523594000000058
2026-05,B_n_5x60,all_dirty,combined_vs_pure_sniper_top3_sltp,18,1451804,1451804,1,76148.45,76147.96298701299,0.48701298701298706,4.870129870129871,sl,0.0,-0.07663546298701052,0.07614844999999999,5.0,ifvg,0.001,-0.1527839129870105
2026-05,B_n_5x60,all_dirty,combined_vs_pure_sniper_top3_sltp,19,1451804,1451804,1,76167.2,76166.22597402598,0.9740259740259741,9.740259740259742,sl,0.0,-0.07714122597402105,0.07616719999999999,5.0,ifvg,0.001,-0.15330842597402106
2026-05,B_n_5x60,all_dirty,combined_vs_pure_sniper_top3_sltp,20,1787962,1788211,1,75757.9,75729.4,152.5,1830.0,inv,255.0,-0.10425789999999999,0.07575789999999999,5.0,sniper_dirty,0.001,-0.18001579999999998
2026-05,B_n_5x60,all_dirty,combined_vs_pure_sniper_top3_sltp,21,1796373,1796982,-1,75333.1,75452.59999999998,119.4999999999709,1433.9999999996508,sl,615.0,-0.1948330999999709,0.0753331,5.0,sniper_dirty,0.001,-0.2701661999999709
2026-05,B_n_5x60,all_dirty,combined_vs_pure_sniper_top3_sltp,22,1926961,1926977,1,76437.4,76417.4,104.00000000001455,1248.0000000001746,inv,17.0,-0.0964374,0.0764374,5.0,sniper_dirty,0.001,-0.1728748
2026-05,B_n_5x60,all_dirty,combined_vs_pure_sniper_top3_sltp,23,1959738,1959747,1,77117.5,77083.7,230.99999999998545,2771.9999999998254,inv,10.0,-0.11091750000000292,0.0771175,5.0,sniper_dirty,0.001,-0.18803500000000292
2026-05,B_n_5x60,all_dirty,combined_vs_pure_sniper_top3_sltp,24,2083594,2083932,1,77204.6,77095.59999999999,109.00000000001455,1308.0000000001746,sl,338.0,-0.18620460000001457,0.07720460000000001,5.0,sniper_dirty,0.001,-0.26340920000001455
2026-05,B_n_5x60,all_dirty,combined_vs_pure_sniper_top3_sltp,25,2085817,2085869,1,77314.9,77193.89999999994,121.00000000005821,1452.0000000006985,sl,52.0,-0.1983149000000582,0.07731489999999999,5.0,sniper_dirty,0.001,-0.2756298000000582
2026-05,B_n_5x60,all_dirty,combined_vs_pure_sniper_top3_sltp,26,2097713,2097726,1,76020.1,76004.0,175.5000000000291,2106.0000000003492,inv,13.0,-0.09212010000000584,0.07602010000000002,5.0,sniper_dirty,0.001,-0.16814020000000585
2026-05,B_n_5x60,all_dirty,combined_vs_pure_sniper_top3_sltp,27,2161277,2161291,-1,75911.5,75930.5,100.0,1200.0,inv,14.0,-0.09491150000000001,0.0759115,5.0,sniper_dirty,0.001,-0.170823
2026-05,B_n_5x60,all_dirty,combined_vs_pure_sniper_top3_sltp,28,2088199,2213219,-1,76873.4,73729.39999999947,262.00000000004366,3144.000000000524,tp,129658.0,3.067126600000524,0.0768734,5.0,sniper_dirty,0.001,2.9902532000005237
2026-05,B_n_5x60,all_dirty,combined_vs_pure_sniper_top3_sltp,29,2253990,2254033,-1,72684.0,72748.0,297.5,3570.0,inv,43.0,-0.136684,0.072684,5.0,sniper_dirty,0.001,-0.209368
2026-05,B_n_5x60,all_dirty,combined_vs_pure_sniper_top3_sltp,30,2333454,2333513,1,73118.7,73104.6,112.5,1350.0,inv,59.0,-0.08721869999999128,0.07311870000000001,5.0,sniper_dirty,0.001,-0.1603373999999913
2026-05,B_n_5x60,all_dirty,combined_vs_pure_sniper_top3_sltp,31,2339378,2339555,1,74088.2,73973.70000000003,114.4999999999709,1373.9999999996508,sl,177.0,-0.1885881999999709,0.0740882,5.0,sniper_dirty,0.001,-0.2626763999999709
2026-05,B_n_5x60,all_dirty,combined_vs_pure_sniper_top3_sltp,32,2340481,2350842,1,73770.6,73329.09999999999,441.50000000001455,5298.000000000175,sl,10492.0,-0.5152706000000146,0.0737706,5.0,sniper_dirty,0.001,-0.5890412000000146
2026-05,B_n_5x60,all_dirty,combined_vs_pure_sniper_top3_sltp,33,2382089,2382586,-1,73240.5,73340.5,100.0,1200.0,sl,514.0,-0.17324050000000002,0.0732405,5.0,sniper_dirty,0.001,-0.246481
2026-05,B_n_5x50,combined,combined_vs_pure_sniper_top3_sltp,0,159395,160025,-1,78606.2,78727.19999999998,120.99999999998545,1209.9999999998545,sl,698.0,-0.19960619999998547,0.0786062,5.0,ifvg_clean,0.001,-0.2782123999999855
2026-05,B_n_5x50,combined,combined_vs_pure_sniper_top3_sltp,1,277424,277545,-1,78304.9,78446.40000000001,141.50000000001455,1415.0000000001455,sl,121.0,-0.21980490000001457,0.0783049,5.0,ifvg_clean,0.001,-0.2981098000000146
2026-05,B_n_5x50,combined,combined_vs_pure_sniper_top3_sltp,2,810943,814594,1,82231.8,82028.30000000002,203.49999999998545,2034.9999999998545,sl,3652.0,-0.28573179999998544,0.08223180000000001,5.0,ifvg_clean,0.001,-0.36796359999998546
2026-05,B_n_5x50,combined,combined_vs_pure_sniper_top3_sltp,3,868475,868562,-1,81233.9,81255.6,129.00000000001455,1290.0000000001455,inv,87.0,-0.10293390000001164,0.0812339,5.0,ifvg_clean,0.001,-0.18416780000001165
2026-05,B_n_5x50,combined,combined_vs_pure_sniper_top3_sltp,4,904545,955439,-1,81212.0,80021.99999999985,119.00000000001455,1190.0000000001455,tp,52904.0,1.1087880000001455,0.081212,5.0,ifvg_clean,0.001,1.0275760000001455
2026-05,B_n_5x50,combined,combined_vs_pure_sniper_top3_sltp,5,1095991,1108940,-1,79650.0,79853.49999999999,203.49999999998545,2034.9999999998545,sl,13322.0,-0.28314999999998547,0.07965000000000001,5.0,ifvg_clean,0.001,-0.36279999999998547
2026-05,B_n_5x50,combined,combined_vs_pure_sniper_top3_sltp,6,1110630,1111557,1,79792.9,79747.4,305.5000000000291,3055.000000000291,inv,929.0,-0.12529289999999998,0.07979289999999999,5.0,ifvg_clean,0.001,-0.20508579999999998
2026-05,B_n_5x50,combined,combined_vs_pure_sniper_top3_sltp,7,1076757,1115217,1,79078.3,81013.29999999986,193.49999999998545,1934.9999999998545,tp,39292.0,1.8559216999998547,0.0790783,5.0,ifvg_clean,0.001,1.7768433999998547
2026-05,B_n_5x50,combined,combined_vs_pure_sniper_top3_sltp,8,1125682,1126047,1,81666.9,81534.90000000002,131.9999999999709,1319.999999999709,sl,369.0,-0.2136668999999709,0.0816669,5.0,ifvg_clean,0.001,-0.2953337999999709
2026-05,B_n_5x50,combined,combined_vs_pure_sniper_top3_sltp,9,1167474,1167610,1,80410.7,80390.7,142.00000000004366,1420.0000000004366,inv,136.0,-0.1004107,0.0804107,5.0,ifvg_clean,0.001,-0.18082140000000002
2026-05,B_n_5x50,combined,combined_vs_pure_sniper_top3_sltp,10,1179258,1179353,1,80541.2,80506.7,184.00000000001455,1840.0000000001455,inv,105.0,-0.11504120000000001,0.08054120000000001,5.0,ifvg_clean,0.001,-0.19558240000000002
2026-05,B_n_5x50,combined,combined_vs_pure_sniper_top3_sltp,11,1199125,1199555,1,79120.1,79085.2,172.00000000004366,1720.0000000004366,inv,430.0,-0.11402010000000874,0.07912010000000001,5.0,ifvg_clean,0.001,-0.19314020000000875
2026-05,B_n_5x50,combined,combined_vs_pure_sniper_top3_sltp,12,1205021,1205720,1,79295.2,79183.19999999995,112.00000000004366,1120.0000000004366,sl,715.0,-0.19129520000004366,0.0792952,5.0,ifvg_clean,0.001,-0.27059040000004364
2026-05,B_n_5x50,combined,combined_vs_pure_sniper_top3_sltp,13,1206294,1213783,1,79248.0,79094.50000000001,153.49999999998545,1534.9999999998545,sl,7674.0,-0.23274799999998547,0.07924800000000001,5.0,ifvg_clean,0.001,-0.3119959999999855
2026-05,B_n_5x50,combined,combined_vs_pure_sniper_top3_sltp,14,1284207,1284314,-1,78173.5,78232.2,352.5,3525.0,inv,108.0,-0.1368734999999971,0.0781735,5.0,ifvg_clean,0.001,-0.2150469999999971
2026-05,B_n_5x50,combined,combined_vs_pure_sniper_top3_sltp,15,1341236,1351425,1,78421.5,78177.49999999999,244.00000000001455,2440.0000000001455,sl,10719.0,-0.32242150000001457,0.07842149999999999,5.0,ifvg_clean,0.001,-0.40084300000001455
2026-05,B_n_5x50,combined,combined_vs_pure_sniper_top3_sltp,16,1128038,1385495,-1,81574.9,77394.90000000043,417.99999999995634,4179.999999999563,tp,277588.0,4.098425099999564,0.0815749,5.0,ifvg_clean,0.001,4.016850199999564
2026-05,B_n_5x50,combined,combined_vs_pure_sniper_top3_sltp,17,1451804,1451804,1,76129.7,76129.59999999999,0.1,1.0,inv,0.0,-0.07622970000000581,0.0761297,5.0,ifvg,0.001,-0.1523594000000058
2026-05,B_n_5x50,combined,combined_vs_pure_sniper_top3_sltp,18,1451804,1451804,1,76148.45,76147.96298701299,0.48701298701298706,4.870129870129871,sl,0.0,-0.07663546298701052,0.07614844999999999,5.0,ifvg,0.001,-0.1527839129870105
2026-05,B_n_5x50,combined,combined_vs_pure_sniper_top3_sltp,19,1451804,1451804,1,76167.2,76166.22597402598,0.9740259740259741,9.740259740259742,sl,0.0,-0.07714122597402105,0.07616719999999999,5.0,ifvg,0.001,-0.15330842597402106
2026-05,B_n_5x50,combined,combined_vs_pure_sniper_top3_sltp,20,1787962,1788211,1,75757.9,75729.4,152.5,1525.0,inv,255.0,-0.10425789999999999,0.07575789999999999,5.0,ifvg_clean,0.001,-0.18001579999999998
2026-05,B_n_5x50,combined,combined_vs_pure_sniper_top3_sltp,21,1796373,1796982,-1,75333.1,75452.59999999998,119.4999999999709,1194.999999999709,sl,615.0,-0.1948330999999709,0.0753331,5.0,ifvg_clean,0.001,-0.2701661999999709
2026-05,B_n_5x50,combined,combined_vs_pure_sniper_top3_sltp,22,1926961,1926977,1,76437.4,76417.4,104.00000000001455,1040.0000000001455,inv,17.0,-0.0964374,0.0764374,5.0,ifvg_clean,0.001,-0.1728748
2026-05,B_n_5x50,combined,combined_vs_pure_sniper_top3_sltp,23,1959738,1959747,1,77117.5,77083.7,230.99999999998545,2309.9999999998545,inv,10.0,-0.11091750000000292,0.0771175,5.0,ifvg_clean,0.001,-0.18803500000000292
2026-05,B_n_5x50,combined,combined_vs_pure_sniper_top3_sltp,24,2083594,2083932,1,77204.6,77095.59999999999,109.00000000001455,1090.0000000001455,sl,338.0,-0.18620460000001457,0.07720460000000001,5.0,ifvg_clean,0.001,-0.26340920000001455
2026-05,B_n_5x50,combined,combined_vs_pure_sniper_top3_sltp,25,2085817,2085869,1,77314.9,77193.89999999994,121.00000000005821,1210.000000000582,sl,52.0,-0.1983149000000582,0.07731489999999999,5.0,ifvg_clean,0.001,-0.2756298000000582
2026-05,B_n_5x50,combined,combined_vs_pure_sniper_top3_sltp,26,2097713,2097726,1,76020.1,76004.0,175.5000000000291,1755.000000000291,inv,13.0,-0.09212010000000584,0.07602010000000002,5.0,ifvg_clean,0.001,-0.16814020000000585
2026-05,B_n_5x50,combined,combined_vs_pure_sniper_top3_sltp,27,2161277,2161291,-1,75911.5,75930.5,100.0,1000.0,inv,14.0,-0.09491150000000001,0.0759115,5.0,ifvg_clean,0.001,-0.170823
2026-05,B_n_5x50,combined,combined_vs_pure_sniper_top3_sltp,28,2088199,2195446,-1,76873.4,74253.39999999956,262.00000000004366,2620.0000000004366,tp,111498.0,2.5431266000004364,0.0768734,5.0,ifvg_clean,0.001,2.4662532000004362
2026-05,B_n_5x50,combined,combined_vs_pure_sniper_top3_sltp,29,2253990,2254033,-1,72684.0,72748.0,297.5,2975.0,inv,43.0,-0.136684,0.072684,5.0,ifvg_clean,0.001,-0.209368
2026-05,B_n_5x50,combined,combined_vs_pure_sniper_top3_sltp,30,2333454,2333513,1,73118.7,73104.6,112.5,1125.0,inv,59.0,-0.08721869999999128,0.07311870000000001,5.0,ifvg_clean,0.001,-0.1603373999999913
2026-05,B_n_5x50,combined,combined_vs_pure_sniper_top3_sltp,31,2339378,2339555,1,74088.2,73973.70000000003,114.4999999999709,1144.999999999709,sl,177.0,-0.1885881999999709,0.0740882,5.0,ifvg_clean,0.001,-0.2626763999999709
2026-05,B_n_5x50,combined,combined_vs_pure_sniper_top3_sltp,32,2340481,2350842,1,73770.6,73329.09999999999,441.50000000001455,4415.0000000001455,sl,10492.0,-0.5152706000000146,0.0737706,5.0,ifvg_clean,0.001,-0.5890412000000146
2026-05,B_n_5x50,combined,combined_vs_pure_sniper_top3_sltp,33,2382089,2382586,-1,73240.5,73340.5,100.0,1000.0,sl,514.0,-0.17324050000000002,0.0732405,5.0,ifvg_clean,0.001,-0.246481
2026-05,B_n_5x50,all_clean,combined_vs_pure_sniper_top3_sltp,0,159395,160025,-1,78606.2,78727.19999999998,120.99999999998545,1209.9999999998545,sl,698.0,-0.19960619999998547,0.0786062,5.0,ifvg_clean,0.001,-0.2782123999999855
2026-05,B_n_5x50,all_clean,combined_vs_pure_sniper_top3_sltp,1,277424,277545,-1,78304.9,78446.40000000001,141.50000000001455,1415.0000000001455,sl,121.0,-0.21980490000001457,0.0783049,5.0,ifvg_clean,0.001,-0.2981098000000146
2026-05,B_n_5x50,all_clean,combined_vs_pure_sniper_top3_sltp,2,810943,814594,1,82231.8,82028.30000000002,203.49999999998545,2034.9999999998545,sl,3652.0,-0.28573179999998544,0.08223180000000001,5.0,ifvg_clean,0.001,-0.36796359999998546
2026-05,B_n_5x50,all_clean,combined_vs_pure_sniper_top3_sltp,3,868475,868562,-1,81233.9,81255.6,129.00000000001455,1290.0000000001455,inv,87.0,-0.10293390000001164,0.0812339,5.0,ifvg_clean,0.001,-0.18416780000001165
2026-05,B_n_5x50,all_clean,combined_vs_pure_sniper_top3_sltp,4,904545,955439,-1,81212.0,80021.99999999985,119.00000000001455,1190.0000000001455,tp,52904.0,1.1087880000001455,0.081212,5.0,ifvg_clean,0.001,1.0275760000001455
2026-05,B_n_5x50,all_clean,combined_vs_pure_sniper_top3_sltp,5,1095991,1108940,-1,79650.0,79853.49999999999,203.49999999998545,2034.9999999998545,sl,13322.0,-0.28314999999998547,0.07965000000000001,5.0,ifvg_clean,0.001,-0.36279999999998547
2026-05,B_n_5x50,all_clean,combined_vs_pure_sniper_top3_sltp,6,1110630,1111557,1,79792.9,79747.4,305.5000000000291,3055.000000000291,inv,929.0,-0.12529289999999998,0.07979289999999999,5.0,ifvg_clean,0.001,-0.20508579999999998
2026-05,B_n_5x50,all_clean,combined_vs_pure_sniper_top3_sltp,7,1076757,1115217,1,79078.3,81013.29999999986,193.49999999998545,1934.9999999998545,tp,39292.0,1.8559216999998547,0.0790783,5.0,ifvg_clean,0.001,1.7768433999998547
2026-05,B_n_5x50,all_clean,combined_vs_pure_sniper_top3_sltp,8,1125682,1126047,1,81666.9,81534.90000000002,131.9999999999709,1319.999999999709,sl,369.0,-0.2136668999999709,0.0816669,5.0,ifvg_clean,0.001,-0.2953337999999709
2026-05,B_n_5x50,all_clean,combined_vs_pure_sniper_top3_sltp,9,1167474,1167610,1,80410.7,80390.7,142.00000000004366,1420.0000000004366,inv,136.0,-0.1004107,0.0804107,5.0,ifvg_clean,0.001,-0.18082140000000002
2026-05,B_n_5x50,all_clean,combined_vs_pure_sniper_top3_sltp,10,1179258,1179353,1,80541.2,80506.7,184.00000000001455,1840.0000000001455,inv,105.0,-0.11504120000000001,0.08054120000000001,5.0,ifvg_clean,0.001,-0.19558240000000002
2026-05,B_n_5x50,all_clean,combined_vs_pure_sniper_top3_sltp,11,1199125,1199555,1,79120.1,79085.2,172.00000000004366,1720.0000000004366,inv,430.0,-0.11402010000000874,0.07912010000000001,5.0,ifvg_clean,0.001,-0.19314020000000875
2026-05,B_n_5x50,all_clean,combined_vs_pure_sniper_top3_sltp,12,1205021,1205720,1,79295.2,79183.19999999995,112.00000000004366,1120.0000000004366,sl,715.0,-0.19129520000004366,0.0792952,5.0,ifvg_clean,0.001,-0.27059040000004364
2026-05,B_n_5x50,all_clean,combined_vs_pure_sniper_top3_sltp,13,1206294,1213783,1,79248.0,79094.50000000001,153.49999999998545,1534.9999999998545,sl,7674.0,-0.23274799999998547,0.07924800000000001,5.0,ifvg_clean,0.001,-0.3119959999999855
2026-05,B_n_5x50,all_clean,combined_vs_pure_sniper_top3_sltp,14,1284207,1284314,-1,78173.5,78232.2,352.5,3525.0,inv,108.0,-0.1368734999999971,0.0781735,5.0,ifvg_clean,0.001,-0.2150469999999971
2026-05,B_n_5x50,all_clean,combined_vs_pure_sniper_top3_sltp,15,1341236,1351425,1,78421.5,78177.49999999999,244.00000000001455,2440.0000000001455,sl,10719.0,-0.32242150000001457,0.07842149999999999,5.0,ifvg_clean,0.001,-0.40084300000001455
2026-05,B_n_5x50,all_clean,combined_vs_pure_sniper_top3_sltp,16,1128038,1385495,-1,81574.9,77394.90000000043,417.99999999995634,4179.999999999563,tp,277588.0,4.098425099999564,0.0815749,5.0,ifvg_clean,0.001,4.016850199999564
2026-05,B_n_5x50,all_clean,combined_vs_pure_sniper_top3_sltp,17,1451804,1451804,1,76129.7,76129.59999999999,0.1,1.0,inv,0.0,-0.07622970000000581,0.0761297,5.0,ifvg,0.001,-0.1523594000000058
2026-05,B_n_5x50,all_clean,combined_vs_pure_sniper_top3_sltp,18,1451804,1451804,1,76148.45,76147.96298701299,0.48701298701298706,4.870129870129871,sl,0.0,-0.07663546298701052,0.07614844999999999,5.0,ifvg,0.001,-0.1527839129870105
2026-05,B_n_5x50,all_clean,combined_vs_pure_sniper_top3_sltp,19,1451804,1451804,1,76167.2,76166.22597402598,0.9740259740259741,9.740259740259742,sl,0.0,-0.07714122597402105,0.07616719999999999,5.0,ifvg,0.001,-0.15330842597402106
2026-05,B_n_5x50,all_clean,combined_vs_pure_sniper_top3_sltp,20,1787962,1788211,1,75757.9,75729.4,152.5,1525.0,inv,255.0,-0.10425789999999999,0.07575789999999999,5.0,ifvg_clean,0.001,-0.18001579999999998
2026-05,B_n_5x50,all_clean,combined_vs_pure_sniper_top3_sltp,21,1796373,1796982,-1,75333.1,75452.59999999998,119.4999999999709,1194.999999999709,sl,615.0,-0.1948330999999709,0.0753331,5.0,ifvg_clean,0.001,-0.2701661999999709
2026-05,B_n_5x50,all_clean,combined_vs_pure_sniper_top3_sltp,22,1926961,1926977,1,76437.4,76417.4,104.00000000001455,1040.0000000001455,inv,17.0,-0.0964374,0.0764374,5.0,ifvg_clean,0.001,-0.1728748
2026-05,B_n_5x50,all_clean,combined_vs_pure_sniper_top3_sltp,23,1959738,1959747,1,77117.5,77083.7,230.99999999998545,2309.9999999998545,inv,10.0,-0.11091750000000292,0.0771175,5.0,ifvg_clean,0.001,-0.18803500000000292
2026-05,B_n_5x50,all_clean,combined_vs_pure_sniper_top3_sltp,24,2083594,2083932,1,77204.6,77095.59999999999,109.00000000001455,1090.0000000001455,sl,338.0,-0.18620460000001457,0.07720460000000001,5.0,ifvg_clean,0.001,-0.26340920000001455
2026-05,B_n_5x50,all_clean,combined_vs_pure_sniper_top3_sltp,25,2085817,2085869,1,77314.9,77193.89999999994,121.00000000005821,1210.000000000582,sl,52.0,-0.1983149000000582,0.07731489999999999,5.0,ifvg_clean,0.001,-0.2756298000000582
2026-05,B_n_5x50,all_clean,combined_vs_pure_sniper_top3_sltp,26,2097713,2097726,1,76020.1,76004.0,175.5000000000291,1755.000000000291,inv,13.0,-0.09212010000000584,0.07602010000000002,5.0,ifvg_clean,0.001,-0.16814020000000585
2026-05,B_n_5x50,all_clean,combined_vs_pure_sniper_top3_sltp,27,2161277,2161291,-1,75911.5,75930.5,100.0,1000.0,inv,14.0,-0.09491150000000001,0.0759115,5.0,ifvg_clean,0.001,-0.170823
2026-05,B_n_5x50,all_clean,combined_vs_pure_sniper_top3_sltp,28,2088199,2195446,-1,76873.4,74253.39999999956,262.00000000004366,2620.0000000004366,tp,111498.0,2.5431266000004364,0.0768734,5.0,ifvg_clean,0.001,2.4662532000004362
2026-05,B_n_5x50,all_clean,combined_vs_pure_sniper_top3_sltp,29,2253990,2254033,-1,72684.0,72748.0,297.5,2975.0,inv,43.0,-0.136684,0.072684,5.0,ifvg_clean,0.001,-0.209368
2026-05,B_n_5x50,all_clean,combined_vs_pure_sniper_top3_sltp,30,2333454,2333513,1,73118.7,73104.6,112.5,1125.0,inv,59.0,-0.08721869999999128,0.07311870000000001,5.0,ifvg_clean,0.001,-0.1603373999999913
2026-05,B_n_5x50,all_clean,combined_vs_pure_sniper_top3_sltp,31,2339378,2339555,1,74088.2,73973.70000000003,114.4999999999709,1144.999999999709,sl,177.0,-0.1885881999999709,0.0740882,5.0,ifvg_clean,0.001,-0.2626763999999709
2026-05,B_n_5x50,all_clean,combined_vs_pure_sniper_top3_sltp,32,2340481,2350842,1,73770.6,73329.09999999999,441.50000000001455,4415.0000000001455,sl,10492.0,-0.5152706000000146,0.0737706,5.0,ifvg_clean,0.001,-0.5890412000000146
2026-05,B_n_5x50,all_clean,combined_vs_pure_sniper_top3_sltp,33,2382089,2382586,-1,73240.5,73340.5,100.0,1000.0,sl,514.0,-0.17324050000000002,0.0732405,5.0,ifvg_clean,0.001,-0.246481
2026-05,B_n_5x50,all_dirty,combined_vs_pure_sniper_top3_sltp,0,159395,160025,-1,78606.2,78727.19999999998,120.99999999998545,1209.9999999998545,sl,698.0,-0.19960619999998547,0.0786062,5.0,sniper_dirty,0.001,-0.2782123999999855
2026-05,B_n_5x50,all_dirty,combined_vs_pure_sniper_top3_sltp,1,277424,277545,-1,78304.9,78446.40000000001,141.50000000001455,1415.0000000001455,sl,121.0,-0.21980490000001457,0.0783049,5.0,sniper_dirty,0.001,-0.2981098000000146
2026-05,B_n_5x50,all_dirty,combined_vs_pure_sniper_top3_sltp,2,810943,814594,1,82231.8,82028.30000000002,203.49999999998545,2034.9999999998545,sl,3652.0,-0.28573179999998544,0.08223180000000001,5.0,sniper_dirty,0.001,-0.36796359999998546
2026-05,B_n_5x50,all_dirty,combined_vs_pure_sniper_top3_sltp,3,868475,868562,-1,81233.9,81255.6,129.00000000001455,1290.0000000001455,inv,87.0,-0.10293390000001164,0.0812339,5.0,sniper_dirty,0.001,-0.18416780000001165
2026-05,B_n_5x50,all_dirty,combined_vs_pure_sniper_top3_sltp,4,904545,955439,-1,81212.0,80021.99999999985,119.00000000001455,1190.0000000001455,tp,52904.0,1.1087880000001455,0.081212,5.0,sniper_dirty,0.001,1.0275760000001455
2026-05,B_n_5x50,all_dirty,combined_vs_pure_sniper_top3_sltp,5,1095991,1108940,-1,79650.0,79853.49999999999,203.49999999998545,2034.9999999998545,sl,13322.0,-0.28314999999998547,0.07965000000000001,5.0,sniper_dirty,0.001,-0.36279999999998547
2026-05,B_n_5x50,all_dirty,combined_vs_pure_sniper_top3_sltp,6,1110630,1111557,1,79792.9,79747.4,305.5000000000291,3055.000000000291,inv,929.0,-0.12529289999999998,0.07979289999999999,5.0,sniper_dirty,0.001,-0.20508579999999998
2026-05,B_n_5x50,all_dirty,combined_vs_pure_sniper_top3_sltp,7,1076757,1115217,1,79078.3,81013.29999999986,193.49999999998545,1934.9999999998545,tp,39292.0,1.8559216999998547,0.0790783,5.0,sniper_dirty,0.001,1.7768433999998547
2026-05,B_n_5x50,all_dirty,combined_vs_pure_sniper_top3_sltp,8,1125682,1126047,1,81666.9,81534.90000000002,131.9999999999709,1319.999999999709,sl,369.0,-0.2136668999999709,0.0816669,5.0,sniper_dirty,0.001,-0.2953337999999709
2026-05,B_n_5x50,all_dirty,combined_vs_pure_sniper_top3_sltp,9,1167474,1167610,1,80410.7,80390.7,142.00000000004366,1420.0000000004366,inv,136.0,-0.1004107,0.0804107,5.0,sniper_dirty,0.001,-0.18082140000000002
2026-05,B_n_5x50,all_dirty,combined_vs_pure_sniper_top3_sltp,10,1179258,1179353,1,80541.2,80506.7,184.00000000001455,1840.0000000001455,inv,105.0,-0.11504120000000001,0.08054120000000001,5.0,sniper_dirty,0.001,-0.19558240000000002
2026-05,B_n_5x50,all_dirty,combined_vs_pure_sniper_top3_sltp,11,1199125,1199555,1,79120.1,79085.2,172.00000000004366,1720.0000000004366,inv,430.0,-0.11402010000000874,0.07912010000000001,5.0,sniper_dirty,0.001,-0.19314020000000875
2026-05,B_n_5x50,all_dirty,combined_vs_pure_sniper_top3_sltp,12,1205021,1205720,1,79295.2,79183.19999999995,112.00000000004366,1120.0000000004366,sl,715.0,-0.19129520000004366,0.0792952,5.0,sniper_dirty,0.001,-0.27059040000004364
2026-05,B_n_5x50,all_dirty,combined_vs_pure_sniper_top3_sltp,13,1206294,1213783,1,79248.0,79094.50000000001,153.49999999998545,1534.9999999998545,sl,7674.0,-0.23274799999998547,0.07924800000000001,5.0,sniper_dirty,0.001,-0.3119959999999855
2026-05,B_n_5x50,all_dirty,combined_vs_pure_sniper_top3_sltp,14,1284207,1284314,-1,78173.5,78232.2,352.5,3525.0,inv,108.0,-0.1368734999999971,0.0781735,5.0,sniper_dirty,0.001,-0.2150469999999971
2026-05,B_n_5x50,all_dirty,combined_vs_pure_sniper_top3_sltp,15,1341236,1351425,1,78421.5,78177.49999999999,244.00000000001455,2440.0000000001455,sl,10719.0,-0.32242150000001457,0.07842149999999999,5.0,sniper_dirty,0.001,-0.40084300000001455
2026-05,B_n_5x50,all_dirty,combined_vs_pure_sniper_top3_sltp,16,1128038,1385495,-1,81574.9,77394.90000000043,417.99999999995634,4179.999999999563,tp,277588.0,4.098425099999564,0.0815749,5.0,sniper_dirty,0.001,4.016850199999564
2026-05,B_n_5x50,all_dirty,combined_vs_pure_sniper_top3_sltp,17,1451804,1451804,1,76129.7,76129.59999999999,0.1,1.0,inv,0.0,-0.07622970000000581,0.0761297,5.0,ifvg,0.001,-0.1523594000000058
2026-05,B_n_5x50,all_dirty,combined_vs_pure_sniper_top3_sltp,18,1451804,1451804,1,76148.45,76147.96298701299,0.48701298701298706,4.870129870129871,sl,0.0,-0.07663546298701052,0.07614844999999999,5.0,ifvg,0.001,-0.1527839129870105
2026-05,B_n_5x50,all_dirty,combined_vs_pure_sniper_top3_sltp,19,1451804,1451804,1,76167.2,76166.22597402598,0.9740259740259741,9.740259740259742,sl,0.0,-0.07714122597402105,0.07616719999999999,5.0,ifvg,0.001,-0.15330842597402106
2026-05,B_n_5x50,all_dirty,combined_vs_pure_sniper_top3_sltp,20,1787962,1788211,1,75757.9,75729.4,152.5,1525.0,inv,255.0,-0.10425789999999999,0.07575789999999999,5.0,sniper_dirty,0.001,-0.18001579999999998
2026-05,B_n_5x50,all_dirty,combined_vs_pure_sniper_top3_sltp,21,1796373,1796982,-1,75333.1,75452.59999999998,119.4999999999709,1194.999999999709,sl,615.0,-0.1948330999999709,0.0753331,5.0,sniper_dirty,0.001,-0.2701661999999709
2026-05,B_n_5x50,all_dirty,combined_vs_pure_sniper_top3_sltp,22,1926961,1926977,1,76437.4,76417.4,104.00000000001455,1040.0000000001455,inv,17.0,-0.0964374,0.0764374,5.0,sniper_dirty,0.001,-0.1728748
2026-05,B_n_5x50,all_dirty,combined_vs_pure_sniper_top3_sltp,23,1959738,1959747,1,77117.5,77083.7,230.99999999998545,2309.9999999998545,inv,10.0,-0.11091750000000292,0.0771175,5.0,sniper_dirty,0.001,-0.18803500000000292
2026-05,B_n_5x50,all_dirty,combined_vs_pure_sniper_top3_sltp,24,2083594,2083932,1,77204.6,77095.59999999999,109.00000000001455,1090.0000000001455,sl,338.0,-0.18620460000001457,0.07720460000000001,5.0,sniper_dirty,0.001,-0.26340920000001455
2026-05,B_n_5x50,all_dirty,combined_vs_pure_sniper_top3_sltp,25,2085817,2085869,1,77314.9,77193.89999999994,121.00000000005821,1210.000000000582,sl,52.0,-0.1983149000000582,0.07731489999999999,5.0,sniper_dirty,0.001,-0.2756298000000582
2026-05,B_n_5x50,all_dirty,combined_vs_pure_sniper_top3_sltp,26,2097713,2097726,1,76020.1,76004.0,175.5000000000291,1755.000000000291,inv,13.0,-0.09212010000000584,0.07602010000000002,5.0,sniper_dirty,0.001,-0.16814020000000585
2026-05,B_n_5x50,all_dirty,combined_vs_pure_sniper_top3_sltp,27,2161277,2161291,-1,75911.5,75930.5,100.0,1000.0,inv,14.0,-0.09491150000000001,0.0759115,5.0,sniper_dirty,0.001,-0.170823
2026-05,B_n_5x50,all_dirty,combined_vs_pure_sniper_top3_sltp,28,2088199,2195446,-1,76873.4,74253.39999999956,262.00000000004366,2620.0000000004366,tp,111498.0,2.5431266000004364,0.0768734,5.0,sniper_dirty,0.001,2.4662532000004362
2026-05,B_n_5x50,all_dirty,combined_vs_pure_sniper_top3_sltp,29,2253990,2254033,-1,72684.0,72748.0,297.5,2975.0,inv,43.0,-0.136684,0.072684,5.0,sniper_dirty,0.001,-0.209368
2026-05,B_n_5x50,all_dirty,combined_vs_pure_sniper_top3_sltp,30,2333454,2333513,1,73118.7,73104.6,112.5,1125.0,inv,59.0,-0.08721869999999128,0.07311870000000001,5.0,sniper_dirty,0.001,-0.1603373999999913
2026-05,B_n_5x50,all_dirty,combined_vs_pure_sniper_top3_sltp,31,2339378,2339555,1,74088.2,73973.70000000003,114.4999999999709,1144.999999999709,sl,177.0,-0.1885881999999709,0.0740882,5.0,sniper_dirty,0.001,-0.2626763999999709
2026-05,B_n_5x50,all_dirty,combined_vs_pure_sniper_top3_sltp,32,2340481,2350842,1,73770.6,73329.09999999999,441.50000000001455,4415.0000000001455,sl,10492.0,-0.5152706000000146,0.0737706,5.0,sniper_dirty,0.001,-0.5890412000000146
2026-05,B_n_5x50,all_dirty,combined_vs_pure_sniper_top3_sltp,33,2382089,2382586,-1,73240.5,73340.5,100.0,1000.0,sl,514.0,-0.17324050000000002,0.0732405,5.0,sniper_dirty,0.001,-0.246481
2026-05,B_n_7x45,combined,combined_vs_pure_sniper_top3_sltp,0,159395,198656,-1,78606.2,78775.59999999998,169.39999999997963,1088.999999999869,sl,42911.0,-0.24800619999997964,0.0786062,5.0,ifvg_clean,0.001,-0.32661239999997965
2026-05,B_n_7x45,combined,combined_vs_pure_sniper_top3_sltp,1,277424,277554,-1,78304.9,78503.00000000001,198.10000000002037,1273.500000000131,sl,130.0,-0.2764049000000204,0.0783049,5.0,ifvg_clean,0.001,-0.3547098000000204
2026-05,B_n_7x45,combined,combined_vs_pure_sniper_top3_sltp,2,810943,814685,1,82231.8,81946.90000000002,284.8999999999796,1831.499999999869,sl,3743.0,-0.36713179999997964,0.08223180000000001,5.0,ifvg_clean,0.001,-0.44936359999997966
2026-05,B_n_7x45,combined,combined_vs_pure_sniper_top3_sltp,3,868475,868562,-1,81233.9,81255.6,180.60000000002037,1161.000000000131,inv,87.0,-0.10293390000001164,0.0812339,5.0,ifvg_clean,0.001,-0.18416780000001165
2026-05,B_n_7x45,combined,combined_vs_pure_sniper_top3_sltp,4,904545,952738,-1,81212.0,80140.99999999987,166.60000000002037,1071.000000000131,tp,50175.0,0.9897880000001309,0.081212,5.0,ifvg_clean,0.001,0.9085760000001308
2026-05,B_n_7x45,combined,combined_vs_pure_sniper_top3_sltp,5,1095991,1108960,-1,79650.0,79934.89999999998,284.8999999999796,1831.499999999869,sl,13342.0,-0.3645499999999796,0.07965000000000001,5.0,ifvg_clean,0.001,-0.4441999999999796
2026-05,B_n_7x45,combined,combined_vs_pure_sniper_top3_sltp,6,1110630,1111557,1,79792.9,79747.4,427.70000000004075,2749.500000000262,inv,929.0,-0.12529289999999998,0.07979289999999999,5.0,ifvg_clean,0.001,-0.20508579999999998
2026-05,B_n_7x45,combined,combined_vs_pure_sniper_top3_sltp,7,1076757,1114860,1,79078.3,80819.79999999987,270.8999999999796,1741.499999999869,tp,38935.0,1.662421699999869,0.0790783,5.0,ifvg_clean,0.001,1.5833433999998692
2026-05,B_n_7x45,combined,combined_vs_pure_sniper_top3_sltp,8,1125682,1126082,1,81666.9,81482.10000000003,184.79999999995925,1187.999999999738,sl,404.0,-0.26646689999995926,0.0816669,5.0,ifvg_clean,0.001,-0.34813379999995925
2026-05,B_n_7x45,combined,combined_vs_pure_sniper_top3_sltp,9,1167474,1167610,1,80410.7,80390.7,198.80000000006112,1278.000000000393,inv,136.0,-0.1004107,0.0804107,5.0,ifvg_clean,0.001,-0.18082140000000002
2026-05,B_n_7x45,combined,combined_vs_pure_sniper_top3_sltp,10,1179258,1179353,1,80541.2,80506.7,257.6000000000204,1656.000000000131,inv,105.0,-0.11504120000000001,0.08054120000000001,5.0,ifvg_clean,0.001,-0.19558240000000002
2026-05,B_n_7x45,combined,combined_vs_pure_sniper_top3_sltp,11,1199125,1199555,1,79120.1,79085.2,240.80000000006112,1548.000000000393,inv,430.0,-0.11402010000000874,0.07912010000000001,5.0,ifvg_clean,0.001,-0.19314020000000875
2026-05,B_n_7x45,combined,combined_vs_pure_sniper_top3_sltp,12,1205021,1205734,1,79295.2,79138.39999999994,156.80000000006112,1008.0000000003929,sl,729.0,-0.23609520000006112,0.0792952,5.0,ifvg_clean,0.001,-0.31539040000006113
2026-05,B_n_7x45,combined,combined_vs_pure_sniper_top3_sltp,13,1206294,1213789,1,79248.0,79033.10000000002,214.89999999997963,1381.499999999869,sl,7680.0,-0.29414799999997965,0.07924800000000001,5.0,ifvg_clean,0.001,-0.37339599999997963
2026-05,B_n_7x45,combined,combined_vs_pure_sniper_top3_sltp,14,1128038,1263472,-1,81574.9,77812.90000000039,585.1999999999389,3761.999999999607,tp,142487.0,3.680425099999607,0.0815749,5.0,ifvg_clean,0.001,3.5988501999996068
2026-05,B_n_7x45,combined,combined_vs_pure_sniper_top3_sltp,15,1284207,1284314,-1,78173.5,78232.2,493.5,3172.5,inv,108.0,-0.1368734999999971,0.0781735,5.0,ifvg_clean,0.001,-0.2150469999999971
2026-05,B_n_7x45,combined,combined_vs_pure_sniper_top3_sltp,16,1341236,1354292,1,78421.5,78079.89999999998,341.6000000000204,2196.000000000131,sl,13730.0,-0.42002150000002036,0.07842149999999999,5.0,ifvg_clean,0.001,-0.49844300000002034
2026-05,B_n_7x45,combined,combined_vs_pure_sniper_top3_sltp,17,1451804,1451804,1,76129.7,76129.59999999999,0.1,1.0,inv,0.0,-0.07622970000000581,0.0761297,5.0,ifvg,0.001,-0.1523594000000058
2026-05,B_n_7x45,combined,combined_vs_pure_sniper_top3_sltp,18,1451804,1451804,1,76148.45,76147.96298701299,0.48701298701298706,4.870129870129871,sl,0.0,-0.07663546298701052,0.07614844999999999,5.0,ifvg,0.001,-0.1527839129870105
2026-05,B_n_7x45,combined,combined_vs_pure_sniper_top3_sltp,19,1451804,1451804,1,76167.2,76166.22597402598,0.9740259740259741,9.740259740259742,sl,0.0,-0.07714122597402105,0.07616719999999999,5.0,ifvg,0.001,-0.15330842597402106
2026-05,B_n_7x45,combined,combined_vs_pure_sniper_top3_sltp,20,1787962,1788211,1,75757.9,75729.4,213.5,1372.5,inv,255.0,-0.10425789999999999,0.07575789999999999,5.0,ifvg_clean,0.001,-0.18001579999999998
2026-05,B_n_7x45,combined,combined_vs_pure_sniper_top3_sltp,21,1796373,1801035,-1,75333.1,75500.39999999997,167.29999999995925,1075.499999999738,sl,4834.0,-0.24263309999995925,0.0753331,5.0,ifvg_clean,0.001,-0.31796619999995923
2026-05,B_n_7x45,combined,combined_vs_pure_sniper_top3_sltp,22,1926961,1926977,1,76437.4,76417.4,145.60000000002037,936.000000000131,inv,17.0,-0.0964374,0.0764374,5.0,ifvg_clean,0.001,-0.1728748
2026-05,B_n_7x45,combined,combined_vs_pure_sniper_top3_sltp,23,1959738,1959747,1,77117.5,77083.7,323.3999999999796,2078.999999999869,inv,10.0,-0.11091750000000292,0.0771175,5.0,ifvg_clean,0.001,-0.18803500000000292
2026-05,B_n_7x45,combined,combined_vs_pure_sniper_top3_sltp,24,2085817,2085878,1,77314.9,77145.49999999991,169.4000000000815,1089.0000000005239,sl,61.0,-0.24671490000008148,0.07731489999999999,5.0,ifvg_clean,0.001,-0.32402980000008147
2026-05,B_n_7x45,combined,combined_vs_pure_sniper_top3_sltp,25,2083594,2085926,1,77204.6,77051.99999999999,152.60000000002037,981.000000000131,sl,2335.0,-0.2298046000000204,0.07720460000000001,5.0,ifvg_clean,0.001,-0.3070092000000204
2026-05,B_n_7x45,combined,combined_vs_pure_sniper_top3_sltp,26,2097713,2097726,1,76020.1,76004.0,245.70000000004075,1579.500000000262,inv,13.0,-0.09212010000000584,0.07602010000000002,5.0,ifvg_clean,0.001,-0.16814020000000585
2026-05,B_n_7x45,combined,combined_vs_pure_sniper_top3_sltp,27,2161277,2161291,-1,75911.5,75930.5,140.0,900.0,inv,14.0,-0.09491150000000001,0.0759115,5.0,ifvg_clean,0.001,-0.170823
2026-05,B_n_7x45,combined,combined_vs_pure_sniper_top3_sltp,28,2088199,2193578,-1,76873.4,74515.3999999996,366.8000000000611,2358.000000000393,tp,109630.0,2.281126600000393,0.0768734,5.0,ifvg_clean,0.001,2.2042532000003927
2026-05,B_n_7x45,combined,combined_vs_pure_sniper_top3_sltp,29,2253990,2254033,-1,72684.0,72748.0,416.5,2677.5,inv,43.0,-0.136684,0.072684,5.0,ifvg_clean,0.001,-0.209368
2026-05,B_n_7x45,combined,combined_vs_pure_sniper_top3_sltp,30,2333454,2333513,1,73118.7,73104.6,157.5,1012.5,inv,59.0,-0.08721869999999128,0.07311870000000001,5.0,ifvg_clean,0.001,-0.1603373999999913
2026-05,B_n_7x45,combined,combined_vs_pure_sniper_top3_sltp,31,2339378,2339581,1,74088.2,73927.90000000004,160.29999999995925,1030.499999999738,sl,203.0,-0.23438819999995925,0.0740882,5.0,ifvg_clean,0.001,-0.30847639999995924
2026-05,B_n_7x45,combined,combined_vs_pure_sniper_top3_sltp,32,2340481,2350848,1,73770.6,73152.49999999999,618.1000000000204,3973.500000000131,sl,10498.0,-0.6918706000000204,0.0737706,5.0,ifvg_clean,0.001,-0.7656412000000204
2026-05,B_n_7x45,combined,combined_vs_pure_sniper_top3_sltp,33,2382089,2383327,-1,73240.5,73380.5,140.0,900.0,sl,1297.0,-0.2132405,0.0732405,5.0,ifvg_clean,0.001,-0.286481
2026-05,B_n_7x45,all_clean,combined_vs_pure_sniper_top3_sltp,0,159395,198656,-1,78606.2,78775.59999999998,169.39999999997963,1088.999999999869,sl,42911.0,-0.24800619999997964,0.0786062,5.0,ifvg_clean,0.001,-0.32661239999997965
2026-05,B_n_7x45,all_clean,combined_vs_pure_sniper_top3_sltp,1,277424,277554,-1,78304.9,78503.00000000001,198.10000000002037,1273.500000000131,sl,130.0,-0.2764049000000204,0.0783049,5.0,ifvg_clean,0.001,-0.3547098000000204
2026-05,B_n_7x45,all_clean,combined_vs_pure_sniper_top3_sltp,2,810943,814685,1,82231.8,81946.90000000002,284.8999999999796,1831.499999999869,sl,3743.0,-0.36713179999997964,0.08223180000000001,5.0,ifvg_clean,0.001,-0.44936359999997966
2026-05,B_n_7x45,all_clean,combined_vs_pure_sniper_top3_sltp,3,868475,868562,-1,81233.9,81255.6,180.60000000002037,1161.000000000131,inv,87.0,-0.10293390000001164,0.0812339,5.0,ifvg_clean,0.001,-0.18416780000001165
2026-05,B_n_7x45,all_clean,combined_vs_pure_sniper_top3_sltp,4,904545,952738,-1,81212.0,80140.99999999987,166.60000000002037,1071.000000000131,tp,50175.0,0.9897880000001309,0.081212,5.0,ifvg_clean,0.001,0.9085760000001308
2026-05,B_n_7x45,all_clean,combined_vs_pure_sniper_top3_sltp,5,1095991,1108960,-1,79650.0,79934.89999999998,284.8999999999796,1831.499999999869,sl,13342.0,-0.3645499999999796,0.07965000000000001,5.0,ifvg_clean,0.001,-0.4441999999999796
2026-05,B_n_7x45,all_clean,combined_vs_pure_sniper_top3_sltp,6,1110630,1111557,1,79792.9,79747.4,427.70000000004075,2749.500000000262,inv,929.0,-0.12529289999999998,0.07979289999999999,5.0,ifvg_clean,0.001,-0.20508579999999998
2026-05,B_n_7x45,all_clean,combined_vs_pure_sniper_top3_sltp,7,1076757,1114860,1,79078.3,80819.79999999987,270.8999999999796,1741.499999999869,tp,38935.0,1.662421699999869,0.0790783,5.0,ifvg_clean,0.001,1.5833433999998692
2026-05,B_n_7x45,all_clean,combined_vs_pure_sniper_top3_sltp,8,1125682,1126082,1,81666.9,81482.10000000003,184.79999999995925,1187.999999999738,sl,404.0,-0.26646689999995926,0.0816669,5.0,ifvg_clean,0.001,-0.34813379999995925
2026-05,B_n_7x45,all_clean,combined_vs_pure_sniper_top3_sltp,9,1167474,1167610,1,80410.7,80390.7,198.80000000006112,1278.000000000393,inv,136.0,-0.1004107,0.0804107,5.0,ifvg_clean,0.001,-0.18082140000000002
2026-05,B_n_7x45,all_clean,combined_vs_pure_sniper_top3_sltp,10,1179258,1179353,1,80541.2,80506.7,257.6000000000204,1656.000000000131,inv,105.0,-0.11504120000000001,0.08054120000000001,5.0,ifvg_clean,0.001,-0.19558240000000002
2026-05,B_n_7x45,all_clean,combined_vs_pure_sniper_top3_sltp,11,1199125,1199555,1,79120.1,79085.2,240.80000000006112,1548.000000000393,inv,430.0,-0.11402010000000874,0.07912010000000001,5.0,ifvg_clean,0.001,-0.19314020000000875
2026-05,B_n_7x45,all_clean,combined_vs_pure_sniper_top3_sltp,12,1205021,1205734,1,79295.2,79138.39999999994,156.80000000006112,1008.0000000003929,sl,729.0,-0.23609520000006112,0.0792952,5.0,ifvg_clean,0.001,-0.31539040000006113
2026-05,B_n_7x45,all_clean,combined_vs_pure_sniper_top3_sltp,13,1206294,1213789,1,79248.0,79033.10000000002,214.89999999997963,1381.499999999869,sl,7680.0,-0.29414799999997965,0.07924800000000001,5.0,ifvg_clean,0.001,-0.37339599999997963
2026-05,B_n_7x45,all_clean,combined_vs_pure_sniper_top3_sltp,14,1128038,1263472,-1,81574.9,77812.90000000039,585.1999999999389,3761.999999999607,tp,142487.0,3.680425099999607,0.0815749,5.0,ifvg_clean,0.001,3.5988501999996068
2026-05,B_n_7x45,all_clean,combined_vs_pure_sniper_top3_sltp,15,1284207,1284314,-1,78173.5,78232.2,493.5,3172.5,inv,108.0,-0.1368734999999971,0.0781735,5.0,ifvg_clean,0.001,-0.2150469999999971
2026-05,B_n_7x45,all_clean,combined_vs_pure_sniper_top3_sltp,16,1341236,1354292,1,78421.5,78079.89999999998,341.6000000000204,2196.000000000131,sl,13730.0,-0.42002150000002036,0.07842149999999999,5.0,ifvg_clean,0.001,-0.49844300000002034
2026-05,B_n_7x45,all_clean,combined_vs_pure_sniper_top3_sltp,17,1451804,1451804,1,76129.7,76129.59999999999,0.1,1.0,inv,0.0,-0.07622970000000581,0.0761297,5.0,ifvg,0.001,-0.1523594000000058
2026-05,B_n_7x45,all_clean,combined_vs_pure_sniper_top3_sltp,18,1451804,1451804,1,76148.45,76147.96298701299,0.48701298701298706,4.870129870129871,sl,0.0,-0.07663546298701052,0.07614844999999999,5.0,ifvg,0.001,-0.1527839129870105
2026-05,B_n_7x45,all_clean,combined_vs_pure_sniper_top3_sltp,19,1451804,1451804,1,76167.2,76166.22597402598,0.9740259740259741,9.740259740259742,sl,0.0,-0.07714122597402105,0.07616719999999999,5.0,ifvg,0.001,-0.15330842597402106
2026-05,B_n_7x45,all_clean,combined_vs_pure_sniper_top3_sltp,20,1787962,1788211,1,75757.9,75729.4,213.5,1372.5,inv,255.0,-0.10425789999999999,0.07575789999999999,5.0,ifvg_clean,0.001,-0.18001579999999998
2026-05,B_n_7x45,all_clean,combined_vs_pure_sniper_top3_sltp,21,1796373,1801035,-1,75333.1,75500.39999999997,167.29999999995925,1075.499999999738,sl,4834.0,-0.24263309999995925,0.0753331,5.0,ifvg_clean,0.001,-0.31796619999995923
2026-05,B_n_7x45,all_clean,combined_vs_pure_sniper_top3_sltp,22,1926961,1926977,1,76437.4,76417.4,145.60000000002037,936.000000000131,inv,17.0,-0.0964374,0.0764374,5.0,ifvg_clean,0.001,-0.1728748
2026-05,B_n_7x45,all_clean,combined_vs_pure_sniper_top3_sltp,23,1959738,1959747,1,77117.5,77083.7,323.3999999999796,2078.999999999869,inv,10.0,-0.11091750000000292,0.0771175,5.0,ifvg_clean,0.001,-0.18803500000000292
2026-05,B_n_7x45,all_clean,combined_vs_pure_sniper_top3_sltp,24,2085817,2085878,1,77314.9,77145.49999999991,169.4000000000815,1089.0000000005239,sl,61.0,-0.24671490000008148,0.07731489999999999,5.0,ifvg_clean,0.001,-0.32402980000008147
2026-05,B_n_7x45,all_clean,combined_vs_pure_sniper_top3_sltp,25,2083594,2085926,1,77204.6,77051.99999999999,152.60000000002037,981.000000000131,sl,2335.0,-0.2298046000000204,0.07720460000000001,5.0,ifvg_clean,0.001,-0.3070092000000204
2026-05,B_n_7x45,all_clean,combined_vs_pure_sniper_top3_sltp,26,2097713,2097726,1,76020.1,76004.0,245.70000000004075,1579.500000000262,inv,13.0,-0.09212010000000584,0.07602010000000002,5.0,ifvg_clean,0.001,-0.16814020000000585
2026-05,B_n_7x45,all_clean,combined_vs_pure_sniper_top3_sltp,27,2161277,2161291,-1,75911.5,75930.5,140.0,900.0,inv,14.0,-0.09491150000000001,0.0759115,5.0,ifvg_clean,0.001,-0.170823
2026-05,B_n_7x45,all_clean,combined_vs_pure_sniper_top3_sltp,28,2088199,2193578,-1,76873.4,74515.3999999996,366.8000000000611,2358.000000000393,tp,109630.0,2.281126600000393,0.0768734,5.0,ifvg_clean,0.001,2.2042532000003927
2026-05,B_n_7x45,all_clean,combined_vs_pure_sniper_top3_sltp,29,2253990,2254033,-1,72684.0,72748.0,416.5,2677.5,inv,43.0,-0.136684,0.072684,5.0,ifvg_clean,0.001,-0.209368
2026-05,B_n_7x45,all_clean,combined_vs_pure_sniper_top3_sltp,30,2333454,2333513,1,73118.7,73104.6,157.5,1012.5,inv,59.0,-0.08721869999999128,0.07311870000000001,5.0,ifvg_clean,0.001,-0.1603373999999913
2026-05,B_n_7x45,all_clean,combined_vs_pure_sniper_top3_sltp,31,2339378,2339581,1,74088.2,73927.90000000004,160.29999999995925,1030.499999999738,sl,203.0,-0.23438819999995925,0.0740882,5.0,ifvg_clean,0.001,-0.30847639999995924
2026-05,B_n_7x45,all_clean,combined_vs_pure_sniper_top3_sltp,32,2340481,2350848,1,73770.6,73152.49999999999,618.1000000000204,3973.500000000131,sl,10498.0,-0.6918706000000204,0.0737706,5.0,ifvg_clean,0.001,-0.7656412000000204
2026-05,B_n_7x45,all_clean,combined_vs_pure_sniper_top3_sltp,33,2382089,2383327,-1,73240.5,73380.5,140.0,900.0,sl,1297.0,-0.2132405,0.0732405,5.0,ifvg_clean,0.001,-0.286481
2026-05,B_n_7x45,all_dirty,combined_vs_pure_sniper_top3_sltp,0,159395,198656,-1,78606.2,78775.59999999998,169.39999999997963,1088.999999999869,sl,42911.0,-0.24800619999997964,0.0786062,5.0,sniper_dirty,0.001,-0.32661239999997965
2026-05,B_n_7x45,all_dirty,combined_vs_pure_sniper_top3_sltp,1,277424,277554,-1,78304.9,78503.00000000001,198.10000000002037,1273.500000000131,sl,130.0,-0.2764049000000204,0.0783049,5.0,sniper_dirty,0.001,-0.3547098000000204
2026-05,B_n_7x45,all_dirty,combined_vs_pure_sniper_top3_sltp,2,810943,814685,1,82231.8,81946.90000000002,284.8999999999796,1831.499999999869,sl,3743.0,-0.36713179999997964,0.08223180000000001,5.0,sniper_dirty,0.001,-0.44936359999997966
2026-05,B_n_7x45,all_dirty,combined_vs_pure_sniper_top3_sltp,3,868475,868562,-1,81233.9,81255.6,180.60000000002037,1161.000000000131,inv,87.0,-0.10293390000001164,0.0812339,5.0,sniper_dirty,0.001,-0.18416780000001165
2026-05,B_n_7x45,all_dirty,combined_vs_pure_sniper_top3_sltp,4,904545,952738,-1,81212.0,80140.99999999987,166.60000000002037,1071.000000000131,tp,50175.0,0.9897880000001309,0.081212,5.0,sniper_dirty,0.001,0.9085760000001308
2026-05,B_n_7x45,all_dirty,combined_vs_pure_sniper_top3_sltp,5,1095991,1108960,-1,79650.0,79934.89999999998,284.8999999999796,1831.499999999869,sl,13342.0,-0.3645499999999796,0.07965000000000001,5.0,sniper_dirty,0.001,-0.4441999999999796
2026-05,B_n_7x45,all_dirty,combined_vs_pure_sniper_top3_sltp,6,1110630,1111557,1,79792.9,79747.4,427.70000000004075,2749.500000000262,inv,929.0,-0.12529289999999998,0.07979289999999999,5.0,sniper_dirty,0.001,-0.20508579999999998
2026-05,B_n_7x45,all_dirty,combined_vs_pure_sniper_top3_sltp,7,1076757,1114860,1,79078.3,80819.79999999987,270.8999999999796,1741.499999999869,tp,38935.0,1.662421699999869,0.0790783,5.0,sniper_dirty,0.001,1.5833433999998692
2026-05,B_n_7x45,all_dirty,combined_vs_pure_sniper_top3_sltp,8,1125682,1126082,1,81666.9,81482.10000000003,184.79999999995925,1187.999999999738,sl,404.0,-0.26646689999995926,0.0816669,5.0,sniper_dirty,0.001,-0.34813379999995925
2026-05,B_n_7x45,all_dirty,combined_vs_pure_sniper_top3_sltp,9,1167474,1167610,1,80410.7,80390.7,198.80000000006112,1278.000000000393,inv,136.0,-0.1004107,0.0804107,5.0,sniper_dirty,0.001,-0.18082140000000002
2026-05,B_n_7x45,all_dirty,combined_vs_pure_sniper_top3_sltp,10,1179258,1179353,1,80541.2,80506.7,257.6000000000204,1656.000000000131,inv,105.0,-0.11504120000000001,0.08054120000000001,5.0,sniper_dirty,0.001,-0.19558240000000002
2026-05,B_n_7x45,all_dirty,combined_vs_pure_sniper_top3_sltp,11,1199125,1199555,1,79120.1,79085.2,240.80000000006112,1548.000000000393,inv,430.0,-0.11402010000000874,0.07912010000000001,5.0,sniper_dirty,0.001,-0.19314020000000875
2026-05,B_n_7x45,all_dirty,combined_vs_pure_sniper_top3_sltp,12,1205021,1205734,1,79295.2,79138.39999999994,156.80000000006112,1008.0000000003929,sl,729.0,-0.23609520000006112,0.0792952,5.0,sniper_dirty,0.001,-0.31539040000006113
2026-05,B_n_7x45,all_dirty,combined_vs_pure_sniper_top3_sltp,13,1206294,1213789,1,79248.0,79033.10000000002,214.89999999997963,1381.499999999869,sl,7680.0,-0.29414799999997965,0.07924800000000001,5.0,sniper_dirty,0.001,-0.37339599999997963
2026-05,B_n_7x45,all_dirty,combined_vs_pure_sniper_top3_sltp,14,1128038,1263472,-1,81574.9,77812.90000000039,585.1999999999389,3761.999999999607,tp,142487.0,3.680425099999607,0.0815749,5.0,sniper_dirty,0.001,3.5988501999996068
2026-05,B_n_7x45,all_dirty,combined_vs_pure_sniper_top3_sltp,15,1284207,1284314,-1,78173.5,78232.2,493.5,3172.5,inv,108.0,-0.1368734999999971,0.0781735,5.0,sniper_dirty,0.001,-0.2150469999999971
2026-05,B_n_7x45,all_dirty,combined_vs_pure_sniper_top3_sltp,16,1341236,1354292,1,78421.5,78079.89999999998,341.6000000000204,2196.000000000131,sl,13730.0,-0.42002150000002036,0.07842149999999999,5.0,sniper_dirty,0.001,-0.49844300000002034
2026-05,B_n_7x45,all_dirty,combined_vs_pure_sniper_top3_sltp,17,1451804,1451804,1,76129.7,76129.59999999999,0.1,1.0,inv,0.0,-0.07622970000000581,0.0761297,5.0,ifvg,0.001,-0.1523594000000058
2026-05,B_n_7x45,all_dirty,combined_vs_pure_sniper_top3_sltp,18,1451804,1451804,1,76148.45,76147.96298701299,0.48701298701298706,4.870129870129871,sl,0.0,-0.07663546298701052,0.07614844999999999,5.0,ifvg,0.001,-0.1527839129870105
2026-05,B_n_7x45,all_dirty,combined_vs_pure_sniper_top3_sltp,19,1451804,1451804,1,76167.2,76166.22597402598,0.9740259740259741,9.740259740259742,sl,0.0,-0.07714122597402105,0.07616719999999999,5.0,ifvg,0.001,-0.15330842597402106
2026-05,B_n_7x45,all_dirty,combined_vs_pure_sniper_top3_sltp,20,1787962,1788211,1,75757.9,75729.4,213.5,1372.5,inv,255.0,-0.10425789999999999,0.07575789999999999,5.0,sniper_dirty,0.001,-0.18001579999999998
2026-05,B_n_7x45,all_dirty,combined_vs_pure_sniper_top3_sltp,21,1796373,1801035,-1,75333.1,75500.39999999997,167.29999999995925,1075.499999999738,sl,4834.0,-0.24263309999995925,0.0753331,5.0,sniper_dirty,0.001,-0.31796619999995923
2026-05,B_n_7x45,all_dirty,combined_vs_pure_sniper_top3_sltp,22,1926961,1926977,1,76437.4,76417.4,145.60000000002037,936.000000000131,inv,17.0,-0.0964374,0.0764374,5.0,sniper_dirty,0.001,-0.1728748
2026-05,B_n_7x45,all_dirty,combined_vs_pure_sniper_top3_sltp,23,1959738,1959747,1,77117.5,77083.7,323.3999999999796,2078.999999999869,inv,10.0,-0.11091750000000292,0.0771175,5.0,sniper_dirty,0.001,-0.18803500000000292
2026-05,B_n_7x45,all_dirty,combined_vs_pure_sniper_top3_sltp,24,2085817,2085878,1,77314.9,77145.49999999991,169.4000000000815,1089.0000000005239,sl,61.0,-0.24671490000008148,0.07731489999999999,5.0,sniper_dirty,0.001,-0.32402980000008147
2026-05,B_n_7x45,all_dirty,combined_vs_pure_sniper_top3_sltp,25,2083594,2085926,1,77204.6,77051.99999999999,152.60000000002037,981.000000000131,sl,2335.0,-0.2298046000000204,0.07720460000000001,5.0,sniper_dirty,0.001,-0.3070092000000204
2026-05,B_n_7x45,all_dirty,combined_vs_pure_sniper_top3_sltp,26,2097713,2097726,1,76020.1,76004.0,245.70000000004075,1579.500000000262,inv,13.0,-0.09212010000000584,0.07602010000000002,5.0,sniper_dirty,0.001,-0.16814020000000585
2026-05,B_n_7x45,all_dirty,combined_vs_pure_sniper_top3_sltp,27,2161277,2161291,-1,75911.5,75930.5,140.0,900.0,inv,14.0,-0.09491150000000001,0.0759115,5.0,sniper_dirty,0.001,-0.170823
2026-05,B_n_7x45,all_dirty,combined_vs_pure_sniper_top3_sltp,28,2088199,2193578,-1,76873.4,74515.3999999996,366.8000000000611,2358.000000000393,tp,109630.0,2.281126600000393,0.0768734,5.0,sniper_dirty,0.001,2.2042532000003927
2026-05,B_n_7x45,all_dirty,combined_vs_pure_sniper_top3_sltp,29,2253990,2254033,-1,72684.0,72748.0,416.5,2677.5,inv,43.0,-0.136684,0.072684,5.0,sniper_dirty,0.001,-0.209368
2026-05,B_n_7x45,all_dirty,combined_vs_pure_sniper_top3_sltp,30,2333454,2333513,1,73118.7,73104.6,157.5,1012.5,inv,59.0,-0.08721869999999128,0.07311870000000001,5.0,sniper_dirty,0.001,-0.1603373999999913
2026-05,B_n_7x45,all_dirty,combined_vs_pure_sniper_top3_sltp,31,2339378,2339581,1,74088.2,73927.90000000004,160.29999999995925,1030.499999999738,sl,203.0,-0.23438819999995925,0.0740882,5.0,sniper_dirty,0.001,-0.30847639999995924
2026-05,B_n_7x45,all_dirty,combined_vs_pure_sniper_top3_sltp,32,2340481,2350848,1,73770.6,73152.49999999999,618.1000000000204,3973.500000000131,sl,10498.0,-0.6918706000000204,0.0737706,5.0,sniper_dirty,0.001,-0.7656412000000204
2026-05,B_n_7x45,all_dirty,combined_vs_pure_sniper_top3_sltp,33,2382089,2383327,-1,73240.5,73380.5,140.0,900.0,sl,1297.0,-0.2132405,0.0732405,5.0,sniper_dirty,0.001,-0.286481
