month,trade_id,entry_bar,exit_bar,entry_time,exit_time,entry_price,exit_price,direction,stop_usd,target_usd,soft_sl,soft_sl_active,exit_reason,hold_secs,pnl_gross_usd,fee_usd,pnl_net_usd,qty_btc,source,fvg_direction,vwap_at_entry,sigma_at_entry,k_sigma,order_k_sigma,window_secs
2025-04,1,615580,615674,2025-04-08T06:06:52+00:00,2025-04-08T06:08:26+00:00,79560.1388998214,79510.1388998214,1,50.0,200.0,,False,sl,94.0,-0.05,0.07953513889982139,-0.12953513889982138,0.001,vwap_inversion_flip,-1,79687.5527728165,94.0675770179155,1.3544929829631078,1.5,3600
2025-04,2,615581,615907,2025-04-08T06:06:53+00:00,2025-04-08T06:12:20+00:00,79547.0889156784,79497.0889156784,1,50.0,200.0,,False,sl,327.0,-0.05,0.0795220889156784,-0.1295220889156784,0.001,vwap_inversion_flip,-1,79687.49089739085,94.04320018765124,1.4929519777325275,1.5,3600
2025-04,3,645357,645357,2025-04-08T14:25:13+00:00,2025-04-08T14:25:13+00:00,79490.598566656,79440.598566656,1,50.0,200.0,,False,sl,0.0,-0.05,0.079465598566656,-0.12946559856665601,0.001,vwap_initial,-1,79807.0991834018,219.40026594354367,1.4425717096771766,1.5,3600
2025-04,4,650459,650459,2025-04-08T15:50:15+00:00,2025-04-08T15:50:15+00:00,78475.18191263251,78425.18191263251,1,50.0,200.0,,False,sl,0.0,-0.05,0.07845018191263252,-0.12845018191263252,0.001,vwap_initial,-1,78495.41081716123,196.68349711410494,0.10285003483023428,1.5,3600
2025-04,5,652019,652019,2025-04-08T16:16:18+00:00,2025-04-08T16:16:18+00:00,78169.50140288867,78119.50140288867,1,50.0,200.0,,False,sl,0.0,-0.05,0.07814450140288867,-0.1281445014028887,0.001,vwap_initial,-1,78363.39937694294,129.26531603618037,1.5000000000000027,1.5,3600
2025-04,7,652019,652019,2025-04-08T16:16:18+00:00,2025-04-08T16:16:18+00:00,78321.68247028498,78271.68247028498,1,50.0,200.0,,False,sl,0.0,-0.05,0.078296682470285,-0.128296682470285,0.001,vwap_initial,-1,78363.39937694294,129.26531603618037,0.3227231243242041,1.5,3600
2025-04,6,652019,652062,2025-04-08T16:16:18+00:00,2025-04-08T16:17:01+00:00,78104.86874487058,78054.86874487058,1,50.0,200.0,,False,sl,43.0,-0.05,0.07807986874487058,-0.1280798687448706,0.001,vwap_initial,-1,78363.39937694294,129.26531603618037,2.0000000000000036,2.0,3600
2025-04,8,652065,652119,2025-04-08T16:17:04+00:00,2025-04-08T16:17:58+00:00,78040.23608685248,77990.23608685248,1,50.0,200.0,,False,sl,54.0,-0.05,0.07801523608685249,-0.1280152360868525,0.001,vwap_initial,-1,78362.43678132037,132.05973591239658,2.439810228619741,2.5,3600
2025-04,9,685019,685019,2025-04-09T01:28:54+00:00,2025-04-09T01:28:54+00:00,75106.40746471054,75056.40746471054,1,50.0,200.0,,False,sl,0.0,-0.05,0.07508140746471055,-0.12508140746471055,0.001,vwap_initial,-1,75560.65012224406,623.7025379603214,0.728300158949185,1.5,3600
2025-04,10,685019,685019,2025-04-09T01:28:54+00:00,2025-04-09T01:28:54+00:00,74780.16391038192,74730.16391038192,1,50.0,200.0,,False,sl,0.0,-0.05,0.07475516391038192,-0.12475516391038192,0.001,vwap_initial,-1,75560.65012224406,623.7025379603214,1.2513757189677999,2.0,3600
2025-04,11,685038,685101,2025-04-09T01:29:13+00:00,2025-04-09T01:30:16+00:00,74625.09631530357,74825.09631530357,1,50.0,200.0,,False,tp,63.0,0.2,0.07472509631530358,0.12527490368469643,0.001,vwap_initial,-1,75551.287121303,625.2068236993501,1.4814150628093887,1.5,3600
2025-04,12,685130,685130,2025-04-09T01:30:45+00:00,2025-04-09T01:30:45+00:00,75044.68935409772,74994.68935409772,1,50.0,200.0,,False,sl,0.0,-0.05,0.07501968935409772,-0.12501968935409774,0.001,vwap_inversion_flip,-1,75512.25084340633,627.3436188802056,0.7453036505626751,1.5,3600
2025-04,13,694859,694859,2025-04-09T04:12:58+00:00,2025-04-09T04:12:58+00:00,75717.66190470316,75767.66190470316,-1,50.0,200.0,,False,sl,0.0,-0.05,0.07574266190470316,-0.12574266190470318,0.001,vwap_initial,1,75396.17123497144,214.32711315448316,1.4999999999999785,1.5,3600
2025-04,14,694862,694867,2025-04-09T04:13:01+00:00,2025-04-09T04:13:06+00:00,75824.8254612804,75874.8254612804,-1,50.0,200.0,,False,sl,5.0,-0.05,0.0758498254612804,-0.1258498254612804,0.001,vwap_initial,1,75396.5400687186,214.59357870453042,1.995797801347514,2.0,3600
2025-04,15,694868,694868,2025-04-09T04:13:07+00:00,2025-04-09T04:13:07+00:00,75931.98901785765,75981.98901785765,-1,50.0,200.0,,False,sl,0.0,-0.05,0.07595698901785765,-0.12595698901785765,0.001,vwap_initial,1,75405.16099936063,222.71636340701656,2.365466149131741,2.5,3600
2025-04,16,696004,696018,2025-04-09T04:32:03+00:00,2025-04-09T04:32:17+00:00,75915.51108338483,75965.51108338483,-1,50.0,200.0,,False,sl,14.0,-0.05,0.07594051108338483,-0.12594051108338483,0.001,vwap_initial,1,75489.0225772675,284.75336873117834,1.497747008288963,1.5,3600
2025-04,17,696055,696110,2025-04-09T04:32:54+00:00,2025-04-09T04:33:49+00:00,76057.78072180151,76107.78072180151,-1,50.0,200.0,,False,sl,55.0,-0.05,0.07608278072180151,-0.1260827807218015,0.001,vwap_initial,1,75496.10605910138,290.10513776920106,1.9361072575935492,2.0,3600
2025-04,18,721386,721407,2025-04-09T11:35:40+00:00,2025-04-09T11:36:01+00:00,76073.07988599052,76023.07988599052,1,50.0,200.0,,False,sl,21.0,-0.05,0.07604807988599052,-0.12604807988599054,0.001,vwap_initial,-1,76492.06975018661,374.38918128368084,1.1191291980165805,1.5,3600
2025-04,19,725382,725782,2025-04-09T12:42:17+00:00,2025-04-09T12:48:57+00:00,76486.2187481726,76536.2187481726,-1,50.0,200.0,,False,sl,400.0,-0.05,0.0765112187481726,-0.12651121874817262,0.001,vwap_inversion_flip,1,76209.99862025431,186.89536178556136,1.477939983525216,1.5,3600
2025-04,20,725879,725879,2025-04-09T12:50:34+00:00,2025-04-09T12:50:34+00:00,76650.00948183387,76700.00948183387,-1,50.0,200.0,,False,sl,0.0,-0.05,0.07667500948183387,-0.12667500948183386,0.001,vwap_initial,1,76325.47270549413,216.35785089315578,1.500000000000016,1.5,3600
2025-04,21,725880,725883,2025-04-09T12:50:35+00:00,2025-04-09T12:50:38+00:00,76758.18840728044,76808.18840728044,-1,50.0,200.0,,False,sl,3.0,-0.05,0.07678318840728043,-0.12678318840728042,0.001,vwap_initial,1,76325.98938688652,216.77431881161667,1.9937740907838541,2.0,3600
2025-04,22,728399,728399,2025-04-09T13:32:34+00:00,2025-04-09T13:32:34+00:00,77275.60814233783,77325.60814233783,-1,50.0,200.0,,False,sl,0.0,-0.05,0.07730060814233784,-0.12730060814233785,0.001,vwap_initial,1,76851.14406759094,282.976049831264,1.4999999999999958,1.5,3600
2025-04,23,728399,728399,2025-04-09T13:32:34+00:00,2025-04-09T13:32:34+00:00,77417.09616725346,77467.09616725346,-1,50.0,200.0,,False,sl,0.0,-0.05,0.07744209616725346,-0.12744209616725347,0.001,vwap_initial,1,76851.14406759094,282.976049831264,1.9999999999999771,2.0,3600
2025-04,24,728399,728399,2025-04-09T13:32:34+00:00,2025-04-09T13:32:34+00:00,77251.42697640072,77301.42697640072,-1,50.0,200.0,,False,sl,0.0,-0.05,0.07727642697640072,-0.12727642697640074,0.001,vwap_initial,1,76851.14406759094,282.976049831264,1.414546952112957,1.5,3600
2025-04,25,728399,728399,2025-04-09T13:32:34+00:00,2025-04-09T13:32:34+00:00,77471.85715127549,77521.85715127549,-1,50.0,200.0,,False,sl,0.0,-0.05,0.0774968571512755,-0.1274968571512755,0.001,vwap_initial,1,76851.14406759094,282.976049831264,2.1935180876779916,2.0,3600
2025-04,26,728413,728429,2025-04-09T13:32:48+00:00,2025-04-09T13:33:04+00:00,77558.5841921691,77358.5841921691,-1,50.0,200.0,,False,tp,16.0,0.2,0.0774585841921691,0.12254141580783091,0.001,vwap_initial,1,76865.51046654615,288.6084460232677,2.401432581661425,2.5,3600
2025-04,27,728775,728776,2025-04-09T13:38:50+00:00,2025-04-09T13:38:51+00:00,77304.06334072269,77354.06334072269,-1,50.0,200.0,,False,sl,1.0,-0.05,0.07732906334072269,-0.1273290633407227,0.001,vwap_inversion_flip,1,76955.67124412366,268.63041011388765,1.2969197956825602,1.5,3600
2025-04,28,728777,728786,2025-04-09T13:38:52+00:00,2025-04-09T13:39:01+00:00,77359.55426194565,77409.55426194565,-1,50.0,200.0,,False,sl,9.0,-0.05,0.07738455426194565,-0.12738455426194567,0.001,vwap_inversion_flip,1,76956.6069116805,268.38029319900545,1.5014043895032374,1.5,3600
2025-04,29,728810,728812,2025-04-09T13:39:25+00:00,2025-04-09T13:39:27+00:00,77495.83967647141,77545.83967647141,-1,50.0,200.0,,False,sl,2.0,-0.05,0.07752083967647141,-0.12752083967647143,0.001,vwap_inversion_flip,1,76967.66073979183,268.7540230759746,1.9652875541523471,2.0,3600
2025-04,30,728812,728813,2025-04-09T13:39:27+00:00,2025-04-09T13:39:28+00:00,77531.76701304369,77581.76701304369,-1,50.0,200.0,,False,sl,1.0,-0.05,0.0775567670130437,-0.1275567670130437,0.001,vwap_inversion_flip,1,76969.462477674,269.8676532775986,2.0836307298795878,2.0,3600
2025-04,31,732059,732109,2025-04-09T14:33:34+00:00,2025-04-09T14:34:24+00:00,77748.33028037555,77798.33028037555,-1,50.0,200.0,,False,sl,50.0,-0.05,0.07777333028037554,-0.12777333028037555,0.001,vwap_initial,1,77581.05652702834,287.45924269342663,0.5819042441630807,1.5,3600
2025-04,32,733679,733679,2025-04-09T15:00:34+00:00,2025-04-09T15:00:34+00:00,77000.9729044707,76950.9729044707,1,50.0,200.0,,False,sl,0.0,-0.05,0.07697597290447071,-0.1269759729044707,0.001,vwap_initial,-1,77533.4394893854,354.9777232764696,1.4999999999999838,1.5,3600
2025-04,33,733716,733767,2025-04-09T15:01:11+00:00,2025-04-09T15:02:02+00:00,76823.48404283247,77023.48404283247,1,50.0,200.0,,False,tp,51.0,0.2,0.07692348404283247,0.12307651595716754,0.001,vwap_initial,-1,77505.00442578722,351.83038694393673,1.9370708393739513,2.0,3600
2025-04,34,733838,733838,2025-04-09T15:03:13+00:00,2025-04-09T15:03:13+00:00,76969.67605359326,76919.67605359326,1,50.0,200.0,,False,sl,0.0,-0.05,0.07694467605359326,-0.12694467605359328,0.001,vwap_inversion_flip,-1,77429.27635536077,306.534068356986,1.4993449316448086,1.5,3600
2025-04,35,737999,738022,2025-04-09T16:12:37+00:00,2025-04-09T16:13:00+00:00,77593.8471898324,77643.8471898324,-1,50.0,200.0,,False,sl,23.0,-0.05,0.0776188471898324,-0.1276188471898324,0.001,vwap_initial,1,77364.96059839116,152.59106096083343,1.499999999999969,1.5,3600
2025-04,36,738023,738025,2025-04-09T16:13:01+00:00,2025-04-09T16:13:03+00:00,77670.14272031283,77720.14272031283,-1,50.0,200.0,,False,sl,2.0,-0.05,0.07769514272031283,-0.12769514272031285,0.001,vwap_initial,1,77367.0694182656,154.00780154536236,1.9679087618035787,2.0,3600
2025-04,37,738030,738030,2025-04-09T16:13:08+00:00,2025-04-09T16:13:08+00:00,77603.30300850111,77653.30300850111,-1,50.0,200.0,,False,sl,0.0,-0.05,0.07762830300850113,-0.12762830300850114,0.001,vwap_inversion_flip,1,77369.37494757844,156.133906029538,1.4982527938448837,1.5,3600
2025-04,38,738030,738034,2025-04-09T16:13:08+00:00,2025-04-09T16:13:12+00:00,77681.31678910424,77731.31678910424,-1,50.0,200.0,,False,sl,4.0,-0.05,0.07770631678910424,-0.12770631678910424,0.001,vwap_inversion_flip,1,77369.37494757844,156.133906029538,1.9979122373764389,2.0,3600
2025-04,39,738036,738083,2025-04-09T16:13:14+00:00,2025-04-09T16:14:01+00:00,77746.43825079325,77796.43825079325,-1,50.0,200.0,,False,sl,47.0,-0.05,0.07777143825079326,-0.12777143825079326,0.001,vwap_initial,1,77370.01951654197,156.76925861357896,2.401100429894294,2.5,3600
2025-04,40,738038,738104,2025-04-09T16:13:16+00:00,2025-04-09T16:14:22+00:00,77759.33056970737,77809.33056970737,-1,50.0,200.0,,False,sl,66.0,-0.05,0.07778433056970736,-0.12778433056970737,0.001,vwap_inversion_flip,1,77370.87939258062,157.65456400543513,2.463938672358072,2.5,3600
2025-04,41,741659,741659,2025-04-09T17:13:39+00:00,2025-04-09T17:13:39+00:00,78198.66763870767,78248.66763870767,-1,50.0,200.0,,False,sl,0.0,-0.05,0.07822366763870768,-0.12822366763870768,0.001,vwap_initial,1,78131.65727199418,365.3468046842028,0.18341577332644085,1.5,3600
2025-04,42,741665,741738,2025-04-09T17:13:45+00:00,2025-04-09T17:14:58+00:00,78413.78301845296,78463.78301845296,-1,50.0,200.0,,False,sl,73.0,-0.05,0.07843878301845297,-0.12843878301845296,0.001,vwap_initial,1,78133.04621481146,365.10980603088456,0.7689106099159432,2.0,3600
2025-04,43,741973,741990,2025-04-09T17:18:53+00:00,2025-04-09T17:19:10+00:00,77641.34774859628,77841.34774859628,1,50.0,200.0,,False,tp,17.0,0.2,0.07774134774859628,0.12225865225140373,0.001,vwap_inversion_flip,-1,78149.55349320859,358.6501956635046,1.4169955872242705,1.5,3600
2025-04,44,742003,742003,2025-04-09T17:19:23+00:00,2025-04-09T17:19:23+00:00,78233.19521565476,78283.19521565476,-1,50.0,200.0,,False,sl,0.0,-0.05,0.07825819521565476,-0.12825819521565476,0.001,vwap_inversion_flip,1,78127.32592435513,356.0882747504056,0.29731192742541523,1.5,3600
2025-04,45,742004,742004,2025-04-09T17:19:24+00:00,2025-04-09T17:19:24+00:00,78449.37804278375,78499.37804278375,-1,50.0,200.0,,False,sl,0.0,-0.05,0.07847437804278376,-0.12847437804278378,0.001,vwap_inversion_flip,1,78133.52571864463,356.67918451548974,0.885536184479547,2.0,3600
2025-04,46,742014,742020,2025-04-09T17:19:34+00:00,2025-04-09T17:19:40+00:00,78661.56854834303,78711.56854834303,-1,50.0,200.0,,False,sl,6.0,-0.05,0.07868656854834304,-0.12868656854834304,0.001,vwap_inversion_flip,1,78150.67696801969,359.41902700681254,1.4214372137668043,1.5,3600
2025-04,47,742014,742021,2025-04-09T17:19:34+00:00,2025-04-09T17:19:41+00:00,78665.56086991272,78715.56086991272,-1,50.0,200.0,,False,sl,7.0,-0.05,0.07869056086991272,-0.1286905608699127,0.001,vwap_inversion_flip,1,78150.67696801969,359.41902700681254,1.432544921677925,2.5,3600
2025-04,48,742025,742026,2025-04-09T17:19:45+00:00,2025-04-09T17:19:46+00:00,78839.85046286514,78889.85046286514,-1,50.0,200.0,,False,sl,1.0,-0.05,0.07886485046286515,-0.12886485046286517,0.001,vwap_inversion_flip,1,78178.9581154564,372.1610757732292,1.7758234012937306,2.0,3600
2025-04,49,742025,742031,2025-04-09T17:19:45+00:00,2025-04-09T17:19:51+00:00,78881.7436970417,78931.7436970417,-1,50.0,200.0,,False,sl,6.0,-0.05,0.0789067436970417,-0.1289067436970417,0.001,vwap_inversion_flip,1,78178.9581154564,372.1610757732292,1.8883908805485687,3.0,3600
2025-04,50,742033,742034,2025-04-09T17:19:53+00:00,2025-04-09T17:19:54+00:00,79018.13237738724,79068.13237738724,-1,50.0,200.0,,False,sl,1.0,-0.05,0.07904313237738723,-0.12904313237738724,0.001,vwap_inversion_flip,1,78215.72494556954,397.0796111664658,2.0207721808242414,2.5,3600
2025-04,51,742035,742038,2025-04-09T17:19:55+00:00,2025-04-09T17:19:58+00:00,79097.92652417069,78897.92652417069,-1,50.0,200.0,,False,tp,3.0,0.2,0.07899792652417069,0.12100207347582932,0.001,vwap_inversion_flip,1,78230.2434907499,408.06562516189393,2.126332089542096,3.5,3600
2025-04,52,745919,745919,2025-04-09T18:24:39+00:00,2025-04-09T18:24:39+00:00,82424.32161527788,82474.32161527788,-1,50.0,200.0,,False,sl,0.0,-0.05,0.08244932161527788,-0.1324493216152779,0.001,vwap_initial,1,81575.50880174265,565.8752090234832,1.5000000000000107,1.5,3600
2025-04,53,745919,745919,2025-04-09T18:24:39+00:00,2025-04-09T18:24:39+00:00,82707.25921978962,82757.25921978962,-1,50.0,200.0,,False,sl,0.0,-0.05,0.08273225921978962,-0.13273225921978962,0.001,vwap_initial,1,81575.50880174265,565.8752090234832,2.0000000000000058,2.0,3600
2025-04,54,745919,745919,2025-04-09T18:24:39+00:00,2025-04-09T18:24:39+00:00,82710.48312690706,82760.48312690706,-1,50.0,200.0,,False,sl,0.0,-0.05,0.08273548312690705,-0.13273548312690706,0.001,vwap_initial,1,81575.50880174265,565.8752090234832,2.005697205083445,1.5,3600
2025-04,55,746091,746091,2025-04-09T18:27:31+00:00,2025-04-09T18:27:31+00:00,82542.84861234827,82592.84861234827,-1,50.0,200.0,,False,sl,0.0,-0.05,0.08256784861234827,-0.13256784861234827,0.001,vwap_inversion_flip,1,81698.98526039088,562.808216465437,1.499379943770269,1.5,3600
2025-04,56,746122,746138,2025-04-09T18:28:02+00:00,2025-04-09T18:28:18+00:00,82789.35010528423,82589.35010528423,-1,50.0,200.0,,False,tp,16.0,0.2,0.08268935010528423,0.11731064989471578,0.001,vwap_inversion_flip,1,81713.96900808638,562.8284238650974,1.9106730427950234,1.5,3600
2025-04,57,755159,755159,2025-04-09T20:58:41+00:00,2025-04-09T20:58:41+00:00,83033.12059182281,83083.12059182281,-1,50.0,200.0,,False,sl,0.0,-0.05,0.08305812059182281,-0.13305812059182281,0.001,vwap_initial,1,82529.7252856346,335.59687079214,1.4999999999999871,1.5,3600
2025-04,60,755219,755219,2025-04-09T20:59:41+00:00,2025-04-09T20:59:41+00:00,83083.47599024518,83133.47599024518,-1,50.0,200.0,,False,sl,0.0,-0.05,0.08310847599024518,-0.13310847599024517,0.001,vwap_initial,1,82556.03524369972,351.6271643636359,1.5000000000000087,1.5,3600
2025-04,58,755209,755289,2025-04-09T20:59:31+00:00,2025-04-09T21:00:51+00:00,83200.91902721889,83250.91902721889,-1,50.0,200.0,,False,sl,80.0,-0.05,0.08322591902721889,-0.1332259190272189,0.001,vwap_initial,1,82550.8134677146,348.2244651629861,1.8669152358379073,2.0,3600
2025-04,59,755214,755293,2025-04-09T20:59:36+00:00,2025-04-09T21:00:55+00:00,83223.20506465215,83273.20506465215,-1,50.0,200.0,,False,sl,79.0,-0.05,0.08324820506465215,-0.13324820506465215,0.001,vwap_initial,1,82554.28201838299,350.5701431371252,1.90810044541504,1.5,3600
2025-04,61,755734,755739,2025-04-09T21:08:16+00:00,2025-04-09T21:08:21+00:00,83262.92305836406,83312.92305836406,-1,50.0,200.0,,False,sl,5.0,-0.05,0.08328792305836406,-0.13328792305836407,0.001,vwap_inversion_flip,1,82707.62182717354,411.7801316915865,1.348538184465942,1.5,3600
2025-04,62,755739,755845,2025-04-09T21:08:21+00:00,2025-04-09T21:10:07+00:00,83316.74747166372,83366.74747166372,-1,50.0,200.0,,False,sl,106.0,-0.05,0.08334174747166373,-0.13334174747166372,0.001,vwap_inversion_flip,1,82709.57449489302,412.2520142526776,1.4728199154378214,1.5,3600
2025-04,63,757369,757375,2025-04-09T21:35:31+00:00,2025-04-09T21:35:37+00:00,83083.62252904073,83133.62252904073,-1,50.0,200.0,,False,sl,6.0,-0.05,0.08310862252904073,-0.13310862252904074,0.001,vwap_inversion_flip,1,83066.05281187373,295.3184870101533,0.05949413240221389,1.5,3600
2025-04,64,814580,814584,2025-04-10T13:31:47+00:00,2025-04-10T13:31:51+00:00,81488.38723678967,81438.38723678967,1,50.0,200.0,,False,sl,4.0,-0.05,0.08146338723678967,-0.13146338723678969,0.001,vwap_inversion_flip,-1,81760.84691367933,199.85150411735972,1.3633106145133702,1.5,3600
2025-04,65,814582,814587,2025-04-10T13:31:49+00:00,2025-04-10T13:31:54+00:00,81464.15157196949,81414.15157196949,1,50.0,200.0,,False,sl,5.0,-0.05,0.08143915157196949,-0.1314391515719695,0.001,vwap_inversion_flip,-1,81757.67258422865,198.6445361744093,1.4776193592430678,1.5,3600
2025-04,67,814595,814654,2025-04-10T13:32:02+00:00,2025-04-10T13:33:01+00:00,81362.15792997609,81562.15792997609,1,50.0,200.0,,False,tp,59.0,0.2,0.0814621579299761,0.11853784207002391,0.001,vwap_inversion_flip,-1,81742.39690408648,199.91354922912623,1.902017024741937,2.0,3600
2025-04,66,814593,814729,2025-04-10T13:32:00+00:00,2025-04-10T13:34:16+00:00,81373.52634002586,81573.52634002586,1,50.0,200.0,,False,tp,136.0,0.2,0.08147352634002586,0.11852647365997415,0.001,vwap_inversion_flip,-1,81746.39859309244,198.62393929737215,1.8772775043411742,2.0,3600
2025-04,68,858359,858359,2025-04-11T01:48:32+00:00,2025-04-11T01:48:32+00:00,79849.97829840898,79899.97829840898,-1,50.0,200.0,,False,sl,0.0,-0.05,0.07987497829840899,-0.129874978298409,0.001,vwap_initial,1,79396.41020001528,302.3787322624671,1.5000000000000158,1.5,3600
2025-04,69,858359,858359,2025-04-11T01:48:32+00:00,2025-04-11T01:48:32+00:00,79849.36393270783,79899.36393270783,-1,50.0,200.0,,False,sl,0.0,-0.05,0.07987436393270782,-0.12987436393270782,0.001,vwap_initial,1,79396.41020001528,302.3787322624671,1.4979682244959671,1.5,3600
2025-04,70,858359,858511,2025-04-11T01:48:32+00:00,2025-04-11T01:51:04+00:00,79964.43652318345,80014.43652318345,-1,50.0,200.0,,False,sl,152.0,-0.05,0.07998943652318345,-0.12998943652318345,0.001,vwap_initial,1,79396.41020001528,302.3787322624671,1.87852604221888,2.0,3600
2025-04,71,858599,858599,2025-04-11T01:52:32+00:00,2025-04-11T01:52:32+00:00,80159.98670603942,80209.98670603942,-1,50.0,200.0,,False,sl,0.0,-0.05,0.08018498670603942,-0.13018498670603942,0.001,vwap_initial,1,79548.57414174709,407.60837619489223,1.499999999999984,1.5,3600
2025-04,72,858599,858599,2025-04-11T01:52:32+00:00,2025-04-11T01:52:32+00:00,79973.52473905217,80023.52473905217,-1,50.0,200.0,,False,sl,0.0,-0.05,0.07999852473905217,-0.12999852473905216,0.001,vwap_initial,1,79548.57414174709,407.60837619489223,1.0425462824686886,1.5,3600
2025-04,73,858599,858599,2025-04-11T01:52:32+00:00,2025-04-11T01:52:32+00:00,80114.51766575148,80164.51766575148,-1,50.0,200.0,,False,sl,0.0,-0.05,0.08013951766575149,-0.1301395176657515,0.001,vwap_initial,1,79548.57414174709,407.60837619489223,1.3884492004006286,2.0,3600
2025-04,74,858599,858600,2025-04-11T01:52:32+00:00,2025-04-11T01:52:33+00:00,80255.51059245078,80305.51059245078,-1,50.0,200.0,,False,sl,1.0,-0.05,0.08028051059245078,-0.13028051059245077,0.001,vwap_initial,1,79548.57414174709,407.60837619489223,1.7343521183325328,2.5,3600
2025-04,75,860699,860699,2025-04-11T02:27:34+00:00,2025-04-11T02:27:34+00:00,80610.9993734575,80660.9993734575,-1,50.0,200.0,,False,sl,0.0,-0.05,0.0806359993734575,-0.1306359993734575,0.001,vwap_initial,1,80188.961394313,281.35865276300314,1.4999999999999873,1.5,3600
2025-04,76,860699,860699,2025-04-11T02:27:34+00:00,2025-04-11T02:27:34+00:00,80407.15329926448,80457.15329926448,-1,50.0,200.0,,False,sl,0.0,-0.05,0.08043215329926448,-0.1304321532992645,0.001,vwap_initial,1,80188.961394313,281.35865276300314,0.7754938503180608,1.5,3600
2025-04,77,860699,860705,2025-04-11T02:27:34+00:00,2025-04-11T02:27:40+00:00,80627.64144493852,80677.64144493852,-1,50.0,200.0,,False,sl,6.0,-0.05,0.08065264144493853,-0.13065264144493854,0.001,vwap_initial,1,80188.961394313,281.35865276300314,1.55914895922905,2.0,3600
2025-04,78,860718,861061,2025-04-11T02:27:53+00:00,2025-04-11T02:33:36+00:00,80751.678699839,80551.678699839,-1,50.0,200.0,,False,tp,343.0,0.2,0.08065167869983901,0.119348321300161,0.001,vwap_initial,1,80196.1501586047,284.4408643326411,1.9530546095677765,2.0,3600
2025-04,79,880684,880684,2025-04-11T08:01:47+00:00,2025-04-11T08:01:47+00:00,80830.23478969287,80780.23478969287,1,50.0,200.0,,False,sl,0.0,-0.05,0.08080523478969287,-0.13080523478969286,0.001,vwap_inversion_flip,-1,81104.07347904626,183.22358595141998,1.4945602550645174,1.5,3600
2025-04,80,880695,880726,2025-04-11T08:01:58+00:00,2025-04-11T08:02:29+00:00,80738.78824981503,80938.78824981503,1,50.0,200.0,,False,tp,31.0,0.2,0.08083878824981502,0.11916121175018499,0.001,vwap_inversion_flip,-1,81093.2031174662,188.6783105469102,1.878408104375368,2.0,3600
2025-04,81,880979,880979,2025-04-11T08:06:42+00:00,2025-04-11T08:06:42+00:00,81513.26788030095,81563.26788030095,-1,50.0,200.0,,False,sl,0.0,-0.05,0.08153826788030095,-0.13153826788030096,0.001,vwap_initial,1,81229.8260657413,303.5618881275581,0.9337200275962813,1.5,3600
2025-04,82,880979,880990,2025-04-11T08:06:42+00:00,2025-04-11T08:06:53+00:00,81668.70420665917,81718.70420665917,-1,50.0,200.0,,False,sl,11.0,-0.05,0.08169370420665917,-0.13169370420665916,0.001,vwap_initial,1,81229.8260657413,303.5618881275581,1.4457616653558438,2.0,3600
2025-04,83,880981,880990,2025-04-11T08:06:44+00:00,2025-04-11T08:06:53+00:00,81685.16889793264,81735.16889793264,-1,50.0,200.0,,False,sl,9.0,-0.05,0.08171016889793264,-0.13171016889793263,0.001,vwap_initial,1,81230.31360319788,303.7558057791415,1.4974373693633538,1.5,3600
2025-04,85,885659,885698,2025-04-11T09:24:44+00:00,2025-04-11T09:25:23+00:00,81721.57121070704,81771.57121070704,-1,50.0,200.0,,False,sl,39.0,-0.05,0.08174657121070705,-0.13174657121070704,0.001,vwap_initial,1,81540.61584878233,134.97496923222388,1.3406586640029776,1.5,3600
2025-04,84,885659,885705,2025-04-11T09:24:44+00:00,2025-04-11T09:25:30+00:00,81743.07830263066,81793.07830263066,-1,50.0,200.0,,False,sl,46.0,-0.05,0.08176807830263065,-0.13176807830263065,0.001,vwap_initial,1,81540.61584878233,134.97496923222388,1.4999999999999798,1.5,3600
2025-04,86,885705,885720,2025-04-11T09:25:30+00:00,2025-04-11T09:25:45+00:00,81810.56578724677,81860.56578724677,-1,50.0,200.0,,False,sl,15.0,-0.05,0.08183556578724678,-0.13183556578724678,0.001,vwap_initial,1,81554.09230853572,132.5681746504018,1.9346534670738396,2.0,3600
2025-04,87,889079,889079,2025-04-11T10:21:44+00:00,2025-04-11T10:21:44+00:00,82628.36348283853,82678.36348283853,-1,50.0,200.0,,False,sl,0.0,-0.05,0.08265336348283853,-0.13265336348283852,0.001,vwap_initial,1,82248.91440975964,252.9660487192558,1.4999999999999936,1.5,3600
2025-04,89,889079,889079,2025-04-11T10:21:44+00:00,2025-04-11T10:21:44+00:00,82372.1271669171,82422.1271669171,-1,50.0,200.0,,False,sl,0.0,-0.05,0.0823971271669171,-0.1323971271669171,0.001,vwap_initial,1,82248.91440975964,252.9660487192558,0.4870723078502744,1.5,3600
2025-04,90,889079,889079,2025-04-11T10:21:44+00:00,2025-04-11T10:21:44+00:00,82627.80312456028,82677.80312456028,-1,50.0,200.0,,False,sl,0.0,-0.05,0.08265280312456028,-0.1326528031245603,0.001,vwap_initial,1,82248.91440975964,252.9660487192558,1.4977848478833886,2.0,3600
2025-04,91,889171,889171,2025-04-11T10:23:16+00:00,2025-04-11T10:23:16+00:00,82648.72809383145,82698.72809383145,-1,50.0,200.0,,False,sl,0.0,-0.05,0.08267372809383146,-0.13267372809383146,0.001,vwap_inversion_flip,1,82266.37872051718,254.83321364588988,1.5003906588313531,1.5,3600
2025-04,92,889171,889171,2025-04-11T10:23:16+00:00,2025-04-11T10:23:16+00:00,82397.01521700279,82447.01521700279,-1,50.0,200.0,,False,sl,0.0,-0.05,0.08242201521700279,-0.1324220152170028,0.001,vwap_inversion_flip,1,82266.37872051718,254.83321364588988,0.512635282570086,1.5,3600
2025-04,93,889171,889171,2025-04-11T10:23:16+00:00,2025-04-11T10:23:16+00:00,82656.52819646508,82706.52819646508,-1,50.0,200.0,,False,sl,0.0,-0.05,0.08268152819646508,-0.1326815281964651,0.001,vwap_inversion_flip,1,82266.37872051718,254.83321364588988,1.5309993166355382,2.0,3600
2025-04,88,889079,889780,2025-04-11T10:21:44+00:00,2025-04-11T10:33:25+00:00,82754.84650719815,82804.84650719815,-1,50.0,200.0,82700.5,True,soft_sl,701.0,-0.05,0.08277984650719815,-0.13277984650719815,0.001,vwap_initial,1,82248.91440975964,252.9660487192558,1.9999999999999722,2.0,3600
2025-04,94,893399,893399,2025-04-11T11:33:44+00:00,2025-04-11T11:33:44+00:00,82261.82340035663,82211.82340035663,1,50.0,200.0,,False,sl,0.0,-0.05,0.08223682340035662,-0.13223682340035664,0.001,vwap_initial,-1,82548.2173333558,190.92928866611712,1.4999999999999698,1.5,3600
2025-04,95,893412,893675,2025-04-11T11:33:57+00:00,2025-04-11T11:38:20+00:00,82166.35875602356,82116.35875602356,1,50.0,200.0,,False,sl,263.0,-0.05,0.08214135875602356,-0.13214135875602356,0.001,vwap_initial,-1,82545.50926650218,192.1893545282371,1.972796627624415,2.0,3600
2025-04,97,948599,948599,2025-04-12T03:00:42+00:00,2025-04-12T03:00:42+00:00,82954.61919050083,82904.61919050083,1,50.0,200.0,,False,sl,0.0,-0.05,0.08292961919050083,-0.13292961919050084,0.001,vwap_initial,-1,83024.32373068006,152.74504855152475,0.45634566121935133,1.5,3600
2025-04,98,948599,948599,2025-04-12T03:00:42+00:00,2025-04-12T03:00:42+00:00,82868.17106568845,82818.17106568845,1,50.0,200.0,,False,sl,0.0,-0.05,0.08284317106568845,-0.13284317106568844,0.001,vwap_initial,-1,83024.32373068006,152.74504855152475,1.022309177759898,2.0,3600
2025-04,96,948599,950018,2025-04-12T03:00:42+00:00,2025-04-12T03:24:31+00:00,82795.20615785276,82995.20615785276,1,50.0,200.0,,False,tp,1429.0,0.2,0.08289520615785277,0.11710479384214724,0.001,vwap_initial,-1,83024.32373068006,152.74504855152475,1.5000000000000435,1.5,3600
2025-04,99,1037099,1037099,2025-04-13T03:52:44+00:00,2025-04-13T03:52:44+00:00,85522.81871750398,85572.81871750398,-1,50.0,200.0,,False,sl,0.0,-0.05,0.08554781871750398,-0.135547818717504,0.001,vwap_initial,1,85361.78798683989,107.35382044272293,1.5000000000000502,1.5,3600
2025-04,100,1037099,1037103,2025-04-13T03:52:44+00:00,2025-04-13T03:52:48+00:00,85576.49562772534,85626.49562772534,-1,50.0,200.0,,False,sl,4.0,-0.05,0.08560149562772534,-0.13560149562772533,0.001,vwap_initial,1,85361.78798683989,107.35382044272293,2.0000000000000218,2.0,3600
2025-04,101,1037104,1037138,2025-04-13T03:52:49+00:00,2025-04-13T03:53:23+00:00,85630.1725379467,85680.1725379467,-1,50.0,200.0,,False,sl,34.0,-0.05,0.0856551725379467,-0.1356551725379467,0.001,vwap_initial,1,85363.16195150341,108.14597384733736,2.468983143285629,2.5,3600
2025-04,102,1037138,1037209,2025-04-13T03:53:23+00:00,2025-04-13T03:54:34+00:00,85683.84944816805,85483.84944816805,-1,50.0,200.0,,False,tp,71.0,0.2,0.08558384944816805,0.11441615055183196,0.001,vwap_initial,1,85372.13267895924,116.50053418026604,2.6756681538170404,3.0,3600
2025-04,103,1344059,1344059,2025-04-16T17:55:41+00:00,2025-04-16T17:55:41+00:00,83893.54202424327,83843.54202424327,1,50.0,200.0,,False,sl,0.0,-0.05,0.08386854202424326,-0.13386854202424325,0.001,vwap_initial,-1,84485.90701397153,583.7441052188132,1.0147682596404375,1.5,3600
2025-04,104,1344059,1344067,2025-04-16T17:55:41+00:00,2025-04-16T17:55:49+00:00,83661.4832996914,83611.4832996914,1,50.0,200.0,,False,sl,8.0,-0.05,0.08363648329969141,-0.1336364832996914,0.001,vwap_initial,-1,84485.90701397153,583.7441052188132,1.4123032796555572,2.0,3600
2025-04,105,1344067,1344073,2025-04-16T17:55:49+00:00,2025-04-16T17:55:55+00:00,83610.29085614331,83560.29085614331,1,50.0,200.0,,False,sl,6.0,-0.05,0.08358529085614332,-0.13358529085614332,0.001,vwap_initial,-1,84484.26333879479,584.2267134262794,1.4959474850541121,1.5,3600
2025-04,106,1344119,1344119,2025-04-16T17:56:41+00:00,2025-04-16T17:56:41+00:00,83857.06864719205,83807.06864719205,1,50.0,200.0,,False,sl,0.0,-0.05,0.08383206864719205,-0.13383206864719205,0.001,vwap_initial,-1,84432.18082528088,601.2836153282087,0.9564740555501617,1.5,3600
2025-04,107,1344119,1344119,2025-04-16T17:56:41+00:00,2025-04-16T17:56:41+00:00,83617.94282598725,83567.94282598725,1,50.0,200.0,,False,sl,0.0,-0.05,0.08359294282598725,-0.13359294282598727,0.001,vwap_initial,-1,84432.18082528088,601.2836153282087,1.354166284489864,2.0,3600
2025-04,108,1344121,1344141,2025-04-16T17:56:43+00:00,2025-04-16T17:57:03+00:00,83530.25540228857,83480.25540228857,1,50.0,200.0,,False,sl,20.0,-0.05,0.08350525540228858,-0.13350525540228858,0.001,vwap_initial,-1,84431.1964837523,601.4158129858042,1.4980335767875608,1.5,3600
2025-04,109,1344173,1344180,2025-04-16T17:57:35+00:00,2025-04-16T17:57:42+00:00,83378.81700478245,83328.81700478245,1,50.0,200.0,,False,sl,7.0,-0.05,0.08335381700478246,-0.13335381700478247,0.001,vwap_initial,-1,84402.24736137938,611.9268227374281,1.6724718031130912,2.5,3600
2025-04,110,1344860,1344901,2025-04-16T18:09:02+00:00,2025-04-16T18:09:43+00:00,83609.85814809689,83809.85814809689,1,50.0,200.0,,False,tp,41.0,0.2,0.08370985814809688,0.11629014185190313,0.001,vwap_inversion_flip,-1,84145.88234295145,644.6975084023954,0.8314351891678062,1.5,3600
2025-04,111,1344861,1344901,2025-04-16T18:09:03+00:00,2025-04-16T18:09:43+00:00,83605.06853400945,83805.06853400945,1,50.0,200.0,,False,tp,40.0,0.2,0.08370506853400946,0.11629493146599056,0.001,vwap_inversion_flip,-1,84145.83237133814,644.6853150427519,0.83880278441402,1.5,3600
2025-04,112,1418879,1418879,2025-04-17T15:07:24+00:00,2025-04-17T15:07:24+00:00,84268.45607738647,84318.45607738647,-1,50.0,200.0,,False,sl,0.0,-0.05,0.08429345607738646,-0.13429345607738646,0.001,vwap_initial,1,84026.20101340832,161.50337598542322,1.5000000000000335,1.5,3600
2025-04,113,1418879,1418879,2025-04-17T15:07:24+00:00,2025-04-17T15:07:24+00:00,84349.20776537918,84399.20776537918,-1,50.0,200.0,,False,sl,0.0,-0.05,0.08437420776537918,-0.13437420776537917,0.001,vwap_initial,1,84026.20101340832,161.50337598542322,2.000000000000045,2.0,3600
2025-04,114,1418880,1419103,2025-04-17T15:07:25+00:00,2025-04-17T15:11:08+00:00,84429.95945337188,84479.95945337188,-1,50.0,200.0,,False,sl,223.0,-0.05,0.08445495945337189,-0.13445495945337188,0.001,vwap_initial,1,84026.29029477139,161.6675863959547,2.496908425488746,2.5,3600
2025-04,115,1419599,1419599,2025-04-17T15:19:24+00:00,2025-04-17T15:19:24+00:00,84484.55120951263,84534.55120951263,-1,50.0,200.0,,False,sl,0.0,-0.05,0.08450955120951263,-0.13450955120951263,0.001,vwap_initial,1,84107.911799242,251.09294018041945,1.499999999999985,1.5,3600
2025-04,116,1419620,1419968,2025-04-17T15:19:45+00:00,2025-04-17T15:25:33+00:00,84610.09767960284,84410.09767960284,-1,50.0,200.0,,False,tp,348.0,0.2,0.08451009767960284,0.11548990232039717,0.001,vwap_initial,1,84109.42646082623,252.4882811813102,1.982948342925591,2.0,3600
2025-04,117,1592219,1592328,2025-04-19T17:56:06+00:00,2025-04-19T17:57:57+00:00,85114.00737270569,85164.00737270569,-1,50.0,200.0,,False,sl,111.0,-0.05,0.08513900737270569,-0.13513900737270568,0.001,vwap_initial,1,84957.05771244016,104.63310684368226,1.5000000000000364,1.5,3600
2025-04,118,1592878,1593212,2025-04-19T18:07:18+00:00,2025-04-19T18:13:02+00:00,85198.04945360062,85248.04945360062,-1,50.0,200.0,,False,sl,344.0,-0.05,0.08522304945360062,-0.13522304945360064,0.001,vwap_inversion_flip,1,85041.41063935921,106.38068621298447,1.4724365842856189,1.5,3600
2025-04,119,1701719,1701719,2025-04-21T02:23:55+00:00,2025-04-21T02:23:55+00:00,87455.66359495484,87505.66359495484,-1,50.0,200.0,,False,sl,0.0,-0.05,0.08748066359495484,-0.13748066359495484,0.001,vwap_initial,1,87255.70132011824,133.30818322439947,1.4999999999999654,1.5,3600
2025-04,120,1701719,1701719,2025-04-21T02:23:55+00:00,2025-04-21T02:23:55+00:00,87522.31768656704,87572.31768656704,-1,50.0,200.0,,False,sl,0.0,-0.05,0.08754731768656704,-0.13754731768656703,0.001,vwap_initial,1,87255.70132011824,133.30818322439947,1.9999999999999902,2.0,3600
2025-04,121,1701776,1702546,2025-04-21T02:24:52+00:00,2025-04-21T02:37:42+00:00,87461.18829072166,87261.18829072166,-1,50.0,200.0,,False,tp,770.0,0.2,0.08736118829072168,0.11263881170927834,0.001,vwap_inversion_flip,1,87262.72651403086,132.31520397197608,1.499916643992315,1.5,3600
2025-04,122,1733999,1733999,2025-04-21T11:26:01+00:00,2025-04-21T11:26:01+00:00,86699.50611271203,86649.50611271203,1,50.0,200.0,,False,sl,0.0,-0.05,0.08667450611271202,-0.13667450611271204,0.001,vwap_initial,-1,87032.40133608569,221.9301489157796,1.499999999999974,1.5,3600
2025-04,123,1733999,1733999,2025-04-21T11:26:01+00:00,2025-04-21T11:26:01+00:00,86894.821069735,86844.821069735,1,50.0,200.0,,False,sl,0.0,-0.05,0.086869821069735,-0.136869821069735,0.001,vwap_initial,-1,87032.40133608569,221.9301489157796,0.6199259858240419,1.5,3600
2025-04,124,1733999,1733999,2025-04-21T11:26:01+00:00,2025-04-21T11:26:01+00:00,86762.04081703121,86712.04081703121,1,50.0,200.0,,False,sl,0.0,-0.05,0.08673704081703122,-0.13673704081703122,0.001,vwap_initial,-1,87032.40133608569,221.9301489157796,1.2182234832684946,2.0,3600
2025-04,125,1742124,1742459,2025-04-21T13:41:35+00:00,2025-04-21T13:47:10+00:00,87459.24216973268,87259.24216973268,-1,50.0,200.0,,False,tp,335.0,0.2,0.08735924216973269,0.11264075783026732,0.001,vwap_initial,1,87138.7794395238,217.13824937131554,1.475846522373277,1.5,3600
2025-04,126,1742124,1742459,2025-04-21T13:41:35+00:00,2025-04-21T13:47:10+00:00,87472.33616088225,87272.33616088225,-1,50.0,200.0,,False,tp,335.0,0.2,0.08737233616088225,0.11262766383911776,0.001,vwap_initial,1,87138.7794395238,217.13824937131554,1.5361490770244148,1.5,3600
2025-04,127,1754159,1754159,2025-04-21T17:02:15+00:00,2025-04-21T17:02:15+00:00,86935.0738220275,86885.0738220275,1,50.0,200.0,,False,sl,0.0,-0.05,0.0869100738220275,-0.13691007382202752,0.001,vwap_initial,-1,87493.88777290749,372.54263391999655,1.499999999999998,1.5,3600
2025-04,128,1754159,1754159,2025-04-21T17:02:15+00:00,2025-04-21T17:02:15+00:00,87038.3771597124,86988.3771597124,1,50.0,200.0,,False,sl,0.0,-0.05,0.08701337715971241,-0.1370133771597124,0.001,vwap_initial,-1,87493.88777290749,372.54263391999655,1.2227073406393256,1.5,3600
2025-04,129,1754159,1754159,2025-04-21T17:02:15+00:00,2025-04-21T17:02:15+00:00,86815.19583269111,86765.19583269111,1,50.0,200.0,,False,sl,0.0,-0.05,0.08679019583269111,-0.1367901958326911,0.001,vwap_initial,-1,87493.88777290749,372.54263391999655,1.8217832763863628,2.0,3600
2025-04,130,1754162,1754172,2025-04-21T17:02:18+00:00,2025-04-21T17:02:28+00:00,86748.80250506749,86698.80250506749,1,50.0,200.0,,False,sl,10.0,-0.05,0.0867238025050675,-0.1367238025050675,0.001,vwap_initial,-1,87492.77273234763,373.2542259179599,1.9931997432861195,2.0,3600
2025-04,132,1754399,1754399,2025-04-21T17:06:15+00:00,2025-04-21T17:06:15+00:00,86843.21642741606,86793.21642741606,1,50.0,200.0,,False,sl,0.0,-0.05,0.08681821642741606,-0.13681821642741607,0.001,vwap_initial,-1,87231.71132777029,520.9315150948803,0.745769624407287,1.5,3600
2025-04,133,1754399,1754399,2025-04-21T17:06:15+00:00,2025-04-21T17:06:15+00:00,86581.5599836824,86531.5599836824,1,50.0,200.0,,False,sl,0.0,-0.05,0.0865565599836824,-0.1365565599836824,0.001,vwap_initial,-1,87231.71132777029,520.9315150948803,1.2480553110123809,2.0,3600
2025-04,131,1754399,1754402,2025-04-21T17:06:15+00:00,2025-04-21T17:06:18+00:00,86450.31405512796,86400.31405512796,1,50.0,200.0,,False,sl,3.0,-0.05,0.08642531405512797,-0.13642531405512798,0.001,vwap_initial,-1,87231.71132777029,520.9315150948803,1.500000000000006,1.5,3600
2025-04,134,1782299,1782299,2025-04-22T00:59:34+00:00,2025-04-22T00:59:34+00:00,87552.46528805148,87602.46528805148,-1,50.0,200.0,,False,sl,0.0,-0.05,0.08757746528805149,-0.13757746528805148,0.001,vwap_initial,1,87427.05677207785,152.9998291084102,0.819664418610349,1.5,3600
2025-04,135,1782312,1782958,2025-04-22T00:59:47+00:00,2025-04-22T01:10:33+00:00,87656.55651574046,87706.55651574046,-1,50.0,200.0,87563.4,True,soft_sl,646.0,-0.05,0.08768155651574047,-0.1376815565157405,0.001,vwap_initial,1,87428.86936005758,153.7561710181986,1.4808326337414812,1.5,3600
2025-04,136,1782312,1782958,2025-04-22T00:59:47+00:00,2025-04-22T01:10:33+00:00,87654.38496311598,87704.38496311598,-1,50.0,200.0,87563.4,True,soft_sl,646.0,-0.05,0.08767938496311597,-0.137679384963116,0.001,vwap_initial,1,87428.86936005758,153.7561710181986,1.4667092810974847,2.0,3600
2025-04,137,1783319,1783319,2025-04-22T01:16:34+00:00,2025-04-22T01:16:34+00:00,87970.53360893109,88020.53360893109,-1,50.0,200.0,,False,sl,0.0,-0.05,0.08799553360893109,-0.13799553360893108,0.001,vwap_initial,1,87568.68907686643,267.8963547097744,1.4999999999999827,1.5,3600
2025-04,139,1783319,1783319,2025-04-22T01:16:34+00:00,2025-04-22T01:16:34+00:00,87795.97972990593,87845.97972990593,-1,50.0,200.0,,False,sl,0.0,-0.05,0.08782097972990593,-0.13782097972990592,0.001,vwap_initial,1,87568.68907686643,267.8963547097744,0.8484275692580175,1.5,3600
2025-04,140,1783319,1783319,2025-04-22T01:16:34+00:00,2025-04-22T01:16:34+00:00,87945.22754677002,87995.22754677002,-1,50.0,200.0,,False,sl,0.0,-0.05,0.08797022754677002,-0.13797022754677002,0.001,vwap_initial,1,87568.68907686643,267.8963547097744,1.4055378629974868,2.0,3600
2025-04,141,1783319,1783401,2025-04-22T01:16:34+00:00,2025-04-22T01:17:56+00:00,88094.47536363412,88144.47536363412,-1,50.0,200.0,,False,sl,82.0,-0.05,0.08811947536363413,-0.13811947536363411,0.001,vwap_initial,1,87568.68907686643,267.8963547097744,1.9626481567369563,2.5,3600
2025-04,138,1783319,1783402,2025-04-22T01:16:34+00:00,2025-04-22T01:17:57+00:00,88104.48178628598,88154.48178628598,-1,50.0,200.0,,False,sl,83.0,-0.05,0.08812948178628598,-0.13812948178628598,0.001,vwap_initial,1,87568.68907686643,267.8963547097744,1.999999999999995,2.0,3600
2025-04,142,1825079,1825079,2025-04-22T12:57:48+00:00,2025-04-22T12:57:48+00:00,89051.43276154505,89101.43276154505,-1,50.0,200.0,,False,sl,0.0,-0.05,0.08907643276154505,-0.13907643276154505,0.001,vwap_initial,1,88774.65626390786,184.51766509145565,1.5000000000000009,1.5,3600
2025-04,143,1825079,1825079,2025-04-22T12:57:48+00:00,2025-04-22T12:57:48+00:00,88948.53539635307,88998.53539635307,-1,50.0,200.0,,False,sl,0.0,-0.05,0.08897353539635307,-0.13897353539635307,0.001,vwap_initial,1,88774.65626390786,184.51766509145565,0.9423440967509558,1.5,3600
2025-04,144,1825079,1825079,2025-04-22T12:57:48+00:00,2025-04-22T12:57:48+00:00,89059.55223902721,89109.55223902721,-1,50.0,200.0,,False,sl,0.0,-0.05,0.08908455223902721,-0.13908455223902721,0.001,vwap_initial,1,88774.65626390786,184.51766509145565,1.5440037948569265,2.0,3600
2025-04,146,1827299,1827299,2025-04-22T13:34:48+00:00,2025-04-22T13:34:48+00:00,89756.58811850396,89806.58811850396,-1,50.0,200.0,,False,sl,0.0,-0.05,0.08978158811850397,-0.13978158811850397,0.001,vwap_initial,1,89290.69388623549,352.2738785056459,1.3225341437316007,1.5,3600
2025-04,145,1827299,1827470,2025-04-22T13:34:48+00:00,2025-04-22T13:37:39+00:00,89819.10470399396,89619.10470399396,-1,50.0,200.0,89704.3,True,tp,171.0,0.2,0.08971910470399397,0.11028089529600604,0.001,vwap_initial,1,89290.69388623549,352.2738785056459,1.5000000000000069,1.5,3600
2025-04,147,1827435,1827471,2025-04-22T13:37:04+00:00,2025-04-22T13:37:40+00:00,89779.11786583526,89579.11786583526,-1,50.0,200.0,,False,tp,36.0,0.2,0.08967911786583527,0.11032088213416474,0.001,vwap_inversion_flip,1,89310.82468115614,354.3808285181079,1.3214405153838324,1.5,3600
2025-04,149,1827779,1827779,2025-04-22T13:42:48+00:00,2025-04-22T13:42:48+00:00,90023.06128620935,90073.06128620935,-1,50.0,200.0,,False,sl,0.0,-0.05,0.09004806128620936,-0.14004806128620936,0.001,vwap_initial,1,89506.35085619967,365.2256293196343,1.4147704556557128,1.5,3600
2025-04,148,1827779,1827783,2025-04-22T13:42:48+00:00,2025-04-22T13:42:52+00:00,90054.18930017912,90104.18930017912,-1,50.0,200.0,,False,sl,4.0,-0.05,0.09007918930017912,-0.14007918930017912,0.001,vwap_initial,1,89506.35085619967,365.2256293196343,1.4999999999999858,1.5,3600
2025-04,150,1828019,1828019,2025-04-22T13:46:48+00:00,2025-04-22T13:46:48+00:00,90229.08346609263,90279.08346609263,-1,50.0,200.0,,False,sl,0.0,-0.05,0.09025408346609264,-0.14025408346609264,0.001,vwap_initial,1,89617.8979855822,407.4569870069538,1.500000000000017,1.5,3600
2025-04,151,1828019,1828019,2025-04-22T13:46:48+00:00,2025-04-22T13:46:48+00:00,90203.35478861068,90253.35478861068,-1,50.0,200.0,,False,sl,0.0,-0.05,0.09022835478861069,-0.14022835478861068,0.001,vwap_initial,1,89617.8979855822,407.4569870069538,1.436855476032111,1.5,3600
2025-04,152,1828025,1828060,2025-04-22T13:46:54+00:00,2025-04-22T13:47:29+00:00,90432.8119595961,90232.8119595961,-1,50.0,200.0,,False,tp,35.0,0.2,0.0903328119595961,0.10966718804040392,0.001,vwap_initial,1,89620.0016703172,408.2639523631297,1.990894088430198,2.0,3600
2025-04,153,1918679,1918679,2025-04-23T15:02:02+00:00,2025-04-23T15:02:02+00:00,92812.17787612136,92762.17787612136,1,50.0,200.0,,False,sl,0.0,-0.05,0.09278717787612137,-0.14278717787612139,0.001,vwap_initial,-1,93032.23768662785,253.3540311269779,0.8685861816668481,1.5,3600
2025-04,154,1918687,1918733,2025-04-23T15:02:10+00:00,2025-04-23T15:02:56+00:00,92652.20663993739,92602.20663993739,1,50.0,200.0,,False,sl,46.0,-0.05,0.09262720663993738,-0.1426272066399374,0.001,vwap_initial,-1,93031.40081636171,253.86716245333244,1.4936716224337594,1.5,3600
2025-04,155,1918733,1918733,2025-04-23T15:02:56+00:00,2025-04-23T15:02:56+00:00,92584.13246919926,92534.13246919926,1,50.0,200.0,,False,sl,0.0,-0.05,0.09255913246919927,-0.14255913246919927,0.001,vwap_initial,-1,93012.43984427166,261.9819969918382,1.6348733118701408,2.0,3600
2025-04,156,1919639,1919639,2025-04-23T15:18:02+00:00,2025-04-23T15:18:02+00:00,92358.47113582164,92308.47113582164,1,50.0,200.0,,False,sl,0.0,-0.05,0.09233347113582165,-0.14233347113582165,0.001,vwap_initial,-1,92753.68185464287,263.473812547483,1.5000000000000013,1.5,3600
2025-04,158,1919639,1919639,2025-04-23T15:18:02+00:00,2025-04-23T15:18:02+00:00,92617.90897086954,92567.90897086954,1,50.0,200.0,,False,sl,0.0,-0.05,0.09259290897086955,-0.14259290897086957,0.001,vwap_initial,-1,92753.68185464287,263.473812547483,0.5153183250379443,1.5,3600
2025-04,159,1919639,1919639,2025-04-23T15:18:02+00:00,2025-04-23T15:18:02+00:00,92355.23304965837,92305.23304965837,1,50.0,200.0,,False,sl,0.0,-0.05,0.09233023304965837,-0.14233023304965836,0.001,vwap_initial,-1,92753.68185464287,263.473812547483,1.5122899734586974,2.0,3600
2025-04,157,1919639,1919648,2025-04-23T15:18:02+00:00,2025-04-23T15:18:11+00:00,92226.7342295479,92176.7342295479,1,50.0,200.0,,False,sl,9.0,-0.05,0.09220173422954792,-0.1422017342295479,0.001,vwap_initial,-1,92753.68185464287,263.473812547483,2.0000000000000018,2.0,3600
2025-04,160,1920630,1920638,2025-04-23T15:34:33+00:00,2025-04-23T15:34:41+00:00,92297.73424829863,92247.73424829863,1,50.0,200.0,,False,sl,8.0,-0.05,0.09227273424829864,-0.14227273424829864,0.001,vwap_inversion_flip,-1,92422.90026069603,341.80582426195963,0.36619040259967206,1.5,3600
2025-04,161,2047559,2047559,2025-04-25T03:21:52+00:00,2025-04-25T03:21:52+00:00,93077.85483044086,93027.85483044086,1,50.0,200.0,,False,sl,0.0,-0.05,0.09305285483044087,-0.1430528548304409,0.001,vwap_initial,-1,93059.13159417734,152.48952358602872,0.0,1.5,3600
2025-04,162,2053141,2053387,2025-04-25T04:56:21+00:00,2025-04-25T05:00:31+00:00,93032.49819578373,92982.49819578373,1,50.0,200.0,,False,sl,250.0,-0.05,0.09300749819578373,-0.14300749819578373,0.001,vwap_inversion_flip,-1,93225.3745357391,128.84106617455453,1.4970098096988886,1.5,3600
2025-04,163,2289402,2289640,2025-04-28T01:13:23+00:00,2025-04-28T01:17:22+00:00,93202.06652163737,93152.06652163737,1,50.0,200.0,93258.8,True,soft_sl,239.0,-0.05,0.09317706652163738,-0.14317706652163736,0.001,vwap_initial,-1,93432.72843331884,151.20432379376416,1.5254981199881654,1.5,3600
2025-04,164,2289403,2289640,2025-04-28T01:13:24+00:00,2025-04-28T01:17:22+00:00,93185.2050862267,93135.2050862267,1,50.0,200.0,93258.8,True,soft_sl,238.0,-0.05,0.09316020508622672,-0.14316020508622673,0.001,vwap_initial,-1,93432.68227472648,151.23735525988786,1.6363496179532362,1.5,3600
2025-04,165,2289527,2289640,2025-04-28T01:15:29+00:00,2025-04-28T01:17:22+00:00,93203.27843675898,93153.27843675898,1,50.0,200.0,,False,sl,113.0,-0.05,0.09317827843675898,-0.14317827843675898,0.001,vwap_inversion_flip,-1,93433.41619712905,153.8744768522329,1.4956200994338456,1.5,3600
2025-04,166,2334959,2334959,2025-04-28T13:58:42+00:00,2025-04-28T13:58:42+00:00,94081.08362385853,94031.08362385853,1,50.0,200.0,,False,sl,0.0,-0.05,0.09405608362385855,-0.14405608362385855,0.001,vwap_initial,-1,94685.79103676506,403.13827527102063,1.4999999999999964,1.5,3600
2025-04,167,2334959,2334959,2025-04-28T13:58:42+00:00,2025-04-28T13:58:42+00:00,94312.00114498798,94262.00114498798,1,50.0,200.0,,False,sl,0.0,-0.05,0.09428700114498799,-0.144287001144988,0.001,vwap_initial,-1,94685.79103676506,403.13827527102063,0.9272002057502219,1.5,3600
2025-04,168,2334959,2334959,2025-04-28T13:58:42+00:00,2025-04-28T13:58:42+00:00,94113.03452861415,94063.03452861415,1,50.0,200.0,,False,sl,0.0,-0.05,0.09408803452861417,-0.14408803452861418,0.001,vwap_initial,-1,94685.79103676506,403.13827527102063,1.4207445516451103,2.0,3600
2025-04,169,2334959,2335040,2025-04-28T13:58:42+00:00,2025-04-28T14:00:03+00:00,93914.06791224032,93864.06791224032,1,50.0,200.0,,False,sl,81.0,-0.05,0.09388906791224032,-0.14388906791224032,0.001,vwap_initial,-1,94685.79103676506,403.13827527102063,1.9142888975399985,2.5,3600
2025-04,170,2334982,2335043,2025-04-28T13:59:05+00:00,2025-04-28T14:00:06+00:00,93879.51448622302,93829.51448622302,1,50.0,200.0,,False,sl,61.0,-0.05,0.09385451448622302,-0.14385451448622302,0.001,vwap_initial,-1,94678.8126666421,407.1535526388817,1.963136942410529,2.0,3600
2025-04,171,2339293,2339293,2025-04-28T15:11:00+00:00,2025-04-28T15:11:00+00:00,94223.01787193058,94173.01787193058,1,50.0,200.0,,False,sl,0.0,-0.05,0.09419801787193059,-0.1441980178719306,0.001,vwap_inversion_flip,-1,94483.0943230523,173.89522793366723,1.4955928015512872,1.5,3600
2025-04,172,2339293,2339293,2025-04-28T15:11:00+00:00,2025-04-28T15:11:00+00:00,94136.24480452486,94086.24480452486,1,50.0,200.0,,False,sl,0.0,-0.05,0.09411124480452486,-0.14411124480452486,0.001,vwap_inversion_flip,-1,94483.0943230523,173.89522793366723,1.994589056001833,2.0,3600
2025-04,173,2339293,2339683,2025-04-28T15:11:00+00:00,2025-04-28T15:17:30+00:00,94049.47173711914,93999.47173711914,1,50.0,200.0,,False,sl,390.0,-0.05,0.09402447173711914,-0.14402447173711913,0.001,vwap_inversion_flip,-1,94483.0943230523,173.89522793366723,2.4935853104523784,2.5,3600
2025-04,174,2339293,2339684,2025-04-28T15:11:00+00:00,2025-04-28T15:17:31+00:00,94027.14834482413,93977.14834482413,1,50.0,200.0,,False,sl,391.0,-0.05,0.09400214834482414,-0.14400214834482414,0.001,vwap_inversion_flip,-1,94483.0943230523,173.89522793366723,2.6219579665641235,1.5,3600
2025-04,175,2498879,2498879,2025-04-30T12:32:36+00:00,2025-04-30T12:32:36+00:00,94797.83111087992,94747.83111087992,1,50.0,200.0,,False,sl,0.0,-0.05,0.09477283111087992,-0.1447728311108799,0.001,vwap_initial,-1,94995.88658729411,132.03698427612173,1.5000000000000202,1.5,3600
2025-04,176,2498879,2498879,2025-04-30T12:32:36+00:00,2025-04-30T12:32:36+00:00,94731.81261874187,94681.81261874187,1,50.0,200.0,,False,sl,0.0,-0.05,0.09470681261874186,-0.14470681261874185,0.001,vwap_initial,-1,94995.88658729411,132.03698427612173,1.99999999999999,2.0,3600
2025-04,177,2498879,2498887,2025-04-30T12:32:36+00:00,2025-04-30T12:32:44+00:00,94665.79412660381,94615.79412660381,1,50.0,200.0,,False,sl,8.0,-0.05,0.09464079412660381,-0.1446407941266038,0.001,vwap_initial,-1,94995.88658729411,132.03698427612173,2.49999999999996,2.5,3600
2025-04,178,2498879,2498887,2025-04-30T12:32:36+00:00,2025-04-30T12:32:44+00:00,94655.8957777738,94605.8957777738,1,50.0,200.0,,False,sl,8.0,-0.05,0.09463089577777381,-0.14463089577777383,0.001,vwap_initial,-1,94995.88658729411,132.03698427612173,2.5749664867330613,1.5,3600
2025-04,179,2498887,2498887,2025-04-30T12:32:44+00:00,2025-04-30T12:32:44+00:00,94599.77563446574,94549.77563446574,1,50.0,200.0,,False,sl,0.0,-0.05,0.09457477563446574,-0.14457477563446575,0.001,vwap_initial,-1,94972.72284946067,159.95114582849658,2.331632030912812,3.0,3600
2025-04,180,2498887,2498889,2025-04-30T12:32:44+00:00,2025-04-30T12:32:46+00:00,94573.72866997789,94523.72866997789,1,50.0,200.0,,False,sl,2.0,-0.05,0.09454872866997789,-0.1445487286699779,0.001,vwap_initial,-1,94972.72284946067,159.95114582849658,2.494475281287366,2.0,3600
2025-04,182,2498939,2498939,2025-04-30T12:33:36+00:00,2025-04-30T12:33:36+00:00,94659.9492299555,94609.9492299555,1,50.0,200.0,,False,sl,0.0,-0.05,0.0946349492299555,-0.1446349492299555,0.001,vwap_initial,-1,94939.6639477252,186.47647851313351,1.5000000000000215,1.5,3600
2025-04,183,2498939,2499105,2025-04-30T12:33:36+00:00,2025-04-30T12:36:22+00:00,94620.6744273572,94570.6744273572,1,50.0,200.0,,False,sl,166.0,-0.05,0.0945956744273572,-0.1445956744273572,0.001,vwap_initial,-1,94939.6639477252,186.47647851313351,1.710615316802756,1.5,3600
2025-04,181,2498889,2499117,2025-04-30T12:32:46+00:00,2025-04-30T12:36:34+00:00,94533.75714232768,94483.75714232768,1,50.0,200.0,,False,sl,228.0,-0.05,0.09450875714232769,-0.1445087571423277,0.001,vwap_initial,-1,94954.30270387494,176.9935564861999,2.376050122367307,3.5,3600
2025-04,184,2499359,2499359,2025-04-30T12:40:36+00:00,2025-04-30T12:40:36+00:00,94521.01381489701,94471.01381489701,1,50.0,200.0,,False,sl,0.0,-0.05,0.09449601381489701,-0.14449601381489702,0.001,vwap_initial,-1,94812.87177916183,260.49587602765513,1.1203937993775623,1.5,3600
2025-04,185,2499378,2499386,2025-04-30T12:40:55+00:00,2025-04-30T12:41:03+00:00,94422.12796512034,94372.12796512034,1,50.0,200.0,,False,sl,8.0,-0.05,0.09439712796512034,-0.14439712796512033,0.001,vwap_initial,-1,94808.54315257122,261.79137587705947,1.4760424637989142,1.5,3600
2025-04,186,2499378,2499387,2025-04-30T12:40:55+00:00,2025-04-30T12:41:04+00:00,94415.02368280984,94365.02368280984,1,50.0,200.0,,False,sl,9.0,-0.05,0.09439002368280984,-0.14439002368280984,0.001,vwap_initial,-1,94808.54315257122,261.79137587705947,1.5031796538102107,2.0,3600
2025-04,187,2500567,2501018,2025-04-30T13:00:44+00:00,2025-04-30T13:08:17+00:00,94403.62597105806,94353.62597105806,1,50.0,200.0,,False,sl,453.0,-0.05,0.09437862597105807,-0.14437862597105808,0.001,vwap_inversion_flip,-1,94640.24048611942,248.16665605463302,0.9534500678820825,1.5,3600
2025-05,1,137579,137579,2025-05-02T15:01:38+00:00,2025-05-02T15:01:38+00:00,97629.2023768824,97679.2023768824,-1,50.0,200.0,,False,sl,0.0,-0.05,0.0976542023768824,-0.1476542023768824,0.001,vwap_initial,1,97350.88795250055,306.41893203948484,0.9082807727624023,1.5,3600
2025-05,4,137715,137715,2025-05-02T15:03:54+00:00,2025-05-02T15:03:54+00:00,97648.42711938382,97698.42711938382,-1,50.0,200.0,,False,sl,0.0,-0.05,0.09767342711938382,-0.1476734271193838,0.001,vwap_inversion_flip,1,97365.91200641586,307.1022224888703,0.9199383536802525,1.5,3600
2025-05,3,137613,137982,2025-05-02T15:02:12+00:00,2025-05-02T15:08:21+00:00,97810.51635055977,97610.51635055977,-1,50.0,200.0,97790.5,True,tp,369.0,0.2,0.09771051635055977,0.10228948364944024,0.001,vwap_initial,1,97356.03019095806,307.5908046969429,1.47756744565073,1.5,3600
2025-05,2,137598,137984,2025-05-02T15:01:57+00:00,2025-05-02T15:08:23+00:00,97796.17492407603,97596.17492407603,-1,50.0,200.0,97790.5,True,tp,386.0,0.2,0.09769617492407603,0.10230382507592398,0.001,vwap_initial,1,97352.13282745116,306.46719936698713,1.448905780266338,2.0,3600
2025-05,5,151231,151232,2025-05-02T18:50:55+00:00,2025-05-02T18:50:56+00:00,97286.93478440309,97236.93478440309,1,50.0,200.0,,False,sl,1.0,-0.05,0.09726193478440308,-0.14726193478440308,0.001,vwap_inversion_flip,-1,97409.78833646562,82.41223173418113,1.4907198783160192,1.5,3600
2025-05,6,151231,151296,2025-05-02T18:50:55+00:00,2025-05-02T18:52:00+00:00,97245.86503530666,97195.86503530666,1,50.0,200.0,,False,sl,65.0,-0.05,0.09722086503530666,-0.14722086503530668,0.001,vwap_inversion_flip,-1,97409.78833646562,82.41223173418113,1.9890651874066967,2.0,3600
2025-05,7,326939,326945,2025-05-04T22:04:43+00:00,2025-05-04T22:04:49+00:00,95179.72752217541,95129.72752217541,1,50.0,200.0,,False,sl,6.0,-0.05,0.09515472752217541,-0.1451547275221754,0.001,vwap_initial,-1,95408.53602293154,236.33663893259086,0.9681465463397454,1.5,3600
2025-05,8,326958,327027,2025-05-04T22:05:02+00:00,2025-05-04T22:06:11+00:00,95089.09233194581,95039.09233194581,1,50.0,200.0,,False,sl,69.0,-0.05,0.09506409233194582,-0.14506409233194584,0.001,vwap_initial,-1,95400.08807208479,238.3033901803093,1.3050411909946928,2.0,3600
2025-05,9,326961,327103,2025-05-04T22:05:05+00:00,2025-05-04T22:07:27+00:00,95054.03106453265,95254.03106453265,1,50.0,200.0,,False,tp,142.0,0.2,0.09515403106453266,0.10484596893546735,0.001,vwap_initial,-1,95386.34034390823,242.92175987020337,1.367968351427786,1.5,3600
2025-05,10,356279,356301,2025-05-05T06:19:29+00:00,2025-05-05T06:19:51+00:00,94602.48590274685,94652.48590274685,-1,50.0,200.0,,False,sl,22.0,-0.05,0.09462748590274686,-0.14462748590274688,0.001,vwap_initial,1,94565.72020509811,107.33825977696698,0.34252183448034174,1.5,3600
2025-05,12,382559,382559,2025-05-05T13:48:23+00:00,2025-05-05T13:48:23+00:00,93818.4664773031,93768.4664773031,1,50.0,200.0,,False,sl,0.0,-0.05,0.0937934664773031,-0.14379346647730312,0.001,vwap_initial,-1,94031.28114111611,211.05713148005108,1.0083272823838598,1.5,3600
2025-05,14,382632,382632,2025-05-05T13:49:36+00:00,2025-05-05T13:49:36+00:00,93812.76443669839,93762.76443669839,1,50.0,200.0,,False,sl,0.0,-0.05,0.0937877644366984,-0.14378776443669838,0.001,vwap_inversion_flip,-1,94022.91098896979,212.8430556461924,0.9873310248877655,1.5,3600
2025-05,13,382559,382715,2025-05-05T13:48:23+00:00,2025-05-05T13:50:59+00:00,93723.62623849674,93673.62623849674,1,50.0,200.0,93770.1,True,soft_sl,156.0,-0.05,0.09369862623849674,-0.14369862623849675,0.001,vwap_initial,-1,94031.28114111611,211.05713148005108,1.4576854165595783,2.0,3600
2025-05,11,382559,382719,2025-05-05T13:48:23+00:00,2025-05-05T13:51:03+00:00,93714.69544389604,93664.69544389604,1,50.0,200.0,93770.1,True,soft_sl,160.0,-0.05,0.09368969544389605,-0.14368969544389604,0.001,vwap_initial,-1,94031.28114111611,211.05713148005108,1.4999999999999727,1.5,3600
2025-05,15,382677,382719,2025-05-05T13:50:21+00:00,2025-05-05T13:51:03+00:00,93717.16170873152,93667.16170873152,1,50.0,200.0,,False,sl,42.0,-0.05,0.09369216170873153,-0.14369216170873153,0.001,vwap_inversion_flip,-1,94018.38346587875,213.710644101639,1.409484110693007,2.0,3600
2025-05,16,382682,382723,2025-05-05T13:50:26+00:00,2025-05-05T13:51:07+00:00,93703.68472289802,93653.68472289802,1,50.0,200.0,,False,sl,41.0,-0.05,0.09367868472289803,-0.14367868472289802,0.001,vwap_inversion_flip,-1,94014.61448535149,215.17299418555973,1.4450222418958794,1.5,3600
2025-05,17,467039,467039,2025-05-06T14:02:06+00:00,2025-05-06T14:02:06+00:00,93924.67391935752,93974.67391935752,-1,50.0,200.0,,False,sl,0.0,-0.05,0.09394967391935752,-0.14394967391935753,0.001,vwap_initial,1,93668.44202117277,170.82126545649487,1.5000000000000409,1.5,3600
2025-05,18,467519,467541,2025-05-06T14:10:06+00:00,2025-05-06T14:10:28+00:00,94002.21049193776,94052.21049193776,-1,50.0,200.0,,False,sl,22.0,-0.05,0.09402721049193777,-0.14402721049193778,0.001,vwap_initial,1,93710.94720557737,194.1755242402644,1.4999999999999865,1.5,3600
2025-05,19,479316,479498,2025-05-06T17:27:27+00:00,2025-05-06T17:30:31+00:00,94623.01127460826,94673.01127460826,-1,50.0,200.0,,False,sl,184.0,-0.05,0.09464801127460827,-0.14464801127460827,0.001,vwap_initial,1,94409.39225384366,144.55115539556454,1.477809154690121,1.5,3600
2025-05,20,495599,495599,2025-05-06T22:04:44+00:00,2025-05-06T22:04:44+00:00,95179.34598806701,95229.34598806701,-1,50.0,200.0,,False,sl,0.0,-0.05,0.09520434598806703,-0.14520434598806703,0.001,vwap_initial,1,94859.53051392296,295.28139392971104,1.08308711865598,1.5,3600
2025-05,21,495621,495626,2025-05-06T22:05:06+00:00,2025-05-06T22:05:11+00:00,95284.40463891414,95334.40463891414,-1,50.0,200.0,,False,sl,5.0,-0.05,0.09530940463891414,-0.14530940463891415,0.001,vwap_initial,1,94871.68122974141,298.46196350562093,1.3828341954366214,2.0,3600
2025-05,22,495626,495627,2025-05-06T22:05:11+00:00,2025-05-06T22:05:12+00:00,95302.45260481753,95352.45260481753,-1,50.0,200.0,,False,sl,1.0,-0.05,0.09532745260481754,-0.14532745260481755,0.001,vwap_initial,1,94900.10618346368,309.72939203207534,1.2990256388460122,1.5,3600
2025-05,23,495627,495634,2025-05-06T22:05:12+00:00,2025-05-06T22:05:19+00:00,95389.46328976129,95439.46328976129,-1,50.0,200.0,,False,sl,7.0,-0.05,0.09541446328976129,-0.1454144632897613,0.001,vwap_initial,1,94913.3180251004,316.41159513537855,1.504828748318071,2.5,3600
2025-05,24,495635,495687,2025-05-06T22:05:20+00:00,2025-05-06T22:06:12+00:00,95450.09330178238,95250.09330178238,-1,50.0,200.0,,False,tp,52.0,0.2,0.09535009330178239,0.10464990669821762,0.001,vwap_initial,1,94941.04005394495,327.2091677707403,1.5557426196386592,2.0,3600
2025-05,25,496318,496337,2025-05-06T22:16:44+00:00,2025-05-06T22:17:03+00:00,95347.97790266637,95397.97790266637,-1,50.0,200.0,,False,sl,19.0,-0.05,0.09537297790266638,-0.1453729779026664,0.001,vwap_inversion_flip,1,95085.78321599877,309.25011078293346,0.8478402352186658,1.5,3600
2025-05,26,497819,497819,2025-05-06T22:41:45+00:00,2025-05-06T22:41:45+00:00,95668.34050860176,95718.34050860176,-1,50.0,200.0,,False,sl,0.0,-0.05,0.09569334050860176,-0.14569334050860178,0.001,vwap_initial,1,95357.71738696571,288.1935420192205,1.077828182615314,1.5,3600
2025-05,27,497823,497858,2025-05-06T22:41:49+00:00,2025-05-06T22:42:24+00:00,95790.00769999454,95840.00769999454,-1,50.0,200.0,,False,sl,35.0,-0.05,0.09581500769999456,-0.14581500769999456,0.001,vwap_initial,1,95358.37760923458,287.7751326060319,1.499886688787918,1.5,3600
2025-05,28,497858,497871,2025-05-06T22:42:24+00:00,2025-05-06T22:42:37+00:00,95845.2597430166,95895.2597430166,-1,50.0,200.0,,False,sl,13.0,-0.05,0.0958702597430166,-0.1458702597430166,0.001,vwap_initial,1,95363.0111869481,289.2998763844094,1.6669504394385235,2.0,3600
2025-05,29,497872,497872,2025-05-06T22:42:38+00:00,2025-05-06T22:42:38+00:00,95934.10447100416,95984.10447100416,-1,50.0,200.0,,False,sl,0.0,-0.05,0.09595910447100417,-0.1459591044710042,0.001,vwap_initial,1,95377.2942005367,300.93402021418035,1.8502735917699675,2.0,3600
2025-05,31,497873,497873,2025-05-06T22:42:39+00:00,2025-05-06T22:42:39+00:00,96022.17897743144,96072.17897743144,-1,50.0,200.0,,False,sl,0.0,-0.05,0.09604717897743144,-0.14604717897743144,0.001,vwap_initial,1,95382.96111716813,305.91503503178353,2.08952744083629,2.5,3600
2025-05,30,497873,497876,2025-05-06T22:42:39+00:00,2025-05-06T22:42:42+00:00,96078.20124201376,96128.20124201376,-1,50.0,200.0,,False,sl,3.0,-0.05,0.09610320124201377,-0.14610320124201376,0.001,vwap_initial,1,95382.96111716813,305.91503503178353,2.272657585376269,2.5,3600
2025-05,32,503459,503710,2025-05-07T00:15:48+00:00,2025-05-07T00:19:59+00:00,96987.25323266473,97037.25323266473,-1,50.0,200.0,,False,sl,251.0,-0.05,0.09701225323266474,-0.14701225323266476,0.001,vwap_initial,1,96726.50289391368,185.80289254057269,1.4033707182148036,1.5,3600
2025-05,33,571799,571799,2025-05-07T19:31:04+00:00,2025-05-07T19:31:04+00:00,95964.46402041693,95914.46402041693,1,50.0,200.0,,False,sl,0.0,-0.05,0.09593946402041693,-0.14593946402041694,0.001,vwap_initial,-1,96349.35981711038,256.59719779563983,1.4999999999999778,1.5,3600
2025-05,34,571799,571799,2025-05-07T19:31:04+00:00,2025-05-07T19:31:04+00:00,96004.08336735186,95954.08336735186,1,50.0,200.0,,False,sl,0.0,-0.05,0.09597908336735186,-0.14597908336735188,0.001,vwap_initial,-1,96349.35981711038,256.59719779563983,1.3455971176797583,1.5,3600
2025-05,35,571803,571912,2025-05-07T19:31:08+00:00,2025-05-07T19:32:57+00:00,95855.88467010068,95805.88467010068,1,50.0,200.0,,False,sl,109.0,-0.05,0.09583088467010069,-0.1458308846701007,0.001,vwap_initial,-1,96349.041696944,256.92518884187655,1.9194576797482656,2.0,3600
2025-05,36,571840,571917,2025-05-07T19:31:45+00:00,2025-05-07T19:33:02+00:00,95836.1654215191,95786.1654215191,1,50.0,200.0,,False,sl,77.0,-0.05,0.0958111654215191,-0.14581116542151912,0.001,vwap_initial,-1,96343.88189768392,261.4950439186699,1.9415912001863436,2.0,3600
2025-05,37,572233,572266,2025-05-07T19:38:18+00:00,2025-05-07T19:38:51+00:00,95959.14333474831,95909.14333474831,1,50.0,200.0,,False,sl,33.0,-0.05,0.09593414333474831,-0.1459341433347483,0.001,vwap_inversion_flip,-1,96219.22642553426,251.76568350854293,1.0330363024916533,1.5,3600
2025-05,38,576178,576193,2025-05-07T20:46:45+00:00,2025-05-07T20:47:00+00:00,96428.44717710571,96478.44717710571,-1,50.0,200.0,,False,sl,15.0,-0.05,0.09645344717710572,-0.14645344717710573,0.001,vwap_inversion_flip,1,96252.20340725231,117.45516905464164,1.500519485621055,1.5,3600
2025-05,39,576193,576334,2025-05-07T20:47:00+00:00,2025-05-07T20:49:22+00:00,96487.18862324247,96537.18862324247,-1,50.0,200.0,,False,sl,142.0,-0.05,0.09651218862324248,-0.1465121886232425,0.001,vwap_inversion_flip,1,96253.55653369435,119.26877194526746,1.9588705889864657,2.0,3600
2025-05,40,590999,590999,2025-05-08T01:00:51+00:00,2025-05-08T01:00:51+00:00,97914.79579003189,97964.79579003189,-1,50.0,200.0,,False,sl,0.0,-0.05,0.0979397957900319,-0.1479397957900319,0.001,vwap_initial,1,97586.38610903702,440.6343691976959,0.7453110877229889,1.5,3600
2025-05,41,590999,590999,2025-05-08T01:00:51+00:00,2025-05-08T01:00:51+00:00,98124.21157120794,98174.21157120794,-1,50.0,200.0,,False,sl,0.0,-0.05,0.09814921157120794,-0.14814921157120794,0.001,vwap_initial,1,97586.38610903702,440.6343691976959,1.2205708400599555,2.0,3600
2025-05,42,591011,591187,2025-05-08T01:01:03+00:00,2025-05-08T01:03:59+00:00,98247.33766283357,98297.33766283357,-1,50.0,200.0,,False,sl,176.0,-0.05,0.09827233766283357,-0.14827233766283357,0.001,vwap_initial,1,97604.13862163971,445.49269578329944,1.4437925633392004,1.5,3600
2025-05,43,596459,596459,2025-05-08T02:31:53+00:00,2025-05-08T02:31:53+00:00,98661.38153713892,98711.38153713892,-1,50.0,200.0,,False,sl,0.0,-0.05,0.09868638153713893,-0.14868638153713892,0.001,vwap_initial,1,98184.57979191015,317.86783015252087,1.49999999999998,1.5,3600
2025-05,44,596459,596459,2025-05-08T02:31:53+00:00,2025-05-08T02:31:53+00:00,98516.41999120399,98566.41999120399,-1,50.0,200.0,,False,sl,0.0,-0.05,0.098541419991204,-0.14854141999120402,0.001,vwap_initial,1,98184.57979191015,317.86783015252087,1.043956537327543,1.5,3600
2025-05,45,596485,596751,2025-05-08T02:32:19+00:00,2025-05-08T02:36:45+00:00,98753.03942617677,98803.03942617677,-1,50.0,200.0,,False,sl,266.0,-0.05,0.09877803942617676,-0.14877803942617676,0.001,vwap_initial,1,98190.24353154226,320.8774338854287,1.7539279338523142,2.0,3600
2025-05,46,994679,994679,2025-05-12T18:44:35+00:00,2025-05-12T18:44:35+00:00,101533.35445619389,101483.35445619389,1,50.0,200.0,,False,sl,0.0,-0.05,0.1015083544561939,-0.1515083544561939,0.001,vwap_initial,-1,101806.24085983158,420.2668982835641,0.6493169096881093,1.5,3600
2025-05,47,994679,994697,2025-05-12T18:44:35+00:00,2025-05-12T18:44:53+00:00,101253.56833594458,101203.56833594458,1,50.0,200.0,,False,sl,18.0,-0.05,0.10122856833594458,-0.15122856833594459,0.001,vwap_initial,-1,101806.24085983158,420.2668982835641,1.3150512832302514,2.0,3600
2025-05,48,994698,994824,2025-05-12T18:44:54+00:00,2025-05-12T18:47:00+00:00,101175.84051240624,101125.84051240624,1,50.0,200.0,,False,sl,126.0,-0.05,0.10115084051240625,-0.15115084051240624,0.001,vwap_initial,-1,101803.89798255828,420.6132269308184,1.4931947688258023,1.5,3600
2025-05,49,1030559,1030564,2025-05-13T04:47:13+00:00,2025-05-13T04:47:18+00:00,102592.6130039716,102642.6130039716,-1,50.0,200.0,,False,sl,5.0,-0.05,0.1026176130039716,-0.1526176130039716,0.001,vwap_initial,1,102208.11509520187,314.68361049302547,1.2218555271033102,1.5,3600
2025-05,50,1030801,1030906,2025-05-13T04:51:18+00:00,2025-05-13T04:53:04+00:00,102600.30223435789,102650.30223435789,-1,50.0,200.0,,False,sl,106.0,-0.05,0.1026253022343579,-0.15262530223435788,0.001,vwap_inversion_flip,1,102250.22330808883,300.4660644201703,1.1651196847958116,1.5,3600
2025-05,51,1230239,1231171,2025-05-15T13:14:42+00:00,2025-05-15T13:30:27+00:00,102683.64079768042,102483.64079768042,-1,50.0,200.0,,False,tp,945.0,0.2,0.10258364079768043,0.09741635920231959,0.001,vwap_initial,1,102574.7701407454,109.51938639881546,0.9940765787215499,1.5,3600
2025-05,52,1235759,1235759,2025-05-15T14:46:56+00:00,2025-05-15T14:46:56+00:00,101490.95948915473,101440.95948915473,1,50.0,200.0,,False,sl,0.0,-0.05,0.10146595948915473,-0.15146595948915473,0.001,vwap_initial,-1,101851.10692468859,240.09829035590468,1.500000000000003,1.5,3600
2025-05,53,1235759,1235759,2025-05-15T14:46:56+00:00,2025-05-15T14:46:56+00:00,101594.61465026376,101544.61465026376,1,50.0,200.0,,False,sl,0.0,-0.05,0.10156961465026376,-0.15156961465026375,0.001,vwap_initial,-1,101851.10692468859,240.09829035590468,1.0682803032234276,1.5,3600
2025-05,54,1235759,1235921,2025-05-15T14:46:56+00:00,2025-05-15T14:49:38+00:00,101417.31755899997,101617.31755899997,1,50.0,200.0,,False,tp,162.0,0.2,0.10151731755899998,0.09848268244100003,0.001,vwap_initial,-1,101851.10692468859,240.09829035590468,1.806715762305499,2.0,3600
2025-05,55,1562159,1562222,2025-05-19T11:10:20+00:00,2025-05-19T11:11:23+00:00,102790.93016359991,102740.93016359991,1,50.0,200.0,,False,sl,63.0,-0.05,0.10276593016359992,-0.1527659301635999,0.001,vwap_initial,-1,102896.89558439913,70.64361386614652,1.4999999999999105,1.5,3600
2025-05,56,1562199,1562676,2025-05-19T11:11:00+00:00,2025-05-19T11:19:02+00:00,102755.60835666684,102955.60835666684,1,50.0,200.0,,False,tp,482.0,0.2,0.10285560835666684,0.09714439164333318,0.001,vwap_initial,-1,102893.72264526879,72.62431419420834,1.9017637568681638,2.0,3600
2025-05,57,1565180,1565185,2025-05-19T12:02:29+00:00,2025-05-19T12:02:34+00:00,102826.4397940121,102776.4397940121,1,50.0,200.0,,False,sl,5.0,-0.05,0.1028014397940121,-0.15280143979401212,0.001,vwap_inversion_flip,-1,102903.9365372568,82.50740224439505,0.9392701883298674,1.5,3600
2025-05,58,1565183,1565286,2025-05-19T12:02:32+00:00,2025-05-19T12:04:15+00:00,102781.23159105521,102731.23159105521,1,50.0,200.0,,False,sl,103.0,-0.05,0.10275623159105521,-0.15275623159105522,0.001,vwap_inversion_flip,-1,102903.58403922702,82.68227639454062,1.4797905126361972,1.5,3600
2025-05,59,1565198,1565286,2025-05-19T12:02:47+00:00,2025-05-19T12:04:15+00:00,102756.74176919155,102706.74176919155,1,50.0,200.0,,False,sl,88.0,-0.05,0.10273174176919155,-0.15273174176919155,0.001,vwap_inversion_flip,-1,102901.57412597071,83.8017215141261,1.7282742426091207,2.0,3600
2025-05,60,1570919,1570919,2025-05-19T13:38:19+00:00,2025-05-19T13:38:19+00:00,102693.59588572803,102743.59588572803,-1,50.0,200.0,,False,sl,0.0,-0.05,0.10271859588572804,-0.15271859588572806,0.001,vwap_initial,1,102412.7294544889,187.2442874927571,1.4999999999999902,1.5,3600
2025-05,61,1570920,1570925,2025-05-19T13:38:20+00:00,2025-05-19T13:38:25+00:00,102787.21802947442,102837.21802947442,-1,50.0,200.0,,False,sl,5.0,-0.05,0.10281221802947442,-0.15281221802947442,0.001,vwap_initial,1,102412.96286147353,187.33488963101328,1.997786791013931,2.0,3600
2025-05,62,1570959,1570968,2025-05-19T13:38:59+00:00,2025-05-19T13:39:08+00:00,102880.8401732208,102930.8401732208,-1,50.0,200.0,,False,sl,9.0,-0.05,0.1029058401732208,-0.1529058401732208,0.001,vwap_initial,1,102426.24089912296,197.48146912127575,2.301984465279955,2.5,3600
2025-05,63,1571879,1571879,2025-05-19T13:54:19+00:00,2025-05-19T13:54:19+00:00,103241.1174310168,103291.1174310168,-1,50.0,200.0,,False,sl,0.0,-0.05,0.1032661174310168,-0.1532661174310168,0.001,vwap_initial,1,102771.9187409072,312.79912673973365,1.4999999999999831,1.5,3600
2025-05,64,1571879,1571879,2025-05-19T13:54:19+00:00,2025-05-19T13:54:19+00:00,103167.66302812667,103217.66302812667,-1,50.0,200.0,,False,sl,0.0,-0.05,0.10319266302812667,-0.15319266302812667,0.001,vwap_initial,1,102771.9187409072,312.79912673973365,1.2651706906737863,1.5,3600
2025-05,65,1758359,1758359,2025-05-21T17:55:32+00:00,2025-05-21T17:55:32+00:00,106556.02303194703,106506.02303194703,1,50.0,200.0,,False,sl,0.0,-0.05,0.10653102303194703,-0.15653102303194705,0.001,vwap_initial,-1,107358.1816820069,790.8574074691176,1.014289861211425,1.5,3600
2025-05,66,1758361,1758371,2025-05-21T17:55:34+00:00,2025-05-21T17:55:44+00:00,106171.89557080323,106121.89557080323,1,50.0,200.0,,False,sl,10.0,-0.05,0.10614689557080324,-0.15614689557080325,0.001,vwap_initial,-1,107357.69156417872,790.9877614757697,1.4991331738978044,1.5,3600
2025-05,67,1832328,1832353,2025-05-22T14:30:38+00:00,2025-05-22T14:31:03+00:00,111347.4164454285,111147.4164454285,-1,50.0,200.0,,False,tp,25.0,0.2,0.11124741644542852,0.0887525835545715,0.001,vwap_inversion_flip,1,111038.92364556875,205.69855004050413,1.4997324959218747,1.5,3600
2025-05,68,1870199,1870231,2025-05-23T01:06:20+00:00,2025-05-23T01:06:52+00:00,111332.10615381206,111282.10615381206,1,50.0,200.0,,False,sl,32.0,-0.05,0.11130710615381206,-0.16130710615381205,0.001,vwap_initial,-1,111529.3151629136,131.47267273436086,1.5000000000000024,1.5,3600
2025-05,69,1882499,1882499,2025-05-23T04:32:58+00:00,2025-05-23T04:32:58+00:00,110841.1091461008,110791.1091461008,1,50.0,200.0,,False,sl,0.0,-0.05,0.11081610914610081,-0.1608161091461008,0.001,vwap_initial,-1,110891.66996631208,168.0449155772602,0.30087682235189217,1.5,3600
2025-05,70,1882499,1882500,2025-05-23T04:32:58+00:00,2025-05-23T04:32:59+00:00,110717.89136470124,110667.89136470124,1,50.0,200.0,,False,sl,1.0,-0.05,0.11069289136470124,-0.16069289136470125,0.001,vwap_initial,-1,110891.66996631208,168.0449155772602,1.0341199614036973,2.0,3600
2025-05,71,1882507,1882539,2025-05-23T04:33:06+00:00,2025-05-23T04:33:38+00:00,110639.60259294619,110589.60259294619,1,50.0,200.0,,False,sl,32.0,-0.05,0.1106146025929462,-0.1606146025929462,0.001,vwap_initial,-1,110890.4361647735,168.49177087078633,1.488699243476264,1.5,3600
2025-05,72,1882539,1882721,2025-05-23T04:33:38+00:00,2025-05-23T04:36:40+00:00,110594.67358330166,110544.67358330166,1,50.0,200.0,,False,sl,182.0,-0.05,0.11056967358330166,-0.16056967358330165,0.001,vwap_initial,-1,110881.2103125899,172.96204218387047,1.656645155609551,2.5,3600
2025-05,73,1882541,1882744,2025-05-23T04:33:40+00:00,2025-05-23T04:37:03+00:00,110555.58013515756,110505.58013515756,1,50.0,200.0,,False,sl,203.0,-0.05,0.11053058013515757,-0.16053058013515759,0.001,vwap_initial,-1,110876.72821701055,175.41463630622405,1.8307941037049411,2.0,3600
2025-05,74,2005990,2005997,2025-05-24T15:06:22+00:00,2025-05-24T15:06:29+00:00,108979.41595320862,109029.41595320862,-1,50.0,200.0,,False,sl,7.0,-0.05,0.10900441595320862,-0.15900441595320863,0.001,vwap_inversion_flip,1,108855.04649479021,83.94576680822996,1.4815453255972781,1.5,3600
2025-05,75,2005997,2006009,2025-05-24T15:06:29+00:00,2025-05-24T15:06:41+00:00,109021.2722978357,109071.2722978357,-1,50.0,200.0,,False,sl,12.0,-0.05,0.10904627229783571,-0.15904627229783572,0.001,vwap_inversion_flip,1,108858.93122902208,85.51004806603699,1.898502836628621,2.0,3600
2025-05,76,2006008,2006080,2025-05-24T15:06:40+00:00,2025-05-24T15:07:52+00:00,109063.12864246278,109113.12864246278,-1,50.0,200.0,,False,sl,72.0,-0.05,0.10908812864246278,-0.1590881286424628,0.001,vwap_inversion_flip,1,108862.96317323136,88.27075564667354,2.267630629929493,2.5,3600
2025-05,77,2036258,2036266,2025-05-24T23:46:27+00:00,2025-05-24T23:46:35+00:00,107671.5152199681,107621.5152199681,1,50.0,200.0,,False,sl,8.0,-0.05,0.10764651521996811,-0.15764651521996811,0.001,vwap_initial,-1,107927.3176919497,172.13739656315582,1.486036602672507,1.5,3600
2025-05,78,2036267,2036269,2025-05-24T23:46:36+00:00,2025-05-24T23:46:38+00:00,107611.25513472653,107561.25513472653,1,50.0,200.0,,False,sl,2.0,-0.05,0.10758625513472653,-0.15758625513472652,0.001,vwap_initial,-1,107923.46770654155,174.43114337319102,1.78989007225074,1.5,3600
2025-05,79,2036269,2036269,2025-05-24T23:46:38+00:00,2025-05-24T23:46:38+00:00,107585.53895808703,107535.53895808703,1,50.0,200.0,,False,sl,0.0,-0.05,0.10756053895808702,-0.15756053895808703,0.001,vwap_initial,-1,107916.45062413128,181.16192766673342,1.826607115005971,2.0,3600
2025-05,80,2036270,2036272,2025-05-24T23:46:39+00:00,2025-05-24T23:46:41+00:00,107499.56269620593,107449.56269620593,1,50.0,200.0,,False,sl,2.0,-0.05,0.10747456269620594,-0.15747456269620594,0.001,vwap_initial,-1,107915.1223633098,182.47538975286082,2.2773463734845953,2.5,3600
2025-05,82,2036274,2036324,2025-05-24T23:46:43+00:00,2025-05-24T23:47:33+00:00,107413.58643432485,107613.58643432485,1,50.0,200.0,,False,tp,50.0,0.2,0.10751358643432485,0.09248641356567516,0.001,vwap_initial,-1,107907.53695169344,189.92807174944068,2.6007241205514156,3.0,3600
2025-05,81,2036272,2036327,2025-05-24T23:46:41+00:00,2025-05-24T23:47:36+00:00,107432.82796088367,107632.82796088367,1,50.0,200.0,,False,tp,55.0,0.2,0.10753282796088368,0.09246717203911634,0.001,vwap_initial,-1,107911.53580150806,185.9619226061662,2.574225055944375,2.0,3600
2025-05,84,2254979,2254979,2025-05-27T13:18:01+00:00,2025-05-27T13:18:01+00:00,110446.39401637885,110496.39401637885,-1,50.0,200.0,,False,sl,0.0,-0.05,0.11047139401637886,-0.16047139401637886,0.001,vwap_initial,1,110139.97420849289,343.88528013882654,0.891052410740759,1.5,3600
2025-05,85,2254979,2254980,2025-05-27T13:18:01+00:00,2025-05-27T13:18:02+00:00,110632.14862240569,110682.14862240569,-1,50.0,200.0,,False,sl,1.0,-0.05,0.1106571486224057,-0.1606571486224057,0.001,vwap_initial,1,110139.97420849289,343.88528013882654,1.431216868934046,2.0,3600
2025-05,86,2255039,2255039,2025-05-27T13:19:01+00:00,2025-05-27T13:19:01+00:00,110500.18467176842,110550.18467176842,-1,50.0,200.0,,False,sl,0.0,-0.05,0.11052518467176843,-0.16052518467176843,0.001,vwap_initial,1,110172.74916944957,353.93717030814344,0.9251232416018468,1.5,3600
2025-05,83,2254979,2255244,2025-05-27T13:18:01+00:00,2025-05-27T13:22:26+00:00,110655.80212870112,110455.80212870112,-1,50.0,200.0,,False,tp,265.0,0.2,0.11055580212870111,0.0894441978712989,0.001,vwap_initial,1,110139.97420849289,343.88528013882654,1.4999999999999831,1.5,3600
2025-05,87,2255752,2255783,2025-05-27T13:30:54+00:00,2025-05-27T13:31:25+00:00,110618.89154770451,110418.89154770451,-1,50.0,200.0,,False,tp,31.0,0.2,0.11051889154770451,0.0894811084522955,0.001,vwap_inversion_flip,1,110265.9375674172,316.1167450976806,1.116530477302747,1.5,3600
2025-05,88,2255752,2255783,2025-05-27T13:30:54+00:00,2025-05-27T13:31:25+00:00,110625.46701490325,110425.46701490325,-1,50.0,200.0,,False,tp,31.0,0.2,0.11052546701490325,0.08947453298509676,0.001,vwap_inversion_flip,1,110265.9375674172,316.1167450976806,1.137331233038436,1.5,3600
2025-05,89,2257859,2257859,2025-05-27T14:06:01+00:00,2025-05-27T14:06:01+00:00,109837.71848951855,109787.71848951855,1,50.0,200.0,,False,sl,0.0,-0.05,0.10981271848951855,-0.15981271848951856,0.001,vwap_initial,-1,110224.4004605423,257.787980682497,1.5000000000000053,1.5,3600
2025-05,90,2263079,2263079,2025-05-27T15:33:05+00:00,2025-05-27T15:33:05+00:00,109676.92040890455,109726.92040890455,-1,50.0,200.0,,False,sl,0.0,-0.05,0.10970192040890456,-0.15970192040890457,0.001,vwap_initial,1,109327.123490105,233.19794586636854,1.499999999999978,1.5,3600
2025-05,91,2263379,2263379,2025-05-27T15:38:05+00:00,2025-05-27T15:38:05+00:00,109752.77136441748,109802.77136441748,-1,50.0,200.0,,False,sl,0.0,-0.05,0.10977777136441748,-0.15977777136441748,0.001,vwap_initial,1,109421.34296974154,220.95226311728777,1.5000000000000322,1.5,3600
2025-05,92,2263379,2263448,2025-05-27T15:38:05+00:00,2025-05-27T15:39:14+00:00,109863.24749597612,109913.24749597612,-1,50.0,200.0,,False,sl,69.0,-0.05,0.10988824749597612,-0.15988824749597613,0.001,vwap_initial,1,109421.34296974154,220.95226311728777,1.999999999999999,2.0,3600
2025-05,93,2266919,2266919,2025-05-27T16:37:10+00:00,2025-05-27T16:37:10+00:00,110249.63503193804,110299.63503193804,-1,50.0,200.0,,False,sl,0.0,-0.05,0.11027463503193805,-0.16027463503193806,0.001,vwap_initial,1,110079.34932604566,113.52380392825098,1.5000000000000637,1.5,3600
2025-05,94,2266919,2267032,2025-05-27T16:37:10+00:00,2025-05-27T16:39:03+00:00,110306.39693390216,110356.39693390216,-1,50.0,200.0,,False,sl,113.0,-0.05,0.11033139693390216,-0.16033139693390216,0.001,vwap_initial,1,110079.34932604566,113.52380392825098,1.9999999999999567,2.0,3600
2025-05,95,2341499,2341499,2025-05-28T13:44:46+00:00,2025-05-28T13:44:46+00:00,108489.10999038002,108439.10999038002,1,50.0,200.0,,False,sl,0.0,-0.05,0.10846410999038003,-0.15846410999038002,0.001,vwap_initial,-1,108704.73923968968,143.75283287309904,1.5000000000000469,1.5,3600
2025-05,96,2341521,2341533,2025-05-28T13:45:08+00:00,2025-05-28T13:45:20+00:00,108417.23357394348,108367.23357394348,1,50.0,200.0,,False,sl,12.0,-0.05,0.1083922335739435,-0.1583922335739435,0.001,vwap_initial,-1,108700.24473660962,145.76031546638606,1.9416201300099667,2.0,3600
2025-05,97,2341522,2341536,2025-05-28T13:45:09+00:00,2025-05-28T13:45:23+00:00,108408.04686182896,108358.04686182896,1,50.0,200.0,,False,sl,14.0,-0.05,0.10838304686182897,-0.15838304686182897,0.001,vwap_initial,-1,108700.14225958624,145.83538299386768,2.0029117197817587,1.5,3600
2025-05,98,2341553,2341685,2025-05-28T13:45:40+00:00,2025-05-28T13:47:52+00:00,108345.35715750692,108295.35715750692,1,50.0,200.0,,False,sl,132.0,-0.05,0.10832035715750692,-0.15832035715750692,0.001,vwap_initial,-1,108688.17196047056,151.16879471033292,2.267761700558186,2.5,3600
2025-05,99,2426579,2426579,2025-05-29T13:39:48+00:00,2025-05-29T13:39:48+00:00,107917.11107024,107867.11107024,1,50.0,200.0,,False,sl,0.0,-0.05,0.10789211107024001,-0.15789211107024,0.001,vwap_initial,-1,108221.03858352614,202.61834219075564,1.5000000000000158,1.5,3600
2025-05,100,2426579,2426579,2025-05-29T13:39:48+00:00,2025-05-29T13:39:48+00:00,108110.73056667311,108060.73056667311,1,50.0,200.0,,False,sl,0.0,-0.05,0.10808573056667312,-0.15808573056667313,0.001,vwap_initial,-1,108221.03858352614,202.61834219075564,0.5444127893869493,1.5,3600
2025-05,101,2426579,2426579,2025-05-29T13:39:48+00:00,2025-05-29T13:39:48+00:00,107983.37565349042,107933.37565349042,1,50.0,200.0,,False,sl,0.0,-0.05,0.10795837565349042,-0.1579583756534904,0.001,vwap_initial,-1,108221.03858352614,202.61834219075564,1.1729586150298663,2.0,3600
2025-05,102,2426579,2426587,2025-05-29T13:39:48+00:00,2025-05-29T13:39:56+00:00,107856.02074030772,107806.02074030772,1,50.0,200.0,,False,sl,8.0,-0.05,0.10783102074030772,-0.15783102074030772,0.001,vwap_initial,-1,108221.03858352614,202.61834219075564,1.8015044406728553,2.5,3600
2025-05,103,2426587,2426593,2025-05-29T13:39:56+00:00,2025-05-29T13:40:02+00:00,107815.80189914463,107765.80189914463,1,50.0,200.0,,False,sl,6.0,-0.05,0.10779080189914463,-0.15779080189914463,0.001,vwap_initial,-1,108219.3590563466,203.61287607735218,1.9819825002062161,2.0,3600
2025-05,104,2426605,2426622,2025-05-29T13:40:14+00:00,2025-05-29T13:40:31+00:00,107728.66582712503,107678.66582712503,1,50.0,200.0,,False,sl,17.0,-0.05,0.10770366582712504,-0.15770366582712503,0.001,vwap_initial,-1,108208.56971055528,212.88258605155454,2.2543125406886415,3.0,3600
2025-05,105,2426616,2426623,2025-05-29T13:40:25+00:00,2025-05-29T13:40:32+00:00,107714.49272804926,107664.49272804926,1,50.0,200.0,,False,sl,7.0,-0.05,0.10768949272804926,-0.15768949272804927,0.001,vwap_initial,-1,108203.55030544083,217.18865586401765,2.2517639120975876,2.5,3600
2025-05,108,2426639,2426639,2025-05-29T13:40:48+00:00,2025-05-29T13:40:48+00:00,107804.65333458857,107754.65333458857,1,50.0,200.0,,False,sl,0.0,-0.05,0.10777965333458858,-0.1577796533345886,0.001,vwap_initial,-1,108173.33812769757,245.78986207267135,1.4999999999999774,1.5,3600
2025-05,110,2426639,2426639,2025-05-29T13:40:48+00:00,2025-05-29T13:40:48+00:00,108033.59829006199,107983.59829006199,1,50.0,200.0,,False,sl,0.0,-0.05,0.10800859829006199,-0.15800859829006197,0.001,vwap_initial,-1,108173.33812769757,245.78986207267135,0.5685337729440968,1.5,3600
2025-05,111,2426639,2426639,2025-05-29T13:40:48+00:00,2025-05-29T13:40:48+00:00,107889.1706559311,107839.1706559311,1,50.0,200.0,,False,sl,0.0,-0.05,0.10786417065593111,-0.1578641706559311,0.001,vwap_initial,-1,108173.33812769757,245.78986207267135,1.156139921191923,2.0,3600
2025-05,112,2426639,2426639,2025-05-29T13:40:48+00:00,2025-05-29T13:40:48+00:00,107744.74302180023,107694.74302180023,1,50.0,200.0,,False,sl,0.0,-0.05,0.10771974302180023,-0.15771974302180025,0.001,vwap_initial,-1,108173.33812769757,245.78986207267135,1.7437460694396898,2.5,3600
2025-05,109,2426639,2426670,2025-05-29T13:40:48+00:00,2025-05-29T13:41:19+00:00,107681.75840355223,107631.75840355223,1,50.0,200.0,,False,sl,31.0,-0.05,0.10765675840355224,-0.15765675840355226,0.001,vwap_initial,-1,108173.33812769757,245.78986207267135,1.9999999999999896,2.0,3600
2025-05,106,2426627,2426685,2025-05-29T13:40:36+00:00,2025-05-29T13:41:34+00:00,107613.18355695387,107563.18355695387,1,50.0,200.0,,False,sl,58.0,-0.05,0.10758818355695386,-0.15758818355695386,0.001,vwap_initial,-1,108184.01791609709,236.18052211203084,2.4169408808083186,3.0,3600
2025-05,107,2426627,2426694,2025-05-29T13:40:36+00:00,2025-05-29T13:41:43+00:00,107601.31091394235,107551.31091394235,1,50.0,200.0,,False,sl,67.0,-0.05,0.10757631091394235,-0.15757631091394236,0.001,vwap_initial,-1,108184.01791609709,236.18052211203084,2.467210237931208,3.5,3600
2025-05,113,2426673,2426697,2025-05-29T13:41:22+00:00,2025-05-29T13:41:46+00:00,107600.31538766934,107550.31538766934,1,50.0,200.0,,False,sl,24.0,-0.05,0.10757531538766935,-0.15757531538766933,0.001,vwap_initial,-1,108157.26418820675,256.10252089304083,2.174710340981065,3.0,3600
2025-05,114,2426686,2426788,2025-05-29T13:41:35+00:00,2025-05-29T13:43:17+00:00,107558.86347251589,107758.86347251589,1,50.0,200.0,,False,tp,102.0,0.2,0.1076588634725159,0.09234113652748412,0.001,vwap_initial,-1,108142.51041089617,267.50578131242895,2.181810559445873,2.5,3600
2025-05,115,2428199,2428199,2025-05-29T14:06:48+00:00,2025-05-29T14:06:48+00:00,107575.80829015383,107525.80829015383,1,50.0,200.0,,False,sl,0.0,-0.05,0.10755080829015383,-0.15755080829015383,0.001,vwap_initial,-1,107821.00941210023,279.5976081103374,0.876978610810005,1.5,3600
2025-05,116,2428225,2428227,2025-05-29T14:07:14+00:00,2025-05-29T14:07:16+00:00,107401.61299993473,107351.61299993473,1,50.0,200.0,,False,sl,2.0,-0.05,0.10737661299993474,-0.15737661299993475,0.001,vwap_initial,-1,107815.82024538968,277.3689260528036,1.4933440863382617,1.5,3600
2025-05,117,2428227,2428350,2025-05-29T14:07:16+00:00,2025-05-29T14:09:19+00:00,107349.33286803016,107299.33286803016,1,50.0,200.0,,False,sl,123.0,-0.05,0.10732433286803017,-0.15732433286803016,0.001,vwap_initial,-1,107814.75093583915,277.71394595421185,1.6758901545611486,2.0,3600
2025-05,118,2435399,2435439,2025-05-29T16:06:53+00:00,2025-05-29T16:07:33+00:00,106798.33700245735,106748.33700245735,1,50.0,200.0,,False,sl,40.0,-0.05,0.10677333700245735,-0.15677333700245735,0.001,vwap_initial,-1,107153.33392321176,236.66461383627012,1.500000000000001,1.5,3600
2025-05,119,2441999,2442005,2025-05-29T17:57:08+00:00,2025-05-29T17:57:14+00:00,106376.41659974601,106326.41659974601,1,50.0,200.0,,False,sl,6.0,-0.05,0.10635141659974602,-0.15635141659974602,0.001,vwap_initial,-1,106472.64861191585,201.50534635648293,0.47756555302309006,1.5,3600
2025-05,120,2528399,2528410,2025-05-30T18:08:12+00:00,2025-05-30T18:08:23+00:00,104216.58378895411,104266.58378895411,-1,50.0,200.0,,False,sl,11.0,-0.05,0.10424158378895412,-0.15424158378895414,0.001,vwap_initial,1,104082.50502439123,89.38584304192516,1.5000000000000024,1.5,3600
2025-05,121,2528409,2528453,2025-05-30T18:08:22+00:00,2025-05-30T18:09:06+00:00,104261.27671047508,104311.27671047508,-1,50.0,200.0,,False,sl,44.0,-0.05,0.10428627671047508,-0.15428627671047507,0.001,vwap_initial,1,104082.66201958657,89.5690609458829,1.9941561182206762,2.0,3600
2025-05,122,2528452,2528459,2025-05-30T18:09:05+00:00,2025-05-30T18:09:12+00:00,104305.96963199603,104355.96963199603,-1,50.0,200.0,,False,sl,7.0,-0.05,0.10433096963199605,-0.15433096963199605,0.001,vwap_initial,1,104085.13228534196,92.1406544608648,2.396741676583996,2.5,3600
2025-05,123,2528459,2528511,2025-05-30T18:09:12+00:00,2025-05-30T18:10:04+00:00,104350.662553517,104400.662553517,-1,50.0,200.0,,False,sl,52.0,-0.05,0.104375662553517,-0.154375662553517,0.001,vwap_initial,1,104087.11127292707,94.9455533303115,2.775814889119143,3.0,3600
2025-05,124,2528519,2528519,2025-05-30T18:10:12+00:00,2025-05-30T18:10:12+00:00,104259.39244750014,104309.39244750014,-1,50.0,200.0,,False,sl,0.0,-0.05,0.10428439244750014,-0.15428439244750014,0.001,vwap_initial,1,104094.85641490818,109.69068839463827,1.5000000000000324,1.5,3600
2025-05,125,2528519,2528519,2025-05-30T18:10:12+00:00,2025-05-30T18:10:12+00:00,104314.23779169745,104364.23779169745,-1,50.0,200.0,,False,sl,0.0,-0.05,0.10433923779169746,-0.15433923779169745,0.001,vwap_initial,1,104094.85641490818,109.69068839463827,1.999999999999955,2.0,3600
2025-05,126,2528519,2528553,2025-05-30T18:10:12+00:00,2025-05-30T18:10:46+00:00,104369.08313589478,104419.08313589478,-1,50.0,200.0,,False,sl,34.0,-0.05,0.10439408313589478,-0.15439408313589478,0.001,vwap_initial,1,104094.85641490818,109.69068839463827,2.5000000000000098,2.5,3600
2025-05,128,2528861,2528926,2025-05-30T18:15:54+00:00,2025-05-30T18:16:59+00:00,104336.32285320443,104386.32285320443,-1,50.0,200.0,,False,sl,65.0,-0.05,0.10436132285320443,-0.15436132285320442,0.001,vwap_inversion_flip,1,104130.64262197881,137.16651885594396,1.4994929735122142,1.5,3600
2025-05,127,2528555,2529030,2025-05-30T18:10:48+00:00,2025-05-30T18:18:43+00:00,104423.9284800921,104473.9284800921,-1,50.0,200.0,104338.0,True,soft_sl,475.0,-0.05,0.10444892848009212,-0.15444892848009212,0.001,vwap_initial,1,104100.31897254518,116.2047755850288,2.7848210705430967,3.0,3600
2025-05,129,2531639,2531639,2025-05-30T19:02:30+00:00,2025-05-30T19:02:30+00:00,104879.2909000043,104929.2909000043,-1,50.0,200.0,,False,sl,0.0,-0.05,0.1049042909000043,-0.1549042909000043,0.001,vwap_initial,1,104557.27235668323,214.67902888071026,1.5000000000000298,1.5,3600
2025-05,130,2532626,2532632,2025-05-30T19:19:08+00:00,2025-05-30T19:19:14+00:00,104885.09790937856,104935.09790937856,-1,50.0,200.0,,False,sl,6.0,-0.05,0.10491009790937857,-0.15491009790937857,0.001,vwap_inversion_flip,1,104709.746229015,116.85305443985548,1.5006170031593946,1.5,3600
2025-05,132,2546459,2546459,2025-05-30T23:19:09+00:00,2025-05-30T23:19:09+00:00,103931.62932188137,103881.62932188137,1,50.0,200.0,,False,sl,0.0,-0.05,0.10390662932188137,-0.15390662932188137,0.001,vwap_initial,-1,104122.77899665434,243.9352939243442,0.7836081105682615,1.5,3600
2025-05,131,2546459,2546545,2025-05-30T23:19:09+00:00,2025-05-30T23:20:35+00:00,103756.87605576782,103956.87605576782,1,50.0,200.0,,False,tp,86.0,0.2,0.10385687605576782,0.09614312394423219,0.001,vwap_initial,-1,104122.77899665434,243.9352939243442,1.5000000000000036,1.5,3600
2025-05,133,2546459,2546547,2025-05-30T23:19:09+00:00,2025-05-30T23:20:37+00:00,103777.88494042205,103977.88494042205,1,50.0,200.0,,False,tp,88.0,0.2,0.10387788494042205,0.09612211505957796,0.001,vwap_initial,-1,104122.77899665434,243.9352939243442,1.4138751743700122,2.0,3600
2025-05,134,2546941,2546949,2025-05-30T23:27:13+00:00,2025-05-30T23:27:21+00:00,103890.42364629962,103840.42364629962,1,50.0,200.0,,False,sl,8.0,-0.05,0.10386542364629962,-0.15386542364629963,0.001,vwap_inversion_flip,-1,104042.95290764487,180.8589527560957,0.8433603038216566,1.5,3600
2025-10,1,50939,50939,2025-10-01T14:16:07+00:00,2025-10-01T14:16:07+00:00,117037.537974875,117087.537974875,-1,50.0,200.0,,False,sl,0.0,-0.05,0.11706253797487501,-0.16706253797487502,0.001,vwap_initial,1,116845.72881126429,247.0383092498834,0.7764348946247631,1.5,3600
2025-10,2,50950,51084,2025-10-01T14:16:18+00:00,2025-10-01T14:18:32+00:00,117169.88676992849,117219.88676992849,-1,50.0,200.0,,False,sl,134.0,-0.05,0.1171948867699285,-0.1671948867699285,0.001,vwap_initial,1,116846.39764208754,247.09313423128773,1.3091789411605084,2.0,3600
2025-10,3,60564,61250,2025-10-01T16:56:33+00:00,2025-10-01T17:07:59+00:00,117492.9498772275,117442.9498772275,1,50.0,200.0,,False,sl,686.0,-0.05,0.1174679498772275,-0.16746794987722752,0.001,vwap_initial,-1,117771.25104582722,186.2175210575533,1.4944950776876995,1.5,3600
2025-10,4,138033,138052,2025-10-02T14:37:09+00:00,2025-10-02T14:37:28+00:00,119321.28102850406,119271.28102850406,1,50.0,200.0,,False,sl,19.0,-0.05,0.11929628102850408,-0.16929628102850408,0.001,vwap_inversion_flip,-1,119518.36748658612,131.38155275020935,1.5001075414048144,1.5,3600
2025-10,5,138053,138303,2025-10-02T14:37:29+00:00,2025-10-02T14:41:39+00:00,119255.58823525788,119205.58823525788,1,50.0,200.0,,False,sl,250.0,-0.05,0.11923058823525788,-0.16923058823525788,0.001,vwap_inversion_flip,-1,119518.1071453906,131.49728276751839,1.9963827739075732,2.0,3600
2025-10,6,230339,230339,2025-10-03T16:22:37+00:00,2025-10-03T16:22:37+00:00,123220.18224991148,123270.18224991148,-1,50.0,200.0,,False,sl,0.0,-0.05,0.12324518224991149,-0.17324518224991148,0.001,vwap_initial,1,122436.12981667941,625.9839034407502,1.2525121315779566,1.5,3600
2025-10,7,359819,359819,2025-10-05T04:46:49+00:00,2025-10-05T04:46:49+00:00,124763.20697963187,124813.20697963187,-1,50.0,200.0,,False,sl,0.0,-0.05,0.12478820697963187,-0.17478820697963188,0.001,vwap_initial,1,124362.43825003823,458.52305420184246,0.8740427028064219,1.5,3600
2025-10,8,359822,359850,2025-10-05T04:46:52+00:00,2025-10-05T04:47:20+00:00,125050.222831341,125100.222831341,-1,50.0,200.0,,False,sl,28.0,-0.05,0.125075222831341,-0.17507522283134103,0.001,vwap_initial,1,124371.89373358496,462.19514236237416,1.4676248960319227,1.5,3600
2025-10,9,359850,359850,2025-10-05T04:47:20+00:00,2025-10-05T04:47:20+00:00,125111.25519505932,125161.25519505932,-1,50.0,200.0,,False,sl,0.0,-0.05,0.12513625519505933,-0.17513625519505932,0.001,vwap_initial,1,124415.755148397,475.20715357930806,1.4635723419223399,2.0,3600
2025-10,10,359861,359861,2025-10-05T04:47:31+00:00,2025-10-05T04:47:31+00:00,125279.48435844191,125329.48435844191,-1,50.0,200.0,,False,sl,0.0,-0.05,0.1253044843584419,-0.17530448435844193,0.001,vwap_initial,1,124472.30796687593,500.2192779773632,1.6136451094603972,2.0,3600
2025-10,11,432899,432899,2025-10-06T01:25:40+00:00,2025-10-06T01:25:40+00:00,123773.75548798352,123823.75548798352,-1,50.0,200.0,,False,sl,0.0,-0.05,0.12379875548798353,-0.17379875548798351,0.001,vwap_initial,1,123460.49357026395,208.8412784797188,1.4999999999999791,1.5,3600
2025-10,12,432906,432954,2025-10-06T01:25:47+00:00,2025-10-06T01:26:35+00:00,123878.17612722339,123928.17612722339,-1,50.0,200.0,,False,sl,48.0,-0.05,0.12390317612722339,-0.1739031761272234,0.001,vwap_initial,1,123460.06200270257,208.67938872846142,2.003619653423812,2.0,3600
2025-10,13,471239,471239,2025-10-06T12:17:28+00:00,2025-10-06T12:17:28+00:00,124455.64346699345,124505.64346699345,-1,50.0,200.0,,False,sl,0.0,-0.05,0.12448064346699346,-0.17448064346699346,0.001,vwap_initial,1,124295.45994212081,164.37349445564715,0.9745094572766675,1.5,3600
2025-10,14,471251,471255,2025-10-06T12:17:40+00:00,2025-10-06T12:17:44+00:00,124542.02018380428,124592.02018380428,-1,50.0,200.0,,False,sl,4.0,-0.05,0.12456702018380429,-0.1745670201838043,0.001,vwap_initial,1,124296.78590325285,163.938002184439,1.49589648088753,1.5,3600
2025-10,15,471253,471372,2025-10-06T12:17:42+00:00,2025-10-06T12:19:41+00:00,124586.16123398747,124636.16123398747,-1,50.0,200.0,,False,sl,119.0,-0.05,0.12461116123398748,-0.17461116123398748,0.001,vwap_initial,1,124296.94361786157,163.94949281303926,1.7640653298983278,2.0,3600
2025-10,16,473201,474113,2025-10-06T12:50:19+00:00,2025-10-06T13:05:35+00:00,124536.70849567867,124586.70849567867,-1,50.0,200.0,,False,sl,916.0,-0.05,0.12456170849567867,-0.17456170849567867,0.001,vwap_inversion_flip,1,124412.15576945228,122.18725423743166,1.0193594004851352,1.5,3600
2025-10,17,483275,483289,2025-10-06T15:38:22+00:00,2025-10-06T15:38:36+00:00,125162.43982690964,125212.43982690964,-1,50.0,200.0,,False,sl,14.0,-0.05,0.12518743982690964,-0.17518743982690965,0.001,vwap_initial,1,124836.54718772098,304.29257819333367,1.070984514717957,1.5,3600
2025-10,18,484003,484467,2025-10-06T15:50:34+00:00,2025-10-06T15:58:21+00:00,125172.01613930329,124972.01613930329,-1,50.0,200.0,,False,tp,467.0,0.2,0.1250720161393033,0.07492798386069671,0.001,vwap_inversion_flip,1,124875.32452427453,310.7996464259988,0.9546073119468623,1.5,3600
2025-10,19,499919,499919,2025-10-06T20:17:09+00:00,2025-10-06T20:17:09+00:00,125158.26740431481,125108.26740431481,1,50.0,200.0,,False,sl,0.0,-0.05,0.12513326740431482,-0.17513326740431484,0.001,vwap_initial,-1,125411.57077499168,168.86891378457935,1.4999999999999583,1.5,3600
2025-10,20,544439,544510,2025-10-07T09:04:30+00:00,2025-10-07T09:05:41+00:00,123884.53640783392,123934.53640783392,-1,50.0,200.0,,False,sl,71.0,-0.05,0.12390953640783393,-0.17390953640783394,0.001,vwap_initial,1,123612.43897766994,181.39828677599027,1.4999999999999696,1.5,3600
2025-10,21,560286,560520,2025-10-07T13:34:12+00:00,2025-10-07T13:38:06+00:00,124510.17663284569,124460.17663284569,1,50.0,200.0,124552.6,True,soft_sl,234.0,-0.05,0.1244851766328457,-0.17448517663284568,0.001,vwap_initial,-1,124755.44114317228,163.7158728774489,1.49811075747183,1.5,3600
2025-10,22,560579,560579,2025-10-07T13:39:05+00:00,2025-10-07T13:39:05+00:00,124461.48773706587,124411.48773706587,1,50.0,200.0,,False,sl,0.0,-0.05,0.12443648773706588,-0.17443648773706588,0.001,vwap_initial,-1,124728.47625782933,177.99234717564661,1.4999999999999736,1.5,3600
2025-10,23,560579,560582,2025-10-07T13:39:05+00:00,2025-10-07T13:39:08+00:00,124372.49156347803,124322.49156347803,1,50.0,200.0,,False,sl,3.0,-0.05,0.12434749156347803,-0.17434749156347804,0.001,vwap_initial,-1,124728.47625782933,177.99234717564661,2.000000000000019,2.0,3600
2025-10,24,560587,560598,2025-10-07T13:39:13+00:00,2025-10-07T13:39:24+00:00,124283.49538989022,124233.49538989022,1,50.0,200.0,,False,sl,11.0,-0.05,0.12425849538989021,-0.17425849538989022,0.001,vwap_initial,-1,124727.22837809737,179.4322076889565,2.472984052987608,2.5,3600
2025-10,25,560599,560652,2025-10-07T13:39:25+00:00,2025-10-07T13:40:18+00:00,124194.49921630239,124144.49921630239,1,50.0,200.0,,False,sl,53.0,-0.05,0.12416949921630238,-0.17416949921630237,0.001,vwap_initial,-1,124719.52518017987,188.53858095294734,2.7847136709303864,3.0,3600
2025-10,26,654779,654779,2025-10-08T16:15:58+00:00,2025-10-08T16:15:58+00:00,122599.3535171532,122649.3535171532,-1,50.0,200.0,,False,sl,0.0,-0.05,0.1226243535171532,-0.17262435351715322,0.001,vwap_initial,1,122268.72543462491,220.41872168552092,1.5000000000000318,1.5,3600
2025-10,27,654779,654779,2025-10-08T16:15:58+00:00,2025-10-08T16:15:58+00:00,122709.56287799595,122759.56287799595,-1,50.0,200.0,,False,sl,0.0,-0.05,0.12273456287799596,-0.17273456287799596,0.001,vwap_initial,1,122268.72543462491,220.41872168552092,1.9999999999999982,2.0,3600
2025-10,28,654807,654807,2025-10-08T16:16:26+00:00,2025-10-08T16:16:26+00:00,122819.77223883872,122869.77223883872,-1,50.0,200.0,,False,sl,0.0,-0.05,0.12284477223883872,-0.1728447722388387,0.001,vwap_initial,1,122293.74821025728,244.81079657372297,2.148696201080445,2.5,3600
2025-10,29,658319,658319,2025-10-08T17:15:36+00:00,2025-10-08T17:15:36+00:00,123288.40137705758,123338.40137705758,-1,50.0,200.0,,False,sl,0.0,-0.05,0.1233134013770576,-0.17331340137705759,0.001,vwap_initial,1,123089.74147536168,338.99588288269626,0.5860245263351794,1.5,3600
2025-10,30,658319,658333,2025-10-08T17:15:36+00:00,2025-10-08T17:15:50+00:00,123520.50661838107,123570.50661838107,-1,50.0,200.0,,False,sl,14.0,-0.05,0.12354550661838107,-0.17354550661838108,0.001,vwap_initial,1,123089.74147536168,338.99588288269626,1.2707090698457053,2.0,3600
2025-10,31,658362,658362,2025-10-08T17:16:19+00:00,2025-10-08T17:16:19+00:00,123304.40883485525,123354.40883485525,-1,50.0,200.0,,False,sl,0.0,-0.05,0.12332940883485524,-0.17332940883485526,0.001,vwap_inversion_flip,1,123113.92812834466,340.61046532400894,0.5592332764332082,1.5,3600
2025-10,32,658365,658375,2025-10-08T17:16:22+00:00,2025-10-08T17:16:32+00:00,123539.23164225653,123589.23164225653,-1,50.0,200.0,,False,sl,10.0,-0.05,0.12356423164225654,-0.17356423164225654,0.001,vwap_inversion_flip,1,123114.69891941431,340.7659175043461,1.2458192003219053,2.0,3600
2025-10,33,658410,658424,2025-10-08T17:17:07+00:00,2025-10-08T17:17:21+00:00,123624.37065590428,123674.37065590428,-1,50.0,200.0,,False,sl,14.0,-0.05,0.12364937065590428,-0.1736493706559043,0.001,vwap_inversion_flip,1,123134.07531823959,343.83473118260554,1.4259622231248723,1.5,3600
2025-10,35,658499,658499,2025-10-08T17:18:36+00:00,2025-10-08T17:18:36+00:00,123375.92856925166,123425.92856925166,-1,50.0,200.0,,False,sl,0.0,-0.05,0.12340092856925167,-0.17340092856925166,0.001,vwap_initial,1,123201.77046653986,371.5990218111425,0.46867212368579875,1.5,3600
2025-10,36,658499,658499,2025-10-08T17:18:36+00:00,2025-10-08T17:18:36+00:00,123624.84837617286,123674.84837617286,-1,50.0,200.0,,False,sl,0.0,-0.05,0.12364984837617286,-0.17364984837617287,0.001,vwap_initial,1,123201.77046653986,371.5990218111425,1.138533432006756,2.0,3600
2025-10,34,658499,658664,2025-10-08T17:18:36+00:00,2025-10-08T17:21:21+00:00,123759.16899925658,123559.16899925658,-1,50.0,200.0,,False,tp,165.0,0.2,0.12365916899925658,0.07634083100074343,0.001,vwap_initial,1,123201.77046653986,371.5990218111425,1.50000000000001,1.5,3600
2025-10,37,658715,658715,2025-10-08T17:22:12+00:00,2025-10-08T17:22:12+00:00,123431.08107201631,123481.08107201631,-1,50.0,200.0,,False,sl,0.0,-0.05,0.12345608107201632,-0.17345608107201632,0.001,vwap_inversion_flip,1,123265.02501142758,373.8240015302122,0.44420919980791795,1.5,3600
2025-10,38,658728,658732,2025-10-08T17:22:25+00:00,2025-10-08T17:22:29+00:00,123690.1202331021,123740.1202331021,-1,50.0,200.0,,False,sl,4.0,-0.05,0.12371512023310212,-0.17371512023310212,0.001,vwap_inversion_flip,1,123267.17708170456,373.3486541279714,1.132836952058685,2.0,3600
2025-10,39,731939,731939,2025-10-09T14:23:00+00:00,2025-10-09T14:23:00+00:00,121874.4670718863,121824.4670718863,1,50.0,200.0,,False,sl,0.0,-0.05,0.1218494670718863,-0.1718494670718863,0.001,vwap_initial,-1,122397.46054633627,425.57013710476855,1.228924280279586,1.5,3600
2025-10,40,731942,731963,2025-10-09T14:23:03+00:00,2025-10-09T14:23:24+00:00,121759.10534067912,121709.10534067912,1,50.0,200.0,,False,sl,21.0,-0.05,0.12173410534067912,-0.17173410534067912,0.001,vwap_initial,-1,122396.69775341029,425.6380404111622,1.4979685840938128,1.5,3600
2025-10,41,731968,732009,2025-10-09T14:23:29+00:00,2025-10-09T14:24:10+00:00,121607.46287481542,121557.46287481542,1,50.0,200.0,,False,sl,41.0,-0.05,0.12158246287481542,-0.17158246287481543,0.001,vwap_initial,-1,122384.21894492437,431.11898579172805,1.8017208606168906,2.0,3600
2025-10,42,736323,736379,2025-10-09T15:36:05+00:00,2025-10-09T15:37:01+00:00,120873.54514730592,120823.54514730592,1,50.0,200.0,,False,sl,56.0,-0.05,0.12084854514730593,-0.17084854514730594,0.001,vwap_initial,-1,121192.96110853087,245.75361591650955,1.2997406367093516,1.5,3600
2025-10,44,736490,736512,2025-10-09T15:38:52+00:00,2025-10-09T15:39:14+00:00,120862.62594557532,120812.62594557532,1,50.0,200.0,,False,sl,22.0,-0.05,0.12083762594557533,-0.17083762594557533,0.001,vwap_inversion_flip,-1,121168.53591600945,242.22714146629954,1.2629054224986414,1.5,3600
2025-10,43,736369,736567,2025-10-09T15:36:51+00:00,2025-10-09T15:40:09+00:00,120824.59400185428,120774.59400185428,1,50.0,200.0,120887.4,True,soft_sl,198.0,-0.05,0.12079959400185428,-0.1707995940018543,0.001,vwap_initial,-1,121190.26596298054,248.64941413797067,1.4706327074768928,1.5,3600
2025-10,45,741299,741299,2025-10-09T16:59:18+00:00,2025-10-09T16:59:18+00:00,119768.58232077681,119718.58232077681,1,50.0,200.0,,False,sl,0.0,-0.05,0.11974358232077681,-0.1697435823207768,0.001,vwap_initial,-1,120503.07165281178,489.65955468998146,1.4999999999999867,1.5,3600
2025-10,46,741299,741299,2025-10-09T16:59:18+00:00,2025-10-09T16:59:18+00:00,120109.85111052544,120059.85111052544,1,50.0,200.0,,False,sl,0.0,-0.05,0.12008485111052546,-0.17008485111052546,0.001,vwap_initial,-1,120503.07165281178,489.65955468998146,0.8030488500021071,1.5,3600
2025-10,47,741302,741351,2025-10-09T16:59:21+00:00,2025-10-09T17:00:10+00:00,119648.57609966987,119598.57609966987,1,50.0,200.0,,False,sl,49.0,-0.05,0.11962357609966988,-0.16962357609966988,0.001,vwap_initial,-1,120499.57719615039,491.48723037382086,1.7314816009222906,2.0,3600
2025-10,48,813572,813585,2025-10-10T13:51:16+00:00,2025-10-10T13:51:29+00:00,121594.1811741488,121544.1811741488,1,50.0,200.0,,False,sl,13.0,-0.05,0.12156918117414882,-0.17156918117414882,0.001,vwap_initial,-1,121987.38148093608,265.7824455469943,1.4794066100868513,1.5,3600
2025-10,49,815579,815579,2025-10-10T14:24:44+00:00,2025-10-10T14:24:44+00:00,121219.89201125843,121169.89201125843,1,50.0,200.0,,False,sl,0.0,-0.05,0.12119489201125844,-0.17119489201125843,0.001,vwap_initial,-1,121790.34937308107,380.30490788175774,1.5000000000000149,1.5,3600
2025-10,50,815579,815601,2025-10-10T14:24:44+00:00,2025-10-10T14:25:06+00:00,121181.2241868135,121131.2241868135,1,50.0,200.0,,False,sl,22.0,-0.05,0.1211562241868135,-0.1711562241868135,0.001,vwap_initial,-1,121790.34937308107,380.30490788175774,1.6016758491503786,1.5,3600
2025-10,51,815832,815839,2025-10-10T14:28:59+00:00,2025-10-10T14:29:06+00:00,121181.90603146655,121131.90603146655,1,50.0,200.0,,False,sl,7.0,-0.05,0.12115690603146656,-0.17115690603146655,0.001,vwap_inversion_flip,-1,121770.81337211857,392.61666464256155,1.4999550291329582,1.5,3600
2025-10,52,815832,815848,2025-10-10T14:28:59+00:00,2025-10-10T14:29:15+00:00,121173.13309449801,121123.13309449801,1,50.0,200.0,,False,sl,16.0,-0.05,0.12114813309449803,-0.17114813309449803,0.001,vwap_inversion_flip,-1,121770.81337211857,392.61666464256155,1.522299819251654,1.5,3600
2025-10,53,818778,818783,2025-10-10T15:18:18+00:00,2025-10-10T15:18:23+00:00,120035.86524528112,119985.86524528112,1,50.0,200.0,,False,sl,5.0,-0.05,0.12001086524528112,-0.17001086524528114,0.001,vwap_initial,-1,120500.1295892687,411.2078379162501,1.1290260086971848,1.5,3600
2025-10,54,818814,818839,2025-10-10T15:18:54+00:00,2025-10-10T15:19:19+00:00,119888.82278308776,119838.82278308776,1,50.0,200.0,,False,sl,25.0,-0.05,0.11986382278308776,-0.16986382278308776,0.001,vwap_initial,-1,120482.36497002648,410.44710517634337,1.4460869121825408,1.5,3600
2025-10,55,819179,819179,2025-10-10T15:24:59+00:00,2025-10-10T15:24:59+00:00,119419.71435609023,119369.71435609023,1,50.0,200.0,,False,sl,0.0,-0.05,0.11939471435609024,-0.16939471435609024,0.001,vwap_initial,-1,120200.23623245748,520.3479175781662,1.499999999999993,1.5,3600
2025-10,56,819179,819179,2025-10-10T15:24:59+00:00,2025-10-10T15:24:59+00:00,119539.11397144865,119489.11397144865,1,50.0,200.0,,False,sl,0.0,-0.05,0.11951411397144865,-0.16951411397144867,0.001,vwap_initial,-1,120200.23623245748,520.3479175781662,1.2705388811506422,1.5,3600
2025-10,57,819415,819425,2025-10-10T15:28:55+00:00,2025-10-10T15:29:05+00:00,119367.18932108408,119317.18932108408,1,50.0,200.0,,False,sl,10.0,-0.05,0.11934218932108408,-0.16934218932108408,0.001,vwap_inversion_flip,-1,120094.16401194339,548.4059875943849,1.3256140656819322,1.5,3600
2025-10,58,819433,819449,2025-10-10T15:29:13+00:00,2025-10-10T15:29:29+00:00,119275.74370404222,119225.74370404222,1,50.0,200.0,,False,sl,16.0,-0.05,0.11925074370404222,-0.16925074370404222,0.001,vwap_inversion_flip,-1,120090.22569491074,549.3107026490711,1.4827346107415116,1.5,3600
2025-10,59,833879,833879,2025-10-10T19:30:03+00:00,2025-10-10T19:30:03+00:00,116583.99105084155,116533.99105084155,1,50.0,200.0,,False,sl,0.0,-0.05,0.11655899105084155,-0.16655899105084154,0.001,vwap_initial,-1,116708.79523878368,467.58819898164205,0.26691047424624187,1.5,3600
2025-10,60,833879,833904,2025-10-10T19:30:03+00:00,2025-10-10T19:30:28+00:00,116104.28532714288,116304.28532714288,1,50.0,200.0,,False,tp,25.0,0.2,0.11620428532714289,0.08379571467285712,0.001,vwap_initial,-1,116708.79523878368,467.58819898164205,1.292825424074791,2.0,3600
2025-10,61,834438,834503,2025-10-10T19:39:22+00:00,2025-10-10T19:40:27+00:00,116320.71842199078,116520.71842199078,1,50.0,200.0,,False,tp,65.0,0.2,0.11642071842199078,0.08357928157800923,0.001,vwap_inversion_flip,-1,116608.92822517226,443.3887143114672,0.6500161007233564,1.5,3600
2025-10,63,838859,838859,2025-10-10T20:53:23+00:00,2025-10-10T20:53:23+00:00,115975.71901620332,115925.71901620332,1,50.0,200.0,,False,sl,0.0,-0.05,0.11595071901620332,-0.16595071901620334,0.001,vwap_initial,-1,116453.66691261592,489.2861609765167,0.9768269256966414,1.5,3600
2025-10,62,838859,838869,2025-10-10T20:53:23+00:00,2025-10-10T20:53:33+00:00,115719.73767115115,115669.73767115115,1,50.0,200.0,,False,sl,10.0,-0.05,0.11569473767115115,-0.16569473767115117,0.001,vwap_initial,-1,116453.66691261592,489.2861609765167,1.5000000000000078,1.5,3600
2025-10,64,838874,838878,2025-10-10T20:53:38+00:00,2025-10-10T20:53:42+00:00,115601.48080995411,115551.48080995411,1,50.0,200.0,,False,sl,4.0,-0.05,0.11557648080995413,-0.16557648080995413,0.001,vwap_initial,-1,116427.62204310525,498.36079155662054,1.657717154214122,2.0,3600
2025-10,65,838884,838886,2025-10-10T20:53:48+00:00,2025-10-10T20:53:50+00:00,115475.09459066289,115425.09459066289,1,50.0,200.0,,False,sl,2.0,-0.05,0.1154500945906629,-0.1654500945906629,0.001,vwap_initial,-1,116412.30931507761,507.2486974592313,1.8476434323225561,2.0,3600
2025-10,66,838893,838894,2025-10-10T20:53:57+00:00,2025-10-10T20:53:58+00:00,115230.45151017464,115180.45151017464,1,50.0,200.0,,False,sl,1.0,-0.05,0.11520545151017464,-0.16520545151017463,0.001,vwap_initial,-1,116281.57611848501,590.1787813342625,1.7810274471983185,2.5,3600
2025-10,67,838893,838894,2025-10-10T20:53:57+00:00,2025-10-10T20:53:58+00:00,115227.2426037049,115177.2426037049,1,50.0,200.0,,False,sl,1.0,-0.05,0.1152022426037049,-0.16520224260370492,0.001,vwap_initial,-1,116281.57611848501,590.1787813342625,1.786464624154225,2.5,3600
2025-10,68,838919,838919,2025-10-10T20:54:23+00:00,2025-10-10T20:54:23+00:00,115233.40498513811,115183.40498513811,1,50.0,200.0,,False,sl,0.0,-0.05,0.11520840498513812,-0.1652084049851381,0.001,vwap_initial,-1,116192.85487075757,639.6332570796344,1.5000000000000053,1.5,3600
2025-10,69,838919,838919,2025-10-10T20:54:23+00:00,2025-10-10T20:54:23+00:00,115759.36836715834,115709.36836715834,1,50.0,200.0,,False,sl,0.0,-0.05,0.11573436836715834,-0.16573436836715832,0.001,vwap_initial,-1,116192.85487075757,639.6332570796344,0.6777110145560443,1.5,3600
2025-10,70,838919,838919,2025-10-10T20:54:23+00:00,2025-10-10T20:54:23+00:00,115348.2613867882,115298.2613867882,1,50.0,200.0,,False,sl,0.0,-0.05,0.11532326138678821,-0.1653232613867882,0.001,vwap_initial,-1,116192.85487075757,639.6332570796344,1.3204339746584088,2.0,3600
2025-10,71,1201305,1201322,2025-10-15T02:13:21+00:00,2025-10-15T02:13:38+00:00,112835.47420598529,112885.47420598529,-1,50.0,200.0,,False,sl,17.0,-0.05,0.11286047420598529,-0.1628604742059853,0.001,vwap_initial,1,112588.80262678684,166.2195830140678,1.4840103357591106,1.5,3600
2025-10,72,1205879,1205956,2025-10-15T03:29:49+00:00,2025-10-15T03:31:06+00:00,112224.99278325168,112174.99278325168,1,50.0,200.0,,False,sl,77.0,-0.05,0.11219999278325168,-0.1621999927832517,0.001,vwap_initial,-1,112635.95157403343,471.6740236362485,0.8712771324856254,1.5,3600
2025-10,73,1401299,1401299,2025-10-17T10:22:03+00:00,2025-10-17T10:22:03+00:00,103952.9202041527,103902.9202041527,1,50.0,200.0,,False,sl,0.0,-0.05,0.1039279202041527,-0.1539279202041527,0.001,vwap_initial,-1,104651.17764313317,465.5049593203082,1.5000000000000056,1.5,3600
2025-10,74,1401299,1401299,2025-10-17T10:22:03+00:00,2025-10-17T10:22:03+00:00,104270.78067597795,104220.78067597795,1,50.0,200.0,,False,sl,0.0,-0.05,0.10424578067597795,-0.15424578067597794,0.001,vwap_initial,-1,104651.17764313317,465.5049593203082,0.8171706005251647,1.5,3600
2025-10,75,1401305,1401309,2025-10-17T10:22:09+00:00,2025-10-17T10:22:13+00:00,103803.50686901988,103753.50686901988,1,50.0,200.0,,False,sl,4.0,-0.05,0.10377850686901988,-0.1537785068690199,0.001,vwap_initial,-1,104647.07223455887,467.8464200438104,1.8030818007755556,2.0,3600
2025-10,76,1401888,1401898,2025-10-17T10:31:52+00:00,2025-10-17T10:32:02+00:00,104032.84420566032,103982.84420566032,1,50.0,200.0,,False,sl,10.0,-0.05,0.10400784420566032,-0.15400784420566033,0.001,vwap_inversion_flip,-1,104367.23580151146,550.6881742093146,0.6072249441914366,1.5,3600
2025-10,77,1403279,1403359,2025-10-17T10:55:03+00:00,2025-10-17T10:56:23+00:00,104742.24667863263,104542.24667863263,-1,50.0,200.0,,False,tp,80.0,0.2,0.10464224667863263,0.09535775332136738,0.001,vwap_initial,1,104213.041287823,352.80359387308977,1.4999999999999802,1.5,3600
2025-10,78,1403544,1403616,2025-10-17T10:59:28+00:00,2025-10-17T11:00:40+00:00,104724.91833340262,104774.91833340262,-1,50.0,200.0,,False,sl,72.0,-0.05,0.10474991833340262,-0.15474991833340263,0.001,vwap_inversion_flip,1,104195.4838140694,342.3147037771208,1.546630961192727,1.5,3600
2025-10,79,1405139,1405139,2025-10-17T11:26:03+00:00,2025-10-17T11:26:03+00:00,106107.1517819586,106157.1517819586,-1,50.0,200.0,,False,sl,0.0,-0.05,0.1061321517819586,-0.1561321517819586,0.001,vwap_initial,1,105174.37497869255,801.0359166442177,1.1644631456398837,1.5,3600
2025-10,80,1405579,1405579,2025-10-17T11:33:23+00:00,2025-10-17T11:33:23+00:00,106121.56339806865,106171.56339806865,-1,50.0,200.0,,False,sl,0.0,-0.05,0.10614656339806865,-0.15614656339806865,0.001,vwap_inversion_flip,1,105440.94132296307,706.1201772495793,0.9638898547789462,1.5,3600
2025-10,81,1411199,1411199,2025-10-17T13:07:05+00:00,2025-10-17T13:07:05+00:00,105175.07853920817,105125.07853920817,1,50.0,200.0,,False,sl,0.0,-0.05,0.10515007853920819,-0.1551500785392082,0.001,vwap_initial,-1,105503.77228792169,219.12916580900776,1.5000000000000138,1.5,3600
2025-10,82,1413981,1413987,2025-10-17T13:53:28+00:00,2025-10-17T13:53:34+00:00,105788.27024467272,105838.27024467272,-1,50.0,200.0,,False,sl,6.0,-0.05,0.10581327024467273,-0.15581327024467273,0.001,vwap_initial,1,105372.79966378181,281.7595738972203,1.4745571025120168,1.5,3600
2025-10,83,1426745,1426800,2025-10-17T17:26:13+00:00,2025-10-17T17:27:08+00:00,106270.42312368775,106220.42312368775,1,50.0,200.0,,False,sl,55.0,-0.05,0.10624542312368776,-0.15624542312368778,0.001,vwap_initial,-1,106520.98017093459,167.31007636860593,1.4975610117756988,1.5,3600
2025-10,84,1827624,1827632,2025-10-22T11:12:25+00:00,2025-10-22T11:12:33+00:00,107838.77706809458,107888.77706809458,-1,50.0,200.0,,False,sl,8.0,-0.05,0.1078637770680946,-0.1578637770680946,0.001,vwap_initial,1,107348.20378312167,331.45028980206007,1.480081025923608,1.5,3600
2025-10,85,1950479,1950479,2025-10-23T21:43:44+00:00,2025-10-23T21:43:44+00:00,109471.70024529756,109421.70024529756,1,50.0,200.0,,False,sl,0.0,-0.05,0.10944670024529757,-0.15944670024529756,0.001,vwap_initial,-1,109565.63611279086,134.0686300408195,0.7006550858668609,1.5,3600
2025-10,86,2008079,2008079,2025-10-24T14:04:31+00:00,2025-10-24T14:04:31+00:00,110543.43434511847,110493.43434511847,1,50.0,200.0,,False,sl,0.0,-0.05,0.11051843434511846,-0.16051843434511848,0.001,vwap_initial,-1,110826.65931392444,284.28450002444987,0.9962729898450623,1.5,3600
2025-10,87,2008088,2008092,2025-10-24T14:04:40+00:00,2025-10-24T14:04:44+00:00,110400.23256388777,110350.23256388777,1,50.0,200.0,,False,sl,4.0,-0.05,0.11037523256388776,-0.16037523256388775,0.001,vwap_initial,-1,110824.1369842031,285.03352306132194,1.4872089983048524,1.5,3600
2025-10,88,2008092,2008306,2025-10-24T14:04:44+00:00,2025-10-24T14:08:18+00:00,110340.26476087864,110290.26476087864,1,50.0,200.0,,False,sl,214.0,-0.05,0.11031526476087863,-0.16031526476087865,0.001,vwap_initial,-1,110819.21218089173,286.7063684594544,1.6705154565857703,2.0,3600
2025-10,89,2170176,2170222,2025-10-26T13:05:23+00:00,2025-10-26T13:06:09+00:00,113422.02060270701,113372.02060270701,1,50.0,200.0,,False,sl,46.0,-0.05,0.11339702060270702,-0.16339702060270703,0.001,vwap_initial,-1,113561.98677965402,92.09292598777175,1.5198363549182508,1.5,3600
2025-10,90,2231459,2231486,2025-10-27T06:19:34+00:00,2025-10-27T06:20:01+00:00,115611.37761727053,115661.37761727053,-1,50.0,200.0,,False,sl,27.0,-0.05,0.11563637761727052,-0.1656363776172705,0.001,vwap_initial,1,115481.58174488763,86.53058158859422,1.5000000000000127,1.5,3600
2025-10,91,2231459,2231486,2025-10-27T06:19:34+00:00,2025-10-27T06:20:01+00:00,115606.16194077331,115656.16194077331,-1,50.0,200.0,,False,sl,27.0,-0.05,0.11563116194077332,-0.16563116194077332,0.001,vwap_initial,1,115481.58174488763,86.53058158859422,1.4397244719558973,1.5,3600
2025-10,92,2231486,2232074,2025-10-27T06:20:01+00:00,2025-10-27T06:29:51+00:00,115654.64290806482,115704.64290806482,-1,50.0,200.0,115580.5,True,soft_sl,590.0,-0.05,0.11567964290806482,-0.1656796429080648,0.001,vwap_initial,1,115483.39120281431,87.6288948340593,1.95428352228804,2.0,3600
2025-10,93,2280479,2280479,2025-10-27T20:01:58+00:00,2025-10-27T20:01:58+00:00,114894.2050913156,114844.2050913156,1,50.0,200.0,,False,sl,0.0,-0.05,0.11486920509131561,-0.1648692050913156,0.001,vwap_initial,-1,114941.80629592676,121.30403405599303,0.3924123792056655,1.5,3600
2025-10,94,2280479,2280497,2025-10-27T20:01:58+00:00,2025-10-27T20:02:16+00:00,114767.8621940212,114717.8621940212,1,50.0,200.0,,False,sl,18.0,-0.05,0.1147428621940212,-0.1647428621940212,0.001,vwap_initial,-1,114941.80629592676,121.30403405599303,1.4339515025960374,2.0,3600
2025-10,95,2280481,2280542,2025-10-27T20:02:00+00:00,2025-10-27T20:03:01+00:00,114759.85024484276,114709.85024484276,1,50.0,200.0,,False,sl,61.0,-0.05,0.11473485024484276,-0.16473485024484275,0.001,vwap_initial,-1,114941.16380931505,120.84458855279036,1.5003862948574436,1.5,3600
2025-10,97,2344199,2344199,2025-10-28T13:57:45+00:00,2025-10-28T13:57:45+00:00,115305.05916735657,115355.05916735657,-1,50.0,200.0,,False,sl,0.0,-0.05,0.11533005916735657,-0.16533005916735657,0.001,vwap_initial,1,115001.27442149568,239.81059010596925,1.266769518921787,1.5,3600
2025-10,96,2344199,2344256,2025-10-28T13:57:45+00:00,2025-10-28T13:58:42+00:00,115360.99030665462,115410.99030665462,-1,50.0,200.0,,False,sl,57.0,-0.05,0.11538599030665464,-0.16538599030665463,0.001,vwap_initial,1,115001.27442149568,239.81059010596925,1.499999999999977,1.5,3600
2025-10,98,2344379,2344379,2025-10-28T14:00:45+00:00,2025-10-28T14:00:45+00:00,115408.513532883,115458.513532883,-1,50.0,200.0,,False,sl,0.0,-0.05,0.115433513532883,-0.165433513532883,0.001,vwap_initial,1,115029.84878338448,252.44316633234192,1.4999999999999813,1.5,3600
2025-10,99,2344379,2344379,2025-10-28T14:00:45+00:00,2025-10-28T14:00:45+00:00,115354.39998027007,115404.39998027007,-1,50.0,200.0,,False,sl,0.0,-0.05,0.11537939998027008,-0.16537939998027007,0.001,vwap_initial,1,115029.84878338448,252.44316633234192,1.2856406517192625,1.5,3600
2025-10,100,2344496,2344496,2025-10-28T14:02:42+00:00,2025-10-28T14:02:42+00:00,115427.09464001386,115477.09464001386,-1,50.0,200.0,,False,sl,0.0,-0.05,0.11545209464001387,-0.16545209464001387,0.001,vwap_inversion_flip,1,115045.26632506955,254.60222231334393,1.4997053500750372,1.5,3600
2025-10,101,2344496,2344496,2025-10-28T14:02:42+00:00,2025-10-28T14:02:42+00:00,115377.24213294119,115427.24213294119,-1,50.0,200.0,,False,sl,0.0,-0.05,0.1154022421329412,-0.1654022421329412,0.001,vwap_inversion_flip,1,115045.26632506955,254.60222231334393,1.3038998829439568,1.5,3600
2025-10,102,2351246,2351536,2025-10-28T15:55:14+00:00,2025-10-28T16:00:04+00:00,114587.01545386201,114537.01545386201,1,50.0,200.0,,False,sl,290.0,-0.05,0.11456201545386202,-0.164562015453862,0.001,vwap_initial,-1,114942.90058419904,242.52519309803714,1.4674150994002955,1.5,3600
2025-10,103,2354544,2354594,2025-10-28T16:50:38+00:00,2025-10-28T16:51:28+00:00,115244.8198733057,115294.8198733057,-1,50.0,200.0,,False,sl,50.0,-0.05,0.11526981987330571,-0.16526981987330572,0.001,vwap_initial,1,114859.53072653571,258.8990409827916,1.488182981703686,1.5,3600
2025-10,105,2363519,2363519,2025-10-28T19:21:48+00:00,2025-10-28T19:21:48+00:00,114199.61104864966,114149.61104864966,1,50.0,200.0,,False,sl,0.0,-0.05,0.11417461104864966,-0.16417461104864967,0.001,vwap_initial,-1,114467.57317349802,414.38763810905925,0.6466460391316915,1.5,3600
2025-10,106,2363519,2363519,2025-10-28T19:21:48+00:00,2025-10-28T19:21:48+00:00,113984.55011551625,113934.55011551625,1,50.0,200.0,,False,sl,0.0,-0.05,0.11395955011551626,-0.16395955011551627,0.001,vwap_initial,-1,114467.57317349802,414.38763810905925,1.1656309541131864,2.0,3600
2025-10,104,2363519,2363533,2025-10-28T19:21:48+00:00,2025-10-28T19:22:02+00:00,113845.99171633444,113795.99171633444,1,50.0,200.0,,False,sl,14.0,-0.05,0.11382099171633443,-0.16382099171633444,0.001,vwap_initial,-1,114467.57317349802,414.38763810905925,1.499999999999992,1.5,3600
2025-10,107,2365259,2365259,2025-10-28T19:50:51+00:00,2025-10-28T19:50:51+00:00,113728.26088394292,113678.26088394292,1,50.0,200.0,,False,sl,0.0,-0.05,0.11370326088394292,-0.16370326088394294,0.001,vwap_initial,-1,114046.40392102329,392.0949561290055,0.8113928325456391,1.5,3600
2025-10,109,2431499,2431499,2025-10-29T14:29:47+00:00,2025-10-29T14:29:47+00:00,112397.24161861761,112347.24161861761,1,50.0,200.0,,False,sl,0.0,-0.05,0.11237224161861763,-0.16237224161861763,0.001,vwap_initial,-1,112725.39780203965,295.9883500150592,1.1086793902710628,1.5,3600
2025-10,108,2431499,2431526,2025-10-29T14:29:47+00:00,2025-10-29T14:30:14+00:00,112281.41527701706,112231.41527701706,1,50.0,200.0,,False,sl,27.0,-0.05,0.11225641527701707,-0.16225641527701706,0.001,vwap_initial,-1,112725.39780203965,295.9883500150592,1.4999999999999838,1.5,3600
2025-10,110,2431526,2431694,2025-10-29T14:30:14+00:00,2025-10-29T14:33:02+00:00,112232.98753192628,112432.98753192628,1,50.0,200.0,,False,tp,168.0,0.2,0.11233298753192628,0.08766701246807374,0.001,vwap_initial,-1,112717.5481509182,295.4172545232385,1.64025835178088,2.0,3600
2025-10,112,2433602,2433615,2025-10-29T15:04:57+00:00,2025-10-29T15:05:10+00:00,112249.49272688979,112199.49272688979,1,50.0,200.0,,False,sl,13.0,-0.05,0.1122244927268898,-0.1622244927268898,0.001,vwap_inversion_flip,-1,112436.48681970696,138.3138932499575,1.3519545175352685,1.5,3600
2025-10,111,2433602,2433618,2025-10-29T15:04:57+00:00,2025-10-29T15:05:13+00:00,112229.31477176638,112179.31477176638,1,50.0,200.0,,False,sl,16.0,-0.05,0.11220431477176639,-0.1622043147717664,0.001,vwap_inversion_flip,-1,112436.48681970696,138.3138932499575,1.4978397547250106,1.5,3600
2025-10,113,2433629,2433629,2025-10-29T15:05:24+00:00,2025-10-29T15:05:24+00:00,112160.19952209484,112360.19952209484,1,50.0,200.0,,False,tp,0.0,0.2,0.11226019952209486,0.08773980047790515,0.001,vwap_inversion_flip,-1,112416.31388566832,143.09492746981238,1.7898214010940918,2.0,3600
2025-10,114,2436239,2436239,2025-10-29T15:49:00+00:00,2025-10-29T15:49:00+00:00,111583.05917892778,111533.05917892778,1,50.0,200.0,,False,sl,0.0,-0.05,0.11155805917892778,-0.1615580591789278,0.001,vwap_initial,-1,112001.14132542427,278.7214309976543,1.500000000000005,1.5,3600
2025-10,115,2436239,2436239,2025-10-29T15:49:00+00:00,2025-10-29T15:49:00+00:00,111645.26769120834,111595.26769120834,1,50.0,200.0,,False,sl,0.0,-0.05,0.11162026769120835,-0.16162026769120835,0.001,vwap_initial,-1,112001.14132542427,278.7214309976543,1.2768075742942047,1.5,3600
2025-10,116,2436250,2436462,2025-10-29T15:49:11+00:00,2025-10-29T15:52:43+00:00,111443.69846342895,111643.69846342895,1,50.0,200.0,,False,tp,212.0,0.2,0.11154369846342896,0.08845630153657105,0.001,vwap_initial,-1,111998.08646224067,280.18758391491644,1.978631569127847,2.0,3600
2025-10,117,2436500,2436602,2025-10-29T15:53:21+00:00,2025-10-29T15:55:03+00:00,111602.207894947,111552.207894947,1,50.0,200.0,,False,sl,102.0,-0.05,0.11157720789494702,-0.161577207894947,0.001,vwap_inversion_flip,-1,111963.02783394475,285.6781431866615,1.2630295582745847,1.5,3600
2025-10,118,2448248,2448260,2025-10-29T19:09:19+00:00,2025-10-29T19:09:31+00:00,111291.55786025099,111341.55786025099,-1,50.0,200.0,,False,sl,12.0,-0.05,0.11131655786025099,-0.161316557860251,0.001,vwap_initial,1,110362.05773853882,621.6954633146822,1.4951052027247822,1.5,3600
2025-10,119,2452831,2452831,2025-10-29T20:25:58+00:00,2025-10-29T20:25:58+00:00,110963.69786293744,111013.69786293744,-1,50.0,200.0,,False,sl,0.0,-0.05,0.11098869786293744,-0.16098869786293746,0.001,vwap_inversion_flip,1,110607.2971605099,237.7398817151632,1.4991203825639106,1.5,3600
2025-10,120,2452831,2452831,2025-10-29T20:25:58+00:00,2025-10-29T20:25:58+00:00,111082.52402897639,111132.52402897639,-1,50.0,200.0,,False,sl,0.0,-0.05,0.11110752402897639,-0.16110752402897638,0.001,vwap_inversion_flip,1,110607.2971605099,237.7398817151632,1.9989362535136586,2.0,3600
2025-10,121,2452873,2453016,2025-10-29T20:26:40+00:00,2025-10-29T20:29:03+00:00,111201.35019501536,111251.35019501536,-1,50.0,200.0,,False,sl,143.0,-0.05,0.11122635019501535,-0.16122635019501536,0.001,vwap_inversion_flip,1,110609.13944155166,241.2355709337433,2.4549064268235856,2.5,3600
2025-10,122,2467979,2467979,2025-10-30T00:42:26+00:00,2025-10-30T00:42:26+00:00,110353.11906191093,110403.11906191093,-1,50.0,200.0,,False,sl,0.0,-0.05,0.11037811906191093,-0.16037811906191093,0.001,vwap_initial,1,110070.70267162441,188.27759352433696,1.5000000000000304,1.5,3600
2025-10,123,2469630,2470545,2025-10-30T01:10:13+00:00,2025-10-30T01:25:57+00:00,110530.94717917981,110330.94717917981,-1,50.0,200.0,,False,tp,944.0,0.2,0.11043094717917981,0.0895690528208202,0.001,vwap_inversion_flip,1,110281.20306881989,168.24141815100265,1.4844389277304624,1.5,3600
2025-10,124,2494499,2494499,2025-10-30T08:10:40+00:00,2025-10-30T08:10:40+00:00,111028.73120687471,110978.73120687471,1,50.0,200.0,,False,sl,0.0,-0.05,0.11100373120687472,-0.16100373120687472,0.001,vwap_initial,-1,111253.40860250201,149.78493041820056,1.4999999999999643,1.5,3600
2025-10,125,2494499,2494505,2025-10-30T08:10:40+00:00,2025-10-30T08:10:46+00:00,110953.8387416656,110903.8387416656,1,50.0,200.0,,False,sl,6.0,-0.05,0.1109288387416656,-0.1609288387416656,0.001,vwap_initial,-1,111253.40860250201,149.78493041820056,2.000000000000017,2.0,3600
2025-10,126,2518859,2519313,2025-10-30T14:59:29+00:00,2025-10-30T15:07:04+00:00,108251.06245432733,108051.06245432733,-1,50.0,200.0,,False,tp,455.0,0.2,0.10815106245432733,0.09184893754567268,0.001,vwap_initial,1,108006.44185706925,163.08039817204997,1.5000000000000262,1.5,3600
2025-10,127,2520059,2520090,2025-10-30T15:19:30+00:00,2025-10-30T15:20:01+00:00,107790.64263114076,107740.64263114076,1,50.0,200.0,,False,sl,31.0,-0.05,0.10776564263114077,-0.1577656426311408,0.001,vwap_initial,-1,108028.25123975966,158.405739079265,1.5000000000000315,1.5,3600
2025-10,128,2520110,2520310,2025-10-30T15:20:21+00:00,2025-10-30T15:23:41+00:00,107711.43976160113,107911.43976160113,1,50.0,200.0,,False,tp,200.0,0.2,0.10781143976160112,0.09218856023839889,0.001,vwap_initial,-1,108026.90081002205,159.99955972276197,1.9716369780488074,2.0,3600
2025-10,129,2520519,2520726,2025-10-30T15:27:10+00:00,2025-10-30T15:30:37+00:00,107772.43233312127,107722.43233312127,1,50.0,200.0,,False,sl,207.0,-0.05,0.10774743233312127,-0.15774743233312127,0.001,vwap_inversion_flip,-1,108019.50231250894,166.11407118349717,1.4873512979809242,1.5,3600
2025-10,130,2526479,2526479,2025-10-30T17:06:57+00:00,2025-10-30T17:06:57+00:00,107756.77907774279,107706.77907774279,1,50.0,200.0,,False,sl,0.0,-0.05,0.10773177907774278,-0.15773177907774277,0.001,vwap_initial,-1,107966.30022832793,139.68076705676916,1.4999999999999558,1.5,3600
2025-10,131,2526479,2526479,2025-10-30T17:06:57+00:00,2025-10-30T17:06:57+00:00,107686.93869421439,107636.93869421439,1,50.0,200.0,,False,sl,0.0,-0.05,0.1076619386942144,-0.1576619386942144,0.001,vwap_initial,-1,107966.30022832793,139.68076705676916,2.0000000000000453,2.0,3600
2025-10,132,2526479,2526731,2025-10-30T17:06:57+00:00,2025-10-30T17:11:09+00:00,107617.09831068601,107567.09831068601,1,50.0,200.0,,False,sl,252.0,-0.05,0.10759209831068602,-0.15759209831068602,0.001,vwap_initial,-1,107966.30022832793,139.68076705676916,2.50000000000003,2.5,3600
2025-10,133,2528279,2528279,2025-10-30T17:36:57+00:00,2025-10-30T17:36:57+00:00,107121.76139590827,107071.76139590827,1,50.0,200.0,,False,sl,0.0,-0.05,0.10709676139590828,-0.15709676139590828,0.001,vwap_initial,-1,107262.51675049163,369.1531337779254,0.38129259026699924,1.5,3600
2025-10,134,2528290,2528347,2025-10-30T17:37:08+00:00,2025-10-30T17:38:05+00:00,106938.23063295233,106888.23063295233,1,50.0,200.0,,False,sl,57.0,-0.05,0.10691323063295234,-0.15691323063295234,0.001,vwap_initial,-1,107261.60089019462,368.78551587084934,0.8768518375204781,2.0,3600
2025-10,135,2531888,2531905,2025-10-30T18:37:24+00:00,2025-10-30T18:37:41+00:00,106985.5882152512,106935.5882152512,1,50.0,200.0,,False,sl,17.0,-0.05,0.10696058821525121,-0.15696058821525122,0.001,vwap_inversion_flip,-1,107276.76194237327,195.40085687940368,1.4901353646661208,1.5,3600
2025-10,136,2549639,2549639,2025-10-30T23:36:41+00:00,2025-10-30T23:36:41+00:00,108049.14165309255,108099.14165309255,-1,50.0,200.0,,False,sl,0.0,-0.05,0.10807414165309255,-0.15807414165309255,0.001,vwap_initial,1,107886.6160907725,237.59586928368577,0.6840420366315253,1.5,3600
2025-10,137,2550343,2550352,2025-10-30T23:48:27+00:00,2025-10-30T23:48:36+00:00,108144.7905268848,108194.7905268848,-1,50.0,200.0,,False,sl,9.0,-0.05,0.1081697905268848,-0.1581697905268848,0.001,vwap_inversion_flip,1,107937.41457391153,219.01977830993368,0.9468366490619252,1.5,3600
2025-10,138,2550363,2551091,2025-10-30T23:48:47+00:00,2025-10-31T00:01:00+00:00,108265.8356797304,108315.8356797304,-1,50.0,200.0,,False,sl,733.0,-0.05,0.10829083567973041,-0.1582908356797304,0.001,vwap_inversion_flip,1,107944.23065243599,219.47004495327866,1.4653709455560382,1.5,3600
2025-10,139,2558514,2558559,2025-10-31T02:05:13+00:00,2025-10-31T02:05:58+00:00,109469.66084950512,109419.66084950512,1,50.0,200.0,,False,sl,45.0,-0.05,0.10944466084950513,-0.15944466084950515,0.001,vwap_initial,-1,109720.31511664997,159.98331208464077,1.5667525811207357,1.5,3600
2025-10,140,2558706,2558706,2025-10-31T02:08:25+00:00,2025-10-31T02:08:25+00:00,109438.43906459027,109388.43906459027,1,50.0,200.0,,False,sl,0.0,-0.05,0.10941343906459028,-0.15941343906459027,0.001,vwap_inversion_flip,-1,109707.83654576886,180.11504930606324,1.495696679519603,1.5,3600
2025-10,141,2558706,2558711,2025-10-31T02:08:25+00:00,2025-10-31T02:08:30+00:00,109348.52846137261,109298.52846137261,1,50.0,200.0,,False,sl,5.0,-0.05,0.10932352846137262,-0.15932352846137263,0.001,vwap_inversion_flip,-1,109707.83654576886,180.11504930606324,1.9948809706938635,2.0,3600
2025-10,142,2561159,2561159,2025-10-31T02:49:22+00:00,2025-10-31T02:49:22+00:00,108757.74868177575,108707.74868177575,1,50.0,200.0,,False,sl,0.0,-0.05,0.10873274868177575,-0.15873274868177575,0.001,vwap_initial,-1,109167.72747937158,273.31919839722104,1.5,1.5,3600
2025-10,143,2561200,2561229,2025-10-31T02:50:03+00:00,2025-10-31T02:50:32+00:00,108621.08908257713,108571.08908257713,1,50.0,200.0,,False,sl,29.0,-0.05,0.10859608908257715,-0.15859608908257716,0.001,vwap_initial,-1,109159.59287598335,273.73438955088744,1.967249326216298,2.0,3600
2025-10,144,2605139,2605139,2025-10-31T15:10:06+00:00,2025-10-31T15:10:06+00:00,111028.10037780089,111078.10037780089,-1,50.0,200.0,,False,sl,0.0,-0.05,0.11105310037780089,-0.1610531003778009,0.001,vwap_initial,1,110382.51227356477,430.3920694907451,1.4999999999999922,1.5,3600
2025-10,145,2605139,2605139,2025-10-31T15:10:06+00:00,2025-10-31T15:10:06+00:00,110789.82388318768,110839.82388318768,-1,50.0,200.0,,False,sl,0.0,-0.05,0.11081482388318768,-0.16081482388318769,0.001,vwap_initial,1,110382.51227356477,430.3920694907451,0.9463734080993901,1.5,3600
2025-10,146,2605139,2605139,2025-10-31T15:10:06+00:00,2025-10-31T15:10:06+00:00,111007.33575286646,111057.33575286646,-1,50.0,200.0,,False,sl,0.0,-0.05,0.11103233575286647,-0.16103233575286646,0.001,vwap_initial,1,110382.51227356477,430.3920694907451,1.451754164617861,2.0,3600
2025-10,147,2607959,2607959,2025-10-31T15:57:11+00:00,2025-10-31T15:57:11+00:00,110236.76379577216,110186.76379577216,1,50.0,200.0,,False,sl,0.0,-0.05,0.11021176379577216,-0.16021176379577218,0.001,vwap_initial,-1,110639.95109668953,268.7915339449135,1.5000000000000078,1.5,3600
2025-10,148,2610659,2610708,2025-10-31T16:42:22+00:00,2025-10-31T16:43:11+00:00,109763.69761240047,109713.69761240047,1,50.0,200.0,,False,sl,49.0,-0.05,0.10973869761240047,-0.15973869761240048,0.001,vwap_initial,-1,110069.7064851709,204.00591518028543,1.4999999999999984,1.5,3600
2025-10,149,2612459,2612459,2025-10-31T17:12:22+00:00,2025-10-31T17:12:22+00:00,109173.7482557977,109123.7482557977,1,50.0,200.0,,False,sl,0.0,-0.05,0.10914874825579772,-0.15914874825579772,0.001,vwap_initial,-1,109278.06594250056,443.85125466007514,0.23502848219443334,1.5,3600
2025-10,150,2613230,2613230,2025-10-31T17:25:13+00:00,2025-10-31T17:25:13+00:00,109099.21109147697,109049.21109147697,1,50.0,200.0,,False,sl,0.0,-0.05,0.10907421109147697,-0.15907421109147696,0.001,vwap_inversion_flip,-1,109128.19471542731,385.1093478353501,0.07526076454193578,1.5,3600
2025-11,1,133559,133559,2025-11-02T16:05:01+00:00,2025-11-02T16:05:01+00:00,109928.6642251978,109878.6642251978,1,50.0,200.0,,False,sl,0.0,-0.05,0.1099036642251978,-0.1599036642251978,0.001,vwap_initial,-1,110118.26738422643,243.4056350615217,0.7789596119280738,1.5,3600
2025-11,2,133604,134174,2025-11-02T16:05:46+00:00,2025-11-02T16:15:16+00:00,109767.69351077548,109717.69351077548,1,50.0,200.0,,False,sl,570.0,-0.05,0.10974269351077548,-0.15974269351077547,0.001,vwap_initial,-1,110107.72857188272,245.89284745719218,1.3828586907816933,2.0,3600
2025-11,4,159419,159419,2025-11-03T00:06:52+00:00,2025-11-03T00:06:52+00:00,110567.3296661581,110617.3296661581,-1,50.0,200.0,,False,sl,0.0,-0.05,0.11059232966615809,-0.1605923296661581,0.001,vwap_initial,1,110388.90438705549,170.38107307582834,1.0472130259632764,1.5,3600
2025-11,3,159419,159599,2025-11-03T00:06:52+00:00,2025-11-03T00:09:53+00:00,110644.47599666924,110694.47599666924,-1,50.0,200.0,,False,sl,181.0,-0.05,0.11066947599666924,-0.16066947599666925,0.001,vwap_initial,1,110388.90438705549,170.38107307582834,1.5000000000000298,1.5,3600
2025-11,5,160980,161032,2025-11-03T00:33:19+00:00,2025-11-03T00:34:13+00:00,110292.72969447011,110242.72969447011,1,50.0,200.0,,False,sl,54.0,-0.05,0.1102677296944701,-0.16026772969447012,0.001,vwap_inversion_flip,-1,110493.68041517597,133.98574623629148,1.4997917789812896,1.5,3600
2025-11,6,164672,164681,2025-11-03T01:35:41+00:00,2025-11-03T01:35:50+00:00,109431.89417752725,109381.89417752725,1,50.0,200.0,,False,sl,9.0,-0.05,0.10940689417752726,-0.15940689417752726,0.001,vwap_inversion_flip,-1,109721.50374273302,223.02758582435797,1.2985369685786217,1.5,3600
2025-11,7,164681,164682,2025-11-03T01:35:50+00:00,2025-11-03T01:35:51+00:00,109392.443495866,109342.443495866,1,50.0,200.0,,False,sl,1.0,-0.05,0.109367443495866,-0.159367443495866,0.001,vwap_inversion_flip,-1,109714.87757254922,224.30421303143925,1.4374856019223499,1.5,3600
2025-11,8,188914,188933,2025-11-03T08:21:50+00:00,2025-11-03T08:22:09+00:00,107399.23553311276,107349.23553311276,1,50.0,200.0,,False,sl,19.0,-0.05,0.10737423553311277,-0.15737423553311278,0.001,vwap_inversion_flip,-1,107561.37761830936,108.59956731770613,1.4930269908189602,1.5,3600
2025-11,9,188933,189164,2025-11-03T08:22:09+00:00,2025-11-03T08:26:04+00:00,107345.05787461901,107295.05787461901,1,50.0,200.0,,False,sl,235.0,-0.05,0.10732005787461901,-0.157320057874619,0.001,vwap_inversion_flip,-1,107560.84485021242,108.8188859404769,1.9829919570343866,2.0,3600
2025-11,10,253127,253221,2025-11-04T02:22:15+00:00,2025-11-04T02:23:49+00:00,107091.20714201246,107141.20714201246,-1,50.0,200.0,,False,sl,94.0,-0.05,0.10711620714201246,-0.15711620714201247,0.001,vwap_initial,1,106957.73537133327,129.67940364438172,1.0292441739260563,1.5,3600
2025-11,11,257418,257418,2025-11-04T03:34:35+00:00,2025-11-04T03:34:35+00:00,106983.16079056253,107033.16079056253,-1,50.0,200.0,,False,sl,0.0,-0.05,0.10700816079056252,-0.1570081607905625,0.001,vwap_inversion_flip,1,106643.15190777616,226.79510227190644,1.499189706392893,1.5,3600
2025-11,12,257451,257975,2025-11-04T03:35:08+00:00,2025-11-04T03:43:52+00:00,107096.5208227243,107146.5208227243,-1,50.0,200.0,,False,sl,524.0,-0.05,0.1071215208227243,-0.1571215208227243,0.001,vwap_inversion_flip,1,106647.61769231666,230.55141068496363,1.9470847264562472,2.0,3600
2025-11,13,297623,297632,2025-11-04T14:48:04+00:00,2025-11-04T14:48:13+00:00,104032.37198240636,104082.37198240636,-1,50.0,200.0,,False,sl,9.0,-0.05,0.10405737198240637,-0.15405737198240638,0.001,vwap_initial,1,103508.88943103023,350.90247844426983,1.4918177657137035,1.5,3600
2025-11,14,559759,559833,2025-11-07T16:12:02+00:00,2025-11-07T16:13:16+00:00,100557.41807846486,100507.41807846486,1,50.0,200.0,,False,sl,74.0,-0.05,0.10053241807846487,-0.15053241807846487,0.001,vwap_inversion_flip,-1,100833.21845881936,189.3821600460305,1.4563165838190082,1.5,3600
2025-11,15,559834,559848,2025-11-07T16:13:17+00:00,2025-11-07T16:13:31+00:00,100537.43040063586,100487.43040063586,1,50.0,200.0,,False,sl,14.0,-0.05,0.10051243040063587,-0.1505124304006359,0.001,vwap_inversion_flip,-1,100826.52359216387,192.86222173897977,1.498962258763504,1.5,3600
2025-11,16,807959,808109,2025-11-10T14:25:26+00:00,2025-11-10T14:28:00+00:00,106179.88552531594,106129.88552531594,1,50.0,200.0,,False,sl,154.0,-0.05,0.10615488552531595,-0.15615488552531595,0.001,vwap_initial,-1,106346.13375348682,110.832152113924,1.499999999999945,1.5,3600
2025-11,17,813179,813179,2025-11-10T15:52:30+00:00,2025-11-10T15:52:30+00:00,104667.1743688803,104617.1743688803,1,50.0,200.0,,False,sl,0.0,-0.05,0.1046421743688803,-0.1546421743688803,0.001,vwap_initial,-1,105035.32891986551,245.43636732347503,1.5000000000000095,1.5,3600
2025-11,18,813179,813179,2025-11-10T15:52:30+00:00,2025-11-10T15:52:30+00:00,104717.05949751522,104667.05949751522,1,50.0,200.0,,False,sl,0.0,-0.05,0.10469205949751521,-0.15469205949751522,0.001,vwap_initial,-1,105035.32891986551,245.43636732347503,1.2967492381877754,1.5,3600
2025-11,19,831479,831479,2025-11-10T21:05:44+00:00,2025-11-10T21:05:44+00:00,105825.44878003943,105775.44878003943,1,50.0,200.0,,False,sl,0.0,-0.05,0.10580044878003943,-0.15580044878003943,0.001,vwap_initial,-1,106027.52133224043,134.71503480066804,1.5000000000000102,1.5,3600
2025-11,20,831479,831494,2025-11-10T21:05:44+00:00,2025-11-10T21:06:00+00:00,105758.0912626391,105708.0912626391,1,50.0,200.0,,False,sl,16.0,-0.05,0.10573309126263909,-0.1557330912626391,0.001,vwap_initial,-1,106027.52133224043,134.71503480066804,2.0000000000000133,2.0,3600
2025-11,21,831511,831535,2025-11-10T21:06:17+00:00,2025-11-10T21:06:41+00:00,105690.73374523876,105640.73374523876,1,50.0,200.0,,False,sl,24.0,-0.05,0.10566573374523876,-0.15566573374523876,0.001,vwap_initial,-1,106025.05195275116,137.57161773518894,2.4301393922395658,2.5,3600
2025-11,22,848879,848879,2025-11-11T02:04:10+00:00,2025-11-11T02:04:10+00:00,106010.38612260643,105960.38612260643,1,50.0,200.0,,False,sl,0.0,-0.05,0.10598538612260643,-0.15598538612260643,0.001,vwap_initial,-1,106681.89549865123,447.6729173631929,1.5000000000000073,1.5,3600
2025-11,24,860219,860219,2025-11-11T05:14:22+00:00,2025-11-11T05:14:22+00:00,105707.9834464783,105657.9834464783,1,50.0,200.0,,False,sl,0.0,-0.05,0.1056829834464783,-0.1556829834464783,0.001,vwap_initial,-1,105778.76898986183,238.35329569400952,0.29697740565078407,1.5,3600
2025-11,25,860219,860219,2025-11-11T05:14:22+00:00,2025-11-11T05:14:22+00:00,105457.5526614374,105407.5526614374,1,50.0,200.0,,False,sl,0.0,-0.05,0.1054325526614374,-0.1554325526614374,0.001,vwap_initial,-1,105778.76898986183,238.35329569400952,1.3476479420565601,2.0,3600
2025-11,23,860219,860245,2025-11-11T05:14:22+00:00,2025-11-11T05:14:48+00:00,105421.23904632081,105371.23904632081,1,50.0,200.0,,False,sl,26.0,-0.05,0.10539623904632081,-0.15539623904632083,0.001,vwap_initial,-1,105778.76898986183,238.35329569400952,1.4999999999999925,1.5,3600
2025-11,26,860262,860262,2025-11-11T05:15:05+00:00,2025-11-11T05:15:05+00:00,105302.0623984738,105252.0623984738,1,50.0,200.0,,False,sl,0.0,-0.05,0.1052770623984738,-0.1552770623984738,0.001,vwap_initial,-1,105750.23391107171,253.86762359306184,1.7653748290341595,2.0,3600
2025-11,27,860262,860263,2025-11-11T05:15:05+00:00,2025-11-11T05:15:06+00:00,105182.8857506268,105132.8857506268,1,50.0,200.0,,False,sl,1.0,-0.05,0.1051578857506268,-0.1551578857506268,0.001,vwap_initial,-1,105750.23391107171,253.86762359306184,2.2348188887384555,2.5,3600
2025-11,28,860262,860263,2025-11-11T05:15:05+00:00,2025-11-11T05:15:06+00:00,105207.12187639649,105157.12187639649,1,50.0,200.0,,False,sl,1.0,-0.05,0.1051821218763965,-0.15518212187639652,0.001,vwap_initial,-1,105750.23391107171,253.86762359306184,2.139351316203331,2.5,3600
2025-11,29,861064,861064,2025-11-11T05:28:29+00:00,2025-11-11T05:28:29+00:00,105475.30467896923,105425.30467896923,1,50.0,200.0,,False,sl,0.0,-0.05,0.10545030467896924,-0.15545030467896925,0.001,vwap_inversion_flip,-1,105535.63361691142,256.2539705932319,0.23542635379474838,1.5,3600
2025-11,31,876059,876059,2025-11-11T09:40:38+00:00,2025-11-11T09:40:38+00:00,105303.1193611302,105353.1193611302,-1,50.0,200.0,,False,sl,0.0,-0.05,0.1053281193611302,-0.15532811936113022,0.001,vwap_initial,1,105195.92965868364,139.42395380964942,0.7688040649951746,1.5,3600
2025-11,30,876059,876126,2025-11-11T09:40:38+00:00,2025-11-11T09:41:45+00:00,105405.06558939812,105205.06558939812,-1,50.0,200.0,,False,tp,67.0,0.2,0.10530506558939813,0.09469493441060188,0.001,vwap_initial,1,105195.92965868364,139.42395380964942,1.4999999999999987,1.5,3600
2025-11,32,876059,876169,2025-11-11T09:40:38+00:00,2025-11-11T09:42:28+00:00,105385.35177715581,105185.35177715581,-1,50.0,200.0,,False,tp,110.0,0.2,0.10528535177715581,0.0947146482228442,0.001,vwap_initial,1,105195.92965868364,139.42395380964942,1.358605270445705,2.0,3600
2025-11,33,880961,880961,2025-11-11T11:04:56+00:00,2025-11-11T11:04:56+00:00,105210.69626725129,105260.69626725129,-1,50.0,200.0,,False,sl,0.0,-0.05,0.1052356962672513,-0.1552356962672513,0.001,vwap_inversion_flip,1,105096.31821811521,76.74700960922385,1.4903258083730562,1.5,3600
2025-11,34,880961,880961,2025-11-11T11:04:56+00:00,2025-11-11T11:04:56+00:00,105248.9112574817,105298.9112574817,-1,50.0,200.0,,False,sl,0.0,-0.05,0.1052739112574817,-0.1552739112574817,0.001,vwap_inversion_flip,1,105096.31821811521,76.74700960922385,1.9882603914270294,2.0,3600
2025-11,35,880961,880966,2025-11-11T11:04:56+00:00,2025-11-11T11:05:01+00:00,105287.1262477121,105337.1262477121,-1,50.0,200.0,,False,sl,5.0,-0.05,0.1053121262477121,-0.15531212624771212,0.001,vwap_inversion_flip,1,105096.31821811521,76.74700960922385,2.4861949744810024,2.5,3600
2025-11,36,880961,882771,2025-11-11T11:04:56+00:00,2025-11-11T11:35:57+00:00,105300.44917910881,105350.44917910881,-1,50.0,200.0,,False,sl,1861.0,-0.05,0.10532544917910881,-0.15532544917910882,0.001,vwap_inversion_flip,1,105096.31821811521,76.74700960922385,2.659790420929524,1.5,3600
2025-11,37,880963,883092,2025-11-11T11:04:58+00:00,2025-11-11T11:41:22+00:00,105325.34123794251,105375.34123794251,-1,50.0,200.0,,False,sl,2184.0,-0.05,0.10535034123794251,-0.1553503412379425,0.001,vwap_inversion_flip,1,105096.47480437713,76.88839530738257,2.976605671771816,3.0,3600
2025-11,39,887099,887099,2025-11-11T12:48:13+00:00,2025-11-11T12:48:13+00:00,104706.21585371792,104656.21585371792,1,50.0,200.0,,False,sl,0.0,-0.05,0.10468121585371792,-0.1546812158537179,0.001,vwap_initial,-1,104906.85188017499,271.46196654505405,0.7390944264148669,1.5,3600
2025-11,40,887099,887099,2025-11-11T12:48:13+00:00,2025-11-11T12:48:13+00:00,104587.00156316522,104537.00156316522,1,50.0,200.0,,False,sl,0.0,-0.05,0.10456200156316522,-0.15456200156316524,0.001,vwap_initial,-1,104906.85188017499,271.46196654505405,1.1782509390930953,2.0,3600
2025-11,38,887099,887129,2025-11-11T12:48:13+00:00,2025-11-11T12:48:43+00:00,104499.65893035741,104449.65893035741,1,50.0,200.0,,False,sl,30.0,-0.05,0.10447465893035743,-0.15447465893035744,0.001,vwap_initial,-1,104906.85188017499,271.46196654505405,1.4999999999999742,1.5,3600
2025-11,41,887125,887140,2025-11-11T12:48:39+00:00,2025-11-11T12:48:54+00:00,104467.78727261254,104417.78727261254,1,50.0,200.0,,False,sl,15.0,-0.05,0.10444278727261254,-0.15444278727261254,0.001,vwap_initial,-1,104897.15124940667,274.4466913354208,1.564471317562283,2.5,3600
2025-11,42,894959,894959,2025-11-11T14:59:26+00:00,2025-11-11T14:59:26+00:00,104506.39310455728,104556.39310455728,-1,50.0,200.0,,False,sl,0.0,-0.05,0.10453139310455728,-0.15453139310455727,0.001,vwap_initial,1,104175.22511616592,220.77865892757418,1.4999999999999953,1.5,3600
2025-11,43,894960,895012,2025-11-11T14:59:27+00:00,2025-11-11T15:00:19+00:00,104616.78243402106,104416.78243402106,-1,50.0,200.0,,False,tp,52.0,0.2,0.10451678243402107,0.09548321756597894,0.001,vwap_initial,1,104175.4223778357,220.93496723414106,1.9976921793354039,2.0,3600
2025-11,44,957839,957839,2025-11-12T08:38:09+00:00,2025-11-12T08:38:09+00:00,103891.61203475065,103941.61203475065,-1,50.0,200.0,,False,sl,0.0,-0.05,0.10391661203475065,-0.15391661203475066,0.001,vwap_initial,1,103581.33590847987,324.51092941283207,0.9561345956273049,1.5,3600
2025-11,45,957839,957841,2025-11-12T08:38:09+00:00,2025-11-12T08:38:11+00:00,104030.95097730923,104080.95097730923,-1,50.0,200.0,,False,sl,2.0,-0.05,0.10405595097730924,-0.15405595097730923,0.001,vwap_initial,1,103581.33590847987,324.51092941283207,1.3855159505502233,2.0,3600
2025-11,46,957841,957847,2025-11-12T08:38:11+00:00,2025-11-12T08:38:17+00:00,104068.10230259912,104118.10230259912,-1,50.0,200.0,,False,sl,6.0,-0.05,0.10409310230259912,-0.15409310230259912,0.001,vwap_initial,1,103581.84824816615,324.74194004997366,1.4973552672566388,1.5,3600
2025-11,47,957893,958115,2025-11-12T08:39:03+00:00,2025-11-12T08:42:45+00:00,104170.28991986782,103970.28991986782,-1,50.0,200.0,,False,tp,222.0,0.2,0.10407028991986782,0.0959297100801322,0.001,vwap_initial,1,103596.24380256748,332.50330547758125,1.7264373251141916,2.5,3600
2025-11,49,959579,959579,2025-11-12T09:07:09+00:00,2025-11-12T09:07:09+00:00,104147.70360903465,104197.70360903465,-1,50.0,200.0,,False,sl,0.0,-0.05,0.10417270360903466,-0.15417270360903468,0.001,vwap_initial,1,103884.32619269115,261.7450424532911,1.0062365035643461,1.5,3600
2025-11,48,959579,959665,2025-11-12T09:07:09+00:00,2025-11-12T09:08:35+00:00,104276.94375637108,104326.94375637108,-1,50.0,200.0,,False,sl,86.0,-0.05,0.10430194375637108,-0.15430194375637107,0.001,vwap_initial,1,103884.32619269115,261.7450424532911,1.4999999999999776,1.5,3600
2025-11,50,964859,964859,2025-11-12T10:35:10+00:00,2025-11-12T10:35:10+00:00,104819.91342055913,104869.91342055913,-1,50.0,200.0,,False,sl,0.0,-0.05,0.10484491342055913,-0.15484491342055912,0.001,vwap_initial,1,104618.39712105138,134.34419967183197,1.4999999999999465,1.5,3600
2025-11,51,964859,964876,2025-11-12T10:35:10+00:00,2025-11-12T10:35:27+00:00,104887.08552039505,104937.08552039505,-1,50.0,200.0,,False,sl,17.0,-0.05,0.10491208552039505,-0.15491208552039504,0.001,vwap_initial,1,104618.39712105138,134.34419967183197,2.000000000000001,2.0,3600
2025-11,52,964888,965127,2025-11-12T10:35:39+00:00,2025-11-12T10:39:38+00:00,104954.25762023096,104754.25762023096,-1,50.0,200.0,,False,tp,239.0,0.2,0.10485425762023096,0.09514574237976905,0.001,vwap_initial,1,104625.8944818357,136.5787194844015,2.4042042540365283,2.5,3600
2025-11,53,994259,994284,2025-11-12T18:45:41+00:00,2025-11-12T18:46:06+00:00,101479.36567179966,101429.36567179966,1,50.0,200.0,,False,sl,25.0,-0.05,0.10145436567179966,-0.15145436567179965,0.001,vwap_initial,-1,101639.48216917343,106.74433158251242,1.499999999999932,1.5,3600
2025-11,54,994284,994534,2025-11-12T18:46:06+00:00,2025-11-12T18:50:16+00:00,101425.9935060084,101375.9935060084,1,50.0,200.0,,False,sl,250.0,-0.05,0.1014009935060084,-0.15140099350600839,0.001,vwap_initial,-1,101636.86645900113,107.58403419482481,1.9600766467900363,2.0,3600
2025-11,55,1035419,1035419,2025-11-13T06:21:58+00:00,2025-11-13T06:21:58+00:00,103199.58705364686,103249.58705364686,-1,50.0,200.0,,False,sl,0.0,-0.05,0.10322458705364686,-0.15322458705364686,0.001,vwap_initial,1,102909.83544463472,370.6731808626542,0.7816902435126462,1.5,3600
2025-11,56,1035479,1035479,2025-11-13T06:22:58+00:00,2025-11-13T06:22:58+00:00,103217.74970594108,103267.74970594108,-1,50.0,200.0,,False,sl,0.0,-0.05,0.10324274970594108,-0.1532427497059411,0.001,vwap_initial,1,102922.2523010697,370.9995102721559,0.7964900133011175,1.5,3600
2025-11,57,1035494,1035526,2025-11-13T06:23:13+00:00,2025-11-13T06:23:45+00:00,103478.75156647793,103528.75156647793,-1,50.0,200.0,,False,sl,32.0,-0.05,0.10350375156647794,-0.15350375156647794,0.001,vwap_initial,1,102926.96827126824,371.7673618164757,1.4842166146959506,1.5,3600
2025-11,58,1035526,1035539,2025-11-13T06:23:45+00:00,2025-11-13T06:23:58+00:00,103532.32119899539,103582.32119899539,-1,50.0,200.0,,False,sl,13.0,-0.05,0.10355732119899538,-0.1535573211989954,0.001,vwap_initial,1,102937.8393506047,375.47962431526327,1.5832599424663905,2.0,3600
2025-11,59,1064819,1064819,2025-11-13T14:37:24+00:00,2025-11-13T14:37:24+00:00,101960.15538877805,101910.15538877805,1,50.0,200.0,,False,sl,0.0,-0.05,0.10193515538877805,-0.15193515538877805,0.001,vwap_initial,-1,102267.32604117136,204.78043492887582,1.4999999999999811,1.5,3600
2025-11,60,1064819,1064819,2025-11-13T14:37:24+00:00,2025-11-13T14:37:24+00:00,101857.7651713136,101807.7651713136,1,50.0,200.0,,False,sl,0.0,-0.05,0.1018327651713136,-0.1518327651713136,0.001,vwap_initial,-1,102267.32604117136,204.78043492887582,2.000000000000022,2.0,3600
2025-11,62,1064819,1064819,2025-11-13T14:37:24+00:00,2025-11-13T14:37:24+00:00,102006.84094848327,101956.84094848327,1,50.0,200.0,,False,sl,0.0,-0.05,0.10198184094848327,-0.15198184094848327,0.001,vwap_initial,-1,102267.32604117136,204.78043492887582,1.2720213861180705,1.5,3600
2025-11,63,1064819,1064819,2025-11-13T14:37:24+00:00,2025-11-13T14:37:24+00:00,101824.40364899405,101774.40364899405,1,50.0,200.0,,False,sl,0.0,-0.05,0.10179940364899405,-0.15179940364899405,0.001,vwap_initial,-1,102267.32604117136,204.78043492887582,2.1629136217585616,2.0,3600
2025-11,61,1064819,1064822,2025-11-13T14:37:24+00:00,2025-11-13T14:37:27+00:00,101755.37495384917,101705.37495384917,1,50.0,200.0,,False,sl,3.0,-0.05,0.10173037495384916,-0.15173037495384917,0.001,vwap_initial,-1,102267.32604117136,204.78043492887582,2.499999999999992,2.5,3600
2025-11,64,1065178,1065181,2025-11-13T14:43:23+00:00,2025-11-13T14:43:26+00:00,101937.33700842802,101887.33700842802,1,50.0,200.0,,False,sl,3.0,-0.05,0.10191233700842803,-0.15191233700842804,0.001,vwap_inversion_flip,-1,102215.62478811208,218.63697869721346,1.2728303388671411,1.5,3600
2025-11,65,1065181,1065184,2025-11-13T14:43:26+00:00,2025-11-13T14:43:29+00:00,101888.32981893767,101838.32981893767,1,50.0,200.0,,False,sl,3.0,-0.05,0.10186332981893767,-0.1518633298189377,0.001,vwap_inversion_flip,-1,102214.12720554462,219.2045006818036,1.4862714296175774,1.5,3600
2025-11,66,1065719,1065719,2025-11-13T14:52:24+00:00,2025-11-13T14:52:24+00:00,102707.44063173649,102757.44063173649,-1,50.0,200.0,,False,sl,0.0,-0.05,0.10273244063173649,-0.1527324406317365,0.001,vwap_initial,1,102237.44200221782,313.3324196791119,1.5000000000000009,1.5,3600
2025-11,67,1065719,1065719,2025-11-13T14:52:24+00:00,2025-11-13T14:52:24+00:00,102864.10684157605,102914.10684157605,-1,50.0,200.0,,False,sl,0.0,-0.05,0.10288910684157605,-0.15288910684157606,0.001,vwap_initial,1,102237.44200221782,313.3324196791119,2.000000000000017,2.0,3600
2025-11,68,1065719,1065719,2025-11-13T14:52:24+00:00,2025-11-13T14:52:24+00:00,103020.7730514156,103070.7730514156,-1,50.0,200.0,,False,sl,0.0,-0.05,0.10304577305141562,-0.15304577305141562,0.001,vwap_initial,1,102237.44200221782,313.3324196791119,2.4999999999999862,2.5,3600
2025-11,69,1065719,1065723,2025-11-13T14:52:24+00:00,2025-11-13T14:52:28+00:00,103064.97568314223,103114.97568314223,-1,50.0,200.0,,False,sl,4.0,-0.05,0.10308997568314222,-0.15308997568314223,0.001,vwap_initial,1,102237.44200221782,313.3324196791119,2.6410726402709694,1.5,3600
2025-11,70,1065724,1065763,2025-11-13T14:52:29+00:00,2025-11-13T14:53:08+00:00,103177.43926125516,103227.43926125516,-1,50.0,200.0,,False,sl,39.0,-0.05,0.10320243926125516,-0.15320243926125515,0.001,vwap_initial,1,102246.2822658921,323.70269200858655,2.876580944029818,3.0,3600
2025-11,71,1065766,1065771,2025-11-13T14:53:11+00:00,2025-11-13T14:53:16+00:00,103261.42901672806,103311.42901672806,-1,50.0,200.0,,False,sl,5.0,-0.05,0.10328642901672806,-0.15328642901672807,0.001,vwap_initial,1,102316.54063810315,394.4008478924188,2.39575645862365,2.0,3600
2025-11,72,1065771,1065775,2025-11-13T14:53:16+00:00,2025-11-13T14:53:20+00:00,103334.10547109472,103384.10547109472,-1,50.0,200.0,,False,sl,4.0,-0.05,0.10335910547109473,-0.15335910547109471,0.001,vwap_initial,1,102324.16289042616,402.31799546840534,2.5103092380760126,3.5,3600
2025-11,73,1068239,1068239,2025-11-13T15:34:24+00:00,2025-11-13T15:34:24+00:00,101901.0906113553,101851.0906113553,1,50.0,200.0,,False,sl,0.0,-0.05,0.10187609061135532,-0.15187609061135532,0.001,vwap_initial,-1,102460.45469804005,455.34107343407027,1.22845075772795,1.5,3600
2025-11,74,1068250,1068434,2025-11-13T15:34:35+00:00,2025-11-13T15:37:39+00:00,101777.44308788894,101727.44308788894,1,50.0,200.0,,False,sl,184.0,-0.05,0.10175244308788896,-0.15175244308788896,0.001,vwap_initial,-1,102455.95154198592,457.1724123436614,1.484141290631819,1.5,3600
2025-11,75,1068479,1068479,2025-11-13T15:38:24+00:00,2025-11-13T15:38:24+00:00,101775.70886227311,101725.70886227311,1,50.0,200.0,,False,sl,0.0,-0.05,0.10175070886227312,-0.15175070886227313,0.001,vwap_initial,-1,102471.16474103702,463.6372525092745,1.4999999999999978,1.5,3600
2025-11,76,1068479,1068479,2025-11-13T15:38:24+00:00,2025-11-13T15:38:24+00:00,101848.28492317688,101798.28492317688,1,50.0,200.0,,False,sl,0.0,-0.05,0.10182328492317688,-0.15182328492317687,0.001,vwap_initial,-1,102471.16474103702,463.6372525092745,1.343463698158471,1.5,3600
2025-11,77,1068610,1068639,2025-11-13T15:40:35+00:00,2025-11-13T15:41:04+00:00,101836.59959630444,101786.59959630444,1,50.0,200.0,,False,sl,29.0,-0.05,0.10181159959630445,-0.15181159959630447,0.001,vwap_inversion_flip,-1,102474.09486429946,472.49804674534255,1.349201911809397,1.5,3600
2025-11,78,1068640,1068655,2025-11-13T15:41:05+00:00,2025-11-13T15:41:20+00:00,101765.5041482239,101715.5041482239,1,50.0,200.0,,False,sl,15.0,-0.05,0.1017405041482239,-0.1517405041482239,0.001,vwap_inversion_flip,-1,102470.15638712804,477.3699490203011,1.4761135265223158,1.5,3600
2025-11,79,1068719,1068719,2025-11-13T15:42:24+00:00,2025-11-13T15:42:24+00:00,101821.41569742298,101771.41569742298,1,50.0,200.0,,False,sl,0.0,-0.05,0.101796415697423,-0.151796415697423,0.001,vwap_initial,-1,102464.22219215901,485.52580361680907,1.3239388925317483,1.5,3600
2025-11,80,1068729,1068748,2025-11-13T15:42:34+00:00,2025-11-13T15:42:53+00:00,101735.93348673379,101685.93348673379,1,50.0,200.0,,False,sl,19.0,-0.05,0.1017109334867338,-0.1517109334867338,0.001,vwap_initial,-1,102463.20441368745,486.3153206223045,1.4954719625592265,1.5,3600
2025-11,81,1070879,1070879,2025-11-13T16:18:24+00:00,2025-11-13T16:18:24+00:00,101281.86643920708,101231.86643920708,1,50.0,200.0,,False,sl,0.0,-0.05,0.10125686643920709,-0.1512568664392071,0.001,vwap_initial,-1,101502.28646373669,420.76369388431635,0.5238570431179133,1.5,3600
2025-11,82,1070879,1070885,2025-11-13T16:18:24+00:00,2025-11-13T16:18:30+00:00,100974.66659433318,100924.66659433318,1,50.0,200.0,,False,sl,6.0,-0.05,0.10094966659433319,-0.15094966659433318,0.001,vwap_initial,-1,101502.28646373669,420.76369388431635,1.2539576894877589,2.0,3600
2025-11,83,1070918,1070945,2025-11-13T16:19:03+00:00,2025-11-13T16:19:30+00:00,100871.14092291021,100821.14092291021,1,50.0,200.0,,False,sl,27.0,-0.05,0.10084614092291021,-0.1508461409229102,0.001,vwap_initial,-1,101472.90105695922,420.7412747215467,1.4302379400434668,1.5,3600
2025-11,84,1071359,1071359,2025-11-13T16:26:24+00:00,2025-11-13T16:26:24+00:00,101128.44640372517,101078.44640372517,1,50.0,200.0,,False,sl,0.0,-0.05,0.10110344640372518,-0.1511034464037252,0.001,vwap_initial,-1,101311.43064619324,376.00269381050356,0.48665673273151594,1.5,3600
2025-11,85,1071359,1071366,2025-11-13T16:26:24+00:00,2025-11-13T16:26:31+00:00,100794.09915016885,100744.09915016885,1,50.0,200.0,,False,sl,7.0,-0.05,0.10076909915016886,-0.15076909915016887,0.001,vwap_initial,-1,101311.43064619324,376.00269381050356,1.3758717810812033,2.0,3600
2025-11,86,1071365,1071407,2025-11-13T16:26:30+00:00,2025-11-13T16:27:12+00:00,100747.42660547749,100947.42660547749,1,50.0,200.0,,False,tp,42.0,0.2,0.10084742660547749,0.09915257339452252,0.001,vwap_initial,-1,101310.81902536884,375.83359378632315,1.4990475284964984,1.5,3600
2025-11,87,1071746,1071746,2025-11-13T16:32:51+00:00,2025-11-13T16:32:51+00:00,101066.35637940493,101016.35637940493,1,50.0,200.0,,False,sl,0.0,-0.05,0.10104135637940494,-0.15104135637940494,0.001,vwap_inversion_flip,-1,101229.56070023228,322.38354023153767,0.5062427216666808,1.5,3600
2025-11,89,1073079,1073079,2025-11-13T16:55:04+00:00,2025-11-13T16:55:04+00:00,100933.47880664715,100883.47880664715,1,50.0,200.0,,False,sl,0.0,-0.05,0.10090847880664716,-0.15090847880664715,0.001,vwap_inversion_flip,-1,101043.12765889008,179.62895724316624,0.6104185757449726,1.5,3600
2025-11,88,1073079,1073118,2025-11-13T16:55:04+00:00,2025-11-13T16:55:43+00:00,100773.98730933625,100723.98730933625,1,50.0,200.0,,False,sl,39.0,-0.05,0.10074898730933626,-0.15074898730933628,0.001,vwap_inversion_flip,-1,101043.12765889008,179.62895724316624,1.4983127090666464,1.5,3600
2025-11,90,1073119,1073119,2025-11-13T16:55:44+00:00,2025-11-13T16:55:44+00:00,100684.20503773836,100634.20503773836,1,50.0,200.0,,False,sl,0.0,-0.05,0.10065920503773836,-0.15065920503773836,0.001,vwap_inversion_flip,-1,101001.27895524414,220.96505112198898,1.4349505312979758,2.0,3600
2025-11,91,1073119,1073119,2025-11-13T16:55:44+00:00,2025-11-13T16:55:44+00:00,100594.42276614046,100544.42276614046,1,50.0,200.0,,False,sl,0.0,-0.05,0.10056942276614046,-0.15056942276614046,0.001,vwap_inversion_flip,-1,101001.27895524414,220.96505112198898,1.8412694090662605,2.5,3600
2025-11,92,1073119,1073119,2025-11-13T16:55:44+00:00,2025-11-13T16:55:44+00:00,100504.64049454255,100704.64049454255,1,50.0,200.0,,False,tp,0.0,0.2,0.10060464049454255,0.09939535950545746,0.001,vwap_inversion_flip,-1,101001.27895524414,220.96505112198898,2.247588286834611,3.0,3600
2025-11,93,1073119,1073119,2025-11-13T16:55:44+00:00,2025-11-13T16:55:44+00:00,100581.28754229634,100531.28754229634,1,50.0,200.0,,False,sl,0.0,-0.05,0.10055628754229635,-0.15055628754229636,0.001,vwap_inversion_flip,-1,101001.27895524414,220.96505112198898,1.9007142116602511,2.0,3600
2025-11,94,1074719,1074719,2025-11-13T17:22:24+00:00,2025-11-13T17:22:24+00:00,100552.29032262348,100502.29032262348,1,50.0,200.0,,False,sl,0.0,-0.05,0.10052729032262349,-0.1505272903226235,0.001,vwap_initial,-1,100741.35138648497,268.618791717733,0.7038266483610572,1.5,3600
2025-11,95,1074736,1074760,2025-11-13T17:22:41+00:00,2025-11-13T17:23:05+00:00,100338.42319890836,100288.42319890836,1,50.0,200.0,,False,sl,24.0,-0.05,0.10031342319890837,-0.1503134231989084,0.001,vwap_initial,-1,100738.62994381561,269.24075136311836,1.4864270838685198,1.5,3600
2025-11,96,1075301,1075347,2025-11-13T17:32:06+00:00,2025-11-13T17:32:52+00:00,100413.65628650863,100363.65628650863,1,50.0,200.0,,False,sl,46.0,-0.05,0.10038865628650864,-0.15038865628650866,0.001,vwap_inversion_flip,-1,100641.29042710183,299.7704654511958,0.7593614676168408,1.5,3600
2025-11,97,1076459,1076459,2025-11-13T17:51:25+00:00,2025-11-13T17:51:25+00:00,99946.31073452947,99896.31073452947,1,50.0,200.0,,False,sl,0.0,-0.05,0.09992131073452948,-0.14992131073452947,0.001,vwap_initial,-1,100344.75151801201,265.627188988359,1.5000000000000044,1.5,3600
2025-11,99,1076459,1076459,2025-11-13T17:51:25+00:00,2025-11-13T17:51:25+00:00,100084.57667355066,100034.57667355066,1,50.0,200.0,,False,sl,0.0,-0.05,0.10005957667355067,-0.1500595766735507,0.001,vwap_initial,-1,100344.75151801201,265.627188988359,0.9794736956417127,1.5,3600
2025-11,98,1076459,1076482,2025-11-13T17:51:25+00:00,2025-11-13T17:51:48+00:00,99813.4971400353,99763.4971400353,1,50.0,200.0,,False,sl,23.0,-0.05,0.0997884971400353,-0.1497884971400353,0.001,vwap_initial,-1,100344.75151801201,265.627188988359,1.9999999999999876,2.0,3600
2025-11,100,1076519,1076519,2025-11-13T17:52:25+00:00,2025-11-13T17:52:25+00:00,99923.3729986438,99873.3729986438,1,50.0,200.0,,False,sl,0.0,-0.05,0.09989837299864379,-0.14989837299864378,0.001,vwap_initial,-1,100327.94238836742,269.7129264824109,1.5000000000000122,1.5,3600
2025-11,101,1076519,1076519,2025-11-13T17:52:25+00:00,2025-11-13T17:52:25+00:00,100062.79812235395,100012.79812235395,1,50.0,200.0,,False,sl,0.0,-0.05,0.10003779812235396,-0.15003779812235396,0.001,vwap_initial,-1,100327.94238836742,269.7129264824109,0.983061025185067,1.5,3600
2025-11,104,1076630,1076630,2025-11-13T17:54:16+00:00,2025-11-13T17:54:16+00:00,100038.68001892757,99988.68001892757,1,50.0,200.0,,False,sl,0.0,-0.05,0.10001368001892758,-0.15001368001892756,0.001,vwap_inversion_flip,-1,100305.26275800291,271.13632622987285,0.9832055438020797,1.5,3600
2025-11,103,1076630,1076631,2025-11-13T17:54:16+00:00,2025-11-13T17:54:17+00:00,99898.63384435233,99848.63384435233,1,50.0,200.0,,False,sl,1.0,-0.05,0.09987363384435233,-0.14987363384435232,0.001,vwap_inversion_flip,-1,100305.26275800291,271.13632622987285,1.4997212631177832,1.5,3600
2025-11,102,1076521,1076752,2025-11-13T17:52:27+00:00,2025-11-13T17:56:18+00:00,99788.5165354026,99738.5165354026,1,50.0,200.0,99869.5,True,soft_sl,231.0,-0.05,0.09976351653540261,-0.1497635165354026,0.001,vwap_initial,-1,100327.29518989476,269.88479604774665,1.996328294080157,2.0,3600
2025-11,105,1086385,1086461,2025-11-13T20:36:51+00:00,2025-11-13T20:38:07+00:00,98792.84852477194,98842.84852477194,-1,50.0,200.0,,False,sl,76.0,-0.05,0.09881784852477193,-0.14881784852477192,0.001,vwap_initial,1,98404.33756875801,262.01599642275926,1.4827757133845647,1.5,3600
2025-11,107,1093799,1093799,2025-11-13T22:40:41+00:00,2025-11-13T22:40:41+00:00,99107.74195156884,99157.74195156884,-1,50.0,200.0,,False,sl,0.0,-0.05,0.09913274195156885,-0.14913274195156884,0.001,vwap_initial,1,99134.2751711392,307.048484036826,0.0,1.5,3600
2025-11,108,1093799,1093799,2025-11-13T22:40:41+00:00,2025-11-13T22:40:41+00:00,99284.48142437177,99334.48142437177,-1,50.0,200.0,,False,sl,0.0,-0.05,0.09930948142437176,-0.14930948142437178,0.001,vwap_initial,1,99134.2751711392,307.048484036826,0.4891939255252936,2.0,3600
2025-11,109,1093799,1093799,2025-11-13T22:40:41+00:00,2025-11-13T22:40:41+00:00,99461.22089717472,99511.22089717472,-1,50.0,200.0,,False,sl,0.0,-0.05,0.09948622089717472,-0.14948622089717473,0.001,vwap_initial,1,99134.2751711392,307.048484036826,1.064801629166486,2.5,3600
2025-11,106,1093799,1093815,2025-11-13T22:40:41+00:00,2025-11-13T22:40:57+00:00,99594.84789719444,99644.84789719444,-1,50.0,200.0,,False,sl,16.0,-0.05,0.09961984789719446,-0.14961984789719446,0.001,vwap_initial,1,99134.2751711392,307.048484036826,1.4999999999999956,1.5,3600
2025-11,110,1093815,1093838,2025-11-13T22:40:57+00:00,2025-11-13T22:41:20+00:00,99637.96036997765,99687.96036997765,-1,50.0,200.0,,False,sl,23.0,-0.05,0.09966296036997765,-0.14966296036997767,0.001,vwap_initial,1,99140.4737014464,308.5775749758625,1.6121932015641733,3.0,3600
2025-11,111,1095187,1095187,2025-11-13T23:03:50+00:00,2025-11-13T23:03:50+00:00,99364.58526940188,99414.58526940188,-1,50.0,200.0,,False,sl,0.0,-0.05,0.09938958526940189,-0.14938958526940188,0.001,vwap_inversion_flip,1,99454.78454307094,291.60520411174076,0.0,1.5,3600
2025-11,112,1095187,1095237,2025-11-13T23:03:50+00:00,2025-11-13T23:04:40+00:00,99594.48533520842,99644.48533520842,-1,50.0,200.0,,False,sl,50.0,-0.05,0.09961948533520842,-0.1496194853352084,0.001,vwap_inversion_flip,1,99454.78454307094,291.60520411174076,0.47907509937285964,2.0,3600
2025-11,113,1096919,1096919,2025-11-13T23:32:42+00:00,2025-11-13T23:32:42+00:00,99858.78175095042,99908.78175095042,-1,50.0,200.0,,False,sl,0.0,-0.05,0.09988378175095042,-0.1498837817509504,0.001,vwap_initial,1,99940.61545359917,250.48399592813402,0.0,1.5,3600
2025-11,114,1096919,1096919,2025-11-13T23:32:42+00:00,2025-11-13T23:32:42+00:00,100196.186438663,100246.186438663,-1,50.0,200.0,,False,sl,0.0,-0.05,0.10022118643866301,-0.150221186438663,0.001,vwap_initial,1,99940.61545359917,250.48399592813402,1.0203086393478136,2.0,3600
2025-11,115,1097065,1097065,2025-11-13T23:35:08+00:00,2025-11-13T23:35:08+00:00,99885.93054925419,99935.93054925419,-1,50.0,200.0,,False,sl,0.0,-0.05,0.09991093054925419,-0.1499109305492542,0.001,vwap_inversion_flip,1,99960.89626727405,242.36335647500763,0.0,1.5,3600
2025-11,116,1097065,1097065,2025-11-13T23:35:08+00:00,2025-11-13T23:35:08+00:00,100229.0043666789,100279.0043666789,-1,50.0,200.0,,False,sl,0.0,-0.05,0.1002540043666789,-0.1502540043666789,0.001,vwap_inversion_flip,1,99960.89626727405,242.36335647500763,1.1062237431610276,2.0,3600
2025-11,117,1097075,1097079,2025-11-13T23:35:18+00:00,2025-11-13T23:35:22+00:00,100324.44727499611,100374.44727499611,-1,50.0,200.0,,False,sl,4.0,-0.05,0.10034944727499612,-0.1503494472749961,0.001,vwap_inversion_flip,1,99961.24631975513,242.34961741850285,1.4986652717251523,1.5,3600
2025-11,118,1097087,1097705,2025-11-13T23:35:30+00:00,2025-11-13T23:45:49+00:00,100445.65065525011,100245.65065525011,-1,50.0,200.0,,False,tp,619.0,0.2,0.10034565065525011,0.0996543493447499,0.001,vwap_inversion_flip,1,99973.04244330073,249.17709989427212,1.8966759471472774,2.0,3600
2025-11,119,1104359,1104359,2025-11-14T01:36:49+00:00,2025-11-14T01:36:49+00:00,99340.41413518912,99390.41413518912,-1,50.0,200.0,,False,sl,0.0,-0.05,0.09936541413518911,-0.1493654141351891,0.001,vwap_initial,1,99013.0398621773,218.24951534120532,1.50000000000001,1.5,3600
2025-11,120,1105153,1105153,2025-11-14T01:50:06+00:00,2025-11-14T01:50:06+00:00,99343.1344603992,99393.1344603992,-1,50.0,200.0,,False,sl,0.0,-0.05,0.0993681344603992,-0.1493681344603992,0.001,vwap_inversion_flip,1,99010.05288556986,222.32437498354528,1.4981783929629444,1.5,3600
2025-11,121,1106081,1106081,2025-11-14T02:05:52+00:00,2025-11-14T02:05:52+00:00,99468.41955959793,99518.41955959793,-1,50.0,200.0,,False,sl,0.0,-0.05,0.09949341955959792,-0.14949341955959794,0.001,vwap_inversion_flip,1,99133.12140275631,224.31152658738276,1.4947879047624228,1.5,3600
2025-11,122,1109701,1109701,2025-11-14T03:07:03+00:00,2025-11-14T03:07:03+00:00,99404.96378585351,99354.96378585351,1,50.0,200.0,,False,sl,0.0,-0.05,0.09937996378585352,-0.14937996378585353,0.001,vwap_inversion_flip,-1,99608.72374866834,135.87048615017298,1.4996631615023595,1.5,3600
2025-11,123,1109701,1109701,2025-11-14T03:07:03+00:00,2025-11-14T03:07:03+00:00,99337.04754996854,99287.04754996854,1,50.0,200.0,,False,sl,0.0,-0.05,0.09931204754996854,-0.14931204754996855,0.001,vwap_inversion_flip,-1,99608.72374866834,135.87048615017298,1.9995232695313112,2.0,3600
2025-11,124,1109702,1110169,2025-11-14T03:07:04+00:00,2025-11-14T03:15:08+00:00,99269.13131408357,99219.13131408357,1,50.0,200.0,,False,sl,484.0,-0.05,0.09924413131408358,-0.1492441313140836,0.001,vwap_inversion_flip,-1,99608.03094096309,136.59257693662002,2.481098420427109,2.5,3600
2025-11,125,1111654,1111727,2025-11-14T03:40:20+00:00,2025-11-14T03:41:33+00:00,99020.85249358679,98970.85249358679,1,50.0,200.0,,False,sl,73.0,-0.05,0.09899585249358679,-0.1489958524935868,0.001,vwap_initial,-1,99366.34998578817,232.3563258076188,1.4869295725025202,1.5,3600
2025-11,126,1114739,1114739,2025-11-14T04:32:07+00:00,2025-11-14T04:32:07+00:00,98599.77858907491,98549.77858907491,1,50.0,200.0,,False,sl,0.0,-0.05,0.09857477858907492,-0.14857477858907492,0.001,vwap_initial,-1,98874.9781731003,183.46638935026272,1.5000000000000044,1.5,3600
2025-11,127,1114739,1114739,2025-11-14T04:32:07+00:00,2025-11-14T04:32:07+00:00,98508.04539439977,98458.04539439977,1,50.0,200.0,,False,sl,0.0,-0.05,0.09848304539439977,-0.14848304539439977,0.001,vwap_initial,-1,98874.9781731003,183.46638935026272,2.0000000000000324,2.0,3600
2025-11,129,1114739,1114739,2025-11-14T04:32:07+00:00,2025-11-14T04:32:07+00:00,98668.96681052077,98618.96681052077,1,50.0,200.0,,False,sl,0.0,-0.05,0.09864396681052076,-0.14864396681052078,0.001,vwap_initial,-1,98874.9781731003,183.46638935026272,1.1228833973847416,1.5,3600
2025-11,130,1114739,1114739,2025-11-14T04:32:07+00:00,2025-11-14T04:32:07+00:00,98509.13957024936,98459.13957024936,1,50.0,200.0,,False,sl,0.0,-0.05,0.09848413957024937,-0.14848413957024936,0.001,vwap_initial,-1,98874.9781731003,183.46638935026272,1.9940360964563637,2.0,3600
2025-11,128,1114739,1114764,2025-11-14T04:32:07+00:00,2025-11-14T04:32:32+00:00,98416.31219972465,98366.31219972465,1,50.0,200.0,,False,sl,25.0,-0.05,0.09839131219972465,-0.14839131219972465,0.001,vwap_initial,-1,98874.9781731003,183.46638935026272,2.499999999999981,2.5,3600
2025-11,131,1114765,1114773,2025-11-14T04:32:33+00:00,2025-11-14T04:32:41+00:00,98349.31232997797,98299.31232997797,1,50.0,200.0,,False,sl,8.0,-0.05,0.09832431232997797,-0.14832431232997798,0.001,vwap_initial,-1,98848.12765520383,207.17073215416127,2.4077499752942018,2.5,3600
2025-11,132,1114772,1114781,2025-11-14T04:32:40+00:00,2025-11-14T04:32:49+00:00,98324.57900504951,98274.57900504951,1,50.0,200.0,,False,sl,9.0,-0.05,0.09829957900504951,-0.14829957900504953,0.001,vwap_initial,-1,98833.57489350106,217.21375691441008,2.3432948984539377,3.0,3600
2025-11,133,1114787,1114788,2025-11-14T04:32:55+00:00,2025-11-14T04:32:56+00:00,98232.84581037438,98182.84581037438,1,50.0,200.0,,False,sl,1.0,-0.05,0.09820784581037438,-0.14820784581037438,0.001,vwap_initial,-1,98806.39808373916,242.52213400388158,2.3649481550232507,3.5,3600
2025-11,134,1114788,1114900,2025-11-14T04:32:56+00:00,2025-11-14T04:34:48+00:00,98189.48508970656,98139.48508970656,1,50.0,200.0,,False,sl,112.0,-0.05,0.09816448508970656,-0.14816448508970656,0.001,vwap_initial,-1,98801.30293149443,247.9919868961922,2.4670871403759067,3.0,3600
2025-11,135,1115099,1115099,2025-11-14T04:38:07+00:00,2025-11-14T04:38:07+00:00,97627.74970787278,97577.74970787278,1,50.0,200.0,,False,sl,0.0,-0.05,0.09760274970787278,-0.1476027497078728,0.001,vwap_initial,-1,98347.78422705617,480.02301278893066,1.49999999999999,1.5,3600
2025-11,136,1115099,1115099,2025-11-14T04:38:07+00:00,2025-11-14T04:38:07+00:00,97975.7284647339,97925.7284647339,1,50.0,200.0,,False,sl,0.0,-0.05,0.0979507284647339,-0.1479507284647339,0.001,vwap_initial,-1,98347.78422705617,480.02301278893066,0.7750790116511888,1.5,3600
2025-11,137,1115099,1115099,2025-11-14T04:38:07+00:00,2025-11-14T04:38:07+00:00,97687.90582468291,97637.90582468291,1,50.0,200.0,,False,sl,0.0,-0.05,0.09766290582468291,-0.14766290582468292,0.001,vwap_initial,-1,98347.78422705617,480.02301278893066,1.3746807648645205,2.0,3600
2025-11,138,1115102,1115104,2025-11-14T04:38:10+00:00,2025-11-14T04:38:12+00:00,97387.7382014783,97337.7382014783,1,50.0,200.0,,False,sl,2.0,-0.05,0.09736273820147831,-0.14736273820147833,0.001,vwap_initial,-1,98308.05389249792,507.0478004971547,1.8150472009093677,2.0,3600
2025-11,139,1115102,1115104,2025-11-14T04:38:10+00:00,2025-11-14T04:38:12+00:00,97400.08318463193,97350.08318463193,1,50.0,200.0,,False,sl,2.0,-0.05,0.09737508318463194,-0.14737508318463194,0.001,vwap_initial,-1,98308.05389249792,507.0478004971547,1.7907004171514593,2.5,3600
2025-11,140,1115116,1115118,2025-11-14T04:38:24+00:00,2025-11-14T04:38:26+00:00,97147.72669508384,97097.72669508384,1,50.0,200.0,,False,sl,2.0,-0.05,0.09712272669508384,-0.14712272669508386,0.001,vwap_initial,-1,98216.59991397453,565.9418292409958,1.8886626922844523,2.5,3600
2025-11,141,1115117,1115119,2025-11-14T04:38:25+00:00,2025-11-14T04:38:27+00:00,97112.26054458095,97062.26054458095,1,50.0,200.0,,False,sl,2.0,-0.05,0.09708726054458094,-0.14708726054458093,0.001,vwap_initial,-1,98213.18367358511,568.2694090220866,1.9373260490982638,3.0,3600
2025-11,142,1115120,1115121,2025-11-14T04:38:28+00:00,2025-11-14T04:38:29+00:00,96907.71518868937,96857.71518868937,1,50.0,200.0,,False,sl,1.0,-0.05,0.09688271518868938,-0.1468827151886894,0.001,vwap_initial,-1,98179.9292709205,595.1853506335776,2.1375090648263706,3.0,3600
2025-11,143,1115122,1115123,2025-11-14T04:38:30+00:00,2025-11-14T04:38:31+00:00,96824.43790452997,96774.43790452997,1,50.0,200.0,,False,sl,1.0,-0.05,0.09679943790452998,-0.14679943790452998,0.001,vwap_initial,-1,98148.5371031247,622.0266735237651,2.128685561173358,3.5,3600
2025-11,145,1139099,1139099,2025-11-14T11:19:16+00:00,2025-11-14T11:19:16+00:00,96665.10962386326,96615.10962386326,1,50.0,200.0,,False,sl,0.0,-0.05,0.09664010962386327,-0.14664010962386326,0.001,vwap_initial,-1,96835.37534936532,220.39785853048497,0.7725380211827675,1.5,3600
2025-11,146,1139099,1139099,2025-11-14T11:19:16+00:00,2025-11-14T11:19:16+00:00,96535.5485969394,96485.5485969394,1,50.0,200.0,,False,sl,0.0,-0.05,0.09651054859693942,-0.1465105485969394,0.001,vwap_initial,-1,96835.37534936532,220.39785853048497,1.360388682653385,2.0,3600
2025-11,144,1139099,1139100,2025-11-14T11:19:16+00:00,2025-11-14T11:19:17+00:00,96504.77856156959,96454.77856156959,1,50.0,200.0,,False,sl,1.0,-0.05,0.09647977856156958,-0.14647977856156957,0.001,vwap_initial,-1,96835.37534936532,220.39785853048497,1.5000000000000118,1.5,3600
2025-11,147,1139110,1139218,2025-11-14T11:19:27+00:00,2025-11-14T11:21:15+00:00,96405.98757001555,96355.98757001555,1,50.0,200.0,,False,sl,108.0,-0.05,0.09638098757001555,-0.14638098757001555,0.001,vwap_initial,-1,96833.18153889064,221.8489300344546,1.9256075240423303,2.5,3600
2025-11,148,1139116,1139248,2025-11-14T11:19:33+00:00,2025-11-14T11:21:45+00:00,96394.57963230435,96344.57963230435,1,50.0,200.0,,False,sl,132.0,-0.05,0.09636957963230436,-0.14636957963230435,0.001,vwap_initial,-1,96830.22250834628,223.9691892165885,1.9451018131813211,2.0,3600
2025-11,149,1139422,1139570,2025-11-14T11:24:39+00:00,2025-11-14T11:27:07+00:00,96606.32728732248,96556.32728732248,1,50.0,200.0,,False,sl,148.0,-0.05,0.09658132728732248,-0.14658132728732248,0.001,vwap_inversion_flip,-1,96758.08999511316,253.13285641507625,0.5995377681901006,1.5,3600
2025-11,150,1171177,1171429,2025-11-14T20:14:24+00:00,2025-11-14T20:18:38+00:00,95362.83573475877,95312.83573475877,1,50.0,200.0,,False,sl,254.0,-0.05,0.09533783573475878,-0.14533783573475878,0.001,vwap_initial,-1,95593.31397919744,150.02584680360172,1.5362569140528417,1.5,3600
2025-11,151,1216679,1216679,2025-11-15T09:02:02+00:00,2025-11-15T09:02:02+00:00,95807.63579517794,95757.63579517794,1,50.0,200.0,,False,sl,0.0,-0.05,0.09578263579517794,-0.14578263579517795,0.001,vwap_initial,-1,95946.44021599866,151.38917911928954,0.9168714806978062,1.5,3600
2025-11,152,1216682,1216731,2025-11-15T09:02:05+00:00,2025-11-15T09:02:54+00:00,95719.35644731973,95669.35644731973,1,50.0,200.0,,False,sl,49.0,-0.05,0.09569435644731973,-0.14569435644731973,0.001,vwap_initial,-1,95945.71744992476,151.59742892994473,1.4931717787221486,1.5,3600
2025-11,153,1216716,1216731,2025-11-15T09:02:39+00:00,2025-11-15T09:02:54+00:00,95716.69816459983,95666.69816459983,1,50.0,200.0,,False,sl,15.0,-0.05,0.09569169816459983,-0.14569169816459981,0.001,vwap_initial,-1,95939.17858202437,151.9780606596321,1.4638982525431774,2.0,3600
2025-11,154,1312845,1313004,2025-11-16T13:05:50+00:00,2025-11-16T13:08:30+00:00,95510.74382583082,95710.74382583082,1,50.0,200.0,,False,tp,160.0,0.2,0.09561074382583083,0.10438925617416918,0.001,vwap_inversion_flip,-1,95677.75005965093,114.08531521862672,1.4638714325333477,1.5,3600
2025-11,155,1352977,1352987,2025-11-17T00:26:03+00:00,2025-11-17T00:26:13+00:00,94392.38415857388,94442.38415857388,-1,50.0,200.0,,False,sl,10.0,-0.05,0.09441738415857388,-0.14441738415857389,0.001,vwap_initial,1,94185.57821148017,183.02473604661088,1.1299344097458381,1.5,3600
2025-11,156,1352988,1353003,2025-11-17T00:26:14+00:00,2025-11-17T00:26:29+00:00,94461.0059509529,94511.0059509529,-1,50.0,200.0,,False,sl,15.0,-0.05,0.0944860059509529,-0.1444860059509529,0.001,vwap_initial,1,94188.06674857548,183.77201448636094,1.485205476689539,1.5,3600
2025-11,158,1353839,1353839,2025-11-17T00:40:25+00:00,2025-11-17T00:40:25+00:00,94541.73826503752,94591.73826503752,-1,50.0,200.0,,False,sl,0.0,-0.05,0.09456673826503753,-0.14456673826503752,0.001,vwap_initial,1,94400.29604254443,328.2312894934484,0.43092242275675163,1.5,3600
2025-11,159,1353839,1353839,2025-11-17T00:40:25+00:00,2025-11-17T00:40:25+00:00,94784.01196300653,94834.01196300653,-1,50.0,200.0,,False,sl,0.0,-0.05,0.09480901196300653,-0.14480901196300655,0.001,vwap_initial,1,94400.29604254443,328.2312894934484,1.1690412606740759,2.0,3600
2025-11,157,1353839,1353876,2025-11-17T00:40:25+00:00,2025-11-17T00:41:02+00:00,94892.6429767846,94942.6429767846,-1,50.0,200.0,,False,sl,37.0,-0.05,0.09491764297678461,-0.1449176429767846,0.001,vwap_initial,1,94400.29604254443,328.2312894934484,1.4999999999999796,1.5,3600
2025-11,160,1354535,1354535,2025-11-17T00:52:01+00:00,2025-11-17T00:52:01+00:00,94611.21482264806,94661.21482264806,-1,50.0,200.0,,False,sl,0.0,-0.05,0.09463621482264807,-0.14463621482264807,0.001,vwap_inversion_flip,1,94463.39563147062,340.44574548787085,0.43419309283956015,1.5,3600
2025-11,161,1354535,1354540,2025-11-17T00:52:01+00:00,2025-11-17T00:52:06+00:00,94865.67146647646,94915.67146647646,-1,50.0,200.0,,False,sl,5.0,-0.05,0.09489067146647646,-0.14489067146647647,0.001,vwap_inversion_flip,1,94463.39563147062,340.44574548787085,1.1816151041316947,2.0,3600
2025-11,162,1354566,1354622,2025-11-17T00:52:32+00:00,2025-11-17T00:53:28+00:00,94973.30824053481,95023.30824053481,-1,50.0,200.0,,False,sl,56.0,-0.05,0.09499830824053482,-0.14499830824053483,0.001,vwap_inversion_flip,1,94471.15113477623,343.26481773165324,1.462885445344833,1.5,3600
2025-11,163,1400219,1400219,2025-11-17T13:51:28+00:00,2025-11-17T13:51:28+00:00,93764.67426074625,93714.67426074625,1,50.0,200.0,,False,sl,0.0,-0.05,0.09373967426074625,-0.14373967426074624,0.001,vwap_initial,-1,94462.51738887702,465.2287520871809,1.4999999999999998,1.5,3600
2025-11,164,1400219,1400219,2025-11-17T13:51:28+00:00,2025-11-17T13:51:28+00:00,93908.84371947343,93858.84371947343,1,50.0,200.0,,False,sl,0.0,-0.05,0.09388384371947343,-0.14388384371947344,0.001,vwap_initial,-1,94462.51738887702,465.2287520871809,1.1901106002576527,1.5,3600
2025-11,165,1400255,1400274,2025-11-17T13:52:04+00:00,2025-11-17T13:52:23+00:00,93580.80826803476,93530.80826803476,1,50.0,200.0,,False,sl,19.0,-0.05,0.09355580826803477,-0.14355580826803477,0.001,vwap_initial,-1,94451.73074356749,468.0717952235838,1.8606600192962215,2.0,3600
2025-11,166,1400274,1400302,2025-11-17T13:52:23+00:00,2025-11-17T13:52:51+00:00,93532.05988470266,93732.05988470266,1,50.0,200.0,,False,tp,28.0,0.2,0.09363205988470266,0.10636794011529735,0.001,vwap_initial,-1,94438.43204177232,476.6390636288979,1.9015901679752993,2.0,3600
2025-11,167,1406345,1406451,2025-11-17T15:33:35+00:00,2025-11-17T15:35:21+00:00,94084.90604424589,94034.90604424589,1,50.0,200.0,,False,sl,106.0,-0.05,0.0940599060442459,-0.1440599060442459,0.001,vwap_initial,-1,94907.4990804695,548.6494404633094,1.499305340636032,1.5,3600
2025-11,168,1406439,1406451,2025-11-17T15:35:09+00:00,2025-11-17T15:35:21+00:00,94073.08281255205,94023.08281255205,1,50.0,200.0,,False,sl,12.0,-0.05,0.09404808281255206,-0.14404808281255205,0.001,vwap_initial,-1,94903.22968907014,561.2645375204875,1.4790652553704027,1.5,3600
2025-11,169,1408034,1408034,2025-11-17T16:01:44+00:00,2025-11-17T16:01:44+00:00,93808.58108255065,93758.58108255065,1,50.0,200.0,,False,sl,0.0,-0.05,0.09378358108255065,-0.14378358108255065,0.001,vwap_inversion_flip,-1,94238.16107286351,287.13511879979836,1.496090036316262,1.5,3600
2025-11,171,1408034,1408057,2025-11-17T16:01:44+00:00,2025-11-17T16:02:07+00:00,93680.3826753128,93630.3826753128,1,50.0,200.0,,False,sl,23.0,-0.05,0.0936553826753128,-0.1436553826753128,0.001,vwap_inversion_flip,-1,94238.16107286351,287.13511879979836,1.9425641833091953,1.5,3600
2025-11,170,1408034,1408058,2025-11-17T16:01:44+00:00,2025-11-17T16:02:08+00:00,93665.1961833838,93615.1961833838,1,50.0,200.0,,False,sl,24.0,-0.05,0.0936401961833838,-0.1436401961833838,0.001,vwap_inversion_flip,-1,94238.16107286351,287.13511879979836,1.995453889007589,2.0,3600
2025-11,172,1496039,1496039,2025-11-18T16:29:59+00:00,2025-11-18T16:29:59+00:00,93547.6792865768,93597.6792865768,-1,50.0,200.0,,False,sl,0.0,-0.05,0.0935726792865768,-0.1435726792865768,0.001,vwap_initial,1,93007.95769651413,359.8143933751054,1.5000000000000095,1.5,3600
2025-11,173,1496039,1496039,2025-11-18T16:29:59+00:00,2025-11-18T16:29:59+00:00,93162.8150916019,93212.8150916019,-1,50.0,200.0,,False,sl,0.0,-0.05,0.09318781509160189,-0.1431878150916019,0.001,vwap_initial,1,93007.95769651413,359.8143933751054,0.43038132420212366,1.5,3600
2025-11,174,1496039,1496039,2025-11-18T16:29:59+00:00,2025-11-18T16:29:59+00:00,93515.7679597865,93565.7679597865,-1,50.0,200.0,,False,sl,0.0,-0.05,0.09354076795978651,-0.1435407679597865,0.001,vwap_initial,1,93007.95769651413,359.8143933751054,1.4113117002047892,2.0,3600
2025-11,175,1496057,1496131,2025-11-18T16:30:17+00:00,2025-11-18T16:31:31+00:00,93727.58648326434,93777.58648326434,-1,50.0,200.0,,False,sl,74.0,-0.05,0.09375258648326434,-0.14375258648326433,0.001,vwap_initial,1,93012.0185604448,362.3015978797781,1.9750614598641167,2.0,3600
2025-11,176,1496355,1496355,2025-11-18T16:35:15+00:00,2025-11-18T16:35:15+00:00,93234.41117281519,93284.41117281519,-1,50.0,200.0,,False,sl,0.0,-0.05,0.0932594111728152,-0.1432594111728152,0.001,vwap_inversion_flip,1,93107.44235193523,381.4346937094475,0.33287171558830503,1.5,3600
2025-11,177,1496355,1496360,2025-11-18T16:35:15+00:00,2025-11-18T16:35:20+00:00,93599.7395442246,93649.7395442246,-1,50.0,200.0,,False,sl,5.0,-0.05,0.09362473954422461,-0.1436247395442246,0.001,vwap_inversion_flip,1,93107.44235193523,381.4346937094475,1.2906460802025994,2.0,3600
2025-11,178,1496376,1496435,2025-11-18T16:35:36+00:00,2025-11-18T16:36:35+00:00,93679.4895815336,93479.4895815336,-1,50.0,200.0,,False,tp,59.0,0.2,0.09357948958153361,0.1064205104184664,0.001,vwap_inversion_flip,1,93117.766073372,376.91964896722396,1.4903004120394243,1.5,3600
2025-11,179,1507979,1507979,2025-11-18T19:50:34+00:00,2025-11-18T19:50:34+00:00,93109.03167352673,93059.03167352673,1,50.0,200.0,,False,sl,0.0,-0.05,0.09308403167352673,-0.14308403167352673,0.001,vwap_initial,-1,93325.85580611974,144.54942172867777,1.4999999999999811,1.5,3600
2025-11,180,1507979,1508030,2025-11-18T19:50:34+00:00,2025-11-18T19:51:25+00:00,93036.75696266239,92986.75696266239,1,50.0,200.0,,False,sl,51.0,-0.05,0.0930117569626624,-0.14301175696266238,0.001,vwap_initial,-1,93325.85580611974,144.54942172867777,1.999999999999975,2.0,3600
2025-11,181,1508096,1508153,2025-11-18T19:52:31+00:00,2025-11-18T19:53:29+00:00,93071.17364791148,93021.17364791148,1,50.0,200.0,,False,sl,58.0,-0.05,0.09304617364791147,-0.14304617364791147,0.001,vwap_inversion_flip,-1,93293.61316588882,148.30944038390197,1.4998338433585396,1.5,3600
2025-11,182,1516620,1516620,2025-11-18T22:18:10+00:00,2025-11-18T22:18:10+00:00,92977.03014495081,93027.03014495081,-1,50.0,200.0,,False,sl,0.0,-0.05,0.09300203014495081,-0.14300203014495083,0.001,vwap_inversion_flip,1,92705.32058564611,182.75175785389703,1.4867685131757757,1.5,3600
2025-11,183,1516620,1516836,2025-11-18T22:18:10+00:00,2025-11-18T22:21:51+00:00,93067.97134600884,93117.97134600884,-1,50.0,200.0,,False,sl,221.0,-0.05,0.09309297134600884,-0.14309297134600885,0.001,vwap_inversion_flip,1,92705.32058564611,182.75175785389703,1.9843899977840453,2.0,3600
2025-11,184,1595999,1595999,2025-11-19T20:34:40+00:00,2025-11-19T20:34:40+00:00,89222.14196052244,89272.14196052244,-1,50.0,200.0,,False,sl,0.0,-0.05,0.08924714196052244,-0.13924714196052246,0.001,vwap_initial,1,88896.85655538575,216.85693675778995,1.5000000000000164,1.5,3600
2025-11,185,1595999,1596021,2025-11-19T20:34:40+00:00,2025-11-19T20:35:02+00:00,89330.57042890132,89380.57042890132,-1,50.0,200.0,,False,sl,22.0,-0.05,0.08935557042890133,-0.13935557042890134,0.001,vwap_initial,1,88896.85655538575,216.85693675778995,1.9999999999999771,2.0,3600
2025-11,186,1613099,1613099,2025-11-20T01:20:56+00:00,2025-11-20T01:20:56+00:00,92326.86690462368,92376.86690462368,-1,50.0,200.0,,False,sl,0.0,-0.05,0.09235186690462367,-0.14235186690462368,0.001,vwap_initial,1,92041.65385755277,190.14203138060702,1.4999999999999916,1.5,3600
2025-11,187,1613099,1613099,2025-11-20T01:20:56+00:00,2025-11-20T01:20:56+00:00,92164.76689767929,92214.76689767929,-1,50.0,200.0,,False,sl,0.0,-0.05,0.0921897668976793,-0.14218976689767931,0.001,vwap_initial,1,92041.65385755277,190.14203138060702,0.6474793565242304,1.5,3600
2025-11,188,1613115,1613322,2025-11-20T01:21:12+00:00,2025-11-20T01:24:39+00:00,92421.93792031398,92221.93792031398,-1,50.0,200.0,,False,tp,207.0,0.2,0.09232193792031398,0.10767806207968603,0.001,vwap_initial,1,92044.07669361646,190.13996215311823,1.9872793831379667,2.0,3600
2025-11,189,1613815,1613824,2025-11-20T01:32:55+00:00,2025-11-20T01:33:04+00:00,92334.83658005846,92384.83658005846,-1,50.0,200.0,,False,sl,9.0,-0.05,0.09235983658005846,-0.14235983658005846,0.001,vwap_inversion_flip,1,92119.84762324007,163.49914321896782,1.314924057616988,1.5,3600
2025-11,190,1613823,1613887,2025-11-20T01:33:03+00:00,2025-11-20T01:34:07+00:00,92364.9595776819,92414.9595776819,-1,50.0,200.0,,False,sl,64.0,-0.05,0.09238995957768191,-0.1423899595776819,0.001,vwap_inversion_flip,1,92120.1758601087,163.60705583524032,1.4961684648839755,1.5,3600
2025-11,191,1661999,1661999,2025-11-20T15:06:38+00:00,2025-11-20T15:06:38+00:00,90592.15723920219,90542.15723920219,1,50.0,200.0,,False,sl,0.0,-0.05,0.0905671572392022,-0.1405671572392022,0.001,vwap_initial,-1,91019.49451004752,284.8915138968864,1.4999999999999816,1.5,3600
2025-11,192,1661999,1661999,2025-11-20T15:06:38+00:00,2025-11-20T15:06:38+00:00,90682.13807355544,90632.13807355544,1,50.0,200.0,,False,sl,0.0,-0.05,0.09065713807355545,-0.14065713807355545,0.001,vwap_initial,-1,91019.49451004752,284.8915138968864,1.1841575478242485,1.5,3600
2025-11,193,1662023,1662042,2025-11-20T15:07:02+00:00,2025-11-20T15:07:21+00:00,90450.4148025373,90400.4148025373,1,50.0,200.0,,False,sl,19.0,-0.05,0.09042541480253731,-0.1404254148025373,0.001,vwap_initial,-1,91013.5823062982,289.52730545790655,1.9451274306242314,2.0,3600
2025-11,194,1662024,1662042,2025-11-20T15:07:03+00:00,2025-11-20T15:07:21+00:00,90449.71148225374,90399.71148225374,1,50.0,200.0,,False,sl,18.0,-0.05,0.09042471148225374,-0.14042471148225374,0.001,vwap_initial,-1,91013.37599047572,289.7042545648055,1.945654919941424,2.0,3600
2025-11,195,1730767,1730826,2025-11-21T10:14:32+00:00,2025-11-21T10:15:31+00:00,82067.4093979946,82017.4093979946,1,50.0,200.0,,False,sl,59.0,-0.05,0.0820424093979946,-0.1320424093979946,0.001,vwap_initial,-1,82541.06703206485,487.47967656067306,0.9716459102706659,1.5,3600
2025-11,196,1739357,1739360,2025-11-21T12:37:42+00:00,2025-11-21T12:37:45+00:00,82440.04187661882,82490.04187661882,-1,50.0,200.0,,False,sl,3.0,-0.05,0.08246504187661882,-0.13246504187661884,0.001,vwap_initial,1,81636.12161694473,538.060563634054,1.4941073812294055,1.5,3600
2025-11,197,1739398,1739400,2025-11-21T12:38:23+00:00,2025-11-21T12:38:25+00:00,82709.37658982535,82759.37658982535,-1,50.0,200.0,,False,sl,2.0,-0.05,0.08273437658982535,-0.13273437658982534,0.001,vwap_initial,1,81678.31626359021,557.3711120687391,1.8498632309956855,2.0,3600
2025-11,198,1739819,1739819,2025-11-21T12:45:24+00:00,2025-11-21T12:45:24+00:00,82839.66441115896,82889.66441115896,-1,50.0,200.0,,False,sl,0.0,-0.05,0.08286466441115896,-0.13286466441115896,0.001,vwap_initial,1,81834.09178487114,670.3817508585452,1.4999999999999976,1.5,3600
2025-11,199,1739819,1739819,2025-11-21T12:45:24+00:00,2025-11-21T12:45:24+00:00,83174.85528658822,83224.85528658822,-1,50.0,200.0,,False,sl,0.0,-0.05,0.08319985528658823,-0.13319985528658823,0.001,vwap_initial,1,81834.09178487114,670.3817508585452,1.9999999999999896,2.0,3600
2025-11,200,1751111,1751120,2025-11-21T15:53:36+00:00,2025-11-21T15:53:45+00:00,82771.22660539139,82721.22660539139,1,50.0,200.0,,False,sl,9.0,-0.05,0.0827462266053914,-0.1327462266053914,0.001,vwap_initial,-1,83848.70404040374,723.2427954312925,1.4897866135946978,1.5,3600
2025-11,201,1753739,1753739,2025-11-21T16:37:24+00:00,2025-11-21T16:37:24+00:00,83322.17688368424,83372.17688368424,-1,50.0,200.0,,False,sl,0.0,-0.05,0.08334717688368425,-0.13334717688368425,0.001,vwap_initial,1,82939.94544734855,254.8209575571249,1.4999999999999925,1.5,3600
2025-11,202,1753739,1753739,2025-11-21T16:37:24+00:00,2025-11-21T16:37:24+00:00,83449.5873624628,83499.5873624628,-1,50.0,200.0,,False,sl,0.0,-0.05,0.0834745873624628,-0.13347458736246282,0.001,vwap_initial,1,82939.94544734855,254.8209575571249,1.99999999999999,2.0,3600
2025-11,203,1753744,1753779,2025-11-21T16:37:29+00:00,2025-11-21T16:38:04+00:00,83576.99784124136,83626.99784124136,-1,50.0,200.0,,False,sl,35.0,-0.05,0.08360199784124137,-0.13360199784124138,0.001,vwap_initial,1,82941.00108279978,256.34779991231073,2.48099167872376,2.5,3600
2025-11,204,1754399,1754399,2025-11-21T16:48:24+00:00,2025-11-21T16:48:24+00:00,83516.91669479807,83566.91669479807,-1,50.0,200.0,,False,sl,0.0,-0.05,0.08354191669479807,-0.1335419166947981,0.001,vwap_initial,1,83004.77322739572,341.42897826823304,1.4999999999999942,1.5,3600
2025-11,205,1754399,1754415,2025-11-21T16:48:24+00:00,2025-11-21T16:48:40+00:00,83687.63118393219,83737.63118393219,-1,50.0,200.0,,False,sl,16.0,-0.05,0.08371263118393218,-0.13371263118393217,0.001,vwap_initial,1,83004.77322739572,341.42897826823304,1.9999999999999925,2.0,3600
2025-11,206,1783019,1783023,2025-11-22T00:46:57+00:00,2025-11-22T00:47:01+00:00,84855.25334222156,84805.25334222156,1,50.0,200.0,,False,sl,4.0,-0.05,0.08483025334222156,-0.13483025334222157,0.001,vwap_initial,-1,85146.91212365284,194.43918762084905,1.5000000000000364,1.5,3600
2025-11,207,1783036,1783070,2025-11-22T00:47:14+00:00,2025-11-22T00:47:48+00:00,84758.03374841115,84708.03374841115,1,50.0,200.0,,False,sl,34.0,-0.05,0.08473303374841117,-0.13473303374841117,0.001,vwap_initial,-1,85135.93039067074,201.1266105245115,1.878899272821631,2.0,3600
2025-11,208,1785959,1786307,2025-11-22T01:36:20+00:00,2025-11-22T01:42:12+00:00,85104.99371716184,84904.99371716184,-1,50.0,200.0,,False,tp,352.0,0.2,0.08500499371716184,0.11499500628283817,0.001,vwap_initial,1,84838.55872938746,177.62332518292482,1.4999999999999634,1.5,3600
2025-11,209,1786570,1787011,2025-11-22T01:46:39+00:00,2025-11-22T01:54:14+00:00,85072.72406156332,85122.72406156332,-1,50.0,200.0,,False,sl,455.0,-0.05,0.08509772406156332,-0.13509772406156334,0.001,vwap_inversion_flip,1,84823.94123967813,165.88786341658178,1.499704781057093,1.5,3600
2025-11,210,1788539,1788571,2025-11-22T02:20:03+00:00,2025-11-22T02:20:35+00:00,84686.66665501213,84636.66665501213,1,50.0,200.0,,False,sl,32.0,-0.05,0.08466166665501212,-0.1346616666550121,0.001,vwap_initial,-1,84924.58282029736,158.61077685681832,1.500000000000044,1.5,3600
2025-11,211,1788593,1788619,2025-11-22T02:20:57+00:00,2025-11-22T02:21:23+00:00,84607.36126658373,84557.36126658373,1,50.0,200.0,,False,sl,26.0,-0.05,0.08458236126658374,-0.13458236126658374,0.001,vwap_initial,-1,84922.4754853723,160.75552494732526,1.9602077060295386,2.0,3600
2025-11,212,1802939,1802939,2025-11-22T06:22:28+00:00,2025-11-22T06:22:28+00:00,84349.06682245745,84399.06682245745,-1,50.0,200.0,,False,sl,0.0,-0.05,0.08437406682245745,-0.13437406682245745,0.001,vwap_initial,1,84113.72604608517,156.89385091484786,1.5000000000000455,1.5,3600
2025-11,213,1802939,1802952,2025-11-22T06:22:28+00:00,2025-11-22T06:22:41+00:00,84427.51374791487,84477.51374791487,-1,50.0,200.0,,False,sl,13.0,-0.05,0.08445251374791486,-0.13445251374791486,0.001,vwap_initial,1,84113.72604608517,156.89385091484786,2.0000000000000298,2.0,3600
2025-11,214,1802954,1803463,2025-11-22T06:22:43+00:00,2025-11-22T06:31:13+00:00,84505.96067337229,84555.96067337229,-1,50.0,200.0,,False,sl,510.0,-0.05,0.08453096067337229,-0.13453096067337228,0.001,vwap_initial,1,84121.62976472874,163.4398451682218,2.3515129266548906,2.5,3600
2025-11,215,1802954,1803463,2025-11-22T06:22:43+00:00,2025-11-22T06:31:13+00:00,84502.26580726124,84552.26580726124,-1,50.0,200.0,,False,sl,510.0,-0.05,0.08452726580726125,-0.13452726580726126,0.001,vwap_initial,1,84121.62976472874,163.4398451682218,2.3289060396546737,1.5,3600
2025-11,216,1803719,1803719,2025-11-22T06:35:29+00:00,2025-11-22T06:35:29+00:00,84633.41905947926,84683.41905947926,-1,50.0,200.0,,False,sl,0.0,-0.05,0.08465841905947925,-0.13465841905947926,0.001,vwap_initial,1,84283.7680364061,233.10068204877584,1.5000000000000078,1.5,3600
2025-11,217,1803719,1803719,2025-11-22T06:35:29+00:00,2025-11-22T06:35:29+00:00,84527.00359751891,84577.00359751891,-1,50.0,200.0,,False,sl,0.0,-0.05,0.08455200359751891,-0.1345520035975189,0.001,vwap_initial,1,84283.7680364061,233.10068204877584,1.0434785474455133,1.5,3600
2025-11,218,1803719,1803719,2025-11-22T06:35:29+00:00,2025-11-22T06:35:29+00:00,84632.20034409569,84682.20034409569,-1,50.0,200.0,,False,sl,0.0,-0.05,0.0846572003440957,-0.1346572003440957,0.001,vwap_initial,1,84283.7680364061,233.10068204877584,1.4947717210741043,2.0,3600
2025-11,219,1804997,1804997,2025-11-22T06:56:58+00:00,2025-11-22T06:56:58+00:00,84573.55194810788,84623.55194810788,-1,50.0,200.0,,False,sl,0.0,-0.05,0.08459855194810788,-0.13459855194810788,0.001,vwap_inversion_flip,1,84455.2636731609,180.3301661948805,0.6559538952520774,1.5,3600
2025-11,220,1804997,1805523,2025-11-22T06:56:58+00:00,2025-11-22T07:05:50+00:00,84689.60808653677,84489.60808653677,-1,50.0,200.0,,False,tp,532.0,0.2,0.08458960808653677,0.11541039191346324,0.001,vwap_inversion_flip,1,84455.2636731609,180.3301661948805,1.299529736597824,2.0,3600
2025-11,221,1820999,1820999,2025-11-22T11:27:00+00:00,2025-11-22T11:27:00+00:00,84050.02844112947,84100.02844112947,-1,50.0,200.0,,False,sl,0.0,-0.05,0.08407502844112948,-0.13407502844112948,0.001,vwap_initial,1,83768.67800277015,187.56695890621847,1.4999999999999827,1.5,3600
2025-11,222,1820999,1821019,2025-11-22T11:27:00+00:00,2025-11-22T11:27:20+00:00,84143.81192058258,84193.81192058258,-1,50.0,200.0,,False,sl,20.0,-0.05,0.08416881192058259,-0.1341688119205826,0.001,vwap_initial,1,83768.67800277015,187.56695890621847,1.999999999999977,2.0,3600
2025-11,223,1821050,1821557,2025-11-22T11:27:51+00:00,2025-11-22T11:36:21+00:00,84237.59540003569,84287.59540003569,-1,50.0,200.0,,False,sl,510.0,-0.05,0.0842625954000357,-0.1342625954000357,0.001,vwap_initial,1,83779.1159859726,195.96851945391637,2.339556451927469,2.5,3600
2025-11,224,1827110,1827110,2025-11-22T13:10:14+00:00,2025-11-22T13:10:14+00:00,83875.32722313891,83925.32722313891,-1,50.0,200.0,,False,sl,0.0,-0.05,0.08390032722313892,-0.13390032722313894,0.001,vwap_inversion_flip,1,83740.68988432919,90.2322947180554,1.4921191933600069,1.5,3600
2025-11,225,1827110,1827110,2025-11-22T13:10:14+00:00,2025-11-22T13:10:14+00:00,83920.27209866387,83970.27209866387,-1,50.0,200.0,,False,sl,0.0,-0.05,0.08394527209866388,-0.1339452720986639,0.001,vwap_inversion_flip,1,83740.68988432919,90.2322947180554,1.990221072131887,2.0,3600
2025-11,226,1827110,1827110,2025-11-22T13:10:14+00:00,2025-11-22T13:10:14+00:00,83965.21697418884,84015.21697418884,-1,50.0,200.0,,False,sl,0.0,-0.05,0.08399021697418885,-0.13399021697418884,0.001,vwap_inversion_flip,1,83740.68988432919,90.2322947180554,2.488322950903767,2.5,3600
2025-11,227,1827110,1827142,2025-11-22T13:10:14+00:00,2025-11-22T13:10:46+00:00,84010.16184971381,84060.16184971381,-1,50.0,200.0,,False,sl,32.0,-0.05,0.08403516184971382,-0.1340351618497138,0.001,vwap_inversion_flip,1,83740.68988432919,90.2322947180554,2.9864248296758085,3.0,3600
2025-11,228,1827142,1827960,2025-11-22T13:10:46+00:00,2025-11-22T13:24:30+00:00,84055.10672523877,83855.10672523877,-1,50.0,200.0,,False,tp,824.0,0.2,0.08395510672523877,0.11604489327476124,0.001,vwap_inversion_flip,1,83749.35374773802,102.13834867394863,2.993517924171631,3.5,3600
2025-11,229,1868893,1868980,2025-11-23T01:26:32+00:00,2025-11-23T01:27:59+00:00,85394.30110546976,85444.30110546976,-1,50.0,200.0,,False,sl,87.0,-0.05,0.08541930110546976,-0.13541930110546976,0.001,vwap_initial,1,85201.48922288664,195.56684619206231,0.9859129312427636,1.5,3600
2025-11,230,1956719,1956768,2025-11-24T02:07:39+00:00,2025-11-24T02:08:28+00:00,87683.60925863853,87733.60925863853,-1,50.0,200.0,,False,sl,49.0,-0.05,0.08770860925863853,-0.13770860925863854,0.001,vwap_initial,1,87046.39452558738,455.31975867643513,1.3994884274371584,1.5,3600
2025-11,231,1956721,1956806,2025-11-24T02:07:41+00:00,2025-11-24T02:09:06+00:00,87729.37416360204,87779.37416360204,-1,50.0,200.0,,False,sl,85.0,-0.05,0.08775437416360204,-0.13775437416360203,0.001,vwap_initial,1,87047.63914068851,455.8032417812424,1.4956783112146548,1.5,3600
2025-11,232,1956885,1956890,2025-11-24T02:10:25+00:00,2025-11-24T02:10:30+00:00,87696.81841320913,87746.81841320913,-1,50.0,200.0,,False,sl,5.0,-0.05,0.08772181841320914,-0.13772181841320913,0.001,vwap_inversion_flip,1,87099.90956414797,472.9878583694778,1.2619961347821356,1.5,3600
2025-11,233,1956907,1957005,2025-11-24T02:10:47+00:00,2025-11-24T02:12:25+00:00,87808.97935180414,87858.97935180414,-1,50.0,200.0,,False,sl,98.0,-0.05,0.08783397935180415,-0.13783397935180414,0.001,vwap_inversion_flip,1,87106.95004532492,476.32690309260323,1.4738392938152773,1.5,3600
2025-11,235,2001003,2001148,2025-11-24T14:32:35+00:00,2025-11-24T14:35:00+00:00,86407.81517274582,86457.81517274582,-1,50.0,200.0,,False,sl,145.0,-0.05,0.08643281517274583,-0.13643281517274583,0.001,vwap_initial,1,86133.20995500298,196.27468430726745,1.3990862790686844,1.5,3600
2025-11,234,2001003,2001149,2025-11-24T14:32:35+00:00,2025-11-24T14:35:01+00:00,86425.67369450226,86475.67369450226,-1,50.0,200.0,,False,sl,146.0,-0.05,0.08645067369450225,-0.13645067369450226,0.001,vwap_initial,1,86133.20995500298,196.27468430726745,1.4900736716581542,1.5,3600
2025-11,236,2002079,2002079,2025-11-24T14:50:31+00:00,2025-11-24T14:50:31+00:00,85404.59366216212,85354.59366216212,1,50.0,200.0,,False,sl,0.0,-0.05,0.08537959366216212,-0.13537959366216212,0.001,vwap_initial,-1,85886.31238164926,321.145812991421,1.5000000000000162,1.5,3600
2025-11,237,2002079,2002079,2025-11-24T14:50:31+00:00,2025-11-24T14:50:31+00:00,85590.01908623139,85540.01908623139,1,50.0,200.0,,False,sl,0.0,-0.05,0.08556501908623139,-0.1355650190862314,0.001,vwap_initial,-1,85886.31238164926,321.145812991421,0.9226129796242548,1.5,3600
2025-11,238,2002079,2002079,2025-11-24T14:50:31+00:00,2025-11-24T14:50:31+00:00,85442.83622208386,85392.83622208386,1,50.0,200.0,,False,sl,0.0,-0.05,0.08541783622208386,-0.13541783622208386,0.001,vwap_initial,-1,85886.31238164926,321.145812991421,1.3809183916629328,2.0,3600
2025-11,239,2002079,2002091,2025-11-24T14:50:31+00:00,2025-11-24T14:50:43+00:00,85295.65335793633,85245.65335793633,1,50.0,200.0,,False,sl,12.0,-0.05,0.08527065335793634,-0.13527065335793634,0.001,vwap_initial,-1,85886.31238164926,321.145812991421,1.839223803701611,2.5,3600
2025-11,240,2002091,2002122,2025-11-24T14:50:43+00:00,2025-11-24T14:51:14+00:00,85244.02075566641,85444.02075566641,1,50.0,200.0,,False,tp,31.0,0.2,0.08534402075566641,0.1146559792443336,0.001,vwap_initial,-1,85880.49611091166,324.59089864248295,1.960853979292514,2.0,3600
2025-11,241,2002666,2002668,2025-11-24T15:00:18+00:00,2025-11-24T15:00:20+00:00,86302.41343275185,86352.41343275185,-1,50.0,200.0,,False,sl,2.0,-0.05,0.08632741343275185,-0.13632741343275184,0.001,vwap_inversion_flip,1,85831.89442992954,317.43202669914274,1.4822669524403909,1.5,3600
2025-11,242,2015459,2015459,2025-11-24T18:33:36+00:00,2025-11-24T18:33:36+00:00,88309.97726868803,88359.97726868803,-1,50.0,200.0,,False,sl,0.0,-0.05,0.08833497726868804,-0.13833497726868804,0.001,vwap_initial,1,88187.4701366651,211.508213626398,0.5792074450561324,1.5,3600
2025-11,243,2016144,2016353,2025-11-24T18:45:05+00:00,2025-11-24T18:48:34+00:00,88412.93424259743,88462.93424259743,-1,50.0,200.0,,False,sl,209.0,-0.05,0.08843793424259744,-0.13843793424259743,0.001,vwap_inversion_flip,1,88262.42170012643,157.4259759607488,0.9560845441957182,1.5,3600
2025-11,244,2019659,2019659,2025-11-24T19:43:45+00:00,2025-11-24T19:43:45+00:00,88428.67974690611,88378.67974690611,1,50.0,200.0,,False,sl,0.0,-0.05,0.08840367974690612,-0.13840367974690612,0.001,vwap_initial,-1,88589.77916736777,107.39961364110962,1.4999999999999416,1.5,3600
2025-11,245,2019659,2019660,2025-11-24T19:43:45+00:00,2025-11-24T19:43:46+00:00,88374.97994008556,88324.97994008556,1,50.0,200.0,,False,sl,1.0,-0.05,0.08834997994008556,-0.13834997994008558,0.001,vwap_initial,-1,88589.77916736777,107.39961364110962,1.9999999999999671,2.0,3600
2025-11,246,2019669,2019919,2025-11-24T19:43:55+00:00,2025-11-24T19:48:05+00:00,88321.280133265,88271.280133265,1,50.0,200.0,,False,sl,250.0,-0.05,0.088296280133265,-0.138296280133265,0.001,vwap_initial,-1,88586.09350452508,110.91551078981735,2.3875233443399897,2.5,3600
2025-11,247,2020379,2020395,2025-11-24T19:55:45+00:00,2025-11-24T19:56:01+00:00,88199.65401684928,88149.65401684928,1,50.0,200.0,,False,sl,16.0,-0.05,0.08817465401684928,-0.13817465401684928,0.001,vwap_initial,-1,88493.46676780899,195.87516730647687,1.4999999999999765,1.5,3600
2025-11,248,2020398,2020635,2025-11-24T19:56:04+00:00,2025-11-24T20:00:01+00:00,88101.71643319604,88301.71643319604,1,50.0,200.0,,False,tp,237.0,0.2,0.08820171643319605,0.11179828356680396,0.001,vwap_initial,-1,88491.63068824158,197.06983285537763,1.9785588154006677,2.0,3600
2025-11,249,2022362,2022920,2025-11-24T20:28:53+00:00,2025-11-24T20:38:11+00:00,88821.03585752888,88871.03585752888,-1,50.0,200.0,,False,sl,558.0,-0.05,0.08884603585752888,-0.1388460358575289,0.001,vwap_initial,1,88508.4090688272,210.25206391306182,1.4869142441852894,1.5,3600
2025-11,251,2028241,2029179,2025-11-24T22:08:03+00:00,2025-11-24T22:24:10+00:00,89021.18458643378,88821.18458643378,-1,50.0,200.0,,False,tp,967.0,0.2,0.08892118458643378,0.11107881541356623,0.001,vwap_initial,1,88864.66806989732,104.63627659056061,1.495815042701732,1.5,3600
2025-11,250,2028239,2029185,2025-11-24T22:08:01+00:00,2025-11-24T22:24:16+00:00,89001.61734898567,88801.61734898567,-1,50.0,200.0,,False,tp,975.0,0.2,0.08890161734898569,0.11109838265101432,0.001,vwap_initial,1,88864.42629980776,104.50552441735131,1.3127636069269317,1.5,3600
2025-11,252,2043377,2043403,2025-11-25T02:25:45+00:00,2025-11-25T02:26:11+00:00,87658.6634119999,87608.6634119999,1,50.0,200.0,,False,sl,26.0,-0.05,0.08763366341199991,-0.1376336634119999,0.001,vwap_initial,-1,87839.2350868943,153.9873239225281,1.1726398660271713,1.5,3600
2025-11,253,2043403,2043458,2025-11-25T02:26:11+00:00,2025-11-25T02:27:06+00:00,87609.16497792037,87559.16497792037,1,50.0,200.0,,False,sl,55.0,-0.05,0.08758416497792038,-0.13758416497792036,0.001,vwap_initial,-1,87837.438603276,154.58479666576415,1.4766887189377598,1.5,3600
2025-11,254,2088179,2088179,2025-11-25T15:04:44+00:00,2025-11-25T15:04:44+00:00,86302.95898609409,86252.95898609409,1,50.0,200.0,,False,sl,0.0,-0.05,0.0862779589860941,-0.1362779589860941,0.001,vwap_initial,-1,86625.42593802315,315.7776719365758,1.021183511650658,1.5,3600
2025-11,255,2088295,2088384,2025-11-25T15:06:40+00:00,2025-11-25T15:08:09+00:00,86289.69736474524,86489.69736474524,1,50.0,200.0,,False,tp,89.0,0.2,0.08638969736474525,0.11361030263525476,0.001,vwap_inversion_flip,-1,86604.09220517335,308.09432930171704,1.0204499418755084,1.5,3600
2025-11,256,2113324,2113354,2025-11-25T22:12:39+00:00,2025-11-25T22:13:09+00:00,86668.31939729647,86618.31939729647,1,50.0,200.0,,False,sl,30.0,-0.05,0.08664331939729647,-0.13664331939729646,0.001,vwap_initial,-1,86994.83408624674,218.50966431383878,1.494280310097938,1.5,3600
2025-11,257,2113356,2113548,2025-11-25T22:13:11+00:00,2025-11-25T22:16:23+00:00,86559.22483013704,86759.22483013704,1,50.0,200.0,,False,tp,192.0,0.2,0.08665922483013705,0.11334077516986296,0.001,vwap_initial,-1,86985.62238005562,224.52069459245538,1.8991458702395472,2.0,3600
2025-11,259,2132939,2132939,2025-11-26T03:52:08+00:00,2025-11-26T03:52:08+00:00,87270.36166780969,87220.36166780969,1,50.0,200.0,,False,sl,0.0,-0.05,0.08724536166780969,-0.1372453616678097,0.001,vwap_initial,-1,87462.93722322202,212.83934341204423,0.904793034620093,1.5,3600
2025-11,258,2132939,2133069,2025-11-26T03:52:08+00:00,2025-11-26T03:54:19+00:00,87143.67820810396,87093.67820810396,1,50.0,200.0,,False,sl,131.0,-0.05,0.08711867820810396,-0.13711867820810397,0.001,vwap_initial,-1,87462.93722322202,212.83934341204423,1.499999999999984,1.5,3600
2025-11,260,2132939,2133069,2025-11-26T03:52:08+00:00,2025-11-26T03:54:19+00:00,87147.85231940936,87097.85231940936,1,50.0,200.0,,False,sl,131.0,-0.05,0.08712285231940936,-0.13712285231940935,0.001,vwap_initial,-1,87462.93722322202,212.83934341204423,1.4803884411665194,2.0,3600
2025-11,261,2133658,2133719,2025-11-26T04:04:09+00:00,2025-11-26T04:05:13+00:00,87208.32121661956,87158.32121661956,1,50.0,200.0,,False,sl,64.0,-0.05,0.08718332121661956,-0.13718332121661958,0.001,vwap_inversion_flip,-1,87358.2651982538,223.78995336854945,0.670021059378384,1.5,3600
2025-11,262,2133839,2133839,2025-11-26T04:07:14+00:00,2025-11-26T04:07:14+00:00,87193.9118816674,87143.9118816674,1,50.0,200.0,,False,sl,0.0,-0.05,0.0871689118816674,-0.1371689118816674,0.001,vwap_initial,-1,87335.36406043786,222.4392634498013,0.6359137167453354,1.5,3600
2025-11,263,2133839,2133856,2025-11-26T04:07:14+00:00,2025-11-26T04:07:31+00:00,87056.36121126407,87006.36121126407,1,50.0,200.0,,False,sl,17.0,-0.05,0.08703136121126408,-0.13703136121126408,0.001,vwap_initial,-1,87335.36406043786,222.4392634498013,1.25428777656762,2.0,3600
2025-11,264,2133856,2133879,2025-11-26T04:07:31+00:00,2025-11-26T04:07:54+00:00,87001.70516526316,86951.70516526316,1,50.0,200.0,,False,sl,23.0,-0.05,0.08697670516526317,-0.13697670516526317,0.001,vwap_initial,-1,87326.75311545529,225.3049958117387,1.4427019206610345,1.5,3600
2025-11,265,2133896,2134224,2025-11-26T04:08:11+00:00,2025-11-26T04:13:40+00:00,86918.81054086074,86868.81054086074,1,50.0,200.0,,False,sl,329.0,-0.05,0.08689381054086075,-0.13689381054086075,0.001,vwap_initial,-1,87309.79421968089,231.65356292111673,1.6877947996564544,2.5,3600
2025-11,266,2181239,2181239,2025-11-26T17:35:04+00:00,2025-11-26T17:35:04+00:00,88890.79111926194,88940.79111926194,-1,50.0,200.0,,False,sl,0.0,-0.05,0.08891579111926194,-0.13891579111926194,0.001,vwap_initial,1,88197.3746795695,462.27762646162506,1.4999999999999871,1.5,3600
2025-11,267,2181239,2181239,2025-11-26T17:35:04+00:00,2025-11-26T17:35:04+00:00,88397.6114549471,88447.6114549471,-1,50.0,200.0,,False,sl,0.0,-0.05,0.0884226114549471,-0.1384226114549471,0.001,vwap_initial,1,88197.3746795695,462.27762646162506,0.4331526422990598,1.5,3600
2025-11,268,2181239,2181239,2025-11-26T17:35:04+00:00,2025-11-26T17:35:04+00:00,88701.03053722241,88751.03053722241,-1,50.0,200.0,,False,sl,0.0,-0.05,0.08872603053722242,-0.13872603053722243,0.001,vwap_initial,1,88197.3746795695,462.27762646162506,1.089509482663046,2.0,3600
2025-11,269,2181268,2181269,2025-11-26T17:35:33+00:00,2025-11-26T17:35:34+00:00,89004.44961949773,89054.44961949773,-1,50.0,200.0,,False,sl,1.0,-0.05,0.08902944961949773,-0.13902944961949773,0.001,vwap_initial,1,88219.67727506312,472.59603308729504,1.6605563514953297,2.5,3600
2025-11,270,2181899,2181899,2025-11-26T17:46:04+00:00,2025-11-26T17:46:04+00:00,89441.21117718164,89491.21117718164,-1,50.0,200.0,,False,sl,0.0,-0.05,0.08946621117718165,-0.13946621117718166,0.001,vwap_initial,1,88576.96212665793,576.1660336824734,1.4999999999999953,1.5,3600
2025-11,271,2181899,2181899,2025-11-26T17:46:04+00:00,2025-11-26T17:46:04+00:00,88900.67093354864,88950.67093354864,-1,50.0,200.0,,False,sl,0.0,-0.05,0.08892567093354865,-0.13892567093354866,0.001,vwap_initial,1,88576.96212665793,576.1660336824734,0.5618325065463682,1.5,3600
2025-11,272,2181899,2181899,2025-11-26T17:46:04+00:00,2025-11-26T17:46:04+00:00,89295.53421677789,89345.53421677789,-1,50.0,200.0,,False,sl,0.0,-0.05,0.0893205342167779,-0.1393205342167779,0.001,vwap_initial,1,88576.96212665793,576.1660336824734,1.2471614918486498,2.0,3600
2025-11,273,2201159,2201159,2025-11-26T23:11:45+00:00,2025-11-26T23:11:45+00:00,90401.88096908813,90451.88096908813,-1,50.0,200.0,,False,sl,0.0,-0.05,0.09042688096908813,-0.14042688096908812,0.001,vwap_initial,1,90347.94141189607,127.41897939296078,0.42332435441749583,1.5,3600
2025-11,275,2201165,2202050,2025-11-26T23:11:51+00:00,2025-11-26T23:26:50+00:00,90539.06988098551,90339.06988098551,-1,50.0,200.0,,False,tp,899.0,0.2,0.09043906988098552,0.1095609301190145,0.001,vwap_initial,1,90348.33516683424,127.56141935618928,1.4952382555315173,1.5,3600
2025-11,274,2201163,2202070,2025-11-26T23:11:49+00:00,2025-11-26T23:27:10+00:00,90529.37823218475,90329.37823218475,-1,50.0,200.0,,False,tp,921.0,0.2,0.09042937823218476,0.10957062176781525,0.001,vwap_initial,1,90348.19495134415,127.50255082295952,1.421016910416019,2.0,3600
2025-11,276,2203305,2204486,2025-11-26T23:48:11+00:00,2025-11-27T00:07:57+00:00,90496.03073705111,90296.03073705111,-1,50.0,200.0,,False,tp,1186.0,0.2,0.09039603073705112,0.1096039692629489,0.001,vwap_inversion_flip,1,90380.56926775428,77.75957722745792,1.4848520711357556,1.5,3600
2025-11,277,2203305,2204492,2025-11-26T23:48:11+00:00,2025-11-27T00:08:03+00:00,90491.31567457678,90291.31567457678,-1,50.0,200.0,,False,tp,1192.0,0.2,0.09039131567457677,0.10960868432542324,0.001,vwap_inversion_flip,1,90380.56926775428,77.75957722745792,1.424215649971261,1.5,3600
2025-11,278,2261879,2261885,2025-11-27T16:14:48+00:00,2025-11-27T16:14:54+00:00,91132.85899294014,91182.85899294014,-1,50.0,200.0,,False,sl,6.0,-0.05,0.09115785899294014,-0.14115785899294014,0.001,vwap_initial,1,90933.4807829757,132.91880664295806,1.4999999999999498,1.5,3600
2025-11,279,2261879,2261894,2025-11-27T16:14:48+00:00,2025-11-27T16:15:03+00:00,91164.4901989534,91214.4901989534,-1,50.0,200.0,,False,sl,15.0,-0.05,0.0911894901989534,-0.14118949019895338,0.001,vwap_initial,1,90933.4807829757,132.91880664295806,1.7379738940797314,1.5,3600
2025-11,280,2261893,2262013,2025-11-27T16:15:02+00:00,2025-11-27T16:17:02+00:00,91199.31839626162,91249.31839626162,-1,50.0,200.0,,False,sl,120.0,-0.05,0.09122431839626162,-0.14122431839626162,0.001,vwap_initial,1,90937.27901136862,134.91556977382123,1.9422471797161087,2.0,3600
2025-11,282,2265899,2265899,2025-11-27T17:22:14+00:00,2025-11-27T17:22:14+00:00,91363.09736704937,91413.09736704937,-1,50.0,200.0,,False,sl,0.0,-0.05,0.09138809736704936,-0.14138809736704938,0.001,vwap_initial,1,91349.31443581317,114.95098839321953,0.11990267703530214,1.5,3600
2025-11,284,2266097,2266097,2025-11-27T17:25:33+00:00,2025-11-27T17:25:33+00:00,91372.84010719846,91422.84010719846,-1,50.0,200.0,,False,sl,0.0,-0.05,0.09139784010719847,-0.14139784010719847,0.001,vwap_inversion_flip,1,91366.50327774297,108.88376578016558,0.05819811071079249,1.5,3600
2025-11,281,2265899,2266303,2025-11-27T17:22:14+00:00,2025-11-27T17:29:00+00:00,91521.740918403,91321.740918403,-1,50.0,200.0,91521.0,True,tp,406.0,0.2,0.09142174091840301,0.108578259081597,0.001,vwap_initial,1,91349.31443581317,114.95098839321953,1.4999999999999893,1.5,3600
2025-11,286,2266125,2266303,2025-11-27T17:26:01+00:00,2025-11-27T17:29:00+00:00,91529.77630160483,91329.77630160483,-1,50.0,200.0,,False,tp,179.0,0.2,0.09142977630160483,0.10857022369839518,0.001,vwap_inversion_flip,1,91367.46752157708,108.37920682800497,1.4976007370613305,1.5,3600
2025-11,285,2266097,2266306,2025-11-27T17:25:33+00:00,2025-11-27T17:29:03+00:00,91510.98304234438,91310.98304234438,-1,50.0,200.0,,False,tp,210.0,0.2,0.09141098304234438,0.10858901695765563,0.001,vwap_inversion_flip,1,91366.50327774297,108.88376578016558,1.3269174111144082,2.0,3600
2025-11,283,2265899,2266308,2025-11-27T17:22:14+00:00,2025-11-27T17:29:05+00:00,91505.36325527992,91305.36325527992,-1,50.0,200.0,91521.0,True,tp,411.0,0.2,0.09140536325527993,0.10859463674472009,0.001,vwap_initial,1,91349.31443581317,114.95098839321953,1.357524816863259,2.0,3600
2025-11,287,2317559,2317607,2025-11-28T08:36:20+00:00,2025-11-28T08:37:08+00:00,91166.25998272975,91216.25998272975,-1,50.0,200.0,,False,sl,48.0,-0.05,0.09119125998272977,-0.14119125998272977,0.001,vwap_initial,1,91010.77616370692,103.65587934855577,1.4999999999999927,1.5,3600
2025-11,288,2317607,2318394,2025-11-28T08:37:08+00:00,2025-11-28T08:50:55+00:00,91218.08792240403,91268.08792240403,-1,50.0,200.0,,False,sl,827.0,-0.05,0.09124308792240403,-0.14124308792240403,0.001,vwap_initial,1,91009.82919107989,103.48241714433651,2.0125035447680024,2.0,3600
2025-11,289,2338139,2338139,2025-11-28T14:27:17+00:00,2025-11-28T14:27:17+00:00,92743.18376479667,92793.18376479667,-1,50.0,200.0,,False,sl,0.0,-0.05,0.09276818376479667,-0.14276818376479666,0.001,vwap_initial,1,92257.80668590742,323.58471925950727,1.499999999999991,1.5,3600
2025-11,290,2338139,2338139,2025-11-28T14:27:17+00:00,2025-11-28T14:27:17+00:00,92650.41939562808,92700.41939562808,-1,50.0,200.0,,False,sl,0.0,-0.05,0.09267541939562808,-0.14267541939562808,0.001,vwap_initial,1,92257.80668590742,323.58471925950727,1.2133227756215417,1.5,3600
2025-11,291,2338141,2338302,2025-11-28T14:27:19+00:00,2025-11-28T14:30:00+00:00,92895.53754197227,92945.53754197227,-1,50.0,200.0,,False,sl,161.0,-0.05,0.09292053754197227,-0.14292053754197226,0.001,vwap_initial,1,92258.67866793112,324.1699278421057,1.964583446344064,2.0,3600
2025-11,292,2338176,2338302,2025-11-28T14:27:54+00:00,2025-11-28T14:30:00+00:00,92904.97612442644,92954.97612442644,-1,50.0,200.0,,False,sl,126.0,-0.05,0.09292997612442645,-0.14292997612442646,0.001,vwap_initial,1,92266.01073875294,328.19985522690934,1.9468789382363678,2.0,3600
2025-11,293,2343833,2344042,2025-11-28T16:02:12+00:00,2025-11-28T16:05:41+00:00,92075.36684569491,92025.36684569491,1,50.0,200.0,,False,sl,209.0,-0.05,0.09205036684569491,-0.14205036684569491,0.001,vwap_inversion_flip,-1,92394.33786408723,212.70804294595376,1.4995719671651646,1.5,3600
2025-11,294,2344043,2344043,2025-11-28T16:05:42+00:00,2025-11-28T16:05:42+00:00,92058.34639457524,92008.34639457524,1,50.0,200.0,,False,sl,0.0,-0.05,0.09203334639457525,-0.14203334639457527,0.001,vwap_inversion_flip,-1,92386.87938914016,219.31515228310482,1.4979949681763167,1.5,3600
2025-11,295,2345399,2345399,2025-11-28T16:28:18+00:00,2025-11-28T16:28:18+00:00,91220.93189127264,91170.93189127264,1,50.0,200.0,,False,sl,0.0,-0.05,0.09119593189127265,-0.14119593189127266,0.001,vwap_initial,-1,91943.85628956475,481.9495988613998,1.5000000000000078,1.5,3600
2025-11,296,2345399,2345399,2025-11-28T16:28:18+00:00,2025-11-28T16:28:18+00:00,91524.27483181703,91474.27483181703,1,50.0,200.0,,False,sl,0.0,-0.05,0.09149927483181704,-0.14149927483181704,0.001,vwap_initial,-1,91943.85628956475,481.9495988613998,0.8705919845954229,1.5,3600
2025-11,297,2345399,2345399,2025-11-28T16:28:18+00:00,2025-11-28T16:28:18+00:00,91313.04571694961,91263.04571694961,1,50.0,200.0,,False,sl,0.0,-0.05,0.09128804571694961,-0.1412880457169496,0.001,vwap_initial,-1,91943.85628956475,481.9495988613998,1.3088724922801538,2.0,3600
2025-11,298,2345684,2345684,2025-11-28T16:33:03+00:00,2025-11-28T16:33:03+00:00,91435.67122762513,91385.67122762513,1,50.0,200.0,,False,sl,0.0,-0.05,0.09141067122762513,-0.14141067122762513,0.001,vwap_inversion_flip,-1,91784.20571094581,509.824835967797,0.6836357484606566,1.5,3600
2025-11,299,2349299,2349299,2025-11-28T17:33:18+00:00,2025-11-28T17:33:18+00:00,90374.62341024885,90324.62341024885,1,50.0,200.0,,False,sl,0.0,-0.05,0.09034962341024885,-0.14034962341024887,0.001,vwap_initial,-1,90866.1665394453,327.69541946430326,1.4999999999999811,1.5,3600
2025-11,300,2349299,2349299,2025-11-28T17:33:18+00:00,2025-11-28T17:33:18+00:00,90890.00251476756,90840.00251476756,1,50.0,200.0,,False,sl,0.0,-0.05,0.09086500251476758,-0.14086500251476758,0.001,vwap_initial,-1,90866.1665394453,327.69541946430326,0.0,1.5,3600
2025-11,301,2349299,2349299,2025-11-28T17:33:18+00:00,2025-11-28T17:33:18+00:00,90554.4740320069,90504.4740320069,1,50.0,200.0,,False,sl,0.0,-0.05,0.09052947403200691,-0.1405294740320069,0.001,vwap_initial,-1,90866.1665394453,327.69541946430326,0.9511652861914929,2.0,3600
2025-11,302,2349358,2349770,2025-11-28T17:34:17+00:00,2025-11-28T17:41:09+00:00,90210.7757005167,90160.7757005167,1,50.0,200.0,,False,sl,412.0,-0.05,0.0901857757005167,-0.1401857757005167,0.001,vwap_initial,-1,90844.63363352034,335.32131941313787,1.8903001279876572,2.0,3600
2025-11,303,2349358,2349770,2025-11-28T17:34:17+00:00,2025-11-28T17:41:09+00:00,90218.94554924623,90168.94554924623,1,50.0,200.0,,False,sl,412.0,-0.05,0.09019394554924624,-0.14019394554924625,0.001,vwap_initial,-1,90844.63363352034,335.32131941313787,1.865935889102296,2.5,3600
2025-11,304,2350145,2350145,2025-11-28T17:47:24+00:00,2025-11-28T17:47:24+00:00,90677.7288680581,90627.7288680581,1,50.0,200.0,,False,sl,0.0,-0.05,0.09065272886805811,-0.14065272886805813,0.001,vwap_inversion_flip,-1,90668.32906415632,319.50392148447247,0.0,1.5,3600
2025-11,306,2525339,2525726,2025-11-30T23:09:13+00:00,2025-11-30T23:15:46+00:00,90878.07394888942,90828.07394888942,1,50.0,200.0,90886.3,True,soft_sl,393.0,-0.05,0.09085307394888942,-0.1408530739488894,0.001,vwap_initial,-1,91058.99361736387,128.66654953579985,1.4061126930594676,1.5,3600
2025-11,305,2525339,2526168,2025-11-30T23:09:13+00:00,2025-11-30T23:23:16+00:00,90865.99379306017,90815.99379306017,1,50.0,200.0,90886.3,True,soft_sl,843.0,-0.05,0.09084099379306018,-0.1408409937930602,0.001,vwap_initial,-1,91058.99361736387,128.66654953579985,1.4999999999999791,1.5,3600
2025-11,307,2527859,2527904,2025-11-30T23:51:37+00:00,2025-11-30T23:52:22+00:00,90549.49384569265,90499.49384569265,1,50.0,200.0,,False,sl,45.0,-0.05,0.09052449384569265,-0.14052449384569266,0.001,vwap_initial,-1,90744.63135102547,194.93921724100784,1.0010171790705917,1.5,3600
2026-02,1,35759,35759,2026-02-01T10:13:42+00:00,2026-02-01T10:13:42+00:00,78886.55391924176,78936.55391924176,-1,50.0,200.0,,False,sl,0.0,-0.05,0.07891155391924178,-0.12891155391924178,0.001,vwap_initial,1,78879.8382253238,136.23409842360485,0.04929524983596814,1.5,3600
2026-02,2,35759,35759,2026-02-01T10:13:42+00:00,2026-02-01T10:13:42+00:00,79024.44819321562,79074.44819321562,-1,50.0,200.0,,False,sl,0.0,-0.05,0.07904944819321563,-0.12904944819321562,0.001,vwap_initial,1,78879.8382253238,136.23409842360485,1.0614814467533427,2.0,3600
2026-02,3,35766,35791,2026-02-01T10:13:49+00:00,2026-02-01T10:14:14+00:00,79084.1893729592,79134.1893729592,-1,50.0,200.0,,False,sl,25.0,-0.05,0.0791091893729592,-0.1291091893729592,0.001,vwap_initial,1,78880.14676268389,136.32109488533564,1.4967794268886925,1.5,3600
2026-02,4,35794,36108,2026-02-01T10:14:17+00:00,2026-02-01T10:19:31+00:00,79152.30642217101,78952.30642217101,-1,50.0,200.0,,False,tp,314.0,0.2,0.07905230642217101,0.120947693577829,0.001,vwap_initial,1,78884.02902878603,138.32384413346077,1.9394876932868972,2.0,3600
2026-02,5,35798,36108,2026-02-01T10:14:21+00:00,2026-02-01T10:19:31+00:00,79162.34246718949,78962.34246718949,-1,50.0,200.0,,False,tp,310.0,0.2,0.0790623424671895,0.12093765753281051,0.001,vwap_initial,1,78884.60385849963,138.72687810989618,2.002053332951415,2.5,3600
2026-02,6,117033,117077,2026-02-02T09:02:01+00:00,2026-02-02T09:02:45+00:00,76692.90509185057,76642.90509185057,1,50.0,200.0,,False,sl,44.0,-0.05,0.07666790509185058,-0.12666790509185058,0.001,vwap_initial,-1,76865.29425683263,117.05803963894454,1.472681120526002,1.5,3600
2026-02,7,170121,170184,2026-02-03T00:03:30+00:00,2026-02-03T00:04:33+00:00,78555.14344128378,78505.14344128378,1,50.0,200.0,,False,sl,63.0,-0.05,0.07853014344128378,-0.12853014344128377,0.001,vwap_initial,-1,78719.13667758935,110.51814340251256,1.4838580458983912,1.5,3600
2026-02,8,196354,196496,2026-02-03T07:33:32+00:00,2026-02-03T07:35:54+00:00,78813.64876318592,78863.64876318592,-1,50.0,200.0,,False,sl,142.0,-0.05,0.07883864876318591,-0.1288386487631859,0.001,vwap_initial,1,78634.22050187908,121.80072452753622,1.4731296714599666,1.5,3600
2026-02,9,199440,200018,2026-02-03T08:25:50+00:00,2026-02-03T08:35:34+00:00,78876.0107910274,78926.0107910274,-1,50.0,200.0,,False,sl,584.0,-0.05,0.0789010107910274,-0.1289010107910274,0.001,vwap_initial,1,78708.00261915542,112.11701931872504,1.498507299720144,1.5,3600
2026-02,10,202201,202202,2026-02-03T09:12:23+00:00,2026-02-03T09:12:24+00:00,78364.4004354356,78314.4004354356,1,50.0,200.0,,False,sl,1.0,-0.05,0.07833940043543561,-0.12833940043543562,0.001,vwap_initial,-1,78700.05004321667,227.2526788433882,1.4769885639605036,1.5,3600
2026-02,11,202215,202239,2026-02-03T09:12:37+00:00,2026-02-03T09:13:01+00:00,78251.56629208432,78201.56629208432,1,50.0,200.0,,False,sl,24.0,-0.05,0.07822656629208431,-0.12822656629208432,0.001,vwap_initial,-1,78676.62357587418,242.2316516532564,1.7547553380774348,2.0,3600
2026-02,12,202250,202427,2026-02-03T09:13:12+00:00,2026-02-03T09:16:09+00:00,78138.73214873305,78088.73214873305,1,50.0,200.0,,False,sl,177.0,-0.05,0.07811373214873304,-0.12811373214873306,0.001,vwap_initial,-1,78626.07943145288,271.98010001460267,1.7918490459179246,2.5,3600
2026-02,13,220863,220897,2026-02-03T14:33:15+00:00,2026-02-03T14:33:49+00:00,78096.78431092866,78046.78431092866,1,50.0,200.0,,False,sl,34.0,-0.05,0.07807178431092866,-0.12807178431092867,0.001,vwap_initial,-1,78246.39346530389,100.0934709778205,1.4946944382454068,1.5,3600
2026-02,14,220897,220907,2026-02-03T14:33:49+00:00,2026-02-03T14:33:59+00:00,78046.59501366036,77996.59501366036,1,50.0,200.0,,False,sl,10.0,-0.05,0.07802159501366036,-0.12802159501366037,0.001,vwap_initial,-1,78240.15036882511,101.79245316728428,1.9014705819758577,2.0,3600
2026-02,15,220897,220907,2026-02-03T14:33:49+00:00,2026-02-03T14:33:59+00:00,78043.85067572561,77993.85067572561,1,50.0,200.0,,False,sl,10.0,-0.05,0.07801885067572562,-0.1280188506757256,0.001,vwap_initial,-1,78240.15036882511,101.79245316728428,1.9284307135903624,1.5,3600
2026-02,16,220907,220980,2026-02-03T14:33:59+00:00,2026-02-03T14:35:12+00:00,77996.40571639205,77946.40571639205,1,50.0,200.0,,False,sl,73.0,-0.05,0.07797140571639206,-0.12797140571639207,0.001,vwap_initial,-1,78231.6246203182,108.45246868918461,2.168866294784492,2.5,3600
2026-02,17,220907,220982,2026-02-03T14:33:59+00:00,2026-02-03T14:35:14+00:00,77987.30294240318,77937.30294240318,1,50.0,200.0,,False,sl,75.0,-0.05,0.07796230294240318,-0.12796230294240318,0.001,vwap_initial,-1,78231.6246203182,108.45246868918461,2.2527995984601747,2.0,3600
2026-02,18,222179,222179,2026-02-03T14:55:11+00:00,2026-02-03T14:55:11+00:00,77564.0459913592,77514.0459913592,1,50.0,200.0,,False,sl,0.0,-0.05,0.0775390459913592,-0.1275390459913592,0.001,vwap_initial,-1,77955.50440985558,260.9722789975849,1.4999999999999913,1.5,3600
2026-02,19,222179,222179,2026-02-03T14:55:11+00:00,2026-02-03T14:55:11+00:00,77433.55985186041,77383.55985186041,1,50.0,200.0,,False,sl,0.0,-0.05,0.07740855985186042,-0.12740855985186042,0.001,vwap_initial,-1,77955.50440985558,260.9722789975849,2.000000000000007,2.0,3600
2026-02,20,222179,222179,2026-02-03T14:55:11+00:00,2026-02-03T14:55:11+00:00,77696.90165492921,77646.90165492921,1,50.0,200.0,,False,sl,0.0,-0.05,0.07767190165492922,-0.12767190165492923,0.001,vwap_initial,-1,77955.50440985558,260.9722789975849,0.990920399360732,1.5,3600
2026-02,21,222179,222179,2026-02-03T14:55:11+00:00,2026-02-03T14:55:11+00:00,77574.86154108947,77524.86154108947,1,50.0,200.0,,False,sl,0.0,-0.05,0.07754986154108948,-0.1275498615410895,0.001,vwap_initial,-1,77955.50440985558,260.9722789975849,1.4585567104222306,2.0,3600
2026-02,22,222179,222179,2026-02-03T14:55:11+00:00,2026-02-03T14:55:11+00:00,77452.82142724971,77402.82142724971,1,50.0,200.0,,False,sl,0.0,-0.05,0.07742782142724972,-0.12742782142724973,0.001,vwap_initial,-1,77955.50440985558,260.9722789975849,1.9261930214837852,2.5,3600
2026-02,23,225779,225842,2026-02-03T15:55:11+00:00,2026-02-03T15:56:14+00:00,77979.19637236815,78029.19637236815,-1,50.0,200.0,,False,sl,63.0,-0.05,0.07800419637236816,-0.12800419637236815,0.001,vwap_initial,1,77532.72608688036,297.6468569918625,1.5000000000000138,1.5,3600
2026-02,24,227159,227159,2026-02-03T16:18:12+00:00,2026-02-03T16:18:12+00:00,77265.84179754971,77215.84179754971,1,50.0,200.0,,False,sl,0.0,-0.05,0.07724084179754973,-0.12724084179754974,0.001,vwap_initial,-1,77696.41619972301,287.0496014488635,1.5000000000000067,1.5,3600
2026-02,26,227159,227159,2026-02-03T16:18:12+00:00,2026-02-03T16:18:12+00:00,77175.50633816149,77125.50633816149,1,50.0,200.0,,False,sl,0.0,-0.05,0.07715050633816149,-0.1271505063381615,0.001,vwap_initial,-1,77696.41619972301,287.0496014488635,1.8147033088785518,1.5,3600
2026-02,25,227159,227170,2026-02-03T16:18:12+00:00,2026-02-03T16:18:23+00:00,77122.31699682529,77072.31699682529,1,50.0,200.0,,False,sl,11.0,-0.05,0.0770973169968253,-0.1270973169968253,0.001,vwap_initial,-1,77696.41619972301,287.0496014488635,1.9999999999999751,2.0,3600
2026-02,27,227519,227519,2026-02-03T16:24:12+00:00,2026-02-03T16:24:12+00:00,77037.4530919816,76987.4530919816,1,50.0,200.0,,False,sl,0.0,-0.05,0.0770124530919816,-0.12701245309198161,0.001,vwap_initial,-1,77603.04777536541,377.0631222558707,1.5000000000000098,1.5,3600
2026-02,28,227519,227519,2026-02-03T16:24:12+00:00,2026-02-03T16:24:12+00:00,76848.92153085367,76798.92153085367,1,50.0,200.0,,False,sl,0.0,-0.05,0.07682392153085367,-0.12682392153085367,0.001,vwap_initial,-1,77603.04777536541,377.0631222558707,2.000000000000013,2.0,3600
2026-02,29,227519,227519,2026-02-03T16:24:12+00:00,2026-02-03T16:24:12+00:00,77079.33566466482,77029.33566466482,1,50.0,200.0,,False,sl,0.0,-0.05,0.07705433566466482,-0.12705433566466484,0.001,vwap_initial,-1,77603.04777536541,377.0631222558707,1.3889242405021247,1.5,3600
2026-02,30,227519,227519,2026-02-03T16:24:12+00:00,2026-02-03T16:24:12+00:00,76872.13080159905,76822.13080159905,1,50.0,200.0,,False,sl,0.0,-0.05,0.07684713080159905,-0.12684713080159904,0.001,vwap_initial,-1,77603.04777536541,377.0631222558707,1.9384472535884048,2.0,3600
2026-02,31,229679,229679,2026-02-03T17:00:12+00:00,2026-02-03T17:00:12+00:00,76658.07761656983,76608.07761656983,1,50.0,200.0,,False,sl,0.0,-0.05,0.07663307761656983,-0.12663307761656983,0.001,vwap_initial,-1,76915.29092858543,350.2352900700725,0.7344014704061687,1.5,3600
2026-02,32,229738,229993,2026-02-03T17:01:11+00:00,2026-02-03T17:05:26+00:00,76389.93799348031,76339.93799348031,1,50.0,200.0,,False,sl,255.0,-0.05,0.0763649379934803,-0.1263649379934803,0.001,vwap_initial,-1,76893.21747369673,333.4287275746753,1.5094064745926792,1.5,3600
2026-02,33,229738,229993,2026-02-03T17:01:11+00:00,2026-02-03T17:05:26+00:00,76388.63949783264,76338.63949783264,1,50.0,200.0,,False,sl,255.0,-0.05,0.07636363949783265,-0.12636363949783264,0.001,vwap_initial,-1,76893.21747369673,333.4287275746753,1.513300847033582,2.0,3600
2026-02,34,256859,256859,2026-02-04T00:35:09+00:00,2026-02-04T00:35:09+00:00,76009.19436840162,76059.19436840162,-1,50.0,200.0,,False,sl,0.0,-0.05,0.07603419436840161,-0.12603419436840163,0.001,vwap_initial,1,75749.31378161174,173.25372452658038,1.5000000000000386,1.5,3600
2026-02,35,256859,256859,2026-02-04T00:35:09+00:00,2026-02-04T00:35:09+00:00,76095.8212306649,76145.8212306649,-1,50.0,200.0,,False,sl,0.0,-0.05,0.0761208212306649,-0.1261208212306649,0.001,vwap_initial,1,75749.31378161174,173.25372452658038,1.9999999999999676,2.0,3600
2026-02,36,279839,279839,2026-02-04T07:08:14+00:00,2026-02-04T07:08:14+00:00,76397.30536794964,76347.30536794964,1,50.0,200.0,,False,sl,0.0,-0.05,0.07637230536794964,-0.12637230536794963,0.001,vwap_initial,-1,76547.83395620677,100.3523921714175,1.500000000000071,1.5,3600
2026-02,37,279839,280136,2026-02-04T07:08:14+00:00,2026-02-04T07:13:18+00:00,76347.12917186394,76547.12917186394,1,50.0,200.0,,False,tp,304.0,0.2,0.07644712917186394,0.12355287082813607,0.001,vwap_initial,-1,76547.83395620677,100.3523921714175,1.9999999999999496,2.0,3600
2026-02,38,280739,281744,2026-02-04T07:24:20+00:00,2026-02-04T07:41:52+00:00,76385.99920915316,76585.99920915316,1,50.0,200.0,,False,tp,1052.0,0.2,0.07648599920915317,0.12351400079084685,0.001,vwap_inversion_flip,-1,76541.48831362474,103.75112079300253,1.4986739736701118,1.5,3600
2026-02,40,288479,288479,2026-02-04T09:38:55+00:00,2026-02-04T09:38:55+00:00,76082.9619184771,76032.9619184771,1,50.0,200.0,,False,sl,0.0,-0.05,0.07605796191847711,-0.12605796191847712,0.001,vwap_initial,-1,76272.31920243321,183.47551777244408,1.032057498761007,1.5,3600
2026-02,41,288479,288606,2026-02-04T09:38:55+00:00,2026-02-04T09:41:02+00:00,75993.20451749346,76193.20451749346,1,50.0,200.0,,False,tp,127.0,0.2,0.07609320451749346,0.12390679548250655,0.001,vwap_initial,-1,76272.31920243321,183.47551777244408,1.5212639175430527,2.0,3600
2026-02,39,288479,288613,2026-02-04T09:38:55+00:00,2026-02-04T09:41:09+00:00,75997.10592577454,76197.10592577454,1,50.0,200.0,,False,tp,134.0,0.2,0.07609710592577454,0.12390289407422547,0.001,vwap_initial,-1,76272.31920243321,183.47551777244408,1.5000000000000366,1.5,3600
2026-02,42,293301,293301,2026-02-04T11:03:31+00:00,2026-02-04T11:03:31+00:00,76011.65510352318,75961.65510352318,1,50.0,200.0,,False,sl,0.0,-0.05,0.07598665510352319,-0.1259866551035232,0.001,vwap_inversion_flip,-1,76143.81688466258,89.54424611058741,1.4759382861538097,1.5,3600
2026-02,44,293301,293301,2026-02-04T11:03:31+00:00,2026-02-04T11:03:31+00:00,75996.9248305876,75946.9248305876,1,50.0,200.0,,False,sl,0.0,-0.05,0.0759719248305876,-0.1259719248305876,0.001,vwap_inversion_flip,-1,76143.81688466258,89.54424611058741,1.640441016093543,1.5,3600
2026-02,43,293301,293309,2026-02-04T11:03:31+00:00,2026-02-04T11:03:39+00:00,75967.36284215683,75917.36284215683,1,50.0,200.0,,False,sl,8.0,-0.05,0.07594236284215683,-0.12594236284215682,0.001,vwap_inversion_flip,-1,76143.81688466258,89.54424611058741,1.9705793523330144,2.0,3600
2026-02,45,293302,293310,2026-02-04T11:03:32+00:00,2026-02-04T11:03:40+00:00,75923.07058079047,75873.07058079047,1,50.0,200.0,,False,sl,8.0,-0.05,0.07589807058079047,-0.12589807058079047,0.001,vwap_inversion_flip,-1,76143.5339013424,89.86631492620096,2.4532364627721392,2.5,3600
2026-02,46,293310,293504,2026-02-04T11:03:40+00:00,2026-02-04T11:06:54+00:00,75878.77831942413,75828.77831942413,1,50.0,200.0,,False,sl,194.0,-0.05,0.07585377831942414,-0.12585377831942413,0.001,vwap_inversion_flip,-1,76134.16692844343,100.1960982234445,2.548887766565145,3.0,3600
2026-02,47,293310,293504,2026-02-04T11:03:40+00:00,2026-02-04T11:06:54+00:00,75907.23849481353,75857.23849481353,1,50.0,200.0,,False,sl,194.0,-0.05,0.07588223849481354,-0.12588223849481356,0.001,vwap_inversion_flip,-1,76134.16692844343,100.1960982234445,2.264843019374225,2.0,3600
2026-02,49,302159,302159,2026-02-04T13:35:05+00:00,2026-02-04T13:35:05+00:00,75791.0090548856,75741.0090548856,1,50.0,200.0,,False,sl,0.0,-0.05,0.0757660090548856,-0.1257660090548856,0.001,vwap_initial,-1,75972.74718032492,162.91797541732393,1.1155191744421877,1.5,3600
2026-02,48,302159,302184,2026-02-04T13:35:05+00:00,2026-02-04T13:35:30+00:00,75728.37021719893,75678.37021719893,1,50.0,200.0,,False,sl,25.0,-0.05,0.07570337021719893,-0.12570337021719893,0.001,vwap_initial,-1,75972.74718032492,162.91797541732393,1.500000000000043,1.5,3600
2026-02,50,302159,302188,2026-02-04T13:35:05+00:00,2026-02-04T13:35:34+00:00,75716.66947517618,75666.66947517618,1,50.0,200.0,,False,sl,29.0,-0.05,0.07569166947517618,-0.12569166947517618,0.001,vwap_initial,-1,75972.74718032492,162.91797541732393,1.5718198344460175,2.0,3600
2026-02,51,302203,302392,2026-02-04T13:35:49+00:00,2026-02-04T13:38:58+00:00,75646.91122949027,75596.91122949027,1,50.0,200.0,,False,sl,189.0,-0.05,0.07562191122949029,-0.1256219112294903,0.001,vwap_initial,-1,75963.58364241611,166.78750172655631,1.8986579308862868,2.0,3600
2026-02,52,302204,302392,2026-02-04T13:35:50+00:00,2026-02-04T13:38:58+00:00,75642.32989546677,75592.32989546677,1,50.0,200.0,,False,sl,188.0,-0.05,0.07561732989546677,-0.12561732989546676,0.001,vwap_initial,-1,75962.84746897804,167.34527511174088,1.915306980117924,2.5,3600
2026-02,54,302459,302459,2026-02-04T13:40:05+00:00,2026-02-04T13:40:05+00:00,75736.88564962926,75686.88564962926,1,50.0,200.0,,False,sl,0.0,-0.05,0.07571188564962926,-0.12571188564962926,0.001,vwap_initial,-1,75889.98527819054,200.40481532556157,0.763951845730677,1.5,3600
2026-02,55,302459,302459,2026-02-04T13:40:05+00:00,2026-02-04T13:40:05+00:00,75651.63382048905,75601.63382048905,1,50.0,200.0,,False,sl,0.0,-0.05,0.07562663382048905,-0.12562663382048905,0.001,vwap_initial,-1,75889.98527819054,200.40481532556157,1.1893499530651497,2.0,3600
2026-02,53,302459,302505,2026-02-04T13:40:05+00:00,2026-02-04T13:40:51+00:00,75589.37805520219,75539.37805520219,1,50.0,200.0,,False,sl,46.0,-0.05,0.0755643780552022,-0.1255643780552022,0.001,vwap_initial,-1,75889.98527819054,200.40481532556157,1.500000000000003,1.5,3600
2026-02,56,302459,302540,2026-02-04T13:40:05+00:00,2026-02-04T13:41:26+00:00,75566.38199134884,75516.38199134884,1,50.0,200.0,,False,sl,81.0,-0.05,0.07554138199134884,-0.12554138199134884,0.001,vwap_initial,-1,75889.98527819054,200.40481532556157,1.6147480603996225,2.5,3600
2026-02,57,302819,302819,2026-02-04T13:46:05+00:00,2026-02-04T13:46:05+00:00,75557.2589632269,75507.2589632269,1,50.0,200.0,,False,sl,0.0,-0.05,0.07553225896322689,-0.1255322589632269,0.001,vwap_initial,-1,75726.05150859737,287.44164891009314,0.587223688739959,1.5,3600
2026-02,58,302819,302819,2026-02-04T13:46:05+00:00,2026-02-04T13:46:05+00:00,75433.15409106093,75383.15409106093,1,50.0,200.0,,False,sl,0.0,-0.05,0.07540815409106094,-0.12540815409106093,0.001,vwap_initial,-1,75726.05150859737,287.44164891009314,1.0189804388022254,2.0,3600
2026-02,61,302901,302901,2026-02-04T13:47:27+00:00,2026-02-04T13:47:27+00:00,75538.98354475996,75488.98354475996,1,50.0,200.0,,False,sl,0.0,-0.05,0.07551398354475997,-0.12551398354475996,0.001,vwap_inversion_flip,-1,75709.85472478243,289.3247418932282,0.5905861313635182,1.5,3600
2026-02,62,302901,302901,2026-02-04T13:47:27+00:00,2026-02-04T13:47:27+00:00,75411.19746123422,75361.19746123422,1,50.0,200.0,,False,sl,0.0,-0.05,0.07538619746123422,-0.12538619746123422,0.001,vwap_inversion_flip,-1,75709.85472478243,289.3247418932282,1.032256216989666,2.0,3600
2026-02,59,302819,302922,2026-02-04T13:46:05+00:00,2026-02-04T13:47:48+00:00,75309.04921889496,75259.04921889496,1,50.0,200.0,75337.1,True,soft_sl,103.0,-0.05,0.07528404921889496,-0.12528404921889497,0.001,vwap_initial,-1,75726.05150859737,287.44164891009314,1.4507371888645426,2.5,3600
2026-02,60,302824,302929,2026-02-04T13:46:10+00:00,2026-02-04T13:47:55+00:00,75294.88903523223,75244.88903523223,1,50.0,200.0,75337.1,True,soft_sl,105.0,-0.05,0.07526988903523224,-0.12526988903523223,0.001,vwap_initial,-1,75724.82317063231,287.93341485812084,1.4931720780373092,1.5,3600
2026-02,63,302922,302934,2026-02-04T13:47:48+00:00,2026-02-04T13:48:00+00:00,75275.99034322325,75225.99034322325,1,50.0,200.0,,False,sl,12.0,-0.05,0.07525099034322325,-0.12525099034322323,0.001,vwap_inversion_flip,-1,75701.79290216131,290.02077301559257,1.468179518696625,1.5,3600
2026-02,64,302922,302934,2026-02-04T13:47:48+00:00,2026-02-04T13:48:00+00:00,75283.41137770849,75233.41137770849,1,50.0,200.0,,False,sl,12.0,-0.05,0.07525841137770849,-0.1252584113777085,0.001,vwap_inversion_flip,-1,75701.79290216131,290.02077301559257,1.44259157750169,2.5,3600
2026-02,65,302944,302945,2026-02-04T13:48:10+00:00,2026-02-04T13:48:11+00:00,75155.62529418274,75105.62529418274,1,50.0,200.0,,False,sl,1.0,-0.05,0.07513062529418274,-0.12513062529418273,0.001,vwap_inversion_flip,-1,75689.47094748843,296.62269288226514,1.7997464998997283,3.0,3600
2026-02,66,302945,302945,2026-02-04T13:48:11+00:00,2026-02-04T13:48:11+00:00,75131.33646559839,75081.33646559839,1,50.0,200.0,,False,sl,0.0,-0.05,0.07510633646559839,-0.12510633646559838,0.001,vwap_inversion_flip,-1,75683.90759257162,301.0492609494668,1.8354840840017215,2.0,3600
2026-02,67,306828,306835,2026-02-04T14:52:55+00:00,2026-02-04T14:53:02+00:00,74866.43731239006,74816.43731239006,1,50.0,200.0,,False,sl,7.0,-0.05,0.07484143731239006,-0.12484143731239006,0.001,vwap_initial,-1,75168.7826888659,233.3353844831465,1.2957545086681146,1.5,3600
2026-02,68,306829,306837,2026-02-04T14:52:56+00:00,2026-02-04T14:53:04+00:00,74822.88926053807,74772.88926053807,1,50.0,200.0,,False,sl,8.0,-0.05,0.07479788926053807,-0.12479788926053807,0.001,vwap_initial,-1,75168.59394156859,233.41551334681392,1.4810698572415049,1.5,3600
2026-02,70,306899,306899,2026-02-04T14:54:06+00:00,2026-02-04T14:54:06+00:00,74837.64326120313,74787.64326120313,1,50.0,200.0,,False,sl,0.0,-0.05,0.07481264326120314,-0.12481264326120314,0.001,vwap_initial,-1,75154.90066188933,244.03345434279572,1.3000570005477357,1.5,3600
2026-02,69,306899,306926,2026-02-04T14:54:06+00:00,2026-02-04T14:54:33+00:00,74788.85048037514,74738.85048037514,1,50.0,200.0,,False,sl,27.0,-0.05,0.07476385048037514,-0.12476385048037514,0.001,vwap_initial,-1,75154.90066188933,244.03345434279572,1.4999999999999878,1.5,3600
2026-02,71,307019,307041,2026-02-04T14:56:06+00:00,2026-02-04T14:56:28+00:00,74821.62033065705,74771.62033065705,1,50.0,200.0,,False,sl,22.0,-0.05,0.07479662033065705,-0.12479662033065705,0.001,vwap_inversion_flip,-1,75144.48237560313,247.29198871786937,1.305590393849836,1.5,3600
2026-02,72,307041,307064,2026-02-04T14:56:28+00:00,2026-02-04T14:56:51+00:00,74774.18193823077,74724.18193823077,1,50.0,200.0,,False,sl,23.0,-0.05,0.07474918193823078,-0.12474918193823079,0.001,vwap_inversion_flip,-1,75142.97879913593,248.04097333210137,1.4868384684629476,1.5,3600
2026-02,73,324849,324855,2026-02-04T19:53:18+00:00,2026-02-04T19:53:24+00:00,73798.6924330636,73848.6924330636,-1,50.0,200.0,,False,sl,6.0,-0.05,0.0738236924330636,-0.1238236924330636,0.001,vwap_initial,1,73455.2562080987,229.4563579852123,1.4967387610459317,1.5,3600
2026-02,74,324871,325069,2026-02-04T19:53:40+00:00,2026-02-04T19:56:58+00:00,73913.26789731663,73963.26789731663,-1,50.0,200.0,,False,sl,198.0,-0.05,0.07393826789731664,-0.12393826789731664,0.001,vwap_initial,1,73461.55155474352,233.90286274865306,1.9312133988651388,2.0,3600
2026-02,75,329279,329293,2026-02-04T21:08:13+00:00,2026-02-04T21:08:27+00:00,73397.73883789968,73347.73883789968,1,50.0,200.0,,False,sl,14.0,-0.05,0.07337273883789969,-0.12337273883789969,0.001,vwap_initial,-1,73568.23655301146,113.66514340785527,1.499999999999959,1.5,3600
2026-02,76,329338,329372,2026-02-04T21:09:12+00:00,2026-02-04T21:09:47+00:00,73394.00798730936,73344.00798730936,1,50.0,200.0,,False,sl,35.0,-0.05,0.07336900798730936,-0.12336900798730936,0.001,vwap_inversion_flip,-1,73560.38900414931,111.03473436713142,1.4984591784568873,1.5,3600
2026-02,77,329373,329601,2026-02-04T21:09:48+00:00,2026-02-04T21:13:39+00:00,73338.30879857905,73538.30879857905,1,50.0,200.0,,False,tp,231.0,0.2,0.07343830879857904,0.12656169120142097,0.001,vwap_inversion_flip,-1,73555.79700531342,109.85267948316857,1.9798170400358295,2.0,3600
2026-02,78,333675,333675,2026-02-04T22:22:03+00:00,2026-02-04T22:22:03+00:00,73048.54897424438,73098.54897424438,-1,50.0,200.0,,False,sl,0.0,-0.05,0.07307354897424438,-0.12307354897424438,0.001,vwap_inversion_flip,1,72457.02977386909,394.9531025733444,1.4976947807757544,1.5,3600
2026-02,79,333678,333722,2026-02-04T22:22:06+00:00,2026-02-04T22:22:50+00:00,73245.88212785946,73295.88212785946,-1,50.0,200.0,,False,sl,44.0,-0.05,0.07327088212785945,-0.12327088212785946,0.001,vwap_inversion_flip,1,72462.3410007945,398.5818755434343,1.9658222692556053,2.0,3600
2026-02,80,344112,344126,2026-02-05T01:17:01+00:00,2026-02-05T01:17:15+00:00,72822.6201871879,72772.6201871879,1,50.0,200.0,,False,sl,14.0,-0.05,0.0727976201871879,-0.1227976201871879,0.001,vwap_inversion_flip,-1,73028.89977471657,134.6215919363175,1.5322919938894242,1.5,3600
2026-02,81,344131,344141,2026-02-05T01:17:20+00:00,2026-02-05T01:17:30+00:00,72754.0839534481,72704.0839534481,1,50.0,200.0,,False,sl,10.0,-0.05,0.07272908395344811,-0.12272908395344811,0.001,vwap_inversion_flip,-1,73024.43801431394,137.50010319098035,1.9662098761506335,2.0,3600
2026-02,82,349619,349619,2026-02-05T02:49:00+00:00,2026-02-05T02:49:00+00:00,71923.49975903404,71873.49975903404,1,50.0,200.0,,False,sl,0.0,-0.05,0.07189849975903403,-0.12189849975903404,0.001,vwap_initial,-1,72208.68908141373,273.29472847367356,1.0435229540373898,1.5,3600
2026-02,83,426419,426419,2026-02-06T00:09:28+00:00,2026-02-06T00:09:28+00:00,61340.782829755204,61290.782829755204,1,50.0,200.0,,False,sl,0.0,-0.05,0.06131578282975521,-0.11131578282975521,0.001,vwap_initial,-1,62871.42811079536,1020.4301873601042,1.4999999999999971,1.5,3600
2026-02,84,426419,426419,2026-02-06T00:09:28+00:00,2026-02-06T00:09:28+00:00,62449.81922408413,62399.81922408413,1,50.0,200.0,,False,sl,0.0,-0.05,0.06242481922408413,-0.11242481922408414,0.001,vwap_initial,-1,62871.42811079536,1020.4301873601042,0.4131677913233306,1.5,3600
2026-02,85,426419,426419,2026-02-06T00:09:28+00:00,2026-02-06T00:09:28+00:00,62075.0924953925,62025.0924953925,1,50.0,200.0,,False,sl,0.0,-0.05,0.0620500924953925,-0.1120500924953925,0.001,vwap_initial,-1,62871.42811079536,1020.4301873601042,0.7803920594146794,2.0,3600
2026-02,86,426419,426419,2026-02-06T00:09:28+00:00,2026-02-06T00:09:28+00:00,61700.36576670087,61650.36576670087,1,50.0,200.0,,False,sl,0.0,-0.05,0.06167536576670087,-0.11167536576670087,0.001,vwap_initial,-1,62871.42811079536,1020.4301873601042,1.147616327506028,2.5,3600
2026-02,87,426419,426419,2026-02-06T00:09:28+00:00,2026-02-06T00:09:28+00:00,61325.639038009234,61275.639038009234,1,50.0,200.0,,False,sl,0.0,-0.05,0.06130063903800924,-0.11130063903800924,0.001,vwap_initial,-1,62871.42811079536,1020.4301873601042,1.514840595597377,3.0,3600
2026-02,88,426719,426719,2026-02-06T00:14:28+00:00,2026-02-06T00:14:28+00:00,60488.016363127375,60438.016363127375,1,50.0,200.0,,False,sl,0.0,-0.05,0.06046301636312738,-0.11046301636312739,0.001,vwap_initial,-1,62268.734417781656,1187.1453697695222,1.4999999999999976,1.5,3600
2026-02,89,426719,426719,2026-02-06T00:14:28+00:00,2026-02-06T00:14:28+00:00,61934.401466860596,61884.401466860596,1,50.0,200.0,,False,sl,0.0,-0.05,0.0619094014668606,-0.1119094014668606,0.001,vwap_initial,-1,62268.734417781656,1187.1453697695222,0.281627641765531,1.5,3600
2026-02,90,426719,426719,2026-02-06T00:14:28+00:00,2026-02-06T00:14:28+00:00,61448.48980047403,61398.48980047403,1,50.0,200.0,,False,sl,0.0,-0.05,0.06142348980047403,-0.11142348980047403,0.001,vwap_initial,-1,62268.734417781656,1187.1453697695222,0.6909386484545446,2.0,3600
2026-02,91,426719,426719,2026-02-06T00:14:28+00:00,2026-02-06T00:14:28+00:00,60962.578134087475,60912.578134087475,1,50.0,200.0,,False,sl,0.0,-0.05,0.060937578134087476,-0.11093757813408747,0.001,vwap_initial,-1,62268.734417781656,1187.1453697695222,1.1002496551435519,2.5,3600
2026-02,92,426719,426719,2026-02-06T00:14:28+00:00,2026-02-06T00:14:28+00:00,60476.66646770091,60426.66646770091,1,50.0,200.0,,False,sl,0.0,-0.05,0.060451666467700914,-0.11045166646770091,0.001,vwap_initial,-1,62268.734417781656,1187.1453697695222,1.5095606618325654,3.0,3600
2026-02,93,426908,426908,2026-02-06T00:17:37+00:00,2026-02-06T00:17:37+00:00,61565.22192341964,61515.22192341964,1,50.0,200.0,,False,sl,0.0,-0.05,0.06154022192341964,-0.11154022192341964,0.001,vwap_inversion_flip,-1,61960.45639236415,1251.7437171483289,0.31574711622672724,1.5,3600
2026-02,94,426908,426908,2026-02-06T00:17:37+00:00,2026-02-06T00:17:37+00:00,61014.02661011655,60964.02661011655,1,50.0,200.0,,False,sl,0.0,-0.05,0.06098902661011655,-0.11098902661011656,0.001,vwap_inversion_flip,-1,61960.45639236415,1251.7437171483289,0.7560891013726976,2.0,3600
2026-02,95,426961,426962,2026-02-06T00:18:30+00:00,2026-02-06T00:18:31+00:00,60462.83129681346,60412.83129681346,1,50.0,200.0,,False,sl,1.0,-0.05,0.06043783129681347,-0.11043783129681348,0.001,vwap_inversion_flip,-1,61917.98065831686,1241.787624206958,1.1718182184596169,2.5,3600
2026-02,96,693839,693839,2026-02-09T03:44:18+00:00,2026-02-09T03:44:18+00:00,70928.0516992644,70978.0516992644,-1,50.0,200.0,,False,sl,0.0,-0.05,0.0709530516992644,-0.1209530516992644,0.001,vwap_initial,1,70884.75228385357,206.20097234078932,0.2099864754239366,1.5,3600
2026-02,97,693839,693842,2026-02-09T03:44:18+00:00,2026-02-09T03:44:21+00:00,71061.1939038878,71111.1939038878,-1,50.0,200.0,,False,sl,3.0,-0.05,0.0710861939038878,-0.1210861939038878,0.001,vwap_initial,1,70884.75228385357,206.20097234078932,0.8556779244601841,2.0,3600
2026-02,98,694068,694068,2026-02-09T03:48:08+00:00,2026-02-09T03:48:08+00:00,70971.04134006142,71021.04134006142,-1,50.0,200.0,,False,sl,0.0,-0.05,0.07099604134006142,-0.12099604134006142,0.001,vwap_inversion_flip,1,70912.695237357,208.67975731088765,0.27959637032499485,1.5,3600
2026-02,99,694068,694088,2026-02-09T03:48:08+00:00,2026-02-09T03:48:28+00:00,71109.5451822755,71159.5451822755,-1,50.0,200.0,,False,sl,20.0,-0.05,0.07113454518227551,-0.12113454518227551,0.001,vwap_inversion_flip,1,70912.695237357,208.67975731088765,0.9433111647012314,2.0,3600
2026-02,100,694097,694364,2026-02-09T03:48:37+00:00,2026-02-09T03:53:05+00:00,71225.16835677304,71275.16835677304,-1,50.0,200.0,,False,sl,268.0,-0.05,0.07125016835677303,-0.12125016835677303,0.001,vwap_inversion_flip,1,70924.33326559137,211.31586377532028,1.4236275772533915,1.5,3600
2026-02,101,740399,740399,2026-02-09T16:46:32+00:00,2026-02-09T16:46:32+00:00,70036.3316483526,70086.3316483526,-1,50.0,200.0,,False,sl,0.0,-0.05,0.07006133164835261,-0.12006133164835261,0.001,vwap_initial,1,69572.45761984085,309.2493523411643,1.5000000000000207,1.5,3600
2026-02,103,740399,740399,2026-02-09T16:46:32+00:00,2026-02-09T16:46:32+00:00,69778.71999124171,69828.71999124171,-1,50.0,200.0,,False,sl,0.0,-0.05,0.06980371999124173,-0.11980371999124173,0.001,vwap_initial,1,69572.45761984085,309.2493523411643,0.6669775371859697,1.5,3600
2026-02,104,740399,740399,2026-02-09T16:46:32+00:00,2026-02-09T16:46:32+00:00,69982.32081702136,70032.32081702136,-1,50.0,200.0,,False,sl,0.0,-0.05,0.07000732081702137,-0.12000732081702137,0.001,vwap_initial,1,69572.45761984085,309.2493523411643,1.325348603247368,2.0,3600
2026-02,102,740399,740412,2026-02-09T16:46:32+00:00,2026-02-09T16:46:45+00:00,70190.95632452317,70240.95632452317,-1,50.0,200.0,,False,sl,13.0,-0.05,0.07021595632452318,-0.12021595632452318,0.001,vwap_initial,1,69572.45761984085,309.2493523411643,1.9999999999999805,2.0,3600
2026-02,105,740399,740412,2026-02-09T16:46:32+00:00,2026-02-09T16:46:45+00:00,70185.921642801,70235.921642801,-1,50.0,200.0,,False,sl,13.0,-0.05,0.070210921642801,-0.120210921642801,0.001,vwap_initial,1,69572.45761984085,309.2493523411643,1.9837196693087191,2.5,3600
2026-02,106,740441,740500,2026-02-09T16:47:14+00:00,2026-02-09T16:48:13+00:00,70345.58100069375,70145.58100069375,-1,50.0,200.0,,False,tp,59.0,0.2,0.07024558100069377,0.12975441899930623,0.001,vwap_initial,1,69609.863393227,338.8041697888151,2.17151284745209,2.5,3600
2026-02,107,740820,740820,2026-02-09T16:53:33+00:00,2026-02-09T16:53:33+00:00,69914.06281694371,69964.06281694371,-1,50.0,200.0,,False,sl,0.0,-0.05,0.06993906281694372,-0.11993906281694372,0.001,vwap_inversion_flip,1,69731.85890816148,368.7705374202207,0.4940847770997752,1.5,3600
2026-02,108,759837,759837,2026-02-09T22:14:03+00:00,2026-02-09T22:14:03+00:00,70477.13103859017,70527.13103859017,-1,50.0,200.0,,False,sl,0.0,-0.05,0.07050213103859018,-0.12050213103859019,0.001,vwap_inversion_flip,1,70158.79209185798,212.24861777940495,1.4998399050261657,1.5,3600
2026-02,109,759837,759837,2026-02-09T22:14:03+00:00,2026-02-09T22:14:03+00:00,70583.23393406221,70633.23393406221,-1,50.0,200.0,,False,sl,0.0,-0.05,0.07060823393406221,-0.12060823393406221,0.001,vwap_inversion_flip,1,70158.79209185798,212.24861777940495,1.9997390166534268,2.0,3600
2026-02,110,1141979,1141985,2026-02-14T11:14:03+00:00,2026-02-14T11:14:09+00:00,69967.98927030881,70017.98927030881,-1,50.0,200.0,,False,sl,6.0,-0.05,0.06999298927030881,-0.11999298927030881,0.001,vwap_initial,1,69818.84643999134,180.66597214268276,0.8255169944215568,1.5,3600
2026-02,111,1142011,1142406,2026-02-14T11:14:35+00:00,2026-02-14T11:21:10+00:00,70089.84539820536,70139.84539820536,-1,50.0,200.0,,False,sl,395.0,-0.05,0.07011484539820537,-0.12011484539820537,0.001,vwap_initial,1,69833.71602257417,182.92655197299717,1.4001760426173786,1.5,3600
2026-02,112,1142012,1142415,2026-02-14T11:14:36+00:00,2026-02-14T11:21:19+00:00,70105.82996582788,70155.82996582788,-1,50.0,200.0,,False,sl,403.0,-0.05,0.07013082996582788,-0.12013082996582788,0.001,vwap_initial,1,69836.96662844946,184.07034773448248,1.4606553455652436,2.0,3600
2026-02,113,1147066,1147074,2026-02-14T12:39:04+00:00,2026-02-14T12:39:12+00:00,70083.44779626091,70033.44779626091,1,50.0,200.0,,False,sl,8.0,-0.05,0.07005844779626091,-0.12005844779626092,0.001,vwap_initial,-1,70291.64661793676,140.73159679566922,1.479403534219362,1.5,3600
2026-02,114,1147078,1147084,2026-02-14T12:39:16+00:00,2026-02-14T12:39:22+00:00,70013.44750761488,69963.44750761488,1,50.0,200.0,,False,sl,6.0,-0.05,0.06998844750761488,-0.11998844750761488,0.001,vwap_initial,-1,70284.11138796726,145.93811488239942,1.8546483252198351,2.0,3600
2026-02,115,1147979,1147990,2026-02-14T12:54:17+00:00,2026-02-14T12:54:28+00:00,69709.22710378039,69659.22710378039,1,50.0,200.0,,False,sl,11.0,-0.05,0.06968422710378039,-0.11968422710378039,0.001,vwap_initial,-1,70098.4885648669,259.50764072434424,1.4999999999999871,1.5,3600
2026-02,116,1148261,1148261,2026-02-14T12:58:59+00:00,2026-02-14T12:58:59+00:00,69666.71319568912,69616.71319568912,1,50.0,200.0,,False,sl,0.0,-0.05,0.06964171319568913,-0.11964171319568913,0.001,vwap_inversion_flip,-1,70027.09839841114,256.3508491677012,1.4058280044403275,1.5,3600
2026-02,117,1148261,1148262,2026-02-14T12:58:59+00:00,2026-02-14T12:59:00+00:00,69609.89783982119,69559.89783982119,1,50.0,200.0,,False,sl,1.0,-0.05,0.06958489783982119,-0.1195848978398212,0.001,vwap_inversion_flip,-1,70027.09839841114,256.3508491677012,1.627459241677874,1.5,3600
2026-02,118,1148262,1148489,2026-02-14T12:59:00+00:00,2026-02-14T13:02:47+00:00,69541.54208390434,69491.54208390434,1,50.0,200.0,,False,sl,227.0,-0.05,0.06951654208390434,-0.11951654208390435,0.001,vwap_inversion_flip,-1,70021.45251097057,259.05711603109415,1.8525274828143798,2.0,3600
2026-02,119,1211699,1211699,2026-02-15T07:38:34+00:00,2026-02-15T07:38:34+00:00,70753.89400779252,70803.89400779252,-1,50.0,200.0,,False,sl,0.0,-0.05,0.07077889400779251,-0.12077889400779251,0.001,vwap_initial,1,70627.92551440632,176.72932261930782,0.7127764171741283,1.5,3600
2026-02,120,1211825,1211825,2026-02-15T07:40:40+00:00,2026-02-15T07:40:40+00:00,70767.14510763378,70817.14510763378,-1,50.0,200.0,,False,sl,0.0,-0.05,0.07079214510763379,-0.1207921451076338,0.001,vwap_inversion_flip,1,70640.46158030197,176.8605144301601,0.7162906188528558,1.5,3600
2026-02,121,1213019,1213042,2026-02-15T08:00:43+00:00,2026-02-15T08:01:06+00:00,70759.03661447272,70809.03661447272,-1,50.0,200.0,,False,sl,23.0,-0.05,0.07078403661447272,-0.12078403661447272,0.001,vwap_initial,1,70693.57116561048,118.77528629674714,0.5511706256693368,1.5,3600
2026-02,122,1273949,1273949,2026-02-16T01:34:04+00:00,2026-02-16T01:34:04+00:00,68649.46197839326,68599.46197839326,1,50.0,200.0,,False,sl,0.0,-0.05,0.06862446197839325,-0.11862446197839326,0.001,vwap_inversion_flip,-1,68801.81327736139,101.94441856743973,1.4944545381594132,1.5,3600
2026-02,123,1273949,1274004,2026-02-16T01:34:04+00:00,2026-02-16T01:35:00+00:00,68598.60353680058,68548.60353680058,1,50.0,200.0,,False,sl,56.0,-0.05,0.06857360353680059,-0.11857360353680059,0.001,vwap_inversion_flip,-1,68801.81327736139,101.94441856743973,1.9933385605252847,2.0,3600
2026-02,124,1274004,1274251,2026-02-16T01:35:00+00:00,2026-02-16T01:39:17+00:00,68547.7450952079,68497.7450952079,1,50.0,200.0,,False,sl,257.0,-0.05,0.0685227450952079,-0.1185227450952079,0.001,vwap_inversion_flip,-1,68795.52483187025,107.92250090984469,2.2959043255432365,2.5,3600
2026-02,125,1314899,1314899,2026-02-16T13:29:33+00:00,2026-02-16T13:29:33+00:00,68896.15521720142,68846.15521720142,1,50.0,200.0,,False,sl,0.0,-0.05,0.06887115521720143,-0.11887115521720143,0.001,vwap_initial,-1,69463.16975727078,378.00969337957514,1.499999999999988,1.5,3600
2026-02,126,1314900,1314924,2026-02-16T13:29:34+00:00,2026-02-16T13:29:58+00:00,68707.15037051163,68657.15037051163,1,50.0,200.0,,False,sl,24.0,-0.05,0.06868215037051163,-0.11868215037051164,0.001,vwap_initial,-1,69463.0194232648,378.16663278733824,1.9987724648838467,2.0,3600
2026-02,127,1315100,1315173,2026-02-16T13:32:54+00:00,2026-02-16T13:34:07+00:00,68778.5015376042,68728.5015376042,1,50.0,200.0,,False,sl,73.0,-0.05,0.06875350153760419,-0.1187535015376042,0.001,vwap_inversion_flip,-1,69412.55723351866,422.8231205034323,1.4995766909802009,1.5,3600
2026-02,128,1350359,1350385,2026-02-16T23:47:14+00:00,2026-02-16T23:47:41+00:00,68753.32611008002,68803.32611008002,-1,50.0,200.0,,False,sl,27.0,-0.05,0.06877832611008002,-0.11877832611008002,0.001,vwap_initial,1,68647.435932606,70.59345164935009,1.4999999999999627,1.5,3600
2026-02,129,1350369,1350463,2026-02-16T23:47:24+00:00,2026-02-16T23:49:02+00:00,68788.6228359047,68838.6228359047,-1,50.0,200.0,,False,sl,98.0,-0.05,0.0688136228359047,-0.1188136228359047,0.001,vwap_initial,1,68647.98352743269,70.84652865385343,1.9851263166209396,2.0,3600
2026-02,130,1350388,1350600,2026-02-16T23:47:44+00:00,2026-02-16T23:51:22+00:00,68823.91956172937,68873.91956172937,-1,50.0,200.0,,False,sl,218.0,-0.05,0.06884891956172938,-0.11884891956172938,0.001,vwap_initial,1,68651.49477828185,71.44001300359811,2.4135603592183035,2.5,3600
2026-02,131,1941419,1941419,2026-02-24T05:06:22+00:00,2026-02-24T05:06:22+00:00,63393.05687699706,63443.05687699706,-1,50.0,200.0,,False,sl,0.0,-0.05,0.06341805687699706,-0.11341805687699706,0.001,vwap_initial,1,63158.14601648925,156.607240338543,1.5,1.5,3600
2026-02,132,1947959,1948486,2026-02-24T06:56:01+00:00,2026-02-24T07:04:48+00:00,62962.7056772843,62912.7056772843,1,50.0,200.0,63001.1,True,soft_sl,527.0,-0.05,0.0629377056772843,-0.1129377056772843,0.001,vwap_initial,-1,63111.58250456889,99.25121818972859,1.4999999999999896,1.5,3600
2026-02,133,1948476,1948486,2026-02-24T07:04:38+00:00,2026-02-24T07:04:48+00:00,62962.74725882847,62912.74725882847,1,50.0,200.0,,False,sl,10.0,-0.05,0.06293774725882847,-0.11293774725882848,0.001,vwap_inversion_flip,-1,63107.51417697167,97.58294189066812,1.4835268883919903,1.5,3600
2026-02,134,1948486,1948620,2026-02-24T07:04:48+00:00,2026-02-24T07:07:02+00:00,62914.1478975995,63114.1478975995,1,50.0,200.0,,False,tp,134.0,0.2,0.0630141478975995,0.1369858521024005,0.001,vwap_inversion_flip,-1,63106.44990557546,98.26117055532943,1.9570498386000454,2.0,3600
2026-02,135,1975082,1975178,2026-02-24T14:36:50+00:00,2026-02-24T14:38:26+00:00,63022.23178448283,63072.23178448283,-1,50.0,200.0,,False,sl,96.0,-0.05,0.06304723178448284,-0.11304723178448284,0.001,vwap_initial,1,62899.30074016013,81.8607703178874,1.5017088630527926,1.5,3600
2026-02,136,1975439,1975439,2026-02-24T14:42:47+00:00,2026-02-24T14:42:47+00:00,63276.171512379726,63326.171512379726,-1,50.0,200.0,,False,sl,0.0,-0.05,0.06330117151237973,-0.11330117151237973,0.001,vwap_initial,1,63006.51641201321,179.77006691101144,1.4999999999999902,1.5,3600
2026-02,137,1975439,1975439,2026-02-24T14:42:47+00:00,2026-02-24T14:42:47+00:00,63273.95014016439,63323.95014016439,-1,50.0,200.0,,False,sl,0.0,-0.05,0.06329895014016439,-0.11329895014016439,0.001,vwap_initial,1,63006.51641201321,179.77006691101144,1.4876432586719757,1.5,3600
2026-02,138,1975496,1975533,2026-02-24T14:43:44+00:00,2026-02-24T14:44:21+00:00,63277.97788882565,63327.97788882565,-1,50.0,200.0,,False,sl,37.0,-0.05,0.06330297788882565,-0.11330297788882565,0.001,vwap_inversion_flip,1,63013.595425935935,184.50253130102217,1.4329476187964258,1.5,3600
2026-02,139,1975523,1975534,2026-02-24T14:44:11+00:00,2026-02-24T14:44:22+00:00,63290.286556798856,63340.286556798856,-1,50.0,200.0,,False,sl,11.0,-0.05,0.06331528655679886,-0.11331528655679886,0.001,vwap_inversion_flip,1,63016.0708091357,185.6061253951485,1.477406777817055,1.5,3600
2026-02,140,2084699,2084699,2026-02-25T21:37:09+00:00,2026-02-25T21:37:09+00:00,69500.35976717844,69550.35976717844,-1,50.0,200.0,,False,sl,0.0,-0.05,0.06952535976717844,-0.11952535976717844,0.001,vwap_initial,1,69266.00416741296,357.272188600241,0.6559581384816432,1.5,3600
2026-02,141,2084699,2084699,2026-02-25T21:37:09+00:00,2026-02-25T21:37:09+00:00,69664.35852905914,69714.35852905914,-1,50.0,200.0,,False,sl,0.0,-0.05,0.06968935852905915,-0.11968935852905915,0.001,vwap_initial,1,69266.00416741296,357.272188600241,1.1149884439841178,2.0,3600
2026-02,142,2085344,2085378,2026-02-25T21:47:54+00:00,2026-02-25T21:48:28+00:00,68789.27424998306,68989.27424998306,1,50.0,200.0,,False,tp,34.0,0.2,0.06888927424998306,0.13111072575001695,0.001,vwap_initial,-1,69278.57741598201,333.43470963407464,1.467463200024773,1.5,3600
2026-02,143,2092079,2092079,2026-02-25T23:40:44+00:00,2026-02-25T23:40:44+00:00,67983.21674591239,67933.21674591239,1,50.0,200.0,,False,sl,0.0,-0.05,0.0679582167459124,-0.1179582167459124,0.001,vwap_initial,-1,68269.03737945847,190.54708903072182,1.5000000000000142,1.5,3600
2026-02,145,2092079,2092079,2026-02-25T23:40:44+00:00,2026-02-25T23:40:44+00:00,68161.84297286888,68111.84297286888,1,50.0,200.0,,False,sl,0.0,-0.05,0.06813684297286887,-0.11813684297286887,0.001,vwap_initial,-1,68269.03737945847,190.54708903072182,0.5625612395071127,1.5,3600
2026-02,146,2092079,2092079,2026-02-25T23:40:44+00:00,2026-02-25T23:40:44+00:00,67929.75732166754,67879.75732166754,1,50.0,200.0,,False,sl,0.0,-0.05,0.06790475732166754,-0.11790475732166754,0.001,vwap_initial,-1,68269.03737945847,190.54708903072182,1.7805575488809204,2.0,3600
2026-02,144,2092079,2092085,2026-02-25T23:40:44+00:00,2026-02-25T23:40:50+00:00,67887.94320139704,67837.94320139704,1,50.0,200.0,,False,sl,6.0,-0.05,0.06786294320139705,-0.11786294320139705,0.001,vwap_initial,-1,68269.03737945847,190.54708903072182,1.999999999999968,2.0,3600
2026-02,147,2092130,2092168,2026-02-25T23:41:35+00:00,2026-02-25T23:42:13+00:00,67792.66965688167,67742.66965688167,1,50.0,200.0,,False,sl,38.0,-0.05,0.06776766965688166,-0.11776766965688167,0.001,vwap_initial,-1,68252.08593591703,205.32711493568556,2.2374847042450337,2.5,3600
2026-02,148,2094659,2094681,2026-02-26T00:23:47+00:00,2026-02-26T00:24:09+00:00,68258.7931046638,68308.7931046638,-1,50.0,200.0,,False,sl,22.0,-0.05,0.0682837931046638,-0.1182837931046638,0.001,vwap_initial,1,67944.81102718924,209.32138498303775,1.5000000000000178,1.5,3600
2026-02,149,2094682,2095163,2026-02-26T00:24:10+00:00,2026-02-26T00:32:11+00:00,68363.4537971553,68413.4537971553,-1,50.0,200.0,,False,sl,481.0,-0.05,0.0683884537971553,-0.1183884537971553,0.001,vwap_initial,1,67946.70433906026,210.89527408924948,1.9760967138537142,2.0,3600
2026-02,151,2126999,2126999,2026-02-26T09:37:33+00:00,2026-02-26T09:37:33+00:00,68374.11872295268,68424.11872295268,-1,50.0,200.0,,False,sl,0.0,-0.05,0.06839911872295268,-0.11839911872295268,0.001,vwap_initial,1,68157.78608055807,152.93654588079224,1.4145254893047945,1.5,3600
2026-02,150,2126999,2127337,2026-02-26T09:37:33+00:00,2026-02-26T09:43:12+00:00,68387.19089937926,68437.19089937926,-1,50.0,200.0,,False,sl,339.0,-0.05,0.06841219089937926,-0.11841219089937927,0.001,vwap_initial,1,68157.78608055807,152.93654588079224,1.5000000000000049,1.5,3600
2026-02,152,2144216,2144217,2026-02-26T14:30:41+00:00,2026-02-26T14:30:42+00:00,67802.55067423698,67752.55067423698,1,50.0,200.0,,False,sl,1.0,-0.05,0.06777755067423698,-0.11777755067423698,0.001,vwap_inversion_flip,-1,67905.4885162045,135.4282098301814,0.76009157986063,1.5,3600
2026-02,153,2144223,2144240,2026-02-26T14:30:48+00:00,2026-02-26T14:31:05+00:00,67712.1971033017,67912.1971033017,1,50.0,200.0,,False,tp,17.0,0.2,0.0678121971033017,0.1321878028966983,0.001,vwap_inversion_flip,-1,67900.51035379029,135.49173333940732,1.3898504790462873,2.0,3600
2026-02,154,2188379,2188379,2026-02-27T03:07:17+00:00,2026-02-27T03:07:17+00:00,67204.5571107037,67154.5571107037,1,50.0,200.0,,False,sl,0.0,-0.05,0.0671795571107037,-0.1171795571107037,0.001,vwap_initial,-1,67346.20005765688,94.42863130212537,1.4999999999999865,1.5,3600
2026-02,155,2188379,2188379,2026-02-27T03:07:17+00:00,2026-02-27T03:07:17+00:00,67157.34279505264,67107.34279505264,1,50.0,200.0,,False,sl,0.0,-0.05,0.06713234279505263,-0.11713234279505264,0.001,vwap_initial,-1,67346.20005765688,94.42863130212537,1.9999999999999305,2.0,3600
2026-02,156,2188379,2189459,2026-02-27T03:07:17+00:00,2026-02-27T03:25:49+00:00,67110.12847940157,67060.12847940157,1,50.0,200.0,67133.9,True,soft_sl,1112.0,-0.05,0.06708512847940157,-0.11708512847940157,0.001,vwap_initial,-1,67346.20005765688,94.42863130212537,2.500000000000029,2.5,3600
2026-02,157,2189266,2189459,2026-02-27T03:22:32+00:00,2026-02-27T03:25:49+00:00,67116.43945148226,67066.43945148226,1,50.0,200.0,,False,sl,197.0,-0.05,0.06709143945148226,-0.11709143945148226,0.001,vwap_inversion_flip,-1,67301.03067399123,123.49949292629935,1.4946719062168847,1.5,3600
2026-02,158,2191799,2191799,2026-02-27T04:05:20+00:00,2026-02-27T04:05:20+00:00,67580.49935754038,67630.49935754038,-1,50.0,200.0,,False,sl,0.0,-0.05,0.06760549935754039,-0.11760549935754039,0.001,vwap_initial,1,67449.55369769497,238.5566342088264,0.5489080623546444,1.5,3600
2026-02,159,2191799,2191799,2026-02-27T04:05:20+00:00,2026-02-27T04:05:20+00:00,67686.11840606677,67736.11840606677,-1,50.0,200.0,,False,sl,0.0,-0.05,0.06771111840606678,-0.11771111840606678,0.001,vwap_initial,1,67449.55369769497,238.5566342088264,0.9916500924670326,2.0,3600
2026-02,161,2192519,2192519,2026-02-27T04:17:20+00:00,2026-02-27T04:17:20+00:00,67786.92318180812,67836.92318180812,-1,50.0,200.0,,False,sl,0.0,-0.05,0.0678119231818081,-0.11781192318180811,0.001,vwap_initial,1,67640.3553193871,271.0966699866063,0.5406479630614922,1.5,3600
2026-02,162,2192519,2192519,2026-02-27T04:17:20+00:00,2026-02-27T04:17:20+00:00,67934.52616993028,67984.52616993028,-1,50.0,200.0,,False,sl,0.0,-0.05,0.06795952616993028,-0.11795952616993029,0.001,vwap_initial,1,67640.3553193871,271.0966699866063,1.0851142161123115,2.0,3600
2026-02,160,2192519,2192529,2026-02-27T04:17:20+00:00,2026-02-27T04:17:30+00:00,68047.000324367,68097.000324367,-1,50.0,200.0,,False,sl,10.0,-0.05,0.06807200032436701,-0.11807200032436702,0.001,vwap_initial,1,67640.3553193871,271.0966699866063,1.4999999999999736,1.5,3600
2026-02,163,2192520,2193031,2026-02-27T04:17:21+00:00,2026-02-27T04:25:52+00:00,68082.12915805246,67882.12915805246,-1,50.0,200.0,,False,tp,511.0,0.2,0.06798212915805246,0.13201787084194755,0.001,vwap_initial,1,67640.85116937736,271.3536439874589,1.6262099236651069,2.5,3600
2026-02,164,2203679,2203721,2026-02-27T07:28:52+00:00,2026-02-27T07:29:35+00:00,67515.67074000546,67465.67074000546,1,50.0,200.0,,False,sl,43.0,-0.05,0.06749067074000546,-0.11749067074000547,0.001,vwap_initial,-1,67621.47202320193,70.5341887976537,1.4999999999998983,1.5,3600
2026-02,165,2203721,2204371,2026-02-27T07:29:35+00:00,2026-02-27T07:40:33+00:00,67480.40364560662,67430.40364560662,1,50.0,200.0,67534.8,True,soft_sl,658.0,-0.05,0.06745540364560662,-0.11745540364560662,0.001,vwap_initial,-1,67614.92385422165,77.01900478534223,1.7465846123296689,2.0,3600
2026-02,166,2203721,2204928,2026-02-27T07:29:35+00:00,2026-02-27T07:49:54+00:00,67445.1365512078,67645.1365512078,1,50.0,200.0,67534.8,True,tp,1219.0,0.2,0.06754513655120781,0.1324548634487922,0.001,vwap_initial,-1,67614.92385422165,77.01900478534223,2.204485808237246,2.5,3600
2026-02,167,2204221,2204953,2026-02-27T07:38:01+00:00,2026-02-27T07:50:19+00:00,67464.9653747947,67664.9653747947,1,50.0,200.0,,False,tp,738.0,0.2,0.0675649653747947,0.1324350346252053,0.001,vwap_inversion_flip,-1,67590.67221009568,87.4677583614096,1.4371791121200506,1.5,3600
2026-02,168,2205959,2205959,2026-02-27T08:07:17+00:00,2026-02-27T08:07:17+00:00,67734.46950179411,67784.46950179411,-1,50.0,200.0,,False,sl,0.0,-0.05,0.06775946950179412,-0.11775946950179413,0.001,vwap_initial,1,67587.25462218576,98.14325307223628,1.4999999999999478,1.5,3600
2026-02,169,2205959,2206019,2026-02-27T08:07:17+00:00,2026-02-27T08:08:18+00:00,67783.54112833024,67833.54112833024,-1,50.0,200.0,,False,sl,61.0,-0.05,0.06780854112833024,-0.11780854112833024,0.001,vwap_initial,1,67587.25462218576,98.14325307223628,2.0000000000000293,2.0,3600
2026-02,170,2225699,2225714,2026-02-27T13:37:16+00:00,2026-02-27T13:37:31+00:00,65698.92323283074,65648.92323283074,1,50.0,200.0,,False,sl,15.0,-0.05,0.06567392323283075,-0.11567392323283075,0.001,vwap_initial,-1,65888.6907609135,126.51168538850277,1.4999999999999942,1.5,3600
2026-02,172,2225729,2225869,2026-02-27T13:37:46+00:00,2026-02-27T13:40:06+00:00,65635.66739013648,65835.66739013648,1,50.0,200.0,,False,tp,140.0,0.2,0.06573566739013649,0.13426433260986353,0.001,vwap_initial,-1,65887.1231795696,128.77841228078756,1.9526237742769792,2.0,3600
2026-02,171,2225712,2225903,2026-02-27T13:37:29+00:00,2026-02-27T13:40:40+00:00,65657.47375569603,65857.47375569603,1,50.0,200.0,,False,tp,191.0,0.2,0.06575747375569604,0.13424252624430397,0.001,vwap_initial,-1,65887.91461539613,127.11157837036079,1.81290219706559,1.5,3600
2026-02,173,2229549,2229583,2026-02-27T14:41:27+00:00,2026-02-27T14:42:01+00:00,65977.26176825044,65927.26176825044,1,50.0,200.0,,False,sl,34.0,-0.05,0.06595226176825043,-0.11595226176825044,0.001,vwap_initial,-1,66129.96844710292,102.42181988691817,1.4909584600340327,1.5,3600
2026-02,174,2229583,2229598,2026-02-27T14:42:01+00:00,2026-02-27T14:42:16+00:00,65926.05541299566,65876.05541299566,1,50.0,200.0,,False,sl,15.0,-0.05,0.06590105541299567,-0.11590105541299567,0.001,vwap_initial,-1,66128.91721313534,102.10521546987049,1.9867917540367335,2.0,3600
2026-02,175,2229598,2229608,2026-02-27T14:42:16+00:00,2026-02-27T14:42:26+00:00,65874.84905774087,65824.84905774087,1,50.0,200.0,,False,sl,10.0,-0.05,0.06584984905774087,-0.11584984905774087,0.001,vwap_initial,-1,66127.19195597888,103.29755294694189,2.4428739213950985,2.5,3600
2026-02,176,2229661,2229661,2026-02-27T14:43:19+00:00,2026-02-27T14:43:19+00:00,65954.45269021628,65904.45269021628,1,50.0,200.0,,False,sl,0.0,-0.05,0.06592945269021629,-0.11592945269021629,0.001,vwap_inversion_flip,-1,66121.68048116905,111.95960933445492,1.4936439305823226,1.5,3600
2026-02,177,2229661,2229661,2026-02-27T14:43:19+00:00,2026-02-27T14:43:19+00:00,65898.6347339398,65848.6347339398,1,50.0,200.0,,False,sl,0.0,-0.05,0.06587363473393981,-0.11587363473393981,0.001,vwap_inversion_flip,-1,66121.68048116905,111.95960933445492,1.9921983343381167,2.0,3600
2026-02,178,2229661,2229661,2026-02-27T14:43:19+00:00,2026-02-27T14:43:19+00:00,65842.81677766333,65792.81677766333,1,50.0,200.0,,False,sl,0.0,-0.05,0.06581781677766334,-0.11581781677766334,0.001,vwap_inversion_flip,-1,66121.68048116905,111.95960933445492,2.4907527380939105,2.5,3600
2026-02,179,2229661,2229817,2026-02-27T14:43:19+00:00,2026-02-27T14:45:55+00:00,65786.99882138686,65736.99882138686,1,50.0,200.0,,False,sl,156.0,-0.05,0.06576199882138686,-0.11576199882138687,0.001,vwap_inversion_flip,-1,66121.68048116905,111.95960933445492,2.9893071418497046,3.0,3600
2026-02,180,2248619,2248619,2026-02-27T20:03:42+00:00,2026-02-27T20:03:42+00:00,65444.73834905519,65494.73834905519,-1,50.0,200.0,,False,sl,0.0,-0.05,0.06546973834905519,-0.11546973834905519,0.001,vwap_initial,1,65317.50934282879,84.8193374842647,1.500000000000036,1.5,3600
2026-02,182,2248826,2248838,2026-02-27T20:07:13+00:00,2026-02-27T20:07:25+00:00,65459.80631084869,65509.80631084869,-1,50.0,200.0,,False,sl,12.0,-0.05,0.0654848063108487,-0.1154848063108487,0.001,vwap_inversion_flip,1,65324.56547989688,90.45567231061463,1.495106138699683,1.5,3600
2026-02,181,2248619,2248856,2026-02-27T20:03:42+00:00,2026-02-27T20:07:43+00:00,65487.14801779731,65537.14801779731,-1,50.0,200.0,65474.7,True,soft_sl,241.0,-0.05,0.06551214801779731,-0.11551214801779731,0.001,vwap_initial,1,65317.50934282879,84.8193374842647,1.999999999999962,2.0,3600
2026-02,183,2248830,2249183,2026-02-27T20:07:17+00:00,2026-02-27T20:13:19+00:00,65504.95618544537,65554.95618544536,-1,50.0,200.0,,False,sl,362.0,-0.049999999999992724,0.06552995618544537,-0.1155299561854381,0.001,vwap_inversion_flip,1,65324.63991079098,90.53376403694293,1.9917019531056956,2.0,3600
2026-02,184,2248859,2249365,2026-02-27T20:07:46+00:00,2026-02-27T20:16:28+00:00,65550.10606004205,65600.10606004205,-1,50.0,200.0,,False,sl,522.0,-0.05,0.06557510606004205,-0.11557510606004205,0.001,vwap_inversion_flip,1,65325.40101114509,91.4811306501314,2.45629942809011,2.5,3600
2026-02,185,2283479,2283479,2026-02-28T06:33:17+00:00,2026-02-28T06:33:17+00:00,64279.630584300496,64229.630584300496,1,50.0,200.0,,False,sl,0.0,-0.05,0.0642546305843005,-0.1142546305843005,0.001,vwap_initial,-1,64841.41206673736,374.5209882912388,1.500000000000009,1.5,3600
2026-02,186,2283479,2283479,2026-02-28T06:33:17+00:00,2026-02-28T06:33:17+00:00,64328.03002131651,64278.03002131651,1,50.0,200.0,,False,sl,0.0,-0.05,0.06430303002131652,-0.11430303002131652,0.001,vwap_initial,-1,64841.41206673736,374.5209882912388,1.3707697604963753,1.5,3600
2026-02,187,2283488,2283503,2026-02-28T06:33:26+00:00,2026-02-28T06:33:41+00:00,64092.37009015488,64042.37009015488,1,50.0,200.0,,False,sl,15.0,-0.05,0.06406737009015488,-0.11406737009015488,0.001,vwap_initial,-1,64835.0379649855,378.5595370539261,1.9618258216668005,2.0,3600
2026-02,188,2283492,2283585,2026-02-28T06:33:30+00:00,2026-02-28T06:35:03+00:00,64069.6523423551,64019.6523423551,1,50.0,200.0,,False,sl,93.0,-0.05,0.0640446523423551,-0.1140446523423551,0.001,vwap_initial,-1,64831.01796734226,380.3957098242547,2.0015094947808945,2.0,3600
2026-02,189,2315802,2316019,2026-02-28T15:35:44+00:00,2026-02-28T15:39:21+00:00,64959.242042105776,64759.242042105776,-1,50.0,200.0,,False,tp,217.0,0.2,0.06485924204210577,0.13514075795789424,0.001,vwap_initial,1,64582.24856690193,255.13404118134193,1.4776290668946448,1.5,3600
2026-02,190,2326259,2326260,2026-02-28T18:32:10+00:00,2026-02-28T18:32:11+00:00,65309.94413066744,65359.94413066744,-1,50.0,200.0,,False,sl,1.0,-0.05,0.06533494413066744,-0.11533494413066744,0.001,vwap_initial,1,65222.05331408168,184.44969115955277,0.47650292084109447,1.5,3600
2026-02,191,2327699,2327699,2026-02-28T18:56:11+00:00,2026-02-28T18:56:11+00:00,65955.26046739134,66005.26046739134,-1,50.0,200.0,,False,sl,0.0,-0.05,0.06598026046739135,-0.11598026046739135,0.001,vwap_initial,1,65557.75382187204,265.00443034620304,1.4999999999999865,1.5,3600
2026-02,192,2327699,2327699,2026-02-28T18:56:11+00:00,2026-02-28T18:56:11+00:00,65742.90056169014,65792.90056169014,-1,50.0,200.0,,False,sl,0.0,-0.05,0.06576790056169014,-0.11576790056169015,0.001,vwap_initial,1,65557.75382187204,265.00443034620304,0.6986552623902211,1.5,3600
2026-02,193,2327699,2327699,2026-02-28T18:56:11+00:00,2026-02-28T18:56:11+00:00,65989.16736884887,66039.16736884887,-1,50.0,200.0,,False,sl,0.0,-0.05,0.06601416736884888,-0.11601416736884888,0.001,vwap_initial,1,65557.75382187204,265.00443034620304,1.6279484324591171,2.0,3600
2026-02,194,2329831,2329831,2026-02-28T19:31:51+00:00,2026-02-28T19:31:51+00:00,65928.77597610581,65978.77597610581,-1,50.0,200.0,,False,sl,0.0,-0.05,0.06595377597610581,-0.11595377597610582,0.001,vwap_inversion_flip,1,65762.82149175498,168.05889878838764,0.9874781136094221,1.5,3600
2026-02,195,2329837,2329838,2026-02-28T19:31:57+00:00,2026-02-28T19:31:58+00:00,66013.9606725993,66063.9606725993,-1,50.0,200.0,,False,sl,1.0,-0.05,0.0660389606725993,-0.1160389606725993,0.001,vwap_inversion_flip,1,65767.19683952769,169.0777282372169,1.4594697695807908,1.5,3600
2026-02,196,2329840,2329841,2026-02-28T19:32:00+00:00,2026-02-28T19:32:01+00:00,66097.92601600055,66147.92601600055,-1,50.0,200.0,,False,sl,1.0,-0.05,0.06612292601600055,-0.11612292601600055,0.001,vwap_inversion_flip,1,65771.23368391315,171.55120324172032,1.9043429944766193,2.0,3600
2026-02,197,2329841,2329843,2026-02-28T19:32:01+00:00,2026-02-28T19:32:03+00:00,66132.17269055423,66182.17269055423,-1,50.0,200.0,,False,sl,2.0,-0.05,0.06615717269055424,-0.11615717269055424,0.001,vwap_inversion_flip,1,65775.34853697203,175.2971573923431,2.0355387325738095,2.0,3600
2026-02,198,2329843,2329849,2026-02-28T19:32:03+00:00,2026-02-28T19:32:09+00:00,66181.89135940181,66231.89135940181,-1,50.0,200.0,,False,sl,6.0,-0.05,0.0662068913594018,-0.1162068913594018,0.001,vwap_inversion_flip,1,65783.97802640017,182.7052489242592,2.1778976539781274,2.5,3600
2026-02,199,2329852,2329975,2026-02-28T19:32:12+00:00,2026-02-28T19:34:15+00:00,66265.85670280305,66315.85670280305,-1,50.0,200.0,,False,sl,123.0,-0.05,0.06629085670280306,-0.11629085670280306,0.001,vwap_inversion_flip,1,65804.45388758683,200.35516721573555,2.3029244597390304,3.0,3600
2026-02,200,2335341,2335624,2026-02-28T21:03:46+00:00,2026-02-28T21:08:29+00:00,66421.00845713867,66371.00845713867,1,50.0,200.0,,False,sl,283.0,-0.05,0.06639600845713867,-0.11639600845713867,0.001,vwap_initial,-1,66741.65851967399,213.76045343828653,1.500043892019039,1.5,3600
2026-02,201,2336280,2336280,2026-02-28T21:19:25+00:00,2026-02-28T21:19:25+00:00,66459.39673568758,66409.39673568758,1,50.0,200.0,,False,sl,0.0,-0.05,0.06643439673568759,-0.11643439673568759,0.001,vwap_inversion_flip,-1,66750.53831643221,194.13434925004935,1.4996912286224788,1.5,3600
2026-02,202,2336280,2337259,2026-02-28T21:19:25+00:00,2026-02-28T21:36:03+00:00,66362.34553965818,66562.34553965818,1,50.0,200.0,,False,tp,998.0,0.2,0.06646234553965819,0.13353765446034183,0.001,vwap_inversion_flip,-1,66750.53831643221,194.13434925004935,1.99960892172681,2.0,3600
2026-02,203,2340839,2340839,2026-02-28T22:36:09+00:00,2026-02-28T22:36:09+00:00,67276.14931386948,67326.14931386948,-1,50.0,200.0,,False,sl,0.0,-0.05,0.06730114931386948,-0.11730114931386948,0.001,vwap_initial,1,66916.6390100368,239.67353588844935,1.5000000000000162,1.5,3600
2026-02,204,2340839,2340839,2026-02-28T22:36:09+00:00,2026-02-28T22:36:09+00:00,67395.9860818137,67445.9860818137,-1,50.0,200.0,,False,sl,0.0,-0.05,0.0674209860818137,-0.1174209860818137,0.001,vwap_initial,1,66916.6390100368,239.67353588844935,1.9999999999999811,2.0,3600
2026-02,205,2340839,2340839,2026-02-28T22:36:09+00:00,2026-02-28T22:36:09+00:00,67138.08334233542,67188.08334233542,-1,50.0,200.0,,False,sl,0.0,-0.05,0.06716308334233542,-0.11716308334233543,0.001,vwap_initial,1,66916.6390100368,239.67353588844935,0.9239415251990326,1.5,3600
2026-02,206,2340839,2340839,2026-02-28T22:36:09+00:00,2026-02-28T22:36:09+00:00,67368.90024385603,67418.90024385603,-1,50.0,200.0,,False,sl,0.0,-0.05,0.06739390024385603,-0.11739390024385603,0.001,vwap_initial,1,66916.6390100368,239.67353588844935,1.886988616172131,2.0,3600
2026-02,207,2340876,2340880,2026-02-28T22:36:46+00:00,2026-02-28T22:36:50+00:00,67515.82284975793,67565.82284975793,-1,50.0,200.0,,False,sl,4.0,-0.05,0.06754082284975793,-0.11754082284975793,0.001,vwap_initial,1,66929.06336462524,247.18844219473903,2.373733496287129,2.5,3600
2026-02,208,2340886,2340888,2026-02-28T22:36:56+00:00,2026-02-28T22:36:58+00:00,67599.71714537665,67649.71714537665,-1,50.0,200.0,,False,sl,2.0,-0.05,0.06762471714537666,-0.11762471714537666,0.001,vwap_initial,1,66938.10017519664,255.54038210188116,2.5890896958752707,2.5,3600
2026-02,209,2340888,2340889,2026-02-28T22:36:58+00:00,2026-02-28T22:36:59+00:00,67635.65961770214,67685.65961770214,-1,50.0,200.0,,False,sl,1.0,-0.05,0.06766065961770214,-0.11766065961770214,0.001,vwap_initial,1,66943.20106759276,261.3438473239145,2.6496072404227538,3.0,3600
2026-02,210,2341198,2341200,2026-02-28T22:42:08+00:00,2026-02-28T22:42:10+00:00,67249.47673087682,67299.47673087682,-1,50.0,200.0,,False,sl,2.0,-0.05,0.06727447673087683,-0.11727447673087683,0.001,vwap_inversion_flip,1,67077.2075262903,320.0833723400765,0.5382010422068926,1.5,3600
2026-02,211,2341559,2341559,2026-02-28T22:48:09+00:00,2026-02-28T22:48:09+00:00,67275.41224884788,67325.41224884788,-1,50.0,200.0,,False,sl,0.0,-0.05,0.06730041224884788,-0.11730041224884788,0.001,vwap_initial,1,67114.02002985626,322.1285129272906,0.5010181108309653,1.5,3600
2026-02,212,2341559,2341559,2026-02-28T22:48:09+00:00,2026-02-28T22:48:09+00:00,67510.42337283131,67560.42337283131,-1,50.0,200.0,,False,sl,0.0,-0.05,0.06753542337283132,-0.11753542337283132,0.001,vwap_initial,1,67114.02002985626,322.1285129272906,1.2305751495662556,2.0,3600
2026-05,1,154657,156176,2026-05-02T22:25:42+00:00,2026-05-02T22:53:23+00:00,78593.62155797072,78793.62155797072,1,50.0,200.0,,False,tp,1661.0,0.2,0.07869362155797072,0.1213063784420293,0.001,vwap_initial,-1,78858.20522620039,176.42440117238658,1.499699964808931,1.5,3600
2026-05,2,159344,159358,2026-05-02T23:51:18+00:00,2026-05-02T23:51:32+00:00,78646.36984927306,78596.36984927306,1,50.0,200.0,,False,sl,14.0,-0.05,0.07862136984927307,-0.12862136984927308,0.001,vwap_inversion_flip,-1,78725.67336368395,52.86261901101994,1.5001813359711755,1.5,3600
2026-05,3,159344,160293,2026-05-02T23:51:18+00:00,2026-05-03T00:08:26+00:00,78619.93696873856,78569.93696873856,1,50.0,200.0,,False,sl,1028.0,-0.05,0.07859493696873857,-0.12859493696873858,0.001,vwap_inversion_flip,-1,78725.67336368395,52.86261901101994,2.0002110550622616,2.0,3600
2026-05,4,159373,160394,2026-05-02T23:51:47+00:00,2026-05-03T00:10:08+00:00,78593.50408820408,78543.50408820408,1,50.0,200.0,,False,sl,1101.0,-0.05,0.07856850408820408,-0.12856850408820408,0.001,vwap_inversion_flip,-1,78725.24863774522,53.63287374144151,2.4564141421223162,2.5,3600
2026-05,5,241679,241679,2026-05-04T00:22:45+00:00,2026-05-04T00:22:45+00:00,78337.61307947566,78287.61307947566,1,50.0,200.0,,False,sl,0.0,-0.05,0.07831261307947567,-0.12831261307947567,0.001,vwap_initial,-1,78525.65847106352,125.36359439190528,1.5000000000000218,1.5,3600
2026-05,6,241679,241679,2026-05-04T00:22:45+00:00,2026-05-04T00:22:45+00:00,78482.66942280598,78432.66942280598,1,50.0,200.0,,False,sl,0.0,-0.05,0.07845766942280598,-0.12845766942280598,0.001,vwap_initial,-1,78525.65847106352,125.36359439190528,0.34291493049531363,1.5,3600
2026-05,7,241679,241679,2026-05-04T00:22:45+00:00,2026-05-04T00:22:45+00:00,78336.92238943045,78286.92238943045,1,50.0,200.0,,False,sl,0.0,-0.05,0.07831192238943045,-0.12831192238943046,0.001,vwap_initial,-1,78525.65847106352,125.36359439190528,1.5055094945910645,2.0,3600
2026-05,9,242115,242115,2026-05-04T00:30:01+00:00,2026-05-04T00:30:01+00:00,78450.70648430412,78400.70648430412,1,50.0,200.0,,False,sl,0.0,-0.05,0.07842570648430412,-0.12842570648430413,0.001,vwap_inversion_flip,-1,78463.04562963704,107.69820159084432,0.1145715077007662,1.5,3600
2026-05,8,241694,243677,2026-05-04T00:23:00+00:00,2026-05-04T00:56:36+00:00,78274.93128227971,78474.93128227971,1,50.0,200.0,78310.0,True,tp,2016.0,0.2,0.07837493128227971,0.1216250687177203,0.001,vwap_initial,-1,78521.92260408026,125.92132620204718,1.961473320287645,2.0,3600
2026-05,11,242131,243687,2026-05-04T00:30:17+00:00,2026-05-04T00:56:46+00:00,78299.08433929058,78499.08433929058,1,50.0,200.0,,False,tp,1589.0,0.2,0.07839908433929059,0.12160091566070942,0.001,vwap_inversion_flip,-1,78461.71181134692,107.85958612016924,1.5077702215095676,2.0,3600
2026-05,10,242128,243689,2026-05-04T00:30:14+00:00,2026-05-04T00:56:48+00:00,78301.61263038497,78501.61263038497,1,50.0,200.0,,False,tp,1594.0,0.2,0.07840161263038498,0.12159838736961504,0.001,vwap_inversion_flip,-1,78461.906608899,107.85725827236516,1.4861677469052523,1.5,3600
2026-05,12,277363,277376,2026-05-04T10:26:05+00:00,2026-05-04T10:26:18+00:00,78178.9887841324,78128.9887841324,1,50.0,200.0,,False,sl,13.0,-0.05,0.07815398878413239,-0.1281539887841324,0.001,vwap_inversion_flip,-1,78745.26021230695,465.7490896339735,1.2158293827682698,1.5,3600
2026-05,14,450239,450239,2026-05-06T11:21:45+00:00,2026-05-06T11:21:45+00:00,82435.1330470849,82485.1330470849,-1,50.0,200.0,,False,sl,0.0,-0.05,0.08246013304708491,-0.13246013304708493,0.001,vwap_initial,1,82347.98266753857,163.52758262875142,0.5329399367701111,1.5,3600
2026-05,15,450239,450239,2026-05-06T11:21:45+00:00,2026-05-06T11:21:45+00:00,82582.3390781727,82632.3390781727,-1,50.0,200.0,,False,sl,0.0,-0.05,0.08260733907817272,-0.13260733907817274,0.001,vwap_initial,1,82347.98266753857,163.52758262875142,1.4331307713768642,2.0,3600
2026-05,13,450239,450240,2026-05-06T11:21:45+00:00,2026-05-06T11:21:46+00:00,82593.2740414817,82643.2740414817,-1,50.0,200.0,,False,sl,1.0,-0.05,0.0826182740414817,-0.1326182740414817,0.001,vwap_initial,1,82347.98266753857,163.52758262875142,1.499999999999982,1.5,3600
2026-05,16,450261,450268,2026-05-06T11:22:07+00:00,2026-05-06T11:22:14+00:00,82675.03783279608,82725.03783279608,-1,50.0,200.0,,False,sl,7.0,-0.05,0.08270003783279609,-0.1327000378327961,0.001,vwap_initial,1,82351.74741753978,164.0908574171557,1.9701915167304058,2.0,3600
2026-05,17,450273,450292,2026-05-06T11:22:19+00:00,2026-05-06T11:22:38+00:00,82729.54510926052,82779.54510926052,-1,50.0,200.0,,False,sl,19.0,-0.05,0.08275454510926052,-0.13275454510926052,0.001,vwap_initial,1,82356.48645741244,167.2674459681001,2.2303123580856954,2.5,3600
2026-05,18,450290,450292,2026-05-06T11:22:36+00:00,2026-05-06T11:22:38+00:00,82756.80162411045,82806.80162411045,-1,50.0,200.0,,False,sl,2.0,-0.05,0.08278180162411046,-0.13278180162411046,0.001,vwap_initial,1,82362.0088750852,170.976176940157,2.309051214564403,2.5,3600
2026-05,19,810839,810839,2026-05-10T23:03:31+00:00,2026-05-10T23:03:31+00:00,82064.51269422272,82114.51269422272,-1,50.0,200.0,,False,sl,0.0,-0.05,0.08208951269422272,-0.13208951269422273,0.001,vwap_initial,1,81719.84996802526,387.23971778693897,0.8900500397200979,1.5,3600
2026-05,21,810936,810936,2026-05-10T23:05:08+00:00,2026-05-10T23:05:08+00:00,82083.7645111046,82133.7645111046,-1,50.0,200.0,,False,sl,0.0,-0.05,0.0821087645111046,-0.1321087645111046,0.001,vwap_inversion_flip,1,81741.85747313082,380.9986419842907,0.8973969990892506,1.5,3600
2026-05,20,810852,811265,2026-05-10T23:03:44+00:00,2026-05-10T23:10:37+00:00,82300.70954470566,82350.70954470566,-1,50.0,200.0,82240.5,True,soft_sl,413.0,-0.05,0.08232570954470567,-0.13232570954470568,0.001,vwap_initial,1,81724.09520557862,385.8380888046016,1.49444639048857,1.5,3600
2026-05,22,810968,811265,2026-05-10T23:05:40+00:00,2026-05-10T23:10:37+00:00,82313.24680208479,82363.24680208479,-1,50.0,200.0,,False,sl,297.0,-0.05,0.0823382468020848,-0.1323382468020848,0.001,vwap_inversion_flip,1,81747.09659409801,379.78855573935573,1.4906984410960522,1.5,3600
2026-05,23,870779,870779,2026-05-11T16:11:10+00:00,2026-05-11T16:11:10+00:00,81573.11634698322,81623.11634698322,-1,50.0,200.0,,False,sl,0.0,-0.05,0.08159811634698323,-0.13159811634698323,0.001,vwap_initial,1,81297.29428209571,183.88137659167757,1.4999999999999871,1.5,3600
2026-05,25,870779,870779,2026-05-11T16:11:10+00:00,2026-05-11T16:11:10+00:00,81432.39346847964,81482.39346847964,-1,50.0,200.0,,False,sl,0.0,-0.05,0.08145739346847963,-0.13145739346847962,0.001,vwap_initial,1,81297.29428209571,183.88137659167757,0.7347083695372144,1.5,3600
2026-05,26,870779,870779,2026-05-11T16:11:10+00:00,2026-05-11T16:11:10+00:00,81566.9205313812,81616.9205313812,-1,50.0,200.0,,False,sl,0.0,-0.05,0.0815919205313812,-0.1315919205313812,0.001,vwap_initial,1,81297.29428209571,183.88137659167757,1.4663053664440036,2.0,3600
2026-05,24,870779,870993,2026-05-11T16:11:10+00:00,2026-05-11T16:14:44+00:00,81665.05703527907,81715.05703527907,-1,50.0,200.0,,False,sl,214.0,-0.05,0.08169005703527907,-0.13169005703527908,0.001,vwap_initial,1,81297.29428209571,183.88137659167757,2.0000000000000093,2.0,3600
2026-05,27,870782,871007,2026-05-11T16:11:13+00:00,2026-05-11T16:14:58+00:00,81701.44759428276,81751.44759428276,-1,50.0,200.0,,False,sl,225.0,-0.05,0.08172644759428276,-0.13172644759428276,0.001,vwap_initial,1,81298.85087030963,183.99454066110155,2.188090595115351,2.5,3600
2026-05,28,876239,876239,2026-05-11T17:42:53+00:00,2026-05-11T17:42:53+00:00,81849.679341977,81899.679341977,-1,50.0,200.0,,False,sl,0.0,-0.05,0.08187467934197701,-0.131874679341977,0.001,vwap_initial,1,81609.31141278772,160.2452861261883,1.4999999999999647,1.5,3600
2026-05,29,876239,876250,2026-05-11T17:42:53+00:00,2026-05-11T17:43:04+00:00,81869.83445657491,81919.83445657491,-1,50.0,200.0,,False,sl,11.0,-0.05,0.08189483445657492,-0.1318948344565749,0.001,vwap_initial,1,81609.31141278772,160.2452861261883,1.6257766458230802,1.5,3600
2026-05,30,876270,876340,2026-05-11T17:43:24+00:00,2026-05-11T17:44:34+00:00,81929.8019850401,81979.8019850401,-1,50.0,200.0,,False,sl,70.0,-0.05,0.08195480198504011,-0.13195480198504012,0.001,vwap_initial,1,81611.88226928607,164.12650206129243,1.9370407079979504,2.0,3600
2026-05,32,955559,955559,2026-05-12T16:48:01+00:00,2026-05-12T16:48:01+00:00,80057.80663422894,80007.80663422894,1,50.0,200.0,,False,sl,0.0,-0.05,0.08003280663422893,-0.13003280663422895,0.001,vwap_initial,-1,80151.04948435561,166.16529673729585,0.5611451485810823,1.5,3600
2026-05,33,955559,955559,2026-05-12T16:48:01+00:00,2026-05-12T16:48:01+00:00,79933.16076265612,79883.16076265612,1,50.0,200.0,,False,sl,0.0,-0.05,0.07990816076265612,-0.12990816076265613,0.001,vwap_initial,-1,80151.04948435561,166.16529673729585,1.3112769391551693,2.0,3600
2026-05,31,955559,955566,2026-05-12T16:48:01+00:00,2026-05-12T16:48:08+00:00,79901.80153924966,79851.80153924966,1,50.0,200.0,,False,sl,7.0,-0.05,0.07987680153924966,-0.12987680153924966,0.001,vwap_initial,-1,80151.04948435561,166.16529673729585,1.5000000000000255,1.5,3600
2026-05,34,956285,956289,2026-05-12T17:00:08+00:00,2026-05-12T17:00:12+00:00,79982.68991862176,79932.68991862176,1,50.0,200.0,,False,sl,4.0,-0.05,0.07995768991862177,-0.12995768991862178,0.001,vwap_inversion_flip,-1,80077.85621324666,171.26898230963593,0.5556539972477186,1.5,3600
2026-05,35,957539,957562,2026-05-12T17:21:02+00:00,2026-05-12T17:21:25+00:00,80306.68649596309,80356.68649596309,-1,50.0,200.0,,False,sl,23.0,-0.05,0.0803316864959631,-0.1303316864959631,0.001,vwap_initial,1,80059.0331511521,165.10222987398566,1.5000000000000333,1.5,3600
2026-05,36,1079279,1079317,2026-05-14T04:48:31+00:00,2026-05-14T04:49:09+00:00,79355.44339213672,79405.44339213672,-1,50.0,200.0,,False,sl,38.0,-0.05,0.07938044339213671,-0.12938044339213672,0.001,vwap_initial,1,79128.5776627344,151.24381960154759,1.4999999999999523,1.5,3600
2026-05,37,1090739,1090856,2026-05-14T08:03:13+00:00,2026-05-14T08:05:10+00:00,79652.34146471693,79602.34146471693,1,50.0,200.0,,False,sl,117.0,-0.05,0.07962734146471694,-0.12962734146471694,0.001,vwap_initial,-1,79759.62478371144,71.52221266301044,1.4999999999999012,1.5,3600
2026-05,38,1090796,1091225,2026-05-14T08:04:10+00:00,2026-05-14T08:11:21+00:00,79616.58035838541,79816.58035838541,1,50.0,200.0,,False,tp,431.0,0.2,0.07971658035838541,0.1202834196416146,0.001,vwap_initial,-1,79756.85685531508,73.46603541338814,1.909406110461027,2.0,3600
2026-05,39,1095927,1095927,2026-05-14T09:32:24+00:00,2026-05-14T09:32:24+00:00,79717.52143634156,79667.52143634156,1,50.0,200.0,,False,sl,0.0,-0.05,0.07969252143634156,-0.12969252143634158,0.001,vwap_inversion_flip,-1,79803.34864938125,57.22970407394616,1.499696956825037,1.5,3600
2026-05,40,1095927,1095933,2026-05-14T09:32:24+00:00,2026-05-14T09:32:30+00:00,79688.92234951108,79638.92234951108,1,50.0,200.0,,False,sl,6.0,-0.05,0.07966392234951108,-0.12966392234951107,0.001,vwap_inversion_flip,-1,79803.34864938125,57.22970407394616,1.9994214843802918,2.0,3600
2026-05,41,1095927,1095940,2026-05-14T09:32:24+00:00,2026-05-14T09:32:37+00:00,79660.32326268058,79610.32326268058,1,50.0,200.0,,False,sl,13.0,-0.05,0.0796353232626806,-0.1296353232626806,0.001,vwap_inversion_flip,-1,79803.34864938125,57.22970407394616,2.499146011935801,2.5,3600
2026-05,43,1095933,1096217,2026-05-14T09:32:30+00:00,2026-05-14T09:37:17+00:00,79643.02130854757,79593.02130854757,1,50.0,200.0,,False,sl,287.0,-0.05,0.07961802130854757,-0.12961802130854758,0.001,vwap_inversion_flip,-1,79802.74342456744,58.07096455592642,2.7504643196695002,1.5,3600
2026-05,42,1095933,1096252,2026-05-14T09:32:30+00:00,2026-05-14T09:37:52+00:00,79631.7241758501,79581.7241758501,1,50.0,200.0,,False,sl,322.0,-0.05,0.0796067241758501,-0.12960672417585012,0.001,vwap_inversion_flip,-1,79802.74342456744,58.07096455592642,2.945004444564202,3.0,3600
2026-05,44,1095941,1096265,2026-05-14T09:32:38+00:00,2026-05-14T09:38:05+00:00,79603.12508901962,79553.12508901962,1,50.0,200.0,,False,sl,327.0,-0.05,0.07957812508901962,-0.1295781250890196,0.001,vwap_inversion_flip,-1,79801.91048750766,59.64484028208943,3.332818019930678,3.5,3600
2026-05,45,1149678,1152019,2026-05-15T00:49:31+00:00,2026-05-15T01:30:03+00:00,81536.75279956187,81336.75279956187,-1,50.0,200.0,81456.8,True,tp,2432.0,0.2,0.08143675279956188,0.11856324720043813,0.001,vwap_initial,1,81310.7314068139,186.0553786792368,1.2148070878275627,1.5,3600
2026-05,46,1194539,1194539,2026-05-15T13:39:15+00:00,2026-05-15T13:39:15+00:00,79426.48191828065,79376.48191828065,1,50.0,200.0,,False,sl,0.0,-0.05,0.07940148191828066,-0.12940148191828066,0.001,vwap_initial,-1,79878.1177819888,301.0905758054314,1.4999999999999865,1.5,3600
2026-05,48,1194539,1194539,2026-05-15T13:39:15+00:00,2026-05-15T13:39:15+00:00,79554.40224871092,79504.40224871092,1,50.0,200.0,,False,sl,0.0,-0.05,0.07952940224871093,-0.12952940224871093,0.001,vwap_initial,-1,79878.1177819888,301.0905758054314,1.0751433598076732,1.5,3600
2026-05,49,1194539,1194539,2026-05-15T13:39:15+00:00,2026-05-15T13:39:15+00:00,79359.21243813112,79309.21243813112,1,50.0,200.0,,False,sl,0.0,-0.05,0.07933421243813112,-0.12933421243813112,0.001,vwap_initial,-1,79878.1177819888,301.0905758054314,1.7234194144721569,2.0,3600
2026-05,47,1194539,1194666,2026-05-15T13:39:15+00:00,2026-05-15T13:41:22+00:00,79275.93663037794,79225.93663037794,1,50.0,200.0,,False,sl,127.0,-0.05,0.07925093663037794,-0.12925093663037795,0.001,vwap_initial,-1,79878.1177819888,301.0905758054314,1.9999999999999818,2.0,3600
2026-05,50,1204859,1204859,2026-05-15T16:31:44+00:00,2026-05-15T16:31:44+00:00,79264.75989546912,79314.75989546912,-1,50.0,200.0,,False,sl,0.0,-0.05,0.07928975989546912,-0.12928975989546912,0.001,vwap_initial,1,79154.57985679626,73.45335911524232,1.4999999999999163,1.5,3600
2026-05,53,1205039,1205734,2026-05-15T16:34:44+00:00,2026-05-15T16:46:35+00:00,79317.18031419789,79117.18031419789,-1,50.0,200.0,,False,tp,711.0,0.2,0.07921718031419789,0.12078281968580212,0.001,vwap_inversion_flip,1,79161.89439441536,79.91991512988933,1.9430190776623515,2.0,3600
2026-05,51,1204859,1205744,2026-05-15T16:31:44+00:00,2026-05-15T16:46:45+00:00,79301.48657502675,79101.48657502675,-1,50.0,200.0,79299.8,True,tp,901.0,0.2,0.07920148657502675,0.12079851342497326,0.001,vwap_initial,1,79154.57985679626,73.45335911524232,2.0000000000000204,2.0,3600
2026-05,52,1205018,1208018,2026-05-15T16:34:23+00:00,2026-05-15T17:25:27+00:00,79277.9648368487,79327.9648368487,-1,50.0,200.0,,False,sl,3064.0,-0.05,0.0793029648368487,-0.12930296483684872,0.001,vwap_inversion_flip,1,79160.32936414256,78.45741088130461,1.4993545081943525,1.5,3600
2026-05,54,1340999,1340999,2026-05-17T10:13:50+00:00,2026-05-17T10:13:50+00:00,78374.8680111488,78424.8680111488,-1,50.0,200.0,,False,sl,0.0,-0.05,0.07839986801114882,-0.12839986801114883,0.001,vwap_initial,1,78282.95084340872,123.30333522303302,0.7454556486556261,1.5,3600
2026-05,56,1341221,1341609,2026-05-17T10:17:32+00:00,2026-05-17T10:24:01+00:00,78399.48334014442,78449.48334014442,-1,50.0,200.0,,False,sl,389.0,-0.05,0.07842448334014442,-0.12842448334014442,0.001,vwap_inversion_flip,1,78298.7717235773,120.45638337618162,0.8360836822785758,1.5,3600
2026-05,55,1340999,1341837,2026-05-17T10:13:50+00:00,2026-05-17T10:27:49+00:00,78442.72893004445,78492.72893004445,-1,50.0,200.0,78425.6,True,soft_sl,839.0,-0.05,0.07846772893004446,-0.12846772893004446,0.001,vwap_initial,1,78282.95084340872,123.30333522303302,1.2958131776948782,2.0,3600
2026-05,57,1380846,1381123,2026-05-17T22:18:43+00:00,2026-05-17T22:23:40+00:00,77997.70716009547,77947.70716009547,1,50.0,200.0,78012.4,True,soft_sl,297.0,-0.05,0.07797270716009547,-0.12797270716009546,0.001,vwap_initial,-1,78211.17165044839,165.65449537485233,1.288612722944141,1.5,3600
2026-05,58,1381112,1381123,2026-05-17T22:23:29+00:00,2026-05-17T22:23:40+00:00,77997.02969110802,77947.02969110802,1,50.0,200.0,,False,sl,11.0,-0.05,0.07797202969110802,-0.12797202969110802,0.001,vwap_inversion_flip,-1,78201.62235247037,167.30760711193975,1.2228533112989848,1.5,3600
2026-05,59,1381123,1382635,2026-05-17T22:23:40+00:00,2026-05-17T22:51:18+00:00,77953.39072698877,77903.39072698877,1,50.0,200.0,,False,sl,1658.0,-0.05,0.07792839072698877,-0.12792839072698878,0.001,vwap_inversion_flip,-1,78199.15006357529,168.06185149269103,1.4623148228091831,1.5,3600
2026-05,60,1381125,1382636,2026-05-17T22:23:42+00:00,2026-05-17T22:51:19+00:00,77925.42948282645,77875.42948282645,1,50.0,200.0,,False,sl,1657.0,-0.05,0.07790042948282645,-0.12790042948282646,0.001,vwap_inversion_flip,-1,78198.86380398786,168.32624876909833,1.624430670563371,2.0,3600
2026-05,61,1441259,1441259,2026-05-18T15:29:01+00:00,2026-05-18T15:29:01+00:00,76143.20497988522,76093.20497988522,1,50.0,200.0,,False,sl,0.0,-0.05,0.07611820497988522,-0.12611820497988524,0.001,vwap_initial,-1,76282.80386047825,144.16532024831082,0.968324978244276,1.5,3600
2026-05,62,1441264,1441359,2026-05-18T15:29:06+00:00,2026-05-18T15:30:41+00:00,76066.55588010578,76016.55588010578,1,50.0,200.0,,False,sl,95.0,-0.05,0.07604155588010578,-0.1260415558801058,0.001,vwap_initial,-1,76282.3507215099,144.10717952422297,1.4974607241400049,1.5,3600
2026-05,63,1451803,1451803,2026-05-18T18:25:55+00:00,2026-05-18T18:25:55+00:00,76253.10860879543,76203.10860879543,1,50.0,200.0,,False,sl,0.0,-0.05,0.07622810860879543,-0.12622810860879544,0.001,vwap_inversion_flip,-1,76484.48812494909,165.21631957101891,1.400464050733167,1.5,3600
2026-05,64,1451803,1451803,2026-05-18T18:25:55+00:00,2026-05-18T18:25:55+00:00,76173.64799218053,76123.64799218053,1,50.0,200.0,,False,sl,0.0,-0.05,0.07614864799218053,-0.12614864799218053,0.001,vwap_inversion_flip,-1,76484.48812494909,165.21631957101891,1.8814130079622131,2.0,3600
2026-05,65,1451804,1451990,2026-05-18T18:25:56+00:00,2026-05-18T18:29:02+00:00,76112.88652452624,76312.88652452624,1,50.0,200.0,,False,tp,186.0,0.2,0.07621288652452624,0.12378711347547378,0.001,vwap_inversion_flip,-1,76480.84459759599,168.31795474952423,2.1860892595642056,1.5,3600
2026-05,66,1693859,1693982,2026-05-21T17:53:16+00:00,2026-05-21T17:55:19+00:00,77964.10337285705,78014.10337285705,-1,50.0,200.0,,False,sl,123.0,-0.05,0.07798910337285704,-0.12798910337285704,0.001,vwap_initial,1,77738.20495884446,229.42098859568875,0.9846458050561645,1.5,3600
2026-05,67,1694039,1694374,2026-05-21T17:56:16+00:00,2026-05-21T18:01:51+00:00,77987.86130797325,77787.86130797325,-1,50.0,200.0,,False,tp,335.0,0.2,0.07788786130797326,0.12211213869202675,0.001,vwap_initial,1,77756.78006274863,219.1195100070117,1.0545900053227704,1.5,3600
2026-05,69,1795439,1795459,2026-05-23T00:37:05+00:00,2026-05-23T00:37:25+00:00,75326.7547836175,75276.7547836175,1,50.0,200.0,,False,sl,20.0,-0.05,0.07530175478361752,-0.12530175478361752,0.001,vwap_initial,-1,75463.57892328502,102.47031144109503,1.3352564049360587,1.5,3600
2026-05,68,1795439,1795460,2026-05-23T00:37:05+00:00,2026-05-23T00:37:26+00:00,75309.87345612337,75259.87345612337,1,50.0,200.0,,False,sl,21.0,-0.05,0.07528487345612338,-0.12528487345612338,0.001,vwap_initial,-1,75463.57892328502,102.47031144109503,1.50000000000007,1.5,3600
2026-05,72,1795499,1795499,2026-05-23T00:38:05+00:00,2026-05-23T00:38:05+00:00,75318.11374361084,75268.11374361084,1,50.0,200.0,,False,sl,0.0,-0.05,0.07529311374361085,-0.12529311374361085,0.001,vwap_initial,-1,75457.68959596267,105.11783683307424,1.3278036968499964,1.5,3600
2026-05,71,1795499,1795505,2026-05-23T00:38:05+00:00,2026-05-23T00:38:11+00:00,75300.01284071305,75250.01284071305,1,50.0,200.0,,False,sl,6.0,-0.05,0.07527501284071306,-0.12527501284071307,0.001,vwap_initial,-1,75457.68959596267,105.11783683307424,1.5000000000000508,1.5,3600
2026-05,70,1795460,1795541,2026-05-23T00:37:26+00:00,2026-05-23T00:38:47+00:00,75258.63830040283,75208.63830040283,1,50.0,200.0,,False,sl,81.0,-0.05,0.07523363830040283,-0.12523363830040285,0.001,vwap_initial,-1,75462.36412565716,102.48456659192944,1.987868339879074,2.0,3600
2026-05,73,1795505,1795659,2026-05-23T00:38:11+00:00,2026-05-23T00:40:45+00:00,75247.45392229652,75197.45392229652,1,50.0,200.0,,False,sl,154.0,-0.05,0.07522245392229653,-0.12522245392229653,0.001,vwap_initial,-1,75457.06826599575,105.35751316650574,1.989552879517533,2.0,3600
2026-05,74,1795541,1796870,2026-05-23T00:38:47+00:00,2026-05-23T01:01:04+00:00,75211.13054247841,75411.13054247841,1,50.0,200.0,,False,tp,1337.0,0.2,0.07531113054247841,0.1246888694575216,0.001,vwap_initial,-1,75452.58036453521,108.28627311160128,2.2297361901814123,2.0,3600
2026-05,75,1952230,1953806,2026-05-24T22:46:40+00:00,2026-05-24T23:15:11+00:00,76937.28743532866,76987.28743532866,-1,50.0,200.0,,False,sl,1711.0,-0.05,0.07696228743532867,-0.12696228743532867,0.001,vwap_initial,1,76568.65668844608,298.25914928122563,1.2359411195631258,1.5,3600
2026-05,76,2084537,2084562,2026-05-26T14:16:06+00:00,2026-05-26T14:16:31+00:00,77363.09335623971,77413.09335623971,-1,50.0,200.0,,False,sl,25.0,-0.05,0.07738809335623971,-0.1273880933562397,0.001,vwap_initial,1,77031.0322496719,222.1829058790253,1.4945393987627964,1.5,3600
2026-05,77,2084699,2084699,2026-05-26T14:18:48+00:00,2026-05-26T14:18:48+00:00,77540.29827693375,77590.29827693375,-1,50.0,200.0,,False,sl,0.0,-0.05,0.07756529827693376,-0.12756529827693375,0.001,vwap_initial,1,77117.01166055775,282.19107758400116,1.5000000000000098,1.5,3600
2026-05,78,2084699,2084699,2026-05-26T14:18:48+00:00,2026-05-26T14:18:48+00:00,77518.13809690508,77568.13809690508,-1,50.0,200.0,,False,sl,0.0,-0.05,0.07754313809690508,-0.1275431380969051,0.001,vwap_initial,1,77117.01166055775,282.19107758400116,1.4214710109958237,1.5,3600
2026-05,80,2089139,2089139,2026-05-26T15:32:50+00:00,2026-05-26T15:32:50+00:00,76520.99882258018,76470.99882258018,1,50.0,200.0,,False,sl,0.0,-0.05,0.07649599882258018,-0.12649599882258017,0.001,vwap_initial,-1,76895.072852519,277.49974642590917,1.3480157540925997,1.5,3600
2026-05,79,2089139,2089146,2026-05-26T15:32:50+00:00,2026-05-26T15:32:57+00:00,76478.82323288014,76428.82323288014,1,50.0,200.0,,False,sl,7.0,-0.05,0.07645382323288014,-0.12645382323288012,0.001,vwap_initial,-1,76895.072852519,277.49974642590917,1.5000000000000133,1.5,3600
2026-05,81,2089932,2090312,2026-05-26T15:46:03+00:00,2026-05-26T15:52:23+00:00,76396.70842595455,76346.70842595455,1,50.0,200.0,,False,sl,380.0,-0.05,0.07637170842595456,-0.12637170842595458,0.001,vwap_inversion_flip,-1,76652.74549657216,246.28300526098604,1.0396051093589718,1.5,3600
2026-05,82,2095559,2095559,2026-05-26T17:21:02+00:00,2026-05-26T17:21:02+00:00,76320.22469035497,76270.22469035497,1,50.0,200.0,,False,sl,0.0,-0.05,0.07629522469035498,-0.12629522469035498,0.001,vwap_initial,-1,76480.83799471825,107.07553624218711,1.5000000000000606,1.5,3600
2026-05,83,2095559,2095559,2026-05-26T17:21:02+00:00,2026-05-26T17:21:02+00:00,76266.68692223389,76216.68692223389,1,50.0,200.0,,False,sl,0.0,-0.05,0.07624168692223389,-0.1262416869222339,0.001,vwap_initial,-1,76480.83799471825,107.07553624218711,1.9999999999999452,2.0,3600
2026-05,84,2095559,2095767,2026-05-26T17:21:02+00:00,2026-05-26T17:24:30+00:00,76213.14915411279,76163.14915411279,1,50.0,200.0,,False,sl,208.0,-0.05,0.07618814915411279,-0.1261881491541128,0.001,vwap_initial,-1,76480.83799471825,107.07553624218711,2.4999999999999654,2.5,3600
2026-05,85,2095567,2095768,2026-05-26T17:21:10+00:00,2026-05-26T17:24:31+00:00,76183.91471974629,76133.91471974629,1,50.0,200.0,,False,sl,201.0,-0.05,0.0761589147197463,-0.1261589147197463,0.001,vwap_initial,-1,76479.37525014048,108.76012536873189,2.7166255039931873,1.5,3600
2026-05,87,2163539,2163539,2026-05-27T13:09:22+00:00,2026-05-27T13:09:22+00:00,75607.6960924324,75557.6960924324,1,50.0,200.0,,False,sl,0.0,-0.05,0.0755826960924324,-0.1255826960924324,0.001,vwap_initial,-1,75783.73411364845,162.4858346741768,1.0834053415736282,1.5,3600
2026-05,86,2163539,2163541,2026-05-27T13:09:22+00:00,2026-05-27T13:09:24+00:00,75540.00536163719,75490.00536163719,1,50.0,200.0,,False,sl,2.0,-0.05,0.07551500536163719,-0.12551500536163718,0.001,vwap_initial,-1,75783.73411364845,162.4858346741768,1.4999999999999596,1.5,3600
2026-05,88,2163539,2163541,2026-05-27T13:09:22+00:00,2026-05-27T13:09:24+00:00,75540.08633133979,75490.08633133979,1,50.0,200.0,,False,sl,2.0,-0.05,0.07551508633133978,-0.1255150863313398,0.001,vwap_initial,-1,75783.73411364845,162.4858346741768,1.4995016814680069,2.0,3600
2026-05,89,2163546,2163788,2026-05-27T13:09:29+00:00,2026-05-27T13:13:31+00:00,75472.47657024719,75422.47657024719,1,50.0,200.0,,False,sl,242.0,-0.05,0.0754474765702472,-0.12544747657024719,0.001,vwap_initial,-1,75781.23230458633,164.28278028766468,1.8794162954784213,2.5,3600
2026-05,91,2251919,2251919,2026-05-28T14:12:12+00:00,2026-05-28T14:12:12+00:00,72669.58745977299,72619.58745977299,1,50.0,200.0,,False,sl,0.0,-0.05,0.072644587459773,-0.122644587459773,0.001,vwap_initial,-1,72902.27566472886,171.73290987896286,1.3549424226252005,1.5,3600
2026-05,90,2251919,2251928,2026-05-28T14:12:12+00:00,2026-05-28T14:12:21+00:00,72644.67629991042,72594.67629991042,1,50.0,200.0,,False,sl,9.0,-0.05,0.07261967629991042,-0.12261967629991043,0.001,vwap_initial,-1,72902.27566472886,171.73290987896286,1.4999999999999611,1.5,3600
2026-05,92,2253989,2254325,2026-05-28T14:46:43+00:00,2026-05-28T14:52:19+00:00,72704.43476610087,72904.43476610087,1,50.0,200.0,,False,tp,336.0,0.2,0.07280443476610086,0.12719556523389913,0.001,vwap_inversion_flip,-1,73013.94477871357,238.09184671878242,1.2999605693271765,1.5,3600
2026-05,93,2338799,2338799,2026-05-29T15:29:20+00:00,2026-05-29T15:29:20+00:00,73630.21436125861,73680.21436125861,-1,50.0,200.0,,False,sl,0.0,-0.05,0.07365521436125862,-0.12365521436125862,0.001,vwap_initial,1,73254.26282502216,359.75364277408454,1.045024960240735,1.5,3600
2026-05,94,2338979,2338979,2026-05-29T15:32:20+00:00,2026-05-29T15:32:20+00:00,73661.83622289824,73711.83622289824,-1,50.0,200.0,,False,sl,0.0,-0.05,0.07368683622289825,-0.12368683622289825,0.001,vwap_initial,1,73304.71758099702,357.8583756601676,0.9979328868366428,1.5,3600
2026-05,95,2338979,2339027,2026-05-29T15:32:20+00:00,2026-05-29T15:33:08+00:00,73832.83435637002,73882.83435637002,-1,50.0,200.0,,False,sl,48.0,-0.05,0.07385783435637003,-0.12385783435637003,0.001,vwap_initial,1,73304.71758099702,357.8583756601676,1.4757703362363426,2.0,3600
2026-05,96,2338981,2339028,2026-05-29T15:32:22+00:00,2026-05-29T15:33:09+00:00,73841.50514448727,73891.50514448727,-1,50.0,200.0,,False,sl,47.0,-0.05,0.07386650514448727,-0.12386650514448727,0.001,vwap_initial,1,73304.98373120803,357.9062394091489,1.4990557699272034,1.5,3600
2026-05,98,2339038,2339038,2026-05-29T15:33:19+00:00,2026-05-29T15:33:19+00:00,74003.83248984179,74053.83248984179,-1,50.0,200.0,,False,sl,0.0,-0.05,0.0740288324898418,-0.1240288324898418,0.001,vwap_initial,1,73352.08826446424,379.3276191972369,1.7181565285354763,2.5,3600
2026-05,97,2339038,2339180,2026-05-29T15:33:19+00:00,2026-05-29T15:35:41+00:00,74020.43433231735,74070.43433231735,-1,50.0,200.0,,False,sl,142.0,-0.05,0.07404543433231736,-0.12404543433231736,0.001,vwap_initial,1,73352.08826446424,379.3276191972369,1.7619230291417183,2.0,3600
2026-05,100,2339279,2339279,2026-05-29T15:37:20+00:00,2026-05-29T15:37:20+00:00,73843.36015373297,73893.36015373297,-1,50.0,200.0,,False,sl,0.0,-0.05,0.07386836015373296,-0.12386836015373297,0.001,vwap_initial,1,73458.89584461258,415.40141178610855,0.9255248013416779,1.5,3600
2026-05,102,2339375,2339375,2026-05-29T15:38:56+00:00,2026-05-29T15:38:56+00:00,73864.7255943966,73914.7255943966,-1,50.0,200.0,,False,sl,0.0,-0.05,0.0738897255943966,-0.12388972559439661,0.001,vwap_inversion_flip,1,73483.58569556187,413.79395785310635,0.9210861869810995,1.5,3600
2026-05,101,2339279,2339381,2026-05-29T15:37:20+00:00,2026-05-29T15:39:02+00:00,74049.5517130015,74099.5517130015,-1,50.0,200.0,74089.7,True,soft_sl,102.0,-0.05,0.07407455171300151,-0.12407455171300151,0.001,vwap_initial,1,73458.89584461258,415.40141178610855,1.4218918174814996,2.0,3600
2026-05,99,2339279,2339496,2026-05-29T15:37:20+00:00,2026-05-29T15:40:57+00:00,74081.99796229175,74131.99796229175,-1,50.0,200.0,74089.7,True,soft_sl,217.0,-0.05,0.07410699796229174,-0.12410699796229174,0.001,vwap_initial,1,73458.89584461258,415.40141178610855,1.5000000000000153,1.5,3600
2026-05,103,2339375,2339496,2026-05-29T15:38:56+00:00,2026-05-29T15:40:57+00:00,74074.57415558615,74124.57415558615,-1,50.0,200.0,,False,sl,121.0,-0.05,0.07409957415558616,-0.12409957415558616,0.001,vwap_inversion_flip,1,73483.58569556187,413.79395785310635,1.4282191627217444,2.0,3600
2026-05,104,2381819,2381819,2026-05-30T04:35:31+00:00,2026-05-30T04:35:31+00:00,73282.29167956489,73232.29167956489,1,50.0,200.0,,False,sl,0.0,-0.05,0.0732572916795649,-0.12325729167956491,0.001,vwap_initial,-1,73382.41700068061,123.43517188221247,0.811157140942458,1.5,3600
2026-05,105,2381822,2383327,2026-05-30T04:35:34+00:00,2026-05-30T05:01:43+00:00,73197.26424285729,73397.26424285729,1,50.0,200.0,73239.5,True,tp,1569.0,0.2,0.07329726424285729,0.12670273575714272,0.001,vwap_initial,-1,73381.35277306949,123.77591875083444,1.487272581533257,1.5,3600
2026-05,106,2381822,2383327,2026-05-30T04:35:34+00:00,2026-05-30T05:01:43+00:00,73207.80051615987,73407.80051615987,1,50.0,200.0,73239.5,True,tp,1569.0,0.2,0.07330780051615987,0.12669219948384014,0.001,vwap_initial,-1,73381.35277306949,123.77591875083444,1.4021488077902153,2.0,3600
2026-05,107,2382082,2383523,2026-05-30T04:39:59+00:00,2026-05-30T05:05:12+00:00,73258.291365824,73458.291365824,1,50.0,200.0,,False,tp,1513.0,0.2,0.073358291365824,0.126641708634176,0.001,vwap_inversion_flip,-1,73359.01877638987,122.15193039718355,0.8246076033211427,1.5,3600
