file,cell,trade_idx,direction,entry_price,exit_price,stop_usd,target_usd,exit_reason,hold_secs,pnl_usd,fee_usd,net_pnl_usd,entry_triggered_by,qty_btc
2025-04,A1_qty001_1x2x,0,1,78116.4,78311.79999999999,97.69999999999709,195.39999999999418,tp,172.0,0.11728359999999419,0.0781164,0.039167199999994184,ifvg_clean,0.001
2025-04,A1_qty001_1x2x,1,-1,74785.0,74840.0,55.0,110.0,sl,37.0,-0.129785,0.074785,-0.20457000000000003,ifvg_clean,0.001
2025-04,A1_qty001_1x2x,2,-1,76115.3,76187.0,71.69999999999709,143.39999999999418,sl,102.0,-0.1478152999999971,0.07611530000000001,-0.2239305999999971,ifvg_clean,0.001
2025-04,A1_qty001_1x2x,3,1,76392.0,76485.79999999999,46.89999999999418,93.79999999998836,tp,22.0,0.017407999999988363,0.076392,-0.05898400000001164,ifvg_clean,0.001
2025-04,A1_qty001_1x2x,4,-1,76876.0,76889.7,37.69999999999709,75.39999999999418,inv,0.0,-0.09057599999999709,0.076876,-0.1674519999999971,ifvg_clean,0.001
2025-04,A1_qty001_1x2x,5,-1,77348.8,77421.0,80.5,161.0,inv,5.0,-0.1495487999999971,0.07734880000000001,-0.2268975999999971,ifvg_clean,0.001
2025-04,A1_qty001_1x2x,6,-1,77844.1,77793.70000000001,25.19999999999709,50.39999999999418,tp,10.0,-0.027444100000005835,0.07784410000000001,-0.10528820000000585,ifvg_clean,0.001
2025-04,A1_qty001_1x2x,7,-1,76946.1,76977.40000000001,31.30000000000291,62.60000000000582,sl,3.0,-0.10824610000000291,0.0769461,-0.18519220000000292,ifvg_clean,0.001
2025-04,A1_qty001_1x2x,8,1,77517.3,77425.5,94.0,188.0,inv,36.0,-0.16931730000000292,0.07751730000000001,-0.24683460000000293,ifvg_clean,0.001
2025-04,A1_qty001_1x2x,9,1,77168.0,77129.9,45.60000000000582,91.20000000001164,inv,129.0,-0.11526800000000584,0.07716800000000001,-0.19243600000000585,ifvg_clean,0.001
2025-04,A1_qty001_1x2x,10,1,77720.1,77664.1,56.0,112.0,sl,196.0,-0.1337201,0.0777201,-0.21144020000000002,ifvg_clean,0.001
2025-04,A1_qty001_1x2x,11,1,77579.1,77698.70000000001,59.80000000000291,119.60000000000582,tp,95.0,0.042020900000005815,0.07757910000000001,-0.0355581999999942,ifvg_clean,0.001
2025-04,A1_qty001_1x2x,12,-1,77883.3,77796.90000000001,43.19999999999709,86.39999999999418,tp,2.0,0.008516699999994173,0.0778833,-0.06936660000000583,ifvg_clean,0.001
2025-04,A1_qty001_1x2x,13,1,78295.3,78384.70000000003,44.70000000001164,89.40000000002328,tp,0.0,0.011104700000023282,0.0782953,-0.06719059999997672,ifvg_clean,0.001
2025-04,A1_qty001_1x2x,14,-1,78526.7,78573.9,52.0,104.0,inv,6.0,-0.12572669999999708,0.0785267,-0.2042533999999971,ifvg_clean,0.001
2025-04,A1_qty001_1x2x,15,1,82677.8,82754.2,38.19999999999709,76.39999999999418,tp,6.0,-0.006277800000005829,0.08267780000000001,-0.08895560000000584,ifvg_clean,0.001
2025-04,A1_qty001_1x2x,16,-1,82357.3,82381.59999999999,24.29999999998836,48.59999999997672,sl,8.0,-0.10665729999998837,0.08235730000000001,-0.18901459999998838,ifvg_clean,0.001
2025-04,A1_qty001_1x2x,17,1,83085.3,83308.09999999999,111.39999999999418,222.79999999998836,tp,36.0,0.13971469999998837,0.0830853,0.05662939999998837,ifvg_clean,0.001
2025-04,A1_qty001_1x2x,18,1,82957.3,83014.3,28.5,57.0,tp,6.0,-0.02595730000000001,0.08295730000000001,-0.10891460000000003,ifvg_clean,0.001
2025-04,A1_qty001_1x2x,19,-1,81509.2,81538.09999999999,28.89999999999418,57.79999999998836,sl,1.0,-0.11040919999999417,0.08150919999999999,-0.19191839999999416,ifvg_clean,0.001
2025-04,A1_qty001_1x2x,20,1,78751.0,78633.4,119.40000000000873,238.80000000001746,inv,248.0,-0.19635100000000583,0.078751,-0.27510200000000584,ifvg_clean,0.001
2025-04,A1_qty001_1x2x,21,1,79173.2,79153.09999999999,20.10000000000582,40.20000000001164,inv,0.0,-0.09927320000000582,0.0791732,-0.17844640000000583,ifvg_clean,0.001
2025-04,A1_qty001_1x2x,22,-1,79266.6,79300.5,40.0,80.0,inv,6.0,-0.11316659999999418,0.0792666,-0.1924331999999942,ifvg_clean,0.001
2025-04,A1_qty001_1x2x,23,1,79236.5,79341.9,52.69999999999709,105.39999999999418,tp,109.0,0.026163499999994178,0.0792365,-0.053073000000005824,ifvg_clean,0.001
2025-04,A1_qty001_1x2x,24,1,79415.7,79405.5,21.10000000000582,42.20000000001164,inv,7.0,-0.08961569999999709,0.0794157,-0.1690313999999971,ifvg_clean,0.001
2025-04,A1_qty001_1x2x,25,-1,80280.1,80331.20000000001,51.10000000000582,102.20000000001164,inv,272.0,-0.13138010000000583,0.08028010000000001,-0.21166020000000585,ifvg_clean,0.001
2025-04,A1_qty001_1x2x,26,1,80627.9,80584.29999999999,43.60000000000582,87.20000000001164,sl,7.0,-0.12422790000000583,0.0806279,-0.20485580000000583,ifvg_clean,0.001
2025-04,A1_qty001_1x2x,27,1,80543.8,80596.20000000003,26.20000000001164,52.40000000002328,tp,78.0,-0.02814379999997673,0.08054380000000001,-0.10868759999997674,ifvg_clean,0.001
2025-04,A1_qty001_1x2x,28,-1,80779.6,80808.3,37.80000000000291,75.60000000000582,inv,1.0,-0.1094795999999971,0.08077960000000001,-0.1902591999999971,ifvg_clean,0.001
2025-04,A1_qty001_1x2x,29,1,80874.3,80977.50000000001,51.60000000000582,103.20000000001164,tp,16.0,0.022325700000011633,0.08087430000000001,-0.05854859999998838,ifvg_clean,0.001
2025-04,A1_qty001_1x2x,30,1,82690.8,82669.8,21.0,42.0,sl,4.0,-0.10369080000000001,0.08269080000000001,-0.18638160000000004,ifvg_clean,0.001
2025-04,A1_qty001_1x2x,31,-1,82286.5,82346.0,59.5,119.0,inv,37.0,-0.1417865,0.0822865,-0.22407300000000002,ifvg_clean,0.001
2025-04,A1_qty001_1x2x,32,1,82123.8,81985.5,147.39999999999418,294.79999999998836,inv,48.0,-0.22042380000000295,0.08212380000000001,-0.30254760000000297,ifvg_clean,0.001
2025-04,A1_qty001_1x2x,33,-1,82462.4,82515.0,56.30000000000291,112.60000000000582,inv,181.0,-0.13506240000000583,0.0824624,-0.21752480000000585,ifvg_clean,0.001
2025-04,A1_qty001_1x2x,34,1,85652.4,85619.5,45.10000000000582,90.20000000001164,inv,2.0,-0.11855239999999417,0.0856524,-0.2042047999999942,ifvg_clean,0.001
2025-04,A1_qty001_1x2x,35,1,84929.0,84910.1,34.59999999999127,69.19999999998254,inv,18.0,-0.10382899999999418,0.084929,-0.18875799999999418,ifvg_clean,0.001
2025-04,A1_qty001_1x2x,36,-1,85329.7,85354.9,77.59999999999127,155.19999999998254,inv,0.0,-0.1105296999999971,0.08532970000000001,-0.1958593999999971,ifvg_clean,0.001
2025-04,A1_qty001_1x2x,37,-1,83748.0,83677.79999999999,35.10000000000582,70.20000000001164,tp,42.0,-0.013547999999988361,0.083748,-0.09729599999998836,ifvg_clean,0.001
2025-04,A1_qty001_1x2x,38,-1,83657.4,83703.9,46.5,93.0,sl,4.0,-0.13015739999999998,0.08365739999999999,-0.21381479999999997,ifvg_clean,0.001
2025-04,A1_qty001_1x2x,39,1,84531.9,84483.5,48.39999999999418,96.79999999998836,sl,100.0,-0.13293189999999416,0.0845319,-0.21746379999999416,ifvg_clean,0.001
2025-04,A1_qty001_1x2x,40,-1,84824.9,84870.1,47.0,94.0,inv,43.0,-0.13002490000001163,0.0848249,-0.21484980000001164,ifvg_clean,0.001
2025-04,A1_qty001_1x2x,41,1,87439.7,87415.3,24.39999999999418,48.79999999998836,sl,22.0,-0.11183969999999419,0.08743970000000001,-0.1992793999999942,ifvg_clean,0.001
2025-04,A1_qty001_1x2x,42,1,87390.6,87748.6,179.0,358.0,tp,558.0,0.2706094,0.08739060000000001,0.1832188,ifvg_clean,0.001
2025-04,A1_qty001_1x2x,43,-1,87927.6,87946.1,25.90000000000873,51.80000000001746,inv,16.0,-0.10642760000000001,0.08792760000000001,-0.1943552,ifvg_clean,0.001
2025-04,A1_qty001_1x2x,44,1,88066.7,88133.09999999999,33.19999999999709,66.39999999999418,tp,50.0,-0.021666700000005812,0.0880667,-0.10973340000000581,ifvg_clean,0.001
2025-04,A1_qty001_1x2x,45,-1,86899.9,86995.8,95.90000000000873,191.80000000001746,sl,51.0,-0.18279990000000873,0.0868999,-0.2696998000000087,ifvg_clean,0.001
2025-04,A1_qty001_1x2x,46,1,87553.5,87671.09999999998,58.79999999998836,117.59999999997672,tp,327.0,0.030046499999976717,0.0875535,-0.05750700000002329,ifvg_clean,0.001
2025-04,A1_qty001_1x2x,47,1,89684.3,89653.5,30.80000000000291,61.60000000000582,sl,9.0,-0.12048430000000292,0.08968430000000001,-0.21016860000000293,ifvg_clean,0.001
2025-04,A1_qty001_1x2x,48,1,90174.0,90128.1,45.89999999999418,91.79999999998836,sl,9.0,-0.1360739999999942,0.090174,-0.2262479999999942,ifvg_clean,0.001
2025-04,A1_qty001_1x2x,49,1,89975.4,89904.29999999999,71.10000000000582,142.20000000001164,sl,7.0,-0.1610754000000058,0.0899754,-0.2510508000000058,ifvg_clean,0.001
2025-04,A1_qty001_1x2x,50,1,90108.7,90248.7,70.0,140.0,tp,304.0,0.04989130000000001,0.0901087,-0.040217399999999986,ifvg_clean,0.001
2025-04,A1_qty001_1x2x,51,-1,90318.3,90337.7,30.30000000000291,60.60000000000582,inv,8.0,-0.10971829999999419,0.0903183,-0.20003659999999418,ifvg_clean,0.001
2025-04,A1_qty001_1x2x,52,1,90633.2,90681.99999999999,24.39999999999418,48.79999999998836,tp,11.0,-0.04183320000001165,0.09063320000000001,-0.13246640000001167,ifvg_clean,0.001
2025-04,A1_qty001_1x2x,53,-1,91176.1,91211.6,37.70000000001164,75.40000000002328,inv,31.0,-0.1266761,0.09117610000000001,-0.21785220000000002,ifvg_clean,0.001
2025-04,A1_qty001_1x2x,54,-1,91268.0,91224.0,22.0,44.0,tp,24.0,-0.047268000000000004,0.091268,-0.138536,ifvg_clean,0.001
2025-04,A1_qty001_1x2x,55,-1,91503.0,91414.6,44.19999999999709,88.39999999999418,tp,12.0,-0.0031030000000058233,0.091503,-0.09460600000000582,ifvg_clean,0.001
2025-04,A1_qty001_1x2x,56,-1,92320.0,92366.0,46.0,92.0,sl,105.0,-0.13832,0.09232000000000001,-0.23064,ifvg_clean,0.001
2025-04,A1_qty001_1x2x,57,1,92736.1,92707.3,33.80000000000291,67.60000000000582,inv,46.0,-0.12153610000000292,0.09273610000000002,-0.21427220000000294,ifvg_clean,0.001
2025-04,A1_qty001_1x2x,58,1,93499.9,93544.29999999999,22.19999999999709,44.39999999999418,tp,70.0,-0.04909990000000582,0.0934999,-0.14259980000000583,ifvg_clean,0.001
2025-04,A1_qty001_1x2x,59,-1,92988.2,93069.9,81.69999999999709,163.39999999999418,sl,425.0,-0.17468819999999707,0.0929882,-0.26767639999999704,ifvg_clean,0.001
2025-04,A1_qty001_1x2x,60,-1,93260.5,93284.7,24.19999999999709,48.39999999999418,sl,29.0,-0.1174604999999971,0.09326050000000001,-0.2107209999999971,ifvg_clean,0.001
2025-04,A1_qty001_1x2x,61,-1,94004.4,94088.5,84.10000000000582,168.20000000001164,sl,50.0,-0.17810440000000582,0.09400439999999999,-0.2721088000000058,ifvg_clean,0.001
2025-04,A1_qty001_1x2x,62,-1,95218.8,95276.0,61.5,123.0,inv,161.0,-0.1524187999999971,0.0952188,-0.24763759999999713,ifvg_clean,0.001
2025-04,A1_qty001_1x2x,63,-1,95111.5,95167.1,55.60000000000582,111.20000000001164,sl,77.0,-0.15071150000000583,0.09511150000000002,-0.24582300000000584,ifvg_clean,0.001
2025-04,A1_qty001_1x2x,64,-1,94982.4,94883.20000000001,49.59999999999127,99.19999999998254,tp,441.0,0.004217599999982544,0.0949824,-0.09076480000001745,ifvg_clean,0.001
2025-04,A1_qty001_1x2x,65,-1,94476.6,94501.90000000001,25.30000000000291,50.60000000000582,sl,22.0,-0.11977660000000293,0.09447660000000001,-0.21425320000000292,ifvg_clean,0.001
2025-04,A1_qty001_1x2x,66,-1,93870.5,93790.5,40.0,80.0,tp,277.0,-0.013870500000000008,0.09387050000000001,-0.10774100000000002,ifvg_clean,0.001
2025-04,A1_qty001_1x2x,67,1,93645.2,93629.5,22.60000000000582,45.20000000001164,inv,38.0,-0.10934519999999709,0.0936452,-0.20299039999999707,ifvg_clean,0.001
2025-04,A2_qty001_5x10x,0,1,78116.4,79093.39999999997,488.49999999998545,976.9999999999709,tp,2809.0,0.8988835999999709,0.0781164,0.8207671999999709,ifvg_clean,0.001
2025-04,A2_qty001_5x10x,1,-1,74785.0,75060.0,275.0,550.0,sl,84.0,-0.349785,0.074785,-0.42457,ifvg_clean,0.001
2025-04,A2_qty001_5x10x,2,-1,76115.3,76473.79999999999,358.49999999998545,716.9999999999709,sl,1164.0,-0.43461529999998544,0.07611530000000001,-0.5107305999999855,ifvg_clean,0.001
2025-04,A2_qty001_5x10x,3,1,76392.0,76860.99999999994,234.4999999999709,468.9999999999418,tp,456.0,0.3926079999999418,0.076392,0.31621599999994177,ifvg_clean,0.001
2025-04,A2_qty001_5x10x,4,-1,76876.0,76889.7,188.49999999998545,376.9999999999709,inv,0.0,-0.09057599999999709,0.076876,-0.1674519999999971,ifvg_clean,0.001
2025-04,A2_qty001_5x10x,5,-1,77348.8,77421.0,402.5,805.0,inv,5.0,-0.1495487999999971,0.07734880000000001,-0.2268975999999971,ifvg_clean,0.001
2025-04,A2_qty001_5x10x,6,-1,77844.1,77592.10000000003,125.99999999998545,251.9999999999709,tp,98.0,0.1741558999999709,0.07784410000000001,0.09631179999997087,ifvg_clean,0.001
2025-04,A2_qty001_5x10x,7,-1,76946.1,77102.60000000002,156.50000000001455,313.0000000000291,sl,30.0,-0.23344610000001453,0.0769461,-0.31039220000001455,ifvg_clean,0.001
2025-04,A2_qty001_5x10x,8,1,77517.3,77425.5,470.0,940.0,inv,36.0,-0.16931730000000292,0.07751730000000001,-0.24683460000000293,ifvg_clean,0.001
2025-04,A2_qty001_5x10x,9,1,77168.0,77129.9,228.0000000000291,456.0000000000582,inv,129.0,-0.11526800000000584,0.07716800000000001,-0.19243600000000585,ifvg_clean,0.001
2025-04,A2_qty001_5x10x,10,1,77579.1,78177.10000000003,299.00000000001455,598.0000000000291,tp,1468.0,0.520420900000029,0.07757910000000001,0.44284180000002904,ifvg_clean,0.001
2025-04,A2_qty001_5x10x,11,1,77720.1,78280.1,280.0,560.0,tp,2535.0,0.48227990000000004,0.0777201,0.4045598,ifvg_clean,0.001
2025-04,A2_qty001_5x10x,12,-1,77883.3,78003.7,215.99999999998545,431.9999999999709,inv,28.0,-0.19828329999999417,0.0778833,-0.27616659999999416,ifvg_clean,0.001
2025-04,A2_qty001_5x10x,13,-1,78526.7,78573.9,260.0,520.0,inv,6.0,-0.12572669999999708,0.0785267,-0.2042533999999971,ifvg_clean,0.001
2025-04,A2_qty001_5x10x,14,1,78295.3,78742.30000000012,223.5000000000582,447.0000000001164,tp,17.0,0.3687047000001164,0.0782953,0.2904094000001164,ifvg_clean,0.001
2025-04,A2_qty001_5x10x,15,1,82677.8,82486.80000000002,190.99999999998545,381.9999999999709,sl,76.0,-0.2736777999999855,0.08267780000000001,-0.3563555999999855,ifvg_clean,0.001
2025-04,A2_qty001_5x10x,16,-1,82357.3,82478.79999999994,121.49999999994179,242.99999999988358,sl,521.0,-0.2038572999999418,0.08235730000000001,-0.2862145999999418,ifvg_clean,0.001
2025-04,A2_qty001_5x10x,17,1,82957.3,82929.0,142.5,285.0,inv,26.0,-0.11125730000000292,0.08295730000000001,-0.19421460000000293,ifvg_clean,0.001
2025-04,A2_qty001_5x10x,18,1,83085.3,82528.30000000003,556.9999999999709,1113.9999999999418,sl,10192.0,-0.640085299999971,0.0830853,-0.723170599999971,ifvg_clean,0.001
2025-04,A2_qty001_5x10x,19,-1,81509.2,81653.69999999997,144.4999999999709,288.9999999999418,sl,165.0,-0.22600919999997088,0.08150919999999999,-0.3075183999999709,ifvg_clean,0.001
2025-04,A2_qty001_5x10x,20,1,78751.0,78633.4,597.0000000000437,1194.0000000000873,inv,248.0,-0.19635100000000583,0.078751,-0.27510200000000584,ifvg_clean,0.001
2025-04,A2_qty001_5x10x,21,1,79173.2,79139.4,100.5000000000291,201.0000000000582,inv,24.0,-0.11297320000000291,0.0791732,-0.1921464000000029,ifvg_clean,0.001
2025-04,A2_qty001_5x10x,22,-1,79266.6,79300.5,200.0,400.0,inv,6.0,-0.11316659999999418,0.0792666,-0.1924331999999942,ifvg_clean,0.001
2025-04,A2_qty001_5x10x,23,1,79236.5,79763.49999999997,263.49999999998545,526.9999999999709,tp,645.0,0.44776349999997095,0.0792365,0.36852699999997096,ifvg_clean,0.001
2025-04,A2_qty001_5x10x,24,1,79415.7,79405.5,105.5000000000291,211.0000000000582,inv,7.0,-0.08961569999999709,0.0794157,-0.1690313999999971,ifvg_clean,0.001
2025-04,A2_qty001_5x10x,25,-1,80280.1,80339.1,255.5000000000291,511.0000000000582,inv,365.0,-0.13928010000000002,0.08028010000000001,-0.21956020000000004,ifvg_clean,0.001
2025-04,A2_qty001_5x10x,26,1,80627.9,81063.90000000005,218.0000000000291,436.0000000000582,tp,4230.0,0.35537210000005826,0.0806279,0.2747442000000583,ifvg_clean,0.001
2025-04,A2_qty001_5x10x,27,1,80543.8,80805.80000000012,131.0000000000582,262.0000000001164,tp,685.0,0.18145620000011642,0.08054380000000001,0.1009124000001164,ifvg_clean,0.001
2025-04,A2_qty001_5x10x,28,-1,80779.6,80808.3,189.00000000001455,378.0000000000291,inv,1.0,-0.1094795999999971,0.08077960000000001,-0.1902591999999971,ifvg_clean,0.001
2025-04,A2_qty001_5x10x,29,1,80874.3,81390.30000000006,258.0000000000291,516.0000000000582,tp,193.0,0.4351257000000582,0.08087430000000001,0.35425140000005817,ifvg_clean,0.001
2025-04,A2_qty001_5x10x,30,1,82690.8,82900.8,105.0,210.0,tp,676.0,0.12730919999999998,0.08269080000000001,0.044618399999999975,ifvg_clean,0.001
2025-04,A2_qty001_5x10x,31,-1,82286.5,82348.1,297.5,595.0,inv,40.0,-0.14388650000000583,0.0822865,-0.22617300000000584,ifvg_clean,0.001
2025-04,A2_qty001_5x10x,32,1,82123.8,81985.5,736.9999999999709,1473.9999999999418,inv,48.0,-0.22042380000000295,0.08212380000000001,-0.30254760000000297,ifvg_clean,0.001
2025-04,A2_qty001_5x10x,33,-1,82462.4,82515.0,281.50000000001455,563.0000000000291,inv,181.0,-0.13506240000000583,0.0824624,-0.21752480000000585,ifvg_clean,0.001
2025-04,A2_qty001_5x10x,34,1,85652.4,85619.5,225.5000000000291,451.0000000000582,inv,2.0,-0.11855239999999417,0.0856524,-0.2042047999999942,ifvg_clean,0.001
2025-04,A2_qty001_5x10x,35,1,84929.0,84910.1,172.99999999995634,345.9999999999127,inv,18.0,-0.10382899999999418,0.084929,-0.18875799999999418,ifvg_clean,0.001
2025-04,A2_qty001_5x10x,36,-1,85329.7,85354.9,387.99999999995634,775.9999999999127,inv,0.0,-0.1105296999999971,0.08532970000000001,-0.1958593999999971,ifvg_clean,0.001
2025-04,A2_qty001_5x10x,37,-1,83657.4,83889.9,232.5,465.0,sl,36.0,-0.31615740000000003,0.08365739999999999,-0.3998148,ifvg_clean,0.001
2025-04,A2_qty001_5x10x,38,-1,83748.0,83923.50000000003,175.5000000000291,351.0000000000582,sl,113.0,-0.2592480000000291,0.083748,-0.3429960000000291,ifvg_clean,0.001
2025-04,A2_qty001_5x10x,39,1,84531.9,85015.89999999994,241.9999999999709,483.9999999999418,tp,3743.0,0.3994680999999418,0.0845319,0.3149361999999418,ifvg_clean,0.001
2025-04,A2_qty001_5x10x,40,-1,84824.9,84870.1,235.0,470.0,inv,43.0,-0.13002490000001163,0.0848249,-0.21484980000001164,ifvg_clean,0.001
2025-04,A2_qty001_5x10x,41,1,87439.7,87317.70000000003,121.9999999999709,243.9999999999418,sl,231.0,-0.20943969999997092,0.08743970000000001,-0.2968793999999709,ifvg_clean,0.001
2025-04,A2_qty001_5x10x,42,-1,87927.6,87946.1,129.50000000004366,259.0000000000873,inv,16.0,-0.10642760000000001,0.08792760000000001,-0.1943552,ifvg_clean,0.001
2025-04,A2_qty001_5x10x,43,1,88066.7,87900.70000000001,165.99999999998545,331.9999999999709,sl,1333.0,-0.25406669999998543,0.0880667,-0.34213339999998543,ifvg_clean,0.001
2025-04,A2_qty001_5x10x,44,1,87390.6,86495.6,895.0,1790.0,sl,10464.0,-0.9823906,0.08739060000000001,-1.0697812,ifvg_clean,0.001
2025-04,A2_qty001_5x10x,45,-1,86899.9,87379.40000000004,479.50000000004366,959.0000000000873,sl,8109.0,-0.5663999000000437,0.0868999,-0.6532998000000437,ifvg_clean,0.001
2025-04,A2_qty001_5x10x,46,1,87553.5,88141.49999999988,293.9999999999418,587.9999999998836,tp,665.0,0.5004464999998837,0.0875535,0.41289299999988366,ifvg_clean,0.001
2025-04,A2_qty001_5x10x,47,1,89684.3,89992.30000000003,154.00000000001455,308.0000000000291,tp,313.0,0.2183157000000291,0.08968430000000001,0.1286314000000291,ifvg_clean,0.001
2025-04,A2_qty001_5x10x,48,1,90174.0,89944.50000000003,229.4999999999709,458.9999999999418,sl,424.0,-0.3196739999999709,0.090174,-0.4098479999999709,ifvg_clean,0.001
2025-04,A2_qty001_5x10x,49,-1,90318.3,90337.7,151.50000000001455,303.0000000000291,inv,8.0,-0.10971829999999419,0.0903183,-0.20003659999999418,ifvg_clean,0.001
2025-04,A2_qty001_5x10x,50,1,89975.4,90686.40000000005,355.5000000000291,711.0000000000582,tp,2457.0,0.6210246000000582,0.0899754,0.5310492000000582,ifvg_clean,0.001
2025-04,A2_qty001_5x10x,51,1,90108.7,90808.7,350.0,700.0,tp,2417.0,0.6098913,0.0901087,0.5197826,ifvg_clean,0.001
2025-04,A2_qty001_5x10x,52,1,90633.2,90877.19999999994,121.9999999999709,243.9999999999418,tp,329.0,0.1533667999999418,0.09063320000000001,0.06273359999994178,ifvg_clean,0.001
2025-04,A2_qty001_5x10x,53,-1,91176.1,91211.6,188.5000000000582,377.0000000001164,inv,31.0,-0.1266761,0.09117610000000001,-0.21785220000000002,ifvg_clean,0.001
2025-04,A2_qty001_5x10x,54,-1,91268.0,91048.0,110.0,220.0,tp,2308.0,0.128732,0.091268,0.03746400000000001,ifvg_clean,0.001
2025-04,A2_qty001_5x10x,55,-1,91503.0,91566.9,220.99999999998545,441.9999999999709,inv,291.0,-0.15540299999999418,0.091503,-0.24690599999999419,ifvg_clean,0.001
2025-04,A2_qty001_5x10x,56,-1,92320.0,92550.0,230.0,460.0,sl,235.0,-0.32232000000000005,0.09232000000000001,-0.41464000000000006,ifvg_clean,0.001
2025-04,A2_qty001_5x10x,57,1,92736.1,92707.3,169.00000000001455,338.0000000000291,inv,46.0,-0.12153610000000292,0.09273610000000002,-0.21427220000000294,ifvg_clean,0.001
2025-04,A2_qty001_5x10x,58,1,93499.9,93721.89999999997,110.99999999998545,221.9999999999709,tp,1098.0,0.1285000999999709,0.0934999,0.035000199999970893,ifvg_clean,0.001
2025-04,A2_qty001_5x10x,59,-1,92988.2,93396.69999999998,408.49999999998545,816.9999999999709,sl,5578.0,-0.5014881999999854,0.0929882,-0.5944763999999854,ifvg_clean,0.001
2025-04,A2_qty001_5x10x,60,-1,93260.5,93018.50000000003,120.99999999998545,241.9999999999709,tp,288.0,0.14873949999997088,0.09326050000000001,0.05547899999997087,ifvg_clean,0.001
2025-04,A2_qty001_5x10x,61,-1,94004.4,94424.90000000002,420.5000000000291,841.0000000000582,sl,13913.0,-0.5145044000000292,0.09400439999999999,-0.6085088000000292,ifvg_clean,0.001
2025-04,A2_qty001_5x10x,62,-1,95218.8,95276.0,307.5,615.0,inv,161.0,-0.1524187999999971,0.0952188,-0.24763759999999713,ifvg_clean,0.001
2025-04,A2_qty001_5x10x,63,-1,95111.5,95389.50000000003,278.0000000000291,556.0000000000582,sl,1342.0,-0.37311150000002913,0.09511150000000002,-0.46822300000002914,ifvg_clean,0.001
2025-04,A2_qty001_5x10x,64,-1,94982.4,95036.2,247.99999999995634,495.9999999999127,inv,3447.0,-0.14878240000000292,0.0949824,-0.24376480000000292,ifvg_clean,0.001
2025-04,A2_qty001_5x10x,65,-1,94476.6,94223.59999999998,126.50000000001455,253.0000000000291,tp,756.0,0.15852340000002907,0.09447660000000001,0.06404680000002906,ifvg_clean,0.001
2025-04,A2_qty001_5x10x,66,-1,93870.5,93900.5,200.0,400.0,inv,767.0,-0.12387050000000001,0.09387050000000001,-0.21774100000000002,ifvg_clean,0.001
2025-04,A2_qty001_5x10x,67,1,93645.2,93629.5,113.0000000000291,226.0000000000582,inv,38.0,-0.10934519999999709,0.0936452,-0.20299039999999707,ifvg_clean,0.001
2025-04,B1_qty01_1x2x,0,1,78116.4,78311.79999999999,97.69999999999709,195.39999999999418,tp,172.0,1.1728359999999418,0.781164,0.39167199999994184,ifvg_clean,0.01
2025-04,B1_qty01_1x2x,1,-1,74785.0,74840.0,55.0,110.0,sl,37.0,-1.29785,0.74785,-2.0457,ifvg_clean,0.01
2025-04,B1_qty01_1x2x,2,-1,76115.3,76187.0,71.69999999999709,143.39999999999418,sl,102.0,-1.478152999999971,0.7611530000000001,-2.239305999999971,ifvg_clean,0.01
2025-04,B1_qty01_1x2x,3,1,76392.0,76485.79999999999,46.89999999999418,93.79999999998836,tp,22.0,0.17407999999988366,0.7639199999999999,-0.5898400000001163,ifvg_clean,0.01
2025-04,B1_qty01_1x2x,4,-1,76876.0,76889.7,37.69999999999709,75.39999999999418,inv,0.0,-0.9057599999999709,0.76876,-1.674519999999971,ifvg_clean,0.01
2025-04,B1_qty01_1x2x,5,-1,77348.8,77421.0,80.5,161.0,inv,5.0,-1.495487999999971,0.7734880000000001,-2.268975999999971,ifvg_clean,0.01
2025-04,B1_qty01_1x2x,6,-1,77844.1,77793.70000000001,25.19999999999709,50.39999999999418,tp,10.0,-0.2744410000000582,0.778441,-1.0528820000000583,ifvg_clean,0.01
2025-04,B1_qty01_1x2x,7,-1,76946.1,76977.40000000001,31.30000000000291,62.60000000000582,sl,3.0,-1.0824610000000292,0.7694610000000002,-1.8519220000000294,ifvg_clean,0.01
2025-04,B1_qty01_1x2x,8,1,77517.3,77425.5,94.0,188.0,inv,36.0,-1.6931730000000291,0.775173,-2.4683460000000292,ifvg_clean,0.01
2025-04,B1_qty01_1x2x,9,1,77168.0,77129.9,45.60000000000582,91.20000000001164,inv,129.0,-1.1526800000000583,0.77168,-1.9243600000000582,ifvg_clean,0.01
2025-04,B1_qty01_1x2x,10,1,77720.1,77664.1,56.0,112.0,sl,196.0,-1.337201,0.777201,-2.114402,ifvg_clean,0.01
2025-04,B1_qty01_1x2x,11,1,77579.1,77698.70000000001,59.80000000000291,119.60000000000582,tp,95.0,0.420209000000058,0.7757910000000001,-0.3555819999999421,ifvg_clean,0.01
2025-04,B1_qty01_1x2x,12,-1,77883.3,77796.90000000001,43.19999999999709,86.39999999999418,tp,2.0,0.0851669999999417,0.7788330000000001,-0.6936660000000584,ifvg_clean,0.01
2025-04,B1_qty01_1x2x,13,1,78295.3,78384.70000000003,44.70000000001164,89.40000000002328,tp,0.0,0.11104700000023271,0.7829530000000001,-0.6719059999997674,ifvg_clean,0.01
2025-04,B1_qty01_1x2x,14,-1,78526.7,78573.9,52.0,104.0,inv,6.0,-1.2572669999999708,0.7852669999999999,-2.0425339999999705,ifvg_clean,0.01
2025-04,B1_qty01_1x2x,15,1,82677.8,82754.2,38.19999999999709,76.39999999999418,tp,6.0,-0.06277800000005818,0.826778,-0.8895560000000582,ifvg_clean,0.01
2025-04,B1_qty01_1x2x,16,-1,82357.3,82381.59999999999,24.29999999998836,48.59999999997672,sl,8.0,-1.0665729999998836,0.8235730000000001,-1.8901459999998838,ifvg_clean,0.01
2025-04,B1_qty01_1x2x,17,1,83085.3,83308.09999999999,111.39999999999418,222.79999999998836,tp,36.0,1.3971469999998838,0.8308530000000001,0.5662939999998837,ifvg_clean,0.01
2025-04,B1_qty01_1x2x,18,1,82957.3,83014.3,28.5,57.0,tp,6.0,-0.25957300000000005,0.8295730000000001,-1.0891460000000002,ifvg_clean,0.01
2025-04,B1_qty01_1x2x,19,-1,81509.2,81538.09999999999,28.89999999999418,57.79999999998836,sl,1.0,-1.104091999999942,0.815092,-1.9191839999999418,ifvg_clean,0.01
2025-04,B1_qty01_1x2x,20,1,78751.0,78633.4,119.40000000000873,238.80000000001746,inv,248.0,-1.9635100000000585,0.78751,-2.7510200000000586,ifvg_clean,0.01
2025-04,B1_qty01_1x2x,21,1,79173.2,79153.09999999999,20.10000000000582,40.20000000001164,inv,0.0,-0.9927320000000582,0.791732,-1.7844640000000582,ifvg_clean,0.01
2025-04,B1_qty01_1x2x,22,-1,79266.6,79300.5,40.0,80.0,inv,6.0,-1.1316659999999419,0.7926660000000001,-1.924331999999942,ifvg_clean,0.01
2025-04,B1_qty01_1x2x,23,1,79236.5,79341.9,52.69999999999709,105.39999999999418,tp,109.0,0.2616349999999419,0.792365,-0.5307300000000581,ifvg_clean,0.01
2025-04,B1_qty01_1x2x,24,1,79415.7,79405.5,21.10000000000582,42.20000000001164,inv,7.0,-0.8961569999999709,0.794157,-1.690313999999971,ifvg_clean,0.01
2025-04,B1_qty01_1x2x,25,-1,80280.1,80331.20000000001,51.10000000000582,102.20000000001164,inv,272.0,-1.3138010000000584,0.8028010000000001,-2.1166020000000585,ifvg_clean,0.01
2025-04,B1_qty01_1x2x,26,1,80627.9,80584.29999999999,43.60000000000582,87.20000000001164,sl,7.0,-1.242279000000058,0.806279,-2.048558000000058,ifvg_clean,0.01
2025-04,B1_qty01_1x2x,27,1,80543.8,80596.20000000003,26.20000000001164,52.40000000002328,tp,78.0,-0.28143799999976726,0.8054380000000001,-1.0868759999997675,ifvg_clean,0.01
2025-04,B1_qty01_1x2x,28,-1,80779.6,80808.3,37.80000000000291,75.60000000000582,inv,1.0,-1.094795999999971,0.8077960000000001,-1.902591999999971,ifvg_clean,0.01
2025-04,B1_qty01_1x2x,29,1,80874.3,80977.50000000001,51.60000000000582,103.20000000001164,tp,16.0,0.22325700000011628,0.8087430000000001,-0.5854859999998838,ifvg_clean,0.01
2025-04,B1_qty01_1x2x,30,1,82690.8,82669.8,21.0,42.0,sl,4.0,-1.0369080000000002,0.8269080000000001,-1.8638160000000004,ifvg_clean,0.01
2025-04,B1_qty01_1x2x,31,-1,82286.5,82346.0,59.5,119.0,inv,37.0,-1.417865,0.8228650000000001,-2.24073,ifvg_clean,0.01
2025-04,B1_qty01_1x2x,32,1,82123.8,81985.5,147.39999999999418,294.79999999998836,inv,48.0,-2.204238000000029,0.821238,-3.025476000000029,ifvg_clean,0.01
2025-04,B1_qty01_1x2x,33,-1,82462.4,82515.0,56.30000000000291,112.60000000000582,inv,181.0,-1.350624000000058,0.8246239999999999,-2.175248000000058,ifvg_clean,0.01
2025-04,B1_qty01_1x2x,34,1,85652.4,85619.5,45.10000000000582,90.20000000001164,inv,2.0,-1.1855239999999418,0.8565240000000001,-2.0420479999999417,ifvg_clean,0.01
2025-04,B1_qty01_1x2x,35,1,84929.0,84910.1,34.59999999999127,69.19999999998254,inv,18.0,-1.0382899999999418,0.84929,-1.8875799999999416,ifvg_clean,0.01
2025-04,B1_qty01_1x2x,36,-1,85329.7,85354.9,77.59999999999127,155.19999999998254,inv,0.0,-1.1052969999999709,0.8532970000000001,-1.9585939999999709,ifvg_clean,0.01
2025-04,B1_qty01_1x2x,37,-1,83748.0,83677.79999999999,35.10000000000582,70.20000000001164,tp,42.0,-0.13547999999988358,0.83748,-0.9729599999998836,ifvg_clean,0.01
2025-04,B1_qty01_1x2x,38,-1,83657.4,83703.9,46.5,93.0,sl,4.0,-1.301574,0.8365739999999999,-2.138148,ifvg_clean,0.01
2025-04,B1_qty01_1x2x,39,1,84531.9,84483.5,48.39999999999418,96.79999999998836,sl,100.0,-1.3293189999999417,0.8453189999999999,-2.1746379999999417,ifvg_clean,0.01
2025-04,B1_qty01_1x2x,40,-1,84824.9,84870.1,47.0,94.0,inv,43.0,-1.3002490000001163,0.8482489999999999,-2.1484980000001164,ifvg_clean,0.01
2025-04,B1_qty01_1x2x,41,1,87439.7,87415.3,24.39999999999418,48.79999999998836,sl,22.0,-1.1183969999999417,0.874397,-1.9927939999999418,ifvg_clean,0.01
2025-04,B1_qty01_1x2x,42,1,87390.6,87748.6,179.0,358.0,tp,558.0,2.706094,0.8739060000000001,1.8321880000000001,ifvg_clean,0.01
2025-04,B1_qty01_1x2x,43,-1,87927.6,87946.1,25.90000000000873,51.80000000001746,inv,16.0,-1.064276,0.8792760000000001,-1.943552,ifvg_clean,0.01
2025-04,B1_qty01_1x2x,44,1,88066.7,88133.09999999999,33.19999999999709,66.39999999999418,tp,50.0,-0.21666700000005823,0.8806670000000001,-1.0973340000000582,ifvg_clean,0.01
2025-04,B1_qty01_1x2x,45,-1,86899.9,86995.8,95.90000000000873,191.80000000001746,sl,51.0,-1.8279990000000872,0.868999,-2.6969980000000873,ifvg_clean,0.01
2025-04,B1_qty01_1x2x,46,1,87553.5,87671.09999999998,58.79999999998836,117.59999999997672,tp,327.0,0.3004649999997673,0.875535,-0.5750700000002327,ifvg_clean,0.01
2025-04,B1_qty01_1x2x,47,1,89684.3,89653.5,30.80000000000291,61.60000000000582,sl,9.0,-1.2048430000000292,0.8968430000000001,-2.1016860000000293,ifvg_clean,0.01
2025-04,B1_qty01_1x2x,48,1,90174.0,90128.1,45.89999999999418,91.79999999998836,sl,9.0,-1.3607399999999417,0.90174,-2.2624799999999414,ifvg_clean,0.01
2025-04,B1_qty01_1x2x,49,1,89975.4,89904.29999999999,71.10000000000582,142.20000000001164,sl,7.0,-1.6107540000000582,0.8997539999999999,-2.5105080000000584,ifvg_clean,0.01
2025-04,B1_qty01_1x2x,50,1,90108.7,90248.7,70.0,140.0,tp,304.0,0.49891300000000016,0.901087,-0.4021739999999998,ifvg_clean,0.01
2025-04,B1_qty01_1x2x,51,-1,90318.3,90337.7,30.30000000000291,60.60000000000582,inv,8.0,-1.0971829999999418,0.903183,-2.000365999999942,ifvg_clean,0.01
2025-04,B1_qty01_1x2x,52,1,90633.2,90681.99999999999,24.39999999999418,48.79999999998836,tp,11.0,-0.41833200000011644,0.906332,-1.3246640000001164,ifvg_clean,0.01
2025-04,B1_qty01_1x2x,53,-1,91176.1,91211.6,37.70000000001164,75.40000000002328,inv,31.0,-1.2667610000000002,0.9117610000000002,-2.1785220000000005,ifvg_clean,0.01
2025-04,B1_qty01_1x2x,54,-1,91268.0,91224.0,22.0,44.0,tp,24.0,-0.47268000000000004,0.91268,-1.3853600000000001,ifvg_clean,0.01
2025-04,B1_qty01_1x2x,55,-1,91503.0,91414.6,44.19999999999709,88.39999999999418,tp,12.0,-0.031030000000058178,0.91503,-0.9460600000000582,ifvg_clean,0.01
2025-04,B1_qty01_1x2x,56,-1,92320.0,92366.0,46.0,92.0,sl,105.0,-1.3832,0.9232,-2.3064,ifvg_clean,0.01
2025-04,B1_qty01_1x2x,57,1,92736.1,92707.3,33.80000000000291,67.60000000000582,inv,46.0,-1.2153610000000292,0.9273610000000001,-2.1427220000000293,ifvg_clean,0.01
2025-04,B1_qty01_1x2x,58,1,93499.9,93544.29999999999,22.19999999999709,44.39999999999418,tp,70.0,-0.49099900000005814,0.9349989999999999,-1.425998000000058,ifvg_clean,0.01
2025-04,B1_qty01_1x2x,59,-1,92988.2,93069.9,81.69999999999709,163.39999999999418,sl,425.0,-1.746881999999971,0.929882,-2.676763999999971,ifvg_clean,0.01
2025-04,B1_qty01_1x2x,60,-1,93260.5,93284.7,24.19999999999709,48.39999999999418,sl,29.0,-1.1746049999999708,0.932605,-2.107209999999971,ifvg_clean,0.01
2025-04,B1_qty01_1x2x,61,-1,94004.4,94088.5,84.10000000000582,168.20000000001164,sl,50.0,-1.7810440000000582,0.940044,-2.721088000000058,ifvg_clean,0.01
2025-04,B1_qty01_1x2x,62,-1,95218.8,95276.0,61.5,123.0,inv,161.0,-1.524187999999971,0.9521880000000001,-2.4763759999999713,ifvg_clean,0.01
2025-04,B1_qty01_1x2x,63,-1,95111.5,95167.1,55.60000000000582,111.20000000001164,sl,77.0,-1.5071150000000584,0.951115,-2.4582300000000585,ifvg_clean,0.01
2025-04,B1_qty01_1x2x,64,-1,94982.4,94883.20000000001,49.59999999999127,99.19999999998254,tp,441.0,0.04217599999982535,0.949824,-0.9076480000001746,ifvg_clean,0.01
2025-04,B1_qty01_1x2x,65,-1,94476.6,94501.90000000001,25.30000000000291,50.60000000000582,sl,22.0,-1.1977660000000292,0.9447660000000001,-2.1425320000000294,ifvg_clean,0.01
2025-04,B1_qty01_1x2x,66,-1,93870.5,93790.5,40.0,80.0,tp,277.0,-0.13870499999999997,0.938705,-1.07741,ifvg_clean,0.01
2025-04,B1_qty01_1x2x,67,1,93645.2,93629.5,22.60000000000582,45.20000000001164,inv,38.0,-1.093451999999971,0.9364520000000001,-2.029903999999971,ifvg_clean,0.01
2025-04,B2_qty01_5x10x,0,1,78116.4,79093.39999999997,488.49999999998545,976.9999999999709,tp,2809.0,8.98883599999971,0.781164,8.20767199999971,ifvg_clean,0.01
2025-04,B2_qty01_5x10x,1,-1,74785.0,75060.0,275.0,550.0,sl,84.0,-3.49785,0.74785,-4.2457,ifvg_clean,0.01
2025-04,B2_qty01_5x10x,2,-1,76115.3,76473.79999999999,358.49999999998545,716.9999999999709,sl,1164.0,-4.3461529999998545,0.7611530000000001,-5.107305999999855,ifvg_clean,0.01
2025-04,B2_qty01_5x10x,3,1,76392.0,76860.99999999994,234.4999999999709,468.9999999999418,tp,456.0,3.926079999999418,0.7639199999999999,3.1621599999994183,ifvg_clean,0.01
2025-04,B2_qty01_5x10x,4,-1,76876.0,76889.7,188.49999999998545,376.9999999999709,inv,0.0,-0.9057599999999709,0.76876,-1.674519999999971,ifvg_clean,0.01
2025-04,B2_qty01_5x10x,5,-1,77348.8,77421.0,402.5,805.0,inv,5.0,-1.495487999999971,0.7734880000000001,-2.268975999999971,ifvg_clean,0.01
2025-04,B2_qty01_5x10x,6,-1,77844.1,77592.10000000003,125.99999999998545,251.9999999999709,tp,98.0,1.7415589999997092,0.778441,0.9631179999997092,ifvg_clean,0.01
2025-04,B2_qty01_5x10x,7,-1,76946.1,77102.60000000002,156.50000000001455,313.0000000000291,sl,30.0,-2.334461000000146,0.7694610000000002,-3.103922000000146,ifvg_clean,0.01
2025-04,B2_qty01_5x10x,8,1,77517.3,77425.5,470.0,940.0,inv,36.0,-1.6931730000000291,0.775173,-2.4683460000000292,ifvg_clean,0.01
2025-04,B2_qty01_5x10x,9,1,77168.0,77129.9,228.0000000000291,456.0000000000582,inv,129.0,-1.1526800000000583,0.77168,-1.9243600000000582,ifvg_clean,0.01
2025-04,B2_qty01_5x10x,10,1,77579.1,78177.10000000003,299.00000000001455,598.0000000000291,tp,1468.0,5.204209000000291,0.7757910000000001,4.428418000000291,ifvg_clean,0.01
2025-04,B2_qty01_5x10x,11,1,77720.1,78280.1,280.0,560.0,tp,2535.0,4.822799000000001,0.777201,4.045598000000001,ifvg_clean,0.01
2025-04,B2_qty01_5x10x,12,-1,77883.3,78003.7,215.99999999998545,431.9999999999709,inv,28.0,-1.982832999999942,0.7788330000000001,-2.7616659999999422,ifvg_clean,0.01
2025-04,B2_qty01_5x10x,13,-1,78526.7,78573.9,260.0,520.0,inv,6.0,-1.2572669999999708,0.7852669999999999,-2.0425339999999705,ifvg_clean,0.01
2025-04,B2_qty01_5x10x,14,1,78295.3,78742.30000000012,223.5000000000582,447.0000000001164,tp,17.0,3.687047000001164,0.7829530000000001,2.904094000001164,ifvg_clean,0.01
2025-04,B2_qty01_5x10x,15,1,82677.8,82486.80000000002,190.99999999998545,381.9999999999709,sl,76.0,-2.7367779999998545,0.826778,-3.5635559999998545,ifvg_clean,0.01
2025-04,B2_qty01_5x10x,16,-1,82357.3,82478.79999999994,121.49999999994179,242.99999999988358,sl,521.0,-2.0385729999994178,0.8235730000000001,-2.862145999999418,ifvg_clean,0.01
2025-04,B2_qty01_5x10x,17,1,82957.3,82929.0,142.5,285.0,inv,26.0,-1.1125730000000291,0.8295730000000001,-1.9421460000000292,ifvg_clean,0.01
2025-04,B2_qty01_5x10x,18,1,83085.3,82528.30000000003,556.9999999999709,1113.9999999999418,sl,10192.0,-6.400852999999709,0.8308530000000001,-7.2317059999997095,ifvg_clean,0.01
2025-04,B2_qty01_5x10x,19,-1,81509.2,81653.69999999997,144.4999999999709,288.9999999999418,sl,165.0,-2.260091999999709,0.815092,-3.075183999999709,ifvg_clean,0.01
2025-04,B2_qty01_5x10x,20,1,78751.0,78633.4,597.0000000000437,1194.0000000000873,inv,248.0,-1.9635100000000585,0.78751,-2.7510200000000586,ifvg_clean,0.01
2025-04,B2_qty01_5x10x,21,1,79173.2,79139.4,100.5000000000291,201.0000000000582,inv,24.0,-1.129732000000029,0.791732,-1.9214640000000291,ifvg_clean,0.01
2025-04,B2_qty01_5x10x,22,-1,79266.6,79300.5,200.0,400.0,inv,6.0,-1.1316659999999419,0.7926660000000001,-1.924331999999942,ifvg_clean,0.01
2025-04,B2_qty01_5x10x,23,1,79236.5,79763.49999999997,263.49999999998545,526.9999999999709,tp,645.0,4.477634999999709,0.792365,3.6852699999997087,ifvg_clean,0.01
2025-04,B2_qty01_5x10x,24,1,79415.7,79405.5,105.5000000000291,211.0000000000582,inv,7.0,-0.8961569999999709,0.794157,-1.690313999999971,ifvg_clean,0.01
2025-04,B2_qty01_5x10x,25,-1,80280.1,80339.1,255.5000000000291,511.0000000000582,inv,365.0,-1.392801,0.8028010000000001,-2.195602,ifvg_clean,0.01
2025-04,B2_qty01_5x10x,26,1,80627.9,81063.90000000005,218.0000000000291,436.0000000000582,tp,4230.0,3.553721000000582,0.806279,2.747442000000582,ifvg_clean,0.01
2025-04,B2_qty01_5x10x,27,1,80543.8,80805.80000000012,131.0000000000582,262.0000000001164,tp,685.0,1.814562000001164,0.8054380000000001,1.0091240000011639,ifvg_clean,0.01
2025-04,B2_qty01_5x10x,28,-1,80779.6,80808.3,189.00000000001455,378.0000000000291,inv,1.0,-1.094795999999971,0.8077960000000001,-1.902591999999971,ifvg_clean,0.01
2025-04,B2_qty01_5x10x,29,1,80874.3,81390.30000000006,258.0000000000291,516.0000000000582,tp,193.0,4.351257000000582,0.8087430000000001,3.542514000000582,ifvg_clean,0.01
2025-04,B2_qty01_5x10x,30,1,82690.8,82900.8,105.0,210.0,tp,676.0,1.2730920000000001,0.8269080000000001,0.446184,ifvg_clean,0.01
2025-04,B2_qty01_5x10x,31,-1,82286.5,82348.1,297.5,595.0,inv,40.0,-1.4388650000000582,0.8228650000000001,-2.261730000000058,ifvg_clean,0.01
2025-04,B2_qty01_5x10x,32,1,82123.8,81985.5,736.9999999999709,1473.9999999999418,inv,48.0,-2.204238000000029,0.821238,-3.025476000000029,ifvg_clean,0.01
2025-04,B2_qty01_5x10x,33,-1,82462.4,82515.0,281.50000000001455,563.0000000000291,inv,181.0,-1.350624000000058,0.8246239999999999,-2.175248000000058,ifvg_clean,0.01
2025-04,B2_qty01_5x10x,34,1,85652.4,85619.5,225.5000000000291,451.0000000000582,inv,2.0,-1.1855239999999418,0.8565240000000001,-2.0420479999999417,ifvg_clean,0.01
2025-04,B2_qty01_5x10x,35,1,84929.0,84910.1,172.99999999995634,345.9999999999127,inv,18.0,-1.0382899999999418,0.84929,-1.8875799999999416,ifvg_clean,0.01
2025-04,B2_qty01_5x10x,36,-1,85329.7,85354.9,387.99999999995634,775.9999999999127,inv,0.0,-1.1052969999999709,0.8532970000000001,-1.9585939999999709,ifvg_clean,0.01
2025-04,B2_qty01_5x10x,37,-1,83657.4,83889.9,232.5,465.0,sl,36.0,-3.161574,0.8365739999999999,-3.9981479999999996,ifvg_clean,0.01
2025-04,B2_qty01_5x10x,38,-1,83748.0,83923.50000000003,175.5000000000291,351.0000000000582,sl,113.0,-2.592480000000291,0.83748,-3.4299600000002908,ifvg_clean,0.01
2025-04,B2_qty01_5x10x,39,1,84531.9,85015.89999999994,241.9999999999709,483.9999999999418,tp,3743.0,3.994680999999418,0.8453189999999999,3.1493619999994182,ifvg_clean,0.01
2025-04,B2_qty01_5x10x,40,-1,84824.9,84870.1,235.0,470.0,inv,43.0,-1.3002490000001163,0.8482489999999999,-2.1484980000001164,ifvg_clean,0.01
2025-04,B2_qty01_5x10x,41,1,87439.7,87317.70000000003,121.9999999999709,243.9999999999418,sl,231.0,-2.094396999999709,0.874397,-2.968793999999709,ifvg_clean,0.01
2025-04,B2_qty01_5x10x,42,-1,87927.6,87946.1,129.50000000004366,259.0000000000873,inv,16.0,-1.064276,0.8792760000000001,-1.943552,ifvg_clean,0.01
2025-04,B2_qty01_5x10x,43,1,88066.7,87900.70000000001,165.99999999998545,331.9999999999709,sl,1333.0,-2.5406669999998543,0.8806670000000001,-3.421333999999854,ifvg_clean,0.01
2025-04,B2_qty01_5x10x,44,1,87390.6,86495.6,895.0,1790.0,sl,10464.0,-9.823906000000001,0.8739060000000001,-10.697812,ifvg_clean,0.01
2025-04,B2_qty01_5x10x,45,-1,86899.9,87379.40000000004,479.50000000004366,959.0000000000873,sl,8109.0,-5.6639990000004365,0.868999,-6.532998000000436,ifvg_clean,0.01
2025-04,B2_qty01_5x10x,46,1,87553.5,88141.49999999988,293.9999999999418,587.9999999998836,tp,665.0,5.004464999998836,0.875535,4.128929999998836,ifvg_clean,0.01
2025-04,B2_qty01_5x10x,47,1,89684.3,89992.30000000003,154.00000000001455,308.0000000000291,tp,313.0,2.183157000000291,0.8968430000000001,1.2863140000002908,ifvg_clean,0.01
2025-04,B2_qty01_5x10x,48,1,90174.0,89944.50000000003,229.4999999999709,458.9999999999418,sl,424.0,-3.196739999999709,0.90174,-4.098479999999709,ifvg_clean,0.01
2025-04,B2_qty01_5x10x,49,-1,90318.3,90337.7,151.50000000001455,303.0000000000291,inv,8.0,-1.0971829999999418,0.903183,-2.000365999999942,ifvg_clean,0.01
2025-04,B2_qty01_5x10x,50,1,89975.4,90686.40000000005,355.5000000000291,711.0000000000582,tp,2457.0,6.210246000000582,0.8997539999999999,5.310492000000583,ifvg_clean,0.01
2025-04,B2_qty01_5x10x,51,1,90108.7,90808.7,350.0,700.0,tp,2417.0,6.098913,0.901087,5.197825999999999,ifvg_clean,0.01
2025-04,B2_qty01_5x10x,52,1,90633.2,90877.19999999994,121.9999999999709,243.9999999999418,tp,329.0,1.5336679999994183,0.906332,0.6273359999994182,ifvg_clean,0.01
2025-04,B2_qty01_5x10x,53,-1,91176.1,91211.6,188.5000000000582,377.0000000001164,inv,31.0,-1.2667610000000002,0.9117610000000002,-2.1785220000000005,ifvg_clean,0.01
2025-04,B2_qty01_5x10x,54,-1,91268.0,91048.0,110.0,220.0,tp,2308.0,1.2873200000000002,0.91268,0.3746400000000002,ifvg_clean,0.01
2025-04,B2_qty01_5x10x,55,-1,91503.0,91566.9,220.99999999998545,441.9999999999709,inv,291.0,-1.5540299999999418,0.91503,-2.469059999999942,ifvg_clean,0.01
2025-04,B2_qty01_5x10x,56,-1,92320.0,92550.0,230.0,460.0,sl,235.0,-3.2232000000000003,0.9232,-4.1464,ifvg_clean,0.01
2025-04,B2_qty01_5x10x,57,1,92736.1,92707.3,169.00000000001455,338.0000000000291,inv,46.0,-1.2153610000000292,0.9273610000000001,-2.1427220000000293,ifvg_clean,0.01
2025-04,B2_qty01_5x10x,58,1,93499.9,93721.89999999997,110.99999999998545,221.9999999999709,tp,1098.0,1.285000999999709,0.9349989999999999,0.35000199999970905,ifvg_clean,0.01
2025-04,B2_qty01_5x10x,59,-1,92988.2,93396.69999999998,408.49999999998545,816.9999999999709,sl,5578.0,-5.014881999999854,0.929882,-5.9447639999998545,ifvg_clean,0.01
2025-04,B2_qty01_5x10x,60,-1,93260.5,93018.50000000003,120.99999999998545,241.9999999999709,tp,288.0,1.487394999999709,0.932605,0.5547899999997089,ifvg_clean,0.01
2025-04,B2_qty01_5x10x,61,-1,94004.4,94424.90000000002,420.5000000000291,841.0000000000582,sl,13913.0,-5.145044000000292,0.940044,-6.085088000000292,ifvg_clean,0.01
2025-04,B2_qty01_5x10x,62,-1,95218.8,95276.0,307.5,615.0,inv,161.0,-1.524187999999971,0.9521880000000001,-2.4763759999999713,ifvg_clean,0.01
2025-04,B2_qty01_5x10x,63,-1,95111.5,95389.50000000003,278.0000000000291,556.0000000000582,sl,1342.0,-3.7311150000002913,0.951115,-4.682230000000291,ifvg_clean,0.01
2025-04,B2_qty01_5x10x,64,-1,94982.4,95036.2,247.99999999995634,495.9999999999127,inv,3447.0,-1.4878240000000291,0.949824,-2.437648000000029,ifvg_clean,0.01
2025-04,B2_qty01_5x10x,65,-1,94476.6,94223.59999999998,126.50000000001455,253.0000000000291,tp,756.0,1.5852340000002911,0.9447660000000001,0.640468000000291,ifvg_clean,0.01
2025-04,B2_qty01_5x10x,66,-1,93870.5,93900.5,200.0,400.0,inv,767.0,-1.238705,0.938705,-2.17741,ifvg_clean,0.01
2025-04,B2_qty01_5x10x,67,1,93645.2,93629.5,113.0000000000291,226.0000000000582,inv,38.0,-1.093451999999971,0.9364520000000001,-2.029903999999971,ifvg_clean,0.01
2025-04,C1_qty01_10x20x,0,1,78116.4,80070.39999999994,976.9999999999709,1953.9999999999418,tp,10291.0,18.75883599999942,0.781164,17.97767199999942,ifvg_clean,0.01
2025-04,C1_qty01_10x20x,1,-1,74785.0,75335.0,550.0,1100.0,sl,251.0,-6.24785,0.74785,-6.995699999999999,ifvg_clean,0.01
2025-04,C1_qty01_10x20x,2,-1,76115.3,76832.29999999997,716.9999999999709,1433.9999999999418,sl,3339.0,-7.93115299999971,0.7611530000000001,-8.692305999999709,ifvg_clean,0.01
2025-04,C1_qty01_10x20x,3,-1,76876.0,76889.7,376.9999999999709,753.9999999999418,inv,0.0,-0.9057599999999709,0.76876,-1.674519999999971,ifvg_clean,0.01
2025-04,C1_qty01_10x20x,4,1,76392.0,77329.99999999988,468.9999999999418,937.9999999998836,tp,2990.0,8.616079999998835,0.7639199999999999,7.852159999998835,ifvg_clean,0.01
2025-04,C1_qty01_10x20x,5,-1,77348.8,77421.0,805.0,1610.0,inv,5.0,-1.495487999999971,0.7734880000000001,-2.268975999999971,ifvg_clean,0.01
2025-04,C1_qty01_10x20x,6,-1,77844.1,77340.10000000006,251.9999999999709,503.9999999999418,tp,812.0,4.261558999999418,0.778441,3.4831179999994184,ifvg_clean,0.01
2025-04,C1_qty01_10x20x,7,-1,76946.1,77259.10000000003,313.0000000000291,626.0000000000582,sl,127.0,-3.8994610000002914,0.7694610000000002,-4.668922000000292,ifvg_clean,0.01
2025-04,C1_qty01_10x20x,8,1,77517.3,77425.5,940.0,1880.0,inv,36.0,-1.6931730000000291,0.775173,-2.4683460000000292,ifvg_clean,0.01
2025-04,C1_qty01_10x20x,9,1,77168.0,77129.9,456.0000000000582,912.0000000001164,inv,129.0,-1.1526800000000583,0.77168,-1.9243600000000582,ifvg_clean,0.01
2025-04,C1_qty01_10x20x,10,-1,77883.3,78003.7,431.9999999999709,863.9999999999418,inv,28.0,-1.982832999999942,0.7788330000000001,-2.7616659999999422,ifvg_clean,0.01
2025-04,C1_qty01_10x20x,11,-1,78526.7,78573.9,520.0,1040.0,inv,6.0,-1.2572669999999708,0.7852669999999999,-2.0425339999999705,ifvg_clean,0.01
2025-04,C1_qty01_10x20x,12,1,77579.1,78775.10000000006,598.0000000000291,1196.0000000000582,tp,3209.0,11.184209000000582,0.7757910000000001,10.408418000000582,ifvg_clean,0.01
2025-04,C1_qty01_10x20x,13,1,77720.1,78840.1,560.0,1120.0,tp,3886.0,10.422799000000001,0.777201,9.645598000000001,ifvg_clean,0.01
2025-04,C1_qty01_10x20x,14,1,78295.3,79189.30000000024,447.0000000001164,894.0000000002328,tp,87.0,8.157047000002327,0.7829530000000001,7.374094000002327,ifvg_clean,0.01
2025-04,C1_qty01_10x20x,15,1,82677.8,82295.80000000003,381.9999999999709,763.9999999999418,sl,379.0,-4.646777999999709,0.826778,-5.473555999999709,ifvg_clean,0.01
2025-04,C1_qty01_10x20x,16,-1,82357.3,82600.29999999989,242.99999999988358,485.99999999976717,sl,3191.0,-3.253572999998836,0.8235730000000001,-4.0771459999988355,ifvg_clean,0.01
2025-04,C1_qty01_10x20x,17,1,82957.3,82929.0,285.0,570.0,inv,26.0,-1.1125730000000291,0.8295730000000001,-1.9421460000000292,ifvg_clean,0.01
2025-04,C1_qty01_10x20x,18,1,83085.3,81971.30000000006,1113.9999999999418,2227.9999999998836,sl,21503.0,-11.970852999999417,0.8308530000000001,-12.801705999999417,ifvg_clean,0.01
2025-04,C1_qty01_10x20x,19,-1,81509.2,80931.20000000011,288.9999999999418,577.9999999998836,tp,381.0,4.964907999998836,0.815092,4.149815999998836,ifvg_clean,0.01
2025-04,C1_qty01_10x20x,20,1,78751.0,78633.4,1194.0000000000873,2388.0000000001746,inv,248.0,-1.9635100000000585,0.78751,-2.7510200000000586,ifvg_clean,0.01
2025-04,C1_qty01_10x20x,21,1,79173.2,79139.4,201.0000000000582,402.0000000001164,inv,24.0,-1.129732000000029,0.791732,-1.9214640000000291,ifvg_clean,0.01
2025-04,C1_qty01_10x20x,22,-1,79266.6,79300.5,400.0,800.0,inv,6.0,-1.1316659999999419,0.7926660000000001,-1.924331999999942,ifvg_clean,0.01
2025-04,C1_qty01_10x20x,23,1,79415.7,79405.5,211.0000000000582,422.0000000001164,inv,7.0,-0.8961569999999709,0.794157,-1.690313999999971,ifvg_clean,0.01
2025-04,C1_qty01_10x20x,24,1,79236.5,80290.49999999994,526.9999999999709,1053.9999999999418,tp,27413.0,9.747634999999418,0.792365,8.955269999999418,ifvg_clean,0.01
2025-04,C1_qty01_10x20x,25,-1,80280.1,80339.1,511.0000000000582,1022.0000000001164,inv,365.0,-1.392801,0.8028010000000001,-2.195602,ifvg_clean,0.01
2025-04,C1_qty01_10x20x,26,1,80543.8,81067.80000000024,262.0000000001164,524.0000000002328,tp,2820.0,4.4345620000023285,0.8054380000000001,3.6291240000023284,ifvg_clean,0.01
2025-04,C1_qty01_10x20x,27,-1,80779.6,80808.3,378.0000000000291,756.0000000000582,inv,1.0,-1.094795999999971,0.8077960000000001,-1.902591999999971,ifvg_clean,0.01
2025-04,C1_qty01_10x20x,28,1,80627.9,81499.90000000011,436.0000000000582,872.0000000001164,tp,17154.0,7.913721000001164,0.806279,7.107442000001164,ifvg_clean,0.01
2025-04,C1_qty01_10x20x,29,1,80874.3,81906.30000000012,516.0000000000582,1032.0000000001164,tp,5016.0,9.511257000001164,0.8087430000000001,8.702514000001164,ifvg_clean,0.01
2025-04,C1_qty01_10x20x,30,1,82690.8,82480.8,210.0,420.0,sl,3280.0,-2.926908,0.8269080000000001,-3.753816,ifvg_clean,0.01
2025-04,C1_qty01_10x20x,31,-1,82286.5,82348.1,595.0,1190.0,inv,40.0,-1.4388650000000582,0.8228650000000001,-2.261730000000058,ifvg_clean,0.01
2025-04,C1_qty01_10x20x,32,1,82123.8,81985.5,1473.9999999999418,2947.9999999998836,inv,48.0,-2.204238000000029,0.821238,-3.025476000000029,ifvg_clean,0.01
2025-04,C1_qty01_10x20x,33,-1,82462.4,82515.0,563.0000000000291,1126.0000000000582,inv,181.0,-1.350624000000058,0.8246239999999999,-2.175248000000058,ifvg_clean,0.01
2025-04,C1_qty01_10x20x,34,1,85652.4,85619.5,451.0000000000582,902.0000000001164,inv,2.0,-1.1855239999999418,0.8565240000000001,-2.0420479999999417,ifvg_clean,0.01
2025-04,C1_qty01_10x20x,35,1,84929.0,84910.1,345.9999999999127,691.9999999998254,inv,18.0,-1.0382899999999418,0.84929,-1.8875799999999416,ifvg_clean,0.01
2025-04,C1_qty01_10x20x,36,-1,85329.7,85354.9,775.9999999999127,1551.9999999998254,inv,0.0,-1.1052969999999709,0.8532970000000001,-1.9585939999999709,ifvg_clean,0.01
2025-04,C1_qty01_10x20x,37,-1,83748.0,84099.00000000006,351.0000000000582,702.0000000001164,sl,133.0,-4.347480000000582,0.83748,-5.184960000000582,ifvg_clean,0.01
2025-04,C1_qty01_10x20x,38,-1,83657.4,84122.4,465.0,930.0,sl,60.0,-5.486574,0.8365739999999999,-6.323148,ifvg_clean,0.01
2025-04,C1_qty01_10x20x,39,-1,84824.9,84870.1,470.0,940.0,inv,43.0,-1.3002490000001163,0.8482489999999999,-2.1484980000001164,ifvg_clean,0.01
2025-04,C1_qty01_10x20x,40,1,84531.9,85499.89999999988,483.9999999999418,967.9999999998836,tp,172732.0,8.834680999998836,0.8453189999999999,7.989361999998836,ifvg_clean,0.01
2025-04,C1_qty01_10x20x,41,1,87439.7,87195.70000000006,243.9999999999418,487.9999999998836,sl,874.0,-3.3143969999994183,0.874397,-4.188793999999418,ifvg_clean,0.01
2025-04,C1_qty01_10x20x,42,-1,87927.6,87946.1,259.0000000000873,518.0000000001746,inv,16.0,-1.064276,0.8792760000000001,-1.943552,ifvg_clean,0.01
2025-04,C1_qty01_10x20x,43,1,88066.7,87734.70000000003,331.9999999999709,663.9999999999418,sl,3838.0,-4.200666999999709,0.8806670000000001,-5.081333999999709,ifvg_clean,0.01
2025-04,C1_qty01_10x20x,44,-1,86899.9,87858.90000000008,959.0000000000873,1918.0000000001746,sl,28476.0,-10.458999000000874,0.868999,-11.327998000000875,ifvg_clean,0.01
2025-04,C1_qty01_10x20x,45,1,87553.5,88729.49999999977,587.9999999998836,1175.9999999997672,tp,993.0,10.884464999997673,0.875535,10.008929999997674,ifvg_clean,0.01
2025-04,C1_qty01_10x20x,46,1,89684.3,90300.30000000006,308.0000000000291,616.0000000000582,tp,605.0,5.263157000000582,0.8968430000000001,4.366314000000582,ifvg_clean,0.01
2025-04,C1_qty01_10x20x,47,-1,90318.3,90337.7,303.0000000000291,606.0000000000582,inv,8.0,-1.0971829999999418,0.903183,-2.000365999999942,ifvg_clean,0.01
2025-04,C1_qty01_10x20x,48,1,87390.6,90970.6,1790.0,3580.0,tp,89499.0,34.926094000000006,0.8739060000000001,34.05218800000001,ifvg_clean,0.01
2025-04,C1_qty01_10x20x,49,1,90174.0,91091.99999999988,458.9999999999418,917.9999999998836,tp,4506.0,8.278259999998836,0.90174,7.376519999998836,ifvg_clean,0.01
2025-04,C1_qty01_10x20x,50,1,90633.2,91121.19999999988,243.9999999999418,487.9999999998836,tp,510.0,3.9736679999988365,0.906332,3.0673359999988365,ifvg_clean,0.01
2025-04,C1_qty01_10x20x,51,-1,91176.1,91211.6,377.0000000001164,754.0000000002328,inv,31.0,-1.2667610000000002,0.9117610000000002,-2.1785220000000005,ifvg_clean,0.01
2025-04,C1_qty01_10x20x,52,1,89975.4,91397.40000000011,711.0000000000582,1422.0000000001164,tp,14430.0,13.320246000001164,0.8997539999999999,12.420492000001165,ifvg_clean,0.01
2025-04,C1_qty01_10x20x,53,1,90108.7,91508.7,700.0,1400.0,tp,14099.0,13.098913,0.901087,12.197826,ifvg_clean,0.01
2025-04,C1_qty01_10x20x,54,-1,91268.0,91488.0,220.0,440.0,sl,3726.0,-3.11268,0.91268,-4.02536,ifvg_clean,0.01
2025-04,C1_qty01_10x20x,55,-1,91503.0,91566.9,441.9999999999709,883.9999999999418,inv,291.0,-1.5540299999999418,0.91503,-2.469059999999942,ifvg_clean,0.01
2025-04,C1_qty01_10x20x,56,-1,92320.0,92780.0,460.0,920.0,sl,1062.0,-5.523200000000001,0.9232,-6.446400000000001,ifvg_clean,0.01
2025-04,C1_qty01_10x20x,57,1,92736.1,92707.3,338.0000000000291,676.0000000000582,inv,46.0,-1.2153610000000292,0.9273610000000001,-2.1427220000000293,ifvg_clean,0.01
2025-04,C1_qty01_10x20x,58,1,93499.9,93943.89999999994,221.9999999999709,443.9999999999418,tp,3138.0,3.505000999999418,0.9349989999999999,2.570001999999418,ifvg_clean,0.01
2025-04,C1_qty01_10x20x,59,-1,92988.2,93805.19999999997,816.9999999999709,1633.9999999999418,sl,10762.0,-9.099881999999708,0.929882,-10.029763999999707,ifvg_clean,0.01
2025-04,C1_qty01_10x20x,60,-1,93260.5,92776.50000000006,241.9999999999709,483.9999999999418,tp,1275.0,3.907394999999418,0.932605,2.974789999999418,ifvg_clean,0.01
2025-04,C1_qty01_10x20x,61,-1,94004.4,94845.40000000005,841.0000000000582,1682.0000000001164,sl,16416.0,-9.350044000000583,0.940044,-10.290088000000583,ifvg_clean,0.01
2025-04,C1_qty01_10x20x,62,-1,95218.8,95276.0,615.0,1230.0,inv,161.0,-1.524187999999971,0.9521880000000001,-2.4763759999999713,ifvg_clean,0.01
2025-04,C1_qty01_10x20x,63,-1,95111.5,93999.49999999988,556.0000000000582,1112.0000000001164,tp,17014.0,10.168885000001165,0.951115,9.217770000001165,ifvg_clean,0.01
2025-04,C1_qty01_10x20x,64,-1,94982.4,95036.2,495.9999999999127,991.9999999998254,inv,3447.0,-1.4878240000000291,0.949824,-2.437648000000029,ifvg_clean,0.01
2025-04,C1_qty01_10x20x,65,-1,94476.6,93970.59999999995,253.0000000000291,506.0000000000582,tp,2375.0,4.115234000000582,0.9447660000000001,3.170468000000582,ifvg_clean,0.01
2025-04,C1_qty01_10x20x,66,-1,93870.5,93900.5,400.0,800.0,inv,767.0,-1.238705,0.938705,-2.17741,ifvg_clean,0.01
2025-04,C1_qty01_10x20x,67,1,93645.2,93629.5,226.0000000000582,452.0000000001164,inv,38.0,-1.093451999999971,0.9364520000000001,-2.029903999999971,ifvg_clean,0.01
2025-04,baseline_qty001_5x60x,0,1,78116.4,78003.8,488.49999999998545,5861.999999999825,inv,73024.0,-0.1907163999999913,0.0781164,-0.2688327999999913,ifvg_clean,0.001
2025-04,baseline_qty001_5x60x,1,-1,74785.0,75060.0,275.0,3300.0,sl,84.0,-0.349785,0.074785,-0.42457,ifvg_clean,0.001
2025-04,baseline_qty001_5x60x,2,-1,76115.3,76473.79999999999,358.49999999998545,4301.999999999825,sl,1164.0,-0.43461529999998544,0.07611530000000001,-0.5107305999999855,ifvg_clean,0.001
2025-04,baseline_qty001_5x60x,3,-1,76876.0,76889.7,188.49999999998545,2261.9999999998254,inv,0.0,-0.09057599999999709,0.076876,-0.1674519999999971,ifvg_clean,0.001
2025-04,baseline_qty001_5x60x,4,-1,77348.8,77421.0,402.5,4830.0,inv,5.0,-0.1495487999999971,0.07734880000000001,-0.2268975999999971,ifvg_clean,0.001
2025-04,baseline_qty001_5x60x,5,-1,76946.1,77102.60000000002,156.50000000001455,1878.0000000001746,sl,30.0,-0.23344610000001453,0.0769461,-0.31039220000001455,ifvg_clean,0.001
2025-04,baseline_qty001_5x60x,6,1,77517.3,77425.5,470.0,5640.0,inv,36.0,-0.16931730000000292,0.07751730000000001,-0.24683460000000293,ifvg_clean,0.001
2025-04,baseline_qty001_5x60x,7,1,77168.0,77129.9,228.0000000000291,2736.0000000003492,inv,129.0,-0.11526800000000584,0.07716800000000001,-0.19243600000000585,ifvg_clean,0.001
2025-04,baseline_qty001_5x60x,8,-1,77844.1,77874.5,125.99999999998545,1511.9999999998254,inv,7462.0,-0.1082440999999942,0.07784410000000001,-0.1860881999999942,ifvg_clean,0.001
2025-04,baseline_qty001_5x60x,9,-1,77883.3,78003.7,215.99999999998545,2591.9999999998254,inv,28.0,-0.19828329999999417,0.0778833,-0.27616659999999416,ifvg_clean,0.001
2025-04,baseline_qty001_5x60x,10,-1,78526.7,78573.9,260.0,3120.0,inv,6.0,-0.12572669999999708,0.0785267,-0.2042533999999971,ifvg_clean,0.001
2025-04,baseline_qty001_5x60x,11,1,76392.0,79205.99999999965,234.4999999999709,2813.9999999996508,tp,16745.0,2.737607999999651,0.076392,2.6612159999996514,ifvg_clean,0.001
2025-04,baseline_qty001_5x60x,12,1,78295.3,80977.3000000007,223.5000000000582,2682.0000000006985,tp,358.0,2.6037047000006983,0.0782953,2.525409400000698,ifvg_clean,0.001
2025-04,baseline_qty001_5x60x,13,1,77720.1,81080.1,280.0,3360.0,tp,4327.0,3.2822799,0.0777201,3.2045597999999997,ifvg_clean,0.001
2025-04,baseline_qty001_5x60x,14,1,77579.1,81167.10000000018,299.00000000001455,3588.0000000001746,tp,3657.0,3.5104209000001747,0.07757910000000001,3.432841800000175,ifvg_clean,0.001
2025-04,baseline_qty001_5x60x,15,1,82677.8,82486.80000000002,190.99999999998545,2291.9999999998254,sl,76.0,-0.2736777999999855,0.08267780000000001,-0.3563555999999855,ifvg_clean,0.001
2025-04,baseline_qty001_5x60x,16,-1,82357.3,82478.79999999994,121.49999999994179,1457.9999999993015,sl,521.0,-0.2038572999999418,0.08235730000000001,-0.2862145999999418,ifvg_clean,0.001
2025-04,baseline_qty001_5x60x,17,1,82957.3,82929.0,142.5,1710.0,inv,26.0,-0.11125730000000292,0.08295730000000001,-0.19421460000000293,ifvg_clean,0.001
2025-04,baseline_qty001_5x60x,18,1,83085.3,82528.30000000003,556.9999999999709,6683.999999999651,sl,10192.0,-0.640085299999971,0.0830853,-0.723170599999971,ifvg_clean,0.001
2025-04,baseline_qty001_5x60x,19,-1,81509.2,81653.69999999997,144.4999999999709,1733.9999999996508,sl,165.0,-0.22600919999997088,0.08150919999999999,-0.3075183999999709,ifvg_clean,0.001
2025-04,baseline_qty001_5x60x,20,1,78751.0,78633.4,597.0000000000437,7164.000000000524,inv,248.0,-0.19635100000000583,0.078751,-0.27510200000000584,ifvg_clean,0.001
2025-04,baseline_qty001_5x60x,21,1,79173.2,79139.4,100.5000000000291,1206.0000000003492,inv,24.0,-0.11297320000000291,0.0791732,-0.1921464000000029,ifvg_clean,0.001
2025-04,baseline_qty001_5x60x,22,-1,79266.6,79300.5,200.0,2400.0,inv,6.0,-0.11316659999999418,0.0792666,-0.1924331999999942,ifvg_clean,0.001
2025-04,baseline_qty001_5x60x,23,1,79415.7,79405.5,105.5000000000291,1266.0000000003492,inv,7.0,-0.08961569999999709,0.0794157,-0.1690313999999971,ifvg_clean,0.001
2025-04,baseline_qty001_5x60x,24,1,79236.5,78973.00000000001,263.49999999998545,3161.9999999998254,sl,24228.0,-0.34273649999998546,0.0792365,-0.42197299999998544,ifvg_clean,0.001
2025-04,baseline_qty001_5x60x,25,-1,80280.1,80339.1,255.5000000000291,3066.0000000003492,inv,365.0,-0.13928010000000002,0.08028010000000001,-0.21956020000000004,ifvg_clean,0.001
2025-04,baseline_qty001_5x60x,26,-1,80779.6,80808.3,189.00000000001455,2268.0000000001746,inv,1.0,-0.1094795999999971,0.08077960000000001,-0.1902591999999971,ifvg_clean,0.001
2025-04,baseline_qty001_5x60x,27,1,80543.8,82115.8000000007,131.0000000000582,1572.0000000006985,tp,14892.0,1.4914562000006986,0.08054380000000001,1.4109124000006985,ifvg_clean,0.001
2025-04,baseline_qty001_5x60x,28,1,82690.8,82585.8,105.0,1260.0,sl,1199.0,-0.1876908,0.08269080000000001,-0.2703816,ifvg_clean,0.001
2025-04,baseline_qty001_5x60x,29,-1,82286.5,82348.1,297.5,3570.0,inv,40.0,-0.14388650000000583,0.0822865,-0.22617300000000584,ifvg_clean,0.001
2025-04,baseline_qty001_5x60x,30,1,80627.9,83243.90000000034,218.0000000000291,2616.0000000003492,tp,37206.0,2.535372100000349,0.0806279,2.454744200000349,ifvg_clean,0.001
2025-04,baseline_qty001_5x60x,31,1,82123.8,81985.5,736.9999999999709,8843.99999999965,inv,48.0,-0.22042380000000295,0.08212380000000001,-0.30254760000000297,ifvg_clean,0.001
2025-04,baseline_qty001_5x60x,32,-1,82462.4,82515.0,281.50000000001455,3378.0000000001746,inv,181.0,-0.13506240000000583,0.0824624,-0.21752480000000585,ifvg_clean,0.001
2025-04,baseline_qty001_5x60x,33,1,80874.3,83970.30000000035,258.0000000000291,3096.0000000003492,tp,34951.0,3.015125700000349,0.08087430000000001,2.934251400000349,ifvg_clean,0.001
2025-04,baseline_qty001_5x60x,34,1,85652.4,85619.5,225.5000000000291,2706.0000000003492,inv,2.0,-0.11855239999999417,0.0856524,-0.2042047999999942,ifvg_clean,0.001
2025-04,baseline_qty001_5x60x,35,1,84929.0,84910.1,172.99999999995634,2075.999999999476,inv,18.0,-0.10382899999999418,0.084929,-0.18875799999999418,ifvg_clean,0.001
2025-04,baseline_qty001_5x60x,36,-1,85329.7,85354.9,387.99999999995634,4655.999999999476,inv,0.0,-0.1105296999999971,0.08532970000000001,-0.1958593999999971,ifvg_clean,0.001
2025-04,baseline_qty001_5x60x,37,-1,83657.4,83889.9,232.5,2790.0,sl,36.0,-0.31615740000000003,0.08365739999999999,-0.3998148,ifvg_clean,0.001
2025-04,baseline_qty001_5x60x,38,-1,83748.0,83923.50000000003,175.5000000000291,2106.0000000003492,sl,113.0,-0.2592480000000291,0.083748,-0.3429960000000291,ifvg_clean,0.001
2025-04,baseline_qty001_5x60x,39,1,84531.9,84289.90000000002,241.9999999999709,2903.9999999996508,sl,88158.0,-0.3265318999999709,0.0845319,-0.4110637999999709,ifvg_clean,0.001
2025-04,baseline_qty001_5x60x,40,-1,84824.9,84870.1,235.0,2820.0,inv,43.0,-0.13002490000001163,0.0848249,-0.21484980000001164,ifvg_clean,0.001
2025-04,baseline_qty001_5x60x,41,1,87439.7,87317.70000000003,121.9999999999709,1463.9999999996508,sl,231.0,-0.20943969999997092,0.08743970000000001,-0.2968793999999709,ifvg_clean,0.001
2025-04,baseline_qty001_5x60x,42,-1,87927.6,87946.1,129.50000000004366,1554.0000000005239,inv,16.0,-0.10642760000000001,0.08792760000000001,-0.1943552,ifvg_clean,0.001
2025-04,baseline_qty001_5x60x,43,1,88066.7,87900.70000000001,165.99999999998545,1991.9999999998254,sl,1333.0,-0.25406669999998543,0.0880667,-0.34213339999998543,ifvg_clean,0.001
2025-04,baseline_qty001_5x60x,44,1,87390.6,86495.6,895.0,10740.0,sl,10464.0,-0.9823906,0.08739060000000001,-1.0697812,ifvg_clean,0.001
2025-04,baseline_qty001_5x60x,45,-1,86899.9,87379.40000000004,479.50000000004366,5754.000000000524,sl,8109.0,-0.5663999000000437,0.0868999,-0.6532998000000437,ifvg_clean,0.001
2025-04,baseline_qty001_5x60x,46,1,90174.0,89944.50000000003,229.4999999999709,2753.9999999996508,sl,424.0,-0.3196739999999709,0.090174,-0.4098479999999709,ifvg_clean,0.001
2025-04,baseline_qty001_5x60x,47,-1,90318.3,90337.7,151.50000000001455,1818.0000000001746,inv,8.0,-0.10971829999999419,0.0903183,-0.20003659999999418,ifvg_clean,0.001
2025-04,baseline_qty001_5x60x,48,1,87553.5,91081.4999999993,293.9999999999418,3527.9999999993015,tp,50357.0,3.4404464999993016,0.0875535,3.352892999999302,ifvg_clean,0.001
2025-04,baseline_qty001_5x60x,49,1,90633.2,90511.20000000003,121.9999999999709,1463.9999999996508,sl,2745.0,-0.2126331999999709,0.09063320000000001,-0.3032663999999709,ifvg_clean,0.001
2025-04,baseline_qty001_5x60x,50,-1,91176.1,91211.6,188.5000000000582,2262.0000000006985,inv,31.0,-0.1266761,0.09117610000000001,-0.21785220000000002,ifvg_clean,0.001
2025-04,baseline_qty001_5x60x,51,1,89684.3,91532.30000000018,154.00000000001455,1848.0000000001746,tp,15901.0,1.7583157000001746,0.08968430000000001,1.6686314000001745,ifvg_clean,0.001
2025-04,baseline_qty001_5x60x,52,-1,91268.0,91378.0,110.0,1320.0,sl,3689.0,-0.201268,0.091268,-0.292536,ifvg_clean,0.001
2025-04,baseline_qty001_5x60x,53,-1,91503.0,91566.9,220.99999999998545,2651.9999999998254,inv,291.0,-0.15540299999999418,0.091503,-0.24690599999999419,ifvg_clean,0.001
2025-04,baseline_qty001_5x60x,54,1,89975.4,94241.40000000034,355.5000000000291,4266.000000000349,tp,64815.0,4.176024600000349,0.0899754,4.086049200000349,ifvg_clean,0.001
2025-04,baseline_qty001_5x60x,55,1,90108.7,94308.7,350.0,4200.0,tp,65270.0,4.1098913,0.0901087,4.0197826,ifvg_clean,0.001
2025-04,baseline_qty001_5x60x,56,-1,92320.0,92550.0,230.0,2760.0,sl,235.0,-0.32232000000000005,0.09232000000000001,-0.41464000000000006,ifvg_clean,0.001
2025-04,baseline_qty001_5x60x,57,1,92736.1,92707.3,169.00000000001455,2028.0000000001746,inv,46.0,-0.12153610000000292,0.09273610000000002,-0.21427220000000294,ifvg_clean,0.001
2025-04,baseline_qty001_5x60x,58,1,93499.9,93477.2,110.99999999998545,1331.9999999998254,inv,7093.0,-0.11619989999999708,0.0934999,-0.20969979999999708,ifvg_clean,0.001
2025-04,baseline_qty001_5x60x,59,-1,92988.2,93396.69999999998,408.49999999998545,4901.999999999825,sl,5578.0,-0.5014881999999854,0.0929882,-0.5944763999999854,ifvg_clean,0.001
2025-04,baseline_qty001_5x60x,60,-1,93260.5,93381.49999999999,120.99999999998545,1451.9999999998254,sl,4503.0,-0.21426049999998548,0.09326050000000001,-0.3075209999999855,ifvg_clean,0.001
2025-04,baseline_qty001_5x60x,61,-1,94004.4,94424.90000000002,420.5000000000291,5046.000000000349,sl,13913.0,-0.5145044000000292,0.09400439999999999,-0.6085088000000292,ifvg_clean,0.001
2025-04,baseline_qty001_5x60x,62,-1,95218.8,95276.0,307.5,3690.0,inv,161.0,-0.1524187999999971,0.0952188,-0.24763759999999713,ifvg_clean,0.001
2025-04,baseline_qty001_5x60x,63,-1,95111.5,95389.50000000003,278.0000000000291,3336.0000000003492,sl,1342.0,-0.37311150000002913,0.09511150000000002,-0.46822300000002914,ifvg_clean,0.001
2025-04,baseline_qty001_5x60x,64,-1,94982.4,95036.2,247.99999999995634,2975.999999999476,inv,3447.0,-0.14878240000000292,0.0949824,-0.24376480000000292,ifvg_clean,0.001
2025-04,baseline_qty001_5x60x,65,-1,94476.6,94603.10000000002,126.50000000001455,1518.0000000001746,sl,1520.0,-0.22097660000001457,0.09447660000000001,-0.3154532000000146,ifvg_clean,0.001
2025-04,baseline_qty001_5x60x,66,-1,93870.5,93900.5,200.0,2400.0,inv,767.0,-0.12387050000000001,0.09387050000000001,-0.21774100000000002,ifvg_clean,0.001
2025-04,baseline_qty001_5x60x,67,1,93645.2,93629.5,113.0000000000291,1356.0000000003492,inv,38.0,-0.10934519999999709,0.0936452,-0.20299039999999707,ifvg_clean,0.001
2025-11,A1_qty001_1x2x,0,-1,110272.3,110067.90000000001,102.19999999999709,204.39999999999418,tp,1030.0,0.09412769999999417,0.1102723,-0.016144600000005838,ifvg_clean,0.001
2025-11,A1_qty001_1x2x,1,-1,109580.3,109659.1,78.80000000000291,157.60000000000582,sl,33.0,-0.18838030000000291,0.1095803,-0.2979606000000029,ifvg_clean,0.001
2025-11,A1_qty001_1x2x,2,1,108730.7,108705.2,28.0,56.0,inv,8.0,-0.1342307,0.1087307,-0.2429614,ifvg_clean,0.001
2025-11,A1_qty001_1x2x,3,-1,107361.9,107272.1,44.89999999999418,89.79999999998836,tp,255.0,-0.017561900000011635,0.1073619,-0.12492380000001163,ifvg_clean,0.001
2025-11,A1_qty001_1x2x,4,1,107847.7,107748.29999999999,99.40000000000873,198.80000000001746,sl,10.0,-0.20724770000000875,0.1078477,-0.31509540000000874,ifvg_clean,0.001
2025-11,A1_qty001_1x2x,5,1,107315.0,107278.8,40.0,80.0,inv,15.0,-0.1435149999999971,0.107315,-0.2508299999999971,ifvg_clean,0.001
2025-11,A1_qty001_1x2x,6,1,107049.3,106989.20000000001,60.09999999999127,120.19999999998254,sl,101.0,-0.16714929999999129,0.1070493,-0.2741985999999913,ifvg_clean,0.001
2025-11,A1_qty001_1x2x,7,1,103787.4,103760.5,42.0,84.0,inv,42.0,-0.13068739999999418,0.10378739999999999,-0.23447479999999415,ifvg_clean,0.001
2025-11,A1_qty001_1x2x,8,-1,100697.9,100618.1,39.89999999999418,79.79999999998836,tp,14.0,-0.020897900000011627,0.10069789999999999,-0.12159580000001162,ifvg_clean,0.001
2025-11,A1_qty001_1x2x,9,-1,100511.4,100676.4,165.0,330.0,sl,256.0,-0.2655114,0.1005114,-0.3660228,ifvg_clean,0.001
2025-11,A1_qty001_1x2x,10,-1,103090.3,103119.8,36.19999999999709,72.39999999999418,inv,7.0,-0.1325903,0.1030903,-0.2356806,ifvg_clean,0.001
2025-11,A1_qty001_1x2x,11,-1,103589.5,103743.0,154.5,309.0,inv,1253.0,-0.25708949999999997,0.1035895,-0.36067899999999997,ifvg_clean,0.001
2025-11,A1_qty001_1x2x,12,-1,103531.0,103586.5,66.60000000000582,133.20000000001164,inv,3.0,-0.159031,0.10353100000000001,-0.262562,ifvg_clean,0.001
2025-11,A1_qty001_1x2x,13,1,105956.6,105931.4,30.70000000001164,61.40000000002328,inv,70.0,-0.13115660000001167,0.10595660000000001,-0.23711320000001168,ifvg_clean,0.001
2025-11,A1_qty001_1x2x,14,-1,104936.4,105058.79999999999,122.39999999999418,244.79999999998836,sl,343.0,-0.22733639999999417,0.1049364,-0.33227279999999415,ifvg_clean,0.001
2025-11,A1_qty001_1x2x,15,-1,105068.7,104992.90000000001,37.89999999999418,75.79999999998836,tp,11.0,-0.029268700000011638,0.1050687,-0.13433740000001165,ifvg_clean,0.001
2025-11,A1_qty001_1x2x,16,-1,105336.7,105361.0,30.89999999999418,61.79999999998836,inv,24.0,-0.1296367000000029,0.10533669999999999,-0.23497340000000289,ifvg_clean,0.001
2025-11,A1_qty001_1x2x,17,1,105512.7,105672.50000000001,79.90000000000873,159.80000000001746,tp,923.0,0.054287300000017455,0.1055127,-0.051225399999982546,ifvg_clean,0.001
2025-11,A1_qty001_1x2x,18,-1,105813.4,105825.6,32.30000000000291,64.60000000000582,inv,3.0,-0.11801340000001165,0.1058134,-0.22382680000001165,ifvg_clean,0.001
2025-11,A1_qty001_1x2x,19,-1,106003.3,106042.4,39.09999999999127,78.19999999998254,sl,3.0,-0.14510329999999128,0.10600330000000001,-0.2511065999999913,ifvg_clean,0.001
2025-11,A1_qty001_1x2x,20,1,106576.3,106496.40000000001,79.89999999999418,159.79999999998836,sl,152.0,-0.18647629999999418,0.1065763,-0.29305259999999417,ifvg_clean,0.001
2025-11,A1_qty001_1x2x,21,1,106414.9,106482.69999999998,33.89999999999418,67.79999999998836,tp,50.0,-0.03861490000001165,0.1064149,-0.14502980000001164,ifvg_clean,0.001
2025-11,A1_qty001_1x2x,22,-1,105406.6,105447.3,40.69999999999709,81.39999999999418,sl,61.0,-0.14610659999999712,0.10540660000000002,-0.2515131999999971,ifvg_clean,0.001
2025-11,A1_qty001_1x2x,23,1,105304.8,105267.7,37.10000000000582,74.20000000001164,sl,302.0,-0.14240480000000583,0.1053048,-0.24770960000000583,ifvg_clean,0.001
2025-11,A1_qty001_1x2x,24,1,104850.1,105086.1,118.0,236.0,tp,1142.0,0.13114989999999999,0.10485010000000002,0.02629979999999997,ifvg_clean,0.001
2025-11,A1_qty001_1x2x,25,-1,101624.8,101580.60000000002,22.09999999999127,44.19999999998254,tp,107.0,-0.05742480000001748,0.10162480000000002,-0.1590496000000175,ifvg_clean,0.001
2025-11,A1_qty001_1x2x,26,-1,101482.0,101561.4,79.39999999999418,158.79999999998836,inv,140.0,-0.1808819999999942,0.101482,-0.2823639999999942,ifvg_clean,0.001
2025-11,A1_qty001_1x2x,27,-1,102478.0,102506.1,28.30000000000291,56.60000000000582,inv,9.0,-0.13057800000000583,0.10247800000000001,-0.23305600000000584,ifvg_clean,0.001
2025-11,A1_qty001_1x2x,28,1,102446.1,102848.9,201.39999999999418,402.79999999998836,tp,440.0,0.3003538999999884,0.1024461,0.19790779999998842,ifvg_clean,0.001
2025-11,A1_qty001_1x2x,29,-1,101815.5,101684.70000000001,65.39999999999418,130.79999999998836,tp,52.0,0.028984499999988367,0.1018155,-0.07283100000001164,ifvg_clean,0.001
2025-11,A1_qty001_1x2x,30,-1,100996.8,101032.6,35.80000000000291,71.60000000000582,sl,29.0,-0.13679680000000294,0.10099680000000001,-0.23779360000000294,ifvg_clean,0.001
2025-11,A1_qty001_1x2x,31,-1,100791.8,100688.00000000001,51.89999999999418,103.79999999998836,tp,39.0,0.003008199999988345,0.10079180000000001,-0.09778360000001167,ifvg_clean,0.001
2025-11,A1_qty001_1x2x,32,-1,100431.3,100452.0,20.69999999999709,41.39999999999418,sl,1.0,-0.12113129999999711,0.10043130000000002,-0.2215625999999971,ifvg_clean,0.001
2025-11,A1_qty001_1x2x,33,-1,99881.3,99829.7,25.80000000000291,51.60000000000582,tp,11.0,-0.048281299999994184,0.0998813,-0.1481625999999942,ifvg_clean,0.001
2025-11,A1_qty001_1x2x,34,-1,98707.8,98712.7,22.09999999999127,44.19999999998254,inv,0.0,-0.10360779999999419,0.09870780000000001,-0.2023155999999942,ifvg_clean,0.001
2025-11,A1_qty001_1x2x,35,1,98524.0,98472.1,53.69999999999709,107.39999999999418,inv,5.0,-0.15042399999999417,0.098524,-0.24894799999999417,ifvg_clean,0.001
2025-11,A1_qty001_1x2x,36,-1,98363.1,98408.20000000001,45.10000000000582,90.20000000001164,sl,5.0,-0.14346310000000584,0.09836310000000001,-0.24182620000000585,ifvg_clean,0.001
2025-11,A1_qty001_1x2x,37,1,99617.7,99753.90000000001,68.10000000000582,136.20000000001164,tp,100.0,0.03658230000001164,0.0996177,-0.06303539999998836,ifvg_clean,0.001
2025-11,A1_qty001_1x2x,38,1,99397.1,99353.1,44.0,88.0,sl,88.0,-0.1433971,0.09939710000000002,-0.24279420000000002,ifvg_clean,0.001
2025-11,A1_qty001_1x2x,39,1,99539.8,99506.6,33.19999999999709,66.39999999999418,sl,8.0,-0.13273979999999708,0.0995398,-0.2322795999999971,ifvg_clean,0.001
2025-11,A1_qty001_1x2x,40,-1,99283.8,99337.3,53.5,107.0,sl,45.0,-0.1527838,0.0992838,-0.2520676,ifvg_clean,0.001
2025-11,A1_qty001_1x2x,41,-1,99106.9,99065.29999999999,20.80000000000291,41.60000000000582,tp,144.0,-0.05750689999999418,0.0991069,-0.15661379999999417,ifvg_clean,0.001
2025-11,A1_qty001_1x2x,42,-1,97835.9,97682.1,76.89999999999418,153.79999999998836,tp,13.0,0.05596409999998836,0.0978359,-0.041871800000011644,ifvg_clean,0.001
2025-11,A1_qty001_1x2x,43,-1,97077.4,97125.0,51.10000000000582,102.20000000001164,inv,90.0,-0.1446774000000058,0.0970774,-0.24175480000000582,ifvg_clean,0.001
2025-11,A1_qty001_1x2x,44,1,96901.7,96868.1,49.39999999999418,98.79999999998836,inv,2.0,-0.13050169999999128,0.09690170000000001,-0.2274033999999913,ifvg_clean,0.001
2025-11,A1_qty001_1x2x,45,-1,96622.3,96645.2,22.89999999999418,45.79999999998836,sl,1.0,-0.11952229999999418,0.09662230000000001,-0.2161445999999942,ifvg_clean,0.001
2025-11,A1_qty001_1x2x,46,-1,97165.0,97108.6,28.19999999999709,56.39999999999418,tp,13.0,-0.040765000000005824,0.097165,-0.13793000000000583,ifvg_clean,0.001
2025-11,A1_qty001_1x2x,47,-1,96324.4,96231.19999999998,46.60000000000582,93.20000000001164,tp,32.0,-0.003124399999988356,0.0963244,-0.09944879999998836,ifvg_clean,0.001
2025-11,A1_qty001_1x2x,48,-1,95949.0,96055.1,110.60000000000582,221.20000000001164,inv,3017.0,-0.20204900000000584,0.095949,-0.29799800000000587,ifvg_clean,0.001
2025-11,A1_qty001_1x2x,49,-1,95592.6,95619.8,27.19999999999709,54.39999999999418,sl,45.0,-0.12279259999999709,0.0955926,-0.2183851999999971,ifvg_clean,0.001
2025-11,A1_qty001_1x2x,50,-1,94659.3,94705.7,51.0,102.0,inv,11.0,-0.14105929999999417,0.0946593,-0.23571859999999417,ifvg_clean,0.001
2025-11,A1_qty001_1x2x,51,1,94882.3,94928.90000000001,23.30000000000291,46.60000000000582,tp,3.0,-0.04828229999999418,0.0948823,-0.14316459999999417,ifvg_clean,0.001
2025-11,A1_qty001_1x2x,52,-1,95747.5,95772.3,40.80000000000291,81.60000000000582,inv,9.0,-0.12054750000000292,0.0957475,-0.2162950000000029,ifvg_clean,0.001
2025-11,A1_qty001_1x2x,53,1,95304.8,95438.59999999999,66.89999999999418,133.79999999998836,tp,124.0,0.038495199999988364,0.09530480000000001,-0.056809600000011645,ifvg_clean,0.001
2025-11,A1_qty001_1x2x,54,-1,93649.8,93316.00000000001,166.89999999999418,333.79999999998836,tp,279.0,0.24015019999998838,0.0936498,0.14650039999998837,ifvg_clean,0.001
2025-11,A1_qty001_1x2x,55,-1,90717.1,90764.80000000002,47.70000000001164,95.40000000002328,sl,9.0,-0.13841710000001164,0.09071710000000001,-0.22913420000001167,ifvg_clean,0.001
2025-11,A1_qty001_1x2x,56,1,93583.5,93546.8,36.69999999999709,73.39999999999418,sl,6.0,-0.13028349999999708,0.0935835,-0.2238669999999971,ifvg_clean,0.001
2025-11,A1_qty001_1x2x,57,1,93290.4,93274.9,20.90000000000873,41.80000000001746,inv,3.0,-0.1087904,0.0932904,-0.2020808,ifvg_clean,0.001
2025-11,A1_qty001_1x2x,58,-1,93214.6,93162.6,26.0,52.0,tp,5.0,-0.041214600000000004,0.09321460000000001,-0.13442920000000003,ifvg_clean,0.001
2025-11,A1_qty001_1x2x,59,-1,93474.8,93387.8,43.5,87.0,tp,83.0,-0.006474800000000003,0.09347480000000001,-0.09994960000000001,ifvg_clean,0.001
2025-11,A1_qty001_1x2x,60,1,93162.9,93139.5,24.0,48.0,inv,36.0,-0.11656289999999417,0.09316289999999999,-0.20972579999999416,ifvg_clean,0.001
2025-11,A1_qty001_1x2x,61,1,92915.2,92876.5,39.60000000000582,79.20000000001164,inv,179.0,-0.1316151999999971,0.0929152,-0.2245303999999971,ifvg_clean,0.001
2025-11,A1_qty001_1x2x,62,1,93049.4,93152.79999999999,51.69999999999709,103.39999999999418,tp,274.0,0.010350599999994187,0.09304939999999999,-0.0826988000000058,ifvg_clean,0.001
2025-11,A1_qty001_1x2x,63,1,89255.8,89182.6,73.19999999999709,146.39999999999418,sl,75.0,-0.1624557999999971,0.08925580000000001,-0.2517115999999971,ifvg_clean,0.001
2025-11,A1_qty001_1x2x,64,-1,89528.6,89575.9,49.0,98.0,inv,54.0,-0.13682859999998837,0.08952860000000001,-0.22635719999998838,ifvg_clean,0.001
2025-11,A1_qty001_1x2x,65,-1,91820.8,91883.8,89.60000000000582,179.20000000001164,inv,2.0,-0.1548208,0.09182080000000001,-0.24664160000000002,ifvg_clean,0.001
2025-11,A1_qty001_1x2x,66,-1,82220.0,82079.80000000002,70.09999999999127,140.19999999998254,tp,15.0,0.05797999999998253,0.08222,-0.02424000000001747,ifvg_clean,0.001
2025-11,A1_qty001_1x2x,67,1,82096.4,82038.5,58.10000000000582,116.20000000001164,inv,30.0,-0.1399963999999942,0.0820964,-0.2220927999999942,ifvg_clean,0.001
2025-11,A1_qty001_1x2x,68,1,82784.7,82810.8,26.30000000000291,52.60000000000582,inv,0.0,-0.05668469999999418,0.0827847,-0.1394693999999942,ifvg_clean,0.001
2025-11,A1_qty001_1x2x,69,-1,82960.7,83070.5,109.80000000000291,219.60000000000582,sl,11.0,-0.1927607000000029,0.0829607,-0.2757214000000029,ifvg_clean,0.001
2025-11,A1_qty001_1x2x,70,1,83343.6,83603.6,130.0,260.0,tp,104.0,0.1766564,0.08334360000000002,0.09331279999999997,ifvg_clean,0.001
2025-11,A1_qty001_1x2x,71,1,83468.4,83410.4,58.20000000001164,116.40000000002328,inv,18.0,-0.1414684,0.0834684,-0.2249368,ifvg_clean,0.001
2025-11,A1_qty001_1x2x,72,-1,84982.6,84915.4,33.60000000000582,67.20000000001164,tp,23.0,-0.017782599999988366,0.0849826,-0.10276519999998837,ifvg_clean,0.001
2025-11,A1_qty001_1x2x,73,1,85096.6,85062.30000000002,34.29999999998836,68.59999999997672,sl,5.0,-0.11939659999998836,0.08509660000000001,-0.20449319999998838,ifvg_clean,0.001
2025-11,A1_qty001_1x2x,74,-1,84684.9,84634.5,25.19999999999709,50.39999999999418,tp,208.0,-0.03428490000000583,0.08468490000000001,-0.11896980000000584,ifvg_clean,0.001
2025-11,A1_qty001_1x2x,75,1,84670.5,84628.3,42.19999999999709,84.39999999999418,sl,29.0,-0.1268704999999971,0.08467050000000001,-0.21154099999999712,ifvg_clean,0.001
2025-11,A1_qty001_1x2x,76,1,84155.5,84096.9,74.20000000001164,148.40000000002328,inv,21.0,-0.14275550000000584,0.08415550000000001,-0.22691100000000586,ifvg_clean,0.001
2025-11,A1_qty001_1x2x,77,1,84009.4,84058.19999999998,24.39999999999418,48.79999999998836,tp,23.0,-0.03520940000001164,0.0840094,-0.11921880000001164,ifvg_clean,0.001
2025-11,A1_qty001_1x2x,78,-1,84497.3,84544.2,46.89999999999418,93.79999999998836,inv,71.0,-0.1313972999999942,0.08449730000000001,-0.21589459999999422,ifvg_clean,0.001
2025-11,A1_qty001_1x2x,79,-1,85767.1,85787.9,27.39999999999418,54.79999999998836,inv,65.0,-0.10656709999998837,0.08576710000000001,-0.19233419999998838,ifvg_clean,0.001
2025-11,A1_qty001_1x2x,80,-1,87378.6,87415.8,37.19999999999709,74.39999999999418,inv,32.0,-0.1245785999999971,0.0873786,-0.2119571999999971,ifvg_clean,0.001
2025-11,A1_qty001_1x2x,81,1,85960.5,86018.9,29.19999999999709,58.39999999999418,tp,43.0,-0.027560500000005816,0.0859605,-0.11352100000000581,ifvg_clean,0.001
2025-11,A1_qty001_1x2x,82,1,86169.8,86314.2,72.19999999999709,144.39999999999418,tp,14.0,0.05823019999999417,0.0861698,-0.027939600000005838,ifvg_clean,0.001
2025-11,A1_qty001_1x2x,83,1,88372.8,88578.2,102.69999999999709,205.39999999999418,tp,152.0,0.11702719999999417,0.0883728,0.028654399999994168,ifvg_clean,0.001
2025-11,A1_qty001_1x2x,84,-1,88598.0,88618.3,30.0,60.0,inv,9.0,-0.10889800000000291,0.088598,-0.1974960000000029,ifvg_clean,0.001
2025-11,A1_qty001_1x2x,85,1,88672.2,88624.4,50.60000000000582,101.20000000001164,inv,38.0,-0.13647220000000293,0.0886722,-0.22514440000000294,ifvg_clean,0.001
2025-11,A1_qty001_1x2x,86,1,88033.9,87958.2,112.60000000000582,225.20000000001164,inv,324.0,-0.1637338999999971,0.0880339,-0.2517677999999971,ifvg_clean,0.001
2025-11,A1_qty001_1x2x,87,-1,87696.0,87575.80000000002,60.09999999999127,120.19999999998254,tp,359.0,0.03250399999998255,0.087696,-0.05519200000001745,ifvg_clean,0.001
2025-11,A1_qty001_1x2x,88,-1,87513.3,87537.0,23.69999999999709,47.39999999999418,sl,8.0,-0.1112132999999971,0.0875133,-0.1987265999999971,ifvg_clean,0.001
2025-11,A1_qty001_1x2x,89,-1,86276.0,86357.7,81.69999999999709,163.39999999999418,sl,17.0,-0.16797599999999707,0.08627599999999999,-0.25425199999999704,ifvg_clean,0.001
2025-11,A1_qty001_1x2x,90,-1,86583.1,86580.2,21.09999999999127,42.19999999998254,inv,0.0,-0.08368309999999128,0.08658310000000001,-0.1702661999999913,ifvg_clean,0.001
2025-11,A1_qty001_1x2x,91,1,87490.5,87535.30000000002,22.40000000000873,44.80000000001746,tp,26.0,-0.042690499999982534,0.0874905,-0.13018099999998253,ifvg_clean,0.001
2025-11,A1_qty001_1x2x,92,-1,87337.8,87349.3,20.69999999999709,41.39999999999418,inv,9.0,-0.0988378,0.08733780000000001,-0.1861756,ifvg_clean,0.001
2025-11,A1_qty001_1x2x,93,-1,87248.5,87297.59999999999,49.09999999999127,98.19999999998254,inv,154.0,-0.13634849999999127,0.0872485,-0.22359699999999127,ifvg_clean,0.001
2025-11,A1_qty001_1x2x,94,-1,87879.6,87899.70000000001,20.10000000000582,40.20000000001164,sl,21.0,-0.10797960000000584,0.08787960000000002,-0.19585920000000584,ifvg_clean,0.001
2025-11,A1_qty001_1x2x,95,-1,87191.7,87122.29999999997,34.70000000001164,69.40000000002328,tp,81.0,-0.017791699999976707,0.0871917,-0.1049833999999767,ifvg_clean,0.001
2025-11,A1_qty001_1x2x,96,-1,90137.1,90189.5,56.69999999999709,113.39999999999418,inv,113.0,-0.1425370999999942,0.09013710000000001,-0.23267419999999422,ifvg_clean,0.001
2025-11,A1_qty001_1x2x,97,1,90479.8,90452.6,27.19999999999709,54.39999999999418,sl,32.0,-0.1176797999999971,0.09047980000000001,-0.2081595999999971,ifvg_clean,0.001
2025-11,A1_qty001_1x2x,98,1,91519.9,91476.2,43.69999999999709,87.39999999999418,sl,83.0,-0.1352198999999971,0.0915199,-0.2267397999999971,ifvg_clean,0.001
2025-11,A1_qty001_1x2x,99,1,91214.6,91192.2,23.30000000000291,46.60000000000582,inv,42.0,-0.11361460000000874,0.0912146,-0.20482920000000876,ifvg_clean,0.001
2025-11,A1_qty001_1x2x,100,-1,92091.0,92121.0,30.0,60.0,sl,4.0,-0.122091,0.092091,-0.214182,ifvg_clean,0.001
2025-11,A1_qty001_1x2x,101,-1,92028.2,91913.40000000001,57.39999999999418,114.79999999998836,tp,284.0,0.02277179999998835,0.0920282,-0.06925640000001165,ifvg_clean,0.001
2025-11,A1_qty001_1x2x,102,-1,91248.2,91296.79999999999,48.59999999999127,97.19999999998254,sl,4.0,-0.13984819999999126,0.0912482,-0.23109639999999126,ifvg_clean,0.001
2025-11,A1_qty001_1x2x,103,-1,90431.8,90482.1,50.30000000000291,100.60000000000582,sl,11.0,-0.1407318000000029,0.0904318,-0.2311636000000029,ifvg_clean,0.001
2025-11,A1_qty001_1x2x,104,-1,90891.5,90917.9,26.39999999999418,52.79999999998836,sl,33.0,-0.11729149999999419,0.09089150000000001,-0.2081829999999942,ifvg_clean,0.001
2025-11,A2_qty001_5x10x,0,-1,110272.3,109250.30000000003,510.99999999998545,1021.9999999999709,tp,6738.0,0.9117276999999709,0.1102723,0.801455399999971,ifvg_clean,0.001
2025-11,A2_qty001_5x10x,1,-1,109580.3,108792.29999999997,394.00000000001455,788.0000000000291,tp,3614.0,0.6784197000000292,0.1095803,0.5688394000000292,ifvg_clean,0.001
2025-11,A2_qty001_5x10x,2,1,108730.7,108705.2,140.0,280.0,inv,8.0,-0.1342307,0.1087307,-0.2429614,ifvg_clean,0.001
2025-11,A2_qty001_5x10x,3,-1,107361.9,107586.39999999997,224.4999999999709,448.9999999999418,sl,2346.0,-0.3318618999999709,0.1073619,-0.4392237999999709,ifvg_clean,0.001
2025-11,A2_qty001_5x10x,4,1,107847.7,107350.69999999995,497.00000000004366,994.0000000000873,sl,8947.0,-0.6048477000000437,0.1078477,-0.7126954000000437,ifvg_clean,0.001
2025-11,A2_qty001_5x10x,5,1,107315.0,107278.8,200.0,400.0,inv,15.0,-0.1435149999999971,0.107315,-0.2508299999999971,ifvg_clean,0.001
2025-11,A2_qty001_5x10x,6,1,107049.3,106748.80000000005,300.49999999995634,600.9999999999127,sl,3709.0,-0.40754929999995637,0.1070493,-0.5145985999999564,ifvg_clean,0.001
2025-11,A2_qty001_5x10x,7,1,103787.4,103760.5,210.0,420.0,inv,42.0,-0.13068739999999418,0.10378739999999999,-0.23447479999999415,ifvg_clean,0.001
2025-11,A2_qty001_5x10x,8,-1,100697.9,100897.39999999997,199.4999999999709,398.9999999999418,sl,536.0,-0.3001978999999709,0.10069789999999999,-0.4008957999999709,ifvg_clean,0.001
2025-11,A2_qty001_5x10x,9,-1,100511.4,101336.4,825.0,1650.0,sl,601.0,-0.9255114000000001,0.1005114,-1.0260228,ifvg_clean,0.001
2025-11,A2_qty001_5x10x,10,-1,103090.3,103119.8,180.99999999998545,361.9999999999709,inv,7.0,-0.1325903,0.1030903,-0.2356806,ifvg_clean,0.001
2025-11,A2_qty001_5x10x,11,-1,103589.5,103743.0,772.5,1545.0,inv,1253.0,-0.25708949999999997,0.1035895,-0.36067899999999997,ifvg_clean,0.001
2025-11,A2_qty001_5x10x,12,-1,103531.0,103586.5,333.0000000000291,666.0000000000582,inv,3.0,-0.159031,0.10353100000000001,-0.262562,ifvg_clean,0.001
2025-11,A2_qty001_5x10x,13,1,105956.6,105931.4,153.5000000000582,307.0000000001164,inv,70.0,-0.13115660000001167,0.10595660000000001,-0.23711320000001168,ifvg_clean,0.001
2025-11,A2_qty001_5x10x,14,-1,105068.7,105258.19999999997,189.4999999999709,378.9999999999418,sl,1235.0,-0.29456869999997093,0.1050687,-0.39963739999997094,ifvg_clean,0.001
2025-11,A2_qty001_5x10x,15,-1,105336.7,105361.0,154.4999999999709,308.9999999999418,inv,24.0,-0.1296367000000029,0.10533669999999999,-0.23497340000000289,ifvg_clean,0.001
2025-11,A2_qty001_5x10x,16,-1,104936.4,105548.39999999997,611.9999999999709,1223.9999999999418,sl,5827.0,-0.7169363999999709,0.1049364,-0.821872799999971,ifvg_clean,0.001
2025-11,A2_qty001_5x10x,17,-1,105813.4,105825.6,161.50000000001455,323.0000000000291,inv,3.0,-0.11801340000001165,0.1058134,-0.22382680000001165,ifvg_clean,0.001
2025-11,A2_qty001_5x10x,18,1,105512.7,106311.70000000008,399.50000000004366,799.0000000000873,tp,10395.0,0.6934873000000873,0.1055127,0.5879746000000873,ifvg_clean,0.001
2025-11,A2_qty001_5x10x,19,-1,106003.3,106198.79999999996,195.49999999995634,390.9999999999127,sl,486.0,-0.30150329999995634,0.10600330000000001,-0.40750659999995636,ifvg_clean,0.001
2025-11,A2_qty001_5x10x,20,1,106414.9,106383.5,169.4999999999709,338.9999999999418,inv,212.0,-0.1378148999999942,0.1064149,-0.2442297999999942,ifvg_clean,0.001
2025-11,A2_qty001_5x10x,21,1,106576.3,106176.80000000003,399.4999999999709,798.9999999999418,sl,1971.0,-0.5060762999999708,0.1065763,-0.6126525999999708,ifvg_clean,0.001
2025-11,A2_qty001_5x10x,22,-1,105406.6,104999.60000000003,203.49999999998545,406.9999999999709,tp,2332.0,0.30159339999997087,0.10540660000000002,0.19618679999997085,ifvg_clean,0.001
2025-11,A2_qty001_5x10x,23,1,105304.8,105119.29999999997,185.5000000000291,371.0000000000582,sl,2727.0,-0.2908048000000291,0.1053048,-0.39610960000002915,ifvg_clean,0.001
2025-11,A2_qty001_5x10x,24,1,104850.1,104260.1,590.0,1180.0,sl,14391.0,-0.6948501,0.10485010000000002,-0.7997002000000001,ifvg_clean,0.001
2025-11,A2_qty001_5x10x,25,-1,101624.8,101636.9,110.49999999995634,220.9999999999127,inv,428.0,-0.11372479999999129,0.10162480000000002,-0.21534959999999131,ifvg_clean,0.001
2025-11,A2_qty001_5x10x,26,-1,101482.0,101561.9,396.9999999999709,793.9999999999418,inv,140.0,-0.1813819999999942,0.101482,-0.2828639999999942,ifvg_clean,0.001
2025-11,A2_qty001_5x10x,27,-1,102478.0,102506.1,141.50000000001455,283.0000000000291,inv,9.0,-0.13057800000000583,0.10247800000000001,-0.23305600000000584,ifvg_clean,0.001
2025-11,A2_qty001_5x10x,28,1,102446.1,101439.10000000003,1006.9999999999709,2013.9999999999418,sl,2295.0,-1.109446099999971,0.1024461,-1.211892199999971,ifvg_clean,0.001
2025-11,A2_qty001_5x10x,29,-1,101815.5,101161.50000000006,326.9999999999709,653.9999999999418,tp,1035.0,0.5521844999999419,0.1018155,0.4503689999999419,ifvg_clean,0.001
2025-11,A2_qty001_5x10x,30,-1,100996.8,101175.80000000002,179.00000000001455,358.0000000000291,sl,90.0,-0.2799968000000146,0.10099680000000001,-0.3809936000000146,ifvg_clean,0.001
2025-11,A2_qty001_5x10x,31,-1,100791.8,100272.80000000006,259.4999999999709,518.9999999999418,tp,1617.0,0.41820819999994185,0.10079180000000001,0.31741639999994187,ifvg_clean,0.001
2025-11,A2_qty001_5x10x,32,-1,100431.3,100224.30000000003,103.49999999998545,206.9999999999709,tp,204.0,0.10656869999997089,0.10043130000000002,0.006137399999970872,ifvg_clean,0.001
2025-11,A2_qty001_5x10x,33,-1,99881.3,99623.29999999997,129.00000000001455,258.0000000000291,tp,291.0,0.1581187000000291,0.0998813,0.05823740000002908,ifvg_clean,0.001
2025-11,A2_qty001_5x10x,34,-1,98707.8,98712.7,110.49999999995634,220.9999999999127,inv,0.0,-0.10360779999999419,0.09870780000000001,-0.2023155999999942,ifvg_clean,0.001
2025-11,A2_qty001_5x10x,35,1,98524.0,98472.1,268.49999999998545,536.9999999999709,inv,5.0,-0.15042399999999417,0.098524,-0.24894799999999417,ifvg_clean,0.001
2025-11,A2_qty001_5x10x,36,-1,98363.1,98588.60000000003,225.5000000000291,451.0000000000582,sl,162.0,-0.32386310000002916,0.09836310000000001,-0.4222262000000292,ifvg_clean,0.001
2025-11,A2_qty001_5x10x,37,1,99617.7,100298.70000000006,340.5000000000291,681.0000000000582,tp,953.0,0.5813823000000582,0.0996177,0.48176460000005816,ifvg_clean,0.001
2025-11,A2_qty001_5x10x,38,1,99397.1,99177.1,220.0,440.0,sl,132.0,-0.3193971,0.09939710000000002,-0.4187942,ifvg_clean,0.001
2025-11,A2_qty001_5x10x,39,1,99539.8,99373.80000000002,165.99999999998545,331.9999999999709,sl,108.0,-0.26553979999998545,0.0995398,-0.36507959999998546,ifvg_clean,0.001
2025-11,A2_qty001_5x10x,40,-1,99283.8,98748.8,267.5,535.0,tp,2295.0,0.4357162,0.0992838,0.33643239999999996,ifvg_clean,0.001
2025-11,A2_qty001_5x10x,41,-1,99106.9,98898.89999999997,104.00000000001455,208.0000000000291,tp,233.0,0.10889310000002911,0.0991069,0.00978620000002911,ifvg_clean,0.001
2025-11,A2_qty001_5x10x,42,-1,97835.9,97066.90000000005,384.4999999999709,768.9999999999418,tp,2997.0,0.6711640999999419,0.0978359,0.5733281999999419,ifvg_clean,0.001
2025-11,A2_qty001_5x10x,43,-1,97077.4,97125.0,255.5000000000291,511.0000000000582,inv,90.0,-0.1446774000000058,0.0970774,-0.24175480000000582,ifvg_clean,0.001
2025-11,A2_qty001_5x10x,44,1,96901.7,96868.1,246.9999999999709,493.9999999999418,inv,2.0,-0.13050169999999128,0.09690170000000001,-0.2274033999999913,ifvg_clean,0.001
2025-11,A2_qty001_5x10x,45,-1,96622.3,96393.30000000006,114.4999999999709,228.9999999999418,tp,214.0,0.1323776999999418,0.09662230000000001,0.0357553999999418,ifvg_clean,0.001
2025-11,A2_qty001_5x10x,46,-1,97165.0,96883.00000000003,140.99999999998545,281.9999999999709,tp,360.0,0.18483499999997088,0.097165,0.08766999999997088,ifvg_clean,0.001
2025-11,A2_qty001_5x10x,47,-1,96324.4,95858.39999999994,233.0000000000291,466.0000000000582,tp,2172.0,0.36967560000005817,0.0963244,0.2733512000000582,ifvg_clean,0.001
2025-11,A2_qty001_5x10x,48,-1,95949.0,96055.1,553.0000000000291,1106.0000000000582,inv,3017.0,-0.20204900000000584,0.095949,-0.29799800000000587,ifvg_clean,0.001
2025-11,A2_qty001_5x10x,49,-1,95592.6,95728.59999999999,135.99999999998545,271.9999999999709,sl,114.0,-0.23159259999998544,0.0955926,-0.3271851999999854,ifvg_clean,0.001
2025-11,A2_qty001_5x10x,50,-1,94659.3,94705.7,255.0,510.0,inv,11.0,-0.14105929999999417,0.0946593,-0.23571859999999417,ifvg_clean,0.001
2025-11,A2_qty001_5x10x,51,1,94882.3,95115.30000000003,116.50000000001455,233.0000000000291,tp,98.0,0.1381177000000291,0.0948823,0.043235400000029095,ifvg_clean,0.001
2025-11,A2_qty001_5x10x,52,-1,95747.5,95772.3,204.00000000001455,408.0000000000291,inv,9.0,-0.12054750000000292,0.0957475,-0.2162950000000029,ifvg_clean,0.001
2025-11,A2_qty001_5x10x,53,1,95304.8,94970.30000000003,334.4999999999709,668.9999999999418,sl,191.0,-0.4298047999999709,0.09530480000000001,-0.5251095999999709,ifvg_clean,0.001
2025-11,A2_qty001_5x10x,54,-1,93649.8,91980.80000000006,834.4999999999709,1668.9999999999418,tp,12733.0,1.5753501999999417,0.0936498,1.4817003999999416,ifvg_clean,0.001
2025-11,A2_qty001_5x10x,55,-1,90717.1,90240.09999999989,238.5000000000582,477.0000000001164,tp,1083.0,0.38628290000011645,0.09071710000000001,0.29556580000011645,ifvg_clean,0.001
2025-11,A2_qty001_5x10x,56,1,93583.5,93400.00000000001,183.49999999998545,366.9999999999709,sl,231.0,-0.27708349999998544,0.0935835,-0.3706669999999854,ifvg_clean,0.001
2025-11,A2_qty001_5x10x,57,1,93290.4,93274.9,104.50000000004366,209.0000000000873,inv,3.0,-0.1087904,0.0932904,-0.2020808,ifvg_clean,0.001
2025-11,A2_qty001_5x10x,58,-1,93214.6,93344.6,130.0,260.0,sl,806.0,-0.2232146,0.09321460000000001,-0.3164292,ifvg_clean,0.001
2025-11,A2_qty001_5x10x,59,-1,93474.8,93516.0,217.5,435.0,inv,2703.0,-0.1346747999999971,0.09347480000000001,-0.22814959999999712,ifvg_clean,0.001
2025-11,A2_qty001_5x10x,60,1,93162.9,93139.5,120.0,240.0,inv,36.0,-0.11656289999999417,0.09316289999999999,-0.20972579999999416,ifvg_clean,0.001
2025-11,A2_qty001_5x10x,61,1,92915.2,92876.5,198.0000000000291,396.0000000000582,inv,179.0,-0.1316151999999971,0.0929152,-0.2245303999999971,ifvg_clean,0.001
2025-11,A2_qty001_5x10x,62,1,93049.4,92790.90000000001,258.49999999998545,516.9999999999709,sl,3086.0,-0.35154939999998547,0.09304939999999999,-0.4445987999999855,ifvg_clean,0.001
2025-11,A2_qty001_5x10x,63,-1,89528.6,89575.9,245.0,490.0,inv,54.0,-0.13682859999998837,0.08952860000000001,-0.22635719999998838,ifvg_clean,0.001
2025-11,A2_qty001_5x10x,64,1,89255.8,89987.79999999997,365.99999999998545,731.9999999999709,tp,1877.0,0.6427441999999709,0.08925580000000001,0.5534883999999709,ifvg_clean,0.001
2025-11,A2_qty001_5x10x,65,-1,91820.8,91883.8,448.0000000000291,896.0000000000582,inv,2.0,-0.1548208,0.09182080000000001,-0.24664160000000002,ifvg_clean,0.001
2025-11,A2_qty001_5x10x,66,-1,82220.0,82570.49999999996,350.49999999995634,700.9999999999127,sl,363.0,-0.43271999999995636,0.08222,-0.5149399999999563,ifvg_clean,0.001
2025-11,A2_qty001_5x10x,67,1,82096.4,82038.5,290.5000000000291,581.0000000000582,inv,30.0,-0.1399963999999942,0.0820964,-0.2220927999999942,ifvg_clean,0.001
2025-11,A2_qty001_5x10x,68,1,82784.7,82810.8,131.50000000001455,263.0000000000291,inv,0.0,-0.05668469999999418,0.0827847,-0.1394693999999942,ifvg_clean,0.001
2025-11,A2_qty001_5x10x,69,-1,82960.7,83509.70000000001,549.0000000000146,1098.000000000029,sl,2447.0,-0.6319607000000146,0.0829607,-0.7149214000000146,ifvg_clean,0.001
2025-11,A2_qty001_5x10x,70,1,83343.6,84643.6,650.0,1300.0,tp,588.0,1.2166564,0.08334360000000002,1.1333128,ifvg_clean,0.001
2025-11,A2_qty001_5x10x,71,1,83468.4,83410.4,291.0000000000582,582.0000000001164,inv,18.0,-0.1414684,0.0834684,-0.2249368,ifvg_clean,0.001
2025-11,A2_qty001_5x10x,72,-1,84982.6,85012.1,168.0000000000291,336.0000000000582,inv,67.0,-0.1144826,0.0849826,-0.1994652,ifvg_clean,0.001
2025-11,A2_qty001_5x10x,73,1,85096.6,84925.10000000006,171.4999999999418,342.9999999998836,sl,1162.0,-0.2565965999999418,0.08509660000000001,-0.3416931999999418,ifvg_clean,0.001
2025-11,A2_qty001_5x10x,74,-1,84684.9,84432.90000000002,125.99999999998545,251.9999999999709,tp,437.0,0.1673150999999709,0.08468490000000001,0.0826301999999709,ifvg_clean,0.001
2025-11,A2_qty001_5x10x,75,1,84670.5,84459.50000000001,210.99999999998545,421.9999999999709,sl,762.0,-0.29567049999998546,0.08467050000000001,-0.3803409999999855,ifvg_clean,0.001
2025-11,A2_qty001_5x10x,76,1,84155.5,84096.9,371.0000000000582,742.0000000001164,inv,21.0,-0.14275550000000584,0.08415550000000001,-0.22691100000000586,ifvg_clean,0.001
2025-11,A2_qty001_5x10x,77,1,84009.4,83887.40000000002,121.9999999999709,243.9999999999418,sl,776.0,-0.2060093999999709,0.0840094,-0.2900187999999709,ifvg_clean,0.001
2025-11,A2_qty001_5x10x,78,-1,84497.3,84544.2,234.4999999999709,468.9999999999418,inv,71.0,-0.1313972999999942,0.08449730000000001,-0.21589459999999422,ifvg_clean,0.001
2025-11,A2_qty001_5x10x,79,-1,85767.1,85787.9,136.9999999999709,273.9999999999418,inv,65.0,-0.10656709999998837,0.08576710000000001,-0.19233419999998838,ifvg_clean,0.001
2025-11,A2_qty001_5x10x,80,-1,87378.6,87418.0,185.99999999998545,371.9999999999709,inv,32.0,-0.1267785999999942,0.0873786,-0.2141571999999942,ifvg_clean,0.001
2025-11,A2_qty001_5x10x,81,1,85960.5,85938.7,145.99999999998545,291.9999999999709,inv,135.0,-0.10776050000000291,0.0859605,-0.19372100000000292,ifvg_clean,0.001
2025-11,A2_qty001_5x10x,82,1,86169.8,86099.0,360.99999999998545,721.9999999999709,inv,45.0,-0.15696980000000293,0.0861698,-0.24313960000000295,ifvg_clean,0.001
2025-11,A2_qty001_5x10x,83,-1,88598.0,88618.3,150.0,300.0,inv,9.0,-0.10889800000000291,0.088598,-0.1974960000000029,ifvg_clean,0.001
2025-11,A2_qty001_5x10x,84,1,88672.2,88624.4,253.0000000000291,506.0000000000582,inv,38.0,-0.13647220000000293,0.0886722,-0.22514440000000294,ifvg_clean,0.001
2025-11,A2_qty001_5x10x,85,1,88372.8,87859.30000000002,513.4999999999854,1026.999999999971,sl,20406.0,-0.6018727999999854,0.0883728,-0.6902455999999855,ifvg_clean,0.001
2025-11,A2_qty001_5x10x,86,1,88033.9,87958.2,563.0000000000291,1126.0000000000582,inv,324.0,-0.1637338999999971,0.0880339,-0.2517677999999971,ifvg_clean,0.001
2025-11,A2_qty001_5x10x,87,-1,87696.0,87996.49999999996,300.49999999995634,600.9999999999127,sl,2359.0,-0.38819599999995635,0.087696,-0.47589199999995635,ifvg_clean,0.001
2025-11,A2_qty001_5x10x,88,-1,87513.3,87631.79999999999,118.49999999998545,236.9999999999709,sl,511.0,-0.20601329999998547,0.0875133,-0.2935265999999855,ifvg_clean,0.001
2025-11,A2_qty001_5x10x,89,-1,86276.0,86684.49999999999,408.49999999998545,816.9999999999709,sl,203.0,-0.49477599999998545,0.08627599999999999,-0.5810519999999855,ifvg_clean,0.001
2025-11,A2_qty001_5x10x,90,-1,86583.1,86580.2,105.49999999995634,210.9999999999127,inv,0.0,-0.08368309999999128,0.08658310000000001,-0.1702661999999913,ifvg_clean,0.001
2025-11,A2_qty001_5x10x,91,1,87490.5,87466.2,112.00000000004366,224.0000000000873,inv,344.0,-0.1117905000000029,0.0874905,-0.1992810000000029,ifvg_clean,0.001
2025-11,A2_qty001_5x10x,92,-1,87337.8,87349.3,103.49999999998545,206.9999999999709,inv,9.0,-0.0988378,0.08733780000000001,-0.1861756,ifvg_clean,0.001
2025-11,A2_qty001_5x10x,93,-1,87248.5,87297.7,245.49999999995634,490.9999999999127,inv,154.0,-0.13644849999999709,0.0872485,-0.2236969999999971,ifvg_clean,0.001
2025-11,A2_qty001_5x10x,94,-1,87879.6,87678.59999999995,100.5000000000291,201.0000000000582,tp,958.0,0.1131204000000582,0.08787960000000002,0.025240800000058183,ifvg_clean,0.001
2025-11,A2_qty001_5x10x,95,-1,87191.7,87365.20000000006,173.5000000000582,347.0000000001164,sl,3769.0,-0.2606917000000582,0.0871917,-0.3478834000000582,ifvg_clean,0.001
2025-11,A2_qty001_5x10x,96,-1,90137.1,90189.5,283.49999999998545,566.9999999999709,inv,113.0,-0.1425370999999942,0.09013710000000001,-0.23267419999999422,ifvg_clean,0.001
2025-11,A2_qty001_5x10x,97,1,90479.8,90343.80000000002,135.99999999998545,271.9999999999709,sl,848.0,-0.22647979999998546,0.09047980000000001,-0.31695959999998546,ifvg_clean,0.001
2025-11,A2_qty001_5x10x,98,1,91519.9,91301.40000000001,218.49999999998545,436.9999999999709,sl,190.0,-0.31001989999998547,0.0915199,-0.40153979999998546,ifvg_clean,0.001
2025-11,A2_qty001_5x10x,99,1,91214.6,91192.2,116.50000000001455,233.0000000000291,inv,42.0,-0.11361460000000874,0.0912146,-0.20482920000000876,ifvg_clean,0.001
2025-11,A2_qty001_5x10x,100,-1,92091.0,91791.0,150.0,300.0,tp,577.0,0.20790899999999998,0.092091,0.11581799999999998,ifvg_clean,0.001
2025-11,A2_qty001_5x10x,101,-1,92028.2,91454.20000000006,286.9999999999709,573.9999999999418,tp,993.0,0.4819717999999418,0.0920282,0.38994359999994177,ifvg_clean,0.001
2025-11,A2_qty001_5x10x,102,-1,91248.2,91491.19999999995,242.99999999995634,485.9999999999127,sl,680.0,-0.33424819999995636,0.0912482,-0.42549639999995637,ifvg_clean,0.001
2025-11,A2_qty001_5x10x,103,-1,90431.8,90683.30000000002,251.50000000001455,503.0000000000291,sl,354.0,-0.34193180000001455,0.0904318,-0.43236360000001456,ifvg_clean,0.001
2025-11,A2_qty001_5x10x,104,-1,90891.5,90627.50000000006,131.9999999999709,263.9999999999418,tp,993.0,0.17310849999994177,0.09089150000000001,0.08221699999994175,ifvg_clean,0.001
2025-11,B1_qty01_1x2x,0,-1,110272.3,110067.90000000001,102.19999999999709,204.39999999999418,tp,1030.0,0.941276999999942,1.102723,-0.16144600000005793,ifvg_clean,0.01
2025-11,B1_qty01_1x2x,1,-1,109580.3,109659.1,78.80000000000291,157.60000000000582,sl,33.0,-1.8838030000000292,1.095803,-2.9796060000000293,ifvg_clean,0.01
2025-11,B1_qty01_1x2x,2,1,108730.7,108705.2,28.0,56.0,inv,8.0,-1.342307,1.087307,-2.429614,ifvg_clean,0.01
2025-11,B1_qty01_1x2x,3,-1,107361.9,107272.1,44.89999999999418,89.79999999998836,tp,255.0,-0.17561900000011632,1.0736189999999999,-1.2492380000001162,ifvg_clean,0.01
2025-11,B1_qty01_1x2x,4,1,107847.7,107748.29999999999,99.40000000000873,198.80000000001746,sl,10.0,-2.0724770000000876,1.0784770000000001,-3.1509540000000875,ifvg_clean,0.01
2025-11,B1_qty01_1x2x,5,1,107315.0,107278.8,40.0,80.0,inv,15.0,-1.4351499999999708,1.07315,-2.508299999999971,ifvg_clean,0.01
2025-11,B1_qty01_1x2x,6,1,107049.3,106989.20000000001,60.09999999999127,120.19999999998254,sl,101.0,-1.6714929999999126,1.070493,-2.7419859999999128,ifvg_clean,0.01
2025-11,B1_qty01_1x2x,7,1,103787.4,103760.5,42.0,84.0,inv,42.0,-1.3068739999999417,1.037874,-2.3447479999999414,ifvg_clean,0.01
2025-11,B1_qty01_1x2x,8,-1,100697.9,100618.1,39.89999999999418,79.79999999998836,tp,14.0,-0.20897900000011627,1.0069789999999998,-1.215958000000116,ifvg_clean,0.01
2025-11,B1_qty01_1x2x,9,-1,100511.4,100676.4,165.0,330.0,sl,256.0,-2.655114,1.0051139999999998,-3.660228,ifvg_clean,0.01
2025-11,B1_qty01_1x2x,10,-1,103090.3,103119.8,36.19999999999709,72.39999999999418,inv,7.0,-1.325903,1.0309030000000001,-2.356806,ifvg_clean,0.01
2025-11,B1_qty01_1x2x,11,-1,103589.5,103743.0,154.5,309.0,inv,1253.0,-2.570895,1.035895,-3.60679,ifvg_clean,0.01
2025-11,B1_qty01_1x2x,12,-1,103531.0,103586.5,66.60000000000582,133.20000000001164,inv,3.0,-1.5903100000000001,1.03531,-2.62562,ifvg_clean,0.01
2025-11,B1_qty01_1x2x,13,1,105956.6,105931.4,30.70000000001164,61.40000000002328,inv,70.0,-1.3115660000001164,1.059566,-2.3711320000001166,ifvg_clean,0.01
2025-11,B1_qty01_1x2x,14,-1,104936.4,105058.79999999999,122.39999999999418,244.79999999998836,sl,343.0,-2.2733639999999418,1.049364,-3.322727999999942,ifvg_clean,0.01
2025-11,B1_qty01_1x2x,15,-1,105068.7,104992.90000000001,37.89999999999418,75.79999999998836,tp,11.0,-0.29268700000011627,1.050687,-1.3433740000001162,ifvg_clean,0.01
2025-11,B1_qty01_1x2x,16,-1,105336.7,105361.0,30.89999999999418,61.79999999998836,inv,24.0,-1.2963670000000291,1.053367,-2.349734000000029,ifvg_clean,0.01
2025-11,B1_qty01_1x2x,17,1,105512.7,105672.50000000001,79.90000000000873,159.80000000001746,tp,923.0,0.5428730000001747,1.055127,-0.5122539999998252,ifvg_clean,0.01
2025-11,B1_qty01_1x2x,18,-1,105813.4,105825.6,32.30000000000291,64.60000000000582,inv,3.0,-1.1801340000001166,1.0581340000000001,-2.238268000000117,ifvg_clean,0.01
2025-11,B1_qty01_1x2x,19,-1,106003.3,106042.4,39.09999999999127,78.19999999998254,sl,3.0,-1.451032999999913,1.0600330000000002,-2.5110659999999134,ifvg_clean,0.01
2025-11,B1_qty01_1x2x,20,1,106576.3,106496.40000000001,79.89999999999418,159.79999999998836,sl,152.0,-1.864762999999942,1.0657630000000002,-2.9305259999999422,ifvg_clean,0.01
2025-11,B1_qty01_1x2x,21,1,106414.9,106482.69999999998,33.89999999999418,67.79999999998836,tp,50.0,-0.3861490000001164,1.064149,-1.4502980000001164,ifvg_clean,0.01
2025-11,B1_qty01_1x2x,22,-1,105406.6,105447.3,40.69999999999709,81.39999999999418,sl,61.0,-1.4610659999999709,1.054066,-2.515131999999971,ifvg_clean,0.01
2025-11,B1_qty01_1x2x,23,1,105304.8,105267.7,37.10000000000582,74.20000000001164,sl,302.0,-1.4240480000000582,1.053048,-2.477096000000058,ifvg_clean,0.01
2025-11,B1_qty01_1x2x,24,1,104850.1,105086.1,118.0,236.0,tp,1142.0,1.311499,1.048501,0.26299800000000007,ifvg_clean,0.01
2025-11,B1_qty01_1x2x,25,-1,101624.8,101580.60000000002,22.09999999999127,44.19999999998254,tp,107.0,-0.5742480000001746,1.016248,-1.5904960000001747,ifvg_clean,0.01
2025-11,B1_qty01_1x2x,26,-1,101482.0,101561.4,79.39999999999418,158.79999999998836,inv,140.0,-1.808819999999942,1.01482,-2.823639999999942,ifvg_clean,0.01
2025-11,B1_qty01_1x2x,27,-1,102478.0,102506.1,28.30000000000291,56.60000000000582,inv,9.0,-1.3057800000000581,1.02478,-2.330560000000058,ifvg_clean,0.01
2025-11,B1_qty01_1x2x,28,1,102446.1,102848.9,201.39999999999418,402.79999999998836,tp,440.0,3.003538999999883,1.024461,1.979077999999883,ifvg_clean,0.01
2025-11,B1_qty01_1x2x,29,-1,101815.5,101684.70000000001,65.39999999999418,130.79999999998836,tp,52.0,0.2898449999998838,1.018155,-0.7283100000001161,ifvg_clean,0.01
2025-11,B1_qty01_1x2x,30,-1,100996.8,101032.6,35.80000000000291,71.60000000000582,sl,29.0,-1.3679680000000294,1.0099680000000002,-2.3779360000000294,ifvg_clean,0.01
2025-11,B1_qty01_1x2x,31,-1,100791.8,100688.00000000001,51.89999999999418,103.79999999998836,tp,39.0,0.03008199999988359,1.007918,-0.9778360000001165,ifvg_clean,0.01
2025-11,B1_qty01_1x2x,32,-1,100431.3,100452.0,20.69999999999709,41.39999999999418,sl,1.0,-1.2113129999999712,1.0043130000000002,-2.2156259999999715,ifvg_clean,0.01
2025-11,B1_qty01_1x2x,33,-1,99881.3,99829.7,25.80000000000291,51.60000000000582,tp,11.0,-0.482812999999942,0.9988130000000002,-1.4816259999999422,ifvg_clean,0.01
2025-11,B1_qty01_1x2x,34,-1,98707.8,98712.7,22.09999999999127,44.19999999998254,inv,0.0,-1.0360779999999419,0.9870780000000001,-2.023155999999942,ifvg_clean,0.01
2025-11,B1_qty01_1x2x,35,1,98524.0,98472.1,53.69999999999709,107.39999999999418,inv,5.0,-1.5042399999999418,0.98524,-2.4894799999999417,ifvg_clean,0.01
2025-11,B1_qty01_1x2x,36,-1,98363.1,98408.20000000001,45.10000000000582,90.20000000001164,sl,5.0,-1.4346310000000584,0.9836310000000001,-2.4182620000000585,ifvg_clean,0.01
2025-11,B1_qty01_1x2x,37,1,99617.7,99753.90000000001,68.10000000000582,136.20000000001164,tp,100.0,0.36582300000011636,0.9961770000000001,-0.6303539999998837,ifvg_clean,0.01
2025-11,B1_qty01_1x2x,38,1,99397.1,99353.1,44.0,88.0,sl,88.0,-1.433971,0.9939710000000002,-2.4279420000000003,ifvg_clean,0.01
2025-11,B1_qty01_1x2x,39,1,99539.8,99506.6,33.19999999999709,66.39999999999418,sl,8.0,-1.327397999999971,0.995398,-2.322795999999971,ifvg_clean,0.01
2025-11,B1_qty01_1x2x,40,-1,99283.8,99337.3,53.5,107.0,sl,45.0,-1.527838,0.9928380000000001,-2.520676,ifvg_clean,0.01
2025-11,B1_qty01_1x2x,41,-1,99106.9,99065.29999999999,20.80000000000291,41.60000000000582,tp,144.0,-0.5750689999999418,0.991069,-1.5661379999999419,ifvg_clean,0.01
2025-11,B1_qty01_1x2x,42,-1,97835.9,97682.1,76.89999999999418,153.79999999998836,tp,13.0,0.5596409999998837,0.978359,-0.4187180000001163,ifvg_clean,0.01
2025-11,B1_qty01_1x2x,43,-1,97077.4,97125.0,51.10000000000582,102.20000000001164,inv,90.0,-1.4467740000000582,0.970774,-2.417548000000058,ifvg_clean,0.01
2025-11,B1_qty01_1x2x,44,1,96901.7,96868.1,49.39999999999418,98.79999999998836,inv,2.0,-1.3050169999999126,0.9690169999999999,-2.2740339999999124,ifvg_clean,0.01
2025-11,B1_qty01_1x2x,45,-1,96622.3,96645.2,22.89999999999418,45.79999999998836,sl,1.0,-1.1952229999999417,0.966223,-2.161445999999942,ifvg_clean,0.01
2025-11,B1_qty01_1x2x,46,-1,97165.0,97108.6,28.19999999999709,56.39999999999418,tp,13.0,-0.40765000000005824,0.97165,-1.3793000000000584,ifvg_clean,0.01
2025-11,B1_qty01_1x2x,47,-1,96324.4,96231.19999999998,46.60000000000582,93.20000000001164,tp,32.0,-0.031243999999883587,0.963244,-0.9944879999998836,ifvg_clean,0.01
2025-11,B1_qty01_1x2x,48,-1,95949.0,96055.1,110.60000000000582,221.20000000001164,inv,3017.0,-2.0204900000000583,0.9594900000000001,-2.9799800000000585,ifvg_clean,0.01
2025-11,B1_qty01_1x2x,49,-1,95592.6,95619.8,27.19999999999709,54.39999999999418,sl,45.0,-1.227925999999971,0.955926,-2.183851999999971,ifvg_clean,0.01
2025-11,B1_qty01_1x2x,50,-1,94659.3,94705.7,51.0,102.0,inv,11.0,-1.4105929999999418,0.9465930000000001,-2.357185999999942,ifvg_clean,0.01
2025-11,B1_qty01_1x2x,51,1,94882.3,94928.90000000001,23.30000000000291,46.60000000000582,tp,3.0,-0.4828229999999419,0.9488230000000001,-1.431645999999942,ifvg_clean,0.01
2025-11,B1_qty01_1x2x,52,-1,95747.5,95772.3,40.80000000000291,81.60000000000582,inv,9.0,-1.2054750000000292,0.9574750000000001,-2.1629500000000292,ifvg_clean,0.01
2025-11,B1_qty01_1x2x,53,1,95304.8,95438.59999999999,66.89999999999418,133.79999999998836,tp,124.0,0.3849519999998835,0.953048,-0.5680960000001165,ifvg_clean,0.01
2025-11,B1_qty01_1x2x,54,-1,93649.8,93316.00000000001,166.89999999999418,333.79999999998836,tp,279.0,2.4015019999998835,0.936498,1.4650039999998834,ifvg_clean,0.01
2025-11,B1_qty01_1x2x,55,-1,90717.1,90764.80000000002,47.70000000001164,95.40000000002328,sl,9.0,-1.3841710000001166,0.9071710000000001,-2.2913420000001166,ifvg_clean,0.01
2025-11,B1_qty01_1x2x,56,1,93583.5,93546.8,36.69999999999709,73.39999999999418,sl,6.0,-1.302834999999971,0.9358350000000001,-2.238669999999971,ifvg_clean,0.01
2025-11,B1_qty01_1x2x,57,1,93290.4,93274.9,20.90000000000873,41.80000000001746,inv,3.0,-1.087904,0.9329040000000001,-2.020808,ifvg_clean,0.01
2025-11,B1_qty01_1x2x,58,-1,93214.6,93162.6,26.0,52.0,tp,5.0,-0.4121460000000001,0.9321460000000001,-1.3442920000000003,ifvg_clean,0.01
2025-11,B1_qty01_1x2x,59,-1,93474.8,93387.8,43.5,87.0,tp,83.0,-0.06474800000000003,0.934748,-0.999496,ifvg_clean,0.01
2025-11,B1_qty01_1x2x,60,1,93162.9,93139.5,24.0,48.0,inv,36.0,-1.1656289999999419,0.9316289999999999,-2.097257999999942,ifvg_clean,0.01
2025-11,B1_qty01_1x2x,61,1,92915.2,92876.5,39.60000000000582,79.20000000001164,inv,179.0,-1.316151999999971,0.9291520000000001,-2.245303999999971,ifvg_clean,0.01
2025-11,B1_qty01_1x2x,62,1,93049.4,93152.79999999999,51.69999999999709,103.39999999999418,tp,274.0,0.10350599999994192,0.9304939999999999,-0.826988000000058,ifvg_clean,0.01
2025-11,B1_qty01_1x2x,63,1,89255.8,89182.6,73.19999999999709,146.39999999999418,sl,75.0,-1.6245579999999709,0.892558,-2.517115999999971,ifvg_clean,0.01
2025-11,B1_qty01_1x2x,64,-1,89528.6,89575.9,49.0,98.0,inv,54.0,-1.3682859999998835,0.895286,-2.2635719999998836,ifvg_clean,0.01
2025-11,B1_qty01_1x2x,65,-1,91820.8,91883.8,89.60000000000582,179.20000000001164,inv,2.0,-1.5482080000000003,0.9182080000000001,-2.4664160000000006,ifvg_clean,0.01
2025-11,B1_qty01_1x2x,66,-1,82220.0,82079.80000000002,70.09999999999127,140.19999999998254,tp,15.0,0.5797999999998253,0.8222,-0.2424000000001747,ifvg_clean,0.01
2025-11,B1_qty01_1x2x,67,1,82096.4,82038.5,58.10000000000582,116.20000000001164,inv,30.0,-1.3999639999999416,0.8209639999999999,-2.2209279999999416,ifvg_clean,0.01
2025-11,B1_qty01_1x2x,68,1,82784.7,82810.8,26.30000000000291,52.60000000000582,inv,0.0,-0.5668469999999418,0.827847,-1.3946939999999417,ifvg_clean,0.01
2025-11,B1_qty01_1x2x,69,-1,82960.7,83070.5,109.80000000000291,219.60000000000582,sl,11.0,-1.9276070000000292,0.829607,-2.757214000000029,ifvg_clean,0.01
2025-11,B1_qty01_1x2x,70,1,83343.6,83603.6,130.0,260.0,tp,104.0,1.766564,0.8334360000000001,0.933128,ifvg_clean,0.01
2025-11,B1_qty01_1x2x,71,1,83468.4,83410.4,58.20000000001164,116.40000000002328,inv,18.0,-1.4146839999999998,0.834684,-2.2493679999999996,ifvg_clean,0.01
2025-11,B1_qty01_1x2x,72,-1,84982.6,84915.4,33.60000000000582,67.20000000001164,tp,23.0,-0.1778259999998837,0.8498260000000001,-1.0276519999998839,ifvg_clean,0.01
2025-11,B1_qty01_1x2x,73,1,85096.6,85062.30000000002,34.29999999998836,68.59999999997672,sl,5.0,-1.1939659999998837,0.8509660000000001,-2.044931999999884,ifvg_clean,0.01
2025-11,B1_qty01_1x2x,74,-1,84684.9,84634.5,25.19999999999709,50.39999999999418,tp,208.0,-0.34284900000005814,0.846849,-1.189698000000058,ifvg_clean,0.01
2025-11,B1_qty01_1x2x,75,1,84670.5,84628.3,42.19999999999709,84.39999999999418,sl,29.0,-1.2687049999999709,0.846705,-2.115409999999971,ifvg_clean,0.01
2025-11,B1_qty01_1x2x,76,1,84155.5,84096.9,74.20000000001164,148.40000000002328,inv,21.0,-1.4275550000000583,0.841555,-2.269110000000058,ifvg_clean,0.01
2025-11,B1_qty01_1x2x,77,1,84009.4,84058.19999999998,24.39999999999418,48.79999999998836,tp,23.0,-0.3520940000001164,0.840094,-1.1921880000001164,ifvg_clean,0.01
2025-11,B1_qty01_1x2x,78,-1,84497.3,84544.2,46.89999999999418,93.79999999998836,inv,71.0,-1.3139729999999419,0.8449730000000001,-2.158945999999942,ifvg_clean,0.01
2025-11,B1_qty01_1x2x,79,-1,85767.1,85787.9,27.39999999999418,54.79999999998836,inv,65.0,-1.0656709999998837,0.8576710000000001,-1.9233419999998838,ifvg_clean,0.01
2025-11,B1_qty01_1x2x,80,-1,87378.6,87415.8,37.19999999999709,74.39999999999418,inv,32.0,-1.245785999999971,0.8737860000000001,-2.119571999999971,ifvg_clean,0.01
2025-11,B1_qty01_1x2x,81,1,85960.5,86018.9,29.19999999999709,58.39999999999418,tp,43.0,-0.2756050000000583,0.8596050000000001,-1.1352100000000585,ifvg_clean,0.01
2025-11,B1_qty01_1x2x,82,1,86169.8,86314.2,72.19999999999709,144.39999999999418,tp,14.0,0.5823019999999417,0.8616980000000001,-0.2793960000000584,ifvg_clean,0.01
2025-11,B1_qty01_1x2x,83,1,88372.8,88578.2,102.69999999999709,205.39999999999418,tp,152.0,1.1702719999999416,0.8837280000000001,0.2865439999999415,ifvg_clean,0.01
2025-11,B1_qty01_1x2x,84,-1,88598.0,88618.3,30.0,60.0,inv,9.0,-1.0889800000000291,0.88598,-1.9749600000000291,ifvg_clean,0.01
2025-11,B1_qty01_1x2x,85,1,88672.2,88624.4,50.60000000000582,101.20000000001164,inv,38.0,-1.364722000000029,0.886722,-2.251444000000029,ifvg_clean,0.01
2025-11,B1_qty01_1x2x,86,1,88033.9,87958.2,112.60000000000582,225.20000000001164,inv,324.0,-1.637338999999971,0.880339,-2.5176779999999708,ifvg_clean,0.01
2025-11,B1_qty01_1x2x,87,-1,87696.0,87575.80000000002,60.09999999999127,120.19999999998254,tp,359.0,0.32503999999982536,0.8769600000000001,-0.5519200000001747,ifvg_clean,0.01
2025-11,B1_qty01_1x2x,88,-1,87513.3,87537.0,23.69999999999709,47.39999999999418,sl,8.0,-1.112132999999971,0.875133,-1.9872659999999711,ifvg_clean,0.01
2025-11,B1_qty01_1x2x,89,-1,86276.0,86357.7,81.69999999999709,163.39999999999418,sl,17.0,-1.6797599999999708,0.86276,-2.542519999999971,ifvg_clean,0.01
2025-11,B1_qty01_1x2x,90,-1,86583.1,86580.2,21.09999999999127,42.19999999998254,inv,0.0,-0.8368309999999128,0.8658310000000001,-1.702661999999913,ifvg_clean,0.01
2025-11,B1_qty01_1x2x,91,1,87490.5,87535.30000000002,22.40000000000873,44.80000000001746,tp,26.0,-0.4269049999998254,0.874905,-1.3018099999998254,ifvg_clean,0.01
2025-11,B1_qty01_1x2x,92,-1,87337.8,87349.3,20.69999999999709,41.39999999999418,inv,9.0,-0.9883780000000001,0.8733780000000001,-1.8617560000000002,ifvg_clean,0.01
2025-11,B1_qty01_1x2x,93,-1,87248.5,87297.59999999999,49.09999999999127,98.19999999998254,inv,154.0,-1.3634849999999128,0.8724850000000001,-2.235969999999913,ifvg_clean,0.01
2025-11,B1_qty01_1x2x,94,-1,87879.6,87899.70000000001,20.10000000000582,40.20000000001164,sl,21.0,-1.0797960000000582,0.878796,-1.958592000000058,ifvg_clean,0.01
2025-11,B1_qty01_1x2x,95,-1,87191.7,87122.29999999997,34.70000000001164,69.40000000002328,tp,81.0,-0.17791699999976718,0.871917,-1.0498339999997672,ifvg_clean,0.01
2025-11,B1_qty01_1x2x,96,-1,90137.1,90189.5,56.69999999999709,113.39999999999418,inv,113.0,-1.425370999999942,0.9013710000000001,-2.326741999999942,ifvg_clean,0.01
2025-11,B1_qty01_1x2x,97,1,90479.8,90452.6,27.19999999999709,54.39999999999418,sl,32.0,-1.176797999999971,0.904798,-2.081595999999971,ifvg_clean,0.01
2025-11,B1_qty01_1x2x,98,1,91519.9,91476.2,43.69999999999709,87.39999999999418,sl,83.0,-1.3521989999999708,0.915199,-2.2673979999999707,ifvg_clean,0.01
2025-11,B1_qty01_1x2x,99,1,91214.6,91192.2,23.30000000000291,46.60000000000582,inv,42.0,-1.1361460000000874,0.9121460000000001,-2.0482920000000875,ifvg_clean,0.01
2025-11,B1_qty01_1x2x,100,-1,92091.0,92121.0,30.0,60.0,sl,4.0,-1.22091,0.92091,-2.14182,ifvg_clean,0.01
2025-11,B1_qty01_1x2x,101,-1,92028.2,91913.40000000001,57.39999999999418,114.79999999998836,tp,284.0,0.2277179999998835,0.920282,-0.6925640000001165,ifvg_clean,0.01
2025-11,B1_qty01_1x2x,102,-1,91248.2,91296.79999999999,48.59999999999127,97.19999999998254,sl,4.0,-1.3984819999999127,0.912482,-2.3109639999999128,ifvg_clean,0.01
2025-11,B1_qty01_1x2x,103,-1,90431.8,90482.1,50.30000000000291,100.60000000000582,sl,11.0,-1.4073180000000292,0.9043180000000001,-2.3116360000000293,ifvg_clean,0.01
2025-11,B1_qty01_1x2x,104,-1,90891.5,90917.9,26.39999999999418,52.79999999998836,sl,33.0,-1.1729149999999418,0.908915,-2.081829999999942,ifvg_clean,0.01
2025-11,B2_qty01_5x10x,0,-1,110272.3,109250.30000000003,510.99999999998545,1021.9999999999709,tp,6738.0,9.11727699999971,1.102723,8.01455399999971,ifvg_clean,0.01
2025-11,B2_qty01_5x10x,1,-1,109580.3,108792.29999999997,394.00000000001455,788.0000000000291,tp,3614.0,6.784197000000291,1.095803,5.688394000000291,ifvg_clean,0.01
2025-11,B2_qty01_5x10x,2,1,108730.7,108705.2,140.0,280.0,inv,8.0,-1.342307,1.087307,-2.429614,ifvg_clean,0.01
2025-11,B2_qty01_5x10x,3,-1,107361.9,107586.39999999997,224.4999999999709,448.9999999999418,sl,2346.0,-3.318618999999709,1.0736189999999999,-4.392237999999709,ifvg_clean,0.01
2025-11,B2_qty01_5x10x,4,1,107847.7,107350.69999999995,497.00000000004366,994.0000000000873,sl,8947.0,-6.048477000000437,1.0784770000000001,-7.126954000000437,ifvg_clean,0.01
2025-11,B2_qty01_5x10x,5,1,107315.0,107278.8,200.0,400.0,inv,15.0,-1.4351499999999708,1.07315,-2.508299999999971,ifvg_clean,0.01
2025-11,B2_qty01_5x10x,6,1,107049.3,106748.80000000005,300.49999999995634,600.9999999999127,sl,3709.0,-4.075492999999563,1.070493,-5.145985999999563,ifvg_clean,0.01
2025-11,B2_qty01_5x10x,7,1,103787.4,103760.5,210.0,420.0,inv,42.0,-1.3068739999999417,1.037874,-2.3447479999999414,ifvg_clean,0.01
2025-11,B2_qty01_5x10x,8,-1,100697.9,100897.39999999997,199.4999999999709,398.9999999999418,sl,536.0,-3.001978999999709,1.0069789999999998,-4.0089579999997085,ifvg_clean,0.01
2025-11,B2_qty01_5x10x,9,-1,100511.4,101336.4,825.0,1650.0,sl,601.0,-9.255113999999999,1.0051139999999998,-10.260227999999998,ifvg_clean,0.01
2025-11,B2_qty01_5x10x,10,-1,103090.3,103119.8,180.99999999998545,361.9999999999709,inv,7.0,-1.325903,1.0309030000000001,-2.356806,ifvg_clean,0.01
2025-11,B2_qty01_5x10x,11,-1,103589.5,103743.0,772.5,1545.0,inv,1253.0,-2.570895,1.035895,-3.60679,ifvg_clean,0.01
2025-11,B2_qty01_5x10x,12,-1,103531.0,103586.5,333.0000000000291,666.0000000000582,inv,3.0,-1.5903100000000001,1.03531,-2.62562,ifvg_clean,0.01
2025-11,B2_qty01_5x10x,13,1,105956.6,105931.4,153.5000000000582,307.0000000001164,inv,70.0,-1.3115660000001164,1.059566,-2.3711320000001166,ifvg_clean,0.01
2025-11,B2_qty01_5x10x,14,-1,105068.7,105258.19999999997,189.4999999999709,378.9999999999418,sl,1235.0,-2.945686999999709,1.050687,-3.996373999999709,ifvg_clean,0.01
2025-11,B2_qty01_5x10x,15,-1,105336.7,105361.0,154.4999999999709,308.9999999999418,inv,24.0,-1.2963670000000291,1.053367,-2.349734000000029,ifvg_clean,0.01
2025-11,B2_qty01_5x10x,16,-1,104936.4,105548.39999999997,611.9999999999709,1223.9999999999418,sl,5827.0,-7.1693639999997085,1.049364,-8.21872799999971,ifvg_clean,0.01
2025-11,B2_qty01_5x10x,17,-1,105813.4,105825.6,161.50000000001455,323.0000000000291,inv,3.0,-1.1801340000001166,1.0581340000000001,-2.238268000000117,ifvg_clean,0.01
2025-11,B2_qty01_5x10x,18,1,105512.7,106311.70000000008,399.50000000004366,799.0000000000873,tp,10395.0,6.934873000000874,1.055127,5.879746000000874,ifvg_clean,0.01
2025-11,B2_qty01_5x10x,19,-1,106003.3,106198.79999999996,195.49999999995634,390.9999999999127,sl,486.0,-3.0150329999995638,1.0600330000000002,-4.075065999999564,ifvg_clean,0.01
2025-11,B2_qty01_5x10x,20,1,106414.9,106383.5,169.4999999999709,338.9999999999418,inv,212.0,-1.378148999999942,1.064149,-2.442297999999942,ifvg_clean,0.01
2025-11,B2_qty01_5x10x,21,1,106576.3,106176.80000000003,399.4999999999709,798.9999999999418,sl,1971.0,-5.060762999999709,1.0657630000000002,-6.12652599999971,ifvg_clean,0.01
2025-11,B2_qty01_5x10x,22,-1,105406.6,104999.60000000003,203.49999999998545,406.9999999999709,tp,2332.0,3.0159339999997092,1.054066,1.9618679999997093,ifvg_clean,0.01
2025-11,B2_qty01_5x10x,23,1,105304.8,105119.29999999997,185.5000000000291,371.0000000000582,sl,2727.0,-2.9080480000002913,1.053048,-3.9610960000002913,ifvg_clean,0.01
2025-11,B2_qty01_5x10x,24,1,104850.1,104260.1,590.0,1180.0,sl,14391.0,-6.948501,1.048501,-7.997002,ifvg_clean,0.01
2025-11,B2_qty01_5x10x,25,-1,101624.8,101636.9,110.49999999995634,220.9999999999127,inv,428.0,-1.1372479999999128,1.016248,-2.1534959999999126,ifvg_clean,0.01
2025-11,B2_qty01_5x10x,26,-1,101482.0,101561.9,396.9999999999709,793.9999999999418,inv,140.0,-1.8138199999999418,1.01482,-2.828639999999942,ifvg_clean,0.01
2025-11,B2_qty01_5x10x,27,-1,102478.0,102506.1,141.50000000001455,283.0000000000291,inv,9.0,-1.3057800000000581,1.02478,-2.330560000000058,ifvg_clean,0.01
2025-11,B2_qty01_5x10x,28,1,102446.1,101439.10000000003,1006.9999999999709,2013.9999999999418,sl,2295.0,-11.09446099999971,1.024461,-12.11892199999971,ifvg_clean,0.01
2025-11,B2_qty01_5x10x,29,-1,101815.5,101161.50000000006,326.9999999999709,653.9999999999418,tp,1035.0,5.521844999999418,1.018155,4.503689999999418,ifvg_clean,0.01
2025-11,B2_qty01_5x10x,30,-1,100996.8,101175.80000000002,179.00000000001455,358.0000000000291,sl,90.0,-2.7999680000001455,1.0099680000000002,-3.8099360000001457,ifvg_clean,0.01
2025-11,B2_qty01_5x10x,31,-1,100791.8,100272.80000000006,259.4999999999709,518.9999999999418,tp,1617.0,4.182081999999418,1.007918,3.1741639999994176,ifvg_clean,0.01
2025-11,B2_qty01_5x10x,32,-1,100431.3,100224.30000000003,103.49999999998545,206.9999999999709,tp,204.0,1.0656869999997087,1.0043130000000002,0.061373999999708495,ifvg_clean,0.01
2025-11,B2_qty01_5x10x,33,-1,99881.3,99623.29999999997,129.00000000001455,258.0000000000291,tp,291.0,1.5811870000002908,0.9988130000000002,0.5823740000002906,ifvg_clean,0.01
2025-11,B2_qty01_5x10x,34,-1,98707.8,98712.7,110.49999999995634,220.9999999999127,inv,0.0,-1.0360779999999419,0.9870780000000001,-2.023155999999942,ifvg_clean,0.01
2025-11,B2_qty01_5x10x,35,1,98524.0,98472.1,268.49999999998545,536.9999999999709,inv,5.0,-1.5042399999999418,0.98524,-2.4894799999999417,ifvg_clean,0.01
2025-11,B2_qty01_5x10x,36,-1,98363.1,98588.60000000003,225.5000000000291,451.0000000000582,sl,162.0,-3.238631000000291,0.9836310000000001,-4.222262000000291,ifvg_clean,0.01
2025-11,B2_qty01_5x10x,37,1,99617.7,100298.70000000006,340.5000000000291,681.0000000000582,tp,953.0,5.813823000000582,0.9961770000000001,4.817646000000582,ifvg_clean,0.01
2025-11,B2_qty01_5x10x,38,1,99397.1,99177.1,220.0,440.0,sl,132.0,-3.1939710000000003,0.9939710000000002,-4.1879420000000005,ifvg_clean,0.01
2025-11,B2_qty01_5x10x,39,1,99539.8,99373.80000000002,165.99999999998545,331.9999999999709,sl,108.0,-2.6553979999998543,0.995398,-3.650795999999854,ifvg_clean,0.01
2025-11,B2_qty01_5x10x,40,-1,99283.8,98748.8,267.5,535.0,tp,2295.0,4.357162000000001,0.9928380000000001,3.3643240000000008,ifvg_clean,0.01
2025-11,B2_qty01_5x10x,41,-1,99106.9,98898.89999999997,104.00000000001455,208.0000000000291,tp,233.0,1.088931000000291,0.991069,0.097862000000291,ifvg_clean,0.01
2025-11,B2_qty01_5x10x,42,-1,97835.9,97066.90000000005,384.4999999999709,768.9999999999418,tp,2997.0,6.7116409999994175,0.978359,5.733281999999417,ifvg_clean,0.01
2025-11,B2_qty01_5x10x,43,-1,97077.4,97125.0,255.5000000000291,511.0000000000582,inv,90.0,-1.4467740000000582,0.970774,-2.417548000000058,ifvg_clean,0.01
2025-11,B2_qty01_5x10x,44,1,96901.7,96868.1,246.9999999999709,493.9999999999418,inv,2.0,-1.3050169999999126,0.9690169999999999,-2.2740339999999124,ifvg_clean,0.01
2025-11,B2_qty01_5x10x,45,-1,96622.3,96393.30000000006,114.4999999999709,228.9999999999418,tp,214.0,1.3237769999994178,0.966223,0.3575539999994177,ifvg_clean,0.01
2025-11,B2_qty01_5x10x,46,-1,97165.0,96883.00000000003,140.99999999998545,281.9999999999709,tp,360.0,1.848349999999709,0.97165,0.876699999999709,ifvg_clean,0.01
2025-11,B2_qty01_5x10x,47,-1,96324.4,95858.39999999994,233.0000000000291,466.0000000000582,tp,2172.0,3.696756000000582,0.963244,2.733512000000582,ifvg_clean,0.01
2025-11,B2_qty01_5x10x,48,-1,95949.0,96055.1,553.0000000000291,1106.0000000000582,inv,3017.0,-2.0204900000000583,0.9594900000000001,-2.9799800000000585,ifvg_clean,0.01
2025-11,B2_qty01_5x10x,49,-1,95592.6,95728.59999999999,135.99999999998545,271.9999999999709,sl,114.0,-2.3159259999998545,0.955926,-3.2718519999998543,ifvg_clean,0.01
2025-11,B2_qty01_5x10x,50,-1,94659.3,94705.7,255.0,510.0,inv,11.0,-1.4105929999999418,0.9465930000000001,-2.357185999999942,ifvg_clean,0.01
2025-11,B2_qty01_5x10x,51,1,94882.3,95115.30000000003,116.50000000001455,233.0000000000291,tp,98.0,1.381177000000291,0.9488230000000001,0.4323540000002909,ifvg_clean,0.01
2025-11,B2_qty01_5x10x,52,-1,95747.5,95772.3,204.00000000001455,408.0000000000291,inv,9.0,-1.2054750000000292,0.9574750000000001,-2.1629500000000292,ifvg_clean,0.01
2025-11,B2_qty01_5x10x,53,1,95304.8,94970.30000000003,334.4999999999709,668.9999999999418,sl,191.0,-4.298047999999709,0.953048,-5.251095999999709,ifvg_clean,0.01
2025-11,B2_qty01_5x10x,54,-1,93649.8,91980.80000000006,834.4999999999709,1668.9999999999418,tp,12733.0,15.753501999999418,0.936498,14.817003999999418,ifvg_clean,0.01
2025-11,B2_qty01_5x10x,55,-1,90717.1,90240.09999999989,238.5000000000582,477.0000000001164,tp,1083.0,3.862829000001164,0.9071710000000001,2.955658000001164,ifvg_clean,0.01
2025-11,B2_qty01_5x10x,56,1,93583.5,93400.00000000001,183.49999999998545,366.9999999999709,sl,231.0,-2.7708349999998547,0.9358350000000001,-3.7066699999998547,ifvg_clean,0.01
2025-11,B2_qty01_5x10x,57,1,93290.4,93274.9,104.50000000004366,209.0000000000873,inv,3.0,-1.087904,0.9329040000000001,-2.020808,ifvg_clean,0.01
2025-11,B2_qty01_5x10x,58,-1,93214.6,93344.6,130.0,260.0,sl,806.0,-2.232146,0.9321460000000001,-3.1642920000000005,ifvg_clean,0.01
2025-11,B2_qty01_5x10x,59,-1,93474.8,93516.0,217.5,435.0,inv,2703.0,-1.346747999999971,0.934748,-2.281495999999971,ifvg_clean,0.01
2025-11,B2_qty01_5x10x,60,1,93162.9,93139.5,120.0,240.0,inv,36.0,-1.1656289999999419,0.9316289999999999,-2.097257999999942,ifvg_clean,0.01
2025-11,B2_qty01_5x10x,61,1,92915.2,92876.5,198.0000000000291,396.0000000000582,inv,179.0,-1.316151999999971,0.9291520000000001,-2.245303999999971,ifvg_clean,0.01
2025-11,B2_qty01_5x10x,62,1,93049.4,92790.90000000001,258.49999999998545,516.9999999999709,sl,3086.0,-3.5154939999998547,0.9304939999999999,-4.445987999999854,ifvg_clean,0.01
2025-11,B2_qty01_5x10x,63,-1,89528.6,89575.9,245.0,490.0,inv,54.0,-1.3682859999998835,0.895286,-2.2635719999998836,ifvg_clean,0.01
2025-11,B2_qty01_5x10x,64,1,89255.8,89987.79999999997,365.99999999998545,731.9999999999709,tp,1877.0,6.427441999999709,0.892558,5.534883999999709,ifvg_clean,0.01
2025-11,B2_qty01_5x10x,65,-1,91820.8,91883.8,448.0000000000291,896.0000000000582,inv,2.0,-1.5482080000000003,0.9182080000000001,-2.4664160000000006,ifvg_clean,0.01
2025-11,B2_qty01_5x10x,66,-1,82220.0,82570.49999999996,350.49999999995634,700.9999999999127,sl,363.0,-4.327199999999563,0.8222,-5.149399999999563,ifvg_clean,0.01
2025-11,B2_qty01_5x10x,67,1,82096.4,82038.5,290.5000000000291,581.0000000000582,inv,30.0,-1.3999639999999416,0.8209639999999999,-2.2209279999999416,ifvg_clean,0.01
2025-11,B2_qty01_5x10x,68,1,82784.7,82810.8,131.50000000001455,263.0000000000291,inv,0.0,-0.5668469999999418,0.827847,-1.3946939999999417,ifvg_clean,0.01
2025-11,B2_qty01_5x10x,69,-1,82960.7,83509.70000000001,549.0000000000146,1098.000000000029,sl,2447.0,-6.319607000000146,0.829607,-7.149214000000146,ifvg_clean,0.01
2025-11,B2_qty01_5x10x,70,1,83343.6,84643.6,650.0,1300.0,tp,588.0,12.166564,0.8334360000000001,11.333127999999999,ifvg_clean,0.01
2025-11,B2_qty01_5x10x,71,1,83468.4,83410.4,291.0000000000582,582.0000000001164,inv,18.0,-1.4146839999999998,0.834684,-2.2493679999999996,ifvg_clean,0.01
2025-11,B2_qty01_5x10x,72,-1,84982.6,85012.1,168.0000000000291,336.0000000000582,inv,67.0,-1.1448260000000001,0.8498260000000001,-1.9946520000000003,ifvg_clean,0.01
2025-11,B2_qty01_5x10x,73,1,85096.6,84925.10000000006,171.4999999999418,342.9999999998836,sl,1162.0,-2.5659659999994178,0.8509660000000001,-3.416931999999418,ifvg_clean,0.01
2025-11,B2_qty01_5x10x,74,-1,84684.9,84432.90000000002,125.99999999998545,251.9999999999709,tp,437.0,1.6731509999997092,0.846849,0.8263019999997092,ifvg_clean,0.01
2025-11,B2_qty01_5x10x,75,1,84670.5,84459.50000000001,210.99999999998545,421.9999999999709,sl,762.0,-2.9567049999998547,0.846705,-3.8034099999998547,ifvg_clean,0.01
2025-11,B2_qty01_5x10x,76,1,84155.5,84096.9,371.0000000000582,742.0000000001164,inv,21.0,-1.4275550000000583,0.841555,-2.269110000000058,ifvg_clean,0.01
2025-11,B2_qty01_5x10x,77,1,84009.4,83887.40000000002,121.9999999999709,243.9999999999418,sl,776.0,-2.060093999999709,0.840094,-2.900187999999709,ifvg_clean,0.01
2025-11,B2_qty01_5x10x,78,-1,84497.3,84544.2,234.4999999999709,468.9999999999418,inv,71.0,-1.3139729999999419,0.8449730000000001,-2.158945999999942,ifvg_clean,0.01
2025-11,B2_qty01_5x10x,79,-1,85767.1,85787.9,136.9999999999709,273.9999999999418,inv,65.0,-1.0656709999998837,0.8576710000000001,-1.9233419999998838,ifvg_clean,0.01
2025-11,B2_qty01_5x10x,80,-1,87378.6,87418.0,185.99999999998545,371.9999999999709,inv,32.0,-1.267785999999942,0.8737860000000001,-2.141571999999942,ifvg_clean,0.01
2025-11,B2_qty01_5x10x,81,1,85960.5,85938.7,145.99999999998545,291.9999999999709,inv,135.0,-1.0776050000000292,0.8596050000000001,-1.9372100000000292,ifvg_clean,0.01
2025-11,B2_qty01_5x10x,82,1,86169.8,86099.0,360.99999999998545,721.9999999999709,inv,45.0,-1.5696980000000291,0.8616980000000001,-2.431396000000029,ifvg_clean,0.01
2025-11,B2_qty01_5x10x,83,-1,88598.0,88618.3,150.0,300.0,inv,9.0,-1.0889800000000291,0.88598,-1.9749600000000291,ifvg_clean,0.01
2025-11,B2_qty01_5x10x,84,1,88672.2,88624.4,253.0000000000291,506.0000000000582,inv,38.0,-1.364722000000029,0.886722,-2.251444000000029,ifvg_clean,0.01
2025-11,B2_qty01_5x10x,85,1,88372.8,87859.30000000002,513.4999999999854,1026.999999999971,sl,20406.0,-6.0187279999998555,0.8837280000000001,-6.902455999999855,ifvg_clean,0.01
2025-11,B2_qty01_5x10x,86,1,88033.9,87958.2,563.0000000000291,1126.0000000000582,inv,324.0,-1.637338999999971,0.880339,-2.5176779999999708,ifvg_clean,0.01
2025-11,B2_qty01_5x10x,87,-1,87696.0,87996.49999999996,300.49999999995634,600.9999999999127,sl,2359.0,-3.8819599999995633,0.8769600000000001,-4.758919999999564,ifvg_clean,0.01
2025-11,B2_qty01_5x10x,88,-1,87513.3,87631.79999999999,118.49999999998545,236.9999999999709,sl,511.0,-2.0601329999998548,0.875133,-2.9352659999998547,ifvg_clean,0.01
2025-11,B2_qty01_5x10x,89,-1,86276.0,86684.49999999999,408.49999999998545,816.9999999999709,sl,203.0,-4.947759999999854,0.86276,-5.810519999999854,ifvg_clean,0.01
2025-11,B2_qty01_5x10x,90,-1,86583.1,86580.2,105.49999999995634,210.9999999999127,inv,0.0,-0.8368309999999128,0.8658310000000001,-1.702661999999913,ifvg_clean,0.01
2025-11,B2_qty01_5x10x,91,1,87490.5,87466.2,112.00000000004366,224.0000000000873,inv,344.0,-1.1179050000000292,0.874905,-1.9928100000000293,ifvg_clean,0.01
2025-11,B2_qty01_5x10x,92,-1,87337.8,87349.3,103.49999999998545,206.9999999999709,inv,9.0,-0.9883780000000001,0.8733780000000001,-1.8617560000000002,ifvg_clean,0.01
2025-11,B2_qty01_5x10x,93,-1,87248.5,87297.7,245.49999999995634,490.9999999999127,inv,154.0,-1.3644849999999709,0.8724850000000001,-2.236969999999971,ifvg_clean,0.01
2025-11,B2_qty01_5x10x,94,-1,87879.6,87678.59999999995,100.5000000000291,201.0000000000582,tp,958.0,1.131204000000582,0.878796,0.25240800000058206,ifvg_clean,0.01
2025-11,B2_qty01_5x10x,95,-1,87191.7,87365.20000000006,173.5000000000582,347.0000000001164,sl,3769.0,-2.606917000000582,0.871917,-3.4788340000005817,ifvg_clean,0.01
2025-11,B2_qty01_5x10x,96,-1,90137.1,90189.5,283.49999999998545,566.9999999999709,inv,113.0,-1.425370999999942,0.9013710000000001,-2.326741999999942,ifvg_clean,0.01
2025-11,B2_qty01_5x10x,97,1,90479.8,90343.80000000002,135.99999999998545,271.9999999999709,sl,848.0,-2.264797999999854,0.904798,-3.169595999999854,ifvg_clean,0.01
2025-11,B2_qty01_5x10x,98,1,91519.9,91301.40000000001,218.49999999998545,436.9999999999709,sl,190.0,-3.1001989999998543,0.915199,-4.015397999999855,ifvg_clean,0.01
2025-11,B2_qty01_5x10x,99,1,91214.6,91192.2,116.50000000001455,233.0000000000291,inv,42.0,-1.1361460000000874,0.9121460000000001,-2.0482920000000875,ifvg_clean,0.01
2025-11,B2_qty01_5x10x,100,-1,92091.0,91791.0,150.0,300.0,tp,577.0,2.07909,0.92091,1.1581799999999998,ifvg_clean,0.01
2025-11,B2_qty01_5x10x,101,-1,92028.2,91454.20000000006,286.9999999999709,573.9999999999418,tp,993.0,4.819717999999418,0.920282,3.899435999999418,ifvg_clean,0.01
2025-11,B2_qty01_5x10x,102,-1,91248.2,91491.19999999995,242.99999999995634,485.9999999999127,sl,680.0,-3.3424819999995634,0.912482,-4.254963999999563,ifvg_clean,0.01
2025-11,B2_qty01_5x10x,103,-1,90431.8,90683.30000000002,251.50000000001455,503.0000000000291,sl,354.0,-3.4193180000001457,0.9043180000000001,-4.323636000000146,ifvg_clean,0.01
2025-11,B2_qty01_5x10x,104,-1,90891.5,90627.50000000006,131.9999999999709,263.9999999999418,tp,993.0,1.731084999999418,0.908915,0.822169999999418,ifvg_clean,0.01
2025-11,C1_qty01_10x20x,0,1,108730.7,108705.2,280.0,560.0,inv,8.0,-1.342307,1.087307,-2.429614,ifvg_clean,0.01
2025-11,C1_qty01_10x20x,1,-1,110272.3,108228.30000000006,1021.9999999999709,2043.9999999999418,tp,9536.0,19.337276999999418,1.102723,18.234553999999417,ifvg_clean,0.01
2025-11,C1_qty01_10x20x,2,-1,109580.3,108004.29999999994,788.0000000000291,1576.0000000000582,tp,6488.0,14.664197000000582,1.095803,13.568394000000582,ifvg_clean,0.01
2025-11,C1_qty01_10x20x,3,-1,107361.9,107810.89999999994,448.9999999999418,897.9999999998836,sl,2697.0,-5.563618999999418,1.0736189999999999,-6.637237999999418,ifvg_clean,0.01
2025-11,C1_qty01_10x20x,4,1,107847.7,106853.69999999991,994.0000000000873,1988.0000000001746,sl,11991.0,-11.018477000000873,1.0784770000000001,-12.096954000000872,ifvg_clean,0.01
2025-11,C1_qty01_10x20x,5,1,107315.0,107278.8,400.0,800.0,inv,15.0,-1.4351499999999708,1.07315,-2.508299999999971,ifvg_clean,0.01
2025-11,C1_qty01_10x20x,6,1,107049.3,106448.30000000009,600.9999999999127,1201.9999999998254,sl,5428.0,-7.080492999999127,1.070493,-8.150985999999126,ifvg_clean,0.01
2025-11,C1_qty01_10x20x,7,1,103787.4,103760.5,420.0,840.0,inv,42.0,-1.3068739999999417,1.037874,-2.3447479999999414,ifvg_clean,0.01
2025-11,C1_qty01_10x20x,8,-1,100697.9,101096.89999999994,398.9999999999418,797.9999999998836,sl,637.0,-4.996978999999418,1.0069789999999998,-6.003957999999418,ifvg_clean,0.01
2025-11,C1_qty01_10x20x,9,-1,100511.4,102161.4,1650.0,3300.0,sl,4236.0,-17.505114,1.0051139999999998,-18.510227999999998,ifvg_clean,0.01
2025-11,C1_qty01_10x20x,10,-1,103090.3,103119.8,361.9999999999709,723.9999999999418,inv,7.0,-1.325903,1.0309030000000001,-2.356806,ifvg_clean,0.01
2025-11,C1_qty01_10x20x,11,-1,103589.5,103743.0,1545.0,3090.0,inv,1253.0,-2.570895,1.035895,-3.60679,ifvg_clean,0.01
2025-11,C1_qty01_10x20x,12,-1,103531.0,103586.5,666.0000000000582,1332.0000000001164,inv,3.0,-1.5903100000000001,1.03531,-2.62562,ifvg_clean,0.01
2025-11,C1_qty01_10x20x,13,1,105956.6,105931.4,307.0000000001164,614.0000000002328,inv,70.0,-1.3115660000001164,1.059566,-2.3711320000001166,ifvg_clean,0.01
2025-11,C1_qty01_10x20x,14,-1,105068.7,105447.69999999994,378.9999999999418,757.9999999998836,sl,1545.0,-4.840686999999418,1.050687,-5.891373999999418,ifvg_clean,0.01
2025-11,C1_qty01_10x20x,15,-1,105336.7,105361.0,308.9999999999418,617.9999999998836,inv,24.0,-1.2963670000000291,1.053367,-2.349734000000029,ifvg_clean,0.01
2025-11,C1_qty01_10x20x,16,-1,104936.4,106160.39999999994,1223.9999999999418,2447.9999999998836,sl,15188.0,-13.289363999999418,1.049364,-14.338727999999419,ifvg_clean,0.01
2025-11,C1_qty01_10x20x,17,-1,105813.4,105825.6,323.0000000000291,646.0000000000582,inv,3.0,-1.1801340000001166,1.0581340000000001,-2.238268000000117,ifvg_clean,0.01
2025-11,C1_qty01_10x20x,18,1,105512.7,107110.70000000017,799.0000000000873,1598.0000000001746,tp,10631.0,14.924873000001746,1.055127,13.869746000001745,ifvg_clean,0.01
2025-11,C1_qty01_10x20x,19,-1,106003.3,106394.29999999992,390.9999999999127,781.9999999998254,sl,837.0,-4.970032999999127,1.0600330000000002,-6.0300659999991275,ifvg_clean,0.01
2025-11,C1_qty01_10x20x,20,1,106414.9,106383.5,338.9999999999418,677.9999999998836,inv,212.0,-1.378148999999942,1.064149,-2.442297999999942,ifvg_clean,0.01
2025-11,C1_qty01_10x20x,21,1,106576.3,105777.30000000006,798.9999999999418,1597.9999999998836,sl,3857.0,-9.055762999999418,1.0657630000000002,-10.121525999999418,ifvg_clean,0.01
2025-11,C1_qty01_10x20x,22,1,105304.8,104933.79999999994,371.0000000000582,742.0000000001164,sl,4599.0,-4.763048000000582,1.053048,-5.816096000000583,ifvg_clean,0.01
2025-11,C1_qty01_10x20x,23,-1,105406.6,104592.60000000006,406.9999999999709,813.9999999999418,tp,26325.0,7.085933999999418,1.054066,6.0318679999994185,ifvg_clean,0.01
2025-11,C1_qty01_10x20x,24,1,104850.1,103670.1,1180.0,2360.0,sl,14491.0,-12.848501,1.048501,-13.897002,ifvg_clean,0.01
2025-11,C1_qty01_10x20x,25,-1,101624.8,101636.9,220.9999999999127,441.9999999998254,inv,428.0,-1.1372479999999128,1.016248,-2.1534959999999126,ifvg_clean,0.01
2025-11,C1_qty01_10x20x,26,-1,101482.0,101561.9,793.9999999999418,1587.9999999998836,inv,140.0,-1.8138199999999418,1.01482,-2.828639999999942,ifvg_clean,0.01
2025-11,C1_qty01_10x20x,27,-1,102478.0,102506.1,283.0000000000291,566.0000000000582,inv,9.0,-1.3057800000000581,1.02478,-2.330560000000058,ifvg_clean,0.01
2025-11,C1_qty01_10x20x,28,-1,100996.8,101354.80000000003,358.0000000000291,716.0000000000582,sl,129.0,-4.589968000000291,1.0099680000000002,-5.599936000000291,ifvg_clean,0.01
2025-11,C1_qty01_10x20x,29,-1,101815.5,100507.50000000012,653.9999999999418,1307.9999999998836,tp,4497.0,12.061844999998836,1.018155,11.043689999998836,ifvg_clean,0.01
2025-11,C1_qty01_10x20x,30,1,102446.1,100432.10000000006,2013.9999999999418,4027.9999999998836,sl,7094.0,-21.164460999999417,1.024461,-22.188921999999415,ifvg_clean,0.01
2025-11,C1_qty01_10x20x,31,-1,100431.3,100017.30000000006,206.9999999999709,413.9999999999418,tp,345.0,3.1356869999994177,1.0043130000000002,2.1313739999994175,ifvg_clean,0.01
2025-11,C1_qty01_10x20x,32,-1,100791.8,99753.80000000012,518.9999999999418,1037.9999999998836,tp,3404.0,9.372081999998835,1.007918,8.364163999998835,ifvg_clean,0.01
2025-11,C1_qty01_10x20x,33,-1,99881.3,99365.29999999994,258.0000000000291,516.0000000000582,tp,905.0,4.161187000000582,0.9988130000000002,3.1623740000005816,ifvg_clean,0.01
2025-11,C1_qty01_10x20x,34,-1,98707.8,98712.7,220.9999999999127,441.9999999998254,inv,0.0,-1.0360779999999419,0.9870780000000001,-2.023155999999942,ifvg_clean,0.01
2025-11,C1_qty01_10x20x,35,1,98524.0,98472.1,536.9999999999709,1073.9999999999418,inv,5.0,-1.5042399999999418,0.98524,-2.4894799999999417,ifvg_clean,0.01
2025-11,C1_qty01_10x20x,36,-1,98363.1,98814.10000000006,451.0000000000582,902.0000000001164,sl,2617.0,-5.493631000000582,0.9836310000000001,-6.477262000000582,ifvg_clean,0.01
2025-11,C1_qty01_10x20x,37,1,99617.7,98936.69999999994,681.0000000000582,1362.0000000001164,sl,4296.0,-7.806177000000583,0.9961770000000001,-8.802354000000582,ifvg_clean,0.01
2025-11,C1_qty01_10x20x,38,1,99539.8,99207.80000000003,331.9999999999709,663.9999999999418,sl,4157.0,-4.315397999999709,0.995398,-5.3107959999997085,ifvg_clean,0.01
2025-11,C1_qty01_10x20x,39,1,99397.1,98957.1,440.0,880.0,sl,6678.0,-5.3939710000000005,0.9939710000000002,-6.387942000000001,ifvg_clean,0.01
2025-11,C1_qty01_10x20x,40,-1,99106.9,98690.89999999994,208.0000000000291,416.0000000000582,tp,1836.0,3.168931000000582,0.991069,2.177862000000582,ifvg_clean,0.01
2025-11,C1_qty01_10x20x,41,-1,99283.8,98213.8,535.0,1070.0,tp,5144.0,9.707162,0.9928380000000001,8.714324,ifvg_clean,0.01
2025-11,C1_qty01_10x20x,42,-1,97835.9,96297.90000000011,768.9999999999418,1537.9999999998836,tp,7268.0,14.401640999998836,0.978359,13.423281999998837,ifvg_clean,0.01
2025-11,C1_qty01_10x20x,43,-1,97077.4,97125.0,511.0000000000582,1022.0000000001164,inv,90.0,-1.4467740000000582,0.970774,-2.417548000000058,ifvg_clean,0.01
2025-11,C1_qty01_10x20x,44,1,96901.7,96868.1,493.9999999999418,987.9999999998836,inv,2.0,-1.3050169999999126,0.9690169999999999,-2.2740339999999124,ifvg_clean,0.01
2025-11,C1_qty01_10x20x,45,-1,96622.3,96164.30000000012,228.9999999999418,457.9999999998836,tp,502.0,3.6137769999988354,0.966223,2.647553999998835,ifvg_clean,0.01
2025-11,C1_qty01_10x20x,46,-1,97165.0,97202.2,281.9999999999709,563.9999999999418,inv,496.0,-1.343649999999971,0.97165,-2.315299999999971,ifvg_clean,0.01
2025-11,C1_qty01_10x20x,47,-1,96324.4,95392.39999999988,466.0000000000582,932.0000000001164,tp,18813.0,8.356756000001164,0.963244,7.393512000001165,ifvg_clean,0.01
2025-11,C1_qty01_10x20x,48,-1,95949.0,96055.1,1106.0000000000582,2212.0000000001164,inv,3017.0,-2.0204900000000583,0.9594900000000001,-2.9799800000000585,ifvg_clean,0.01
2025-11,C1_qty01_10x20x,49,-1,95592.6,95048.60000000006,271.9999999999709,543.9999999999418,tp,10012.0,4.484073999999418,0.955926,3.528147999999418,ifvg_clean,0.01
2025-11,C1_qty01_10x20x,50,-1,94659.3,94705.7,510.0,1020.0,inv,11.0,-1.4105929999999418,0.9465930000000001,-2.357185999999942,ifvg_clean,0.01
2025-11,C1_qty01_10x20x,51,1,94882.3,95348.30000000006,233.0000000000291,466.0000000000582,tp,357.0,3.711177000000582,0.9488230000000001,2.762354000000582,ifvg_clean,0.01
2025-11,C1_qty01_10x20x,52,-1,95747.5,95772.3,408.0000000000291,816.0000000000582,inv,9.0,-1.2054750000000292,0.9574750000000001,-2.1629500000000292,ifvg_clean,0.01
2025-11,C1_qty01_10x20x,53,1,95304.8,94635.80000000006,668.9999999999418,1337.9999999998836,sl,307.0,-7.643047999999418,0.953048,-8.596095999999418,ifvg_clean,0.01
2025-11,C1_qty01_10x20x,54,-1,93649.8,90311.80000000012,1668.9999999999418,3337.9999999998836,tp,39756.0,32.44350199999884,0.936498,31.507003999998837,ifvg_clean,0.01
2025-11,C1_qty01_10x20x,55,-1,90717.1,89763.09999999977,477.0000000001164,954.0000000002328,tp,3238.0,8.632829000002328,0.9071710000000001,7.725658000002328,ifvg_clean,0.01
2025-11,C1_qty01_10x20x,56,1,93583.5,93216.50000000003,366.9999999999709,733.9999999999418,sl,724.0,-4.6058349999997095,0.9358350000000001,-5.541669999999709,ifvg_clean,0.01
2025-11,C1_qty01_10x20x,57,1,93290.4,93274.9,209.0000000000873,418.0000000001746,inv,3.0,-1.087904,0.9329040000000001,-2.020808,ifvg_clean,0.01
2025-11,C1_qty01_10x20x,58,-1,93214.6,93474.6,260.0,520.0,sl,982.0,-3.532146,0.9321460000000001,-4.464292,ifvg_clean,0.01
2025-11,C1_qty01_10x20x,59,-1,93474.8,93516.0,435.0,870.0,inv,2703.0,-1.346747999999971,0.934748,-2.281495999999971,ifvg_clean,0.01
2025-11,C1_qty01_10x20x,60,1,93162.9,93139.5,240.0,480.0,inv,36.0,-1.1656289999999419,0.9316289999999999,-2.097257999999942,ifvg_clean,0.01
2025-11,C1_qty01_10x20x,61,1,92915.2,92876.5,396.0000000000582,792.0000000001164,inv,179.0,-1.316151999999971,0.9291520000000001,-2.245303999999971,ifvg_clean,0.01
2025-11,C1_qty01_10x20x,62,1,93049.4,92532.40000000002,516.9999999999709,1033.9999999999418,sl,6927.0,-6.10049399999971,0.9304939999999999,-7.030987999999709,ifvg_clean,0.01
2025-11,C1_qty01_10x20x,63,-1,89528.6,89575.9,490.0,980.0,inv,54.0,-1.3682859999998835,0.895286,-2.2635719999998836,ifvg_clean,0.01
2025-11,C1_qty01_10x20x,64,1,89255.8,90719.79999999994,731.9999999999709,1463.9999999999418,tp,2027.0,13.747441999999419,0.892558,12.85488399999942,ifvg_clean,0.01
2025-11,C1_qty01_10x20x,65,-1,91820.8,91883.8,896.0000000000582,1792.0000000001164,inv,2.0,-1.5482080000000003,0.9182080000000001,-2.4664160000000006,ifvg_clean,0.01
2025-11,C1_qty01_10x20x,66,-1,82220.0,82920.99999999991,700.9999999999127,1401.9999999998254,sl,2056.0,-7.832199999999126,0.8222,-8.654399999999127,ifvg_clean,0.01
2025-11,C1_qty01_10x20x,67,1,82096.4,82038.5,581.0000000000582,1162.0000000001164,inv,30.0,-1.3999639999999416,0.8209639999999999,-2.2209279999999416,ifvg_clean,0.01
2025-11,C1_qty01_10x20x,68,1,82784.7,82810.8,263.0000000000291,526.0000000000582,inv,0.0,-0.5668469999999418,0.827847,-1.3946939999999417,ifvg_clean,0.01
2025-11,C1_qty01_10x20x,69,-1,82960.7,84058.70000000003,1098.000000000029,2196.000000000058,sl,3325.0,-11.809607000000291,0.829607,-12.63921400000029,ifvg_clean,0.01
2025-11,C1_qty01_10x20x,70,1,83468.4,83410.4,582.0000000001164,1164.0000000002328,inv,18.0,-1.4146839999999998,0.834684,-2.2493679999999996,ifvg_clean,0.01
2025-11,C1_qty01_10x20x,71,-1,84982.6,85012.1,336.0000000000582,672.0000000001164,inv,67.0,-1.1448260000000001,0.8498260000000001,-1.9946520000000003,ifvg_clean,0.01
2025-11,C1_qty01_10x20x,72,1,85096.6,84753.60000000012,342.9999999998836,685.9999999997672,sl,1442.0,-4.280965999998836,0.8509660000000001,-5.1319319999988355,ifvg_clean,0.01
2025-11,C1_qty01_10x20x,73,-1,84684.9,84180.90000000005,251.9999999999709,503.9999999999418,tp,5129.0,4.1931509999994185,0.846849,3.346301999999419,ifvg_clean,0.01
2025-11,C1_qty01_10x20x,74,1,84670.5,84248.50000000003,421.9999999999709,843.9999999999418,sl,4901.0,-5.066704999999709,0.846705,-5.913409999999709,ifvg_clean,0.01
2025-11,C1_qty01_10x20x,75,1,84155.5,84096.9,742.0000000001164,1484.0000000002328,inv,21.0,-1.4275550000000583,0.841555,-2.269110000000058,ifvg_clean,0.01
2025-11,C1_qty01_10x20x,76,1,84009.4,83765.40000000005,243.9999999999418,487.9999999998836,sl,940.0,-3.2800939999994183,0.840094,-4.120187999999418,ifvg_clean,0.01
2025-11,C1_qty01_10x20x,77,-1,84497.3,84544.2,468.9999999999418,937.9999999998836,inv,71.0,-1.3139729999999419,0.8449730000000001,-2.158945999999942,ifvg_clean,0.01
2025-11,C1_qty01_10x20x,78,-1,85767.1,85787.9,273.9999999999418,547.9999999998836,inv,65.0,-1.0656709999998837,0.8576710000000001,-1.9233419999998838,ifvg_clean,0.01
2025-11,C1_qty01_10x20x,79,1,83343.6,85943.6,1300.0,2600.0,tp,119230.0,25.166564,0.8334360000000001,24.333128000000002,ifvg_clean,0.01
2025-11,C1_qty01_10x20x,80,-1,87378.6,87418.0,371.9999999999709,743.9999999999418,inv,32.0,-1.267785999999942,0.8737860000000001,-2.141571999999942,ifvg_clean,0.01
2025-11,C1_qty01_10x20x,81,1,85960.5,85938.7,291.9999999999709,583.9999999999418,inv,135.0,-1.0776050000000292,0.8596050000000001,-1.9372100000000292,ifvg_clean,0.01
2025-11,C1_qty01_10x20x,82,1,86169.8,86099.0,721.9999999999709,1443.9999999999418,inv,45.0,-1.5696980000000291,0.8616980000000001,-2.431396000000029,ifvg_clean,0.01
2025-11,C1_qty01_10x20x,83,-1,88598.0,88618.3,300.0,600.0,inv,9.0,-1.0889800000000291,0.88598,-1.9749600000000291,ifvg_clean,0.01
2025-11,C1_qty01_10x20x,84,1,88672.2,88624.4,506.0000000000582,1012.0000000001164,inv,38.0,-1.364722000000029,0.886722,-2.251444000000029,ifvg_clean,0.01
2025-11,C1_qty01_10x20x,85,1,88033.9,87958.2,1126.0000000000582,2252.0000000001164,inv,324.0,-1.637338999999971,0.880339,-2.5176779999999708,ifvg_clean,0.01
2025-11,C1_qty01_10x20x,86,-1,87696.0,88296.99999999991,600.9999999999127,1201.9999999998254,sl,4704.0,-6.886959999999127,0.8769600000000001,-7.7639199999991275,ifvg_clean,0.01
2025-11,C1_qty01_10x20x,87,1,88372.8,87345.80000000003,1026.999999999971,2053.999999999942,sl,47244.0,-11.15372799999971,0.8837280000000001,-12.03745599999971,ifvg_clean,0.01
2025-11,C1_qty01_10x20x,88,-1,87513.3,87039.30000000006,236.9999999999709,473.9999999999418,tp,1164.0,3.8648669999994185,0.875133,2.9897339999994186,ifvg_clean,0.01
2025-11,C1_qty01_10x20x,89,-1,86583.1,86580.2,210.9999999999127,421.9999999998254,inv,0.0,-0.8368309999999128,0.8658310000000001,-1.702661999999913,ifvg_clean,0.01
2025-11,C1_qty01_10x20x,90,-1,86276.0,87092.99999999997,816.9999999999709,1633.9999999999418,sl,1645.0,-9.032759999999708,0.86276,-9.895519999999708,ifvg_clean,0.01
2025-11,C1_qty01_10x20x,91,1,87490.5,87466.2,224.0000000000873,448.0000000001746,inv,344.0,-1.1179050000000292,0.874905,-1.9928100000000293,ifvg_clean,0.01
2025-11,C1_qty01_10x20x,92,-1,87337.8,87349.3,206.9999999999709,413.9999999999418,inv,9.0,-0.9883780000000001,0.8733780000000001,-1.8617560000000002,ifvg_clean,0.01
2025-11,C1_qty01_10x20x,93,-1,87248.5,87297.7,490.9999999999127,981.9999999998254,inv,154.0,-1.3644849999999709,0.8724850000000001,-2.236969999999971,ifvg_clean,0.01
2025-11,C1_qty01_10x20x,94,-1,87879.6,87477.59999999989,201.0000000000582,402.0000000001164,tp,3178.0,3.141204000001164,0.878796,2.262408000001164,ifvg_clean,0.01
2025-11,C1_qty01_10x20x,95,-1,87191.7,87538.70000000011,347.0000000001164,694.0000000002328,sl,4607.0,-4.341917000001164,0.871917,-5.213834000001164,ifvg_clean,0.01
2025-11,C1_qty01_10x20x,96,-1,90137.1,90189.5,566.9999999999709,1133.9999999999418,inv,113.0,-1.425370999999942,0.9013710000000001,-2.326741999999942,ifvg_clean,0.01
2025-11,C1_qty01_10x20x,97,1,90479.8,90207.80000000003,271.9999999999709,543.9999999999418,sl,1165.0,-3.624797999999709,0.904798,-4.529595999999708,ifvg_clean,0.01
2025-11,C1_qty01_10x20x,98,1,91519.9,91082.90000000002,436.9999999999709,873.9999999999418,sl,19160.0,-5.285198999999709,0.915199,-6.200397999999709,ifvg_clean,0.01
2025-11,C1_qty01_10x20x,99,1,91214.6,91192.2,233.0000000000291,466.0000000000582,inv,42.0,-1.1361460000000874,0.9121460000000001,-2.0482920000000875,ifvg_clean,0.01
2025-11,C1_qty01_10x20x,100,-1,92091.0,91491.0,300.0,600.0,tp,1196.0,5.07909,0.92091,4.15818,ifvg_clean,0.01
2025-11,C1_qty01_10x20x,101,-1,92028.2,90880.20000000011,573.9999999999418,1147.9999999998836,tp,1467.0,10.559717999998837,0.920282,9.639435999998836,ifvg_clean,0.01
2025-11,C1_qty01_10x20x,102,-1,91248.2,90276.20000000017,485.9999999999127,971.9999999998254,tp,3599.0,8.807517999998254,0.912482,7.895035999998254,ifvg_clean,0.01
2025-11,C1_qty01_10x20x,103,-1,90431.8,90934.80000000003,503.0000000000291,1006.0000000000582,sl,3717.0,-5.9343180000002915,0.9043180000000001,-6.8386360000002915,ifvg_clean,0.01
2025-11,C1_qty01_10x20x,104,-1,90891.5,90363.50000000012,263.9999999999418,527.9999999998836,tp,2548.0,4.3710849999988355,0.908915,3.4621699999988356,ifvg_clean,0.01
2025-11,baseline_qty001_5x60x,0,1,108730.7,108705.2,140.0,1680.0,inv,8.0,-0.1342307,0.1087307,-0.2429614,ifvg_clean,0.001
2025-11,baseline_qty001_5x60x,1,-1,107361.9,107586.39999999997,224.4999999999709,2693.9999999996508,sl,2346.0,-0.3318618999999709,0.1073619,-0.4392237999999709,ifvg_clean,0.001
2025-11,baseline_qty001_5x60x,2,1,107847.7,107350.69999999995,497.00000000004366,5964.000000000524,sl,8947.0,-0.6048477000000437,0.1078477,-0.7126954000000437,ifvg_clean,0.001
2025-11,baseline_qty001_5x60x,3,1,107315.0,107278.8,200.0,2400.0,inv,15.0,-0.1435149999999971,0.107315,-0.2508299999999971,ifvg_clean,0.001
2025-11,baseline_qty001_5x60x,4,1,107049.3,106748.80000000005,300.49999999995634,3605.999999999476,sl,3709.0,-0.40754929999995637,0.1070493,-0.5145985999999564,ifvg_clean,0.001
2025-11,baseline_qty001_5x60x,5,-1,109580.3,104852.29999999983,394.00000000001455,4728.000000000175,tp,101263.0,4.6184197000001745,0.1095803,4.508839400000174,ifvg_clean,0.001
2025-11,baseline_qty001_5x60x,6,-1,110272.3,104140.30000000018,510.99999999998545,6131.999999999825,tp,105831.0,6.0217276999998255,0.1102723,5.911455399999825,ifvg_clean,0.001
2025-11,baseline_qty001_5x60x,7,1,103787.4,103760.5,210.0,2520.0,inv,42.0,-0.13068739999999418,0.10378739999999999,-0.23447479999999415,ifvg_clean,0.001
2025-11,baseline_qty001_5x60x,8,-1,100697.9,100897.39999999997,199.4999999999709,2393.9999999996508,sl,536.0,-0.3001978999999709,0.10069789999999999,-0.4008957999999709,ifvg_clean,0.001
2025-11,baseline_qty001_5x60x,9,-1,100511.4,101336.4,825.0,9900.0,sl,601.0,-0.9255114000000001,0.1005114,-1.0260228,ifvg_clean,0.001
2025-11,baseline_qty001_5x60x,10,-1,103090.3,103119.8,180.99999999998545,2171.9999999998254,inv,7.0,-0.1325903,0.1030903,-0.2356806,ifvg_clean,0.001
2025-11,baseline_qty001_5x60x,11,-1,103589.5,103743.0,772.5,9270.0,inv,1253.0,-0.25708949999999997,0.1035895,-0.36067899999999997,ifvg_clean,0.001
2025-11,baseline_qty001_5x60x,12,-1,103531.0,103586.5,333.0000000000291,3996.0000000003492,inv,3.0,-0.159031,0.10353100000000001,-0.262562,ifvg_clean,0.001
2025-11,baseline_qty001_5x60x,13,1,105956.6,105931.4,153.5000000000582,1842.0000000006985,inv,70.0,-0.13115660000001167,0.10595660000000001,-0.23711320000001168,ifvg_clean,0.001
2025-11,baseline_qty001_5x60x,14,-1,105068.7,105258.19999999997,189.4999999999709,2273.9999999996508,sl,1235.0,-0.29456869999997093,0.1050687,-0.39963739999997094,ifvg_clean,0.001
2025-11,baseline_qty001_5x60x,15,-1,105336.7,105361.0,154.4999999999709,1853.9999999996508,inv,24.0,-0.1296367000000029,0.10533669999999999,-0.23497340000000289,ifvg_clean,0.001
2025-11,baseline_qty001_5x60x,16,-1,104936.4,105548.39999999997,611.9999999999709,7343.999999999651,sl,5827.0,-0.7169363999999709,0.1049364,-0.821872799999971,ifvg_clean,0.001
2025-11,baseline_qty001_5x60x,17,-1,105813.4,105825.6,161.50000000001455,1938.0000000001746,inv,3.0,-0.11801340000001165,0.1058134,-0.22382680000001165,ifvg_clean,0.001
2025-11,baseline_qty001_5x60x,18,-1,106003.3,106198.79999999996,195.49999999995634,2345.999999999476,sl,486.0,-0.30150329999995634,0.10600330000000001,-0.40750659999995636,ifvg_clean,0.001
2025-11,baseline_qty001_5x60x,19,1,106414.9,106383.5,169.4999999999709,2033.9999999996508,inv,212.0,-0.1378148999999942,0.1064149,-0.2442297999999942,ifvg_clean,0.001
2025-11,baseline_qty001_5x60x,20,1,106576.3,106176.80000000003,399.4999999999709,4793.999999999651,sl,1971.0,-0.5060762999999708,0.1065763,-0.6126525999999708,ifvg_clean,0.001
2025-11,baseline_qty001_5x60x,21,1,105512.7,105113.19999999995,399.50000000004366,4794.000000000524,sl,24783.0,-0.5050127000000436,0.1055127,-0.6105254000000436,ifvg_clean,0.001
2025-11,baseline_qty001_5x60x,22,1,105304.8,105119.29999999997,185.5000000000291,2226.0000000003492,sl,2727.0,-0.2908048000000291,0.1053048,-0.39610960000002915,ifvg_clean,0.001
2025-11,baseline_qty001_5x60x,23,-1,105406.6,102964.60000000018,203.49999999998545,2441.9999999998254,tp,43915.0,2.336593399999826,0.10540660000000002,2.2311867999998256,ifvg_clean,0.001
2025-11,baseline_qty001_5x60x,24,1,104850.1,104260.1,590.0,7080.0,sl,14391.0,-0.6948501,0.10485010000000002,-0.7997002000000001,ifvg_clean,0.001
2025-11,baseline_qty001_5x60x,25,-1,101624.8,101636.9,110.49999999995634,1325.9999999994761,inv,428.0,-0.11372479999999129,0.10162480000000002,-0.21534959999999131,ifvg_clean,0.001
2025-11,baseline_qty001_5x60x,26,-1,101482.0,101561.9,396.9999999999709,4763.999999999651,inv,140.0,-0.1813819999999942,0.101482,-0.2828639999999942,ifvg_clean,0.001
2025-11,baseline_qty001_5x60x,27,-1,102478.0,102506.1,141.50000000001455,1698.0000000001746,inv,9.0,-0.13057800000000583,0.10247800000000001,-0.23305600000000584,ifvg_clean,0.001
2025-11,baseline_qty001_5x60x,28,1,102446.1,101439.10000000003,1006.9999999999709,12083.99999999965,sl,2295.0,-1.109446099999971,0.1024461,-1.211892199999971,ifvg_clean,0.001
2025-11,baseline_qty001_5x60x,29,-1,100996.8,101175.80000000002,179.00000000001455,2148.0000000001746,sl,90.0,-0.2799968000000146,0.10099680000000001,-0.3809936000000146,ifvg_clean,0.001
2025-11,baseline_qty001_5x60x,30,-1,100431.3,99189.30000000018,103.49999999998545,1241.9999999998254,tp,2686.0,1.1415686999998254,0.10043130000000002,1.0411373999998252,ifvg_clean,0.001
2025-11,baseline_qty001_5x60x,31,-1,99881.3,98333.29999999983,129.00000000001455,1548.0000000001746,tp,2568.0,1.4481187000001745,0.0998813,1.3482374000001744,ifvg_clean,0.001
2025-11,baseline_qty001_5x60x,32,-1,98707.8,98712.7,110.49999999995634,1325.9999999994761,inv,0.0,-0.10360779999999419,0.09870780000000001,-0.2023155999999942,ifvg_clean,0.001
2025-11,baseline_qty001_5x60x,33,1,98524.0,98472.1,268.49999999998545,3221.9999999998254,inv,5.0,-0.15042399999999417,0.098524,-0.24894799999999417,ifvg_clean,0.001
2025-11,baseline_qty001_5x60x,34,-1,98363.1,98588.60000000003,225.5000000000291,2706.0000000003492,sl,162.0,-0.32386310000002916,0.09836310000000001,-0.4222262000000292,ifvg_clean,0.001
2025-11,baseline_qty001_5x60x,35,1,99617.7,99277.19999999997,340.5000000000291,4086.0000000003492,sl,3751.0,-0.44011770000002914,0.0996177,-0.5397354000000292,ifvg_clean,0.001
2025-11,baseline_qty001_5x60x,36,1,99397.1,99177.1,220.0,2640.0,sl,132.0,-0.3193971,0.09939710000000002,-0.4187942,ifvg_clean,0.001
2025-11,baseline_qty001_5x60x,37,1,99539.8,99373.80000000002,165.99999999998545,1991.9999999998254,sl,108.0,-0.26553979999998545,0.0995398,-0.36507959999998546,ifvg_clean,0.001
2025-11,baseline_qty001_5x60x,38,-1,101815.5,97891.50000000035,326.9999999999709,3923.9999999996508,tp,46446.0,3.822184499999651,0.1018155,3.720368999999651,ifvg_clean,0.001
2025-11,baseline_qty001_5x60x,39,-1,99106.9,97858.89999999982,104.00000000001455,1248.0000000001746,tp,2025.0,1.1488931000001747,0.0991069,1.0497862000001748,ifvg_clean,0.001
2025-11,baseline_qty001_5x60x,40,-1,100791.8,97677.80000000035,259.4999999999709,3113.9999999996508,tp,41994.0,3.0132081999996507,0.10079180000000001,2.9124163999996506,ifvg_clean,0.001
2025-11,baseline_qty001_5x60x,41,-1,99283.8,96073.8,267.5,3210.0,tp,13283.0,3.1107162,0.0992838,3.0114324000000003,ifvg_clean,0.001
2025-11,baseline_qty001_5x60x,42,-1,97077.4,97125.0,255.5000000000291,3066.0000000003492,inv,90.0,-0.1446774000000058,0.0970774,-0.24175480000000582,ifvg_clean,0.001
2025-11,baseline_qty001_5x60x,43,1,96901.7,96868.1,246.9999999999709,2963.9999999996508,inv,2.0,-0.13050169999999128,0.09690170000000001,-0.2274033999999913,ifvg_clean,0.001
2025-11,baseline_qty001_5x60x,44,-1,96622.3,95248.30000000035,114.4999999999709,1373.9999999996508,tp,4172.0,1.277377699999651,0.09662230000000001,1.180755399999651,ifvg_clean,0.001
2025-11,baseline_qty001_5x60x,45,-1,97165.0,97202.2,140.99999999998545,1691.9999999998254,inv,496.0,-0.1343649999999971,0.097165,-0.2315299999999971,ifvg_clean,0.001
2025-11,baseline_qty001_5x60x,46,-1,95949.0,96055.1,553.0000000000291,6636.000000000349,inv,3017.0,-0.20204900000000584,0.095949,-0.29799800000000587,ifvg_clean,0.001
2025-11,baseline_qty001_5x60x,47,-1,96324.4,96363.5,233.0000000000291,2796.0000000003492,inv,66079.0,-0.13542440000000583,0.0963244,-0.23174880000000583,ifvg_clean,0.001
2025-11,baseline_qty001_5x60x,48,-1,95592.6,95728.59999999999,135.99999999998545,1631.9999999998254,sl,114.0,-0.23159259999998544,0.0955926,-0.3271851999999854,ifvg_clean,0.001
2025-11,baseline_qty001_5x60x,49,-1,97835.9,93221.90000000034,384.4999999999709,4613.999999999651,tp,234910.0,4.516164099999651,0.0978359,4.418328199999651,ifvg_clean,0.001
2025-11,baseline_qty001_5x60x,50,-1,94659.3,94705.7,255.0,3060.0,inv,11.0,-0.14105929999999417,0.0946593,-0.23571859999999417,ifvg_clean,0.001
2025-11,baseline_qty001_5x60x,51,1,94882.3,94765.79999999999,116.50000000001455,1398.0000000001746,sl,3713.0,-0.21138230000001457,0.0948823,-0.30626460000001454,ifvg_clean,0.001
2025-11,baseline_qty001_5x60x,52,-1,95747.5,95772.3,204.00000000001455,2448.0000000001746,inv,9.0,-0.12054750000000292,0.0957475,-0.2162950000000029,ifvg_clean,0.001
2025-11,baseline_qty001_5x60x,53,1,95304.8,94970.30000000003,334.4999999999709,4013.9999999996508,sl,191.0,-0.4298047999999709,0.09530480000000001,-0.5251095999999709,ifvg_clean,0.001
2025-11,baseline_qty001_5x60x,54,-1,90717.1,90955.60000000006,238.5000000000582,2862.0000000006985,sl,15924.0,-0.3292171000000582,0.09071710000000001,-0.4199342000000582,ifvg_clean,0.001
2025-11,baseline_qty001_5x60x,55,1,93583.5,93400.00000000001,183.49999999998545,2201.9999999998254,sl,231.0,-0.27708349999998544,0.0935835,-0.3706669999999854,ifvg_clean,0.001
2025-11,baseline_qty001_5x60x,56,1,93290.4,93274.9,104.50000000004366,1254.0000000005239,inv,3.0,-0.1087904,0.0932904,-0.2020808,ifvg_clean,0.001
2025-11,baseline_qty001_5x60x,57,-1,93214.6,93344.6,130.0,1560.0,sl,806.0,-0.2232146,0.09321460000000001,-0.3164292,ifvg_clean,0.001
2025-11,baseline_qty001_5x60x,58,-1,93474.8,93516.0,217.5,2610.0,inv,2703.0,-0.1346747999999971,0.09347480000000001,-0.22814959999999712,ifvg_clean,0.001
2025-11,baseline_qty001_5x60x,59,1,93162.9,93139.5,120.0,1440.0,inv,36.0,-0.11656289999999417,0.09316289999999999,-0.20972579999999416,ifvg_clean,0.001
2025-11,baseline_qty001_5x60x,60,1,92915.2,92876.5,198.0000000000291,2376.0000000003492,inv,179.0,-0.1316151999999971,0.0929152,-0.2245303999999971,ifvg_clean,0.001
2025-11,baseline_qty001_5x60x,61,1,93049.4,92790.90000000001,258.49999999998545,3101.9999999998254,sl,3086.0,-0.35154939999998547,0.09304939999999999,-0.4445987999999855,ifvg_clean,0.001
2025-11,baseline_qty001_5x60x,62,-1,89528.6,89575.9,245.0,2940.0,inv,54.0,-0.13682859999998837,0.08952860000000001,-0.22635719999998838,ifvg_clean,0.001
2025-11,baseline_qty001_5x60x,63,-1,91820.8,91883.8,448.0000000000291,5376.000000000349,inv,2.0,-0.1548208,0.09182080000000001,-0.24664160000000002,ifvg_clean,0.001
2025-11,baseline_qty001_5x60x,64,1,89255.8,88889.80000000002,365.99999999998545,4391.999999999825,sl,69538.0,-0.45525579999998544,0.08925580000000001,-0.5445115999999854,ifvg_clean,0.001
2025-11,baseline_qty001_5x60x,65,-1,93649.8,83635.80000000035,834.4999999999709,10013.99999999965,tp,315124.0,9.920350199999652,0.0936498,9.826700399999652,ifvg_clean,0.001
2025-11,baseline_qty001_5x60x,66,-1,82220.0,82570.49999999996,350.49999999995634,4205.999999999476,sl,363.0,-0.43271999999995636,0.08222,-0.5149399999999563,ifvg_clean,0.001
2025-11,baseline_qty001_5x60x,67,1,82096.4,82038.5,290.5000000000291,3486.0000000003492,inv,30.0,-0.1399963999999942,0.0820964,-0.2220927999999942,ifvg_clean,0.001
2025-11,baseline_qty001_5x60x,68,1,82784.7,82810.8,131.50000000001455,1578.0000000001746,inv,0.0,-0.05668469999999418,0.0827847,-0.1394693999999942,ifvg_clean,0.001
2025-11,baseline_qty001_5x60x,69,-1,82960.7,83509.70000000001,549.0000000000146,6588.000000000175,sl,2447.0,-0.6319607000000146,0.0829607,-0.7149214000000146,ifvg_clean,0.001
2025-11,baseline_qty001_5x60x,70,1,83468.4,83410.4,291.0000000000582,3492.0000000006985,inv,18.0,-0.1414684,0.0834684,-0.2249368,ifvg_clean,0.001
2025-11,baseline_qty001_5x60x,71,-1,84982.6,85012.1,168.0000000000291,2016.0000000003492,inv,67.0,-0.1144826,0.0849826,-0.1994652,ifvg_clean,0.001
2025-11,baseline_qty001_5x60x,72,1,85096.6,84925.10000000006,171.4999999999418,2057.9999999993015,sl,1162.0,-0.2565965999999418,0.08509660000000001,-0.3416931999999418,ifvg_clean,0.001
2025-11,baseline_qty001_5x60x,73,1,84670.5,84459.50000000001,210.99999999998545,2531.9999999998254,sl,762.0,-0.29567049999998546,0.08467050000000001,-0.3803409999999855,ifvg_clean,0.001
2025-11,baseline_qty001_5x60x,74,1,84155.5,84096.9,371.0000000000582,4452.0000000006985,inv,21.0,-0.14275550000000584,0.08415550000000001,-0.22691100000000586,ifvg_clean,0.001
2025-11,baseline_qty001_5x60x,75,1,84009.4,83887.40000000002,121.9999999999709,1463.9999999996508,sl,776.0,-0.2060093999999709,0.0840094,-0.2900187999999709,ifvg_clean,0.001
2025-11,baseline_qty001_5x60x,76,-1,84497.3,84544.2,234.4999999999709,2813.9999999996508,inv,71.0,-0.1313972999999942,0.08449730000000001,-0.21589459999999422,ifvg_clean,0.001
2025-11,baseline_qty001_5x60x,77,-1,84684.9,84810.89999999998,125.99999999998545,1511.9999999998254,sl,51481.0,-0.21068489999998546,0.08468490000000001,-0.29536979999998547,ifvg_clean,0.001
2025-11,baseline_qty001_5x60x,78,-1,85767.1,85787.9,136.9999999999709,1643.9999999996508,inv,65.0,-0.10656709999998837,0.08576710000000001,-0.19233419999998838,ifvg_clean,0.001
2025-11,baseline_qty001_5x60x,79,-1,87378.6,87418.0,185.99999999998545,2231.9999999998254,inv,32.0,-0.1267785999999942,0.0873786,-0.2141571999999942,ifvg_clean,0.001
2025-11,baseline_qty001_5x60x,80,1,85960.5,85938.7,145.99999999998545,1751.9999999998254,inv,135.0,-0.10776050000000291,0.0859605,-0.19372100000000292,ifvg_clean,0.001
2025-11,baseline_qty001_5x60x,81,1,86169.8,86099.0,360.99999999998545,4331.999999999825,inv,45.0,-0.15696980000000293,0.0861698,-0.24313960000000295,ifvg_clean,0.001
2025-11,baseline_qty001_5x60x,82,-1,88598.0,88618.3,150.0,1800.0,inv,9.0,-0.10889800000000291,0.088598,-0.1974960000000029,ifvg_clean,0.001
2025-11,baseline_qty001_5x60x,83,1,88672.2,88624.4,253.0000000000291,3036.0000000003492,inv,38.0,-0.13647220000000293,0.0886722,-0.22514440000000294,ifvg_clean,0.001
2025-11,baseline_qty001_5x60x,84,1,88372.8,87859.30000000002,513.4999999999854,6161.999999999825,sl,20406.0,-0.6018727999999854,0.0883728,-0.6902455999999855,ifvg_clean,0.001
2025-11,baseline_qty001_5x60x,85,1,88033.9,87958.2,563.0000000000291,6756.000000000349,inv,324.0,-0.1637338999999971,0.0880339,-0.2517677999999971,ifvg_clean,0.001
2025-11,baseline_qty001_5x60x,86,-1,87696.0,87996.49999999996,300.49999999995634,3605.999999999476,sl,2359.0,-0.38819599999995635,0.087696,-0.47589199999995635,ifvg_clean,0.001
2025-11,baseline_qty001_5x60x,87,-1,87513.3,87631.79999999999,118.49999999998545,1421.9999999998254,sl,511.0,-0.20601329999998547,0.0875133,-0.2935265999999855,ifvg_clean,0.001
2025-11,baseline_qty001_5x60x,88,-1,86276.0,86684.49999999999,408.49999999998545,4901.999999999825,sl,203.0,-0.49477599999998545,0.08627599999999999,-0.5810519999999855,ifvg_clean,0.001
2025-11,baseline_qty001_5x60x,89,-1,86583.1,86580.2,105.49999999995634,1265.9999999994761,inv,0.0,-0.08368309999999128,0.08658310000000001,-0.1702661999999913,ifvg_clean,0.001
2025-11,baseline_qty001_5x60x,90,1,87490.5,87466.2,112.00000000004366,1344.0000000005239,inv,344.0,-0.1117905000000029,0.0874905,-0.1992810000000029,ifvg_clean,0.001
2025-11,baseline_qty001_5x60x,91,-1,87337.8,87349.3,103.49999999998545,1241.9999999998254,inv,9.0,-0.0988378,0.08733780000000001,-0.1861756,ifvg_clean,0.001
2025-11,baseline_qty001_5x60x,92,-1,87248.5,87297.7,245.49999999995634,2945.999999999476,inv,154.0,-0.13644849999999709,0.0872485,-0.2236969999999971,ifvg_clean,0.001
2025-11,baseline_qty001_5x60x,93,-1,87191.7,87365.20000000006,173.5000000000582,2082.0000000006985,sl,3769.0,-0.2606917000000582,0.0871917,-0.3478834000000582,ifvg_clean,0.001
2025-11,baseline_qty001_5x60x,94,-1,87879.6,86673.59999999966,100.5000000000291,1206.0000000003492,tp,28373.0,1.1181204000003493,0.08787960000000002,1.0302408000003493,ifvg_clean,0.001
2025-11,baseline_qty001_5x60x,95,-1,90137.1,90189.5,283.49999999998545,3401.9999999998254,inv,113.0,-0.1425370999999942,0.09013710000000001,-0.23267419999999422,ifvg_clean,0.001
2025-11,baseline_qty001_5x60x,96,1,90479.8,90343.80000000002,135.99999999998545,1631.9999999998254,sl,848.0,-0.22647979999998546,0.09047980000000001,-0.31695959999998546,ifvg_clean,0.001
2025-11,baseline_qty001_5x60x,97,1,83343.6,91143.6,650.0,7800.0,tp,465179.0,7.7166564,0.08334360000000002,7.6333128,ifvg_clean,0.001
2025-11,baseline_qty001_5x60x,98,1,91519.9,91301.40000000001,218.49999999998545,2621.9999999998254,sl,190.0,-0.31001989999998547,0.0915199,-0.40153979999998546,ifvg_clean,0.001
2025-11,baseline_qty001_5x60x,99,1,91214.6,91192.2,116.50000000001455,1398.0000000001746,inv,42.0,-0.11361460000000874,0.0912146,-0.20482920000000876,ifvg_clean,0.001
2025-11,baseline_qty001_5x60x,100,-1,91248.2,91491.19999999995,242.99999999995634,2915.999999999476,sl,680.0,-0.33424819999995636,0.0912482,-0.42549639999995637,ifvg_clean,0.001
2025-11,baseline_qty001_5x60x,101,-1,92091.0,90291.0,150.0,1800.0,tp,5443.0,1.7079090000000001,0.092091,1.6158180000000002,ifvg_clean,0.001
2025-11,baseline_qty001_5x60x,102,-1,90431.8,90683.30000000002,251.50000000001455,3018.0000000001746,sl,354.0,-0.34193180000001455,0.0904318,-0.43236360000001456,ifvg_clean,0.001
2025-11,baseline_qty001_5x60x,103,-1,92028.2,90320.6,286.9999999999709,3443.9999999996508,eod,201253.0,1.6155717999999912,0.0920282,1.5235435999999911,ifvg_clean,0.001
2025-11,baseline_qty001_5x60x,104,-1,90891.5,90320.6,131.9999999999709,1583.9999999996508,eod,2915.0,0.4800084999999942,0.09089150000000001,0.38911699999999416,ifvg_clean,0.001
