file,cell,entry_bar,exit_bar,direction,entry_price,exit_price,stop_usd,target_usd,exit_reason,hold_secs,pnl_usd,fee_usd,taker_bps_charged,entry_triggered_by,qty_btc,net_pnl_usd,trade_idx
2025-11,atr_05_15,579342,579342,-1,78102.0,78102.06617083332,0.06617083332214195,0.1985124999664258,sl,0.0,-0.07816817083332095,0.078102,5.0,ifvg,0.001,-0.15627017083332095,0
2025-11,atr_05_15,579342,579342,-1,78053.15,78053.21617083332,0.06617083332214195,0.1985124999664258,sl,0.0,-0.07811932083332095,0.07805315,5.0,ifvg,0.001,-0.15617247083332095,1
2025-11,atr_05_15,579342,579342,-1,78004.3,78004.36617083332,0.06617083332214195,0.1985124999664258,sl,0.0,-0.07807047083332094,0.0780043,5.0,ifvg,0.001,-0.15607477083332094,2
2025-11,atr_05_15,650755,650755,-1,78415.9,78415.96617083332,0.06617083332214195,0.1985124999664258,sl,0.0,-0.07848207083332094,0.0784159,5.0,fvg,0.001,-0.15689797083332094,3
2025-11,atr_05_15,650829,650829,-1,78466.1,78465.90148750004,0.06617083332214195,0.1985124999664258,tp,0.0,-0.07826758750003719,0.07846610000000001,5.0,fvg,0.001,-0.1567336875000372,4
2025-11,atr_05_15,579342,652077,1,78116.4,78003.8,488.49999999998545,5861.999999999825,inv,73024.0,-0.1907163999999913,0.0781164,5.0,ifvg_clean,0.001,-0.2688327999999913,5
2025-11,atr_05_15,652858,652858,-1,78157.4,78157.46617083332,0.06617083332214195,0.1985124999664258,sl,0.0,-0.07822357083332095,0.0781574,5.0,fvg,0.001,-0.15638097083332095,6
2025-11,atr_05_15,685131,685131,1,74778.9,74778.83382916667,0.06617083332214195,0.1985124999664258,inv,0.0,-0.07484507083332094,0.0747789,5.0,ifvg,0.001,-0.14962397083332094,7
2025-11,atr_05_15,685131,685131,1,74806.4,74806.33382916667,0.06617083332214195,0.1985124999664258,sl,0.0,-0.07487257083332094,0.0748064,5.0,ifvg,0.001,-0.14967897083332093,8
2025-11,atr_05_15,685148,685148,1,74751.4,74751.33382916667,0.06617083332214195,0.1985124999664258,inv,0.0,-0.07481757083332094,0.0747514,5.0,ifvg,0.001,-0.14956897083332094,9
2025-11,atr_05_15,685131,685215,-1,74785.0,75060.0,275.0,3300.0,sl,84.0,-0.349785,0.074785,5.0,ifvg_clean,0.001,-0.42457,10
2025-11,atr_05_15,694026,694026,1,74964.65,74964.84851249996,0.06617083332214195,0.1985124999664258,tp,0.0,-0.07476613750003717,0.07496465,5.0,fvg,0.001,-0.14973078750003715,11
2025-11,atr_05_15,694026,694026,1,74985.2,74985.39851249996,0.06617083332214195,0.1985124999664258,tp,0.0,-0.07478668750003717,0.07498519999999999,5.0,fvg,0.001,-0.14977188750003717,12
2025-11,atr_05_15,694536,694536,1,75343.2,75343.39851249996,0.06617083332214195,0.1985124999664258,tp,0.0,-0.07514468750003718,0.0753432,5.0,fvg,0.001,-0.15048788750003717,13
2025-11,atr_05_15,722476,722476,1,76144.15,76144.08382916667,0.06617083332214195,0.1985124999664258,inv,0.0,-0.07621032083332094,0.07614415,5.0,ifvg,0.001,-0.15235447083332093,14
2025-11,atr_05_15,722476,722476,1,76180.0,76179.93382916668,0.06617083332214195,0.1985124999664258,sl,0.0,-0.07624617083332096,0.07618000000000001,5.0,ifvg,0.001,-0.15242617083332097,15
2025-11,atr_05_15,722482,722482,1,76108.3,76108.23382916668,0.06617083332214195,0.1985124999664258,inv,0.0,-0.07617447083332095,0.0761083,5.0,ifvg,0.001,-0.15228277083332095,16
2025-11,atr_05_15,722476,723640,-1,76115.3,76473.79999999999,358.49999999998545,4301.999999999825,sl,1164.0,-0.43461529999998544,0.07611530000000001,5.0,ifvg_clean,0.001,-0.5107305999999855,17
2025-11,atr_05_15,725360,725360,-1,76369.05,76369.11617083332,0.06617083332214195,0.1985124999664258,sl,0.0,-0.07643522083332095,0.07636905000000001,5.0,ifvg,0.001,-0.15280427083332096,18
2025-11,atr_05_15,725360,725360,-1,76345.6,76345.66617083333,0.06617083332214195,0.1985124999664258,sl,0.0,-0.07641177083332094,0.0763456,5.0,ifvg,0.001,-0.15275737083332094,19
2025-11,atr_05_15,725366,725366,-1,76392.5,76392.30148750004,0.06617083332214195,0.1985124999664258,tp,0.0,-0.07619398750003718,0.0763925,5.0,ifvg,0.001,-0.15258648750003717,20
2025-11,atr_05_15,725919,725919,1,76754.7,76754.63382916668,0.06617083332214195,0.1985124999664258,sl,0.0,-0.07682087083332094,0.0767547,5.0,fvg,0.001,-0.15357557083332093,21
2025-11,atr_05_15,726477,726477,1,76889.2,76889.13382916668,0.06617083332214195,0.1985124999664258,sl,0.0,-0.07695537083332095,0.0768892,5.0,ifvg,0.001,-0.15384457083332095,22
2025-11,atr_05_15,726477,726477,-1,76876.0,76889.7,188.49999999998545,2261.9999999998254,inv,0.0,-0.09057599999999709,0.076876,5.0,ifvg_clean,0.001,-0.1674519999999971,23
2025-11,atr_05_15,726483,726483,1,76870.35,76870.54851249997,0.06617083332214195,0.1985124999664258,tp,0.0,-0.07667183750003718,0.07687035,5.0,ifvg,0.001,-0.15354218750003717,24
2025-11,atr_05_15,726533,726533,1,76851.5,76851.69851249996,0.06617083332214195,0.1985124999664258,tp,0.0,-0.07665298750003718,0.0768515,5.0,ifvg,0.001,-0.1535044875000372,25
2025-11,atr_05_15,729466,729466,1,77380.25,77380.18382916668,0.06617083332214195,0.1985124999664258,sl,0.0,-0.07744642083332096,0.07738025000000001,5.0,ifvg,0.001,-0.15482667083332097,26
2025-11,atr_05_15,729466,729466,1,77420.5,77420.43382916668,0.06617083332214195,0.1985124999664258,sl,0.0,-0.07748667083332095,0.0774205,5.0,ifvg,0.001,-0.15490717083332095,27
2025-11,atr_05_15,729467,729467,1,77340.0,77339.93382916668,0.06617083332214195,0.1985124999664258,sl,0.0,-0.07740617083332095,0.07734,5.0,ifvg,0.001,-0.15474617083332096,28
2025-11,atr_05_15,729466,729471,-1,77348.8,77421.0,402.5,4830.0,inv,5.0,-0.1495487999999971,0.07734880000000001,5.0,ifvg_clean,0.001,-0.2268975999999971,29
2025-11,atr_05_15,732178,732178,1,77848.8,77848.73382916668,0.06617083332214195,0.1985124999664258,sl,0.0,-0.07791497083332095,0.07784880000000001,5.0,ifvg,0.001,-0.15576377083332096,30
2025-11,atr_05_15,732178,732178,1,77861.4,77861.33382916667,0.06617083332214195,0.1985124999664258,sl,0.0,-0.07792757083332094,0.0778614,5.0,ifvg,0.001,-0.15578897083332094,31
2025-11,atr_05_15,732178,732178,1,77874.0,77873.93382916668,0.06617083332214195,0.1985124999664258,sl,0.0,-0.07794017083332094,0.077874,5.0,ifvg,0.001,-0.15581417083332094,32
2025-11,atr_05_15,733840,733840,1,76955.85,76955.78382916668,0.06617083332214195,0.1985124999664258,inv,0.0,-0.07702202083332096,0.07695585000000002,5.0,ifvg,0.001,-0.15397787083332098,33
2025-11,atr_05_15,733840,733840,1,76971.5,76971.43382916668,0.06617083332214195,0.1985124999664258,sl,0.0,-0.07703767083332096,0.07697150000000001,5.0,ifvg,0.001,-0.15400917083332097,34
2025-11,atr_05_15,733840,733870,-1,76946.1,77102.60000000002,156.50000000001455,1878.0000000001746,sl,30.0,-0.23344610000001453,0.0769461,5.0,ifvg_clean,0.001,-0.31039220000001455,35
2025-11,atr_05_15,735506,735506,-1,77473.0,77473.06617083332,0.06617083332214195,0.1985124999664258,sl,0.0,-0.07753917083332094,0.077473,5.0,ifvg,0.001,-0.15501217083332094,36
2025-11,atr_05_15,735506,735506,-1,77426.0,77426.06617083332,0.06617083332214195,0.1985124999664258,sl,0.0,-0.07749217083332095,0.07742600000000001,5.0,ifvg,0.001,-0.15491817083332096,37
2025-11,atr_05_15,735511,735511,-1,77520.0,77519.80148750004,0.06617083332214195,0.1985124999664258,tp,0.0,-0.07732148750003717,0.07751999999999999,5.0,ifvg,0.001,-0.15484148750003718,38
2025-11,atr_05_15,735506,735542,1,77517.3,77425.5,470.0,5640.0,inv,36.0,-0.16931730000000292,0.07751730000000001,5.0,ifvg_clean,0.001,-0.24683460000000293,39
2025-11,atr_05_15,737180,737180,-1,77153.2,77153.26617083332,0.06617083332214195,0.1985124999664258,sl,0.0,-0.07721937083332095,0.0771532,5.0,ifvg,0.001,-0.15437257083332095,40
2025-11,atr_05_15,737180,737180,-1,77130.4,77130.46617083332,0.06617083332214195,0.1985124999664258,sl,0.0,-0.07719657083332095,0.0771304,5.0,ifvg,0.001,-0.15432697083332095,41
2025-11,atr_05_15,737201,737201,-1,77176.0,77175.80148750004,0.06617083332214195,0.1985124999664258,tp,0.0,-0.07697748750003719,0.07717600000000001,5.0,ifvg,0.001,-0.1541534875000372,42
2025-11,atr_05_15,737180,737306,1,77168.0,77129.9,228.0000000000291,2736.0000000003492,inv,129.0,-0.11526800000000584,0.07716800000000001,5.0,ifvg_clean,0.001,-0.19243600000000585,43
2025-11,atr_05_15,738141,738141,-1,77720.1,77720.16617083333,0.06617083332214195,0.1985124999664258,inv,0.0,-0.07778627083332094,0.0777201,5.0,ifvg,0.001,-0.15550637083332094,44
2025-11,atr_05_15,738141,738141,-1,77692.1,77692.16617083333,0.06617083332214195,0.1985124999664258,sl,0.0,-0.07775827083332096,0.07769210000000001,5.0,ifvg,0.001,-0.15545037083332097,45
2025-11,atr_05_15,738141,738141,-1,77664.1,77664.16617083333,0.06617083332214195,0.1985124999664258,sl,0.0,-0.07773027083332094,0.0776641,5.0,ifvg,0.001,-0.15539437083332094,46
2025-11,atr_05_15,738817,738817,-1,77566.1,77566.16617083333,0.06617083332214195,0.1985124999664258,inv,0.0,-0.07763227083332096,0.07756610000000001,5.0,ifvg,0.001,-0.15519837083332097,47
2025-11,atr_05_15,738817,738817,-1,77536.2,77536.26617083332,0.06617083332214195,0.1985124999664258,sl,0.0,-0.07760237083332094,0.0775362,5.0,ifvg,0.001,-0.15513857083332094,48
2025-11,atr_05_15,738822,738822,-1,77596.0,77596.06617083332,0.06617083332214195,0.1985124999664258,inv,0.0,-0.07766217083332096,0.07759600000000001,5.0,ifvg,0.001,-0.15525817083332097,49
2025-11,atr_05_15,732178,739636,-1,77844.1,77874.5,125.99999999998545,1511.9999999998254,inv,7462.0,-0.1082440999999942,0.07784410000000001,5.0,ifvg_clean,0.001,-0.1860881999999942,50
2025-11,atr_05_15,741966,741966,1,77960.0,77959.93382916668,0.06617083332214195,0.1985124999664258,sl,0.0,-0.07802617083332096,0.07796000000000002,5.0,ifvg,0.001,-0.15598617083332098,51
2025-11,atr_05_15,741966,741966,1,77981.6,77981.53382916668,0.06617083332214195,0.1985124999664258,sl,0.0,-0.07804777083332096,0.07798160000000001,5.0,ifvg,0.001,-0.15602937083332097,52
2025-11,atr_05_15,741966,741966,1,78003.2,78003.13382916668,0.06617083332214195,0.1985124999664258,sl,0.0,-0.07806937083332094,0.0780032,5.0,ifvg,0.001,-0.15607257083332093,53
2025-11,atr_05_15,741966,741994,-1,77883.3,78003.7,215.99999999998545,2591.9999999998254,inv,28.0,-0.19828329999999417,0.0778833,5.0,ifvg_clean,0.001,-0.27616659999999416,54
2025-11,atr_05_15,742004,742004,-1,78321.6,78321.66617083333,0.06617083332214195,0.1985124999664258,inv,0.0,-0.07838777083332095,0.0783216,5.0,ifvg,0.001,-0.15670937083332095,55
2025-11,atr_05_15,742004,742004,-1,78299.25,78299.05148750004,0.06617083332214195,0.1985124999664258,tp,0.0,-0.07810073750003718,0.07829925,5.0,ifvg,0.001,-0.1563999875000372,56
2025-11,atr_05_15,742004,742004,-1,78276.9,78276.96617083332,0.06617083332214195,0.1985124999664258,sl,0.0,-0.07834307083332094,0.0782769,5.0,ifvg,0.001,-0.15661997083332094,57
2025-11,atr_05_15,742005,742005,1,78521.4,78521.59851249996,0.06617083332214195,0.1985124999664258,tp,0.0,-0.07832288750003719,0.0785214,5.0,ifvg,0.001,-0.1568442875000372,58
2025-11,atr_05_15,742005,742005,1,78547.4,78547.33382916667,0.06617083332214195,0.1985124999664258,sl,0.0,-0.07861357083332095,0.0785474,5.0,ifvg,0.001,-0.15716097083332095,59
2025-11,atr_05_15,742005,742005,1,78573.4,78573.33382916667,0.06617083332214195,0.1985124999664258,sl,0.0,-0.07863957083332093,0.07857339999999999,5.0,ifvg,0.001,-0.15721297083332092,60
2025-11,atr_05_15,742005,742011,-1,78526.7,78573.9,260.0,3120.0,inv,6.0,-0.12572669999999708,0.0785267,5.0,ifvg_clean,0.001,-0.2042533999999971,61
2025-11,atr_05_15,725360,742100,1,76392.0,79205.99999999965,234.4999999999709,2813.9999999996508,tp,16745.0,2.737607999999651,0.076392,5.0,ifvg_clean,0.001,2.6612159999996514,62
2025-11,atr_05_15,742004,742362,1,78295.3,80977.3000000007,223.5000000000582,2682.0000000006985,tp,358.0,2.6037047000006983,0.0782953,5.0,ifvg_clean,0.001,2.525409400000698,63
2025-11,atr_05_15,738141,742466,1,77720.1,81080.1,280.0,3360.0,tp,4327.0,3.2822799,0.0777201,5.0,ifvg_clean,0.001,3.2045597999999997,64
2025-11,atr_05_15,738817,742472,1,77579.1,81167.10000000018,299.00000000001455,3588.0000000001746,tp,3657.0,3.5104209000001747,0.07757910000000001,5.0,ifvg_clean,0.001,3.432841800000175,65
2025-11,atr_05_15,746114,746114,-1,82677.5,82677.56617083332,0.06617083332214195,0.1985124999664258,inv,0.0,-0.08274367083332095,0.0826775,5.0,ifvg,0.001,-0.16542117083332095,66
2025-11,atr_05_15,746114,746114,-1,82658.4,82658.46617083332,0.06617083332214195,0.1985124999664258,sl,0.0,-0.08272457083332095,0.0826584,5.0,ifvg,0.001,-0.16538297083332096,67
2025-11,atr_05_15,746114,746114,-1,82639.3,82639.36617083332,0.06617083332214195,0.1985124999664258,sl,0.0,-0.08270547083332096,0.08263930000000001,5.0,ifvg,0.001,-0.16534477083332097,68
2025-11,atr_05_15,746114,746190,1,82677.8,82486.80000000002,190.99999999998545,2291.9999999998254,sl,76.0,-0.2736777999999855,0.08267780000000001,5.0,ifvg_clean,0.001,-0.3563555999999855,69
2025-11,atr_05_15,751131,751131,1,82364.75,82364.68382916668,0.06617083332214195,0.1985124999664258,inv,0.0,-0.08243092083332094,0.08236475,5.0,ifvg,0.001,-0.16479567083332095,70
2025-11,atr_05_15,751131,751131,1,82376.9,82376.83382916667,0.06617083332214195,0.1985124999664258,sl,0.0,-0.08244307083332093,0.08237689999999999,5.0,ifvg,0.001,-0.16481997083332092,71
2025-11,atr_05_15,751159,751159,1,82352.6,82352.53382916668,0.06617083332214195,0.1985124999664258,inv,0.0,-0.08241877083332096,0.08235260000000001,5.0,ifvg,0.001,-0.16477137083332097,72
2025-11,atr_05_15,751131,751652,-1,82357.3,82478.79999999994,121.49999999994179,1457.9999999993015,sl,521.0,-0.2038572999999418,0.08235730000000001,5.0,ifvg_clean,0.001,-0.2862145999999418,73
2025-11,atr_05_15,755703,755703,-1,83035.7,83035.76617083332,0.06617083332214195,0.1985124999664258,inv,0.0,-0.08310187083332095,0.0830357,5.0,ifvg,0.001,-0.16613757083332095,74
2025-11,atr_05_15,755703,755703,-1,82980.0,82980.06617083332,0.06617083332214195,0.1985124999664258,sl,0.0,-0.08304617083332096,0.08298000000000001,5.0,ifvg,0.001,-0.16602617083332097,75
2025-11,atr_05_15,755712,755712,-1,83091.4,83091.46617083332,0.06617083332214195,0.1985124999664258,inv,0.0,-0.08315757083332094,0.0830914,5.0,ifvg,0.001,-0.16624897083332094,76
2025-11,atr_05_15,757425,757425,-1,82958.0,82957.80148750004,0.06617083332214195,0.1985124999664258,tp,0.0,-0.08275948750003718,0.082958,5.0,ifvg,0.001,-0.16571748750003717,77
2025-11,atr_05_15,757425,757425,-1,82943.75,82943.81617083332,0.06617083332214195,0.1985124999664258,sl,0.0,-0.08300992083332095,0.08294375000000001,5.0,ifvg,0.001,-0.16595367083332097,78
2025-11,atr_05_15,757425,757425,-1,82929.5,82929.56617083332,0.06617083332214195,0.1985124999664258,sl,0.0,-0.08299567083332095,0.0829295,5.0,ifvg,0.001,-0.16592517083332095,79
2025-11,atr_05_15,757425,757451,1,82957.3,82929.0,142.5,1710.0,inv,26.0,-0.11125730000000292,0.08295730000000001,5.0,ifvg_clean,0.001,-0.19421460000000293,80
2025-11,atr_05_15,755703,765887,1,83085.3,82528.30000000003,556.9999999999709,6683.999999999651,sl,10192.0,-0.640085299999971,0.0830853,5.0,ifvg_clean,0.001,-0.723170599999971,81
2025-11,atr_05_15,814568,814568,1,81519.55,81519.48382916668,0.06617083332214195,0.1985124999664258,inv,0.0,-0.08158572083332095,0.08151955000000001,5.0,ifvg,0.001,-0.16310527083332096,82
2025-11,atr_05_15,814568,814568,1,81534.0,81533.93382916668,0.06617083332214195,0.1985124999664258,sl,0.0,-0.08160017083332095,0.08153400000000001,5.0,ifvg,0.001,-0.16313417083332096,83
2025-11,atr_05_15,814580,814580,1,81505.1,81505.03382916668,0.06617083332214195,0.1985124999664258,inv,0.0,-0.08157127083332096,0.08150510000000001,5.0,ifvg,0.001,-0.16307637083332097,84
2025-11,atr_05_15,814568,814733,-1,81509.2,81653.69999999997,144.4999999999709,1733.9999999996508,sl,165.0,-0.22600919999997088,0.08150919999999999,5.0,ifvg_clean,0.001,-0.3075183999999709,85
2025-11,atr_05_15,827743,827743,-1,78693.6,78693.66617083333,0.06617083332214195,0.1985124999664258,sl,0.0,-0.07875977083332095,0.0786936,5.0,ifvg,0.001,-0.15745337083332095,86
2025-11,atr_05_15,827743,827743,-1,78633.9,78633.96617083332,0.06617083332214195,0.1985124999664258,sl,0.0,-0.07870007083332094,0.07863389999999999,5.0,ifvg,0.001,-0.15733397083332093,87
2025-11,atr_05_15,827757,827757,-1,78753.3,78753.10148750004,0.06617083332214195,0.1985124999664258,tp,0.0,-0.0785547875000372,0.07875330000000001,5.0,ifvg,0.001,-0.15730808750003722,88
2025-11,atr_05_15,827743,827991,1,78751.0,78633.4,597.0000000000437,7164.000000000524,inv,248.0,-0.19635100000000583,0.078751,5.0,ifvg_clean,0.001,-0.27510200000000584,89
2025-11,atr_05_15,829552,829552,-1,79160.0,79160.06617083332,0.06617083332214195,0.1985124999664258,sl,0.0,-0.07922617083332094,0.07916,5.0,ifvg,0.001,-0.15838617083332093,90
2025-11,atr_05_15,829552,829552,-1,79149.95,79150.01617083332,0.06617083332214195,0.1985124999664258,sl,0.0,-0.07921612083332095,0.07914995000000001,5.0,ifvg,0.001,-0.15836607083332097,91
2025-11,atr_05_15,829552,829552,-1,79139.9,79139.96617083332,0.06617083332214195,0.1985124999664258,sl,0.0,-0.07920607083332094,0.0791399,5.0,ifvg,0.001,-0.15834597083332094,92
2025-11,atr_05_15,829552,829576,1,79173.2,79139.4,100.5000000000291,1206.0000000003492,inv,24.0,-0.11297320000000291,0.0791732,5.0,ifvg_clean,0.001,-0.1921464000000029,93
2025-11,atr_05_15,831600,831600,-1,79241.3,79241.36617083332,0.06617083332214195,0.1985124999664258,inv,0.0,-0.07930747083332096,0.07924130000000001,5.0,ifvg,0.001,-0.15854877083332097,94
2025-11,atr_05_15,831600,831600,-1,79214.95000000001,79215.01617083333,0.06617083332214195,0.1985124999664258,sl,0.0,-0.07928112083332096,0.07921495000000002,5.0,ifvg,0.001,-0.15849607083332098,95
2025-11,atr_05_15,831600,831600,-1,79188.6,79188.66617083333,0.06617083332214195,0.1985124999664258,sl,0.0,-0.07925477083332096,0.07918860000000001,5.0,ifvg,0.001,-0.15844337083332097,96
2025-11,atr_05_15,831687,831687,1,79280.0,79279.93382916668,0.06617083332214195,0.1985124999664258,sl,0.0,-0.07934617083332095,0.07928,5.0,ifvg,0.001,-0.15862617083332095,97
2025-11,atr_05_15,831687,831687,1,79300.0,79299.93382916668,0.06617083332214195,0.1985124999664258,sl,0.0,-0.07936617083332094,0.0793,5.0,ifvg,0.001,-0.15866617083332094,98
2025-11,atr_05_15,831689,831689,1,79260.0,79260.19851249996,0.06617083332214195,0.1985124999664258,tp,0.0,-0.07906148750003719,0.07926000000000001,5.0,ifvg,0.001,-0.15832148750003722,99
2025-11,atr_05_15,831687,831693,-1,79266.6,79300.5,200.0,2400.0,inv,6.0,-0.11316659999999418,0.0792666,5.0,ifvg_clean,0.001,-0.1924331999999942,100
2025-11,atr_05_15,853164,853164,-1,79596.0,79595.80148750004,0.06617083332214195,0.1985124999664258,tp,0.0,-0.07939748750003718,0.079596,5.0,fvg,0.001,-0.15899348750003717,101
2025-11,atr_05_15,853164,853164,-1,79563.3,79563.36617083332,0.06617083332214195,0.1985124999664258,sl,0.0,-0.07962947083332095,0.0795633,5.0,fvg,0.001,-0.15919277083332095,102
2025-11,atr_05_15,854638,854638,-1,79416.55,79416.35148750004,0.06617083332214195,0.1985124999664258,tp,0.0,-0.07921803750003718,0.07941655,5.0,ifvg,0.001,-0.15863458750003717,103
2025-11,atr_05_15,854638,854638,-1,79406.0,79406.06617083332,0.06617083332214195,0.1985124999664258,sl,0.0,-0.07947217083332095,0.079406,5.0,ifvg,0.001,-0.15887817083332095,104
2025-11,atr_05_15,854638,854645,1,79415.7,79405.5,105.5000000000291,1266.0000000003492,inv,7.0,-0.08961569999999709,0.0794157,5.0,ifvg_clean,0.001,-0.1690313999999971,105
2025-11,atr_05_15,854654,854654,-1,79427.1,79426.90148750004,0.06617083332214195,0.1985124999664258,tp,0.0,-0.0792285875000372,0.07942710000000001,5.0,ifvg,0.001,-0.15865568750003722,106
2025-11,atr_05_15,831600,855415,1,79236.5,78973.00000000001,263.49999999998545,3161.9999999998254,sl,24228.0,-0.34273649999998546,0.0792365,5.0,ifvg_clean,0.001,-0.42197299999998544,107
2025-11,atr_05_15,856804,856804,-1,79525.6,79525.66617083333,0.06617083332214195,0.1985124999664258,sl,0.0,-0.07959177083332096,0.07952560000000002,5.0,fvg,0.001,-0.15911737083332098,108
2025-11,atr_05_15,857270,857270,-1,79537.75,79537.55148750004,0.06617083332214195,0.1985124999664258,tp,0.0,-0.07933923750003719,0.07953775,5.0,fvg,0.001,-0.1588769875000372,109
2025-11,atr_05_15,857274,857274,-1,79549.9,79549.70148750003,0.06617083332214195,0.1985124999664258,tp,0.0,-0.07935138750003717,0.07954989999999999,5.0,fvg,0.001,-0.15890128750003718,110
2025-11,atr_05_15,857358,857358,-1,79628.7,79628.50148750003,0.06617083332214195,0.1985124999664258,tp,0.0,-0.07943018750003718,0.0796287,5.0,fvg,0.001,-0.15905888750003716,111
2025-11,atr_05_15,862409,862409,1,80287.5,80287.43382916668,0.06617083332214195,0.1985124999664258,sl,0.0,-0.08035367083332096,0.08028750000000001,5.0,ifvg,0.001,-0.16064117083332097,112
2025-11,atr_05_15,862409,862409,1,80313.05,80312.98382916668,0.06617083332214195,0.1985124999664258,sl,0.0,-0.08037922083332096,0.08031305000000001,5.0,ifvg,0.001,-0.16069227083332097,113
2025-11,atr_05_15,862409,862409,1,80338.6,80338.53382916668,0.06617083332214195,0.1985124999664258,sl,0.0,-0.08040477083332095,0.08033860000000001,5.0,ifvg,0.001,-0.16074337083332096,114
2025-11,atr_05_15,862409,862774,-1,80280.1,80339.1,255.5000000000291,3066.0000000003492,inv,365.0,-0.13928010000000002,0.08028010000000001,5.0,ifvg_clean,0.001,-0.21956020000000004,115
2025-11,atr_05_15,863815,863815,-1,80609.2,80609.26617083332,0.06617083332214195,0.1985124999664258,inv,0.0,-0.08067537083332095,0.0806092,5.0,ifvg,0.001,-0.16128457083332096,116
2025-11,atr_05_15,863815,863815,-1,80587.4,80587.46617083332,0.06617083332214195,0.1985124999664258,sl,0.0,-0.08065357083332095,0.0805874,5.0,ifvg,0.001,-0.16124097083332095,117
2025-11,atr_05_15,864055,864055,-1,80631.0,80631.06617083332,0.06617083332214195,0.1985124999664258,inv,0.0,-0.08069717083332095,0.08063100000000001,5.0,ifvg,0.001,-0.16132817083332096,118
2025-11,atr_05_15,870988,870988,-1,80535.0,80535.06617083332,0.06617083332214195,0.1985124999664258,sl,0.0,-0.08060117083332094,0.080535,5.0,ifvg,0.001,-0.16113617083332094,119
2025-11,atr_05_15,870988,870988,-1,80521.9,80521.96617083332,0.06617083332214195,0.1985124999664258,sl,0.0,-0.08058807083332095,0.08052190000000001,5.0,ifvg,0.001,-0.16110997083332096,120
2025-11,atr_05_15,871004,871004,-1,80548.1,80547.90148750004,0.06617083332214195,0.1985124999664258,tp,0.0,-0.08034958750003719,0.08054810000000001,5.0,ifvg,0.001,-0.1608976875000372,121
2025-11,atr_05_15,880686,880686,1,80788.9,80788.83382916667,0.06617083332214195,0.1985124999664258,sl,0.0,-0.08085507083332094,0.0807889,5.0,ifvg,0.001,-0.16164397083332094,122
2025-11,atr_05_15,880686,880686,1,80807.8,80807.73382916668,0.06617083332214195,0.1985124999664258,sl,0.0,-0.08087397083332094,0.0808078,5.0,ifvg,0.001,-0.16168177083332094,123
2025-11,atr_05_15,880686,880687,-1,80779.6,80808.3,189.00000000001455,2268.0000000001746,inv,1.0,-0.1094795999999971,0.08077960000000001,5.0,ifvg_clean,0.001,-0.1902591999999971,124
2025-11,atr_05_15,880695,880695,1,80770.0,80770.19851249996,0.06617083332214195,0.1985124999664258,tp,0.0,-0.08057148750003718,0.08077,5.0,ifvg,0.001,-0.16134148750003718,125
2025-11,atr_05_15,880711,880711,-1,80890.0,80890.06617083332,0.06617083332214195,0.1985124999664258,inv,0.0,-0.08095617083332095,0.08089,5.0,ifvg,0.001,-0.16184617083332095,126
2025-11,atr_05_15,880711,880711,-1,80864.2,80864.26617083332,0.06617083332214195,0.1985124999664258,sl,0.0,-0.08093037083332094,0.0808642,5.0,ifvg,0.001,-0.16179457083332094,127
2025-11,atr_05_15,880711,880711,-1,80838.4,80838.46617083332,0.06617083332214195,0.1985124999664258,sl,0.0,-0.08090457083332094,0.08083839999999999,5.0,ifvg,0.001,-0.16174297083332093,128
2025-11,atr_05_15,881134,881134,1,81492.9,81492.83382916667,0.06617083332214195,0.1985124999664258,sl,0.0,-0.08155907083332094,0.0814929,5.0,fvg,0.001,-0.16305197083332093,129
2025-11,atr_05_15,881679,881679,1,81292.45,81292.64851249996,0.06617083332214195,0.1985124999664258,tp,0.0,-0.08109393750003718,0.08129245,5.0,fvg,0.001,-0.1623863875000372,130
2025-11,atr_05_15,883583,883583,-1,81580.2,81580.26617083332,0.06617083332214195,0.1985124999664258,sl,0.0,-0.08164637083332095,0.0815802,5.0,fvg,0.001,-0.16322657083332096,131
2025-11,atr_05_15,883600,883600,-1,81606.65,81606.45148750003,0.06617083332214195,0.1985124999664258,tp,0.0,-0.08140813750003718,0.08160665,5.0,fvg,0.001,-0.16301478750003717,132
2025-11,atr_05_15,885286,885286,-1,81633.1,81632.90148750004,0.06617083332214195,0.1985124999664258,tp,0.0,-0.0814345875000372,0.08163310000000001,5.0,fvg,0.001,-0.1630676875000372,133
2025-11,atr_05_15,870988,885833,1,80543.8,82115.8000000007,131.0000000000582,1572.0000000006985,tp,14892.0,1.4914562000006986,0.08054380000000001,5.0,ifvg_clean,0.001,1.4109124000006985,134
2025-11,atr_05_15,889177,889177,-1,82689.5,82689.56617083332,0.06617083332214195,0.1985124999664258,inv,0.0,-0.08275567083332094,0.0826895,5.0,ifvg,0.001,-0.16544517083332094,135
2025-11,atr_05_15,889177,889177,-1,82679.0,82679.06617083332,0.06617083332214195,0.1985124999664258,sl,0.0,-0.08274517083332095,0.082679,5.0,ifvg,0.001,-0.16542417083332095,136
2025-11,atr_05_15,889305,889305,-1,82700.0,82700.06617083332,0.06617083332214195,0.1985124999664258,inv,0.0,-0.08276617083332095,0.08270000000000001,5.0,ifvg,0.001,-0.16546617083332096,137
2025-11,atr_05_15,889177,890376,1,82690.8,82585.8,105.0,1260.0,sl,1199.0,-0.1876908,0.08269080000000001,5.0,ifvg_clean,0.001,-0.2703816,138
2025-11,atr_05_15,896810,896810,1,82288.1,82288.03382916668,0.06617083332214195,0.1985124999664258,sl,0.0,-0.08235427083332096,0.08228810000000002,5.0,ifvg,0.001,-0.16464237083332098,139
2025-11,atr_05_15,896810,896810,1,82317.85,82317.78382916668,0.06617083332214195,0.1985124999664258,sl,0.0,-0.08238402083332096,0.08231785000000001,5.0,ifvg,0.001,-0.16470187083332097,140
2025-11,atr_05_15,896810,896810,1,82347.6,82347.53382916668,0.06617083332214195,0.1985124999664258,sl,0.0,-0.08241377083332097,0.08234760000000002,5.0,ifvg,0.001,-0.16476137083332099,141
2025-11,atr_05_15,896810,896850,-1,82286.5,82348.1,297.5,3570.0,inv,40.0,-0.14388650000000583,0.0822865,5.0,ifvg_clean,0.001,-0.22617300000000584,142
2025-11,atr_05_15,863815,900954,1,80627.9,83243.90000000034,218.0000000000291,2616.0000000003492,tp,37206.0,2.535372100000349,0.0806279,5.0,ifvg_clean,0.001,2.454744200000349,143
2025-11,atr_05_15,905779,905779,-1,82059.7,82059.76617083332,0.06617083332214195,0.1985124999664258,sl,0.0,-0.08212587083332094,0.0820597,5.0,ifvg,0.001,-0.16418557083332094,144
2025-11,atr_05_15,905779,905779,-1,81986.0,81986.06617083332,0.06617083332214195,0.1985124999664258,sl,0.0,-0.08205217083332095,0.081986,5.0,ifvg,0.001,-0.16403817083332095,145
2025-11,atr_05_15,905780,905780,-1,82133.4,82133.20148750003,0.06617083332214195,0.1985124999664258,tp,0.0,-0.08193488750003718,0.0821334,5.0,ifvg,0.001,-0.16406828750003716,146
2025-11,atr_05_15,905779,905827,1,82123.8,81985.5,736.9999999999709,8843.99999999965,inv,48.0,-0.22042380000000295,0.08212380000000001,5.0,ifvg_clean,0.001,-0.30254760000000297,147
2025-11,atr_05_15,906571,906571,1,81900.0,81900.19851249996,0.06617083332214195,0.1985124999664258,tp,0.0,-0.08170148750003718,0.0819,5.0,fvg,0.001,-0.16360148750003717,148
2025-11,atr_05_15,906644,906644,1,81840.8,81840.99851249997,0.06617083332214195,0.1985124999664258,tp,0.0,-0.08164228750003719,0.0818408,5.0,fvg,0.001,-0.1634830875000372,149
2025-11,atr_05_15,906695,906695,1,81781.6,81781.79851249997,0.06617083332214195,0.1985124999664258,tp,0.0,-0.08158308750003719,0.08178160000000001,5.0,fvg,0.001,-0.1633646875000372,150
2025-11,atr_05_15,906736,906736,-1,81904.5,81904.30148750004,0.06617083332214195,0.1985124999664258,tp,0.0,-0.08170598750003719,0.0819045,5.0,fvg,0.001,-0.1636104875000372,151
2025-11,atr_05_15,906739,906739,-1,81931.2,81931.00148750003,0.06617083332214195,0.1985124999664258,tp,0.0,-0.08173268750003719,0.08193120000000001,5.0,fvg,0.001,-0.1636638875000372,152
2025-11,atr_05_15,906771,906771,-1,81957.9,81957.70148750003,0.06617083332214195,0.1985124999664258,tp,0.0,-0.08175938750003718,0.0819579,5.0,fvg,0.001,-0.16371728750003717,153
2025-11,atr_05_15,909245,909245,1,82486.35,82486.28382916668,0.06617083332214195,0.1985124999664258,sl,0.0,-0.08255252083332094,0.08248635,5.0,ifvg,0.001,-0.16503887083332094,154
2025-11,atr_05_15,909245,909245,1,82514.5,82514.43382916668,0.06617083332214195,0.1985124999664258,sl,0.0,-0.08258067083332095,0.0825145,5.0,ifvg,0.001,-0.16509517083332095,155
2025-11,atr_05_15,909318,909318,1,82458.2,82458.39851249996,0.06617083332214195,0.1985124999664258,tp,0.0,-0.08225968750003719,0.08245820000000001,5.0,ifvg,0.001,-0.16471788750003719,156
2025-11,atr_05_15,909245,909423,-1,82462.4,82515.0,281.50000000001455,3378.0000000001746,inv,181.0,-0.13506240000000583,0.0824624,5.0,ifvg_clean,0.001,-0.21752480000000585,157
2025-11,atr_05_15,910574,910574,-1,82247.55,82247.61617083332,0.06617083332214195,0.1985124999664258,sl,0.0,-0.08231372083332095,0.08224755,5.0,fvg,0.001,-0.16456127083332095,158
2025-11,atr_05_15,910574,910574,-1,82234.3,82234.36617083332,0.06617083332214195,0.1985124999664258,sl,0.0,-0.08230047083332095,0.08223430000000001,5.0,fvg,0.001,-0.16453477083332096,159
2025-11,atr_05_15,910587,910587,-1,82260.8,82260.60148750004,0.06617083332214195,0.1985124999664258,tp,0.0,-0.08206228750003719,0.08226080000000001,5.0,fvg,0.001,-0.1643230875000372,160
2025-11,atr_05_15,911207,911207,-1,82400.0,82400.06617083332,0.06617083332214195,0.1985124999664258,sl,0.0,-0.08246617083332095,0.0824,5.0,fvg,0.001,-0.16486617083332095,161
2025-11,atr_05_15,911217,911217,-1,82427.55,82427.35148750004,0.06617083332214195,0.1985124999664258,tp,0.0,-0.0822290375000372,0.08242755000000002,5.0,fvg,0.001,-0.1646565875000372,162
2025-11,atr_05_15,911249,911249,-1,82455.1,82454.90148750004,0.06617083332214195,0.1985124999664258,tp,0.0,-0.08225658750003718,0.0824551,5.0,fvg,0.001,-0.16471168750003717,163
2025-11,atr_05_15,911491,911491,1,82573.3,82573.49851249997,0.06617083332214195,0.1985124999664258,tp,0.0,-0.08237478750003718,0.0825733,5.0,fvg,0.001,-0.1649480875000372,164
2025-11,atr_05_15,880711,915647,1,80874.3,83970.30000000035,258.0000000000291,3096.0000000003492,tp,34951.0,3.015125700000349,0.08087430000000001,5.0,ifvg_clean,0.001,2.934251400000349,165
2025-11,atr_05_15,948607,948607,-1,82801.4,82801.46617083332,0.06617083332214195,0.1985124999664258,sl,0.0,-0.08286757083332094,0.0828014,5.0,fvg,0.001,-0.16566897083332094,166
2025-11,atr_05_15,948628,948628,-1,82850.75,82850.55148750004,0.06617083332214195,0.1985124999664258,tp,0.0,-0.08265223750003718,0.08285075,5.0,fvg,0.001,-0.16550298750003717,167
2025-11,atr_05_15,949102,949102,-1,82900.1,82899.90148750004,0.06617083332214195,0.1985124999664258,tp,0.0,-0.08270158750003719,0.0829001,5.0,fvg,0.001,-0.16560168750003718,168
2025-11,atr_05_15,1037184,1037184,1,85555.4,85555.33382916667,0.06617083332214195,0.1985124999664258,sl,0.0,-0.08562157083332093,0.08555539999999999,5.0,fvg,0.001,-0.17117697083332092,169
2025-11,atr_05_15,1037187,1037187,1,85538.15,85538.34851249996,0.06617083332214195,0.1985124999664258,tp,0.0,-0.08533963750003719,0.08553815000000001,5.0,fvg,0.001,-0.17087778750003718,170
2025-11,atr_05_15,1037189,1037189,1,85520.9,85521.09851249996,0.06617083332214195,0.1985124999664258,tp,0.0,-0.08532238750003718,0.0855209,5.0,fvg,0.001,-0.1708432875000372,171
2025-11,atr_05_15,1245361,1245361,-1,85642.55,85642.61617083332,0.06617083332214195,0.1985124999664258,sl,0.0,-0.08570872083332094,0.08564255,5.0,ifvg,0.001,-0.17135127083332094,172
2025-11,atr_05_15,1245361,1245361,-1,85620.0,85620.06617083332,0.06617083332214195,0.1985124999664258,sl,0.0,-0.08568617083332095,0.08562,5.0,ifvg,0.001,-0.17130617083332095,173
2025-11,atr_05_15,1245361,1245363,1,85652.4,85619.5,225.5000000000291,2706.0000000003492,inv,2.0,-0.11855239999999417,0.0856524,5.0,ifvg_clean,0.001,-0.2042047999999942,174
2025-11,atr_05_15,1252583,1252583,-1,84927.9,84927.96617083332,0.06617083332214195,0.1985124999664258,sl,0.0,-0.08499407083332094,0.0849279,5.0,ifvg,0.001,-0.16992197083332095,175
2025-11,atr_05_15,1252583,1252583,-1,84910.6,84910.66617083333,0.06617083332214195,0.1985124999664258,sl,0.0,-0.08497677083332095,0.0849106,5.0,ifvg,0.001,-0.16988737083332095,176
2025-11,atr_05_15,1252583,1252601,1,84929.0,84910.1,172.99999999995634,2075.999999999476,inv,18.0,-0.10382899999999418,0.084929,5.0,ifvg_clean,0.001,-0.18875799999999418,177
2025-11,atr_05_15,1252621,1252621,-1,84945.2,84945.00148750003,0.06617083332214195,0.1985124999664258,tp,0.0,-0.08474668750003718,0.0849452,5.0,ifvg,0.001,-0.16969188750003716,178
2025-11,atr_05_15,1342528,1342528,1,85354.4,85354.33382916667,0.06617083332214195,0.1985124999664258,sl,0.0,-0.08542057083332094,0.0853544,5.0,ifvg,0.001,-0.17077497083332094,179
2025-11,atr_05_15,1342528,1342528,-1,85329.7,85354.9,387.99999999995634,4655.999999999476,inv,0.0,-0.1105296999999971,0.08532970000000001,5.0,ifvg_clean,0.001,-0.1958593999999971,180
2025-11,atr_05_15,1342533,1342533,1,85276.8,85276.99851249997,0.06617083332214195,0.1985124999664258,tp,0.0,-0.0850782875000372,0.08527680000000001,5.0,ifvg,0.001,-0.1703550875000372,181
2025-11,atr_05_15,1342533,1342533,1,85315.6,85315.79851249997,0.06617083332214195,0.1985124999664258,tp,0.0,-0.08511708750003719,0.0853156,5.0,ifvg,0.001,-0.1704326875000372,182
2025-11,atr_05_15,1344808,1344808,1,83752.9,83752.83382916667,0.06617083332214195,0.1985124999664258,inv,0.0,-0.08381907083332095,0.0837529,5.0,ifvg,0.001,-0.16757197083332095,183
2025-11,atr_05_15,1344808,1344808,1,83770.45,83770.38382916668,0.06617083332214195,0.1985124999664258,sl,0.0,-0.08383662083332094,0.08377045,5.0,ifvg,0.001,-0.16760707083332094,184
2025-11,atr_05_15,1344808,1344808,1,83788.0,83787.93382916668,0.06617083332214195,0.1985124999664258,sl,0.0,-0.08385417083332095,0.083788,5.0,ifvg,0.001,-0.16764217083332095,185
2025-11,atr_05_15,1344862,1344862,1,83618.1,83618.03382916668,0.06617083332214195,0.1985124999664258,sl,0.0,-0.08368427083332096,0.08361810000000001,5.0,fvg,0.001,-0.16730237083332097,186
2025-11,atr_05_15,1344867,1344867,1,83589.70000000001,83589.89851249997,0.06617083332214195,0.1985124999664258,tp,0.0,-0.08339118750003718,0.0835897,5.0,fvg,0.001,-0.1669808875000372,187
2025-11,atr_05_15,1344882,1344882,1,83676.75,83676.68382916668,0.06617083332214195,0.1985124999664258,inv,0.0,-0.08374292083332094,0.08367675,5.0,ifvg,0.001,-0.16741967083332093,188
2025-11,atr_05_15,1344882,1344882,1,83700.0,83699.93382916668,0.06617083332214195,0.1985124999664258,sl,0.0,-0.08376617083332095,0.08370000000000001,5.0,ifvg,0.001,-0.16746617083332097,189
2025-11,atr_05_15,1344884,1344884,1,83653.5,83653.43382916668,0.06617083332214195,0.1985124999664258,inv,0.0,-0.08371967083332095,0.0836535,5.0,ifvg,0.001,-0.16737317083332096,190
2025-11,atr_05_15,1344882,1344918,-1,83657.4,83889.9,232.5,2790.0,sl,36.0,-0.31615740000000003,0.08365739999999999,5.0,ifvg_clean,0.001,-0.3998148,191
2025-11,atr_05_15,1344808,1344921,-1,83748.0,83923.50000000003,175.5000000000291,2106.0000000003492,sl,113.0,-0.2592480000000291,0.083748,5.0,ifvg_clean,0.001,-0.3429960000000291,192
2025-11,atr_05_15,1350269,1350269,-1,84002.4,84002.46617083332,0.06617083332214195,0.1985124999664258,sl,0.0,-0.08406857083332094,0.08400239999999999,5.0,fvg,0.001,-0.16807097083332093,193
2025-11,atr_05_15,1350350,1350350,-1,84036.2,84036.00148750003,0.06617083332214195,0.1985124999664258,tp,0.0,-0.08383768750003717,0.08403619999999999,5.0,fvg,0.001,-0.16787388750003718,194
2025-11,atr_05_15,1350406,1350406,-1,84070.0,84069.80148750004,0.06617083332214195,0.1985124999664258,tp,0.0,-0.08387148750003719,0.08407,5.0,fvg,0.001,-0.16794148750003718,195
2025-11,atr_05_15,1418914,1418914,1,84365.2,84365.13382916668,0.06617083332214195,0.1985124999664258,sl,0.0,-0.08443137083332095,0.0843652,5.0,fvg,0.001,-0.16879657083332095,196
2025-11,atr_05_15,1420429,1420429,-1,84510.2,84510.26617083332,0.06617083332214195,0.1985124999664258,inv,0.0,-0.08457637083332094,0.0845102,5.0,ifvg,0.001,-0.16908657083332093,197
2025-11,atr_05_15,1420429,1420429,-1,84486.0,84486.06617083332,0.06617083332214195,0.1985124999664258,sl,0.0,-0.08455217083332095,0.084486,5.0,ifvg,0.001,-0.16903817083332096,198
2025-11,atr_05_15,1420433,1420433,-1,84534.4,84534.46617083332,0.06617083332214195,0.1985124999664258,inv,0.0,-0.08460057083332094,0.0845344,5.0,ifvg,0.001,-0.16913497083332094,199
2025-11,atr_05_15,1420429,1505007,1,84531.9,84289.90000000002,241.9999999999709,2903.9999999996508,sl,88158.0,-0.3265318999999709,0.0845319,5.0,ifvg_clean,0.001,-0.4110637999999709,200
2025-11,atr_05_15,1523752,1523752,-1,84593.5,84593.56617083332,0.06617083332214195,0.1985124999664258,sl,0.0,-0.08465967083332095,0.0845935,5.0,fvg,0.001,-0.16925317083332095,201
2025-11,atr_05_15,1523752,1523753,-1,84606.2,84606.26617083332,0.06617083332214195,0.1985124999664258,sl,1.0,-0.08467237083332095,0.0846062,5.0,fvg,0.001,-0.16927857083332096,202
2025-11,atr_05_15,1541534,1541534,1,84846.1,84846.03382916668,0.06617083332214195,0.1985124999664258,sl,0.0,-0.08491227083332095,0.08484610000000001,5.0,ifvg,0.001,-0.16975837083332096,203
2025-11,atr_05_15,1541534,1541534,1,84869.6,84869.53382916668,0.06617083332214195,0.1985124999664258,sl,0.0,-0.08493577083332095,0.0848696,5.0,ifvg,0.001,-0.16980537083332095,204
2025-11,atr_05_15,1541534,1541577,-1,84824.9,84870.1,235.0,2820.0,inv,43.0,-0.13002490000001163,0.0848249,5.0,ifvg_clean,0.001,-0.21484980000001164,205
2025-11,atr_05_15,1542132,1542132,1,84822.6,84822.53382916668,0.06617083332214195,0.1985124999664258,inv,0.0,-0.08488877083332096,0.08482260000000001,5.0,ifvg,0.001,-0.16971137083332097,206
2025-11,atr_05_15,1701779,1701779,-1,87438.8,87438.86617083332,0.06617083332214195,0.1985124999664258,inv,0.0,-0.08750497083332094,0.0874388,5.0,ifvg,0.001,-0.17494377083332094,207
2025-11,atr_05_15,1701779,1702010,1,87439.7,87317.70000000003,121.9999999999709,1463.9999999996508,sl,231.0,-0.20943969999997092,0.08743970000000001,5.0,ifvg_clean,0.001,-0.2968793999999709,208
2025-11,atr_05_15,1702239,1702239,-1,87463.2,87463.26617083332,0.06617083332214195,0.1985124999664258,inv,0.0,-0.08752937083332095,0.0874632,5.0,ifvg,0.001,-0.17499257083332095,209
2025-11,atr_05_15,1702239,1702239,-1,87451.0,87450.80148750004,0.06617083332214195,0.1985124999664258,tp,0.0,-0.0872524875000372,0.08745100000000001,5.0,ifvg,0.001,-0.17470348750003722,210
2025-11,atr_05_15,1734044,1734044,-1,86677.0,86677.06617083332,0.06617083332214195,0.1985124999664258,sl,0.0,-0.08674317083332095,0.086677,5.0,fvg,0.001,-0.17342017083332095,211
2025-11,atr_05_15,1734053,1734053,-1,86692.55,86692.35148750004,0.06617083332214195,0.1985124999664258,tp,0.0,-0.08649403750003719,0.08669255000000001,5.0,fvg,0.001,-0.17318658750003718,212
2025-11,atr_05_15,1734056,1734056,-1,86708.1,86707.90148750004,0.06617083332214195,0.1985124999664258,tp,0.0,-0.08650958750003719,0.08670810000000001,5.0,fvg,0.001,-0.1732176875000372,213
2025-11,atr_05_15,1743871,1743871,-1,87391.0,87391.06617083332,0.06617083332214195,0.1985124999664258,inv,0.0,-0.08745717083332095,0.08739100000000001,5.0,ifvg,0.001,-0.17484817083332096,214
2025-11,atr_05_15,1743871,1743871,-1,87301.5,87301.56617083332,0.06617083332214195,0.1985124999664258,sl,0.0,-0.08736767083332095,0.0873015,5.0,ifvg,0.001,-0.17466917083332095,215
2025-11,atr_05_15,1743871,1743871,-1,87212.0,87212.06617083332,0.06617083332214195,0.1985124999664258,sl,0.0,-0.08727817083332096,0.08721200000000001,5.0,ifvg,0.001,-0.17449017083332097,216
2025-11,atr_05_15,1747797,1747797,1,87932.65,87932.58382916667,0.06617083332214195,0.1985124999664258,sl,0.0,-0.08799882083332095,0.08793265,5.0,ifvg,0.001,-0.17593147083332095,217
2025-11,atr_05_15,1747797,1747797,1,87945.6,87945.53382916668,0.06617083332214195,0.1985124999664258,sl,0.0,-0.08801177083332096,0.08794560000000001,5.0,ifvg,0.001,-0.17595737083332097,218
2025-11,atr_05_15,1747808,1747808,1,87919.7,87919.89851249996,0.06617083332214195,0.1985124999664258,tp,0.0,-0.08772118750003718,0.0879197,5.0,ifvg,0.001,-0.1756408875000372,219
2025-11,atr_05_15,1747797,1747813,-1,87927.6,87946.1,129.50000000004366,1554.0000000005239,inv,16.0,-0.10642760000000001,0.08792760000000001,5.0,ifvg_clean,0.001,-0.1943552,220
2025-11,atr_05_15,1748294,1748294,-1,88080.2,88080.26617083332,0.06617083332214195,0.1985124999664258,inv,0.0,-0.08814637083332096,0.08808020000000001,5.0,ifvg,0.001,-0.17622657083332097,221
2025-11,atr_05_15,1748294,1748294,-1,88063.6,88063.66617083333,0.06617083332214195,0.1985124999664258,sl,0.0,-0.08812977083332095,0.0880636,5.0,ifvg,0.001,-0.17619337083332096,222
2025-11,atr_05_15,1748294,1748294,-1,88047.0,88047.06617083332,0.06617083332214195,0.1985124999664258,sl,0.0,-0.08811317083332094,0.088047,5.0,ifvg,0.001,-0.17616017083332094,223
2025-11,atr_05_15,1748294,1749627,1,88066.7,87900.70000000001,165.99999999998545,1991.9999999998254,sl,1333.0,-0.25406669999998543,0.0880667,5.0,ifvg_clean,0.001,-0.34213339999998543,224
2025-11,atr_05_15,1743871,1754330,1,87390.6,86495.6,895.0,10740.0,sl,10464.0,-0.9823906,0.08739060000000001,5.0,ifvg_clean,0.001,-1.0697812,225
2025-11,atr_05_15,1754487,1754487,-1,86512.8,86512.86617083332,0.06617083332214195,0.1985124999664258,sl,0.0,-0.08657897083332095,0.0865128,5.0,fvg,0.001,-0.17309177083332095,226
2025-11,atr_05_15,1754492,1754492,-1,86566.4,86566.20148750003,0.06617083332214195,0.1985124999664258,tp,0.0,-0.08636788750003718,0.0865664,5.0,fvg,0.001,-0.1729342875000372,227
2025-11,atr_05_15,1754586,1754586,-1,86620.0,86619.80148750004,0.06617083332214195,0.1985124999664258,tp,0.0,-0.08642148750003718,0.08662,5.0,fvg,0.001,-0.17304148750003717,228
2025-11,atr_05_15,1755274,1755274,1,86947.15,86947.08382916667,0.06617083332214195,0.1985124999664258,inv,0.0,-0.08701332083332095,0.08694715,5.0,ifvg,0.001,-0.17396047083332095,229
2025-11,atr_05_15,1755274,1755274,1,86995.1,86995.03382916668,0.06617083332214195,0.1985124999664258,sl,0.0,-0.08706127083332095,0.0869951,5.0,ifvg,0.001,-0.17405637083332096,230
2025-11,atr_05_15,1755396,1755396,1,86899.2,86899.13382916668,0.06617083332214195,0.1985124999664258,inv,0.0,-0.08696537083332094,0.0868992,5.0,ifvg,0.001,-0.17386457083332094,231
2025-11,atr_05_15,1755274,1763354,-1,86899.9,87379.40000000004,479.50000000004366,5754.000000000524,sl,8109.0,-0.5663999000000437,0.0868999,5.0,ifvg_clean,0.001,-0.6532998000000437,232
2025-11,atr_05_15,1782623,1782623,-1,87533.5,87533.56617083332,0.06617083332214195,0.1985124999664258,inv,0.0,-0.08759967083332094,0.0875335,5.0,ifvg,0.001,-0.17513317083332094,233
2025-11,atr_05_15,1782623,1782623,-1,87504.1,87504.16617083333,0.06617083332214195,0.1985124999664258,sl,0.0,-0.08757027083332096,0.08750410000000002,5.0,ifvg,0.001,-0.17507437083332097,234
2025-11,atr_05_15,1782624,1782624,-1,87562.9,87562.96617083332,0.06617083332214195,0.1985124999664258,inv,0.0,-0.08762907083332094,0.0875629,5.0,ifvg,0.001,-0.17519197083332094,235
2025-11,atr_05_15,1788501,1788501,1,87916.4,87916.33382916667,0.06617083332214195,0.1985124999664258,sl,0.0,-0.08798257083332094,0.08791639999999999,5.0,fvg,0.001,-0.17589897083332093,236
2025-11,atr_05_15,1790178,1790178,1,87848.2,87848.39851249996,0.06617083332214195,0.1985124999664258,tp,0.0,-0.08764968750003718,0.0878482,5.0,fvg,0.001,-0.1754978875000372,237
2025-11,atr_05_15,1824131,1824131,-1,88563.8,88563.86617083332,0.06617083332214195,0.1985124999664258,sl,0.0,-0.08862997083332094,0.0885638,5.0,fvg,0.001,-0.17719377083332094,238
2025-11,atr_05_15,1824147,1824147,-1,88618.9,88618.70148750003,0.06617083332214195,0.1985124999664258,tp,0.0,-0.08842038750003718,0.0886189,5.0,fvg,0.001,-0.17703928750003717,239
2025-11,atr_05_15,1824152,1824152,-1,88674.0,88673.80148750004,0.06617083332214195,0.1985124999664258,tp,0.0,-0.08847548750003718,0.088674,5.0,fvg,0.001,-0.17714948750003717,240
2025-11,atr_05_15,1825165,1825165,1,88934.7,88934.63382916668,0.06617083332214195,0.1985124999664258,sl,0.0,-0.08900087083332094,0.08893469999999999,5.0,fvg,0.001,-0.17793557083332093,241
2025-11,atr_05_15,1827401,1827401,-1,89688.4,89688.46617083332,0.06617083332214195,0.1985124999664258,inv,0.0,-0.08975457083332095,0.0896884,5.0,ifvg,0.001,-0.17944297083332095,242
2025-11,atr_05_15,1827401,1827401,-1,89673.0,89673.06617083332,0.06617083332214195,0.1985124999664258,sl,0.0,-0.08973917083332095,0.089673,5.0,ifvg,0.001,-0.17941217083332095,243
2025-11,atr_05_15,1827419,1827419,-1,89703.8,89703.86617083332,0.06617083332214195,0.1985124999664258,inv,0.0,-0.08976997083332094,0.0897038,5.0,ifvg,0.001,-0.17947377083332094,244
2025-11,atr_05_15,1828160,1828160,-1,90155.95,90156.01617083332,0.06617083332214195,0.1985124999664258,inv,0.0,-0.09022212083332096,0.09015595000000001,5.0,ifvg,0.001,-0.18037807083332097,245
2025-11,atr_05_15,1828160,1828160,-1,90133.0,90133.06617083332,0.06617083332214195,0.1985124999664258,sl,0.0,-0.09019917083332094,0.09013299999999999,5.0,ifvg,0.001,-0.18033217083332093,246
2025-11,atr_05_15,1828161,1828161,-1,90178.9,90178.96617083332,0.06617083332214195,0.1985124999664258,inv,0.0,-0.09024507083332095,0.0901789,5.0,ifvg,0.001,-0.18042397083332096,247
2025-11,atr_05_15,1828160,1828584,1,90174.0,89944.50000000003,229.4999999999709,2753.9999999996508,sl,424.0,-0.3196739999999709,0.090174,5.0,ifvg_clean,0.001,-0.4098479999999709,248
2025-11,atr_05_15,1828707,1828707,-1,89954.45,89954.51617083332,0.06617083332214195,0.1985124999664258,inv,0.0,-0.09002062083332094,0.08995444999999999,5.0,ifvg,0.001,-0.17997507083332093,249
2025-11,atr_05_15,1828707,1828707,-1,89918.9,89918.96617083332,0.06617083332214195,0.1985124999664258,sl,0.0,-0.08998507083332094,0.0899189,5.0,ifvg,0.001,-0.17990397083332094,250
2025-11,atr_05_15,1828729,1828729,-1,89990.0,89990.06617083332,0.06617083332214195,0.1985124999664258,inv,0.0,-0.09005617083332094,0.08999,5.0,ifvg,0.001,-0.18004617083332095,251
2025-11,atr_05_15,1829202,1829202,-1,90119.8,90119.86617083332,0.06617083332214195,0.1985124999664258,inv,0.0,-0.09018597083332094,0.0901198,5.0,ifvg,0.001,-0.18030577083332094,252
2025-11,atr_05_15,1829202,1829202,-1,90084.8,90084.86617083332,0.06617083332214195,0.1985124999664258,sl,0.0,-0.09015097083332095,0.0900848,5.0,ifvg,0.001,-0.18023577083332096,253
2025-11,atr_05_15,1829202,1829202,-1,90049.8,90049.86617083332,0.06617083332214195,0.1985124999664258,sl,0.0,-0.09011597083332096,0.09004980000000001,5.0,ifvg,0.001,-0.18016577083332097,254
2025-11,atr_05_15,1830144,1830144,1,90322.04999999999,90321.98382916667,0.06617083332214195,0.1985124999664258,sl,0.0,-0.09038822083332093,0.09032204999999999,5.0,ifvg,0.001,-0.18071027083332092,255
2025-11,atr_05_15,1830144,1830144,1,90337.2,90337.13382916668,0.06617083332214195,0.1985124999664258,sl,0.0,-0.09040337083332094,0.09033719999999999,5.0,ifvg,0.001,-0.18074057083332093,256
2025-11,atr_05_15,1830144,1830152,-1,90318.3,90337.7,151.50000000001455,1818.0000000001746,inv,8.0,-0.10971829999999419,0.0903183,5.0,ifvg_clean,0.001,-0.20003659999999418,257
2025-11,atr_05_15,1830167,1830167,1,90306.9,90307.09851249996,0.06617083332214195,0.1985124999664258,tp,0.0,-0.09010838750003718,0.0903069,5.0,ifvg,0.001,-0.18041528750003716,258
2025-11,atr_05_15,1832158,1832158,-1,90627.7,90627.76617083332,0.06617083332214195,0.1985124999664258,inv,0.0,-0.09069387083332095,0.0906277,5.0,ifvg,0.001,-0.18132157083332096,259
2025-11,atr_05_15,1832158,1832158,-1,90615.5,90615.56617083332,0.06617083332214195,0.1985124999664258,sl,0.0,-0.09068167083332095,0.0906155,5.0,ifvg,0.001,-0.18129717083332095,260
2025-11,atr_05_15,1832160,1832160,-1,90639.9,90639.96617083332,0.06617083332214195,0.1985124999664258,inv,0.0,-0.09070607083332094,0.0906399,5.0,ifvg,0.001,-0.18134597083332094,261
2025-11,atr_05_15,1782623,1832666,1,87553.5,91081.4999999993,293.9999999999418,3527.9999999993015,tp,50357.0,3.4404464999993016,0.0875535,5.0,ifvg_clean,0.001,3.352892999999302,262
2025-11,atr_05_15,1832158,1834903,1,90633.2,90511.20000000003,121.9999999999709,1463.9999999996508,sl,2745.0,-0.2126331999999709,0.09063320000000001,5.0,ifvg_clean,0.001,-0.3032663999999709,263
2025-11,atr_05_15,1835750,1835750,1,90554.6,90554.53382916668,0.06617083332214195,0.1985124999664258,sl,0.0,-0.09062077083332096,0.09055460000000001,5.0,fvg,0.001,-0.18117537083332097,264
2025-11,atr_05_15,1836045,1836045,-1,90950.0,90950.06617083332,0.06617083332214195,0.1985124999664258,sl,0.0,-0.09101617083332095,0.09095,5.0,fvg,0.001,-0.18196617083332095,265
2025-11,atr_05_15,1841502,1841502,-1,91000.1,90999.90148750004,0.06617083332214195,0.1985124999664258,tp,0.0,-0.09080158750003718,0.0910001,5.0,fvg,0.001,-0.18180168750003717,266
2025-11,atr_05_15,1841520,1841520,-1,91050.2,91050.00148750003,0.06617083332214195,0.1985124999664258,tp,0.0,-0.09085168750003719,0.09105020000000001,5.0,fvg,0.001,-0.18190188750003722,267
2025-11,atr_05_15,1842366,1842366,1,91192.25,91192.18382916668,0.06617083332214195,0.1985124999664258,sl,0.0,-0.09125842083332095,0.09119225,5.0,ifvg,0.001,-0.18245067083332095,268
2025-11,atr_05_15,1842366,1842366,1,91211.1,91211.03382916668,0.06617083332214195,0.1985124999664258,sl,0.0,-0.09127727083332095,0.0912111,5.0,ifvg,0.001,-0.18248837083332095,269
2025-11,atr_05_15,1842367,1842367,1,91173.4,91173.59851249996,0.06617083332214195,0.1985124999664258,tp,0.0,-0.09097488750003718,0.0911734,5.0,ifvg,0.001,-0.1821482875000372,270
2025-11,atr_05_15,1842366,1842397,-1,91176.1,91211.6,188.5000000000582,2262.0000000006985,inv,31.0,-0.1266761,0.09117610000000001,5.0,ifvg_clean,0.001,-0.21785220000000002,271
2025-11,atr_05_15,1827401,1843295,1,89684.3,91532.30000000018,154.00000000001455,1848.0000000001746,tp,15901.0,1.7583157000001746,0.08968430000000001,5.0,ifvg_clean,0.001,1.6686314000001745,272
2025-11,atr_05_15,1851442,1851442,1,91272.0,91271.93382916668,0.06617083332214195,0.1985124999664258,inv,0.0,-0.09133817083332095,0.091272,5.0,ifvg,0.001,-0.18261017083332096,273
2025-11,atr_05_15,1851452,1851452,1,91250.0,91249.93382916668,0.06617083332214195,0.1985124999664258,inv,0.0,-0.09131617083332094,0.09125,5.0,ifvg,0.001,-0.18256617083332094,274
2025-11,atr_05_15,1851452,1851452,1,91261.0,91261.19851249996,0.06617083332214195,0.1985124999664258,tp,0.0,-0.09106248750003718,0.091261,5.0,ifvg,0.001,-0.18232348750003718,275
2025-11,atr_05_15,1851442,1855028,-1,91268.0,91378.0,110.0,1320.0,sl,3689.0,-0.201268,0.091268,5.0,ifvg_clean,0.001,-0.292536,276
2025-11,atr_05_15,1855437,1855437,1,91522.2,91522.13382916668,0.06617083332214195,0.1985124999664258,sl,0.0,-0.09158837083332094,0.0915222,5.0,ifvg,0.001,-0.18311057083332094,277
2025-11,atr_05_15,1855437,1855437,1,91544.29999999999,91544.23382916667,0.06617083332214195,0.1985124999664258,sl,0.0,-0.09161047083332094,0.0915443,5.0,ifvg,0.001,-0.18315477083332093,278
2025-11,atr_05_15,1855437,1855437,1,91566.4,91566.33382916667,0.06617083332214195,0.1985124999664258,sl,0.0,-0.09163257083332095,0.0915664,5.0,ifvg,0.001,-0.18319897083332096,279
2025-11,atr_05_15,1855437,1855728,-1,91503.0,91566.9,220.99999999998545,2651.9999999998254,inv,291.0,-0.15540299999999418,0.091503,5.0,ifvg_clean,0.001,-0.24690599999999419,280
2025-11,atr_05_15,1828707,1893315,1,89975.4,94241.40000000034,355.5000000000291,4266.000000000349,tp,64815.0,4.176024600000349,0.0899754,5.0,ifvg_clean,0.001,4.086049200000349,281
2025-11,atr_05_15,1829202,1894262,1,90108.7,94308.7,350.0,4200.0,tp,65270.0,4.1098913,0.0901087,5.0,ifvg_clean,0.001,4.0197826,282
2025-11,atr_05_15,1920648,1920648,1,92337.0,92336.93382916668,0.06617083332214195,0.1985124999664258,inv,0.0,-0.09240317083332095,0.092337,5.0,ifvg,0.001,-0.18474017083332095,283
2025-11,atr_05_15,1920648,1920648,1,92360.0,92359.93382916668,0.06617083332214195,0.1985124999664258,sl,0.0,-0.09242617083332094,0.09236,5.0,ifvg,0.001,-0.18478617083332094,284
2025-11,atr_05_15,1920657,1920657,1,92314.0,92313.93382916668,0.06617083332214195,0.1985124999664258,inv,0.0,-0.09238017083332095,0.09231400000000001,5.0,ifvg,0.001,-0.18469417083332096,285
2025-11,atr_05_15,1920648,1920883,-1,92320.0,92550.0,230.0,2760.0,sl,235.0,-0.32232000000000005,0.09232000000000001,5.0,ifvg_clean,0.001,-0.41464000000000006,286
2025-11,atr_05_15,1921919,1921919,-1,92863.15,92863.21617083332,0.06617083332214195,0.1985124999664258,sl,0.0,-0.09292932083332094,0.09286314999999999,5.0,fvg,0.001,-0.18579247083332093,287
2025-11,atr_05_15,1921919,1921919,-1,92846.6,92846.66617083333,0.06617083332214195,0.1985124999664258,sl,0.0,-0.09291277083332096,0.09284660000000002,5.0,fvg,0.001,-0.18575937083332097,288
2025-11,atr_05_15,1921920,1921920,-1,92879.7,92879.50148750003,0.06617083332214195,0.1985124999664258,tp,0.0,-0.09268118750003718,0.0928797,5.0,fvg,0.001,-0.18556088750003719,289
2025-11,atr_05_15,1981970,1981970,1,91820.8,91820.73382916668,0.06617083332214195,0.1985124999664258,sl,0.0,-0.09188697083332095,0.09182080000000001,5.0,fvg,0.001,-0.18370777083332096,290
2025-11,atr_05_15,2014022,2014022,-1,92724.70000000001,92724.76617083333,0.06617083332214195,0.1985124999664258,sl,0.0,-0.09279087083332097,0.09272470000000002,5.0,ifvg,0.001,-0.185515570833321,291
2025-11,atr_05_15,2014022,2014022,-1,92707.8,92707.86617083332,0.06617083332214195,0.1985124999664258,sl,0.0,-0.09277397083332095,0.0927078,5.0,ifvg,0.001,-0.18548177083332096,292
2025-11,atr_05_15,2014025,2014025,-1,92741.6,92741.40148750004,0.06617083332214195,0.1985124999664258,tp,0.0,-0.09254308750003719,0.09274160000000001,5.0,ifvg,0.001,-0.18528468750003718,293
2025-11,atr_05_15,2014022,2014068,1,92736.1,92707.3,169.00000000001455,2028.0000000001746,inv,46.0,-0.12153610000000292,0.09273610000000002,5.0,ifvg_clean,0.001,-0.21427220000000294,294
2025-11,atr_05_15,2036533,2036533,-1,93499.9,93499.96617083332,0.06617083332214195,0.1985124999664258,sl,0.0,-0.09356607083332094,0.0934999,5.0,ifvg,0.001,-0.18706597083332094,295
2025-11,atr_05_15,2036533,2036533,-1,93488.79999999999,93488.86617083331,0.06617083332214195,0.1985124999664258,sl,0.0,-0.09355497083332093,0.09348879999999998,5.0,ifvg,0.001,-0.1870437708333209,296
2025-11,atr_05_15,2036533,2036533,-1,93477.7,93477.76617083332,0.06617083332214195,0.1985124999664258,sl,0.0,-0.09354387083332094,0.0934777,5.0,ifvg,0.001,-0.18702157083332094,297
2025-11,atr_05_15,2036533,2043567,1,93499.9,93477.2,110.99999999998545,1331.9999999998254,inv,7093.0,-0.11619989999999708,0.0934999,5.0,ifvg_clean,0.001,-0.20969979999999708,298
2025-11,atr_05_15,2053144,2053144,1,92991.7,92991.63382916668,0.06617083332214195,0.1985124999664258,inv,0.0,-0.09305787083332094,0.0929917,5.0,ifvg,0.001,-0.18604957083332094,299
2025-11,atr_05_15,2053144,2053144,1,93032.54999999999,93032.48382916667,0.06617083332214195,0.1985124999664258,sl,0.0,-0.09309872083332094,0.09303254999999999,5.0,ifvg,0.001,-0.18613127083332093,300
2025-11,atr_05_15,2053144,2053144,1,93073.4,93073.33382916667,0.06617083332214195,0.1985124999664258,sl,0.0,-0.09313957083332094,0.0930734,5.0,ifvg,0.001,-0.18621297083332095,301
2025-11,atr_05_15,2053144,2058589,-1,92988.2,93396.69999999998,408.49999999998545,4901.999999999825,sl,5578.0,-0.5014881999999854,0.0929882,5.0,ifvg_clean,0.001,-0.5944763999999854,302
2025-11,atr_05_15,2289560,2289560,1,93271.4,93271.33382916667,0.06617083332214195,0.1985124999664258,inv,0.0,-0.09333757083332095,0.0932714,5.0,ifvg,0.001,-0.18660897083332095,303
2025-11,atr_05_15,2289560,2289560,1,93283.5,93283.43382916668,0.06617083332214195,0.1985124999664258,sl,0.0,-0.09334967083332095,0.0932835,5.0,ifvg,0.001,-0.18663317083332095,304
2025-11,atr_05_15,2289598,2289598,1,93259.3,93259.23382916668,0.06617083332214195,0.1985124999664258,inv,0.0,-0.09332547083332096,0.09325930000000002,5.0,ifvg,0.001,-0.18658477083332098,305
2025-11,atr_05_15,2289560,2294059,-1,93260.5,93381.49999999999,120.99999999998545,1451.9999999998254,sl,4503.0,-0.21426049999998548,0.09326050000000001,5.0,ifvg_clean,0.001,-0.3075209999999855,306
2025-11,atr_05_15,2331748,2331748,-1,95377.2,95377.26617083332,0.06617083332214195,0.1985124999664258,sl,0.0,-0.09544337083332095,0.09537720000000001,5.0,fvg,0.001,-0.19082057083332096,307
2025-11,atr_05_15,2331921,2331921,-1,95428.4,95428.20148750003,0.06617083332214195,0.1985124999664258,tp,0.0,-0.09522988750003718,0.0954284,5.0,fvg,0.001,-0.19065828750003716,308
2025-11,atr_05_15,2339294,2339294,1,94015.9,94015.83382916667,0.06617083332214195,0.1985124999664258,inv,0.0,-0.09408207083332094,0.0940159,5.0,ifvg,0.001,-0.18809797083332094,309
2025-11,atr_05_15,2339294,2339294,1,94057.95,94057.88382916668,0.06617083332214195,0.1985124999664258,sl,0.0,-0.09412412083332095,0.09405795,5.0,ifvg,0.001,-0.18818207083332095,310
2025-11,atr_05_15,2339294,2339294,1,94100.0,94099.93382916668,0.06617083332214195,0.1985124999664258,sl,0.0,-0.09416617083332096,0.09410000000000002,5.0,ifvg,0.001,-0.18826617083332098,311
2025-11,atr_05_15,2339294,2353073,-1,94004.4,94424.90000000002,420.5000000000291,5046.000000000349,sl,13913.0,-0.5145044000000292,0.09400439999999999,5.0,ifvg_clean,0.001,-0.6085088000000292,312
2025-11,atr_05_15,2429707,2429707,1,95244.75,95244.68382916668,0.06617083332214195,0.1985124999664258,sl,0.0,-0.09531092083332095,0.09524475,5.0,ifvg,0.001,-0.19055567083332095,313
2025-11,atr_05_15,2429707,2429707,1,95275.5,95275.43382916668,0.06617083332214195,0.1985124999664258,sl,0.0,-0.09534167083332096,0.09527550000000001,5.0,ifvg,0.001,-0.19061717083332097,314
2025-11,atr_05_15,2429708,2429708,1,95214.0,95214.19851249996,0.06617083332214195,0.1985124999664258,tp,0.0,-0.09501548750003719,0.09521400000000001,5.0,ifvg,0.001,-0.1902294875000372,315
2025-11,atr_05_15,2429707,2429868,-1,95218.8,95276.0,307.5,3690.0,inv,161.0,-0.1524187999999971,0.0952188,5.0,ifvg_clean,0.001,-0.24763759999999713,316
2025-11,atr_05_15,2431265,2431265,1,94983.9,94984.09851249996,0.06617083332214195,0.1985124999664258,tp,0.0,-0.09478538750003718,0.0949839,5.0,fvg,0.001,-0.1897692875000372,317
2025-11,atr_05_15,2432775,2432775,1,95124.0,95123.93382916668,0.06617083332214195,0.1985124999664258,inv,0.0,-0.09519017083332094,0.095124,5.0,ifvg,0.001,-0.19031417083332094,318
2025-11,atr_05_15,2432775,2432775,1,95151.8,95151.73382916668,0.06617083332214195,0.1985124999664258,sl,0.0,-0.09521797083332095,0.09515180000000001,5.0,ifvg,0.001,-0.19036977083332096,319
2025-11,atr_05_15,2433092,2433092,1,95096.2,95096.13382916668,0.06617083332214195,0.1985124999664258,inv,0.0,-0.09516237083332094,0.09509619999999999,5.0,ifvg,0.001,-0.19025857083332093,320
2025-11,atr_05_15,2432775,2434092,-1,95111.5,95389.50000000003,278.0000000000291,3336.0000000003492,sl,1342.0,-0.37311150000002913,0.09511150000000002,5.0,ifvg_clean,0.001,-0.46822300000002914,321
2025-11,atr_05_15,2469316,2469316,1,94986.1,94986.03382916668,0.06617083332214195,0.1985124999664258,sl,0.0,-0.09505227083332095,0.0949861,5.0,ifvg,0.001,-0.19003837083332095,322
2025-11,atr_05_15,2469316,2469316,1,95010.9,95010.83382916667,0.06617083332214195,0.1985124999664258,sl,0.0,-0.09507707083332094,0.0950109,5.0,ifvg,0.001,-0.19008797083332094,323
2025-11,atr_05_15,2469316,2469316,1,95035.7,95035.63382916668,0.06617083332214195,0.1985124999664258,sl,0.0,-0.09510187083332095,0.0950357,5.0,ifvg,0.001,-0.19013757083332095,324
2025-11,atr_05_15,2469316,2472650,-1,94982.4,95036.2,247.99999999995634,2975.999999999476,inv,3447.0,-0.14878240000000292,0.0949824,5.0,ifvg_clean,0.001,-0.24376480000000292,325
2025-11,atr_05_15,2498952,2498952,-1,94679.9,94679.96617083332,0.06617083332214195,0.1985124999664258,sl,0.0,-0.09474607083332094,0.0946799,5.0,fvg,0.001,-0.18942597083332094,326
2025-11,atr_05_15,2500615,2500615,1,94480.54999999999,94480.48382916667,0.06617083332214195,0.1985124999664258,inv,0.0,-0.09454672083332094,0.09448055,5.0,ifvg,0.001,-0.18902727083332094,327
2025-11,atr_05_15,2500615,2500615,1,94493.2,94493.13382916668,0.06617083332214195,0.1985124999664258,sl,0.0,-0.09455937083332094,0.0944932,5.0,ifvg,0.001,-0.18905257083332094,328
2025-11,atr_05_15,2500693,2500693,1,94467.9,94467.83382916667,0.06617083332214195,0.1985124999664258,inv,0.0,-0.09453407083332095,0.09446790000000001,5.0,ifvg,0.001,-0.18900197083332096,329
2025-11,atr_05_15,2500615,2502133,-1,94476.6,94603.10000000002,126.50000000001455,1518.0000000001746,sl,1520.0,-0.22097660000001457,0.09447660000000001,5.0,ifvg_clean,0.001,-0.3154532000000146,330
2025-11,atr_05_15,2508922,2508922,1,93880.0,93879.93382916668,0.06617083332214195,0.1985124999664258,sl,0.0,-0.09394617083332094,0.09387999999999999,5.0,ifvg,0.001,-0.18782617083332093,331
2025-11,atr_05_15,2508922,2508922,1,93900.0,93899.93382916668,0.06617083332214195,0.1985124999664258,sl,0.0,-0.09396617083332096,0.09390000000000001,5.0,ifvg,0.001,-0.18786617083332097,332
2025-11,atr_05_15,2508931,2508931,1,93860.0,93860.19851249996,0.06617083332214195,0.1985124999664258,tp,0.0,-0.09366148750003718,0.09386,5.0,ifvg,0.001,-0.18752148750003717,333
2025-11,atr_05_15,2508922,2509685,-1,93870.5,93900.5,200.0,2400.0,inv,767.0,-0.12387050000000001,0.09387050000000001,5.0,ifvg_clean,0.001,-0.21774100000000002,334
2025-11,atr_05_15,2512979,2512979,-1,93641.3,93641.36617083332,0.06617083332214195,0.1985124999664258,sl,0.0,-0.09370747083332094,0.0936413,5.0,ifvg,0.001,-0.18734877083332094,335
2025-11,atr_05_15,2512979,2512979,-1,93630.0,93630.06617083332,0.06617083332214195,0.1985124999664258,sl,0.0,-0.09369617083332094,0.09362999999999999,5.0,ifvg,0.001,-0.18732617083332093,336
2025-11,atr_05_15,2512980,2512980,-1,93652.6,93652.40148750004,0.06617083332214195,0.1985124999664258,tp,0.0,-0.09345408750003718,0.0936526,5.0,ifvg,0.001,-0.18710668750003717,337
2025-11,atr_05_15,2512979,2513017,1,93645.2,93629.5,113.0000000000291,1356.0000000003492,inv,38.0,-0.10934519999999709,0.0936452,5.0,ifvg_clean,0.001,-0.20299039999999707,338
2025-11,atr_10_30,579342,579342,-1,78102.0,78102.13234166664,0.1323416666442839,0.3970249999328516,sl,0.0,-0.07823434166664188,0.078102,5.0,ifvg,0.001,-0.1563363416666419,0
2025-11,atr_10_30,579342,579342,-1,78053.15,78053.28234166664,0.1323416666442839,0.3970249999328516,sl,0.0,-0.07818549166664188,0.07805315,5.0,ifvg,0.001,-0.15623864166664186,1
2025-11,atr_10_30,579342,579342,-1,78004.3,78004.43234166664,0.1323416666442839,0.3970249999328516,sl,0.0,-0.07813664166664187,0.0780043,5.0,ifvg,0.001,-0.15614094166664189,2
2025-11,atr_10_30,650755,650755,-1,78415.9,78416.03234166664,0.1323416666442839,0.3970249999328516,sl,0.0,-0.07854824166664187,0.0784159,5.0,fvg,0.001,-0.15696414166664185,3
2025-11,atr_10_30,650829,650829,-1,78466.1,78465.70297500008,0.1323416666442839,0.3970249999328516,tp,0.0,-0.07806907500007437,0.07846610000000001,5.0,fvg,0.001,-0.15653517500007438,4
2025-11,atr_10_30,579342,652077,1,78116.4,78003.8,488.49999999998545,5861.999999999825,inv,73024.0,-0.1907163999999913,0.0781164,5.0,ifvg_clean,0.001,-0.2688327999999913,5
2025-11,atr_10_30,652858,652858,-1,78157.4,78157.53234166664,0.1323416666442839,0.3970249999328516,sl,0.0,-0.07828974166664188,0.0781574,5.0,fvg,0.001,-0.15644714166664186,6
2025-11,atr_10_30,685131,685131,1,74778.9,74778.76765833335,0.1323416666442839,0.3970249999328516,inv,0.0,-0.07491124166664187,0.0747789,5.0,ifvg,0.001,-0.14969014166664185,7
2025-11,atr_10_30,685131,685131,1,74806.4,74806.26765833335,0.1323416666442839,0.3970249999328516,sl,0.0,-0.07493874166664187,0.0748064,5.0,ifvg,0.001,-0.14974514166664188,8
2025-11,atr_10_30,685148,685148,1,74751.4,74751.26765833335,0.1323416666442839,0.3970249999328516,inv,0.0,-0.07488374166664187,0.0747514,5.0,ifvg,0.001,-0.14963514166664188,9
2025-11,atr_10_30,685131,685215,-1,74785.0,75060.0,275.0,3300.0,sl,84.0,-0.349785,0.074785,5.0,ifvg_clean,0.001,-0.42457,10
2025-11,atr_10_30,694026,694026,1,74964.65,74965.04702499992,0.1323416666442839,0.3970249999328516,tp,0.0,-0.07456762500007436,0.07496465,5.0,fvg,0.001,-0.14953227500007435,11
2025-11,atr_10_30,694026,694026,1,74985.2,74985.59702499992,0.1323416666442839,0.3970249999328516,tp,0.0,-0.07458817500007435,0.07498519999999999,5.0,fvg,0.001,-0.14957337500007434,12
2025-11,atr_10_30,694536,694536,1,75343.2,75343.59702499992,0.1323416666442839,0.3970249999328516,tp,0.0,-0.07494617500007436,0.0753432,5.0,fvg,0.001,-0.15028937500007436,13
2025-11,atr_10_30,722476,722476,1,76144.15,76144.01765833335,0.1323416666442839,0.3970249999328516,inv,0.0,-0.07627649166664187,0.07614415,5.0,ifvg,0.001,-0.15242064166664188,14
2025-11,atr_10_30,722476,722476,1,76180.0,76179.86765833336,0.1323416666442839,0.3970249999328516,sl,0.0,-0.07631234166664189,0.07618000000000001,5.0,ifvg,0.001,-0.15249234166664188,15
2025-11,atr_10_30,722482,722482,1,76108.3,76108.16765833336,0.1323416666442839,0.3970249999328516,inv,0.0,-0.07624064166664188,0.0761083,5.0,ifvg,0.001,-0.15234894166664187,16
2025-11,atr_10_30,722476,723640,-1,76115.3,76473.79999999999,358.49999999998545,4301.999999999825,sl,1164.0,-0.43461529999998544,0.07611530000000001,5.0,ifvg_clean,0.001,-0.5107305999999855,17
2025-11,atr_10_30,725360,725360,-1,76369.05,76369.18234166664,0.1323416666442839,0.3970249999328516,sl,0.0,-0.07650139166664188,0.07636905000000001,5.0,ifvg,0.001,-0.15287044166664188,18
2025-11,atr_10_30,725360,725360,-1,76345.6,76345.73234166665,0.1323416666442839,0.3970249999328516,sl,0.0,-0.07647794166664187,0.0763456,5.0,ifvg,0.001,-0.15282354166664186,19
2025-11,atr_10_30,725366,725366,-1,76392.5,76392.10297500007,0.1323416666442839,0.3970249999328516,tp,0.0,-0.07599547500007436,0.0763925,5.0,ifvg,0.001,-0.15238797500007437,20
2025-11,atr_10_30,725919,725919,1,76754.7,76754.56765833336,0.1323416666442839,0.3970249999328516,sl,0.0,-0.07688704166664187,0.0767547,5.0,fvg,0.001,-0.15364174166664185,21
2025-11,atr_10_30,726477,726477,1,76889.2,76889.06765833336,0.1323416666442839,0.3970249999328516,sl,0.0,-0.07702154166664188,0.0768892,5.0,ifvg,0.001,-0.15391074166664187,22
2025-11,atr_10_30,726477,726477,-1,76876.0,76889.7,188.49999999998545,2261.9999999998254,inv,0.0,-0.09057599999999709,0.076876,5.0,ifvg_clean,0.001,-0.1674519999999971,23
2025-11,atr_10_30,726483,726483,1,76870.35,76870.74702499993,0.1323416666442839,0.3970249999328516,tp,0.0,-0.07647332500007437,0.07687035,5.0,ifvg,0.001,-0.15334367500007437,24
2025-11,atr_10_30,726533,726533,1,76851.5,76851.89702499993,0.1323416666442839,0.3970249999328516,tp,0.0,-0.07645447500007437,0.0768515,5.0,ifvg,0.001,-0.15330597500007437,25
2025-11,atr_10_30,729466,729466,1,77380.25,77380.11765833336,0.1323416666442839,0.3970249999328516,sl,0.0,-0.07751259166664189,0.07738025000000001,5.0,ifvg,0.001,-0.1548928416666419,26
2025-11,atr_10_30,729466,729466,1,77420.5,77420.36765833336,0.1323416666442839,0.3970249999328516,sl,0.0,-0.07755284166664188,0.0774205,5.0,ifvg,0.001,-0.1549733416666419,27
2025-11,atr_10_30,729467,729467,1,77340.0,77339.86765833336,0.1323416666442839,0.3970249999328516,sl,0.0,-0.07747234166664188,0.07734,5.0,ifvg,0.001,-0.15481234166664187,28
2025-11,atr_10_30,729466,729471,-1,77348.8,77421.0,402.5,4830.0,inv,5.0,-0.1495487999999971,0.07734880000000001,5.0,ifvg_clean,0.001,-0.2268975999999971,29
2025-11,atr_10_30,732178,732178,1,77848.8,77848.66765833336,0.1323416666442839,0.3970249999328516,sl,0.0,-0.07798114166664188,0.07784880000000001,5.0,ifvg,0.001,-0.15582994166664188,30
2025-11,atr_10_30,732178,732178,1,77861.4,77861.26765833335,0.1323416666442839,0.3970249999328516,sl,0.0,-0.07799374166664187,0.0778614,5.0,ifvg,0.001,-0.15585514166664188,31
2025-11,atr_10_30,732178,732178,1,77874.0,77873.86765833336,0.1323416666442839,0.3970249999328516,sl,0.0,-0.07800634166664187,0.077874,5.0,ifvg,0.001,-0.1558803416666419,32
2025-11,atr_10_30,733840,733840,1,76955.85,76955.71765833336,0.1323416666442839,0.3970249999328516,inv,0.0,-0.0770881916666419,0.07695585000000002,5.0,ifvg,0.001,-0.15404404166664193,33
2025-11,atr_10_30,733840,733840,1,76971.5,76971.36765833336,0.1323416666442839,0.3970249999328516,sl,0.0,-0.07710384166664189,0.07697150000000001,5.0,ifvg,0.001,-0.15407534166664189,34
2025-11,atr_10_30,733840,733870,-1,76946.1,77102.60000000002,156.50000000001455,1878.0000000001746,sl,30.0,-0.23344610000001453,0.0769461,5.0,ifvg_clean,0.001,-0.31039220000001455,35
2025-11,atr_10_30,735506,735506,-1,77473.0,77473.13234166664,0.1323416666442839,0.3970249999328516,sl,0.0,-0.07760534166664187,0.077473,5.0,ifvg,0.001,-0.15507834166664186,36
2025-11,atr_10_30,735506,735506,-1,77426.0,77426.13234166664,0.1323416666442839,0.3970249999328516,sl,0.0,-0.07755834166664188,0.07742600000000001,5.0,ifvg,0.001,-0.15498434166664188,37
2025-11,atr_10_30,735511,735511,-1,77520.0,77519.60297500007,0.1323416666442839,0.3970249999328516,tp,0.0,-0.07712297500007435,0.07751999999999999,5.0,ifvg,0.001,-0.15464297500007435,38
2025-11,atr_10_30,735506,735542,1,77517.3,77425.5,470.0,5640.0,inv,36.0,-0.16931730000000292,0.07751730000000001,5.0,ifvg_clean,0.001,-0.24683460000000293,39
2025-11,atr_10_30,737180,737180,-1,77153.2,77153.33234166664,0.1323416666442839,0.3970249999328516,sl,0.0,-0.07728554166664188,0.0771532,5.0,ifvg,0.001,-0.1544387416666419,40
2025-11,atr_10_30,737180,737180,-1,77130.4,77130.53234166664,0.1323416666442839,0.3970249999328516,sl,0.0,-0.07726274166664188,0.0771304,5.0,ifvg,0.001,-0.15439314166664186,41
2025-11,atr_10_30,737201,737201,-1,77176.0,77175.60297500007,0.1323416666442839,0.3970249999328516,tp,0.0,-0.07677897500007437,0.07717600000000001,5.0,ifvg,0.001,-0.15395497500007438,42
2025-11,atr_10_30,737180,737306,1,77168.0,77129.9,228.0000000000291,2736.0000000003492,inv,129.0,-0.11526800000000584,0.07716800000000001,5.0,ifvg_clean,0.001,-0.19243600000000585,43
2025-11,atr_10_30,738141,738141,-1,77720.1,77720.23234166665,0.1323416666442839,0.3970249999328516,inv,0.0,-0.07785244166664188,0.0777201,5.0,ifvg,0.001,-0.15557254166664186,44
2025-11,atr_10_30,738141,738141,-1,77692.1,77692.23234166665,0.1323416666442839,0.3970249999328516,sl,0.0,-0.07782444166664189,0.07769210000000001,5.0,ifvg,0.001,-0.15551654166664192,45
2025-11,atr_10_30,738141,738141,-1,77664.1,77664.23234166665,0.1323416666442839,0.3970249999328516,sl,0.0,-0.07779644166664187,0.0776641,5.0,ifvg,0.001,-0.15546054166664186,46
2025-11,atr_10_30,738817,738817,-1,77566.1,77566.23234166665,0.1323416666442839,0.3970249999328516,inv,0.0,-0.07769844166664189,0.07756610000000001,5.0,ifvg,0.001,-0.1552645416666419,47
2025-11,atr_10_30,738817,738817,-1,77536.2,77536.33234166664,0.1323416666442839,0.3970249999328516,sl,0.0,-0.07766854166664187,0.0775362,5.0,ifvg,0.001,-0.1552047416666419,48
2025-11,atr_10_30,738822,738822,-1,77596.0,77596.13234166664,0.1323416666442839,0.3970249999328516,inv,0.0,-0.07772834166664189,0.07759600000000001,5.0,ifvg,0.001,-0.15532434166664189,49
2025-11,atr_10_30,732178,739636,-1,77844.1,77874.5,125.99999999998545,1511.9999999998254,inv,7462.0,-0.1082440999999942,0.07784410000000001,5.0,ifvg_clean,0.001,-0.1860881999999942,50
2025-11,atr_10_30,741966,741966,1,77960.0,77959.86765833336,0.1323416666442839,0.3970249999328516,sl,0.0,-0.07809234166664189,0.07796000000000002,5.0,ifvg,0.001,-0.1560523416666419,51
2025-11,atr_10_30,741966,741966,1,77981.6,77981.46765833336,0.1323416666442839,0.3970249999328516,sl,0.0,-0.07811394166664189,0.07798160000000001,5.0,ifvg,0.001,-0.1560955416666419,52
2025-11,atr_10_30,741966,741966,1,78003.2,78003.06765833336,0.1323416666442839,0.3970249999328516,sl,0.0,-0.07813554166664187,0.0780032,5.0,ifvg,0.001,-0.15613874166664188,53
2025-11,atr_10_30,741966,741994,-1,77883.3,78003.7,215.99999999998545,2591.9999999998254,inv,28.0,-0.19828329999999417,0.0778833,5.0,ifvg_clean,0.001,-0.27616659999999416,54
2025-11,atr_10_30,742004,742004,-1,78321.6,78321.73234166665,0.1323416666442839,0.3970249999328516,inv,0.0,-0.07845394166664188,0.0783216,5.0,ifvg,0.001,-0.15677554166664187,55
2025-11,atr_10_30,742004,742004,-1,78299.25,78298.85297500007,0.1323416666442839,0.3970249999328516,tp,0.0,-0.07790222500007436,0.07829925,5.0,ifvg,0.001,-0.15620147500007436,56
2025-11,atr_10_30,742004,742004,-1,78276.9,78277.03234166664,0.1323416666442839,0.3970249999328516,sl,0.0,-0.07840924166664187,0.0782769,5.0,ifvg,0.001,-0.15668614166664185,57
2025-11,atr_10_30,742005,742005,1,78521.4,78521.79702499992,0.1323416666442839,0.3970249999328516,tp,0.0,-0.07812437500007437,0.0785214,5.0,ifvg,0.001,-0.15664577500007437,58
2025-11,atr_10_30,742005,742005,1,78547.4,78547.26765833335,0.1323416666442839,0.3970249999328516,sl,0.0,-0.07867974166664188,0.0785474,5.0,ifvg,0.001,-0.15722714166664187,59
2025-11,atr_10_30,742005,742005,1,78573.4,78573.26765833335,0.1323416666442839,0.3970249999328516,sl,0.0,-0.07870574166664186,0.07857339999999999,5.0,ifvg,0.001,-0.15727914166664186,60
2025-11,atr_10_30,742005,742011,-1,78526.7,78573.9,260.0,3120.0,inv,6.0,-0.12572669999999708,0.0785267,5.0,ifvg_clean,0.001,-0.2042533999999971,61
2025-11,atr_10_30,725360,742100,1,76392.0,79205.99999999965,234.4999999999709,2813.9999999996508,tp,16745.0,2.737607999999651,0.076392,5.0,ifvg_clean,0.001,2.6612159999996514,62
2025-11,atr_10_30,742004,742362,1,78295.3,80977.3000000007,223.5000000000582,2682.0000000006985,tp,358.0,2.6037047000006983,0.0782953,5.0,ifvg_clean,0.001,2.525409400000698,63
2025-11,atr_10_30,738141,742466,1,77720.1,81080.1,280.0,3360.0,tp,4327.0,3.2822799,0.0777201,5.0,ifvg_clean,0.001,3.2045597999999997,64
2025-11,atr_10_30,738817,742472,1,77579.1,81167.10000000018,299.00000000001455,3588.0000000001746,tp,3657.0,3.5104209000001747,0.07757910000000001,5.0,ifvg_clean,0.001,3.432841800000175,65
2025-11,atr_10_30,746114,746114,-1,82677.5,82677.63234166664,0.1323416666442839,0.3970249999328516,inv,0.0,-0.08280984166664188,0.0826775,5.0,ifvg,0.001,-0.16548734166664186,66
2025-11,atr_10_30,746114,746114,-1,82658.4,82658.53234166664,0.1323416666442839,0.3970249999328516,sl,0.0,-0.08279074166664188,0.0826584,5.0,ifvg,0.001,-0.16544914166664187,67
2025-11,atr_10_30,746114,746114,-1,82639.3,82639.43234166664,0.1323416666442839,0.3970249999328516,sl,0.0,-0.08277164166664189,0.08263930000000001,5.0,ifvg,0.001,-0.1654109416666419,68
2025-11,atr_10_30,746114,746190,1,82677.8,82486.80000000002,190.99999999998545,2291.9999999998254,sl,76.0,-0.2736777999999855,0.08267780000000001,5.0,ifvg_clean,0.001,-0.3563555999999855,69
2025-11,atr_10_30,751131,751131,1,82364.75,82364.61765833336,0.1323416666442839,0.3970249999328516,inv,0.0,-0.08249709166664188,0.08236475,5.0,ifvg,0.001,-0.16486184166664186,70
2025-11,atr_10_30,751131,751131,1,82376.9,82376.76765833335,0.1323416666442839,0.3970249999328516,sl,0.0,-0.08250924166664186,0.08237689999999999,5.0,ifvg,0.001,-0.16488614166664184,71
2025-11,atr_10_30,751159,751159,1,82352.6,82352.46765833336,0.1323416666442839,0.3970249999328516,inv,0.0,-0.08248494166664189,0.08235260000000001,5.0,ifvg,0.001,-0.16483754166664188,72
2025-11,atr_10_30,751131,751652,-1,82357.3,82478.79999999994,121.49999999994179,1457.9999999993015,sl,521.0,-0.2038572999999418,0.08235730000000001,5.0,ifvg_clean,0.001,-0.2862145999999418,73
2025-11,atr_10_30,755703,755703,-1,83035.7,83035.83234166664,0.1323416666442839,0.3970249999328516,inv,0.0,-0.08316804166664188,0.0830357,5.0,ifvg,0.001,-0.16620374166664187,74
2025-11,atr_10_30,755703,755703,-1,82980.0,82980.13234166664,0.1323416666442839,0.3970249999328516,sl,0.0,-0.08311234166664189,0.08298000000000001,5.0,ifvg,0.001,-0.16609234166664189,75
2025-11,atr_10_30,755712,755712,-1,83091.4,83091.53234166664,0.1323416666442839,0.3970249999328516,inv,0.0,-0.08322374166664187,0.0830914,5.0,ifvg,0.001,-0.16631514166664185,76
2025-11,atr_10_30,757425,757425,-1,82958.0,82957.60297500007,0.1323416666442839,0.3970249999328516,tp,0.0,-0.08256097500007437,0.082958,5.0,ifvg,0.001,-0.16551897500007437,77
2025-11,atr_10_30,757425,757425,-1,82943.75,82943.88234166664,0.1323416666442839,0.3970249999328516,sl,0.0,-0.08307609166664189,0.08294375000000001,5.0,ifvg,0.001,-0.1660198416666419,78
2025-11,atr_10_30,757425,757425,-1,82929.5,82929.63234166664,0.1323416666442839,0.3970249999328516,sl,0.0,-0.08306184166664188,0.0829295,5.0,ifvg,0.001,-0.16599134166664187,79
2025-11,atr_10_30,757425,757451,1,82957.3,82929.0,142.5,1710.0,inv,26.0,-0.11125730000000292,0.08295730000000001,5.0,ifvg_clean,0.001,-0.19421460000000293,80
2025-11,atr_10_30,755703,765887,1,83085.3,82528.30000000003,556.9999999999709,6683.999999999651,sl,10192.0,-0.640085299999971,0.0830853,5.0,ifvg_clean,0.001,-0.723170599999971,81
2025-11,atr_10_30,814568,814568,1,81519.55,81519.41765833336,0.1323416666442839,0.3970249999328516,inv,0.0,-0.08165189166664188,0.08151955000000001,5.0,ifvg,0.001,-0.16317144166664188,82
2025-11,atr_10_30,814568,814568,1,81534.0,81533.86765833336,0.1323416666442839,0.3970249999328516,sl,0.0,-0.08166634166664188,0.08153400000000001,5.0,ifvg,0.001,-0.16320034166664188,83
2025-11,atr_10_30,814580,814580,1,81505.1,81504.96765833336,0.1323416666442839,0.3970249999328516,inv,0.0,-0.08163744166664189,0.08150510000000001,5.0,ifvg,0.001,-0.16314254166664188,84
2025-11,atr_10_30,814568,814733,-1,81509.2,81653.69999999997,144.4999999999709,1733.9999999996508,sl,165.0,-0.22600919999997088,0.08150919999999999,5.0,ifvg_clean,0.001,-0.3075183999999709,85
2025-11,atr_10_30,827743,827743,-1,78693.6,78693.73234166665,0.1323416666442839,0.3970249999328516,sl,0.0,-0.07882594166664188,0.0786936,5.0,ifvg,0.001,-0.1575195416666419,86
2025-11,atr_10_30,827743,827743,-1,78633.9,78634.03234166664,0.1323416666442839,0.3970249999328516,sl,0.0,-0.07876624166664187,0.07863389999999999,5.0,ifvg,0.001,-0.15740014166664185,87
2025-11,atr_10_30,827757,827757,-1,78753.3,78752.90297500008,0.1323416666442839,0.3970249999328516,tp,0.0,-0.07835627500007437,0.07875330000000001,5.0,ifvg,0.001,-0.1571095750000744,88
2025-11,atr_10_30,827743,827991,1,78751.0,78633.4,597.0000000000437,7164.000000000524,inv,248.0,-0.19635100000000583,0.078751,5.0,ifvg_clean,0.001,-0.27510200000000584,89
2025-11,atr_10_30,829552,829552,-1,79160.0,79160.13234166664,0.1323416666442839,0.3970249999328516,sl,0.0,-0.07929234166664187,0.07916,5.0,ifvg,0.001,-0.15845234166664185,90
2025-11,atr_10_30,829552,829552,-1,79149.95,79150.08234166664,0.1323416666442839,0.3970249999328516,sl,0.0,-0.07928229166664189,0.07914995000000001,5.0,ifvg,0.001,-0.15843224166664188,91
2025-11,atr_10_30,829552,829552,-1,79139.9,79140.03234166664,0.1323416666442839,0.3970249999328516,sl,0.0,-0.07927224166664187,0.0791399,5.0,ifvg,0.001,-0.15841214166664186,92
2025-11,atr_10_30,829552,829576,1,79173.2,79139.4,100.5000000000291,1206.0000000003492,inv,24.0,-0.11297320000000291,0.0791732,5.0,ifvg_clean,0.001,-0.1921464000000029,93
2025-11,atr_10_30,831600,831600,-1,79241.3,79241.43234166664,0.1323416666442839,0.3970249999328516,inv,0.0,-0.07937364166664189,0.07924130000000001,5.0,ifvg,0.001,-0.15861494166664192,94
2025-11,atr_10_30,831600,831600,-1,79214.95000000001,79215.08234166665,0.1323416666442839,0.3970249999328516,sl,0.0,-0.0793472916666419,0.07921495000000002,5.0,ifvg,0.001,-0.1585622416666419,95
2025-11,atr_10_30,831600,831600,-1,79188.6,79188.73234166665,0.1323416666442839,0.3970249999328516,sl,0.0,-0.07932094166664189,0.07918860000000001,5.0,ifvg,0.001,-0.15850954166664188,96
2025-11,atr_10_30,831687,831687,1,79280.0,79279.86765833336,0.1323416666442839,0.3970249999328516,sl,0.0,-0.07941234166664188,0.07928,5.0,ifvg,0.001,-0.15869234166664187,97
2025-11,atr_10_30,831687,831687,1,79300.0,79299.86765833336,0.1323416666442839,0.3970249999328516,sl,0.0,-0.07943234166664187,0.0793,5.0,ifvg,0.001,-0.15873234166664185,98
2025-11,atr_10_30,831689,831689,1,79260.0,79260.39702499993,0.1323416666442839,0.3970249999328516,tp,0.0,-0.07886297500007437,0.07926000000000001,5.0,ifvg,0.001,-0.15812297500007438,99
2025-11,atr_10_30,831687,831693,-1,79266.6,79300.5,200.0,2400.0,inv,6.0,-0.11316659999999418,0.0792666,5.0,ifvg_clean,0.001,-0.1924331999999942,100
2025-11,atr_10_30,853164,853164,-1,79596.0,79595.60297500007,0.1323416666442839,0.3970249999328516,tp,0.0,-0.07919897500007436,0.079596,5.0,fvg,0.001,-0.15879497500007436,101
2025-11,atr_10_30,853164,853164,-1,79563.3,79563.43234166664,0.1323416666442839,0.3970249999328516,sl,0.0,-0.07969564166664188,0.0795633,5.0,fvg,0.001,-0.1592589416666419,102
2025-11,atr_10_30,854638,854638,-1,79416.55,79416.15297500008,0.1323416666442839,0.3970249999328516,tp,0.0,-0.07901952500007436,0.07941655,5.0,ifvg,0.001,-0.15843607500007437,103
2025-11,atr_10_30,854638,854638,-1,79406.0,79406.13234166664,0.1323416666442839,0.3970249999328516,sl,0.0,-0.07953834166664188,0.079406,5.0,ifvg,0.001,-0.1589443416666419,104
2025-11,atr_10_30,854638,854645,1,79415.7,79405.5,105.5000000000291,1266.0000000003492,inv,7.0,-0.08961569999999709,0.0794157,5.0,ifvg_clean,0.001,-0.1690313999999971,105
2025-11,atr_10_30,854654,854654,-1,79427.1,79426.70297500008,0.1323416666442839,0.3970249999328516,tp,0.0,-0.07903007500007438,0.07942710000000001,5.0,ifvg,0.001,-0.1584571750000744,106
2025-11,atr_10_30,831600,855415,1,79236.5,78973.00000000001,263.49999999998545,3161.9999999998254,sl,24228.0,-0.34273649999998546,0.0792365,5.0,ifvg_clean,0.001,-0.42197299999998544,107
2025-11,atr_10_30,856804,856804,-1,79525.6,79525.73234166665,0.1323416666442839,0.3970249999328516,sl,0.0,-0.07965794166664189,0.07952560000000002,5.0,fvg,0.001,-0.1591835416666419,108
2025-11,atr_10_30,857270,857270,-1,79537.75,79537.35297500007,0.1323416666442839,0.3970249999328516,tp,0.0,-0.07914072500007437,0.07953775,5.0,fvg,0.001,-0.15867847500007437,109
2025-11,atr_10_30,857274,857274,-1,79549.9,79549.50297500007,0.1323416666442839,0.3970249999328516,tp,0.0,-0.07915287500007435,0.07954989999999999,5.0,fvg,0.001,-0.15870277500007435,110
2025-11,atr_10_30,857358,857358,-1,79628.7,79628.30297500007,0.1323416666442839,0.3970249999328516,tp,0.0,-0.07923167500007436,0.0796287,5.0,fvg,0.001,-0.15886037500007436,111
2025-11,atr_10_30,862409,862409,1,80287.5,80287.36765833336,0.1323416666442839,0.3970249999328516,sl,0.0,-0.08041984166664189,0.08028750000000001,5.0,ifvg,0.001,-0.1607073416666419,112
2025-11,atr_10_30,862409,862409,1,80313.05,80312.91765833336,0.1323416666442839,0.3970249999328516,sl,0.0,-0.08044539166664189,0.08031305000000001,5.0,ifvg,0.001,-0.16075844166664188,113
2025-11,atr_10_30,862409,862409,1,80338.6,80338.46765833336,0.1323416666442839,0.3970249999328516,sl,0.0,-0.08047094166664188,0.08033860000000001,5.0,ifvg,0.001,-0.1608095416666419,114
2025-11,atr_10_30,862409,862774,-1,80280.1,80339.1,255.5000000000291,3066.0000000003492,inv,365.0,-0.13928010000000002,0.08028010000000001,5.0,ifvg_clean,0.001,-0.21956020000000004,115
2025-11,atr_10_30,863815,863815,-1,80609.2,80609.33234166664,0.1323416666442839,0.3970249999328516,inv,0.0,-0.08074154166664188,0.0806092,5.0,ifvg,0.001,-0.16135074166664187,116
2025-11,atr_10_30,863815,863815,-1,80587.4,80587.53234166664,0.1323416666442839,0.3970249999328516,sl,0.0,-0.08071974166664188,0.0805874,5.0,ifvg,0.001,-0.1613071416666419,117
2025-11,atr_10_30,864055,864055,-1,80631.0,80631.13234166664,0.1323416666442839,0.3970249999328516,inv,0.0,-0.08076334166664188,0.08063100000000001,5.0,ifvg,0.001,-0.1613943416666419,118
2025-11,atr_10_30,870988,870988,-1,80535.0,80535.13234166664,0.1323416666442839,0.3970249999328516,sl,0.0,-0.08066734166664187,0.080535,5.0,ifvg,0.001,-0.16120234166664188,119
2025-11,atr_10_30,870988,870988,-1,80521.9,80522.03234166664,0.1323416666442839,0.3970249999328516,sl,0.0,-0.08065424166664188,0.08052190000000001,5.0,ifvg,0.001,-0.1611761416666419,120
2025-11,atr_10_30,871004,871004,-1,80548.1,80547.70297500008,0.1323416666442839,0.3970249999328516,tp,0.0,-0.08015107500007437,0.08054810000000001,5.0,ifvg,0.001,-0.16069917500007438,121
2025-11,atr_10_30,880686,880686,1,80788.9,80788.76765833335,0.1323416666442839,0.3970249999328516,sl,0.0,-0.08092124166664187,0.0807889,5.0,ifvg,0.001,-0.16171014166664188,122
2025-11,atr_10_30,880686,880686,1,80807.8,80807.66765833336,0.1323416666442839,0.3970249999328516,sl,0.0,-0.08094014166664187,0.0808078,5.0,ifvg,0.001,-0.16174794166664186,123
2025-11,atr_10_30,880686,880687,-1,80779.6,80808.3,189.00000000001455,2268.0000000001746,inv,1.0,-0.1094795999999971,0.08077960000000001,5.0,ifvg_clean,0.001,-0.1902591999999971,124
2025-11,atr_10_30,880695,880695,1,80770.0,80770.39702499993,0.1323416666442839,0.3970249999328516,tp,0.0,-0.08037297500007436,0.08077,5.0,ifvg,0.001,-0.16114297500007435,125
2025-11,atr_10_30,880711,880711,-1,80890.0,80890.13234166664,0.1323416666442839,0.3970249999328516,inv,0.0,-0.08102234166664188,0.08089,5.0,ifvg,0.001,-0.16191234166664187,126
2025-11,atr_10_30,880711,880711,-1,80864.2,80864.33234166664,0.1323416666442839,0.3970249999328516,sl,0.0,-0.08099654166664187,0.0808642,5.0,ifvg,0.001,-0.16186074166664188,127
2025-11,atr_10_30,880711,880711,-1,80838.4,80838.53234166664,0.1323416666442839,0.3970249999328516,sl,0.0,-0.08097074166664187,0.08083839999999999,5.0,ifvg,0.001,-0.16180914166664184,128
2025-11,atr_10_30,881134,881134,1,81492.9,81492.76765833335,0.1323416666442839,0.3970249999328516,sl,0.0,-0.08162524166664187,0.0814929,5.0,fvg,0.001,-0.16311814166664185,129
2025-11,atr_10_30,881679,881679,1,81292.45,81292.84702499992,0.1323416666442839,0.3970249999328516,tp,0.0,-0.08089542500007436,0.08129245,5.0,fvg,0.001,-0.16218787500007437,130
2025-11,atr_10_30,883583,883583,-1,81580.2,81580.33234166664,0.1323416666442839,0.3970249999328516,sl,0.0,-0.08171254166664188,0.0815802,5.0,fvg,0.001,-0.16329274166664187,131
2025-11,atr_10_30,883600,883600,-1,81606.65,81606.25297500007,0.1323416666442839,0.3970249999328516,tp,0.0,-0.08120962500007436,0.08160665,5.0,fvg,0.001,-0.16281627500007437,132
2025-11,atr_10_30,885286,885286,-1,81633.1,81632.70297500008,0.1323416666442839,0.3970249999328516,tp,0.0,-0.08123607500007438,0.08163310000000001,5.0,fvg,0.001,-0.1628691750000744,133
2025-11,atr_10_30,870988,885833,1,80543.8,82115.8000000007,131.0000000000582,1572.0000000006985,tp,14892.0,1.4914562000006986,0.08054380000000001,5.0,ifvg_clean,0.001,1.4109124000006985,134
2025-11,atr_10_30,889177,889177,-1,82689.5,82689.63234166664,0.1323416666442839,0.3970249999328516,inv,0.0,-0.08282184166664187,0.0826895,5.0,ifvg,0.001,-0.1655113416666419,135
2025-11,atr_10_30,889177,889177,-1,82679.0,82679.13234166664,0.1323416666442839,0.3970249999328516,sl,0.0,-0.08281134166664188,0.082679,5.0,ifvg,0.001,-0.1654903416666419,136
2025-11,atr_10_30,889305,889305,-1,82700.0,82700.13234166664,0.1323416666442839,0.3970249999328516,inv,0.0,-0.08283234166664188,0.08270000000000001,5.0,ifvg,0.001,-0.16553234166664188,137
2025-11,atr_10_30,889177,890376,1,82690.8,82585.8,105.0,1260.0,sl,1199.0,-0.1876908,0.08269080000000001,5.0,ifvg_clean,0.001,-0.2703816,138
2025-11,atr_10_30,896810,896810,1,82288.1,82287.96765833336,0.1323416666442839,0.3970249999328516,sl,0.0,-0.08242044166664189,0.08228810000000002,5.0,ifvg,0.001,-0.1647085416666419,139
2025-11,atr_10_30,896810,896810,1,82317.85,82317.71765833336,0.1323416666442839,0.3970249999328516,sl,0.0,-0.08245019166664189,0.08231785000000001,5.0,ifvg,0.001,-0.16476804166664188,140
2025-11,atr_10_30,896810,896810,1,82347.6,82347.46765833336,0.1323416666442839,0.3970249999328516,sl,0.0,-0.0824799416666419,0.08234760000000002,5.0,ifvg,0.001,-0.16482754166664193,141
2025-11,atr_10_30,896810,896850,-1,82286.5,82348.1,297.5,3570.0,inv,40.0,-0.14388650000000583,0.0822865,5.0,ifvg_clean,0.001,-0.22617300000000584,142
2025-11,atr_10_30,863815,900954,1,80627.9,83243.90000000034,218.0000000000291,2616.0000000003492,tp,37206.0,2.535372100000349,0.0806279,5.0,ifvg_clean,0.001,2.454744200000349,143
2025-11,atr_10_30,905779,905779,-1,82059.7,82059.83234166664,0.1323416666442839,0.3970249999328516,sl,0.0,-0.08219204166664187,0.0820597,5.0,ifvg,0.001,-0.16425174166664186,144
2025-11,atr_10_30,905779,905779,-1,81986.0,81986.13234166664,0.1323416666442839,0.3970249999328516,sl,0.0,-0.08211834166664188,0.081986,5.0,ifvg,0.001,-0.1641043416666419,145
2025-11,atr_10_30,905780,905780,-1,82133.4,82133.00297500007,0.1323416666442839,0.3970249999328516,tp,0.0,-0.08173637500007436,0.0821334,5.0,ifvg,0.001,-0.16386977500007435,146
2025-11,atr_10_30,905779,905827,1,82123.8,81985.5,736.9999999999709,8843.99999999965,inv,48.0,-0.22042380000000295,0.08212380000000001,5.0,ifvg_clean,0.001,-0.30254760000000297,147
2025-11,atr_10_30,906571,906572,1,81900.0,81900.39702499993,0.1323416666442839,0.3970249999328516,tp,1.0,-0.08150297500007436,0.0819,5.0,fvg,0.001,-0.16340297500007436,148
2025-11,atr_10_30,906644,906644,1,81840.8,81841.19702499993,0.1323416666442839,0.3970249999328516,tp,0.0,-0.08144377500007437,0.0818408,5.0,fvg,0.001,-0.16328457500007437,149
2025-11,atr_10_30,906695,906695,1,81781.6,81781.99702499993,0.1323416666442839,0.3970249999328516,tp,0.0,-0.08138457500007437,0.08178160000000001,5.0,fvg,0.001,-0.16316617500007438,150
2025-11,atr_10_30,906736,906736,-1,81904.5,81904.10297500007,0.1323416666442839,0.3970249999328516,tp,0.0,-0.08150747500007437,0.0819045,5.0,fvg,0.001,-0.16341197500007437,151
2025-11,atr_10_30,906739,906739,-1,81931.2,81930.80297500007,0.1323416666442839,0.3970249999328516,tp,0.0,-0.08153417500007437,0.08193120000000001,5.0,fvg,0.001,-0.16346537500007438,152
2025-11,atr_10_30,906771,906771,-1,81957.9,81957.50297500007,0.1323416666442839,0.3970249999328516,tp,0.0,-0.08156087500007436,0.0819579,5.0,fvg,0.001,-0.16351877500007436,153
2025-11,atr_10_30,909245,909245,1,82486.35,82486.21765833336,0.1323416666442839,0.3970249999328516,sl,0.0,-0.08261869166664187,0.08248635,5.0,ifvg,0.001,-0.16510504166664186,154
2025-11,atr_10_30,909245,909245,1,82514.5,82514.36765833336,0.1323416666442839,0.3970249999328516,sl,0.0,-0.08264684166664188,0.0825145,5.0,ifvg,0.001,-0.16516134166664187,155
2025-11,atr_10_30,909318,909318,1,82458.2,82458.06765833336,0.1323416666442839,0.3970249999328516,sl,0.0,-0.08259054166664188,0.08245820000000001,5.0,ifvg,0.001,-0.1650487416666419,156
2025-11,atr_10_30,909245,909423,-1,82462.4,82515.0,281.50000000001455,3378.0000000001746,inv,181.0,-0.13506240000000583,0.0824624,5.0,ifvg_clean,0.001,-0.21752480000000585,157
2025-11,atr_10_30,910574,910574,-1,82247.55,82247.68234166664,0.1323416666442839,0.3970249999328516,sl,0.0,-0.08237989166664188,0.08224755,5.0,fvg,0.001,-0.1646274416666419,158
2025-11,atr_10_30,910574,910574,-1,82234.3,82234.43234166664,0.1323416666442839,0.3970249999328516,sl,0.0,-0.08236664166664188,0.08223430000000001,5.0,fvg,0.001,-0.1646009416666419,159
2025-11,atr_10_30,910587,910587,-1,82260.8,82260.40297500008,0.1323416666442839,0.3970249999328516,tp,0.0,-0.08186377500007437,0.08226080000000001,5.0,fvg,0.001,-0.16412457500007438,160
2025-11,atr_10_30,911207,911207,-1,82400.0,82400.13234166664,0.1323416666442839,0.3970249999328516,sl,0.0,-0.08253234166664188,0.0824,5.0,fvg,0.001,-0.1649323416666419,161
2025-11,atr_10_30,911217,911217,-1,82427.55,82427.15297500008,0.1323416666442839,0.3970249999328516,tp,0.0,-0.08203052500007438,0.08242755000000002,5.0,fvg,0.001,-0.1644580750000744,162
2025-11,atr_10_30,911249,911249,-1,82455.1,82454.70297500008,0.1323416666442839,0.3970249999328516,tp,0.0,-0.08205807500007437,0.0824551,5.0,fvg,0.001,-0.16451317500007437,163
2025-11,atr_10_30,911491,911491,1,82573.3,82573.69702499993,0.1323416666442839,0.3970249999328516,tp,0.0,-0.08217627500007436,0.0825733,5.0,fvg,0.001,-0.16474957500007437,164
2025-11,atr_10_30,880711,915647,1,80874.3,83970.30000000035,258.0000000000291,3096.0000000003492,tp,34951.0,3.015125700000349,0.08087430000000001,5.0,ifvg_clean,0.001,2.934251400000349,165
2025-11,atr_10_30,948607,948607,-1,82801.4,82801.53234166664,0.1323416666442839,0.3970249999328516,sl,0.0,-0.08293374166664187,0.0828014,5.0,fvg,0.001,-0.16573514166664188,166
2025-11,atr_10_30,948628,948628,-1,82850.75,82850.35297500007,0.1323416666442839,0.3970249999328516,tp,0.0,-0.08245372500007436,0.08285075,5.0,fvg,0.001,-0.16530447500007436,167
2025-11,atr_10_30,949102,949102,-1,82900.1,82899.70297500008,0.1323416666442839,0.3970249999328516,tp,0.0,-0.08250307500007437,0.0829001,5.0,fvg,0.001,-0.16540317500007437,168
2025-11,atr_10_30,1037184,1037184,1,85555.4,85555.26765833335,0.1323416666442839,0.3970249999328516,sl,0.0,-0.08568774166664186,0.08555539999999999,5.0,fvg,0.001,-0.17124314166664184,169
2025-11,atr_10_30,1037187,1037187,1,85538.15,85538.54702499992,0.1323416666442839,0.3970249999328516,tp,0.0,-0.08514112500007437,0.08553815000000001,5.0,fvg,0.001,-0.17067927500007438,170
2025-11,atr_10_30,1037189,1037189,1,85520.9,85521.29702499992,0.1323416666442839,0.3970249999328516,tp,0.0,-0.08512387500007436,0.0855209,5.0,fvg,0.001,-0.17064477500007436,171
2025-11,atr_10_30,1245361,1245361,-1,85642.55,85642.68234166664,0.1323416666442839,0.3970249999328516,sl,0.0,-0.08577489166664187,0.08564255,5.0,ifvg,0.001,-0.17141744166664186,172
2025-11,atr_10_30,1245361,1245361,-1,85620.0,85620.13234166664,0.1323416666442839,0.3970249999328516,sl,0.0,-0.08575234166664188,0.08562,5.0,ifvg,0.001,-0.1713723416666419,173
2025-11,atr_10_30,1245361,1245363,1,85652.4,85619.5,225.5000000000291,2706.0000000003492,inv,2.0,-0.11855239999999417,0.0856524,5.0,ifvg_clean,0.001,-0.2042047999999942,174
2025-11,atr_10_30,1252583,1252583,-1,84927.9,84928.03234166664,0.1323416666442839,0.3970249999328516,sl,0.0,-0.08506024166664188,0.0849279,5.0,ifvg,0.001,-0.1699881416666419,175
2025-11,atr_10_30,1252583,1252583,-1,84910.6,84910.73234166665,0.1323416666442839,0.3970249999328516,sl,0.0,-0.08504294166664188,0.0849106,5.0,ifvg,0.001,-0.1699535416666419,176
2025-11,atr_10_30,1252583,1252601,1,84929.0,84910.1,172.99999999995634,2075.999999999476,inv,18.0,-0.10382899999999418,0.084929,5.0,ifvg_clean,0.001,-0.18875799999999418,177
2025-11,atr_10_30,1252621,1252621,-1,84945.2,84944.80297500007,0.1323416666442839,0.3970249999328516,tp,0.0,-0.08454817500007436,0.0849452,5.0,ifvg,0.001,-0.16949337500007436,178
2025-11,atr_10_30,1342528,1342528,1,85354.4,85354.26765833335,0.1323416666442839,0.3970249999328516,sl,0.0,-0.08548674166664187,0.0853544,5.0,ifvg,0.001,-0.17084114166664188,179
2025-11,atr_10_30,1342528,1342528,-1,85329.7,85354.9,387.99999999995634,4655.999999999476,inv,0.0,-0.1105296999999971,0.08532970000000001,5.0,ifvg_clean,0.001,-0.1958593999999971,180
2025-11,atr_10_30,1342533,1342533,1,85276.8,85277.19702499993,0.1323416666442839,0.3970249999328516,tp,0.0,-0.08487977500007438,0.08527680000000001,5.0,ifvg,0.001,-0.1701565750000744,181
2025-11,atr_10_30,1342533,1342533,1,85315.6,85315.99702499993,0.1323416666442839,0.3970249999328516,tp,0.0,-0.08491857500007437,0.0853156,5.0,ifvg,0.001,-0.17023417500007437,182
2025-11,atr_10_30,1344808,1344808,1,83752.9,83752.76765833335,0.1323416666442839,0.3970249999328516,inv,0.0,-0.08388524166664188,0.0837529,5.0,ifvg,0.001,-0.16763814166664187,183
2025-11,atr_10_30,1344808,1344808,1,83770.45,83770.31765833336,0.1323416666442839,0.3970249999328516,sl,0.0,-0.08390279166664187,0.08377045,5.0,ifvg,0.001,-0.16767324166664188,184
2025-11,atr_10_30,1344808,1344808,1,83788.0,83787.86765833336,0.1323416666442839,0.3970249999328516,sl,0.0,-0.08392034166664188,0.083788,5.0,ifvg,0.001,-0.1677083416666419,185
2025-11,atr_10_30,1344862,1344862,1,83618.1,83617.96765833336,0.1323416666442839,0.3970249999328516,sl,0.0,-0.08375044166664189,0.08361810000000001,5.0,fvg,0.001,-0.1673685416666419,186
2025-11,atr_10_30,1344867,1344867,1,83589.70000000001,83590.09702499994,0.1323416666442839,0.3970249999328516,tp,0.0,-0.08319267500007436,0.0835897,5.0,fvg,0.001,-0.16678237500007437,187
2025-11,atr_10_30,1344882,1344882,1,83676.75,83676.61765833336,0.1323416666442839,0.3970249999328516,inv,0.0,-0.08380909166664187,0.08367675,5.0,ifvg,0.001,-0.16748584166664188,188
2025-11,atr_10_30,1344882,1344882,1,83700.0,83699.86765833336,0.1323416666442839,0.3970249999328516,sl,0.0,-0.08383234166664189,0.08370000000000001,5.0,ifvg,0.001,-0.16753234166664188,189
2025-11,atr_10_30,1344884,1344884,1,83653.5,83653.36765833336,0.1323416666442839,0.3970249999328516,inv,0.0,-0.08378584166664188,0.0836535,5.0,ifvg,0.001,-0.16743934166664187,190
2025-11,atr_10_30,1344882,1344918,-1,83657.4,83889.9,232.5,2790.0,sl,36.0,-0.31615740000000003,0.08365739999999999,5.0,ifvg_clean,0.001,-0.3998148,191
2025-11,atr_10_30,1344808,1344921,-1,83748.0,83923.50000000003,175.5000000000291,2106.0000000003492,sl,113.0,-0.2592480000000291,0.083748,5.0,ifvg_clean,0.001,-0.3429960000000291,192
2025-11,atr_10_30,1350269,1350269,-1,84002.4,84002.53234166664,0.1323416666442839,0.3970249999328516,sl,0.0,-0.08413474166664187,0.08400239999999999,5.0,fvg,0.001,-0.16813714166664184,193
2025-11,atr_10_30,1350350,1350350,-1,84036.2,84035.80297500007,0.1323416666442839,0.3970249999328516,tp,0.0,-0.08363917500007435,0.08403619999999999,5.0,fvg,0.001,-0.16767537500007434,194
2025-11,atr_10_30,1350406,1350406,-1,84070.0,84069.60297500007,0.1323416666442839,0.3970249999328516,tp,0.0,-0.08367297500007437,0.08407,5.0,fvg,0.001,-0.16774297500007437,195
2025-11,atr_10_30,1418914,1418914,1,84365.2,84365.06765833336,0.1323416666442839,0.3970249999328516,sl,0.0,-0.08449754166664188,0.0843652,5.0,fvg,0.001,-0.1688627416666419,196
2025-11,atr_10_30,1420429,1420429,-1,84510.2,84510.33234166664,0.1323416666442839,0.3970249999328516,inv,0.0,-0.08464254166664187,0.0845102,5.0,ifvg,0.001,-0.16915274166664185,197
2025-11,atr_10_30,1420429,1420429,-1,84486.0,84486.13234166664,0.1323416666442839,0.3970249999328516,sl,0.0,-0.08461834166664188,0.084486,5.0,ifvg,0.001,-0.1691043416666419,198
2025-11,atr_10_30,1420433,1420433,-1,84534.4,84534.53234166664,0.1323416666442839,0.3970249999328516,inv,0.0,-0.08466674166664187,0.0845344,5.0,ifvg,0.001,-0.16920114166664185,199
2025-11,atr_10_30,1420429,1505007,1,84531.9,84289.90000000002,241.9999999999709,2903.9999999996508,sl,88158.0,-0.3265318999999709,0.0845319,5.0,ifvg_clean,0.001,-0.4110637999999709,200
2025-11,atr_10_30,1523752,1523752,-1,84593.5,84593.63234166664,0.1323416666442839,0.3970249999328516,sl,0.0,-0.08472584166664188,0.0845935,5.0,fvg,0.001,-0.16931934166664186,201
2025-11,atr_10_30,1523752,1523754,-1,84606.2,84606.33234166664,0.1323416666442839,0.3970249999328516,sl,2.0,-0.08473854166664188,0.0846062,5.0,fvg,0.001,-0.16934474166664187,202
2025-11,atr_10_30,1541534,1541534,1,84846.1,84845.96765833336,0.1323416666442839,0.3970249999328516,sl,0.0,-0.08497844166664188,0.08484610000000001,5.0,ifvg,0.001,-0.1698245416666419,203
2025-11,atr_10_30,1541534,1541534,1,84869.6,84869.46765833336,0.1323416666442839,0.3970249999328516,sl,0.0,-0.08500194166664188,0.0848696,5.0,ifvg,0.001,-0.16987154166664187,204
2025-11,atr_10_30,1541534,1541577,-1,84824.9,84870.1,235.0,2820.0,inv,43.0,-0.13002490000001163,0.0848249,5.0,ifvg_clean,0.001,-0.21484980000001164,205
2025-11,atr_10_30,1542132,1542132,1,84822.6,84822.46765833336,0.1323416666442839,0.3970249999328516,inv,0.0,-0.08495494166664189,0.08482260000000001,5.0,ifvg,0.001,-0.16977754166664188,206
2025-11,atr_10_30,1701779,1701779,-1,87438.8,87438.93234166664,0.1323416666442839,0.3970249999328516,inv,0.0,-0.08757114166664187,0.0874388,5.0,ifvg,0.001,-0.17500994166664186,207
2025-11,atr_10_30,1701779,1702010,1,87439.7,87317.70000000003,121.9999999999709,1463.9999999996508,sl,231.0,-0.20943969999997092,0.08743970000000001,5.0,ifvg_clean,0.001,-0.2968793999999709,208
2025-11,atr_10_30,1702239,1702239,-1,87463.2,87463.33234166664,0.1323416666442839,0.3970249999328516,inv,0.0,-0.08759554166664188,0.0874632,5.0,ifvg,0.001,-0.17505874166664187,209
2025-11,atr_10_30,1702239,1702239,-1,87451.0,87450.60297500007,0.1323416666442839,0.3970249999328516,tp,0.0,-0.08705397500007438,0.08745100000000001,5.0,ifvg,0.001,-0.1745049750000744,210
2025-11,atr_10_30,1734044,1734044,-1,86677.0,86677.13234166664,0.1323416666442839,0.3970249999328516,sl,0.0,-0.08680934166664188,0.086677,5.0,fvg,0.001,-0.1734863416666419,211
2025-11,atr_10_30,1734053,1734053,-1,86692.55,86692.15297500008,0.1323416666442839,0.3970249999328516,tp,0.0,-0.08629552500007437,0.08669255000000001,5.0,fvg,0.001,-0.17298807500007438,212
2025-11,atr_10_30,1734056,1734056,-1,86708.1,86707.70297500008,0.1323416666442839,0.3970249999328516,tp,0.0,-0.08631107500007437,0.08670810000000001,5.0,fvg,0.001,-0.17301917500007438,213
2025-11,atr_10_30,1743871,1743871,-1,87391.0,87391.13234166664,0.1323416666442839,0.3970249999328516,inv,0.0,-0.08752334166664189,0.08739100000000001,5.0,ifvg,0.001,-0.17491434166664188,214
2025-11,atr_10_30,1743871,1743871,-1,87301.5,87301.63234166664,0.1323416666442839,0.3970249999328516,sl,0.0,-0.08743384166664188,0.0873015,5.0,ifvg,0.001,-0.1747353416666419,215
2025-11,atr_10_30,1743871,1743871,-1,87212.0,87212.13234166664,0.1323416666442839,0.3970249999328516,sl,0.0,-0.08734434166664189,0.08721200000000001,5.0,ifvg,0.001,-0.1745563416666419,216
2025-11,atr_10_30,1747797,1747797,1,87932.65,87932.51765833335,0.1323416666442839,0.3970249999328516,sl,0.0,-0.08806499166664188,0.08793265,5.0,ifvg,0.001,-0.1759976416666419,217
2025-11,atr_10_30,1747797,1747797,1,87945.6,87945.46765833336,0.1323416666442839,0.3970249999328516,sl,0.0,-0.08807794166664189,0.08794560000000001,5.0,ifvg,0.001,-0.17602354166664191,218
2025-11,atr_10_30,1747808,1747808,1,87919.7,87920.09702499992,0.1323416666442839,0.3970249999328516,tp,0.0,-0.08752267500007437,0.0879197,5.0,ifvg,0.001,-0.17544237500007437,219
2025-11,atr_10_30,1747797,1747813,-1,87927.6,87946.1,129.50000000004366,1554.0000000005239,inv,16.0,-0.10642760000000001,0.08792760000000001,5.0,ifvg_clean,0.001,-0.1943552,220
2025-11,atr_10_30,1748294,1748294,-1,88080.2,88080.33234166664,0.1323416666442839,0.3970249999328516,inv,0.0,-0.08821254166664189,0.08808020000000001,5.0,ifvg,0.001,-0.17629274166664188,221
2025-11,atr_10_30,1748294,1748294,-1,88063.6,88063.73234166665,0.1323416666442839,0.3970249999328516,sl,0.0,-0.08819594166664188,0.0880636,5.0,ifvg,0.001,-0.17625954166664187,222
2025-11,atr_10_30,1748294,1748294,-1,88047.0,88047.13234166664,0.1323416666442839,0.3970249999328516,sl,0.0,-0.08817934166664188,0.088047,5.0,ifvg,0.001,-0.17622634166664186,223
2025-11,atr_10_30,1748294,1749627,1,88066.7,87900.70000000001,165.99999999998545,1991.9999999998254,sl,1333.0,-0.25406669999998543,0.0880667,5.0,ifvg_clean,0.001,-0.34213339999998543,224
2025-11,atr_10_30,1743871,1754330,1,87390.6,86495.6,895.0,10740.0,sl,10464.0,-0.9823906,0.08739060000000001,5.0,ifvg_clean,0.001,-1.0697812,225
2025-11,atr_10_30,1754487,1754487,-1,86512.8,86512.93234166664,0.1323416666442839,0.3970249999328516,sl,0.0,-0.08664514166664188,0.0865128,5.0,fvg,0.001,-0.1731579416666419,226
2025-11,atr_10_30,1754492,1754492,-1,86566.4,86566.00297500007,0.1323416666442839,0.3970249999328516,tp,0.0,-0.08616937500007436,0.0865664,5.0,fvg,0.001,-0.17273577500007437,227
2025-11,atr_10_30,1754586,1754586,-1,86620.0,86619.60297500007,0.1323416666442839,0.3970249999328516,tp,0.0,-0.08622297500007436,0.08662,5.0,fvg,0.001,-0.17284297500007437,228
2025-11,atr_10_30,1755274,1755274,1,86947.15,86947.01765833335,0.1323416666442839,0.3970249999328516,inv,0.0,-0.08707949166664188,0.08694715,5.0,ifvg,0.001,-0.1740266416666419,229
2025-11,atr_10_30,1755274,1755274,1,86995.1,86994.96765833336,0.1323416666442839,0.3970249999328516,sl,0.0,-0.08712744166664188,0.0869951,5.0,ifvg,0.001,-0.17412254166664187,230
2025-11,atr_10_30,1755396,1755396,1,86899.2,86899.06765833336,0.1323416666442839,0.3970249999328516,inv,0.0,-0.08703154166664187,0.0868992,5.0,ifvg,0.001,-0.17393074166664185,231
2025-11,atr_10_30,1755274,1763354,-1,86899.9,87379.40000000004,479.50000000004366,5754.000000000524,sl,8109.0,-0.5663999000000437,0.0868999,5.0,ifvg_clean,0.001,-0.6532998000000437,232
2025-11,atr_10_30,1782623,1782623,-1,87533.5,87533.63234166664,0.1323416666442839,0.3970249999328516,inv,0.0,-0.08766584166664187,0.0875335,5.0,ifvg,0.001,-0.17519934166664186,233
2025-11,atr_10_30,1782623,1782623,-1,87504.1,87504.23234166665,0.1323416666442839,0.3970249999328516,sl,0.0,-0.08763644166664189,0.08750410000000002,5.0,ifvg,0.001,-0.1751405416666419,234
2025-11,atr_10_30,1782624,1782624,-1,87562.9,87563.03234166664,0.1323416666442839,0.3970249999328516,inv,0.0,-0.08769524166664187,0.0875629,5.0,ifvg,0.001,-0.1752581416666419,235
2025-11,atr_10_30,1788501,1788501,1,87916.4,87916.26765833335,0.1323416666442839,0.3970249999328516,sl,0.0,-0.08804874166664187,0.08791639999999999,5.0,fvg,0.001,-0.17596514166664184,236
2025-11,atr_10_30,1790178,1790178,1,87848.2,87848.59702499992,0.1323416666442839,0.3970249999328516,tp,0.0,-0.08745117500007436,0.0878482,5.0,fvg,0.001,-0.17529937500007436,237
2025-11,atr_10_30,1824131,1824131,-1,88563.8,88563.93234166664,0.1323416666442839,0.3970249999328516,sl,0.0,-0.08869614166664187,0.0885638,5.0,fvg,0.001,-0.17725994166664188,238
2025-11,atr_10_30,1824147,1824147,-1,88618.9,88618.50297500007,0.1323416666442839,0.3970249999328516,tp,0.0,-0.08822187500007436,0.0886189,5.0,fvg,0.001,-0.17684077500007436,239
2025-11,atr_10_30,1824152,1824152,-1,88674.0,88673.60297500007,0.1323416666442839,0.3970249999328516,tp,0.0,-0.08827697500007436,0.088674,5.0,fvg,0.001,-0.17695097500007437,240
2025-11,atr_10_30,1825165,1825165,1,88934.7,88934.56765833336,0.1323416666442839,0.3970249999328516,sl,0.0,-0.08906704166664187,0.08893469999999999,5.0,fvg,0.001,-0.17800174166664184,241
2025-11,atr_10_30,1827401,1827401,-1,89688.4,89688.53234166664,0.1323416666442839,0.3970249999328516,inv,0.0,-0.08982074166664188,0.0896884,5.0,ifvg,0.001,-0.1795091416666419,242
2025-11,atr_10_30,1827401,1827401,-1,89673.0,89673.13234166664,0.1323416666442839,0.3970249999328516,sl,0.0,-0.08980534166664188,0.089673,5.0,ifvg,0.001,-0.1794783416666419,243
2025-11,atr_10_30,1827419,1827419,-1,89703.8,89703.93234166664,0.1323416666442839,0.3970249999328516,inv,0.0,-0.08983614166664187,0.0897038,5.0,ifvg,0.001,-0.1795399416666419,244
2025-11,atr_10_30,1828160,1828160,-1,90155.95,90156.08234166664,0.1323416666442839,0.3970249999328516,inv,0.0,-0.09028829166664189,0.09015595000000001,5.0,ifvg,0.001,-0.1804442416666419,245
2025-11,atr_10_30,1828160,1828160,-1,90133.0,90133.13234166664,0.1323416666442839,0.3970249999328516,sl,0.0,-0.09026534166664187,0.09013299999999999,5.0,ifvg,0.001,-0.18039834166664187,246
2025-11,atr_10_30,1828161,1828161,-1,90178.9,90179.03234166664,0.1323416666442839,0.3970249999328516,inv,0.0,-0.09031124166664188,0.0901789,5.0,ifvg,0.001,-0.1804901416666419,247
2025-11,atr_10_30,1828160,1828584,1,90174.0,89944.50000000003,229.4999999999709,2753.9999999996508,sl,424.0,-0.3196739999999709,0.090174,5.0,ifvg_clean,0.001,-0.4098479999999709,248
2025-11,atr_10_30,1828707,1828707,-1,89954.45,89954.58234166664,0.1323416666442839,0.3970249999328516,inv,0.0,-0.09008679166664187,0.08995444999999999,5.0,ifvg,0.001,-0.18004124166664187,249
2025-11,atr_10_30,1828707,1828707,-1,89918.9,89919.03234166664,0.1323416666442839,0.3970249999328516,sl,0.0,-0.09005124166664187,0.0899189,5.0,ifvg,0.001,-0.17997014166664188,250
2025-11,atr_10_30,1828729,1828729,-1,89990.0,89990.13234166664,0.1323416666442839,0.3970249999328516,inv,0.0,-0.09012234166664188,0.08999,5.0,ifvg,0.001,-0.18011234166664186,251
2025-11,atr_10_30,1829202,1829202,-1,90119.8,90119.93234166664,0.1323416666442839,0.3970249999328516,inv,0.0,-0.09025214166664187,0.0901198,5.0,ifvg,0.001,-0.1803719416666419,252
2025-11,atr_10_30,1829202,1829202,-1,90084.8,90084.93234166664,0.1323416666442839,0.3970249999328516,sl,0.0,-0.09021714166664188,0.0900848,5.0,ifvg,0.001,-0.18030194166664187,253
2025-11,atr_10_30,1829202,1829202,-1,90049.8,90049.93234166664,0.1323416666442839,0.3970249999328516,sl,0.0,-0.09018214166664189,0.09004980000000001,5.0,ifvg,0.001,-0.18023194166664191,254
2025-11,atr_10_30,1830144,1830144,1,90322.04999999999,90321.91765833335,0.1323416666442839,0.3970249999328516,sl,0.0,-0.09045439166664186,0.09032204999999999,5.0,ifvg,0.001,-0.18077644166664186,255
2025-11,atr_10_30,1830144,1830144,1,90337.2,90337.06765833336,0.1323416666442839,0.3970249999328516,sl,0.0,-0.09046954166664187,0.09033719999999999,5.0,ifvg,0.001,-0.18080674166664185,256
2025-11,atr_10_30,1830144,1830152,-1,90318.3,90337.7,151.50000000001455,1818.0000000001746,inv,8.0,-0.10971829999999419,0.0903183,5.0,ifvg_clean,0.001,-0.20003659999999418,257
2025-11,atr_10_30,1830167,1830167,1,90306.9,90307.29702499992,0.1323416666442839,0.3970249999328516,tp,0.0,-0.08990987500007436,0.0903069,5.0,ifvg,0.001,-0.18021677500007435,258
2025-11,atr_10_30,1832158,1832158,-1,90627.7,90627.83234166664,0.1323416666442839,0.3970249999328516,inv,0.0,-0.09076004166664188,0.0906277,5.0,ifvg,0.001,-0.1813877416666419,259
2025-11,atr_10_30,1832158,1832158,-1,90615.5,90615.63234166664,0.1323416666442839,0.3970249999328516,sl,0.0,-0.09074784166664188,0.0906155,5.0,ifvg,0.001,-0.18136334166664186,260
2025-11,atr_10_30,1832160,1832160,-1,90639.9,90640.03234166664,0.1323416666442839,0.3970249999328516,inv,0.0,-0.09077224166664187,0.0906399,5.0,ifvg,0.001,-0.18141214166664188,261
2025-11,atr_10_30,1782623,1832666,1,87553.5,91081.4999999993,293.9999999999418,3527.9999999993015,tp,50357.0,3.4404464999993016,0.0875535,5.0,ifvg_clean,0.001,3.352892999999302,262
2025-11,atr_10_30,1832158,1834903,1,90633.2,90511.20000000003,121.9999999999709,1463.9999999996508,sl,2745.0,-0.2126331999999709,0.09063320000000001,5.0,ifvg_clean,0.001,-0.3032663999999709,263
2025-11,atr_10_30,1835750,1835750,1,90554.6,90554.46765833336,0.1323416666442839,0.3970249999328516,sl,0.0,-0.09068694166664189,0.09055460000000001,5.0,fvg,0.001,-0.18124154166664191,264
2025-11,atr_10_30,1836045,1836045,-1,90950.0,90950.13234166664,0.1323416666442839,0.3970249999328516,sl,0.0,-0.09108234166664188,0.09095,5.0,fvg,0.001,-0.1820323416666419,265
2025-11,atr_10_30,1841502,1841502,-1,91000.1,90999.70297500008,0.1323416666442839,0.3970249999328516,tp,0.0,-0.09060307500007436,0.0910001,5.0,fvg,0.001,-0.18160317500007436,266
2025-11,atr_10_30,1841520,1841520,-1,91050.2,91049.80297500007,0.1323416666442839,0.3970249999328516,tp,0.0,-0.09065317500007437,0.09105020000000001,5.0,fvg,0.001,-0.18170337500007439,267
2025-11,atr_10_30,1842366,1842366,1,91192.25,91192.11765833336,0.1323416666442839,0.3970249999328516,sl,0.0,-0.09132459166664188,0.09119225,5.0,ifvg,0.001,-0.1825168416666419,268
2025-11,atr_10_30,1842366,1842366,1,91211.1,91210.96765833336,0.1323416666442839,0.3970249999328516,sl,0.0,-0.09134344166664188,0.0912111,5.0,ifvg,0.001,-0.18255454166664187,269
2025-11,atr_10_30,1842367,1842367,1,91173.4,91173.79702499992,0.1323416666442839,0.3970249999328516,tp,0.0,-0.09077637500007436,0.0911734,5.0,ifvg,0.001,-0.18194977500007437,270
2025-11,atr_10_30,1842366,1842397,-1,91176.1,91211.6,188.5000000000582,2262.0000000006985,inv,31.0,-0.1266761,0.09117610000000001,5.0,ifvg_clean,0.001,-0.21785220000000002,271
2025-11,atr_10_30,1827401,1843295,1,89684.3,91532.30000000018,154.00000000001455,1848.0000000001746,tp,15901.0,1.7583157000001746,0.08968430000000001,5.0,ifvg_clean,0.001,1.6686314000001745,272
2025-11,atr_10_30,1851442,1851442,1,91272.0,91271.86765833336,0.1323416666442839,0.3970249999328516,inv,0.0,-0.09140434166664188,0.091272,5.0,ifvg,0.001,-0.18267634166664187,273
2025-11,atr_10_30,1851452,1851452,1,91250.0,91249.86765833336,0.1323416666442839,0.3970249999328516,inv,0.0,-0.09138234166664187,0.09125,5.0,ifvg,0.001,-0.18263234166664188,274
2025-11,atr_10_30,1851452,1851452,1,91261.0,91261.39702499993,0.1323416666442839,0.3970249999328516,tp,0.0,-0.09086397500007436,0.091261,5.0,ifvg,0.001,-0.18212497500007435,275
2025-11,atr_10_30,1851442,1855028,-1,91268.0,91378.0,110.0,1320.0,sl,3689.0,-0.201268,0.091268,5.0,ifvg_clean,0.001,-0.292536,276
2025-11,atr_10_30,1855437,1855437,1,91522.2,91522.06765833336,0.1323416666442839,0.3970249999328516,sl,0.0,-0.09165454166664187,0.0915222,5.0,ifvg,0.001,-0.18317674166664188,277
2025-11,atr_10_30,1855437,1855437,1,91544.29999999999,91544.16765833335,0.1323416666442839,0.3970249999328516,sl,0.0,-0.09167664166664187,0.0915443,5.0,ifvg,0.001,-0.18322094166664188,278
2025-11,atr_10_30,1855437,1855437,1,91566.4,91566.26765833335,0.1323416666442839,0.3970249999328516,sl,0.0,-0.09169874166664188,0.0915664,5.0,ifvg,0.001,-0.18326514166664187,279
2025-11,atr_10_30,1855437,1855728,-1,91503.0,91566.9,220.99999999998545,2651.9999999998254,inv,291.0,-0.15540299999999418,0.091503,5.0,ifvg_clean,0.001,-0.24690599999999419,280
2025-11,atr_10_30,1828707,1893315,1,89975.4,94241.40000000034,355.5000000000291,4266.000000000349,tp,64815.0,4.176024600000349,0.0899754,5.0,ifvg_clean,0.001,4.086049200000349,281
2025-11,atr_10_30,1829202,1894262,1,90108.7,94308.7,350.0,4200.0,tp,65270.0,4.1098913,0.0901087,5.0,ifvg_clean,0.001,4.0197826,282
2025-11,atr_10_30,1920648,1920648,1,92337.0,92336.86765833336,0.1323416666442839,0.3970249999328516,inv,0.0,-0.09246934166664188,0.092337,5.0,ifvg,0.001,-0.1848063416666419,283
2025-11,atr_10_30,1920648,1920648,1,92360.0,92359.86765833336,0.1323416666442839,0.3970249999328516,sl,0.0,-0.09249234166664187,0.09236,5.0,ifvg,0.001,-0.18485234166664188,284
2025-11,atr_10_30,1920657,1920657,1,92314.0,92313.86765833336,0.1323416666442839,0.3970249999328516,inv,0.0,-0.09244634166664188,0.09231400000000001,5.0,ifvg,0.001,-0.1847603416666419,285
2025-11,atr_10_30,1920648,1920883,-1,92320.0,92550.0,230.0,2760.0,sl,235.0,-0.32232000000000005,0.09232000000000001,5.0,ifvg_clean,0.001,-0.41464000000000006,286
2025-11,atr_10_30,1921919,1921919,-1,92863.15,92863.28234166664,0.1323416666442839,0.3970249999328516,sl,0.0,-0.09299549166664187,0.09286314999999999,5.0,fvg,0.001,-0.18585864166664184,287
2025-11,atr_10_30,1921919,1921919,-1,92846.6,92846.73234166665,0.1323416666442839,0.3970249999328516,sl,0.0,-0.09297894166664189,0.09284660000000002,5.0,fvg,0.001,-0.1858255416666419,288
2025-11,atr_10_30,1921920,1921920,-1,92879.7,92879.30297500007,0.1323416666442839,0.3970249999328516,tp,0.0,-0.09248267500007436,0.0928797,5.0,fvg,0.001,-0.18536237500007435,289
2025-11,atr_10_30,1981970,1981970,1,91820.8,91820.66765833336,0.1323416666442839,0.3970249999328516,sl,0.0,-0.09195314166664188,0.09182080000000001,5.0,fvg,0.001,-0.1837739416666419,290
2025-11,atr_10_30,2014022,2014022,-1,92724.70000000001,92724.83234166665,0.1323416666442839,0.3970249999328516,sl,0.0,-0.0928570416666419,0.09272470000000002,5.0,ifvg,0.001,-0.18558174166664193,291
2025-11,atr_10_30,2014022,2014022,-1,92707.8,92707.93234166664,0.1323416666442839,0.3970249999328516,sl,0.0,-0.09284014166664188,0.0927078,5.0,ifvg,0.001,-0.1855479416666419,292
2025-11,atr_10_30,2014025,2014025,-1,92741.6,92741.20297500008,0.1323416666442839,0.3970249999328516,tp,0.0,-0.09234457500007437,0.09274160000000001,5.0,ifvg,0.001,-0.18508617500007438,293
2025-11,atr_10_30,2014022,2014068,1,92736.1,92707.3,169.00000000001455,2028.0000000001746,inv,46.0,-0.12153610000000292,0.09273610000000002,5.0,ifvg_clean,0.001,-0.21427220000000294,294
2025-11,atr_10_30,2036533,2036533,-1,93488.79999999999,93488.93234166663,0.1323416666442839,0.3970249999328516,sl,0.0,-0.09362114166664186,0.09348879999999998,5.0,ifvg,0.001,-0.18710994166664185,295
2025-11,atr_10_30,2036533,2036533,-1,93477.7,93477.83234166664,0.1323416666442839,0.3970249999328516,sl,0.0,-0.09361004166664187,0.0934777,5.0,ifvg,0.001,-0.18708774166664188,296
2025-11,atr_10_30,2036533,2036535,-1,93499.9,93499.50297500007,0.1323416666442839,0.3970249999328516,tp,2.0,-0.09310287500007436,0.0934999,5.0,ifvg,0.001,-0.18660277500007436,297
2025-11,atr_10_30,2036533,2043567,1,93499.9,93477.2,110.99999999998545,1331.9999999998254,inv,7093.0,-0.11619989999999708,0.0934999,5.0,ifvg_clean,0.001,-0.20969979999999708,298
2025-11,atr_10_30,2053144,2053144,1,92991.7,92991.56765833336,0.1323416666442839,0.3970249999328516,inv,0.0,-0.09312404166664187,0.0929917,5.0,ifvg,0.001,-0.18611574166664185,299
2025-11,atr_10_30,2053144,2053144,1,93032.54999999999,93032.41765833335,0.1323416666442839,0.3970249999328516,sl,0.0,-0.09316489166664187,0.09303254999999999,5.0,ifvg,0.001,-0.18619744166664187,300
2025-11,atr_10_30,2053144,2053144,1,93073.4,93073.26765833335,0.1323416666442839,0.3970249999328516,sl,0.0,-0.09320574166664188,0.0930734,5.0,ifvg,0.001,-0.1862791416666419,301
2025-11,atr_10_30,2053144,2058589,-1,92988.2,93396.69999999998,408.49999999998545,4901.999999999825,sl,5578.0,-0.5014881999999854,0.0929882,5.0,ifvg_clean,0.001,-0.5944763999999854,302
2025-11,atr_10_30,2289560,2289560,1,93271.4,93271.26765833335,0.1323416666442839,0.3970249999328516,inv,0.0,-0.09340374166664188,0.0932714,5.0,ifvg,0.001,-0.1866751416666419,303
2025-11,atr_10_30,2289560,2289560,1,93283.5,93283.36765833336,0.1323416666442839,0.3970249999328516,sl,0.0,-0.09341584166664188,0.0932835,5.0,ifvg,0.001,-0.18669934166664187,304
2025-11,atr_10_30,2289598,2289598,1,93259.3,93259.16765833336,0.1323416666442839,0.3970249999328516,inv,0.0,-0.09339164166664189,0.09325930000000002,5.0,ifvg,0.001,-0.18665094166664192,305
2025-11,atr_10_30,2289560,2294059,-1,93260.5,93381.49999999999,120.99999999998545,1451.9999999998254,sl,4503.0,-0.21426049999998548,0.09326050000000001,5.0,ifvg_clean,0.001,-0.3075209999999855,306
2025-11,atr_10_30,2331748,2331748,-1,95377.2,95377.33234166664,0.1323416666442839,0.3970249999328516,sl,0.0,-0.09550954166664188,0.09537720000000001,5.0,fvg,0.001,-0.19088674166664188,307
2025-11,atr_10_30,2331921,2331921,-1,95428.4,95428.00297500007,0.1323416666442839,0.3970249999328516,tp,0.0,-0.09503137500007436,0.0954284,5.0,fvg,0.001,-0.19045977500007436,308
2025-11,atr_10_30,2339294,2339294,1,94015.9,94015.76765833335,0.1323416666442839,0.3970249999328516,inv,0.0,-0.09414824166664187,0.0940159,5.0,ifvg,0.001,-0.18816414166664186,309
2025-11,atr_10_30,2339294,2339294,1,94057.95,94057.81765833336,0.1323416666442839,0.3970249999328516,sl,0.0,-0.09419029166664188,0.09405795,5.0,ifvg,0.001,-0.1882482416666419,310
2025-11,atr_10_30,2339294,2339294,1,94100.0,94099.86765833336,0.1323416666442839,0.3970249999328516,sl,0.0,-0.09423234166664189,0.09410000000000002,5.0,ifvg,0.001,-0.18833234166664192,311
2025-11,atr_10_30,2339294,2353073,-1,94004.4,94424.90000000002,420.5000000000291,5046.000000000349,sl,13913.0,-0.5145044000000292,0.09400439999999999,5.0,ifvg_clean,0.001,-0.6085088000000292,312
2025-11,atr_10_30,2429707,2429707,1,95244.75,95244.61765833336,0.1323416666442839,0.3970249999328516,sl,0.0,-0.09537709166664188,0.09524475,5.0,ifvg,0.001,-0.19062184166664187,313
2025-11,atr_10_30,2429707,2429707,1,95275.5,95275.36765833336,0.1323416666442839,0.3970249999328516,sl,0.0,-0.09540784166664189,0.09527550000000001,5.0,ifvg,0.001,-0.19068334166664191,314
2025-11,atr_10_30,2429708,2429708,1,95214.0,95214.39702499993,0.1323416666442839,0.3970249999328516,tp,0.0,-0.09481697500007437,0.09521400000000001,5.0,ifvg,0.001,-0.19003097500007438,315
2025-11,atr_10_30,2429707,2429868,-1,95218.8,95276.0,307.5,3690.0,inv,161.0,-0.1524187999999971,0.0952188,5.0,ifvg_clean,0.001,-0.24763759999999713,316
2025-11,atr_10_30,2431265,2431265,1,94983.9,94984.29702499992,0.1323416666442839,0.3970249999328516,tp,0.0,-0.09458687500007436,0.0949839,5.0,fvg,0.001,-0.18957077500007435,317
2025-11,atr_10_30,2432775,2432775,1,95124.0,95123.86765833336,0.1323416666442839,0.3970249999328516,inv,0.0,-0.09525634166664187,0.095124,5.0,ifvg,0.001,-0.19038034166664186,318
2025-11,atr_10_30,2432775,2432775,1,95151.8,95151.66765833336,0.1323416666442839,0.3970249999328516,sl,0.0,-0.09528414166664188,0.09515180000000001,5.0,ifvg,0.001,-0.1904359416666419,319
2025-11,atr_10_30,2433092,2433092,1,95096.2,95096.06765833336,0.1323416666442839,0.3970249999328516,inv,0.0,-0.09522854166664187,0.09509619999999999,5.0,ifvg,0.001,-0.19032474166664187,320
2025-11,atr_10_30,2432775,2434092,-1,95111.5,95389.50000000003,278.0000000000291,3336.0000000003492,sl,1342.0,-0.37311150000002913,0.09511150000000002,5.0,ifvg_clean,0.001,-0.46822300000002914,321
2025-11,atr_10_30,2469316,2469316,1,94986.1,94985.96765833336,0.1323416666442839,0.3970249999328516,sl,0.0,-0.09511844166664188,0.0949861,5.0,ifvg,0.001,-0.19010454166664187,322
2025-11,atr_10_30,2469316,2469316,1,95010.9,95010.76765833335,0.1323416666442839,0.3970249999328516,sl,0.0,-0.09514324166664187,0.0950109,5.0,ifvg,0.001,-0.19015414166664185,323
2025-11,atr_10_30,2469316,2469316,1,95035.7,95035.56765833336,0.1323416666442839,0.3970249999328516,sl,0.0,-0.09516804166664188,0.0950357,5.0,ifvg,0.001,-0.1902037416666419,324
2025-11,atr_10_30,2469316,2472650,-1,94982.4,95036.2,247.99999999995634,2975.999999999476,inv,3447.0,-0.14878240000000292,0.0949824,5.0,ifvg_clean,0.001,-0.24376480000000292,325
2025-11,atr_10_30,2498952,2498952,-1,94679.9,94680.03234166664,0.1323416666442839,0.3970249999328516,sl,0.0,-0.09481224166664187,0.0946799,5.0,fvg,0.001,-0.18949214166664186,326
2025-11,atr_10_30,2500615,2500615,1,94480.54999999999,94480.41765833335,0.1323416666442839,0.3970249999328516,inv,0.0,-0.09461289166664187,0.09448055,5.0,ifvg,0.001,-0.18909344166664188,327
2025-11,atr_10_30,2500615,2500615,1,94493.2,94493.06765833336,0.1323416666442839,0.3970249999328516,sl,0.0,-0.09462554166664187,0.0944932,5.0,ifvg,0.001,-0.1891187416666419,328
2025-11,atr_10_30,2500693,2500693,1,94467.9,94467.76765833335,0.1323416666442839,0.3970249999328516,inv,0.0,-0.09460024166664188,0.09446790000000001,5.0,ifvg,0.001,-0.18906814166664188,329
2025-11,atr_10_30,2500615,2502133,-1,94476.6,94603.10000000002,126.50000000001455,1518.0000000001746,sl,1520.0,-0.22097660000001457,0.09447660000000001,5.0,ifvg_clean,0.001,-0.3154532000000146,330
2025-11,atr_10_30,2508922,2508922,1,93880.0,93879.86765833336,0.1323416666442839,0.3970249999328516,sl,0.0,-0.09401234166664187,0.09387999999999999,5.0,ifvg,0.001,-0.18789234166664187,331
2025-11,atr_10_30,2508922,2508922,1,93900.0,93899.86765833336,0.1323416666442839,0.3970249999328516,sl,0.0,-0.09403234166664189,0.09390000000000001,5.0,ifvg,0.001,-0.1879323416666419,332
2025-11,atr_10_30,2508931,2508931,1,93860.0,93860.39702499993,0.1323416666442839,0.3970249999328516,tp,0.0,-0.09346297500007436,0.09386,5.0,ifvg,0.001,-0.18732297500007436,333
2025-11,atr_10_30,2508922,2509685,-1,93870.5,93900.5,200.0,2400.0,inv,767.0,-0.12387050000000001,0.09387050000000001,5.0,ifvg_clean,0.001,-0.21774100000000002,334
2025-11,atr_10_30,2512979,2512979,-1,93641.3,93641.43234166664,0.1323416666442839,0.3970249999328516,sl,0.0,-0.09377364166664187,0.0936413,5.0,ifvg,0.001,-0.18741494166664185,335
2025-11,atr_10_30,2512979,2512979,-1,93630.0,93630.13234166664,0.1323416666442839,0.3970249999328516,sl,0.0,-0.09376234166664187,0.09362999999999999,5.0,ifvg,0.001,-0.18739234166664187,336
2025-11,atr_10_30,2512980,2512980,-1,93652.6,93652.20297500008,0.1323416666442839,0.3970249999328516,tp,0.0,-0.09325557500007436,0.0936526,5.0,ifvg,0.001,-0.18690817500007437,337
2025-11,atr_10_30,2512979,2513017,1,93645.2,93629.5,113.0000000000291,1356.0000000003492,inv,38.0,-0.10934519999999709,0.0936452,5.0,ifvg_clean,0.001,-0.20299039999999707,338
2025-11,atr_15_45,579342,579342,-1,78102.0,78102.19851249996,0.1985124999664258,0.5955374998992775,sl,0.0,-0.07830051249996282,0.078102,5.0,ifvg,0.001,-0.15640251249996284,0
2025-11,atr_15_45,579342,579342,-1,78053.15,78053.34851249996,0.1985124999664258,0.5955374998992775,sl,0.0,-0.07825166249996282,0.07805315,5.0,ifvg,0.001,-0.1563048124999628,1
2025-11,atr_15_45,579342,579342,-1,78004.3,78004.49851249997,0.1985124999664258,0.5955374998992775,sl,0.0,-0.07820281249996282,0.0780043,5.0,ifvg,0.001,-0.15620711249996283,2
2025-11,atr_15_45,650755,650755,-1,78415.9,78416.09851249996,0.1985124999664258,0.5955374998992775,sl,0.0,-0.07861441249996282,0.0784159,5.0,fvg,0.001,-0.1570303124999628,3
2025-11,atr_15_45,650829,650829,-1,78466.1,78465.5044625001,0.1985124999664258,0.5955374998992775,tp,0.0,-0.07787056250009701,0.07846610000000001,5.0,fvg,0.001,-0.15633666250009703,4
2025-11,atr_15_45,579342,652077,1,78116.4,78003.8,488.49999999998545,5861.999999999825,inv,73024.0,-0.1907163999999913,0.0781164,5.0,ifvg_clean,0.001,-0.2688327999999913,5
2025-11,atr_15_45,652858,652858,-1,78157.4,78157.59851249996,0.1985124999664258,0.5955374998992775,sl,0.0,-0.07835591249996282,0.0781574,5.0,fvg,0.001,-0.1565133124999628,6
2025-11,atr_15_45,685131,685131,1,74778.9,74778.70148750003,0.1985124999664258,0.5955374998992775,inv,0.0,-0.07497741249996281,0.0747789,5.0,ifvg,0.001,-0.1497563124999628,7
2025-11,atr_15_45,685131,685131,1,74806.4,74806.20148750003,0.1985124999664258,0.5955374998992775,sl,0.0,-0.07500491249996281,0.0748064,5.0,ifvg,0.001,-0.14981131249996282,8
2025-11,atr_15_45,685148,685148,1,74751.4,74751.20148750003,0.1985124999664258,0.5955374998992775,inv,0.0,-0.07494991249996281,0.0747514,5.0,ifvg,0.001,-0.14970131249996282,9
2025-11,atr_15_45,685131,685215,-1,74785.0,75060.0,275.0,3300.0,sl,84.0,-0.349785,0.074785,5.0,ifvg_clean,0.001,-0.42457,10
2025-11,atr_15_45,694026,694026,1,74964.65,74965.2455374999,0.1985124999664258,0.5955374998992775,tp,0.0,-0.07436911250009699,0.07496465,5.0,fvg,0.001,-0.149333762500097,11
2025-11,atr_15_45,694026,694026,1,74985.2,74985.7955374999,0.1985124999664258,0.5955374998992775,tp,0.0,-0.07438966250009699,0.07498519999999999,5.0,fvg,0.001,-0.14937486250009696,12
2025-11,atr_15_45,694536,694536,1,75343.2,75343.7955374999,0.1985124999664258,0.5955374998992775,tp,0.0,-0.074747662500097,0.0753432,5.0,fvg,0.001,-0.150090862500097,13
2025-11,atr_15_45,722476,722476,1,76144.15,76143.95148750003,0.1985124999664258,0.5955374998992775,inv,0.0,-0.07634266249996281,0.07614415,5.0,ifvg,0.001,-0.15248681249996282,14
2025-11,atr_15_45,722476,722476,1,76180.0,76179.80148750004,0.1985124999664258,0.5955374998992775,sl,0.0,-0.07637851249996283,0.07618000000000001,5.0,ifvg,0.001,-0.15255851249996283,15
2025-11,atr_15_45,722482,722482,1,76108.3,76108.10148750004,0.1985124999664258,0.5955374998992775,inv,0.0,-0.07630681249996282,0.0761083,5.0,ifvg,0.001,-0.1524151124999628,16
2025-11,atr_15_45,722476,723640,-1,76115.3,76473.79999999999,358.49999999998545,4301.999999999825,sl,1164.0,-0.43461529999998544,0.07611530000000001,5.0,ifvg_clean,0.001,-0.5107305999999855,17
2025-11,atr_15_45,725360,725360,-1,76369.05,76369.24851249997,0.1985124999664258,0.5955374998992775,sl,0.0,-0.07656756249996283,0.07636905000000001,5.0,ifvg,0.001,-0.15293661249996282,18
2025-11,atr_15_45,725360,725360,-1,76345.6,76345.79851249997,0.1985124999664258,0.5955374998992775,sl,0.0,-0.07654411249996282,0.0763456,5.0,ifvg,0.001,-0.1528897124999628,19
2025-11,atr_15_45,725366,725366,-1,76392.5,76391.9044625001,0.1985124999664258,0.5955374998992775,tp,0.0,-0.075796962500097,0.0763925,5.0,ifvg,0.001,-0.15218946250009702,20
2025-11,atr_15_45,725919,725919,1,76754.7,76754.50148750003,0.1985124999664258,0.5955374998992775,sl,0.0,-0.07695321249996281,0.0767547,5.0,fvg,0.001,-0.1537079124999628,21
2025-11,atr_15_45,726477,726477,1,76889.2,76889.00148750003,0.1985124999664258,0.5955374998992775,sl,0.0,-0.07708771249996282,0.0768892,5.0,ifvg,0.001,-0.15397691249996281,22
2025-11,atr_15_45,726477,726477,-1,76876.0,76889.7,188.49999999998545,2261.9999999998254,inv,0.0,-0.09057599999999709,0.076876,5.0,ifvg_clean,0.001,-0.1674519999999971,23
2025-11,atr_15_45,726483,726483,1,76870.35,76870.94553749991,0.1985124999664258,0.5955374998992775,tp,0.0,-0.076274812500097,0.07687035,5.0,ifvg,0.001,-0.15314516250009702,24
2025-11,atr_15_45,726533,726533,1,76851.5,76852.0955374999,0.1985124999664258,0.5955374998992775,tp,0.0,-0.076255962500097,0.0768515,5.0,ifvg,0.001,-0.153107462500097,25
2025-11,atr_15_45,729466,729466,1,77380.25,77380.05148750004,0.1985124999664258,0.5955374998992775,sl,0.0,-0.07757876249996283,0.07738025000000001,5.0,ifvg,0.001,-0.15495901249996286,26
2025-11,atr_15_45,729466,729466,1,77420.5,77420.30148750004,0.1985124999664258,0.5955374998992775,sl,0.0,-0.07761901249996282,0.0774205,5.0,ifvg,0.001,-0.15503951249996284,27
2025-11,atr_15_45,729467,729467,1,77340.0,77339.80148750004,0.1985124999664258,0.5955374998992775,sl,0.0,-0.07753851249996283,0.07734,5.0,ifvg,0.001,-0.15487851249996282,28
2025-11,atr_15_45,729466,729471,-1,77348.8,77421.0,402.5,4830.0,inv,5.0,-0.1495487999999971,0.07734880000000001,5.0,ifvg_clean,0.001,-0.2268975999999971,29
2025-11,atr_15_45,732178,732178,1,77848.8,77848.60148750004,0.1985124999664258,0.5955374998992775,sl,0.0,-0.07804731249996283,0.07784880000000001,5.0,ifvg,0.001,-0.15589611249996282,30
2025-11,atr_15_45,732178,732178,1,77861.4,77861.20148750003,0.1985124999664258,0.5955374998992775,sl,0.0,-0.07805991249996282,0.0778614,5.0,ifvg,0.001,-0.15592131249996283,31
2025-11,atr_15_45,732178,732178,1,77874.0,77873.80148750004,0.1985124999664258,0.5955374998992775,sl,0.0,-0.07807251249996282,0.077874,5.0,ifvg,0.001,-0.15594651249996283,32
2025-11,atr_15_45,733840,733840,1,76955.85,76955.65148750004,0.1985124999664258,0.5955374998992775,inv,0.0,-0.07715436249996284,0.07695585000000002,5.0,ifvg,0.001,-0.15411021249996287,33
2025-11,atr_15_45,733840,733840,1,76971.5,76971.30148750004,0.1985124999664258,0.5955374998992775,sl,0.0,-0.07717001249996283,0.07697150000000001,5.0,ifvg,0.001,-0.15414151249996283,34
2025-11,atr_15_45,733840,733870,-1,76946.1,77102.60000000002,156.50000000001455,1878.0000000001746,sl,30.0,-0.23344610000001453,0.0769461,5.0,ifvg_clean,0.001,-0.31039220000001455,35
2025-11,atr_15_45,735506,735506,-1,77473.0,77473.19851249996,0.1985124999664258,0.5955374998992775,sl,0.0,-0.07767151249996282,0.077473,5.0,ifvg,0.001,-0.1551445124999628,36
2025-11,atr_15_45,735506,735506,-1,77426.0,77426.19851249996,0.1985124999664258,0.5955374998992775,sl,0.0,-0.07762451249996283,0.07742600000000001,5.0,ifvg,0.001,-0.15505051249996282,37
2025-11,atr_15_45,735511,735511,-1,77520.0,77519.4044625001,0.1985124999664258,0.5955374998992775,tp,0.0,-0.07692446250009699,0.07751999999999999,5.0,ifvg,0.001,-0.15444446250009697,38
2025-11,atr_15_45,735506,735542,1,77517.3,77425.5,470.0,5640.0,inv,36.0,-0.16931730000000292,0.07751730000000001,5.0,ifvg_clean,0.001,-0.24683460000000293,39
2025-11,atr_15_45,737180,737180,-1,77153.2,77153.39851249996,0.1985124999664258,0.5955374998992775,sl,0.0,-0.07735171249996282,0.0771532,5.0,ifvg,0.001,-0.15450491249996284,40
2025-11,atr_15_45,737180,737180,-1,77130.4,77130.59851249996,0.1985124999664258,0.5955374998992775,sl,0.0,-0.07732891249996282,0.0771304,5.0,ifvg,0.001,-0.1544593124999628,41
2025-11,atr_15_45,737201,737201,-1,77176.0,77175.4044625001,0.1985124999664258,0.5955374998992775,tp,0.0,-0.07658046250009701,0.07717600000000001,5.0,ifvg,0.001,-0.153756462500097,42
2025-11,atr_15_45,737180,737306,1,77168.0,77129.9,228.0000000000291,2736.0000000003492,inv,129.0,-0.11526800000000584,0.07716800000000001,5.0,ifvg_clean,0.001,-0.19243600000000585,43
2025-11,atr_15_45,738141,738141,-1,77720.1,77720.29851249997,0.1985124999664258,0.5955374998992775,inv,0.0,-0.07791861249996282,0.0777201,5.0,ifvg,0.001,-0.1556387124999628,44
2025-11,atr_15_45,738141,738141,-1,77692.1,77692.29851249997,0.1985124999664258,0.5955374998992775,sl,0.0,-0.07789061249996283,0.07769210000000001,5.0,ifvg,0.001,-0.15558271249996286,45
2025-11,atr_15_45,738141,738141,-1,77664.1,77664.29851249997,0.1985124999664258,0.5955374998992775,sl,0.0,-0.07786261249996282,0.0776641,5.0,ifvg,0.001,-0.1555267124999628,46
2025-11,atr_15_45,738817,738817,-1,77566.1,77566.29851249997,0.1985124999664258,0.5955374998992775,inv,0.0,-0.07776461249996283,0.07756610000000001,5.0,ifvg,0.001,-0.15533071249996283,47
2025-11,atr_15_45,738817,738817,-1,77536.2,77536.39851249996,0.1985124999664258,0.5955374998992775,sl,0.0,-0.07773471249996282,0.0775362,5.0,ifvg,0.001,-0.15527091249996283,48
2025-11,atr_15_45,738822,738822,-1,77596.0,77596.19851249996,0.1985124999664258,0.5955374998992775,inv,0.0,-0.07779451249996283,0.07759600000000001,5.0,ifvg,0.001,-0.15539051249996283,49
2025-11,atr_15_45,732178,739636,-1,77844.1,77874.5,125.99999999998545,1511.9999999998254,inv,7462.0,-0.1082440999999942,0.07784410000000001,5.0,ifvg_clean,0.001,-0.1860881999999942,50
2025-11,atr_15_45,741966,741966,1,77960.0,77959.80148750004,0.1985124999664258,0.5955374998992775,sl,0.0,-0.07815851249996283,0.07796000000000002,5.0,ifvg,0.001,-0.15611851249996284,51
2025-11,atr_15_45,741966,741966,1,77981.6,77981.40148750004,0.1985124999664258,0.5955374998992775,sl,0.0,-0.07818011249996283,0.07798160000000001,5.0,ifvg,0.001,-0.15616171249996286,52
2025-11,atr_15_45,741966,741966,1,78003.2,78003.00148750003,0.1985124999664258,0.5955374998992775,sl,0.0,-0.07820171249996281,0.0780032,5.0,ifvg,0.001,-0.15620491249996282,53
2025-11,atr_15_45,741966,741994,-1,77883.3,78003.7,215.99999999998545,2591.9999999998254,inv,28.0,-0.19828329999999417,0.0778833,5.0,ifvg_clean,0.001,-0.27616659999999416,54
2025-11,atr_15_45,742004,742004,-1,78321.6,78321.79851249997,0.1985124999664258,0.5955374998992775,inv,0.0,-0.07852011249996282,0.0783216,5.0,ifvg,0.001,-0.15684171249996282,55
2025-11,atr_15_45,742004,742004,-1,78299.25,78298.6544625001,0.1985124999664258,0.5955374998992775,tp,0.0,-0.077703712500097,0.07829925,5.0,ifvg,0.001,-0.156002962500097,56
2025-11,atr_15_45,742004,742004,-1,78276.9,78277.09851249996,0.1985124999664258,0.5955374998992775,sl,0.0,-0.07847541249996282,0.0782769,5.0,ifvg,0.001,-0.1567523124999628,57
2025-11,atr_15_45,742005,742005,1,78521.4,78521.9955374999,0.1985124999664258,0.5955374998992775,tp,0.0,-0.077925862500097,0.0785214,5.0,ifvg,0.001,-0.156447262500097,58
2025-11,atr_15_45,742005,742005,1,78547.4,78547.20148750003,0.1985124999664258,0.5955374998992775,sl,0.0,-0.07874591249996282,0.0785474,5.0,ifvg,0.001,-0.1572933124999628,59
2025-11,atr_15_45,742005,742005,1,78573.4,78573.20148750003,0.1985124999664258,0.5955374998992775,sl,0.0,-0.0787719124999628,0.07857339999999999,5.0,ifvg,0.001,-0.1573453124999628,60
2025-11,atr_15_45,742005,742011,-1,78526.7,78573.9,260.0,3120.0,inv,6.0,-0.12572669999999708,0.0785267,5.0,ifvg_clean,0.001,-0.2042533999999971,61
2025-11,atr_15_45,725360,742100,1,76392.0,79205.99999999965,234.4999999999709,2813.9999999996508,tp,16745.0,2.737607999999651,0.076392,5.0,ifvg_clean,0.001,2.6612159999996514,62
2025-11,atr_15_45,742004,742362,1,78295.3,80977.3000000007,223.5000000000582,2682.0000000006985,tp,358.0,2.6037047000006983,0.0782953,5.0,ifvg_clean,0.001,2.525409400000698,63
2025-11,atr_15_45,738141,742466,1,77720.1,81080.1,280.0,3360.0,tp,4327.0,3.2822799,0.0777201,5.0,ifvg_clean,0.001,3.2045597999999997,64
2025-11,atr_15_45,738817,742472,1,77579.1,81167.10000000018,299.00000000001455,3588.0000000001746,tp,3657.0,3.5104209000001747,0.07757910000000001,5.0,ifvg_clean,0.001,3.432841800000175,65
2025-11,atr_15_45,746114,746114,-1,82677.5,82677.69851249996,0.1985124999664258,0.5955374998992775,inv,0.0,-0.08287601249996282,0.0826775,5.0,ifvg,0.001,-0.1655535124999628,66
2025-11,atr_15_45,746114,746114,-1,82658.4,82658.59851249996,0.1985124999664258,0.5955374998992775,sl,0.0,-0.08285691249996283,0.0826584,5.0,ifvg,0.001,-0.16551531249996282,67
2025-11,atr_15_45,746114,746114,-1,82639.3,82639.49851249997,0.1985124999664258,0.5955374998992775,sl,0.0,-0.08283781249996283,0.08263930000000001,5.0,ifvg,0.001,-0.16547711249996283,68
2025-11,atr_15_45,746114,746190,1,82677.8,82486.80000000002,190.99999999998545,2291.9999999998254,sl,76.0,-0.2736777999999855,0.08267780000000001,5.0,ifvg_clean,0.001,-0.3563555999999855,69
2025-11,atr_15_45,751131,751131,1,82364.75,82364.55148750004,0.1985124999664258,0.5955374998992775,inv,0.0,-0.08256326249996282,0.08236475,5.0,ifvg,0.001,-0.1649280124999628,70
2025-11,atr_15_45,751131,751131,1,82376.9,82376.70148750003,0.1985124999664258,0.5955374998992775,sl,0.0,-0.08257541249996281,0.08237689999999999,5.0,ifvg,0.001,-0.16495231249996278,71
2025-11,atr_15_45,751159,751159,1,82352.6,82352.40148750004,0.1985124999664258,0.5955374998992775,inv,0.0,-0.08255111249996283,0.08235260000000001,5.0,ifvg,0.001,-0.16490371249996283,72
2025-11,atr_15_45,751131,751652,-1,82357.3,82478.79999999994,121.49999999994179,1457.9999999993015,sl,521.0,-0.2038572999999418,0.08235730000000001,5.0,ifvg_clean,0.001,-0.2862145999999418,73
2025-11,atr_15_45,755703,755703,-1,83035.7,83035.89851249996,0.1985124999664258,0.5955374998992775,inv,0.0,-0.08323421249996282,0.0830357,5.0,ifvg,0.001,-0.1662699124999628,74
2025-11,atr_15_45,755703,755703,-1,82980.0,82980.19851249996,0.1985124999664258,0.5955374998992775,sl,0.0,-0.08317851249996283,0.08298000000000001,5.0,ifvg,0.001,-0.16615851249996283,75
2025-11,atr_15_45,755712,755712,-1,83091.4,83091.59851249996,0.1985124999664258,0.5955374998992775,inv,0.0,-0.08328991249996281,0.0830914,5.0,ifvg,0.001,-0.1663813124999628,76
2025-11,atr_15_45,757425,757425,-1,82958.0,82957.4044625001,0.1985124999664258,0.5955374998992775,tp,0.0,-0.082362462500097,0.082958,5.0,ifvg,0.001,-0.16532046250009702,77
2025-11,atr_15_45,757425,757425,-1,82943.75,82943.94851249996,0.1985124999664258,0.5955374998992775,sl,0.0,-0.08314226249996283,0.08294375000000001,5.0,ifvg,0.001,-0.16608601249996285,78
2025-11,atr_15_45,757425,757425,-1,82929.5,82929.69851249996,0.1985124999664258,0.5955374998992775,sl,0.0,-0.08312801249996282,0.0829295,5.0,ifvg,0.001,-0.1660575124999628,79
2025-11,atr_15_45,757425,757451,1,82957.3,82929.0,142.5,1710.0,inv,26.0,-0.11125730000000292,0.08295730000000001,5.0,ifvg_clean,0.001,-0.19421460000000293,80
2025-11,atr_15_45,755703,765887,1,83085.3,82528.30000000003,556.9999999999709,6683.999999999651,sl,10192.0,-0.640085299999971,0.0830853,5.0,ifvg_clean,0.001,-0.723170599999971,81
2025-11,atr_15_45,814568,814568,1,81519.55,81519.35148750004,0.1985124999664258,0.5955374998992775,inv,0.0,-0.08171806249996283,0.08151955000000001,5.0,ifvg,0.001,-0.16323761249996283,82
2025-11,atr_15_45,814568,814568,1,81534.0,81533.80148750004,0.1985124999664258,0.5955374998992775,sl,0.0,-0.08173251249996283,0.08153400000000001,5.0,ifvg,0.001,-0.16326651249996282,83
2025-11,atr_15_45,814580,814580,1,81505.1,81504.90148750004,0.1985124999664258,0.5955374998992775,inv,0.0,-0.08170361249996283,0.08150510000000001,5.0,ifvg,0.001,-0.16320871249996283,84
2025-11,atr_15_45,814568,814733,-1,81509.2,81653.69999999997,144.4999999999709,1733.9999999996508,sl,165.0,-0.22600919999997088,0.08150919999999999,5.0,ifvg_clean,0.001,-0.3075183999999709,85
2025-11,atr_15_45,827743,827743,-1,78693.6,78693.79851249997,0.1985124999664258,0.5955374998992775,sl,0.0,-0.07889211249996282,0.0786936,5.0,ifvg,0.001,-0.15758571249996284,86
2025-11,atr_15_45,827743,827743,-1,78633.9,78634.09851249996,0.1985124999664258,0.5955374998992775,sl,0.0,-0.07883241249996281,0.07863389999999999,5.0,ifvg,0.001,-0.1574663124999628,87
2025-11,atr_15_45,827757,827757,-1,78753.3,78752.7044625001,0.1985124999664258,0.5955374998992775,tp,0.0,-0.07815776250009701,0.07875330000000001,5.0,ifvg,0.001,-0.156911062500097,88
2025-11,atr_15_45,827743,827991,1,78751.0,78633.4,597.0000000000437,7164.000000000524,inv,248.0,-0.19635100000000583,0.078751,5.0,ifvg_clean,0.001,-0.27510200000000584,89
2025-11,atr_15_45,829552,829552,-1,79160.0,79160.19851249996,0.1985124999664258,0.5955374998992775,sl,0.0,-0.07935851249996281,0.07916,5.0,ifvg,0.001,-0.1585185124999628,90
2025-11,atr_15_45,829552,829552,-1,79149.95,79150.14851249996,0.1985124999664258,0.5955374998992775,sl,0.0,-0.07934846249996283,0.07914995000000001,5.0,ifvg,0.001,-0.15849841249996283,91
2025-11,atr_15_45,829552,829552,-1,79139.9,79140.09851249996,0.1985124999664258,0.5955374998992775,sl,0.0,-0.07933841249996282,0.0791399,5.0,ifvg,0.001,-0.1584783124999628,92
2025-11,atr_15_45,829552,829576,1,79173.2,79139.4,100.5000000000291,1206.0000000003492,inv,24.0,-0.11297320000000291,0.0791732,5.0,ifvg_clean,0.001,-0.1921464000000029,93
2025-11,atr_15_45,831600,831600,-1,79241.3,79241.49851249997,0.1985124999664258,0.5955374998992775,inv,0.0,-0.07943981249996283,0.07924130000000001,5.0,ifvg,0.001,-0.15868111249996286,94
2025-11,atr_15_45,831600,831600,-1,79214.95000000001,79215.14851249997,0.1985124999664258,0.5955374998992775,sl,0.0,-0.07941346249996284,0.07921495000000002,5.0,ifvg,0.001,-0.15862841249996285,95
2025-11,atr_15_45,831600,831600,-1,79188.6,79188.79851249997,0.1985124999664258,0.5955374998992775,sl,0.0,-0.07938711249996283,0.07918860000000001,5.0,ifvg,0.001,-0.15857571249996283,96
2025-11,atr_15_45,831687,831687,1,79280.0,79279.80148750004,0.1985124999664258,0.5955374998992775,sl,0.0,-0.07947851249996282,0.07928,5.0,ifvg,0.001,-0.1587585124999628,97
2025-11,atr_15_45,831687,831687,1,79300.0,79299.80148750004,0.1985124999664258,0.5955374998992775,sl,0.0,-0.07949851249996281,0.0793,5.0,ifvg,0.001,-0.1587985124999628,98
2025-11,atr_15_45,831689,831689,1,79260.0,79260.5955374999,0.1985124999664258,0.5955374998992775,tp,0.0,-0.07866446250009701,0.07926000000000001,5.0,ifvg,0.001,-0.157924462500097,99
2025-11,atr_15_45,831687,831693,-1,79266.6,79300.5,200.0,2400.0,inv,6.0,-0.11316659999999418,0.0792666,5.0,ifvg_clean,0.001,-0.1924331999999942,100
2025-11,atr_15_45,853164,853164,-1,79596.0,79595.4044625001,0.1985124999664258,0.5955374998992775,tp,0.0,-0.079000462500097,0.079596,5.0,fvg,0.001,-0.158596462500097,101
2025-11,atr_15_45,853164,853164,-1,79563.3,79563.49851249997,0.1985124999664258,0.5955374998992775,sl,0.0,-0.07976181249996282,0.0795633,5.0,fvg,0.001,-0.15932511249996284,102
2025-11,atr_15_45,854638,854638,-1,79416.55,79415.9544625001,0.1985124999664258,0.5955374998992775,tp,0.0,-0.078821012500097,0.07941655,5.0,ifvg,0.001,-0.15823756250009702,103
2025-11,atr_15_45,854638,854638,-1,79406.0,79406.19851249996,0.1985124999664258,0.5955374998992775,sl,0.0,-0.07960451249996282,0.079406,5.0,ifvg,0.001,-0.15901051249996284,104
2025-11,atr_15_45,854638,854645,1,79415.7,79405.5,105.5000000000291,1266.0000000003492,inv,7.0,-0.08961569999999709,0.0794157,5.0,ifvg_clean,0.001,-0.1690313999999971,105
2025-11,atr_15_45,854654,854654,-1,79427.1,79426.5044625001,0.1985124999664258,0.5955374998992775,tp,0.0,-0.07883156250009701,0.07942710000000001,5.0,ifvg,0.001,-0.158258662500097,106
2025-11,atr_15_45,831600,855415,1,79236.5,78973.00000000001,263.49999999998545,3161.9999999998254,sl,24228.0,-0.34273649999998546,0.0792365,5.0,ifvg_clean,0.001,-0.42197299999998544,107
2025-11,atr_15_45,856804,856804,-1,79525.6,79525.79851249997,0.1985124999664258,0.5955374998992775,sl,0.0,-0.07972411249996283,0.07952560000000002,5.0,fvg,0.001,-0.15924971249996284,108
2025-11,atr_15_45,857270,857270,-1,79537.75,79537.1544625001,0.1985124999664258,0.5955374998992775,tp,0.0,-0.078942212500097,0.07953775,5.0,fvg,0.001,-0.158479962500097,109
2025-11,atr_15_45,857274,857274,-1,79549.9,79549.30446250009,0.1985124999664258,0.5955374998992775,tp,0.0,-0.07895436250009699,0.07954989999999999,5.0,fvg,0.001,-0.15850426250009697,110
2025-11,atr_15_45,857358,857358,-1,79628.7,79628.1044625001,0.1985124999664258,0.5955374998992775,tp,0.0,-0.079033162500097,0.0796287,5.0,fvg,0.001,-0.158661862500097,111
2025-11,atr_15_45,862409,862409,1,80287.5,80287.30148750004,0.1985124999664258,0.5955374998992775,sl,0.0,-0.08048601249996283,0.08028750000000001,5.0,ifvg,0.001,-0.16077351249996286,112
2025-11,atr_15_45,862409,862409,1,80313.05,80312.85148750004,0.1985124999664258,0.5955374998992775,sl,0.0,-0.08051156249996283,0.08031305000000001,5.0,ifvg,0.001,-0.16082461249996283,113
2025-11,atr_15_45,862409,862409,1,80338.6,80338.40148750004,0.1985124999664258,0.5955374998992775,sl,0.0,-0.08053711249996283,0.08033860000000001,5.0,ifvg,0.001,-0.16087571249996285,114
2025-11,atr_15_45,862409,862774,-1,80280.1,80339.1,255.5000000000291,3066.0000000003492,inv,365.0,-0.13928010000000002,0.08028010000000001,5.0,ifvg_clean,0.001,-0.21956020000000004,115
2025-11,atr_15_45,863815,863815,-1,80609.2,80609.39851249996,0.1985124999664258,0.5955374998992775,inv,0.0,-0.08080771249996282,0.0806092,5.0,ifvg,0.001,-0.16141691249996282,116
2025-11,atr_15_45,863815,863815,-1,80587.4,80587.59851249996,0.1985124999664258,0.5955374998992775,sl,0.0,-0.08078591249996282,0.0805874,5.0,ifvg,0.001,-0.16137331249996284,117
2025-11,atr_15_45,864055,864055,-1,80631.0,80631.19851249996,0.1985124999664258,0.5955374998992775,inv,0.0,-0.08082951249996283,0.08063100000000001,5.0,ifvg,0.001,-0.16146051249996285,118
2025-11,atr_15_45,870988,870988,-1,80535.0,80535.19851249996,0.1985124999664258,0.5955374998992775,sl,0.0,-0.08073351249996281,0.080535,5.0,ifvg,0.001,-0.16126851249996282,119
2025-11,atr_15_45,870988,870988,-1,80521.9,80522.09851249996,0.1985124999664258,0.5955374998992775,sl,0.0,-0.08072041249996283,0.08052190000000001,5.0,ifvg,0.001,-0.16124231249996285,120
2025-11,atr_15_45,871004,871004,-1,80548.1,80547.5044625001,0.1985124999664258,0.5955374998992775,tp,0.0,-0.07995256250009701,0.08054810000000001,5.0,ifvg,0.001,-0.16050066250009704,121
2025-11,atr_15_45,880686,880686,1,80788.9,80788.70148750003,0.1985124999664258,0.5955374998992775,sl,0.0,-0.08098741249996282,0.0807889,5.0,ifvg,0.001,-0.16177631249996283,122
2025-11,atr_15_45,880686,880686,1,80807.8,80807.60148750004,0.1985124999664258,0.5955374998992775,sl,0.0,-0.08100631249996282,0.0808078,5.0,ifvg,0.001,-0.1618141124999628,123
2025-11,atr_15_45,880686,880687,-1,80779.6,80808.3,189.00000000001455,2268.0000000001746,inv,1.0,-0.1094795999999971,0.08077960000000001,5.0,ifvg_clean,0.001,-0.1902591999999971,124
2025-11,atr_15_45,880695,880695,1,80770.0,80770.5955374999,0.1985124999664258,0.5955374998992775,tp,0.0,-0.080174462500097,0.08077,5.0,ifvg,0.001,-0.16094446250009697,125
2025-11,atr_15_45,880711,880711,-1,80890.0,80890.19851249996,0.1985124999664258,0.5955374998992775,inv,0.0,-0.08108851249996282,0.08089,5.0,ifvg,0.001,-0.1619785124999628,126
2025-11,atr_15_45,880711,880711,-1,80864.2,80864.39851249996,0.1985124999664258,0.5955374998992775,sl,0.0,-0.08106271249996282,0.0808642,5.0,ifvg,0.001,-0.16192691249996283,127
2025-11,atr_15_45,880711,880711,-1,80838.4,80838.59851249996,0.1985124999664258,0.5955374998992775,sl,0.0,-0.08103691249996281,0.08083839999999999,5.0,ifvg,0.001,-0.1618753124999628,128
2025-11,atr_15_45,881134,881134,1,81492.9,81492.70148750003,0.1985124999664258,0.5955374998992775,sl,0.0,-0.08169141249996281,0.0814929,5.0,fvg,0.001,-0.1631843124999628,129
2025-11,atr_15_45,881679,881679,1,81292.45,81293.0455374999,0.1985124999664258,0.5955374998992775,tp,0.0,-0.080696912500097,0.08129245,5.0,fvg,0.001,-0.161989362500097,130
2025-11,atr_15_45,883583,883583,-1,81580.2,81580.39851249996,0.1985124999664258,0.5955374998992775,sl,0.0,-0.08177871249996282,0.0815802,5.0,fvg,0.001,-0.16335891249996282,131
2025-11,atr_15_45,883600,883600,-1,81606.65,81606.05446250009,0.1985124999664258,0.5955374998992775,tp,0.0,-0.081011112500097,0.08160665,5.0,fvg,0.001,-0.16261776250009702,132
2025-11,atr_15_45,885286,885286,-1,81633.1,81632.5044625001,0.1985124999664258,0.5955374998992775,tp,0.0,-0.08103756250009701,0.08163310000000001,5.0,fvg,0.001,-0.16267066250009704,133
2025-11,atr_15_45,870988,885833,1,80543.8,82115.8000000007,131.0000000000582,1572.0000000006985,tp,14892.0,1.4914562000006986,0.08054380000000001,5.0,ifvg_clean,0.001,1.4109124000006985,134
2025-11,atr_15_45,889177,889177,-1,82689.5,82689.69851249996,0.1985124999664258,0.5955374998992775,inv,0.0,-0.08288801249996282,0.0826895,5.0,ifvg,0.001,-0.16557751249996283,135
2025-11,atr_15_45,889177,889177,-1,82679.0,82679.19851249996,0.1985124999664258,0.5955374998992775,sl,0.0,-0.08287751249996282,0.082679,5.0,ifvg,0.001,-0.16555651249996284,136
2025-11,atr_15_45,889305,889305,-1,82700.0,82700.19851249996,0.1985124999664258,0.5955374998992775,inv,0.0,-0.08289851249996283,0.08270000000000001,5.0,ifvg,0.001,-0.16559851249996282,137
2025-11,atr_15_45,889177,890376,1,82690.8,82585.8,105.0,1260.0,sl,1199.0,-0.1876908,0.08269080000000001,5.0,ifvg_clean,0.001,-0.2703816,138
2025-11,atr_15_45,896810,896810,1,82288.1,82287.90148750004,0.1985124999664258,0.5955374998992775,sl,0.0,-0.08248661249996284,0.08228810000000002,5.0,ifvg,0.001,-0.16477471249996284,139
2025-11,atr_15_45,896810,896810,1,82317.85,82317.65148750004,0.1985124999664258,0.5955374998992775,sl,0.0,-0.08251636249996283,0.08231785000000001,5.0,ifvg,0.001,-0.16483421249996283,140
2025-11,atr_15_45,896810,896810,1,82347.6,82347.40148750004,0.1985124999664258,0.5955374998992775,sl,0.0,-0.08254611249996284,0.08234760000000002,5.0,ifvg,0.001,-0.16489371249996287,141
2025-11,atr_15_45,896810,896850,-1,82286.5,82348.1,297.5,3570.0,inv,40.0,-0.14388650000000583,0.0822865,5.0,ifvg_clean,0.001,-0.22617300000000584,142
2025-11,atr_15_45,863815,900954,1,80627.9,83243.90000000034,218.0000000000291,2616.0000000003492,tp,37206.0,2.535372100000349,0.0806279,5.0,ifvg_clean,0.001,2.454744200000349,143
2025-11,atr_15_45,905779,905779,-1,82059.7,82059.89851249996,0.1985124999664258,0.5955374998992775,sl,0.0,-0.08225821249996282,0.0820597,5.0,ifvg,0.001,-0.1643179124999628,144
2025-11,atr_15_45,905779,905779,-1,81986.0,81986.19851249996,0.1985124999664258,0.5955374998992775,sl,0.0,-0.08218451249996282,0.081986,5.0,ifvg,0.001,-0.16417051249996284,145
2025-11,atr_15_45,905780,905780,-1,82133.4,82132.80446250009,0.1985124999664258,0.5955374998992775,tp,0.0,-0.081537862500097,0.0821334,5.0,ifvg,0.001,-0.163671262500097,146
2025-11,atr_15_45,905779,905827,1,82123.8,81985.5,736.9999999999709,8843.99999999965,inv,48.0,-0.22042380000000295,0.08212380000000001,5.0,ifvg_clean,0.001,-0.30254760000000297,147
2025-11,atr_15_45,906571,906572,1,81900.0,81900.5955374999,0.1985124999664258,0.5955374998992775,tp,1.0,-0.081304462500097,0.0819,5.0,fvg,0.001,-0.16320446250009701,148
2025-11,atr_15_45,906644,906644,1,81840.8,81841.3955374999,0.1985124999664258,0.5955374998992775,tp,0.0,-0.081245262500097,0.0818408,5.0,fvg,0.001,-0.163086062500097,149
2025-11,atr_15_45,906695,906695,1,81781.6,81782.19553749991,0.1985124999664258,0.5955374998992775,tp,0.0,-0.08118606250009701,0.08178160000000001,5.0,fvg,0.001,-0.16296766250009703,150
2025-11,atr_15_45,906736,906736,-1,81904.5,81903.9044625001,0.1985124999664258,0.5955374998992775,tp,0.0,-0.081308962500097,0.0819045,5.0,fvg,0.001,-0.163213462500097,151
2025-11,atr_15_45,906739,906739,-1,81931.2,81930.6044625001,0.1985124999664258,0.5955374998992775,tp,0.0,-0.08133566250009701,0.08193120000000001,5.0,fvg,0.001,-0.16326686250009703,152
2025-11,atr_15_45,906771,906771,-1,81957.9,81957.30446250009,0.1985124999664258,0.5955374998992775,tp,0.0,-0.081362362500097,0.0819579,5.0,fvg,0.001,-0.163320262500097,153
2025-11,atr_15_45,909245,909245,1,82486.35,82486.15148750004,0.1985124999664258,0.5955374998992775,sl,0.0,-0.08268486249996282,0.08248635,5.0,ifvg,0.001,-0.1651712124999628,154
2025-11,atr_15_45,909245,909245,1,82514.5,82514.30148750004,0.1985124999664258,0.5955374998992775,sl,0.0,-0.08271301249996282,0.0825145,5.0,ifvg,0.001,-0.16522751249996281,155
2025-11,atr_15_45,909318,909318,1,82458.2,82458.00148750003,0.1985124999664258,0.5955374998992775,sl,0.0,-0.08265671249996283,0.08245820000000001,5.0,ifvg,0.001,-0.16511491249996285,156
2025-11,atr_15_45,909245,909423,-1,82462.4,82515.0,281.50000000001455,3378.0000000001746,inv,181.0,-0.13506240000000583,0.0824624,5.0,ifvg_clean,0.001,-0.21752480000000585,157
2025-11,atr_15_45,910574,910574,-1,82247.55,82247.74851249997,0.1985124999664258,0.5955374998992775,sl,0.0,-0.08244606249996282,0.08224755,5.0,fvg,0.001,-0.16469361249996284,158
2025-11,atr_15_45,910574,910574,-1,82234.3,82234.49851249997,0.1985124999664258,0.5955374998992775,sl,0.0,-0.08243281249996283,0.08223430000000001,5.0,fvg,0.001,-0.16466711249996285,159
2025-11,atr_15_45,910587,910587,-1,82260.8,82260.2044625001,0.1985124999664258,0.5955374998992775,tp,0.0,-0.08166526250009701,0.08226080000000001,5.0,fvg,0.001,-0.163926062500097,160
2025-11,atr_15_45,911207,911207,-1,82400.0,82400.19851249996,0.1985124999664258,0.5955374998992775,sl,0.0,-0.08259851249996282,0.0824,5.0,fvg,0.001,-0.16499851249996283,161
2025-11,atr_15_45,911217,911217,-1,82427.55,82426.9544625001,0.1985124999664258,0.5955374998992775,tp,0.0,-0.08183201250009701,0.08242755000000002,5.0,fvg,0.001,-0.16425956250009704,162
2025-11,atr_15_45,911249,911249,-1,82455.1,82454.5044625001,0.1985124999664258,0.5955374998992775,tp,0.0,-0.081859562500097,0.0824551,5.0,fvg,0.001,-0.16431466250009702,163
2025-11,atr_15_45,911491,911491,1,82573.3,82573.8955374999,0.1985124999664258,0.5955374998992775,tp,0.0,-0.081977762500097,0.0825733,5.0,fvg,0.001,-0.164551062500097,164
2025-11,atr_15_45,880711,915647,1,80874.3,83970.30000000035,258.0000000000291,3096.0000000003492,tp,34951.0,3.015125700000349,0.08087430000000001,5.0,ifvg_clean,0.001,2.934251400000349,165
2025-11,atr_15_45,948607,948607,-1,82801.4,82801.59851249996,0.1985124999664258,0.5955374998992775,sl,0.0,-0.08299991249996282,0.0828014,5.0,fvg,0.001,-0.16580131249996283,166
2025-11,atr_15_45,948628,948628,-1,82850.75,82850.1544625001,0.1985124999664258,0.5955374998992775,tp,0.0,-0.082255212500097,0.08285075,5.0,fvg,0.001,-0.16510596250009701,167
2025-11,atr_15_45,949102,949102,-1,82900.1,82899.5044625001,0.1985124999664258,0.5955374998992775,tp,0.0,-0.082304562500097,0.0829001,5.0,fvg,0.001,-0.16520466250009702,168
2025-11,atr_15_45,1037184,1037184,1,85555.4,85555.20148750003,0.1985124999664258,0.5955374998992775,sl,0.0,-0.08575391249996281,0.08555539999999999,5.0,fvg,0.001,-0.17130931249996278,169
2025-11,atr_15_45,1037187,1037187,1,85538.15,85538.7455374999,0.1985124999664258,0.5955374998992775,tp,0.0,-0.084942612500097,0.08553815000000001,5.0,fvg,0.001,-0.17048076250009703,170
2025-11,atr_15_45,1037189,1037189,1,85520.9,85521.4955374999,0.1985124999664258,0.5955374998992775,tp,0.0,-0.084925362500097,0.0855209,5.0,fvg,0.001,-0.17044626250009698,171
2025-11,atr_15_45,1245361,1245361,-1,85642.55,85642.74851249997,0.1985124999664258,0.5955374998992775,sl,0.0,-0.08584106249996282,0.08564255,5.0,ifvg,0.001,-0.1714836124999628,172
2025-11,atr_15_45,1245361,1245361,-1,85620.0,85620.19851249996,0.1985124999664258,0.5955374998992775,sl,0.0,-0.08581851249996282,0.08562,5.0,ifvg,0.001,-0.17143851249996284,173
2025-11,atr_15_45,1245361,1245363,1,85652.4,85619.5,225.5000000000291,2706.0000000003492,inv,2.0,-0.11855239999999417,0.0856524,5.0,ifvg_clean,0.001,-0.2042047999999942,174
2025-11,atr_15_45,1252583,1252583,-1,84927.9,84928.09851249996,0.1985124999664258,0.5955374998992775,sl,0.0,-0.08512641249996282,0.0849279,5.0,ifvg,0.001,-0.17005431249996283,175
2025-11,atr_15_45,1252583,1252583,-1,84910.6,84910.79851249997,0.1985124999664258,0.5955374998992775,sl,0.0,-0.08510911249996282,0.0849106,5.0,ifvg,0.001,-0.17001971249996284,176
2025-11,atr_15_45,1252583,1252601,1,84929.0,84910.1,172.99999999995634,2075.999999999476,inv,18.0,-0.10382899999999418,0.084929,5.0,ifvg_clean,0.001,-0.18875799999999418,177
2025-11,atr_15_45,1252621,1252621,-1,84945.2,84944.6044625001,0.1985124999664258,0.5955374998992775,tp,0.0,-0.084349662500097,0.0849452,5.0,ifvg,0.001,-0.169294862500097,178
2025-11,atr_15_45,1342528,1342528,1,85354.4,85354.20148750003,0.1985124999664258,0.5955374998992775,sl,0.0,-0.08555291249996282,0.0853544,5.0,ifvg,0.001,-0.17090731249996283,179
2025-11,atr_15_45,1342528,1342528,-1,85329.7,85354.9,387.99999999995634,4655.999999999476,inv,0.0,-0.1105296999999971,0.08532970000000001,5.0,ifvg_clean,0.001,-0.1958593999999971,180
2025-11,atr_15_45,1342533,1342533,1,85276.8,85277.3955374999,0.1985124999664258,0.5955374998992775,tp,0.0,-0.08468126250009701,0.08527680000000001,5.0,ifvg,0.001,-0.16995806250009704,181
2025-11,atr_15_45,1342533,1342533,1,85315.6,85316.19553749991,0.1985124999664258,0.5955374998992775,tp,0.0,-0.084720062500097,0.0853156,5.0,ifvg,0.001,-0.170035662500097,182
2025-11,atr_15_45,1344808,1344808,1,83752.9,83752.70148750003,0.1985124999664258,0.5955374998992775,inv,0.0,-0.08395141249996282,0.0837529,5.0,ifvg,0.001,-0.16770431249996282,183
2025-11,atr_15_45,1344808,1344808,1,83770.45,83770.25148750003,0.1985124999664258,0.5955374998992775,sl,0.0,-0.08396896249996282,0.08377045,5.0,ifvg,0.001,-0.16773941249996283,184
2025-11,atr_15_45,1344808,1344808,1,83788.0,83787.80148750004,0.1985124999664258,0.5955374998992775,sl,0.0,-0.08398651249996282,0.083788,5.0,ifvg,0.001,-0.16777451249996284,185
2025-11,atr_15_45,1344862,1344862,1,83618.1,83617.90148750004,0.1985124999664258,0.5955374998992775,sl,0.0,-0.08381661249996283,0.08361810000000001,5.0,fvg,0.001,-0.16743471249996283,186
2025-11,atr_15_45,1344867,1344867,1,83589.70000000001,83590.29553749991,0.1985124999664258,0.5955374998992775,tp,0.0,-0.082994162500097,0.0835897,5.0,fvg,0.001,-0.166583862500097,187
2025-11,atr_15_45,1344882,1344882,1,83676.75,83676.55148750004,0.1985124999664258,0.5955374998992775,inv,0.0,-0.08387526249996281,0.08367675,5.0,ifvg,0.001,-0.16755201249996282,188
2025-11,atr_15_45,1344882,1344882,1,83700.0,83699.80148750004,0.1985124999664258,0.5955374998992775,sl,0.0,-0.08389851249996283,0.08370000000000001,5.0,ifvg,0.001,-0.16759851249996283,189
2025-11,atr_15_45,1344884,1344884,1,83653.5,83653.30148750004,0.1985124999664258,0.5955374998992775,inv,0.0,-0.08385201249996282,0.0836535,5.0,ifvg,0.001,-0.16750551249996282,190
2025-11,atr_15_45,1344882,1344918,-1,83657.4,83889.9,232.5,2790.0,sl,36.0,-0.31615740000000003,0.08365739999999999,5.0,ifvg_clean,0.001,-0.3998148,191
2025-11,atr_15_45,1344808,1344921,-1,83748.0,83923.50000000003,175.5000000000291,2106.0000000003492,sl,113.0,-0.2592480000000291,0.083748,5.0,ifvg_clean,0.001,-0.3429960000000291,192
2025-11,atr_15_45,1350269,1350269,-1,84002.4,84002.59851249996,0.1985124999664258,0.5955374998992775,sl,0.0,-0.08420091249996281,0.08400239999999999,5.0,fvg,0.001,-0.1682033124999628,193
2025-11,atr_15_45,1350350,1350350,-1,84036.2,84035.6044625001,0.1985124999664258,0.5955374998992775,tp,0.0,-0.08344066250009699,0.08403619999999999,5.0,fvg,0.001,-0.16747686250009697,194
2025-11,atr_15_45,1350406,1350406,-1,84070.0,84069.4044625001,0.1985124999664258,0.5955374998992775,tp,0.0,-0.083474462500097,0.08407,5.0,fvg,0.001,-0.16754446250009702,195
2025-11,atr_15_45,1418914,1418914,1,84365.2,84365.00148750003,0.1985124999664258,0.5955374998992775,sl,0.0,-0.08456371249996282,0.0843652,5.0,fvg,0.001,-0.16892891249996284,196
2025-11,atr_15_45,1420429,1420429,-1,84510.2,84510.39851249996,0.1985124999664258,0.5955374998992775,inv,0.0,-0.08470871249996281,0.0845102,5.0,ifvg,0.001,-0.1692189124999628,197
2025-11,atr_15_45,1420429,1420429,-1,84486.0,84486.19851249996,0.1985124999664258,0.5955374998992775,sl,0.0,-0.08468451249996282,0.084486,5.0,ifvg,0.001,-0.16917051249996284,198
2025-11,atr_15_45,1420433,1420433,-1,84534.4,84534.59851249996,0.1985124999664258,0.5955374998992775,inv,0.0,-0.08473291249996281,0.0845344,5.0,ifvg,0.001,-0.1692673124999628,199
2025-11,atr_15_45,1420429,1505007,1,84531.9,84289.90000000002,241.9999999999709,2903.9999999996508,sl,88158.0,-0.3265318999999709,0.0845319,5.0,ifvg_clean,0.001,-0.4110637999999709,200
2025-11,atr_15_45,1523752,1523752,-1,84593.5,84593.69851249996,0.1985124999664258,0.5955374998992775,sl,0.0,-0.08479201249996282,0.0845935,5.0,fvg,0.001,-0.1693855124999628,201
2025-11,atr_15_45,1523752,1523754,-1,84606.2,84606.39851249996,0.1985124999664258,0.5955374998992775,sl,2.0,-0.08480471249996283,0.0846062,5.0,fvg,0.001,-0.16941091249996282,202
2025-11,atr_15_45,1541534,1541534,1,84846.1,84845.90148750004,0.1985124999664258,0.5955374998992775,sl,0.0,-0.08504461249996283,0.08484610000000001,5.0,ifvg,0.001,-0.16989071249996285,203
2025-11,atr_15_45,1541534,1541534,1,84869.6,84869.40148750004,0.1985124999664258,0.5955374998992775,sl,0.0,-0.08506811249996282,0.0848696,5.0,ifvg,0.001,-0.1699377124999628,204
2025-11,atr_15_45,1541534,1541577,-1,84824.9,84870.1,235.0,2820.0,inv,43.0,-0.13002490000001163,0.0848249,5.0,ifvg_clean,0.001,-0.21484980000001164,205
2025-11,atr_15_45,1542132,1542132,1,84822.6,84822.40148750004,0.1985124999664258,0.5955374998992775,inv,0.0,-0.08502111249996283,0.08482260000000001,5.0,ifvg,0.001,-0.16984371249996283,206
2025-11,atr_15_45,1701779,1701779,-1,87438.8,87438.99851249997,0.1985124999664258,0.5955374998992775,inv,0.0,-0.08763731249996282,0.0874388,5.0,ifvg,0.001,-0.1750761124999628,207
2025-11,atr_15_45,1701779,1702010,1,87439.7,87317.70000000003,121.9999999999709,1463.9999999996508,sl,231.0,-0.20943969999997092,0.08743970000000001,5.0,ifvg_clean,0.001,-0.2968793999999709,208
2025-11,atr_15_45,1702239,1702239,-1,87463.2,87463.39851249996,0.1985124999664258,0.5955374998992775,inv,0.0,-0.08766171249996282,0.0874632,5.0,ifvg,0.001,-0.17512491249996281,209
2025-11,atr_15_45,1702239,1702239,-1,87451.0,87450.4044625001,0.1985124999664258,0.5955374998992775,tp,0.0,-0.08685546250009701,0.08745100000000001,5.0,ifvg,0.001,-0.17430646250009701,210
2025-11,atr_15_45,1734044,1734044,-1,86677.0,86677.19851249996,0.1985124999664258,0.5955374998992775,sl,0.0,-0.08687551249996282,0.086677,5.0,fvg,0.001,-0.17355251249996284,211
2025-11,atr_15_45,1734053,1734053,-1,86692.55,86691.9544625001,0.1985124999664258,0.5955374998992775,tp,0.0,-0.086097012500097,0.08669255000000001,5.0,fvg,0.001,-0.17278956250009703,212
2025-11,atr_15_45,1734056,1734056,-1,86708.1,86707.5044625001,0.1985124999664258,0.5955374998992775,tp,0.0,-0.08611256250009701,0.08670810000000001,5.0,fvg,0.001,-0.17282066250009703,213
2025-11,atr_15_45,1743871,1743871,-1,87391.0,87391.19851249996,0.1985124999664258,0.5955374998992775,inv,0.0,-0.08758951249996283,0.08739100000000001,5.0,ifvg,0.001,-0.17498051249996283,214
2025-11,atr_15_45,1743871,1743871,-1,87301.5,87301.69851249996,0.1985124999664258,0.5955374998992775,sl,0.0,-0.08750001249996282,0.0873015,5.0,ifvg,0.001,-0.17480151249996284,215
2025-11,atr_15_45,1743871,1743871,-1,87212.0,87212.19851249996,0.1985124999664258,0.5955374998992775,sl,0.0,-0.08741051249996283,0.08721200000000001,5.0,ifvg,0.001,-0.17462251249996286,216
2025-11,atr_15_45,1747797,1747797,1,87932.65,87932.45148750003,0.1985124999664258,0.5955374998992775,sl,0.0,-0.08813116249996282,0.08793265,5.0,ifvg,0.001,-0.17606381249996284,217
2025-11,atr_15_45,1747797,1747797,1,87945.6,87945.40148750004,0.1985124999664258,0.5955374998992775,sl,0.0,-0.08814411249996283,0.08794560000000001,5.0,ifvg,0.001,-0.17608971249996286,218
2025-11,atr_15_45,1747808,1747808,1,87919.7,87920.2955374999,0.1985124999664258,0.5955374998992775,tp,0.0,-0.087324162500097,0.0879197,5.0,ifvg,0.001,-0.175243862500097,219
2025-11,atr_15_45,1747797,1747813,-1,87927.6,87946.1,129.50000000004366,1554.0000000005239,inv,16.0,-0.10642760000000001,0.08792760000000001,5.0,ifvg_clean,0.001,-0.1943552,220
2025-11,atr_15_45,1748294,1748294,-1,88080.2,88080.39851249996,0.1985124999664258,0.5955374998992775,inv,0.0,-0.08827871249996283,0.08808020000000001,5.0,ifvg,0.001,-0.17635891249996283,221
2025-11,atr_15_45,1748294,1748294,-1,88063.6,88063.79851249997,0.1985124999664258,0.5955374998992775,sl,0.0,-0.08826211249996282,0.0880636,5.0,ifvg,0.001,-0.17632571249996282,222
2025-11,atr_15_45,1748294,1748294,-1,88047.0,88047.19851249996,0.1985124999664258,0.5955374998992775,sl,0.0,-0.08824551249996282,0.088047,5.0,ifvg,0.001,-0.1762925124999628,223
2025-11,atr_15_45,1748294,1749627,1,88066.7,87900.70000000001,165.99999999998545,1991.9999999998254,sl,1333.0,-0.25406669999998543,0.0880667,5.0,ifvg_clean,0.001,-0.34213339999998543,224
2025-11,atr_15_45,1743871,1754330,1,87390.6,86495.6,895.0,10740.0,sl,10464.0,-0.9823906,0.08739060000000001,5.0,ifvg_clean,0.001,-1.0697812,225
2025-11,atr_15_45,1754487,1754487,-1,86512.8,86512.99851249997,0.1985124999664258,0.5955374998992775,sl,0.0,-0.08671131249996282,0.0865128,5.0,fvg,0.001,-0.17322411249996283,226
2025-11,atr_15_45,1754492,1754492,-1,86566.4,86565.80446250009,0.1985124999664258,0.5955374998992775,tp,0.0,-0.085970862500097,0.0865664,5.0,fvg,0.001,-0.172537262500097,227
2025-11,atr_15_45,1754586,1754586,-1,86620.0,86619.4044625001,0.1985124999664258,0.5955374998992775,tp,0.0,-0.086024462500097,0.08662,5.0,fvg,0.001,-0.17264446250009702,228
2025-11,atr_15_45,1755274,1755274,1,86947.15,86946.95148750003,0.1985124999664258,0.5955374998992775,inv,0.0,-0.08714566249996282,0.08694715,5.0,ifvg,0.001,-0.17409281249996283,229
2025-11,atr_15_45,1755274,1755274,1,86995.1,86994.90148750004,0.1985124999664258,0.5955374998992775,sl,0.0,-0.08719361249996282,0.0869951,5.0,ifvg,0.001,-0.17418871249996282,230
2025-11,atr_15_45,1755396,1755396,1,86899.2,86899.00148750003,0.1985124999664258,0.5955374998992775,inv,0.0,-0.08709771249996281,0.0868992,5.0,ifvg,0.001,-0.1739969124999628,231
2025-11,atr_15_45,1755274,1763354,-1,86899.9,87379.40000000004,479.50000000004366,5754.000000000524,sl,8109.0,-0.5663999000000437,0.0868999,5.0,ifvg_clean,0.001,-0.6532998000000437,232
2025-11,atr_15_45,1782623,1782623,-1,87533.5,87533.69851249996,0.1985124999664258,0.5955374998992775,inv,0.0,-0.08773201249996282,0.0875335,5.0,ifvg,0.001,-0.1752655124999628,233
2025-11,atr_15_45,1782623,1782623,-1,87504.1,87504.29851249997,0.1985124999664258,0.5955374998992775,sl,0.0,-0.08770261249996283,0.08750410000000002,5.0,ifvg,0.001,-0.17520671249996284,234
2025-11,atr_15_45,1782624,1782624,-1,87562.9,87563.09851249996,0.1985124999664258,0.5955374998992775,inv,0.0,-0.08776141249996282,0.0875629,5.0,ifvg,0.001,-0.17532431249996283,235
2025-11,atr_15_45,1788501,1788501,1,87916.4,87916.20148750003,0.1985124999664258,0.5955374998992775,sl,0.0,-0.08811491249996281,0.08791639999999999,5.0,fvg,0.001,-0.1760313124999628,236
2025-11,atr_15_45,1790178,1790178,1,87848.2,87848.7955374999,0.1985124999664258,0.5955374998992775,tp,0.0,-0.087252662500097,0.0878482,5.0,fvg,0.001,-0.175100862500097,237
2025-11,atr_15_45,1824131,1824131,-1,88563.8,88563.99851249997,0.1985124999664258,0.5955374998992775,sl,0.0,-0.08876231249996282,0.0885638,5.0,fvg,0.001,-0.17732611249996283,238
2025-11,atr_15_45,1824147,1824147,-1,88618.9,88618.30446250009,0.1985124999664258,0.5955374998992775,tp,0.0,-0.088023362500097,0.0886189,5.0,fvg,0.001,-0.176642262500097,239
2025-11,atr_15_45,1824152,1824152,-1,88674.0,88673.4044625001,0.1985124999664258,0.5955374998992775,tp,0.0,-0.088078462500097,0.088674,5.0,fvg,0.001,-0.17675246250009702,240
2025-11,atr_15_45,1825165,1825165,1,88934.7,88934.50148750003,0.1985124999664258,0.5955374998992775,sl,0.0,-0.08913321249996281,0.08893469999999999,5.0,fvg,0.001,-0.1780679124999628,241
2025-11,atr_15_45,1827401,1827401,-1,89688.4,89688.59851249996,0.1985124999664258,0.5955374998992775,inv,0.0,-0.08988691249996282,0.0896884,5.0,ifvg,0.001,-0.17957531249996284,242
2025-11,atr_15_45,1827401,1827401,-1,89673.0,89673.19851249996,0.1985124999664258,0.5955374998992775,sl,0.0,-0.08987151249996282,0.089673,5.0,ifvg,0.001,-0.17954451249996284,243
2025-11,atr_15_45,1827419,1827419,-1,89703.8,89703.99851249997,0.1985124999664258,0.5955374998992775,inv,0.0,-0.08990231249996282,0.0897038,5.0,ifvg,0.001,-0.17960611249996283,244
2025-11,atr_15_45,1828160,1828160,-1,90155.95,90156.14851249996,0.1985124999664258,0.5955374998992775,inv,0.0,-0.09035446249996283,0.09015595000000001,5.0,ifvg,0.001,-0.18051041249996286,245
2025-11,atr_15_45,1828160,1828160,-1,90133.0,90133.19851249996,0.1985124999664258,0.5955374998992775,sl,0.0,-0.09033151249996281,0.09013299999999999,5.0,ifvg,0.001,-0.18046451249996281,246
2025-11,atr_15_45,1828161,1828161,-1,90178.9,90179.09851249996,0.1985124999664258,0.5955374998992775,inv,0.0,-0.09037741249996283,0.0901789,5.0,ifvg,0.001,-0.18055631249996285,247
2025-11,atr_15_45,1828160,1828584,1,90174.0,89944.50000000003,229.4999999999709,2753.9999999996508,sl,424.0,-0.3196739999999709,0.090174,5.0,ifvg_clean,0.001,-0.4098479999999709,248
2025-11,atr_15_45,1828707,1828707,-1,89954.45,89954.64851249996,0.1985124999664258,0.5955374998992775,inv,0.0,-0.09015296249996281,0.08995444999999999,5.0,ifvg,0.001,-0.18010741249996282,249
2025-11,atr_15_45,1828707,1828707,-1,89918.9,89919.09851249996,0.1985124999664258,0.5955374998992775,sl,0.0,-0.09011741249996282,0.0899189,5.0,ifvg,0.001,-0.18003631249996283,250
2025-11,atr_15_45,1828729,1828729,-1,89990.0,89990.19851249996,0.1985124999664258,0.5955374998992775,inv,0.0,-0.09018851249996282,0.08999,5.0,ifvg,0.001,-0.1801785124999628,251
2025-11,atr_15_45,1829202,1829202,-1,90119.8,90119.99851249997,0.1985124999664258,0.5955374998992775,inv,0.0,-0.09031831249996282,0.0901198,5.0,ifvg,0.001,-0.18043811249996283,252
2025-11,atr_15_45,1829202,1829202,-1,90084.8,90084.99851249997,0.1985124999664258,0.5955374998992775,sl,0.0,-0.09028331249996283,0.0900848,5.0,ifvg,0.001,-0.18036811249996282,253
2025-11,atr_15_45,1829202,1829202,-1,90049.8,90049.99851249997,0.1985124999664258,0.5955374998992775,sl,0.0,-0.09024831249996283,0.09004980000000001,5.0,ifvg,0.001,-0.18029811249996286,254
2025-11,atr_15_45,1830144,1830144,1,90322.04999999999,90321.85148750003,0.1985124999664258,0.5955374998992775,sl,0.0,-0.0905205624999628,0.09032204999999999,5.0,ifvg,0.001,-0.1808426124999628,255
2025-11,atr_15_45,1830144,1830144,1,90337.2,90337.00148750003,0.1985124999664258,0.5955374998992775,sl,0.0,-0.09053571249996281,0.09033719999999999,5.0,ifvg,0.001,-0.1808729124999628,256
2025-11,atr_15_45,1830144,1830152,-1,90318.3,90337.7,151.50000000001455,1818.0000000001746,inv,8.0,-0.10971829999999419,0.0903183,5.0,ifvg_clean,0.001,-0.20003659999999418,257
2025-11,atr_15_45,1830167,1830167,1,90306.9,90307.4955374999,0.1985124999664258,0.5955374998992775,tp,0.0,-0.089711362500097,0.0903069,5.0,ifvg,0.001,-0.180018262500097,258
2025-11,atr_15_45,1832158,1832158,-1,90627.7,90627.89851249996,0.1985124999664258,0.5955374998992775,inv,0.0,-0.09082621249996282,0.0906277,5.0,ifvg,0.001,-0.18145391249996284,259
2025-11,atr_15_45,1832158,1832158,-1,90615.5,90615.69851249996,0.1985124999664258,0.5955374998992775,sl,0.0,-0.09081401249996282,0.0906155,5.0,ifvg,0.001,-0.1814295124999628,260
2025-11,atr_15_45,1832160,1832160,-1,90639.9,90640.09851249996,0.1985124999664258,0.5955374998992775,inv,0.0,-0.09083841249996281,0.0906399,5.0,ifvg,0.001,-0.18147831249996282,261
2025-11,atr_15_45,1782623,1832666,1,87553.5,91081.4999999993,293.9999999999418,3527.9999999993015,tp,50357.0,3.4404464999993016,0.0875535,5.0,ifvg_clean,0.001,3.352892999999302,262
2025-11,atr_15_45,1832158,1834903,1,90633.2,90511.20000000003,121.9999999999709,1463.9999999996508,sl,2745.0,-0.2126331999999709,0.09063320000000001,5.0,ifvg_clean,0.001,-0.3032663999999709,263
2025-11,atr_15_45,1835750,1835750,1,90554.6,90554.40148750004,0.1985124999664258,0.5955374998992775,sl,0.0,-0.09075311249996283,0.09055460000000001,5.0,fvg,0.001,-0.18130771249996286,264
2025-11,atr_15_45,1836045,1836045,-1,90950.0,90950.19851249996,0.1985124999664258,0.5955374998992775,sl,0.0,-0.09114851249996282,0.09095,5.0,fvg,0.001,-0.18209851249996284,265
2025-11,atr_15_45,1841502,1841502,-1,91000.1,90999.5044625001,0.1985124999664258,0.5955374998992775,tp,0.0,-0.090404562500097,0.0910001,5.0,fvg,0.001,-0.181404662500097,266
2025-11,atr_15_45,1841520,1841520,-1,91050.2,91049.6044625001,0.1985124999664258,0.5955374998992775,tp,0.0,-0.09045466250009701,0.09105020000000001,5.0,fvg,0.001,-0.181504862500097,267
2025-11,atr_15_45,1842366,1842366,1,91192.25,91192.05148750004,0.1985124999664258,0.5955374998992775,sl,0.0,-0.09139076249996282,0.09119225,5.0,ifvg,0.001,-0.18258301249996284,268
2025-11,atr_15_45,1842366,1842366,1,91211.1,91210.90148750004,0.1985124999664258,0.5955374998992775,sl,0.0,-0.09140961249996282,0.0912111,5.0,ifvg,0.001,-0.1826207124999628,269
2025-11,atr_15_45,1842367,1842367,1,91173.4,91173.9955374999,0.1985124999664258,0.5955374998992775,tp,0.0,-0.090577862500097,0.0911734,5.0,ifvg,0.001,-0.181751262500097,270
2025-11,atr_15_45,1842366,1842397,-1,91176.1,91211.6,188.5000000000582,2262.0000000006985,inv,31.0,-0.1266761,0.09117610000000001,5.0,ifvg_clean,0.001,-0.21785220000000002,271
2025-11,atr_15_45,1827401,1843295,1,89684.3,91532.30000000018,154.00000000001455,1848.0000000001746,tp,15901.0,1.7583157000001746,0.08968430000000001,5.0,ifvg_clean,0.001,1.6686314000001745,272
2025-11,atr_15_45,1851442,1851442,1,91272.0,91271.80148750004,0.1985124999664258,0.5955374998992775,inv,0.0,-0.09147051249996282,0.091272,5.0,ifvg,0.001,-0.18274251249996282,273
2025-11,atr_15_45,1851452,1851452,1,91250.0,91249.80148750004,0.1985124999664258,0.5955374998992775,inv,0.0,-0.09144851249996282,0.09125,5.0,ifvg,0.001,-0.18269851249996283,274
2025-11,atr_15_45,1851452,1851452,1,91261.0,91261.5955374999,0.1985124999664258,0.5955374998992775,tp,0.0,-0.090665462500097,0.091261,5.0,ifvg,0.001,-0.18192646250009697,275
2025-11,atr_15_45,1851442,1855028,-1,91268.0,91378.0,110.0,1320.0,sl,3689.0,-0.201268,0.091268,5.0,ifvg_clean,0.001,-0.292536,276
2025-11,atr_15_45,1855437,1855437,1,91522.2,91522.00148750003,0.1985124999664258,0.5955374998992775,sl,0.0,-0.09172071249996282,0.0915222,5.0,ifvg,0.001,-0.18324291249996283,277
2025-11,atr_15_45,1855437,1855437,1,91544.29999999999,91544.10148750003,0.1985124999664258,0.5955374998992775,sl,0.0,-0.09174281249996281,0.0915443,5.0,ifvg,0.001,-0.18328711249996282,278
2025-11,atr_15_45,1855437,1855437,1,91566.4,91566.20148750003,0.1985124999664258,0.5955374998992775,sl,0.0,-0.09176491249996283,0.0915664,5.0,ifvg,0.001,-0.18333131249996282,279
2025-11,atr_15_45,1855437,1855728,-1,91503.0,91566.9,220.99999999998545,2651.9999999998254,inv,291.0,-0.15540299999999418,0.091503,5.0,ifvg_clean,0.001,-0.24690599999999419,280
2025-11,atr_15_45,1828707,1893315,1,89975.4,94241.40000000034,355.5000000000291,4266.000000000349,tp,64815.0,4.176024600000349,0.0899754,5.0,ifvg_clean,0.001,4.086049200000349,281
2025-11,atr_15_45,1829202,1894262,1,90108.7,94308.7,350.0,4200.0,tp,65270.0,4.1098913,0.0901087,5.0,ifvg_clean,0.001,4.0197826,282
2025-11,atr_15_45,1920648,1920648,1,92337.0,92336.80148750004,0.1985124999664258,0.5955374998992775,inv,0.0,-0.09253551249996282,0.092337,5.0,ifvg,0.001,-0.18487251249996284,283
2025-11,atr_15_45,1920648,1920648,1,92360.0,92359.80148750004,0.1985124999664258,0.5955374998992775,sl,0.0,-0.09255851249996282,0.09236,5.0,ifvg,0.001,-0.18491851249996283,284
2025-11,atr_15_45,1920657,1920657,1,92314.0,92313.80148750004,0.1985124999664258,0.5955374998992775,inv,0.0,-0.09251251249996283,0.09231400000000001,5.0,ifvg,0.001,-0.18482651249996285,285
2025-11,atr_15_45,1920648,1920883,-1,92320.0,92550.0,230.0,2760.0,sl,235.0,-0.32232000000000005,0.09232000000000001,5.0,ifvg_clean,0.001,-0.41464000000000006,286
2025-11,atr_15_45,1921919,1921919,-1,92863.15,92863.34851249996,0.1985124999664258,0.5955374998992775,sl,0.0,-0.09306166249996281,0.09286314999999999,5.0,fvg,0.001,-0.1859248124999628,287
2025-11,atr_15_45,1921919,1921919,-1,92846.6,92846.79851249997,0.1985124999664258,0.5955374998992775,sl,0.0,-0.09304511249996283,0.09284660000000002,5.0,fvg,0.001,-0.18589171249996284,288
2025-11,atr_15_45,1921920,1921920,-1,92879.7,92879.1044625001,0.1985124999664258,0.5955374998992775,tp,0.0,-0.092284162500097,0.0928797,5.0,fvg,0.001,-0.18516386250009698,289
2025-11,atr_15_45,1981970,1981970,1,91820.8,91820.60148750004,0.1985124999664258,0.5955374998992775,sl,0.0,-0.09201931249996283,0.09182080000000001,5.0,fvg,0.001,-0.18384011249996285,290
2025-11,atr_15_45,2014022,2014022,-1,92724.70000000001,92724.89851249997,0.1985124999664258,0.5955374998992775,sl,0.0,-0.09292321249996284,0.09272470000000002,5.0,ifvg,0.001,-0.18564791249996287,291
2025-11,atr_15_45,2014022,2014022,-1,92707.8,92707.99851249997,0.1985124999664258,0.5955374998992775,sl,0.0,-0.09290631249996283,0.0927078,5.0,ifvg,0.001,-0.18561411249996285,292
2025-11,atr_15_45,2014025,2014025,-1,92741.6,92741.0044625001,0.1985124999664258,0.5955374998992775,tp,0.0,-0.092146062500097,0.09274160000000001,5.0,ifvg,0.001,-0.18488766250009703,293
2025-11,atr_15_45,2014022,2014068,1,92736.1,92707.3,169.00000000001455,2028.0000000001746,inv,46.0,-0.12153610000000292,0.09273610000000002,5.0,ifvg_clean,0.001,-0.21427220000000294,294
2025-11,atr_15_45,2036533,2036533,-1,93488.79999999999,93488.99851249995,0.1985124999664258,0.5955374998992775,sl,0.0,-0.0936873124999628,0.09348879999999998,5.0,ifvg,0.001,-0.1871761124999628,295
2025-11,atr_15_45,2036533,2036533,-1,93477.7,93477.89851249996,0.1985124999664258,0.5955374998992775,sl,0.0,-0.09367621249996282,0.0934777,5.0,ifvg,0.001,-0.18715391249996283,296
2025-11,atr_15_45,2036533,2036535,-1,93499.9,93499.30446250009,0.1985124999664258,0.5955374998992775,tp,2.0,-0.092904362500097,0.0934999,5.0,ifvg,0.001,-0.186404262500097,297
2025-11,atr_15_45,2036533,2043567,1,93499.9,93477.2,110.99999999998545,1331.9999999998254,inv,7093.0,-0.11619989999999708,0.0934999,5.0,ifvg_clean,0.001,-0.20969979999999708,298
2025-11,atr_15_45,2053144,2053144,1,92991.7,92991.50148750003,0.1985124999664258,0.5955374998992775,inv,0.0,-0.09319021249996282,0.0929917,5.0,ifvg,0.001,-0.1861819124999628,299
2025-11,atr_15_45,2053144,2053144,1,93032.54999999999,93032.35148750003,0.1985124999664258,0.5955374998992775,sl,0.0,-0.09323106249996281,0.09303254999999999,5.0,ifvg,0.001,-0.18626361249996282,300
2025-11,atr_15_45,2053144,2053144,1,93073.4,93073.20148750003,0.1985124999664258,0.5955374998992775,sl,0.0,-0.09327191249996282,0.0930734,5.0,ifvg,0.001,-0.18634531249996283,301
2025-11,atr_15_45,2053144,2058589,-1,92988.2,93396.69999999998,408.49999999998545,4901.999999999825,sl,5578.0,-0.5014881999999854,0.0929882,5.0,ifvg_clean,0.001,-0.5944763999999854,302
2025-11,atr_15_45,2289560,2289560,1,93271.4,93271.20148750003,0.1985124999664258,0.5955374998992775,inv,0.0,-0.09346991249996282,0.0932714,5.0,ifvg,0.001,-0.18674131249996284,303
2025-11,atr_15_45,2289560,2289560,1,93283.5,93283.30148750004,0.1985124999664258,0.5955374998992775,sl,0.0,-0.09348201249996282,0.0932835,5.0,ifvg,0.001,-0.18676551249996282,304
2025-11,atr_15_45,2289598,2289598,1,93259.3,93259.10148750004,0.1985124999664258,0.5955374998992775,inv,0.0,-0.09345781249996284,0.09325930000000002,5.0,ifvg,0.001,-0.18671711249996287,305
2025-11,atr_15_45,2289560,2294059,-1,93260.5,93381.49999999999,120.99999999998545,1451.9999999998254,sl,4503.0,-0.21426049999998548,0.09326050000000001,5.0,ifvg_clean,0.001,-0.3075209999999855,306
2025-11,atr_15_45,2331748,2331748,-1,95377.2,95377.39851249996,0.1985124999664258,0.5955374998992775,sl,0.0,-0.09557571249996283,0.09537720000000001,5.0,fvg,0.001,-0.19095291249996282,307
2025-11,atr_15_45,2331921,2331921,-1,95428.4,95427.80446250009,0.1985124999664258,0.5955374998992775,tp,0.0,-0.094832862500097,0.0954284,5.0,fvg,0.001,-0.190261262500097,308
2025-11,atr_15_45,2339294,2339294,1,94015.9,94015.70148750003,0.1985124999664258,0.5955374998992775,inv,0.0,-0.09421441249996282,0.0940159,5.0,ifvg,0.001,-0.1882303124999628,309
2025-11,atr_15_45,2339294,2339294,1,94057.95,94057.75148750003,0.1985124999664258,0.5955374998992775,sl,0.0,-0.09425646249996282,0.09405795,5.0,ifvg,0.001,-0.18831441249996284,310
2025-11,atr_15_45,2339294,2339294,1,94100.0,94099.80148750004,0.1985124999664258,0.5955374998992775,sl,0.0,-0.09429851249996284,0.09410000000000002,5.0,ifvg,0.001,-0.18839851249996287,311
2025-11,atr_15_45,2339294,2353073,-1,94004.4,94424.90000000002,420.5000000000291,5046.000000000349,sl,13913.0,-0.5145044000000292,0.09400439999999999,5.0,ifvg_clean,0.001,-0.6085088000000292,312
2025-11,atr_15_45,2429707,2429707,1,95244.75,95244.55148750004,0.1985124999664258,0.5955374998992775,sl,0.0,-0.09544326249996282,0.09524475,5.0,ifvg,0.001,-0.1906880124999628,313
2025-11,atr_15_45,2429707,2429707,1,95275.5,95275.30148750004,0.1985124999664258,0.5955374998992775,sl,0.0,-0.09547401249996283,0.09527550000000001,5.0,ifvg,0.001,-0.19074951249996286,314
2025-11,atr_15_45,2429708,2429708,1,95214.0,95214.5955374999,0.1985124999664258,0.5955374998992775,tp,0.0,-0.094618462500097,0.09521400000000001,5.0,ifvg,0.001,-0.189832462500097,315
2025-11,atr_15_45,2429707,2429868,-1,95218.8,95276.0,307.5,3690.0,inv,161.0,-0.1524187999999971,0.0952188,5.0,ifvg_clean,0.001,-0.24763759999999713,316
2025-11,atr_15_45,2431265,2431265,1,94983.9,94984.4955374999,0.1985124999664258,0.5955374998992775,tp,0.0,-0.094388362500097,0.0949839,5.0,fvg,0.001,-0.18937226250009698,317
2025-11,atr_15_45,2432775,2432775,1,95124.0,95123.80148750004,0.1985124999664258,0.5955374998992775,inv,0.0,-0.09532251249996282,0.095124,5.0,ifvg,0.001,-0.1904465124999628,318
2025-11,atr_15_45,2432775,2432775,1,95151.8,95151.60148750004,0.1985124999664258,0.5955374998992775,sl,0.0,-0.09535031249996283,0.09515180000000001,5.0,ifvg,0.001,-0.19050211249996285,319
2025-11,atr_15_45,2433092,2433092,1,95096.2,95096.00148750003,0.1985124999664258,0.5955374998992775,inv,0.0,-0.09529471249996281,0.09509619999999999,5.0,ifvg,0.001,-0.19039091249996282,320
2025-11,atr_15_45,2432775,2434092,-1,95111.5,95389.50000000003,278.0000000000291,3336.0000000003492,sl,1342.0,-0.37311150000002913,0.09511150000000002,5.0,ifvg_clean,0.001,-0.46822300000002914,321
2025-11,atr_15_45,2469316,2469316,1,94986.1,94985.90148750004,0.1985124999664258,0.5955374998992775,sl,0.0,-0.09518461249996282,0.0949861,5.0,ifvg,0.001,-0.1901707124999628,322
2025-11,atr_15_45,2469316,2469316,1,95010.9,95010.70148750003,0.1985124999664258,0.5955374998992775,sl,0.0,-0.09520941249996281,0.0950109,5.0,ifvg,0.001,-0.1902203124999628,323
2025-11,atr_15_45,2469316,2469316,1,95035.7,95035.50148750003,0.1985124999664258,0.5955374998992775,sl,0.0,-0.09523421249996282,0.0950357,5.0,ifvg,0.001,-0.19026991249996283,324
2025-11,atr_15_45,2469316,2472650,-1,94982.4,95036.2,247.99999999995634,2975.999999999476,inv,3447.0,-0.14878240000000292,0.0949824,5.0,ifvg_clean,0.001,-0.24376480000000292,325
2025-11,atr_15_45,2498952,2498952,-1,94679.9,94680.09851249996,0.1985124999664258,0.5955374998992775,sl,0.0,-0.09487841249996282,0.0946799,5.0,fvg,0.001,-0.1895583124999628,326
2025-11,atr_15_45,2500615,2500615,1,94480.54999999999,94480.35148750003,0.1985124999664258,0.5955374998992775,inv,0.0,-0.09467906249996282,0.09448055,5.0,ifvg,0.001,-0.18915961249996283,327
2025-11,atr_15_45,2500615,2500615,1,94493.2,94493.00148750003,0.1985124999664258,0.5955374998992775,sl,0.0,-0.09469171249996282,0.0944932,5.0,ifvg,0.001,-0.18918491249996283,328
2025-11,atr_15_45,2500693,2500693,1,94467.9,94467.70148750003,0.1985124999664258,0.5955374998992775,inv,0.0,-0.09466641249996283,0.09446790000000001,5.0,ifvg,0.001,-0.18913431249996282,329
2025-11,atr_15_45,2500615,2502133,-1,94476.6,94603.10000000002,126.50000000001455,1518.0000000001746,sl,1520.0,-0.22097660000001457,0.09447660000000001,5.0,ifvg_clean,0.001,-0.3154532000000146,330
2025-11,atr_15_45,2508922,2508922,1,93880.0,93879.80148750004,0.1985124999664258,0.5955374998992775,sl,0.0,-0.09407851249996281,0.09387999999999999,5.0,ifvg,0.001,-0.18795851249996282,331
2025-11,atr_15_45,2508922,2508922,1,93900.0,93899.80148750004,0.1985124999664258,0.5955374998992775,sl,0.0,-0.09409851249996283,0.09390000000000001,5.0,ifvg,0.001,-0.18799851249996286,332
2025-11,atr_15_45,2508931,2508931,1,93860.0,93860.5955374999,0.1985124999664258,0.5955374998992775,tp,0.0,-0.093264462500097,0.09386,5.0,ifvg,0.001,-0.187124462500097,333
2025-11,atr_15_45,2508922,2509685,-1,93870.5,93900.5,200.0,2400.0,inv,767.0,-0.12387050000000001,0.09387050000000001,5.0,ifvg_clean,0.001,-0.21774100000000002,334
2025-11,atr_15_45,2512979,2512979,-1,93641.3,93641.49851249997,0.1985124999664258,0.5955374998992775,sl,0.0,-0.09383981249996282,0.0936413,5.0,ifvg,0.001,-0.1874811124999628,335
2025-11,atr_15_45,2512979,2512979,-1,93630.0,93630.19851249996,0.1985124999664258,0.5955374998992775,sl,0.0,-0.09382851249996281,0.09362999999999999,5.0,ifvg,0.001,-0.18745851249996281,336
2025-11,atr_15_45,2512980,2512980,-1,93652.6,93652.0044625001,0.1985124999664258,0.5955374998992775,tp,0.0,-0.093057062500097,0.0936526,5.0,ifvg,0.001,-0.18670966250009702,337
2025-11,atr_15_45,2512979,2513017,1,93645.2,93629.5,113.0000000000291,1356.0000000003492,inv,38.0,-0.10934519999999709,0.0936452,5.0,ifvg_clean,0.001,-0.20299039999999707,338
2025-11,zone_1x_3x,579342,579342,-1,78004.3,78102.0,97.69999999999709,293.09999999999127,sl,0.0,-0.1757042999999971,0.0780043,5.0,ifvg,0.001,-0.25370859999999706,0
2025-11,zone_1x_3x,579342,579354,-1,78053.15,78150.84999999999,97.69999999999709,293.09999999999127,sl,12.0,-0.17575314999999708,0.07805315,5.0,ifvg,0.001,-0.2538062999999971,1
2025-11,zone_1x_3x,579342,579424,-1,78102.0,78199.7,97.69999999999709,293.09999999999127,sl,83.0,-0.1758019999999971,0.078102,5.0,ifvg,0.001,-0.25390399999999713,2
2025-11,zone_1x_3x,650829,651927,-1,78466.1,78164.89999999998,100.40000000000873,301.2000000000262,tp,1101.0,0.2227339000000262,0.07846610000000001,5.0,fvg,0.001,0.1442678000000262,3
2025-11,zone_1x_3x,650755,651955,-1,78415.9,78114.69999999997,100.40000000000873,301.2000000000262,tp,1203.0,0.22278410000002624,0.0784159,5.0,fvg,0.001,0.14436820000002626,4
2025-11,zone_1x_3x,579342,652077,1,78116.4,78003.8,488.49999999998545,5861.999999999825,inv,73024.0,-0.1907163999999913,0.0781164,5.0,ifvg_clean,0.001,-0.2688327999999913,5
2025-11,zone_1x_3x,652858,652930,-1,78157.4,77879.59999999998,92.60000000000582,277.80000000001746,tp,72.0,0.1996426000000175,0.0781574,5.0,fvg,0.001,0.12148520000001749,6
2025-11,zone_1x_3x,685131,685148,1,74778.9,74750.9,55.0,165.0,inv,17.0,-0.10277889999999999,0.0747789,5.0,ifvg,0.001,-0.1775578,7
2025-11,zone_1x_3x,685131,685148,1,74806.4,74751.4,55.0,165.0,inv,17.0,-0.1298064,0.0748064,5.0,ifvg,0.001,-0.20461279999999998,8
2025-11,zone_1x_3x,685148,685148,1,74751.4,74750.9,55.0,165.0,inv,0.0,-0.0752514,0.0747514,5.0,ifvg,0.001,-0.1500028,9
2025-11,zone_1x_3x,685131,685215,-1,74785.0,75060.0,275.0,3300.0,sl,84.0,-0.349785,0.074785,5.0,ifvg_clean,0.001,-0.42457,10
2025-11,zone_1x_3x,694026,694158,1,74964.65,75087.94999999997,41.09999999999127,123.2999999999738,tp,132.0,0.04833534999997381,0.07496465,5.0,fvg,0.001,-0.026629300000026182,11
2025-11,zone_1x_3x,694026,694159,1,74985.2,75108.49999999997,41.09999999999127,123.2999999999738,tp,133.0,0.04831479999997382,0.07498519999999999,5.0,fvg,0.001,-0.02667040000002617,12
2025-11,zone_1x_3x,694536,696255,1,75343.2,76200.89999999998,285.8999999999942,857.6999999999825,tp,1719.0,0.7823567999999825,0.0753432,5.0,fvg,0.001,0.7070135999999825,13
2025-11,zone_1x_3x,722476,722482,1,76144.15,76107.8,71.69999999999709,215.09999999999127,inv,6.0,-0.11249414999999127,0.07614415,5.0,ifvg,0.001,-0.18863829999999127,14
2025-11,zone_1x_3x,722476,722482,1,76180.0,76108.3,71.69999999999709,215.09999999999127,inv,6.0,-0.1478799999999971,0.07618000000000001,5.0,ifvg,0.001,-0.2240599999999971,15
2025-11,zone_1x_3x,722482,722482,1,76108.3,76107.8,71.69999999999709,215.09999999999127,inv,0.0,-0.0766083,0.0761083,5.0,ifvg,0.001,-0.1527166,16
2025-11,zone_1x_3x,722476,723640,-1,76115.3,76473.79999999999,358.49999999998545,4301.999999999825,sl,1164.0,-0.43461529999998544,0.07611530000000001,5.0,ifvg_clean,0.001,-0.5107305999999855,17
2025-11,zone_1x_3x,725360,725366,-1,76345.6,76392.5,46.89999999999418,140.69999999998254,sl,6.0,-0.12324559999999418,0.0763456,5.0,ifvg,0.001,-0.1995911999999942,18
2025-11,zone_1x_3x,725360,725368,-1,76369.05,76415.95,46.89999999999418,140.69999999998254,sl,8.0,-0.12326904999999419,0.07636905000000001,5.0,ifvg,0.001,-0.1996380999999942,19
2025-11,zone_1x_3x,725366,725374,-1,76392.5,76439.4,46.89999999999418,140.69999999998254,sl,8.0,-0.12329249999999418,0.0763925,5.0,ifvg,0.001,-0.19968499999999417,20
2025-11,zone_1x_3x,726477,726477,-1,76876.0,76889.7,188.49999999998545,2261.9999999998254,inv,0.0,-0.09057599999999709,0.076876,5.0,ifvg_clean,0.001,-0.1674519999999971,21
2025-11,zone_1x_3x,726483,726500,1,76870.35,76983.45,37.69999999999709,113.09999999999127,tp,17.0,0.03622964999999127,0.07687035,5.0,ifvg,0.001,-0.04064070000000873,22
2025-11,zone_1x_3x,726477,726501,1,76889.2,77002.29999999999,37.69999999999709,113.09999999999127,tp,24.0,0.03621079999999127,0.0768892,5.0,ifvg,0.001,-0.04067840000000873,23
2025-11,zone_1x_3x,726533,726534,1,76851.5,76813.8,37.69999999999709,113.09999999999127,sl,1.0,-0.11455149999999709,0.0768515,5.0,ifvg,0.001,-0.1914029999999971,24
2025-11,zone_1x_3x,725919,728844,1,76754.7,77669.39999999998,304.8999999999942,914.6999999999825,tp,2925.0,0.8379452999999826,0.0767547,5.0,fvg,0.001,0.7611905999999826,25
2025-11,zone_1x_3x,729466,729467,1,77420.5,77340.0,80.5,241.5,sl,1.0,-0.15792050000000002,0.0774205,5.0,ifvg,0.001,-0.23534100000000002,26
2025-11,zone_1x_3x,729466,729471,-1,77348.8,77421.0,402.5,4830.0,inv,5.0,-0.1495487999999971,0.07734880000000001,5.0,ifvg_clean,0.001,-0.2268975999999971,27
2025-11,zone_1x_3x,729467,729545,1,77340.0,77581.5,80.5,241.5,tp,78.0,0.16415999999999997,0.07734,5.0,ifvg,0.001,0.08681999999999997,28
2025-11,zone_1x_3x,729466,729583,1,77380.25,77621.75,80.5,241.5,tp,117.0,0.16411974999999998,0.07738025000000001,5.0,ifvg,0.001,0.08673949999999997,29
2025-11,zone_1x_3x,732178,732178,1,77874.0,77848.8,25.19999999999709,75.59999999999127,sl,0.0,-0.10307399999999708,0.077874,5.0,ifvg,0.001,-0.18094799999999708,30
2025-11,zone_1x_3x,732178,732182,1,77848.8,77823.6,25.19999999999709,75.59999999999127,sl,4.0,-0.1030487999999971,0.07784880000000001,5.0,ifvg,0.001,-0.1808975999999971,31
2025-11,zone_1x_3x,732178,732182,1,77861.4,77836.2,25.19999999999709,75.59999999999127,sl,4.0,-0.10306139999999708,0.0778614,5.0,ifvg,0.001,-0.18092279999999708,32
2025-11,zone_1x_3x,733840,733854,1,76955.85,77049.75000000001,31.30000000000291,93.90000000000873,tp,14.0,0.016944150000008706,0.07695585000000002,5.0,ifvg,0.001,-0.060011699999991314,33
2025-11,zone_1x_3x,733840,733857,1,76971.5,77065.40000000001,31.30000000000291,93.90000000000873,tp,17.0,0.016928500000008714,0.07697150000000001,5.0,ifvg,0.001,-0.0600429999999913,34
2025-11,zone_1x_3x,733840,733870,-1,76946.1,77102.60000000002,156.50000000001455,1878.0000000001746,sl,30.0,-0.23344610000001453,0.0769461,5.0,ifvg_clean,0.001,-0.31039220000001455,35
2025-11,zone_1x_3x,735506,735511,-1,77426.0,77520.0,94.0,282.0,sl,5.0,-0.17142600000000002,0.07742600000000001,5.0,ifvg,0.001,-0.24885200000000002,36
2025-11,zone_1x_3x,735506,735542,1,77517.3,77425.5,470.0,5640.0,inv,36.0,-0.16931730000000292,0.07751730000000001,5.0,ifvg_clean,0.001,-0.24683460000000293,37
2025-11,zone_1x_3x,735511,735598,-1,77520.0,77238.0,94.0,282.0,tp,87.0,0.20448000000000005,0.07751999999999999,5.0,ifvg,0.001,0.12696000000000007,38
2025-11,zone_1x_3x,735506,735639,-1,77473.0,77191.0,94.0,282.0,tp,133.0,0.20452700000000001,0.077473,5.0,ifvg,0.001,0.127054,39
2025-11,zone_1x_3x,737180,737201,-1,77130.4,77176.0,45.60000000000582,136.80000000001746,sl,21.0,-0.12273040000000582,0.0771304,5.0,ifvg,0.001,-0.19986080000000583,40
2025-11,zone_1x_3x,737180,737211,-1,77153.2,77198.8,45.60000000000582,136.80000000001746,sl,31.0,-0.12275320000000584,0.0771532,5.0,ifvg,0.001,-0.19990640000000584,41
2025-11,zone_1x_3x,737201,737219,-1,77176.0,77221.6,45.60000000000582,136.80000000001746,sl,18.0,-0.12277600000000582,0.07717600000000001,5.0,ifvg,0.001,-0.19995200000000585,42
2025-11,zone_1x_3x,737180,737306,1,77168.0,77129.9,228.0000000000291,2736.0000000003492,inv,129.0,-0.11526800000000584,0.07716800000000001,5.0,ifvg_clean,0.001,-0.19243600000000585,43
2025-11,zone_1x_3x,738141,738141,-1,77720.1,77720.6,56.0,168.0,inv,0.0,-0.0782201,0.0777201,5.0,ifvg,0.001,-0.1559402,44
2025-11,zone_1x_3x,738141,738141,-1,77664.1,77720.1,56.0,168.0,sl,0.0,-0.1336641,0.0776641,5.0,ifvg,0.001,-0.21132820000000002,45
2025-11,zone_1x_3x,738141,738142,-1,77692.1,77720.6,56.0,168.0,inv,1.0,-0.10619210000000001,0.07769210000000001,5.0,ifvg,0.001,-0.18388420000000003,46
2025-11,zone_1x_3x,738817,738822,-1,77566.1,77596.5,59.80000000000291,179.40000000000873,inv,5.0,-0.1079660999999942,0.07756610000000001,5.0,ifvg,0.001,-0.1855321999999942,47
2025-11,zone_1x_3x,738817,738822,-1,77536.2,77596.0,59.80000000000291,179.40000000000873,inv,5.0,-0.1373362000000029,0.0775362,5.0,ifvg,0.001,-0.2148724000000029,48
2025-11,zone_1x_3x,738822,738822,-1,77596.0,77596.5,59.80000000000291,179.40000000000873,inv,0.0,-0.07809600000000001,0.07759600000000001,5.0,ifvg,0.001,-0.15569200000000002,49
2025-11,zone_1x_3x,732178,739636,-1,77844.1,77874.5,125.99999999998545,1511.9999999998254,inv,7462.0,-0.1082440999999942,0.07784410000000001,5.0,ifvg_clean,0.001,-0.1860881999999942,50
2025-11,zone_1x_3x,741966,741966,1,77960.0,77916.8,43.19999999999709,129.59999999999127,sl,0.0,-0.1211599999999971,0.07796000000000002,5.0,ifvg,0.001,-0.19911999999999713,51
2025-11,zone_1x_3x,741966,741966,1,77981.6,77938.40000000001,43.19999999999709,129.59999999999127,sl,0.0,-0.1211815999999971,0.07798160000000001,5.0,ifvg,0.001,-0.1991631999999971,52
2025-11,zone_1x_3x,741966,741966,1,78003.2,77960.0,43.19999999999709,129.59999999999127,sl,0.0,-0.12120319999999708,0.0780032,5.0,ifvg,0.001,-0.19920639999999706,53
2025-11,zone_1x_3x,741966,741994,-1,77883.3,78003.7,215.99999999998545,2591.9999999998254,inv,28.0,-0.19828329999999417,0.0778833,5.0,ifvg_clean,0.001,-0.27616659999999416,54
2025-11,zone_1x_3x,742004,742004,-1,78321.6,78322.1,44.70000000001164,134.10000000003492,inv,0.0,-0.0788216,0.0783216,5.0,ifvg,0.001,-0.1571432,55
2025-11,zone_1x_3x,742004,742004,-1,78299.25,78343.95000000001,44.70000000001164,134.10000000003492,sl,0.0,-0.12299925000001163,0.07829925,5.0,ifvg,0.001,-0.20129850000001165,56
2025-11,zone_1x_3x,742004,742004,-1,78276.9,78321.6,44.70000000001164,134.10000000003492,sl,0.0,-0.12297690000001163,0.0782769,5.0,ifvg,0.001,-0.20125380000001164,57
2025-11,zone_1x_3x,742005,742005,1,78547.4,78495.4,52.0,156.0,sl,0.0,-0.1305474,0.0785474,5.0,ifvg,0.001,-0.20909480000000003,58
2025-11,zone_1x_3x,742005,742005,1,78573.4,78521.4,52.0,156.0,sl,0.0,-0.1305734,0.07857339999999999,5.0,ifvg,0.001,-0.2091468,59
2025-11,zone_1x_3x,742005,742008,1,78521.4,78469.4,52.0,156.0,sl,3.0,-0.1305214,0.0785214,5.0,ifvg,0.001,-0.20904280000000003,60
2025-11,zone_1x_3x,742005,742011,-1,78526.7,78573.9,260.0,3120.0,inv,6.0,-0.12572669999999708,0.0785267,5.0,ifvg_clean,0.001,-0.2042533999999971,61
2025-11,zone_1x_3x,725360,742100,1,76392.0,79205.99999999965,234.4999999999709,2813.9999999996508,tp,16745.0,2.737607999999651,0.076392,5.0,ifvg_clean,0.001,2.6612159999996514,62
2025-11,zone_1x_3x,742004,742362,1,78295.3,80977.3000000007,223.5000000000582,2682.0000000006985,tp,358.0,2.6037047000006983,0.0782953,5.0,ifvg_clean,0.001,2.525409400000698,63
2025-11,zone_1x_3x,738141,742466,1,77720.1,81080.1,280.0,3360.0,tp,4327.0,3.2822799,0.0777201,5.0,ifvg_clean,0.001,3.2045597999999997,64
2025-11,zone_1x_3x,738817,742472,1,77579.1,81167.10000000018,299.00000000001455,3588.0000000001746,tp,3657.0,3.5104209000001747,0.07757910000000001,5.0,ifvg_clean,0.001,3.432841800000175,65
2025-11,zone_1x_3x,746114,746114,-1,82677.5,82678.0,38.19999999999709,114.59999999999127,inv,0.0,-0.0831775,0.0826775,5.0,ifvg,0.001,-0.165855,66
2025-11,zone_1x_3x,746114,746114,-1,82658.4,82696.59999999999,38.19999999999709,114.59999999999127,sl,0.0,-0.12085839999999709,0.0826584,5.0,ifvg,0.001,-0.2035167999999971,67
2025-11,zone_1x_3x,746114,746114,-1,82639.3,82677.5,38.19999999999709,114.59999999999127,sl,0.0,-0.1208392999999971,0.08263930000000001,5.0,ifvg,0.001,-0.20347859999999712,68
2025-11,zone_1x_3x,746114,746190,1,82677.8,82486.80000000002,190.99999999998545,2291.9999999998254,sl,76.0,-0.2736777999999855,0.08267780000000001,5.0,ifvg_clean,0.001,-0.3563555999999855,69
2025-11,zone_1x_3x,751131,751159,1,82364.75,82352.1,24.29999999998836,72.89999999996508,inv,28.0,-0.09501474999999418,0.08236475,5.0,ifvg,0.001,-0.1773794999999942,70
2025-11,zone_1x_3x,751131,751159,1,82376.9,82352.6,24.29999999998836,72.89999999996508,inv,28.0,-0.10667689999998835,0.08237689999999999,5.0,ifvg,0.001,-0.18905379999998834,71
2025-11,zone_1x_3x,751159,751159,1,82352.6,82352.1,24.29999999998836,72.89999999996508,inv,0.0,-0.08285260000000001,0.08235260000000001,5.0,ifvg,0.001,-0.16520520000000002,72
2025-11,zone_1x_3x,751131,751652,-1,82357.3,82478.79999999994,121.49999999994179,1457.9999999993015,sl,521.0,-0.2038572999999418,0.08235730000000001,5.0,ifvg_clean,0.001,-0.2862145999999418,73
2025-11,zone_1x_3x,755703,755712,-1,83035.7,83091.9,111.39999999999418,334.19999999998254,inv,9.0,-0.1392356999999971,0.0830357,5.0,ifvg,0.001,-0.22227139999999712,74
2025-11,zone_1x_3x,755703,755712,-1,82980.0,83091.4,111.39999999999418,334.19999999998254,inv,9.0,-0.1943799999999942,0.08298000000000001,5.0,ifvg,0.001,-0.2773599999999942,75
2025-11,zone_1x_3x,755712,755712,-1,83091.4,83091.9,111.39999999999418,334.19999999998254,inv,0.0,-0.0835914,0.0830914,5.0,ifvg,0.001,-0.1666828,76
2025-11,zone_1x_3x,757425,757425,-1,82958.0,82986.5,28.5,85.5,sl,0.0,-0.111458,0.082958,5.0,ifvg,0.001,-0.194416,77
2025-11,zone_1x_3x,757425,757425,-1,82943.75,82972.25,28.5,85.5,sl,0.0,-0.11144375000000001,0.08294375000000001,5.0,ifvg,0.001,-0.19438750000000002,78
2025-11,zone_1x_3x,757425,757425,-1,82929.5,82958.0,28.5,85.5,sl,0.0,-0.1114295,0.0829295,5.0,ifvg,0.001,-0.194359,79
2025-11,zone_1x_3x,757425,757451,1,82957.3,82929.0,142.5,1710.0,inv,26.0,-0.11125730000000292,0.08295730000000001,5.0,ifvg_clean,0.001,-0.19421460000000293,80
2025-11,zone_1x_3x,755703,765887,1,83085.3,82528.30000000003,556.9999999999709,6683.999999999651,sl,10192.0,-0.640085299999971,0.0830853,5.0,ifvg_clean,0.001,-0.723170599999971,81
2025-11,zone_1x_3x,814568,814580,1,81519.55,81504.6,28.89999999999418,86.69999999998254,inv,12.0,-0.0964695499999971,0.08151955000000001,5.0,ifvg,0.001,-0.17798909999999712,82
2025-11,zone_1x_3x,814568,814580,1,81534.0,81505.1,28.89999999999418,86.69999999998254,inv,12.0,-0.11043399999999419,0.08153400000000001,5.0,ifvg,0.001,-0.1919679999999942,83
2025-11,zone_1x_3x,814580,814580,1,81505.1,81504.6,28.89999999999418,86.69999999998254,inv,0.0,-0.08200510000000001,0.08150510000000001,5.0,ifvg,0.001,-0.16351020000000002,84
2025-11,zone_1x_3x,814568,814733,-1,81509.2,81653.69999999997,144.4999999999709,1733.9999999996508,sl,165.0,-0.22600919999997088,0.08150919999999999,5.0,ifvg_clean,0.001,-0.3075183999999709,85
2025-11,zone_1x_3x,827743,827757,-1,78633.9,78753.3,119.40000000000873,358.2000000000262,sl,14.0,-0.19803390000000873,0.07863389999999999,5.0,ifvg,0.001,-0.27666780000000873,86
2025-11,zone_1x_3x,827743,827821,-1,78693.6,78813.00000000001,119.40000000000873,358.2000000000262,sl,78.0,-0.19809360000000875,0.0786936,5.0,ifvg,0.001,-0.2767872000000088,87
2025-11,zone_1x_3x,827757,827832,-1,78753.3,78872.70000000001,119.40000000000873,358.2000000000262,sl,75.0,-0.19815330000000875,0.07875330000000001,5.0,ifvg,0.001,-0.2769066000000088,88
2025-11,zone_1x_3x,827743,827991,1,78751.0,78633.4,597.0000000000437,7164.000000000524,inv,248.0,-0.19635100000000583,0.078751,5.0,ifvg_clean,0.001,-0.27510200000000584,89
2025-11,zone_1x_3x,829552,829552,-1,79149.95,79170.05,20.10000000000582,60.30000000001746,sl,0.0,-0.09924995000000583,0.07914995000000001,5.0,ifvg,0.001,-0.17839990000000583,90
2025-11,zone_1x_3x,829552,829552,-1,79139.9,79160.0,20.10000000000582,60.30000000001746,sl,0.0,-0.09923990000000582,0.0791399,5.0,ifvg,0.001,-0.1783798000000058,91
2025-11,zone_1x_3x,829552,829561,-1,79160.0,79180.1,20.10000000000582,60.30000000001746,sl,9.0,-0.09926000000000582,0.07916,5.0,ifvg,0.001,-0.1784200000000058,92
2025-11,zone_1x_3x,829552,829576,1,79173.2,79139.4,100.5000000000291,1206.0000000003492,inv,24.0,-0.11297320000000291,0.0791732,5.0,ifvg_clean,0.001,-0.1921464000000029,93
2025-11,zone_1x_3x,831600,831600,-1,79241.3,79241.8,52.69999999999709,158.09999999999127,inv,0.0,-0.07974130000000001,0.07924130000000001,5.0,ifvg,0.001,-0.15898260000000003,94
2025-11,zone_1x_3x,831600,831600,-1,79188.6,79241.3,52.69999999999709,158.09999999999127,sl,0.0,-0.1318885999999971,0.07918860000000001,5.0,ifvg,0.001,-0.21107719999999713,95
2025-11,zone_1x_3x,831600,831601,-1,79214.95000000001,79241.8,52.69999999999709,158.09999999999127,inv,1.0,-0.10606494999999129,0.07921495000000002,5.0,ifvg,0.001,-0.1852798999999913,96
2025-11,zone_1x_3x,831687,831689,1,79300.0,79260.0,40.0,120.0,sl,2.0,-0.11929999999999999,0.0793,5.0,ifvg,0.001,-0.1986,97
2025-11,zone_1x_3x,831687,831693,-1,79266.6,79300.5,200.0,2400.0,inv,6.0,-0.11316659999999418,0.0792666,5.0,ifvg_clean,0.001,-0.1924331999999942,98
2025-11,zone_1x_3x,831689,831719,1,79260.0,79380.0,40.0,120.0,tp,30.0,0.040739999999999985,0.07926000000000001,5.0,ifvg,0.001,-0.038520000000000026,99
2025-11,zone_1x_3x,831687,831733,1,79280.0,79400.0,40.0,120.0,tp,46.0,0.04071999999999999,0.07928,5.0,ifvg,0.001,-0.03856000000000001,100
2025-11,zone_1x_3x,853164,853807,-1,79596.0,79399.80000000002,65.39999999999418,196.19999999998254,tp,665.0,0.11660399999998255,0.079596,5.0,fvg,0.001,0.037007999999982555,101
2025-11,zone_1x_3x,853164,853857,-1,79563.3,79367.10000000002,65.39999999999418,196.19999999998254,tp,716.0,0.11663669999998255,0.0795633,5.0,fvg,0.001,0.03707339999998255,102
2025-11,zone_1x_3x,854638,854645,1,79415.7,79405.5,105.5000000000291,1266.0000000003492,inv,7.0,-0.08961569999999709,0.0794157,5.0,ifvg_clean,0.001,-0.1690313999999971,103
2025-11,zone_1x_3x,854638,854654,-1,79406.0,79427.1,21.10000000000582,63.30000000001746,sl,16.0,-0.10050600000000583,0.079406,5.0,ifvg,0.001,-0.17991200000000585,104
2025-11,zone_1x_3x,854654,854681,-1,79427.1,79363.79999999999,21.10000000000582,63.30000000001746,tp,27.0,-0.016127099999982547,0.07942710000000001,5.0,ifvg,0.001,-0.09555419999998256,105
2025-11,zone_1x_3x,854638,854739,-1,79416.55,79353.24999999999,21.10000000000582,63.30000000001746,tp,103.0,-0.016116549999982535,0.07941655,5.0,ifvg,0.001,-0.09553309999998254,106
2025-11,zone_1x_3x,831600,855415,1,79236.5,78973.00000000001,263.49999999998545,3161.9999999998254,sl,24228.0,-0.34273649999998546,0.0792365,5.0,ifvg_clean,0.001,-0.42197299999998544,107
2025-11,zone_1x_3x,856804,857274,-1,79525.6,79549.9,24.29999999998836,72.89999999996508,sl,474.0,-0.10382559999998837,0.07952560000000002,5.0,fvg,0.001,-0.1833511999999884,108
2025-11,zone_1x_3x,857270,857291,-1,79537.75,79562.04999999999,24.29999999998836,72.89999999996508,sl,21.0,-0.10383774999998836,0.07953775,5.0,fvg,0.001,-0.18337549999998837,109
2025-11,zone_1x_3x,857274,857294,-1,79549.9,79574.19999999998,24.29999999998836,72.89999999996508,sl,20.0,-0.10384989999998835,0.07954989999999999,5.0,fvg,0.001,-0.18339979999998834,110
2025-11,zone_1x_3x,857358,857395,-1,79628.7,79694.09999999999,65.39999999999418,196.19999999998254,sl,37.0,-0.14502869999999418,0.0796287,5.0,fvg,0.001,-0.22465739999999418,111
2025-11,zone_1x_3x,862409,862409,1,80338.6,80287.5,51.10000000000582,153.30000000001746,sl,0.0,-0.13143860000000585,0.08033860000000001,5.0,ifvg,0.001,-0.21177720000000586,112
2025-11,zone_1x_3x,862409,862413,1,80313.05,80261.95,51.10000000000582,153.30000000001746,sl,4.0,-0.13141305000000583,0.08031305000000001,5.0,ifvg,0.001,-0.21172610000000586,113
2025-11,zone_1x_3x,862409,862583,1,80287.5,80236.4,51.10000000000582,153.30000000001746,sl,174.0,-0.13138750000000582,0.08028750000000001,5.0,ifvg,0.001,-0.21167500000000583,114
2025-11,zone_1x_3x,862409,862774,-1,80280.1,80339.1,255.5000000000291,3066.0000000003492,inv,365.0,-0.13928010000000002,0.08028010000000001,5.0,ifvg_clean,0.001,-0.21956020000000004,115
2025-11,zone_1x_3x,863815,863912,-1,80609.2,80478.39999999998,43.60000000000582,130.80000000001746,tp,97.0,0.05019080000001745,0.0806092,5.0,ifvg,0.001,-0.030418399999982554,116
2025-11,zone_1x_3x,863815,864055,-1,80587.4,80631.0,43.60000000000582,130.80000000001746,inv,241.0,-0.12418740000000583,0.0805874,5.0,ifvg,0.001,-0.20477480000000584,117
2025-11,zone_1x_3x,864055,864055,-1,80631.0,80631.5,43.60000000000582,130.80000000001746,inv,0.0,-0.08113100000000001,0.08063100000000001,5.0,ifvg,0.001,-0.16176200000000002,118
2025-11,zone_1x_3x,870988,871004,-1,80521.9,80548.1,26.20000000001164,78.60000000003492,sl,16.0,-0.10672190000001165,0.08052190000000001,5.0,ifvg,0.001,-0.18724380000001167,119
2025-11,zone_1x_3x,870988,871006,-1,80535.0,80561.20000000001,26.20000000001164,78.60000000003492,sl,18.0,-0.10673500000001164,0.080535,5.0,ifvg,0.001,-0.18727000000001165,120
2025-11,zone_1x_3x,871004,871041,-1,80548.1,80574.30000000002,26.20000000001164,78.60000000003492,sl,37.0,-0.10674810000001166,0.08054810000000001,5.0,ifvg,0.001,-0.18729620000001168,121
2025-11,zone_1x_3x,880686,880687,-1,80779.6,80808.3,189.00000000001455,2268.0000000001746,inv,1.0,-0.1094795999999971,0.08077960000000001,5.0,ifvg_clean,0.001,-0.1902591999999971,122
2025-11,zone_1x_3x,880686,880695,1,80788.9,80751.09999999999,37.80000000000291,113.40000000000873,sl,9.0,-0.11858890000000291,0.0807889,5.0,ifvg,0.001,-0.1993778000000029,123
2025-11,zone_1x_3x,880686,880695,1,80807.8,80770.0,37.80000000000291,113.40000000000873,sl,9.0,-0.11860780000000291,0.0808078,5.0,ifvg,0.001,-0.1994156000000029,124
2025-11,zone_1x_3x,880695,880695,1,80770.0,80732.2,37.80000000000291,113.40000000000873,sl,0.0,-0.11857000000000291,0.08077,5.0,ifvg,0.001,-0.1993400000000029,125
2025-11,zone_1x_3x,880711,880711,-1,80890.0,80890.5,51.60000000000582,154.80000000001746,inv,0.0,-0.08139,0.08089,5.0,ifvg,0.001,-0.16228,126
2025-11,zone_1x_3x,880711,880711,-1,80838.4,80890.0,51.60000000000582,154.80000000001746,sl,0.0,-0.1324384000000058,0.08083839999999999,5.0,ifvg,0.001,-0.21327680000000582,127
2025-11,zone_1x_3x,880711,880724,-1,80864.2,80890.5,51.60000000000582,154.80000000001746,inv,13.0,-0.1071642000000029,0.0808642,5.0,ifvg,0.001,-0.1880284000000029,128
2025-11,zone_1x_3x,883600,883914,-1,81606.65,81447.94999999997,52.90000000000873,158.7000000000262,tp,314.0,0.0770933500000262,0.08160665,5.0,fvg,0.001,-0.004513299999973797,129
2025-11,zone_1x_3x,883583,884625,-1,81580.2,81421.49999999997,52.90000000000873,158.7000000000262,tp,1043.0,0.0771198000000262,0.0815802,5.0,fvg,0.001,-0.004460399999973802,130
2025-11,zone_1x_3x,885286,885565,-1,81633.1,81686.00000000001,52.90000000000873,158.7000000000262,sl,279.0,-0.13453310000000873,0.08163310000000001,5.0,fvg,0.001,-0.21616620000000875,131
2025-11,zone_1x_3x,870988,885833,1,80543.8,82115.8000000007,131.0000000000582,1572.0000000006985,tp,14892.0,1.4914562000006986,0.08054380000000001,5.0,ifvg_clean,0.001,1.4109124000006985,132
2025-11,zone_1x_3x,881679,888265,1,81292.45,82495.14999999998,400.8999999999942,1202.6999999999825,tp,6588.0,1.1214075499999825,0.08129245,5.0,fvg,0.001,1.0401150999999824,133
2025-11,zone_1x_3x,881134,888974,1,81492.9,82695.59999999998,400.8999999999942,1202.6999999999825,tp,7842.0,1.1212070999999826,0.0814929,5.0,fvg,0.001,1.0397141999999826,134
2025-11,zone_1x_3x,889177,889283,-1,82689.5,82626.5,21.0,63.0,tp,106.0,-0.0196895,0.0826895,5.0,ifvg,0.001,-0.102379,135
2025-11,zone_1x_3x,889177,889285,-1,82679.0,82616.0,21.0,63.0,tp,108.0,-0.019679000000000002,0.082679,5.0,ifvg,0.001,-0.102358,136
2025-11,zone_1x_3x,889305,889305,-1,82700.0,82700.5,21.0,63.0,inv,0.0,-0.08320000000000001,0.08270000000000001,5.0,ifvg,0.001,-0.16590000000000002,137
2025-11,zone_1x_3x,889177,890376,1,82690.8,82585.8,105.0,1260.0,sl,1199.0,-0.1876908,0.08269080000000001,5.0,ifvg_clean,0.001,-0.2703816,138
2025-11,zone_1x_3x,896810,896810,1,82347.6,82288.1,59.5,178.5,sl,0.0,-0.14184760000000002,0.08234760000000002,5.0,ifvg,0.001,-0.22419520000000004,139
2025-11,zone_1x_3x,896810,896824,1,82317.85,82258.35,59.5,178.5,sl,14.0,-0.14181785000000002,0.08231785000000001,5.0,ifvg,0.001,-0.22413570000000005,140
2025-11,zone_1x_3x,896810,896825,1,82288.1,82228.6,59.5,178.5,sl,15.0,-0.14178810000000003,0.08228810000000002,5.0,ifvg,0.001,-0.22407620000000006,141
2025-11,zone_1x_3x,896810,896850,-1,82286.5,82348.1,297.5,3570.0,inv,40.0,-0.14388650000000583,0.0822865,5.0,ifvg_clean,0.001,-0.22617300000000584,142
2025-11,zone_1x_3x,863815,900954,1,80627.9,83243.90000000034,218.0000000000291,2616.0000000003492,tp,37206.0,2.535372100000349,0.0806279,5.0,ifvg_clean,0.001,2.454744200000349,143
2025-11,zone_1x_3x,905779,905780,-1,81986.0,82133.4,147.39999999999418,442.19999999998254,sl,1.0,-0.22938599999999418,0.081986,5.0,ifvg,0.001,-0.3113719999999942,144
2025-11,zone_1x_3x,905779,905789,-1,82059.7,82207.09999999999,147.39999999999418,442.19999999998254,sl,10.0,-0.22945969999999416,0.0820597,5.0,ifvg,0.001,-0.3115193999999942,145
2025-11,zone_1x_3x,905779,905827,1,82123.8,81985.5,736.9999999999709,8843.99999999965,inv,48.0,-0.22042380000000295,0.08212380000000001,5.0,ifvg_clean,0.001,-0.30254760000000297,146
2025-11,zone_1x_3x,905780,906212,-1,82133.4,81691.20000000001,147.39999999999418,442.19999999998254,tp,432.0,0.3600665999999826,0.0821334,5.0,ifvg,0.001,0.27793319999998256,147
2025-11,zone_1x_3x,906571,906695,1,81900.0,81781.6,118.39999999999418,355.19999999998254,sl,125.0,-0.20029999999999418,0.0819,5.0,fvg,0.001,-0.2821999999999942,148
2025-11,zone_1x_3x,906736,906771,-1,81904.5,81957.9,53.39999999999418,160.19999999998254,sl,35.0,-0.1353044999999942,0.0819045,5.0,fvg,0.001,-0.2172089999999942,149
2025-11,zone_1x_3x,906739,906946,-1,81931.2,81984.59999999999,53.39999999999418,160.19999999998254,sl,207.0,-0.13533119999999418,0.08193120000000001,5.0,fvg,0.001,-0.2172623999999942,150
2025-11,zone_1x_3x,906771,906974,-1,81957.9,82011.29999999999,53.39999999999418,160.19999999998254,sl,203.0,-0.13535789999999417,0.0819579,5.0,fvg,0.001,-0.21731579999999417,151
2025-11,zone_1x_3x,906695,907039,1,81781.6,82136.79999999999,118.39999999999418,355.19999999998254,tp,344.0,0.2734183999999825,0.08178160000000001,5.0,fvg,0.001,0.1916367999999825,152
2025-11,zone_1x_3x,906644,907083,1,81840.8,82195.99999999999,118.39999999999418,355.19999999998254,tp,439.0,0.27335919999998254,0.0818408,5.0,fvg,0.001,0.19151839999998255,153
2025-11,zone_1x_3x,909245,909318,1,82514.5,82458.2,56.30000000000291,168.90000000000873,sl,73.0,-0.13881450000000292,0.0825145,5.0,ifvg,0.001,-0.22132900000000294,154
2025-11,zone_1x_3x,909245,909322,1,82486.35,82430.05,56.30000000000291,168.90000000000873,sl,77.0,-0.13878635000000292,0.08248635,5.0,ifvg,0.001,-0.22127270000000293,155
2025-11,zone_1x_3x,909318,909385,1,82458.2,82401.9,56.30000000000291,168.90000000000873,sl,70.0,-0.1387582000000029,0.08245820000000001,5.0,ifvg,0.001,-0.22121640000000292,156
2025-11,zone_1x_3x,909245,909423,-1,82462.4,82515.0,281.50000000001455,3378.0000000001746,inv,181.0,-0.13506240000000583,0.0824624,5.0,ifvg_clean,0.001,-0.21752480000000585,157
2025-11,zone_1x_3x,910574,910587,-1,82234.3,82260.8,26.5,79.5,sl,13.0,-0.1087343,0.08223430000000001,5.0,fvg,0.001,-0.19096860000000002,158
2025-11,zone_1x_3x,910587,910637,-1,82260.8,82181.3,26.5,79.5,tp,50.0,-0.0027608000000000077,0.08226080000000001,5.0,fvg,0.001,-0.08502160000000002,159
2025-11,zone_1x_3x,910574,910654,-1,82247.55,82168.05,26.5,79.5,tp,80.0,-0.0027475500000000014,0.08224755,5.0,fvg,0.001,-0.0849951,160
2025-11,zone_1x_3x,911207,911249,-1,82400.0,82455.1,55.10000000000582,165.30000000001746,sl,42.0,-0.13750000000000584,0.0824,5.0,fvg,0.001,-0.21990000000000584,161
2025-11,zone_1x_3x,911217,911250,-1,82427.55,82482.65000000001,55.10000000000582,165.30000000001746,sl,33.0,-0.13752755000000583,0.08242755000000002,5.0,fvg,0.001,-0.21995510000000584,162
2025-11,zone_1x_3x,911249,911336,-1,82455.1,82510.20000000001,55.10000000000582,165.30000000001746,sl,87.0,-0.13755510000000581,0.0824551,5.0,fvg,0.001,-0.22001020000000582,163
2025-11,zone_1x_3x,911491,911558,1,82573.3,82739.20000000001,55.30000000000291,165.90000000000873,tp,67.0,0.08332670000000873,0.0825733,5.0,fvg,0.001,0.0007534000000087304,164
2025-11,zone_1x_3x,880711,915647,1,80874.3,83970.30000000035,258.0000000000291,3096.0000000003492,tp,34951.0,3.015125700000349,0.08087430000000001,5.0,ifvg_clean,0.001,2.934251400000349,165
2025-11,zone_1x_3x,948607,949102,-1,82801.4,82900.1,98.70000000001164,296.1000000000349,sl,496.0,-0.18150140000001164,0.0828014,5.0,fvg,0.001,-0.2643028000000116,166
2025-11,zone_1x_3x,948628,949269,-1,82850.75,82949.45000000001,98.70000000001164,296.1000000000349,sl,646.0,-0.18155075000001164,0.08285075,5.0,fvg,0.001,-0.2644015000000116,167
2025-11,zone_1x_3x,949102,950019,-1,82900.1,82998.80000000002,98.70000000001164,296.1000000000349,sl,926.0,-0.18160010000001164,0.0829001,5.0,fvg,0.001,-0.2645002000000116,168
2025-11,zone_1x_3x,1037184,1037189,1,85555.4,85520.9,34.5,103.5,sl,5.0,-0.12005539999999999,0.08555539999999999,5.0,fvg,0.001,-0.20561079999999998,169
2025-11,zone_1x_3x,1037187,1037198,1,85538.15,85503.65,34.5,103.5,sl,11.0,-0.12003815000000001,0.08553815000000001,5.0,fvg,0.001,-0.20557630000000002,170
2025-11,zone_1x_3x,1037189,1037209,1,85520.9,85486.4,34.5,103.5,sl,20.0,-0.1200209,0.0855209,5.0,fvg,0.001,-0.2055418,171
2025-11,zone_1x_3x,1245361,1245363,1,85652.4,85619.5,225.5000000000291,2706.0000000003492,inv,2.0,-0.11855239999999417,0.0856524,5.0,ifvg_clean,0.001,-0.2042047999999942,172
2025-11,zone_1x_3x,1245361,1245374,-1,85642.55,85507.24999999999,45.10000000000582,135.30000000001746,tp,13.0,0.049657450000017464,0.08564255,5.0,ifvg,0.001,-0.035985099999982534,173
2025-11,zone_1x_3x,1245361,1245374,-1,85620.0,85484.69999999998,45.10000000000582,135.30000000001746,tp,13.0,0.04968000000001746,0.08562,5.0,ifvg,0.001,-0.03593999999998254,174
2025-11,zone_1x_3x,1252583,1252601,1,84929.0,84910.1,172.99999999995634,2075.999999999476,inv,18.0,-0.10382899999999418,0.084929,5.0,ifvg_clean,0.001,-0.18875799999999418,175
2025-11,zone_1x_3x,1252583,1252621,-1,84910.6,84945.2,34.59999999999127,103.7999999999738,sl,38.0,-0.11951059999999128,0.0849106,5.0,ifvg,0.001,-0.20442119999999128,176
2025-11,zone_1x_3x,1252621,1252786,-1,84945.2,84841.40000000002,34.59999999999127,103.7999999999738,tp,165.0,0.018854799999973804,0.0849452,5.0,ifvg,0.001,-0.0660904000000262,177
2025-11,zone_1x_3x,1252583,1252812,-1,84927.9,84824.10000000002,34.59999999999127,103.7999999999738,tp,229.0,0.0188720999999738,0.0849279,5.0,ifvg,0.001,-0.0660558000000262,178
2025-11,zone_1x_3x,1342528,1342528,-1,85329.7,85354.9,387.99999999995634,4655.999999999476,inv,0.0,-0.1105296999999971,0.08532970000000001,5.0,ifvg_clean,0.001,-0.1958593999999971,179
2025-11,zone_1x_3x,1342528,1342533,1,85354.4,85276.8,77.59999999999127,232.7999999999738,sl,5.0,-0.16295439999999128,0.0853544,5.0,ifvg,0.001,-0.24830879999999128,180
2025-11,zone_1x_3x,1342533,1342534,1,85315.6,85238.00000000001,77.59999999999127,232.7999999999738,sl,1.0,-0.16291559999999128,0.0853156,5.0,ifvg,0.001,-0.24823119999999127,181
2025-11,zone_1x_3x,1342533,1342537,1,85276.8,85199.20000000001,77.59999999999127,232.7999999999738,sl,4.0,-0.16287679999999127,0.08527680000000001,5.0,ifvg,0.001,-0.2481535999999913,182
2025-11,zone_1x_3x,1344808,1344808,1,83752.9,83752.4,35.10000000000582,105.30000000001746,inv,0.0,-0.0842529,0.0837529,5.0,ifvg,0.001,-0.1680058,183
2025-11,zone_1x_3x,1344808,1344808,1,83788.0,83752.9,35.10000000000582,105.30000000001746,sl,0.0,-0.11888800000000582,0.083788,5.0,ifvg,0.001,-0.20267600000000582,184
2025-11,zone_1x_3x,1344808,1344809,1,83770.45,83752.4,35.10000000000582,105.30000000001746,inv,1.0,-0.10182045000000291,0.08377045,5.0,ifvg,0.001,-0.1855909000000029,185
2025-11,zone_1x_3x,1344882,1344884,1,83676.75,83653.0,46.5,139.5,inv,2.0,-0.10742674999999999,0.08367675,5.0,ifvg,0.001,-0.19110349999999998,186
2025-11,zone_1x_3x,1344882,1344884,1,83700.0,83653.5,46.5,139.5,inv,2.0,-0.1302,0.08370000000000001,5.0,ifvg,0.001,-0.21390000000000003,187
2025-11,zone_1x_3x,1344884,1344884,1,83653.5,83653.0,46.5,139.5,inv,0.0,-0.0841535,0.0836535,5.0,ifvg,0.001,-0.167807,188
2025-11,zone_1x_3x,1344867,1344889,1,83589.70000000001,83760.10000000002,56.80000000000291,170.40000000000873,tp,22.0,0.08681030000000874,0.0835897,5.0,fvg,0.001,0.003220600000008733,189
2025-11,zone_1x_3x,1344862,1344890,1,83618.1,83788.50000000001,56.80000000000291,170.40000000000873,tp,28.0,0.08678190000000872,0.08361810000000001,5.0,fvg,0.001,0.0031638000000087096,190
2025-11,zone_1x_3x,1344882,1344918,-1,83657.4,83889.9,232.5,2790.0,sl,36.0,-0.31615740000000003,0.08365739999999999,5.0,ifvg_clean,0.001,-0.3998148,191
2025-11,zone_1x_3x,1344808,1344921,-1,83748.0,83923.50000000003,175.5000000000291,2106.0000000003492,sl,113.0,-0.2592480000000291,0.083748,5.0,ifvg_clean,0.001,-0.3429960000000291,192
2025-11,zone_1x_3x,1350269,1350406,-1,84002.4,84070.0,67.60000000000582,202.80000000001746,sl,138.0,-0.1516024000000058,0.08400239999999999,5.0,fvg,0.001,-0.23560480000000578,193
2025-11,zone_1x_3x,1350350,1350524,-1,84036.2,84103.8,67.60000000000582,202.80000000001746,sl,175.0,-0.15163620000000583,0.08403619999999999,5.0,fvg,0.001,-0.23567240000000583,194
2025-11,zone_1x_3x,1350406,1350537,-1,84070.0,84137.6,67.60000000000582,202.80000000001746,sl,132.0,-0.15167000000000583,0.08407,5.0,fvg,0.001,-0.23574000000000583,195
2025-11,zone_1x_3x,1420429,1420433,-1,84510.2,84534.9,48.39999999999418,145.19999999998254,inv,4.0,-0.10921019999999708,0.0845102,5.0,ifvg,0.001,-0.19372039999999707,196
2025-11,zone_1x_3x,1420429,1420433,-1,84486.0,84534.4,48.39999999999418,145.19999999998254,inv,4.0,-0.13288599999999418,0.084486,5.0,ifvg,0.001,-0.21737199999999418,197
2025-11,zone_1x_3x,1420433,1420433,-1,84534.4,84534.9,48.39999999999418,145.19999999998254,inv,0.0,-0.0850344,0.0845344,5.0,ifvg,0.001,-0.1695688,198
2025-11,zone_1x_3x,1418914,1427642,1,84365.2,85064.79999999999,233.1999999999971,699.5999999999913,tp,8744.0,0.6152347999999912,0.0843652,5.0,fvg,0.001,0.5308695999999912,199
2025-11,zone_1x_3x,1420429,1505007,1,84531.9,84289.90000000002,241.9999999999709,2903.9999999996508,sl,88158.0,-0.3265318999999709,0.0845319,5.0,ifvg_clean,0.001,-0.4110637999999709,200
2025-11,zone_1x_3x,1523752,1523799,-1,84606.2,84530.00000000001,25.39999999999418,76.19999999998254,tp,56.0,-0.00840620000001746,0.0846062,5.0,fvg,0.001,-0.09301240000001747,201
2025-11,zone_1x_3x,1523752,1523811,-1,84593.5,84517.30000000002,25.39999999999418,76.19999999998254,tp,70.0,-0.008393500000017456,0.0845935,5.0,fvg,0.001,-0.09298700000001746,202
2025-11,zone_1x_3x,1541534,1541577,-1,84824.9,84870.1,235.0,2820.0,inv,43.0,-0.13002490000001163,0.0848249,5.0,ifvg_clean,0.001,-0.21484980000001164,203
2025-11,zone_1x_3x,1541534,1542132,1,84869.6,84822.6,47.0,141.0,sl,605.0,-0.1318696,0.0848696,5.0,ifvg,0.001,-0.21673920000000002,204
2025-11,zone_1x_3x,1542132,1542132,1,84822.6,84822.1,47.0,141.0,inv,0.0,-0.08532260000000001,0.08482260000000001,5.0,ifvg,0.001,-0.17014520000000002,205
2025-11,zone_1x_3x,1541534,1542180,1,84846.1,84799.1,47.0,141.0,sl,653.0,-0.13184610000000002,0.08484610000000001,5.0,ifvg,0.001,-0.21669220000000003,206
2025-11,zone_1x_3x,1701779,1701835,-1,87438.8,87365.60000000002,24.39999999999418,73.19999999998254,tp,56.0,-0.014238800000017454,0.0874388,5.0,ifvg,0.001,-0.10167760000001745,207
2025-11,zone_1x_3x,1701779,1702010,1,87439.7,87317.70000000003,121.9999999999709,1463.9999999996508,sl,231.0,-0.20943969999997092,0.08743970000000001,5.0,ifvg_clean,0.001,-0.2968793999999709,208
2025-11,zone_1x_3x,1702239,1702239,-1,87463.2,87463.7,24.39999999999418,73.19999999998254,inv,0.0,-0.0879632,0.0874632,5.0,ifvg,0.001,-0.1754264,209
2025-11,zone_1x_3x,1702239,1702240,-1,87451.0,87463.7,24.39999999999418,73.19999999998254,inv,1.0,-0.1001509999999971,0.08745100000000001,5.0,ifvg,0.001,-0.1876019999999971,210
2025-11,zone_1x_3x,1734044,1734056,-1,86677.0,86708.1,31.10000000000582,93.30000000001746,sl,12.0,-0.11777700000000582,0.086677,5.0,fvg,0.001,-0.20445400000000583,211
2025-11,zone_1x_3x,1734053,1734094,-1,86692.55,86723.65000000001,31.10000000000582,93.30000000001746,sl,41.0,-0.11779255000000582,0.08669255000000001,5.0,fvg,0.001,-0.20448510000000583,212
2025-11,zone_1x_3x,1734056,1734094,-1,86708.1,86739.20000000001,31.10000000000582,93.30000000001746,sl,38.0,-0.11780810000000583,0.08670810000000001,5.0,fvg,0.001,-0.20451620000000584,213
2025-11,zone_1x_3x,1743871,1743871,-1,87391.0,87391.5,179.0,537.0,inv,0.0,-0.08789100000000001,0.08739100000000001,5.0,ifvg,0.001,-0.17528200000000002,214
2025-11,zone_1x_3x,1743871,1743871,-1,87212.0,87391.0,179.0,537.0,sl,0.0,-0.266212,0.08721200000000001,5.0,ifvg,0.001,-0.353424,215
2025-11,zone_1x_3x,1743871,1743872,-1,87301.5,87391.5,179.0,537.0,inv,1.0,-0.1773015,0.0873015,5.0,ifvg,0.001,-0.26460300000000003,216
2025-11,zone_1x_3x,1747797,1747808,1,87945.6,87919.7,25.90000000000873,77.7000000000262,sl,11.0,-0.11384560000000875,0.08794560000000001,5.0,ifvg,0.001,-0.20179120000000877,217
2025-11,zone_1x_3x,1747797,1747813,-1,87927.6,87946.1,129.50000000004366,1554.0000000005239,inv,16.0,-0.10642760000000001,0.08792760000000001,5.0,ifvg_clean,0.001,-0.1943552,218
2025-11,zone_1x_3x,1747808,1747851,1,87919.7,87997.40000000002,25.90000000000873,77.7000000000262,tp,43.0,-0.01021969999997381,0.0879197,5.0,ifvg,0.001,-0.09813939999997381,219
2025-11,zone_1x_3x,1747797,1747855,1,87932.65,88010.35000000002,25.90000000000873,77.7000000000262,tp,58.0,-0.010232649999973809,0.08793265,5.0,ifvg,0.001,-0.09816529999997381,220
2025-11,zone_1x_3x,1748294,1748294,-1,88080.2,88080.7,33.19999999999709,99.59999999999127,inv,0.0,-0.08858020000000001,0.08808020000000001,5.0,ifvg,0.001,-0.17666040000000002,221
2025-11,zone_1x_3x,1748294,1748294,-1,88047.0,88080.2,33.19999999999709,99.59999999999127,sl,0.0,-0.1212469999999971,0.088047,5.0,ifvg,0.001,-0.2092939999999971,222
2025-11,zone_1x_3x,1748294,1748295,-1,88063.6,88080.7,33.19999999999709,99.59999999999127,inv,1.0,-0.10516359999999128,0.0880636,5.0,ifvg,0.001,-0.19322719999999127,223
2025-11,zone_1x_3x,1748294,1749627,1,88066.7,87900.70000000001,165.99999999998545,1991.9999999998254,sl,1333.0,-0.25406669999998543,0.0880667,5.0,ifvg_clean,0.001,-0.34213339999998543,224
2025-11,zone_1x_3x,1743871,1754330,1,87390.6,86495.6,895.0,10740.0,sl,10464.0,-0.9823906,0.08739060000000001,5.0,ifvg_clean,0.001,-1.0697812,225
2025-11,zone_1x_3x,1754487,1754586,-1,86512.8,86620.0,107.19999999999709,321.59999999999127,sl,99.0,-0.19371279999999708,0.0865128,5.0,fvg,0.001,-0.2802255999999971,226
2025-11,zone_1x_3x,1754492,1754591,-1,86566.4,86673.59999999999,107.19999999999709,321.59999999999127,sl,99.0,-0.1937663999999971,0.0865664,5.0,fvg,0.001,-0.2803327999999971,227
2025-11,zone_1x_3x,1754586,1754719,-1,86620.0,86727.2,107.19999999999709,321.59999999999127,sl,133.0,-0.1938199999999971,0.08662,5.0,fvg,0.001,-0.28043999999999714,228
2025-11,zone_1x_3x,1755274,1755396,1,86947.15,86898.7,95.90000000000873,287.7000000000262,inv,122.0,-0.13539714999999708,0.08694715,5.0,ifvg,0.001,-0.22234429999999708,229
2025-11,zone_1x_3x,1755274,1755396,1,86995.1,86899.2,95.90000000000873,287.7000000000262,inv,122.0,-0.18289510000000875,0.0869951,5.0,ifvg,0.001,-0.26989020000000874,230
2025-11,zone_1x_3x,1755396,1755396,1,86899.2,86898.7,95.90000000000873,287.7000000000262,inv,0.0,-0.0873992,0.0868992,5.0,ifvg,0.001,-0.1742984,231
2025-11,zone_1x_3x,1755274,1763354,-1,86899.9,87379.40000000004,479.50000000004366,5754.000000000524,sl,8109.0,-0.5663999000000437,0.0868999,5.0,ifvg_clean,0.001,-0.6532998000000437,232
2025-11,zone_1x_3x,1782623,1782624,-1,87533.5,87563.4,58.79999999998836,176.39999999996508,inv,1.0,-0.11743349999999418,0.0875335,5.0,ifvg,0.001,-0.20496699999999418,233
2025-11,zone_1x_3x,1782623,1782624,-1,87504.1,87562.9,58.79999999998836,176.39999999996508,inv,1.0,-0.1463040999999884,0.08750410000000002,5.0,ifvg,0.001,-0.23380819999998842,234
2025-11,zone_1x_3x,1782624,1782625,-1,87562.9,87563.4,58.79999999998836,176.39999999996508,inv,1.0,-0.0880629,0.0875629,5.0,ifvg,0.001,-0.1756258,235
2025-11,zone_1x_3x,1790178,1793650,1,87848.2,88257.39999999998,136.39999999999418,409.19999999998254,tp,3497.0,0.32135179999998253,0.0878482,5.0,fvg,0.001,0.23350359999998255,236
2025-11,zone_1x_3x,1788501,1793777,1,87916.4,88325.59999999998,136.39999999999418,409.19999999998254,tp,5302.0,0.3212835999999825,0.08791639999999999,5.0,fvg,0.001,0.2333671999999825,237
2025-11,zone_1x_3x,1824131,1824152,-1,88563.8,88674.0,110.19999999999709,330.59999999999127,sl,21.0,-0.1987637999999971,0.0885638,5.0,fvg,0.001,-0.28732759999999713,238
2025-11,zone_1x_3x,1824147,1824163,-1,88618.9,88729.09999999999,110.19999999999709,330.59999999999127,sl,16.0,-0.19881889999999708,0.0886189,5.0,fvg,0.001,-0.2874377999999971,239
2025-11,zone_1x_3x,1824152,1824165,-1,88674.0,88784.2,110.19999999999709,330.59999999999127,sl,13.0,-0.1988739999999971,0.088674,5.0,fvg,0.001,-0.28754799999999714,240
2025-11,zone_1x_3x,1825165,1825715,1,88934.7,89264.99999999997,110.09999999999127,330.2999999999738,tp,550.0,0.24136529999997386,0.08893469999999999,5.0,fvg,0.001,0.15243059999997388,241
2025-11,zone_1x_3x,1827401,1827419,-1,89688.4,89704.3,30.80000000000291,92.40000000000873,inv,18.0,-0.10558840000000873,0.0896884,5.0,ifvg,0.001,-0.19527680000000874,242
2025-11,zone_1x_3x,1827401,1827419,-1,89673.0,89703.8,30.80000000000291,92.40000000000873,inv,18.0,-0.12047300000000291,0.089673,5.0,ifvg,0.001,-0.2101460000000029,243
2025-11,zone_1x_3x,1827419,1827419,-1,89703.8,89704.3,30.80000000000291,92.40000000000873,inv,0.0,-0.0902038,0.0897038,5.0,ifvg,0.001,-0.1799076,244
2025-11,zone_1x_3x,1828160,1828161,-1,90155.95,90179.4,45.89999999999418,137.69999999998254,inv,1.0,-0.1136059499999971,0.09015595000000001,5.0,ifvg,0.001,-0.2037618999999971,245
2025-11,zone_1x_3x,1828160,1828161,-1,90133.0,90178.9,45.89999999999418,137.69999999998254,inv,1.0,-0.1360329999999942,0.09013299999999999,5.0,ifvg,0.001,-0.22616599999999418,246
2025-11,zone_1x_3x,1828161,1828162,-1,90178.9,90179.4,45.89999999999418,137.69999999998254,inv,1.0,-0.0906789,0.0901789,5.0,ifvg,0.001,-0.1808578,247
2025-11,zone_1x_3x,1828160,1828584,1,90174.0,89944.50000000003,229.4999999999709,2753.9999999996508,sl,424.0,-0.3196739999999709,0.090174,5.0,ifvg_clean,0.001,-0.4098479999999709,248
2025-11,zone_1x_3x,1828707,1828729,-1,89954.45,89990.5,71.10000000000582,213.30000000001746,inv,22.0,-0.1260044500000029,0.08995444999999999,5.0,ifvg,0.001,-0.2159589000000029,249
2025-11,zone_1x_3x,1828707,1828729,-1,89918.9,89990.0,71.10000000000582,213.30000000001746,inv,22.0,-0.16101890000000582,0.0899189,5.0,ifvg,0.001,-0.2509378000000058,250
2025-11,zone_1x_3x,1828729,1828729,-1,89990.0,89990.5,71.10000000000582,213.30000000001746,inv,0.0,-0.09049,0.08999,5.0,ifvg,0.001,-0.18048,251
2025-11,zone_1x_3x,1829202,1829202,-1,90049.8,90119.8,70.0,210.0,sl,0.0,-0.16004980000000002,0.09004980000000001,5.0,ifvg,0.001,-0.25009960000000003,252
2025-11,zone_1x_3x,1829202,1829212,-1,90119.8,90120.3,70.0,210.0,inv,10.0,-0.0906198,0.0901198,5.0,ifvg,0.001,-0.1807396,253
2025-11,zone_1x_3x,1829202,1829212,-1,90084.8,90120.3,70.0,210.0,inv,10.0,-0.1255848,0.0900848,5.0,ifvg,0.001,-0.21566960000000002,254
2025-11,zone_1x_3x,1830144,1830152,-1,90318.3,90337.7,151.50000000001455,1818.0000000001746,inv,8.0,-0.10971829999999419,0.0903183,5.0,ifvg_clean,0.001,-0.20003659999999418,255
2025-11,zone_1x_3x,1830144,1830167,1,90322.04999999999,90291.74999999999,30.30000000000291,90.90000000000873,sl,23.0,-0.1206220500000029,0.09032204999999999,5.0,ifvg,0.001,-0.21094410000000288,256
2025-11,zone_1x_3x,1830144,1830167,1,90337.2,90306.9,30.30000000000291,90.90000000000873,sl,23.0,-0.1206372000000029,0.09033719999999999,5.0,ifvg,0.001,-0.2109744000000029,257
2025-11,zone_1x_3x,1830167,1830167,1,90306.9,90276.59999999999,30.30000000000291,90.90000000000873,sl,0.0,-0.1206069000000029,0.0903069,5.0,ifvg,0.001,-0.2109138000000029,258
2025-11,zone_1x_3x,1832158,1832160,-1,90627.7,90640.4,24.39999999999418,73.19999999998254,inv,2.0,-0.1033276999999971,0.0906277,5.0,ifvg,0.001,-0.1939553999999971,259
2025-11,zone_1x_3x,1832158,1832160,-1,90615.5,90639.9,24.39999999999418,73.19999999998254,inv,2.0,-0.11501549999999418,0.0906155,5.0,ifvg,0.001,-0.20563099999999418,260
2025-11,zone_1x_3x,1832160,1832160,-1,90639.9,90640.4,24.39999999999418,73.19999999998254,inv,0.0,-0.0911399,0.0906399,5.0,ifvg,0.001,-0.1817798,261
2025-11,zone_1x_3x,1782623,1832666,1,87553.5,91081.4999999993,293.9999999999418,3527.9999999993015,tp,50357.0,3.4404464999993016,0.0875535,5.0,ifvg_clean,0.001,3.352892999999302,262
2025-11,zone_1x_3x,1832158,1834903,1,90633.2,90511.20000000003,121.9999999999709,1463.9999999996508,sl,2745.0,-0.2126331999999709,0.09063320000000001,5.0,ifvg_clean,0.001,-0.3032663999999709,263
2025-11,zone_1x_3x,1835750,1835888,1,90554.6,90684.80000000003,43.40000000000873,130.2000000000262,tp,138.0,0.03964540000002617,0.09055460000000001,5.0,fvg,0.001,-0.05090919999997384,264
2025-11,zone_1x_3x,1836045,1836859,-1,90950.0,90649.40000000001,100.19999999999709,300.59999999999127,tp,814.0,0.20964999999999126,0.09095,5.0,fvg,0.001,0.11869999999999126,265
2025-11,zone_1x_3x,1841502,1841580,-1,91000.1,91100.3,100.19999999999709,300.59999999999127,sl,78.0,-0.1912000999999971,0.0910001,5.0,fvg,0.001,-0.2822001999999971,266
2025-11,zone_1x_3x,1841520,1841583,-1,91050.2,91150.4,100.19999999999709,300.59999999999127,sl,63.0,-0.1912501999999971,0.09105020000000001,5.0,fvg,0.001,-0.2823003999999971,267
2025-11,zone_1x_3x,1842366,1842367,1,91211.1,91173.4,37.70000000001164,113.10000000003492,sl,1.0,-0.12891110000001166,0.0912111,5.0,ifvg,0.001,-0.22012220000001165,268
2025-11,zone_1x_3x,1842366,1842373,1,91192.25,91154.54999999999,37.70000000001164,113.10000000003492,sl,7.0,-0.12889225000001164,0.09119225,5.0,ifvg,0.001,-0.22008450000001165,269
2025-11,zone_1x_3x,1842366,1842397,-1,91176.1,91211.6,188.5000000000582,2262.0000000006985,inv,31.0,-0.1266761,0.09117610000000001,5.0,ifvg_clean,0.001,-0.21785220000000002,270
2025-11,zone_1x_3x,1842367,1842496,1,91173.4,91286.50000000003,37.70000000001164,113.10000000003492,tp,129.0,0.02192660000003492,0.0911734,5.0,ifvg,0.001,-0.06924679999996508,271
2025-11,zone_1x_3x,1827401,1843295,1,89684.3,91532.30000000018,154.00000000001455,1848.0000000001746,tp,15901.0,1.7583157000001746,0.08968430000000001,5.0,ifvg_clean,0.001,1.6686314000001745,272
2025-11,zone_1x_3x,1851442,1851452,1,91272.0,91250.0,22.0,66.0,inv,10.0,-0.11327200000000001,0.091272,5.0,ifvg,0.001,-0.204544,273
2025-11,zone_1x_3x,1851452,1851452,1,91250.0,91249.5,22.0,66.0,inv,0.0,-0.09175,0.09125,5.0,ifvg,0.001,-0.183,274
2025-11,zone_1x_3x,1851452,1851453,1,91261.0,91249.5,22.0,66.0,inv,1.0,-0.10276099999999999,0.091261,5.0,ifvg,0.001,-0.19402199999999997,275
2025-11,zone_1x_3x,1851442,1855028,-1,91268.0,91378.0,110.0,1320.0,sl,3689.0,-0.201268,0.091268,5.0,ifvg_clean,0.001,-0.292536,276
2025-11,zone_1x_3x,1855437,1855437,1,91544.29999999999,91500.09999999999,44.19999999999709,132.59999999999127,sl,0.0,-0.1357442999999971,0.0915443,5.0,ifvg,0.001,-0.2272885999999971,277
2025-11,zone_1x_3x,1855437,1855437,1,91566.4,91522.2,44.19999999999709,132.59999999999127,sl,0.0,-0.1357663999999971,0.0915664,5.0,ifvg,0.001,-0.22733279999999711,278
2025-11,zone_1x_3x,1855437,1855446,1,91522.2,91478.0,44.19999999999709,132.59999999999127,sl,9.0,-0.13572219999999707,0.0915222,5.0,ifvg,0.001,-0.22724439999999707,279
2025-11,zone_1x_3x,1855437,1855728,-1,91503.0,91566.9,220.99999999998545,2651.9999999998254,inv,291.0,-0.15540299999999418,0.091503,5.0,ifvg_clean,0.001,-0.24690599999999419,280
2025-11,zone_1x_3x,1828707,1893315,1,89975.4,94241.40000000034,355.5000000000291,4266.000000000349,tp,64815.0,4.176024600000349,0.0899754,5.0,ifvg_clean,0.001,4.086049200000349,281
2025-11,zone_1x_3x,1829202,1894262,1,90108.7,94308.7,350.0,4200.0,tp,65270.0,4.1098913,0.0901087,5.0,ifvg_clean,0.001,4.0197826,282
2025-11,zone_1x_3x,1920648,1920657,1,92337.0,92313.5,46.0,138.0,inv,9.0,-0.115837,0.092337,5.0,ifvg,0.001,-0.208174,283
2025-11,zone_1x_3x,1920648,1920657,1,92360.0,92314.0,46.0,138.0,inv,9.0,-0.13835999999999998,0.09236,5.0,ifvg,0.001,-0.23071999999999998,284
2025-11,zone_1x_3x,1920657,1920657,1,92314.0,92313.5,46.0,138.0,inv,0.0,-0.09281400000000001,0.09231400000000001,5.0,ifvg,0.001,-0.18512800000000001,285
2025-11,zone_1x_3x,1920648,1920883,-1,92320.0,92550.0,230.0,2760.0,sl,235.0,-0.32232000000000005,0.09232000000000001,5.0,ifvg_clean,0.001,-0.41464000000000006,286
2025-11,zone_1x_3x,1921919,1921920,-1,92846.6,92879.7,33.09999999999127,99.2999999999738,sl,1.0,-0.12594659999999128,0.09284660000000002,5.0,fvg,0.001,-0.2187931999999913,287
2025-11,zone_1x_3x,1921919,1921924,-1,92863.15,92896.24999999999,33.09999999999127,99.2999999999738,sl,5.0,-0.12596314999999125,0.09286314999999999,5.0,fvg,0.001,-0.21882629999999126,288
2025-11,zone_1x_3x,1921920,1921924,-1,92879.7,92912.79999999999,33.09999999999127,99.2999999999738,sl,4.0,-0.12597969999999126,0.0928797,5.0,fvg,0.001,-0.21885939999999127,289
2025-11,zone_1x_3x,1981970,1982073,1,91820.8,91971.4,50.19999999999709,150.59999999999127,tp,103.0,0.05877919999999126,0.09182080000000001,5.0,fvg,0.001,-0.03304160000000875,290
2025-11,zone_1x_3x,2014022,2014025,-1,92707.8,92741.6,33.80000000000291,101.40000000000873,sl,3.0,-0.12650780000000292,0.0927078,5.0,ifvg,0.001,-0.21921560000000292,291
2025-11,zone_1x_3x,2014022,2014034,-1,92724.70000000001,92758.50000000001,33.80000000000291,101.40000000000873,sl,12.0,-0.12652470000000293,0.09272470000000002,5.0,ifvg,0.001,-0.21924940000000295,292
2025-11,zone_1x_3x,2014025,2014038,-1,92741.6,92775.40000000001,33.80000000000291,101.40000000000873,sl,13.0,-0.12654160000000292,0.09274160000000001,5.0,ifvg,0.001,-0.21928320000000293,293
2025-11,zone_1x_3x,2014022,2014068,1,92736.1,92707.3,169.00000000001455,2028.0000000001746,inv,46.0,-0.12153610000000292,0.09273610000000002,5.0,ifvg_clean,0.001,-0.21427220000000294,294
2025-11,zone_1x_3x,2036533,2036533,-1,93477.7,93499.9,22.19999999999709,66.59999999999127,sl,0.0,-0.11567769999999708,0.0934777,5.0,ifvg,0.001,-0.20915539999999708,295
2025-11,zone_1x_3x,2036533,2036603,-1,93499.9,93522.09999999999,22.19999999999709,66.59999999999127,sl,70.0,-0.11569989999999708,0.0934999,5.0,ifvg,0.001,-0.20919979999999708,296
2025-11,zone_1x_3x,2036533,2036603,-1,93488.79999999999,93510.99999999999,22.19999999999709,66.59999999999127,sl,70.0,-0.11568879999999707,0.09348879999999998,5.0,ifvg,0.001,-0.20917759999999705,297
2025-11,zone_1x_3x,2036533,2043567,1,93499.9,93477.2,110.99999999998545,1331.9999999998254,inv,7093.0,-0.11619989999999708,0.0934999,5.0,ifvg_clean,0.001,-0.20969979999999708,298
2025-11,zone_1x_3x,2053144,2053144,1,92991.7,92991.2,81.69999999999709,245.09999999999127,inv,0.0,-0.0934917,0.0929917,5.0,ifvg,0.001,-0.1864834,299
2025-11,zone_1x_3x,2053144,2053144,1,93073.4,92991.7,81.69999999999709,245.09999999999127,sl,0.0,-0.17477339999999708,0.0930734,5.0,ifvg,0.001,-0.26784679999999705,300
2025-11,zone_1x_3x,2053144,2053145,1,93032.54999999999,92991.2,81.69999999999709,245.09999999999127,inv,1.0,-0.13438254999999127,0.09303254999999999,5.0,ifvg,0.001,-0.22741509999999127,301
2025-11,zone_1x_3x,2053144,2058589,-1,92988.2,93396.69999999998,408.49999999998545,4901.999999999825,sl,5578.0,-0.5014881999999854,0.0929882,5.0,ifvg_clean,0.001,-0.5944763999999854,302
2025-11,zone_1x_3x,2289560,2289598,1,93271.4,93258.8,24.19999999999709,72.59999999999127,inv,38.0,-0.10587139999999128,0.0932714,5.0,ifvg,0.001,-0.1991427999999913,303
2025-11,zone_1x_3x,2289560,2289598,1,93283.5,93259.3,24.19999999999709,72.59999999999127,inv,38.0,-0.11748349999999709,0.0932835,5.0,ifvg,0.001,-0.2107669999999971,304
2025-11,zone_1x_3x,2289598,2289598,1,93259.3,93258.8,24.19999999999709,72.59999999999127,inv,0.0,-0.09375930000000002,0.09325930000000002,5.0,ifvg,0.001,-0.18701860000000003,305
2025-11,zone_1x_3x,2289560,2294059,-1,93260.5,93381.49999999999,120.99999999998545,1451.9999999998254,sl,4503.0,-0.21426049999998548,0.09326050000000001,5.0,ifvg_clean,0.001,-0.3075209999999855,306
2025-11,zone_1x_3x,2331921,2332077,-1,95428.4,95121.19999999997,102.40000000000873,307.2000000000262,tp,156.0,0.21177160000002618,0.0954284,5.0,fvg,0.001,0.11634320000002618,307
2025-11,zone_1x_3x,2331748,2332149,-1,95377.2,95069.99999999997,102.40000000000873,307.2000000000262,tp,402.0,0.21182280000002618,0.09537720000000001,5.0,fvg,0.001,0.11644560000002617,308
2025-11,zone_1x_3x,2339294,2339294,1,94015.9,94015.4,84.10000000000582,252.30000000001746,inv,0.0,-0.0945159,0.0940159,5.0,ifvg,0.001,-0.1885318,309
2025-11,zone_1x_3x,2339294,2339294,1,94100.0,94015.9,84.10000000000582,252.30000000001746,sl,0.0,-0.17820000000000585,0.09410000000000002,5.0,ifvg,0.001,-0.27230000000000587,310
2025-11,zone_1x_3x,2339294,2339295,1,94057.95,94015.4,84.10000000000582,252.30000000001746,inv,1.0,-0.13660795000000292,0.09405795,5.0,ifvg,0.001,-0.23066590000000292,311
2025-11,zone_1x_3x,2339294,2353073,-1,94004.4,94424.90000000002,420.5000000000291,5046.000000000349,sl,13913.0,-0.5145044000000292,0.09400439999999999,5.0,ifvg_clean,0.001,-0.6085088000000292,312
2025-11,zone_1x_3x,2429707,2429708,1,95275.5,95214.0,61.5,184.5,sl,1.0,-0.1567755,0.09527550000000001,5.0,ifvg,0.001,-0.252051,313
2025-11,zone_1x_3x,2429707,2429777,1,95244.75,95183.25,61.5,184.5,sl,70.0,-0.15674475,0.09524475,5.0,ifvg,0.001,-0.2519895,314
2025-11,zone_1x_3x,2429707,2429868,-1,95218.8,95276.0,307.5,3690.0,inv,161.0,-0.1524187999999971,0.0952188,5.0,ifvg_clean,0.001,-0.24763759999999713,315
2025-11,zone_1x_3x,2429708,2430104,1,95214.0,95152.5,61.5,184.5,sl,396.0,-0.15671400000000002,0.09521400000000001,5.0,ifvg,0.001,-0.25192800000000004,316
2025-11,zone_1x_3x,2432775,2433092,1,95124.0,95095.7,55.60000000000582,166.80000000001746,inv,325.0,-0.1234240000000029,0.095124,5.0,ifvg,0.001,-0.2185480000000029,317
2025-11,zone_1x_3x,2432775,2433092,1,95151.8,95096.2,55.60000000000582,166.80000000001746,inv,325.0,-0.15075180000000582,0.09515180000000001,5.0,ifvg,0.001,-0.24590360000000583,318
2025-11,zone_1x_3x,2433092,2433092,1,95096.2,95095.7,55.60000000000582,166.80000000001746,inv,0.0,-0.09559619999999999,0.09509619999999999,5.0,ifvg,0.001,-0.19069239999999998,319
2025-11,zone_1x_3x,2431265,2433307,1,94983.9,95241.59999999998,85.89999999999418,257.69999999998254,tp,2073.0,0.16271609999998254,0.0949839,5.0,fvg,0.001,0.06773219999998255,320
2025-11,zone_1x_3x,2432775,2434092,-1,95111.5,95389.50000000003,278.0000000000291,3336.0000000003492,sl,1342.0,-0.37311150000002913,0.09511150000000002,5.0,ifvg_clean,0.001,-0.46822300000002914,321
2025-11,zone_1x_3x,2469316,2469316,1,95035.7,94986.1,49.59999999999127,148.7999999999738,sl,0.0,-0.14463569999999126,0.0950357,5.0,ifvg,0.001,-0.23967139999999126,322
2025-11,zone_1x_3x,2469316,2469319,1,95010.9,94961.3,49.59999999999127,148.7999999999738,sl,3.0,-0.14461089999999127,0.0950109,5.0,ifvg,0.001,-0.23962179999999128,323
2025-11,zone_1x_3x,2469316,2469423,1,94986.1,94936.50000000001,49.59999999999127,148.7999999999738,sl,107.0,-0.14458609999999128,0.0949861,5.0,ifvg,0.001,-0.2395721999999913,324
2025-11,zone_1x_3x,2469316,2472650,-1,94982.4,95036.2,247.99999999995634,2975.999999999476,inv,3447.0,-0.14878240000000292,0.0949824,5.0,ifvg_clean,0.001,-0.24376480000000292,325
2025-11,zone_1x_3x,2498952,2499337,-1,94679.9,94374.19999999997,101.90000000000873,305.7000000000262,tp,385.0,0.2110201000000262,0.0946799,5.0,fvg,0.001,0.11634020000002619,326
2025-11,zone_1x_3x,2500615,2500652,1,94480.54999999999,94556.45,25.30000000000291,75.90000000000873,tp,37.0,-0.018580549999991258,0.09448055,5.0,ifvg,0.001,-0.11306109999999125,327
2025-11,zone_1x_3x,2500615,2500693,1,94493.2,94467.9,25.30000000000291,75.90000000000873,inv,78.0,-0.1197932000000029,0.0944932,5.0,ifvg,0.001,-0.2142864000000029,328
2025-11,zone_1x_3x,2500693,2500693,1,94467.9,94467.4,25.30000000000291,75.90000000000873,inv,0.0,-0.09496790000000001,0.09446790000000001,5.0,ifvg,0.001,-0.18943580000000002,329
2025-11,zone_1x_3x,2500615,2502133,-1,94476.6,94603.10000000002,126.50000000001455,1518.0000000001746,sl,1520.0,-0.22097660000001457,0.09447660000000001,5.0,ifvg_clean,0.001,-0.3154532000000146,330
2025-11,zone_1x_3x,2508922,2508931,1,93900.0,93860.0,40.0,120.0,sl,9.0,-0.13390000000000002,0.09390000000000001,5.0,ifvg,0.001,-0.22780000000000003,331
2025-11,zone_1x_3x,2508922,2508945,1,93880.0,93840.0,40.0,120.0,sl,23.0,-0.13388,0.09387999999999999,5.0,ifvg,0.001,-0.22776,332
2025-11,zone_1x_3x,2508931,2508948,1,93860.0,93820.0,40.0,120.0,sl,17.0,-0.13386,0.09386,5.0,ifvg,0.001,-0.22772,333
2025-11,zone_1x_3x,2508922,2509685,-1,93870.5,93900.5,200.0,2400.0,inv,767.0,-0.12387050000000001,0.09387050000000001,5.0,ifvg_clean,0.001,-0.21774100000000002,334
2025-11,zone_1x_3x,2512979,2512980,-1,93641.3,93663.90000000001,22.60000000000582,67.80000000001746,sl,1.0,-0.11624130000000582,0.0936413,5.0,ifvg,0.001,-0.2098826000000058,335
2025-11,zone_1x_3x,2512979,2512980,-1,93630.0,93652.6,22.60000000000582,67.80000000001746,sl,1.0,-0.11623000000000581,0.09362999999999999,5.0,ifvg,0.001,-0.20986000000000582,336
2025-11,zone_1x_3x,2512980,2512982,-1,93652.6,93675.20000000001,22.60000000000582,67.80000000001746,sl,2.0,-0.11625260000000583,0.0936526,5.0,ifvg,0.001,-0.20990520000000584,337
2025-11,zone_1x_3x,2512979,2513017,1,93645.2,93629.5,113.0000000000291,1356.0000000003492,inv,38.0,-0.10934519999999709,0.0936452,5.0,ifvg_clean,0.001,-0.20299039999999707,338
2025-11,zone_1x_2x,579342,579342,-1,78004.3,78102.0,97.69999999999709,195.39999999999418,sl,0.0,-0.1757042999999971,0.0780043,5.0,ifvg,0.001,-0.25370859999999706,0
2025-11,zone_1x_2x,579342,579354,-1,78053.15,78150.84999999999,97.69999999999709,195.39999999999418,sl,12.0,-0.17575314999999708,0.07805315,5.0,ifvg,0.001,-0.2538062999999971,1
2025-11,zone_1x_2x,579342,579424,-1,78102.0,78199.7,97.69999999999709,195.39999999999418,sl,83.0,-0.1758019999999971,0.078102,5.0,ifvg,0.001,-0.25390399999999713,2
2025-11,zone_1x_2x,650829,651898,-1,78466.1,78265.29999999999,100.40000000000873,200.80000000001746,tp,1072.0,0.12233390000001745,0.07846610000000001,5.0,fvg,0.001,0.04386780000001744,3
2025-11,zone_1x_2x,650755,651918,-1,78415.9,78215.09999999998,100.40000000000873,200.80000000001746,tp,1166.0,0.12238410000001747,0.0784159,5.0,fvg,0.001,0.04396820000001747,4
2025-11,zone_1x_2x,579342,652077,1,78116.4,78003.8,488.49999999998545,5861.999999999825,inv,73024.0,-0.1907163999999913,0.0781164,5.0,ifvg_clean,0.001,-0.2688327999999913,5
2025-11,zone_1x_2x,652858,652929,-1,78157.4,77972.19999999998,92.60000000000582,185.20000000001164,tp,71.0,0.10704260000001163,0.0781574,5.0,fvg,0.001,0.02888520000001163,6
2025-11,zone_1x_2x,685131,685148,1,74778.9,74750.9,55.0,110.0,inv,17.0,-0.10277889999999999,0.0747789,5.0,ifvg,0.001,-0.1775578,7
2025-11,zone_1x_2x,685131,685148,1,74806.4,74751.4,55.0,110.0,inv,17.0,-0.1298064,0.0748064,5.0,ifvg,0.001,-0.20461279999999998,8
2025-11,zone_1x_2x,685148,685148,1,74751.4,74750.9,55.0,110.0,inv,0.0,-0.0752514,0.0747514,5.0,ifvg,0.001,-0.1500028,9
2025-11,zone_1x_2x,685131,685215,-1,74785.0,75060.0,275.0,3300.0,sl,84.0,-0.349785,0.074785,5.0,ifvg_clean,0.001,-0.42457,10
2025-11,zone_1x_2x,694026,694075,1,74964.65,75046.84999999998,41.09999999999127,82.19999999998254,tp,49.0,0.007235349999982543,0.07496465,5.0,fvg,0.001,-0.06772930000001745,11
2025-11,zone_1x_2x,694026,694151,1,74985.2,75067.39999999998,41.09999999999127,82.19999999998254,tp,125.0,0.007214799999982549,0.07498519999999999,5.0,fvg,0.001,-0.06777040000001744,12
2025-11,zone_1x_2x,694536,694868,1,75343.2,75914.99999999999,285.8999999999942,571.7999999999884,tp,332.0,0.4964567999999883,0.0753432,5.0,fvg,0.001,0.4211135999999883,13
2025-11,zone_1x_2x,722476,722482,1,76144.15,76107.8,71.69999999999709,143.39999999999418,inv,6.0,-0.11249414999999127,0.07614415,5.0,ifvg,0.001,-0.18863829999999127,14
2025-11,zone_1x_2x,722476,722482,1,76180.0,76108.3,71.69999999999709,143.39999999999418,inv,6.0,-0.1478799999999971,0.07618000000000001,5.0,ifvg,0.001,-0.2240599999999971,15
2025-11,zone_1x_2x,722482,722482,1,76108.3,76107.8,71.69999999999709,143.39999999999418,inv,0.0,-0.0766083,0.0761083,5.0,ifvg,0.001,-0.1527166,16
2025-11,zone_1x_2x,722476,723640,-1,76115.3,76473.79999999999,358.49999999998545,4301.999999999825,sl,1164.0,-0.43461529999998544,0.07611530000000001,5.0,ifvg_clean,0.001,-0.5107305999999855,17
2025-11,zone_1x_2x,725360,725366,-1,76345.6,76392.5,46.89999999999418,93.79999999998836,sl,6.0,-0.12324559999999418,0.0763456,5.0,ifvg,0.001,-0.1995911999999942,18
2025-11,zone_1x_2x,725360,725368,-1,76369.05,76415.95,46.89999999999418,93.79999999998836,sl,8.0,-0.12326904999999419,0.07636905000000001,5.0,ifvg,0.001,-0.1996380999999942,19
2025-11,zone_1x_2x,725366,725374,-1,76392.5,76439.4,46.89999999999418,93.79999999998836,sl,8.0,-0.12329249999999418,0.0763925,5.0,ifvg,0.001,-0.19968499999999417,20
2025-11,zone_1x_2x,726477,726477,-1,76876.0,76889.7,188.49999999998545,2261.9999999998254,inv,0.0,-0.09057599999999709,0.076876,5.0,ifvg_clean,0.001,-0.1674519999999971,21
2025-11,zone_1x_2x,726483,726497,1,76870.35,76945.75,37.69999999999709,75.39999999999418,tp,14.0,-0.001470350000005824,0.07687035,5.0,ifvg,0.001,-0.07834070000000583,22
2025-11,zone_1x_2x,726477,726499,1,76889.2,76964.59999999999,37.69999999999709,75.39999999999418,tp,22.0,-0.0014892000000058248,0.0768892,5.0,ifvg,0.001,-0.07837840000000583,23
2025-11,zone_1x_2x,726533,726534,1,76851.5,76813.8,37.69999999999709,75.39999999999418,sl,1.0,-0.11455149999999709,0.0768515,5.0,ifvg,0.001,-0.1914029999999971,24
2025-11,zone_1x_2x,725919,728350,1,76754.7,77364.49999999999,304.8999999999942,609.7999999999884,tp,2431.0,0.5330452999999884,0.0767547,5.0,fvg,0.001,0.4562905999999884,25
2025-11,zone_1x_2x,729466,729467,1,77420.5,77340.0,80.5,161.0,sl,1.0,-0.15792050000000002,0.0774205,5.0,ifvg,0.001,-0.23534100000000002,26
2025-11,zone_1x_2x,729466,729471,-1,77348.8,77421.0,402.5,4830.0,inv,5.0,-0.1495487999999971,0.07734880000000001,5.0,ifvg_clean,0.001,-0.2268975999999971,27
2025-11,zone_1x_2x,729467,729538,1,77340.0,77501.0,80.5,161.0,tp,71.0,0.08366,0.07734,5.0,ifvg,0.001,0.006319999999999992,28
2025-11,zone_1x_2x,729466,729543,1,77380.25,77541.25,80.5,161.0,tp,77.0,0.08361974999999999,0.07738025000000001,5.0,ifvg,0.001,0.006239499999999981,29
2025-11,zone_1x_2x,732178,732178,1,77874.0,77848.8,25.19999999999709,50.39999999999418,sl,0.0,-0.10307399999999708,0.077874,5.0,ifvg,0.001,-0.18094799999999708,30
2025-11,zone_1x_2x,732178,732182,1,77848.8,77823.6,25.19999999999709,50.39999999999418,sl,4.0,-0.1030487999999971,0.07784880000000001,5.0,ifvg,0.001,-0.1808975999999971,31
2025-11,zone_1x_2x,732178,732182,1,77861.4,77836.2,25.19999999999709,50.39999999999418,sl,4.0,-0.10306139999999708,0.0778614,5.0,ifvg,0.001,-0.18092279999999708,32
2025-11,zone_1x_2x,733840,733847,1,76955.85,77018.45000000001,31.30000000000291,62.60000000000582,tp,7.0,-0.014355849999994202,0.07695585000000002,5.0,ifvg,0.001,-0.09131169999999422,33
2025-11,zone_1x_2x,733840,733849,1,76971.5,77034.1,31.30000000000291,62.60000000000582,tp,9.0,-0.014371499999994194,0.07697150000000001,5.0,ifvg,0.001,-0.0913429999999942,34
2025-11,zone_1x_2x,733840,733870,-1,76946.1,77102.60000000002,156.50000000001455,1878.0000000001746,sl,30.0,-0.23344610000001453,0.0769461,5.0,ifvg_clean,0.001,-0.31039220000001455,35
2025-11,zone_1x_2x,735506,735511,-1,77426.0,77520.0,94.0,188.0,sl,5.0,-0.17142600000000002,0.07742600000000001,5.0,ifvg,0.001,-0.24885200000000002,36
2025-11,zone_1x_2x,735506,735542,1,77517.3,77425.5,470.0,5640.0,inv,36.0,-0.16931730000000292,0.07751730000000001,5.0,ifvg_clean,0.001,-0.24683460000000293,37
2025-11,zone_1x_2x,735511,735582,-1,77520.0,77332.0,94.0,188.0,tp,71.0,0.11048000000000001,0.07751999999999999,5.0,ifvg,0.001,0.03296000000000002,38
2025-11,zone_1x_2x,735506,735592,-1,77473.0,77285.0,94.0,188.0,tp,86.0,0.110527,0.077473,5.0,ifvg,0.001,0.033054,39
2025-11,zone_1x_2x,737180,737201,-1,77130.4,77176.0,45.60000000000582,91.20000000001164,sl,21.0,-0.12273040000000582,0.0771304,5.0,ifvg,0.001,-0.19986080000000583,40
2025-11,zone_1x_2x,737180,737211,-1,77153.2,77198.8,45.60000000000582,91.20000000001164,sl,31.0,-0.12275320000000584,0.0771532,5.0,ifvg,0.001,-0.19990640000000584,41
2025-11,zone_1x_2x,737201,737219,-1,77176.0,77221.6,45.60000000000582,91.20000000001164,sl,18.0,-0.12277600000000582,0.07717600000000001,5.0,ifvg,0.001,-0.19995200000000585,42
2025-11,zone_1x_2x,737180,737306,1,77168.0,77129.9,228.0000000000291,2736.0000000003492,inv,129.0,-0.11526800000000584,0.07716800000000001,5.0,ifvg_clean,0.001,-0.19243600000000585,43
2025-11,zone_1x_2x,738141,738141,-1,77720.1,77720.6,56.0,112.0,inv,0.0,-0.0782201,0.0777201,5.0,ifvg,0.001,-0.1559402,44
2025-11,zone_1x_2x,738141,738141,-1,77664.1,77720.1,56.0,112.0,sl,0.0,-0.1336641,0.0776641,5.0,ifvg,0.001,-0.21132820000000002,45
2025-11,zone_1x_2x,738141,738142,-1,77692.1,77720.6,56.0,112.0,inv,1.0,-0.10619210000000001,0.07769210000000001,5.0,ifvg,0.001,-0.18388420000000003,46
2025-11,zone_1x_2x,738817,738822,-1,77566.1,77596.5,59.80000000000291,119.60000000000582,inv,5.0,-0.1079660999999942,0.07756610000000001,5.0,ifvg,0.001,-0.1855321999999942,47
2025-11,zone_1x_2x,738817,738822,-1,77536.2,77596.0,59.80000000000291,119.60000000000582,inv,5.0,-0.1373362000000029,0.0775362,5.0,ifvg,0.001,-0.2148724000000029,48
2025-11,zone_1x_2x,738822,738822,-1,77596.0,77596.5,59.80000000000291,119.60000000000582,inv,0.0,-0.07809600000000001,0.07759600000000001,5.0,ifvg,0.001,-0.15569200000000002,49
2025-11,zone_1x_2x,732178,739636,-1,77844.1,77874.5,125.99999999998545,1511.9999999998254,inv,7462.0,-0.1082440999999942,0.07784410000000001,5.0,ifvg_clean,0.001,-0.1860881999999942,50
2025-11,zone_1x_2x,741966,741966,1,77960.0,77916.8,43.19999999999709,86.39999999999418,sl,0.0,-0.1211599999999971,0.07796000000000002,5.0,ifvg,0.001,-0.19911999999999713,51
2025-11,zone_1x_2x,741966,741966,1,77981.6,77938.40000000001,43.19999999999709,86.39999999999418,sl,0.0,-0.1211815999999971,0.07798160000000001,5.0,ifvg,0.001,-0.1991631999999971,52
2025-11,zone_1x_2x,741966,741966,1,78003.2,77960.0,43.19999999999709,86.39999999999418,sl,0.0,-0.12120319999999708,0.0780032,5.0,ifvg,0.001,-0.19920639999999706,53
2025-11,zone_1x_2x,741966,741994,-1,77883.3,78003.7,215.99999999998545,2591.9999999998254,inv,28.0,-0.19828329999999417,0.0778833,5.0,ifvg_clean,0.001,-0.27616659999999416,54
2025-11,zone_1x_2x,742004,742004,-1,78321.6,78322.1,44.70000000001164,89.40000000002328,inv,0.0,-0.0788216,0.0783216,5.0,ifvg,0.001,-0.1571432,55
2025-11,zone_1x_2x,742004,742004,-1,78299.25,78343.95000000001,44.70000000001164,89.40000000002328,sl,0.0,-0.12299925000001163,0.07829925,5.0,ifvg,0.001,-0.20129850000001165,56
2025-11,zone_1x_2x,742004,742004,-1,78276.9,78321.6,44.70000000001164,89.40000000002328,sl,0.0,-0.12297690000001163,0.0782769,5.0,ifvg,0.001,-0.20125380000001164,57
2025-11,zone_1x_2x,742005,742005,1,78547.4,78495.4,52.0,104.0,sl,0.0,-0.1305474,0.0785474,5.0,ifvg,0.001,-0.20909480000000003,58
2025-11,zone_1x_2x,742005,742005,1,78573.4,78521.4,52.0,104.0,sl,0.0,-0.1305734,0.07857339999999999,5.0,ifvg,0.001,-0.2091468,59
2025-11,zone_1x_2x,742005,742008,1,78521.4,78469.4,52.0,104.0,sl,3.0,-0.1305214,0.0785214,5.0,ifvg,0.001,-0.20904280000000003,60
2025-11,zone_1x_2x,742005,742011,-1,78526.7,78573.9,260.0,3120.0,inv,6.0,-0.12572669999999708,0.0785267,5.0,ifvg_clean,0.001,-0.2042533999999971,61
2025-11,zone_1x_2x,725360,742100,1,76392.0,79205.99999999965,234.4999999999709,2813.9999999996508,tp,16745.0,2.737607999999651,0.076392,5.0,ifvg_clean,0.001,2.6612159999996514,62
2025-11,zone_1x_2x,742004,742362,1,78295.3,80977.3000000007,223.5000000000582,2682.0000000006985,tp,358.0,2.6037047000006983,0.0782953,5.0,ifvg_clean,0.001,2.525409400000698,63
2025-11,zone_1x_2x,738141,742466,1,77720.1,81080.1,280.0,3360.0,tp,4327.0,3.2822799,0.0777201,5.0,ifvg_clean,0.001,3.2045597999999997,64
2025-11,zone_1x_2x,738817,742472,1,77579.1,81167.10000000018,299.00000000001455,3588.0000000001746,tp,3657.0,3.5104209000001747,0.07757910000000001,5.0,ifvg_clean,0.001,3.432841800000175,65
2025-11,zone_1x_2x,746114,746114,-1,82677.5,82678.0,38.19999999999709,76.39999999999418,inv,0.0,-0.0831775,0.0826775,5.0,ifvg,0.001,-0.165855,66
2025-11,zone_1x_2x,746114,746114,-1,82658.4,82696.59999999999,38.19999999999709,76.39999999999418,sl,0.0,-0.12085839999999709,0.0826584,5.0,ifvg,0.001,-0.2035167999999971,67
2025-11,zone_1x_2x,746114,746114,-1,82639.3,82677.5,38.19999999999709,76.39999999999418,sl,0.0,-0.1208392999999971,0.08263930000000001,5.0,ifvg,0.001,-0.20347859999999712,68
2025-11,zone_1x_2x,746114,746190,1,82677.8,82486.80000000002,190.99999999998545,2291.9999999998254,sl,76.0,-0.2736777999999855,0.08267780000000001,5.0,ifvg_clean,0.001,-0.3563555999999855,69
2025-11,zone_1x_2x,751131,751159,1,82364.75,82352.1,24.29999999998836,48.59999999997672,inv,28.0,-0.09501474999999418,0.08236475,5.0,ifvg,0.001,-0.1773794999999942,70
2025-11,zone_1x_2x,751131,751159,1,82376.9,82352.6,24.29999999998836,48.59999999997672,inv,28.0,-0.10667689999998835,0.08237689999999999,5.0,ifvg,0.001,-0.18905379999998834,71
2025-11,zone_1x_2x,751159,751159,1,82352.6,82352.1,24.29999999998836,48.59999999997672,inv,0.0,-0.08285260000000001,0.08235260000000001,5.0,ifvg,0.001,-0.16520520000000002,72
2025-11,zone_1x_2x,751131,751652,-1,82357.3,82478.79999999994,121.49999999994179,1457.9999999993015,sl,521.0,-0.2038572999999418,0.08235730000000001,5.0,ifvg_clean,0.001,-0.2862145999999418,73
2025-11,zone_1x_2x,755703,755712,-1,83035.7,83091.9,111.39999999999418,222.79999999998836,inv,9.0,-0.1392356999999971,0.0830357,5.0,ifvg,0.001,-0.22227139999999712,74
2025-11,zone_1x_2x,755703,755712,-1,82980.0,83091.4,111.39999999999418,222.79999999998836,inv,9.0,-0.1943799999999942,0.08298000000000001,5.0,ifvg,0.001,-0.2773599999999942,75
2025-11,zone_1x_2x,755712,755712,-1,83091.4,83091.9,111.39999999999418,222.79999999998836,inv,0.0,-0.0835914,0.0830914,5.0,ifvg,0.001,-0.1666828,76
2025-11,zone_1x_2x,757425,757425,-1,82958.0,82986.5,28.5,57.0,sl,0.0,-0.111458,0.082958,5.0,ifvg,0.001,-0.194416,77
2025-11,zone_1x_2x,757425,757425,-1,82943.75,82972.25,28.5,57.0,sl,0.0,-0.11144375000000001,0.08294375000000001,5.0,ifvg,0.001,-0.19438750000000002,78
2025-11,zone_1x_2x,757425,757425,-1,82929.5,82958.0,28.5,57.0,sl,0.0,-0.1114295,0.0829295,5.0,ifvg,0.001,-0.194359,79
2025-11,zone_1x_2x,757425,757451,1,82957.3,82929.0,142.5,1710.0,inv,26.0,-0.11125730000000292,0.08295730000000001,5.0,ifvg_clean,0.001,-0.19421460000000293,80
2025-11,zone_1x_2x,755703,765887,1,83085.3,82528.30000000003,556.9999999999709,6683.999999999651,sl,10192.0,-0.640085299999971,0.0830853,5.0,ifvg_clean,0.001,-0.723170599999971,81
2025-11,zone_1x_2x,814568,814580,1,81519.55,81504.6,28.89999999999418,57.79999999998836,inv,12.0,-0.0964695499999971,0.08151955000000001,5.0,ifvg,0.001,-0.17798909999999712,82
2025-11,zone_1x_2x,814568,814580,1,81534.0,81505.1,28.89999999999418,57.79999999998836,inv,12.0,-0.11043399999999419,0.08153400000000001,5.0,ifvg,0.001,-0.1919679999999942,83
2025-11,zone_1x_2x,814580,814580,1,81505.1,81504.6,28.89999999999418,57.79999999998836,inv,0.0,-0.08200510000000001,0.08150510000000001,5.0,ifvg,0.001,-0.16351020000000002,84
2025-11,zone_1x_2x,814568,814733,-1,81509.2,81653.69999999997,144.4999999999709,1733.9999999996508,sl,165.0,-0.22600919999997088,0.08150919999999999,5.0,ifvg_clean,0.001,-0.3075183999999709,85
2025-11,zone_1x_2x,827743,827757,-1,78633.9,78753.3,119.40000000000873,238.80000000001746,sl,14.0,-0.19803390000000873,0.07863389999999999,5.0,ifvg,0.001,-0.27666780000000873,86
2025-11,zone_1x_2x,827743,827821,-1,78693.6,78813.00000000001,119.40000000000873,238.80000000001746,sl,78.0,-0.19809360000000875,0.0786936,5.0,ifvg,0.001,-0.2767872000000088,87
2025-11,zone_1x_2x,827757,827832,-1,78753.3,78872.70000000001,119.40000000000873,238.80000000001746,sl,75.0,-0.19815330000000875,0.07875330000000001,5.0,ifvg,0.001,-0.2769066000000088,88
2025-11,zone_1x_2x,827743,827991,1,78751.0,78633.4,597.0000000000437,7164.000000000524,inv,248.0,-0.19635100000000583,0.078751,5.0,ifvg_clean,0.001,-0.27510200000000584,89
2025-11,zone_1x_2x,829552,829552,-1,79149.95,79170.05,20.10000000000582,40.20000000001164,sl,0.0,-0.09924995000000583,0.07914995000000001,5.0,ifvg,0.001,-0.17839990000000583,90
2025-11,zone_1x_2x,829552,829552,-1,79139.9,79160.0,20.10000000000582,40.20000000001164,sl,0.0,-0.09923990000000582,0.0791399,5.0,ifvg,0.001,-0.1783798000000058,91
2025-11,zone_1x_2x,829552,829561,-1,79160.0,79180.1,20.10000000000582,40.20000000001164,sl,9.0,-0.09926000000000582,0.07916,5.0,ifvg,0.001,-0.1784200000000058,92
2025-11,zone_1x_2x,829552,829576,1,79173.2,79139.4,100.5000000000291,1206.0000000003492,inv,24.0,-0.11297320000000291,0.0791732,5.0,ifvg_clean,0.001,-0.1921464000000029,93
2025-11,zone_1x_2x,831600,831600,-1,79241.3,79241.8,52.69999999999709,105.39999999999418,inv,0.0,-0.07974130000000001,0.07924130000000001,5.0,ifvg,0.001,-0.15898260000000003,94
2025-11,zone_1x_2x,831600,831600,-1,79188.6,79241.3,52.69999999999709,105.39999999999418,sl,0.0,-0.1318885999999971,0.07918860000000001,5.0,ifvg,0.001,-0.21107719999999713,95
2025-11,zone_1x_2x,831600,831601,-1,79214.95000000001,79241.8,52.69999999999709,105.39999999999418,inv,1.0,-0.10606494999999129,0.07921495000000002,5.0,ifvg,0.001,-0.1852798999999913,96
2025-11,zone_1x_2x,831687,831689,1,79300.0,79260.0,40.0,80.0,sl,2.0,-0.11929999999999999,0.0793,5.0,ifvg,0.001,-0.1986,97
2025-11,zone_1x_2x,831687,831693,-1,79266.6,79300.5,200.0,2400.0,inv,6.0,-0.11316659999999418,0.0792666,5.0,ifvg_clean,0.001,-0.1924331999999942,98
2025-11,zone_1x_2x,831689,831704,1,79260.0,79340.0,40.0,80.0,tp,15.0,0.0007399999999999907,0.07926000000000001,5.0,ifvg,0.001,-0.07852000000000002,99
2025-11,zone_1x_2x,831687,831711,1,79280.0,79360.0,40.0,80.0,tp,24.0,0.0007199999999999984,0.07928,5.0,ifvg,0.001,-0.07856,100
2025-11,zone_1x_2x,853164,853362,-1,79596.0,79465.20000000001,65.39999999999418,130.79999999998836,tp,207.0,0.05120399999998837,0.079596,5.0,fvg,0.001,-0.02839200000001163,101
2025-11,zone_1x_2x,853164,853665,-1,79563.3,79432.50000000001,65.39999999999418,130.79999999998836,tp,520.0,0.05123669999998837,0.0795633,5.0,fvg,0.001,-0.028326600000011637,102
2025-11,zone_1x_2x,854638,854645,1,79415.7,79405.5,105.5000000000291,1266.0000000003492,inv,7.0,-0.08961569999999709,0.0794157,5.0,ifvg_clean,0.001,-0.1690313999999971,103
2025-11,zone_1x_2x,854638,854654,-1,79406.0,79427.1,21.10000000000582,42.20000000001164,sl,16.0,-0.10050600000000583,0.079406,5.0,ifvg,0.001,-0.17991200000000585,104
2025-11,zone_1x_2x,854638,854670,-1,79416.55,79374.34999999999,21.10000000000582,42.20000000001164,tp,32.0,-0.03721654999998836,0.07941655,5.0,ifvg,0.001,-0.11663309999998836,105
2025-11,zone_1x_2x,854654,854670,-1,79427.1,79384.9,21.10000000000582,42.20000000001164,tp,16.0,-0.03722709999998837,0.07942710000000001,5.0,ifvg,0.001,-0.11665419999998838,106
2025-11,zone_1x_2x,831600,855415,1,79236.5,78973.00000000001,263.49999999998545,3161.9999999998254,sl,24228.0,-0.34273649999998546,0.0792365,5.0,ifvg_clean,0.001,-0.42197299999998544,107
2025-11,zone_1x_2x,856804,856899,-1,79525.6,79477.00000000003,24.29999999998836,48.59999999997672,tp,95.0,-0.0309256000000233,0.07952560000000002,5.0,fvg,0.001,-0.11045120000002331,108
2025-11,zone_1x_2x,857270,857291,-1,79537.75,79562.04999999999,24.29999999998836,48.59999999997672,sl,21.0,-0.10383774999998836,0.07953775,5.0,fvg,0.001,-0.18337549999998837,109
2025-11,zone_1x_2x,857274,857294,-1,79549.9,79574.19999999998,24.29999999998836,48.59999999997672,sl,20.0,-0.10384989999998835,0.07954989999999999,5.0,fvg,0.001,-0.18339979999998834,110
2025-11,zone_1x_2x,857358,857395,-1,79628.7,79694.09999999999,65.39999999999418,130.79999999998836,sl,37.0,-0.14502869999999418,0.0796287,5.0,fvg,0.001,-0.22465739999999418,111
2025-11,zone_1x_2x,862409,862409,1,80338.6,80287.5,51.10000000000582,102.20000000001164,sl,0.0,-0.13143860000000585,0.08033860000000001,5.0,ifvg,0.001,-0.21177720000000586,112
2025-11,zone_1x_2x,862409,862413,1,80313.05,80261.95,51.10000000000582,102.20000000001164,sl,4.0,-0.13141305000000583,0.08031305000000001,5.0,ifvg,0.001,-0.21172610000000586,113
2025-11,zone_1x_2x,862409,862583,1,80287.5,80236.4,51.10000000000582,102.20000000001164,sl,174.0,-0.13138750000000582,0.08028750000000001,5.0,ifvg,0.001,-0.21167500000000583,114
2025-11,zone_1x_2x,862409,862774,-1,80280.1,80339.1,255.5000000000291,3066.0000000003492,inv,365.0,-0.13928010000000002,0.08028010000000001,5.0,ifvg_clean,0.001,-0.21956020000000004,115
2025-11,zone_1x_2x,863815,863879,-1,80609.2,80521.99999999999,43.60000000000582,87.20000000001164,tp,64.0,0.006590800000011637,0.0806092,5.0,ifvg,0.001,-0.07401839999998837,116
2025-11,zone_1x_2x,863815,863908,-1,80587.4,80500.19999999998,43.60000000000582,87.20000000001164,tp,93.0,0.00661260000001164,0.0805874,5.0,ifvg,0.001,-0.07397479999998836,117
2025-11,zone_1x_2x,864055,864055,-1,80631.0,80631.5,43.60000000000582,87.20000000001164,inv,0.0,-0.08113100000000001,0.08063100000000001,5.0,ifvg,0.001,-0.16176200000000002,118
2025-11,zone_1x_2x,870988,871004,-1,80521.9,80548.1,26.20000000001164,52.40000000002328,sl,16.0,-0.10672190000001165,0.08052190000000001,5.0,ifvg,0.001,-0.18724380000001167,119
2025-11,zone_1x_2x,870988,871006,-1,80535.0,80561.20000000001,26.20000000001164,52.40000000002328,sl,18.0,-0.10673500000001164,0.080535,5.0,ifvg,0.001,-0.18727000000001165,120
2025-11,zone_1x_2x,871004,871041,-1,80548.1,80574.30000000002,26.20000000001164,52.40000000002328,sl,37.0,-0.10674810000001166,0.08054810000000001,5.0,ifvg,0.001,-0.18729620000001168,121
2025-11,zone_1x_2x,880686,880687,-1,80779.6,80808.3,189.00000000001455,2268.0000000001746,inv,1.0,-0.1094795999999971,0.08077960000000001,5.0,ifvg_clean,0.001,-0.1902591999999971,122
2025-11,zone_1x_2x,880686,880695,1,80788.9,80751.09999999999,37.80000000000291,75.60000000000582,sl,9.0,-0.11858890000000291,0.0807889,5.0,ifvg,0.001,-0.1993778000000029,123
2025-11,zone_1x_2x,880686,880695,1,80807.8,80770.0,37.80000000000291,75.60000000000582,sl,9.0,-0.11860780000000291,0.0808078,5.0,ifvg,0.001,-0.1994156000000029,124
2025-11,zone_1x_2x,880695,880695,1,80770.0,80845.6,37.80000000000291,75.60000000000582,tp,0.0,-0.005169999999994165,0.08077,5.0,ifvg,0.001,-0.08593999999999416,125
2025-11,zone_1x_2x,880711,880711,-1,80890.0,80890.5,51.60000000000582,103.20000000001164,inv,0.0,-0.08139,0.08089,5.0,ifvg,0.001,-0.16228,126
2025-11,zone_1x_2x,880711,880711,-1,80838.4,80890.0,51.60000000000582,103.20000000001164,sl,0.0,-0.1324384000000058,0.08083839999999999,5.0,ifvg,0.001,-0.21327680000000582,127
2025-11,zone_1x_2x,880711,880724,-1,80864.2,80890.5,51.60000000000582,103.20000000001164,inv,13.0,-0.1071642000000029,0.0808642,5.0,ifvg,0.001,-0.1880284000000029,128
2025-11,zone_1x_2x,883600,883682,-1,81606.65,81500.84999999998,52.90000000000873,105.80000000001746,tp,82.0,0.02419335000001746,0.08160665,5.0,fvg,0.001,-0.05741329999998254,129
2025-11,zone_1x_2x,883583,883785,-1,81580.2,81474.39999999998,52.90000000000873,105.80000000001746,tp,202.0,0.024219800000017458,0.0815802,5.0,fvg,0.001,-0.05736039999998255,130
2025-11,zone_1x_2x,885286,885565,-1,81633.1,81686.00000000001,52.90000000000873,105.80000000001746,sl,279.0,-0.13453310000000873,0.08163310000000001,5.0,fvg,0.001,-0.21616620000000875,131
2025-11,zone_1x_2x,870988,885833,1,80543.8,82115.8000000007,131.0000000000582,1572.0000000006985,tp,14892.0,1.4914562000006986,0.08054380000000001,5.0,ifvg_clean,0.001,1.4109124000006985,132
2025-11,zone_1x_2x,881679,885833,1,81292.45,82094.24999999999,400.8999999999942,801.7999999999884,tp,4156.0,0.7205075499999885,0.08129245,5.0,fvg,0.001,0.6392150999999885,133
2025-11,zone_1x_2x,881134,886632,1,81492.9,82294.69999999998,400.8999999999942,801.7999999999884,tp,5500.0,0.7203070999999884,0.0814929,5.0,fvg,0.001,0.6388141999999885,134
2025-11,zone_1x_2x,889177,889182,-1,82689.5,82647.5,21.0,42.0,tp,5.0,-0.040689499999999997,0.0826895,5.0,ifvg,0.001,-0.12337899999999999,135
2025-11,zone_1x_2x,889177,889206,-1,82679.0,82637.0,21.0,42.0,tp,29.0,-0.040679,0.082679,5.0,ifvg,0.001,-0.123358,136
2025-11,zone_1x_2x,889305,889305,-1,82700.0,82700.5,21.0,42.0,inv,0.0,-0.08320000000000001,0.08270000000000001,5.0,ifvg,0.001,-0.16590000000000002,137
2025-11,zone_1x_2x,889177,890376,1,82690.8,82585.8,105.0,1260.0,sl,1199.0,-0.1876908,0.08269080000000001,5.0,ifvg_clean,0.001,-0.2703816,138
2025-11,zone_1x_2x,896810,896810,1,82347.6,82288.1,59.5,119.0,sl,0.0,-0.14184760000000002,0.08234760000000002,5.0,ifvg,0.001,-0.22419520000000004,139
2025-11,zone_1x_2x,896810,896824,1,82317.85,82258.35,59.5,119.0,sl,14.0,-0.14181785000000002,0.08231785000000001,5.0,ifvg,0.001,-0.22413570000000005,140
2025-11,zone_1x_2x,896810,896825,1,82288.1,82228.6,59.5,119.0,sl,15.0,-0.14178810000000003,0.08228810000000002,5.0,ifvg,0.001,-0.22407620000000006,141
2025-11,zone_1x_2x,896810,896850,-1,82286.5,82348.1,297.5,3570.0,inv,40.0,-0.14388650000000583,0.0822865,5.0,ifvg_clean,0.001,-0.22617300000000584,142
2025-11,zone_1x_2x,863815,900954,1,80627.9,83243.90000000034,218.0000000000291,2616.0000000003492,tp,37206.0,2.535372100000349,0.0806279,5.0,ifvg_clean,0.001,2.454744200000349,143
2025-11,zone_1x_2x,905779,905780,-1,81986.0,82133.4,147.39999999999418,294.79999999998836,sl,1.0,-0.22938599999999418,0.081986,5.0,ifvg,0.001,-0.3113719999999942,144
2025-11,zone_1x_2x,905779,905789,-1,82059.7,82207.09999999999,147.39999999999418,294.79999999998836,sl,10.0,-0.22945969999999416,0.0820597,5.0,ifvg,0.001,-0.3115193999999942,145
2025-11,zone_1x_2x,905779,905827,1,82123.8,81985.5,736.9999999999709,8843.99999999965,inv,48.0,-0.22042380000000295,0.08212380000000001,5.0,ifvg_clean,0.001,-0.30254760000000297,146
2025-11,zone_1x_2x,905780,905858,-1,82133.4,81838.6,147.39999999999418,294.79999999998836,tp,78.0,0.21266659999998835,0.0821334,5.0,ifvg,0.001,0.13053319999998836,147
2025-11,zone_1x_2x,906571,906695,1,81900.0,81781.6,118.39999999999418,236.79999999998836,sl,125.0,-0.20029999999999418,0.0819,5.0,fvg,0.001,-0.2821999999999942,148
2025-11,zone_1x_2x,906736,906771,-1,81904.5,81957.9,53.39999999999418,106.79999999998836,sl,35.0,-0.1353044999999942,0.0819045,5.0,fvg,0.001,-0.2172089999999942,149
2025-11,zone_1x_2x,906771,906861,-1,81957.9,81851.1,53.39999999999418,106.79999999998836,tp,90.0,0.024842099999988362,0.0819579,5.0,fvg,0.001,-0.05711580000001164,150
2025-11,zone_1x_2x,906739,906946,-1,81931.2,81984.59999999999,53.39999999999418,106.79999999998836,sl,207.0,-0.13533119999999418,0.08193120000000001,5.0,fvg,0.001,-0.2172623999999942,151
2025-11,zone_1x_2x,906695,906988,1,81781.6,82018.4,118.39999999999418,236.79999999998836,tp,293.0,0.15501839999998834,0.08178160000000001,5.0,fvg,0.001,0.07323679999998833,152
2025-11,zone_1x_2x,906644,907031,1,81840.8,82077.59999999999,118.39999999999418,236.79999999998836,tp,387.0,0.15495919999998836,0.0818408,5.0,fvg,0.001,0.07311839999998836,153
2025-11,zone_1x_2x,909245,909318,1,82514.5,82458.2,56.30000000000291,112.60000000000582,sl,73.0,-0.13881450000000292,0.0825145,5.0,ifvg,0.001,-0.22132900000000294,154
2025-11,zone_1x_2x,909245,909322,1,82486.35,82430.05,56.30000000000291,112.60000000000582,sl,77.0,-0.13878635000000292,0.08248635,5.0,ifvg,0.001,-0.22127270000000293,155
2025-11,zone_1x_2x,909318,909385,1,82458.2,82401.9,56.30000000000291,112.60000000000582,sl,70.0,-0.1387582000000029,0.08245820000000001,5.0,ifvg,0.001,-0.22121640000000292,156
2025-11,zone_1x_2x,909245,909423,-1,82462.4,82515.0,281.50000000001455,3378.0000000001746,inv,181.0,-0.13506240000000583,0.0824624,5.0,ifvg_clean,0.001,-0.21752480000000585,157
2025-11,zone_1x_2x,910574,910587,-1,82234.3,82260.8,26.5,53.0,sl,13.0,-0.1087343,0.08223430000000001,5.0,fvg,0.001,-0.19096860000000002,158
2025-11,zone_1x_2x,910587,910606,-1,82260.8,82207.8,26.5,53.0,tp,19.0,-0.02926080000000001,0.08226080000000001,5.0,fvg,0.001,-0.11152160000000003,159
2025-11,zone_1x_2x,910574,910616,-1,82247.55,82194.55,26.5,53.0,tp,42.0,-0.029247550000000004,0.08224755,5.0,fvg,0.001,-0.11149510000000001,160
2025-11,zone_1x_2x,911207,911249,-1,82400.0,82455.1,55.10000000000582,110.20000000001164,sl,42.0,-0.13750000000000584,0.0824,5.0,fvg,0.001,-0.21990000000000584,161
2025-11,zone_1x_2x,911217,911250,-1,82427.55,82482.65000000001,55.10000000000582,110.20000000001164,sl,33.0,-0.13752755000000583,0.08242755000000002,5.0,fvg,0.001,-0.21995510000000584,162
2025-11,zone_1x_2x,911249,911336,-1,82455.1,82510.20000000001,55.10000000000582,110.20000000001164,sl,87.0,-0.13755510000000581,0.0824551,5.0,fvg,0.001,-0.22001020000000582,163
2025-11,zone_1x_2x,911491,911548,1,82573.3,82683.90000000001,55.30000000000291,110.60000000000582,tp,57.0,0.028026700000005816,0.0825733,5.0,fvg,0.001,-0.054546599999994186,164
2025-11,zone_1x_2x,880711,915647,1,80874.3,83970.30000000035,258.0000000000291,3096.0000000003492,tp,34951.0,3.015125700000349,0.08087430000000001,5.0,ifvg_clean,0.001,2.934251400000349,165
2025-11,zone_1x_2x,948607,949102,-1,82801.4,82900.1,98.70000000001164,197.40000000002328,sl,496.0,-0.18150140000001164,0.0828014,5.0,fvg,0.001,-0.2643028000000116,166
2025-11,zone_1x_2x,948628,949269,-1,82850.75,82949.45000000001,98.70000000001164,197.40000000002328,sl,646.0,-0.18155075000001164,0.08285075,5.0,fvg,0.001,-0.2644015000000116,167
2025-11,zone_1x_2x,949102,950019,-1,82900.1,82998.80000000002,98.70000000001164,197.40000000002328,sl,926.0,-0.18160010000001164,0.0829001,5.0,fvg,0.001,-0.2645002000000116,168
2025-11,zone_1x_2x,1037184,1037189,1,85555.4,85520.9,34.5,69.0,sl,5.0,-0.12005539999999999,0.08555539999999999,5.0,fvg,0.001,-0.20561079999999998,169
2025-11,zone_1x_2x,1037187,1037198,1,85538.15,85503.65,34.5,69.0,sl,11.0,-0.12003815000000001,0.08553815000000001,5.0,fvg,0.001,-0.20557630000000002,170
2025-11,zone_1x_2x,1037189,1037209,1,85520.9,85486.4,34.5,69.0,sl,20.0,-0.1200209,0.0855209,5.0,fvg,0.001,-0.2055418,171
2025-11,zone_1x_2x,1245361,1245363,1,85652.4,85619.5,225.5000000000291,2706.0000000003492,inv,2.0,-0.11855239999999417,0.0856524,5.0,ifvg_clean,0.001,-0.2042047999999942,172
2025-11,zone_1x_2x,1245361,1245373,-1,85642.55,85552.34999999999,45.10000000000582,90.20000000001164,tp,12.0,0.004557450000011648,0.08564255,5.0,ifvg,0.001,-0.08108509999998835,173
2025-11,zone_1x_2x,1245361,1245374,-1,85620.0,85529.79999999999,45.10000000000582,90.20000000001164,tp,13.0,0.004580000000011644,0.08562,5.0,ifvg,0.001,-0.08103999999998836,174
2025-11,zone_1x_2x,1252583,1252601,1,84929.0,84910.1,172.99999999995634,2075.999999999476,inv,18.0,-0.10382899999999418,0.084929,5.0,ifvg_clean,0.001,-0.18875799999999418,175
2025-11,zone_1x_2x,1252583,1252621,-1,84910.6,84945.2,34.59999999999127,69.19999999998254,sl,38.0,-0.11951059999999128,0.0849106,5.0,ifvg,0.001,-0.20442119999999128,176
2025-11,zone_1x_2x,1252621,1252725,-1,84945.2,84876.00000000001,34.59999999999127,69.19999999998254,tp,104.0,-0.01574520000001746,0.0849452,5.0,ifvg,0.001,-0.10069040000001746,177
2025-11,zone_1x_2x,1252583,1252778,-1,84927.9,84858.70000000001,34.59999999999127,69.19999999998254,tp,195.0,-0.01572790000001746,0.0849279,5.0,ifvg,0.001,-0.10065580000001746,178
2025-11,zone_1x_2x,1342528,1342528,-1,85329.7,85354.9,387.99999999995634,4655.999999999476,inv,0.0,-0.1105296999999971,0.08532970000000001,5.0,ifvg_clean,0.001,-0.1958593999999971,179
2025-11,zone_1x_2x,1342528,1342533,1,85354.4,85276.8,77.59999999999127,155.19999999998254,sl,5.0,-0.16295439999999128,0.0853544,5.0,ifvg,0.001,-0.24830879999999128,180
2025-11,zone_1x_2x,1342533,1342534,1,85315.6,85238.00000000001,77.59999999999127,155.19999999998254,sl,1.0,-0.16291559999999128,0.0853156,5.0,ifvg,0.001,-0.24823119999999127,181
2025-11,zone_1x_2x,1342533,1342537,1,85276.8,85199.20000000001,77.59999999999127,155.19999999998254,sl,4.0,-0.16287679999999127,0.08527680000000001,5.0,ifvg,0.001,-0.2481535999999913,182
2025-11,zone_1x_2x,1344808,1344808,1,83752.9,83752.4,35.10000000000582,70.20000000001164,inv,0.0,-0.0842529,0.0837529,5.0,ifvg,0.001,-0.1680058,183
2025-11,zone_1x_2x,1344808,1344808,1,83788.0,83752.9,35.10000000000582,70.20000000001164,sl,0.0,-0.11888800000000582,0.083788,5.0,ifvg,0.001,-0.20267600000000582,184
2025-11,zone_1x_2x,1344808,1344809,1,83770.45,83752.4,35.10000000000582,70.20000000001164,inv,1.0,-0.10182045000000291,0.08377045,5.0,ifvg,0.001,-0.1855909000000029,185
2025-11,zone_1x_2x,1344882,1344884,1,83676.75,83653.0,46.5,93.0,inv,2.0,-0.10742674999999999,0.08367675,5.0,ifvg,0.001,-0.19110349999999998,186
2025-11,zone_1x_2x,1344882,1344884,1,83700.0,83653.5,46.5,93.0,inv,2.0,-0.1302,0.08370000000000001,5.0,ifvg,0.001,-0.21390000000000003,187
2025-11,zone_1x_2x,1344884,1344884,1,83653.5,83653.0,46.5,93.0,inv,0.0,-0.0841535,0.0836535,5.0,ifvg,0.001,-0.167807,188
2025-11,zone_1x_2x,1344862,1344886,1,83618.1,83731.70000000001,56.80000000000291,113.60000000000582,tp,24.0,0.029981900000005807,0.08361810000000001,5.0,fvg,0.001,-0.05363619999999421,189
2025-11,zone_1x_2x,1344867,1344886,1,83589.70000000001,83703.30000000002,56.80000000000291,113.60000000000582,tp,19.0,0.03001030000000582,0.0835897,5.0,fvg,0.001,-0.053579399999994184,190
2025-11,zone_1x_2x,1344882,1344918,-1,83657.4,83889.9,232.5,2790.0,sl,36.0,-0.31615740000000003,0.08365739999999999,5.0,ifvg_clean,0.001,-0.3998148,191
2025-11,zone_1x_2x,1344808,1344921,-1,83748.0,83923.50000000003,175.5000000000291,2106.0000000003492,sl,113.0,-0.2592480000000291,0.083748,5.0,ifvg_clean,0.001,-0.3429960000000291,192
2025-11,zone_1x_2x,1350269,1350406,-1,84002.4,84070.0,67.60000000000582,135.20000000001164,sl,138.0,-0.1516024000000058,0.08400239999999999,5.0,fvg,0.001,-0.23560480000000578,193
2025-11,zone_1x_2x,1350350,1350524,-1,84036.2,84103.8,67.60000000000582,135.20000000001164,sl,175.0,-0.15163620000000583,0.08403619999999999,5.0,fvg,0.001,-0.23567240000000583,194
2025-11,zone_1x_2x,1350406,1350537,-1,84070.0,84137.6,67.60000000000582,135.20000000001164,sl,132.0,-0.15167000000000583,0.08407,5.0,fvg,0.001,-0.23574000000000583,195
2025-11,zone_1x_2x,1420429,1420433,-1,84510.2,84534.9,48.39999999999418,96.79999999998836,inv,4.0,-0.10921019999999708,0.0845102,5.0,ifvg,0.001,-0.19372039999999707,196
2025-11,zone_1x_2x,1420429,1420433,-1,84486.0,84534.4,48.39999999999418,96.79999999998836,inv,4.0,-0.13288599999999418,0.084486,5.0,ifvg,0.001,-0.21737199999999418,197
2025-11,zone_1x_2x,1420433,1420433,-1,84534.4,84534.9,48.39999999999418,96.79999999998836,inv,0.0,-0.0850344,0.0845344,5.0,ifvg,0.001,-0.1695688,198
2025-11,zone_1x_2x,1418914,1423471,1,84365.2,84831.59999999999,233.1999999999971,466.3999999999942,tp,4567.0,0.38203479999999423,0.0843652,5.0,fvg,0.001,0.2976695999999942,199
2025-11,zone_1x_2x,1420429,1505007,1,84531.9,84289.90000000002,241.9999999999709,2903.9999999996508,sl,88158.0,-0.3265318999999709,0.0845319,5.0,ifvg_clean,0.001,-0.4110637999999709,200
2025-11,zone_1x_2x,1523752,1523780,-1,84606.2,84555.40000000001,25.39999999999418,50.79999999998836,tp,34.0,-0.033806200000011645,0.0846062,5.0,fvg,0.001,-0.11841240000001166,201
2025-11,zone_1x_2x,1523752,1523781,-1,84593.5,84542.70000000001,25.39999999999418,50.79999999998836,tp,35.0,-0.03379350000001164,0.0845935,5.0,fvg,0.001,-0.11838700000001165,202
2025-11,zone_1x_2x,1541534,1541577,-1,84824.9,84870.1,235.0,2820.0,inv,43.0,-0.13002490000001163,0.0848249,5.0,ifvg_clean,0.001,-0.21484980000001164,203
2025-11,zone_1x_2x,1541534,1541846,1,84846.1,84940.1,47.0,94.0,tp,317.0,0.009153899999999993,0.08484610000000001,5.0,ifvg,0.001,-0.07569220000000002,204
2025-11,zone_1x_2x,1541534,1542132,1,84869.6,84822.6,47.0,94.0,sl,605.0,-0.1318696,0.0848696,5.0,ifvg,0.001,-0.21673920000000002,205
2025-11,zone_1x_2x,1542132,1542132,1,84822.6,84822.1,47.0,94.0,inv,0.0,-0.08532260000000001,0.08482260000000001,5.0,ifvg,0.001,-0.17014520000000002,206
2025-11,zone_1x_2x,1701779,1701822,-1,87438.8,87390.00000000001,24.39999999999418,48.79999999998836,tp,43.0,-0.03863880000001164,0.0874388,5.0,ifvg,0.001,-0.12607760000001164,207
2025-11,zone_1x_2x,1701779,1702010,1,87439.7,87317.70000000003,121.9999999999709,1463.9999999996508,sl,231.0,-0.20943969999997092,0.08743970000000001,5.0,ifvg_clean,0.001,-0.2968793999999709,208
2025-11,zone_1x_2x,1702239,1702239,-1,87463.2,87463.7,24.39999999999418,48.79999999998836,inv,0.0,-0.0879632,0.0874632,5.0,ifvg,0.001,-0.1754264,209
2025-11,zone_1x_2x,1702239,1702240,-1,87451.0,87463.7,24.39999999999418,48.79999999998836,inv,1.0,-0.1001509999999971,0.08745100000000001,5.0,ifvg,0.001,-0.1876019999999971,210
2025-11,zone_1x_2x,1734044,1734056,-1,86677.0,86708.1,31.10000000000582,62.20000000001164,sl,12.0,-0.11777700000000582,0.086677,5.0,fvg,0.001,-0.20445400000000583,211
2025-11,zone_1x_2x,1734056,1734069,-1,86708.1,86645.9,31.10000000000582,62.20000000001164,tp,13.0,-0.02450809999998837,0.08670810000000001,5.0,fvg,0.001,-0.11121619999998839,212
2025-11,zone_1x_2x,1734053,1734094,-1,86692.55,86723.65000000001,31.10000000000582,62.20000000001164,sl,41.0,-0.11779255000000582,0.08669255000000001,5.0,fvg,0.001,-0.20448510000000583,213
2025-11,zone_1x_2x,1743871,1743871,-1,87391.0,87391.5,179.0,358.0,inv,0.0,-0.08789100000000001,0.08739100000000001,5.0,ifvg,0.001,-0.17528200000000002,214
2025-11,zone_1x_2x,1743871,1743871,-1,87212.0,87391.0,179.0,358.0,sl,0.0,-0.266212,0.08721200000000001,5.0,ifvg,0.001,-0.353424,215
2025-11,zone_1x_2x,1743871,1743872,-1,87301.5,87391.5,179.0,358.0,inv,1.0,-0.1773015,0.0873015,5.0,ifvg,0.001,-0.26460300000000003,216
2025-11,zone_1x_2x,1747797,1747808,1,87945.6,87919.7,25.90000000000873,51.80000000001746,sl,11.0,-0.11384560000000875,0.08794560000000001,5.0,ifvg,0.001,-0.20179120000000877,217
2025-11,zone_1x_2x,1747797,1747813,-1,87927.6,87946.1,129.50000000004366,1554.0000000005239,inv,16.0,-0.10642760000000001,0.08792760000000001,5.0,ifvg_clean,0.001,-0.1943552,218
2025-11,zone_1x_2x,1747808,1747821,1,87919.7,87971.50000000001,25.90000000000873,51.80000000001746,tp,13.0,-0.03611969999998254,0.0879197,5.0,ifvg,0.001,-0.12403939999998254,219
2025-11,zone_1x_2x,1747797,1747827,1,87932.65,87984.45000000001,25.90000000000873,51.80000000001746,tp,30.0,-0.03613264999998254,0.08793265,5.0,ifvg,0.001,-0.12406529999998253,220
2025-11,zone_1x_2x,1748294,1748294,-1,88080.2,88080.7,33.19999999999709,66.39999999999418,inv,0.0,-0.08858020000000001,0.08808020000000001,5.0,ifvg,0.001,-0.17666040000000002,221
2025-11,zone_1x_2x,1748294,1748294,-1,88047.0,88080.2,33.19999999999709,66.39999999999418,sl,0.0,-0.1212469999999971,0.088047,5.0,ifvg,0.001,-0.2092939999999971,222
2025-11,zone_1x_2x,1748294,1748295,-1,88063.6,88080.7,33.19999999999709,66.39999999999418,inv,1.0,-0.10516359999999128,0.0880636,5.0,ifvg,0.001,-0.19322719999999127,223
2025-11,zone_1x_2x,1748294,1749627,1,88066.7,87900.70000000001,165.99999999998545,1991.9999999998254,sl,1333.0,-0.25406669999998543,0.0880667,5.0,ifvg_clean,0.001,-0.34213339999998543,224
2025-11,zone_1x_2x,1743871,1754330,1,87390.6,86495.6,895.0,10740.0,sl,10464.0,-0.9823906,0.08739060000000001,5.0,ifvg_clean,0.001,-1.0697812,225
2025-11,zone_1x_2x,1754487,1754586,-1,86512.8,86620.0,107.19999999999709,214.39999999999418,sl,99.0,-0.19371279999999708,0.0865128,5.0,fvg,0.001,-0.2802255999999971,226
2025-11,zone_1x_2x,1754492,1754591,-1,86566.4,86673.59999999999,107.19999999999709,214.39999999999418,sl,99.0,-0.1937663999999971,0.0865664,5.0,fvg,0.001,-0.2803327999999971,227
2025-11,zone_1x_2x,1754586,1754719,-1,86620.0,86727.2,107.19999999999709,214.39999999999418,sl,133.0,-0.1938199999999971,0.08662,5.0,fvg,0.001,-0.28043999999999714,228
2025-11,zone_1x_2x,1755274,1755396,1,86947.15,86898.7,95.90000000000873,191.80000000001746,inv,122.0,-0.13539714999999708,0.08694715,5.0,ifvg,0.001,-0.22234429999999708,229
2025-11,zone_1x_2x,1755274,1755396,1,86995.1,86899.2,95.90000000000873,191.80000000001746,inv,122.0,-0.18289510000000875,0.0869951,5.0,ifvg,0.001,-0.26989020000000874,230
2025-11,zone_1x_2x,1755396,1755396,1,86899.2,86898.7,95.90000000000873,191.80000000001746,inv,0.0,-0.0873992,0.0868992,5.0,ifvg,0.001,-0.1742984,231
2025-11,zone_1x_2x,1755274,1763354,-1,86899.9,87379.40000000004,479.50000000004366,5754.000000000524,sl,8109.0,-0.5663999000000437,0.0868999,5.0,ifvg_clean,0.001,-0.6532998000000437,232
2025-11,zone_1x_2x,1782623,1782624,-1,87533.5,87563.4,58.79999999998836,117.59999999997672,inv,1.0,-0.11743349999999418,0.0875335,5.0,ifvg,0.001,-0.20496699999999418,233
2025-11,zone_1x_2x,1782623,1782624,-1,87504.1,87562.9,58.79999999998836,117.59999999997672,inv,1.0,-0.1463040999999884,0.08750410000000002,5.0,ifvg,0.001,-0.23380819999998842,234
2025-11,zone_1x_2x,1782624,1782625,-1,87562.9,87563.4,58.79999999998836,117.59999999997672,inv,1.0,-0.0880629,0.0875629,5.0,ifvg,0.001,-0.1756258,235
2025-11,zone_1x_2x,1788501,1788894,1,87916.4,88189.19999999998,136.39999999999418,272.79999999998836,tp,393.0,0.18488359999998838,0.08791639999999999,5.0,fvg,0.001,0.09696719999998839,236
2025-11,zone_1x_2x,1790178,1791216,1,87848.2,88120.99999999999,136.39999999999418,272.79999999998836,tp,1041.0,0.1849517999999884,0.0878482,5.0,fvg,0.001,0.0971035999999884,237
2025-11,zone_1x_2x,1824131,1824152,-1,88563.8,88674.0,110.19999999999709,220.39999999999418,sl,21.0,-0.1987637999999971,0.0885638,5.0,fvg,0.001,-0.28732759999999713,238
2025-11,zone_1x_2x,1824147,1824163,-1,88618.9,88729.09999999999,110.19999999999709,220.39999999999418,sl,16.0,-0.19881889999999708,0.0886189,5.0,fvg,0.001,-0.2874377999999971,239
2025-11,zone_1x_2x,1824152,1824165,-1,88674.0,88784.2,110.19999999999709,220.39999999999418,sl,13.0,-0.1988739999999971,0.088674,5.0,fvg,0.001,-0.28754799999999714,240
2025-11,zone_1x_2x,1825165,1825451,1,88934.7,89154.89999999998,110.09999999999127,220.19999999998254,tp,286.0,0.13126529999998254,0.08893469999999999,5.0,fvg,0.001,0.04233059999998255,241
2025-11,zone_1x_2x,1827401,1827419,-1,89688.4,89704.3,30.80000000000291,61.60000000000582,inv,18.0,-0.10558840000000873,0.0896884,5.0,ifvg,0.001,-0.19527680000000874,242
2025-11,zone_1x_2x,1827401,1827419,-1,89673.0,89703.8,30.80000000000291,61.60000000000582,inv,18.0,-0.12047300000000291,0.089673,5.0,ifvg,0.001,-0.2101460000000029,243
2025-11,zone_1x_2x,1827419,1827419,-1,89703.8,89704.3,30.80000000000291,61.60000000000582,inv,0.0,-0.0902038,0.0897038,5.0,ifvg,0.001,-0.1799076,244
2025-11,zone_1x_2x,1828160,1828161,-1,90155.95,90179.4,45.89999999999418,91.79999999998836,inv,1.0,-0.1136059499999971,0.09015595000000001,5.0,ifvg,0.001,-0.2037618999999971,245
2025-11,zone_1x_2x,1828160,1828161,-1,90133.0,90178.9,45.89999999999418,91.79999999998836,inv,1.0,-0.1360329999999942,0.09013299999999999,5.0,ifvg,0.001,-0.22616599999999418,246
2025-11,zone_1x_2x,1828161,1828162,-1,90178.9,90179.4,45.89999999999418,91.79999999998836,inv,1.0,-0.0906789,0.0901789,5.0,ifvg,0.001,-0.1808578,247
2025-11,zone_1x_2x,1828160,1828584,1,90174.0,89944.50000000003,229.4999999999709,2753.9999999996508,sl,424.0,-0.3196739999999709,0.090174,5.0,ifvg_clean,0.001,-0.4098479999999709,248
2025-11,zone_1x_2x,1828707,1828729,-1,89954.45,89990.5,71.10000000000582,142.20000000001164,inv,22.0,-0.1260044500000029,0.08995444999999999,5.0,ifvg,0.001,-0.2159589000000029,249
2025-11,zone_1x_2x,1828707,1828729,-1,89918.9,89990.0,71.10000000000582,142.20000000001164,inv,22.0,-0.16101890000000582,0.0899189,5.0,ifvg,0.001,-0.2509378000000058,250
2025-11,zone_1x_2x,1828729,1828729,-1,89990.0,89990.5,71.10000000000582,142.20000000001164,inv,0.0,-0.09049,0.08999,5.0,ifvg,0.001,-0.18048,251
2025-11,zone_1x_2x,1829202,1829202,-1,90049.8,90119.8,70.0,140.0,sl,0.0,-0.16004980000000002,0.09004980000000001,5.0,ifvg,0.001,-0.25009960000000003,252
2025-11,zone_1x_2x,1829202,1829212,-1,90119.8,90120.3,70.0,140.0,inv,10.0,-0.0906198,0.0901198,5.0,ifvg,0.001,-0.1807396,253
2025-11,zone_1x_2x,1829202,1829212,-1,90084.8,90120.3,70.0,140.0,inv,10.0,-0.1255848,0.0900848,5.0,ifvg,0.001,-0.21566960000000002,254
2025-11,zone_1x_2x,1830144,1830152,-1,90318.3,90337.7,151.50000000001455,1818.0000000001746,inv,8.0,-0.10971829999999419,0.0903183,5.0,ifvg_clean,0.001,-0.20003659999999418,255
2025-11,zone_1x_2x,1830144,1830167,1,90322.04999999999,90291.74999999999,30.30000000000291,60.60000000000582,sl,23.0,-0.1206220500000029,0.09032204999999999,5.0,ifvg,0.001,-0.21094410000000288,256
2025-11,zone_1x_2x,1830144,1830167,1,90337.2,90306.9,30.30000000000291,60.60000000000582,sl,23.0,-0.1206372000000029,0.09033719999999999,5.0,ifvg,0.001,-0.2109744000000029,257
2025-11,zone_1x_2x,1830167,1830167,1,90306.9,90276.59999999999,30.30000000000291,60.60000000000582,sl,0.0,-0.1206069000000029,0.0903069,5.0,ifvg,0.001,-0.2109138000000029,258
2025-11,zone_1x_2x,1832158,1832160,-1,90627.7,90640.4,24.39999999999418,48.79999999998836,inv,2.0,-0.1033276999999971,0.0906277,5.0,ifvg,0.001,-0.1939553999999971,259
2025-11,zone_1x_2x,1832158,1832160,-1,90615.5,90639.9,24.39999999999418,48.79999999998836,inv,2.0,-0.11501549999999418,0.0906155,5.0,ifvg,0.001,-0.20563099999999418,260
2025-11,zone_1x_2x,1832160,1832160,-1,90639.9,90640.4,24.39999999999418,48.79999999998836,inv,0.0,-0.0911399,0.0906399,5.0,ifvg,0.001,-0.1817798,261
2025-11,zone_1x_2x,1782623,1832666,1,87553.5,91081.4999999993,293.9999999999418,3527.9999999993015,tp,50357.0,3.4404464999993016,0.0875535,5.0,ifvg_clean,0.001,3.352892999999302,262
2025-11,zone_1x_2x,1832158,1834903,1,90633.2,90511.20000000003,121.9999999999709,1463.9999999996508,sl,2745.0,-0.2126331999999709,0.09063320000000001,5.0,ifvg_clean,0.001,-0.3032663999999709,263
2025-11,zone_1x_2x,1835750,1835786,1,90554.6,90641.40000000002,43.40000000000873,86.80000000001746,tp,36.0,-0.0037545999999825524,0.09055460000000001,5.0,fvg,0.001,-0.09430919999998257,264
2025-11,zone_1x_2x,1836045,1836148,-1,90950.0,90749.6,100.19999999999709,200.39999999999418,tp,103.0,0.10944999999999419,0.09095,5.0,fvg,0.001,0.018499999999994188,265
2025-11,zone_1x_2x,1841502,1841580,-1,91000.1,91100.3,100.19999999999709,200.39999999999418,sl,78.0,-0.1912000999999971,0.0910001,5.0,fvg,0.001,-0.2822001999999971,266
2025-11,zone_1x_2x,1841520,1841583,-1,91050.2,91150.4,100.19999999999709,200.39999999999418,sl,63.0,-0.1912501999999971,0.09105020000000001,5.0,fvg,0.001,-0.2823003999999971,267
2025-11,zone_1x_2x,1842366,1842367,1,91211.1,91173.4,37.70000000001164,75.40000000002328,sl,1.0,-0.12891110000001166,0.0912111,5.0,ifvg,0.001,-0.22012220000001165,268
2025-11,zone_1x_2x,1842366,1842373,1,91192.25,91154.54999999999,37.70000000001164,75.40000000002328,sl,7.0,-0.12889225000001164,0.09119225,5.0,ifvg,0.001,-0.22008450000001165,269
2025-11,zone_1x_2x,1842366,1842397,-1,91176.1,91211.6,188.5000000000582,2262.0000000006985,inv,31.0,-0.1266761,0.09117610000000001,5.0,ifvg_clean,0.001,-0.21785220000000002,270
2025-11,zone_1x_2x,1842367,1842447,1,91173.4,91248.80000000002,37.70000000001164,75.40000000002328,tp,80.0,-0.01577339999997672,0.0911734,5.0,ifvg,0.001,-0.10694679999997672,271
2025-11,zone_1x_2x,1827401,1843295,1,89684.3,91532.30000000018,154.00000000001455,1848.0000000001746,tp,15901.0,1.7583157000001746,0.08968430000000001,5.0,ifvg_clean,0.001,1.6686314000001745,272
2025-11,zone_1x_2x,1851442,1851452,1,91272.0,91250.0,22.0,44.0,inv,10.0,-0.11327200000000001,0.091272,5.0,ifvg,0.001,-0.204544,273
2025-11,zone_1x_2x,1851452,1851452,1,91250.0,91249.5,22.0,44.0,inv,0.0,-0.09175,0.09125,5.0,ifvg,0.001,-0.183,274
2025-11,zone_1x_2x,1851452,1851453,1,91261.0,91249.5,22.0,44.0,inv,1.0,-0.10276099999999999,0.091261,5.0,ifvg,0.001,-0.19402199999999997,275
2025-11,zone_1x_2x,1851442,1855028,-1,91268.0,91378.0,110.0,1320.0,sl,3689.0,-0.201268,0.091268,5.0,ifvg_clean,0.001,-0.292536,276
2025-11,zone_1x_2x,1855437,1855437,1,91544.29999999999,91500.09999999999,44.19999999999709,88.39999999999418,sl,0.0,-0.1357442999999971,0.0915443,5.0,ifvg,0.001,-0.2272885999999971,277
2025-11,zone_1x_2x,1855437,1855437,1,91566.4,91522.2,44.19999999999709,88.39999999999418,sl,0.0,-0.1357663999999971,0.0915664,5.0,ifvg,0.001,-0.22733279999999711,278
2025-11,zone_1x_2x,1855437,1855446,1,91522.2,91478.0,44.19999999999709,88.39999999999418,sl,9.0,-0.13572219999999707,0.0915222,5.0,ifvg,0.001,-0.22724439999999707,279
2025-11,zone_1x_2x,1855437,1855728,-1,91503.0,91566.9,220.99999999998545,2651.9999999998254,inv,291.0,-0.15540299999999418,0.091503,5.0,ifvg_clean,0.001,-0.24690599999999419,280
2025-11,zone_1x_2x,1828707,1893315,1,89975.4,94241.40000000034,355.5000000000291,4266.000000000349,tp,64815.0,4.176024600000349,0.0899754,5.0,ifvg_clean,0.001,4.086049200000349,281
2025-11,zone_1x_2x,1829202,1894262,1,90108.7,94308.7,350.0,4200.0,tp,65270.0,4.1098913,0.0901087,5.0,ifvg_clean,0.001,4.0197826,282
2025-11,zone_1x_2x,1920648,1920657,1,92337.0,92313.5,46.0,92.0,inv,9.0,-0.115837,0.092337,5.0,ifvg,0.001,-0.208174,283
2025-11,zone_1x_2x,1920648,1920657,1,92360.0,92314.0,46.0,92.0,inv,9.0,-0.13835999999999998,0.09236,5.0,ifvg,0.001,-0.23071999999999998,284
2025-11,zone_1x_2x,1920657,1920657,1,92314.0,92313.5,46.0,92.0,inv,0.0,-0.09281400000000001,0.09231400000000001,5.0,ifvg,0.001,-0.18512800000000001,285
2025-11,zone_1x_2x,1920648,1920883,-1,92320.0,92550.0,230.0,2760.0,sl,235.0,-0.32232000000000005,0.09232000000000001,5.0,ifvg_clean,0.001,-0.41464000000000006,286
2025-11,zone_1x_2x,1921919,1921920,-1,92846.6,92879.7,33.09999999999127,66.19999999998254,sl,1.0,-0.12594659999999128,0.09284660000000002,5.0,fvg,0.001,-0.2187931999999913,287
2025-11,zone_1x_2x,1921919,1921924,-1,92863.15,92896.24999999999,33.09999999999127,66.19999999998254,sl,5.0,-0.12596314999999125,0.09286314999999999,5.0,fvg,0.001,-0.21882629999999126,288
2025-11,zone_1x_2x,1921920,1921924,-1,92879.7,92912.79999999999,33.09999999999127,66.19999999998254,sl,4.0,-0.12597969999999126,0.0928797,5.0,fvg,0.001,-0.21885939999999127,289
2025-11,zone_1x_2x,1981970,1982073,1,91820.8,91921.2,50.19999999999709,100.39999999999418,tp,103.0,0.008579199999994166,0.09182080000000001,5.0,fvg,0.001,-0.08324160000000584,290
2025-11,zone_1x_2x,2014022,2014025,-1,92707.8,92741.6,33.80000000000291,67.60000000000582,sl,3.0,-0.12650780000000292,0.0927078,5.0,ifvg,0.001,-0.21921560000000292,291
2025-11,zone_1x_2x,2014022,2014034,-1,92724.70000000001,92758.50000000001,33.80000000000291,67.60000000000582,sl,12.0,-0.12652470000000293,0.09272470000000002,5.0,ifvg,0.001,-0.21924940000000295,292
2025-11,zone_1x_2x,2014025,2014038,-1,92741.6,92775.40000000001,33.80000000000291,67.60000000000582,sl,13.0,-0.12654160000000292,0.09274160000000001,5.0,ifvg,0.001,-0.21928320000000293,293
2025-11,zone_1x_2x,2014022,2014068,1,92736.1,92707.3,169.00000000001455,2028.0000000001746,inv,46.0,-0.12153610000000292,0.09273610000000002,5.0,ifvg_clean,0.001,-0.21427220000000294,294
2025-11,zone_1x_2x,2036533,2036533,-1,93477.7,93499.9,22.19999999999709,44.39999999999418,sl,0.0,-0.11567769999999708,0.0934777,5.0,ifvg,0.001,-0.20915539999999708,295
2025-11,zone_1x_2x,2036533,2036603,-1,93499.9,93522.09999999999,22.19999999999709,44.39999999999418,sl,70.0,-0.11569989999999708,0.0934999,5.0,ifvg,0.001,-0.20919979999999708,296
2025-11,zone_1x_2x,2036533,2036603,-1,93488.79999999999,93510.99999999999,22.19999999999709,44.39999999999418,sl,70.0,-0.11568879999999707,0.09348879999999998,5.0,ifvg,0.001,-0.20917759999999705,297
2025-11,zone_1x_2x,2036533,2043567,1,93499.9,93477.2,110.99999999998545,1331.9999999998254,inv,7093.0,-0.11619989999999708,0.0934999,5.0,ifvg_clean,0.001,-0.20969979999999708,298
2025-11,zone_1x_2x,2053144,2053144,1,92991.7,92991.2,81.69999999999709,163.39999999999418,inv,0.0,-0.0934917,0.0929917,5.0,ifvg,0.001,-0.1864834,299
2025-11,zone_1x_2x,2053144,2053144,1,93073.4,92991.7,81.69999999999709,163.39999999999418,sl,0.0,-0.17477339999999708,0.0930734,5.0,ifvg,0.001,-0.26784679999999705,300
2025-11,zone_1x_2x,2053144,2053145,1,93032.54999999999,92991.2,81.69999999999709,163.39999999999418,inv,1.0,-0.13438254999999127,0.09303254999999999,5.0,ifvg,0.001,-0.22741509999999127,301
2025-11,zone_1x_2x,2053144,2058589,-1,92988.2,93396.69999999998,408.49999999998545,4901.999999999825,sl,5578.0,-0.5014881999999854,0.0929882,5.0,ifvg_clean,0.001,-0.5944763999999854,302
2025-11,zone_1x_2x,2289560,2289598,1,93271.4,93258.8,24.19999999999709,48.39999999999418,inv,38.0,-0.10587139999999128,0.0932714,5.0,ifvg,0.001,-0.1991427999999913,303
2025-11,zone_1x_2x,2289560,2289598,1,93283.5,93259.3,24.19999999999709,48.39999999999418,inv,38.0,-0.11748349999999709,0.0932835,5.0,ifvg,0.001,-0.2107669999999971,304
2025-11,zone_1x_2x,2289598,2289598,1,93259.3,93258.8,24.19999999999709,48.39999999999418,inv,0.0,-0.09375930000000002,0.09325930000000002,5.0,ifvg,0.001,-0.18701860000000003,305
2025-11,zone_1x_2x,2289560,2294059,-1,93260.5,93381.49999999999,120.99999999998545,1451.9999999998254,sl,4503.0,-0.21426049999998548,0.09326050000000001,5.0,ifvg_clean,0.001,-0.3075209999999855,306
2025-11,zone_1x_2x,2331921,2332013,-1,95428.4,95223.59999999998,102.40000000000873,204.80000000001746,tp,92.0,0.10937160000001747,0.0954284,5.0,fvg,0.001,0.013943200000017475,307
2025-11,zone_1x_2x,2331748,2332015,-1,95377.2,95172.39999999998,102.40000000000873,204.80000000001746,tp,268.0,0.10942280000001746,0.09537720000000001,5.0,fvg,0.001,0.01404560000001745,308
2025-11,zone_1x_2x,2339294,2339294,1,94015.9,94015.4,84.10000000000582,168.20000000001164,inv,0.0,-0.0945159,0.0940159,5.0,ifvg,0.001,-0.1885318,309
2025-11,zone_1x_2x,2339294,2339294,1,94100.0,94015.9,84.10000000000582,168.20000000001164,sl,0.0,-0.17820000000000585,0.09410000000000002,5.0,ifvg,0.001,-0.27230000000000587,310
2025-11,zone_1x_2x,2339294,2339295,1,94057.95,94015.4,84.10000000000582,168.20000000001164,inv,1.0,-0.13660795000000292,0.09405795,5.0,ifvg,0.001,-0.23066590000000292,311
2025-11,zone_1x_2x,2339294,2353073,-1,94004.4,94424.90000000002,420.5000000000291,5046.000000000349,sl,13913.0,-0.5145044000000292,0.09400439999999999,5.0,ifvg_clean,0.001,-0.6085088000000292,312
2025-11,zone_1x_2x,2429707,2429708,1,95275.5,95214.0,61.5,123.0,sl,1.0,-0.1567755,0.09527550000000001,5.0,ifvg,0.001,-0.252051,313
2025-11,zone_1x_2x,2429707,2429777,1,95244.75,95183.25,61.5,123.0,sl,70.0,-0.15674475,0.09524475,5.0,ifvg,0.001,-0.2519895,314
2025-11,zone_1x_2x,2429707,2429868,-1,95218.8,95276.0,307.5,3690.0,inv,161.0,-0.1524187999999971,0.0952188,5.0,ifvg_clean,0.001,-0.24763759999999713,315
2025-11,zone_1x_2x,2429708,2430104,1,95214.0,95152.5,61.5,123.0,sl,396.0,-0.15671400000000002,0.09521400000000001,5.0,ifvg,0.001,-0.25192800000000004,316
2025-11,zone_1x_2x,2431265,2431415,1,94983.9,95155.69999999998,85.89999999999418,171.79999999998836,tp,151.0,0.07681609999998835,0.0949839,5.0,fvg,0.001,-0.01816780000001164,317
2025-11,zone_1x_2x,2432775,2433092,1,95124.0,95095.7,55.60000000000582,111.20000000001164,inv,325.0,-0.1234240000000029,0.095124,5.0,ifvg,0.001,-0.2185480000000029,318
2025-11,zone_1x_2x,2432775,2433092,1,95151.8,95096.2,55.60000000000582,111.20000000001164,inv,325.0,-0.15075180000000582,0.09515180000000001,5.0,ifvg,0.001,-0.24590360000000583,319
2025-11,zone_1x_2x,2433092,2433092,1,95096.2,95095.7,55.60000000000582,111.20000000001164,inv,0.0,-0.09559619999999999,0.09509619999999999,5.0,ifvg,0.001,-0.19069239999999998,320
2025-11,zone_1x_2x,2432775,2434092,-1,95111.5,95389.50000000003,278.0000000000291,3336.0000000003492,sl,1342.0,-0.37311150000002913,0.09511150000000002,5.0,ifvg_clean,0.001,-0.46822300000002914,321
2025-11,zone_1x_2x,2469316,2469316,1,95035.7,94986.1,49.59999999999127,99.19999999998254,sl,0.0,-0.14463569999999126,0.0950357,5.0,ifvg,0.001,-0.23967139999999126,322
2025-11,zone_1x_2x,2469316,2469319,1,95010.9,94961.3,49.59999999999127,99.19999999998254,sl,3.0,-0.14461089999999127,0.0950109,5.0,ifvg,0.001,-0.23962179999999128,323
2025-11,zone_1x_2x,2469316,2469423,1,94986.1,94936.50000000001,49.59999999999127,99.19999999998254,sl,107.0,-0.14458609999999128,0.0949861,5.0,ifvg,0.001,-0.2395721999999913,324
2025-11,zone_1x_2x,2469316,2472650,-1,94982.4,95036.2,247.99999999995634,2975.999999999476,inv,3447.0,-0.14878240000000292,0.0949824,5.0,ifvg_clean,0.001,-0.24376480000000292,325
2025-11,zone_1x_2x,2498952,2499120,-1,94679.9,94476.09999999998,101.90000000000873,203.80000000001746,tp,168.0,0.10912010000001747,0.0946799,5.0,fvg,0.001,0.014440200000017472,326
2025-11,zone_1x_2x,2500615,2500646,1,94480.54999999999,94531.15,25.30000000000291,50.60000000000582,tp,31.0,-0.043880549999994176,0.09448055,5.0,ifvg,0.001,-0.13836109999999419,327
2025-11,zone_1x_2x,2500615,2500648,1,94493.2,94543.8,25.30000000000291,50.60000000000582,tp,33.0,-0.04389319999999418,0.0944932,5.0,ifvg,0.001,-0.1383863999999942,328
2025-11,zone_1x_2x,2500693,2500693,1,94467.9,94467.4,25.30000000000291,50.60000000000582,inv,0.0,-0.09496790000000001,0.09446790000000001,5.0,ifvg,0.001,-0.18943580000000002,329
2025-11,zone_1x_2x,2500615,2502133,-1,94476.6,94603.10000000002,126.50000000001455,1518.0000000001746,sl,1520.0,-0.22097660000001457,0.09447660000000001,5.0,ifvg_clean,0.001,-0.3154532000000146,330
2025-11,zone_1x_2x,2508922,2508931,1,93900.0,93860.0,40.0,80.0,sl,9.0,-0.13390000000000002,0.09390000000000001,5.0,ifvg,0.001,-0.22780000000000003,331
2025-11,zone_1x_2x,2508922,2508945,1,93880.0,93840.0,40.0,80.0,sl,23.0,-0.13388,0.09387999999999999,5.0,ifvg,0.001,-0.22776,332
2025-11,zone_1x_2x,2508931,2508948,1,93860.0,93820.0,40.0,80.0,sl,17.0,-0.13386,0.09386,5.0,ifvg,0.001,-0.22772,333
2025-11,zone_1x_2x,2508922,2509685,-1,93870.5,93900.5,200.0,2400.0,inv,767.0,-0.12387050000000001,0.09387050000000001,5.0,ifvg_clean,0.001,-0.21774100000000002,334
2025-11,zone_1x_2x,2512979,2512980,-1,93641.3,93663.90000000001,22.60000000000582,45.20000000001164,sl,1.0,-0.11624130000000582,0.0936413,5.0,ifvg,0.001,-0.2098826000000058,335
2025-11,zone_1x_2x,2512979,2512980,-1,93630.0,93652.6,22.60000000000582,45.20000000001164,sl,1.0,-0.11623000000000581,0.09362999999999999,5.0,ifvg,0.001,-0.20986000000000582,336
2025-11,zone_1x_2x,2512980,2512982,-1,93652.6,93675.20000000001,22.60000000000582,45.20000000001164,sl,2.0,-0.11625260000000583,0.0936526,5.0,ifvg,0.001,-0.20990520000000584,337
2025-11,zone_1x_2x,2512979,2513017,1,93645.2,93629.5,113.0000000000291,1356.0000000003492,inv,38.0,-0.10934519999999709,0.0936452,5.0,ifvg_clean,0.001,-0.20299039999999707,338
2025-11,zone_05_2x,579342,579342,-1,78053.15,78102.0,48.849999999998545,195.39999999999418,sl,0.0,-0.12690315000000582,0.07805315,5.0,ifvg,0.001,-0.2049563000000058,0
2025-11,zone_05_2x,579342,579342,-1,78004.3,78053.15,48.849999999998545,195.39999999999418,sl,0.0,-0.12685429999999126,0.0780043,5.0,ifvg,0.001,-0.20485859999999126,1
2025-11,zone_05_2x,579342,579354,-1,78102.0,78150.85,48.849999999998545,195.39999999999418,sl,12.0,-0.12695200000000584,0.078102,5.0,ifvg,0.001,-0.20505400000000584,2
2025-11,zone_05_2x,650755,650829,-1,78415.9,78466.1,50.200000000004366,200.80000000001746,sl,74.0,-0.12861590000001163,0.0784159,5.0,fvg,0.001,-0.20703180000001165,3
2025-11,zone_05_2x,650829,651898,-1,78466.1,78265.29999999999,50.200000000004366,200.80000000001746,tp,1072.0,0.12233390000001745,0.07846610000000001,5.0,fvg,0.001,0.04386780000001744,4
2025-11,zone_05_2x,579342,652077,1,78116.4,78003.8,488.49999999998545,5861.999999999825,inv,73024.0,-0.1907163999999913,0.0781164,5.0,ifvg_clean,0.001,-0.2688327999999913,5
2025-11,zone_05_2x,652858,652929,-1,78157.4,77972.19999999998,46.30000000000291,185.20000000001164,tp,71.0,0.10704260000001163,0.0781574,5.0,fvg,0.001,0.02888520000001163,6
2025-11,zone_05_2x,685131,685131,1,74806.4,74778.9,27.5,110.0,sl,0.0,-0.10230639999999999,0.0748064,5.0,ifvg,0.001,-0.1771128,7
2025-11,zone_05_2x,685131,685148,1,74778.9,74751.4,27.5,110.0,inv,17.0,-0.10227889999999999,0.0747789,5.0,ifvg,0.001,-0.1770578,8
2025-11,zone_05_2x,685148,685148,1,74751.4,74750.9,27.5,110.0,inv,0.0,-0.0752514,0.0747514,5.0,ifvg,0.001,-0.1500028,9
2025-11,zone_05_2x,685131,685215,-1,74785.0,75060.0,275.0,3300.0,sl,84.0,-0.349785,0.074785,5.0,ifvg_clean,0.001,-0.42457,10
2025-11,zone_05_2x,694026,694026,1,74985.2,74964.65,20.549999999995634,82.19999999998254,sl,0.0,-0.0955352000000029,0.07498519999999999,5.0,fvg,0.001,-0.1705204000000029,11
2025-11,zone_05_2x,694026,694075,1,74964.65,75046.84999999998,20.549999999995634,82.19999999998254,tp,49.0,0.007235349999982543,0.07496465,5.0,fvg,0.001,-0.06772930000001745,12
2025-11,zone_05_2x,694536,694868,1,75343.2,75914.99999999999,142.9499999999971,571.7999999999884,tp,332.0,0.4964567999999883,0.0753432,5.0,fvg,0.001,0.4211135999999883,13
2025-11,zone_05_2x,722476,722476,1,76180.0,76144.15,35.849999999998545,143.39999999999418,sl,0.0,-0.11203000000000583,0.07618000000000001,5.0,ifvg,0.001,-0.18821000000000584,14
2025-11,zone_05_2x,722476,722482,1,76144.15,76108.29999999999,35.849999999998545,143.39999999999418,inv,6.0,-0.11199415000000582,0.07614415,5.0,ifvg,0.001,-0.1881383000000058,15
2025-11,zone_05_2x,722482,722482,1,76108.3,76107.8,35.849999999998545,143.39999999999418,inv,0.0,-0.0766083,0.0761083,5.0,ifvg,0.001,-0.1527166,16
2025-11,zone_05_2x,722476,723640,-1,76115.3,76473.79999999999,358.49999999998545,4301.999999999825,sl,1164.0,-0.43461529999998544,0.07611530000000001,5.0,ifvg_clean,0.001,-0.5107305999999855,17
2025-11,zone_05_2x,725360,725360,-1,76345.6,76369.05,23.44999999999709,93.79999999998836,sl,0.0,-0.0997955999999971,0.0763456,5.0,ifvg,0.001,-0.1761411999999971,18
2025-11,zone_05_2x,725360,725366,-1,76369.05,76392.5,23.44999999999709,93.79999999998836,sl,6.0,-0.0998190499999971,0.07636905000000001,5.0,ifvg,0.001,-0.17618809999999713,19
2025-11,zone_05_2x,725366,725368,-1,76392.5,76415.95,23.44999999999709,93.79999999998836,sl,2.0,-0.09984249999999709,0.0763925,5.0,ifvg,0.001,-0.1762349999999971,20
2025-11,zone_05_2x,726477,726477,-1,76876.0,76889.7,188.49999999998545,2261.9999999998254,inv,0.0,-0.09057599999999709,0.076876,5.0,ifvg_clean,0.001,-0.1674519999999971,21
2025-11,zone_05_2x,726477,726483,1,76889.2,76870.35,18.849999999998545,75.39999999999418,sl,6.0,-0.09573919999999128,0.0768892,5.0,ifvg,0.001,-0.1726283999999913,22
2025-11,zone_05_2x,726483,726497,1,76870.35,76945.75,18.849999999998545,75.39999999999418,tp,14.0,-0.001470350000005824,0.07687035,5.0,ifvg,0.001,-0.07834070000000583,23
2025-11,zone_05_2x,726533,726533,1,76851.5,76832.65,18.849999999998545,75.39999999999418,sl,0.0,-0.09570150000000582,0.0768515,5.0,ifvg,0.001,-0.17255300000000584,24
2025-11,zone_05_2x,725919,728350,1,76754.7,77364.49999999999,152.4499999999971,609.7999999999884,tp,2431.0,0.5330452999999884,0.0767547,5.0,fvg,0.001,0.4562905999999884,25
2025-11,zone_05_2x,729466,729466,1,77420.5,77380.25,40.25,161.0,sl,0.0,-0.11767050000000001,0.0774205,5.0,ifvg,0.001,-0.19509100000000001,26
2025-11,zone_05_2x,729466,729467,1,77380.25,77340.0,40.25,161.0,sl,1.0,-0.11763025000000002,0.07738025000000001,5.0,ifvg,0.001,-0.19501050000000003,27
2025-11,zone_05_2x,729466,729471,-1,77348.8,77421.0,402.5,4830.0,inv,5.0,-0.1495487999999971,0.07734880000000001,5.0,ifvg_clean,0.001,-0.2268975999999971,28
2025-11,zone_05_2x,729467,729538,1,77340.0,77501.0,40.25,161.0,tp,71.0,0.08366,0.07734,5.0,ifvg,0.001,0.006319999999999992,29
2025-11,zone_05_2x,732178,732178,1,77861.4,77848.79999999999,12.599999999998545,50.39999999999418,sl,0.0,-0.09046140000000583,0.0778614,5.0,ifvg,0.001,-0.16832280000000582,30
2025-11,zone_05_2x,732178,732178,1,77874.0,77861.4,12.599999999998545,50.39999999999418,sl,0.0,-0.09047400000000583,0.077874,5.0,ifvg,0.001,-0.16834800000000583,31
2025-11,zone_05_2x,732178,732182,1,77848.8,77836.20000000001,12.599999999998545,50.39999999999418,sl,4.0,-0.09044879999999128,0.07784880000000001,5.0,ifvg,0.001,-0.16829759999999128,32
2025-11,zone_05_2x,733840,733840,1,76971.5,76955.85,15.650000000001455,62.60000000000582,sl,0.0,-0.0926214999999942,0.07697150000000001,5.0,ifvg,0.001,-0.16959299999999422,33
2025-11,zone_05_2x,733840,733847,1,76955.85,77018.45000000001,15.650000000001455,62.60000000000582,tp,7.0,-0.014355849999994202,0.07695585000000002,5.0,ifvg,0.001,-0.09131169999999422,34
2025-11,zone_05_2x,733840,733870,-1,76946.1,77102.60000000002,156.50000000001455,1878.0000000001746,sl,30.0,-0.23344610000001453,0.0769461,5.0,ifvg_clean,0.001,-0.31039220000001455,35
2025-11,zone_05_2x,735506,735506,-1,77426.0,77473.0,47.0,188.0,sl,0.0,-0.12442600000000001,0.07742600000000001,5.0,ifvg,0.001,-0.20185200000000003,36
2025-11,zone_05_2x,735506,735511,-1,77473.0,77520.0,47.0,188.0,sl,5.0,-0.124473,0.077473,5.0,ifvg,0.001,-0.20194600000000001,37
2025-11,zone_05_2x,735506,735542,1,77517.3,77425.5,470.0,5640.0,inv,36.0,-0.16931730000000292,0.07751730000000001,5.0,ifvg_clean,0.001,-0.24683460000000293,38
2025-11,zone_05_2x,735511,735582,-1,77520.0,77332.0,47.0,188.0,tp,71.0,0.11048000000000001,0.07751999999999999,5.0,ifvg,0.001,0.03296000000000002,39
2025-11,zone_05_2x,737180,737180,-1,77130.4,77153.2,22.80000000000291,91.20000000001164,sl,0.0,-0.09993040000000292,0.0771304,5.0,ifvg,0.001,-0.1770608000000029,40
2025-11,zone_05_2x,737180,737201,-1,77153.2,77176.0,22.80000000000291,91.20000000001164,sl,21.0,-0.09995320000000292,0.0771532,5.0,ifvg,0.001,-0.17710640000000294,41
2025-11,zone_05_2x,737201,737211,-1,77176.0,77198.8,22.80000000000291,91.20000000001164,sl,10.0,-0.09997600000000292,0.07717600000000001,5.0,ifvg,0.001,-0.17715200000000292,42
2025-11,zone_05_2x,737180,737306,1,77168.0,77129.9,228.0000000000291,2736.0000000003492,inv,129.0,-0.11526800000000584,0.07716800000000001,5.0,ifvg_clean,0.001,-0.19243600000000585,43
2025-11,zone_05_2x,738141,738141,-1,77720.1,77720.6,28.0,112.0,inv,0.0,-0.0782201,0.0777201,5.0,ifvg,0.001,-0.1559402,44
2025-11,zone_05_2x,738141,738141,-1,77692.1,77720.1,28.0,112.0,sl,0.0,-0.10569210000000001,0.07769210000000001,5.0,ifvg,0.001,-0.18338420000000002,45
2025-11,zone_05_2x,738141,738141,-1,77664.1,77692.1,28.0,112.0,sl,0.0,-0.1056641,0.0776641,5.0,ifvg,0.001,-0.1833282,46
2025-11,zone_05_2x,738817,738817,-1,77536.2,77566.1,29.900000000001455,119.60000000000582,sl,0.0,-0.10743620000000872,0.0775362,5.0,ifvg,0.001,-0.18497240000000872,47
2025-11,zone_05_2x,738817,738822,-1,77566.1,77596.0,29.900000000001455,119.60000000000582,inv,5.0,-0.1074660999999942,0.07756610000000001,5.0,ifvg,0.001,-0.1850321999999942,48
2025-11,zone_05_2x,738822,738822,-1,77596.0,77596.5,29.900000000001455,119.60000000000582,inv,0.0,-0.07809600000000001,0.07759600000000001,5.0,ifvg,0.001,-0.15569200000000002,49
2025-11,zone_05_2x,732178,739636,-1,77844.1,77874.5,125.99999999998545,1511.9999999998254,inv,7462.0,-0.1082440999999942,0.07784410000000001,5.0,ifvg_clean,0.001,-0.1860881999999942,50
2025-11,zone_05_2x,741966,741966,1,77960.0,77938.4,21.599999999998545,86.39999999999418,sl,0.0,-0.09956000000000584,0.07796000000000002,5.0,ifvg,0.001,-0.17752000000000584,51
2025-11,zone_05_2x,741966,741966,1,77981.6,77960.0,21.599999999998545,86.39999999999418,sl,0.0,-0.09958160000000583,0.07798160000000001,5.0,ifvg,0.001,-0.17756320000000586,52
2025-11,zone_05_2x,741966,741966,1,78003.2,77981.6,21.599999999998545,86.39999999999418,sl,0.0,-0.09960319999999126,0.0780032,5.0,ifvg,0.001,-0.17760639999999125,53
2025-11,zone_05_2x,741966,741994,-1,77883.3,78003.7,215.99999999998545,2591.9999999998254,inv,28.0,-0.19828329999999417,0.0778833,5.0,ifvg_clean,0.001,-0.27616659999999416,54
2025-11,zone_05_2x,742004,742004,-1,78321.6,78322.1,22.35000000000582,89.40000000002328,inv,0.0,-0.0788216,0.0783216,5.0,ifvg,0.001,-0.1571432,55
2025-11,zone_05_2x,742004,742004,-1,78299.25,78321.6,22.35000000000582,89.40000000002328,sl,0.0,-0.10064925000000582,0.07829925,5.0,ifvg,0.001,-0.17894850000000584,56
2025-11,zone_05_2x,742004,742004,-1,78276.9,78299.25,22.35000000000582,89.40000000002328,sl,0.0,-0.10062690000000582,0.0782769,5.0,ifvg,0.001,-0.17890380000000583,57
2025-11,zone_05_2x,742005,742005,1,78521.4,78495.4,26.0,104.0,sl,0.0,-0.10452140000000001,0.0785214,5.0,ifvg,0.001,-0.1830428,58
2025-11,zone_05_2x,742005,742005,1,78547.4,78521.4,26.0,104.0,sl,0.0,-0.10454740000000001,0.0785474,5.0,ifvg,0.001,-0.1830948,59
2025-11,zone_05_2x,742005,742005,1,78573.4,78547.4,26.0,104.0,sl,0.0,-0.10457339999999998,0.07857339999999999,5.0,ifvg,0.001,-0.18314679999999997,60
2025-11,zone_05_2x,742005,742011,-1,78526.7,78573.9,260.0,3120.0,inv,6.0,-0.12572669999999708,0.0785267,5.0,ifvg_clean,0.001,-0.2042533999999971,61
2025-11,zone_05_2x,725360,742100,1,76392.0,79205.99999999965,234.4999999999709,2813.9999999996508,tp,16745.0,2.737607999999651,0.076392,5.0,ifvg_clean,0.001,2.6612159999996514,62
2025-11,zone_05_2x,742004,742362,1,78295.3,80977.3000000007,223.5000000000582,2682.0000000006985,tp,358.0,2.6037047000006983,0.0782953,5.0,ifvg_clean,0.001,2.525409400000698,63
2025-11,zone_05_2x,738141,742466,1,77720.1,81080.1,280.0,3360.0,tp,4327.0,3.2822799,0.0777201,5.0,ifvg_clean,0.001,3.2045597999999997,64
2025-11,zone_05_2x,738817,742472,1,77579.1,81167.10000000018,299.00000000001455,3588.0000000001746,tp,3657.0,3.5104209000001747,0.07757910000000001,5.0,ifvg_clean,0.001,3.432841800000175,65
2025-11,zone_05_2x,746114,746114,-1,82677.5,82678.0,19.099999999998545,76.39999999999418,inv,0.0,-0.0831775,0.0826775,5.0,ifvg,0.001,-0.165855,66
2025-11,zone_05_2x,746114,746114,-1,82658.4,82677.5,19.099999999998545,76.39999999999418,sl,0.0,-0.10175840000000583,0.0826584,5.0,ifvg,0.001,-0.18441680000000582,67
2025-11,zone_05_2x,746114,746114,-1,82639.3,82658.4,19.099999999998545,76.39999999999418,sl,0.0,-0.10173929999999129,0.08263930000000001,5.0,ifvg,0.001,-0.1843785999999913,68
2025-11,zone_05_2x,746114,746190,1,82677.8,82486.80000000002,190.99999999998545,2291.9999999998254,sl,76.0,-0.2736777999999855,0.08267780000000001,5.0,ifvg_clean,0.001,-0.3563555999999855,69
2025-11,zone_05_2x,751131,751131,1,82376.9,82364.75,12.14999999999418,48.59999999997672,sl,0.0,-0.09452689999999417,0.08237689999999999,5.0,ifvg,0.001,-0.17690379999999417,70
2025-11,zone_05_2x,751131,751159,1,82364.75,82352.6,12.14999999999418,48.59999999997672,inv,28.0,-0.09451474999999418,0.08236475,5.0,ifvg,0.001,-0.1768794999999942,71
2025-11,zone_05_2x,751159,751159,1,82352.6,82352.1,12.14999999999418,48.59999999997672,inv,0.0,-0.08285260000000001,0.08235260000000001,5.0,ifvg,0.001,-0.16520520000000002,72
2025-11,zone_05_2x,751131,751652,-1,82357.3,82478.79999999994,121.49999999994179,1457.9999999993015,sl,521.0,-0.2038572999999418,0.08235730000000001,5.0,ifvg_clean,0.001,-0.2862145999999418,73
2025-11,zone_05_2x,755703,755703,-1,82980.0,83035.7,55.69999999999709,222.79999999998836,sl,0.0,-0.1386799999999971,0.08298000000000001,5.0,ifvg,0.001,-0.22165999999999714,74
2025-11,zone_05_2x,755703,755712,-1,83035.7,83091.4,55.69999999999709,222.79999999998836,inv,9.0,-0.1387356999999971,0.0830357,5.0,ifvg,0.001,-0.22177139999999712,75
2025-11,zone_05_2x,755712,755712,-1,83091.4,83091.9,55.69999999999709,222.79999999998836,inv,0.0,-0.0835914,0.0830914,5.0,ifvg,0.001,-0.1666828,76
2025-11,zone_05_2x,757425,757425,-1,82958.0,82972.25,14.25,57.0,sl,0.0,-0.097208,0.082958,5.0,ifvg,0.001,-0.180166,77
2025-11,zone_05_2x,757425,757425,-1,82943.75,82958.0,14.25,57.0,sl,0.0,-0.09719375000000001,0.08294375000000001,5.0,ifvg,0.001,-0.1801375,78
2025-11,zone_05_2x,757425,757425,-1,82929.5,82943.75,14.25,57.0,sl,0.0,-0.0971795,0.0829295,5.0,ifvg,0.001,-0.18010900000000002,79
2025-11,zone_05_2x,757425,757451,1,82957.3,82929.0,142.5,1710.0,inv,26.0,-0.11125730000000292,0.08295730000000001,5.0,ifvg_clean,0.001,-0.19421460000000293,80
2025-11,zone_05_2x,755703,765887,1,83085.3,82528.30000000003,556.9999999999709,6683.999999999651,sl,10192.0,-0.640085299999971,0.0830853,5.0,ifvg_clean,0.001,-0.723170599999971,81
2025-11,zone_05_2x,814568,814568,1,81534.0,81519.55,14.44999999999709,57.79999999998836,sl,0.0,-0.0959839999999971,0.08153400000000001,5.0,ifvg,0.001,-0.17751799999999712,82
2025-11,zone_05_2x,814568,814580,1,81519.55,81505.1,14.44999999999709,57.79999999998836,inv,12.0,-0.0959695499999971,0.08151955000000001,5.0,ifvg,0.001,-0.17748909999999712,83
2025-11,zone_05_2x,814580,814580,1,81505.1,81504.6,14.44999999999709,57.79999999998836,inv,0.0,-0.08200510000000001,0.08150510000000001,5.0,ifvg,0.001,-0.16351020000000002,84
2025-11,zone_05_2x,814568,814733,-1,81509.2,81653.69999999997,144.4999999999709,1733.9999999996508,sl,165.0,-0.22600919999997088,0.08150919999999999,5.0,ifvg_clean,0.001,-0.3075183999999709,85
2025-11,zone_05_2x,827743,827743,-1,78633.9,78693.6,59.700000000004366,238.80000000001746,sl,0.0,-0.13833390000001164,0.07863389999999999,5.0,ifvg,0.001,-0.21696780000001165,86
2025-11,zone_05_2x,827743,827757,-1,78693.6,78753.30000000002,59.700000000004366,238.80000000001746,sl,14.0,-0.13839360000001164,0.0786936,5.0,ifvg,0.001,-0.21708720000001164,87
2025-11,zone_05_2x,827757,827821,-1,78753.3,78813.0,59.700000000004366,238.80000000001746,sl,64.0,-0.13845329999999711,0.07875330000000001,5.0,ifvg,0.001,-0.21720659999999714,88
2025-11,zone_05_2x,827743,827991,1,78751.0,78633.4,597.0000000000437,7164.000000000524,inv,248.0,-0.19635100000000583,0.078751,5.0,ifvg_clean,0.001,-0.27510200000000584,89
2025-11,zone_05_2x,829552,829552,-1,79160.0,79170.05,10.05000000000291,40.20000000001164,sl,0.0,-0.0892100000000029,0.07916,5.0,ifvg,0.001,-0.1683700000000029,90
2025-11,zone_05_2x,829552,829552,-1,79149.95,79160.0,10.05000000000291,40.20000000001164,sl,0.0,-0.08919995000000291,0.07914995000000001,5.0,ifvg,0.001,-0.16834990000000294,91
2025-11,zone_05_2x,829552,829552,-1,79139.9,79149.95,10.05000000000291,40.20000000001164,sl,0.0,-0.0891899000000029,0.0791399,5.0,ifvg,0.001,-0.16832980000000292,92
2025-11,zone_05_2x,829552,829576,1,79173.2,79139.4,100.5000000000291,1206.0000000003492,inv,24.0,-0.11297320000000291,0.0791732,5.0,ifvg_clean,0.001,-0.1921464000000029,93
2025-11,zone_05_2x,831600,831600,-1,79241.3,79241.8,26.349999999998545,105.39999999999418,inv,0.0,-0.07974130000000001,0.07924130000000001,5.0,ifvg,0.001,-0.15898260000000003,94
2025-11,zone_05_2x,831600,831600,-1,79214.95000000001,79241.30000000002,26.349999999998545,105.39999999999418,sl,0.0,-0.10556495000000585,0.07921495000000002,5.0,ifvg,0.001,-0.18477990000000588,95
2025-11,zone_05_2x,831600,831600,-1,79188.6,79214.95000000001,26.349999999998545,105.39999999999418,sl,0.0,-0.10553860000000584,0.07918860000000001,5.0,ifvg,0.001,-0.18472720000000586,96
2025-11,zone_05_2x,831687,831687,1,79300.0,79280.0,20.0,80.0,sl,0.0,-0.0993,0.0793,5.0,ifvg,0.001,-0.17859999999999998,97
2025-11,zone_05_2x,831687,831689,1,79280.0,79260.0,20.0,80.0,sl,2.0,-0.09928000000000001,0.07928,5.0,ifvg,0.001,-0.17856,98
2025-11,zone_05_2x,831687,831693,-1,79266.6,79300.5,200.0,2400.0,inv,6.0,-0.11316659999999418,0.0792666,5.0,ifvg_clean,0.001,-0.1924331999999942,99
2025-11,zone_05_2x,831689,831704,1,79260.0,79340.0,20.0,80.0,tp,15.0,0.0007399999999999907,0.07926000000000001,5.0,ifvg,0.001,-0.07852000000000002,100
2025-11,zone_05_2x,853164,853164,-1,79563.3,79596.0,32.69999999999709,130.79999999998836,sl,0.0,-0.1122632999999971,0.0795633,5.0,fvg,0.001,-0.1918265999999971,101
2025-11,zone_05_2x,853164,853362,-1,79596.0,79465.20000000001,32.69999999999709,130.79999999998836,tp,207.0,0.05120399999998837,0.079596,5.0,fvg,0.001,-0.02839200000001163,102
2025-11,zone_05_2x,854638,854638,-1,79406.0,79416.55,10.55000000000291,42.20000000001164,sl,0.0,-0.08995600000000292,0.079406,5.0,ifvg,0.001,-0.16936200000000293,103
2025-11,zone_05_2x,854638,854645,1,79415.7,79405.5,105.5000000000291,1266.0000000003492,inv,7.0,-0.08961569999999709,0.0794157,5.0,ifvg_clean,0.001,-0.1690313999999971,104
2025-11,zone_05_2x,854638,854654,-1,79416.55,79427.1,10.55000000000291,42.20000000001164,sl,16.0,-0.08996655000000292,0.07941655,5.0,ifvg,0.001,-0.16938310000000292,105
2025-11,zone_05_2x,854654,854670,-1,79427.1,79384.9,10.55000000000291,42.20000000001164,tp,16.0,-0.03722709999998837,0.07942710000000001,5.0,ifvg,0.001,-0.11665419999998838,106
2025-11,zone_05_2x,831600,855415,1,79236.5,78973.00000000001,263.49999999998545,3161.9999999998254,sl,24228.0,-0.34273649999998546,0.0792365,5.0,ifvg_clean,0.001,-0.42197299999998544,107
2025-11,zone_05_2x,856804,856899,-1,79525.6,79477.00000000003,12.14999999999418,48.59999999997672,tp,95.0,-0.0309256000000233,0.07952560000000002,5.0,fvg,0.001,-0.11045120000002331,108
2025-11,zone_05_2x,857270,857274,-1,79537.75,79549.9,12.14999999999418,48.59999999997672,sl,4.0,-0.09168774999999418,0.07953775,5.0,fvg,0.001,-0.1712254999999942,109
2025-11,zone_05_2x,857274,857291,-1,79549.9,79562.04999999999,12.14999999999418,48.59999999997672,sl,17.0,-0.09169989999999417,0.07954989999999999,5.0,fvg,0.001,-0.17124979999999418,110
2025-11,zone_05_2x,857358,857390,-1,79628.7,79661.4,32.69999999999709,130.79999999998836,sl,32.0,-0.11232869999999709,0.0796287,5.0,fvg,0.001,-0.19195739999999709,111
2025-11,zone_05_2x,862409,862409,1,80313.05,80287.5,25.55000000000291,102.20000000001164,sl,0.0,-0.10586305000000293,0.08031305000000001,5.0,ifvg,0.001,-0.18617610000000295,112
2025-11,zone_05_2x,862409,862409,1,80338.6,80313.05,25.55000000000291,102.20000000001164,sl,0.0,-0.10588860000000291,0.08033860000000001,5.0,ifvg,0.001,-0.18622720000000292,113
2025-11,zone_05_2x,862409,862413,1,80287.5,80261.95,25.55000000000291,102.20000000001164,sl,4.0,-0.10583750000000292,0.08028750000000001,5.0,ifvg,0.001,-0.18612500000000293,114
2025-11,zone_05_2x,862409,862774,-1,80280.1,80339.1,255.5000000000291,3066.0000000003492,inv,365.0,-0.13928010000000002,0.08028010000000001,5.0,ifvg_clean,0.001,-0.21956020000000004,115
2025-11,zone_05_2x,863815,863815,-1,80587.4,80609.2,21.80000000000291,87.20000000001164,sl,0.0,-0.10238740000000292,0.0805874,5.0,ifvg,0.001,-0.18297480000000294,116
2025-11,zone_05_2x,863815,863879,-1,80609.2,80521.99999999999,21.80000000000291,87.20000000001164,tp,64.0,0.006590800000011637,0.0806092,5.0,ifvg,0.001,-0.07401839999998837,117
2025-11,zone_05_2x,864055,864055,-1,80631.0,80631.5,21.80000000000291,87.20000000001164,inv,0.0,-0.08113100000000001,0.08063100000000001,5.0,ifvg,0.001,-0.16176200000000002,118
2025-11,zone_05_2x,870988,870988,-1,80521.9,80535.0,13.10000000000582,52.40000000002328,sl,0.0,-0.09362190000000582,0.08052190000000001,5.0,ifvg,0.001,-0.17414380000000584,119
2025-11,zone_05_2x,870988,871004,-1,80535.0,80548.1,13.10000000000582,52.40000000002328,sl,16.0,-0.09363500000000581,0.080535,5.0,ifvg,0.001,-0.17417000000000582,120
2025-11,zone_05_2x,871004,871006,-1,80548.1,80561.20000000001,13.10000000000582,52.40000000002328,sl,2.0,-0.09364810000000583,0.08054810000000001,5.0,ifvg,0.001,-0.17419620000000585,121
2025-11,zone_05_2x,880686,880686,1,80807.8,80788.9,18.900000000001455,75.60000000000582,sl,0.0,-0.09970780000000873,0.0808078,5.0,ifvg,0.001,-0.1805156000000087,122
2025-11,zone_05_2x,880686,880687,-1,80779.6,80808.3,189.00000000001455,2268.0000000001746,inv,1.0,-0.1094795999999971,0.08077960000000001,5.0,ifvg_clean,0.001,-0.1902591999999971,123
2025-11,zone_05_2x,880686,880695,1,80788.9,80770.0,18.900000000001455,75.60000000000582,sl,9.0,-0.09968889999999417,0.0807889,5.0,ifvg,0.001,-0.18047779999999417,124
2025-11,zone_05_2x,880695,880695,1,80770.0,80845.6,18.900000000001455,75.60000000000582,tp,0.0,-0.005169999999994165,0.08077,5.0,ifvg,0.001,-0.08593999999999416,125
2025-11,zone_05_2x,880711,880711,-1,80890.0,80890.5,25.80000000000291,103.20000000001164,inv,0.0,-0.08139,0.08089,5.0,ifvg,0.001,-0.16228,126
2025-11,zone_05_2x,880711,880711,-1,80864.2,80890.0,25.80000000000291,103.20000000001164,sl,0.0,-0.1066642000000029,0.0808642,5.0,ifvg,0.001,-0.1875284000000029,127
2025-11,zone_05_2x,880711,880711,-1,80838.4,80864.2,25.80000000000291,103.20000000001164,sl,0.0,-0.10663840000000291,0.08083839999999999,5.0,ifvg,0.001,-0.18747680000000289,128
2025-11,zone_05_2x,881134,881679,1,81492.9,81292.45,200.4499999999971,801.7999999999884,sl,545.0,-0.2819428999999971,0.0814929,5.0,fvg,0.001,-0.3634357999999971,129
2025-11,zone_05_2x,883583,883600,-1,81580.2,81606.65,26.450000000004366,105.80000000001746,sl,17.0,-0.10803019999999709,0.0815802,5.0,fvg,0.001,-0.1896103999999971,130
2025-11,zone_05_2x,883600,883682,-1,81606.65,81500.84999999998,26.450000000004366,105.80000000001746,tp,82.0,0.02419335000001746,0.08160665,5.0,fvg,0.001,-0.05741329999998254,131
2025-11,zone_05_2x,885286,885392,-1,81633.1,81659.55000000002,26.450000000004366,105.80000000001746,sl,106.0,-0.10808310000001166,0.08163310000000001,5.0,fvg,0.001,-0.18971620000001166,132
2025-11,zone_05_2x,870988,885833,1,80543.8,82115.8000000007,131.0000000000582,1572.0000000006985,tp,14892.0,1.4914562000006986,0.08054380000000001,5.0,ifvg_clean,0.001,1.4109124000006985,133
2025-11,zone_05_2x,881679,885833,1,81292.45,82094.24999999999,200.4499999999971,801.7999999999884,tp,4156.0,0.7205075499999885,0.08129245,5.0,fvg,0.001,0.6392150999999885,134
2025-11,zone_05_2x,889177,889177,-1,82679.0,82689.5,10.5,42.0,sl,0.0,-0.093179,0.082679,5.0,ifvg,0.001,-0.17585800000000001,135
2025-11,zone_05_2x,889177,889182,-1,82689.5,82647.5,10.5,42.0,tp,5.0,-0.040689499999999997,0.0826895,5.0,ifvg,0.001,-0.12337899999999999,136
2025-11,zone_05_2x,889305,889305,-1,82700.0,82700.5,10.5,42.0,inv,0.0,-0.08320000000000001,0.08270000000000001,5.0,ifvg,0.001,-0.16590000000000002,137
2025-11,zone_05_2x,889177,890376,1,82690.8,82585.8,105.0,1260.0,sl,1199.0,-0.1876908,0.08269080000000001,5.0,ifvg_clean,0.001,-0.2703816,138
2025-11,zone_05_2x,896810,896810,1,82317.85,82288.1,29.75,119.0,sl,0.0,-0.11206785000000001,0.08231785000000001,5.0,ifvg,0.001,-0.19438570000000002,139
2025-11,zone_05_2x,896810,896810,1,82347.6,82317.85,29.75,119.0,sl,0.0,-0.11209760000000002,0.08234760000000002,5.0,ifvg,0.001,-0.19444520000000004,140
2025-11,zone_05_2x,896810,896824,1,82288.1,82258.35,29.75,119.0,sl,14.0,-0.11203810000000002,0.08228810000000002,5.0,ifvg,0.001,-0.19432620000000003,141
2025-11,zone_05_2x,896810,896850,-1,82286.5,82348.1,297.5,3570.0,inv,40.0,-0.14388650000000583,0.0822865,5.0,ifvg_clean,0.001,-0.22617300000000584,142
2025-11,zone_05_2x,863815,900954,1,80627.9,83243.90000000034,218.0000000000291,2616.0000000003492,tp,37206.0,2.535372100000349,0.0806279,5.0,ifvg_clean,0.001,2.454744200000349,143
2025-11,zone_05_2x,905779,905779,-1,81986.0,82059.7,73.69999999999709,294.79999999998836,sl,0.0,-0.1556859999999971,0.081986,5.0,ifvg,0.001,-0.2376719999999971,144
2025-11,zone_05_2x,905779,905780,-1,82059.7,82133.4,73.69999999999709,294.79999999998836,sl,1.0,-0.1557596999999971,0.0820597,5.0,ifvg,0.001,-0.23781939999999707,145
2025-11,zone_05_2x,905780,905789,-1,82133.4,82207.09999999999,73.69999999999709,294.79999999998836,sl,9.0,-0.15583339999999707,0.0821334,5.0,ifvg,0.001,-0.23796679999999706,146
2025-11,zone_05_2x,905779,905827,1,82123.8,81985.5,736.9999999999709,8843.99999999965,inv,48.0,-0.22042380000000295,0.08212380000000001,5.0,ifvg_clean,0.001,-0.30254760000000297,147
2025-11,zone_05_2x,906571,906644,1,81900.0,81840.8,59.19999999999709,236.79999999998836,sl,74.0,-0.1410999999999971,0.0819,5.0,fvg,0.001,-0.2229999999999971,148
2025-11,zone_05_2x,906644,906695,1,81840.8,81781.6,59.19999999999709,236.79999999998836,sl,51.0,-0.14104079999999708,0.0818408,5.0,fvg,0.001,-0.22288159999999707,149
2025-11,zone_05_2x,906736,906739,-1,81904.5,81931.2,26.69999999999709,106.79999999998836,sl,3.0,-0.10860449999999709,0.0819045,5.0,fvg,0.001,-0.1905089999999971,150
2025-11,zone_05_2x,906739,906771,-1,81931.2,81957.9,26.69999999999709,106.79999999998836,sl,32.0,-0.1086311999999971,0.08193120000000001,5.0,fvg,0.001,-0.1905623999999971,151
2025-11,zone_05_2x,906771,906861,-1,81957.9,81851.1,26.69999999999709,106.79999999998836,tp,90.0,0.024842099999988362,0.0819579,5.0,fvg,0.001,-0.05711580000001164,152
2025-11,zone_05_2x,906695,906988,1,81781.6,82018.4,59.19999999999709,236.79999999998836,tp,293.0,0.15501839999998834,0.08178160000000001,5.0,fvg,0.001,0.07323679999998833,153
2025-11,zone_05_2x,909245,909245,1,82514.5,82486.35,28.150000000001455,112.60000000000582,sl,0.0,-0.11066449999999418,0.0825145,5.0,ifvg,0.001,-0.1931789999999942,154
2025-11,zone_05_2x,909245,909318,1,82486.35,82458.20000000001,28.150000000001455,112.60000000000582,sl,73.0,-0.11063634999999418,0.08248635,5.0,ifvg,0.001,-0.19312269999999418,155
2025-11,zone_05_2x,909318,909322,1,82458.2,82430.04999999999,28.150000000001455,112.60000000000582,sl,4.0,-0.11060820000000873,0.08245820000000001,5.0,ifvg,0.001,-0.19306640000000874,156
2025-11,zone_05_2x,909245,909423,-1,82462.4,82515.0,281.50000000001455,3378.0000000001746,inv,181.0,-0.13506240000000583,0.0824624,5.0,ifvg_clean,0.001,-0.21752480000000585,157
2025-11,zone_05_2x,910574,910574,-1,82234.3,82247.55,13.25,53.0,sl,0.0,-0.09548430000000001,0.08223430000000001,5.0,fvg,0.001,-0.1777186,158
2025-11,zone_05_2x,910574,910587,-1,82247.55,82260.8,13.25,53.0,sl,13.0,-0.09549755,0.08224755,5.0,fvg,0.001,-0.1777451,159
2025-11,zone_05_2x,910587,910606,-1,82260.8,82207.8,13.25,53.0,tp,19.0,-0.02926080000000001,0.08226080000000001,5.0,fvg,0.001,-0.11152160000000003,160
2025-11,zone_05_2x,911207,911217,-1,82400.0,82427.55,27.55000000000291,110.20000000001164,sl,10.0,-0.1099500000000029,0.0824,5.0,fvg,0.001,-0.1923500000000029,161
2025-11,zone_05_2x,911217,911249,-1,82427.55,82455.1,27.55000000000291,110.20000000001164,sl,32.0,-0.10997755000000292,0.08242755000000002,5.0,fvg,0.001,-0.19240510000000294,162
2025-11,zone_05_2x,911249,911250,-1,82455.1,82482.65000000001,27.55000000000291,110.20000000001164,sl,1.0,-0.11000510000000291,0.0824551,5.0,fvg,0.001,-0.1924602000000029,163
2025-11,zone_05_2x,911491,911548,1,82573.3,82683.90000000001,27.650000000001455,110.60000000000582,tp,57.0,0.028026700000005816,0.0825733,5.0,fvg,0.001,-0.054546599999994186,164
2025-11,zone_05_2x,880711,915647,1,80874.3,83970.30000000035,258.0000000000291,3096.0000000003492,tp,34951.0,3.015125700000349,0.08087430000000001,5.0,ifvg_clean,0.001,2.934251400000349,165
2025-11,zone_05_2x,948607,948628,-1,82801.4,82850.75,49.35000000000582,197.40000000002328,sl,21.0,-0.1321514000000058,0.0828014,5.0,fvg,0.001,-0.2149528000000058,166
2025-11,zone_05_2x,948628,949102,-1,82850.75,82900.1,49.35000000000582,197.40000000002328,sl,475.0,-0.1322007500000058,0.08285075,5.0,fvg,0.001,-0.2150515000000058,167
2025-11,zone_05_2x,949102,949269,-1,82900.1,82949.45000000001,49.35000000000582,197.40000000002328,sl,171.0,-0.1322501000000058,0.0829001,5.0,fvg,0.001,-0.21515020000000581,168
2025-11,zone_05_2x,1037184,1037187,1,85555.4,85538.15,17.25,69.0,sl,3.0,-0.10280539999999999,0.08555539999999999,5.0,fvg,0.001,-0.1883608,169
2025-11,zone_05_2x,1037187,1037189,1,85538.15,85520.9,17.25,69.0,sl,2.0,-0.10278815000000001,0.08553815000000001,5.0,fvg,0.001,-0.1883263,170
2025-11,zone_05_2x,1037189,1037198,1,85520.9,85503.65,17.25,69.0,sl,9.0,-0.1027709,0.0855209,5.0,fvg,0.001,-0.1882918,171
2025-11,zone_05_2x,1245361,1245361,-1,85620.0,85642.55,22.55000000000291,90.20000000001164,sl,0.0,-0.10817000000000292,0.08562,5.0,ifvg,0.001,-0.1937900000000029,172
2025-11,zone_05_2x,1245361,1245363,1,85652.4,85619.5,225.5000000000291,2706.0000000003492,inv,2.0,-0.11855239999999417,0.0856524,5.0,ifvg_clean,0.001,-0.2042047999999942,173
2025-11,zone_05_2x,1245361,1245373,-1,85642.55,85552.34999999999,22.55000000000291,90.20000000001164,tp,12.0,0.004557450000011648,0.08564255,5.0,ifvg,0.001,-0.08108509999998835,174
2025-11,zone_05_2x,1252583,1252583,-1,84910.6,84927.9,17.299999999995634,69.19999999998254,sl,0.0,-0.10221059999998836,0.0849106,5.0,ifvg,0.001,-0.18712119999998836,175
2025-11,zone_05_2x,1252583,1252601,1,84929.0,84910.1,172.99999999995634,2075.999999999476,inv,18.0,-0.10382899999999418,0.084929,5.0,ifvg_clean,0.001,-0.18875799999999418,176
2025-11,zone_05_2x,1252583,1252621,-1,84927.9,84945.19999999998,17.299999999995634,69.19999999998254,sl,38.0,-0.10222789999998835,0.0849279,5.0,ifvg,0.001,-0.18715579999998835,177
2025-11,zone_05_2x,1252621,1252725,-1,84945.2,84876.00000000001,17.299999999995634,69.19999999998254,tp,104.0,-0.01574520000001746,0.0849452,5.0,ifvg,0.001,-0.10069040000001746,178
2025-11,zone_05_2x,1342528,1342528,-1,85329.7,85354.9,387.99999999995634,4655.999999999476,inv,0.0,-0.1105296999999971,0.08532970000000001,5.0,ifvg_clean,0.001,-0.1958593999999971,179
2025-11,zone_05_2x,1342528,1342533,1,85354.4,85315.6,38.799999999995634,155.19999999998254,sl,5.0,-0.12415439999998835,0.0853544,5.0,ifvg,0.001,-0.20950879999998834,180
2025-11,zone_05_2x,1342533,1342533,1,85315.6,85276.80000000002,38.799999999995634,155.19999999998254,sl,0.0,-0.12411559999998836,0.0853156,5.0,ifvg,0.001,-0.20943119999998838,181
2025-11,zone_05_2x,1342533,1342534,1,85276.8,85238.0,38.799999999995634,155.19999999998254,sl,1.0,-0.12407680000000293,0.08527680000000001,5.0,ifvg,0.001,-0.20935360000000294,182
2025-11,zone_05_2x,1344808,1344808,1,83752.9,83752.4,17.55000000000291,70.20000000001164,inv,0.0,-0.0842529,0.0837529,5.0,ifvg,0.001,-0.1680058,183
2025-11,zone_05_2x,1344808,1344808,1,83770.45,83752.9,17.55000000000291,70.20000000001164,sl,0.0,-0.1013204500000029,0.08377045,5.0,ifvg,0.001,-0.1850909000000029,184
2025-11,zone_05_2x,1344808,1344808,1,83788.0,83770.45,17.55000000000291,70.20000000001164,sl,0.0,-0.10133800000000291,0.083788,5.0,ifvg,0.001,-0.1851260000000029,185
2025-11,zone_05_2x,1344862,1344867,1,83618.1,83589.70000000001,28.400000000001455,113.60000000000582,sl,5.0,-0.1120180999999942,0.08361810000000001,5.0,fvg,0.001,-0.1956361999999942,186
2025-11,zone_05_2x,1344882,1344882,1,83700.0,83676.75,23.25,93.0,sl,0.0,-0.10695000000000002,0.08370000000000001,5.0,ifvg,0.001,-0.19065000000000004,187
2025-11,zone_05_2x,1344882,1344884,1,83676.75,83653.5,23.25,93.0,inv,2.0,-0.10692674999999999,0.08367675,5.0,ifvg,0.001,-0.19060349999999998,188
2025-11,zone_05_2x,1344884,1344884,1,83653.5,83653.0,23.25,93.0,inv,0.0,-0.0841535,0.0836535,5.0,ifvg,0.001,-0.167807,189
2025-11,zone_05_2x,1344867,1344886,1,83589.70000000001,83703.30000000002,28.400000000001455,113.60000000000582,tp,19.0,0.03001030000000582,0.0835897,5.0,fvg,0.001,-0.053579399999994184,190
2025-11,zone_05_2x,1344882,1344918,-1,83657.4,83889.9,232.5,2790.0,sl,36.0,-0.31615740000000003,0.08365739999999999,5.0,ifvg_clean,0.001,-0.3998148,191
2025-11,zone_05_2x,1344808,1344921,-1,83748.0,83923.50000000003,175.5000000000291,2106.0000000003492,sl,113.0,-0.2592480000000291,0.083748,5.0,ifvg_clean,0.001,-0.3429960000000291,192
2025-11,zone_05_2x,1350269,1350350,-1,84002.4,84036.2,33.80000000000291,135.20000000001164,sl,82.0,-0.1178024000000029,0.08400239999999999,5.0,fvg,0.001,-0.2018048000000029,193
2025-11,zone_05_2x,1350350,1350406,-1,84036.2,84070.0,33.80000000000291,135.20000000001164,sl,56.0,-0.1178362000000029,0.08403619999999999,5.0,fvg,0.001,-0.2018724000000029,194
2025-11,zone_05_2x,1350406,1350524,-1,84070.0,84103.8,33.80000000000291,135.20000000001164,sl,119.0,-0.11787000000000292,0.08407,5.0,fvg,0.001,-0.20194000000000292,195
2025-11,zone_05_2x,1420429,1420429,-1,84486.0,84510.2,24.19999999999709,96.79999999998836,sl,0.0,-0.10868599999999709,0.084486,5.0,ifvg,0.001,-0.1931719999999971,196
2025-11,zone_05_2x,1420429,1420433,-1,84510.2,84534.4,24.19999999999709,96.79999999998836,inv,4.0,-0.10871019999999708,0.0845102,5.0,ifvg,0.001,-0.19322039999999707,197
2025-11,zone_05_2x,1420433,1420433,-1,84534.4,84534.9,24.19999999999709,96.79999999998836,inv,0.0,-0.0850344,0.0845344,5.0,ifvg,0.001,-0.1695688,198
2025-11,zone_05_2x,1418914,1423471,1,84365.2,84831.59999999999,116.59999999999854,466.3999999999942,tp,4567.0,0.38203479999999423,0.0843652,5.0,fvg,0.001,0.2976695999999942,199
2025-11,zone_05_2x,1420429,1505007,1,84531.9,84289.90000000002,241.9999999999709,2903.9999999996508,sl,88158.0,-0.3265318999999709,0.0845319,5.0,ifvg_clean,0.001,-0.4110637999999709,200
2025-11,zone_05_2x,1523752,1523752,-1,84593.5,84606.2,12.69999999999709,50.79999999998836,sl,0.0,-0.09729349999999709,0.0845935,5.0,fvg,0.001,-0.18188699999999708,201
2025-11,zone_05_2x,1523752,1523780,-1,84606.2,84555.40000000001,12.69999999999709,50.79999999998836,tp,34.0,-0.033806200000011645,0.0846062,5.0,fvg,0.001,-0.11841240000001166,202
2025-11,zone_05_2x,1541534,1541534,1,84869.6,84846.1,23.5,94.0,sl,0.0,-0.10836960000000001,0.0848696,5.0,ifvg,0.001,-0.1932392,203
2025-11,zone_05_2x,1541534,1541577,-1,84824.9,84870.1,235.0,2820.0,inv,43.0,-0.13002490000001163,0.0848249,5.0,ifvg_clean,0.001,-0.21484980000001164,204
2025-11,zone_05_2x,1541534,1541846,1,84846.1,84940.1,23.5,94.0,tp,317.0,0.009153899999999993,0.08484610000000001,5.0,ifvg,0.001,-0.07569220000000002,205
2025-11,zone_05_2x,1542132,1542132,1,84822.6,84822.1,23.5,94.0,inv,0.0,-0.08532260000000001,0.08482260000000001,5.0,ifvg,0.001,-0.17014520000000002,206
2025-11,zone_05_2x,1701779,1701822,-1,87438.8,87390.00000000001,12.19999999999709,48.79999999998836,tp,43.0,-0.03863880000001164,0.0874388,5.0,ifvg,0.001,-0.12607760000001164,207
2025-11,zone_05_2x,1701779,1702010,1,87439.7,87317.70000000003,121.9999999999709,1463.9999999996508,sl,231.0,-0.20943969999997092,0.08743970000000001,5.0,ifvg_clean,0.001,-0.2968793999999709,208
2025-11,zone_05_2x,1702239,1702239,-1,87463.2,87463.7,12.19999999999709,48.79999999998836,inv,0.0,-0.0879632,0.0874632,5.0,ifvg,0.001,-0.1754264,209
2025-11,zone_05_2x,1702239,1702239,-1,87451.0,87463.2,12.19999999999709,48.79999999998836,sl,0.0,-0.0996509999999971,0.08745100000000001,5.0,ifvg,0.001,-0.1871019999999971,210
2025-11,zone_05_2x,1734044,1734053,-1,86677.0,86692.55,15.55000000000291,62.20000000001164,sl,9.0,-0.10222700000000291,0.086677,5.0,fvg,0.001,-0.1889040000000029,211
2025-11,zone_05_2x,1734053,1734056,-1,86692.55,86708.1,15.55000000000291,62.20000000001164,sl,3.0,-0.10224255000000292,0.08669255000000001,5.0,fvg,0.001,-0.1889351000000029,212
2025-11,zone_05_2x,1734056,1734069,-1,86708.1,86645.9,15.55000000000291,62.20000000001164,tp,13.0,-0.02450809999998837,0.08670810000000001,5.0,fvg,0.001,-0.11121619999998839,213
2025-11,zone_05_2x,1743871,1743871,-1,87391.0,87391.5,89.5,358.0,inv,0.0,-0.08789100000000001,0.08739100000000001,5.0,ifvg,0.001,-0.17528200000000002,214
2025-11,zone_05_2x,1743871,1743871,-1,87301.5,87391.0,89.5,358.0,sl,0.0,-0.1768015,0.0873015,5.0,ifvg,0.001,-0.264103,215
2025-11,zone_05_2x,1743871,1743871,-1,87212.0,87301.5,89.5,358.0,sl,0.0,-0.176712,0.08721200000000001,5.0,ifvg,0.001,-0.26392400000000005,216
2025-11,zone_05_2x,1747797,1747797,1,87945.6,87932.65,12.950000000004366,51.80000000001746,sl,0.0,-0.10089560000001166,0.08794560000000001,5.0,ifvg,0.001,-0.18884120000001167,217
2025-11,zone_05_2x,1747797,1747808,1,87932.65,87919.69999999998,12.950000000004366,51.80000000001746,sl,11.0,-0.10088265000001165,0.08793265,5.0,ifvg,0.001,-0.18881530000001165,218
2025-11,zone_05_2x,1747797,1747813,-1,87927.6,87946.1,129.50000000004366,1554.0000000005239,inv,16.0,-0.10642760000000001,0.08792760000000001,5.0,ifvg_clean,0.001,-0.1943552,219
2025-11,zone_05_2x,1747808,1747821,1,87919.7,87971.50000000001,12.950000000004366,51.80000000001746,tp,13.0,-0.03611969999998254,0.0879197,5.0,ifvg,0.001,-0.12403939999998254,220
2025-11,zone_05_2x,1748294,1748294,-1,88080.2,88080.7,16.599999999998545,66.39999999999418,inv,0.0,-0.08858020000000001,0.08808020000000001,5.0,ifvg,0.001,-0.17666040000000002,221
2025-11,zone_05_2x,1748294,1748294,-1,88063.6,88080.20000000001,16.599999999998545,66.39999999999418,sl,0.0,-0.10466360000000582,0.0880636,5.0,ifvg,0.001,-0.19272720000000582,222
2025-11,zone_05_2x,1748294,1748294,-1,88047.0,88063.6,16.599999999998545,66.39999999999418,sl,0.0,-0.10464700000000582,0.088047,5.0,ifvg,0.001,-0.1926940000000058,223
2025-11,zone_05_2x,1748294,1749627,1,88066.7,87900.70000000001,165.99999999998545,1991.9999999998254,sl,1333.0,-0.25406669999998543,0.0880667,5.0,ifvg_clean,0.001,-0.34213339999998543,224
2025-11,zone_05_2x,1743871,1754330,1,87390.6,86495.6,895.0,10740.0,sl,10464.0,-0.9823906,0.08739060000000001,5.0,ifvg_clean,0.001,-1.0697812,225
2025-11,zone_05_2x,1754487,1754492,-1,86512.8,86566.4,53.599999999998545,214.39999999999418,sl,5.0,-0.14011279999999127,0.0865128,5.0,fvg,0.001,-0.22662559999999127,226
2025-11,zone_05_2x,1754492,1754586,-1,86566.4,86620.0,53.599999999998545,214.39999999999418,sl,94.0,-0.14016640000000583,0.0865664,5.0,fvg,0.001,-0.22673280000000584,227
2025-11,zone_05_2x,1754586,1754591,-1,86620.0,86673.6,53.599999999998545,214.39999999999418,sl,5.0,-0.14022000000000584,0.08662,5.0,fvg,0.001,-0.22684000000000584,228
2025-11,zone_05_2x,1755274,1755274,1,86995.1,86947.15,47.950000000004366,191.80000000001746,sl,0.0,-0.13494510000001164,0.0869951,5.0,ifvg,0.001,-0.22194020000001163,229
2025-11,zone_05_2x,1755274,1755396,1,86947.15,86899.19999999998,47.950000000004366,191.80000000001746,inv,122.0,-0.13489715000001165,0.08694715,5.0,ifvg,0.001,-0.22184430000001165,230
2025-11,zone_05_2x,1755396,1755396,1,86899.2,86898.7,47.950000000004366,191.80000000001746,inv,0.0,-0.0873992,0.0868992,5.0,ifvg,0.001,-0.1742984,231
2025-11,zone_05_2x,1755274,1763354,-1,86899.9,87379.40000000004,479.50000000004366,5754.000000000524,sl,8109.0,-0.5663999000000437,0.0868999,5.0,ifvg_clean,0.001,-0.6532998000000437,232
2025-11,zone_05_2x,1782623,1782623,-1,87504.1,87533.5,29.39999999999418,117.59999999997672,sl,0.0,-0.1169040999999942,0.08750410000000002,5.0,ifvg,0.001,-0.2044081999999942,233
2025-11,zone_05_2x,1782623,1782624,-1,87533.5,87562.9,29.39999999999418,117.59999999997672,inv,1.0,-0.11693349999999418,0.0875335,5.0,ifvg,0.001,-0.20446699999999418,234
2025-11,zone_05_2x,1782624,1782624,-1,87562.9,87563.4,29.39999999999418,117.59999999997672,inv,0.0,-0.0880629,0.0875629,5.0,ifvg,0.001,-0.1756258,235
2025-11,zone_05_2x,1788501,1788894,1,87916.4,88189.19999999998,68.19999999999709,272.79999999998836,tp,393.0,0.18488359999998838,0.08791639999999999,5.0,fvg,0.001,0.09696719999998839,236
2025-11,zone_05_2x,1790178,1791216,1,87848.2,88120.99999999999,68.19999999999709,272.79999999998836,tp,1041.0,0.1849517999999884,0.0878482,5.0,fvg,0.001,0.0971035999999884,237
2025-11,zone_05_2x,1824131,1824147,-1,88563.8,88618.9,55.099999999998545,220.39999999999418,sl,16.0,-0.14366379999999127,0.0885638,5.0,fvg,0.001,-0.23222759999999126,238
2025-11,zone_05_2x,1824147,1824152,-1,88618.9,88674.0,55.099999999998545,220.39999999999418,sl,5.0,-0.1437189000000058,0.0886189,5.0,fvg,0.001,-0.2323378000000058,239
2025-11,zone_05_2x,1824152,1824163,-1,88674.0,88729.1,55.099999999998545,220.39999999999418,sl,11.0,-0.14377400000000584,0.088674,5.0,fvg,0.001,-0.23244800000000584,240
2025-11,zone_05_2x,1825165,1825451,1,88934.7,89154.89999999998,55.049999999995634,220.19999999998254,tp,286.0,0.13126529999998254,0.08893469999999999,5.0,fvg,0.001,0.04233059999998255,241
2025-11,zone_05_2x,1827401,1827401,-1,89673.0,89688.4,15.400000000001455,61.60000000000582,sl,0.0,-0.10507299999999418,0.089673,5.0,ifvg,0.001,-0.1947459999999942,242
2025-11,zone_05_2x,1827401,1827419,-1,89688.4,89703.79999999999,15.400000000001455,61.60000000000582,inv,18.0,-0.10508839999999418,0.0896884,5.0,ifvg,0.001,-0.1947767999999942,243
2025-11,zone_05_2x,1827419,1827419,-1,89703.8,89704.3,15.400000000001455,61.60000000000582,inv,0.0,-0.0902038,0.0897038,5.0,ifvg,0.001,-0.1799076,244
2025-11,zone_05_2x,1828160,1828160,-1,90133.0,90155.95,22.94999999999709,91.79999999998836,sl,0.0,-0.11308299999999707,0.09013299999999999,5.0,ifvg,0.001,-0.20321599999999707,245
2025-11,zone_05_2x,1828160,1828161,-1,90155.95,90178.9,22.94999999999709,91.79999999998836,inv,1.0,-0.1131059499999971,0.09015595000000001,5.0,ifvg,0.001,-0.2032618999999971,246
2025-11,zone_05_2x,1828161,1828161,-1,90178.9,90179.4,22.94999999999709,91.79999999998836,inv,0.0,-0.0906789,0.0901789,5.0,ifvg,0.001,-0.1808578,247
2025-11,zone_05_2x,1828160,1828584,1,90174.0,89944.50000000003,229.4999999999709,2753.9999999996508,sl,424.0,-0.3196739999999709,0.090174,5.0,ifvg_clean,0.001,-0.4098479999999709,248
2025-11,zone_05_2x,1828707,1828707,-1,89918.9,89954.45,35.55000000000291,142.20000000001164,sl,0.0,-0.1254689000000029,0.0899189,5.0,ifvg,0.001,-0.2153878000000029,249
2025-11,zone_05_2x,1828707,1828729,-1,89954.45,89990.0,35.55000000000291,142.20000000001164,inv,22.0,-0.1255044500000029,0.08995444999999999,5.0,ifvg,0.001,-0.2154589000000029,250
2025-11,zone_05_2x,1828729,1828729,-1,89990.0,89990.5,35.55000000000291,142.20000000001164,inv,0.0,-0.09049,0.08999,5.0,ifvg,0.001,-0.18048,251
2025-11,zone_05_2x,1829202,1829202,-1,90084.8,90119.8,35.0,140.0,sl,0.0,-0.1250848,0.0900848,5.0,ifvg,0.001,-0.21516960000000002,252
2025-11,zone_05_2x,1829202,1829202,-1,90049.8,90084.8,35.0,140.0,sl,0.0,-0.12504980000000002,0.09004980000000001,5.0,ifvg,0.001,-0.21509960000000003,253
2025-11,zone_05_2x,1829202,1829212,-1,90119.8,90120.3,35.0,140.0,inv,10.0,-0.0906198,0.0901198,5.0,ifvg,0.001,-0.1807396,254
2025-11,zone_05_2x,1830144,1830144,1,90337.2,90322.04999999999,15.150000000001455,60.60000000000582,sl,0.0,-0.10548720000000872,0.09033719999999999,5.0,ifvg,0.001,-0.19582440000000872,255
2025-11,zone_05_2x,1830144,1830152,-1,90318.3,90337.7,151.50000000001455,1818.0000000001746,inv,8.0,-0.10971829999999419,0.0903183,5.0,ifvg_clean,0.001,-0.20003659999999418,256
2025-11,zone_05_2x,1830144,1830167,1,90322.04999999999,90306.9,15.150000000001455,60.60000000000582,sl,23.0,-0.10547204999999417,0.09032204999999999,5.0,ifvg,0.001,-0.19579409999999414,257
2025-11,zone_05_2x,1830167,1830167,1,90306.9,90291.75,15.150000000001455,60.60000000000582,sl,0.0,-0.10545689999999418,0.0903069,5.0,ifvg,0.001,-0.19576379999999416,258
2025-11,zone_05_2x,1832158,1832158,-1,90615.5,90627.7,12.19999999999709,48.79999999998836,sl,0.0,-0.10281549999999709,0.0906155,5.0,ifvg,0.001,-0.19343099999999708,259
2025-11,zone_05_2x,1832158,1832160,-1,90627.7,90639.9,12.19999999999709,48.79999999998836,inv,2.0,-0.1028276999999971,0.0906277,5.0,ifvg,0.001,-0.1934553999999971,260
2025-11,zone_05_2x,1832160,1832160,-1,90639.9,90640.4,12.19999999999709,48.79999999998836,inv,0.0,-0.0911399,0.0906399,5.0,ifvg,0.001,-0.1817798,261
2025-11,zone_05_2x,1782623,1832666,1,87553.5,91081.4999999993,293.9999999999418,3527.9999999993015,tp,50357.0,3.4404464999993016,0.0875535,5.0,ifvg_clean,0.001,3.352892999999302,262
2025-11,zone_05_2x,1832158,1834903,1,90633.2,90511.20000000003,121.9999999999709,1463.9999999996508,sl,2745.0,-0.2126331999999709,0.09063320000000001,5.0,ifvg_clean,0.001,-0.3032663999999709,263
2025-11,zone_05_2x,1835750,1835786,1,90554.6,90641.40000000002,21.700000000004366,86.80000000001746,tp,36.0,-0.0037545999999825524,0.09055460000000001,5.0,fvg,0.001,-0.09430919999998257,264
2025-11,zone_05_2x,1836045,1836148,-1,90950.0,90749.6,50.099999999998545,200.39999999999418,tp,103.0,0.10944999999999419,0.09095,5.0,fvg,0.001,0.018499999999994188,265
2025-11,zone_05_2x,1841502,1841520,-1,91000.1,91050.20000000001,50.099999999998545,200.39999999999418,sl,18.0,-0.14110010000000583,0.0910001,5.0,fvg,0.001,-0.23210020000000584,266
2025-11,zone_05_2x,1841520,1841580,-1,91050.2,91100.29999999999,50.099999999998545,200.39999999999418,sl,60.0,-0.1411501999999913,0.09105020000000001,5.0,fvg,0.001,-0.2322003999999913,267
2025-11,zone_05_2x,1842366,1842366,1,91211.1,91192.25,18.85000000000582,75.40000000002328,sl,0.0,-0.11006110000000582,0.0912111,5.0,ifvg,0.001,-0.20127220000000584,268
2025-11,zone_05_2x,1842366,1842367,1,91192.25,91173.4,18.85000000000582,75.40000000002328,sl,1.0,-0.11004225000000582,0.09119225,5.0,ifvg,0.001,-0.2012345000000058,269
2025-11,zone_05_2x,1842367,1842373,1,91173.4,91154.54999999999,18.85000000000582,75.40000000002328,sl,6.0,-0.11002340000000582,0.0911734,5.0,ifvg,0.001,-0.20119680000000584,270
2025-11,zone_05_2x,1842366,1842397,-1,91176.1,91211.6,188.5000000000582,2262.0000000006985,inv,31.0,-0.1266761,0.09117610000000001,5.0,ifvg_clean,0.001,-0.21785220000000002,271
2025-11,zone_05_2x,1827401,1843295,1,89684.3,91532.30000000018,154.00000000001455,1848.0000000001746,tp,15901.0,1.7583157000001746,0.08968430000000001,5.0,ifvg_clean,0.001,1.6686314000001745,272
2025-11,zone_05_2x,1851442,1851452,1,91272.0,91261.0,11.0,44.0,inv,10.0,-0.102272,0.091272,5.0,ifvg,0.001,-0.193544,273
2025-11,zone_05_2x,1851452,1851452,1,91250.0,91249.5,11.0,44.0,inv,0.0,-0.09175,0.09125,5.0,ifvg,0.001,-0.183,274
2025-11,zone_05_2x,1851452,1851452,1,91261.0,91250.0,11.0,44.0,sl,0.0,-0.10226099999999999,0.091261,5.0,ifvg,0.001,-0.19352199999999997,275
2025-11,zone_05_2x,1851442,1855028,-1,91268.0,91378.0,110.0,1320.0,sl,3689.0,-0.201268,0.091268,5.0,ifvg_clean,0.001,-0.292536,276
2025-11,zone_05_2x,1855437,1855437,1,91522.2,91500.1,22.099999999998545,88.39999999999418,sl,0.0,-0.11362219999999126,0.0915222,5.0,ifvg,0.001,-0.20514439999999126,277
2025-11,zone_05_2x,1855437,1855437,1,91544.29999999999,91522.19999999998,22.099999999998545,88.39999999999418,sl,0.0,-0.11364430000000582,0.0915443,5.0,ifvg,0.001,-0.20518860000000583,278
2025-11,zone_05_2x,1855437,1855437,1,91566.4,91544.29999999999,22.099999999998545,88.39999999999418,sl,0.0,-0.11366640000000583,0.0915664,5.0,ifvg,0.001,-0.20523280000000582,279
2025-11,zone_05_2x,1855437,1855728,-1,91503.0,91566.9,220.99999999998545,2651.9999999998254,inv,291.0,-0.15540299999999418,0.091503,5.0,ifvg_clean,0.001,-0.24690599999999419,280
2025-11,zone_05_2x,1828707,1893315,1,89975.4,94241.40000000034,355.5000000000291,4266.000000000349,tp,64815.0,4.176024600000349,0.0899754,5.0,ifvg_clean,0.001,4.086049200000349,281
2025-11,zone_05_2x,1829202,1894262,1,90108.7,94308.7,350.0,4200.0,tp,65270.0,4.1098913,0.0901087,5.0,ifvg_clean,0.001,4.0197826,282
2025-11,zone_05_2x,1920648,1920648,1,92360.0,92337.0,23.0,92.0,sl,0.0,-0.11535999999999999,0.09236,5.0,ifvg,0.001,-0.20772,283
2025-11,zone_05_2x,1920648,1920657,1,92337.0,92314.0,23.0,92.0,inv,9.0,-0.115337,0.092337,5.0,ifvg,0.001,-0.207674,284
2025-11,zone_05_2x,1920657,1920657,1,92314.0,92313.5,23.0,92.0,inv,0.0,-0.09281400000000001,0.09231400000000001,5.0,ifvg,0.001,-0.18512800000000001,285
2025-11,zone_05_2x,1920648,1920883,-1,92320.0,92550.0,230.0,2760.0,sl,235.0,-0.32232000000000005,0.09232000000000001,5.0,ifvg_clean,0.001,-0.41464000000000006,286
2025-11,zone_05_2x,1921919,1921919,-1,92846.6,92863.15,16.549999999995634,66.19999999998254,sl,0.0,-0.10939659999998838,0.09284660000000002,5.0,fvg,0.001,-0.2022431999999884,287
2025-11,zone_05_2x,1921919,1921920,-1,92863.15,92879.69999999998,16.549999999995634,66.19999999998254,sl,1.0,-0.10941314999998836,0.09286314999999999,5.0,fvg,0.001,-0.20227629999998836,288
2025-11,zone_05_2x,1921920,1921924,-1,92879.7,92896.25,16.549999999995634,66.19999999998254,sl,4.0,-0.1094297000000029,0.0928797,5.0,fvg,0.001,-0.20230940000000291,289
2025-11,zone_05_2x,1981970,1982073,1,91820.8,91921.2,25.099999999998545,100.39999999999418,tp,103.0,0.008579199999994166,0.09182080000000001,5.0,fvg,0.001,-0.08324160000000584,290
2025-11,zone_05_2x,2014022,2014022,-1,92707.8,92724.70000000001,16.900000000001455,67.60000000000582,sl,0.0,-0.10960780000000873,0.0927078,5.0,ifvg,0.001,-0.20231560000000876,291
2025-11,zone_05_2x,2014022,2014025,-1,92724.70000000001,92741.6,16.900000000001455,67.60000000000582,sl,3.0,-0.1096246999999942,0.09272470000000002,5.0,ifvg,0.001,-0.20234939999999424,292
2025-11,zone_05_2x,2014025,2014034,-1,92741.6,92758.5,16.900000000001455,67.60000000000582,sl,9.0,-0.10964159999999419,0.09274160000000001,5.0,ifvg,0.001,-0.2023831999999942,293
2025-11,zone_05_2x,2014022,2014068,1,92736.1,92707.3,169.00000000001455,2028.0000000001746,inv,46.0,-0.12153610000000292,0.09273610000000002,5.0,ifvg_clean,0.001,-0.21427220000000294,294
2025-11,zone_05_2x,2036533,2036533,-1,93488.79999999999,93499.9,11.099999999998545,44.39999999999418,sl,0.0,-0.10458880000000581,0.09348879999999998,5.0,ifvg,0.001,-0.1980776000000058,295
2025-11,zone_05_2x,2036533,2036533,-1,93477.7,93488.79999999999,11.099999999998545,44.39999999999418,sl,0.0,-0.10457769999999127,0.0934777,5.0,ifvg,0.001,-0.19805539999999128,296
2025-11,zone_05_2x,2036533,2036603,-1,93499.9,93511.0,11.099999999998545,44.39999999999418,sl,70.0,-0.10459990000000582,0.0934999,5.0,ifvg,0.001,-0.19809980000000582,297
2025-11,zone_05_2x,2036533,2043567,1,93499.9,93477.2,110.99999999998545,1331.9999999998254,inv,7093.0,-0.11619989999999708,0.0934999,5.0,ifvg_clean,0.001,-0.20969979999999708,298
2025-11,zone_05_2x,2053144,2053144,1,92991.7,92991.2,40.849999999998545,163.39999999999418,inv,0.0,-0.0934917,0.0929917,5.0,ifvg,0.001,-0.1864834,299
2025-11,zone_05_2x,2053144,2053144,1,93032.54999999999,92991.69999999998,40.849999999998545,163.39999999999418,sl,0.0,-0.13388255000000582,0.09303254999999999,5.0,ifvg,0.001,-0.2269151000000058,300
2025-11,zone_05_2x,2053144,2053144,1,93073.4,93032.54999999999,40.849999999998545,163.39999999999418,sl,0.0,-0.13392340000000583,0.0930734,5.0,ifvg,0.001,-0.22699680000000583,301
2025-11,zone_05_2x,2053144,2058589,-1,92988.2,93396.69999999998,408.49999999998545,4901.999999999825,sl,5578.0,-0.5014881999999854,0.0929882,5.0,ifvg_clean,0.001,-0.5944763999999854,302
2025-11,zone_05_2x,2289560,2289560,1,93283.5,93271.4,12.099999999998545,48.39999999999418,sl,0.0,-0.10538350000000582,0.0932835,5.0,ifvg,0.001,-0.1986670000000058,303
2025-11,zone_05_2x,2289560,2289598,1,93271.4,93259.29999999999,12.099999999998545,48.39999999999418,inv,38.0,-0.10537140000000583,0.0932714,5.0,ifvg,0.001,-0.19864280000000584,304
2025-11,zone_05_2x,2289598,2289598,1,93259.3,93258.8,12.099999999998545,48.39999999999418,inv,0.0,-0.09375930000000002,0.09325930000000002,5.0,ifvg,0.001,-0.18701860000000003,305
2025-11,zone_05_2x,2289560,2294059,-1,93260.5,93381.49999999999,120.99999999998545,1451.9999999998254,sl,4503.0,-0.21426049999998548,0.09326050000000001,5.0,ifvg_clean,0.001,-0.3075209999999855,306
2025-11,zone_05_2x,2331748,2331921,-1,95377.2,95428.4,51.200000000004366,204.80000000001746,sl,174.0,-0.1465771999999971,0.09537720000000001,5.0,fvg,0.001,-0.24195439999999713,307
2025-11,zone_05_2x,2331921,2332013,-1,95428.4,95223.59999999998,51.200000000004366,204.80000000001746,tp,92.0,0.10937160000001747,0.0954284,5.0,fvg,0.001,0.013943200000017475,308
2025-11,zone_05_2x,2339294,2339294,1,94015.9,94015.4,42.05000000000291,168.20000000001164,inv,0.0,-0.0945159,0.0940159,5.0,ifvg,0.001,-0.1885318,309
2025-11,zone_05_2x,2339294,2339294,1,94057.95,94015.9,42.05000000000291,168.20000000001164,sl,0.0,-0.13610795000000292,0.09405795,5.0,ifvg,0.001,-0.23016590000000292,310
2025-11,zone_05_2x,2339294,2339294,1,94100.0,94057.95,42.05000000000291,168.20000000001164,sl,0.0,-0.13615000000000294,0.09410000000000002,5.0,ifvg,0.001,-0.23025000000000295,311
2025-11,zone_05_2x,2339294,2353073,-1,94004.4,94424.90000000002,420.5000000000291,5046.000000000349,sl,13913.0,-0.5145044000000292,0.09400439999999999,5.0,ifvg_clean,0.001,-0.6085088000000292,312
2025-11,zone_05_2x,2429707,2429707,1,95275.5,95244.75,30.75,123.0,sl,0.0,-0.1260255,0.09527550000000001,5.0,ifvg,0.001,-0.22130100000000003,313
2025-11,zone_05_2x,2429707,2429708,1,95244.75,95214.0,30.75,123.0,sl,1.0,-0.12599475,0.09524475,5.0,ifvg,0.001,-0.22123949999999998,314
2025-11,zone_05_2x,2429708,2429777,1,95214.0,95183.25,30.75,123.0,sl,69.0,-0.12596400000000002,0.09521400000000001,5.0,ifvg,0.001,-0.22117800000000004,315
2025-11,zone_05_2x,2429707,2429868,-1,95218.8,95276.0,307.5,3690.0,inv,161.0,-0.1524187999999971,0.0952188,5.0,ifvg_clean,0.001,-0.24763759999999713,316
2025-11,zone_05_2x,2431265,2431415,1,94983.9,95155.69999999998,42.94999999999709,171.79999999998836,tp,151.0,0.07681609999998835,0.0949839,5.0,fvg,0.001,-0.01816780000001164,317
2025-11,zone_05_2x,2432775,2432775,1,95151.8,95124.0,27.80000000000291,111.20000000001164,sl,0.0,-0.12295180000000291,0.09515180000000001,5.0,ifvg,0.001,-0.21810360000000292,318
2025-11,zone_05_2x,2432775,2433092,1,95124.0,95096.2,27.80000000000291,111.20000000001164,inv,325.0,-0.12292400000000292,0.095124,5.0,ifvg,0.001,-0.2180480000000029,319
2025-11,zone_05_2x,2433092,2433092,1,95096.2,95095.7,27.80000000000291,111.20000000001164,inv,0.0,-0.09559619999999999,0.09509619999999999,5.0,ifvg,0.001,-0.19069239999999998,320
2025-11,zone_05_2x,2432775,2434092,-1,95111.5,95389.50000000003,278.0000000000291,3336.0000000003492,sl,1342.0,-0.37311150000002913,0.09511150000000002,5.0,ifvg_clean,0.001,-0.46822300000002914,321
2025-11,zone_05_2x,2469316,2469316,1,95010.9,94986.1,24.799999999995634,99.19999999998254,sl,0.0,-0.11981089999998835,0.0950109,5.0,ifvg,0.001,-0.21482179999998835,322
2025-11,zone_05_2x,2469316,2469316,1,95035.7,95010.9,24.799999999995634,99.19999999998254,sl,0.0,-0.1198357000000029,0.0950357,5.0,ifvg,0.001,-0.2148714000000029,323
2025-11,zone_05_2x,2469316,2469319,1,94986.1,94961.30000000002,24.799999999995634,99.19999999998254,sl,3.0,-0.11978609999998836,0.0949861,5.0,ifvg,0.001,-0.21477219999998837,324
2025-11,zone_05_2x,2469316,2472650,-1,94982.4,95036.2,247.99999999995634,2975.999999999476,inv,3447.0,-0.14878240000000292,0.0949824,5.0,ifvg_clean,0.001,-0.24376480000000292,325
2025-11,zone_05_2x,2498952,2499120,-1,94679.9,94476.09999999998,50.950000000004366,203.80000000001746,tp,168.0,0.10912010000001747,0.0946799,5.0,fvg,0.001,0.014440200000017472,326
2025-11,zone_05_2x,2500615,2500615,1,94493.2,94480.54999999999,12.650000000001455,50.60000000000582,sl,0.0,-0.10714320000000874,0.0944932,5.0,ifvg,0.001,-0.20163640000000874,327
2025-11,zone_05_2x,2500615,2500646,1,94480.54999999999,94531.15,12.650000000001455,50.60000000000582,tp,31.0,-0.043880549999994176,0.09448055,5.0,ifvg,0.001,-0.13836109999999419,328
2025-11,zone_05_2x,2500693,2500693,1,94467.9,94467.4,12.650000000001455,50.60000000000582,inv,0.0,-0.09496790000000001,0.09446790000000001,5.0,ifvg,0.001,-0.18943580000000002,329
2025-11,zone_05_2x,2500615,2502133,-1,94476.6,94603.10000000002,126.50000000001455,1518.0000000001746,sl,1520.0,-0.22097660000001457,0.09447660000000001,5.0,ifvg_clean,0.001,-0.3154532000000146,330
2025-11,zone_05_2x,2508922,2508922,1,93900.0,93880.0,20.0,80.0,sl,0.0,-0.11390000000000002,0.09390000000000001,5.0,ifvg,0.001,-0.20780000000000004,331
2025-11,zone_05_2x,2508922,2508931,1,93880.0,93860.0,20.0,80.0,sl,9.0,-0.11388,0.09387999999999999,5.0,ifvg,0.001,-0.20776,332
2025-11,zone_05_2x,2508931,2508945,1,93860.0,93840.0,20.0,80.0,sl,14.0,-0.11386,0.09386,5.0,ifvg,0.001,-0.20772000000000002,333
2025-11,zone_05_2x,2508922,2509685,-1,93870.5,93900.5,200.0,2400.0,inv,767.0,-0.12387050000000001,0.09387050000000001,5.0,ifvg_clean,0.001,-0.21774100000000002,334
2025-11,zone_05_2x,2512979,2512979,-1,93630.0,93641.3,11.30000000000291,45.20000000001164,sl,0.0,-0.1049300000000029,0.09362999999999999,5.0,ifvg,0.001,-0.1985600000000029,335
2025-11,zone_05_2x,2512979,2512980,-1,93641.3,93652.6,11.30000000000291,45.20000000001164,sl,1.0,-0.1049413000000029,0.0936413,5.0,ifvg,0.001,-0.19858260000000288,336
2025-11,zone_05_2x,2512980,2512980,-1,93652.6,93663.90000000001,11.30000000000291,45.20000000001164,sl,0.0,-0.10495260000000291,0.0936526,5.0,ifvg,0.001,-0.19860520000000292,337
2025-11,zone_05_2x,2512979,2513017,1,93645.2,93629.5,113.0000000000291,1356.0000000003492,inv,38.0,-0.10934519999999709,0.0936452,5.0,ifvg_clean,0.001,-0.20299039999999707,338
2025-11,usd_1_3,579342,579342,-1,78102.0,78103.0,1.0,3.0,sl,0.0,-0.079102,0.078102,5.0,ifvg,0.001,-0.157204,0
2025-11,usd_1_3,579342,579342,-1,78053.15,78054.15,1.0,3.0,sl,0.0,-0.07905315,0.07805315,5.0,ifvg,0.001,-0.1571063,1
2025-11,usd_1_3,579342,579342,-1,78004.3,78005.3,1.0,3.0,sl,0.0,-0.0790043,0.0780043,5.0,ifvg,0.001,-0.1570086,2
2025-11,usd_1_3,650755,650755,-1,78415.9,78416.9,1.0,3.0,sl,0.0,-0.0794159,0.0784159,5.0,fvg,0.001,-0.1578318,3
2025-11,usd_1_3,650829,650829,-1,78466.1,78463.1,1.0,3.0,tp,0.0,-0.07546610000000001,0.07846610000000001,5.0,fvg,0.001,-0.15393220000000002,4
2025-11,usd_1_3,579342,652077,1,78116.4,78003.8,488.49999999998545,5861.999999999825,inv,73024.0,-0.1907163999999913,0.0781164,5.0,ifvg_clean,0.001,-0.2688327999999913,5
2025-11,usd_1_3,652858,652858,-1,78157.4,78158.4,1.0,3.0,sl,0.0,-0.0791574,0.0781574,5.0,fvg,0.001,-0.1573148,6
2025-11,usd_1_3,685131,685131,1,74778.9,74781.9,1.0,3.0,tp,0.0,-0.07177889999999999,0.0747789,5.0,ifvg,0.001,-0.1465578,7
2025-11,usd_1_3,685131,685131,1,74806.4,74805.4,1.0,3.0,sl,0.0,-0.0758064,0.0748064,5.0,ifvg,0.001,-0.1506128,8
2025-11,usd_1_3,685148,685148,1,74751.4,74750.9,1.0,3.0,inv,0.0,-0.0752514,0.0747514,5.0,ifvg,0.001,-0.1500028,9
2025-11,usd_1_3,685131,685215,-1,74785.0,75060.0,275.0,3300.0,sl,84.0,-0.349785,0.074785,5.0,ifvg_clean,0.001,-0.42457,10
2025-11,usd_1_3,694026,694026,1,74964.65,74967.65,1.0,3.0,tp,0.0,-0.07196464999999999,0.07496465,5.0,fvg,0.001,-0.14692929999999998,11
2025-11,usd_1_3,694026,694026,1,74985.2,74988.2,1.0,3.0,tp,0.0,-0.07198519999999999,0.07498519999999999,5.0,fvg,0.001,-0.14697039999999997,12
2025-11,usd_1_3,694536,694536,1,75343.2,75346.2,1.0,3.0,tp,0.0,-0.0723432,0.0753432,5.0,fvg,0.001,-0.1476864,13
2025-11,usd_1_3,722476,722476,1,76144.15,76143.15,1.0,3.0,inv,0.0,-0.07714415,0.07614415,5.0,ifvg,0.001,-0.1532883,14
2025-11,usd_1_3,722476,722476,1,76180.0,76179.0,1.0,3.0,sl,0.0,-0.07718000000000001,0.07618000000000001,5.0,ifvg,0.001,-0.15336000000000002,15
2025-11,usd_1_3,722482,722482,1,76108.3,76107.8,1.0,3.0,inv,0.0,-0.0766083,0.0761083,5.0,ifvg,0.001,-0.1527166,16
2025-11,usd_1_3,722476,723640,-1,76115.3,76473.79999999999,358.49999999998545,4301.999999999825,sl,1164.0,-0.43461529999998544,0.07611530000000001,5.0,ifvg_clean,0.001,-0.5107305999999855,17
2025-11,usd_1_3,725360,725360,-1,76369.05,76370.05,1.0,3.0,sl,0.0,-0.07736905000000001,0.07636905000000001,5.0,ifvg,0.001,-0.15373810000000002,18
2025-11,usd_1_3,725360,725360,-1,76345.6,76346.6,1.0,3.0,sl,0.0,-0.0773456,0.0763456,5.0,ifvg,0.001,-0.1536912,19
2025-11,usd_1_3,725366,725366,-1,76392.5,76389.5,1.0,3.0,tp,0.0,-0.0733925,0.0763925,5.0,ifvg,0.001,-0.149785,20
2025-11,usd_1_3,725919,725919,1,76754.7,76753.7,1.0,3.0,sl,0.0,-0.0777547,0.0767547,5.0,fvg,0.001,-0.1545094,21
2025-11,usd_1_3,726477,726477,1,76889.2,76888.2,1.0,3.0,sl,0.0,-0.0778892,0.0768892,5.0,ifvg,0.001,-0.1547784,22
2025-11,usd_1_3,726477,726477,-1,76876.0,76889.7,188.49999999998545,2261.9999999998254,inv,0.0,-0.09057599999999709,0.076876,5.0,ifvg_clean,0.001,-0.1674519999999971,23
2025-11,usd_1_3,726483,726483,1,76870.35,76873.35,1.0,3.0,tp,0.0,-0.07387035,0.07687035,5.0,ifvg,0.001,-0.1507407,24
2025-11,usd_1_3,726533,726533,1,76851.5,76854.5,1.0,3.0,tp,0.0,-0.0738515,0.0768515,5.0,ifvg,0.001,-0.150703,25
2025-11,usd_1_3,729466,729466,1,77380.25,77379.25,1.0,3.0,sl,0.0,-0.07838025000000001,0.07738025000000001,5.0,ifvg,0.001,-0.15576050000000002,26
2025-11,usd_1_3,729466,729466,1,77420.5,77419.5,1.0,3.0,sl,0.0,-0.0784205,0.0774205,5.0,ifvg,0.001,-0.155841,27
2025-11,usd_1_3,729467,729467,1,77340.0,77339.0,1.0,3.0,sl,0.0,-0.07834,0.07734,5.0,ifvg,0.001,-0.15568,28
2025-11,usd_1_3,729466,729471,-1,77348.8,77421.0,402.5,4830.0,inv,5.0,-0.1495487999999971,0.07734880000000001,5.0,ifvg_clean,0.001,-0.2268975999999971,29
2025-11,usd_1_3,732178,732178,1,77848.8,77847.8,1.0,3.0,sl,0.0,-0.07884880000000001,0.07784880000000001,5.0,ifvg,0.001,-0.15669760000000002,30
2025-11,usd_1_3,732178,732178,1,77861.4,77860.4,1.0,3.0,sl,0.0,-0.0788614,0.0778614,5.0,ifvg,0.001,-0.1567228,31
2025-11,usd_1_3,732178,732178,1,77874.0,77873.0,1.0,3.0,sl,0.0,-0.078874,0.077874,5.0,ifvg,0.001,-0.156748,32
2025-11,usd_1_3,733840,733840,1,76955.85,76954.85,1.0,3.0,inv,0.0,-0.07795585000000002,0.07695585000000002,5.0,ifvg,0.001,-0.15491170000000004,33
2025-11,usd_1_3,733840,733840,1,76971.5,76970.5,1.0,3.0,sl,0.0,-0.07797150000000001,0.07697150000000001,5.0,ifvg,0.001,-0.15494300000000003,34
2025-11,usd_1_3,733840,733870,-1,76946.1,77102.60000000002,156.50000000001455,1878.0000000001746,sl,30.0,-0.23344610000001453,0.0769461,5.0,ifvg_clean,0.001,-0.31039220000001455,35
2025-11,usd_1_3,735506,735506,-1,77473.0,77474.0,1.0,3.0,sl,0.0,-0.078473,0.077473,5.0,ifvg,0.001,-0.155946,36
2025-11,usd_1_3,735506,735506,-1,77426.0,77427.0,1.0,3.0,sl,0.0,-0.07842600000000001,0.07742600000000001,5.0,ifvg,0.001,-0.15585200000000002,37
2025-11,usd_1_3,735511,735511,-1,77520.0,77517.0,1.0,3.0,tp,0.0,-0.07451999999999999,0.07751999999999999,5.0,ifvg,0.001,-0.15203999999999998,38
2025-11,usd_1_3,735506,735542,1,77517.3,77425.5,470.0,5640.0,inv,36.0,-0.16931730000000292,0.07751730000000001,5.0,ifvg_clean,0.001,-0.24683460000000293,39
2025-11,usd_1_3,737180,737180,-1,77153.2,77154.2,1.0,3.0,sl,0.0,-0.0781532,0.0771532,5.0,ifvg,0.001,-0.1553064,40
2025-11,usd_1_3,737180,737180,-1,77130.4,77131.4,1.0,3.0,sl,0.0,-0.0781304,0.0771304,5.0,ifvg,0.001,-0.1552608,41
2025-11,usd_1_3,737201,737201,-1,77176.0,77173.0,1.0,3.0,tp,0.0,-0.074176,0.07717600000000001,5.0,ifvg,0.001,-0.15135200000000001,42
2025-11,usd_1_3,737180,737306,1,77168.0,77129.9,228.0000000000291,2736.0000000003492,inv,129.0,-0.11526800000000584,0.07716800000000001,5.0,ifvg_clean,0.001,-0.19243600000000585,43
2025-11,usd_1_3,738141,738141,-1,77720.1,77720.6,1.0,3.0,inv,0.0,-0.0782201,0.0777201,5.0,ifvg,0.001,-0.1559402,44
2025-11,usd_1_3,738141,738141,-1,77692.1,77693.1,1.0,3.0,sl,0.0,-0.07869210000000001,0.07769210000000001,5.0,ifvg,0.001,-0.15638420000000003,45
2025-11,usd_1_3,738141,738141,-1,77664.1,77665.1,1.0,3.0,sl,0.0,-0.0786641,0.0776641,5.0,ifvg,0.001,-0.1563282,46
2025-11,usd_1_3,738817,738817,-1,77566.1,77567.1,1.0,3.0,inv,0.0,-0.07856610000000001,0.07756610000000001,5.0,ifvg,0.001,-0.15613220000000003,47
2025-11,usd_1_3,738817,738817,-1,77536.2,77537.2,1.0,3.0,sl,0.0,-0.0785362,0.0775362,5.0,ifvg,0.001,-0.1560724,48
2025-11,usd_1_3,738822,738822,-1,77596.0,77596.5,1.0,3.0,inv,0.0,-0.07809600000000001,0.07759600000000001,5.0,ifvg,0.001,-0.15569200000000002,49
2025-11,usd_1_3,732178,739636,-1,77844.1,77874.5,125.99999999998545,1511.9999999998254,inv,7462.0,-0.1082440999999942,0.07784410000000001,5.0,ifvg_clean,0.001,-0.1860881999999942,50
2025-11,usd_1_3,741966,741966,1,77960.0,77959.0,1.0,3.0,sl,0.0,-0.07896000000000002,0.07796000000000002,5.0,ifvg,0.001,-0.15692000000000003,51
2025-11,usd_1_3,741966,741966,1,77981.6,77980.6,1.0,3.0,sl,0.0,-0.07898160000000001,0.07798160000000001,5.0,ifvg,0.001,-0.15696320000000002,52
2025-11,usd_1_3,741966,741966,1,78003.2,78002.2,1.0,3.0,sl,0.0,-0.0790032,0.0780032,5.0,ifvg,0.001,-0.1570064,53
2025-11,usd_1_3,741966,741994,-1,77883.3,78003.7,215.99999999998545,2591.9999999998254,inv,28.0,-0.19828329999999417,0.0778833,5.0,ifvg_clean,0.001,-0.27616659999999416,54
2025-11,usd_1_3,742004,742004,-1,78321.6,78322.1,1.0,3.0,inv,0.0,-0.0788216,0.0783216,5.0,ifvg,0.001,-0.1571432,55
2025-11,usd_1_3,742004,742004,-1,78299.25,78296.25,1.0,3.0,tp,0.0,-0.07529925,0.07829925,5.0,ifvg,0.001,-0.1535985,56
2025-11,usd_1_3,742004,742004,-1,78276.9,78277.9,1.0,3.0,sl,0.0,-0.0792769,0.0782769,5.0,ifvg,0.001,-0.1575538,57
2025-11,usd_1_3,742005,742005,1,78521.4,78524.4,1.0,3.0,tp,0.0,-0.0755214,0.0785214,5.0,ifvg,0.001,-0.1540428,58
2025-11,usd_1_3,742005,742005,1,78547.4,78546.4,1.0,3.0,sl,0.0,-0.0795474,0.0785474,5.0,ifvg,0.001,-0.1580948,59
2025-11,usd_1_3,742005,742005,1,78573.4,78572.4,1.0,3.0,sl,0.0,-0.07957339999999999,0.07857339999999999,5.0,ifvg,0.001,-0.15814679999999998,60
2025-11,usd_1_3,742005,742011,-1,78526.7,78573.9,260.0,3120.0,inv,6.0,-0.12572669999999708,0.0785267,5.0,ifvg_clean,0.001,-0.2042533999999971,61
2025-11,usd_1_3,725360,742100,1,76392.0,79205.99999999965,234.4999999999709,2813.9999999996508,tp,16745.0,2.737607999999651,0.076392,5.0,ifvg_clean,0.001,2.6612159999996514,62
2025-11,usd_1_3,742004,742362,1,78295.3,80977.3000000007,223.5000000000582,2682.0000000006985,tp,358.0,2.6037047000006983,0.0782953,5.0,ifvg_clean,0.001,2.525409400000698,63
2025-11,usd_1_3,738141,742466,1,77720.1,81080.1,280.0,3360.0,tp,4327.0,3.2822799,0.0777201,5.0,ifvg_clean,0.001,3.2045597999999997,64
2025-11,usd_1_3,738817,742472,1,77579.1,81167.10000000018,299.00000000001455,3588.0000000001746,tp,3657.0,3.5104209000001747,0.07757910000000001,5.0,ifvg_clean,0.001,3.432841800000175,65
2025-11,usd_1_3,746114,746114,-1,82677.5,82678.0,1.0,3.0,inv,0.0,-0.0831775,0.0826775,5.0,ifvg,0.001,-0.165855,66
2025-11,usd_1_3,746114,746114,-1,82658.4,82659.4,1.0,3.0,sl,0.0,-0.08365840000000001,0.0826584,5.0,ifvg,0.001,-0.16631680000000001,67
2025-11,usd_1_3,746114,746114,-1,82639.3,82640.3,1.0,3.0,sl,0.0,-0.08363930000000001,0.08263930000000001,5.0,ifvg,0.001,-0.16627860000000003,68
2025-11,usd_1_3,746114,746190,1,82677.8,82486.80000000002,190.99999999998545,2291.9999999998254,sl,76.0,-0.2736777999999855,0.08267780000000001,5.0,ifvg_clean,0.001,-0.3563555999999855,69
2025-11,usd_1_3,751131,751131,1,82364.75,82363.75,1.0,3.0,inv,0.0,-0.08336475,0.08236475,5.0,ifvg,0.001,-0.1657295,70
2025-11,usd_1_3,751131,751131,1,82376.9,82375.9,1.0,3.0,sl,0.0,-0.08337689999999999,0.08237689999999999,5.0,ifvg,0.001,-0.16575379999999998,71
2025-11,usd_1_3,751159,751159,1,82352.6,82352.1,1.0,3.0,inv,0.0,-0.08285260000000001,0.08235260000000001,5.0,ifvg,0.001,-0.16520520000000002,72
2025-11,usd_1_3,751131,751652,-1,82357.3,82478.79999999994,121.49999999994179,1457.9999999993015,sl,521.0,-0.2038572999999418,0.08235730000000001,5.0,ifvg_clean,0.001,-0.2862145999999418,73
2025-11,usd_1_3,755703,755703,-1,83035.7,83036.7,1.0,3.0,inv,0.0,-0.0840357,0.0830357,5.0,ifvg,0.001,-0.1670714,74
2025-11,usd_1_3,755703,755703,-1,82980.0,82981.0,1.0,3.0,sl,0.0,-0.08398000000000001,0.08298000000000001,5.0,ifvg,0.001,-0.16696000000000003,75
2025-11,usd_1_3,755712,755712,-1,83091.4,83091.9,1.0,3.0,inv,0.0,-0.0835914,0.0830914,5.0,ifvg,0.001,-0.1666828,76
2025-11,usd_1_3,757425,757425,-1,82958.0,82959.0,1.0,3.0,sl,0.0,-0.083958,0.082958,5.0,ifvg,0.001,-0.166916,77
2025-11,usd_1_3,757425,757425,-1,82943.75,82944.75,1.0,3.0,sl,0.0,-0.08394375000000001,0.08294375000000001,5.0,ifvg,0.001,-0.16688750000000002,78
2025-11,usd_1_3,757425,757425,-1,82929.5,82930.5,1.0,3.0,sl,0.0,-0.0839295,0.0829295,5.0,ifvg,0.001,-0.166859,79
2025-11,usd_1_3,757425,757451,1,82957.3,82929.0,142.5,1710.0,inv,26.0,-0.11125730000000292,0.08295730000000001,5.0,ifvg_clean,0.001,-0.19421460000000293,80
2025-11,usd_1_3,755703,765887,1,83085.3,82528.30000000003,556.9999999999709,6683.999999999651,sl,10192.0,-0.640085299999971,0.0830853,5.0,ifvg_clean,0.001,-0.723170599999971,81
2025-11,usd_1_3,814568,814568,1,81519.55,81518.55,1.0,3.0,inv,0.0,-0.08251955000000001,0.08151955000000001,5.0,ifvg,0.001,-0.16403910000000002,82
2025-11,usd_1_3,814568,814568,1,81534.0,81533.0,1.0,3.0,sl,0.0,-0.08253400000000001,0.08153400000000001,5.0,ifvg,0.001,-0.16406800000000002,83
2025-11,usd_1_3,814580,814580,1,81505.1,81504.6,1.0,3.0,inv,0.0,-0.08200510000000001,0.08150510000000001,5.0,ifvg,0.001,-0.16351020000000002,84
2025-11,usd_1_3,814568,814733,-1,81509.2,81653.69999999997,144.4999999999709,1733.9999999996508,sl,165.0,-0.22600919999997088,0.08150919999999999,5.0,ifvg_clean,0.001,-0.3075183999999709,85
2025-11,usd_1_3,827743,827743,-1,78693.6,78694.6,1.0,3.0,sl,0.0,-0.0796936,0.0786936,5.0,ifvg,0.001,-0.1583872,86
2025-11,usd_1_3,827743,827743,-1,78633.9,78634.9,1.0,3.0,sl,0.0,-0.0796339,0.07863389999999999,5.0,ifvg,0.001,-0.1582678,87
2025-11,usd_1_3,827757,827757,-1,78753.3,78750.3,1.0,3.0,tp,0.0,-0.07575330000000001,0.07875330000000001,5.0,ifvg,0.001,-0.15450660000000002,88
2025-11,usd_1_3,827743,827991,1,78751.0,78633.4,597.0000000000437,7164.000000000524,inv,248.0,-0.19635100000000583,0.078751,5.0,ifvg_clean,0.001,-0.27510200000000584,89
2025-11,usd_1_3,829552,829552,-1,79160.0,79161.0,1.0,3.0,sl,0.0,-0.08016,0.07916,5.0,ifvg,0.001,-0.15932,90
2025-11,usd_1_3,829552,829552,-1,79149.95,79150.95,1.0,3.0,sl,0.0,-0.08014995000000001,0.07914995000000001,5.0,ifvg,0.001,-0.15929990000000002,91
2025-11,usd_1_3,829552,829552,-1,79139.9,79140.9,1.0,3.0,sl,0.0,-0.0801399,0.0791399,5.0,ifvg,0.001,-0.1592798,92
2025-11,usd_1_3,829552,829576,1,79173.2,79139.4,100.5000000000291,1206.0000000003492,inv,24.0,-0.11297320000000291,0.0791732,5.0,ifvg_clean,0.001,-0.1921464000000029,93
2025-11,usd_1_3,831600,831600,-1,79241.3,79241.8,1.0,3.0,inv,0.0,-0.07974130000000001,0.07924130000000001,5.0,ifvg,0.001,-0.15898260000000003,94
2025-11,usd_1_3,831600,831600,-1,79214.95000000001,79215.95000000001,1.0,3.0,sl,0.0,-0.08021495000000002,0.07921495000000002,5.0,ifvg,0.001,-0.15942990000000004,95
2025-11,usd_1_3,831600,831600,-1,79188.6,79189.6,1.0,3.0,sl,0.0,-0.08018860000000001,0.07918860000000001,5.0,ifvg,0.001,-0.15937720000000002,96
2025-11,usd_1_3,831687,831687,1,79280.0,79279.0,1.0,3.0,sl,0.0,-0.08028,0.07928,5.0,ifvg,0.001,-0.15956,97
2025-11,usd_1_3,831687,831687,1,79300.0,79299.0,1.0,3.0,sl,0.0,-0.0803,0.0793,5.0,ifvg,0.001,-0.1596,98
2025-11,usd_1_3,831689,831689,1,79260.0,79263.0,1.0,3.0,tp,0.0,-0.07626000000000001,0.07926000000000001,5.0,ifvg,0.001,-0.15552000000000002,99
2025-11,usd_1_3,831687,831693,-1,79266.6,79300.5,200.0,2400.0,inv,6.0,-0.11316659999999418,0.0792666,5.0,ifvg_clean,0.001,-0.1924331999999942,100
2025-11,usd_1_3,853164,853164,-1,79596.0,79597.0,1.0,3.0,sl,0.0,-0.080596,0.079596,5.0,fvg,0.001,-0.160192,101
2025-11,usd_1_3,853164,853164,-1,79563.3,79564.3,1.0,3.0,sl,0.0,-0.0805633,0.0795633,5.0,fvg,0.001,-0.1601266,102
2025-11,usd_1_3,854638,854638,-1,79416.55,79417.55,1.0,3.0,sl,0.0,-0.08041655,0.07941655,5.0,ifvg,0.001,-0.1598331,103
2025-11,usd_1_3,854638,854638,-1,79406.0,79407.0,1.0,3.0,sl,0.0,-0.080406,0.079406,5.0,ifvg,0.001,-0.159812,104
2025-11,usd_1_3,854638,854645,1,79415.7,79405.5,105.5000000000291,1266.0000000003492,inv,7.0,-0.08961569999999709,0.0794157,5.0,ifvg_clean,0.001,-0.1690313999999971,105
2025-11,usd_1_3,854654,854654,-1,79427.1,79424.1,1.0,3.0,tp,0.0,-0.07642710000000001,0.07942710000000001,5.0,ifvg,0.001,-0.15585420000000003,106
2025-11,usd_1_3,831600,855415,1,79236.5,78973.00000000001,263.49999999998545,3161.9999999998254,sl,24228.0,-0.34273649999998546,0.0792365,5.0,ifvg_clean,0.001,-0.42197299999998544,107
2025-11,usd_1_3,856804,856804,-1,79525.6,79526.6,1.0,3.0,sl,0.0,-0.08052560000000002,0.07952560000000002,5.0,fvg,0.001,-0.16005120000000003,108
2025-11,usd_1_3,857270,857270,-1,79537.75,79534.75,1.0,3.0,tp,0.0,-0.07653775,0.07953775,5.0,fvg,0.001,-0.1560755,109
2025-11,usd_1_3,857274,857274,-1,79549.9,79546.9,1.0,3.0,tp,0.0,-0.07654989999999999,0.07954989999999999,5.0,fvg,0.001,-0.15609979999999998,110
2025-11,usd_1_3,857358,857358,-1,79628.7,79625.7,1.0,3.0,tp,0.0,-0.0766287,0.0796287,5.0,fvg,0.001,-0.1562574,111
2025-11,usd_1_3,862409,862409,1,80287.5,80286.5,1.0,3.0,sl,0.0,-0.08128750000000001,0.08028750000000001,5.0,ifvg,0.001,-0.16157500000000002,112
2025-11,usd_1_3,862409,862409,1,80313.05,80312.05,1.0,3.0,sl,0.0,-0.08131305000000001,0.08031305000000001,5.0,ifvg,0.001,-0.16162610000000002,113
2025-11,usd_1_3,862409,862409,1,80338.6,80337.6,1.0,3.0,sl,0.0,-0.08133860000000001,0.08033860000000001,5.0,ifvg,0.001,-0.16167720000000002,114
2025-11,usd_1_3,862409,862774,-1,80280.1,80339.1,255.5000000000291,3066.0000000003492,inv,365.0,-0.13928010000000002,0.08028010000000001,5.0,ifvg_clean,0.001,-0.21956020000000004,115
2025-11,usd_1_3,863815,863815,-1,80609.2,80610.2,1.0,3.0,inv,0.0,-0.0816092,0.0806092,5.0,ifvg,0.001,-0.1622184,116
2025-11,usd_1_3,863815,863815,-1,80587.4,80588.4,1.0,3.0,sl,0.0,-0.0815874,0.0805874,5.0,ifvg,0.001,-0.1621748,117
2025-11,usd_1_3,864055,864055,-1,80631.0,80631.5,1.0,3.0,inv,0.0,-0.08113100000000001,0.08063100000000001,5.0,ifvg,0.001,-0.16176200000000002,118
2025-11,usd_1_3,870988,870988,-1,80535.0,80536.0,1.0,3.0,sl,0.0,-0.081535,0.080535,5.0,ifvg,0.001,-0.16207,119
2025-11,usd_1_3,870988,870988,-1,80521.9,80522.9,1.0,3.0,sl,0.0,-0.08152190000000001,0.08052190000000001,5.0,ifvg,0.001,-0.16204380000000002,120
2025-11,usd_1_3,871004,871004,-1,80548.1,80545.1,1.0,3.0,tp,0.0,-0.07754810000000001,0.08054810000000001,5.0,ifvg,0.001,-0.15809620000000002,121
2025-11,usd_1_3,880686,880686,1,80788.9,80787.9,1.0,3.0,sl,0.0,-0.0817889,0.0807889,5.0,ifvg,0.001,-0.1625778,122
2025-11,usd_1_3,880686,880686,1,80807.8,80806.8,1.0,3.0,sl,0.0,-0.0818078,0.0808078,5.0,ifvg,0.001,-0.1626156,123
2025-11,usd_1_3,880686,880687,-1,80779.6,80808.3,189.00000000001455,2268.0000000001746,inv,1.0,-0.1094795999999971,0.08077960000000001,5.0,ifvg_clean,0.001,-0.1902591999999971,124
2025-11,usd_1_3,880695,880695,1,80770.0,80773.0,1.0,3.0,tp,0.0,-0.07776999999999999,0.08077,5.0,ifvg,0.001,-0.15854,125
2025-11,usd_1_3,880711,880711,-1,80890.0,80890.5,1.0,3.0,inv,0.0,-0.08139,0.08089,5.0,ifvg,0.001,-0.16228,126
2025-11,usd_1_3,880711,880711,-1,80864.2,80865.2,1.0,3.0,sl,0.0,-0.0818642,0.0808642,5.0,ifvg,0.001,-0.1627284,127
2025-11,usd_1_3,880711,880711,-1,80838.4,80839.4,1.0,3.0,sl,0.0,-0.08183839999999999,0.08083839999999999,5.0,ifvg,0.001,-0.16267679999999998,128
2025-11,usd_1_3,881134,881134,1,81492.9,81491.9,1.0,3.0,sl,0.0,-0.0824929,0.0814929,5.0,fvg,0.001,-0.1639858,129
2025-11,usd_1_3,881679,881679,1,81292.45,81295.45,1.0,3.0,tp,0.0,-0.07829245,0.08129245,5.0,fvg,0.001,-0.1595849,130
2025-11,usd_1_3,883583,883583,-1,81580.2,81581.2,1.0,3.0,sl,0.0,-0.0825802,0.0815802,5.0,fvg,0.001,-0.1641604,131
2025-11,usd_1_3,883600,883601,-1,81606.65,81607.65,1.0,3.0,sl,1.0,-0.08260665,0.08160665,5.0,fvg,0.001,-0.1642133,132
2025-11,usd_1_3,885286,885286,-1,81633.1,81630.1,1.0,3.0,tp,0.0,-0.07863310000000001,0.08163310000000001,5.0,fvg,0.001,-0.16026620000000003,133
2025-11,usd_1_3,870988,885833,1,80543.8,82115.8000000007,131.0000000000582,1572.0000000006985,tp,14892.0,1.4914562000006986,0.08054380000000001,5.0,ifvg_clean,0.001,1.4109124000006985,134
2025-11,usd_1_3,889177,889177,-1,82689.5,82690.5,1.0,3.0,inv,0.0,-0.0836895,0.0826895,5.0,ifvg,0.001,-0.166379,135
2025-11,usd_1_3,889177,889177,-1,82679.0,82680.0,1.0,3.0,sl,0.0,-0.083679,0.082679,5.0,ifvg,0.001,-0.166358,136
2025-11,usd_1_3,889305,889305,-1,82700.0,82700.5,1.0,3.0,inv,0.0,-0.08320000000000001,0.08270000000000001,5.0,ifvg,0.001,-0.16590000000000002,137
2025-11,usd_1_3,889177,890376,1,82690.8,82585.8,105.0,1260.0,sl,1199.0,-0.1876908,0.08269080000000001,5.0,ifvg_clean,0.001,-0.2703816,138
2025-11,usd_1_3,896810,896810,1,82288.1,82287.1,1.0,3.0,sl,0.0,-0.08328810000000002,0.08228810000000002,5.0,ifvg,0.001,-0.16557620000000003,139
2025-11,usd_1_3,896810,896810,1,82317.85,82316.85,1.0,3.0,sl,0.0,-0.08331785000000001,0.08231785000000001,5.0,ifvg,0.001,-0.16563570000000002,140
2025-11,usd_1_3,896810,896810,1,82347.6,82346.6,1.0,3.0,sl,0.0,-0.08334760000000002,0.08234760000000002,5.0,ifvg,0.001,-0.16569520000000004,141
2025-11,usd_1_3,896810,896850,-1,82286.5,82348.1,297.5,3570.0,inv,40.0,-0.14388650000000583,0.0822865,5.0,ifvg_clean,0.001,-0.22617300000000584,142
2025-11,usd_1_3,863815,900954,1,80627.9,83243.90000000034,218.0000000000291,2616.0000000003492,tp,37206.0,2.535372100000349,0.0806279,5.0,ifvg_clean,0.001,2.454744200000349,143
2025-11,usd_1_3,905779,905779,-1,82059.7,82060.7,1.0,3.0,sl,0.0,-0.0830597,0.0820597,5.0,ifvg,0.001,-0.1651194,144
2025-11,usd_1_3,905779,905779,-1,81986.0,81987.0,1.0,3.0,sl,0.0,-0.082986,0.081986,5.0,ifvg,0.001,-0.164972,145
2025-11,usd_1_3,905780,905780,-1,82133.4,82130.4,1.0,3.0,tp,0.0,-0.07913339999999999,0.0821334,5.0,ifvg,0.001,-0.1612668,146
2025-11,usd_1_3,905779,905827,1,82123.8,81985.5,736.9999999999709,8843.99999999965,inv,48.0,-0.22042380000000295,0.08212380000000001,5.0,ifvg_clean,0.001,-0.30254760000000297,147
2025-11,usd_1_3,906571,906572,1,81900.0,81903.0,1.0,3.0,tp,1.0,-0.0789,0.0819,5.0,fvg,0.001,-0.1608,148
2025-11,usd_1_3,906644,906644,1,81840.8,81843.8,1.0,3.0,tp,0.0,-0.0788408,0.0818408,5.0,fvg,0.001,-0.1606816,149
2025-11,usd_1_3,906695,906695,1,81781.6,81780.6,1.0,3.0,sl,0.0,-0.08278160000000001,0.08178160000000001,5.0,fvg,0.001,-0.16456320000000002,150
2025-11,usd_1_3,906736,906736,-1,81904.5,81901.5,1.0,3.0,tp,0.0,-0.0789045,0.0819045,5.0,fvg,0.001,-0.160809,151
2025-11,usd_1_3,906739,906739,-1,81931.2,81928.2,1.0,3.0,tp,0.0,-0.0789312,0.08193120000000001,5.0,fvg,0.001,-0.16086240000000002,152
2025-11,usd_1_3,906771,906771,-1,81957.9,81954.9,1.0,3.0,tp,0.0,-0.0789579,0.0819579,5.0,fvg,0.001,-0.1609158,153
2025-11,usd_1_3,909245,909245,1,82486.35,82485.35,1.0,3.0,sl,0.0,-0.08348635,0.08248635,5.0,ifvg,0.001,-0.1659727,154
2025-11,usd_1_3,909245,909245,1,82514.5,82513.5,1.0,3.0,sl,0.0,-0.0835145,0.0825145,5.0,ifvg,0.001,-0.166029,155
2025-11,usd_1_3,909318,909318,1,82458.2,82457.2,1.0,3.0,sl,0.0,-0.08345820000000001,0.08245820000000001,5.0,ifvg,0.001,-0.16591640000000002,156
2025-11,usd_1_3,909245,909423,-1,82462.4,82515.0,281.50000000001455,3378.0000000001746,inv,181.0,-0.13506240000000583,0.0824624,5.0,ifvg_clean,0.001,-0.21752480000000585,157
2025-11,usd_1_3,910574,910574,-1,82247.55,82248.55,1.0,3.0,sl,0.0,-0.08324755,0.08224755,5.0,fvg,0.001,-0.1654951,158
2025-11,usd_1_3,910574,910574,-1,82234.3,82235.3,1.0,3.0,sl,0.0,-0.08323430000000001,0.08223430000000001,5.0,fvg,0.001,-0.16546860000000002,159
2025-11,usd_1_3,910587,910587,-1,82260.8,82257.8,1.0,3.0,tp,0.0,-0.0792608,0.08226080000000001,5.0,fvg,0.001,-0.16152160000000002,160
2025-11,usd_1_3,911207,911207,-1,82400.0,82401.0,1.0,3.0,sl,0.0,-0.0834,0.0824,5.0,fvg,0.001,-0.1658,161
2025-11,usd_1_3,911217,911217,-1,82427.55,82428.55,1.0,3.0,sl,0.0,-0.08342755000000002,0.08242755000000002,5.0,fvg,0.001,-0.16585510000000003,162
2025-11,usd_1_3,911249,911250,-1,82455.1,82456.1,1.0,3.0,sl,1.0,-0.0834551,0.0824551,5.0,fvg,0.001,-0.1659102,163
2025-11,usd_1_3,911491,911491,1,82573.3,82576.3,1.0,3.0,tp,0.0,-0.0795733,0.0825733,5.0,fvg,0.001,-0.1621466,164
2025-11,usd_1_3,880711,915647,1,80874.3,83970.30000000035,258.0000000000291,3096.0000000003492,tp,34951.0,3.015125700000349,0.08087430000000001,5.0,ifvg_clean,0.001,2.934251400000349,165
2025-11,usd_1_3,948607,948607,-1,82801.4,82802.4,1.0,3.0,sl,0.0,-0.0838014,0.0828014,5.0,fvg,0.001,-0.1666028,166
2025-11,usd_1_3,948628,948628,-1,82850.75,82851.75,1.0,3.0,sl,0.0,-0.08385075,0.08285075,5.0,fvg,0.001,-0.1667015,167
2025-11,usd_1_3,949102,949102,-1,82900.1,82897.1,1.0,3.0,tp,0.0,-0.0799001,0.0829001,5.0,fvg,0.001,-0.1628002,168
2025-11,usd_1_3,1037184,1037184,1,85555.4,85554.4,1.0,3.0,sl,0.0,-0.08655539999999999,0.08555539999999999,5.0,fvg,0.001,-0.17211079999999998,169
2025-11,usd_1_3,1037187,1037187,1,85538.15,85541.15,1.0,3.0,tp,0.0,-0.08253815,0.08553815000000001,5.0,fvg,0.001,-0.1680763,170
2025-11,usd_1_3,1037189,1037190,1,85520.9,85523.9,1.0,3.0,tp,1.0,-0.0825209,0.0855209,5.0,fvg,0.001,-0.1680418,171
2025-11,usd_1_3,1245361,1245361,-1,85642.55,85643.55,1.0,3.0,sl,0.0,-0.08664255,0.08564255,5.0,ifvg,0.001,-0.1722851,172
2025-11,usd_1_3,1245361,1245361,-1,85620.0,85621.0,1.0,3.0,sl,0.0,-0.08662,0.08562,5.0,ifvg,0.001,-0.17224,173
2025-11,usd_1_3,1245361,1245363,1,85652.4,85619.5,225.5000000000291,2706.0000000003492,inv,2.0,-0.11855239999999417,0.0856524,5.0,ifvg_clean,0.001,-0.2042047999999942,174
2025-11,usd_1_3,1252583,1252583,-1,84927.9,84928.9,1.0,3.0,sl,0.0,-0.0859279,0.0849279,5.0,ifvg,0.001,-0.1708558,175
2025-11,usd_1_3,1252583,1252583,-1,84910.6,84911.6,1.0,3.0,sl,0.0,-0.0859106,0.0849106,5.0,ifvg,0.001,-0.1708212,176
2025-11,usd_1_3,1252583,1252601,1,84929.0,84910.1,172.99999999995634,2075.999999999476,inv,18.0,-0.10382899999999418,0.084929,5.0,ifvg_clean,0.001,-0.18875799999999418,177
2025-11,usd_1_3,1252621,1252621,-1,84945.2,84946.2,1.0,3.0,sl,0.0,-0.0859452,0.0849452,5.0,ifvg,0.001,-0.1708904,178
2025-11,usd_1_3,1342528,1342528,1,85354.4,85353.4,1.0,3.0,sl,0.0,-0.0863544,0.0853544,5.0,ifvg,0.001,-0.1717088,179
2025-11,usd_1_3,1342528,1342528,-1,85329.7,85354.9,387.99999999995634,4655.999999999476,inv,0.0,-0.1105296999999971,0.08532970000000001,5.0,ifvg_clean,0.001,-0.1958593999999971,180
2025-11,usd_1_3,1342533,1342533,1,85276.8,85279.8,1.0,3.0,tp,0.0,-0.08227680000000001,0.08527680000000001,5.0,ifvg,0.001,-0.16755360000000002,181
2025-11,usd_1_3,1342533,1342533,1,85315.6,85318.6,1.0,3.0,tp,0.0,-0.0823156,0.0853156,5.0,ifvg,0.001,-0.1676312,182
2025-11,usd_1_3,1344808,1344808,1,83752.9,83752.4,1.0,3.0,inv,0.0,-0.0842529,0.0837529,5.0,ifvg,0.001,-0.1680058,183
2025-11,usd_1_3,1344808,1344808,1,83770.45,83769.45,1.0,3.0,sl,0.0,-0.08477045,0.08377045,5.0,ifvg,0.001,-0.1685409,184
2025-11,usd_1_3,1344808,1344808,1,83788.0,83787.0,1.0,3.0,sl,0.0,-0.084788,0.083788,5.0,ifvg,0.001,-0.168576,185
2025-11,usd_1_3,1344862,1344862,1,83618.1,83617.1,1.0,3.0,sl,0.0,-0.08461810000000002,0.08361810000000001,5.0,fvg,0.001,-0.16823620000000003,186
2025-11,usd_1_3,1344867,1344867,1,83589.70000000001,83588.70000000001,1.0,3.0,sl,0.0,-0.0845897,0.0835897,5.0,fvg,0.001,-0.1681794,187
2025-11,usd_1_3,1344882,1344882,1,83676.75,83675.75,1.0,3.0,inv,0.0,-0.08467675,0.08367675,5.0,ifvg,0.001,-0.1683535,188
2025-11,usd_1_3,1344882,1344882,1,83700.0,83699.0,1.0,3.0,sl,0.0,-0.08470000000000001,0.08370000000000001,5.0,ifvg,0.001,-0.16840000000000002,189
2025-11,usd_1_3,1344884,1344884,1,83653.5,83653.0,1.0,3.0,inv,0.0,-0.0841535,0.0836535,5.0,ifvg,0.001,-0.167807,190
2025-11,usd_1_3,1344882,1344918,-1,83657.4,83889.9,232.5,2790.0,sl,36.0,-0.31615740000000003,0.08365739999999999,5.0,ifvg_clean,0.001,-0.3998148,191
2025-11,usd_1_3,1344808,1344921,-1,83748.0,83923.50000000003,175.5000000000291,2106.0000000003492,sl,113.0,-0.2592480000000291,0.083748,5.0,ifvg_clean,0.001,-0.3429960000000291,192
2025-11,usd_1_3,1350269,1350269,-1,84002.4,84003.4,1.0,3.0,sl,0.0,-0.08500239999999999,0.08400239999999999,5.0,fvg,0.001,-0.16900479999999998,193
2025-11,usd_1_3,1350350,1350350,-1,84036.2,84033.2,1.0,3.0,tp,0.0,-0.08103619999999999,0.08403619999999999,5.0,fvg,0.001,-0.16507239999999998,194
2025-11,usd_1_3,1350406,1350406,-1,84070.0,84071.0,1.0,3.0,sl,0.0,-0.08507,0.08407,5.0,fvg,0.001,-0.16914,195
2025-11,usd_1_3,1418914,1418914,1,84365.2,84364.2,1.0,3.0,sl,0.0,-0.0853652,0.0843652,5.0,fvg,0.001,-0.1697304,196
2025-11,usd_1_3,1420429,1420429,-1,84510.2,84511.2,1.0,3.0,inv,0.0,-0.0855102,0.0845102,5.0,ifvg,0.001,-0.1700204,197
2025-11,usd_1_3,1420429,1420429,-1,84486.0,84487.0,1.0,3.0,sl,0.0,-0.085486,0.084486,5.0,ifvg,0.001,-0.169972,198
2025-11,usd_1_3,1420433,1420433,-1,84534.4,84534.9,1.0,3.0,inv,0.0,-0.0850344,0.0845344,5.0,ifvg,0.001,-0.1695688,199
2025-11,usd_1_3,1420429,1505007,1,84531.9,84289.90000000002,241.9999999999709,2903.9999999996508,sl,88158.0,-0.3265318999999709,0.0845319,5.0,ifvg_clean,0.001,-0.4110637999999709,200
2025-11,usd_1_3,1523752,1523752,-1,84593.5,84594.5,1.0,3.0,sl,0.0,-0.0855935,0.0845935,5.0,fvg,0.001,-0.170187,201
2025-11,usd_1_3,1523752,1523754,-1,84606.2,84607.2,1.0,3.0,sl,2.0,-0.08560620000000001,0.0846062,5.0,fvg,0.001,-0.1702124,202
2025-11,usd_1_3,1541534,1541534,1,84846.1,84845.1,1.0,3.0,sl,0.0,-0.08584610000000001,0.08484610000000001,5.0,ifvg,0.001,-0.17069220000000002,203
2025-11,usd_1_3,1541534,1541534,1,84869.6,84868.6,1.0,3.0,sl,0.0,-0.0858696,0.0848696,5.0,ifvg,0.001,-0.1707392,204
2025-11,usd_1_3,1541534,1541577,-1,84824.9,84870.1,235.0,2820.0,inv,43.0,-0.13002490000001163,0.0848249,5.0,ifvg_clean,0.001,-0.21484980000001164,205
2025-11,usd_1_3,1542132,1542132,1,84822.6,84822.1,1.0,3.0,inv,0.0,-0.08532260000000001,0.08482260000000001,5.0,ifvg,0.001,-0.17014520000000002,206
2025-11,usd_1_3,1701779,1701779,-1,87438.8,87439.8,1.0,3.0,inv,0.0,-0.0884388,0.0874388,5.0,ifvg,0.001,-0.1758776,207
2025-11,usd_1_3,1701779,1702010,1,87439.7,87317.70000000003,121.9999999999709,1463.9999999996508,sl,231.0,-0.20943969999997092,0.08743970000000001,5.0,ifvg_clean,0.001,-0.2968793999999709,208
2025-11,usd_1_3,1702239,1702239,-1,87463.2,87463.7,1.0,3.0,inv,0.0,-0.0879632,0.0874632,5.0,ifvg,0.001,-0.1754264,209
2025-11,usd_1_3,1702239,1702239,-1,87451.0,87452.0,1.0,3.0,sl,0.0,-0.08845100000000002,0.08745100000000001,5.0,ifvg,0.001,-0.17590200000000003,210
2025-11,usd_1_3,1734044,1734044,-1,86677.0,86678.0,1.0,3.0,sl,0.0,-0.087677,0.086677,5.0,fvg,0.001,-0.174354,211
2025-11,usd_1_3,1734053,1734053,-1,86692.55,86689.55,1.0,3.0,tp,0.0,-0.08369255,0.08669255000000001,5.0,fvg,0.001,-0.1703851,212
2025-11,usd_1_3,1734056,1734056,-1,86708.1,86705.1,1.0,3.0,tp,0.0,-0.08370810000000001,0.08670810000000001,5.0,fvg,0.001,-0.17041620000000002,213
2025-11,usd_1_3,1743871,1743871,-1,87391.0,87391.5,1.0,3.0,inv,0.0,-0.08789100000000001,0.08739100000000001,5.0,ifvg,0.001,-0.17528200000000002,214
2025-11,usd_1_3,1743871,1743871,-1,87301.5,87302.5,1.0,3.0,sl,0.0,-0.0883015,0.0873015,5.0,ifvg,0.001,-0.175603,215
2025-11,usd_1_3,1743871,1743871,-1,87212.0,87213.0,1.0,3.0,sl,0.0,-0.08821200000000001,0.08721200000000001,5.0,ifvg,0.001,-0.17542400000000002,216
2025-11,usd_1_3,1747797,1747797,1,87932.65,87931.65,1.0,3.0,sl,0.0,-0.08893265,0.08793265,5.0,ifvg,0.001,-0.1768653,217
2025-11,usd_1_3,1747797,1747797,1,87945.6,87944.6,1.0,3.0,sl,0.0,-0.08894560000000001,0.08794560000000001,5.0,ifvg,0.001,-0.17689120000000003,218
2025-11,usd_1_3,1747808,1747808,1,87919.7,87922.7,1.0,3.0,tp,0.0,-0.0849197,0.0879197,5.0,ifvg,0.001,-0.1728394,219
2025-11,usd_1_3,1747797,1747813,-1,87927.6,87946.1,129.50000000004366,1554.0000000005239,inv,16.0,-0.10642760000000001,0.08792760000000001,5.0,ifvg_clean,0.001,-0.1943552,220
2025-11,usd_1_3,1748294,1748294,-1,88080.2,88080.7,1.0,3.0,inv,0.0,-0.08858020000000001,0.08808020000000001,5.0,ifvg,0.001,-0.17666040000000002,221
2025-11,usd_1_3,1748294,1748294,-1,88063.6,88064.6,1.0,3.0,sl,0.0,-0.0890636,0.0880636,5.0,ifvg,0.001,-0.1771272,222
2025-11,usd_1_3,1748294,1748294,-1,88047.0,88048.0,1.0,3.0,sl,0.0,-0.089047,0.088047,5.0,ifvg,0.001,-0.177094,223
2025-11,usd_1_3,1748294,1749627,1,88066.7,87900.70000000001,165.99999999998545,1991.9999999998254,sl,1333.0,-0.25406669999998543,0.0880667,5.0,ifvg_clean,0.001,-0.34213339999998543,224
2025-11,usd_1_3,1743871,1754330,1,87390.6,86495.6,895.0,10740.0,sl,10464.0,-0.9823906,0.08739060000000001,5.0,ifvg_clean,0.001,-1.0697812,225
2025-11,usd_1_3,1754487,1754487,-1,86512.8,86513.8,1.0,3.0,sl,0.0,-0.0875128,0.0865128,5.0,fvg,0.001,-0.1740256,226
2025-11,usd_1_3,1754492,1754492,-1,86566.4,86563.4,1.0,3.0,tp,0.0,-0.0835664,0.0865664,5.0,fvg,0.001,-0.1701328,227
2025-11,usd_1_3,1754586,1754586,-1,86620.0,86617.0,1.0,3.0,tp,0.0,-0.08362,0.08662,5.0,fvg,0.001,-0.17024,228
2025-11,usd_1_3,1755274,1755274,1,86947.15,86946.15,1.0,3.0,inv,0.0,-0.08794715,0.08694715,5.0,ifvg,0.001,-0.1748943,229
2025-11,usd_1_3,1755274,1755274,1,86995.1,86994.1,1.0,3.0,sl,0.0,-0.0879951,0.0869951,5.0,ifvg,0.001,-0.1749902,230
2025-11,usd_1_3,1755396,1755396,1,86899.2,86898.7,1.0,3.0,inv,0.0,-0.0873992,0.0868992,5.0,ifvg,0.001,-0.1742984,231
2025-11,usd_1_3,1755274,1763354,-1,86899.9,87379.40000000004,479.50000000004366,5754.000000000524,sl,8109.0,-0.5663999000000437,0.0868999,5.0,ifvg_clean,0.001,-0.6532998000000437,232
2025-11,usd_1_3,1782623,1782623,-1,87533.5,87534.5,1.0,3.0,inv,0.0,-0.0885335,0.0875335,5.0,ifvg,0.001,-0.176067,233
2025-11,usd_1_3,1782623,1782623,-1,87504.1,87505.1,1.0,3.0,sl,0.0,-0.08850410000000002,0.08750410000000002,5.0,ifvg,0.001,-0.17600820000000003,234
2025-11,usd_1_3,1782624,1782624,-1,87562.9,87563.4,1.0,3.0,inv,0.0,-0.0880629,0.0875629,5.0,ifvg,0.001,-0.1756258,235
2025-11,usd_1_3,1788501,1788501,1,87916.4,87915.4,1.0,3.0,sl,0.0,-0.08891639999999999,0.08791639999999999,5.0,fvg,0.001,-0.17683279999999998,236
2025-11,usd_1_3,1790178,1790178,1,87848.2,87847.2,1.0,3.0,sl,0.0,-0.0888482,0.0878482,5.0,fvg,0.001,-0.1766964,237
2025-11,usd_1_3,1824131,1824131,-1,88563.8,88564.8,1.0,3.0,sl,0.0,-0.0895638,0.0885638,5.0,fvg,0.001,-0.1781276,238
2025-11,usd_1_3,1824147,1824147,-1,88618.9,88615.9,1.0,3.0,tp,0.0,-0.0856189,0.0886189,5.0,fvg,0.001,-0.1742378,239
2025-11,usd_1_3,1824152,1824152,-1,88674.0,88671.0,1.0,3.0,tp,0.0,-0.085674,0.088674,5.0,fvg,0.001,-0.174348,240
2025-11,usd_1_3,1825165,1825165,1,88934.7,88933.7,1.0,3.0,sl,0.0,-0.08993469999999999,0.08893469999999999,5.0,fvg,0.001,-0.17886939999999998,241
2025-11,usd_1_3,1827401,1827401,-1,89688.4,89689.4,1.0,3.0,inv,0.0,-0.0906884,0.0896884,5.0,ifvg,0.001,-0.1803768,242
2025-11,usd_1_3,1827401,1827401,-1,89673.0,89674.0,1.0,3.0,sl,0.0,-0.090673,0.089673,5.0,ifvg,0.001,-0.180346,243
2025-11,usd_1_3,1827419,1827419,-1,89703.8,89704.3,1.0,3.0,inv,0.0,-0.0902038,0.0897038,5.0,ifvg,0.001,-0.1799076,244
2025-11,usd_1_3,1828160,1828160,-1,90155.95,90156.95,1.0,3.0,inv,0.0,-0.09115595000000001,0.09015595000000001,5.0,ifvg,0.001,-0.18131190000000003,245
2025-11,usd_1_3,1828160,1828160,-1,90133.0,90134.0,1.0,3.0,sl,0.0,-0.09113299999999999,0.09013299999999999,5.0,ifvg,0.001,-0.18126599999999998,246
2025-11,usd_1_3,1828161,1828161,-1,90178.9,90179.4,1.0,3.0,inv,0.0,-0.0906789,0.0901789,5.0,ifvg,0.001,-0.1808578,247
2025-11,usd_1_3,1828160,1828584,1,90174.0,89944.50000000003,229.4999999999709,2753.9999999996508,sl,424.0,-0.3196739999999709,0.090174,5.0,ifvg_clean,0.001,-0.4098479999999709,248
2025-11,usd_1_3,1828707,1828707,-1,89954.45,89955.45,1.0,3.0,inv,0.0,-0.09095444999999999,0.08995444999999999,5.0,ifvg,0.001,-0.18090889999999998,249
2025-11,usd_1_3,1828707,1828707,-1,89918.9,89919.9,1.0,3.0,sl,0.0,-0.0909189,0.0899189,5.0,ifvg,0.001,-0.1808378,250
2025-11,usd_1_3,1828729,1828729,-1,89990.0,89990.5,1.0,3.0,inv,0.0,-0.09049,0.08999,5.0,ifvg,0.001,-0.18048,251
2025-11,usd_1_3,1829202,1829202,-1,90119.8,90116.8,1.0,3.0,tp,0.0,-0.0871198,0.0901198,5.0,ifvg,0.001,-0.1772396,252
2025-11,usd_1_3,1829202,1829202,-1,90084.8,90085.8,1.0,3.0,sl,0.0,-0.09108480000000001,0.0900848,5.0,ifvg,0.001,-0.18116960000000001,253
2025-11,usd_1_3,1829202,1829202,-1,90049.8,90050.8,1.0,3.0,sl,0.0,-0.09104980000000001,0.09004980000000001,5.0,ifvg,0.001,-0.18109960000000003,254
2025-11,usd_1_3,1830144,1830144,1,90322.04999999999,90321.04999999999,1.0,3.0,sl,0.0,-0.09132204999999999,0.09032204999999999,5.0,ifvg,0.001,-0.18164409999999998,255
2025-11,usd_1_3,1830144,1830144,1,90337.2,90336.2,1.0,3.0,sl,0.0,-0.0913372,0.09033719999999999,5.0,ifvg,0.001,-0.18167439999999999,256
2025-11,usd_1_3,1830144,1830152,-1,90318.3,90337.7,151.50000000001455,1818.0000000001746,inv,8.0,-0.10971829999999419,0.0903183,5.0,ifvg_clean,0.001,-0.20003659999999418,257
2025-11,usd_1_3,1830167,1830167,1,90306.9,90309.9,1.0,3.0,tp,0.0,-0.08730689999999999,0.0903069,5.0,ifvg,0.001,-0.1776138,258
2025-11,usd_1_3,1832158,1832158,-1,90627.7,90628.7,1.0,3.0,inv,0.0,-0.0916277,0.0906277,5.0,ifvg,0.001,-0.1822554,259
2025-11,usd_1_3,1832158,1832158,-1,90615.5,90616.5,1.0,3.0,sl,0.0,-0.0916155,0.0906155,5.0,ifvg,0.001,-0.182231,260
2025-11,usd_1_3,1832160,1832160,-1,90639.9,90640.4,1.0,3.0,inv,0.0,-0.0911399,0.0906399,5.0,ifvg,0.001,-0.1817798,261
2025-11,usd_1_3,1782623,1832666,1,87553.5,91081.4999999993,293.9999999999418,3527.9999999993015,tp,50357.0,3.4404464999993016,0.0875535,5.0,ifvg_clean,0.001,3.352892999999302,262
2025-11,usd_1_3,1832158,1834903,1,90633.2,90511.20000000003,121.9999999999709,1463.9999999996508,sl,2745.0,-0.2126331999999709,0.09063320000000001,5.0,ifvg_clean,0.001,-0.3032663999999709,263
2025-11,usd_1_3,1835750,1835750,1,90554.6,90553.6,1.0,3.0,sl,0.0,-0.09155460000000001,0.09055460000000001,5.0,fvg,0.001,-0.18210920000000003,264
2025-11,usd_1_3,1836045,1836045,-1,90950.0,90951.0,1.0,3.0,sl,0.0,-0.09195,0.09095,5.0,fvg,0.001,-0.1829,265
2025-11,usd_1_3,1841502,1841502,-1,91000.1,90997.1,1.0,3.0,tp,0.0,-0.0880001,0.0910001,5.0,fvg,0.001,-0.1790002,266
2025-11,usd_1_3,1841520,1841520,-1,91050.2,91047.2,1.0,3.0,tp,0.0,-0.08805020000000001,0.09105020000000001,5.0,fvg,0.001,-0.17910040000000002,267
2025-11,usd_1_3,1842366,1842366,1,91192.25,91191.25,1.0,3.0,sl,0.0,-0.09219225,0.09119225,5.0,ifvg,0.001,-0.1833845,268
2025-11,usd_1_3,1842366,1842366,1,91211.1,91210.1,1.0,3.0,sl,0.0,-0.0922111,0.0912111,5.0,ifvg,0.001,-0.1834222,269
2025-11,usd_1_3,1842367,1842367,1,91173.4,91172.4,1.0,3.0,sl,0.0,-0.0921734,0.0911734,5.0,ifvg,0.001,-0.1833468,270
2025-11,usd_1_3,1842366,1842397,-1,91176.1,91211.6,188.5000000000582,2262.0000000006985,inv,31.0,-0.1266761,0.09117610000000001,5.0,ifvg_clean,0.001,-0.21785220000000002,271
2025-11,usd_1_3,1827401,1843295,1,89684.3,91532.30000000018,154.00000000001455,1848.0000000001746,tp,15901.0,1.7583157000001746,0.08968430000000001,5.0,ifvg_clean,0.001,1.6686314000001745,272
2025-11,usd_1_3,1851442,1851442,1,91272.0,91271.0,1.0,3.0,inv,0.0,-0.092272,0.091272,5.0,ifvg,0.001,-0.183544,273
2025-11,usd_1_3,1851452,1851452,1,91250.0,91249.5,1.0,3.0,inv,0.0,-0.09175,0.09125,5.0,ifvg,0.001,-0.183,274
2025-11,usd_1_3,1851452,1851452,1,91261.0,91264.0,1.0,3.0,tp,0.0,-0.08826099999999999,0.091261,5.0,ifvg,0.001,-0.179522,275
2025-11,usd_1_3,1851442,1855028,-1,91268.0,91378.0,110.0,1320.0,sl,3689.0,-0.201268,0.091268,5.0,ifvg_clean,0.001,-0.292536,276
2025-11,usd_1_3,1855437,1855437,1,91522.2,91521.2,1.0,3.0,sl,0.0,-0.0925222,0.0915222,5.0,ifvg,0.001,-0.1840444,277
2025-11,usd_1_3,1855437,1855437,1,91544.29999999999,91543.29999999999,1.0,3.0,sl,0.0,-0.0925443,0.0915443,5.0,ifvg,0.001,-0.1840886,278
2025-11,usd_1_3,1855437,1855437,1,91566.4,91565.4,1.0,3.0,sl,0.0,-0.09256640000000001,0.0915664,5.0,ifvg,0.001,-0.1841328,279
2025-11,usd_1_3,1855437,1855728,-1,91503.0,91566.9,220.99999999998545,2651.9999999998254,inv,291.0,-0.15540299999999418,0.091503,5.0,ifvg_clean,0.001,-0.24690599999999419,280
2025-11,usd_1_3,1828707,1893315,1,89975.4,94241.40000000034,355.5000000000291,4266.000000000349,tp,64815.0,4.176024600000349,0.0899754,5.0,ifvg_clean,0.001,4.086049200000349,281
2025-11,usd_1_3,1829202,1894262,1,90108.7,94308.7,350.0,4200.0,tp,65270.0,4.1098913,0.0901087,5.0,ifvg_clean,0.001,4.0197826,282
2025-11,usd_1_3,1920648,1920648,1,92337.0,92336.0,1.0,3.0,inv,0.0,-0.093337,0.092337,5.0,ifvg,0.001,-0.185674,283
2025-11,usd_1_3,1920648,1920648,1,92360.0,92359.0,1.0,3.0,sl,0.0,-0.09336,0.09236,5.0,ifvg,0.001,-0.18572,284
2025-11,usd_1_3,1920657,1920657,1,92314.0,92313.5,1.0,3.0,inv,0.0,-0.09281400000000001,0.09231400000000001,5.0,ifvg,0.001,-0.18512800000000001,285
2025-11,usd_1_3,1920648,1920883,-1,92320.0,92550.0,230.0,2760.0,sl,235.0,-0.32232000000000005,0.09232000000000001,5.0,ifvg_clean,0.001,-0.41464000000000006,286
2025-11,usd_1_3,1921919,1921919,-1,92863.15,92864.15,1.0,3.0,sl,0.0,-0.09386314999999999,0.09286314999999999,5.0,fvg,0.001,-0.18672629999999998,287
2025-11,usd_1_3,1921919,1921919,-1,92846.6,92847.6,1.0,3.0,sl,0.0,-0.09384660000000002,0.09284660000000002,5.0,fvg,0.001,-0.18669320000000003,288
2025-11,usd_1_3,1921920,1921920,-1,92879.7,92876.7,1.0,3.0,tp,0.0,-0.08987969999999999,0.0928797,5.0,fvg,0.001,-0.1827594,289
2025-11,usd_1_3,1981970,1981970,1,91820.8,91819.8,1.0,3.0,sl,0.0,-0.09282080000000001,0.09182080000000001,5.0,fvg,0.001,-0.18464160000000002,290
2025-11,usd_1_3,2014022,2014022,-1,92724.70000000001,92725.70000000001,1.0,3.0,sl,0.0,-0.09372470000000002,0.09272470000000002,5.0,ifvg,0.001,-0.18644940000000004,291
2025-11,usd_1_3,2014022,2014022,-1,92707.8,92708.8,1.0,3.0,sl,0.0,-0.09370780000000001,0.0927078,5.0,ifvg,0.001,-0.18641560000000001,292
2025-11,usd_1_3,2014025,2014025,-1,92741.6,92738.6,1.0,3.0,tp,0.0,-0.0897416,0.09274160000000001,5.0,ifvg,0.001,-0.1824832,293
2025-11,usd_1_3,2014022,2014068,1,92736.1,92707.3,169.00000000001455,2028.0000000001746,inv,46.0,-0.12153610000000292,0.09273610000000002,5.0,ifvg_clean,0.001,-0.21427220000000294,294
2025-11,usd_1_3,2036533,2036533,-1,93488.79999999999,93489.79999999999,1.0,3.0,sl,0.0,-0.09448879999999998,0.09348879999999998,5.0,ifvg,0.001,-0.18797759999999997,295
2025-11,usd_1_3,2036533,2036533,-1,93477.7,93478.7,1.0,3.0,sl,0.0,-0.0944777,0.0934777,5.0,ifvg,0.001,-0.1879554,296
2025-11,usd_1_3,2036533,2036535,-1,93499.9,93496.9,1.0,3.0,tp,2.0,-0.0904999,0.0934999,5.0,ifvg,0.001,-0.1839998,297
2025-11,usd_1_3,2036533,2043567,1,93499.9,93477.2,110.99999999998545,1331.9999999998254,inv,7093.0,-0.11619989999999708,0.0934999,5.0,ifvg_clean,0.001,-0.20969979999999708,298
2025-11,usd_1_3,2053144,2053144,1,92991.7,92991.2,1.0,3.0,inv,0.0,-0.0934917,0.0929917,5.0,ifvg,0.001,-0.1864834,299
2025-11,usd_1_3,2053144,2053144,1,93032.54999999999,93031.54999999999,1.0,3.0,sl,0.0,-0.09403254999999999,0.09303254999999999,5.0,ifvg,0.001,-0.18706509999999998,300
2025-11,usd_1_3,2053144,2053144,1,93073.4,93072.4,1.0,3.0,sl,0.0,-0.0940734,0.0930734,5.0,ifvg,0.001,-0.1871468,301
2025-11,usd_1_3,2053144,2058589,-1,92988.2,93396.69999999998,408.49999999998545,4901.999999999825,sl,5578.0,-0.5014881999999854,0.0929882,5.0,ifvg_clean,0.001,-0.5944763999999854,302
2025-11,usd_1_3,2289560,2289560,1,93271.4,93270.4,1.0,3.0,inv,0.0,-0.0942714,0.0932714,5.0,ifvg,0.001,-0.1875428,303
2025-11,usd_1_3,2289560,2289560,1,93283.5,93282.5,1.0,3.0,sl,0.0,-0.0942835,0.0932835,5.0,ifvg,0.001,-0.187567,304
2025-11,usd_1_3,2289598,2289598,1,93259.3,93258.8,1.0,3.0,inv,0.0,-0.09375930000000002,0.09325930000000002,5.0,ifvg,0.001,-0.18701860000000003,305
2025-11,usd_1_3,2289560,2294059,-1,93260.5,93381.49999999999,120.99999999998545,1451.9999999998254,sl,4503.0,-0.21426049999998548,0.09326050000000001,5.0,ifvg_clean,0.001,-0.3075209999999855,306
2025-11,usd_1_3,2331748,2331748,-1,95377.2,95378.2,1.0,3.0,sl,0.0,-0.09637720000000001,0.09537720000000001,5.0,fvg,0.001,-0.19175440000000002,307
2025-11,usd_1_3,2331921,2331921,-1,95428.4,95425.4,1.0,3.0,tp,0.0,-0.0924284,0.0954284,5.0,fvg,0.001,-0.1878568,308
2025-11,usd_1_3,2339294,2339294,1,94015.9,94015.4,1.0,3.0,inv,0.0,-0.0945159,0.0940159,5.0,ifvg,0.001,-0.1885318,309
2025-11,usd_1_3,2339294,2339294,1,94057.95,94056.95,1.0,3.0,sl,0.0,-0.09505795,0.09405795,5.0,ifvg,0.001,-0.1891159,310
2025-11,usd_1_3,2339294,2339294,1,94100.0,94099.0,1.0,3.0,sl,0.0,-0.09510000000000002,0.09410000000000002,5.0,ifvg,0.001,-0.18920000000000003,311
2025-11,usd_1_3,2339294,2353073,-1,94004.4,94424.90000000002,420.5000000000291,5046.000000000349,sl,13913.0,-0.5145044000000292,0.09400439999999999,5.0,ifvg_clean,0.001,-0.6085088000000292,312
2025-11,usd_1_3,2429707,2429707,1,95244.75,95243.75,1.0,3.0,sl,0.0,-0.09624475,0.09524475,5.0,ifvg,0.001,-0.1914895,313
2025-11,usd_1_3,2429707,2429707,1,95275.5,95274.5,1.0,3.0,sl,0.0,-0.09627550000000001,0.09527550000000001,5.0,ifvg,0.001,-0.19155100000000003,314
2025-11,usd_1_3,2429708,2429708,1,95214.0,95217.0,1.0,3.0,tp,0.0,-0.092214,0.09521400000000001,5.0,ifvg,0.001,-0.187428,315
2025-11,usd_1_3,2429707,2429868,-1,95218.8,95276.0,307.5,3690.0,inv,161.0,-0.1524187999999971,0.0952188,5.0,ifvg_clean,0.001,-0.24763759999999713,316
2025-11,usd_1_3,2431265,2431265,1,94983.9,94986.9,1.0,3.0,tp,0.0,-0.0919839,0.0949839,5.0,fvg,0.001,-0.1869678,317
2025-11,usd_1_3,2432775,2432775,1,95124.0,95123.0,1.0,3.0,inv,0.0,-0.096124,0.095124,5.0,ifvg,0.001,-0.191248,318
2025-11,usd_1_3,2432775,2432775,1,95151.8,95150.8,1.0,3.0,sl,0.0,-0.09615180000000001,0.09515180000000001,5.0,ifvg,0.001,-0.19130360000000002,319
2025-11,usd_1_3,2433092,2433092,1,95096.2,95095.7,1.0,3.0,inv,0.0,-0.09559619999999999,0.09509619999999999,5.0,ifvg,0.001,-0.19069239999999998,320
2025-11,usd_1_3,2432775,2434092,-1,95111.5,95389.50000000003,278.0000000000291,3336.0000000003492,sl,1342.0,-0.37311150000002913,0.09511150000000002,5.0,ifvg_clean,0.001,-0.46822300000002914,321
2025-11,usd_1_3,2469316,2469316,1,94986.1,94985.1,1.0,3.0,sl,0.0,-0.0959861,0.0949861,5.0,ifvg,0.001,-0.1909722,322
2025-11,usd_1_3,2469316,2469316,1,95010.9,95009.9,1.0,3.0,sl,0.0,-0.0960109,0.0950109,5.0,ifvg,0.001,-0.1910218,323
2025-11,usd_1_3,2469316,2469316,1,95035.7,95034.7,1.0,3.0,sl,0.0,-0.0960357,0.0950357,5.0,ifvg,0.001,-0.1910714,324
2025-11,usd_1_3,2469316,2472650,-1,94982.4,95036.2,247.99999999995634,2975.999999999476,inv,3447.0,-0.14878240000000292,0.0949824,5.0,ifvg_clean,0.001,-0.24376480000000292,325
2025-11,usd_1_3,2498952,2498952,-1,94679.9,94680.9,1.0,3.0,sl,0.0,-0.0956799,0.0946799,5.0,fvg,0.001,-0.1903598,326
2025-11,usd_1_3,2500615,2500615,1,94480.54999999999,94479.54999999999,1.0,3.0,inv,0.0,-0.09548055,0.09448055,5.0,ifvg,0.001,-0.1899611,327
2025-11,usd_1_3,2500615,2500615,1,94493.2,94492.2,1.0,3.0,sl,0.0,-0.0954932,0.0944932,5.0,ifvg,0.001,-0.1899864,328
2025-11,usd_1_3,2500693,2500693,1,94467.9,94467.4,1.0,3.0,inv,0.0,-0.09496790000000001,0.09446790000000001,5.0,ifvg,0.001,-0.18943580000000002,329
2025-11,usd_1_3,2500615,2502133,-1,94476.6,94603.10000000002,126.50000000001455,1518.0000000001746,sl,1520.0,-0.22097660000001457,0.09447660000000001,5.0,ifvg_clean,0.001,-0.3154532000000146,330
2025-11,usd_1_3,2508922,2508922,1,93880.0,93879.0,1.0,3.0,sl,0.0,-0.09487999999999999,0.09387999999999999,5.0,ifvg,0.001,-0.18875999999999998,331
2025-11,usd_1_3,2508922,2508922,1,93900.0,93899.0,1.0,3.0,sl,0.0,-0.09490000000000001,0.09390000000000001,5.0,ifvg,0.001,-0.18880000000000002,332
2025-11,usd_1_3,2508931,2508931,1,93860.0,93863.0,1.0,3.0,tp,0.0,-0.09086,0.09386,5.0,ifvg,0.001,-0.18472,333
2025-11,usd_1_3,2508922,2509685,-1,93870.5,93900.5,200.0,2400.0,inv,767.0,-0.12387050000000001,0.09387050000000001,5.0,ifvg_clean,0.001,-0.21774100000000002,334
2025-11,usd_1_3,2512979,2512979,-1,93641.3,93642.3,1.0,3.0,sl,0.0,-0.0946413,0.0936413,5.0,ifvg,0.001,-0.1882826,335
2025-11,usd_1_3,2512979,2512979,-1,93630.0,93631.0,1.0,3.0,sl,0.0,-0.09462999999999999,0.09362999999999999,5.0,ifvg,0.001,-0.18825999999999998,336
2025-11,usd_1_3,2512980,2512980,-1,93652.6,93649.6,1.0,3.0,tp,0.0,-0.0906526,0.0936526,5.0,ifvg,0.001,-0.1843052,337
2025-11,usd_1_3,2512979,2513017,1,93645.2,93629.5,113.0000000000291,1356.0000000003492,inv,38.0,-0.10934519999999709,0.0936452,5.0,ifvg_clean,0.001,-0.20299039999999707,338
2025-11,usd_2_6,579342,579342,-1,78102.0,78104.0,2.0,6.0,sl,0.0,-0.080102,0.078102,5.0,ifvg,0.001,-0.158204,0
2025-11,usd_2_6,579342,579342,-1,78053.15,78055.15,2.0,6.0,sl,0.0,-0.08005315,0.07805315,5.0,ifvg,0.001,-0.1581063,1
2025-11,usd_2_6,579342,579342,-1,78004.3,78006.3,2.0,6.0,sl,0.0,-0.0800043,0.0780043,5.0,ifvg,0.001,-0.1580086,2
2025-11,usd_2_6,650755,650755,-1,78415.9,78417.9,2.0,6.0,sl,0.0,-0.0804159,0.0784159,5.0,fvg,0.001,-0.1588318,3
2025-11,usd_2_6,650829,650829,-1,78466.1,78468.1,2.0,6.0,sl,0.0,-0.08046610000000001,0.07846610000000001,5.0,fvg,0.001,-0.15893220000000002,4
2025-11,usd_2_6,579342,652077,1,78116.4,78003.8,488.49999999998545,5861.999999999825,inv,73024.0,-0.1907163999999913,0.0781164,5.0,ifvg_clean,0.001,-0.2688327999999913,5
2025-11,usd_2_6,652858,652858,-1,78157.4,78159.4,2.0,6.0,sl,0.0,-0.0801574,0.0781574,5.0,fvg,0.001,-0.1583148,6
2025-11,usd_2_6,685131,685131,1,74778.9,74784.9,2.0,6.0,tp,0.0,-0.06877889999999999,0.0747789,5.0,ifvg,0.001,-0.14355779999999999,7
2025-11,usd_2_6,685131,685131,1,74806.4,74804.4,2.0,6.0,sl,0.0,-0.0768064,0.0748064,5.0,ifvg,0.001,-0.1516128,8
2025-11,usd_2_6,685148,685148,1,74751.4,74750.9,2.0,6.0,inv,0.0,-0.0752514,0.0747514,5.0,ifvg,0.001,-0.1500028,9
2025-11,usd_2_6,685131,685215,-1,74785.0,75060.0,275.0,3300.0,sl,84.0,-0.349785,0.074785,5.0,ifvg_clean,0.001,-0.42457,10
2025-11,usd_2_6,694026,694026,1,74964.65,74970.65,2.0,6.0,tp,0.0,-0.06896464999999999,0.07496465,5.0,fvg,0.001,-0.14392929999999998,11
2025-11,usd_2_6,694026,694026,1,74985.2,74991.2,2.0,6.0,tp,0.0,-0.06898519999999998,0.07498519999999999,5.0,fvg,0.001,-0.14397039999999997,12
2025-11,usd_2_6,694536,694536,1,75343.2,75349.2,2.0,6.0,tp,0.0,-0.0693432,0.0753432,5.0,fvg,0.001,-0.1446864,13
2025-11,usd_2_6,722476,722476,1,76144.15,76142.15,2.0,6.0,inv,0.0,-0.07814415,0.07614415,5.0,ifvg,0.001,-0.1542883,14
2025-11,usd_2_6,722476,722476,1,76180.0,76178.0,2.0,6.0,sl,0.0,-0.07818000000000001,0.07618000000000001,5.0,ifvg,0.001,-0.15436000000000002,15
2025-11,usd_2_6,722482,722482,1,76108.3,76107.8,2.0,6.0,inv,0.0,-0.0766083,0.0761083,5.0,ifvg,0.001,-0.1527166,16
2025-11,usd_2_6,722476,723640,-1,76115.3,76473.79999999999,358.49999999998545,4301.999999999825,sl,1164.0,-0.43461529999998544,0.07611530000000001,5.0,ifvg_clean,0.001,-0.5107305999999855,17
2025-11,usd_2_6,725360,725360,-1,76369.05,76371.05,2.0,6.0,sl,0.0,-0.07836905000000001,0.07636905000000001,5.0,ifvg,0.001,-0.15473810000000002,18
2025-11,usd_2_6,725360,725360,-1,76345.6,76347.6,2.0,6.0,sl,0.0,-0.0783456,0.0763456,5.0,ifvg,0.001,-0.1546912,19
2025-11,usd_2_6,725366,725366,-1,76392.5,76386.5,2.0,6.0,tp,0.0,-0.0703925,0.0763925,5.0,ifvg,0.001,-0.146785,20
2025-11,usd_2_6,725919,725919,1,76754.7,76752.7,2.0,6.0,sl,0.0,-0.0787547,0.0767547,5.0,fvg,0.001,-0.1555094,21
2025-11,usd_2_6,726477,726477,1,76889.2,76887.2,2.0,6.0,sl,0.0,-0.0788892,0.0768892,5.0,ifvg,0.001,-0.1557784,22
2025-11,usd_2_6,726477,726477,-1,76876.0,76889.7,188.49999999998545,2261.9999999998254,inv,0.0,-0.09057599999999709,0.076876,5.0,ifvg_clean,0.001,-0.1674519999999971,23
2025-11,usd_2_6,726483,726483,1,76870.35,76876.35,2.0,6.0,tp,0.0,-0.07087035,0.07687035,5.0,ifvg,0.001,-0.1477407,24
2025-11,usd_2_6,726533,726533,1,76851.5,76857.5,2.0,6.0,tp,0.0,-0.0708515,0.0768515,5.0,ifvg,0.001,-0.147703,25
2025-11,usd_2_6,729466,729466,1,77380.25,77378.25,2.0,6.0,sl,0.0,-0.07938025000000001,0.07738025000000001,5.0,ifvg,0.001,-0.15676050000000002,26
2025-11,usd_2_6,729466,729466,1,77420.5,77418.5,2.0,6.0,sl,0.0,-0.0794205,0.0774205,5.0,ifvg,0.001,-0.156841,27
2025-11,usd_2_6,729467,729467,1,77340.0,77338.0,2.0,6.0,sl,0.0,-0.07934000000000001,0.07734,5.0,ifvg,0.001,-0.15668,28
2025-11,usd_2_6,729466,729471,-1,77348.8,77421.0,402.5,4830.0,inv,5.0,-0.1495487999999971,0.07734880000000001,5.0,ifvg_clean,0.001,-0.2268975999999971,29
2025-11,usd_2_6,732178,732178,1,77848.8,77846.8,2.0,6.0,sl,0.0,-0.07984880000000001,0.07784880000000001,5.0,ifvg,0.001,-0.15769760000000002,30
2025-11,usd_2_6,732178,732178,1,77861.4,77859.4,2.0,6.0,sl,0.0,-0.0798614,0.0778614,5.0,ifvg,0.001,-0.1577228,31
2025-11,usd_2_6,732178,732178,1,77874.0,77872.0,2.0,6.0,sl,0.0,-0.079874,0.077874,5.0,ifvg,0.001,-0.157748,32
2025-11,usd_2_6,733840,733840,1,76955.85,76953.85,2.0,6.0,inv,0.0,-0.07895585000000002,0.07695585000000002,5.0,ifvg,0.001,-0.15591170000000004,33
2025-11,usd_2_6,733840,733840,1,76971.5,76969.5,2.0,6.0,sl,0.0,-0.07897150000000001,0.07697150000000001,5.0,ifvg,0.001,-0.15594300000000003,34
2025-11,usd_2_6,733840,733870,-1,76946.1,77102.60000000002,156.50000000001455,1878.0000000001746,sl,30.0,-0.23344610000001453,0.0769461,5.0,ifvg_clean,0.001,-0.31039220000001455,35
2025-11,usd_2_6,735506,735506,-1,77473.0,77475.0,2.0,6.0,sl,0.0,-0.079473,0.077473,5.0,ifvg,0.001,-0.156946,36
2025-11,usd_2_6,735506,735506,-1,77426.0,77428.0,2.0,6.0,sl,0.0,-0.07942600000000001,0.07742600000000001,5.0,ifvg,0.001,-0.15685200000000002,37
2025-11,usd_2_6,735511,735511,-1,77520.0,77514.0,2.0,6.0,tp,0.0,-0.07151999999999999,0.07751999999999999,5.0,ifvg,0.001,-0.14903999999999998,38
2025-11,usd_2_6,735506,735542,1,77517.3,77425.5,470.0,5640.0,inv,36.0,-0.16931730000000292,0.07751730000000001,5.0,ifvg_clean,0.001,-0.24683460000000293,39
2025-11,usd_2_6,737180,737180,-1,77153.2,77155.2,2.0,6.0,sl,0.0,-0.0791532,0.0771532,5.0,ifvg,0.001,-0.1563064,40
2025-11,usd_2_6,737180,737180,-1,77130.4,77132.4,2.0,6.0,sl,0.0,-0.0791304,0.0771304,5.0,ifvg,0.001,-0.1562608,41
2025-11,usd_2_6,737201,737201,-1,77176.0,77170.0,2.0,6.0,tp,0.0,-0.071176,0.07717600000000001,5.0,ifvg,0.001,-0.148352,42
2025-11,usd_2_6,737180,737306,1,77168.0,77129.9,228.0000000000291,2736.0000000003492,inv,129.0,-0.11526800000000584,0.07716800000000001,5.0,ifvg_clean,0.001,-0.19243600000000585,43
2025-11,usd_2_6,738141,738141,-1,77720.1,77720.6,2.0,6.0,inv,0.0,-0.0782201,0.0777201,5.0,ifvg,0.001,-0.1559402,44
2025-11,usd_2_6,738141,738141,-1,77692.1,77694.1,2.0,6.0,sl,0.0,-0.07969210000000002,0.07769210000000001,5.0,ifvg,0.001,-0.15738420000000003,45
2025-11,usd_2_6,738141,738141,-1,77664.1,77666.1,2.0,6.0,sl,0.0,-0.0796641,0.0776641,5.0,ifvg,0.001,-0.1573282,46
2025-11,usd_2_6,738817,738817,-1,77566.1,77568.1,2.0,6.0,inv,0.0,-0.07956610000000001,0.07756610000000001,5.0,ifvg,0.001,-0.15713220000000003,47
2025-11,usd_2_6,738817,738817,-1,77536.2,77538.2,2.0,6.0,sl,0.0,-0.0795362,0.0775362,5.0,ifvg,0.001,-0.1570724,48
2025-11,usd_2_6,738822,738822,-1,77596.0,77596.5,2.0,6.0,inv,0.0,-0.07809600000000001,0.07759600000000001,5.0,ifvg,0.001,-0.15569200000000002,49
2025-11,usd_2_6,732178,739636,-1,77844.1,77874.5,125.99999999998545,1511.9999999998254,inv,7462.0,-0.1082440999999942,0.07784410000000001,5.0,ifvg_clean,0.001,-0.1860881999999942,50
2025-11,usd_2_6,741966,741966,1,77960.0,77958.0,2.0,6.0,sl,0.0,-0.07996000000000002,0.07796000000000002,5.0,ifvg,0.001,-0.15792000000000003,51
2025-11,usd_2_6,741966,741966,1,77981.6,77979.6,2.0,6.0,sl,0.0,-0.07998160000000001,0.07798160000000001,5.0,ifvg,0.001,-0.15796320000000003,52
2025-11,usd_2_6,741966,741966,1,78003.2,78001.2,2.0,6.0,sl,0.0,-0.0800032,0.0780032,5.0,ifvg,0.001,-0.1580064,53
2025-11,usd_2_6,741966,741994,-1,77883.3,78003.7,215.99999999998545,2591.9999999998254,inv,28.0,-0.19828329999999417,0.0778833,5.0,ifvg_clean,0.001,-0.27616659999999416,54
2025-11,usd_2_6,742004,742004,-1,78321.6,78322.1,2.0,6.0,inv,0.0,-0.0788216,0.0783216,5.0,ifvg,0.001,-0.1571432,55
2025-11,usd_2_6,742004,742004,-1,78299.25,78293.25,2.0,6.0,tp,0.0,-0.07229925,0.07829925,5.0,ifvg,0.001,-0.1505985,56
2025-11,usd_2_6,742004,742004,-1,78276.9,78278.9,2.0,6.0,sl,0.0,-0.0802769,0.0782769,5.0,ifvg,0.001,-0.1585538,57
2025-11,usd_2_6,742005,742005,1,78521.4,78527.4,2.0,6.0,tp,0.0,-0.0725214,0.0785214,5.0,ifvg,0.001,-0.1510428,58
2025-11,usd_2_6,742005,742005,1,78547.4,78545.4,2.0,6.0,sl,0.0,-0.0805474,0.0785474,5.0,ifvg,0.001,-0.1590948,59
2025-11,usd_2_6,742005,742005,1,78573.4,78571.4,2.0,6.0,sl,0.0,-0.08057339999999999,0.07857339999999999,5.0,ifvg,0.001,-0.15914679999999998,60
2025-11,usd_2_6,742005,742011,-1,78526.7,78573.9,260.0,3120.0,inv,6.0,-0.12572669999999708,0.0785267,5.0,ifvg_clean,0.001,-0.2042533999999971,61
2025-11,usd_2_6,725360,742100,1,76392.0,79205.99999999965,234.4999999999709,2813.9999999996508,tp,16745.0,2.737607999999651,0.076392,5.0,ifvg_clean,0.001,2.6612159999996514,62
2025-11,usd_2_6,742004,742362,1,78295.3,80977.3000000007,223.5000000000582,2682.0000000006985,tp,358.0,2.6037047000006983,0.0782953,5.0,ifvg_clean,0.001,2.525409400000698,63
2025-11,usd_2_6,738141,742466,1,77720.1,81080.1,280.0,3360.0,tp,4327.0,3.2822799,0.0777201,5.0,ifvg_clean,0.001,3.2045597999999997,64
2025-11,usd_2_6,738817,742472,1,77579.1,81167.10000000018,299.00000000001455,3588.0000000001746,tp,3657.0,3.5104209000001747,0.07757910000000001,5.0,ifvg_clean,0.001,3.432841800000175,65
2025-11,usd_2_6,746114,746114,-1,82677.5,82678.0,2.0,6.0,inv,0.0,-0.0831775,0.0826775,5.0,ifvg,0.001,-0.165855,66
2025-11,usd_2_6,746114,746114,-1,82658.4,82660.4,2.0,6.0,sl,0.0,-0.08465840000000001,0.0826584,5.0,ifvg,0.001,-0.16731680000000002,67
2025-11,usd_2_6,746114,746114,-1,82639.3,82641.3,2.0,6.0,sl,0.0,-0.08463930000000001,0.08263930000000001,5.0,ifvg,0.001,-0.16727860000000003,68
2025-11,usd_2_6,746114,746190,1,82677.8,82486.80000000002,190.99999999998545,2291.9999999998254,sl,76.0,-0.2736777999999855,0.08267780000000001,5.0,ifvg_clean,0.001,-0.3563555999999855,69
2025-11,usd_2_6,751131,751131,1,82364.75,82362.75,2.0,6.0,inv,0.0,-0.08436475,0.08236475,5.0,ifvg,0.001,-0.1667295,70
2025-11,usd_2_6,751131,751131,1,82376.9,82374.9,2.0,6.0,sl,0.0,-0.08437689999999999,0.08237689999999999,5.0,ifvg,0.001,-0.16675379999999998,71
2025-11,usd_2_6,751159,751159,1,82352.6,82352.1,2.0,6.0,inv,0.0,-0.08285260000000001,0.08235260000000001,5.0,ifvg,0.001,-0.16520520000000002,72
2025-11,usd_2_6,751131,751652,-1,82357.3,82478.79999999994,121.49999999994179,1457.9999999993015,sl,521.0,-0.2038572999999418,0.08235730000000001,5.0,ifvg_clean,0.001,-0.2862145999999418,73
2025-11,usd_2_6,755703,755703,-1,83035.7,83037.7,2.0,6.0,inv,0.0,-0.0850357,0.0830357,5.0,ifvg,0.001,-0.1680714,74
2025-11,usd_2_6,755703,755703,-1,82980.0,82982.0,2.0,6.0,sl,0.0,-0.08498000000000001,0.08298000000000001,5.0,ifvg,0.001,-0.16796000000000003,75
2025-11,usd_2_6,755712,755712,-1,83091.4,83091.9,2.0,6.0,inv,0.0,-0.0835914,0.0830914,5.0,ifvg,0.001,-0.1666828,76
2025-11,usd_2_6,757425,757425,-1,82958.0,82960.0,2.0,6.0,sl,0.0,-0.084958,0.082958,5.0,ifvg,0.001,-0.167916,77
2025-11,usd_2_6,757425,757425,-1,82943.75,82945.75,2.0,6.0,sl,0.0,-0.08494375000000001,0.08294375000000001,5.0,ifvg,0.001,-0.16788750000000002,78
2025-11,usd_2_6,757425,757425,-1,82929.5,82931.5,2.0,6.0,sl,0.0,-0.0849295,0.0829295,5.0,ifvg,0.001,-0.167859,79
2025-11,usd_2_6,757425,757451,1,82957.3,82929.0,142.5,1710.0,inv,26.0,-0.11125730000000292,0.08295730000000001,5.0,ifvg_clean,0.001,-0.19421460000000293,80
2025-11,usd_2_6,755703,765887,1,83085.3,82528.30000000003,556.9999999999709,6683.999999999651,sl,10192.0,-0.640085299999971,0.0830853,5.0,ifvg_clean,0.001,-0.723170599999971,81
2025-11,usd_2_6,814568,814568,1,81519.55,81517.55,2.0,6.0,inv,0.0,-0.08351955000000001,0.08151955000000001,5.0,ifvg,0.001,-0.16503910000000002,82
2025-11,usd_2_6,814568,814568,1,81534.0,81532.0,2.0,6.0,sl,0.0,-0.08353400000000001,0.08153400000000001,5.0,ifvg,0.001,-0.16506800000000002,83
2025-11,usd_2_6,814580,814580,1,81505.1,81504.6,2.0,6.0,inv,0.0,-0.08200510000000001,0.08150510000000001,5.0,ifvg,0.001,-0.16351020000000002,84
2025-11,usd_2_6,814568,814733,-1,81509.2,81653.69999999997,144.4999999999709,1733.9999999996508,sl,165.0,-0.22600919999997088,0.08150919999999999,5.0,ifvg_clean,0.001,-0.3075183999999709,85
2025-11,usd_2_6,827743,827743,-1,78693.6,78695.6,2.0,6.0,sl,0.0,-0.0806936,0.0786936,5.0,ifvg,0.001,-0.1593872,86
2025-11,usd_2_6,827743,827743,-1,78633.9,78635.9,2.0,6.0,sl,0.0,-0.0806339,0.07863389999999999,5.0,ifvg,0.001,-0.1592678,87
2025-11,usd_2_6,827757,827757,-1,78753.3,78747.3,2.0,6.0,tp,0.0,-0.0727533,0.07875330000000001,5.0,ifvg,0.001,-0.15150660000000002,88
2025-11,usd_2_6,827743,827991,1,78751.0,78633.4,597.0000000000437,7164.000000000524,inv,248.0,-0.19635100000000583,0.078751,5.0,ifvg_clean,0.001,-0.27510200000000584,89
2025-11,usd_2_6,829552,829552,-1,79160.0,79162.0,2.0,6.0,sl,0.0,-0.08116,0.07916,5.0,ifvg,0.001,-0.16032,90
2025-11,usd_2_6,829552,829552,-1,79149.95,79151.95,2.0,6.0,sl,0.0,-0.08114995000000001,0.07914995000000001,5.0,ifvg,0.001,-0.16029990000000002,91
2025-11,usd_2_6,829552,829552,-1,79139.9,79141.9,2.0,6.0,sl,0.0,-0.0811399,0.0791399,5.0,ifvg,0.001,-0.1602798,92
2025-11,usd_2_6,829552,829576,1,79173.2,79139.4,100.5000000000291,1206.0000000003492,inv,24.0,-0.11297320000000291,0.0791732,5.0,ifvg_clean,0.001,-0.1921464000000029,93
2025-11,usd_2_6,831600,831600,-1,79241.3,79241.8,2.0,6.0,inv,0.0,-0.07974130000000001,0.07924130000000001,5.0,ifvg,0.001,-0.15898260000000003,94
2025-11,usd_2_6,831600,831600,-1,79214.95000000001,79216.95000000001,2.0,6.0,sl,0.0,-0.08121495000000002,0.07921495000000002,5.0,ifvg,0.001,-0.16042990000000004,95
2025-11,usd_2_6,831600,831600,-1,79188.6,79190.6,2.0,6.0,sl,0.0,-0.08118860000000001,0.07918860000000001,5.0,ifvg,0.001,-0.16037720000000003,96
2025-11,usd_2_6,831687,831687,1,79280.0,79278.0,2.0,6.0,sl,0.0,-0.08128,0.07928,5.0,ifvg,0.001,-0.16056,97
2025-11,usd_2_6,831687,831687,1,79300.0,79298.0,2.0,6.0,sl,0.0,-0.0813,0.0793,5.0,ifvg,0.001,-0.1606,98
2025-11,usd_2_6,831689,831689,1,79260.0,79266.0,2.0,6.0,tp,0.0,-0.07326,0.07926000000000001,5.0,ifvg,0.001,-0.15252000000000002,99
2025-11,usd_2_6,831687,831693,-1,79266.6,79300.5,200.0,2400.0,inv,6.0,-0.11316659999999418,0.0792666,5.0,ifvg_clean,0.001,-0.1924331999999942,100
2025-11,usd_2_6,853164,853164,-1,79596.0,79598.0,2.0,6.0,sl,0.0,-0.081596,0.079596,5.0,fvg,0.001,-0.161192,101
2025-11,usd_2_6,853164,853164,-1,79563.3,79565.3,2.0,6.0,sl,0.0,-0.0815633,0.0795633,5.0,fvg,0.001,-0.1611266,102
2025-11,usd_2_6,854638,854638,-1,79416.55,79418.55,2.0,6.0,sl,0.0,-0.08141655,0.07941655,5.0,ifvg,0.001,-0.1608331,103
2025-11,usd_2_6,854638,854638,-1,79406.0,79408.0,2.0,6.0,sl,0.0,-0.081406,0.079406,5.0,ifvg,0.001,-0.160812,104
2025-11,usd_2_6,854638,854645,1,79415.7,79405.5,105.5000000000291,1266.0000000003492,inv,7.0,-0.08961569999999709,0.0794157,5.0,ifvg_clean,0.001,-0.1690313999999971,105
2025-11,usd_2_6,854654,854654,-1,79427.1,79429.1,2.0,6.0,sl,0.0,-0.08142710000000002,0.07942710000000001,5.0,ifvg,0.001,-0.16085420000000003,106
2025-11,usd_2_6,831600,855415,1,79236.5,78973.00000000001,263.49999999998545,3161.9999999998254,sl,24228.0,-0.34273649999998546,0.0792365,5.0,ifvg_clean,0.001,-0.42197299999998544,107
2025-11,usd_2_6,856804,856804,-1,79525.6,79527.6,2.0,6.0,sl,0.0,-0.08152560000000002,0.07952560000000002,5.0,fvg,0.001,-0.16105120000000003,108
2025-11,usd_2_6,857270,857270,-1,79537.75,79531.75,2.0,6.0,tp,0.0,-0.07353775,0.07953775,5.0,fvg,0.001,-0.1530755,109
2025-11,usd_2_6,857274,857274,-1,79549.9,79543.9,2.0,6.0,tp,0.0,-0.07354989999999999,0.07954989999999999,5.0,fvg,0.001,-0.15309979999999998,110
2025-11,usd_2_6,857358,857358,-1,79628.7,79622.7,2.0,6.0,tp,0.0,-0.07362869999999999,0.0796287,5.0,fvg,0.001,-0.1532574,111
2025-11,usd_2_6,862409,862409,1,80287.5,80285.5,2.0,6.0,sl,0.0,-0.08228750000000001,0.08028750000000001,5.0,ifvg,0.001,-0.16257500000000003,112
2025-11,usd_2_6,862409,862409,1,80313.05,80311.05,2.0,6.0,sl,0.0,-0.08231305000000001,0.08031305000000001,5.0,ifvg,0.001,-0.16262610000000002,113
2025-11,usd_2_6,862409,862409,1,80338.6,80336.6,2.0,6.0,sl,0.0,-0.08233860000000001,0.08033860000000001,5.0,ifvg,0.001,-0.16267720000000002,114
2025-11,usd_2_6,862409,862774,-1,80280.1,80339.1,255.5000000000291,3066.0000000003492,inv,365.0,-0.13928010000000002,0.08028010000000001,5.0,ifvg_clean,0.001,-0.21956020000000004,115
2025-11,usd_2_6,863815,863815,-1,80609.2,80611.2,2.0,6.0,inv,0.0,-0.08260920000000001,0.0806092,5.0,ifvg,0.001,-0.1632184,116
2025-11,usd_2_6,863815,863815,-1,80587.4,80589.4,2.0,6.0,sl,0.0,-0.0825874,0.0805874,5.0,ifvg,0.001,-0.1631748,117
2025-11,usd_2_6,864055,864055,-1,80631.0,80631.5,2.0,6.0,inv,0.0,-0.08113100000000001,0.08063100000000001,5.0,ifvg,0.001,-0.16176200000000002,118
2025-11,usd_2_6,870988,870988,-1,80535.0,80537.0,2.0,6.0,sl,0.0,-0.082535,0.080535,5.0,ifvg,0.001,-0.16307,119
2025-11,usd_2_6,870988,870988,-1,80521.9,80523.9,2.0,6.0,sl,0.0,-0.08252190000000001,0.08052190000000001,5.0,ifvg,0.001,-0.16304380000000002,120
2025-11,usd_2_6,871004,871004,-1,80548.1,80542.1,2.0,6.0,tp,0.0,-0.0745481,0.08054810000000001,5.0,ifvg,0.001,-0.15509620000000002,121
2025-11,usd_2_6,880686,880686,1,80788.9,80786.9,2.0,6.0,sl,0.0,-0.0827889,0.0807889,5.0,ifvg,0.001,-0.1635778,122
2025-11,usd_2_6,880686,880686,1,80807.8,80805.8,2.0,6.0,sl,0.0,-0.0828078,0.0808078,5.0,ifvg,0.001,-0.1636156,123
2025-11,usd_2_6,880686,880687,-1,80779.6,80808.3,189.00000000001455,2268.0000000001746,inv,1.0,-0.1094795999999971,0.08077960000000001,5.0,ifvg_clean,0.001,-0.1902591999999971,124
2025-11,usd_2_6,880695,880695,1,80770.0,80776.0,2.0,6.0,tp,0.0,-0.07476999999999999,0.08077,5.0,ifvg,0.001,-0.15553999999999998,125
2025-11,usd_2_6,880711,880711,-1,80890.0,80890.5,2.0,6.0,inv,0.0,-0.08139,0.08089,5.0,ifvg,0.001,-0.16228,126
2025-11,usd_2_6,880711,880711,-1,80864.2,80866.2,2.0,6.0,sl,0.0,-0.0828642,0.0808642,5.0,ifvg,0.001,-0.1637284,127
2025-11,usd_2_6,880711,880711,-1,80838.4,80840.4,2.0,6.0,sl,0.0,-0.08283839999999999,0.08083839999999999,5.0,ifvg,0.001,-0.16367679999999998,128
2025-11,usd_2_6,881134,881134,1,81492.9,81490.9,2.0,6.0,sl,0.0,-0.0834929,0.0814929,5.0,fvg,0.001,-0.1649858,129
2025-11,usd_2_6,881679,881679,1,81292.45,81298.45,2.0,6.0,tp,0.0,-0.07529245,0.08129245,5.0,fvg,0.001,-0.1565849,130
2025-11,usd_2_6,883583,883583,-1,81580.2,81582.2,2.0,6.0,sl,0.0,-0.08358020000000001,0.0815802,5.0,fvg,0.001,-0.1651604,131
2025-11,usd_2_6,883600,883601,-1,81606.65,81608.65,2.0,6.0,sl,1.0,-0.08360665,0.08160665,5.0,fvg,0.001,-0.1652133,132
2025-11,usd_2_6,885286,885286,-1,81633.1,81627.1,2.0,6.0,tp,0.0,-0.07563310000000001,0.08163310000000001,5.0,fvg,0.001,-0.15726620000000002,133
2025-11,usd_2_6,870988,885833,1,80543.8,82115.8000000007,131.0000000000582,1572.0000000006985,tp,14892.0,1.4914562000006986,0.08054380000000001,5.0,ifvg_clean,0.001,1.4109124000006985,134
2025-11,usd_2_6,889177,889177,-1,82679.0,82681.0,2.0,6.0,sl,0.0,-0.084679,0.082679,5.0,ifvg,0.001,-0.167358,135
2025-11,usd_2_6,889177,889180,-1,82689.5,82683.5,2.0,6.0,tp,3.0,-0.0766895,0.0826895,5.0,ifvg,0.001,-0.159379,136
2025-11,usd_2_6,889305,889305,-1,82700.0,82700.5,2.0,6.0,inv,0.0,-0.08320000000000001,0.08270000000000001,5.0,ifvg,0.001,-0.16590000000000002,137
2025-11,usd_2_6,889177,890376,1,82690.8,82585.8,105.0,1260.0,sl,1199.0,-0.1876908,0.08269080000000001,5.0,ifvg_clean,0.001,-0.2703816,138
2025-11,usd_2_6,896810,896810,1,82288.1,82286.1,2.0,6.0,sl,0.0,-0.08428810000000002,0.08228810000000002,5.0,ifvg,0.001,-0.16657620000000004,139
2025-11,usd_2_6,896810,896810,1,82317.85,82315.85,2.0,6.0,sl,0.0,-0.08431785000000001,0.08231785000000001,5.0,ifvg,0.001,-0.16663570000000003,140
2025-11,usd_2_6,896810,896810,1,82347.6,82345.6,2.0,6.0,sl,0.0,-0.08434760000000002,0.08234760000000002,5.0,ifvg,0.001,-0.16669520000000004,141
2025-11,usd_2_6,896810,896850,-1,82286.5,82348.1,297.5,3570.0,inv,40.0,-0.14388650000000583,0.0822865,5.0,ifvg_clean,0.001,-0.22617300000000584,142
2025-11,usd_2_6,863815,900954,1,80627.9,83243.90000000034,218.0000000000291,2616.0000000003492,tp,37206.0,2.535372100000349,0.0806279,5.0,ifvg_clean,0.001,2.454744200000349,143
2025-11,usd_2_6,905779,905779,-1,82059.7,82061.7,2.0,6.0,sl,0.0,-0.0840597,0.0820597,5.0,ifvg,0.001,-0.1661194,144
2025-11,usd_2_6,905779,905779,-1,81986.0,81988.0,2.0,6.0,sl,0.0,-0.083986,0.081986,5.0,ifvg,0.001,-0.165972,145
2025-11,usd_2_6,905780,905780,-1,82133.4,82127.4,2.0,6.0,tp,0.0,-0.07613339999999999,0.0821334,5.0,ifvg,0.001,-0.15826679999999999,146
2025-11,usd_2_6,905779,905827,1,82123.8,81985.5,736.9999999999709,8843.99999999965,inv,48.0,-0.22042380000000295,0.08212380000000001,5.0,ifvg_clean,0.001,-0.30254760000000297,147
2025-11,usd_2_6,906571,906572,1,81900.0,81906.0,2.0,6.0,tp,1.0,-0.0759,0.0819,5.0,fvg,0.001,-0.1578,148
2025-11,usd_2_6,906644,906644,1,81840.8,81846.8,2.0,6.0,tp,0.0,-0.0758408,0.0818408,5.0,fvg,0.001,-0.1576816,149
2025-11,usd_2_6,906695,906695,1,81781.6,81779.6,2.0,6.0,sl,0.0,-0.08378160000000001,0.08178160000000001,5.0,fvg,0.001,-0.16556320000000002,150
2025-11,usd_2_6,906736,906736,-1,81904.5,81898.5,2.0,6.0,tp,0.0,-0.0759045,0.0819045,5.0,fvg,0.001,-0.157809,151
2025-11,usd_2_6,906739,906739,-1,81931.2,81925.2,2.0,6.0,tp,0.0,-0.0759312,0.08193120000000001,5.0,fvg,0.001,-0.1578624,152
2025-11,usd_2_6,906771,906771,-1,81957.9,81951.9,2.0,6.0,tp,0.0,-0.0759579,0.0819579,5.0,fvg,0.001,-0.1579158,153
2025-11,usd_2_6,909245,909245,1,82486.35,82484.35,2.0,6.0,sl,0.0,-0.08448635,0.08248635,5.0,ifvg,0.001,-0.1669727,154
2025-11,usd_2_6,909245,909245,1,82514.5,82512.5,2.0,6.0,sl,0.0,-0.0845145,0.0825145,5.0,ifvg,0.001,-0.167029,155
2025-11,usd_2_6,909318,909318,1,82458.2,82456.2,2.0,6.0,sl,0.0,-0.08445820000000001,0.08245820000000001,5.0,ifvg,0.001,-0.16691640000000002,156
2025-11,usd_2_6,909245,909423,-1,82462.4,82515.0,281.50000000001455,3378.0000000001746,inv,181.0,-0.13506240000000583,0.0824624,5.0,ifvg_clean,0.001,-0.21752480000000585,157
2025-11,usd_2_6,910574,910574,-1,82247.55,82249.55,2.0,6.0,sl,0.0,-0.08424755,0.08224755,5.0,fvg,0.001,-0.1664951,158
2025-11,usd_2_6,910574,910574,-1,82234.3,82236.3,2.0,6.0,sl,0.0,-0.08423430000000001,0.08223430000000001,5.0,fvg,0.001,-0.16646860000000002,159
2025-11,usd_2_6,910587,910587,-1,82260.8,82254.8,2.0,6.0,tp,0.0,-0.0762608,0.08226080000000001,5.0,fvg,0.001,-0.1585216,160
2025-11,usd_2_6,911207,911207,-1,82400.0,82402.0,2.0,6.0,sl,0.0,-0.0844,0.0824,5.0,fvg,0.001,-0.1668,161
2025-11,usd_2_6,911217,911217,-1,82427.55,82429.55,2.0,6.0,sl,0.0,-0.08442755000000002,0.08242755000000002,5.0,fvg,0.001,-0.16685510000000003,162
2025-11,usd_2_6,911249,911250,-1,82455.1,82457.1,2.0,6.0,sl,1.0,-0.0844551,0.0824551,5.0,fvg,0.001,-0.1669102,163
2025-11,usd_2_6,911491,911491,1,82573.3,82579.3,2.0,6.0,tp,0.0,-0.0765733,0.0825733,5.0,fvg,0.001,-0.1591466,164
2025-11,usd_2_6,880711,915647,1,80874.3,83970.30000000035,258.0000000000291,3096.0000000003492,tp,34951.0,3.015125700000349,0.08087430000000001,5.0,ifvg_clean,0.001,2.934251400000349,165
2025-11,usd_2_6,948607,948607,-1,82801.4,82803.4,2.0,6.0,sl,0.0,-0.0848014,0.0828014,5.0,fvg,0.001,-0.1676028,166
2025-11,usd_2_6,948628,948637,-1,82850.75,82852.75,2.0,6.0,sl,9.0,-0.08485075,0.08285075,5.0,fvg,0.001,-0.1677015,167
2025-11,usd_2_6,949102,949103,-1,82900.1,82902.1,2.0,6.0,sl,1.0,-0.0849001,0.0829001,5.0,fvg,0.001,-0.1678002,168
2025-11,usd_2_6,1037184,1037184,1,85555.4,85553.4,2.0,6.0,sl,0.0,-0.08755539999999999,0.08555539999999999,5.0,fvg,0.001,-0.17311079999999998,169
2025-11,usd_2_6,1037187,1037187,1,85538.15,85536.15,2.0,6.0,sl,0.0,-0.08753815000000001,0.08553815000000001,5.0,fvg,0.001,-0.17307630000000002,170
2025-11,usd_2_6,1037189,1037190,1,85520.9,85526.9,2.0,6.0,tp,1.0,-0.07952089999999999,0.0855209,5.0,fvg,0.001,-0.1650418,171
2025-11,usd_2_6,1245361,1245361,-1,85642.55,85644.55,2.0,6.0,sl,0.0,-0.08764255,0.08564255,5.0,ifvg,0.001,-0.1732851,172
2025-11,usd_2_6,1245361,1245361,-1,85620.0,85622.0,2.0,6.0,sl,0.0,-0.08762,0.08562,5.0,ifvg,0.001,-0.17324,173
2025-11,usd_2_6,1245361,1245363,1,85652.4,85619.5,225.5000000000291,2706.0000000003492,inv,2.0,-0.11855239999999417,0.0856524,5.0,ifvg_clean,0.001,-0.2042047999999942,174
2025-11,usd_2_6,1252583,1252583,-1,84910.6,84912.6,2.0,6.0,sl,0.0,-0.0869106,0.0849106,5.0,ifvg,0.001,-0.1718212,175
2025-11,usd_2_6,1252583,1252585,-1,84927.9,84929.9,2.0,6.0,sl,2.0,-0.0869279,0.0849279,5.0,ifvg,0.001,-0.1718558,176
2025-11,usd_2_6,1252583,1252601,1,84929.0,84910.1,172.99999999995634,2075.999999999476,inv,18.0,-0.10382899999999418,0.084929,5.0,ifvg_clean,0.001,-0.18875799999999418,177
2025-11,usd_2_6,1252621,1252621,-1,84945.2,84947.2,2.0,6.0,sl,0.0,-0.0869452,0.0849452,5.0,ifvg,0.001,-0.1718904,178
2025-11,usd_2_6,1342528,1342528,1,85354.4,85352.4,2.0,6.0,sl,0.0,-0.0873544,0.0853544,5.0,ifvg,0.001,-0.1727088,179
2025-11,usd_2_6,1342528,1342528,-1,85329.7,85354.9,387.99999999995634,4655.999999999476,inv,0.0,-0.1105296999999971,0.08532970000000001,5.0,ifvg_clean,0.001,-0.1958593999999971,180
2025-11,usd_2_6,1342533,1342533,1,85276.8,85282.8,2.0,6.0,tp,0.0,-0.07927680000000001,0.08527680000000001,5.0,ifvg,0.001,-0.16455360000000002,181
2025-11,usd_2_6,1342533,1342533,1,85315.6,85321.6,2.0,6.0,tp,0.0,-0.0793156,0.0853156,5.0,ifvg,0.001,-0.1646312,182
2025-11,usd_2_6,1344808,1344808,1,83752.9,83752.4,2.0,6.0,inv,0.0,-0.0842529,0.0837529,5.0,ifvg,0.001,-0.1680058,183
2025-11,usd_2_6,1344808,1344808,1,83770.45,83768.45,2.0,6.0,sl,0.0,-0.08577045,0.08377045,5.0,ifvg,0.001,-0.1695409,184
2025-11,usd_2_6,1344808,1344808,1,83788.0,83786.0,2.0,6.0,sl,0.0,-0.085788,0.083788,5.0,ifvg,0.001,-0.169576,185
2025-11,usd_2_6,1344862,1344862,1,83618.1,83616.1,2.0,6.0,sl,0.0,-0.08561810000000002,0.08361810000000001,5.0,fvg,0.001,-0.16923620000000003,186
2025-11,usd_2_6,1344867,1344867,1,83589.70000000001,83587.70000000001,2.0,6.0,sl,0.0,-0.0855897,0.0835897,5.0,fvg,0.001,-0.1691794,187
2025-11,usd_2_6,1344882,1344882,1,83676.75,83674.75,2.0,6.0,inv,0.0,-0.08567675,0.08367675,5.0,ifvg,0.001,-0.1693535,188
2025-11,usd_2_6,1344882,1344882,1,83700.0,83698.0,2.0,6.0,sl,0.0,-0.08570000000000001,0.08370000000000001,5.0,ifvg,0.001,-0.16940000000000002,189
2025-11,usd_2_6,1344884,1344884,1,83653.5,83653.0,2.0,6.0,inv,0.0,-0.0841535,0.0836535,5.0,ifvg,0.001,-0.167807,190
2025-11,usd_2_6,1344882,1344918,-1,83657.4,83889.9,232.5,2790.0,sl,36.0,-0.31615740000000003,0.08365739999999999,5.0,ifvg_clean,0.001,-0.3998148,191
2025-11,usd_2_6,1344808,1344921,-1,83748.0,83923.50000000003,175.5000000000291,2106.0000000003492,sl,113.0,-0.2592480000000291,0.083748,5.0,ifvg_clean,0.001,-0.3429960000000291,192
2025-11,usd_2_6,1350269,1350269,-1,84002.4,84004.4,2.0,6.0,sl,0.0,-0.08600239999999999,0.08400239999999999,5.0,fvg,0.001,-0.17000479999999998,193
2025-11,usd_2_6,1350350,1350350,-1,84036.2,84030.2,2.0,6.0,tp,0.0,-0.07803619999999999,0.08403619999999999,5.0,fvg,0.001,-0.16207239999999998,194
2025-11,usd_2_6,1350406,1350406,-1,84070.0,84072.0,2.0,6.0,sl,0.0,-0.08607000000000001,0.08407,5.0,fvg,0.001,-0.17014,195
2025-11,usd_2_6,1418914,1418914,1,84365.2,84363.2,2.0,6.0,sl,0.0,-0.0863652,0.0843652,5.0,fvg,0.001,-0.1707304,196
2025-11,usd_2_6,1420429,1420429,-1,84510.2,84512.2,2.0,6.0,inv,0.0,-0.0865102,0.0845102,5.0,ifvg,0.001,-0.1710204,197
2025-11,usd_2_6,1420429,1420429,-1,84486.0,84488.0,2.0,6.0,sl,0.0,-0.08648600000000001,0.084486,5.0,ifvg,0.001,-0.170972,198
2025-11,usd_2_6,1420433,1420433,-1,84534.4,84534.9,2.0,6.0,inv,0.0,-0.0850344,0.0845344,5.0,ifvg,0.001,-0.1695688,199
2025-11,usd_2_6,1420429,1505007,1,84531.9,84289.90000000002,241.9999999999709,2903.9999999996508,sl,88158.0,-0.3265318999999709,0.0845319,5.0,ifvg_clean,0.001,-0.4110637999999709,200
2025-11,usd_2_6,1523752,1523752,-1,84593.5,84595.5,2.0,6.0,sl,0.0,-0.0865935,0.0845935,5.0,fvg,0.001,-0.171187,201
2025-11,usd_2_6,1523752,1523754,-1,84606.2,84608.2,2.0,6.0,sl,2.0,-0.08660620000000001,0.0846062,5.0,fvg,0.001,-0.17121240000000001,202
2025-11,usd_2_6,1541534,1541534,1,84846.1,84844.1,2.0,6.0,sl,0.0,-0.08684610000000001,0.08484610000000001,5.0,ifvg,0.001,-0.17169220000000002,203
2025-11,usd_2_6,1541534,1541534,1,84869.6,84867.6,2.0,6.0,sl,0.0,-0.0868696,0.0848696,5.0,ifvg,0.001,-0.1717392,204
2025-11,usd_2_6,1541534,1541577,-1,84824.9,84870.1,235.0,2820.0,inv,43.0,-0.13002490000001163,0.0848249,5.0,ifvg_clean,0.001,-0.21484980000001164,205
2025-11,usd_2_6,1542132,1542132,1,84822.6,84822.1,2.0,6.0,inv,0.0,-0.08532260000000001,0.08482260000000001,5.0,ifvg,0.001,-0.17014520000000002,206
2025-11,usd_2_6,1701779,1701779,-1,87438.8,87440.8,2.0,6.0,inv,0.0,-0.0894388,0.0874388,5.0,ifvg,0.001,-0.1768776,207
2025-11,usd_2_6,1701779,1702010,1,87439.7,87317.70000000003,121.9999999999709,1463.9999999996508,sl,231.0,-0.20943969999997092,0.08743970000000001,5.0,ifvg_clean,0.001,-0.2968793999999709,208
2025-11,usd_2_6,1702239,1702239,-1,87463.2,87463.7,2.0,6.0,inv,0.0,-0.0879632,0.0874632,5.0,ifvg,0.001,-0.1754264,209
2025-11,usd_2_6,1702239,1702239,-1,87451.0,87453.0,2.0,6.0,sl,0.0,-0.08945100000000002,0.08745100000000001,5.0,ifvg,0.001,-0.17690200000000003,210
2025-11,usd_2_6,1734044,1734044,-1,86677.0,86679.0,2.0,6.0,sl,0.0,-0.088677,0.086677,5.0,fvg,0.001,-0.175354,211
2025-11,usd_2_6,1734053,1734053,-1,86692.55,86686.55,2.0,6.0,tp,0.0,-0.08069255,0.08669255000000001,5.0,fvg,0.001,-0.1673851,212
2025-11,usd_2_6,1734056,1734056,-1,86708.1,86702.1,2.0,6.0,tp,0.0,-0.0807081,0.08670810000000001,5.0,fvg,0.001,-0.16741620000000002,213
2025-11,usd_2_6,1743871,1743871,-1,87391.0,87391.5,2.0,6.0,inv,0.0,-0.08789100000000001,0.08739100000000001,5.0,ifvg,0.001,-0.17528200000000002,214
2025-11,usd_2_6,1743871,1743871,-1,87301.5,87303.5,2.0,6.0,sl,0.0,-0.0893015,0.0873015,5.0,ifvg,0.001,-0.176603,215
2025-11,usd_2_6,1743871,1743871,-1,87212.0,87214.0,2.0,6.0,sl,0.0,-0.08921200000000001,0.08721200000000001,5.0,ifvg,0.001,-0.17642400000000003,216
2025-11,usd_2_6,1747797,1747797,1,87932.65,87930.65,2.0,6.0,sl,0.0,-0.08993265,0.08793265,5.0,ifvg,0.001,-0.1778653,217
2025-11,usd_2_6,1747797,1747797,1,87945.6,87943.6,2.0,6.0,sl,0.0,-0.08994560000000001,0.08794560000000001,5.0,ifvg,0.001,-0.17789120000000003,218
2025-11,usd_2_6,1747808,1747808,1,87919.7,87925.7,2.0,6.0,tp,0.0,-0.0819197,0.0879197,5.0,ifvg,0.001,-0.1698394,219
2025-11,usd_2_6,1747797,1747813,-1,87927.6,87946.1,129.50000000004366,1554.0000000005239,inv,16.0,-0.10642760000000001,0.08792760000000001,5.0,ifvg_clean,0.001,-0.1943552,220
2025-11,usd_2_6,1748294,1748294,-1,88080.2,88080.7,2.0,6.0,inv,0.0,-0.08858020000000001,0.08808020000000001,5.0,ifvg,0.001,-0.17666040000000002,221
2025-11,usd_2_6,1748294,1748294,-1,88063.6,88065.6,2.0,6.0,sl,0.0,-0.09006360000000001,0.0880636,5.0,ifvg,0.001,-0.1781272,222
2025-11,usd_2_6,1748294,1748294,-1,88047.0,88049.0,2.0,6.0,sl,0.0,-0.090047,0.088047,5.0,ifvg,0.001,-0.178094,223
2025-11,usd_2_6,1748294,1749627,1,88066.7,87900.70000000001,165.99999999998545,1991.9999999998254,sl,1333.0,-0.25406669999998543,0.0880667,5.0,ifvg_clean,0.001,-0.34213339999998543,224
2025-11,usd_2_6,1743871,1754330,1,87390.6,86495.6,895.0,10740.0,sl,10464.0,-0.9823906,0.08739060000000001,5.0,ifvg_clean,0.001,-1.0697812,225
2025-11,usd_2_6,1754487,1754487,-1,86512.8,86514.8,2.0,6.0,sl,0.0,-0.0885128,0.0865128,5.0,fvg,0.001,-0.1750256,226
2025-11,usd_2_6,1754492,1754492,-1,86566.4,86560.4,2.0,6.0,tp,0.0,-0.0805664,0.0865664,5.0,fvg,0.001,-0.1671328,227
2025-11,usd_2_6,1754586,1754586,-1,86620.0,86622.0,2.0,6.0,sl,0.0,-0.08862,0.08662,5.0,fvg,0.001,-0.17524,228
2025-11,usd_2_6,1755274,1755274,1,86947.15,86945.15,2.0,6.0,inv,0.0,-0.08894715,0.08694715,5.0,ifvg,0.001,-0.1758943,229
2025-11,usd_2_6,1755274,1755274,1,86995.1,86993.1,2.0,6.0,sl,0.0,-0.08899510000000001,0.0869951,5.0,ifvg,0.001,-0.1759902,230
2025-11,usd_2_6,1755396,1755396,1,86899.2,86898.7,2.0,6.0,inv,0.0,-0.0873992,0.0868992,5.0,ifvg,0.001,-0.1742984,231
2025-11,usd_2_6,1755274,1763354,-1,86899.9,87379.40000000004,479.50000000004366,5754.000000000524,sl,8109.0,-0.5663999000000437,0.0868999,5.0,ifvg_clean,0.001,-0.6532998000000437,232
2025-11,usd_2_6,1782623,1782623,-1,87533.5,87535.5,2.0,6.0,inv,0.0,-0.0895335,0.0875335,5.0,ifvg,0.001,-0.177067,233
2025-11,usd_2_6,1782623,1782623,-1,87504.1,87506.1,2.0,6.0,sl,0.0,-0.08950410000000002,0.08750410000000002,5.0,ifvg,0.001,-0.17700820000000003,234
2025-11,usd_2_6,1782624,1782624,-1,87562.9,87563.4,2.0,6.0,inv,0.0,-0.0880629,0.0875629,5.0,ifvg,0.001,-0.1756258,235
2025-11,usd_2_6,1788501,1788501,1,87916.4,87914.4,2.0,6.0,sl,0.0,-0.0899164,0.08791639999999999,5.0,fvg,0.001,-0.17783279999999999,236
2025-11,usd_2_6,1790178,1790178,1,87848.2,87846.2,2.0,6.0,sl,0.0,-0.0898482,0.0878482,5.0,fvg,0.001,-0.1776964,237
2025-11,usd_2_6,1824131,1824131,-1,88563.8,88565.8,2.0,6.0,sl,0.0,-0.0905638,0.0885638,5.0,fvg,0.001,-0.1791276,238
2025-11,usd_2_6,1824147,1824147,-1,88618.9,88612.9,2.0,6.0,tp,0.0,-0.0826189,0.0886189,5.0,fvg,0.001,-0.1712378,239
2025-11,usd_2_6,1824152,1824152,-1,88674.0,88668.0,2.0,6.0,tp,0.0,-0.082674,0.088674,5.0,fvg,0.001,-0.171348,240
2025-11,usd_2_6,1825165,1825165,1,88934.7,88932.7,2.0,6.0,sl,0.0,-0.0909347,0.08893469999999999,5.0,fvg,0.001,-0.17986939999999998,241
2025-11,usd_2_6,1827401,1827401,-1,89688.4,89690.4,2.0,6.0,inv,0.0,-0.0916884,0.0896884,5.0,ifvg,0.001,-0.1813768,242
2025-11,usd_2_6,1827401,1827401,-1,89673.0,89675.0,2.0,6.0,sl,0.0,-0.091673,0.089673,5.0,ifvg,0.001,-0.181346,243
2025-11,usd_2_6,1827419,1827419,-1,89703.8,89704.3,2.0,6.0,inv,0.0,-0.0902038,0.0897038,5.0,ifvg,0.001,-0.1799076,244
2025-11,usd_2_6,1828160,1828160,-1,90155.95,90157.95,2.0,6.0,inv,0.0,-0.09215595000000001,0.09015595000000001,5.0,ifvg,0.001,-0.18231190000000003,245
2025-11,usd_2_6,1828160,1828160,-1,90133.0,90135.0,2.0,6.0,sl,0.0,-0.09213299999999999,0.09013299999999999,5.0,ifvg,0.001,-0.18226599999999998,246
2025-11,usd_2_6,1828161,1828161,-1,90178.9,90179.4,2.0,6.0,inv,0.0,-0.0906789,0.0901789,5.0,ifvg,0.001,-0.1808578,247
2025-11,usd_2_6,1828160,1828584,1,90174.0,89944.50000000003,229.4999999999709,2753.9999999996508,sl,424.0,-0.3196739999999709,0.090174,5.0,ifvg_clean,0.001,-0.4098479999999709,248
2025-11,usd_2_6,1828707,1828707,-1,89954.45,89956.45,2.0,6.0,inv,0.0,-0.09195445,0.08995444999999999,5.0,ifvg,0.001,-0.18190889999999998,249
2025-11,usd_2_6,1828707,1828707,-1,89918.9,89920.9,2.0,6.0,sl,0.0,-0.0919189,0.0899189,5.0,ifvg,0.001,-0.1818378,250
2025-11,usd_2_6,1828729,1828729,-1,89990.0,89990.5,2.0,6.0,inv,0.0,-0.09049,0.08999,5.0,ifvg,0.001,-0.18048,251
2025-11,usd_2_6,1829202,1829202,-1,90119.8,90113.8,2.0,6.0,tp,0.0,-0.0841198,0.0901198,5.0,ifvg,0.001,-0.1742396,252
2025-11,usd_2_6,1829202,1829202,-1,90084.8,90086.8,2.0,6.0,sl,0.0,-0.09208480000000001,0.0900848,5.0,ifvg,0.001,-0.18216960000000001,253
2025-11,usd_2_6,1829202,1829202,-1,90049.8,90051.8,2.0,6.0,sl,0.0,-0.09204980000000001,0.09004980000000001,5.0,ifvg,0.001,-0.18209960000000003,254
2025-11,usd_2_6,1830144,1830144,1,90322.04999999999,90320.04999999999,2.0,6.0,sl,0.0,-0.09232204999999999,0.09032204999999999,5.0,ifvg,0.001,-0.18264409999999998,255
2025-11,usd_2_6,1830144,1830144,1,90337.2,90335.2,2.0,6.0,sl,0.0,-0.0923372,0.09033719999999999,5.0,ifvg,0.001,-0.1826744,256
2025-11,usd_2_6,1830144,1830152,-1,90318.3,90337.7,151.50000000001455,1818.0000000001746,inv,8.0,-0.10971829999999419,0.0903183,5.0,ifvg_clean,0.001,-0.20003659999999418,257
2025-11,usd_2_6,1830167,1830167,1,90306.9,90312.9,2.0,6.0,tp,0.0,-0.08430689999999999,0.0903069,5.0,ifvg,0.001,-0.17461379999999999,258
2025-11,usd_2_6,1832158,1832158,-1,90627.7,90629.7,2.0,6.0,inv,0.0,-0.09262770000000001,0.0906277,5.0,ifvg,0.001,-0.1832554,259
2025-11,usd_2_6,1832158,1832158,-1,90615.5,90617.5,2.0,6.0,sl,0.0,-0.0926155,0.0906155,5.0,ifvg,0.001,-0.183231,260
2025-11,usd_2_6,1832160,1832160,-1,90639.9,90640.4,2.0,6.0,inv,0.0,-0.0911399,0.0906399,5.0,ifvg,0.001,-0.1817798,261
2025-11,usd_2_6,1782623,1832666,1,87553.5,91081.4999999993,293.9999999999418,3527.9999999993015,tp,50357.0,3.4404464999993016,0.0875535,5.0,ifvg_clean,0.001,3.352892999999302,262
2025-11,usd_2_6,1832158,1834903,1,90633.2,90511.20000000003,121.9999999999709,1463.9999999996508,sl,2745.0,-0.2126331999999709,0.09063320000000001,5.0,ifvg_clean,0.001,-0.3032663999999709,263
2025-11,usd_2_6,1835750,1835750,1,90554.6,90552.6,2.0,6.0,sl,0.0,-0.09255460000000001,0.09055460000000001,5.0,fvg,0.001,-0.18310920000000003,264
2025-11,usd_2_6,1836045,1836045,-1,90950.0,90952.0,2.0,6.0,sl,0.0,-0.09295,0.09095,5.0,fvg,0.001,-0.1839,265
2025-11,usd_2_6,1841502,1841502,-1,91000.1,90994.1,2.0,6.0,tp,0.0,-0.0850001,0.0910001,5.0,fvg,0.001,-0.1760002,266
2025-11,usd_2_6,1841520,1841520,-1,91050.2,91044.2,2.0,6.0,tp,0.0,-0.0850502,0.09105020000000001,5.0,fvg,0.001,-0.17610040000000002,267
2025-11,usd_2_6,1842366,1842366,1,91192.25,91190.25,2.0,6.0,sl,0.0,-0.09319225,0.09119225,5.0,ifvg,0.001,-0.1843845,268
2025-11,usd_2_6,1842366,1842366,1,91211.1,91209.1,2.0,6.0,sl,0.0,-0.0932111,0.0912111,5.0,ifvg,0.001,-0.1844222,269
2025-11,usd_2_6,1842367,1842367,1,91173.4,91171.4,2.0,6.0,sl,0.0,-0.0931734,0.0911734,5.0,ifvg,0.001,-0.1843468,270
2025-11,usd_2_6,1842366,1842397,-1,91176.1,91211.6,188.5000000000582,2262.0000000006985,inv,31.0,-0.1266761,0.09117610000000001,5.0,ifvg_clean,0.001,-0.21785220000000002,271
2025-11,usd_2_6,1827401,1843295,1,89684.3,91532.30000000018,154.00000000001455,1848.0000000001746,tp,15901.0,1.7583157000001746,0.08968430000000001,5.0,ifvg_clean,0.001,1.6686314000001745,272
2025-11,usd_2_6,1851442,1851442,1,91272.0,91270.0,2.0,6.0,inv,0.0,-0.09327200000000001,0.091272,5.0,ifvg,0.001,-0.184544,273
2025-11,usd_2_6,1851452,1851452,1,91250.0,91249.5,2.0,6.0,inv,0.0,-0.09175,0.09125,5.0,ifvg,0.001,-0.183,274
2025-11,usd_2_6,1851452,1851452,1,91261.0,91267.0,2.0,6.0,tp,0.0,-0.08526099999999999,0.091261,5.0,ifvg,0.001,-0.17652199999999998,275
2025-11,usd_2_6,1851442,1855028,-1,91268.0,91378.0,110.0,1320.0,sl,3689.0,-0.201268,0.091268,5.0,ifvg_clean,0.001,-0.292536,276
2025-11,usd_2_6,1855437,1855437,1,91522.2,91520.2,2.0,6.0,sl,0.0,-0.0935222,0.0915222,5.0,ifvg,0.001,-0.1850444,277
2025-11,usd_2_6,1855437,1855437,1,91544.29999999999,91542.29999999999,2.0,6.0,sl,0.0,-0.0935443,0.0915443,5.0,ifvg,0.001,-0.1850886,278
2025-11,usd_2_6,1855437,1855437,1,91566.4,91564.4,2.0,6.0,sl,0.0,-0.09356640000000001,0.0915664,5.0,ifvg,0.001,-0.18513280000000001,279
2025-11,usd_2_6,1855437,1855728,-1,91503.0,91566.9,220.99999999998545,2651.9999999998254,inv,291.0,-0.15540299999999418,0.091503,5.0,ifvg_clean,0.001,-0.24690599999999419,280
2025-11,usd_2_6,1828707,1893315,1,89975.4,94241.40000000034,355.5000000000291,4266.000000000349,tp,64815.0,4.176024600000349,0.0899754,5.0,ifvg_clean,0.001,4.086049200000349,281
2025-11,usd_2_6,1829202,1894262,1,90108.7,94308.7,350.0,4200.0,tp,65270.0,4.1098913,0.0901087,5.0,ifvg_clean,0.001,4.0197826,282
2025-11,usd_2_6,1920648,1920648,1,92337.0,92335.0,2.0,6.0,inv,0.0,-0.094337,0.092337,5.0,ifvg,0.001,-0.186674,283
2025-11,usd_2_6,1920648,1920648,1,92360.0,92358.0,2.0,6.0,sl,0.0,-0.09436,0.09236,5.0,ifvg,0.001,-0.18672,284
2025-11,usd_2_6,1920657,1920657,1,92314.0,92313.5,2.0,6.0,inv,0.0,-0.09281400000000001,0.09231400000000001,5.0,ifvg,0.001,-0.18512800000000001,285
2025-11,usd_2_6,1920648,1920883,-1,92320.0,92550.0,230.0,2760.0,sl,235.0,-0.32232000000000005,0.09232000000000001,5.0,ifvg_clean,0.001,-0.41464000000000006,286
2025-11,usd_2_6,1921919,1921919,-1,92863.15,92865.15,2.0,6.0,sl,0.0,-0.09486315,0.09286314999999999,5.0,fvg,0.001,-0.18772629999999998,287
2025-11,usd_2_6,1921919,1921919,-1,92846.6,92848.6,2.0,6.0,sl,0.0,-0.09484660000000002,0.09284660000000002,5.0,fvg,0.001,-0.18769320000000003,288
2025-11,usd_2_6,1921920,1921920,-1,92879.7,92873.7,2.0,6.0,tp,0.0,-0.08687969999999999,0.0928797,5.0,fvg,0.001,-0.17975939999999999,289
2025-11,usd_2_6,1981970,1981970,1,91820.8,91818.8,2.0,6.0,sl,0.0,-0.09382080000000001,0.09182080000000001,5.0,fvg,0.001,-0.18564160000000002,290
2025-11,usd_2_6,2014022,2014022,-1,92724.70000000001,92726.70000000001,2.0,6.0,sl,0.0,-0.09472470000000002,0.09272470000000002,5.0,ifvg,0.001,-0.18744940000000004,291
2025-11,usd_2_6,2014022,2014022,-1,92707.8,92709.8,2.0,6.0,sl,0.0,-0.09470780000000001,0.0927078,5.0,ifvg,0.001,-0.18741560000000002,292
2025-11,usd_2_6,2014025,2014025,-1,92741.6,92743.6,2.0,6.0,sl,0.0,-0.09474160000000001,0.09274160000000001,5.0,ifvg,0.001,-0.18748320000000002,293
2025-11,usd_2_6,2014022,2014068,1,92736.1,92707.3,169.00000000001455,2028.0000000001746,inv,46.0,-0.12153610000000292,0.09273610000000002,5.0,ifvg_clean,0.001,-0.21427220000000294,294
2025-11,usd_2_6,2036533,2036533,-1,93488.79999999999,93490.79999999999,2.0,6.0,sl,0.0,-0.09548879999999998,0.09348879999999998,5.0,ifvg,0.001,-0.18897759999999997,295
2025-11,usd_2_6,2036533,2036533,-1,93477.7,93479.7,2.0,6.0,sl,0.0,-0.0954777,0.0934777,5.0,ifvg,0.001,-0.1889554,296
2025-11,usd_2_6,2036533,2036535,-1,93499.9,93493.9,2.0,6.0,tp,2.0,-0.08749989999999999,0.0934999,5.0,ifvg,0.001,-0.1809998,297
2025-11,usd_2_6,2036533,2043567,1,93499.9,93477.2,110.99999999998545,1331.9999999998254,inv,7093.0,-0.11619989999999708,0.0934999,5.0,ifvg_clean,0.001,-0.20969979999999708,298
2025-11,usd_2_6,2053144,2053144,1,92991.7,92991.2,2.0,6.0,inv,0.0,-0.0934917,0.0929917,5.0,ifvg,0.001,-0.1864834,299
2025-11,usd_2_6,2053144,2053144,1,93032.54999999999,93030.54999999999,2.0,6.0,sl,0.0,-0.09503255,0.09303254999999999,5.0,ifvg,0.001,-0.18806509999999999,300
2025-11,usd_2_6,2053144,2053144,1,93073.4,93071.4,2.0,6.0,sl,0.0,-0.0950734,0.0930734,5.0,ifvg,0.001,-0.1881468,301
2025-11,usd_2_6,2053144,2058589,-1,92988.2,93396.69999999998,408.49999999998545,4901.999999999825,sl,5578.0,-0.5014881999999854,0.0929882,5.0,ifvg_clean,0.001,-0.5944763999999854,302
2025-11,usd_2_6,2289560,2289560,1,93271.4,93269.4,2.0,6.0,inv,0.0,-0.0952714,0.0932714,5.0,ifvg,0.001,-0.1885428,303
2025-11,usd_2_6,2289560,2289560,1,93283.5,93281.5,2.0,6.0,sl,0.0,-0.09528350000000001,0.0932835,5.0,ifvg,0.001,-0.188567,304
2025-11,usd_2_6,2289598,2289598,1,93259.3,93258.8,2.0,6.0,inv,0.0,-0.09375930000000002,0.09325930000000002,5.0,ifvg,0.001,-0.18701860000000003,305
2025-11,usd_2_6,2289560,2294059,-1,93260.5,93381.49999999999,120.99999999998545,1451.9999999998254,sl,4503.0,-0.21426049999998548,0.09326050000000001,5.0,ifvg_clean,0.001,-0.3075209999999855,306
2025-11,usd_2_6,2331748,2331748,-1,95377.2,95379.2,2.0,6.0,sl,0.0,-0.09737720000000001,0.09537720000000001,5.0,fvg,0.001,-0.19275440000000002,307
2025-11,usd_2_6,2331921,2331921,-1,95428.4,95422.4,2.0,6.0,tp,0.0,-0.08942839999999999,0.0954284,5.0,fvg,0.001,-0.1848568,308
2025-11,usd_2_6,2339294,2339294,1,94015.9,94015.4,2.0,6.0,inv,0.0,-0.0945159,0.0940159,5.0,ifvg,0.001,-0.1885318,309
2025-11,usd_2_6,2339294,2339294,1,94057.95,94055.95,2.0,6.0,sl,0.0,-0.09605795,0.09405795,5.0,ifvg,0.001,-0.1901159,310
2025-11,usd_2_6,2339294,2339294,1,94100.0,94098.0,2.0,6.0,sl,0.0,-0.09610000000000002,0.09410000000000002,5.0,ifvg,0.001,-0.19020000000000004,311
2025-11,usd_2_6,2339294,2353073,-1,94004.4,94424.90000000002,420.5000000000291,5046.000000000349,sl,13913.0,-0.5145044000000292,0.09400439999999999,5.0,ifvg_clean,0.001,-0.6085088000000292,312
2025-11,usd_2_6,2429707,2429707,1,95244.75,95242.75,2.0,6.0,sl,0.0,-0.09724475,0.09524475,5.0,ifvg,0.001,-0.1924895,313
2025-11,usd_2_6,2429707,2429707,1,95275.5,95273.5,2.0,6.0,sl,0.0,-0.09727550000000001,0.09527550000000001,5.0,ifvg,0.001,-0.19255100000000003,314
2025-11,usd_2_6,2429708,2429709,1,95214.0,95212.0,2.0,6.0,sl,1.0,-0.09721400000000001,0.09521400000000001,5.0,ifvg,0.001,-0.19242800000000002,315
2025-11,usd_2_6,2429707,2429868,-1,95218.8,95276.0,307.5,3690.0,inv,161.0,-0.1524187999999971,0.0952188,5.0,ifvg_clean,0.001,-0.24763759999999713,316
2025-11,usd_2_6,2431265,2431265,1,94983.9,94989.9,2.0,6.0,tp,0.0,-0.08898389999999999,0.0949839,5.0,fvg,0.001,-0.1839678,317
2025-11,usd_2_6,2432775,2432775,1,95124.0,95122.0,2.0,6.0,inv,0.0,-0.097124,0.095124,5.0,ifvg,0.001,-0.192248,318
2025-11,usd_2_6,2432775,2432775,1,95151.8,95149.8,2.0,6.0,sl,0.0,-0.09715180000000001,0.09515180000000001,5.0,ifvg,0.001,-0.19230360000000002,319
2025-11,usd_2_6,2433092,2433092,1,95096.2,95095.7,2.0,6.0,inv,0.0,-0.09559619999999999,0.09509619999999999,5.0,ifvg,0.001,-0.19069239999999998,320
2025-11,usd_2_6,2432775,2434092,-1,95111.5,95389.50000000003,278.0000000000291,3336.0000000003492,sl,1342.0,-0.37311150000002913,0.09511150000000002,5.0,ifvg_clean,0.001,-0.46822300000002914,321
2025-11,usd_2_6,2469316,2469316,1,94986.1,94984.1,2.0,6.0,sl,0.0,-0.0969861,0.0949861,5.0,ifvg,0.001,-0.1919722,322
2025-11,usd_2_6,2469316,2469316,1,95010.9,95008.9,2.0,6.0,sl,0.0,-0.0970109,0.0950109,5.0,ifvg,0.001,-0.1920218,323
2025-11,usd_2_6,2469316,2469316,1,95035.7,95033.7,2.0,6.0,sl,0.0,-0.0970357,0.0950357,5.0,ifvg,0.001,-0.1920714,324
2025-11,usd_2_6,2469316,2472650,-1,94982.4,95036.2,247.99999999995634,2975.999999999476,inv,3447.0,-0.14878240000000292,0.0949824,5.0,ifvg_clean,0.001,-0.24376480000000292,325
2025-11,usd_2_6,2498952,2498952,-1,94679.9,94681.9,2.0,6.0,sl,0.0,-0.0966799,0.0946799,5.0,fvg,0.001,-0.1913598,326
2025-11,usd_2_6,2500615,2500615,1,94480.54999999999,94478.54999999999,2.0,6.0,inv,0.0,-0.09648055,0.09448055,5.0,ifvg,0.001,-0.1909611,327
2025-11,usd_2_6,2500615,2500615,1,94493.2,94491.2,2.0,6.0,sl,0.0,-0.0964932,0.0944932,5.0,ifvg,0.001,-0.1909864,328
2025-11,usd_2_6,2500693,2500693,1,94467.9,94467.4,2.0,6.0,inv,0.0,-0.09496790000000001,0.09446790000000001,5.0,ifvg,0.001,-0.18943580000000002,329
2025-11,usd_2_6,2500615,2502133,-1,94476.6,94603.10000000002,126.50000000001455,1518.0000000001746,sl,1520.0,-0.22097660000001457,0.09447660000000001,5.0,ifvg_clean,0.001,-0.3154532000000146,330
2025-11,usd_2_6,2508922,2508922,1,93880.0,93878.0,2.0,6.0,sl,0.0,-0.09587999999999999,0.09387999999999999,5.0,ifvg,0.001,-0.18975999999999998,331
2025-11,usd_2_6,2508922,2508922,1,93900.0,93898.0,2.0,6.0,sl,0.0,-0.09590000000000001,0.09390000000000001,5.0,ifvg,0.001,-0.18980000000000002,332
2025-11,usd_2_6,2508931,2508931,1,93860.0,93866.0,2.0,6.0,tp,0.0,-0.08786,0.09386,5.0,ifvg,0.001,-0.18172,333
2025-11,usd_2_6,2508922,2509685,-1,93870.5,93900.5,200.0,2400.0,inv,767.0,-0.12387050000000001,0.09387050000000001,5.0,ifvg_clean,0.001,-0.21774100000000002,334
2025-11,usd_2_6,2512979,2512979,-1,93641.3,93643.3,2.0,6.0,sl,0.0,-0.0956413,0.0936413,5.0,ifvg,0.001,-0.1892826,335
2025-11,usd_2_6,2512979,2512979,-1,93630.0,93632.0,2.0,6.0,sl,0.0,-0.09562999999999999,0.09362999999999999,5.0,ifvg,0.001,-0.18925999999999998,336
2025-11,usd_2_6,2512980,2512980,-1,93652.6,93646.6,2.0,6.0,tp,0.0,-0.0876526,0.0936526,5.0,ifvg,0.001,-0.1813052,337
2025-11,usd_2_6,2512979,2513017,1,93645.2,93629.5,113.0000000000291,1356.0000000003492,inv,38.0,-0.10934519999999709,0.0936452,5.0,ifvg_clean,0.001,-0.20299039999999707,338
2025-11,baseline,579342,579342,-1,78102.0,78102.1,0.1,1.0,sl,0.0,-0.07820200000000582,0.078102,5.0,ifvg,0.001,-0.15630400000000583,0
2025-11,baseline,579342,579342,-1,78053.15,78053.64493414387,0.49493414387038764,4.949341438703876,sl,0.0,-0.07854808414387689,0.07805315,5.0,ifvg,0.001,-0.1566012341438769,1
2025-11,baseline,579342,579342,-1,78004.3,78005.28986828774,0.9898682877406279,9.898682877406278,sl,0.0,-0.07899416828773922,0.0780043,5.0,ifvg,0.001,-0.15699846828773922,2
2025-11,baseline,650755,650755,-1,78415.9,78416.89013806706,0.9901380670611447,9.901380670611447,sl,0.0,-0.07940603806706352,0.0784159,5.0,fvg,0.001,-0.15782193806706352,3
2025-11,baseline,650829,650829,-1,78466.1,78466.59506903353,0.49506903353050064,4.950690335305007,sl,0.0,-0.0789611690335245,0.07846610000000001,5.0,fvg,0.001,-0.1574272690335245,4
2025-11,baseline,579342,652077,1,78116.4,78003.8,488.49999999998545,5861.999999999825,inv,73024.0,-0.1907163999999913,0.0781164,5.0,ifvg_clean,0.001,-0.2688327999999913,5
2025-11,baseline,652858,652858,-1,78157.4,78158.3893162393,0.98931623931624,9.8931623931624,sl,0.0,-0.07914671623931276,0.0781574,5.0,fvg,0.001,-0.15730411623931276,6
2025-11,baseline,685131,685131,1,74778.9,74783.8107142857,0.49107142857142855,4.910714285714286,tp,0.0,-0.06986818571428986,0.0747789,5.0,ifvg,0.001,-0.14464708571428986,7
2025-11,baseline,685131,685131,1,74806.4,74805.41785714285,0.9821428571428571,9.821428571428571,sl,0.0,-0.07578854285714492,0.0748064,5.0,ifvg,0.001,-0.15059494285714492,8
2025-11,baseline,685148,685148,1,74751.4,74751.29999999999,0.1,1.0,inv,0.0,-0.07485140000000581,0.0747514,5.0,ifvg,0.001,-0.1496028000000058,9
2025-11,baseline,685131,685215,-1,74785.0,75060.0,275.0,3300.0,sl,84.0,-0.349785,0.074785,5.0,ifvg_clean,0.001,-0.42457,10
2025-11,baseline,694026,694026,1,74964.65,74969.53123515438,0.48812351543925464,4.881235154392546,tp,0.0,-0.0700834148456107,0.07496465,5.0,fvg,0.001,-0.1450480648456107,11
2025-11,baseline,694026,694026,1,74985.2,74984.22375296912,0.9762470308788549,9.762470308788549,sl,0.0,-0.07596144703087784,0.07498519999999999,5.0,fvg,0.001,-0.15094664703087785,12
2025-11,baseline,694536,694536,1,75343.2,75353.1651446497,0.9965144649703729,9.96514464970373,tp,0.0,-0.06537805535029904,0.0753432,5.0,fvg,0.001,-0.14072125535029906,13
2025-11,baseline,722476,722476,1,76144.15,76143.65687757908,0.4931224209077401,4.931224209077401,inv,0.0,-0.076637272420914,0.07614415,5.0,ifvg,0.001,-0.152781422420914,14
2025-11,baseline,722476,722476,1,76180.0,76179.01375515819,0.9862448418156804,9.862448418156804,sl,0.0,-0.07716624484181347,0.07618000000000001,5.0,ifvg,0.001,-0.15334624484181347,15
2025-11,baseline,722482,722482,1,76108.3,76108.2,0.1,1.0,inv,0.0,-0.07620830000000582,0.0761083,5.0,ifvg,0.001,-0.15231660000000583,16
2025-11,baseline,722476,723640,-1,76115.3,76473.79999999999,358.49999999998545,4301.999999999825,sl,1164.0,-0.43461529999998544,0.07611530000000001,5.0,ifvg_clean,0.001,-0.5107305999999855,17
2025-11,baseline,725360,725360,-1,76369.05,76369.53956158664,0.4895615866388296,4.895615866388296,sl,0.0,-0.07685861158664078,0.07636905000000001,5.0,ifvg,0.001,-0.1532276615866408,18
2025-11,baseline,725360,725360,-1,76345.6,76346.57912317329,0.9791231732776592,9.791231732776591,sl,0.0,-0.07732472317328155,0.0763456,5.0,ifvg,0.001,-0.15367032317328155,19
2025-11,baseline,725366,725366,-1,76392.5,76391.5,0.1,1.0,tp,0.0,-0.0753925,0.0763925,5.0,ifvg,0.001,-0.151785,20
2025-11,baseline,725919,725919,1,76754.7,76753.70326904216,0.9967309578293558,9.967309578293559,sl,0.0,-0.0777514309578351,0.0767547,5.0,fvg,0.001,-0.1545061309578351,21
2025-11,baseline,726477,726477,1,76889.2,76888.22583979327,0.9741602067183444,9.741602067183443,sl,0.0,-0.07786336020672245,0.0768892,5.0,ifvg,0.001,-0.15475256020672246,22
2025-11,baseline,726477,726477,-1,76876.0,76889.7,188.49999999998545,2261.9999999998254,inv,0.0,-0.09057599999999709,0.076876,5.0,ifvg_clean,0.001,-0.1674519999999971,23
2025-11,baseline,726483,726483,1,76870.35,76875.2208010336,0.4870801033593602,4.870801033593602,tp,0.0,-0.07199954896640233,0.07687035,5.0,ifvg,0.001,-0.14886989896640235,24
2025-11,baseline,726533,726533,1,76851.5,76852.5,0.1,1.0,tp,0.0,-0.0758515,0.0768515,5.0,ifvg,0.001,-0.152703,25
2025-11,baseline,729466,729466,1,77380.25,77379.75613496933,0.49386503067484666,4.938650306748467,sl,0.0,-0.07787411503067218,0.07738025000000001,5.0,ifvg,0.001,-0.1552543650306722,26
2025-11,baseline,729466,729466,1,77420.5,77419.51226993866,0.9877300613496933,9.877300613496933,sl,0.0,-0.07840823006134434,0.0774205,5.0,ifvg,0.001,-0.15582873006134434,27
2025-11,baseline,729467,729467,1,77340.0,77339.9,0.1,1.0,sl,0.0,-0.07744000000000582,0.07734,5.0,ifvg,0.001,-0.15478000000000583,28
2025-11,baseline,729466,729471,-1,77348.8,77421.0,402.5,4830.0,inv,5.0,-0.1495487999999971,0.07734880000000001,5.0,ifvg_clean,0.001,-0.2268975999999971,29
2025-11,baseline,732178,732178,1,77848.8,77848.7,0.1,1.0,sl,0.0,-0.07794880000000583,0.07784880000000001,5.0,ifvg,0.001,-0.15579760000000584,30
2025-11,baseline,732178,732178,1,77861.4,77860.91908396946,0.48091603053407134,4.809160305340713,sl,0.0,-0.07834231603053035,0.0778614,5.0,ifvg,0.001,-0.15620371603053035,31
2025-11,baseline,732178,732178,1,77874.0,77873.03816793892,0.9618320610686981,9.61832061068698,sl,0.0,-0.07883583206107525,0.077874,5.0,ifvg,0.001,-0.15670983206107525,32
2025-11,baseline,733840,733840,1,76955.85,76955.36547987617,0.4845201238392359,4.8452012383923595,inv,0.0,-0.07744037012383498,0.07695585000000002,5.0,ifvg,0.001,-0.154396220123835,33
2025-11,baseline,733840,733840,1,76971.5,76970.53095975232,0.9690402476780213,9.690402476780214,sl,0.0,-0.07794054024768447,0.07697150000000001,5.0,ifvg,0.001,-0.15491204024768448,34
2025-11,baseline,733840,733870,-1,76946.1,77102.60000000002,156.50000000001455,1878.0000000001746,sl,30.0,-0.23344610000001453,0.0769461,5.0,ifvg_clean,0.001,-0.31039220000001455,35
2025-11,baseline,735506,735506,-1,77473.0,77473.4947368421,0.49473684210526314,4.947368421052632,sl,0.0,-0.07796773684209807,0.077473,5.0,ifvg,0.001,-0.15544073684209808,36
2025-11,baseline,735506,735506,-1,77426.0,77426.98947368421,0.9894736842105263,9.894736842105264,sl,0.0,-0.07841547368421069,0.07742600000000001,5.0,ifvg,0.001,-0.1558414736842107,37
2025-11,baseline,735511,735511,-1,77520.0,77519.0,0.1,1.0,tp,0.0,-0.07651999999999999,0.07751999999999999,5.0,ifvg,0.001,-0.15403999999999998,38
2025-11,baseline,735506,735542,1,77517.3,77425.5,470.0,5640.0,inv,36.0,-0.16931730000000292,0.07751730000000001,5.0,ifvg_clean,0.001,-0.24683460000000293,39
2025-11,baseline,737180,737180,-1,77153.2,77153.68927038627,0.4892703862660957,4.892703862660957,sl,0.0,-0.07764247038627153,0.0771532,5.0,ifvg,0.001,-0.15479567038627154,40
2025-11,baseline,737180,737180,-1,77130.4,77131.37854077252,0.9785407725321914,9.785407725321914,sl,0.0,-0.0781089407725285,0.0771304,5.0,ifvg,0.001,-0.1552393407725285,41
2025-11,baseline,737201,737201,-1,77176.0,77175.0,0.1,1.0,tp,0.0,-0.07617600000000001,0.07717600000000001,5.0,ifvg,0.001,-0.15335200000000002,42
2025-11,baseline,737180,737306,1,77168.0,77129.9,228.0000000000291,2736.0000000003492,inv,129.0,-0.11526800000000584,0.07716800000000001,5.0,ifvg_clean,0.001,-0.19243600000000585,43
2025-11,baseline,738141,738141,-1,77720.1,77720.20000000001,0.1,1.0,inv,0.0,-0.07782010000000582,0.0777201,5.0,ifvg,0.001,-0.15554020000000582,44
2025-11,baseline,738141,738141,-1,77692.1,77692.59122807017,0.49122807017543857,4.912280701754385,sl,0.0,-0.0781833280701683,0.07769210000000001,5.0,ifvg,0.001,-0.1558754280701683,45
2025-11,baseline,738141,738141,-1,77664.1,77665.08245614036,0.9824561403508771,9.82456140350877,sl,0.0,-0.07864655614035113,0.0776641,5.0,ifvg,0.001,-0.1563106561403511,46
2025-11,baseline,738817,738817,-1,77566.1,77566.59177631579,0.4917763157893544,4.9177631578935435,inv,0.0,-0.07805787631578642,0.07756610000000001,5.0,ifvg,0.001,-0.15562397631578645,47
2025-11,baseline,738817,738817,-1,77536.2,77537.18355263157,0.9835526315789481,9.835526315789481,sl,0.0,-0.07851975263157282,0.0775362,5.0,ifvg,0.001,-0.15605595263157282,48
2025-11,baseline,738822,738822,-1,77596.0,77596.1,0.1,1.0,inv,0.0,-0.07769600000000583,0.07759600000000001,5.0,ifvg,0.001,-0.15529200000000584,49
2025-11,baseline,732178,739636,-1,77844.1,77874.5,125.99999999998545,1511.9999999998254,inv,7462.0,-0.1082440999999942,0.07784410000000001,5.0,ifvg_clean,0.001,-0.1860881999999942,50
2025-11,baseline,741966,741966,1,77960.0,77959.9,0.1,1.0,sl,0.0,-0.07806000000000583,0.07796000000000002,5.0,ifvg,0.001,-0.15602000000000585,51
2025-11,baseline,741966,741966,1,77981.6,77981.1113122172,0.4886877828055938,4.886877828055938,sl,0.0,-0.07847028778281032,0.07798160000000001,5.0,ifvg,0.001,-0.15645188778281033,52
2025-11,baseline,741966,741966,1,78003.2,78002.22262443439,0.9773755656108583,9.773755656108582,sl,0.0,-0.07898057556560605,0.0780032,5.0,ifvg,0.001,-0.15698377556560605,53
2025-11,baseline,741966,741994,-1,77883.3,78003.7,215.99999999998545,2591.9999999998254,inv,28.0,-0.19828329999999417,0.0778833,5.0,ifvg_clean,0.001,-0.27616659999999416,54
2025-11,baseline,742004,742004,-1,78321.6,78321.70000000001,0.1,1.0,inv,0.0,-0.07842160000000582,0.0783216,5.0,ifvg,0.001,-0.15674320000000583,55
2025-11,baseline,742004,742004,-1,78299.25,78294.35940919037,0.4890590809628037,4.890590809628037,tp,0.0,-0.07340865919036511,0.07829925,5.0,ifvg,0.001,-0.15170790919036511,56
2025-11,baseline,742004,742004,-1,78276.9,78277.87811816193,0.9781181619256074,9.781181619256074,sl,0.0,-0.0792550181619328,0.0782769,5.0,ifvg,0.001,-0.1575319181619328,57
2025-11,baseline,742005,742005,1,78521.4,78522.4,0.1,1.0,tp,0.0,-0.0775214,0.0785214,5.0,ifvg,0.001,-0.1560428,58
2025-11,baseline,742005,742005,1,78547.4,78546.90943396225,0.49056603773584906,4.90566037735849,sl,0.0,-0.0790379660377408,0.0785474,5.0,ifvg,0.001,-0.15758536603774081,59
2025-11,baseline,742005,742005,1,78573.4,78572.41886792453,0.9811320754716981,9.81132075471698,sl,0.0,-0.07955453207546702,0.07857339999999999,5.0,ifvg,0.001,-0.158127932075467,60
2025-11,baseline,742005,742011,-1,78526.7,78573.9,260.0,3120.0,inv,6.0,-0.12572669999999708,0.0785267,5.0,ifvg_clean,0.001,-0.2042533999999971,61
2025-11,baseline,725360,742100,1,76392.0,79205.99999999965,234.4999999999709,2813.9999999996508,tp,16745.0,2.737607999999651,0.076392,5.0,ifvg_clean,0.001,2.6612159999996514,62
2025-11,baseline,742004,742362,1,78295.3,80977.3000000007,223.5000000000582,2682.0000000006985,tp,358.0,2.6037047000006983,0.0782953,5.0,ifvg_clean,0.001,2.525409400000698,63
2025-11,baseline,738141,742466,1,77720.1,81080.1,280.0,3360.0,tp,4327.0,3.2822799,0.0777201,5.0,ifvg_clean,0.001,3.2045597999999997,64
2025-11,baseline,738817,742472,1,77579.1,81167.10000000018,299.00000000001455,3588.0000000001746,tp,3657.0,3.5104209000001747,0.07757910000000001,5.0,ifvg_clean,0.001,3.432841800000175,65
2025-11,baseline,746114,746114,-1,82677.5,82677.6,0.1,1.0,inv,0.0,-0.08277750000000582,0.0826775,5.0,ifvg,0.001,-0.16545500000000582,66
2025-11,baseline,746114,746114,-1,82658.4,82658.88724489795,0.4872448979593684,4.872448979593684,sl,0.0,-0.0831456448979586,0.0826584,5.0,ifvg,0.001,-0.1658040448979586,67
2025-11,baseline,746114,746114,-1,82639.3,82640.27448979592,0.9744897959183655,9.744897959183655,sl,0.0,-0.08361378979591719,0.08263930000000001,5.0,ifvg,0.001,-0.16625308979591719,68
2025-11,baseline,746114,746190,1,82677.8,82486.80000000002,190.99999999998545,2291.9999999998254,sl,76.0,-0.2736777999999855,0.08267780000000001,5.0,ifvg_clean,0.001,-0.3563555999999855,69
2025-11,baseline,751131,751131,1,82364.75,82364.26976284586,0.4802371541501885,4.802371541501885,inv,0.0,-0.08284498715414457,0.08236475,5.0,ifvg,0.001,-0.16520973715414455,70
2025-11,baseline,751131,751131,1,82376.9,82375.93952569169,0.960474308300377,9.60474308300377,sl,0.0,-0.08333737430830367,0.08237689999999999,5.0,ifvg,0.001,-0.16571427430830366,71
2025-11,baseline,751159,751159,1,82352.6,82352.5,0.1,1.0,inv,0.0,-0.08245260000000583,0.08235260000000001,5.0,ifvg,0.001,-0.16480520000000584,72
2025-11,baseline,751131,751652,-1,82357.3,82478.79999999994,121.49999999994179,1457.9999999993015,sl,521.0,-0.2038572999999418,0.08235730000000001,5.0,ifvg_clean,0.001,-0.2862145999999418,73
2025-11,baseline,755703,755703,-1,83035.7,83036.19555160143,0.4955516014234873,4.955516014234873,inv,0.0,-0.08353125160143064,0.0830357,5.0,ifvg,0.001,-0.16656695160143065,74
2025-11,baseline,755703,755703,-1,82980.0,82980.99110320285,0.9911032028469746,9.911032028469746,sl,0.0,-0.08397110320284673,0.08298000000000001,5.0,ifvg,0.001,-0.16695110320284673,75
2025-11,baseline,755712,755712,-1,83091.4,83091.5,0.1,1.0,inv,0.0,-0.08319140000000581,0.0830914,5.0,ifvg,0.001,-0.1662828000000058,76
2025-11,baseline,757425,757425,-1,82958.0,82958.1,0.1,1.0,sl,0.0,-0.08305800000000582,0.082958,5.0,ifvg,0.001,-0.16601600000000583,77
2025-11,baseline,757425,757425,-1,82943.75,82944.23305084746,0.4830508474576271,4.830508474576271,sl,0.0,-0.08342680084745517,0.08294375000000001,5.0,ifvg,0.001,-0.16637055084745517,78
2025-11,baseline,757425,757425,-1,82929.5,82930.46610169491,0.9661016949152542,9.661016949152541,sl,0.0,-0.08389560169491032,0.0829295,5.0,ifvg,0.001,-0.16682510169491033,79
2025-11,baseline,757425,757451,1,82957.3,82929.0,142.5,1710.0,inv,26.0,-0.11125730000000292,0.08295730000000001,5.0,ifvg_clean,0.001,-0.19421460000000293,80
2025-11,baseline,755703,765887,1,83085.3,82528.30000000003,556.9999999999709,6683.999999999651,sl,10192.0,-0.640085299999971,0.0830853,5.0,ifvg_clean,0.001,-0.723170599999971,81
2025-11,baseline,814568,814568,1,81519.55,81519.06672240802,0.48327759197324094,4.832775919732409,inv,0.0,-0.08200282759197856,0.08151955000000001,5.0,ifvg,0.001,-0.16352237759197857,82
2025-11,baseline,814568,814568,1,81534.0,81533.03344481606,0.9665551839464819,9.665551839464818,sl,0.0,-0.08250055518394256,0.08153400000000001,5.0,ifvg,0.001,-0.16403455518394255,83
2025-11,baseline,814580,814580,1,81505.1,81505.0,0.1,1.0,inv,0.0,-0.08160510000000583,0.08150510000000001,5.0,ifvg,0.001,-0.16311020000000584,84
2025-11,baseline,814568,814733,-1,81509.2,81653.69999999997,144.4999999999709,1733.9999999996508,sl,165.0,-0.22600919999997088,0.08150919999999999,5.0,ifvg_clean,0.001,-0.3075183999999709,85
2025-11,baseline,827743,827743,-1,78693.6,78694.09584717608,0.49584717607967405,4.958471760796741,sl,0.0,-0.0791894471760765,0.0786936,5.0,ifvg,0.001,-0.15788304717607649,86
2025-11,baseline,827743,827743,-1,78633.9,78634.89169435215,0.991694352159469,9.916943521594689,sl,0.0,-0.07962559435215298,0.07863389999999999,5.0,ifvg,0.001,-0.15825949435215297,87
2025-11,baseline,827757,827757,-1,78753.3,78752.3,0.1,1.0,tp,0.0,-0.07775330000000001,0.07875330000000001,5.0,ifvg,0.001,-0.15650660000000002,88
2025-11,baseline,827743,827991,1,78751.0,78633.4,597.0000000000437,7164.000000000524,inv,248.0,-0.19635100000000583,0.078751,5.0,ifvg_clean,0.001,-0.27510200000000584,89
2025-11,baseline,829552,829552,-1,79160.0,79160.1,0.1,1.0,sl,0.0,-0.07926000000000581,0.07916,5.0,ifvg,0.001,-0.1584200000000058,90
2025-11,baseline,829552,829552,-1,79149.95,79150.42630331754,0.47630331753555155,4.763033175355515,sl,0.0,-0.07962625331754045,0.07914995000000001,5.0,ifvg,0.001,-0.15877620331754044,91
2025-11,baseline,829552,829552,-1,79139.9,79140.85260663506,0.9526066350711031,9.52606635071103,sl,0.0,-0.08009250663506633,0.0791399,5.0,ifvg,0.001,-0.15923240663506633,92
2025-11,baseline,829552,829576,1,79173.2,79139.4,100.5000000000291,1206.0000000003492,inv,24.0,-0.11297320000000291,0.0791732,5.0,ifvg_clean,0.001,-0.1921464000000029,93
2025-11,baseline,831600,831600,-1,79241.3,79241.40000000001,0.1,1.0,inv,0.0,-0.07934130000000583,0.07924130000000001,5.0,ifvg,0.001,-0.15858260000000585,94
2025-11,baseline,831600,831600,-1,79214.95000000001,79215.44068901305,0.4906890130352458,4.906890130352458,sl,0.0,-0.07970563901303691,0.07921495000000002,5.0,ifvg,0.001,-0.15892058901303693,95
2025-11,baseline,831600,831600,-1,79188.6,79189.58137802608,0.9813780260707625,9.813780260707626,sl,0.0,-0.08016997802607381,0.07918860000000001,5.0,ifvg,0.001,-0.15935857802607384,96
2025-11,baseline,831687,831687,1,79280.0,79279.51219512195,0.4878048780487805,4.878048780487805,sl,0.0,-0.07976780487805198,0.07928,5.0,ifvg,0.001,-0.15904780487805198,97
2025-11,baseline,831687,831687,1,79300.0,79299.0243902439,0.975609756097561,9.75609756097561,sl,0.0,-0.08027560975610394,0.0793,5.0,ifvg,0.001,-0.15957560975610394,98
2025-11,baseline,831689,831689,1,79260.0,79261.0,0.1,1.0,tp,0.0,-0.07826000000000001,0.07926000000000001,5.0,ifvg,0.001,-0.15752000000000002,99
2025-11,baseline,831687,831693,-1,79266.6,79300.5,200.0,2400.0,inv,6.0,-0.11316659999999418,0.0792666,5.0,ifvg_clean,0.001,-0.1924331999999942,100
2025-11,baseline,853164,853164,-1,79596.0,79596.49246987952,0.49246987951807164,4.924698795180716,sl,0.0,-0.0800884698795221,0.079596,5.0,fvg,0.001,-0.15968446987952212,101
2025-11,baseline,853164,853164,-1,79563.3,79564.28493975903,0.9849397590361433,9.849397590361432,sl,0.0,-0.08054823975902967,0.0795633,5.0,fvg,0.001,-0.16011153975902967,102
2025-11,baseline,854638,854638,-1,79416.55,79417.02737556561,0.4773755656108657,4.773755656108657,sl,0.0,-0.07989392556560605,0.07941655,5.0,ifvg,0.001,-0.15931047556560607,103
2025-11,baseline,854638,854638,-1,79406.0,79406.95475113123,0.9547511312217314,9.547511312217313,sl,0.0,-0.08036075113122666,0.079406,5.0,ifvg,0.001,-0.15976675113122668,104
2025-11,baseline,854638,854645,1,79415.7,79405.5,105.5000000000291,1266.0000000003492,inv,7.0,-0.08961569999999709,0.0794157,5.0,ifvg_clean,0.001,-0.1690313999999971,105
2025-11,baseline,854654,854654,-1,79427.1,79426.1,0.1,1.0,tp,0.0,-0.07842710000000001,0.07942710000000001,5.0,ifvg,0.001,-0.15785420000000003,106
2025-11,baseline,831600,855415,1,79236.5,78973.00000000001,263.49999999998545,3161.9999999998254,sl,24228.0,-0.34273649999998546,0.0792365,5.0,ifvg_clean,0.001,-0.42197299999998544,107
2025-11,baseline,856804,856804,-1,79525.6,79526.56047430831,0.960474308300377,9.60474308300377,sl,0.0,-0.08048607430830369,0.07952560000000002,5.0,fvg,0.001,-0.1600116743083037,108
2025-11,baseline,857270,857270,-1,79537.75,79532.9476284585,0.4802371541501885,4.802371541501885,tp,0.0,-0.07473537845849619,0.07953775,5.0,fvg,0.001,-0.1542731284584962,109
2025-11,baseline,857274,857274,-1,79549.9,79548.9,0.1,1.0,tp,0.0,-0.07854989999999999,0.07954989999999999,5.0,fvg,0.001,-0.15809979999999998,110
2025-11,baseline,857358,857358,-1,79628.7,79627.7,0.1,1.0,tp,0.0,-0.0786287,0.0796287,5.0,fvg,0.001,-0.1582574,111
2025-11,baseline,862409,862409,1,80287.5,80287.4,0.1,1.0,sl,0.0,-0.08038750000000583,0.08028750000000001,5.0,ifvg,0.001,-0.16067500000000584,112
2025-11,baseline,862409,862409,1,80313.05,80312.55959692899,0.49040307101727554,4.904030710172755,sl,0.0,-0.08080345307101679,0.08031305000000001,5.0,ifvg,0.001,-0.1611165030710168,113
2025-11,baseline,862409,862409,1,80338.6,80337.61919385797,0.9808061420345511,9.80806142034551,sl,0.0,-0.08131940614203355,0.08033860000000001,5.0,ifvg,0.001,-0.16165800614203357,114
2025-11,baseline,862409,862774,-1,80280.1,80339.1,255.5000000000291,3066.0000000003492,inv,365.0,-0.13928010000000002,0.08028010000000001,5.0,ifvg_clean,0.001,-0.21956020000000004,115
2025-11,baseline,863815,863815,-1,80609.2,80609.68878923767,0.4887892376681629,4.887892376681629,inv,0.0,-0.08109798923767189,0.0806092,5.0,ifvg,0.001,-0.1617071892376719,116
2025-11,baseline,863815,863815,-1,80587.4,80588.37757847532,0.9775784753363258,9.775784753363258,sl,0.0,-0.08156497847532922,0.0805874,5.0,ifvg,0.001,-0.1621523784753292,117
2025-11,baseline,864055,864055,-1,80631.0,80631.1,0.1,1.0,inv,0.0,-0.08073100000000583,0.08063100000000001,5.0,ifvg,0.001,-0.16136200000000583,118
2025-11,baseline,870988,870988,-1,80535.0,80535.48161764706,0.48161764705883137,4.816176470588314,sl,0.0,-0.0810166176470631,0.080535,5.0,ifvg,0.001,-0.1615516176470631,119
2025-11,baseline,870988,870988,-1,80521.9,80522.8632352941,0.9632352941176627,9.632352941176627,sl,0.0,-0.08148513529411167,0.08052190000000001,5.0,ifvg,0.001,-0.16200703529411167,120
2025-11,baseline,871004,871004,-1,80548.1,80547.1,0.1,1.0,tp,0.0,-0.07954810000000001,0.08054810000000001,5.0,ifvg,0.001,-0.16009620000000002,121
2025-11,baseline,880686,880686,1,80788.9,80788.41288659793,0.4871134020616691,4.871134020616691,sl,0.0,-0.081276013402065,0.0807889,5.0,ifvg,0.001,-0.162064913402065,122
2025-11,baseline,880686,880686,1,80807.8,80806.82577319587,0.9742268041237132,9.742268041237132,sl,0.0,-0.08178202680413,0.0808078,5.0,ifvg,0.001,-0.16258982680413,123
2025-11,baseline,880686,880687,-1,80779.6,80808.3,189.00000000001455,2268.0000000001746,inv,1.0,-0.1094795999999971,0.08077960000000001,5.0,ifvg_clean,0.001,-0.1902591999999971,124
2025-11,baseline,880695,880695,1,80770.0,80771.0,0.1,1.0,tp,0.0,-0.07977,0.08077,5.0,ifvg,0.001,-0.16054,125
2025-11,baseline,880711,880711,-1,80890.0,80890.1,0.1,1.0,inv,0.0,-0.08099000000000582,0.08089,5.0,ifvg,0.001,-0.16188000000000582,126
2025-11,baseline,880711,880711,-1,80864.2,80864.69049429658,0.49049429657794785,4.904942965779479,sl,0.0,-0.08135469429658043,0.0808642,5.0,ifvg,0.001,-0.16221889429658043,127
2025-11,baseline,880711,880711,-1,80838.4,80839.38098859316,0.9809885931558957,9.809885931558957,sl,0.0,-0.08181938859316086,0.08083839999999999,5.0,ifvg,0.001,-0.16265778859316085,128
2025-11,baseline,881134,881134,1,81492.9,81491.90248818113,0.9975118188604131,9.975118188604132,sl,0.0,-0.08249041181885948,0.0814929,5.0,fvg,0.001,-0.16398331181885947,129
2025-11,baseline,881679,881679,1,81292.45,81297.4375590943,0.49875590943020653,4.987559094302066,tp,0.0,-0.07630489090570254,0.08129245,5.0,fvg,0.001,-0.15759734090570254,130
2025-11,baseline,883583,883583,-1,81580.2,81581.1814471243,0.9814471243042703,9.814471243042703,sl,0.0,-0.08256164712430077,0.0815802,5.0,fvg,0.001,-0.16414184712430077,131
2025-11,baseline,883600,883601,-1,81606.65,81607.14072356214,0.4907235621522701,4.907235621522701,sl,1.0,-0.08209737356215038,0.08160665,5.0,fvg,0.001,-0.16370402356215039,132
2025-11,baseline,885286,885286,-1,81633.1,81632.1,0.1,1.0,tp,0.0,-0.08063310000000001,0.08163310000000001,5.0,fvg,0.001,-0.16226620000000003,133
2025-11,baseline,870988,885833,1,80543.8,82115.8000000007,131.0000000000582,1572.0000000006985,tp,14892.0,1.4914562000006986,0.08054380000000001,5.0,ifvg_clean,0.001,1.4109124000006985,134
2025-11,baseline,889177,889177,-1,82689.5,82689.97727272728,0.4772727272727273,4.772727272727273,inv,0.0,-0.08316677272727935,0.0826895,5.0,ifvg,0.001,-0.16585627272727935,135
2025-11,baseline,889177,889177,-1,82679.0,82679.95454545454,0.9545454545454546,9.545454545454547,sl,0.0,-0.08363354545454413,0.082679,5.0,ifvg,0.001,-0.16631254545454413,136
2025-11,baseline,889305,889305,-1,82700.0,82700.1,0.1,1.0,inv,0.0,-0.08280000000000583,0.08270000000000001,5.0,ifvg,0.001,-0.16550000000000584,137
2025-11,baseline,889177,890376,1,82690.8,82585.8,105.0,1260.0,sl,1199.0,-0.1876908,0.08269080000000001,5.0,ifvg_clean,0.001,-0.2703816,138
2025-11,baseline,896810,896810,1,82288.1,82288.0,0.1,1.3,sl,0.0,-0.08238810000000583,0.08228810000000002,5.0,ifvg,0.001,-0.16467620000000585,139
2025-11,baseline,896810,896810,1,82317.85,82317.35826446282,0.49173553719008267,6.392561983471074,sl,0.0,-0.0828095855371872,0.08231785000000001,5.0,ifvg,0.001,-0.16512743553718723,140
2025-11,baseline,896810,896810,1,82347.6,82346.61652892563,0.9834710743801653,12.785123966942148,sl,0.0,-0.08333107107437442,0.08234760000000002,5.0,ifvg,0.001,-0.16567867107437445,141
2025-11,baseline,896810,896850,-1,82286.5,82348.1,297.5,3570.0,inv,40.0,-0.14388650000000583,0.0822865,5.0,ifvg_clean,0.001,-0.22617300000000584,142
2025-11,baseline,863815,900954,1,80627.9,83243.90000000034,218.0000000000291,2616.0000000003492,tp,37206.0,2.535372100000349,0.0806279,5.0,ifvg_clean,0.001,2.454744200000349,143
2025-11,baseline,905779,905779,-1,82059.7,82060.19663072776,0.4966307277628031,4.966307277628031,sl,0.0,-0.08255633072776457,0.0820597,5.0,ifvg,0.001,-0.16461603072776457,144
2025-11,baseline,905779,905779,-1,81986.0,81986.99326145553,0.9932614555256062,9.932614555256063,sl,0.0,-0.08297926145552914,0.081986,5.0,ifvg,0.001,-0.16496526145552914,145
2025-11,baseline,905780,905780,-1,82133.4,82132.4,0.1,1.0,tp,0.0,-0.0811334,0.0821334,5.0,ifvg,0.001,-0.1632668,146
2025-11,baseline,905779,905827,1,82123.8,81985.5,736.9999999999709,8843.99999999965,inv,48.0,-0.22042380000000295,0.08212380000000001,5.0,ifvg_clean,0.001,-0.30254760000000297,147
2025-11,baseline,906571,906575,1,81900.0,81899.00837520938,0.9916247906197652,9.916247906197652,sl,4.0,-0.08289162479062215,0.0819,5.0,fvg,0.001,-0.16479162479062215,148
2025-11,baseline,906644,906644,1,81840.8,81845.7581239531,0.4958123953098826,4.958123953098826,tp,0.0,-0.07688267604690378,0.0818408,5.0,fvg,0.001,-0.1587234760469038,149
2025-11,baseline,906695,906695,1,81781.6,81781.5,0.1,1.0,sl,0.0,-0.08188160000000583,0.08178160000000001,5.0,fvg,0.001,-0.16366320000000584,150
2025-11,baseline,906736,906736,-1,81904.5,81894.68382352941,0.9816176470588216,9.816176470588216,tp,0.0,-0.07208832352941262,0.0819045,5.0,fvg,0.001,-0.15399282352941263,151
2025-11,baseline,906739,906739,-1,81931.2,81926.2919117647,0.4908088235294108,4.908088235294108,tp,0.0,-0.07702311176469905,0.08193120000000001,5.0,fvg,0.001,-0.15895431176469904,152
2025-11,baseline,906771,906771,-1,81957.9,81956.9,0.1,1.0,tp,0.0,-0.0809579,0.0819579,5.0,fvg,0.001,-0.1629158,153
2025-11,baseline,909245,909245,1,82486.35,82485.8587260035,0.4912739965097261,4.912739965097261,sl,0.0,-0.08297762399650752,0.08248635,5.0,ifvg,0.001,-0.16546397399650753,154
2025-11,baseline,909245,909245,1,82514.5,82513.51745200698,0.9825479930191982,9.825479930191982,sl,0.0,-0.08349704799301504,0.0825145,5.0,ifvg,0.001,-0.16601154799301504,155
2025-11,baseline,909318,909318,1,82458.2,82458.09999999999,0.1,1.0,sl,0.0,-0.08255820000000583,0.08245820000000001,5.0,ifvg,0.001,-0.16501640000000584,156
2025-11,baseline,909245,909423,-1,82462.4,82515.0,281.50000000001455,3378.0000000001746,inv,181.0,-0.13506240000000583,0.0824624,5.0,ifvg_clean,0.001,-0.21752480000000585,157
2025-11,baseline,910574,910574,-1,82247.55,82248.03181818181,0.4818181818181818,4.818181818181818,sl,0.0,-0.08272936818181184,0.08224755,5.0,fvg,0.001,-0.16497691818181184,158
2025-11,baseline,910574,910574,-1,82234.3,82235.26363636364,0.9636363636363636,9.636363636363637,sl,0.0,-0.08319793636363823,0.08223430000000001,5.0,fvg,0.001,-0.16543223636363824,159
2025-11,baseline,910587,910587,-1,82260.8,82259.8,0.1,1.0,tp,0.0,-0.08126080000000001,0.08226080000000001,5.0,fvg,0.001,-0.16352160000000002,160
2025-11,baseline,911207,911207,-1,82400.0,82400.98217468806,0.9821746880570429,9.821746880570428,sl,0.0,-0.08338217468806251,0.0824,5.0,fvg,0.001,-0.1657821746880625,161
2025-11,baseline,911217,911217,-1,82427.55,82428.04108734403,0.49108734402852144,4.910873440285214,sl,0.0,-0.082918637344024,0.08242755000000002,5.0,fvg,0.001,-0.165346187344024,162
2025-11,baseline,911249,911249,-1,82455.1,82454.1,0.1,1.0,tp,0.0,-0.0814551,0.0824551,5.0,fvg,0.001,-0.1639102,163
2025-11,baseline,911491,911491,1,82573.3,82572.31776198934,0.9822380106571946,9.822380106571947,sl,0.0,-0.08355553801066343,0.0825733,5.0,fvg,0.001,-0.16612883801066342,164
2025-11,baseline,880711,915647,1,80874.3,83970.30000000035,258.0000000000291,3096.0000000003492,tp,34951.0,3.015125700000349,0.08087430000000001,5.0,ifvg_clean,0.001,2.934251400000349,165
2025-11,baseline,948607,948607,-1,82801.4,82802.38996990972,0.9899699097291887,9.899699097291887,sl,0.0,-0.08379136990972955,0.0828014,5.0,fvg,0.001,-0.16659276990972954,166
2025-11,baseline,948628,948628,-1,82850.75,82851.24498495486,0.4949849548645944,4.949849548645943,sl,0.0,-0.0833457349548575,0.08285075,5.0,fvg,0.001,-0.1661964849548575,167
2025-11,baseline,949102,949102,-1,82900.1,82899.1,0.1,1.0,tp,0.0,-0.0819001,0.0829001,5.0,fvg,0.001,-0.1648002,168
2025-11,baseline,1037184,1037184,1,85555.4,85554.42816901408,0.971830985915493,9.71830985915493,sl,0.0,-0.0865272309859163,0.08555539999999999,5.0,fvg,0.001,-0.1720826309859163,169
2025-11,baseline,1037187,1037187,1,85538.15,85537.66408450704,0.4859154929577465,4.859154929577465,sl,0.0,-0.08602406549295816,0.08553815000000001,5.0,fvg,0.001,-0.17156221549295816,170
2025-11,baseline,1037189,1037189,1,85520.9,85521.9,0.1,1.0,tp,0.0,-0.0845209,0.0855209,5.0,fvg,0.001,-0.1700418,171
2025-11,baseline,1245361,1245361,-1,85642.55,85643.03915401302,0.4891540130151858,6.3590021691974155,sl,0.0,-0.08613170401301928,0.08564255,5.0,ifvg,0.001,-0.17177425401301927,172
2025-11,baseline,1245361,1245361,-1,85620.0,85620.97830802602,0.9783080260303716,12.718004338394831,sl,0.0,-0.08659830802602403,0.08562,5.0,ifvg,0.001,-0.17221830802602403,173
2025-11,baseline,1245361,1245363,1,85652.4,85619.5,225.5000000000291,2706.0000000003492,inv,2.0,-0.11855239999999417,0.0856524,5.0,ifvg_clean,0.001,-0.2042047999999942,174
2025-11,baseline,1252583,1252583,-1,84927.9,84928.38595505618,0.4859550561799762,4.859550561799762,sl,0.0,-0.08541385505618142,0.0849279,5.0,ifvg,0.001,-0.17034175505618143,175
2025-11,baseline,1252583,1252583,-1,84910.6,84911.57191011237,0.9719101123595437,9.719101123595436,sl,0.0,-0.08588251011236282,0.0849106,5.0,ifvg,0.001,-0.1707931101123628,176
2025-11,baseline,1252583,1252601,1,84929.0,84910.1,172.99999999995634,2075.999999999476,inv,18.0,-0.10382899999999418,0.084929,5.0,ifvg_clean,0.001,-0.18875799999999418,177
2025-11,baseline,1252621,1252621,-1,84945.2,84944.2,0.1,1.0,tp,0.0,-0.0839452,0.0849452,5.0,ifvg,0.001,-0.1688904,178
2025-11,baseline,1342528,1342528,1,85354.4,85353.4127226463,0.987277353689566,9.87277353689566,sl,0.0,-0.08634167735369175,0.0853544,5.0,ifvg,0.001,-0.17169607735369175,179
2025-11,baseline,1342528,1342528,-1,85329.7,85354.9,387.99999999995634,4655.999999999476,inv,0.0,-0.1105296999999971,0.08532970000000001,5.0,ifvg_clean,0.001,-0.1958593999999971,180
2025-11,baseline,1342533,1342533,1,85276.8,85277.8,0.1,1.0,tp,0.0,-0.08427680000000001,0.08527680000000001,5.0,ifvg,0.001,-0.16955360000000003,181
2025-11,baseline,1342533,1342533,1,85315.6,85320.53638676845,0.49363867684487556,4.936386768448756,tp,0.0,-0.0803792132315558,0.0853156,5.0,ifvg,0.001,-0.1656948132315558,182
2025-11,baseline,1344808,1344808,1,83752.9,83752.79999999999,0.1,1.0,inv,0.0,-0.08385290000000582,0.0837529,5.0,ifvg,0.001,-0.16760580000000583,183
2025-11,baseline,1344808,1344808,1,83770.45,83769.96385041552,0.48614958448753687,4.8614958448753685,sl,0.0,-0.0842565995844816,0.08377045,5.0,ifvg,0.001,-0.1680270495844816,184
2025-11,baseline,1344808,1344808,1,83788.0,83787.02770083102,0.9722991689750737,9.722991689750737,sl,0.0,-0.08476029916897777,0.083788,5.0,ifvg,0.001,-0.1685482991689778,185
2025-11,baseline,1344862,1344862,1,83618.1,83617.11730103807,0.9826989619377172,9.826989619377173,sl,0.0,-0.08460079896193234,0.08361810000000001,5.0,fvg,0.001,-0.16821889896193237,186
2025-11,baseline,1344867,1344867,1,83589.70000000001,83589.20865051904,0.4913494809689845,4.913494809689845,sl,0.0,-0.08408104948097345,0.0835897,5.0,fvg,0.001,-0.16767074948097344,187
2025-11,baseline,1344882,1344882,1,83676.75,83676.26052631579,0.4894736842105263,4.894736842105263,inv,0.0,-0.08416622368421067,0.08367675,5.0,ifvg,0.001,-0.16784297368421067,188
2025-11,baseline,1344882,1344882,1,83700.0,83699.02105263158,0.9789473684210526,9.789473684210526,sl,0.0,-0.08467894736842137,0.08370000000000001,5.0,ifvg,0.001,-0.16837894736842138,189
2025-11,baseline,1344884,1344884,1,83653.5,83653.4,0.1,1.0,inv,0.0,-0.08375350000000582,0.0836535,5.0,ifvg,0.001,-0.16740700000000583,190
2025-11,baseline,1344882,1344918,-1,83657.4,83889.9,232.5,2790.0,sl,36.0,-0.31615740000000003,0.08365739999999999,5.0,ifvg_clean,0.001,-0.3998148,191
2025-11,baseline,1344808,1344921,-1,83748.0,83923.50000000003,175.5000000000291,2106.0000000003492,sl,113.0,-0.2592480000000291,0.083748,5.0,ifvg_clean,0.001,-0.3429960000000291,192
2025-11,baseline,1350269,1350269,-1,84002.4,84003.38542274052,0.9854227405247825,9.854227405247824,sl,0.0,-0.08498782274053034,0.08400239999999999,5.0,fvg,0.001,-0.16899022274053033,193
2025-11,baseline,1350350,1350350,-1,84036.2,84031.27288629737,0.49271137026239126,4.927113702623912,tp,0.0,-0.0791090862973774,0.08403619999999999,5.0,fvg,0.001,-0.1631452862973774,194
2025-11,baseline,1350406,1350406,-1,84070.0,84069.0,0.1,1.0,tp,0.0,-0.08307,0.08407,5.0,fvg,0.001,-0.16714,195
2025-11,baseline,1418914,1418914,1,84365.2,84364.20426985482,0.995730145175064,9.95730145175064,sl,0.0,-0.08536093014517955,0.0843652,5.0,fvg,0.001,-0.16972613014517957,196
2025-11,baseline,1420429,1420429,-1,84510.2,84510.6898785425,0.48987854251012025,4.898785425101202,inv,0.0,-0.08500007854250298,0.0845102,5.0,ifvg,0.001,-0.16951027854250297,197
2025-11,baseline,1420429,1420429,-1,84486.0,84486.97975708502,0.9797570850202405,9.797570850202405,sl,0.0,-0.08546575708502055,0.084486,5.0,ifvg,0.001,-0.16995175708502056,198
2025-11,baseline,1420433,1420433,-1,84534.4,84534.5,0.1,1.0,inv,0.0,-0.08463440000000581,0.0845344,5.0,ifvg,0.001,-0.1691688000000058,199
2025-11,baseline,1420429,1505007,1,84531.9,84289.90000000002,241.9999999999709,2903.9999999996508,sl,88158.0,-0.3265318999999709,0.0845319,5.0,ifvg_clean,0.001,-0.4110637999999709,200
2025-11,baseline,1523752,1523752,-1,84593.5,84594.46212121213,0.9621212121212037,9.621212121212038,sl,0.0,-0.08555562121212738,0.0845935,5.0,fvg,0.001,-0.17014912121212739,201
2025-11,baseline,1523752,1523754,-1,84606.2,84606.68106060606,0.48106060606060186,4.810606060606019,sl,2.0,-0.0850872606060637,0.0846062,5.0,fvg,0.001,-0.16969346060606372,202
2025-11,baseline,1541534,1541534,1,84846.1,84845.61041666668,0.4895833333333333,4.895833333333333,sl,0.0,-0.08533568333332849,0.08484610000000001,5.0,ifvg,0.001,-0.1701817833333285,203
2025-11,baseline,1541534,1541534,1,84869.6,84868.62083333333,0.9791666666666666,9.791666666666666,sl,0.0,-0.08584876666667152,0.0848696,5.0,ifvg,0.001,-0.1707183666666715,204
2025-11,baseline,1541534,1541577,-1,84824.9,84870.1,235.0,2820.0,inv,43.0,-0.13002490000001163,0.0848249,5.0,ifvg_clean,0.001,-0.21484980000001164,205
2025-11,baseline,1542132,1542132,1,84822.6,84822.5,0.1,1.0,inv,0.0,-0.08492260000000583,0.08482260000000001,5.0,ifvg,0.001,-0.16974520000000584,206
2025-11,baseline,1701779,1701779,-1,87438.8,87439.76062992126,0.9606299212598335,9.606299212598335,inv,0.0,-0.08839942992126099,0.0874388,5.0,ifvg,0.001,-0.17583822992126097,207
2025-11,baseline,1701779,1702010,1,87439.7,87317.70000000003,121.9999999999709,1463.9999999996508,sl,231.0,-0.20943969999997092,0.08743970000000001,5.0,ifvg_clean,0.001,-0.2968793999999709,208
2025-11,baseline,1702239,1702239,-1,87463.2,87463.3,0.1,1.0,inv,0.0,-0.08756320000000582,0.0874632,5.0,ifvg,0.001,-0.17502640000000583,209
2025-11,baseline,1702239,1702239,-1,87451.0,87451.48031496063,0.48031496062991674,4.803149606299168,sl,0.0,-0.0879313149606305,0.08745100000000001,5.0,ifvg,0.001,-0.1753823149606305,210
2025-11,baseline,1734044,1734044,-1,86677.0,86677.96884735202,0.9688473520249278,9.688473520249278,sl,0.0,-0.08764584735202184,0.086677,5.0,fvg,0.001,-0.17432284735202186,211
2025-11,baseline,1734053,1734053,-1,86692.55,86687.70576323988,0.4844236760124639,4.844236760124639,tp,0.0,-0.08184831323987626,0.08669255000000001,5.0,fvg,0.001,-0.16854086323987627,212
2025-11,baseline,1734056,1734056,-1,86708.1,86707.1,0.1,1.0,tp,0.0,-0.08570810000000001,0.08670810000000001,5.0,fvg,0.001,-0.17241620000000002,213
2025-11,baseline,1743871,1743871,-1,87391.0,87391.1,0.1,1.0,inv,0.0,-0.08749100000000583,0.08739100000000001,5.0,ifvg,0.001,-0.17488200000000584,214
2025-11,baseline,1743871,1743871,-1,87301.5,87301.99722222223,0.49722222222222223,4.972222222222222,sl,0.0,-0.08779872222222772,0.0873015,5.0,ifvg,0.001,-0.1751002222222277,215
2025-11,baseline,1743871,1743871,-1,87212.0,87212.99444444444,0.9944444444444445,9.944444444444445,sl,0.0,-0.0882064444444409,0.08721200000000001,5.0,ifvg,0.001,-0.1754184444444409,216
2025-11,baseline,1747797,1747797,1,87932.65,87932.16858736059,0.48141263940494,4.8141263940494,sl,0.0,-0.08841406263940488,0.08793265,5.0,ifvg,0.001,-0.17634671263940488,217
2025-11,baseline,1747797,1747797,1,87945.6,87944.6371747212,0.962825278810421,9.62825278810421,sl,0.0,-0.08890842527880977,0.08794560000000001,5.0,ifvg,0.001,-0.17685402527880978,218
2025-11,baseline,1747808,1747808,1,87919.7,87920.7,0.1,1.0,tp,0.0,-0.0869197,0.0879197,5.0,ifvg,0.001,-0.1748394,219
2025-11,baseline,1747797,1747813,-1,87927.6,87946.1,129.50000000004366,1554.0000000005239,inv,16.0,-0.10642760000000001,0.08792760000000001,5.0,ifvg_clean,0.001,-0.1943552,220
2025-11,baseline,1748294,1748294,-1,88080.2,88080.3,0.1,1.0,inv,0.0,-0.08818020000000583,0.08808020000000001,5.0,ifvg,0.001,-0.17626040000000584,221
2025-11,baseline,1748294,1748294,-1,88063.6,88064.08538011696,0.48538011695885036,4.853801169588504,sl,0.0,-0.088548980116952,0.0880636,5.0,ifvg,0.001,-0.17661258011695202,222
2025-11,baseline,1748294,1748294,-1,88047.0,88047.97076023392,0.9707602339181262,9.707602339181262,sl,0.0,-0.08901776023391855,0.088047,5.0,ifvg,0.001,-0.17706476023391854,223
2025-11,baseline,1748294,1749627,1,88066.7,87900.70000000001,165.99999999998545,1991.9999999998254,sl,1333.0,-0.25406669999998543,0.0880667,5.0,ifvg_clean,0.001,-0.34213339999998543,224
2025-11,baseline,1743871,1754330,1,87390.6,86495.6,895.0,10740.0,sl,10464.0,-0.9823906,0.08739060000000001,5.0,ifvg_clean,0.001,-1.0697812,225
2025-11,baseline,1754487,1754487,-1,86512.8,86513.79075785582,0.9907578558225506,9.907578558225506,sl,0.0,-0.08750355785581954,0.0865128,5.0,fvg,0.001,-0.17401635785581954,226
2025-11,baseline,1754492,1754492,-1,86566.4,86561.44621072088,0.4953789279113425,4.953789279113425,tp,0.0,-0.08161261072088775,0.0865664,5.0,fvg,0.001,-0.16817901072088776,227
2025-11,baseline,1754586,1754586,-1,86620.0,86619.0,0.1,1.0,tp,0.0,-0.08562,0.08662,5.0,fvg,0.001,-0.17224,228
2025-11,baseline,1755274,1755274,1,86947.15,86946.65515995871,0.49484004127959513,4.9484004127959516,inv,0.0,-0.08744199004128317,0.08694715,5.0,ifvg,0.001,-0.17438914004128317,229
2025-11,baseline,1755274,1755274,1,86995.1,86994.11031991744,0.9896800825593405,9.896800825593404,sl,0.0,-0.08798478008256634,0.0869951,5.0,ifvg,0.001,-0.17497988008256635,230
2025-11,baseline,1755396,1755396,1,86899.2,86899.09999999999,0.1,1.0,inv,0.0,-0.08699920000000581,0.0868992,5.0,ifvg,0.001,-0.1738984000000058,231
2025-11,baseline,1755274,1763354,-1,86899.9,87379.40000000004,479.50000000004366,5754.000000000524,sl,8109.0,-0.5663999000000437,0.0868999,5.0,ifvg_clean,0.001,-0.6532998000000437,232
2025-11,baseline,1782623,1782623,-1,87533.5,87533.99163879598,0.49163879598662047,4.916387959866205,inv,0.0,-0.088025138795982,0.0875335,5.0,ifvg,0.001,-0.175558638795982,233
2025-11,baseline,1782623,1782623,-1,87504.1,87505.08327759198,0.9832775919732409,9.83277591973241,sl,0.0,-0.08848737759197857,0.08750410000000002,5.0,ifvg,0.001,-0.17599147759197858,234
2025-11,baseline,1782624,1782624,-1,87562.9,87563.0,0.1,1.0,inv,0.0,-0.08766290000000582,0.0875629,5.0,ifvg,0.001,-0.17522580000000582,235
2025-11,baseline,1788501,1788501,1,87916.4,87915.40727802037,0.9927219796215426,9.927219796215427,sl,0.0,-0.08890912197962272,0.08791639999999999,5.0,fvg,0.001,-0.1768255219796227,236
2025-11,baseline,1790178,1790178,1,87848.2,87847.70363901019,0.4963609898107713,4.9636098981077135,sl,0.0,-0.08834456098981136,0.0878482,5.0,fvg,0.001,-0.17619276098981135,237
2025-11,baseline,1824131,1824131,-1,88563.8,88564.79100719425,0.9910071942446042,9.910071942446042,sl,0.0,-0.08955480719424314,0.0885638,5.0,fvg,0.001,-0.17811860719424313,238
2025-11,baseline,1824147,1824147,-1,88618.9,88613.94496402876,0.49550359712236747,4.9550359712236745,tp,0.0,-0.08366386402876975,0.0886189,5.0,fvg,0.001,-0.17228276402876974,239
2025-11,baseline,1824152,1824152,-1,88674.0,88673.0,0.1,1.0,tp,0.0,-0.087674,0.088674,5.0,fvg,0.001,-0.176348,240
2025-11,baseline,1825165,1825165,1,88934.7,88933.70900090008,0.9909990999099904,9.909990999099904,sl,0.0,-0.08992569909991491,0.08893469999999999,5.0,fvg,0.001,-0.1788603990999149,241
2025-11,baseline,1827401,1827401,-1,89688.4,89688.88427672956,0.48427672955997864,4.842767295599787,inv,0.0,-0.09017267672956314,0.0896884,5.0,ifvg,0.001,-0.17986107672956314,242
2025-11,baseline,1827401,1827401,-1,89673.0,89673.96855345913,0.9685534591194996,9.685534591194996,sl,0.0,-0.09064155345912628,0.089673,5.0,ifvg,0.001,-0.18031455345912628,243
2025-11,baseline,1827419,1827419,-1,89703.8,89703.90000000001,0.1,1.0,inv,0.0,-0.08980380000000582,0.0897038,5.0,ifvg,0.001,-0.17950760000000582,244
2025-11,baseline,1828160,1828160,-1,90155.95,90156.43933901918,0.48933901918976414,4.893390191897641,inv,0.0,-0.09064528901918646,0.09015595000000001,5.0,ifvg,0.001,-0.1808012390191865,245
2025-11,baseline,1828160,1828160,-1,90133.0,90133.97867803837,0.9786780383795283,9.786780383795282,sl,0.0,-0.09111167803837288,0.09013299999999999,5.0,ifvg,0.001,-0.18124467803837285,246
2025-11,baseline,1828161,1828161,-1,90178.9,90179.0,0.1,1.0,inv,0.0,-0.09027890000000582,0.0901789,5.0,ifvg,0.001,-0.18045780000000583,247
2025-11,baseline,1828160,1828584,1,90174.0,89944.50000000003,229.4999999999709,2753.9999999996508,sl,424.0,-0.3196739999999709,0.090174,5.0,ifvg_clean,0.001,-0.4098479999999709,248
2025-11,baseline,1828707,1828707,-1,89954.45,89954.94306518724,0.4930651872399451,4.930651872399451,inv,0.0,-0.09044751518724187,0.08995444999999999,5.0,ifvg,0.001,-0.18040196518724186,249
2025-11,baseline,1828707,1828707,-1,89918.9,89919.88613037448,0.9861303744798902,9.861303744798901,sl,0.0,-0.09090503037448376,0.0899189,5.0,ifvg,0.001,-0.18082393037448374,250
2025-11,baseline,1828729,1828729,-1,89990.0,89990.1,0.1,1.0,inv,0.0,-0.09009000000000582,0.08999,5.0,ifvg,0.001,-0.18008000000000582,251
2025-11,baseline,1829202,1829202,-1,90119.8,90119.90000000001,0.1,1.0,inv,0.0,-0.09021980000000582,0.0901198,5.0,ifvg,0.001,-0.18033960000000582,252
2025-11,baseline,1829202,1829202,-1,90084.8,90085.29295774648,0.49295774647887325,4.929577464788732,sl,0.0,-0.09057775774647908,0.0900848,5.0,ifvg,0.001,-0.1806625577464791,253
2025-11,baseline,1829202,1829202,-1,90049.8,90050.78591549296,0.9859154929577465,9.859154929577464,sl,0.0,-0.09103571549295816,0.09004980000000001,5.0,ifvg,0.001,-0.18108551549295818,254
2025-11,baseline,1830144,1830144,1,90322.04999999999,90321.56597444088,0.48402555910520034,4.840255591052004,sl,0.0,-0.0908060755591116,0.09032204999999999,5.0,ifvg,0.001,-0.1811281255591116,255
2025-11,baseline,1830144,1830144,1,90337.2,90336.23194888179,0.9680511182108655,9.680511182108656,sl,0.0,-0.09130525111820867,0.09033719999999999,5.0,ifvg,0.001,-0.18164245111820865,256
2025-11,baseline,1830144,1830152,-1,90318.3,90337.7,151.50000000001455,1818.0000000001746,inv,8.0,-0.10971829999999419,0.0903183,5.0,ifvg_clean,0.001,-0.20003659999999418,257
2025-11,baseline,1830167,1830167,1,90306.9,90307.9,0.1,1.0,tp,0.0,-0.0893069,0.0903069,5.0,ifvg,0.001,-0.1796138,258
2025-11,baseline,1832158,1832158,-1,90627.7,90628.18031496063,0.48031496062991674,4.803149606299168,inv,0.0,-0.09110801496063049,0.0906277,5.0,ifvg,0.001,-0.1817357149606305,259
2025-11,baseline,1832158,1832158,-1,90615.5,90616.46062992126,0.9606299212598335,9.606299212598335,sl,0.0,-0.09157612992126099,0.0906155,5.0,ifvg,0.001,-0.18219162992126098,260
2025-11,baseline,1832160,1832160,-1,90639.9,90640.0,0.1,1.0,inv,0.0,-0.09073990000000581,0.0906399,5.0,ifvg,0.001,-0.1813798000000058,261
2025-11,baseline,1782623,1832666,1,87553.5,91081.4999999993,293.9999999999418,3527.9999999993015,tp,50357.0,3.4404464999993016,0.0875535,5.0,ifvg_clean,0.001,3.352892999999302,262
2025-11,baseline,1832158,1834903,1,90633.2,90511.20000000003,121.9999999999709,1463.9999999996508,sl,2745.0,-0.2126331999999709,0.09063320000000001,5.0,ifvg_clean,0.001,-0.3032663999999709,263
2025-11,baseline,1835750,1835750,1,90554.6,90553.62252252254,0.9774774774774819,9.77477477477482,sl,0.0,-0.09153207747747054,0.09055460000000001,5.0,fvg,0.001,-0.18208667747747054,264
2025-11,baseline,1836045,1836045,-1,90950.0,90950.99011857707,0.9901185770750985,9.901185770750985,sl,0.0,-0.09194011857707228,0.09095,5.0,fvg,0.001,-0.18289011857707227,265
2025-11,baseline,1841502,1841502,-1,91000.1,90995.14940711463,0.4950592885374774,4.950592885374774,tp,0.0,-0.08604950711462404,0.0910001,5.0,fvg,0.001,-0.17704960711462403,266
2025-11,baseline,1841520,1841520,-1,91050.2,91049.2,0.1,1.0,tp,0.0,-0.09005020000000001,0.09105020000000001,5.0,fvg,0.001,-0.18110040000000002,267
2025-11,baseline,1842366,1842366,1,91192.25,91191.76291989665,0.487080103359177,4.87080103359177,sl,0.0,-0.09167933010335395,0.09119225,5.0,ifvg,0.001,-0.18287158010335397,268
2025-11,baseline,1842366,1842366,1,91211.1,91210.12583979328,0.974160206718354,9.74160206718354,sl,0.0,-0.09218526020672245,0.0912111,5.0,ifvg,0.001,-0.18339636020672245,269
2025-11,baseline,1842367,1842367,1,91173.4,91174.4,0.1,1.0,tp,0.0,-0.0901734,0.0911734,5.0,ifvg,0.001,-0.1813468,270
2025-11,baseline,1842366,1842397,-1,91176.1,91211.6,188.5000000000582,2262.0000000006985,inv,31.0,-0.1266761,0.09117610000000001,5.0,ifvg_clean,0.001,-0.21785220000000002,271
2025-11,baseline,1827401,1843295,1,89684.3,91532.30000000018,154.00000000001455,1848.0000000001746,tp,15901.0,1.7583157000001746,0.08968430000000001,5.0,ifvg_clean,0.001,1.6686314000001745,272
2025-11,baseline,1851442,1851442,1,91272.0,91271.04347826086,0.9565217391304348,9.565217391304348,inv,0.0,-0.0922285217391355,0.091272,5.0,ifvg,0.001,-0.1835005217391355,273
2025-11,baseline,1851452,1851452,1,91250.0,91249.9,0.1,1.0,inv,0.0,-0.09135000000000582,0.09125,5.0,ifvg,0.001,-0.1826000000000058,274
2025-11,baseline,1851452,1851452,1,91261.0,91265.78260869565,0.4782608695652174,4.782608695652174,tp,0.0,-0.08647839130435162,0.091261,5.0,ifvg,0.001,-0.17773939130435162,275
2025-11,baseline,1851442,1855028,-1,91268.0,91378.0,110.0,1320.0,sl,3689.0,-0.201268,0.091268,5.0,ifvg_clean,0.001,-0.292536,276
2025-11,baseline,1855437,1855437,1,91522.2,91522.09999999999,0.1,1.0,sl,0.0,-0.09162220000000582,0.0915222,5.0,ifvg,0.001,-0.1831444000000058,277
2025-11,baseline,1855437,1855437,1,91544.29999999999,91543.8110619469,0.48893805309718347,4.889380530971835,sl,0.0,-0.09203323805309489,0.0915443,5.0,ifvg,0.001,-0.1835775380530949,278
2025-11,baseline,1855437,1855437,1,91566.4,91565.4221238938,0.9778761061946889,9.77876106194689,sl,0.0,-0.0925442761061898,0.0915664,5.0,ifvg,0.001,-0.1841106761061898,279
2025-11,baseline,1855437,1855728,-1,91503.0,91566.9,220.99999999998545,2651.9999999998254,inv,291.0,-0.15540299999999418,0.091503,5.0,ifvg_clean,0.001,-0.24690599999999419,280
2025-11,baseline,1828707,1893315,1,89975.4,94241.40000000034,355.5000000000291,4266.000000000349,tp,64815.0,4.176024600000349,0.0899754,5.0,ifvg_clean,0.001,4.086049200000349,281
2025-11,baseline,1829202,1894262,1,90108.7,94308.7,350.0,4200.0,tp,65270.0,4.1098913,0.0901087,5.0,ifvg_clean,0.001,4.0197826,282
2025-11,baseline,1920648,1920648,1,92337.0,92336.51063829787,0.48936170212765956,4.8936170212765955,inv,0.0,-0.09282636170212982,0.092337,5.0,ifvg,0.001,-0.18516336170212983,283
2025-11,baseline,1920648,1920648,1,92360.0,92359.02127659574,0.9787234042553191,9.787234042553191,sl,0.0,-0.09333872340425965,0.09236,5.0,ifvg,0.001,-0.18569872340425964,284
2025-11,baseline,1920657,1920657,1,92314.0,92313.9,0.1,1.0,inv,0.0,-0.09241400000000582,0.09231400000000001,5.0,ifvg,0.001,-0.18472800000000583,285
2025-11,baseline,1920648,1920883,-1,92320.0,92550.0,230.0,2760.0,sl,235.0,-0.32232000000000005,0.09232000000000001,5.0,ifvg_clean,0.001,-0.41464000000000006,286
2025-11,baseline,1921919,1921919,-1,92863.15,92863.6353372434,0.48533724340196915,4.8533724340196915,sl,0.0,-0.09334848724340085,0.09286314999999999,5.0,fvg,0.001,-0.18621163724340084,287
2025-11,baseline,1921919,1921919,-1,92846.6,92847.57067448681,0.9706744868035115,9.706744868035116,sl,0.0,-0.09381727448680174,0.09284660000000002,5.0,fvg,0.001,-0.18666387448680177,288
2025-11,baseline,1921920,1921920,-1,92879.7,92878.7,0.1,1.0,tp,0.0,-0.0918797,0.0928797,5.0,fvg,0.001,-0.1847594,289
2025-11,baseline,1981970,1981970,1,91820.8,91819.81953125,0.9804687499999989,9.80468749999999,sl,0.0,-0.09280126875000001,0.09182080000000001,5.0,fvg,0.001,-0.18462206875000003,290
2025-11,baseline,2014022,2014022,-1,92724.70000000001,92725.18563218392,0.4856321839078381,4.85632183907838,sl,0.0,-0.09321033218390339,0.09272470000000002,5.0,ifvg,0.001,-0.1859350321839034,291
2025-11,baseline,2014022,2014022,-1,92707.8,92708.77126436782,0.9712643678160943,9.712643678160942,sl,0.0,-0.09367906436782128,0.0927078,5.0,ifvg,0.001,-0.1863868643678213,292
2025-11,baseline,2014025,2014025,-1,92741.6,92740.6,0.1,1.0,tp,0.0,-0.0917416,0.09274160000000001,5.0,ifvg,0.001,-0.1844832,293
2025-11,baseline,2014022,2014068,1,92736.1,92707.3,169.00000000001455,2028.0000000001746,inv,46.0,-0.12153610000000292,0.09273610000000002,5.0,ifvg_clean,0.001,-0.21427220000000294,294
2025-11,baseline,2036533,2036533,-1,93499.9,93500.0,0.1,1.0,sl,0.0,-0.09359990000000581,0.0934999,5.0,ifvg,0.001,-0.1870998000000058,295
2025-11,baseline,2036533,2036533,-1,93488.79999999999,93489.27844827586,0.47844827586237987,4.784482758623799,sl,0.0,-0.09396724827586958,0.09348879999999998,5.0,ifvg,0.001,-0.18745604827586956,296
2025-11,baseline,2036533,2036533,-1,93477.7,93478.65689655172,0.9568965517241326,9.568965517241326,sl,0.0,-0.09443459655172463,0.0934777,5.0,ifvg,0.001,-0.18791229655172464,297
2025-11,baseline,2036533,2043567,1,93499.9,93477.2,110.99999999998545,1331.9999999998254,inv,7093.0,-0.11619989999999708,0.0934999,5.0,ifvg_clean,0.001,-0.20969979999999708,298
2025-11,baseline,2053144,2053144,1,92991.7,92991.59999999999,0.1,1.0,inv,0.0,-0.09309170000000581,0.0929917,5.0,ifvg,0.001,-0.1860834000000058,299
2025-11,baseline,2053144,2053144,1,93032.54999999999,93032.0560459492,0.49395405078588517,4.939540507858852,sl,0.0,-0.09352650405079121,0.09303254999999999,5.0,ifvg,0.001,-0.1865590540507912,300
2025-11,baseline,2053144,2053144,1,93073.4,93072.41209189843,0.9879081015719463,9.879081015719462,sl,0.0,-0.09406130810156789,0.0930734,5.0,ifvg,0.001,-0.1871347081015679,301
2025-11,baseline,2053144,2058589,-1,92988.2,93396.69999999998,408.49999999998545,4901.999999999825,sl,5578.0,-0.5014881999999854,0.0929882,5.0,ifvg_clean,0.001,-0.5944763999999854,302
2025-11,baseline,2289560,2289560,1,93271.4,93270.91984126983,0.48015873015843913,4.801587301584391,inv,0.0,-0.09375155873016267,0.0932714,5.0,ifvg,0.001,-0.18702295873016267,303
2025-11,baseline,2289560,2289560,1,93283.5,93282.53968253969,0.9603174603174558,9.603174603174558,sl,0.0,-0.09424381746031077,0.0932835,5.0,ifvg,0.001,-0.18752731746031076,304
2025-11,baseline,2289598,2289598,1,93259.3,93259.2,0.1,1.0,inv,0.0,-0.09335930000000583,0.09325930000000002,5.0,ifvg,0.001,-0.18661860000000585,305
2025-11,baseline,2289560,2294059,-1,93260.5,93381.49999999999,120.99999999998545,1451.9999999998254,sl,4503.0,-0.21426049999998548,0.09326050000000001,5.0,ifvg_clean,0.001,-0.3075209999999855,306
2025-11,baseline,2331748,2331748,-1,95377.2,95378.19032882011,0.990328820116055,9.903288201160551,sl,0.0,-0.0963675288201167,0.09537720000000001,5.0,fvg,0.001,-0.19174472882011673,307
2025-11,baseline,2331921,2331921,-1,95428.4,95423.44835589941,0.49516441005809786,4.951644100580978,tp,0.0,-0.09047675589941649,0.0954284,5.0,fvg,0.001,-0.18590515589941647,308
2025-11,baseline,2339294,2339294,1,94015.9,94015.79999999999,0.1,1.0,inv,0.0,-0.09411590000000582,0.0940159,5.0,ifvg,0.001,-0.18813180000000582,309
2025-11,baseline,2339294,2339294,1,94057.95,94057.45587544066,0.4941245593419511,4.941245593419511,sl,0.0,-0.09455207455933634,0.09405795,5.0,ifvg,0.001,-0.18861002455933634,310
2025-11,baseline,2339294,2339294,1,94100.0,94099.01175088131,0.9882491186839022,9.882491186839022,sl,0.0,-0.09508824911868725,0.09410000000000002,5.0,ifvg,0.001,-0.18918824911868726,311
2025-11,baseline,2339294,2353073,-1,94004.4,94424.90000000002,420.5000000000291,5046.000000000349,sl,13913.0,-0.5145044000000292,0.09400439999999999,5.0,ifvg_clean,0.001,-0.6085088000000292,312
2025-11,baseline,2429707,2429707,1,95244.75,95244.258,0.492,4.92,sl,0.0,-0.09573674999999837,0.09524475,5.0,ifvg,0.001,-0.19098149999999836,313
2025-11,baseline,2429707,2429707,1,95275.5,95274.516,0.984,9.84,sl,0.0,-0.09625949999999675,0.09527550000000001,5.0,ifvg,0.001,-0.19153499999999676,314
2025-11,baseline,2429708,2429708,1,95214.0,95215.0,0.1,1.0,tp,0.0,-0.094214,0.09521400000000001,5.0,ifvg,0.001,-0.189428,315
2025-11,baseline,2429707,2429868,-1,95218.8,95276.0,307.5,3690.0,inv,161.0,-0.1524187999999971,0.0952188,5.0,ifvg_clean,0.001,-0.24763759999999713,316
2025-11,baseline,2431265,2431265,1,94983.9,94993.78492520137,0.988492520138089,9.88492520138089,tp,0.0,-0.08509897479862484,0.0949839,5.0,fvg,0.001,-0.18008287479862484,317
2025-11,baseline,2432775,2432775,1,95124.0,95123.50883392226,0.4911660777385168,4.911660777385168,inv,0.0,-0.0956151660777434,0.095124,5.0,ifvg,0.001,-0.19073916607774338,318
2025-11,baseline,2432775,2432775,1,95151.8,95150.81766784453,0.9823321554770336,9.823321554770336,sl,0.0,-0.09613413215547226,0.09515180000000001,5.0,ifvg,0.001,-0.19128593215547227,319
2025-11,baseline,2433092,2433092,1,95096.2,95096.09999999999,0.1,1.0,inv,0.0,-0.09519620000000581,0.09509619999999999,5.0,ifvg,0.001,-0.1902924000000058,320
2025-11,baseline,2432775,2434092,-1,95111.5,95389.50000000003,278.0000000000291,3336.0000000003492,sl,1342.0,-0.37311150000002913,0.09511150000000002,5.0,ifvg_clean,0.001,-0.46822300000002914,321
2025-11,baseline,2469316,2469316,1,94986.1,94986.0,0.1,1.0,sl,0.0,-0.09508610000000582,0.0949861,5.0,ifvg,0.001,-0.19007220000000583,322
2025-11,baseline,2469316,2469316,1,95010.9,95010.40988142292,0.4901185770749533,4.901185770749533,sl,0.0,-0.09550101857707227,0.0950109,5.0,ifvg,0.001,-0.19051191857707228,323
2025-11,baseline,2469316,2469316,1,95035.7,95034.71976284585,0.9802371541501943,9.802371541501943,sl,0.0,-0.09601593715414457,0.0950357,5.0,ifvg,0.001,-0.19105163715414458,324
2025-11,baseline,2469316,2472650,-1,94982.4,95036.2,247.99999999995634,2975.999999999476,inv,3447.0,-0.14878240000000292,0.0949824,5.0,ifvg_clean,0.001,-0.24376480000000292,325
2025-11,baseline,2498952,2498952,-1,94679.9,94680.89028182701,0.9902818270165218,9.902818270165218,sl,0.0,-0.09567018182702022,0.0946799,5.0,fvg,0.001,-0.19035008182702023,326
2025-11,baseline,2500615,2500615,1,94480.54999999999,94480.06901140683,0.480988593155619,4.80988593155619,inv,0.0,-0.09496153859316087,0.09448055,5.0,ifvg,0.001,-0.18944208859316086,327
2025-11,baseline,2500615,2500615,1,94493.2,94492.23802281369,0.9619771863117913,9.619771863117913,sl,0.0,-0.0954551771863072,0.0944932,5.0,ifvg,0.001,-0.1899483771863072,328
2025-11,baseline,2500693,2500693,1,94467.9,94467.79999999999,0.1,1.0,inv,0.0,-0.09456790000000583,0.09446790000000001,5.0,ifvg,0.001,-0.18903580000000583,329
2025-11,baseline,2500615,2502133,-1,94476.6,94603.10000000002,126.50000000001455,1518.0000000001746,sl,1520.0,-0.22097660000001457,0.09447660000000001,5.0,ifvg_clean,0.001,-0.3154532000000146,330
2025-11,baseline,2508922,2508922,1,93880.0,93879.51219512195,0.4878048780487805,4.878048780487805,sl,0.0,-0.09436780487805196,0.09387999999999999,5.0,ifvg,0.001,-0.18824780487805196,331
2025-11,baseline,2508922,2508922,1,93900.0,93899.0243902439,0.975609756097561,9.75609756097561,sl,0.0,-0.09487560975610396,0.09390000000000001,5.0,ifvg,0.001,-0.18877560975610397,332
2025-11,baseline,2508931,2508931,1,93860.0,93861.0,0.1,1.0,tp,0.0,-0.09286,0.09386,5.0,ifvg,0.001,-0.18672,333
2025-11,baseline,2508922,2509685,-1,93870.5,93900.5,200.0,2400.0,inv,767.0,-0.12387050000000001,0.09387050000000001,5.0,ifvg_clean,0.001,-0.21774100000000002,334
2025-11,baseline,2512979,2512979,-1,93641.3,93641.77881355933,0.4788135593220391,4.7881355932203915,sl,0.0,-0.09412011355932623,0.0936413,5.0,ifvg,0.001,-0.18776141355932624,335
2025-11,baseline,2512979,2512979,-1,93630.0,93630.95762711864,0.9576271186440782,9.576271186440783,sl,0.0,-0.0945876271186379,0.09362999999999999,5.0,ifvg,0.001,-0.18821762711863788,336
2025-11,baseline,2512980,2512980,-1,93652.6,93651.6,0.1,1.0,tp,0.0,-0.0926526,0.0936526,5.0,ifvg,0.001,-0.1863052,337
2025-11,baseline,2512979,2513017,1,93645.2,93629.5,113.0000000000291,1356.0000000003492,inv,38.0,-0.10934519999999709,0.0936452,5.0,ifvg_clean,0.001,-0.20299039999999707,338
