file,combo,mode,scenario,trade_idx,entry_bar,exit_bar,direction,entry_price,exit_price,stop_usd,target_usd,exit_reason,hold_secs,pnl_usd,fee_usd,taker_bps_charged,entry_triggered_by,qty_btc,net_pnl_usd
2025-04,B_n_5x60,sniper_canonical,dual_entry_vs_sniper_canonical_top3_sltp,0,579342,652077,1,78116.4,78003.8,488.49999999998545,5861.999999999825,inv,73024.0,-0.1907163999999913,0.0781164,5.0,ifvg_clean,0.001,-0.2688327999999913
2025-04,B_n_5x60,sniper_canonical,dual_entry_vs_sniper_canonical_top3_sltp,1,685131,685215,-1,74785.0,75060.0,275.0,3300.0,sl,84.0,-0.349785,0.074785,5.0,ifvg_clean,0.001,-0.42457
2025-04,B_n_5x60,sniper_canonical,dual_entry_vs_sniper_canonical_top3_sltp,2,722476,723640,-1,76115.3,76473.79999999999,358.49999999998545,4301.999999999825,sl,1164.0,-0.43461529999998544,0.07611530000000001,5.0,ifvg_clean,0.001,-0.5107305999999855
2025-04,B_n_5x60,sniper_canonical,dual_entry_vs_sniper_canonical_top3_sltp,3,726477,726477,-1,76876.0,76889.7,188.49999999998545,2261.9999999998254,inv,0.0,-0.09057599999999709,0.076876,5.0,ifvg_clean,0.001,-0.1674519999999971
2025-04,B_n_5x60,sniper_canonical,dual_entry_vs_sniper_canonical_top3_sltp,4,729466,729471,-1,77348.8,77421.0,402.5,4830.0,inv,5.0,-0.1495487999999971,0.07734880000000001,5.0,ifvg_clean,0.001,-0.2268975999999971
2025-04,B_n_5x60,sniper_canonical,dual_entry_vs_sniper_canonical_top3_sltp,5,733840,733870,-1,76946.1,77102.60000000002,156.50000000001455,1878.0000000001746,sl,30.0,-0.23344610000001453,0.0769461,5.0,ifvg_clean,0.001,-0.31039220000001455
2025-04,B_n_5x60,sniper_canonical,dual_entry_vs_sniper_canonical_top3_sltp,6,735506,735542,1,77517.3,77425.5,470.0,5640.0,inv,36.0,-0.16931730000000292,0.07751730000000001,5.0,ifvg_clean,0.001,-0.24683460000000293
2025-04,B_n_5x60,sniper_canonical,dual_entry_vs_sniper_canonical_top3_sltp,7,737180,737306,1,77168.0,77129.9,228.0000000000291,2736.0000000003492,inv,129.0,-0.11526800000000584,0.07716800000000001,5.0,ifvg_clean,0.001,-0.19243600000000585
2025-04,B_n_5x60,sniper_canonical,dual_entry_vs_sniper_canonical_top3_sltp,8,732178,739636,-1,77844.1,77874.5,125.99999999998545,1511.9999999998254,inv,7462.0,-0.1082440999999942,0.07784410000000001,5.0,ifvg_clean,0.001,-0.1860881999999942
2025-04,B_n_5x60,sniper_canonical,dual_entry_vs_sniper_canonical_top3_sltp,9,741966,741994,-1,77883.3,78003.7,215.99999999998545,2591.9999999998254,inv,28.0,-0.19828329999999417,0.0778833,5.0,ifvg_clean,0.001,-0.27616659999999416
2025-04,B_n_5x60,sniper_canonical,dual_entry_vs_sniper_canonical_top3_sltp,10,742005,742011,-1,78526.7,78573.9,260.0,3120.0,inv,6.0,-0.12572669999999708,0.0785267,5.0,ifvg_clean,0.001,-0.2042533999999971
2025-04,B_n_5x60,sniper_canonical,dual_entry_vs_sniper_canonical_top3_sltp,11,725360,742100,1,76392.0,79205.99999999965,234.4999999999709,2813.9999999996508,tp,16745.0,2.737607999999651,0.076392,5.0,ifvg_clean,0.001,2.6612159999996514
2025-04,B_n_5x60,sniper_canonical,dual_entry_vs_sniper_canonical_top3_sltp,12,742004,742362,1,78295.3,80977.3000000007,223.5000000000582,2682.0000000006985,tp,358.0,2.6037047000006983,0.0782953,5.0,ifvg_clean,0.001,2.525409400000698
2025-04,B_n_5x60,sniper_canonical,dual_entry_vs_sniper_canonical_top3_sltp,13,738141,742466,1,77720.1,81080.1,280.0,3360.0,tp,4327.0,3.2822799,0.0777201,5.0,ifvg_clean,0.001,3.2045597999999997
2025-04,B_n_5x60,sniper_canonical,dual_entry_vs_sniper_canonical_top3_sltp,14,738817,742472,1,77579.1,81167.10000000018,299.00000000001455,3588.0000000001746,tp,3657.0,3.5104209000001747,0.07757910000000001,5.0,ifvg_clean,0.001,3.432841800000175
2025-04,B_n_5x60,sniper_canonical,dual_entry_vs_sniper_canonical_top3_sltp,15,746114,746190,1,82677.8,82486.80000000002,190.99999999998545,2291.9999999998254,sl,76.0,-0.2736777999999855,0.08267780000000001,5.0,ifvg_clean,0.001,-0.3563555999999855
2025-04,B_n_5x60,sniper_canonical,dual_entry_vs_sniper_canonical_top3_sltp,16,751131,751139,-1,82357.3,82377.4,121.49999999994179,1457.9999999993015,inv,8.0,-0.10245729999999129,0.08235730000000001,5.0,ifvg_clean,0.001,-0.18481459999999128
2025-04,B_n_5x60,sniper_canonical,dual_entry_vs_sniper_canonical_top3_sltp,17,757425,763844,1,82957.3,82814.8,142.5,1710.0,sl,6424.0,-0.22545730000000003,0.08295730000000001,5.0,ifvg_clean,0.001,-0.30841460000000004
2025-04,B_n_5x60,sniper_canonical,dual_entry_vs_sniper_canonical_top3_sltp,18,755703,765887,1,83085.3,82528.30000000003,556.9999999999709,6683.999999999651,sl,10192.0,-0.640085299999971,0.0830853,5.0,ifvg_clean,0.001,-0.723170599999971
2025-04,B_n_5x60,sniper_canonical,dual_entry_vs_sniper_canonical_top3_sltp,19,814568,814733,-1,81509.2,81653.69999999997,144.4999999999709,1733.9999999996508,sl,165.0,-0.22600919999997088,0.08150919999999999,5.0,ifvg_clean,0.001,-0.3075183999999709
2025-04,B_n_5x60,sniper_canonical,dual_entry_vs_sniper_canonical_top3_sltp,20,827743,827991,1,78751.0,78633.4,597.0000000000437,7164.000000000524,inv,248.0,-0.19635100000000583,0.078751,5.0,ifvg_clean,0.001,-0.27510200000000584
2025-04,B_n_5x60,sniper_canonical,dual_entry_vs_sniper_canonical_top3_sltp,21,829552,829576,1,79173.2,79139.4,100.5000000000291,1206.0000000003492,inv,24.0,-0.11297320000000291,0.0791732,5.0,ifvg_clean,0.001,-0.1921464000000029
2025-04,B_n_5x60,sniper_canonical,dual_entry_vs_sniper_canonical_top3_sltp,22,831687,831852,-1,79266.6,79466.6,200.0,2400.0,sl,165.0,-0.27926660000000003,0.0792666,5.0,ifvg_clean,0.001,-0.35853320000000005
2025-04,B_n_5x60,sniper_canonical,dual_entry_vs_sniper_canonical_top3_sltp,23,854638,854645,1,79415.7,79405.5,105.5000000000291,1266.0000000003492,inv,7.0,-0.08961569999999709,0.0794157,5.0,ifvg_clean,0.001,-0.1690313999999971
2025-04,B_n_5x60,sniper_canonical,dual_entry_vs_sniper_canonical_top3_sltp,24,831600,854990,1,79236.5,79188.1,263.49999999998545,3161.9999999998254,inv,23803.0,-0.12763649999999419,0.0792365,5.0,ifvg_clean,0.001,-0.2068729999999942
2025-04,B_n_5x60,sniper_canonical,dual_entry_vs_sniper_canonical_top3_sltp,25,862409,862774,-1,80280.1,80339.1,255.5000000000291,3066.0000000003492,inv,365.0,-0.13928010000000002,0.08028010000000001,5.0,ifvg_clean,0.001,-0.21956020000000004
2025-04,B_n_5x60,sniper_canonical,dual_entry_vs_sniper_canonical_top3_sltp,26,880686,880687,-1,80779.6,80808.3,189.00000000001455,2268.0000000001746,inv,1.0,-0.1094795999999971,0.08077960000000001,5.0,ifvg_clean,0.001,-0.1902591999999971
2025-04,B_n_5x60,sniper_canonical,dual_entry_vs_sniper_canonical_top3_sltp,27,870988,885833,1,80543.8,82115.8000000007,131.0000000000582,1572.0000000006985,tp,14892.0,1.4914562000006986,0.08054380000000001,5.0,ifvg_clean,0.001,1.4109124000006985
2025-04,B_n_5x60,sniper_canonical,dual_entry_vs_sniper_canonical_top3_sltp,28,889177,890376,1,82690.8,82585.8,105.0,1260.0,sl,1199.0,-0.1876908,0.08269080000000001,5.0,ifvg_clean,0.001,-0.2703816
2025-04,B_n_5x60,sniper_canonical,dual_entry_vs_sniper_canonical_top3_sltp,29,896810,896850,-1,82286.5,82348.1,297.5,3570.0,inv,40.0,-0.14388650000000583,0.0822865,5.0,ifvg_clean,0.001,-0.22617300000000584
2025-04,B_n_5x60,sniper_canonical,dual_entry_vs_sniper_canonical_top3_sltp,30,863815,900954,1,80627.9,83243.90000000034,218.0000000000291,2616.0000000003492,tp,37206.0,2.535372100000349,0.0806279,5.0,ifvg_clean,0.001,2.454744200000349
2025-04,B_n_5x60,sniper_canonical,dual_entry_vs_sniper_canonical_top3_sltp,31,905779,905827,1,82123.8,81985.5,736.9999999999709,8843.99999999965,inv,48.0,-0.22042380000000295,0.08212380000000001,5.0,ifvg_clean,0.001,-0.30254760000000297
2025-04,B_n_5x60,sniper_canonical,dual_entry_vs_sniper_canonical_top3_sltp,32,909245,909423,-1,82462.4,82515.0,281.50000000001455,3378.0000000001746,inv,181.0,-0.13506240000000583,0.0824624,5.0,ifvg_clean,0.001,-0.21752480000000585
2025-04,B_n_5x60,sniper_canonical,dual_entry_vs_sniper_canonical_top3_sltp,33,880711,915647,1,80874.3,83970.30000000035,258.0000000000291,3096.0000000003492,tp,34951.0,3.015125700000349,0.08087430000000001,5.0,ifvg_clean,0.001,2.934251400000349
2025-04,B_n_5x60,sniper_canonical,dual_entry_vs_sniper_canonical_top3_sltp,34,1245361,1245363,1,85652.4,85619.5,225.5000000000291,2706.0000000003492,inv,2.0,-0.11855239999999417,0.0856524,5.0,ifvg_clean,0.001,-0.2042047999999942
2025-04,B_n_5x60,sniper_canonical,dual_entry_vs_sniper_canonical_top3_sltp,35,1252583,1252601,1,84929.0,84910.1,172.99999999995634,2075.999999999476,inv,18.0,-0.10382899999999418,0.084929,5.0,ifvg_clean,0.001,-0.18875799999999418
2025-04,B_n_5x60,sniper_canonical,dual_entry_vs_sniper_canonical_top3_sltp,36,1342528,1342528,-1,85329.7,85354.9,387.99999999995634,4655.999999999476,inv,0.0,-0.1105296999999971,0.08532970000000001,5.0,ifvg_clean,0.001,-0.1958593999999971
2025-04,B_n_5x60,sniper_canonical,dual_entry_vs_sniper_canonical_top3_sltp,37,1344882,1344918,-1,83657.4,83889.9,232.5,2790.0,sl,36.0,-0.31615740000000003,0.08365739999999999,5.0,ifvg_clean,0.001,-0.3998148
2025-04,B_n_5x60,sniper_canonical,dual_entry_vs_sniper_canonical_top3_sltp,38,1344808,1344921,-1,83748.0,83923.50000000003,175.5000000000291,2106.0000000003492,sl,113.0,-0.2592480000000291,0.083748,5.0,ifvg_clean,0.001,-0.3429960000000291
2025-04,B_n_5x60,sniper_canonical,dual_entry_vs_sniper_canonical_top3_sltp,39,1420429,1420529,1,84531.9,84485.5,241.9999999999709,2903.9999999996508,inv,100.0,-0.13093189999999416,0.0845319,5.0,ifvg_clean,0.001,-0.21546379999999415
2025-04,B_n_5x60,sniper_canonical,dual_entry_vs_sniper_canonical_top3_sltp,40,1541534,1541577,-1,84824.9,84870.1,235.0,2820.0,inv,43.0,-0.13002490000001163,0.0848249,5.0,ifvg_clean,0.001,-0.21484980000001164
2025-04,B_n_5x60,sniper_canonical,dual_entry_vs_sniper_canonical_top3_sltp,41,1701779,1702010,1,87439.7,87317.70000000003,121.9999999999709,1463.9999999996508,sl,231.0,-0.20943969999997092,0.08743970000000001,5.0,ifvg_clean,0.001,-0.2968793999999709
2025-04,B_n_5x60,sniper_canonical,dual_entry_vs_sniper_canonical_top3_sltp,42,1747797,1747813,-1,87927.6,87946.1,129.50000000004366,1554.0000000005239,inv,16.0,-0.10642760000000001,0.08792760000000001,5.0,ifvg_clean,0.001,-0.1943552
2025-04,B_n_5x60,sniper_canonical,dual_entry_vs_sniper_canonical_top3_sltp,43,1748294,1749627,1,88066.7,87900.70000000001,165.99999999998545,1991.9999999998254,sl,1333.0,-0.25406669999998543,0.0880667,5.0,ifvg_clean,0.001,-0.34213339999998543
2025-04,B_n_5x60,sniper_canonical,dual_entry_vs_sniper_canonical_top3_sltp,44,1743871,1754330,1,87390.6,86495.6,895.0,10740.0,sl,10464.0,-0.9823906,0.08739060000000001,5.0,ifvg_clean,0.001,-1.0697812
2025-04,B_n_5x60,sniper_canonical,dual_entry_vs_sniper_canonical_top3_sltp,45,1755274,1763354,-1,86899.9,87379.40000000004,479.50000000004366,5754.000000000524,sl,8109.0,-0.5663999000000437,0.0868999,5.0,ifvg_clean,0.001,-0.6532998000000437
2025-04,B_n_5x60,sniper_canonical,dual_entry_vs_sniper_canonical_top3_sltp,46,1828160,1828584,1,90174.0,89944.50000000003,229.4999999999709,2753.9999999996508,sl,424.0,-0.3196739999999709,0.090174,5.0,ifvg_clean,0.001,-0.4098479999999709
2025-04,B_n_5x60,sniper_canonical,dual_entry_vs_sniper_canonical_top3_sltp,47,1830144,1830152,-1,90318.3,90337.7,151.50000000001455,1818.0000000001746,inv,8.0,-0.10971829999999419,0.0903183,5.0,ifvg_clean,0.001,-0.20003659999999418
2025-04,B_n_5x60,sniper_canonical,dual_entry_vs_sniper_canonical_top3_sltp,48,1782623,1832666,1,87553.5,91081.4999999993,293.9999999999418,3527.9999999993015,tp,50357.0,3.4404464999993016,0.0875535,5.0,ifvg_clean,0.001,3.352892999999302
2025-04,B_n_5x60,sniper_canonical,dual_entry_vs_sniper_canonical_top3_sltp,49,1832158,1834903,1,90633.2,90511.20000000003,121.9999999999709,1463.9999999996508,sl,2745.0,-0.2126331999999709,0.09063320000000001,5.0,ifvg_clean,0.001,-0.3032663999999709
2025-04,B_n_5x60,sniper_canonical,dual_entry_vs_sniper_canonical_top3_sltp,50,1842366,1842397,-1,91176.1,91211.6,188.5000000000582,2262.0000000006985,inv,31.0,-0.1266761,0.09117610000000001,5.0,ifvg_clean,0.001,-0.21785220000000002
2025-04,B_n_5x60,sniper_canonical,dual_entry_vs_sniper_canonical_top3_sltp,51,1827401,1843295,1,89684.3,91532.30000000018,154.00000000001455,1848.0000000001746,tp,15901.0,1.7583157000001746,0.08968430000000001,5.0,ifvg_clean,0.001,1.6686314000001745
2025-04,B_n_5x60,sniper_canonical,dual_entry_vs_sniper_canonical_top3_sltp,52,1851442,1855028,-1,91268.0,91378.0,110.0,1320.0,sl,3689.0,-0.201268,0.091268,5.0,ifvg_clean,0.001,-0.292536
2025-04,B_n_5x60,sniper_canonical,dual_entry_vs_sniper_canonical_top3_sltp,53,1855437,1855728,-1,91503.0,91566.9,220.99999999998545,2651.9999999998254,inv,291.0,-0.15540299999999418,0.091503,5.0,ifvg_clean,0.001,-0.24690599999999419
2025-04,B_n_5x60,sniper_canonical,dual_entry_vs_sniper_canonical_top3_sltp,54,1828707,1893315,1,89975.4,94241.40000000034,355.5000000000291,4266.000000000349,tp,64815.0,4.176024600000349,0.0899754,5.0,ifvg_clean,0.001,4.086049200000349
2025-04,B_n_5x60,sniper_canonical,dual_entry_vs_sniper_canonical_top3_sltp,55,1829202,1894262,1,90108.7,94308.7,350.0,4200.0,tp,65270.0,4.1098913,0.0901087,5.0,ifvg_clean,0.001,4.0197826
2025-04,B_n_5x60,sniper_canonical,dual_entry_vs_sniper_canonical_top3_sltp,56,1920648,1920883,-1,92320.0,92550.0,230.0,2760.0,sl,235.0,-0.32232000000000005,0.09232000000000001,5.0,ifvg_clean,0.001,-0.41464000000000006
2025-04,B_n_5x60,sniper_canonical,dual_entry_vs_sniper_canonical_top3_sltp,57,2014022,2014068,1,92736.1,92707.3,169.00000000001455,2028.0000000001746,inv,46.0,-0.12153610000000292,0.09273610000000002,5.0,ifvg_clean,0.001,-0.21427220000000294
2025-04,B_n_5x60,sniper_canonical,dual_entry_vs_sniper_canonical_top3_sltp,58,2036533,2043635,1,93499.9,93388.90000000001,110.99999999998545,1331.9999999998254,sl,7161.0,-0.20449989999998544,0.0934999,5.0,ifvg_clean,0.001,-0.29799979999998544
2025-04,B_n_5x60,sniper_canonical,dual_entry_vs_sniper_canonical_top3_sltp,59,2053144,2058589,-1,92988.2,93396.69999999998,408.49999999998545,4901.999999999825,sl,5578.0,-0.5014881999999854,0.0929882,5.0,ifvg_clean,0.001,-0.5944763999999854
2025-04,B_n_5x60,sniper_canonical,dual_entry_vs_sniper_canonical_top3_sltp,60,2289560,2294059,-1,93260.5,93381.49999999999,120.99999999998545,1451.9999999998254,sl,4503.0,-0.21426049999998548,0.09326050000000001,5.0,ifvg_clean,0.001,-0.3075209999999855
2025-04,B_n_5x60,sniper_canonical,dual_entry_vs_sniper_canonical_top3_sltp,61,2339294,2353073,-1,94004.4,94424.90000000002,420.5000000000291,5046.000000000349,sl,13913.0,-0.5145044000000292,0.09400439999999999,5.0,ifvg_clean,0.001,-0.6085088000000292
2025-04,B_n_5x60,sniper_canonical,dual_entry_vs_sniper_canonical_top3_sltp,62,2429707,2429868,-1,95218.8,95276.0,307.5,3690.0,inv,161.0,-0.1524187999999971,0.0952188,5.0,ifvg_clean,0.001,-0.24763759999999713
2025-04,B_n_5x60,sniper_canonical,dual_entry_vs_sniper_canonical_top3_sltp,63,2432775,2434092,-1,95111.5,95389.50000000003,278.0000000000291,3336.0000000003492,sl,1342.0,-0.37311150000002913,0.09511150000000002,5.0,ifvg_clean,0.001,-0.46822300000002914
2025-04,B_n_5x60,sniper_canonical,dual_entry_vs_sniper_canonical_top3_sltp,64,2469316,2472650,-1,94982.4,95036.2,247.99999999995634,2975.999999999476,inv,3447.0,-0.14878240000000292,0.0949824,5.0,ifvg_clean,0.001,-0.24376480000000292
2025-04,B_n_5x60,sniper_canonical,dual_entry_vs_sniper_canonical_top3_sltp,65,2500615,2502133,-1,94476.6,94603.10000000002,126.50000000001455,1518.0000000001746,sl,1520.0,-0.22097660000001457,0.09447660000000001,5.0,ifvg_clean,0.001,-0.3154532000000146
2025-04,B_n_5x60,sniper_canonical,dual_entry_vs_sniper_canonical_top3_sltp,66,2508922,2510416,-1,93870.5,94070.5,200.0,2400.0,sl,1500.0,-0.29387050000000003,0.09387050000000001,5.0,ifvg_clean,0.001,-0.38774100000000006
2025-04,B_n_5x60,sniper_canonical,dual_entry_vs_sniper_canonical_top3_sltp,67,2512979,2513017,1,93645.2,93629.5,113.0000000000291,1356.0000000003492,inv,38.0,-0.10934519999999709,0.0936452,5.0,ifvg_clean,0.001,-0.20299039999999707
2025-04,B_n_5x60,dual,dual_entry_vs_sniper_canonical_top3_sltp,0,579342,579342,-1,78102.0,78102.1,0.1,1.0,sl,0.0,-0.07820200000000582,0.078102,5.0,ifvg,0.001,-0.15630400000000583
2025-04,B_n_5x60,dual,dual_entry_vs_sniper_canonical_top3_sltp,1,579342,579342,-1,78053.15,78053.64493414387,0.49493414387038764,4.949341438703876,sl,0.0,-0.07854808414387689,0.07805315,5.0,ifvg,0.001,-0.1566012341438769
2025-04,B_n_5x60,dual,dual_entry_vs_sniper_canonical_top3_sltp,2,579342,579342,-1,78004.3,78005.28986828774,0.9898682877406279,9.898682877406278,sl,0.0,-0.07899416828773922,0.0780043,5.0,ifvg,0.001,-0.15699846828773922
2025-04,B_n_5x60,dual,dual_entry_vs_sniper_canonical_top3_sltp,3,650755,650755,-1,78415.9,78416.89013806706,0.9901380670611447,9.901380670611447,sl,0.0,-0.07940603806706352,0.0784159,5.0,fvg,0.001,-0.15782193806706352
2025-04,B_n_5x60,dual,dual_entry_vs_sniper_canonical_top3_sltp,4,650829,650829,-1,78466.1,78466.59506903353,0.49506903353050064,4.950690335305007,sl,0.0,-0.0789611690335245,0.07846610000000001,5.0,fvg,0.001,-0.1574272690335245
2025-04,B_n_5x60,dual,dual_entry_vs_sniper_canonical_top3_sltp,5,579342,652077,1,78116.4,78003.8,488.49999999998545,5861.999999999825,inv,73024.0,-0.1907163999999913,0.0781164,5.0,ifvg_clean,0.001,-0.2688327999999913
2025-04,B_n_5x60,dual,dual_entry_vs_sniper_canonical_top3_sltp,6,652858,652858,-1,78157.4,78158.3893162393,0.98931623931624,9.8931623931624,sl,0.0,-0.07914671623931276,0.0781574,5.0,fvg,0.001,-0.15730411623931276
2025-04,B_n_5x60,dual,dual_entry_vs_sniper_canonical_top3_sltp,7,685131,685131,1,74778.9,74783.8107142857,0.49107142857142855,4.910714285714286,tp,0.0,-0.06986818571428986,0.0747789,5.0,ifvg,0.001,-0.14464708571428986
2025-04,B_n_5x60,dual,dual_entry_vs_sniper_canonical_top3_sltp,8,685131,685131,1,74806.4,74805.41785714285,0.9821428571428571,9.821428571428571,sl,0.0,-0.07578854285714492,0.0748064,5.0,ifvg,0.001,-0.15059494285714492
2025-04,B_n_5x60,dual,dual_entry_vs_sniper_canonical_top3_sltp,9,685148,685148,1,74751.4,74751.29999999999,0.1,1.0,inv,0.0,-0.07485140000000581,0.0747514,5.0,ifvg,0.001,-0.1496028000000058
2025-04,B_n_5x60,dual,dual_entry_vs_sniper_canonical_top3_sltp,10,685131,685215,-1,74785.0,75060.0,275.0,3300.0,sl,84.0,-0.349785,0.074785,5.0,ifvg_clean,0.001,-0.42457
2025-04,B_n_5x60,dual,dual_entry_vs_sniper_canonical_top3_sltp,11,687393,687393,-1,76411.6,76411.70000000001,0.1,1.0,sl,0.0,-0.07651160000000583,0.07641160000000001,5.0,fvg,0.001,-0.15292320000000584
2025-04,B_n_5x60,dual,dual_entry_vs_sniper_canonical_top3_sltp,12,687393,687393,-1,76404.8,76405.26575342465,0.46575342465754793,4.657534246575479,sl,0.0,-0.07687055342465077,0.07640480000000001,5.0,fvg,0.001,-0.15327535342465076
2025-04,B_n_5x60,dual,dual_entry_vs_sniper_canonical_top3_sltp,13,687393,687393,-1,76398.0,76398.93150684932,0.9315068493150959,9.315068493150958,sl,0.0,-0.07732950684931605,0.076398,5.0,fvg,0.001,-0.15372750684931605
2025-04,B_n_5x60,dual,dual_entry_vs_sniper_canonical_top3_sltp,14,694026,694026,1,74964.65,74969.53123515438,0.48812351543925464,4.881235154392546,tp,0.0,-0.0700834148456107,0.07496465,5.0,fvg,0.001,-0.1450480648456107
2025-04,B_n_5x60,dual,dual_entry_vs_sniper_canonical_top3_sltp,15,694026,694026,1,74985.2,74984.22375296912,0.9762470308788549,9.762470308788549,sl,0.0,-0.07596144703087784,0.07498519999999999,5.0,fvg,0.001,-0.15094664703087785
2025-04,B_n_5x60,dual,dual_entry_vs_sniper_canonical_top3_sltp,16,694536,694536,1,75343.2,75353.1651446497,0.9965144649703729,9.96514464970373,tp,0.0,-0.06537805535029904,0.0753432,5.0,fvg,0.001,-0.14072125535029906
2025-04,B_n_5x60,dual,dual_entry_vs_sniper_canonical_top3_sltp,17,722476,722476,1,76144.15,76143.65687757908,0.4931224209077401,4.931224209077401,inv,0.0,-0.076637272420914,0.07614415,5.0,ifvg,0.001,-0.152781422420914
2025-04,B_n_5x60,dual,dual_entry_vs_sniper_canonical_top3_sltp,18,722476,722476,1,76180.0,76179.01375515819,0.9862448418156804,9.862448418156804,sl,0.0,-0.07716624484181347,0.07618000000000001,5.0,ifvg,0.001,-0.15334624484181347
2025-04,B_n_5x60,dual,dual_entry_vs_sniper_canonical_top3_sltp,19,722482,722482,1,76108.3,76108.2,0.1,1.0,inv,0.0,-0.07620830000000582,0.0761083,5.0,ifvg,0.001,-0.15231660000000583
2025-04,B_n_5x60,dual,dual_entry_vs_sniper_canonical_top3_sltp,20,722476,723640,-1,76115.3,76473.79999999999,358.49999999998545,4301.999999999825,sl,1164.0,-0.43461529999998544,0.07611530000000001,5.0,ifvg_clean,0.001,-0.5107305999999855
2025-04,B_n_5x60,dual,dual_entry_vs_sniper_canonical_top3_sltp,21,725360,725360,-1,76369.05,76369.53956158664,0.4895615866388296,4.895615866388296,sl,0.0,-0.07685861158664078,0.07636905000000001,5.0,ifvg,0.001,-0.1532276615866408
2025-04,B_n_5x60,dual,dual_entry_vs_sniper_canonical_top3_sltp,22,725360,725360,-1,76345.6,76346.57912317329,0.9791231732776592,9.791231732776591,sl,0.0,-0.07732472317328155,0.0763456,5.0,ifvg,0.001,-0.15367032317328155
2025-04,B_n_5x60,dual,dual_entry_vs_sniper_canonical_top3_sltp,23,725366,725366,-1,76392.5,76391.5,0.1,1.0,tp,0.0,-0.0753925,0.0763925,5.0,ifvg,0.001,-0.151785
2025-04,B_n_5x60,dual,dual_entry_vs_sniper_canonical_top3_sltp,24,725919,725919,1,76754.7,76753.70326904216,0.9967309578293558,9.967309578293559,sl,0.0,-0.0777514309578351,0.0767547,5.0,fvg,0.001,-0.1545061309578351
2025-04,B_n_5x60,dual,dual_entry_vs_sniper_canonical_top3_sltp,25,726477,726477,1,76889.2,76888.22583979327,0.9741602067183444,9.741602067183443,sl,0.0,-0.07786336020672245,0.0768892,5.0,ifvg,0.001,-0.15475256020672246
2025-04,B_n_5x60,dual,dual_entry_vs_sniper_canonical_top3_sltp,26,726477,726477,-1,76876.0,76889.7,188.49999999998545,2261.9999999998254,inv,0.0,-0.09057599999999709,0.076876,5.0,ifvg_clean,0.001,-0.1674519999999971
2025-04,B_n_5x60,dual,dual_entry_vs_sniper_canonical_top3_sltp,27,726483,726483,1,76870.35,76875.2208010336,0.4870801033593602,4.870801033593602,tp,0.0,-0.07199954896640233,0.07687035,5.0,ifvg,0.001,-0.14886989896640235
2025-04,B_n_5x60,dual,dual_entry_vs_sniper_canonical_top3_sltp,28,726533,726533,1,76851.5,76852.5,0.1,1.0,tp,0.0,-0.0758515,0.0768515,5.0,ifvg,0.001,-0.152703
2025-04,B_n_5x60,dual,dual_entry_vs_sniper_canonical_top3_sltp,29,729466,729466,1,77380.25,77379.75613496933,0.49386503067484666,4.938650306748467,sl,0.0,-0.07787411503067218,0.07738025000000001,5.0,ifvg,0.001,-0.1552543650306722
2025-04,B_n_5x60,dual,dual_entry_vs_sniper_canonical_top3_sltp,30,729466,729466,1,77420.5,77419.51226993866,0.9877300613496933,9.877300613496933,sl,0.0,-0.07840823006134434,0.0774205,5.0,ifvg,0.001,-0.15582873006134434
2025-04,B_n_5x60,dual,dual_entry_vs_sniper_canonical_top3_sltp,31,729467,729467,1,77340.0,77339.9,0.1,1.0,sl,0.0,-0.07744000000000582,0.07734,5.0,ifvg,0.001,-0.15478000000000583
2025-04,B_n_5x60,dual,dual_entry_vs_sniper_canonical_top3_sltp,32,729466,729471,-1,77348.8,77421.0,402.5,4830.0,inv,5.0,-0.1495487999999971,0.07734880000000001,5.0,ifvg_clean,0.001,-0.2268975999999971
2025-04,B_n_5x60,dual,dual_entry_vs_sniper_canonical_top3_sltp,33,732178,732178,1,77848.8,77848.7,0.1,1.0,sl,0.0,-0.07794880000000583,0.07784880000000001,5.0,ifvg,0.001,-0.15579760000000584
2025-04,B_n_5x60,dual,dual_entry_vs_sniper_canonical_top3_sltp,34,732178,732178,1,77861.4,77860.91908396946,0.48091603053407134,4.809160305340713,sl,0.0,-0.07834231603053035,0.0778614,5.0,ifvg,0.001,-0.15620371603053035
2025-04,B_n_5x60,dual,dual_entry_vs_sniper_canonical_top3_sltp,35,732178,732178,1,77874.0,77873.03816793892,0.9618320610686981,9.61832061068698,sl,0.0,-0.07883583206107525,0.077874,5.0,ifvg,0.001,-0.15670983206107525
2025-04,B_n_5x60,dual,dual_entry_vs_sniper_canonical_top3_sltp,36,733840,733840,1,76955.85,76955.36547987617,0.4845201238392359,4.8452012383923595,inv,0.0,-0.07744037012383498,0.07695585000000002,5.0,ifvg,0.001,-0.154396220123835
2025-04,B_n_5x60,dual,dual_entry_vs_sniper_canonical_top3_sltp,37,733840,733840,1,76971.5,76970.53095975232,0.9690402476780213,9.690402476780214,sl,0.0,-0.07794054024768447,0.07697150000000001,5.0,ifvg,0.001,-0.15491204024768448
2025-04,B_n_5x60,dual,dual_entry_vs_sniper_canonical_top3_sltp,38,733840,733870,-1,76946.1,77102.60000000002,156.50000000001455,1878.0000000001746,sl,30.0,-0.23344610000001453,0.0769461,5.0,ifvg_clean,0.001,-0.31039220000001455
2025-04,B_n_5x60,dual,dual_entry_vs_sniper_canonical_top3_sltp,39,735506,735506,-1,77473.0,77473.4947368421,0.49473684210526314,4.947368421052632,sl,0.0,-0.07796773684209807,0.077473,5.0,ifvg,0.001,-0.15544073684209808
2025-04,B_n_5x60,dual,dual_entry_vs_sniper_canonical_top3_sltp,40,735506,735506,-1,77426.0,77426.98947368421,0.9894736842105263,9.894736842105264,sl,0.0,-0.07841547368421069,0.07742600000000001,5.0,ifvg,0.001,-0.1558414736842107
2025-04,B_n_5x60,dual,dual_entry_vs_sniper_canonical_top3_sltp,41,735511,735511,-1,77520.0,77519.0,0.1,1.0,tp,0.0,-0.07651999999999999,0.07751999999999999,5.0,ifvg,0.001,-0.15403999999999998
2025-04,B_n_5x60,dual,dual_entry_vs_sniper_canonical_top3_sltp,42,735506,735542,1,77517.3,77425.5,470.0,5640.0,inv,36.0,-0.16931730000000292,0.07751730000000001,5.0,ifvg_clean,0.001,-0.24683460000000293
2025-04,B_n_5x60,dual,dual_entry_vs_sniper_canonical_top3_sltp,43,737180,737180,-1,77153.2,77153.68927038627,0.4892703862660957,4.892703862660957,sl,0.0,-0.07764247038627153,0.0771532,5.0,ifvg,0.001,-0.15479567038627154
2025-04,B_n_5x60,dual,dual_entry_vs_sniper_canonical_top3_sltp,44,737180,737180,-1,77130.4,77131.37854077252,0.9785407725321914,9.785407725321914,sl,0.0,-0.0781089407725285,0.0771304,5.0,ifvg,0.001,-0.1552393407725285
2025-04,B_n_5x60,dual,dual_entry_vs_sniper_canonical_top3_sltp,45,737201,737201,-1,77176.0,77175.0,0.1,1.0,tp,0.0,-0.07617600000000001,0.07717600000000001,5.0,ifvg,0.001,-0.15335200000000002
2025-04,B_n_5x60,dual,dual_entry_vs_sniper_canonical_top3_sltp,46,737180,737306,1,77168.0,77129.9,228.0000000000291,2736.0000000003492,inv,129.0,-0.11526800000000584,0.07716800000000001,5.0,ifvg_clean,0.001,-0.19243600000000585
2025-04,B_n_5x60,dual,dual_entry_vs_sniper_canonical_top3_sltp,47,738141,738141,-1,77720.1,77720.20000000001,0.1,1.0,inv,0.0,-0.07782010000000582,0.0777201,5.0,ifvg,0.001,-0.15554020000000582
2025-04,B_n_5x60,dual,dual_entry_vs_sniper_canonical_top3_sltp,48,738141,738141,-1,77692.1,77692.59122807017,0.49122807017543857,4.912280701754385,sl,0.0,-0.0781833280701683,0.07769210000000001,5.0,ifvg,0.001,-0.1558754280701683
2025-04,B_n_5x60,dual,dual_entry_vs_sniper_canonical_top3_sltp,49,738141,738141,-1,77664.1,77665.08245614036,0.9824561403508771,9.82456140350877,sl,0.0,-0.07864655614035113,0.0776641,5.0,ifvg,0.001,-0.1563106561403511
2025-04,B_n_5x60,dual,dual_entry_vs_sniper_canonical_top3_sltp,50,738817,738817,-1,77566.1,77566.59177631579,0.4917763157893544,4.9177631578935435,inv,0.0,-0.07805787631578642,0.07756610000000001,5.0,ifvg,0.001,-0.15562397631578645
2025-04,B_n_5x60,dual,dual_entry_vs_sniper_canonical_top3_sltp,51,738817,738817,-1,77536.2,77537.18355263157,0.9835526315789481,9.835526315789481,sl,0.0,-0.07851975263157282,0.0775362,5.0,ifvg,0.001,-0.15605595263157282
2025-04,B_n_5x60,dual,dual_entry_vs_sniper_canonical_top3_sltp,52,738822,738822,-1,77596.0,77596.1,0.1,1.0,inv,0.0,-0.07769600000000583,0.07759600000000001,5.0,ifvg,0.001,-0.15529200000000584
2025-04,B_n_5x60,dual,dual_entry_vs_sniper_canonical_top3_sltp,53,739069,739069,-1,77567.45,77567.91,0.46,4.6000000000000005,sl,0.0,-0.0780274500000064,0.07756745,5.0,fvg,0.001,-0.1555949000000064
2025-04,B_n_5x60,dual,dual_entry_vs_sniper_canonical_top3_sltp,54,739069,739069,-1,77561.7,77562.62,0.92,9.200000000000001,sl,0.0,-0.07848169999999825,0.0775617,5.0,fvg,0.001,-0.15604339999999825
2025-04,B_n_5x60,dual,dual_entry_vs_sniper_canonical_top3_sltp,55,739070,739070,-1,77573.2,77572.2,0.1,1.0,tp,0.0,-0.0765732,0.0775732,5.0,fvg,0.001,-0.1541464
2025-04,B_n_5x60,dual,dual_entry_vs_sniper_canonical_top3_sltp,56,732178,739636,-1,77844.1,77874.5,125.99999999998545,1511.9999999998254,inv,7462.0,-0.1082440999999942,0.07784410000000001,5.0,ifvg_clean,0.001,-0.1860881999999942
2025-04,B_n_5x60,dual,dual_entry_vs_sniper_canonical_top3_sltp,57,741966,741966,1,77960.0,77959.9,0.1,1.0,sl,0.0,-0.07806000000000583,0.07796000000000002,5.0,ifvg,0.001,-0.15602000000000585
2025-04,B_n_5x60,dual,dual_entry_vs_sniper_canonical_top3_sltp,58,741966,741966,1,77981.6,77981.1113122172,0.4886877828055938,4.886877828055938,sl,0.0,-0.07847028778281032,0.07798160000000001,5.0,ifvg,0.001,-0.15645188778281033
2025-04,B_n_5x60,dual,dual_entry_vs_sniper_canonical_top3_sltp,59,741966,741966,1,78003.2,78002.22262443439,0.9773755656108583,9.773755656108582,sl,0.0,-0.07898057556560605,0.0780032,5.0,ifvg,0.001,-0.15698377556560605
2025-04,B_n_5x60,dual,dual_entry_vs_sniper_canonical_top3_sltp,60,741966,741994,-1,77883.3,78003.7,215.99999999998545,2591.9999999998254,inv,28.0,-0.19828329999999417,0.0778833,5.0,ifvg_clean,0.001,-0.27616659999999416
2025-04,B_n_5x60,dual,dual_entry_vs_sniper_canonical_top3_sltp,61,742004,742004,-1,78321.6,78321.70000000001,0.1,1.0,inv,0.0,-0.07842160000000582,0.0783216,5.0,ifvg,0.001,-0.15674320000000583
2025-04,B_n_5x60,dual,dual_entry_vs_sniper_canonical_top3_sltp,62,742004,742004,-1,78299.25,78294.35940919037,0.4890590809628037,4.890590809628037,tp,0.0,-0.07340865919036511,0.07829925,5.0,ifvg,0.001,-0.15170790919036511
2025-04,B_n_5x60,dual,dual_entry_vs_sniper_canonical_top3_sltp,63,742004,742004,-1,78276.9,78277.87811816193,0.9781181619256074,9.781181619256074,sl,0.0,-0.0792550181619328,0.0782769,5.0,ifvg,0.001,-0.1575319181619328
2025-04,B_n_5x60,dual,dual_entry_vs_sniper_canonical_top3_sltp,64,742005,742005,1,78521.4,78522.4,0.1,1.0,tp,0.0,-0.0775214,0.0785214,5.0,ifvg,0.001,-0.1560428
2025-04,B_n_5x60,dual,dual_entry_vs_sniper_canonical_top3_sltp,65,742005,742005,1,78547.4,78546.90943396225,0.49056603773584906,4.90566037735849,sl,0.0,-0.0790379660377408,0.0785474,5.0,ifvg,0.001,-0.15758536603774081
2025-04,B_n_5x60,dual,dual_entry_vs_sniper_canonical_top3_sltp,66,742005,742005,1,78573.4,78572.41886792453,0.9811320754716981,9.81132075471698,sl,0.0,-0.07955453207546702,0.07857339999999999,5.0,ifvg,0.001,-0.158127932075467
2025-04,B_n_5x60,dual,dual_entry_vs_sniper_canonical_top3_sltp,67,742005,742011,-1,78526.7,78573.9,260.0,3120.0,inv,6.0,-0.12572669999999708,0.0785267,5.0,ifvg_clean,0.001,-0.2042533999999971
2025-04,B_n_5x60,dual,dual_entry_vs_sniper_canonical_top3_sltp,68,725360,742100,1,76392.0,79205.99999999965,234.4999999999709,2813.9999999996508,tp,16745.0,2.737607999999651,0.076392,5.0,ifvg_clean,0.001,2.6612159999996514
2025-04,B_n_5x60,dual,dual_entry_vs_sniper_canonical_top3_sltp,69,742004,742362,1,78295.3,80977.3000000007,223.5000000000582,2682.0000000006985,tp,358.0,2.6037047000006983,0.0782953,5.0,ifvg_clean,0.001,2.525409400000698
2025-04,B_n_5x60,dual,dual_entry_vs_sniper_canonical_top3_sltp,70,738141,742466,1,77720.1,81080.1,280.0,3360.0,tp,4327.0,3.2822799,0.0777201,5.0,ifvg_clean,0.001,3.2045597999999997
2025-04,B_n_5x60,dual,dual_entry_vs_sniper_canonical_top3_sltp,71,738817,742472,1,77579.1,81167.10000000018,299.00000000001455,3588.0000000001746,tp,3657.0,3.5104209000001747,0.07757910000000001,5.0,ifvg_clean,0.001,3.432841800000175
2025-04,B_n_5x60,dual,dual_entry_vs_sniper_canonical_top3_sltp,72,746114,746114,-1,82677.5,82677.6,0.1,1.0,inv,0.0,-0.08277750000000582,0.0826775,5.0,ifvg,0.001,-0.16545500000000582
2025-04,B_n_5x60,dual,dual_entry_vs_sniper_canonical_top3_sltp,73,746114,746114,-1,82658.4,82658.88724489795,0.4872448979593684,4.872448979593684,sl,0.0,-0.0831456448979586,0.0826584,5.0,ifvg,0.001,-0.1658040448979586
2025-04,B_n_5x60,dual,dual_entry_vs_sniper_canonical_top3_sltp,74,746114,746114,-1,82639.3,82640.27448979592,0.9744897959183655,9.744897959183655,sl,0.0,-0.08361378979591719,0.08263930000000001,5.0,ifvg,0.001,-0.16625308979591719
2025-04,B_n_5x60,dual,dual_entry_vs_sniper_canonical_top3_sltp,75,746114,746190,1,82677.8,82486.80000000002,190.99999999998545,2291.9999999998254,sl,76.0,-0.2736777999999855,0.08267780000000001,5.0,ifvg_clean,0.001,-0.3563555999999855
2025-04,B_n_5x60,dual,dual_entry_vs_sniper_canonical_top3_sltp,76,751131,751131,1,82364.75,82364.26976284586,0.4802371541501885,4.802371541501885,sl,0.0,-0.08284498715414457,0.08236475,5.0,ifvg,0.001,-0.16520973715414455
2025-04,B_n_5x60,dual,dual_entry_vs_sniper_canonical_top3_sltp,77,751131,751131,1,82376.9,82375.93952569169,0.960474308300377,9.60474308300377,sl,0.0,-0.08333737430830367,0.08237689999999999,5.0,ifvg,0.001,-0.16571427430830366
2025-04,B_n_5x60,dual,dual_entry_vs_sniper_canonical_top3_sltp,78,751131,751139,-1,82357.3,82377.4,121.49999999994179,1457.9999999993015,inv,8.0,-0.10245729999999129,0.08235730000000001,5.0,ifvg_clean,0.001,-0.18481459999999128
2025-04,B_n_5x60,dual,dual_entry_vs_sniper_canonical_top3_sltp,79,751159,751159,1,82352.6,82353.6,0.1,1.0,tp,0.0,-0.08135260000000001,0.08235260000000001,5.0,ifvg,0.001,-0.16370520000000002
2025-04,B_n_5x60,dual,dual_entry_vs_sniper_canonical_top3_sltp,80,755703,755703,-1,83035.7,83036.19555160143,0.4955516014234873,4.955516014234873,inv,0.0,-0.08353125160143064,0.0830357,5.0,ifvg,0.001,-0.16656695160143065
2025-04,B_n_5x60,dual,dual_entry_vs_sniper_canonical_top3_sltp,81,755703,755703,-1,82980.0,82980.99110320285,0.9911032028469746,9.911032028469746,sl,0.0,-0.08397110320284673,0.08298000000000001,5.0,ifvg,0.001,-0.16695110320284673
2025-04,B_n_5x60,dual,dual_entry_vs_sniper_canonical_top3_sltp,82,755712,755712,-1,83091.4,83091.5,0.1,1.0,inv,0.0,-0.08319140000000581,0.0830914,5.0,ifvg,0.001,-0.1662828000000058
2025-04,B_n_5x60,dual,dual_entry_vs_sniper_canonical_top3_sltp,83,757425,757425,-1,82958.0,82958.1,0.1,1.0,inv,0.0,-0.08305800000000582,0.082958,5.0,ifvg,0.001,-0.16601600000000583
2025-04,B_n_5x60,dual,dual_entry_vs_sniper_canonical_top3_sltp,84,757425,757425,-1,82943.75,82944.23305084746,0.4830508474576271,4.830508474576271,sl,0.0,-0.08342680084745517,0.08294375000000001,5.0,ifvg,0.001,-0.16637055084745517
2025-04,B_n_5x60,dual,dual_entry_vs_sniper_canonical_top3_sltp,85,757425,757425,-1,82929.5,82930.46610169491,0.9661016949152542,9.661016949152541,sl,0.0,-0.08389560169491032,0.0829295,5.0,ifvg,0.001,-0.16682510169491033
2025-04,B_n_5x60,dual,dual_entry_vs_sniper_canonical_top3_sltp,86,757425,763844,1,82957.3,82814.8,142.5,1710.0,sl,6424.0,-0.22545730000000003,0.08295730000000001,5.0,ifvg_clean,0.001,-0.30841460000000004
2025-04,B_n_5x60,dual,dual_entry_vs_sniper_canonical_top3_sltp,87,755703,765887,1,83085.3,82528.30000000003,556.9999999999709,6683.999999999651,sl,10192.0,-0.640085299999971,0.0830853,5.0,ifvg_clean,0.001,-0.723170599999971
2025-04,B_n_5x60,dual,dual_entry_vs_sniper_canonical_top3_sltp,88,814568,814568,1,81519.55,81519.06672240802,0.48327759197324094,4.832775919732409,inv,0.0,-0.08200282759197856,0.08151955000000001,5.0,ifvg,0.001,-0.16352237759197857
2025-04,B_n_5x60,dual,dual_entry_vs_sniper_canonical_top3_sltp,89,814568,814568,1,81534.0,81533.03344481606,0.9665551839464819,9.665551839464818,sl,0.0,-0.08250055518394256,0.08153400000000001,5.0,ifvg,0.001,-0.16403455518394255
2025-04,B_n_5x60,dual,dual_entry_vs_sniper_canonical_top3_sltp,90,814580,814580,1,81505.1,81505.0,0.1,1.0,inv,0.0,-0.08160510000000583,0.08150510000000001,5.0,ifvg,0.001,-0.16311020000000584
2025-04,B_n_5x60,dual,dual_entry_vs_sniper_canonical_top3_sltp,91,814568,814733,-1,81509.2,81653.69999999997,144.4999999999709,1733.9999999996508,sl,165.0,-0.22600919999997088,0.08150919999999999,5.0,ifvg_clean,0.001,-0.3075183999999709
2025-04,B_n_5x60,dual,dual_entry_vs_sniper_canonical_top3_sltp,92,821488,821488,-1,80440.9,80441.83630573248,0.9363057324841237,9.363057324841238,sl,0.0,-0.08137720573248083,0.0804409,5.0,fvg,0.001,-0.16181810573248084
2025-04,B_n_5x60,dual,dual_entry_vs_sniper_canonical_top3_sltp,93,827743,827743,-1,78693.6,78694.09584717608,0.49584717607967405,4.958471760796741,sl,0.0,-0.0791894471760765,0.0786936,5.0,ifvg,0.001,-0.15788304717607649
2025-04,B_n_5x60,dual,dual_entry_vs_sniper_canonical_top3_sltp,94,827743,827743,-1,78633.9,78634.89169435215,0.991694352159469,9.916943521594689,sl,0.0,-0.07962559435215298,0.07863389999999999,5.0,ifvg,0.001,-0.15825949435215297
2025-04,B_n_5x60,dual,dual_entry_vs_sniper_canonical_top3_sltp,95,827757,827757,-1,78753.3,78752.3,0.1,1.0,tp,0.0,-0.07775330000000001,0.07875330000000001,5.0,ifvg,0.001,-0.15650660000000002
2025-04,B_n_5x60,dual,dual_entry_vs_sniper_canonical_top3_sltp,96,827743,827991,1,78751.0,78633.4,597.0000000000437,7164.000000000524,inv,248.0,-0.19635100000000583,0.078751,5.0,ifvg_clean,0.001,-0.27510200000000584
2025-04,B_n_5x60,dual,dual_entry_vs_sniper_canonical_top3_sltp,97,829552,829552,-1,79160.0,79160.1,0.1,1.0,sl,0.0,-0.07926000000000581,0.07916,5.0,ifvg,0.001,-0.1584200000000058
2025-04,B_n_5x60,dual,dual_entry_vs_sniper_canonical_top3_sltp,98,829552,829552,-1,79149.95,79150.42630331754,0.47630331753555155,4.763033175355515,sl,0.0,-0.07962625331754045,0.07914995000000001,5.0,ifvg,0.001,-0.15877620331754044
2025-04,B_n_5x60,dual,dual_entry_vs_sniper_canonical_top3_sltp,99,829552,829552,-1,79139.9,79140.85260663506,0.9526066350711031,9.52606635071103,sl,0.0,-0.08009250663506633,0.0791399,5.0,ifvg,0.001,-0.15923240663506633
2025-04,B_n_5x60,dual,dual_entry_vs_sniper_canonical_top3_sltp,100,829552,829576,1,79173.2,79139.4,100.5000000000291,1206.0000000003492,inv,24.0,-0.11297320000000291,0.0791732,5.0,ifvg_clean,0.001,-0.1921464000000029
2025-04,B_n_5x60,dual,dual_entry_vs_sniper_canonical_top3_sltp,101,831600,831600,-1,79241.3,79240.3,0.1,1.0,tp,0.0,-0.07824130000000001,0.07924130000000001,5.0,ifvg,0.001,-0.15748260000000003
2025-04,B_n_5x60,dual,dual_entry_vs_sniper_canonical_top3_sltp,102,831600,831600,-1,79214.95000000001,79215.44068901305,0.4906890130352458,4.906890130352458,sl,0.0,-0.07970563901303691,0.07921495000000002,5.0,ifvg,0.001,-0.15892058901303693
2025-04,B_n_5x60,dual,dual_entry_vs_sniper_canonical_top3_sltp,103,831600,831600,-1,79188.6,79189.58137802608,0.9813780260707625,9.813780260707626,sl,0.0,-0.08016997802607381,0.07918860000000001,5.0,ifvg,0.001,-0.15935857802607384
2025-04,B_n_5x60,dual,dual_entry_vs_sniper_canonical_top3_sltp,104,831687,831687,1,79280.0,79279.51219512195,0.4878048780487805,4.878048780487805,inv,0.0,-0.07976780487805198,0.07928,5.0,ifvg,0.001,-0.15904780487805198
2025-04,B_n_5x60,dual,dual_entry_vs_sniper_canonical_top3_sltp,105,831687,831687,1,79300.0,79299.0243902439,0.975609756097561,9.75609756097561,sl,0.0,-0.08027560975610394,0.0793,5.0,ifvg,0.001,-0.15957560975610394
2025-04,B_n_5x60,dual,dual_entry_vs_sniper_canonical_top3_sltp,106,831689,831689,1,79260.0,79261.0,0.1,1.0,tp,0.0,-0.07826000000000001,0.07926000000000001,5.0,ifvg,0.001,-0.15752000000000002
2025-04,B_n_5x60,dual,dual_entry_vs_sniper_canonical_top3_sltp,107,831687,831852,-1,79266.6,79466.6,200.0,2400.0,sl,165.0,-0.27926660000000003,0.0792666,5.0,ifvg_clean,0.001,-0.35853320000000005
2025-04,B_n_5x60,dual,dual_entry_vs_sniper_canonical_top3_sltp,108,853164,853164,-1,79596.0,79596.49246987952,0.49246987951807164,4.924698795180716,sl,0.0,-0.0800884698795221,0.079596,5.0,fvg,0.001,-0.15968446987952212
2025-04,B_n_5x60,dual,dual_entry_vs_sniper_canonical_top3_sltp,109,853164,853164,-1,79563.3,79564.28493975903,0.9849397590361433,9.849397590361432,sl,0.0,-0.08054823975902967,0.0795633,5.0,fvg,0.001,-0.16011153975902967
2025-04,B_n_5x60,dual,dual_entry_vs_sniper_canonical_top3_sltp,110,854638,854638,-1,79416.55,79417.02737556561,0.4773755656108657,4.773755656108657,sl,0.0,-0.07989392556560605,0.07941655,5.0,ifvg,0.001,-0.15931047556560607
2025-04,B_n_5x60,dual,dual_entry_vs_sniper_canonical_top3_sltp,111,854638,854638,-1,79406.0,79406.95475113123,0.9547511312217314,9.547511312217313,sl,0.0,-0.08036075113122666,0.079406,5.0,ifvg,0.001,-0.15976675113122668
2025-04,B_n_5x60,dual,dual_entry_vs_sniper_canonical_top3_sltp,112,854638,854645,1,79415.7,79405.5,105.5000000000291,1266.0000000003492,inv,7.0,-0.08961569999999709,0.0794157,5.0,ifvg_clean,0.001,-0.1690313999999971
2025-04,B_n_5x60,dual,dual_entry_vs_sniper_canonical_top3_sltp,113,854654,854654,-1,79427.1,79426.1,0.1,1.0,tp,0.0,-0.07842710000000001,0.07942710000000001,5.0,ifvg,0.001,-0.15785420000000003
2025-04,B_n_5x60,dual,dual_entry_vs_sniper_canonical_top3_sltp,114,831600,854990,1,79236.5,79188.1,263.49999999998545,3161.9999999998254,inv,23803.0,-0.12763649999999419,0.0792365,5.0,ifvg_clean,0.001,-0.2068729999999942
2025-04,B_n_5x60,dual,dual_entry_vs_sniper_canonical_top3_sltp,115,856804,856804,-1,79525.6,79526.56047430831,0.960474308300377,9.60474308300377,sl,0.0,-0.08048607430830369,0.07952560000000002,5.0,fvg,0.001,-0.1600116743083037
2025-04,B_n_5x60,dual,dual_entry_vs_sniper_canonical_top3_sltp,116,857270,857270,-1,79537.75,79532.9476284585,0.4802371541501885,4.802371541501885,tp,0.0,-0.07473537845849619,0.07953775,5.0,fvg,0.001,-0.1542731284584962
2025-04,B_n_5x60,dual,dual_entry_vs_sniper_canonical_top3_sltp,117,857274,857274,-1,79549.9,79548.9,0.1,1.0,tp,0.0,-0.07854989999999999,0.07954989999999999,5.0,fvg,0.001,-0.15809979999999998
2025-04,B_n_5x60,dual,dual_entry_vs_sniper_canonical_top3_sltp,118,857358,857358,-1,79628.7,79627.7,0.1,1.0,tp,0.0,-0.0786287,0.0796287,5.0,fvg,0.001,-0.1582574
2025-04,B_n_5x60,dual,dual_entry_vs_sniper_canonical_top3_sltp,119,862409,862409,1,80287.5,80287.4,0.1,1.0,sl,0.0,-0.08038750000000583,0.08028750000000001,5.0,ifvg,0.001,-0.16067500000000584
2025-04,B_n_5x60,dual,dual_entry_vs_sniper_canonical_top3_sltp,120,862409,862409,1,80313.05,80312.55959692899,0.49040307101727554,4.904030710172755,sl,0.0,-0.08080345307101679,0.08031305000000001,5.0,ifvg,0.001,-0.1611165030710168
2025-04,B_n_5x60,dual,dual_entry_vs_sniper_canonical_top3_sltp,121,862409,862409,1,80338.6,80337.61919385797,0.9808061420345511,9.80806142034551,sl,0.0,-0.08131940614203355,0.08033860000000001,5.0,ifvg,0.001,-0.16165800614203357
2025-04,B_n_5x60,dual,dual_entry_vs_sniper_canonical_top3_sltp,122,862409,862774,-1,80280.1,80339.1,255.5000000000291,3066.0000000003492,inv,365.0,-0.13928010000000002,0.08028010000000001,5.0,ifvg_clean,0.001,-0.21956020000000004
2025-04,B_n_5x60,dual,dual_entry_vs_sniper_canonical_top3_sltp,123,863815,863815,-1,80609.2,80609.68878923767,0.4887892376681629,4.887892376681629,inv,0.0,-0.08109798923767189,0.0806092,5.0,ifvg,0.001,-0.1617071892376719
2025-04,B_n_5x60,dual,dual_entry_vs_sniper_canonical_top3_sltp,124,863815,863815,-1,80587.4,80588.37757847532,0.9775784753363258,9.775784753363258,sl,0.0,-0.08156497847532922,0.0805874,5.0,ifvg,0.001,-0.1621523784753292
2025-04,B_n_5x60,dual,dual_entry_vs_sniper_canonical_top3_sltp,125,864055,864055,-1,80631.0,80631.1,0.1,1.0,inv,0.0,-0.08073100000000583,0.08063100000000001,5.0,ifvg,0.001,-0.16136200000000583
2025-04,B_n_5x60,dual,dual_entry_vs_sniper_canonical_top3_sltp,126,870988,870988,-1,80535.0,80535.48161764706,0.48161764705883137,4.816176470588314,sl,0.0,-0.0810166176470631,0.080535,5.0,ifvg,0.001,-0.1615516176470631
2025-04,B_n_5x60,dual,dual_entry_vs_sniper_canonical_top3_sltp,127,870988,870988,-1,80521.9,80522.8632352941,0.9632352941176627,9.632352941176627,sl,0.0,-0.08148513529411167,0.08052190000000001,5.0,ifvg,0.001,-0.16200703529411167
2025-04,B_n_5x60,dual,dual_entry_vs_sniper_canonical_top3_sltp,128,871004,871004,-1,80548.1,80547.1,0.1,1.0,tp,0.0,-0.07954810000000001,0.08054810000000001,5.0,ifvg,0.001,-0.16009620000000002
2025-04,B_n_5x60,dual,dual_entry_vs_sniper_canonical_top3_sltp,129,880686,880686,1,80788.9,80788.41288659793,0.4871134020616691,4.871134020616691,sl,0.0,-0.081276013402065,0.0807889,5.0,ifvg,0.001,-0.162064913402065
2025-04,B_n_5x60,dual,dual_entry_vs_sniper_canonical_top3_sltp,130,880686,880686,1,80807.8,80806.82577319587,0.9742268041237132,9.742268041237132,sl,0.0,-0.08178202680413,0.0808078,5.0,ifvg,0.001,-0.16258982680413
2025-04,B_n_5x60,dual,dual_entry_vs_sniper_canonical_top3_sltp,131,880686,880687,-1,80779.6,80808.3,189.00000000001455,2268.0000000001746,inv,1.0,-0.1094795999999971,0.08077960000000001,5.0,ifvg_clean,0.001,-0.1902591999999971
2025-04,B_n_5x60,dual,dual_entry_vs_sniper_canonical_top3_sltp,132,880695,880695,1,80770.0,80771.0,0.1,1.0,tp,0.0,-0.07977,0.08077,5.0,ifvg,0.001,-0.16054
2025-04,B_n_5x60,dual,dual_entry_vs_sniper_canonical_top3_sltp,133,880711,880711,-1,80890.0,80890.1,0.1,1.0,inv,0.0,-0.08099000000000582,0.08089,5.0,ifvg,0.001,-0.16188000000000582
2025-04,B_n_5x60,dual,dual_entry_vs_sniper_canonical_top3_sltp,134,880711,880711,-1,80864.2,80864.69049429658,0.49049429657794785,4.904942965779479,sl,0.0,-0.08135469429658043,0.0808642,5.0,ifvg,0.001,-0.16221889429658043
2025-04,B_n_5x60,dual,dual_entry_vs_sniper_canonical_top3_sltp,135,880711,880711,-1,80838.4,80839.38098859316,0.9809885931558957,9.809885931558957,sl,0.0,-0.08181938859316086,0.08083839999999999,5.0,ifvg,0.001,-0.16265778859316085
2025-04,B_n_5x60,dual,dual_entry_vs_sniper_canonical_top3_sltp,136,870988,885833,1,80543.8,82115.8000000007,131.0000000000582,1572.0000000006985,tp,14892.0,1.4914562000006986,0.08054380000000001,5.0,ifvg_clean,0.001,1.4109124000006985
2025-04,B_n_5x60,dual,dual_entry_vs_sniper_canonical_top3_sltp,137,889177,889177,-1,82689.5,82689.97727272728,0.4772727272727273,4.772727272727273,inv,0.0,-0.08316677272727935,0.0826895,5.0,ifvg,0.001,-0.16585627272727935
2025-04,B_n_5x60,dual,dual_entry_vs_sniper_canonical_top3_sltp,138,889177,889177,-1,82679.0,82679.95454545454,0.9545454545454546,9.545454545454547,sl,0.0,-0.08363354545454413,0.082679,5.0,ifvg,0.001,-0.16631254545454413
2025-04,B_n_5x60,dual,dual_entry_vs_sniper_canonical_top3_sltp,139,889305,889305,-1,82700.0,82700.1,0.1,1.0,inv,0.0,-0.08280000000000583,0.08270000000000001,5.0,ifvg,0.001,-0.16550000000000584
2025-04,B_n_5x60,dual,dual_entry_vs_sniper_canonical_top3_sltp,140,889177,890376,1,82690.8,82585.8,105.0,1260.0,sl,1199.0,-0.1876908,0.08269080000000001,5.0,ifvg_clean,0.001,-0.2703816
2025-04,B_n_5x60,dual,dual_entry_vs_sniper_canonical_top3_sltp,141,896810,896810,1,82288.1,82288.0,0.1,1.3,sl,0.0,-0.08238810000000583,0.08228810000000002,5.0,ifvg,0.001,-0.16467620000000585
2025-04,B_n_5x60,dual,dual_entry_vs_sniper_canonical_top3_sltp,142,896810,896810,1,82317.85,82317.35826446282,0.49173553719008267,6.392561983471074,sl,0.0,-0.0828095855371872,0.08231785000000001,5.0,ifvg,0.001,-0.16512743553718723
2025-04,B_n_5x60,dual,dual_entry_vs_sniper_canonical_top3_sltp,143,896810,896810,1,82347.6,82346.61652892563,0.9834710743801653,12.785123966942148,sl,0.0,-0.08333107107437442,0.08234760000000002,5.0,ifvg,0.001,-0.16567867107437445
2025-04,B_n_5x60,dual,dual_entry_vs_sniper_canonical_top3_sltp,144,896810,896850,-1,82286.5,82348.1,297.5,3570.0,inv,40.0,-0.14388650000000583,0.0822865,5.0,ifvg_clean,0.001,-0.22617300000000584
2025-04,B_n_5x60,dual,dual_entry_vs_sniper_canonical_top3_sltp,145,863815,900954,1,80627.9,83243.90000000034,218.0000000000291,2616.0000000003492,tp,37206.0,2.535372100000349,0.0806279,5.0,ifvg_clean,0.001,2.454744200000349
2025-04,B_n_5x60,dual,dual_entry_vs_sniper_canonical_top3_sltp,146,905779,905779,-1,82059.7,82060.19663072776,0.4966307277628031,4.966307277628031,sl,0.0,-0.08255633072776457,0.0820597,5.0,ifvg,0.001,-0.16461603072776457
2025-04,B_n_5x60,dual,dual_entry_vs_sniper_canonical_top3_sltp,147,905779,905779,-1,81986.0,81986.99326145553,0.9932614555256062,9.932614555256063,sl,0.0,-0.08297926145552914,0.081986,5.0,ifvg,0.001,-0.16496526145552914
2025-04,B_n_5x60,dual,dual_entry_vs_sniper_canonical_top3_sltp,148,905780,905780,-1,82133.4,82132.4,0.1,1.0,tp,0.0,-0.0811334,0.0821334,5.0,ifvg,0.001,-0.1632668
2025-04,B_n_5x60,dual,dual_entry_vs_sniper_canonical_top3_sltp,149,905779,905827,1,82123.8,81985.5,736.9999999999709,8843.99999999965,inv,48.0,-0.22042380000000295,0.08212380000000001,5.0,ifvg_clean,0.001,-0.30254760000000297
2025-04,B_n_5x60,dual,dual_entry_vs_sniper_canonical_top3_sltp,150,906571,906575,1,81900.0,81899.00837520938,0.9916247906197652,9.916247906197652,sl,4.0,-0.08289162479062215,0.0819,5.0,fvg,0.001,-0.16479162479062215
2025-04,B_n_5x60,dual,dual_entry_vs_sniper_canonical_top3_sltp,151,906644,906644,1,81840.8,81845.7581239531,0.4958123953098826,4.958123953098826,tp,0.0,-0.07688267604690378,0.0818408,5.0,fvg,0.001,-0.1587234760469038
2025-04,B_n_5x60,dual,dual_entry_vs_sniper_canonical_top3_sltp,152,906695,906695,1,81781.6,81781.5,0.1,1.0,sl,0.0,-0.08188160000000583,0.08178160000000001,5.0,fvg,0.001,-0.16366320000000584
2025-04,B_n_5x60,dual,dual_entry_vs_sniper_canonical_top3_sltp,153,906736,906736,-1,81904.5,81894.68382352941,0.9816176470588216,9.816176470588216,tp,0.0,-0.07208832352941262,0.0819045,5.0,fvg,0.001,-0.15399282352941263
2025-04,B_n_5x60,dual,dual_entry_vs_sniper_canonical_top3_sltp,154,906739,906739,-1,81931.2,81926.2919117647,0.4908088235294108,4.908088235294108,tp,0.0,-0.07702311176469905,0.08193120000000001,5.0,fvg,0.001,-0.15895431176469904
2025-04,B_n_5x60,dual,dual_entry_vs_sniper_canonical_top3_sltp,155,906771,906771,-1,81957.9,81956.9,0.1,1.0,tp,0.0,-0.0809579,0.0819579,5.0,fvg,0.001,-0.1629158
2025-04,B_n_5x60,dual,dual_entry_vs_sniper_canonical_top3_sltp,156,909245,909245,1,82486.35,82485.8587260035,0.4912739965097261,4.912739965097261,sl,0.0,-0.08297762399650752,0.08248635,5.0,ifvg,0.001,-0.16546397399650753
2025-04,B_n_5x60,dual,dual_entry_vs_sniper_canonical_top3_sltp,157,909245,909245,1,82514.5,82513.51745200698,0.9825479930191982,9.825479930191982,sl,0.0,-0.08349704799301504,0.0825145,5.0,ifvg,0.001,-0.16601154799301504
2025-04,B_n_5x60,dual,dual_entry_vs_sniper_canonical_top3_sltp,158,909318,909318,1,82458.2,82458.09999999999,0.1,1.0,sl,0.0,-0.08255820000000583,0.08245820000000001,5.0,ifvg,0.001,-0.16501640000000584
2025-04,B_n_5x60,dual,dual_entry_vs_sniper_canonical_top3_sltp,159,909245,909423,-1,82462.4,82515.0,281.50000000001455,3378.0000000001746,inv,181.0,-0.13506240000000583,0.0824624,5.0,ifvg_clean,0.001,-0.21752480000000585
2025-04,B_n_5x60,dual,dual_entry_vs_sniper_canonical_top3_sltp,160,910574,910574,-1,82247.55,82248.03181818181,0.4818181818181818,4.818181818181818,sl,0.0,-0.08272936818181184,0.08224755,5.0,fvg,0.001,-0.16497691818181184
2025-04,B_n_5x60,dual,dual_entry_vs_sniper_canonical_top3_sltp,161,910574,910574,-1,82234.3,82235.26363636364,0.9636363636363636,9.636363636363637,sl,0.0,-0.08319793636363823,0.08223430000000001,5.0,fvg,0.001,-0.16543223636363824
2025-04,B_n_5x60,dual,dual_entry_vs_sniper_canonical_top3_sltp,162,910587,910587,-1,82260.8,82259.8,0.1,1.0,tp,0.0,-0.08126080000000001,0.08226080000000001,5.0,fvg,0.001,-0.16352160000000002
2025-04,B_n_5x60,dual,dual_entry_vs_sniper_canonical_top3_sltp,163,911207,911207,-1,82400.0,82400.98217468806,0.9821746880570429,9.821746880570428,sl,0.0,-0.08338217468806251,0.0824,5.0,fvg,0.001,-0.1657821746880625
2025-04,B_n_5x60,dual,dual_entry_vs_sniper_canonical_top3_sltp,164,911217,911217,-1,82427.55,82428.04108734403,0.49108734402852144,4.910873440285214,sl,0.0,-0.082918637344024,0.08242755000000002,5.0,fvg,0.001,-0.165346187344024
2025-04,B_n_5x60,dual,dual_entry_vs_sniper_canonical_top3_sltp,165,911249,911249,-1,82455.1,82454.1,0.1,1.0,tp,0.0,-0.0814551,0.0824551,5.0,fvg,0.001,-0.1639102
2025-04,B_n_5x60,dual,dual_entry_vs_sniper_canonical_top3_sltp,166,911491,911491,1,82573.3,82572.31776198934,0.9822380106571946,9.822380106571947,sl,0.0,-0.08355553801066343,0.0825733,5.0,fvg,0.001,-0.16612883801066342
2025-04,B_n_5x60,dual,dual_entry_vs_sniper_canonical_top3_sltp,167,880711,915647,1,80874.3,83970.30000000035,258.0000000000291,3096.0000000003492,tp,34951.0,3.015125700000349,0.08087430000000001,5.0,ifvg_clean,0.001,2.934251400000349
2025-04,B_n_5x60,dual,dual_entry_vs_sniper_canonical_top3_sltp,168,948607,948607,-1,82801.4,82802.38996990972,0.9899699097291887,9.899699097291887,sl,0.0,-0.08379136990972955,0.0828014,5.0,fvg,0.001,-0.16659276990972954
2025-04,B_n_5x60,dual,dual_entry_vs_sniper_canonical_top3_sltp,169,948628,948628,-1,82850.75,82851.24498495486,0.4949849548645944,4.949849548645943,sl,0.0,-0.0833457349548575,0.08285075,5.0,fvg,0.001,-0.1661964849548575
2025-04,B_n_5x60,dual,dual_entry_vs_sniper_canonical_top3_sltp,170,949102,949102,-1,82900.1,82899.1,0.1,1.0,tp,0.0,-0.0819001,0.0829001,5.0,fvg,0.001,-0.1648002
2025-04,B_n_5x60,dual,dual_entry_vs_sniper_canonical_top3_sltp,171,1037184,1037184,1,85555.4,85554.42816901408,0.971830985915493,9.71830985915493,sl,0.0,-0.0865272309859163,0.08555539999999999,5.0,fvg,0.001,-0.1720826309859163
2025-04,B_n_5x60,dual,dual_entry_vs_sniper_canonical_top3_sltp,172,1037187,1037187,1,85538.15,85537.66408450704,0.4859154929577465,4.859154929577465,sl,0.0,-0.08602406549295816,0.08553815000000001,5.0,fvg,0.001,-0.17156221549295816
2025-04,B_n_5x60,dual,dual_entry_vs_sniper_canonical_top3_sltp,173,1037189,1037189,1,85520.9,85521.9,0.1,1.0,tp,0.0,-0.0845209,0.0855209,5.0,fvg,0.001,-0.1700418
2025-04,B_n_5x60,dual,dual_entry_vs_sniper_canonical_top3_sltp,174,1245361,1245361,-1,85642.55,85643.03915401302,0.4891540130151858,4.891540130151858,sl,0.0,-0.08613170401301928,0.08564255,5.0,ifvg,0.001,-0.17177425401301927
2025-04,B_n_5x60,dual,dual_entry_vs_sniper_canonical_top3_sltp,175,1245361,1245361,-1,85620.0,85620.97830802602,0.9783080260303716,9.783080260303716,sl,0.0,-0.08659830802602403,0.08562,5.0,ifvg,0.001,-0.17221830802602403
2025-04,B_n_5x60,dual,dual_entry_vs_sniper_canonical_top3_sltp,176,1245361,1245363,1,85652.4,85619.5,225.5000000000291,2706.0000000003492,inv,2.0,-0.11855239999999417,0.0856524,5.0,ifvg_clean,0.001,-0.2042047999999942
2025-04,B_n_5x60,dual,dual_entry_vs_sniper_canonical_top3_sltp,177,1252583,1252583,-1,84927.9,84928.38595505618,0.4859550561799762,4.859550561799762,sl,0.0,-0.08541385505618142,0.0849279,5.0,ifvg,0.001,-0.17034175505618143
2025-04,B_n_5x60,dual,dual_entry_vs_sniper_canonical_top3_sltp,178,1252583,1252583,-1,84910.6,84911.57191011237,0.9719101123595437,9.719101123595436,sl,0.0,-0.08588251011236282,0.0849106,5.0,ifvg,0.001,-0.1707931101123628
2025-04,B_n_5x60,dual,dual_entry_vs_sniper_canonical_top3_sltp,179,1252583,1252601,1,84929.0,84910.1,172.99999999995634,2075.999999999476,inv,18.0,-0.10382899999999418,0.084929,5.0,ifvg_clean,0.001,-0.18875799999999418
2025-04,B_n_5x60,dual,dual_entry_vs_sniper_canonical_top3_sltp,180,1252621,1252621,-1,84945.2,84944.2,0.1,1.0,tp,0.0,-0.0839452,0.0849452,5.0,ifvg,0.001,-0.1688904
2025-04,B_n_5x60,dual,dual_entry_vs_sniper_canonical_top3_sltp,181,1342528,1342528,1,85354.4,85353.4127226463,0.987277353689566,9.87277353689566,sl,0.0,-0.08634167735369175,0.0853544,5.0,ifvg,0.001,-0.17169607735369175
2025-04,B_n_5x60,dual,dual_entry_vs_sniper_canonical_top3_sltp,182,1342528,1342528,-1,85329.7,85354.9,387.99999999995634,4655.999999999476,inv,0.0,-0.1105296999999971,0.08532970000000001,5.0,ifvg_clean,0.001,-0.1958593999999971
2025-04,B_n_5x60,dual,dual_entry_vs_sniper_canonical_top3_sltp,183,1342533,1342533,1,85276.8,85277.8,0.1,1.0,tp,0.0,-0.08427680000000001,0.08527680000000001,5.0,ifvg,0.001,-0.16955360000000003
2025-04,B_n_5x60,dual,dual_entry_vs_sniper_canonical_top3_sltp,184,1342533,1342533,1,85315.6,85320.53638676845,0.49363867684487556,4.936386768448756,tp,0.0,-0.0803792132315558,0.0853156,5.0,ifvg,0.001,-0.1656948132315558
2025-04,B_n_5x60,dual,dual_entry_vs_sniper_canonical_top3_sltp,185,1344808,1344808,1,83752.9,83752.79999999999,0.1,1.0,inv,0.0,-0.08385290000000582,0.0837529,5.0,ifvg,0.001,-0.16760580000000583
2025-04,B_n_5x60,dual,dual_entry_vs_sniper_canonical_top3_sltp,186,1344808,1344808,1,83770.45,83769.96385041552,0.48614958448753687,4.8614958448753685,sl,0.0,-0.0842565995844816,0.08377045,5.0,ifvg,0.001,-0.1680270495844816
2025-04,B_n_5x60,dual,dual_entry_vs_sniper_canonical_top3_sltp,187,1344808,1344808,1,83788.0,83787.02770083102,0.9722991689750737,9.722991689750737,sl,0.0,-0.08476029916897777,0.083788,5.0,ifvg,0.001,-0.1685482991689778
2025-04,B_n_5x60,dual,dual_entry_vs_sniper_canonical_top3_sltp,188,1344862,1344862,1,83618.1,83617.11730103807,0.9826989619377172,9.826989619377173,sl,0.0,-0.08460079896193234,0.08361810000000001,5.0,fvg,0.001,-0.16821889896193237
2025-04,B_n_5x60,dual,dual_entry_vs_sniper_canonical_top3_sltp,189,1344867,1344867,1,83589.70000000001,83589.20865051904,0.4913494809689845,4.913494809689845,sl,0.0,-0.08408104948097345,0.0835897,5.0,fvg,0.001,-0.16767074948097344
2025-04,B_n_5x60,dual,dual_entry_vs_sniper_canonical_top3_sltp,190,1344882,1344882,1,83676.75,83676.26052631579,0.4894736842105263,4.894736842105263,inv,0.0,-0.08416622368421067,0.08367675,5.0,ifvg,0.001,-0.16784297368421067
2025-04,B_n_5x60,dual,dual_entry_vs_sniper_canonical_top3_sltp,191,1344882,1344882,1,83700.0,83699.02105263158,0.9789473684210526,9.789473684210526,sl,0.0,-0.08467894736842137,0.08370000000000001,5.0,ifvg,0.001,-0.16837894736842138
2025-04,B_n_5x60,dual,dual_entry_vs_sniper_canonical_top3_sltp,192,1344884,1344884,1,83653.5,83653.4,0.1,1.0,inv,0.0,-0.08375350000000582,0.0836535,5.0,ifvg,0.001,-0.16740700000000583
2025-04,B_n_5x60,dual,dual_entry_vs_sniper_canonical_top3_sltp,193,1344882,1344918,-1,83657.4,83889.9,232.5,2790.0,sl,36.0,-0.31615740000000003,0.08365739999999999,5.0,ifvg_clean,0.001,-0.3998148
2025-04,B_n_5x60,dual,dual_entry_vs_sniper_canonical_top3_sltp,194,1344808,1344921,-1,83748.0,83923.50000000003,175.5000000000291,2106.0000000003492,sl,113.0,-0.2592480000000291,0.083748,5.0,ifvg_clean,0.001,-0.3429960000000291
2025-04,B_n_5x60,dual,dual_entry_vs_sniper_canonical_top3_sltp,195,1418914,1418914,1,84365.2,84364.20426985482,0.995730145175064,9.95730145175064,sl,0.0,-0.08536093014517955,0.0843652,5.0,fvg,0.001,-0.16972613014517957
2025-04,B_n_5x60,dual,dual_entry_vs_sniper_canonical_top3_sltp,196,1420429,1420429,-1,84510.2,84510.6898785425,0.48987854251012025,4.898785425101202,sl,0.0,-0.08500007854250298,0.0845102,5.0,ifvg,0.001,-0.16951027854250297
2025-04,B_n_5x60,dual,dual_entry_vs_sniper_canonical_top3_sltp,197,1420429,1420429,-1,84486.0,84486.97975708502,0.9797570850202405,9.797570850202405,sl,0.0,-0.08546575708502055,0.084486,5.0,ifvg,0.001,-0.16995175708502056
2025-04,B_n_5x60,dual,dual_entry_vs_sniper_canonical_top3_sltp,198,1420433,1420433,-1,84534.4,84533.4,0.1,1.0,tp,0.0,-0.0835344,0.0845344,5.0,ifvg,0.001,-0.1680688
2025-04,B_n_5x60,dual,dual_entry_vs_sniper_canonical_top3_sltp,199,1420429,1420529,1,84531.9,84485.5,241.9999999999709,2903.9999999996508,inv,100.0,-0.13093189999999416,0.0845319,5.0,ifvg_clean,0.001,-0.21546379999999415
2025-04,B_n_5x60,dual,dual_entry_vs_sniper_canonical_top3_sltp,200,1523752,1523752,-1,84593.5,84594.46212121213,0.9621212121212037,9.621212121212038,sl,0.0,-0.08555562121212738,0.0845935,5.0,fvg,0.001,-0.17014912121212739
2025-04,B_n_5x60,dual,dual_entry_vs_sniper_canonical_top3_sltp,201,1523752,1523754,-1,84606.2,84606.68106060606,0.48106060606060186,4.810606060606019,sl,2.0,-0.0850872606060637,0.0846062,5.0,fvg,0.001,-0.16969346060606372
2025-04,B_n_5x60,dual,dual_entry_vs_sniper_canonical_top3_sltp,202,1541534,1541534,1,84846.1,84845.61041666668,0.4895833333333333,4.895833333333333,sl,0.0,-0.08533568333332849,0.08484610000000001,5.0,ifvg,0.001,-0.1701817833333285
2025-04,B_n_5x60,dual,dual_entry_vs_sniper_canonical_top3_sltp,203,1541534,1541534,1,84869.6,84868.62083333333,0.9791666666666666,9.791666666666666,sl,0.0,-0.08584876666667152,0.0848696,5.0,ifvg,0.001,-0.1707183666666715
2025-04,B_n_5x60,dual,dual_entry_vs_sniper_canonical_top3_sltp,204,1541534,1541577,-1,84824.9,84870.1,235.0,2820.0,inv,43.0,-0.13002490000001163,0.0848249,5.0,ifvg_clean,0.001,-0.21484980000001164
2025-04,B_n_5x60,dual,dual_entry_vs_sniper_canonical_top3_sltp,205,1542132,1542132,1,84822.6,84823.6,0.1,1.0,tp,0.0,-0.08382260000000001,0.08482260000000001,5.0,ifvg,0.001,-0.16864520000000002
2025-04,B_n_5x60,dual,dual_entry_vs_sniper_canonical_top3_sltp,206,1701779,1701779,-1,87438.8,87439.76062992126,0.9606299212598335,9.606299212598335,inv,0.0,-0.08839942992126099,0.0874388,5.0,ifvg,0.001,-0.17583822992126097
2025-04,B_n_5x60,dual,dual_entry_vs_sniper_canonical_top3_sltp,207,1701779,1702010,1,87439.7,87317.70000000003,121.9999999999709,1463.9999999996508,sl,231.0,-0.20943969999997092,0.08743970000000001,5.0,ifvg_clean,0.001,-0.2968793999999709
2025-04,B_n_5x60,dual,dual_entry_vs_sniper_canonical_top3_sltp,208,1702239,1702239,-1,87463.2,87463.3,0.1,1.0,inv,0.0,-0.08756320000000582,0.0874632,5.0,ifvg,0.001,-0.17502640000000583
2025-04,B_n_5x60,dual,dual_entry_vs_sniper_canonical_top3_sltp,209,1702239,1702239,-1,87451.0,87451.48031496063,0.48031496062991674,4.803149606299168,sl,0.0,-0.0879313149606305,0.08745100000000001,5.0,ifvg,0.001,-0.1753823149606305
2025-04,B_n_5x60,dual,dual_entry_vs_sniper_canonical_top3_sltp,210,1734044,1734044,-1,86677.0,86677.96884735202,0.9688473520249278,9.688473520249278,sl,0.0,-0.08764584735202184,0.086677,5.0,fvg,0.001,-0.17432284735202186
2025-04,B_n_5x60,dual,dual_entry_vs_sniper_canonical_top3_sltp,211,1734053,1734053,-1,86692.55,86687.70576323988,0.4844236760124639,4.844236760124639,tp,0.0,-0.08184831323987626,0.08669255000000001,5.0,fvg,0.001,-0.16854086323987627
2025-04,B_n_5x60,dual,dual_entry_vs_sniper_canonical_top3_sltp,212,1734056,1734056,-1,86708.1,86707.1,0.1,1.0,tp,0.0,-0.08570810000000001,0.08670810000000001,5.0,fvg,0.001,-0.17241620000000002
2025-04,B_n_5x60,dual,dual_entry_vs_sniper_canonical_top3_sltp,213,1743871,1743871,-1,87391.0,87391.1,0.1,1.0,inv,0.0,-0.08749100000000583,0.08739100000000001,5.0,ifvg,0.001,-0.17488200000000584
2025-04,B_n_5x60,dual,dual_entry_vs_sniper_canonical_top3_sltp,214,1743871,1743871,-1,87301.5,87301.99722222223,0.49722222222222223,4.972222222222222,sl,0.0,-0.08779872222222772,0.0873015,5.0,ifvg,0.001,-0.1751002222222277
2025-04,B_n_5x60,dual,dual_entry_vs_sniper_canonical_top3_sltp,215,1743871,1743871,-1,87212.0,87212.99444444444,0.9944444444444445,9.944444444444445,sl,0.0,-0.0882064444444409,0.08721200000000001,5.0,ifvg,0.001,-0.1754184444444409
2025-04,B_n_5x60,dual,dual_entry_vs_sniper_canonical_top3_sltp,216,1747797,1747797,1,87932.65,87932.16858736059,0.48141263940494,4.8141263940494,sl,0.0,-0.08841406263940488,0.08793265,5.0,ifvg,0.001,-0.17634671263940488
2025-04,B_n_5x60,dual,dual_entry_vs_sniper_canonical_top3_sltp,217,1747797,1747797,1,87945.6,87944.6371747212,0.962825278810421,9.62825278810421,sl,0.0,-0.08890842527880977,0.08794560000000001,5.0,ifvg,0.001,-0.17685402527880978
2025-04,B_n_5x60,dual,dual_entry_vs_sniper_canonical_top3_sltp,218,1747808,1747808,1,87919.7,87920.7,0.1,1.0,tp,0.0,-0.0869197,0.0879197,5.0,ifvg,0.001,-0.1748394
2025-04,B_n_5x60,dual,dual_entry_vs_sniper_canonical_top3_sltp,219,1747797,1747813,-1,87927.6,87946.1,129.50000000004366,1554.0000000005239,inv,16.0,-0.10642760000000001,0.08792760000000001,5.0,ifvg_clean,0.001,-0.1943552
2025-04,B_n_5x60,dual,dual_entry_vs_sniper_canonical_top3_sltp,220,1748294,1748294,-1,88080.2,88080.3,0.1,1.0,inv,0.0,-0.08818020000000583,0.08808020000000001,5.0,ifvg,0.001,-0.17626040000000584
2025-04,B_n_5x60,dual,dual_entry_vs_sniper_canonical_top3_sltp,221,1748294,1748294,-1,88063.6,88064.08538011696,0.48538011695885036,4.853801169588504,sl,0.0,-0.088548980116952,0.0880636,5.0,ifvg,0.001,-0.17661258011695202
2025-04,B_n_5x60,dual,dual_entry_vs_sniper_canonical_top3_sltp,222,1748294,1748294,-1,88047.0,88047.97076023392,0.9707602339181262,9.707602339181262,sl,0.0,-0.08901776023391855,0.088047,5.0,ifvg,0.001,-0.17706476023391854
2025-04,B_n_5x60,dual,dual_entry_vs_sniper_canonical_top3_sltp,223,1748294,1749627,1,88066.7,87900.70000000001,165.99999999998545,1991.9999999998254,sl,1333.0,-0.25406669999998543,0.0880667,5.0,ifvg_clean,0.001,-0.34213339999998543
2025-04,B_n_5x60,dual,dual_entry_vs_sniper_canonical_top3_sltp,224,1743871,1754330,1,87390.6,86495.6,895.0,10740.0,sl,10464.0,-0.9823906,0.08739060000000001,5.0,ifvg_clean,0.001,-1.0697812
2025-04,B_n_5x60,dual,dual_entry_vs_sniper_canonical_top3_sltp,225,1754487,1754487,-1,86512.8,86513.79075785582,0.9907578558225506,9.907578558225506,sl,0.0,-0.08750355785581954,0.0865128,5.0,fvg,0.001,-0.17401635785581954
2025-04,B_n_5x60,dual,dual_entry_vs_sniper_canonical_top3_sltp,226,1754492,1754492,-1,86566.4,86561.44621072088,0.4953789279113425,4.953789279113425,tp,0.0,-0.08161261072088775,0.0865664,5.0,fvg,0.001,-0.16817901072088776
2025-04,B_n_5x60,dual,dual_entry_vs_sniper_canonical_top3_sltp,227,1754586,1754586,-1,86620.0,86619.0,0.1,1.0,tp,0.0,-0.08562,0.08662,5.0,fvg,0.001,-0.17224
2025-04,B_n_5x60,dual,dual_entry_vs_sniper_canonical_top3_sltp,228,1755274,1755274,1,86947.15,86946.65515995871,0.49484004127959513,4.9484004127959516,inv,0.0,-0.08744199004128317,0.08694715,5.0,ifvg,0.001,-0.17438914004128317
2025-04,B_n_5x60,dual,dual_entry_vs_sniper_canonical_top3_sltp,229,1755274,1755274,1,86995.1,86994.11031991744,0.9896800825593405,9.896800825593404,sl,0.0,-0.08798478008256634,0.0869951,5.0,ifvg,0.001,-0.17497988008256635
2025-04,B_n_5x60,dual,dual_entry_vs_sniper_canonical_top3_sltp,230,1755396,1755396,1,86899.2,86899.09999999999,0.1,1.0,inv,0.0,-0.08699920000000581,0.0868992,5.0,ifvg,0.001,-0.1738984000000058
2025-04,B_n_5x60,dual,dual_entry_vs_sniper_canonical_top3_sltp,231,1755274,1763354,-1,86899.9,87379.40000000004,479.50000000004366,5754.000000000524,sl,8109.0,-0.5663999000000437,0.0868999,5.0,ifvg_clean,0.001,-0.6532998000000437
2025-04,B_n_5x60,dual,dual_entry_vs_sniper_canonical_top3_sltp,232,1782623,1782623,-1,87533.5,87533.99163879598,0.49163879598662047,4.916387959866205,inv,0.0,-0.088025138795982,0.0875335,5.0,ifvg,0.001,-0.175558638795982
2025-04,B_n_5x60,dual,dual_entry_vs_sniper_canonical_top3_sltp,233,1782623,1782623,-1,87504.1,87505.08327759198,0.9832775919732409,9.83277591973241,sl,0.0,-0.08848737759197857,0.08750410000000002,5.0,ifvg,0.001,-0.17599147759197858
2025-04,B_n_5x60,dual,dual_entry_vs_sniper_canonical_top3_sltp,234,1782624,1782624,-1,87562.9,87563.0,0.1,1.0,inv,0.0,-0.08766290000000582,0.0875629,5.0,ifvg,0.001,-0.17522580000000582
2025-04,B_n_5x60,dual,dual_entry_vs_sniper_canonical_top3_sltp,235,1788501,1788501,1,87916.4,87915.40727802037,0.9927219796215426,9.927219796215427,sl,0.0,-0.08890912197962272,0.08791639999999999,5.0,fvg,0.001,-0.1768255219796227
2025-04,B_n_5x60,dual,dual_entry_vs_sniper_canonical_top3_sltp,236,1790178,1790178,1,87848.2,87847.70363901019,0.4963609898107713,4.9636098981077135,sl,0.0,-0.08834456098981136,0.0878482,5.0,fvg,0.001,-0.17619276098981135
2025-04,B_n_5x60,dual,dual_entry_vs_sniper_canonical_top3_sltp,237,1824131,1824131,-1,88563.8,88564.79100719425,0.9910071942446042,9.910071942446042,sl,0.0,-0.08955480719424314,0.0885638,5.0,fvg,0.001,-0.17811860719424313
2025-04,B_n_5x60,dual,dual_entry_vs_sniper_canonical_top3_sltp,238,1824147,1824147,-1,88618.9,88613.94496402876,0.49550359712236747,4.9550359712236745,tp,0.0,-0.08366386402876975,0.0886189,5.0,fvg,0.001,-0.17228276402876974
2025-04,B_n_5x60,dual,dual_entry_vs_sniper_canonical_top3_sltp,239,1824152,1824152,-1,88674.0,88673.0,0.1,1.0,tp,0.0,-0.087674,0.088674,5.0,fvg,0.001,-0.176348
2025-04,B_n_5x60,dual,dual_entry_vs_sniper_canonical_top3_sltp,240,1825165,1825165,1,88934.7,88933.70900090008,0.9909990999099904,9.909990999099904,sl,0.0,-0.08992569909991491,0.08893469999999999,5.0,fvg,0.001,-0.1788603990999149
2025-04,B_n_5x60,dual,dual_entry_vs_sniper_canonical_top3_sltp,241,1827401,1827401,-1,89688.4,89688.88427672956,0.48427672955997864,4.842767295599787,inv,0.0,-0.09017267672956314,0.0896884,5.0,ifvg,0.001,-0.17986107672956314
2025-04,B_n_5x60,dual,dual_entry_vs_sniper_canonical_top3_sltp,242,1827401,1827401,-1,89673.0,89673.96855345913,0.9685534591194996,9.685534591194996,sl,0.0,-0.09064155345912628,0.089673,5.0,ifvg,0.001,-0.18031455345912628
2025-04,B_n_5x60,dual,dual_entry_vs_sniper_canonical_top3_sltp,243,1827419,1827419,-1,89703.8,89703.90000000001,0.1,1.0,inv,0.0,-0.08980380000000582,0.0897038,5.0,ifvg,0.001,-0.17950760000000582
2025-04,B_n_5x60,dual,dual_entry_vs_sniper_canonical_top3_sltp,244,1828160,1828160,-1,90155.95,90156.43933901918,0.48933901918976414,4.893390191897641,inv,0.0,-0.09064528901918646,0.09015595000000001,5.0,ifvg,0.001,-0.1808012390191865
2025-04,B_n_5x60,dual,dual_entry_vs_sniper_canonical_top3_sltp,245,1828160,1828160,-1,90133.0,90133.97867803837,0.9786780383795283,9.786780383795282,sl,0.0,-0.09111167803837288,0.09013299999999999,5.0,ifvg,0.001,-0.18124467803837285
2025-04,B_n_5x60,dual,dual_entry_vs_sniper_canonical_top3_sltp,246,1828161,1828161,-1,90178.9,90179.0,0.1,1.0,inv,0.0,-0.09027890000000582,0.0901789,5.0,ifvg,0.001,-0.18045780000000583
2025-04,B_n_5x60,dual,dual_entry_vs_sniper_canonical_top3_sltp,247,1828160,1828584,1,90174.0,89944.50000000003,229.4999999999709,2753.9999999996508,sl,424.0,-0.3196739999999709,0.090174,5.0,ifvg_clean,0.001,-0.4098479999999709
2025-04,B_n_5x60,dual,dual_entry_vs_sniper_canonical_top3_sltp,248,1828707,1828707,-1,89954.45,89954.94306518724,0.4930651872399451,4.930651872399451,inv,0.0,-0.09044751518724187,0.08995444999999999,5.0,ifvg,0.001,-0.18040196518724186
2025-04,B_n_5x60,dual,dual_entry_vs_sniper_canonical_top3_sltp,249,1828707,1828707,-1,89918.9,89919.88613037448,0.9861303744798902,9.861303744798901,sl,0.0,-0.09090503037448376,0.0899189,5.0,ifvg,0.001,-0.18082393037448374
2025-04,B_n_5x60,dual,dual_entry_vs_sniper_canonical_top3_sltp,250,1828729,1828729,-1,89990.0,89990.1,0.1,1.0,inv,0.0,-0.09009000000000582,0.08999,5.0,ifvg,0.001,-0.18008000000000582
2025-04,B_n_5x60,dual,dual_entry_vs_sniper_canonical_top3_sltp,251,1829202,1829202,-1,90119.8,90119.90000000001,0.1,1.0,inv,0.0,-0.09021980000000582,0.0901198,5.0,ifvg,0.001,-0.18033960000000582
2025-04,B_n_5x60,dual,dual_entry_vs_sniper_canonical_top3_sltp,252,1829202,1829202,-1,90084.8,90085.29295774648,0.49295774647887325,4.929577464788732,sl,0.0,-0.09057775774647908,0.0900848,5.0,ifvg,0.001,-0.1806625577464791
2025-04,B_n_5x60,dual,dual_entry_vs_sniper_canonical_top3_sltp,253,1829202,1829202,-1,90049.8,90050.78591549296,0.9859154929577465,9.859154929577464,sl,0.0,-0.09103571549295816,0.09004980000000001,5.0,ifvg,0.001,-0.18108551549295818
2025-04,B_n_5x60,dual,dual_entry_vs_sniper_canonical_top3_sltp,254,1830144,1830144,1,90322.04999999999,90321.56597444088,0.48402555910520034,4.840255591052004,sl,0.0,-0.0908060755591116,0.09032204999999999,5.0,ifvg,0.001,-0.1811281255591116
2025-04,B_n_5x60,dual,dual_entry_vs_sniper_canonical_top3_sltp,255,1830144,1830144,1,90337.2,90336.23194888179,0.9680511182108655,9.680511182108656,sl,0.0,-0.09130525111820867,0.09033719999999999,5.0,ifvg,0.001,-0.18164245111820865
2025-04,B_n_5x60,dual,dual_entry_vs_sniper_canonical_top3_sltp,256,1830144,1830152,-1,90318.3,90337.7,151.50000000001455,1818.0000000001746,inv,8.0,-0.10971829999999419,0.0903183,5.0,ifvg_clean,0.001,-0.20003659999999418
2025-04,B_n_5x60,dual,dual_entry_vs_sniper_canonical_top3_sltp,257,1830167,1830167,1,90306.9,90307.9,0.1,1.0,tp,0.0,-0.0893069,0.0903069,5.0,ifvg,0.001,-0.1796138
2025-04,B_n_5x60,dual,dual_entry_vs_sniper_canonical_top3_sltp,258,1832158,1832158,-1,90627.7,90628.18031496063,0.48031496062991674,4.803149606299168,inv,0.0,-0.09110801496063049,0.0906277,5.0,ifvg,0.001,-0.1817357149606305
2025-04,B_n_5x60,dual,dual_entry_vs_sniper_canonical_top3_sltp,259,1832158,1832158,-1,90615.5,90616.46062992126,0.9606299212598335,9.606299212598335,sl,0.0,-0.09157612992126099,0.0906155,5.0,ifvg,0.001,-0.18219162992126098
2025-04,B_n_5x60,dual,dual_entry_vs_sniper_canonical_top3_sltp,260,1832160,1832160,-1,90639.9,90640.0,0.1,1.0,inv,0.0,-0.09073990000000581,0.0906399,5.0,ifvg,0.001,-0.1813798000000058
2025-04,B_n_5x60,dual,dual_entry_vs_sniper_canonical_top3_sltp,261,1782623,1832666,1,87553.5,91081.4999999993,293.9999999999418,3527.9999999993015,tp,50357.0,3.4404464999993016,0.0875535,5.0,ifvg_clean,0.001,3.352892999999302
2025-04,B_n_5x60,dual,dual_entry_vs_sniper_canonical_top3_sltp,262,1832158,1834903,1,90633.2,90511.20000000003,121.9999999999709,1463.9999999996508,sl,2745.0,-0.2126331999999709,0.09063320000000001,5.0,ifvg_clean,0.001,-0.3032663999999709
2025-04,B_n_5x60,dual,dual_entry_vs_sniper_canonical_top3_sltp,263,1835750,1835750,1,90554.6,90553.62252252254,0.9774774774774819,9.77477477477482,sl,0.0,-0.09153207747747054,0.09055460000000001,5.0,fvg,0.001,-0.18208667747747054
2025-04,B_n_5x60,dual,dual_entry_vs_sniper_canonical_top3_sltp,264,1836045,1836045,-1,90950.0,90950.99011857707,0.9901185770750985,9.901185770750985,sl,0.0,-0.09194011857707228,0.09095,5.0,fvg,0.001,-0.18289011857707227
2025-04,B_n_5x60,dual,dual_entry_vs_sniper_canonical_top3_sltp,265,1841502,1841502,-1,91000.1,90995.14940711463,0.4950592885374774,4.950592885374774,tp,0.0,-0.08604950711462404,0.0910001,5.0,fvg,0.001,-0.17704960711462403
2025-04,B_n_5x60,dual,dual_entry_vs_sniper_canonical_top3_sltp,266,1841520,1841520,-1,91050.2,91049.2,0.1,1.0,tp,0.0,-0.09005020000000001,0.09105020000000001,5.0,fvg,0.001,-0.18110040000000002
2025-04,B_n_5x60,dual,dual_entry_vs_sniper_canonical_top3_sltp,267,1842366,1842366,1,91192.25,91191.76291989665,0.487080103359177,4.87080103359177,sl,0.0,-0.09167933010335395,0.09119225,5.0,ifvg,0.001,-0.18287158010335397
2025-04,B_n_5x60,dual,dual_entry_vs_sniper_canonical_top3_sltp,268,1842366,1842366,1,91211.1,91210.12583979328,0.974160206718354,9.74160206718354,sl,0.0,-0.09218526020672245,0.0912111,5.0,ifvg,0.001,-0.18339636020672245
2025-04,B_n_5x60,dual,dual_entry_vs_sniper_canonical_top3_sltp,269,1842367,1842367,1,91173.4,91174.4,0.1,1.0,tp,0.0,-0.0901734,0.0911734,5.0,ifvg,0.001,-0.1813468
2025-04,B_n_5x60,dual,dual_entry_vs_sniper_canonical_top3_sltp,270,1842366,1842397,-1,91176.1,91211.6,188.5000000000582,2262.0000000006985,inv,31.0,-0.1266761,0.09117610000000001,5.0,ifvg_clean,0.001,-0.21785220000000002
2025-04,B_n_5x60,dual,dual_entry_vs_sniper_canonical_top3_sltp,271,1827401,1843295,1,89684.3,91532.30000000018,154.00000000001455,1848.0000000001746,tp,15901.0,1.7583157000001746,0.08968430000000001,5.0,ifvg_clean,0.001,1.6686314000001745
2025-04,B_n_5x60,dual,dual_entry_vs_sniper_canonical_top3_sltp,272,1851442,1851442,1,91272.0,91271.04347826086,0.9565217391304348,9.565217391304348,inv,0.0,-0.0922285217391355,0.091272,5.0,ifvg,0.001,-0.1835005217391355
2025-04,B_n_5x60,dual,dual_entry_vs_sniper_canonical_top3_sltp,273,1851452,1851452,1,91250.0,91249.9,0.1,1.0,inv,0.0,-0.09135000000000582,0.09125,5.0,ifvg,0.001,-0.1826000000000058
2025-04,B_n_5x60,dual,dual_entry_vs_sniper_canonical_top3_sltp,274,1851452,1851452,1,91261.0,91265.78260869565,0.4782608695652174,4.782608695652174,tp,0.0,-0.08647839130435162,0.091261,5.0,ifvg,0.001,-0.17773939130435162
2025-04,B_n_5x60,dual,dual_entry_vs_sniper_canonical_top3_sltp,275,1851442,1855028,-1,91268.0,91378.0,110.0,1320.0,sl,3689.0,-0.201268,0.091268,5.0,ifvg_clean,0.001,-0.292536
2025-04,B_n_5x60,dual,dual_entry_vs_sniper_canonical_top3_sltp,276,1855437,1855437,1,91522.2,91522.09999999999,0.1,1.0,sl,0.0,-0.09162220000000582,0.0915222,5.0,ifvg,0.001,-0.1831444000000058
2025-04,B_n_5x60,dual,dual_entry_vs_sniper_canonical_top3_sltp,277,1855437,1855437,1,91544.29999999999,91543.8110619469,0.48893805309718347,4.889380530971835,sl,0.0,-0.09203323805309489,0.0915443,5.0,ifvg,0.001,-0.1835775380530949
2025-04,B_n_5x60,dual,dual_entry_vs_sniper_canonical_top3_sltp,278,1855437,1855437,1,91566.4,91565.4221238938,0.9778761061946889,9.77876106194689,sl,0.0,-0.0925442761061898,0.0915664,5.0,ifvg,0.001,-0.1841106761061898
2025-04,B_n_5x60,dual,dual_entry_vs_sniper_canonical_top3_sltp,279,1855437,1855728,-1,91503.0,91566.9,220.99999999998545,2651.9999999998254,inv,291.0,-0.15540299999999418,0.091503,5.0,ifvg_clean,0.001,-0.24690599999999419
2025-04,B_n_5x60,dual,dual_entry_vs_sniper_canonical_top3_sltp,280,1828707,1893315,1,89975.4,94241.40000000034,355.5000000000291,4266.000000000349,tp,64815.0,4.176024600000349,0.0899754,5.0,ifvg_clean,0.001,4.086049200000349
2025-04,B_n_5x60,dual,dual_entry_vs_sniper_canonical_top3_sltp,281,1829202,1894262,1,90108.7,94308.7,350.0,4200.0,tp,65270.0,4.1098913,0.0901087,5.0,ifvg_clean,0.001,4.0197826
2025-04,B_n_5x60,dual,dual_entry_vs_sniper_canonical_top3_sltp,282,1920648,1920648,1,92337.0,92336.51063829787,0.48936170212765956,4.8936170212765955,inv,0.0,-0.09282636170212982,0.092337,5.0,ifvg,0.001,-0.18516336170212983
2025-04,B_n_5x60,dual,dual_entry_vs_sniper_canonical_top3_sltp,283,1920648,1920648,1,92360.0,92359.02127659574,0.9787234042553191,9.787234042553191,sl,0.0,-0.09333872340425965,0.09236,5.0,ifvg,0.001,-0.18569872340425964
2025-04,B_n_5x60,dual,dual_entry_vs_sniper_canonical_top3_sltp,284,1920657,1920657,1,92314.0,92313.9,0.1,1.0,inv,0.0,-0.09241400000000582,0.09231400000000001,5.0,ifvg,0.001,-0.18472800000000583
2025-04,B_n_5x60,dual,dual_entry_vs_sniper_canonical_top3_sltp,285,1920648,1920883,-1,92320.0,92550.0,230.0,2760.0,sl,235.0,-0.32232000000000005,0.09232000000000001,5.0,ifvg_clean,0.001,-0.41464000000000006
2025-04,B_n_5x60,dual,dual_entry_vs_sniper_canonical_top3_sltp,286,1921919,1921919,-1,92863.15,92863.6353372434,0.48533724340196915,4.8533724340196915,sl,0.0,-0.09334848724340085,0.09286314999999999,5.0,fvg,0.001,-0.18621163724340084
2025-04,B_n_5x60,dual,dual_entry_vs_sniper_canonical_top3_sltp,287,1921919,1921919,-1,92846.6,92847.57067448681,0.9706744868035115,9.706744868035116,sl,0.0,-0.09381727448680174,0.09284660000000002,5.0,fvg,0.001,-0.18666387448680177
2025-04,B_n_5x60,dual,dual_entry_vs_sniper_canonical_top3_sltp,288,1921920,1921920,-1,92879.7,92878.7,0.1,1.0,tp,0.0,-0.0918797,0.0928797,5.0,fvg,0.001,-0.1847594
2025-04,B_n_5x60,dual,dual_entry_vs_sniper_canonical_top3_sltp,289,1981970,1981970,1,91820.8,91819.81953125,0.9804687499999989,9.80468749999999,sl,0.0,-0.09280126875000001,0.09182080000000001,5.0,fvg,0.001,-0.18462206875000003
2025-04,B_n_5x60,dual,dual_entry_vs_sniper_canonical_top3_sltp,290,2014022,2014022,-1,92724.70000000001,92725.18563218392,0.4856321839078381,4.85632183907838,sl,0.0,-0.09321033218390339,0.09272470000000002,5.0,ifvg,0.001,-0.1859350321839034
2025-04,B_n_5x60,dual,dual_entry_vs_sniper_canonical_top3_sltp,291,2014022,2014022,-1,92707.8,92708.77126436782,0.9712643678160943,9.712643678160942,sl,0.0,-0.09367906436782128,0.0927078,5.0,ifvg,0.001,-0.1863868643678213
2025-04,B_n_5x60,dual,dual_entry_vs_sniper_canonical_top3_sltp,292,2014025,2014025,-1,92741.6,92740.6,0.1,1.0,tp,0.0,-0.0917416,0.09274160000000001,5.0,ifvg,0.001,-0.1844832
2025-04,B_n_5x60,dual,dual_entry_vs_sniper_canonical_top3_sltp,293,2014022,2014068,1,92736.1,92707.3,169.00000000001455,2028.0000000001746,inv,46.0,-0.12153610000000292,0.09273610000000002,5.0,ifvg_clean,0.001,-0.21427220000000294
2025-04,B_n_5x60,dual,dual_entry_vs_sniper_canonical_top3_sltp,294,2036533,2036533,-1,93499.9,93500.0,0.1,1.0,inv,0.0,-0.09359990000000581,0.0934999,5.0,ifvg,0.001,-0.1870998000000058
2025-04,B_n_5x60,dual,dual_entry_vs_sniper_canonical_top3_sltp,295,2036533,2036533,-1,93488.79999999999,93489.27844827586,0.47844827586237987,4.784482758623799,sl,0.0,-0.09396724827586958,0.09348879999999998,5.0,ifvg,0.001,-0.18745604827586956
2025-04,B_n_5x60,dual,dual_entry_vs_sniper_canonical_top3_sltp,296,2036533,2036533,-1,93477.7,93478.65689655172,0.9568965517241326,9.568965517241326,sl,0.0,-0.09443459655172463,0.0934777,5.0,ifvg,0.001,-0.18791229655172464
2025-04,B_n_5x60,dual,dual_entry_vs_sniper_canonical_top3_sltp,297,2036533,2043635,1,93499.9,93388.90000000001,110.99999999998545,1331.9999999998254,sl,7161.0,-0.20449989999998544,0.0934999,5.0,ifvg_clean,0.001,-0.29799979999998544
2025-04,B_n_5x60,dual,dual_entry_vs_sniper_canonical_top3_sltp,298,2053144,2053144,1,92991.7,92991.59999999999,0.1,1.0,inv,0.0,-0.09309170000000581,0.0929917,5.0,ifvg,0.001,-0.1860834000000058
2025-04,B_n_5x60,dual,dual_entry_vs_sniper_canonical_top3_sltp,299,2053144,2053144,1,93032.54999999999,93032.0560459492,0.49395405078588517,4.939540507858852,sl,0.0,-0.09352650405079121,0.09303254999999999,5.0,ifvg,0.001,-0.1865590540507912
2025-04,B_n_5x60,dual,dual_entry_vs_sniper_canonical_top3_sltp,300,2053144,2053144,1,93073.4,93072.41209189843,0.9879081015719463,9.879081015719462,sl,0.0,-0.09406130810156789,0.0930734,5.0,ifvg,0.001,-0.1871347081015679
2025-04,B_n_5x60,dual,dual_entry_vs_sniper_canonical_top3_sltp,301,2053144,2058589,-1,92988.2,93396.69999999998,408.49999999998545,4901.999999999825,sl,5578.0,-0.5014881999999854,0.0929882,5.0,ifvg_clean,0.001,-0.5944763999999854
2025-04,B_n_5x60,dual,dual_entry_vs_sniper_canonical_top3_sltp,302,2289560,2289560,1,93271.4,93270.91984126983,0.48015873015843913,4.801587301584391,inv,0.0,-0.09375155873016267,0.0932714,5.0,ifvg,0.001,-0.18702295873016267
2025-04,B_n_5x60,dual,dual_entry_vs_sniper_canonical_top3_sltp,303,2289560,2289560,1,93283.5,93282.53968253969,0.9603174603174558,9.603174603174558,sl,0.0,-0.09424381746031077,0.0932835,5.0,ifvg,0.001,-0.18752731746031076
2025-04,B_n_5x60,dual,dual_entry_vs_sniper_canonical_top3_sltp,304,2289598,2289598,1,93259.3,93259.2,0.1,1.0,inv,0.0,-0.09335930000000583,0.09325930000000002,5.0,ifvg,0.001,-0.18661860000000585
2025-04,B_n_5x60,dual,dual_entry_vs_sniper_canonical_top3_sltp,305,2293274,2293274,1,93104.8,93104.34385964913,0.4561403508771706,4.561403508771706,sl,0.0,-0.09356094035087056,0.09310480000000002,5.0,fvg,0.001,-0.18666574035087058
2025-04,B_n_5x60,dual,dual_entry_vs_sniper_canonical_top3_sltp,306,2293274,2293274,1,93110.0,93109.08771929824,0.9122807017543412,9.122807017543412,sl,0.0,-0.09402228070175567,0.09311,5.0,fvg,0.001,-0.18713228070175567
2025-04,B_n_5x60,dual,dual_entry_vs_sniper_canonical_top3_sltp,307,2289560,2294059,-1,93260.5,93381.49999999999,120.99999999998545,1451.9999999998254,sl,4503.0,-0.21426049999998548,0.09326050000000001,5.0,ifvg_clean,0.001,-0.3075209999999855
2025-04,B_n_5x60,dual,dual_entry_vs_sniper_canonical_top3_sltp,308,2331748,2331748,-1,95377.2,95378.19032882011,0.990328820116055,9.903288201160551,sl,0.0,-0.0963675288201167,0.09537720000000001,5.0,fvg,0.001,-0.19174472882011673
2025-04,B_n_5x60,dual,dual_entry_vs_sniper_canonical_top3_sltp,309,2331921,2331921,-1,95428.4,95423.44835589941,0.49516441005809786,4.951644100580978,tp,0.0,-0.09047675589941649,0.0954284,5.0,fvg,0.001,-0.18590515589941647
2025-04,B_n_5x60,dual,dual_entry_vs_sniper_canonical_top3_sltp,310,2339294,2339294,1,94015.9,94015.79999999999,0.1,1.0,inv,0.0,-0.09411590000000582,0.0940159,5.0,ifvg,0.001,-0.18813180000000582
2025-04,B_n_5x60,dual,dual_entry_vs_sniper_canonical_top3_sltp,311,2339294,2339294,1,94057.95,94057.45587544066,0.4941245593419511,4.941245593419511,sl,0.0,-0.09455207455933634,0.09405795,5.0,ifvg,0.001,-0.18861002455933634
2025-04,B_n_5x60,dual,dual_entry_vs_sniper_canonical_top3_sltp,312,2339294,2339294,1,94100.0,94099.01175088131,0.9882491186839022,9.882491186839022,sl,0.0,-0.09508824911868725,0.09410000000000002,5.0,ifvg,0.001,-0.18918824911868726
2025-04,B_n_5x60,dual,dual_entry_vs_sniper_canonical_top3_sltp,313,2339294,2353073,-1,94004.4,94424.90000000002,420.5000000000291,5046.000000000349,sl,13913.0,-0.5145044000000292,0.09400439999999999,5.0,ifvg_clean,0.001,-0.6085088000000292
2025-04,B_n_5x60,dual,dual_entry_vs_sniper_canonical_top3_sltp,314,2429707,2429707,1,95244.75,95244.258,0.492,4.92,sl,0.0,-0.09573674999999837,0.09524475,5.0,ifvg,0.001,-0.19098149999999836
2025-04,B_n_5x60,dual,dual_entry_vs_sniper_canonical_top3_sltp,315,2429707,2429707,1,95275.5,95274.516,0.984,9.84,sl,0.0,-0.09625949999999675,0.09527550000000001,5.0,ifvg,0.001,-0.19153499999999676
2025-04,B_n_5x60,dual,dual_entry_vs_sniper_canonical_top3_sltp,316,2429708,2429708,1,95214.0,95215.0,0.1,1.0,tp,0.0,-0.094214,0.09521400000000001,5.0,ifvg,0.001,-0.189428
2025-04,B_n_5x60,dual,dual_entry_vs_sniper_canonical_top3_sltp,317,2429707,2429868,-1,95218.8,95276.0,307.5,3690.0,inv,161.0,-0.1524187999999971,0.0952188,5.0,ifvg_clean,0.001,-0.24763759999999713
2025-04,B_n_5x60,dual,dual_entry_vs_sniper_canonical_top3_sltp,318,2431265,2431265,1,94983.9,94993.78492520137,0.988492520138089,9.88492520138089,tp,0.0,-0.08509897479862484,0.0949839,5.0,fvg,0.001,-0.18008287479862484
2025-04,B_n_5x60,dual,dual_entry_vs_sniper_canonical_top3_sltp,319,2432775,2432775,1,95124.0,95123.50883392226,0.4911660777385168,4.911660777385168,inv,0.0,-0.0956151660777434,0.095124,5.0,ifvg,0.001,-0.19073916607774338
2025-04,B_n_5x60,dual,dual_entry_vs_sniper_canonical_top3_sltp,320,2432775,2432775,1,95151.8,95150.81766784453,0.9823321554770336,9.823321554770336,sl,0.0,-0.09613413215547226,0.09515180000000001,5.0,ifvg,0.001,-0.19128593215547227
2025-04,B_n_5x60,dual,dual_entry_vs_sniper_canonical_top3_sltp,321,2433092,2433092,1,95096.2,95096.09999999999,0.1,1.0,inv,0.0,-0.09519620000000581,0.09509619999999999,5.0,ifvg,0.001,-0.1902924000000058
2025-04,B_n_5x60,dual,dual_entry_vs_sniper_canonical_top3_sltp,322,2432775,2434092,-1,95111.5,95389.50000000003,278.0000000000291,3336.0000000003492,sl,1342.0,-0.37311150000002913,0.09511150000000002,5.0,ifvg_clean,0.001,-0.46822300000002914
2025-04,B_n_5x60,dual,dual_entry_vs_sniper_canonical_top3_sltp,323,2469316,2469316,1,94986.1,94986.0,0.1,1.0,sl,0.0,-0.09508610000000582,0.0949861,5.0,ifvg,0.001,-0.19007220000000583
2025-04,B_n_5x60,dual,dual_entry_vs_sniper_canonical_top3_sltp,324,2469316,2469316,1,95010.9,95010.40988142292,0.4901185770749533,4.901185770749533,sl,0.0,-0.09550101857707227,0.0950109,5.0,ifvg,0.001,-0.19051191857707228
2025-04,B_n_5x60,dual,dual_entry_vs_sniper_canonical_top3_sltp,325,2469316,2469316,1,95035.7,95034.71976284585,0.9802371541501943,9.802371541501943,sl,0.0,-0.09601593715414457,0.0950357,5.0,ifvg,0.001,-0.19105163715414458
2025-04,B_n_5x60,dual,dual_entry_vs_sniper_canonical_top3_sltp,326,2469316,2472650,-1,94982.4,95036.2,247.99999999995634,2975.999999999476,inv,3447.0,-0.14878240000000292,0.0949824,5.0,ifvg_clean,0.001,-0.24376480000000292
2025-04,B_n_5x60,dual,dual_entry_vs_sniper_canonical_top3_sltp,327,2498952,2498952,-1,94679.9,94680.89028182701,0.9902818270165218,9.902818270165218,sl,0.0,-0.09567018182702022,0.0946799,5.0,fvg,0.001,-0.19035008182702023
2025-04,B_n_5x60,dual,dual_entry_vs_sniper_canonical_top3_sltp,328,2500615,2500615,1,94480.54999999999,94480.06901140683,0.480988593155619,4.80988593155619,inv,0.0,-0.09496153859316087,0.09448055,5.0,ifvg,0.001,-0.18944208859316086
2025-04,B_n_5x60,dual,dual_entry_vs_sniper_canonical_top3_sltp,329,2500615,2500615,1,94493.2,94492.23802281369,0.9619771863117913,9.619771863117913,sl,0.0,-0.0954551771863072,0.0944932,5.0,ifvg,0.001,-0.1899483771863072
2025-04,B_n_5x60,dual,dual_entry_vs_sniper_canonical_top3_sltp,330,2500693,2500693,1,94467.9,94467.79999999999,0.1,1.0,inv,0.0,-0.09456790000000583,0.09446790000000001,5.0,ifvg,0.001,-0.18903580000000583
2025-04,B_n_5x60,dual,dual_entry_vs_sniper_canonical_top3_sltp,331,2500615,2502133,-1,94476.6,94603.10000000002,126.50000000001455,1518.0000000001746,sl,1520.0,-0.22097660000001457,0.09447660000000001,5.0,ifvg_clean,0.001,-0.3154532000000146
2025-04,B_n_5x60,dual,dual_entry_vs_sniper_canonical_top3_sltp,332,2508922,2508922,1,93880.0,93879.51219512195,0.4878048780487805,4.878048780487805,inv,0.0,-0.09436780487805196,0.09387999999999999,5.0,ifvg,0.001,-0.18824780487805196
2025-04,B_n_5x60,dual,dual_entry_vs_sniper_canonical_top3_sltp,333,2508922,2508922,1,93900.0,93899.0243902439,0.975609756097561,9.75609756097561,sl,0.0,-0.09487560975610396,0.09390000000000001,5.0,ifvg,0.001,-0.18877560975610397
2025-04,B_n_5x60,dual,dual_entry_vs_sniper_canonical_top3_sltp,334,2508931,2508931,1,93860.0,93859.9,0.1,1.0,inv,0.0,-0.09396000000000582,0.09386,5.0,ifvg,0.001,-0.18782000000000582
2025-04,B_n_5x60,dual,dual_entry_vs_sniper_canonical_top3_sltp,335,2508922,2510416,-1,93870.5,94070.5,200.0,2400.0,sl,1500.0,-0.29387050000000003,0.09387050000000001,5.0,ifvg_clean,0.001,-0.38774100000000006
2025-04,B_n_5x60,dual,dual_entry_vs_sniper_canonical_top3_sltp,336,2512979,2512979,-1,93641.3,93641.77881355933,0.4788135593220391,4.7881355932203915,sl,0.0,-0.09412011355932623,0.0936413,5.0,ifvg,0.001,-0.18776141355932624
2025-04,B_n_5x60,dual,dual_entry_vs_sniper_canonical_top3_sltp,337,2512979,2512979,-1,93630.0,93630.95762711864,0.9576271186440782,9.576271186440783,sl,0.0,-0.0945876271186379,0.09362999999999999,5.0,ifvg,0.001,-0.18821762711863788
2025-04,B_n_5x60,dual,dual_entry_vs_sniper_canonical_top3_sltp,338,2512980,2512980,-1,93652.6,93651.6,0.1,1.0,tp,0.0,-0.0926526,0.0936526,5.0,ifvg,0.001,-0.1863052
2025-04,B_n_5x60,dual,dual_entry_vs_sniper_canonical_top3_sltp,339,2512979,2513017,1,93645.2,93629.5,113.0000000000291,1356.0000000003492,inv,38.0,-0.10934519999999709,0.0936452,5.0,ifvg_clean,0.001,-0.20299039999999707
2025-04,B_n_5x50,sniper_canonical,dual_entry_vs_sniper_canonical_top3_sltp,0,579342,652077,1,78116.4,78003.8,488.49999999998545,4884.9999999998545,inv,73024.0,-0.1907163999999913,0.0781164,5.0,ifvg_clean,0.001,-0.2688327999999913
2025-04,B_n_5x50,sniper_canonical,dual_entry_vs_sniper_canonical_top3_sltp,1,685131,685215,-1,74785.0,75060.0,275.0,2750.0,sl,84.0,-0.349785,0.074785,5.0,ifvg_clean,0.001,-0.42457
2025-04,B_n_5x50,sniper_canonical,dual_entry_vs_sniper_canonical_top3_sltp,2,722476,723640,-1,76115.3,76473.79999999999,358.49999999998545,3584.9999999998545,sl,1164.0,-0.43461529999998544,0.07611530000000001,5.0,ifvg_clean,0.001,-0.5107305999999855
2025-04,B_n_5x50,sniper_canonical,dual_entry_vs_sniper_canonical_top3_sltp,3,726477,726477,-1,76876.0,76889.7,188.49999999998545,1884.9999999998545,inv,0.0,-0.09057599999999709,0.076876,5.0,ifvg_clean,0.001,-0.1674519999999971
2025-04,B_n_5x50,sniper_canonical,dual_entry_vs_sniper_canonical_top3_sltp,4,729466,729471,-1,77348.8,77421.0,402.5,4025.0,inv,5.0,-0.1495487999999971,0.07734880000000001,5.0,ifvg_clean,0.001,-0.2268975999999971
2025-04,B_n_5x50,sniper_canonical,dual_entry_vs_sniper_canonical_top3_sltp,5,733840,733870,-1,76946.1,77102.60000000002,156.50000000001455,1565.0000000001455,sl,30.0,-0.23344610000001453,0.0769461,5.0,ifvg_clean,0.001,-0.31039220000001455
2025-04,B_n_5x50,sniper_canonical,dual_entry_vs_sniper_canonical_top3_sltp,6,735506,735542,1,77517.3,77425.5,470.0,4700.0,inv,36.0,-0.16931730000000292,0.07751730000000001,5.0,ifvg_clean,0.001,-0.24683460000000293
2025-04,B_n_5x50,sniper_canonical,dual_entry_vs_sniper_canonical_top3_sltp,7,737180,737306,1,77168.0,77129.9,228.0000000000291,2280.000000000291,inv,129.0,-0.11526800000000584,0.07716800000000001,5.0,ifvg_clean,0.001,-0.19243600000000585
2025-04,B_n_5x50,sniper_canonical,dual_entry_vs_sniper_canonical_top3_sltp,8,732178,739636,-1,77844.1,77874.5,125.99999999998545,1259.9999999998545,inv,7462.0,-0.1082440999999942,0.07784410000000001,5.0,ifvg_clean,0.001,-0.1860881999999942
2025-04,B_n_5x50,sniper_canonical,dual_entry_vs_sniper_canonical_top3_sltp,9,725360,740982,1,76392.0,78736.99999999971,234.4999999999709,2344.999999999709,tp,15627.0,2.268607999999709,0.076392,5.0,ifvg_clean,0.001,2.1922159999997093
2025-04,B_n_5x50,sniper_canonical,dual_entry_vs_sniper_canonical_top3_sltp,10,741966,741994,-1,77883.3,78003.7,215.99999999998545,2159.9999999998545,inv,28.0,-0.19828329999999417,0.0778833,5.0,ifvg_clean,0.001,-0.27616659999999416
2025-04,B_n_5x50,sniper_canonical,dual_entry_vs_sniper_canonical_top3_sltp,11,742005,742011,-1,78526.7,78573.9,260.0,2600.0,inv,6.0,-0.12572669999999708,0.0785267,5.0,ifvg_clean,0.001,-0.2042533999999971
2025-04,B_n_5x50,sniper_canonical,dual_entry_vs_sniper_canonical_top3_sltp,12,738141,742264,1,77720.1,80520.1,280.0,2800.0,tp,4125.0,2.7222799,0.0777201,5.0,ifvg_clean,0.001,2.6445598
2025-04,B_n_5x50,sniper_canonical,dual_entry_vs_sniper_canonical_top3_sltp,13,742004,742264,1,78295.3,80530.30000000058,223.5000000000582,2235.000000000582,tp,260.0,2.156704700000582,0.0782953,5.0,ifvg_clean,0.001,2.0784094000005817
2025-04,B_n_5x50,sniper_canonical,dual_entry_vs_sniper_canonical_top3_sltp,14,738817,742271,1,77579.1,80569.10000000015,299.00000000001455,2990.0000000001455,tp,3456.0,2.9124209000001455,0.07757910000000001,5.0,ifvg_clean,0.001,2.8348418000001456
2025-04,B_n_5x50,sniper_canonical,dual_entry_vs_sniper_canonical_top3_sltp,15,746114,746190,1,82677.8,82486.80000000002,190.99999999998545,1909.9999999998545,sl,76.0,-0.2736777999999855,0.08267780000000001,5.0,ifvg_clean,0.001,-0.3563555999999855
2025-04,B_n_5x50,sniper_canonical,dual_entry_vs_sniper_canonical_top3_sltp,16,751131,751139,-1,82357.3,82377.4,121.49999999994179,1214.999999999418,inv,8.0,-0.10245729999999129,0.08235730000000001,5.0,ifvg_clean,0.001,-0.18481459999999128
2025-04,B_n_5x50,sniper_canonical,dual_entry_vs_sniper_canonical_top3_sltp,17,757425,763844,1,82957.3,82814.8,142.5,1425.0,sl,6424.0,-0.22545730000000003,0.08295730000000001,5.0,ifvg_clean,0.001,-0.30841460000000004
2025-04,B_n_5x50,sniper_canonical,dual_entry_vs_sniper_canonical_top3_sltp,18,755703,765887,1,83085.3,82528.30000000003,556.9999999999709,5569.999999999709,sl,10192.0,-0.640085299999971,0.0830853,5.0,ifvg_clean,0.001,-0.723170599999971
2025-04,B_n_5x50,sniper_canonical,dual_entry_vs_sniper_canonical_top3_sltp,19,814568,814733,-1,81509.2,81653.69999999997,144.4999999999709,1444.999999999709,sl,165.0,-0.22600919999997088,0.08150919999999999,5.0,ifvg_clean,0.001,-0.3075183999999709
2025-04,B_n_5x50,sniper_canonical,dual_entry_vs_sniper_canonical_top3_sltp,20,827743,827991,1,78751.0,78633.4,597.0000000000437,5970.000000000437,inv,248.0,-0.19635100000000583,0.078751,5.0,ifvg_clean,0.001,-0.27510200000000584
2025-04,B_n_5x50,sniper_canonical,dual_entry_vs_sniper_canonical_top3_sltp,21,829552,829576,1,79173.2,79139.4,100.5000000000291,1005.000000000291,inv,24.0,-0.11297320000000291,0.0791732,5.0,ifvg_clean,0.001,-0.1921464000000029
2025-04,B_n_5x50,sniper_canonical,dual_entry_vs_sniper_canonical_top3_sltp,22,831687,831852,-1,79266.6,79466.6,200.0,2000.0,sl,165.0,-0.27926660000000003,0.0792666,5.0,ifvg_clean,0.001,-0.35853320000000005
2025-04,B_n_5x50,sniper_canonical,dual_entry_vs_sniper_canonical_top3_sltp,23,854638,854645,1,79415.7,79405.5,105.5000000000291,1055.000000000291,inv,7.0,-0.08961569999999709,0.0794157,5.0,ifvg_clean,0.001,-0.1690313999999971
2025-04,B_n_5x50,sniper_canonical,dual_entry_vs_sniper_canonical_top3_sltp,24,831600,854990,1,79236.5,79188.1,263.49999999998545,2634.9999999998545,inv,23803.0,-0.12763649999999419,0.0792365,5.0,ifvg_clean,0.001,-0.2068729999999942
2025-04,B_n_5x50,sniper_canonical,dual_entry_vs_sniper_canonical_top3_sltp,25,862409,862774,-1,80280.1,80339.1,255.5000000000291,2555.000000000291,inv,365.0,-0.13928010000000002,0.08028010000000001,5.0,ifvg_clean,0.001,-0.21956020000000004
2025-04,B_n_5x50,sniper_canonical,dual_entry_vs_sniper_canonical_top3_sltp,26,880686,880687,-1,80779.6,80808.3,189.00000000001455,1890.0000000001455,inv,1.0,-0.1094795999999971,0.08077960000000001,5.0,ifvg_clean,0.001,-0.1902591999999971
2025-04,B_n_5x50,sniper_canonical,dual_entry_vs_sniper_canonical_top3_sltp,27,870988,880965,1,80543.8,81853.80000000058,131.0000000000582,1310.000000000582,tp,10022.0,1.229456200000582,0.08054380000000001,5.0,ifvg_clean,0.001,1.148912400000582
2025-04,B_n_5x50,sniper_canonical,dual_entry_vs_sniper_canonical_top3_sltp,28,863815,889780,1,80627.9,82807.90000000029,218.0000000000291,2180.000000000291,tp,26029.0,2.099372100000291,0.0806279,5.0,ifvg_clean,0.001,2.018744200000291
2025-04,B_n_5x50,sniper_canonical,dual_entry_vs_sniper_canonical_top3_sltp,29,889177,890376,1,82690.8,82585.8,105.0,1050.0,sl,1199.0,-0.1876908,0.08269080000000001,5.0,ifvg_clean,0.001,-0.2703816
2025-04,B_n_5x50,sniper_canonical,dual_entry_vs_sniper_canonical_top3_sltp,30,896810,896850,-1,82286.5,82348.1,297.5,2975.0,inv,40.0,-0.14388650000000583,0.0822865,5.0,ifvg_clean,0.001,-0.22617300000000584
2025-04,B_n_5x50,sniper_canonical,dual_entry_vs_sniper_canonical_top3_sltp,31,905779,905827,1,82123.8,81985.5,736.9999999999709,7369.999999999709,inv,48.0,-0.22042380000000295,0.08212380000000001,5.0,ifvg_clean,0.001,-0.30254760000000297
2025-04,B_n_5x50,sniper_canonical,dual_entry_vs_sniper_canonical_top3_sltp,32,909245,909423,-1,82462.4,82515.0,281.50000000001455,2815.0000000001455,inv,181.0,-0.13506240000000583,0.0824624,5.0,ifvg_clean,0.001,-0.21752480000000585
2025-04,B_n_5x50,sniper_canonical,dual_entry_vs_sniper_canonical_top3_sltp,33,880711,915216,1,80874.3,83454.3000000003,258.0000000000291,2580.000000000291,tp,34520.0,2.499125700000291,0.08087430000000001,5.0,ifvg_clean,0.001,2.418251400000291
2025-04,B_n_5x50,sniper_canonical,dual_entry_vs_sniper_canonical_top3_sltp,34,1245361,1245363,1,85652.4,85619.5,225.5000000000291,2255.000000000291,inv,2.0,-0.11855239999999417,0.0856524,5.0,ifvg_clean,0.001,-0.2042047999999942
2025-04,B_n_5x50,sniper_canonical,dual_entry_vs_sniper_canonical_top3_sltp,35,1252583,1252601,1,84929.0,84910.1,172.99999999995634,1729.9999999995634,inv,18.0,-0.10382899999999418,0.084929,5.0,ifvg_clean,0.001,-0.18875799999999418
2025-04,B_n_5x50,sniper_canonical,dual_entry_vs_sniper_canonical_top3_sltp,36,1342528,1342528,-1,85329.7,85354.9,387.99999999995634,3879.9999999995634,inv,0.0,-0.1105296999999971,0.08532970000000001,5.0,ifvg_clean,0.001,-0.1958593999999971
2025-04,B_n_5x50,sniper_canonical,dual_entry_vs_sniper_canonical_top3_sltp,37,1344882,1344918,-1,83657.4,83889.9,232.5,2325.0,sl,36.0,-0.31615740000000003,0.08365739999999999,5.0,ifvg_clean,0.001,-0.3998148
2025-04,B_n_5x50,sniper_canonical,dual_entry_vs_sniper_canonical_top3_sltp,38,1344808,1344921,-1,83748.0,83923.50000000003,175.5000000000291,1755.000000000291,sl,113.0,-0.2592480000000291,0.083748,5.0,ifvg_clean,0.001,-0.3429960000000291
2025-04,B_n_5x50,sniper_canonical,dual_entry_vs_sniper_canonical_top3_sltp,39,1420429,1420529,1,84531.9,84485.5,241.9999999999709,2419.999999999709,inv,100.0,-0.13093189999999416,0.0845319,5.0,ifvg_clean,0.001,-0.21546379999999415
2025-04,B_n_5x50,sniper_canonical,dual_entry_vs_sniper_canonical_top3_sltp,40,1541534,1541577,-1,84824.9,84870.1,235.0,2350.0,inv,43.0,-0.13002490000001163,0.0848249,5.0,ifvg_clean,0.001,-0.21484980000001164
2025-04,B_n_5x50,sniper_canonical,dual_entry_vs_sniper_canonical_top3_sltp,41,1701779,1702010,1,87439.7,87317.70000000003,121.9999999999709,1219.999999999709,sl,231.0,-0.20943969999997092,0.08743970000000001,5.0,ifvg_clean,0.001,-0.2968793999999709
2025-04,B_n_5x50,sniper_canonical,dual_entry_vs_sniper_canonical_top3_sltp,42,1747797,1747813,-1,87927.6,87946.1,129.50000000004366,1295.0000000004366,inv,16.0,-0.10642760000000001,0.08792760000000001,5.0,ifvg_clean,0.001,-0.1943552
2025-04,B_n_5x50,sniper_canonical,dual_entry_vs_sniper_canonical_top3_sltp,43,1748294,1749627,1,88066.7,87900.70000000001,165.99999999998545,1659.9999999998545,sl,1333.0,-0.25406669999998543,0.0880667,5.0,ifvg_clean,0.001,-0.34213339999998543
2025-04,B_n_5x50,sniper_canonical,dual_entry_vs_sniper_canonical_top3_sltp,44,1743871,1754330,1,87390.6,86495.6,895.0,8950.0,sl,10464.0,-0.9823906,0.08739060000000001,5.0,ifvg_clean,0.001,-1.0697812
2025-04,B_n_5x50,sniper_canonical,dual_entry_vs_sniper_canonical_top3_sltp,45,1755274,1763354,-1,86899.9,87379.40000000004,479.50000000004366,4795.000000000437,sl,8109.0,-0.5663999000000437,0.0868999,5.0,ifvg_clean,0.001,-0.6532998000000437
2025-04,B_n_5x50,sniper_canonical,dual_entry_vs_sniper_canonical_top3_sltp,46,1828160,1828584,1,90174.0,89944.50000000003,229.4999999999709,2294.999999999709,sl,424.0,-0.3196739999999709,0.090174,5.0,ifvg_clean,0.001,-0.4098479999999709
2025-04,B_n_5x50,sniper_canonical,dual_entry_vs_sniper_canonical_top3_sltp,47,1830144,1830152,-1,90318.3,90337.7,151.50000000001455,1515.0000000001455,inv,8.0,-0.10971829999999419,0.0903183,5.0,ifvg_clean,0.001,-0.20003659999999418
2025-04,B_n_5x50,sniper_canonical,dual_entry_vs_sniper_canonical_top3_sltp,48,1782623,1831092,1,87553.5,90493.49999999942,293.9999999999418,2939.999999999418,tp,48783.0,2.8524464999994184,0.0875535,5.0,ifvg_clean,0.001,2.7648929999994185
2025-04,B_n_5x50,sniper_canonical,dual_entry_vs_sniper_canonical_top3_sltp,49,1827401,1832741,1,89684.3,91224.30000000015,154.00000000001455,1540.0000000001455,tp,5340.0,1.4503157000001454,0.08968430000000001,5.0,ifvg_clean,0.001,1.3606314000001454
2025-04,B_n_5x50,sniper_canonical,dual_entry_vs_sniper_canonical_top3_sltp,50,1832158,1834903,1,90633.2,90511.20000000003,121.9999999999709,1219.999999999709,sl,2745.0,-0.2126331999999709,0.09063320000000001,5.0,ifvg_clean,0.001,-0.3032663999999709
2025-04,B_n_5x50,sniper_canonical,dual_entry_vs_sniper_canonical_top3_sltp,51,1842366,1842397,-1,91176.1,91211.6,188.5000000000582,1885.000000000582,inv,31.0,-0.1266761,0.09117610000000001,5.0,ifvg_clean,0.001,-0.21785220000000002
2025-04,B_n_5x50,sniper_canonical,dual_entry_vs_sniper_canonical_top3_sltp,52,1851442,1855028,-1,91268.0,91378.0,110.0,1100.0,sl,3689.0,-0.201268,0.091268,5.0,ifvg_clean,0.001,-0.292536
2025-04,B_n_5x50,sniper_canonical,dual_entry_vs_sniper_canonical_top3_sltp,53,1855437,1855728,-1,91503.0,91566.9,220.99999999998545,2209.9999999998545,inv,291.0,-0.15540299999999418,0.091503,5.0,ifvg_clean,0.001,-0.24690599999999419
2025-04,B_n_5x50,sniper_canonical,dual_entry_vs_sniper_canonical_top3_sltp,54,1828707,1856852,1,89975.4,93530.40000000029,355.5000000000291,3555.000000000291,tp,28277.0,3.465024600000291,0.0899754,5.0,ifvg_clean,0.001,3.3750492000002907
2025-04,B_n_5x50,sniper_canonical,dual_entry_vs_sniper_canonical_top3_sltp,55,1829202,1856852,1,90108.7,93608.7,350.0,3500.0,tp,27782.0,3.4098913,0.0901087,5.0,ifvg_clean,0.001,3.3197826
2025-04,B_n_5x50,sniper_canonical,dual_entry_vs_sniper_canonical_top3_sltp,56,1920648,1920883,-1,92320.0,92550.0,230.0,2300.0,sl,235.0,-0.32232000000000005,0.09232000000000001,5.0,ifvg_clean,0.001,-0.41464000000000006
2025-04,B_n_5x50,sniper_canonical,dual_entry_vs_sniper_canonical_top3_sltp,57,2014022,2014068,1,92736.1,92707.3,169.00000000001455,1690.0000000001455,inv,46.0,-0.12153610000000292,0.09273610000000002,5.0,ifvg_clean,0.001,-0.21427220000000294
2025-04,B_n_5x50,sniper_canonical,dual_entry_vs_sniper_canonical_top3_sltp,58,2036533,2043635,1,93499.9,93388.90000000001,110.99999999998545,1109.9999999998545,sl,7161.0,-0.20449989999998544,0.0934999,5.0,ifvg_clean,0.001,-0.29799979999998544
2025-04,B_n_5x50,sniper_canonical,dual_entry_vs_sniper_canonical_top3_sltp,59,2053144,2058589,-1,92988.2,93396.69999999998,408.49999999998545,4084.9999999998545,sl,5578.0,-0.5014881999999854,0.0929882,5.0,ifvg_clean,0.001,-0.5944763999999854
2025-04,B_n_5x50,sniper_canonical,dual_entry_vs_sniper_canonical_top3_sltp,60,2289560,2294059,-1,93260.5,93381.49999999999,120.99999999998545,1209.9999999998545,sl,4503.0,-0.21426049999998548,0.09326050000000001,5.0,ifvg_clean,0.001,-0.3075209999999855
2025-04,B_n_5x50,sniper_canonical,dual_entry_vs_sniper_canonical_top3_sltp,61,2339294,2353073,-1,94004.4,94424.90000000002,420.5000000000291,4205.000000000291,sl,13913.0,-0.5145044000000292,0.09400439999999999,5.0,ifvg_clean,0.001,-0.6085088000000292
2025-04,B_n_5x50,sniper_canonical,dual_entry_vs_sniper_canonical_top3_sltp,62,2429707,2429868,-1,95218.8,95276.0,307.5,3075.0,inv,161.0,-0.1524187999999971,0.0952188,5.0,ifvg_clean,0.001,-0.24763759999999713
2025-04,B_n_5x50,sniper_canonical,dual_entry_vs_sniper_canonical_top3_sltp,63,2432775,2434092,-1,95111.5,95389.50000000003,278.0000000000291,2780.000000000291,sl,1342.0,-0.37311150000002913,0.09511150000000002,5.0,ifvg_clean,0.001,-0.46822300000002914
2025-04,B_n_5x50,sniper_canonical,dual_entry_vs_sniper_canonical_top3_sltp,64,2469316,2472650,-1,94982.4,95036.2,247.99999999995634,2479.9999999995634,inv,3447.0,-0.14878240000000292,0.0949824,5.0,ifvg_clean,0.001,-0.24376480000000292
2025-04,B_n_5x50,sniper_canonical,dual_entry_vs_sniper_canonical_top3_sltp,65,2500615,2502133,-1,94476.6,94603.10000000002,126.50000000001455,1265.0000000001455,sl,1520.0,-0.22097660000001457,0.09447660000000001,5.0,ifvg_clean,0.001,-0.3154532000000146
2025-04,B_n_5x50,sniper_canonical,dual_entry_vs_sniper_canonical_top3_sltp,66,2508922,2510416,-1,93870.5,94070.5,200.0,2000.0,sl,1500.0,-0.29387050000000003,0.09387050000000001,5.0,ifvg_clean,0.001,-0.38774100000000006
2025-04,B_n_5x50,sniper_canonical,dual_entry_vs_sniper_canonical_top3_sltp,67,2512979,2513017,1,93645.2,93629.5,113.0000000000291,1130.000000000291,inv,38.0,-0.10934519999999709,0.0936452,5.0,ifvg_clean,0.001,-0.20299039999999707
2025-04,B_n_5x50,dual,dual_entry_vs_sniper_canonical_top3_sltp,0,579342,579342,-1,78102.0,78102.1,0.1,1.0,sl,0.0,-0.07820200000000582,0.078102,5.0,ifvg,0.001,-0.15630400000000583
2025-04,B_n_5x50,dual,dual_entry_vs_sniper_canonical_top3_sltp,1,579342,579342,-1,78053.15,78053.64493414387,0.49493414387038764,4.949341438703876,sl,0.0,-0.07854808414387689,0.07805315,5.0,ifvg,0.001,-0.1566012341438769
2025-04,B_n_5x50,dual,dual_entry_vs_sniper_canonical_top3_sltp,2,579342,579342,-1,78004.3,78005.28986828774,0.9898682877406279,9.898682877406278,sl,0.0,-0.07899416828773922,0.0780043,5.0,ifvg,0.001,-0.15699846828773922
2025-04,B_n_5x50,dual,dual_entry_vs_sniper_canonical_top3_sltp,3,650755,650755,-1,78415.9,78416.89013806706,0.9901380670611447,9.901380670611447,sl,0.0,-0.07940603806706352,0.0784159,5.0,fvg,0.001,-0.15782193806706352
2025-04,B_n_5x50,dual,dual_entry_vs_sniper_canonical_top3_sltp,4,650829,650829,-1,78466.1,78466.59506903353,0.49506903353050064,4.950690335305007,sl,0.0,-0.0789611690335245,0.07846610000000001,5.0,fvg,0.001,-0.1574272690335245
2025-04,B_n_5x50,dual,dual_entry_vs_sniper_canonical_top3_sltp,5,579342,652077,1,78116.4,78003.8,488.49999999998545,4884.9999999998545,inv,73024.0,-0.1907163999999913,0.0781164,5.0,ifvg_clean,0.001,-0.2688327999999913
2025-04,B_n_5x50,dual,dual_entry_vs_sniper_canonical_top3_sltp,6,652858,652858,-1,78157.4,78158.3893162393,0.98931623931624,9.8931623931624,sl,0.0,-0.07914671623931276,0.0781574,5.0,fvg,0.001,-0.15730411623931276
2025-04,B_n_5x50,dual,dual_entry_vs_sniper_canonical_top3_sltp,7,685131,685131,1,74778.9,74783.8107142857,0.49107142857142855,4.910714285714286,tp,0.0,-0.06986818571428986,0.0747789,5.0,ifvg,0.001,-0.14464708571428986
2025-04,B_n_5x50,dual,dual_entry_vs_sniper_canonical_top3_sltp,8,685131,685131,1,74806.4,74805.41785714285,0.9821428571428571,9.821428571428571,sl,0.0,-0.07578854285714492,0.0748064,5.0,ifvg,0.001,-0.15059494285714492
2025-04,B_n_5x50,dual,dual_entry_vs_sniper_canonical_top3_sltp,9,685148,685148,1,74751.4,74751.29999999999,0.1,1.0,inv,0.0,-0.07485140000000581,0.0747514,5.0,ifvg,0.001,-0.1496028000000058
2025-04,B_n_5x50,dual,dual_entry_vs_sniper_canonical_top3_sltp,10,685131,685215,-1,74785.0,75060.0,275.0,2750.0,sl,84.0,-0.349785,0.074785,5.0,ifvg_clean,0.001,-0.42457
2025-04,B_n_5x50,dual,dual_entry_vs_sniper_canonical_top3_sltp,11,687393,687393,-1,76411.6,76411.70000000001,0.1,1.0,sl,0.0,-0.07651160000000583,0.07641160000000001,5.0,fvg,0.001,-0.15292320000000584
2025-04,B_n_5x50,dual,dual_entry_vs_sniper_canonical_top3_sltp,12,687393,687393,-1,76404.8,76405.26575342465,0.46575342465754793,4.657534246575479,sl,0.0,-0.07687055342465077,0.07640480000000001,5.0,fvg,0.001,-0.15327535342465076
2025-04,B_n_5x50,dual,dual_entry_vs_sniper_canonical_top3_sltp,13,687393,687393,-1,76398.0,76398.93150684932,0.9315068493150959,9.315068493150958,sl,0.0,-0.07732950684931605,0.076398,5.0,fvg,0.001,-0.15372750684931605
2025-04,B_n_5x50,dual,dual_entry_vs_sniper_canonical_top3_sltp,14,694026,694026,1,74964.65,74969.53123515438,0.48812351543925464,4.881235154392546,tp,0.0,-0.0700834148456107,0.07496465,5.0,fvg,0.001,-0.1450480648456107
2025-04,B_n_5x50,dual,dual_entry_vs_sniper_canonical_top3_sltp,15,694026,694026,1,74985.2,74984.22375296912,0.9762470308788549,9.762470308788549,sl,0.0,-0.07596144703087784,0.07498519999999999,5.0,fvg,0.001,-0.15094664703087785
2025-04,B_n_5x50,dual,dual_entry_vs_sniper_canonical_top3_sltp,16,694536,694536,1,75343.2,75353.1651446497,0.9965144649703729,9.96514464970373,tp,0.0,-0.06537805535029904,0.0753432,5.0,fvg,0.001,-0.14072125535029906
2025-04,B_n_5x50,dual,dual_entry_vs_sniper_canonical_top3_sltp,17,722476,722476,1,76144.15,76143.65687757908,0.4931224209077401,4.931224209077401,inv,0.0,-0.076637272420914,0.07614415,5.0,ifvg,0.001,-0.152781422420914
2025-04,B_n_5x50,dual,dual_entry_vs_sniper_canonical_top3_sltp,18,722476,722476,1,76180.0,76179.01375515819,0.9862448418156804,9.862448418156804,sl,0.0,-0.07716624484181347,0.07618000000000001,5.0,ifvg,0.001,-0.15334624484181347
2025-04,B_n_5x50,dual,dual_entry_vs_sniper_canonical_top3_sltp,19,722482,722482,1,76108.3,76108.2,0.1,1.0,inv,0.0,-0.07620830000000582,0.0761083,5.0,ifvg,0.001,-0.15231660000000583
2025-04,B_n_5x50,dual,dual_entry_vs_sniper_canonical_top3_sltp,20,722476,723640,-1,76115.3,76473.79999999999,358.49999999998545,3584.9999999998545,sl,1164.0,-0.43461529999998544,0.07611530000000001,5.0,ifvg_clean,0.001,-0.5107305999999855
2025-04,B_n_5x50,dual,dual_entry_vs_sniper_canonical_top3_sltp,21,725360,725360,-1,76369.05,76369.53956158664,0.4895615866388296,4.895615866388296,sl,0.0,-0.07685861158664078,0.07636905000000001,5.0,ifvg,0.001,-0.1532276615866408
2025-04,B_n_5x50,dual,dual_entry_vs_sniper_canonical_top3_sltp,22,725360,725360,-1,76345.6,76346.57912317329,0.9791231732776592,9.791231732776591,sl,0.0,-0.07732472317328155,0.0763456,5.0,ifvg,0.001,-0.15367032317328155
2025-04,B_n_5x50,dual,dual_entry_vs_sniper_canonical_top3_sltp,23,725366,725366,-1,76392.5,76391.5,0.1,1.0,tp,0.0,-0.0753925,0.0763925,5.0,ifvg,0.001,-0.151785
2025-04,B_n_5x50,dual,dual_entry_vs_sniper_canonical_top3_sltp,24,725919,725919,1,76754.7,76753.70326904216,0.9967309578293558,9.967309578293559,sl,0.0,-0.0777514309578351,0.0767547,5.0,fvg,0.001,-0.1545061309578351
2025-04,B_n_5x50,dual,dual_entry_vs_sniper_canonical_top3_sltp,25,726477,726477,1,76889.2,76888.22583979327,0.9741602067183444,9.741602067183443,sl,0.0,-0.07786336020672245,0.0768892,5.0,ifvg,0.001,-0.15475256020672246
2025-04,B_n_5x50,dual,dual_entry_vs_sniper_canonical_top3_sltp,26,726477,726477,-1,76876.0,76889.7,188.49999999998545,1884.9999999998545,inv,0.0,-0.09057599999999709,0.076876,5.0,ifvg_clean,0.001,-0.1674519999999971
2025-04,B_n_5x50,dual,dual_entry_vs_sniper_canonical_top3_sltp,27,726483,726483,1,76870.35,76875.2208010336,0.4870801033593602,4.870801033593602,tp,0.0,-0.07199954896640233,0.07687035,5.0,ifvg,0.001,-0.14886989896640235
2025-04,B_n_5x50,dual,dual_entry_vs_sniper_canonical_top3_sltp,28,726533,726533,1,76851.5,76852.5,0.1,1.0,tp,0.0,-0.0758515,0.0768515,5.0,ifvg,0.001,-0.152703
2025-04,B_n_5x50,dual,dual_entry_vs_sniper_canonical_top3_sltp,29,729466,729466,1,77380.25,77379.75613496933,0.49386503067484666,4.938650306748467,sl,0.0,-0.07787411503067218,0.07738025000000001,5.0,ifvg,0.001,-0.1552543650306722
2025-04,B_n_5x50,dual,dual_entry_vs_sniper_canonical_top3_sltp,30,729466,729466,1,77420.5,77419.51226993866,0.9877300613496933,9.877300613496933,sl,0.0,-0.07840823006134434,0.0774205,5.0,ifvg,0.001,-0.15582873006134434
2025-04,B_n_5x50,dual,dual_entry_vs_sniper_canonical_top3_sltp,31,729467,729467,1,77340.0,77339.9,0.1,1.0,sl,0.0,-0.07744000000000582,0.07734,5.0,ifvg,0.001,-0.15478000000000583
2025-04,B_n_5x50,dual,dual_entry_vs_sniper_canonical_top3_sltp,32,729466,729471,-1,77348.8,77421.0,402.5,4025.0,inv,5.0,-0.1495487999999971,0.07734880000000001,5.0,ifvg_clean,0.001,-0.2268975999999971
2025-04,B_n_5x50,dual,dual_entry_vs_sniper_canonical_top3_sltp,33,732178,732178,1,77848.8,77848.7,0.1,1.0,sl,0.0,-0.07794880000000583,0.07784880000000001,5.0,ifvg,0.001,-0.15579760000000584
2025-04,B_n_5x50,dual,dual_entry_vs_sniper_canonical_top3_sltp,34,732178,732178,1,77861.4,77860.91908396946,0.48091603053407134,4.809160305340713,sl,0.0,-0.07834231603053035,0.0778614,5.0,ifvg,0.001,-0.15620371603053035
2025-04,B_n_5x50,dual,dual_entry_vs_sniper_canonical_top3_sltp,35,732178,732178,1,77874.0,77873.03816793892,0.9618320610686981,9.61832061068698,sl,0.0,-0.07883583206107525,0.077874,5.0,ifvg,0.001,-0.15670983206107525
2025-04,B_n_5x50,dual,dual_entry_vs_sniper_canonical_top3_sltp,36,733840,733840,1,76955.85,76955.36547987617,0.4845201238392359,4.8452012383923595,inv,0.0,-0.07744037012383498,0.07695585000000002,5.0,ifvg,0.001,-0.154396220123835
2025-04,B_n_5x50,dual,dual_entry_vs_sniper_canonical_top3_sltp,37,733840,733840,1,76971.5,76970.53095975232,0.9690402476780213,9.690402476780214,sl,0.0,-0.07794054024768447,0.07697150000000001,5.0,ifvg,0.001,-0.15491204024768448
2025-04,B_n_5x50,dual,dual_entry_vs_sniper_canonical_top3_sltp,38,733840,733870,-1,76946.1,77102.60000000002,156.50000000001455,1565.0000000001455,sl,30.0,-0.23344610000001453,0.0769461,5.0,ifvg_clean,0.001,-0.31039220000001455
2025-04,B_n_5x50,dual,dual_entry_vs_sniper_canonical_top3_sltp,39,735506,735506,-1,77473.0,77473.4947368421,0.49473684210526314,4.947368421052632,sl,0.0,-0.07796773684209807,0.077473,5.0,ifvg,0.001,-0.15544073684209808
2025-04,B_n_5x50,dual,dual_entry_vs_sniper_canonical_top3_sltp,40,735506,735506,-1,77426.0,77426.98947368421,0.9894736842105263,9.894736842105264,sl,0.0,-0.07841547368421069,0.07742600000000001,5.0,ifvg,0.001,-0.1558414736842107
2025-04,B_n_5x50,dual,dual_entry_vs_sniper_canonical_top3_sltp,41,735511,735511,-1,77520.0,77519.0,0.1,1.0,tp,0.0,-0.07651999999999999,0.07751999999999999,5.0,ifvg,0.001,-0.15403999999999998
2025-04,B_n_5x50,dual,dual_entry_vs_sniper_canonical_top3_sltp,42,735506,735542,1,77517.3,77425.5,470.0,4700.0,inv,36.0,-0.16931730000000292,0.07751730000000001,5.0,ifvg_clean,0.001,-0.24683460000000293
2025-04,B_n_5x50,dual,dual_entry_vs_sniper_canonical_top3_sltp,43,737180,737180,-1,77153.2,77153.68927038627,0.4892703862660957,4.892703862660957,sl,0.0,-0.07764247038627153,0.0771532,5.0,ifvg,0.001,-0.15479567038627154
2025-04,B_n_5x50,dual,dual_entry_vs_sniper_canonical_top3_sltp,44,737180,737180,-1,77130.4,77131.37854077252,0.9785407725321914,9.785407725321914,sl,0.0,-0.0781089407725285,0.0771304,5.0,ifvg,0.001,-0.1552393407725285
2025-04,B_n_5x50,dual,dual_entry_vs_sniper_canonical_top3_sltp,45,737201,737201,-1,77176.0,77175.0,0.1,1.0,tp,0.0,-0.07617600000000001,0.07717600000000001,5.0,ifvg,0.001,-0.15335200000000002
2025-04,B_n_5x50,dual,dual_entry_vs_sniper_canonical_top3_sltp,46,737180,737306,1,77168.0,77129.9,228.0000000000291,2280.000000000291,inv,129.0,-0.11526800000000584,0.07716800000000001,5.0,ifvg_clean,0.001,-0.19243600000000585
2025-04,B_n_5x50,dual,dual_entry_vs_sniper_canonical_top3_sltp,47,738141,738141,-1,77720.1,77720.20000000001,0.1,1.0,inv,0.0,-0.07782010000000582,0.0777201,5.0,ifvg,0.001,-0.15554020000000582
2025-04,B_n_5x50,dual,dual_entry_vs_sniper_canonical_top3_sltp,48,738141,738141,-1,77692.1,77692.59122807017,0.49122807017543857,4.912280701754385,sl,0.0,-0.0781833280701683,0.07769210000000001,5.0,ifvg,0.001,-0.1558754280701683
2025-04,B_n_5x50,dual,dual_entry_vs_sniper_canonical_top3_sltp,49,738141,738141,-1,77664.1,77665.08245614036,0.9824561403508771,9.82456140350877,sl,0.0,-0.07864655614035113,0.0776641,5.0,ifvg,0.001,-0.1563106561403511
2025-04,B_n_5x50,dual,dual_entry_vs_sniper_canonical_top3_sltp,50,738817,738817,-1,77566.1,77566.59177631579,0.4917763157893544,4.9177631578935435,inv,0.0,-0.07805787631578642,0.07756610000000001,5.0,ifvg,0.001,-0.15562397631578645
2025-04,B_n_5x50,dual,dual_entry_vs_sniper_canonical_top3_sltp,51,738817,738817,-1,77536.2,77537.18355263157,0.9835526315789481,9.835526315789481,sl,0.0,-0.07851975263157282,0.0775362,5.0,ifvg,0.001,-0.15605595263157282
2025-04,B_n_5x50,dual,dual_entry_vs_sniper_canonical_top3_sltp,52,738822,738822,-1,77596.0,77596.1,0.1,1.0,inv,0.0,-0.07769600000000583,0.07759600000000001,5.0,ifvg,0.001,-0.15529200000000584
2025-04,B_n_5x50,dual,dual_entry_vs_sniper_canonical_top3_sltp,53,739069,739069,-1,77567.45,77567.91,0.46,4.6000000000000005,sl,0.0,-0.0780274500000064,0.07756745,5.0,fvg,0.001,-0.1555949000000064
2025-04,B_n_5x50,dual,dual_entry_vs_sniper_canonical_top3_sltp,54,739069,739069,-1,77561.7,77562.62,0.92,9.200000000000001,sl,0.0,-0.07848169999999825,0.0775617,5.0,fvg,0.001,-0.15604339999999825
2025-04,B_n_5x50,dual,dual_entry_vs_sniper_canonical_top3_sltp,55,739070,739070,-1,77573.2,77572.2,0.1,1.0,tp,0.0,-0.0765732,0.0775732,5.0,fvg,0.001,-0.1541464
2025-04,B_n_5x50,dual,dual_entry_vs_sniper_canonical_top3_sltp,56,732178,739636,-1,77844.1,77874.5,125.99999999998545,1259.9999999998545,inv,7462.0,-0.1082440999999942,0.07784410000000001,5.0,ifvg_clean,0.001,-0.1860881999999942
2025-04,B_n_5x50,dual,dual_entry_vs_sniper_canonical_top3_sltp,57,725360,740982,1,76392.0,78736.99999999971,234.4999999999709,2344.999999999709,tp,15627.0,2.268607999999709,0.076392,5.0,ifvg_clean,0.001,2.1922159999997093
2025-04,B_n_5x50,dual,dual_entry_vs_sniper_canonical_top3_sltp,58,741966,741966,1,77960.0,77959.9,0.1,1.0,sl,0.0,-0.07806000000000583,0.07796000000000002,5.0,ifvg,0.001,-0.15602000000000585
2025-04,B_n_5x50,dual,dual_entry_vs_sniper_canonical_top3_sltp,59,741966,741966,1,77981.6,77981.1113122172,0.4886877828055938,4.886877828055938,sl,0.0,-0.07847028778281032,0.07798160000000001,5.0,ifvg,0.001,-0.15645188778281033
2025-04,B_n_5x50,dual,dual_entry_vs_sniper_canonical_top3_sltp,60,741966,741966,1,78003.2,78002.22262443439,0.9773755656108583,9.773755656108582,sl,0.0,-0.07898057556560605,0.0780032,5.0,ifvg,0.001,-0.15698377556560605
2025-04,B_n_5x50,dual,dual_entry_vs_sniper_canonical_top3_sltp,61,741966,741994,-1,77883.3,78003.7,215.99999999998545,2159.9999999998545,inv,28.0,-0.19828329999999417,0.0778833,5.0,ifvg_clean,0.001,-0.27616659999999416
2025-04,B_n_5x50,dual,dual_entry_vs_sniper_canonical_top3_sltp,62,742004,742004,-1,78321.6,78321.70000000001,0.1,1.0,inv,0.0,-0.07842160000000582,0.0783216,5.0,ifvg,0.001,-0.15674320000000583
2025-04,B_n_5x50,dual,dual_entry_vs_sniper_canonical_top3_sltp,63,742004,742004,-1,78299.25,78294.35940919037,0.4890590809628037,4.890590809628037,tp,0.0,-0.07340865919036511,0.07829925,5.0,ifvg,0.001,-0.15170790919036511
2025-04,B_n_5x50,dual,dual_entry_vs_sniper_canonical_top3_sltp,64,742004,742004,-1,78276.9,78277.87811816193,0.9781181619256074,9.781181619256074,sl,0.0,-0.0792550181619328,0.0782769,5.0,ifvg,0.001,-0.1575319181619328
2025-04,B_n_5x50,dual,dual_entry_vs_sniper_canonical_top3_sltp,65,742005,742005,1,78521.4,78522.4,0.1,1.0,tp,0.0,-0.0775214,0.0785214,5.0,ifvg,0.001,-0.1560428
2025-04,B_n_5x50,dual,dual_entry_vs_sniper_canonical_top3_sltp,66,742005,742005,1,78547.4,78546.90943396225,0.49056603773584906,4.90566037735849,sl,0.0,-0.0790379660377408,0.0785474,5.0,ifvg,0.001,-0.15758536603774081
2025-04,B_n_5x50,dual,dual_entry_vs_sniper_canonical_top3_sltp,67,742005,742005,1,78573.4,78572.41886792453,0.9811320754716981,9.81132075471698,sl,0.0,-0.07955453207546702,0.07857339999999999,5.0,ifvg,0.001,-0.158127932075467
2025-04,B_n_5x50,dual,dual_entry_vs_sniper_canonical_top3_sltp,68,742005,742011,-1,78526.7,78573.9,260.0,2600.0,inv,6.0,-0.12572669999999708,0.0785267,5.0,ifvg_clean,0.001,-0.2042533999999971
2025-04,B_n_5x50,dual,dual_entry_vs_sniper_canonical_top3_sltp,69,738141,742264,1,77720.1,80520.1,280.0,2800.0,tp,4125.0,2.7222799,0.0777201,5.0,ifvg_clean,0.001,2.6445598
2025-04,B_n_5x50,dual,dual_entry_vs_sniper_canonical_top3_sltp,70,742004,742264,1,78295.3,80530.30000000058,223.5000000000582,2235.000000000582,tp,260.0,2.156704700000582,0.0782953,5.0,ifvg_clean,0.001,2.0784094000005817
2025-04,B_n_5x50,dual,dual_entry_vs_sniper_canonical_top3_sltp,71,738817,742271,1,77579.1,80569.10000000015,299.00000000001455,2990.0000000001455,tp,3456.0,2.9124209000001455,0.07757910000000001,5.0,ifvg_clean,0.001,2.8348418000001456
2025-04,B_n_5x50,dual,dual_entry_vs_sniper_canonical_top3_sltp,72,746114,746114,-1,82677.5,82677.6,0.1,1.0,inv,0.0,-0.08277750000000582,0.0826775,5.0,ifvg,0.001,-0.16545500000000582
2025-04,B_n_5x50,dual,dual_entry_vs_sniper_canonical_top3_sltp,73,746114,746114,-1,82658.4,82658.88724489795,0.4872448979593684,4.872448979593684,sl,0.0,-0.0831456448979586,0.0826584,5.0,ifvg,0.001,-0.1658040448979586
2025-04,B_n_5x50,dual,dual_entry_vs_sniper_canonical_top3_sltp,74,746114,746114,-1,82639.3,82640.27448979592,0.9744897959183655,9.744897959183655,sl,0.0,-0.08361378979591719,0.08263930000000001,5.0,ifvg,0.001,-0.16625308979591719
2025-04,B_n_5x50,dual,dual_entry_vs_sniper_canonical_top3_sltp,75,746114,746190,1,82677.8,82486.80000000002,190.99999999998545,1909.9999999998545,sl,76.0,-0.2736777999999855,0.08267780000000001,5.0,ifvg_clean,0.001,-0.3563555999999855
2025-04,B_n_5x50,dual,dual_entry_vs_sniper_canonical_top3_sltp,76,751131,751131,1,82364.75,82364.26976284586,0.4802371541501885,4.802371541501885,sl,0.0,-0.08284498715414457,0.08236475,5.0,ifvg,0.001,-0.16520973715414455
2025-04,B_n_5x50,dual,dual_entry_vs_sniper_canonical_top3_sltp,77,751131,751131,1,82376.9,82375.93952569169,0.960474308300377,9.60474308300377,sl,0.0,-0.08333737430830367,0.08237689999999999,5.0,ifvg,0.001,-0.16571427430830366
2025-04,B_n_5x50,dual,dual_entry_vs_sniper_canonical_top3_sltp,78,751131,751139,-1,82357.3,82377.4,121.49999999994179,1214.999999999418,inv,8.0,-0.10245729999999129,0.08235730000000001,5.0,ifvg_clean,0.001,-0.18481459999999128
2025-04,B_n_5x50,dual,dual_entry_vs_sniper_canonical_top3_sltp,79,751159,751159,1,82352.6,82353.6,0.1,1.0,tp,0.0,-0.08135260000000001,0.08235260000000001,5.0,ifvg,0.001,-0.16370520000000002
2025-04,B_n_5x50,dual,dual_entry_vs_sniper_canonical_top3_sltp,80,755703,755703,-1,83035.7,83036.19555160143,0.4955516014234873,4.955516014234873,inv,0.0,-0.08353125160143064,0.0830357,5.0,ifvg,0.001,-0.16656695160143065
2025-04,B_n_5x50,dual,dual_entry_vs_sniper_canonical_top3_sltp,81,755703,755703,-1,82980.0,82980.99110320285,0.9911032028469746,9.911032028469746,sl,0.0,-0.08397110320284673,0.08298000000000001,5.0,ifvg,0.001,-0.16695110320284673
2025-04,B_n_5x50,dual,dual_entry_vs_sniper_canonical_top3_sltp,82,755712,755712,-1,83091.4,83091.5,0.1,1.0,inv,0.0,-0.08319140000000581,0.0830914,5.0,ifvg,0.001,-0.1662828000000058
2025-04,B_n_5x50,dual,dual_entry_vs_sniper_canonical_top3_sltp,83,757425,757425,-1,82958.0,82958.1,0.1,1.0,inv,0.0,-0.08305800000000582,0.082958,5.0,ifvg,0.001,-0.16601600000000583
2025-04,B_n_5x50,dual,dual_entry_vs_sniper_canonical_top3_sltp,84,757425,757425,-1,82943.75,82944.23305084746,0.4830508474576271,4.830508474576271,sl,0.0,-0.08342680084745517,0.08294375000000001,5.0,ifvg,0.001,-0.16637055084745517
2025-04,B_n_5x50,dual,dual_entry_vs_sniper_canonical_top3_sltp,85,757425,757425,-1,82929.5,82930.46610169491,0.9661016949152542,9.661016949152541,sl,0.0,-0.08389560169491032,0.0829295,5.0,ifvg,0.001,-0.16682510169491033
2025-04,B_n_5x50,dual,dual_entry_vs_sniper_canonical_top3_sltp,86,757425,763844,1,82957.3,82814.8,142.5,1425.0,sl,6424.0,-0.22545730000000003,0.08295730000000001,5.0,ifvg_clean,0.001,-0.30841460000000004
2025-04,B_n_5x50,dual,dual_entry_vs_sniper_canonical_top3_sltp,87,755703,765887,1,83085.3,82528.30000000003,556.9999999999709,5569.999999999709,sl,10192.0,-0.640085299999971,0.0830853,5.0,ifvg_clean,0.001,-0.723170599999971
2025-04,B_n_5x50,dual,dual_entry_vs_sniper_canonical_top3_sltp,88,814568,814568,1,81519.55,81519.06672240802,0.48327759197324094,4.832775919732409,inv,0.0,-0.08200282759197856,0.08151955000000001,5.0,ifvg,0.001,-0.16352237759197857
2025-04,B_n_5x50,dual,dual_entry_vs_sniper_canonical_top3_sltp,89,814568,814568,1,81534.0,81533.03344481606,0.9665551839464819,9.665551839464818,sl,0.0,-0.08250055518394256,0.08153400000000001,5.0,ifvg,0.001,-0.16403455518394255
2025-04,B_n_5x50,dual,dual_entry_vs_sniper_canonical_top3_sltp,90,814580,814580,1,81505.1,81505.0,0.1,1.0,inv,0.0,-0.08160510000000583,0.08150510000000001,5.0,ifvg,0.001,-0.16311020000000584
2025-04,B_n_5x50,dual,dual_entry_vs_sniper_canonical_top3_sltp,91,814568,814733,-1,81509.2,81653.69999999997,144.4999999999709,1444.999999999709,sl,165.0,-0.22600919999997088,0.08150919999999999,5.0,ifvg_clean,0.001,-0.3075183999999709
2025-04,B_n_5x50,dual,dual_entry_vs_sniper_canonical_top3_sltp,92,821488,821488,-1,80440.9,80441.83630573248,0.9363057324841237,9.363057324841238,sl,0.0,-0.08137720573248083,0.0804409,5.0,fvg,0.001,-0.16181810573248084
2025-04,B_n_5x50,dual,dual_entry_vs_sniper_canonical_top3_sltp,93,827743,827743,-1,78693.6,78694.09584717608,0.49584717607967405,4.958471760796741,sl,0.0,-0.0791894471760765,0.0786936,5.0,ifvg,0.001,-0.15788304717607649
2025-04,B_n_5x50,dual,dual_entry_vs_sniper_canonical_top3_sltp,94,827743,827743,-1,78633.9,78634.89169435215,0.991694352159469,9.916943521594689,sl,0.0,-0.07962559435215298,0.07863389999999999,5.0,ifvg,0.001,-0.15825949435215297
2025-04,B_n_5x50,dual,dual_entry_vs_sniper_canonical_top3_sltp,95,827757,827757,-1,78753.3,78752.3,0.1,1.0,tp,0.0,-0.07775330000000001,0.07875330000000001,5.0,ifvg,0.001,-0.15650660000000002
2025-04,B_n_5x50,dual,dual_entry_vs_sniper_canonical_top3_sltp,96,827743,827991,1,78751.0,78633.4,597.0000000000437,5970.000000000437,inv,248.0,-0.19635100000000583,0.078751,5.0,ifvg_clean,0.001,-0.27510200000000584
2025-04,B_n_5x50,dual,dual_entry_vs_sniper_canonical_top3_sltp,97,829552,829552,-1,79160.0,79160.1,0.1,1.0,sl,0.0,-0.07926000000000581,0.07916,5.0,ifvg,0.001,-0.1584200000000058
2025-04,B_n_5x50,dual,dual_entry_vs_sniper_canonical_top3_sltp,98,829552,829552,-1,79149.95,79150.42630331754,0.47630331753555155,4.763033175355515,sl,0.0,-0.07962625331754045,0.07914995000000001,5.0,ifvg,0.001,-0.15877620331754044
2025-04,B_n_5x50,dual,dual_entry_vs_sniper_canonical_top3_sltp,99,829552,829552,-1,79139.9,79140.85260663506,0.9526066350711031,9.52606635071103,sl,0.0,-0.08009250663506633,0.0791399,5.0,ifvg,0.001,-0.15923240663506633
2025-04,B_n_5x50,dual,dual_entry_vs_sniper_canonical_top3_sltp,100,829552,829576,1,79173.2,79139.4,100.5000000000291,1005.000000000291,inv,24.0,-0.11297320000000291,0.0791732,5.0,ifvg_clean,0.001,-0.1921464000000029
2025-04,B_n_5x50,dual,dual_entry_vs_sniper_canonical_top3_sltp,101,831600,831600,-1,79241.3,79240.3,0.1,1.0,tp,0.0,-0.07824130000000001,0.07924130000000001,5.0,ifvg,0.001,-0.15748260000000003
2025-04,B_n_5x50,dual,dual_entry_vs_sniper_canonical_top3_sltp,102,831600,831600,-1,79214.95000000001,79215.44068901305,0.4906890130352458,4.906890130352458,sl,0.0,-0.07970563901303691,0.07921495000000002,5.0,ifvg,0.001,-0.15892058901303693
2025-04,B_n_5x50,dual,dual_entry_vs_sniper_canonical_top3_sltp,103,831600,831600,-1,79188.6,79189.58137802608,0.9813780260707625,9.813780260707626,sl,0.0,-0.08016997802607381,0.07918860000000001,5.0,ifvg,0.001,-0.15935857802607384
2025-04,B_n_5x50,dual,dual_entry_vs_sniper_canonical_top3_sltp,104,831687,831687,1,79280.0,79279.51219512195,0.4878048780487805,4.878048780487805,inv,0.0,-0.07976780487805198,0.07928,5.0,ifvg,0.001,-0.15904780487805198
2025-04,B_n_5x50,dual,dual_entry_vs_sniper_canonical_top3_sltp,105,831687,831687,1,79300.0,79299.0243902439,0.975609756097561,9.75609756097561,sl,0.0,-0.08027560975610394,0.0793,5.0,ifvg,0.001,-0.15957560975610394
2025-04,B_n_5x50,dual,dual_entry_vs_sniper_canonical_top3_sltp,106,831689,831689,1,79260.0,79261.0,0.1,1.0,tp,0.0,-0.07826000000000001,0.07926000000000001,5.0,ifvg,0.001,-0.15752000000000002
2025-04,B_n_5x50,dual,dual_entry_vs_sniper_canonical_top3_sltp,107,831687,831852,-1,79266.6,79466.6,200.0,2000.0,sl,165.0,-0.27926660000000003,0.0792666,5.0,ifvg_clean,0.001,-0.35853320000000005
2025-04,B_n_5x50,dual,dual_entry_vs_sniper_canonical_top3_sltp,108,853164,853164,-1,79596.0,79596.49246987952,0.49246987951807164,4.924698795180716,sl,0.0,-0.0800884698795221,0.079596,5.0,fvg,0.001,-0.15968446987952212
2025-04,B_n_5x50,dual,dual_entry_vs_sniper_canonical_top3_sltp,109,853164,853164,-1,79563.3,79564.28493975903,0.9849397590361433,9.849397590361432,sl,0.0,-0.08054823975902967,0.0795633,5.0,fvg,0.001,-0.16011153975902967
2025-04,B_n_5x50,dual,dual_entry_vs_sniper_canonical_top3_sltp,110,854638,854638,-1,79416.55,79417.02737556561,0.4773755656108657,4.773755656108657,sl,0.0,-0.07989392556560605,0.07941655,5.0,ifvg,0.001,-0.15931047556560607
2025-04,B_n_5x50,dual,dual_entry_vs_sniper_canonical_top3_sltp,111,854638,854638,-1,79406.0,79406.95475113123,0.9547511312217314,9.547511312217313,sl,0.0,-0.08036075113122666,0.079406,5.0,ifvg,0.001,-0.15976675113122668
2025-04,B_n_5x50,dual,dual_entry_vs_sniper_canonical_top3_sltp,112,854638,854645,1,79415.7,79405.5,105.5000000000291,1055.000000000291,inv,7.0,-0.08961569999999709,0.0794157,5.0,ifvg_clean,0.001,-0.1690313999999971
2025-04,B_n_5x50,dual,dual_entry_vs_sniper_canonical_top3_sltp,113,854654,854654,-1,79427.1,79426.1,0.1,1.0,tp,0.0,-0.07842710000000001,0.07942710000000001,5.0,ifvg,0.001,-0.15785420000000003
2025-04,B_n_5x50,dual,dual_entry_vs_sniper_canonical_top3_sltp,114,831600,854990,1,79236.5,79188.1,263.49999999998545,2634.9999999998545,inv,23803.0,-0.12763649999999419,0.0792365,5.0,ifvg_clean,0.001,-0.2068729999999942
2025-04,B_n_5x50,dual,dual_entry_vs_sniper_canonical_top3_sltp,115,856804,856804,-1,79525.6,79526.56047430831,0.960474308300377,9.60474308300377,sl,0.0,-0.08048607430830369,0.07952560000000002,5.0,fvg,0.001,-0.1600116743083037
2025-04,B_n_5x50,dual,dual_entry_vs_sniper_canonical_top3_sltp,116,857270,857270,-1,79537.75,79532.9476284585,0.4802371541501885,4.802371541501885,tp,0.0,-0.07473537845849619,0.07953775,5.0,fvg,0.001,-0.1542731284584962
2025-04,B_n_5x50,dual,dual_entry_vs_sniper_canonical_top3_sltp,117,857274,857274,-1,79549.9,79548.9,0.1,1.0,tp,0.0,-0.07854989999999999,0.07954989999999999,5.0,fvg,0.001,-0.15809979999999998
2025-04,B_n_5x50,dual,dual_entry_vs_sniper_canonical_top3_sltp,118,857358,857358,-1,79628.7,79627.7,0.1,1.0,tp,0.0,-0.0786287,0.0796287,5.0,fvg,0.001,-0.1582574
2025-04,B_n_5x50,dual,dual_entry_vs_sniper_canonical_top3_sltp,119,862409,862409,1,80287.5,80287.4,0.1,1.0,sl,0.0,-0.08038750000000583,0.08028750000000001,5.0,ifvg,0.001,-0.16067500000000584
2025-04,B_n_5x50,dual,dual_entry_vs_sniper_canonical_top3_sltp,120,862409,862409,1,80313.05,80312.55959692899,0.49040307101727554,4.904030710172755,sl,0.0,-0.08080345307101679,0.08031305000000001,5.0,ifvg,0.001,-0.1611165030710168
2025-04,B_n_5x50,dual,dual_entry_vs_sniper_canonical_top3_sltp,121,862409,862409,1,80338.6,80337.61919385797,0.9808061420345511,9.80806142034551,sl,0.0,-0.08131940614203355,0.08033860000000001,5.0,ifvg,0.001,-0.16165800614203357
2025-04,B_n_5x50,dual,dual_entry_vs_sniper_canonical_top3_sltp,122,862409,862774,-1,80280.1,80339.1,255.5000000000291,2555.000000000291,inv,365.0,-0.13928010000000002,0.08028010000000001,5.0,ifvg_clean,0.001,-0.21956020000000004
2025-04,B_n_5x50,dual,dual_entry_vs_sniper_canonical_top3_sltp,123,863815,863815,-1,80609.2,80609.68878923767,0.4887892376681629,4.887892376681629,inv,0.0,-0.08109798923767189,0.0806092,5.0,ifvg,0.001,-0.1617071892376719
2025-04,B_n_5x50,dual,dual_entry_vs_sniper_canonical_top3_sltp,124,863815,863815,-1,80587.4,80588.37757847532,0.9775784753363258,9.775784753363258,sl,0.0,-0.08156497847532922,0.0805874,5.0,ifvg,0.001,-0.1621523784753292
2025-04,B_n_5x50,dual,dual_entry_vs_sniper_canonical_top3_sltp,125,864055,864055,-1,80631.0,80631.1,0.1,1.0,inv,0.0,-0.08073100000000583,0.08063100000000001,5.0,ifvg,0.001,-0.16136200000000583
2025-04,B_n_5x50,dual,dual_entry_vs_sniper_canonical_top3_sltp,126,870988,870988,-1,80535.0,80535.48161764706,0.48161764705883137,4.816176470588314,sl,0.0,-0.0810166176470631,0.080535,5.0,ifvg,0.001,-0.1615516176470631
2025-04,B_n_5x50,dual,dual_entry_vs_sniper_canonical_top3_sltp,127,870988,870988,-1,80521.9,80522.8632352941,0.9632352941176627,9.632352941176627,sl,0.0,-0.08148513529411167,0.08052190000000001,5.0,ifvg,0.001,-0.16200703529411167
2025-04,B_n_5x50,dual,dual_entry_vs_sniper_canonical_top3_sltp,128,871004,871004,-1,80548.1,80547.1,0.1,1.0,tp,0.0,-0.07954810000000001,0.08054810000000001,5.0,ifvg,0.001,-0.16009620000000002
2025-04,B_n_5x50,dual,dual_entry_vs_sniper_canonical_top3_sltp,129,880686,880686,1,80788.9,80788.41288659793,0.4871134020616691,4.871134020616691,sl,0.0,-0.081276013402065,0.0807889,5.0,ifvg,0.001,-0.162064913402065
2025-04,B_n_5x50,dual,dual_entry_vs_sniper_canonical_top3_sltp,130,880686,880686,1,80807.8,80806.82577319587,0.9742268041237132,9.742268041237132,sl,0.0,-0.08178202680413,0.0808078,5.0,ifvg,0.001,-0.16258982680413
2025-04,B_n_5x50,dual,dual_entry_vs_sniper_canonical_top3_sltp,131,880686,880687,-1,80779.6,80808.3,189.00000000001455,1890.0000000001455,inv,1.0,-0.1094795999999971,0.08077960000000001,5.0,ifvg_clean,0.001,-0.1902591999999971
2025-04,B_n_5x50,dual,dual_entry_vs_sniper_canonical_top3_sltp,132,880695,880695,1,80770.0,80771.0,0.1,1.0,tp,0.0,-0.07977,0.08077,5.0,ifvg,0.001,-0.16054
2025-04,B_n_5x50,dual,dual_entry_vs_sniper_canonical_top3_sltp,133,880711,880711,-1,80890.0,80890.1,0.1,1.0,inv,0.0,-0.08099000000000582,0.08089,5.0,ifvg,0.001,-0.16188000000000582
2025-04,B_n_5x50,dual,dual_entry_vs_sniper_canonical_top3_sltp,134,880711,880711,-1,80864.2,80864.69049429658,0.49049429657794785,4.904942965779479,sl,0.0,-0.08135469429658043,0.0808642,5.0,ifvg,0.001,-0.16221889429658043
2025-04,B_n_5x50,dual,dual_entry_vs_sniper_canonical_top3_sltp,135,880711,880711,-1,80838.4,80839.38098859316,0.9809885931558957,9.809885931558957,sl,0.0,-0.08181938859316086,0.08083839999999999,5.0,ifvg,0.001,-0.16265778859316085
2025-04,B_n_5x50,dual,dual_entry_vs_sniper_canonical_top3_sltp,136,870988,880965,1,80543.8,81853.80000000058,131.0000000000582,1310.000000000582,tp,10022.0,1.229456200000582,0.08054380000000001,5.0,ifvg_clean,0.001,1.148912400000582
2025-04,B_n_5x50,dual,dual_entry_vs_sniper_canonical_top3_sltp,137,889177,889177,-1,82689.5,82689.97727272728,0.4772727272727273,4.772727272727273,inv,0.0,-0.08316677272727935,0.0826895,5.0,ifvg,0.001,-0.16585627272727935
2025-04,B_n_5x50,dual,dual_entry_vs_sniper_canonical_top3_sltp,138,889177,889177,-1,82679.0,82679.95454545454,0.9545454545454546,9.545454545454547,sl,0.0,-0.08363354545454413,0.082679,5.0,ifvg,0.001,-0.16631254545454413
2025-04,B_n_5x50,dual,dual_entry_vs_sniper_canonical_top3_sltp,139,889305,889305,-1,82700.0,82700.1,0.1,1.0,inv,0.0,-0.08280000000000583,0.08270000000000001,5.0,ifvg,0.001,-0.16550000000000584
2025-04,B_n_5x50,dual,dual_entry_vs_sniper_canonical_top3_sltp,140,863815,889780,1,80627.9,82807.90000000029,218.0000000000291,2180.000000000291,tp,26029.0,2.099372100000291,0.0806279,5.0,ifvg_clean,0.001,2.018744200000291
2025-04,B_n_5x50,dual,dual_entry_vs_sniper_canonical_top3_sltp,141,889177,890376,1,82690.8,82585.8,105.0,1050.0,sl,1199.0,-0.1876908,0.08269080000000001,5.0,ifvg_clean,0.001,-0.2703816
2025-04,B_n_5x50,dual,dual_entry_vs_sniper_canonical_top3_sltp,142,896810,896810,1,82288.1,82288.0,0.1,1.3,sl,0.0,-0.08238810000000583,0.08228810000000002,5.0,ifvg,0.001,-0.16467620000000585
2025-04,B_n_5x50,dual,dual_entry_vs_sniper_canonical_top3_sltp,143,896810,896810,1,82317.85,82317.35826446282,0.49173553719008267,6.392561983471074,sl,0.0,-0.0828095855371872,0.08231785000000001,5.0,ifvg,0.001,-0.16512743553718723
2025-04,B_n_5x50,dual,dual_entry_vs_sniper_canonical_top3_sltp,144,896810,896810,1,82347.6,82346.61652892563,0.9834710743801653,12.785123966942148,sl,0.0,-0.08333107107437442,0.08234760000000002,5.0,ifvg,0.001,-0.16567867107437445
2025-04,B_n_5x50,dual,dual_entry_vs_sniper_canonical_top3_sltp,145,896810,896850,-1,82286.5,82348.1,297.5,2975.0,inv,40.0,-0.14388650000000583,0.0822865,5.0,ifvg_clean,0.001,-0.22617300000000584
2025-04,B_n_5x50,dual,dual_entry_vs_sniper_canonical_top3_sltp,146,905779,905779,-1,82059.7,82060.19663072776,0.4966307277628031,4.966307277628031,sl,0.0,-0.08255633072776457,0.0820597,5.0,ifvg,0.001,-0.16461603072776457
2025-04,B_n_5x50,dual,dual_entry_vs_sniper_canonical_top3_sltp,147,905779,905779,-1,81986.0,81986.99326145553,0.9932614555256062,9.932614555256063,sl,0.0,-0.08297926145552914,0.081986,5.0,ifvg,0.001,-0.16496526145552914
2025-04,B_n_5x50,dual,dual_entry_vs_sniper_canonical_top3_sltp,148,905780,905780,-1,82133.4,82132.4,0.1,1.0,tp,0.0,-0.0811334,0.0821334,5.0,ifvg,0.001,-0.1632668
2025-04,B_n_5x50,dual,dual_entry_vs_sniper_canonical_top3_sltp,149,905779,905827,1,82123.8,81985.5,736.9999999999709,7369.999999999709,inv,48.0,-0.22042380000000295,0.08212380000000001,5.0,ifvg_clean,0.001,-0.30254760000000297
2025-04,B_n_5x50,dual,dual_entry_vs_sniper_canonical_top3_sltp,150,906571,906575,1,81900.0,81899.00837520938,0.9916247906197652,9.916247906197652,sl,4.0,-0.08289162479062215,0.0819,5.0,fvg,0.001,-0.16479162479062215
2025-04,B_n_5x50,dual,dual_entry_vs_sniper_canonical_top3_sltp,151,906644,906644,1,81840.8,81845.7581239531,0.4958123953098826,4.958123953098826,tp,0.0,-0.07688267604690378,0.0818408,5.0,fvg,0.001,-0.1587234760469038
2025-04,B_n_5x50,dual,dual_entry_vs_sniper_canonical_top3_sltp,152,906695,906695,1,81781.6,81781.5,0.1,1.0,sl,0.0,-0.08188160000000583,0.08178160000000001,5.0,fvg,0.001,-0.16366320000000584
2025-04,B_n_5x50,dual,dual_entry_vs_sniper_canonical_top3_sltp,153,906736,906736,-1,81904.5,81894.68382352941,0.9816176470588216,9.816176470588216,tp,0.0,-0.07208832352941262,0.0819045,5.0,fvg,0.001,-0.15399282352941263
2025-04,B_n_5x50,dual,dual_entry_vs_sniper_canonical_top3_sltp,154,906739,906739,-1,81931.2,81926.2919117647,0.4908088235294108,4.908088235294108,tp,0.0,-0.07702311176469905,0.08193120000000001,5.0,fvg,0.001,-0.15895431176469904
2025-04,B_n_5x50,dual,dual_entry_vs_sniper_canonical_top3_sltp,155,906771,906771,-1,81957.9,81956.9,0.1,1.0,tp,0.0,-0.0809579,0.0819579,5.0,fvg,0.001,-0.1629158
2025-04,B_n_5x50,dual,dual_entry_vs_sniper_canonical_top3_sltp,156,909245,909245,1,82486.35,82485.8587260035,0.4912739965097261,4.912739965097261,sl,0.0,-0.08297762399650752,0.08248635,5.0,ifvg,0.001,-0.16546397399650753
2025-04,B_n_5x50,dual,dual_entry_vs_sniper_canonical_top3_sltp,157,909245,909245,1,82514.5,82513.51745200698,0.9825479930191982,9.825479930191982,sl,0.0,-0.08349704799301504,0.0825145,5.0,ifvg,0.001,-0.16601154799301504
2025-04,B_n_5x50,dual,dual_entry_vs_sniper_canonical_top3_sltp,158,909318,909318,1,82458.2,82458.09999999999,0.1,1.0,sl,0.0,-0.08255820000000583,0.08245820000000001,5.0,ifvg,0.001,-0.16501640000000584
2025-04,B_n_5x50,dual,dual_entry_vs_sniper_canonical_top3_sltp,159,909245,909423,-1,82462.4,82515.0,281.50000000001455,2815.0000000001455,inv,181.0,-0.13506240000000583,0.0824624,5.0,ifvg_clean,0.001,-0.21752480000000585
2025-04,B_n_5x50,dual,dual_entry_vs_sniper_canonical_top3_sltp,160,910574,910574,-1,82247.55,82248.03181818181,0.4818181818181818,4.818181818181818,sl,0.0,-0.08272936818181184,0.08224755,5.0,fvg,0.001,-0.16497691818181184
2025-04,B_n_5x50,dual,dual_entry_vs_sniper_canonical_top3_sltp,161,910574,910574,-1,82234.3,82235.26363636364,0.9636363636363636,9.636363636363637,sl,0.0,-0.08319793636363823,0.08223430000000001,5.0,fvg,0.001,-0.16543223636363824
2025-04,B_n_5x50,dual,dual_entry_vs_sniper_canonical_top3_sltp,162,910587,910587,-1,82260.8,82259.8,0.1,1.0,tp,0.0,-0.08126080000000001,0.08226080000000001,5.0,fvg,0.001,-0.16352160000000002
2025-04,B_n_5x50,dual,dual_entry_vs_sniper_canonical_top3_sltp,163,911207,911207,-1,82400.0,82400.98217468806,0.9821746880570429,9.821746880570428,sl,0.0,-0.08338217468806251,0.0824,5.0,fvg,0.001,-0.1657821746880625
2025-04,B_n_5x50,dual,dual_entry_vs_sniper_canonical_top3_sltp,164,911217,911217,-1,82427.55,82428.04108734403,0.49108734402852144,4.910873440285214,sl,0.0,-0.082918637344024,0.08242755000000002,5.0,fvg,0.001,-0.165346187344024
2025-04,B_n_5x50,dual,dual_entry_vs_sniper_canonical_top3_sltp,165,911249,911249,-1,82455.1,82454.1,0.1,1.0,tp,0.0,-0.0814551,0.0824551,5.0,fvg,0.001,-0.1639102
2025-04,B_n_5x50,dual,dual_entry_vs_sniper_canonical_top3_sltp,166,911491,911491,1,82573.3,82572.31776198934,0.9822380106571946,9.822380106571947,sl,0.0,-0.08355553801066343,0.0825733,5.0,fvg,0.001,-0.16612883801066342
2025-04,B_n_5x50,dual,dual_entry_vs_sniper_canonical_top3_sltp,167,880711,915216,1,80874.3,83454.3000000003,258.0000000000291,2580.000000000291,tp,34520.0,2.499125700000291,0.08087430000000001,5.0,ifvg_clean,0.001,2.418251400000291
2025-04,B_n_5x50,dual,dual_entry_vs_sniper_canonical_top3_sltp,168,948607,948607,-1,82801.4,82802.38996990972,0.9899699097291887,9.899699097291887,sl,0.0,-0.08379136990972955,0.0828014,5.0,fvg,0.001,-0.16659276990972954
2025-04,B_n_5x50,dual,dual_entry_vs_sniper_canonical_top3_sltp,169,948628,948628,-1,82850.75,82851.24498495486,0.4949849548645944,4.949849548645943,sl,0.0,-0.0833457349548575,0.08285075,5.0,fvg,0.001,-0.1661964849548575
2025-04,B_n_5x50,dual,dual_entry_vs_sniper_canonical_top3_sltp,170,949102,949102,-1,82900.1,82899.1,0.1,1.0,tp,0.0,-0.0819001,0.0829001,5.0,fvg,0.001,-0.1648002
2025-04,B_n_5x50,dual,dual_entry_vs_sniper_canonical_top3_sltp,171,1037184,1037184,1,85555.4,85554.42816901408,0.971830985915493,9.71830985915493,sl,0.0,-0.0865272309859163,0.08555539999999999,5.0,fvg,0.001,-0.1720826309859163
2025-04,B_n_5x50,dual,dual_entry_vs_sniper_canonical_top3_sltp,172,1037187,1037187,1,85538.15,85537.66408450704,0.4859154929577465,4.859154929577465,sl,0.0,-0.08602406549295816,0.08553815000000001,5.0,fvg,0.001,-0.17156221549295816
2025-04,B_n_5x50,dual,dual_entry_vs_sniper_canonical_top3_sltp,173,1037189,1037189,1,85520.9,85521.9,0.1,1.0,tp,0.0,-0.0845209,0.0855209,5.0,fvg,0.001,-0.1700418
2025-04,B_n_5x50,dual,dual_entry_vs_sniper_canonical_top3_sltp,174,1245361,1245361,-1,85642.55,85643.03915401302,0.4891540130151858,4.891540130151858,sl,0.0,-0.08613170401301928,0.08564255,5.0,ifvg,0.001,-0.17177425401301927
2025-04,B_n_5x50,dual,dual_entry_vs_sniper_canonical_top3_sltp,175,1245361,1245361,-1,85620.0,85620.97830802602,0.9783080260303716,9.783080260303716,sl,0.0,-0.08659830802602403,0.08562,5.0,ifvg,0.001,-0.17221830802602403
2025-04,B_n_5x50,dual,dual_entry_vs_sniper_canonical_top3_sltp,176,1245361,1245363,1,85652.4,85619.5,225.5000000000291,2255.000000000291,inv,2.0,-0.11855239999999417,0.0856524,5.0,ifvg_clean,0.001,-0.2042047999999942
2025-04,B_n_5x50,dual,dual_entry_vs_sniper_canonical_top3_sltp,177,1252583,1252583,-1,84927.9,84928.38595505618,0.4859550561799762,4.859550561799762,sl,0.0,-0.08541385505618142,0.0849279,5.0,ifvg,0.001,-0.17034175505618143
2025-04,B_n_5x50,dual,dual_entry_vs_sniper_canonical_top3_sltp,178,1252583,1252583,-1,84910.6,84911.57191011237,0.9719101123595437,9.719101123595436,sl,0.0,-0.08588251011236282,0.0849106,5.0,ifvg,0.001,-0.1707931101123628
2025-04,B_n_5x50,dual,dual_entry_vs_sniper_canonical_top3_sltp,179,1252583,1252601,1,84929.0,84910.1,172.99999999995634,1729.9999999995634,inv,18.0,-0.10382899999999418,0.084929,5.0,ifvg_clean,0.001,-0.18875799999999418
2025-04,B_n_5x50,dual,dual_entry_vs_sniper_canonical_top3_sltp,180,1252621,1252621,-1,84945.2,84944.2,0.1,1.0,tp,0.0,-0.0839452,0.0849452,5.0,ifvg,0.001,-0.1688904
2025-04,B_n_5x50,dual,dual_entry_vs_sniper_canonical_top3_sltp,181,1342528,1342528,1,85354.4,85353.4127226463,0.987277353689566,9.87277353689566,sl,0.0,-0.08634167735369175,0.0853544,5.0,ifvg,0.001,-0.17169607735369175
2025-04,B_n_5x50,dual,dual_entry_vs_sniper_canonical_top3_sltp,182,1342528,1342528,-1,85329.7,85354.9,387.99999999995634,3879.9999999995634,inv,0.0,-0.1105296999999971,0.08532970000000001,5.0,ifvg_clean,0.001,-0.1958593999999971
2025-04,B_n_5x50,dual,dual_entry_vs_sniper_canonical_top3_sltp,183,1342533,1342533,1,85276.8,85277.8,0.1,1.0,tp,0.0,-0.08427680000000001,0.08527680000000001,5.0,ifvg,0.001,-0.16955360000000003
2025-04,B_n_5x50,dual,dual_entry_vs_sniper_canonical_top3_sltp,184,1342533,1342533,1,85315.6,85320.53638676845,0.49363867684487556,4.936386768448756,tp,0.0,-0.0803792132315558,0.0853156,5.0,ifvg,0.001,-0.1656948132315558
2025-04,B_n_5x50,dual,dual_entry_vs_sniper_canonical_top3_sltp,185,1344808,1344808,1,83752.9,83752.79999999999,0.1,1.0,inv,0.0,-0.08385290000000582,0.0837529,5.0,ifvg,0.001,-0.16760580000000583
2025-04,B_n_5x50,dual,dual_entry_vs_sniper_canonical_top3_sltp,186,1344808,1344808,1,83770.45,83769.96385041552,0.48614958448753687,4.8614958448753685,sl,0.0,-0.0842565995844816,0.08377045,5.0,ifvg,0.001,-0.1680270495844816
2025-04,B_n_5x50,dual,dual_entry_vs_sniper_canonical_top3_sltp,187,1344808,1344808,1,83788.0,83787.02770083102,0.9722991689750737,9.722991689750737,sl,0.0,-0.08476029916897777,0.083788,5.0,ifvg,0.001,-0.1685482991689778
2025-04,B_n_5x50,dual,dual_entry_vs_sniper_canonical_top3_sltp,188,1344862,1344862,1,83618.1,83617.11730103807,0.9826989619377172,9.826989619377173,sl,0.0,-0.08460079896193234,0.08361810000000001,5.0,fvg,0.001,-0.16821889896193237
2025-04,B_n_5x50,dual,dual_entry_vs_sniper_canonical_top3_sltp,189,1344867,1344867,1,83589.70000000001,83589.20865051904,0.4913494809689845,4.913494809689845,sl,0.0,-0.08408104948097345,0.0835897,5.0,fvg,0.001,-0.16767074948097344
2025-04,B_n_5x50,dual,dual_entry_vs_sniper_canonical_top3_sltp,190,1344882,1344882,1,83676.75,83676.26052631579,0.4894736842105263,4.894736842105263,inv,0.0,-0.08416622368421067,0.08367675,5.0,ifvg,0.001,-0.16784297368421067
2025-04,B_n_5x50,dual,dual_entry_vs_sniper_canonical_top3_sltp,191,1344882,1344882,1,83700.0,83699.02105263158,0.9789473684210526,9.789473684210526,sl,0.0,-0.08467894736842137,0.08370000000000001,5.0,ifvg,0.001,-0.16837894736842138
2025-04,B_n_5x50,dual,dual_entry_vs_sniper_canonical_top3_sltp,192,1344884,1344884,1,83653.5,83653.4,0.1,1.0,inv,0.0,-0.08375350000000582,0.0836535,5.0,ifvg,0.001,-0.16740700000000583
2025-04,B_n_5x50,dual,dual_entry_vs_sniper_canonical_top3_sltp,193,1344882,1344918,-1,83657.4,83889.9,232.5,2325.0,sl,36.0,-0.31615740000000003,0.08365739999999999,5.0,ifvg_clean,0.001,-0.3998148
2025-04,B_n_5x50,dual,dual_entry_vs_sniper_canonical_top3_sltp,194,1344808,1344921,-1,83748.0,83923.50000000003,175.5000000000291,1755.000000000291,sl,113.0,-0.2592480000000291,0.083748,5.0,ifvg_clean,0.001,-0.3429960000000291
2025-04,B_n_5x50,dual,dual_entry_vs_sniper_canonical_top3_sltp,195,1418914,1418914,1,84365.2,84364.20426985482,0.995730145175064,9.95730145175064,sl,0.0,-0.08536093014517955,0.0843652,5.0,fvg,0.001,-0.16972613014517957
2025-04,B_n_5x50,dual,dual_entry_vs_sniper_canonical_top3_sltp,196,1420429,1420429,-1,84510.2,84510.6898785425,0.48987854251012025,4.898785425101202,sl,0.0,-0.08500007854250298,0.0845102,5.0,ifvg,0.001,-0.16951027854250297
2025-04,B_n_5x50,dual,dual_entry_vs_sniper_canonical_top3_sltp,197,1420429,1420429,-1,84486.0,84486.97975708502,0.9797570850202405,9.797570850202405,sl,0.0,-0.08546575708502055,0.084486,5.0,ifvg,0.001,-0.16995175708502056
2025-04,B_n_5x50,dual,dual_entry_vs_sniper_canonical_top3_sltp,198,1420433,1420433,-1,84534.4,84533.4,0.1,1.0,tp,0.0,-0.0835344,0.0845344,5.0,ifvg,0.001,-0.1680688
2025-04,B_n_5x50,dual,dual_entry_vs_sniper_canonical_top3_sltp,199,1420429,1420529,1,84531.9,84485.5,241.9999999999709,2419.999999999709,inv,100.0,-0.13093189999999416,0.0845319,5.0,ifvg_clean,0.001,-0.21546379999999415
2025-04,B_n_5x50,dual,dual_entry_vs_sniper_canonical_top3_sltp,200,1523752,1523752,-1,84593.5,84594.46212121213,0.9621212121212037,9.621212121212038,sl,0.0,-0.08555562121212738,0.0845935,5.0,fvg,0.001,-0.17014912121212739
2025-04,B_n_5x50,dual,dual_entry_vs_sniper_canonical_top3_sltp,201,1523752,1523754,-1,84606.2,84606.68106060606,0.48106060606060186,4.810606060606019,sl,2.0,-0.0850872606060637,0.0846062,5.0,fvg,0.001,-0.16969346060606372
2025-04,B_n_5x50,dual,dual_entry_vs_sniper_canonical_top3_sltp,202,1541534,1541534,1,84846.1,84845.61041666668,0.4895833333333333,4.895833333333333,sl,0.0,-0.08533568333332849,0.08484610000000001,5.0,ifvg,0.001,-0.1701817833333285
2025-04,B_n_5x50,dual,dual_entry_vs_sniper_canonical_top3_sltp,203,1541534,1541534,1,84869.6,84868.62083333333,0.9791666666666666,9.791666666666666,sl,0.0,-0.08584876666667152,0.0848696,5.0,ifvg,0.001,-0.1707183666666715
2025-04,B_n_5x50,dual,dual_entry_vs_sniper_canonical_top3_sltp,204,1541534,1541577,-1,84824.9,84870.1,235.0,2350.0,inv,43.0,-0.13002490000001163,0.0848249,5.0,ifvg_clean,0.001,-0.21484980000001164
2025-04,B_n_5x50,dual,dual_entry_vs_sniper_canonical_top3_sltp,205,1542132,1542132,1,84822.6,84823.6,0.1,1.0,tp,0.0,-0.08382260000000001,0.08482260000000001,5.0,ifvg,0.001,-0.16864520000000002
2025-04,B_n_5x50,dual,dual_entry_vs_sniper_canonical_top3_sltp,206,1701779,1701779,-1,87438.8,87439.76062992126,0.9606299212598335,9.606299212598335,inv,0.0,-0.08839942992126099,0.0874388,5.0,ifvg,0.001,-0.17583822992126097
2025-04,B_n_5x50,dual,dual_entry_vs_sniper_canonical_top3_sltp,207,1701779,1702010,1,87439.7,87317.70000000003,121.9999999999709,1219.999999999709,sl,231.0,-0.20943969999997092,0.08743970000000001,5.0,ifvg_clean,0.001,-0.2968793999999709
2025-04,B_n_5x50,dual,dual_entry_vs_sniper_canonical_top3_sltp,208,1702239,1702239,-1,87463.2,87463.3,0.1,1.0,inv,0.0,-0.08756320000000582,0.0874632,5.0,ifvg,0.001,-0.17502640000000583
2025-04,B_n_5x50,dual,dual_entry_vs_sniper_canonical_top3_sltp,209,1702239,1702239,-1,87451.0,87451.48031496063,0.48031496062991674,4.803149606299168,sl,0.0,-0.0879313149606305,0.08745100000000001,5.0,ifvg,0.001,-0.1753823149606305
2025-04,B_n_5x50,dual,dual_entry_vs_sniper_canonical_top3_sltp,210,1734044,1734044,-1,86677.0,86677.96884735202,0.9688473520249278,9.688473520249278,sl,0.0,-0.08764584735202184,0.086677,5.0,fvg,0.001,-0.17432284735202186
2025-04,B_n_5x50,dual,dual_entry_vs_sniper_canonical_top3_sltp,211,1734053,1734053,-1,86692.55,86687.70576323988,0.4844236760124639,4.844236760124639,tp,0.0,-0.08184831323987626,0.08669255000000001,5.0,fvg,0.001,-0.16854086323987627
2025-04,B_n_5x50,dual,dual_entry_vs_sniper_canonical_top3_sltp,212,1734056,1734056,-1,86708.1,86707.1,0.1,1.0,tp,0.0,-0.08570810000000001,0.08670810000000001,5.0,fvg,0.001,-0.17241620000000002
2025-04,B_n_5x50,dual,dual_entry_vs_sniper_canonical_top3_sltp,213,1743871,1743871,-1,87391.0,87391.1,0.1,1.0,inv,0.0,-0.08749100000000583,0.08739100000000001,5.0,ifvg,0.001,-0.17488200000000584
2025-04,B_n_5x50,dual,dual_entry_vs_sniper_canonical_top3_sltp,214,1743871,1743871,-1,87301.5,87301.99722222223,0.49722222222222223,4.972222222222222,sl,0.0,-0.08779872222222772,0.0873015,5.0,ifvg,0.001,-0.1751002222222277
2025-04,B_n_5x50,dual,dual_entry_vs_sniper_canonical_top3_sltp,215,1743871,1743871,-1,87212.0,87212.99444444444,0.9944444444444445,9.944444444444445,sl,0.0,-0.0882064444444409,0.08721200000000001,5.0,ifvg,0.001,-0.1754184444444409
2025-04,B_n_5x50,dual,dual_entry_vs_sniper_canonical_top3_sltp,216,1747797,1747797,1,87932.65,87932.16858736059,0.48141263940494,4.8141263940494,sl,0.0,-0.08841406263940488,0.08793265,5.0,ifvg,0.001,-0.17634671263940488
2025-04,B_n_5x50,dual,dual_entry_vs_sniper_canonical_top3_sltp,217,1747797,1747797,1,87945.6,87944.6371747212,0.962825278810421,9.62825278810421,sl,0.0,-0.08890842527880977,0.08794560000000001,5.0,ifvg,0.001,-0.17685402527880978
2025-04,B_n_5x50,dual,dual_entry_vs_sniper_canonical_top3_sltp,218,1747808,1747808,1,87919.7,87920.7,0.1,1.0,tp,0.0,-0.0869197,0.0879197,5.0,ifvg,0.001,-0.1748394
2025-04,B_n_5x50,dual,dual_entry_vs_sniper_canonical_top3_sltp,219,1747797,1747813,-1,87927.6,87946.1,129.50000000004366,1295.0000000004366,inv,16.0,-0.10642760000000001,0.08792760000000001,5.0,ifvg_clean,0.001,-0.1943552
2025-04,B_n_5x50,dual,dual_entry_vs_sniper_canonical_top3_sltp,220,1748294,1748294,-1,88080.2,88080.3,0.1,1.0,inv,0.0,-0.08818020000000583,0.08808020000000001,5.0,ifvg,0.001,-0.17626040000000584
2025-04,B_n_5x50,dual,dual_entry_vs_sniper_canonical_top3_sltp,221,1748294,1748294,-1,88063.6,88064.08538011696,0.48538011695885036,4.853801169588504,sl,0.0,-0.088548980116952,0.0880636,5.0,ifvg,0.001,-0.17661258011695202
2025-04,B_n_5x50,dual,dual_entry_vs_sniper_canonical_top3_sltp,222,1748294,1748294,-1,88047.0,88047.97076023392,0.9707602339181262,9.707602339181262,sl,0.0,-0.08901776023391855,0.088047,5.0,ifvg,0.001,-0.17706476023391854
2025-04,B_n_5x50,dual,dual_entry_vs_sniper_canonical_top3_sltp,223,1748294,1749627,1,88066.7,87900.70000000001,165.99999999998545,1659.9999999998545,sl,1333.0,-0.25406669999998543,0.0880667,5.0,ifvg_clean,0.001,-0.34213339999998543
2025-04,B_n_5x50,dual,dual_entry_vs_sniper_canonical_top3_sltp,224,1743871,1754330,1,87390.6,86495.6,895.0,8950.0,sl,10464.0,-0.9823906,0.08739060000000001,5.0,ifvg_clean,0.001,-1.0697812
2025-04,B_n_5x50,dual,dual_entry_vs_sniper_canonical_top3_sltp,225,1754487,1754487,-1,86512.8,86513.79075785582,0.9907578558225506,9.907578558225506,sl,0.0,-0.08750355785581954,0.0865128,5.0,fvg,0.001,-0.17401635785581954
2025-04,B_n_5x50,dual,dual_entry_vs_sniper_canonical_top3_sltp,226,1754492,1754492,-1,86566.4,86561.44621072088,0.4953789279113425,4.953789279113425,tp,0.0,-0.08161261072088775,0.0865664,5.0,fvg,0.001,-0.16817901072088776
2025-04,B_n_5x50,dual,dual_entry_vs_sniper_canonical_top3_sltp,227,1754586,1754586,-1,86620.0,86619.0,0.1,1.0,tp,0.0,-0.08562,0.08662,5.0,fvg,0.001,-0.17224
2025-04,B_n_5x50,dual,dual_entry_vs_sniper_canonical_top3_sltp,228,1755274,1755274,1,86947.15,86946.65515995871,0.49484004127959513,4.9484004127959516,inv,0.0,-0.08744199004128317,0.08694715,5.0,ifvg,0.001,-0.17438914004128317
2025-04,B_n_5x50,dual,dual_entry_vs_sniper_canonical_top3_sltp,229,1755274,1755274,1,86995.1,86994.11031991744,0.9896800825593405,9.896800825593404,sl,0.0,-0.08798478008256634,0.0869951,5.0,ifvg,0.001,-0.17497988008256635
2025-04,B_n_5x50,dual,dual_entry_vs_sniper_canonical_top3_sltp,230,1755396,1755396,1,86899.2,86899.09999999999,0.1,1.0,inv,0.0,-0.08699920000000581,0.0868992,5.0,ifvg,0.001,-0.1738984000000058
2025-04,B_n_5x50,dual,dual_entry_vs_sniper_canonical_top3_sltp,231,1755274,1763354,-1,86899.9,87379.40000000004,479.50000000004366,4795.000000000437,sl,8109.0,-0.5663999000000437,0.0868999,5.0,ifvg_clean,0.001,-0.6532998000000437
2025-04,B_n_5x50,dual,dual_entry_vs_sniper_canonical_top3_sltp,232,1782623,1782623,-1,87533.5,87533.99163879598,0.49163879598662047,4.916387959866205,inv,0.0,-0.088025138795982,0.0875335,5.0,ifvg,0.001,-0.175558638795982
2025-04,B_n_5x50,dual,dual_entry_vs_sniper_canonical_top3_sltp,233,1782623,1782623,-1,87504.1,87505.08327759198,0.9832775919732409,9.83277591973241,sl,0.0,-0.08848737759197857,0.08750410000000002,5.0,ifvg,0.001,-0.17599147759197858
2025-04,B_n_5x50,dual,dual_entry_vs_sniper_canonical_top3_sltp,234,1782624,1782624,-1,87562.9,87563.0,0.1,1.0,inv,0.0,-0.08766290000000582,0.0875629,5.0,ifvg,0.001,-0.17522580000000582
2025-04,B_n_5x50,dual,dual_entry_vs_sniper_canonical_top3_sltp,235,1788501,1788501,1,87916.4,87915.40727802037,0.9927219796215426,9.927219796215427,sl,0.0,-0.08890912197962272,0.08791639999999999,5.0,fvg,0.001,-0.1768255219796227
2025-04,B_n_5x50,dual,dual_entry_vs_sniper_canonical_top3_sltp,236,1790178,1790178,1,87848.2,87847.70363901019,0.4963609898107713,4.9636098981077135,sl,0.0,-0.08834456098981136,0.0878482,5.0,fvg,0.001,-0.17619276098981135
2025-04,B_n_5x50,dual,dual_entry_vs_sniper_canonical_top3_sltp,237,1824131,1824131,-1,88563.8,88564.79100719425,0.9910071942446042,9.910071942446042,sl,0.0,-0.08955480719424314,0.0885638,5.0,fvg,0.001,-0.17811860719424313
2025-04,B_n_5x50,dual,dual_entry_vs_sniper_canonical_top3_sltp,238,1824147,1824147,-1,88618.9,88613.94496402876,0.49550359712236747,4.9550359712236745,tp,0.0,-0.08366386402876975,0.0886189,5.0,fvg,0.001,-0.17228276402876974
2025-04,B_n_5x50,dual,dual_entry_vs_sniper_canonical_top3_sltp,239,1824152,1824152,-1,88674.0,88673.0,0.1,1.0,tp,0.0,-0.087674,0.088674,5.0,fvg,0.001,-0.176348
2025-04,B_n_5x50,dual,dual_entry_vs_sniper_canonical_top3_sltp,240,1825165,1825165,1,88934.7,88933.70900090008,0.9909990999099904,9.909990999099904,sl,0.0,-0.08992569909991491,0.08893469999999999,5.0,fvg,0.001,-0.1788603990999149
2025-04,B_n_5x50,dual,dual_entry_vs_sniper_canonical_top3_sltp,241,1827401,1827401,-1,89688.4,89688.88427672956,0.48427672955997864,4.842767295599787,inv,0.0,-0.09017267672956314,0.0896884,5.0,ifvg,0.001,-0.17986107672956314
2025-04,B_n_5x50,dual,dual_entry_vs_sniper_canonical_top3_sltp,242,1827401,1827401,-1,89673.0,89673.96855345913,0.9685534591194996,9.685534591194996,sl,0.0,-0.09064155345912628,0.089673,5.0,ifvg,0.001,-0.18031455345912628
2025-04,B_n_5x50,dual,dual_entry_vs_sniper_canonical_top3_sltp,243,1827419,1827419,-1,89703.8,89703.90000000001,0.1,1.0,inv,0.0,-0.08980380000000582,0.0897038,5.0,ifvg,0.001,-0.17950760000000582
2025-04,B_n_5x50,dual,dual_entry_vs_sniper_canonical_top3_sltp,244,1828160,1828160,-1,90155.95,90156.43933901918,0.48933901918976414,4.893390191897641,inv,0.0,-0.09064528901918646,0.09015595000000001,5.0,ifvg,0.001,-0.1808012390191865
2025-04,B_n_5x50,dual,dual_entry_vs_sniper_canonical_top3_sltp,245,1828160,1828160,-1,90133.0,90133.97867803837,0.9786780383795283,9.786780383795282,sl,0.0,-0.09111167803837288,0.09013299999999999,5.0,ifvg,0.001,-0.18124467803837285
2025-04,B_n_5x50,dual,dual_entry_vs_sniper_canonical_top3_sltp,246,1828161,1828161,-1,90178.9,90179.0,0.1,1.0,inv,0.0,-0.09027890000000582,0.0901789,5.0,ifvg,0.001,-0.18045780000000583
2025-04,B_n_5x50,dual,dual_entry_vs_sniper_canonical_top3_sltp,247,1828160,1828584,1,90174.0,89944.50000000003,229.4999999999709,2294.999999999709,sl,424.0,-0.3196739999999709,0.090174,5.0,ifvg_clean,0.001,-0.4098479999999709
2025-04,B_n_5x50,dual,dual_entry_vs_sniper_canonical_top3_sltp,248,1828707,1828707,-1,89954.45,89954.94306518724,0.4930651872399451,4.930651872399451,inv,0.0,-0.09044751518724187,0.08995444999999999,5.0,ifvg,0.001,-0.18040196518724186
2025-04,B_n_5x50,dual,dual_entry_vs_sniper_canonical_top3_sltp,249,1828707,1828707,-1,89918.9,89919.88613037448,0.9861303744798902,9.861303744798901,sl,0.0,-0.09090503037448376,0.0899189,5.0,ifvg,0.001,-0.18082393037448374
2025-04,B_n_5x50,dual,dual_entry_vs_sniper_canonical_top3_sltp,250,1828729,1828729,-1,89990.0,89990.1,0.1,1.0,inv,0.0,-0.09009000000000582,0.08999,5.0,ifvg,0.001,-0.18008000000000582
2025-04,B_n_5x50,dual,dual_entry_vs_sniper_canonical_top3_sltp,251,1829202,1829202,-1,90119.8,90119.90000000001,0.1,1.0,inv,0.0,-0.09021980000000582,0.0901198,5.0,ifvg,0.001,-0.18033960000000582
2025-04,B_n_5x50,dual,dual_entry_vs_sniper_canonical_top3_sltp,252,1829202,1829202,-1,90084.8,90085.29295774648,0.49295774647887325,4.929577464788732,sl,0.0,-0.09057775774647908,0.0900848,5.0,ifvg,0.001,-0.1806625577464791
2025-04,B_n_5x50,dual,dual_entry_vs_sniper_canonical_top3_sltp,253,1829202,1829202,-1,90049.8,90050.78591549296,0.9859154929577465,9.859154929577464,sl,0.0,-0.09103571549295816,0.09004980000000001,5.0,ifvg,0.001,-0.18108551549295818
2025-04,B_n_5x50,dual,dual_entry_vs_sniper_canonical_top3_sltp,254,1830144,1830144,1,90322.04999999999,90321.56597444088,0.48402555910520034,4.840255591052004,sl,0.0,-0.0908060755591116,0.09032204999999999,5.0,ifvg,0.001,-0.1811281255591116
2025-04,B_n_5x50,dual,dual_entry_vs_sniper_canonical_top3_sltp,255,1830144,1830144,1,90337.2,90336.23194888179,0.9680511182108655,9.680511182108656,sl,0.0,-0.09130525111820867,0.09033719999999999,5.0,ifvg,0.001,-0.18164245111820865
2025-04,B_n_5x50,dual,dual_entry_vs_sniper_canonical_top3_sltp,256,1830144,1830152,-1,90318.3,90337.7,151.50000000001455,1515.0000000001455,inv,8.0,-0.10971829999999419,0.0903183,5.0,ifvg_clean,0.001,-0.20003659999999418
2025-04,B_n_5x50,dual,dual_entry_vs_sniper_canonical_top3_sltp,257,1830167,1830167,1,90306.9,90307.9,0.1,1.0,tp,0.0,-0.0893069,0.0903069,5.0,ifvg,0.001,-0.1796138
2025-04,B_n_5x50,dual,dual_entry_vs_sniper_canonical_top3_sltp,258,1782623,1831092,1,87553.5,90493.49999999942,293.9999999999418,2939.999999999418,tp,48783.0,2.8524464999994184,0.0875535,5.0,ifvg_clean,0.001,2.7648929999994185
2025-04,B_n_5x50,dual,dual_entry_vs_sniper_canonical_top3_sltp,259,1832158,1832158,-1,90627.7,90628.18031496063,0.48031496062991674,4.803149606299168,inv,0.0,-0.09110801496063049,0.0906277,5.0,ifvg,0.001,-0.1817357149606305
2025-04,B_n_5x50,dual,dual_entry_vs_sniper_canonical_top3_sltp,260,1832158,1832158,-1,90615.5,90616.46062992126,0.9606299212598335,9.606299212598335,sl,0.0,-0.09157612992126099,0.0906155,5.0,ifvg,0.001,-0.18219162992126098
2025-04,B_n_5x50,dual,dual_entry_vs_sniper_canonical_top3_sltp,261,1832160,1832160,-1,90639.9,90640.0,0.1,1.0,inv,0.0,-0.09073990000000581,0.0906399,5.0,ifvg,0.001,-0.1813798000000058
2025-04,B_n_5x50,dual,dual_entry_vs_sniper_canonical_top3_sltp,262,1827401,1832741,1,89684.3,91224.30000000015,154.00000000001455,1540.0000000001455,tp,5340.0,1.4503157000001454,0.08968430000000001,5.0,ifvg_clean,0.001,1.3606314000001454
2025-04,B_n_5x50,dual,dual_entry_vs_sniper_canonical_top3_sltp,263,1832158,1834903,1,90633.2,90511.20000000003,121.9999999999709,1219.999999999709,sl,2745.0,-0.2126331999999709,0.09063320000000001,5.0,ifvg_clean,0.001,-0.3032663999999709
2025-04,B_n_5x50,dual,dual_entry_vs_sniper_canonical_top3_sltp,264,1835750,1835750,1,90554.6,90553.62252252254,0.9774774774774819,9.77477477477482,sl,0.0,-0.09153207747747054,0.09055460000000001,5.0,fvg,0.001,-0.18208667747747054
2025-04,B_n_5x50,dual,dual_entry_vs_sniper_canonical_top3_sltp,265,1836045,1836045,-1,90950.0,90950.99011857707,0.9901185770750985,9.901185770750985,sl,0.0,-0.09194011857707228,0.09095,5.0,fvg,0.001,-0.18289011857707227
2025-04,B_n_5x50,dual,dual_entry_vs_sniper_canonical_top3_sltp,266,1841502,1841502,-1,91000.1,90995.14940711463,0.4950592885374774,4.950592885374774,tp,0.0,-0.08604950711462404,0.0910001,5.0,fvg,0.001,-0.17704960711462403
2025-04,B_n_5x50,dual,dual_entry_vs_sniper_canonical_top3_sltp,267,1841520,1841520,-1,91050.2,91049.2,0.1,1.0,tp,0.0,-0.09005020000000001,0.09105020000000001,5.0,fvg,0.001,-0.18110040000000002
2025-04,B_n_5x50,dual,dual_entry_vs_sniper_canonical_top3_sltp,268,1842366,1842366,1,91192.25,91191.76291989665,0.487080103359177,4.87080103359177,sl,0.0,-0.09167933010335395,0.09119225,5.0,ifvg,0.001,-0.18287158010335397
2025-04,B_n_5x50,dual,dual_entry_vs_sniper_canonical_top3_sltp,269,1842366,1842366,1,91211.1,91210.12583979328,0.974160206718354,9.74160206718354,sl,0.0,-0.09218526020672245,0.0912111,5.0,ifvg,0.001,-0.18339636020672245
2025-04,B_n_5x50,dual,dual_entry_vs_sniper_canonical_top3_sltp,270,1842367,1842367,1,91173.4,91174.4,0.1,1.0,tp,0.0,-0.0901734,0.0911734,5.0,ifvg,0.001,-0.1813468
2025-04,B_n_5x50,dual,dual_entry_vs_sniper_canonical_top3_sltp,271,1842366,1842397,-1,91176.1,91211.6,188.5000000000582,1885.000000000582,inv,31.0,-0.1266761,0.09117610000000001,5.0,ifvg_clean,0.001,-0.21785220000000002
2025-04,B_n_5x50,dual,dual_entry_vs_sniper_canonical_top3_sltp,272,1851442,1851442,1,91272.0,91271.04347826086,0.9565217391304348,9.565217391304348,inv,0.0,-0.0922285217391355,0.091272,5.0,ifvg,0.001,-0.1835005217391355
2025-04,B_n_5x50,dual,dual_entry_vs_sniper_canonical_top3_sltp,273,1851452,1851452,1,91250.0,91249.9,0.1,1.0,inv,0.0,-0.09135000000000582,0.09125,5.0,ifvg,0.001,-0.1826000000000058
2025-04,B_n_5x50,dual,dual_entry_vs_sniper_canonical_top3_sltp,274,1851452,1851452,1,91261.0,91265.78260869565,0.4782608695652174,4.782608695652174,tp,0.0,-0.08647839130435162,0.091261,5.0,ifvg,0.001,-0.17773939130435162
2025-04,B_n_5x50,dual,dual_entry_vs_sniper_canonical_top3_sltp,275,1851442,1855028,-1,91268.0,91378.0,110.0,1100.0,sl,3689.0,-0.201268,0.091268,5.0,ifvg_clean,0.001,-0.292536
2025-04,B_n_5x50,dual,dual_entry_vs_sniper_canonical_top3_sltp,276,1855437,1855437,1,91522.2,91522.09999999999,0.1,1.0,sl,0.0,-0.09162220000000582,0.0915222,5.0,ifvg,0.001,-0.1831444000000058
2025-04,B_n_5x50,dual,dual_entry_vs_sniper_canonical_top3_sltp,277,1855437,1855437,1,91544.29999999999,91543.8110619469,0.48893805309718347,4.889380530971835,sl,0.0,-0.09203323805309489,0.0915443,5.0,ifvg,0.001,-0.1835775380530949
2025-04,B_n_5x50,dual,dual_entry_vs_sniper_canonical_top3_sltp,278,1855437,1855437,1,91566.4,91565.4221238938,0.9778761061946889,9.77876106194689,sl,0.0,-0.0925442761061898,0.0915664,5.0,ifvg,0.001,-0.1841106761061898
2025-04,B_n_5x50,dual,dual_entry_vs_sniper_canonical_top3_sltp,279,1855437,1855728,-1,91503.0,91566.9,220.99999999998545,2209.9999999998545,inv,291.0,-0.15540299999999418,0.091503,5.0,ifvg_clean,0.001,-0.24690599999999419
2025-04,B_n_5x50,dual,dual_entry_vs_sniper_canonical_top3_sltp,280,1828707,1856852,1,89975.4,93530.40000000029,355.5000000000291,3555.000000000291,tp,28277.0,3.465024600000291,0.0899754,5.0,ifvg_clean,0.001,3.3750492000002907
2025-04,B_n_5x50,dual,dual_entry_vs_sniper_canonical_top3_sltp,281,1829202,1856852,1,90108.7,93608.7,350.0,3500.0,tp,27782.0,3.4098913,0.0901087,5.0,ifvg_clean,0.001,3.3197826
2025-04,B_n_5x50,dual,dual_entry_vs_sniper_canonical_top3_sltp,282,1920648,1920648,1,92337.0,92336.51063829787,0.48936170212765956,4.8936170212765955,inv,0.0,-0.09282636170212982,0.092337,5.0,ifvg,0.001,-0.18516336170212983
2025-04,B_n_5x50,dual,dual_entry_vs_sniper_canonical_top3_sltp,283,1920648,1920648,1,92360.0,92359.02127659574,0.9787234042553191,9.787234042553191,sl,0.0,-0.09333872340425965,0.09236,5.0,ifvg,0.001,-0.18569872340425964
2025-04,B_n_5x50,dual,dual_entry_vs_sniper_canonical_top3_sltp,284,1920657,1920657,1,92314.0,92313.9,0.1,1.0,inv,0.0,-0.09241400000000582,0.09231400000000001,5.0,ifvg,0.001,-0.18472800000000583
2025-04,B_n_5x50,dual,dual_entry_vs_sniper_canonical_top3_sltp,285,1920648,1920883,-1,92320.0,92550.0,230.0,2300.0,sl,235.0,-0.32232000000000005,0.09232000000000001,5.0,ifvg_clean,0.001,-0.41464000000000006
2025-04,B_n_5x50,dual,dual_entry_vs_sniper_canonical_top3_sltp,286,1921919,1921919,-1,92863.15,92863.6353372434,0.48533724340196915,4.8533724340196915,sl,0.0,-0.09334848724340085,0.09286314999999999,5.0,fvg,0.001,-0.18621163724340084
2025-04,B_n_5x50,dual,dual_entry_vs_sniper_canonical_top3_sltp,287,1921919,1921919,-1,92846.6,92847.57067448681,0.9706744868035115,9.706744868035116,sl,0.0,-0.09381727448680174,0.09284660000000002,5.0,fvg,0.001,-0.18666387448680177
2025-04,B_n_5x50,dual,dual_entry_vs_sniper_canonical_top3_sltp,288,1921920,1921920,-1,92879.7,92878.7,0.1,1.0,tp,0.0,-0.0918797,0.0928797,5.0,fvg,0.001,-0.1847594
2025-04,B_n_5x50,dual,dual_entry_vs_sniper_canonical_top3_sltp,289,1981970,1981970,1,91820.8,91819.81953125,0.9804687499999989,9.80468749999999,sl,0.0,-0.09280126875000001,0.09182080000000001,5.0,fvg,0.001,-0.18462206875000003
2025-04,B_n_5x50,dual,dual_entry_vs_sniper_canonical_top3_sltp,290,2014022,2014022,-1,92724.70000000001,92725.18563218392,0.4856321839078381,4.85632183907838,sl,0.0,-0.09321033218390339,0.09272470000000002,5.0,ifvg,0.001,-0.1859350321839034
2025-04,B_n_5x50,dual,dual_entry_vs_sniper_canonical_top3_sltp,291,2014022,2014022,-1,92707.8,92708.77126436782,0.9712643678160943,9.712643678160942,sl,0.0,-0.09367906436782128,0.0927078,5.0,ifvg,0.001,-0.1863868643678213
2025-04,B_n_5x50,dual,dual_entry_vs_sniper_canonical_top3_sltp,292,2014025,2014025,-1,92741.6,92740.6,0.1,1.0,tp,0.0,-0.0917416,0.09274160000000001,5.0,ifvg,0.001,-0.1844832
2025-04,B_n_5x50,dual,dual_entry_vs_sniper_canonical_top3_sltp,293,2014022,2014068,1,92736.1,92707.3,169.00000000001455,1690.0000000001455,inv,46.0,-0.12153610000000292,0.09273610000000002,5.0,ifvg_clean,0.001,-0.21427220000000294
2025-04,B_n_5x50,dual,dual_entry_vs_sniper_canonical_top3_sltp,294,2036533,2036533,-1,93499.9,93500.0,0.1,1.0,inv,0.0,-0.09359990000000581,0.0934999,5.0,ifvg,0.001,-0.1870998000000058
2025-04,B_n_5x50,dual,dual_entry_vs_sniper_canonical_top3_sltp,295,2036533,2036533,-1,93488.79999999999,93489.27844827586,0.47844827586237987,4.784482758623799,sl,0.0,-0.09396724827586958,0.09348879999999998,5.0,ifvg,0.001,-0.18745604827586956
2025-04,B_n_5x50,dual,dual_entry_vs_sniper_canonical_top3_sltp,296,2036533,2036533,-1,93477.7,93478.65689655172,0.9568965517241326,9.568965517241326,sl,0.0,-0.09443459655172463,0.0934777,5.0,ifvg,0.001,-0.18791229655172464
2025-04,B_n_5x50,dual,dual_entry_vs_sniper_canonical_top3_sltp,297,2036533,2043635,1,93499.9,93388.90000000001,110.99999999998545,1109.9999999998545,sl,7161.0,-0.20449989999998544,0.0934999,5.0,ifvg_clean,0.001,-0.29799979999998544
2025-04,B_n_5x50,dual,dual_entry_vs_sniper_canonical_top3_sltp,298,2053144,2053144,1,92991.7,92991.59999999999,0.1,1.0,inv,0.0,-0.09309170000000581,0.0929917,5.0,ifvg,0.001,-0.1860834000000058
2025-04,B_n_5x50,dual,dual_entry_vs_sniper_canonical_top3_sltp,299,2053144,2053144,1,93032.54999999999,93032.0560459492,0.49395405078588517,4.939540507858852,sl,0.0,-0.09352650405079121,0.09303254999999999,5.0,ifvg,0.001,-0.1865590540507912
2025-04,B_n_5x50,dual,dual_entry_vs_sniper_canonical_top3_sltp,300,2053144,2053144,1,93073.4,93072.41209189843,0.9879081015719463,9.879081015719462,sl,0.0,-0.09406130810156789,0.0930734,5.0,ifvg,0.001,-0.1871347081015679
2025-04,B_n_5x50,dual,dual_entry_vs_sniper_canonical_top3_sltp,301,2053144,2058589,-1,92988.2,93396.69999999998,408.49999999998545,4084.9999999998545,sl,5578.0,-0.5014881999999854,0.0929882,5.0,ifvg_clean,0.001,-0.5944763999999854
2025-04,B_n_5x50,dual,dual_entry_vs_sniper_canonical_top3_sltp,302,2289560,2289560,1,93271.4,93270.91984126983,0.48015873015843913,4.801587301584391,inv,0.0,-0.09375155873016267,0.0932714,5.0,ifvg,0.001,-0.18702295873016267
2025-04,B_n_5x50,dual,dual_entry_vs_sniper_canonical_top3_sltp,303,2289560,2289560,1,93283.5,93282.53968253969,0.9603174603174558,9.603174603174558,sl,0.0,-0.09424381746031077,0.0932835,5.0,ifvg,0.001,-0.18752731746031076
2025-04,B_n_5x50,dual,dual_entry_vs_sniper_canonical_top3_sltp,304,2289598,2289598,1,93259.3,93259.2,0.1,1.0,inv,0.0,-0.09335930000000583,0.09325930000000002,5.0,ifvg,0.001,-0.18661860000000585
2025-04,B_n_5x50,dual,dual_entry_vs_sniper_canonical_top3_sltp,305,2293274,2293274,1,93104.8,93104.34385964913,0.4561403508771706,4.561403508771706,sl,0.0,-0.09356094035087056,0.09310480000000002,5.0,fvg,0.001,-0.18666574035087058
2025-04,B_n_5x50,dual,dual_entry_vs_sniper_canonical_top3_sltp,306,2293274,2293274,1,93110.0,93109.08771929824,0.9122807017543412,9.122807017543412,sl,0.0,-0.09402228070175567,0.09311,5.0,fvg,0.001,-0.18713228070175567
2025-04,B_n_5x50,dual,dual_entry_vs_sniper_canonical_top3_sltp,307,2289560,2294059,-1,93260.5,93381.49999999999,120.99999999998545,1209.9999999998545,sl,4503.0,-0.21426049999998548,0.09326050000000001,5.0,ifvg_clean,0.001,-0.3075209999999855
2025-04,B_n_5x50,dual,dual_entry_vs_sniper_canonical_top3_sltp,308,2331748,2331748,-1,95377.2,95378.19032882011,0.990328820116055,9.903288201160551,sl,0.0,-0.0963675288201167,0.09537720000000001,5.0,fvg,0.001,-0.19174472882011673
2025-04,B_n_5x50,dual,dual_entry_vs_sniper_canonical_top3_sltp,309,2331921,2331921,-1,95428.4,95423.44835589941,0.49516441005809786,4.951644100580978,tp,0.0,-0.09047675589941649,0.0954284,5.0,fvg,0.001,-0.18590515589941647
2025-04,B_n_5x50,dual,dual_entry_vs_sniper_canonical_top3_sltp,310,2339294,2339294,1,94015.9,94015.79999999999,0.1,1.0,inv,0.0,-0.09411590000000582,0.0940159,5.0,ifvg,0.001,-0.18813180000000582
2025-04,B_n_5x50,dual,dual_entry_vs_sniper_canonical_top3_sltp,311,2339294,2339294,1,94057.95,94057.45587544066,0.4941245593419511,4.941245593419511,sl,0.0,-0.09455207455933634,0.09405795,5.0,ifvg,0.001,-0.18861002455933634
2025-04,B_n_5x50,dual,dual_entry_vs_sniper_canonical_top3_sltp,312,2339294,2339294,1,94100.0,94099.01175088131,0.9882491186839022,9.882491186839022,sl,0.0,-0.09508824911868725,0.09410000000000002,5.0,ifvg,0.001,-0.18918824911868726
2025-04,B_n_5x50,dual,dual_entry_vs_sniper_canonical_top3_sltp,313,2339294,2353073,-1,94004.4,94424.90000000002,420.5000000000291,4205.000000000291,sl,13913.0,-0.5145044000000292,0.09400439999999999,5.0,ifvg_clean,0.001,-0.6085088000000292
2025-04,B_n_5x50,dual,dual_entry_vs_sniper_canonical_top3_sltp,314,2429707,2429707,1,95244.75,95244.258,0.492,4.92,sl,0.0,-0.09573674999999837,0.09524475,5.0,ifvg,0.001,-0.19098149999999836
2025-04,B_n_5x50,dual,dual_entry_vs_sniper_canonical_top3_sltp,315,2429707,2429707,1,95275.5,95274.516,0.984,9.84,sl,0.0,-0.09625949999999675,0.09527550000000001,5.0,ifvg,0.001,-0.19153499999999676
2025-04,B_n_5x50,dual,dual_entry_vs_sniper_canonical_top3_sltp,316,2429708,2429708,1,95214.0,95215.0,0.1,1.0,tp,0.0,-0.094214,0.09521400000000001,5.0,ifvg,0.001,-0.189428
2025-04,B_n_5x50,dual,dual_entry_vs_sniper_canonical_top3_sltp,317,2429707,2429868,-1,95218.8,95276.0,307.5,3075.0,inv,161.0,-0.1524187999999971,0.0952188,5.0,ifvg_clean,0.001,-0.24763759999999713
2025-04,B_n_5x50,dual,dual_entry_vs_sniper_canonical_top3_sltp,318,2431265,2431265,1,94983.9,94993.78492520137,0.988492520138089,9.88492520138089,tp,0.0,-0.08509897479862484,0.0949839,5.0,fvg,0.001,-0.18008287479862484
2025-04,B_n_5x50,dual,dual_entry_vs_sniper_canonical_top3_sltp,319,2432775,2432775,1,95124.0,95123.50883392226,0.4911660777385168,4.911660777385168,inv,0.0,-0.0956151660777434,0.095124,5.0,ifvg,0.001,-0.19073916607774338
2025-04,B_n_5x50,dual,dual_entry_vs_sniper_canonical_top3_sltp,320,2432775,2432775,1,95151.8,95150.81766784453,0.9823321554770336,9.823321554770336,sl,0.0,-0.09613413215547226,0.09515180000000001,5.0,ifvg,0.001,-0.19128593215547227
2025-04,B_n_5x50,dual,dual_entry_vs_sniper_canonical_top3_sltp,321,2433092,2433092,1,95096.2,95096.09999999999,0.1,1.0,inv,0.0,-0.09519620000000581,0.09509619999999999,5.0,ifvg,0.001,-0.1902924000000058
2025-04,B_n_5x50,dual,dual_entry_vs_sniper_canonical_top3_sltp,322,2432775,2434092,-1,95111.5,95389.50000000003,278.0000000000291,2780.000000000291,sl,1342.0,-0.37311150000002913,0.09511150000000002,5.0,ifvg_clean,0.001,-0.46822300000002914
2025-04,B_n_5x50,dual,dual_entry_vs_sniper_canonical_top3_sltp,323,2469316,2469316,1,94986.1,94986.0,0.1,1.0,sl,0.0,-0.09508610000000582,0.0949861,5.0,ifvg,0.001,-0.19007220000000583
2025-04,B_n_5x50,dual,dual_entry_vs_sniper_canonical_top3_sltp,324,2469316,2469316,1,95010.9,95010.40988142292,0.4901185770749533,4.901185770749533,sl,0.0,-0.09550101857707227,0.0950109,5.0,ifvg,0.001,-0.19051191857707228
2025-04,B_n_5x50,dual,dual_entry_vs_sniper_canonical_top3_sltp,325,2469316,2469316,1,95035.7,95034.71976284585,0.9802371541501943,9.802371541501943,sl,0.0,-0.09601593715414457,0.0950357,5.0,ifvg,0.001,-0.19105163715414458
2025-04,B_n_5x50,dual,dual_entry_vs_sniper_canonical_top3_sltp,326,2469316,2472650,-1,94982.4,95036.2,247.99999999995634,2479.9999999995634,inv,3447.0,-0.14878240000000292,0.0949824,5.0,ifvg_clean,0.001,-0.24376480000000292
2025-04,B_n_5x50,dual,dual_entry_vs_sniper_canonical_top3_sltp,327,2498952,2498952,-1,94679.9,94680.89028182701,0.9902818270165218,9.902818270165218,sl,0.0,-0.09567018182702022,0.0946799,5.0,fvg,0.001,-0.19035008182702023
2025-04,B_n_5x50,dual,dual_entry_vs_sniper_canonical_top3_sltp,328,2500615,2500615,1,94480.54999999999,94480.06901140683,0.480988593155619,4.80988593155619,inv,0.0,-0.09496153859316087,0.09448055,5.0,ifvg,0.001,-0.18944208859316086
2025-04,B_n_5x50,dual,dual_entry_vs_sniper_canonical_top3_sltp,329,2500615,2500615,1,94493.2,94492.23802281369,0.9619771863117913,9.619771863117913,sl,0.0,-0.0954551771863072,0.0944932,5.0,ifvg,0.001,-0.1899483771863072
2025-04,B_n_5x50,dual,dual_entry_vs_sniper_canonical_top3_sltp,330,2500693,2500693,1,94467.9,94467.79999999999,0.1,1.0,inv,0.0,-0.09456790000000583,0.09446790000000001,5.0,ifvg,0.001,-0.18903580000000583
2025-04,B_n_5x50,dual,dual_entry_vs_sniper_canonical_top3_sltp,331,2500615,2502133,-1,94476.6,94603.10000000002,126.50000000001455,1265.0000000001455,sl,1520.0,-0.22097660000001457,0.09447660000000001,5.0,ifvg_clean,0.001,-0.3154532000000146
2025-04,B_n_5x50,dual,dual_entry_vs_sniper_canonical_top3_sltp,332,2508922,2508922,1,93880.0,93879.51219512195,0.4878048780487805,4.878048780487805,inv,0.0,-0.09436780487805196,0.09387999999999999,5.0,ifvg,0.001,-0.18824780487805196
2025-04,B_n_5x50,dual,dual_entry_vs_sniper_canonical_top3_sltp,333,2508922,2508922,1,93900.0,93899.0243902439,0.975609756097561,9.75609756097561,sl,0.0,-0.09487560975610396,0.09390000000000001,5.0,ifvg,0.001,-0.18877560975610397
2025-04,B_n_5x50,dual,dual_entry_vs_sniper_canonical_top3_sltp,334,2508931,2508931,1,93860.0,93859.9,0.1,1.0,inv,0.0,-0.09396000000000582,0.09386,5.0,ifvg,0.001,-0.18782000000000582
2025-04,B_n_5x50,dual,dual_entry_vs_sniper_canonical_top3_sltp,335,2508922,2510416,-1,93870.5,94070.5,200.0,2000.0,sl,1500.0,-0.29387050000000003,0.09387050000000001,5.0,ifvg_clean,0.001,-0.38774100000000006
2025-04,B_n_5x50,dual,dual_entry_vs_sniper_canonical_top3_sltp,336,2512979,2512979,-1,93641.3,93641.77881355933,0.4788135593220391,4.7881355932203915,sl,0.0,-0.09412011355932623,0.0936413,5.0,ifvg,0.001,-0.18776141355932624
2025-04,B_n_5x50,dual,dual_entry_vs_sniper_canonical_top3_sltp,337,2512979,2512979,-1,93630.0,93630.95762711864,0.9576271186440782,9.576271186440783,sl,0.0,-0.0945876271186379,0.09362999999999999,5.0,ifvg,0.001,-0.18821762711863788
2025-04,B_n_5x50,dual,dual_entry_vs_sniper_canonical_top3_sltp,338,2512980,2512980,-1,93652.6,93651.6,0.1,1.0,tp,0.0,-0.0926526,0.0936526,5.0,ifvg,0.001,-0.1863052
2025-04,B_n_5x50,dual,dual_entry_vs_sniper_canonical_top3_sltp,339,2512979,2513017,1,93645.2,93629.5,113.0000000000291,1130.000000000291,inv,38.0,-0.10934519999999709,0.0936452,5.0,ifvg_clean,0.001,-0.20299039999999707
2025-04,B_n_7x45,sniper_canonical,dual_entry_vs_sniper_canonical_top3_sltp,0,579342,652077,1,78116.4,78003.8,683.8999999999796,4396.499999999869,inv,73024.0,-0.1907163999999913,0.0781164,5.0,ifvg_clean,0.001,-0.2688327999999913
2025-04,B_n_7x45,sniper_canonical,dual_entry_vs_sniper_canonical_top3_sltp,1,685131,685225,-1,74785.0,75170.0,385.0,2475.0,sl,94.0,-0.459785,0.074785,5.0,ifvg_clean,0.001,-0.53457
2025-04,B_n_7x45,sniper_canonical,dual_entry_vs_sniper_canonical_top3_sltp,2,722476,725794,-1,76115.3,76617.19999999998,501.8999999999796,3226.499999999869,sl,3319.0,-0.5780152999999796,0.07611530000000001,5.0,ifvg_clean,0.001,-0.6541305999999796
2025-04,B_n_7x45,sniper_canonical,dual_entry_vs_sniper_canonical_top3_sltp,3,726477,726477,-1,76876.0,76889.7,263.8999999999796,1696.499999999869,inv,0.0,-0.09057599999999709,0.076876,5.0,ifvg_clean,0.001,-0.1674519999999971
2025-04,B_n_7x45,sniper_canonical,dual_entry_vs_sniper_canonical_top3_sltp,4,729466,729471,-1,77348.8,77421.0,563.5,3622.5,inv,5.0,-0.1495487999999971,0.07734880000000001,5.0,ifvg_clean,0.001,-0.2268975999999971
2025-04,B_n_7x45,sniper_canonical,dual_entry_vs_sniper_canonical_top3_sltp,5,733840,733913,-1,76946.1,77165.20000000003,219.10000000002037,1408.500000000131,sl,73.0,-0.2960461000000204,0.0769461,5.0,ifvg_clean,0.001,-0.3729922000000204
2025-04,B_n_7x45,sniper_canonical,dual_entry_vs_sniper_canonical_top3_sltp,6,735506,735542,1,77517.3,77425.5,658.0,4230.0,inv,36.0,-0.16931730000000292,0.07751730000000001,5.0,ifvg_clean,0.001,-0.24683460000000293
2025-04,B_n_7x45,sniper_canonical,dual_entry_vs_sniper_canonical_top3_sltp,7,737180,737306,1,77168.0,77129.9,319.20000000004075,2052.000000000262,inv,129.0,-0.11526800000000584,0.07716800000000001,5.0,ifvg_clean,0.001,-0.19243600000000585
2025-04,B_n_7x45,sniper_canonical,dual_entry_vs_sniper_canonical_top3_sltp,8,732178,739636,-1,77844.1,77874.5,176.39999999997963,1133.999999999869,inv,7462.0,-0.1082440999999942,0.07784410000000001,5.0,ifvg_clean,0.001,-0.1860881999999942
2025-04,B_n_7x45,sniper_canonical,dual_entry_vs_sniper_canonical_top3_sltp,9,725360,740964,1,76392.0,78502.49999999974,328.29999999995925,2110.499999999738,tp,15609.0,2.0341079999997382,0.076392,5.0,ifvg_clean,0.001,1.9577159999997382
2025-04,B_n_7x45,sniper_canonical,dual_entry_vs_sniper_canonical_top3_sltp,10,741966,741994,-1,77883.3,78003.7,302.3999999999796,1943.999999999869,inv,28.0,-0.19828329999999417,0.0778833,5.0,ifvg_clean,0.001,-0.27616659999999416
2025-04,B_n_7x45,sniper_canonical,dual_entry_vs_sniper_canonical_top3_sltp,11,742005,742011,-1,78526.7,78573.9,364.0,2340.0,inv,6.0,-0.12572669999999708,0.0785267,5.0,ifvg_clean,0.001,-0.2042533999999971
2025-04,B_n_7x45,sniper_canonical,dual_entry_vs_sniper_canonical_top3_sltp,12,738141,742225,1,77720.1,80240.1,392.0,2520.0,tp,4086.0,2.4422799,0.0777201,5.0,ifvg_clean,0.001,2.3645598
2025-04,B_n_7x45,sniper_canonical,dual_entry_vs_sniper_canonical_top3_sltp,13,738817,742228,1,77579.1,80270.10000000014,418.6000000000204,2691.000000000131,tp,3413.0,2.613420900000131,0.07757910000000001,5.0,ifvg_clean,0.001,2.535841800000131
2025-04,B_n_7x45,sniper_canonical,dual_entry_vs_sniper_canonical_top3_sltp,14,742004,742252,1,78295.3,80306.80000000053,312.9000000000815,2011.5000000005239,tp,248.0,1.933204700000524,0.0782953,5.0,ifvg_clean,0.001,1.854909400000524
2025-04,B_n_7x45,sniper_canonical,dual_entry_vs_sniper_canonical_top3_sltp,15,746114,746455,1,82677.8,82410.40000000002,267.3999999999796,1718.999999999869,sl,341.0,-0.3500777999999797,0.08267780000000001,5.0,ifvg_clean,0.001,-0.4327555999999797
2025-04,B_n_7x45,sniper_canonical,dual_entry_vs_sniper_canonical_top3_sltp,16,751131,751139,-1,82357.3,82377.4,170.0999999999185,1093.4999999994761,inv,8.0,-0.10245729999999129,0.08235730000000001,5.0,ifvg_clean,0.001,-0.18481459999999128
2025-04,B_n_7x45,sniper_canonical,dual_entry_vs_sniper_canonical_top3_sltp,17,757425,763906,1,82957.3,82757.8,199.5,1282.5,sl,6486.0,-0.2824573,0.08295730000000001,5.0,ifvg_clean,0.001,-0.36541460000000003
2025-04,B_n_7x45,sniper_canonical,dual_entry_vs_sniper_canonical_top3_sltp,18,755703,768049,1,83085.3,82305.50000000004,779.7999999999593,5012.999999999738,sl,12357.0,-0.8628852999999593,0.0830853,5.0,ifvg_clean,0.001,-0.9459705999999594
2025-04,B_n_7x45,sniper_canonical,dual_entry_vs_sniper_canonical_top3_sltp,19,814568,818463,-1,81509.2,81711.49999999996,202.29999999995925,1300.499999999738,sl,3895.0,-0.28380919999995924,0.08150919999999999,5.0,ifvg_clean,0.001,-0.36531839999995924
2025-04,B_n_7x45,sniper_canonical,dual_entry_vs_sniper_canonical_top3_sltp,20,827743,827991,1,78751.0,78633.4,835.8000000000611,5373.000000000393,inv,248.0,-0.19635100000000583,0.078751,5.0,ifvg_clean,0.001,-0.27510200000000584
2025-04,B_n_7x45,sniper_canonical,dual_entry_vs_sniper_canonical_top3_sltp,21,829552,829576,1,79173.2,79139.4,140.70000000004075,904.5000000002619,inv,24.0,-0.11297320000000291,0.0791732,5.0,ifvg_clean,0.001,-0.1921464000000029
2025-04,B_n_7x45,sniper_canonical,dual_entry_vs_sniper_canonical_top3_sltp,22,831687,831915,-1,79266.6,79546.6,280.0,1800.0,sl,228.0,-0.35926660000000005,0.0792666,5.0,ifvg_clean,0.001,-0.43853320000000007
2025-04,B_n_7x45,sniper_canonical,dual_entry_vs_sniper_canonical_top3_sltp,23,854638,854645,1,79415.7,79405.5,147.70000000004075,949.5000000002619,inv,7.0,-0.08961569999999709,0.0794157,5.0,ifvg_clean,0.001,-0.1690313999999971
2025-04,B_n_7x45,sniper_canonical,dual_entry_vs_sniper_canonical_top3_sltp,24,831600,854990,1,79236.5,79188.1,368.8999999999796,2371.499999999869,inv,23803.0,-0.12763649999999419,0.0792365,5.0,ifvg_clean,0.001,-0.2068729999999942
2025-04,B_n_7x45,sniper_canonical,dual_entry_vs_sniper_canonical_top3_sltp,25,862409,862774,-1,80280.1,80339.1,357.70000000004075,2299.500000000262,inv,365.0,-0.13928010000000002,0.08028010000000001,5.0,ifvg_clean,0.001,-0.21956020000000004
2025-04,B_n_7x45,sniper_canonical,dual_entry_vs_sniper_canonical_top3_sltp,26,880686,880687,-1,80779.6,80808.3,264.6000000000204,1701.000000000131,inv,1.0,-0.1094795999999971,0.08077960000000001,5.0,ifvg_clean,0.001,-0.1902591999999971
2025-04,B_n_7x45,sniper_canonical,dual_entry_vs_sniper_canonical_top3_sltp,27,870988,880913,1,80543.8,81722.80000000053,183.4000000000815,1179.0000000005239,tp,9970.0,1.0984562000005238,0.08054380000000001,5.0,ifvg_clean,0.001,1.0179124000005237
2025-04,B_n_7x45,sniper_canonical,dual_entry_vs_sniper_canonical_top3_sltp,28,863815,888940,1,80627.9,82589.90000000026,305.20000000004075,1962.000000000262,tp,25189.0,1.881372100000262,0.0806279,5.0,ifvg_clean,0.001,1.8007442000002618
2025-04,B_n_7x45,sniper_canonical,dual_entry_vs_sniper_canonical_top3_sltp,29,889177,890525,1,82690.8,82543.8,147.0,945.0,sl,1348.0,-0.2296908,0.08269080000000001,5.0,ifvg_clean,0.001,-0.31238160000000004
2025-04,B_n_7x45,sniper_canonical,dual_entry_vs_sniper_canonical_top3_sltp,30,896810,896850,-1,82286.5,82348.1,416.5,2677.5,inv,40.0,-0.14388650000000583,0.0822865,5.0,ifvg_clean,0.001,-0.22617300000000584
2025-04,B_n_7x45,sniper_canonical,dual_entry_vs_sniper_canonical_top3_sltp,31,880711,900952,1,80874.3,83196.30000000026,361.20000000004075,2322.000000000262,tp,20246.0,2.241125700000262,0.08087430000000001,5.0,ifvg_clean,0.001,2.160251400000262
2025-04,B_n_7x45,sniper_canonical,dual_entry_vs_sniper_canonical_top3_sltp,32,905779,905827,1,82123.8,81985.5,1031.7999999999593,6632.999999999738,inv,48.0,-0.22042380000000295,0.08212380000000001,5.0,ifvg_clean,0.001,-0.30254760000000297
2025-04,B_n_7x45,sniper_canonical,dual_entry_vs_sniper_canonical_top3_sltp,33,909245,909423,-1,82462.4,82515.0,394.1000000000204,2533.500000000131,inv,181.0,-0.13506240000000583,0.0824624,5.0,ifvg_clean,0.001,-0.21752480000000585
2025-04,B_n_7x45,sniper_canonical,dual_entry_vs_sniper_canonical_top3_sltp,34,1245361,1245363,1,85652.4,85619.5,315.70000000004075,2029.500000000262,inv,2.0,-0.11855239999999417,0.0856524,5.0,ifvg_clean,0.001,-0.2042047999999942
2025-04,B_n_7x45,sniper_canonical,dual_entry_vs_sniper_canonical_top3_sltp,35,1252583,1252601,1,84929.0,84910.1,242.19999999993888,1556.999999999607,inv,18.0,-0.10382899999999418,0.084929,5.0,ifvg_clean,0.001,-0.18875799999999418
2025-04,B_n_7x45,sniper_canonical,dual_entry_vs_sniper_canonical_top3_sltp,36,1342528,1342528,-1,85329.7,85354.9,543.1999999999389,3491.999999999607,inv,0.0,-0.1105296999999971,0.08532970000000001,5.0,ifvg_clean,0.001,-0.1958593999999971
2025-04,B_n_7x45,sniper_canonical,dual_entry_vs_sniper_canonical_top3_sltp,37,1344882,1344927,-1,83657.4,83982.9,325.5,2092.5,sl,45.0,-0.4091574,0.08365739999999999,5.0,ifvg_clean,0.001,-0.4928148
2025-04,B_n_7x45,sniper_canonical,dual_entry_vs_sniper_canonical_top3_sltp,38,1344808,1344932,-1,83748.0,83993.70000000004,245.70000000004075,1579.500000000262,sl,124.0,-0.32944800000004076,0.083748,5.0,ifvg_clean,0.001,-0.41319600000004075
2025-04,B_n_7x45,sniper_canonical,dual_entry_vs_sniper_canonical_top3_sltp,39,1420429,1420529,1,84531.9,84485.5,338.79999999995925,2177.999999999738,inv,100.0,-0.13093189999999416,0.0845319,5.0,ifvg_clean,0.001,-0.21546379999999415
2025-04,B_n_7x45,sniper_canonical,dual_entry_vs_sniper_canonical_top3_sltp,40,1541534,1541577,-1,84824.9,84870.1,329.0,2115.0,inv,43.0,-0.13002490000001163,0.0848249,5.0,ifvg_clean,0.001,-0.21484980000001164
2025-04,B_n_7x45,sniper_canonical,dual_entry_vs_sniper_canonical_top3_sltp,41,1701779,1702546,1,87439.7,87268.90000000004,170.79999999995925,1097.999999999738,sl,767.0,-0.25823969999995927,0.08743970000000001,5.0,ifvg_clean,0.001,-0.3456793999999593
2025-04,B_n_7x45,sniper_canonical,dual_entry_vs_sniper_canonical_top3_sltp,42,1747797,1747813,-1,87927.6,87946.1,181.30000000006112,1165.500000000393,inv,16.0,-0.10642760000000001,0.08792760000000001,5.0,ifvg_clean,0.001,-0.1943552
2025-04,B_n_7x45,sniper_canonical,dual_entry_vs_sniper_canonical_top3_sltp,43,1748294,1752045,1,88066.7,87834.30000000002,232.39999999997963,1493.999999999869,sl,3756.0,-0.3204666999999796,0.0880667,5.0,ifvg_clean,0.001,-0.4085333999999796
2025-04,B_n_7x45,sniper_canonical,dual_entry_vs_sniper_canonical_top3_sltp,44,1755274,1778454,-1,86899.9,87571.20000000006,671.3000000000611,4315.500000000393,sl,23664.0,-0.7581999000000612,0.0868999,5.0,ifvg_clean,0.001,-0.8450998000000612
2025-04,B_n_7x45,sniper_canonical,dual_entry_vs_sniper_canonical_top3_sltp,45,1782623,1827966,1,87553.5,90199.49999999948,411.5999999999185,2645.999999999476,tp,45657.0,2.5584464999994765,0.0875535,5.0,ifvg_clean,0.001,2.4708929999994766
2025-04,B_n_7x45,sniper_canonical,dual_entry_vs_sniper_canonical_top3_sltp,46,1828160,1828624,1,90174.0,89852.70000000004,321.29999999995925,2065.499999999738,sl,464.0,-0.41147399999995926,0.090174,5.0,ifvg_clean,0.001,-0.5016479999999592
2025-04,B_n_7x45,sniper_canonical,dual_entry_vs_sniper_canonical_top3_sltp,47,1830144,1830152,-1,90318.3,90337.7,212.10000000002037,1363.500000000131,inv,8.0,-0.10971829999999419,0.0903183,5.0,ifvg_clean,0.001,-0.20003659999999418
2025-04,B_n_7x45,sniper_canonical,dual_entry_vs_sniper_canonical_top3_sltp,48,1827401,1832666,1,89684.3,91070.30000000013,215.60000000002037,1386.000000000131,tp,5265.0,1.2963157000001309,0.08968430000000001,5.0,ifvg_clean,0.001,1.2066314000001308
2025-04,B_n_7x45,sniper_canonical,dual_entry_vs_sniper_canonical_top3_sltp,49,1832158,1834964,1,90633.2,90462.40000000004,170.79999999995925,1097.999999999738,sl,2806.0,-0.2614331999999593,0.09063320000000001,5.0,ifvg_clean,0.001,-0.3520663999999593
2025-04,B_n_7x45,sniper_canonical,dual_entry_vs_sniper_canonical_top3_sltp,50,1842366,1842397,-1,91176.1,91211.6,263.9000000000815,1696.5000000005239,inv,31.0,-0.1266761,0.09117610000000001,5.0,ifvg_clean,0.001,-0.21785220000000002
2025-04,B_n_7x45,sniper_canonical,dual_entry_vs_sniper_canonical_top3_sltp,51,1851442,1855056,-1,91268.0,91422.0,154.0,990.0,sl,3717.0,-0.24526799999999999,0.091268,5.0,ifvg_clean,0.001,-0.336536
2025-04,B_n_7x45,sniper_canonical,dual_entry_vs_sniper_canonical_top3_sltp,52,1855437,1855728,-1,91503.0,91566.9,309.3999999999796,1988.999999999869,inv,291.0,-0.15540299999999418,0.091503,5.0,ifvg_clean,0.001,-0.24690599999999419
2025-04,B_n_7x45,sniper_canonical,dual_entry_vs_sniper_canonical_top3_sltp,53,1828707,1856848,1,89975.4,93174.90000000026,497.70000000004075,3199.500000000262,tp,28273.0,3.109524600000262,0.0899754,5.0,ifvg_clean,0.001,3.0195492000002617
2025-04,B_n_7x45,sniper_canonical,dual_entry_vs_sniper_canonical_top3_sltp,54,1829202,1856849,1,90108.7,93258.7,490.0,3150.0,tp,27779.0,3.0598913,0.0901087,5.0,ifvg_clean,0.001,2.9697826
2025-04,B_n_7x45,sniper_canonical,dual_entry_vs_sniper_canonical_top3_sltp,55,1920648,1920923,-1,92320.0,92642.0,322.0,2070.0,sl,275.0,-0.41432,0.09232000000000001,5.0,ifvg_clean,0.001,-0.50664
2025-04,B_n_7x45,sniper_canonical,dual_entry_vs_sniper_canonical_top3_sltp,56,2014022,2014068,1,92736.1,92707.3,236.60000000002037,1521.000000000131,inv,46.0,-0.12153610000000292,0.09273610000000002,5.0,ifvg_clean,0.001,-0.21427220000000294
2025-04,B_n_7x45,sniper_canonical,dual_entry_vs_sniper_canonical_top3_sltp,57,2036533,2043640,1,93499.9,93344.50000000001,155.39999999997963,998.999999999869,sl,7166.0,-0.24889989999997963,0.0934999,5.0,ifvg_clean,0.001,-0.3423997999999796
2025-04,B_n_7x45,sniper_canonical,dual_entry_vs_sniper_canonical_top3_sltp,58,2053144,2060047,-1,92988.2,93560.09999999998,571.8999999999796,3676.499999999869,sl,7050.0,-0.6648881999999796,0.0929882,5.0,ifvg_clean,0.001,-0.7578763999999796
2025-04,B_n_7x45,sniper_canonical,dual_entry_vs_sniper_canonical_top3_sltp,59,1743871,2088151,1,87390.6,95445.6,1253.0,8055.0,tp,347726.0,7.9676094,0.08739060000000001,5.0,ifvg_clean,0.001,7.8802188
2025-04,B_n_7x45,sniper_canonical,dual_entry_vs_sniper_canonical_top3_sltp,60,2289560,2294162,-1,93260.5,93429.89999999998,169.39999999997963,1088.999999999869,sl,4606.0,-0.26266049999997965,0.09326050000000001,5.0,ifvg_clean,0.001,-0.35592099999997967
2025-04,B_n_7x45,sniper_canonical,dual_entry_vs_sniper_canonical_top3_sltp,61,2339294,2353155,-1,94004.4,94593.10000000003,588.7000000000407,3784.500000000262,sl,13995.0,-0.6827044000000407,0.09400439999999999,5.0,ifvg_clean,0.001,-0.7767088000000407
2025-04,B_n_7x45,sniper_canonical,dual_entry_vs_sniper_canonical_top3_sltp,62,2429707,2429868,-1,95218.8,95276.0,430.5,2767.5,inv,161.0,-0.1524187999999971,0.0952188,5.0,ifvg_clean,0.001,-0.24763759999999713
2025-04,B_n_7x45,sniper_canonical,dual_entry_vs_sniper_canonical_top3_sltp,63,2469316,2472650,-1,94982.4,95036.2,347.1999999999389,2231.999999999607,inv,3447.0,-0.14878240000000292,0.0949824,5.0,ifvg_clean,0.001,-0.24376480000000292
2025-04,B_n_7x45,sniper_canonical,dual_entry_vs_sniper_canonical_top3_sltp,64,2500615,2503741,-1,94476.6,93338.09999999987,177.10000000002037,1138.500000000131,tp,3128.0,1.0440234000001312,0.09447660000000001,5.0,ifvg_clean,0.001,0.9495468000001311
2025-04,B_n_7x45,sniper_canonical,dual_entry_vs_sniper_canonical_top3_sltp,65,2512979,2513017,1,93645.2,93629.5,158.20000000004075,1017.0000000002619,inv,38.0,-0.10934519999999709,0.0936452,5.0,ifvg_clean,0.001,-0.20299039999999707
2025-04,B_n_7x45,sniper_canonical,dual_entry_vs_sniper_canonical_top3_sltp,66,2508922,2513833,-1,93870.5,94150.5,280.0,1800.0,sl,4946.0,-0.37387050000000005,0.09387050000000001,5.0,ifvg_clean,0.001,-0.4677410000000001
2025-04,B_n_7x45,sniper_canonical,dual_entry_vs_sniper_canonical_top3_sltp,67,2432775,2539106,-1,95111.5,94125.1,389.20000000004075,2502.000000000262,eod,109201.0,0.8912884999999942,0.09511150000000002,5.0,ifvg_clean,0.001,0.7961769999999941
2025-04,B_n_7x45,dual,dual_entry_vs_sniper_canonical_top3_sltp,0,579342,579342,-1,78102.0,78102.1,0.1,1.0,sl,0.0,-0.07820200000000582,0.078102,5.0,ifvg,0.001,-0.15630400000000583
2025-04,B_n_7x45,dual,dual_entry_vs_sniper_canonical_top3_sltp,1,579342,579342,-1,78053.15,78053.64493414387,0.49493414387038764,4.949341438703876,sl,0.0,-0.07854808414387689,0.07805315,5.0,ifvg,0.001,-0.1566012341438769
2025-04,B_n_7x45,dual,dual_entry_vs_sniper_canonical_top3_sltp,2,579342,579342,-1,78004.3,78005.28986828774,0.9898682877406279,9.898682877406278,sl,0.0,-0.07899416828773922,0.0780043,5.0,ifvg,0.001,-0.15699846828773922
2025-04,B_n_7x45,dual,dual_entry_vs_sniper_canonical_top3_sltp,3,650755,650755,-1,78415.9,78416.89013806706,0.9901380670611447,9.901380670611447,sl,0.0,-0.07940603806706352,0.0784159,5.0,fvg,0.001,-0.15782193806706352
2025-04,B_n_7x45,dual,dual_entry_vs_sniper_canonical_top3_sltp,4,650829,650829,-1,78466.1,78466.59506903353,0.49506903353050064,4.950690335305007,sl,0.0,-0.0789611690335245,0.07846610000000001,5.0,fvg,0.001,-0.1574272690335245
2025-04,B_n_7x45,dual,dual_entry_vs_sniper_canonical_top3_sltp,5,579342,652077,1,78116.4,78003.8,683.8999999999796,4396.499999999869,inv,73024.0,-0.1907163999999913,0.0781164,5.0,ifvg_clean,0.001,-0.2688327999999913
2025-04,B_n_7x45,dual,dual_entry_vs_sniper_canonical_top3_sltp,6,652858,652858,-1,78157.4,78158.3893162393,0.98931623931624,9.8931623931624,sl,0.0,-0.07914671623931276,0.0781574,5.0,fvg,0.001,-0.15730411623931276
2025-04,B_n_7x45,dual,dual_entry_vs_sniper_canonical_top3_sltp,7,685131,685131,1,74778.9,74783.8107142857,0.49107142857142855,4.910714285714286,tp,0.0,-0.06986818571428986,0.0747789,5.0,ifvg,0.001,-0.14464708571428986
2025-04,B_n_7x45,dual,dual_entry_vs_sniper_canonical_top3_sltp,8,685131,685131,1,74806.4,74805.41785714285,0.9821428571428571,9.821428571428571,sl,0.0,-0.07578854285714492,0.0748064,5.0,ifvg,0.001,-0.15059494285714492
2025-04,B_n_7x45,dual,dual_entry_vs_sniper_canonical_top3_sltp,9,685148,685148,1,74751.4,74751.29999999999,0.1,1.0,inv,0.0,-0.07485140000000581,0.0747514,5.0,ifvg,0.001,-0.1496028000000058
2025-04,B_n_7x45,dual,dual_entry_vs_sniper_canonical_top3_sltp,10,685131,685225,-1,74785.0,75170.0,385.0,2475.0,sl,94.0,-0.459785,0.074785,5.0,ifvg_clean,0.001,-0.53457
2025-04,B_n_7x45,dual,dual_entry_vs_sniper_canonical_top3_sltp,11,687393,687393,-1,76411.6,76411.70000000001,0.1,1.0,sl,0.0,-0.07651160000000583,0.07641160000000001,5.0,fvg,0.001,-0.15292320000000584
2025-04,B_n_7x45,dual,dual_entry_vs_sniper_canonical_top3_sltp,12,687393,687393,-1,76404.8,76405.26575342465,0.46575342465754793,4.657534246575479,sl,0.0,-0.07687055342465077,0.07640480000000001,5.0,fvg,0.001,-0.15327535342465076
2025-04,B_n_7x45,dual,dual_entry_vs_sniper_canonical_top3_sltp,13,687393,687393,-1,76398.0,76398.93150684932,0.9315068493150959,9.315068493150958,sl,0.0,-0.07732950684931605,0.076398,5.0,fvg,0.001,-0.15372750684931605
2025-04,B_n_7x45,dual,dual_entry_vs_sniper_canonical_top3_sltp,14,694026,694026,1,74964.65,74969.53123515438,0.48812351543925464,4.881235154392546,tp,0.0,-0.0700834148456107,0.07496465,5.0,fvg,0.001,-0.1450480648456107
2025-04,B_n_7x45,dual,dual_entry_vs_sniper_canonical_top3_sltp,15,694026,694026,1,74985.2,74984.22375296912,0.9762470308788549,9.762470308788549,sl,0.0,-0.07596144703087784,0.07498519999999999,5.0,fvg,0.001,-0.15094664703087785
2025-04,B_n_7x45,dual,dual_entry_vs_sniper_canonical_top3_sltp,16,694536,694536,1,75343.2,75353.1651446497,0.9965144649703729,9.96514464970373,tp,0.0,-0.06537805535029904,0.0753432,5.0,fvg,0.001,-0.14072125535029906
2025-04,B_n_7x45,dual,dual_entry_vs_sniper_canonical_top3_sltp,17,722476,722476,1,76144.15,76143.65687757908,0.4931224209077401,4.931224209077401,inv,0.0,-0.076637272420914,0.07614415,5.0,ifvg,0.001,-0.152781422420914
2025-04,B_n_7x45,dual,dual_entry_vs_sniper_canonical_top3_sltp,18,722476,722476,1,76180.0,76179.01375515819,0.9862448418156804,9.862448418156804,sl,0.0,-0.07716624484181347,0.07618000000000001,5.0,ifvg,0.001,-0.15334624484181347
2025-04,B_n_7x45,dual,dual_entry_vs_sniper_canonical_top3_sltp,19,722482,722482,1,76108.3,76108.2,0.1,1.0,inv,0.0,-0.07620830000000582,0.0761083,5.0,ifvg,0.001,-0.15231660000000583
2025-04,B_n_7x45,dual,dual_entry_vs_sniper_canonical_top3_sltp,20,725360,725360,-1,76369.05,76369.53956158664,0.4895615866388296,4.895615866388296,sl,0.0,-0.07685861158664078,0.07636905000000001,5.0,ifvg,0.001,-0.1532276615866408
2025-04,B_n_7x45,dual,dual_entry_vs_sniper_canonical_top3_sltp,21,725360,725360,-1,76345.6,76346.57912317329,0.9791231732776592,9.791231732776591,sl,0.0,-0.07732472317328155,0.0763456,5.0,ifvg,0.001,-0.15367032317328155
2025-04,B_n_7x45,dual,dual_entry_vs_sniper_canonical_top3_sltp,22,725366,725366,-1,76392.5,76391.5,0.1,1.0,tp,0.0,-0.0753925,0.0763925,5.0,ifvg,0.001,-0.151785
2025-04,B_n_7x45,dual,dual_entry_vs_sniper_canonical_top3_sltp,23,722476,725794,-1,76115.3,76617.19999999998,501.8999999999796,3226.499999999869,sl,3319.0,-0.5780152999999796,0.07611530000000001,5.0,ifvg_clean,0.001,-0.6541305999999796
2025-04,B_n_7x45,dual,dual_entry_vs_sniper_canonical_top3_sltp,24,725919,725919,1,76754.7,76753.70326904216,0.9967309578293558,9.967309578293559,sl,0.0,-0.0777514309578351,0.0767547,5.0,fvg,0.001,-0.1545061309578351
2025-04,B_n_7x45,dual,dual_entry_vs_sniper_canonical_top3_sltp,25,726477,726477,1,76889.2,76888.22583979327,0.9741602067183444,9.741602067183443,sl,0.0,-0.07786336020672245,0.0768892,5.0,ifvg,0.001,-0.15475256020672246
2025-04,B_n_7x45,dual,dual_entry_vs_sniper_canonical_top3_sltp,26,726477,726477,-1,76876.0,76889.7,263.8999999999796,1696.499999999869,inv,0.0,-0.09057599999999709,0.076876,5.0,ifvg_clean,0.001,-0.1674519999999971
2025-04,B_n_7x45,dual,dual_entry_vs_sniper_canonical_top3_sltp,27,726483,726483,1,76870.35,76875.2208010336,0.4870801033593602,4.870801033593602,tp,0.0,-0.07199954896640233,0.07687035,5.0,ifvg,0.001,-0.14886989896640235
2025-04,B_n_7x45,dual,dual_entry_vs_sniper_canonical_top3_sltp,28,726533,726533,1,76851.5,76852.5,0.1,1.0,tp,0.0,-0.0758515,0.0768515,5.0,ifvg,0.001,-0.152703
2025-04,B_n_7x45,dual,dual_entry_vs_sniper_canonical_top3_sltp,29,729466,729466,1,77380.25,77379.75613496933,0.49386503067484666,4.938650306748467,sl,0.0,-0.07787411503067218,0.07738025000000001,5.0,ifvg,0.001,-0.1552543650306722
2025-04,B_n_7x45,dual,dual_entry_vs_sniper_canonical_top3_sltp,30,729466,729466,1,77420.5,77419.51226993866,0.9877300613496933,9.877300613496933,sl,0.0,-0.07840823006134434,0.0774205,5.0,ifvg,0.001,-0.15582873006134434
2025-04,B_n_7x45,dual,dual_entry_vs_sniper_canonical_top3_sltp,31,729467,729467,1,77340.0,77339.9,0.1,1.0,sl,0.0,-0.07744000000000582,0.07734,5.0,ifvg,0.001,-0.15478000000000583
2025-04,B_n_7x45,dual,dual_entry_vs_sniper_canonical_top3_sltp,32,729466,729471,-1,77348.8,77421.0,563.5,3622.5,inv,5.0,-0.1495487999999971,0.07734880000000001,5.0,ifvg_clean,0.001,-0.2268975999999971
2025-04,B_n_7x45,dual,dual_entry_vs_sniper_canonical_top3_sltp,33,732178,732178,1,77848.8,77848.7,0.1,1.0,sl,0.0,-0.07794880000000583,0.07784880000000001,5.0,ifvg,0.001,-0.15579760000000584
2025-04,B_n_7x45,dual,dual_entry_vs_sniper_canonical_top3_sltp,34,732178,732178,1,77861.4,77860.91908396946,0.48091603053407134,4.809160305340713,sl,0.0,-0.07834231603053035,0.0778614,5.0,ifvg,0.001,-0.15620371603053035
2025-04,B_n_7x45,dual,dual_entry_vs_sniper_canonical_top3_sltp,35,732178,732178,1,77874.0,77873.03816793892,0.9618320610686981,9.61832061068698,sl,0.0,-0.07883583206107525,0.077874,5.0,ifvg,0.001,-0.15670983206107525
2025-04,B_n_7x45,dual,dual_entry_vs_sniper_canonical_top3_sltp,36,733840,733840,1,76955.85,76955.36547987617,0.4845201238392359,4.8452012383923595,inv,0.0,-0.07744037012383498,0.07695585000000002,5.0,ifvg,0.001,-0.154396220123835
2025-04,B_n_7x45,dual,dual_entry_vs_sniper_canonical_top3_sltp,37,733840,733840,1,76971.5,76970.53095975232,0.9690402476780213,9.690402476780214,sl,0.0,-0.07794054024768447,0.07697150000000001,5.0,ifvg,0.001,-0.15491204024768448
2025-04,B_n_7x45,dual,dual_entry_vs_sniper_canonical_top3_sltp,38,733840,733913,-1,76946.1,77165.20000000003,219.10000000002037,1408.500000000131,sl,73.0,-0.2960461000000204,0.0769461,5.0,ifvg_clean,0.001,-0.3729922000000204
2025-04,B_n_7x45,dual,dual_entry_vs_sniper_canonical_top3_sltp,39,735506,735506,-1,77473.0,77473.4947368421,0.49473684210526314,4.947368421052632,sl,0.0,-0.07796773684209807,0.077473,5.0,ifvg,0.001,-0.15544073684209808
2025-04,B_n_7x45,dual,dual_entry_vs_sniper_canonical_top3_sltp,40,735506,735506,-1,77426.0,77426.98947368421,0.9894736842105263,9.894736842105264,sl,0.0,-0.07841547368421069,0.07742600000000001,5.0,ifvg,0.001,-0.1558414736842107
2025-04,B_n_7x45,dual,dual_entry_vs_sniper_canonical_top3_sltp,41,735511,735511,-1,77520.0,77519.0,0.1,1.0,tp,0.0,-0.07651999999999999,0.07751999999999999,5.0,ifvg,0.001,-0.15403999999999998
2025-04,B_n_7x45,dual,dual_entry_vs_sniper_canonical_top3_sltp,42,735506,735542,1,77517.3,77425.5,658.0,4230.0,inv,36.0,-0.16931730000000292,0.07751730000000001,5.0,ifvg_clean,0.001,-0.24683460000000293
2025-04,B_n_7x45,dual,dual_entry_vs_sniper_canonical_top3_sltp,43,737180,737180,-1,77153.2,77153.68927038627,0.4892703862660957,4.892703862660957,sl,0.0,-0.07764247038627153,0.0771532,5.0,ifvg,0.001,-0.15479567038627154
2025-04,B_n_7x45,dual,dual_entry_vs_sniper_canonical_top3_sltp,44,737180,737180,-1,77130.4,77131.37854077252,0.9785407725321914,9.785407725321914,sl,0.0,-0.0781089407725285,0.0771304,5.0,ifvg,0.001,-0.1552393407725285
2025-04,B_n_7x45,dual,dual_entry_vs_sniper_canonical_top3_sltp,45,737201,737201,-1,77176.0,77175.0,0.1,1.0,tp,0.0,-0.07617600000000001,0.07717600000000001,5.0,ifvg,0.001,-0.15335200000000002
2025-04,B_n_7x45,dual,dual_entry_vs_sniper_canonical_top3_sltp,46,737180,737306,1,77168.0,77129.9,319.20000000004075,2052.000000000262,inv,129.0,-0.11526800000000584,0.07716800000000001,5.0,ifvg_clean,0.001,-0.19243600000000585
2025-04,B_n_7x45,dual,dual_entry_vs_sniper_canonical_top3_sltp,47,738141,738141,-1,77720.1,77720.20000000001,0.1,1.0,inv,0.0,-0.07782010000000582,0.0777201,5.0,ifvg,0.001,-0.15554020000000582
2025-04,B_n_7x45,dual,dual_entry_vs_sniper_canonical_top3_sltp,48,738141,738141,-1,77692.1,77692.59122807017,0.49122807017543857,4.912280701754385,sl,0.0,-0.0781833280701683,0.07769210000000001,5.0,ifvg,0.001,-0.1558754280701683
2025-04,B_n_7x45,dual,dual_entry_vs_sniper_canonical_top3_sltp,49,738141,738141,-1,77664.1,77665.08245614036,0.9824561403508771,9.82456140350877,sl,0.0,-0.07864655614035113,0.0776641,5.0,ifvg,0.001,-0.1563106561403511
2025-04,B_n_7x45,dual,dual_entry_vs_sniper_canonical_top3_sltp,50,738817,738817,-1,77566.1,77566.59177631579,0.4917763157893544,4.9177631578935435,inv,0.0,-0.07805787631578642,0.07756610000000001,5.0,ifvg,0.001,-0.15562397631578645
2025-04,B_n_7x45,dual,dual_entry_vs_sniper_canonical_top3_sltp,51,738817,738817,-1,77536.2,77537.18355263157,0.9835526315789481,9.835526315789481,sl,0.0,-0.07851975263157282,0.0775362,5.0,ifvg,0.001,-0.15605595263157282
2025-04,B_n_7x45,dual,dual_entry_vs_sniper_canonical_top3_sltp,52,738822,738822,-1,77596.0,77596.1,0.1,1.0,inv,0.0,-0.07769600000000583,0.07759600000000001,5.0,ifvg,0.001,-0.15529200000000584
2025-04,B_n_7x45,dual,dual_entry_vs_sniper_canonical_top3_sltp,53,739069,739069,-1,77567.45,77567.91,0.46,4.6000000000000005,sl,0.0,-0.0780274500000064,0.07756745,5.0,fvg,0.001,-0.1555949000000064
2025-04,B_n_7x45,dual,dual_entry_vs_sniper_canonical_top3_sltp,54,739069,739069,-1,77561.7,77562.62,0.92,9.200000000000001,sl,0.0,-0.07848169999999825,0.0775617,5.0,fvg,0.001,-0.15604339999999825
2025-04,B_n_7x45,dual,dual_entry_vs_sniper_canonical_top3_sltp,55,739070,739070,-1,77573.2,77572.2,0.1,1.0,tp,0.0,-0.0765732,0.0775732,5.0,fvg,0.001,-0.1541464
2025-04,B_n_7x45,dual,dual_entry_vs_sniper_canonical_top3_sltp,56,732178,739636,-1,77844.1,77874.5,176.39999999997963,1133.999999999869,inv,7462.0,-0.1082440999999942,0.07784410000000001,5.0,ifvg_clean,0.001,-0.1860881999999942
2025-04,B_n_7x45,dual,dual_entry_vs_sniper_canonical_top3_sltp,57,725360,740964,1,76392.0,78502.49999999974,328.29999999995925,2110.499999999738,tp,15609.0,2.0341079999997382,0.076392,5.0,ifvg_clean,0.001,1.9577159999997382
2025-04,B_n_7x45,dual,dual_entry_vs_sniper_canonical_top3_sltp,58,741966,741966,1,77960.0,77959.9,0.1,1.0,sl,0.0,-0.07806000000000583,0.07796000000000002,5.0,ifvg,0.001,-0.15602000000000585
2025-04,B_n_7x45,dual,dual_entry_vs_sniper_canonical_top3_sltp,59,741966,741966,1,77981.6,77981.1113122172,0.4886877828055938,4.886877828055938,sl,0.0,-0.07847028778281032,0.07798160000000001,5.0,ifvg,0.001,-0.15645188778281033
2025-04,B_n_7x45,dual,dual_entry_vs_sniper_canonical_top3_sltp,60,741966,741966,1,78003.2,78002.22262443439,0.9773755656108583,9.773755656108582,sl,0.0,-0.07898057556560605,0.0780032,5.0,ifvg,0.001,-0.15698377556560605
2025-04,B_n_7x45,dual,dual_entry_vs_sniper_canonical_top3_sltp,61,741966,741994,-1,77883.3,78003.7,302.3999999999796,1943.999999999869,inv,28.0,-0.19828329999999417,0.0778833,5.0,ifvg_clean,0.001,-0.27616659999999416
2025-04,B_n_7x45,dual,dual_entry_vs_sniper_canonical_top3_sltp,62,742004,742004,-1,78321.6,78321.70000000001,0.1,1.0,inv,0.0,-0.07842160000000582,0.0783216,5.0,ifvg,0.001,-0.15674320000000583
2025-04,B_n_7x45,dual,dual_entry_vs_sniper_canonical_top3_sltp,63,742004,742004,-1,78299.25,78294.35940919037,0.4890590809628037,4.890590809628037,tp,0.0,-0.07340865919036511,0.07829925,5.0,ifvg,0.001,-0.15170790919036511
2025-04,B_n_7x45,dual,dual_entry_vs_sniper_canonical_top3_sltp,64,742004,742004,-1,78276.9,78277.87811816193,0.9781181619256074,9.781181619256074,sl,0.0,-0.0792550181619328,0.0782769,5.0,ifvg,0.001,-0.1575319181619328
2025-04,B_n_7x45,dual,dual_entry_vs_sniper_canonical_top3_sltp,65,742005,742005,1,78521.4,78522.4,0.1,1.0,tp,0.0,-0.0775214,0.0785214,5.0,ifvg,0.001,-0.1560428
2025-04,B_n_7x45,dual,dual_entry_vs_sniper_canonical_top3_sltp,66,742005,742005,1,78547.4,78546.90943396225,0.49056603773584906,4.90566037735849,sl,0.0,-0.0790379660377408,0.0785474,5.0,ifvg,0.001,-0.15758536603774081
2025-04,B_n_7x45,dual,dual_entry_vs_sniper_canonical_top3_sltp,67,742005,742005,1,78573.4,78572.41886792453,0.9811320754716981,9.81132075471698,sl,0.0,-0.07955453207546702,0.07857339999999999,5.0,ifvg,0.001,-0.158127932075467
2025-04,B_n_7x45,dual,dual_entry_vs_sniper_canonical_top3_sltp,68,742005,742011,-1,78526.7,78573.9,364.0,2340.0,inv,6.0,-0.12572669999999708,0.0785267,5.0,ifvg_clean,0.001,-0.2042533999999971
2025-04,B_n_7x45,dual,dual_entry_vs_sniper_canonical_top3_sltp,69,738141,742225,1,77720.1,80240.1,392.0,2520.0,tp,4086.0,2.4422799,0.0777201,5.0,ifvg_clean,0.001,2.3645598
2025-04,B_n_7x45,dual,dual_entry_vs_sniper_canonical_top3_sltp,70,738817,742228,1,77579.1,80270.10000000014,418.6000000000204,2691.000000000131,tp,3413.0,2.613420900000131,0.07757910000000001,5.0,ifvg_clean,0.001,2.535841800000131
2025-04,B_n_7x45,dual,dual_entry_vs_sniper_canonical_top3_sltp,71,742004,742252,1,78295.3,80306.80000000053,312.9000000000815,2011.5000000005239,tp,248.0,1.933204700000524,0.0782953,5.0,ifvg_clean,0.001,1.854909400000524
2025-04,B_n_7x45,dual,dual_entry_vs_sniper_canonical_top3_sltp,72,746114,746114,-1,82677.5,82677.6,0.1,1.0,inv,0.0,-0.08277750000000582,0.0826775,5.0,ifvg,0.001,-0.16545500000000582
2025-04,B_n_7x45,dual,dual_entry_vs_sniper_canonical_top3_sltp,73,746114,746114,-1,82658.4,82658.88724489795,0.4872448979593684,4.872448979593684,sl,0.0,-0.0831456448979586,0.0826584,5.0,ifvg,0.001,-0.1658040448979586
2025-04,B_n_7x45,dual,dual_entry_vs_sniper_canonical_top3_sltp,74,746114,746114,-1,82639.3,82640.27448979592,0.9744897959183655,9.744897959183655,sl,0.0,-0.08361378979591719,0.08263930000000001,5.0,ifvg,0.001,-0.16625308979591719
2025-04,B_n_7x45,dual,dual_entry_vs_sniper_canonical_top3_sltp,75,746114,746455,1,82677.8,82410.40000000002,267.3999999999796,1718.999999999869,sl,341.0,-0.3500777999999797,0.08267780000000001,5.0,ifvg_clean,0.001,-0.4327555999999797
2025-04,B_n_7x45,dual,dual_entry_vs_sniper_canonical_top3_sltp,76,751131,751131,1,82364.75,82364.26976284586,0.4802371541501885,4.802371541501885,sl,0.0,-0.08284498715414457,0.08236475,5.0,ifvg,0.001,-0.16520973715414455
2025-04,B_n_7x45,dual,dual_entry_vs_sniper_canonical_top3_sltp,77,751131,751131,1,82376.9,82375.93952569169,0.960474308300377,9.60474308300377,sl,0.0,-0.08333737430830367,0.08237689999999999,5.0,ifvg,0.001,-0.16571427430830366
2025-04,B_n_7x45,dual,dual_entry_vs_sniper_canonical_top3_sltp,78,751131,751139,-1,82357.3,82377.4,170.0999999999185,1093.4999999994761,inv,8.0,-0.10245729999999129,0.08235730000000001,5.0,ifvg_clean,0.001,-0.18481459999999128
2025-04,B_n_7x45,dual,dual_entry_vs_sniper_canonical_top3_sltp,79,751159,751159,1,82352.6,82353.6,0.1,1.0,tp,0.0,-0.08135260000000001,0.08235260000000001,5.0,ifvg,0.001,-0.16370520000000002
2025-04,B_n_7x45,dual,dual_entry_vs_sniper_canonical_top3_sltp,80,755703,755703,-1,83035.7,83036.19555160143,0.4955516014234873,4.955516014234873,inv,0.0,-0.08353125160143064,0.0830357,5.0,ifvg,0.001,-0.16656695160143065
2025-04,B_n_7x45,dual,dual_entry_vs_sniper_canonical_top3_sltp,81,755703,755703,-1,82980.0,82980.99110320285,0.9911032028469746,9.911032028469746,sl,0.0,-0.08397110320284673,0.08298000000000001,5.0,ifvg,0.001,-0.16695110320284673
2025-04,B_n_7x45,dual,dual_entry_vs_sniper_canonical_top3_sltp,82,755712,755712,-1,83091.4,83091.5,0.1,1.0,inv,0.0,-0.08319140000000581,0.0830914,5.0,ifvg,0.001,-0.1662828000000058
2025-04,B_n_7x45,dual,dual_entry_vs_sniper_canonical_top3_sltp,83,757425,757425,-1,82958.0,82958.1,0.1,1.0,inv,0.0,-0.08305800000000582,0.082958,5.0,ifvg,0.001,-0.16601600000000583
2025-04,B_n_7x45,dual,dual_entry_vs_sniper_canonical_top3_sltp,84,757425,757425,-1,82943.75,82944.23305084746,0.4830508474576271,4.830508474576271,sl,0.0,-0.08342680084745517,0.08294375000000001,5.0,ifvg,0.001,-0.16637055084745517
2025-04,B_n_7x45,dual,dual_entry_vs_sniper_canonical_top3_sltp,85,757425,757425,-1,82929.5,82930.46610169491,0.9661016949152542,9.661016949152541,sl,0.0,-0.08389560169491032,0.0829295,5.0,ifvg,0.001,-0.16682510169491033
2025-04,B_n_7x45,dual,dual_entry_vs_sniper_canonical_top3_sltp,86,757425,763906,1,82957.3,82757.8,199.5,1282.5,sl,6486.0,-0.2824573,0.08295730000000001,5.0,ifvg_clean,0.001,-0.36541460000000003
2025-04,B_n_7x45,dual,dual_entry_vs_sniper_canonical_top3_sltp,87,755703,768049,1,83085.3,82305.50000000004,779.7999999999593,5012.999999999738,sl,12357.0,-0.8628852999999593,0.0830853,5.0,ifvg_clean,0.001,-0.9459705999999594
2025-04,B_n_7x45,dual,dual_entry_vs_sniper_canonical_top3_sltp,88,814568,814568,1,81519.55,81519.06672240802,0.48327759197324094,4.832775919732409,inv,0.0,-0.08200282759197856,0.08151955000000001,5.0,ifvg,0.001,-0.16352237759197857
2025-04,B_n_7x45,dual,dual_entry_vs_sniper_canonical_top3_sltp,89,814568,814568,1,81534.0,81533.03344481606,0.9665551839464819,9.665551839464818,sl,0.0,-0.08250055518394256,0.08153400000000001,5.0,ifvg,0.001,-0.16403455518394255
2025-04,B_n_7x45,dual,dual_entry_vs_sniper_canonical_top3_sltp,90,814580,814580,1,81505.1,81505.0,0.1,1.0,inv,0.0,-0.08160510000000583,0.08150510000000001,5.0,ifvg,0.001,-0.16311020000000584
2025-04,B_n_7x45,dual,dual_entry_vs_sniper_canonical_top3_sltp,91,814568,818463,-1,81509.2,81711.49999999996,202.29999999995925,1300.499999999738,sl,3895.0,-0.28380919999995924,0.08150919999999999,5.0,ifvg_clean,0.001,-0.36531839999995924
2025-04,B_n_7x45,dual,dual_entry_vs_sniper_canonical_top3_sltp,92,821488,821488,-1,80440.9,80441.83630573248,0.9363057324841237,9.363057324841238,sl,0.0,-0.08137720573248083,0.0804409,5.0,fvg,0.001,-0.16181810573248084
2025-04,B_n_7x45,dual,dual_entry_vs_sniper_canonical_top3_sltp,93,827743,827743,-1,78693.6,78694.09584717608,0.49584717607967405,4.958471760796741,sl,0.0,-0.0791894471760765,0.0786936,5.0,ifvg,0.001,-0.15788304717607649
2025-04,B_n_7x45,dual,dual_entry_vs_sniper_canonical_top3_sltp,94,827743,827743,-1,78633.9,78634.89169435215,0.991694352159469,9.916943521594689,sl,0.0,-0.07962559435215298,0.07863389999999999,5.0,ifvg,0.001,-0.15825949435215297
2025-04,B_n_7x45,dual,dual_entry_vs_sniper_canonical_top3_sltp,95,827757,827757,-1,78753.3,78752.3,0.1,1.0,tp,0.0,-0.07775330000000001,0.07875330000000001,5.0,ifvg,0.001,-0.15650660000000002
2025-04,B_n_7x45,dual,dual_entry_vs_sniper_canonical_top3_sltp,96,827743,827991,1,78751.0,78633.4,835.8000000000611,5373.000000000393,inv,248.0,-0.19635100000000583,0.078751,5.0,ifvg_clean,0.001,-0.27510200000000584
2025-04,B_n_7x45,dual,dual_entry_vs_sniper_canonical_top3_sltp,97,829552,829552,-1,79160.0,79160.1,0.1,1.0,sl,0.0,-0.07926000000000581,0.07916,5.0,ifvg,0.001,-0.1584200000000058
2025-04,B_n_7x45,dual,dual_entry_vs_sniper_canonical_top3_sltp,98,829552,829552,-1,79149.95,79150.42630331754,0.47630331753555155,4.763033175355515,sl,0.0,-0.07962625331754045,0.07914995000000001,5.0,ifvg,0.001,-0.15877620331754044
2025-04,B_n_7x45,dual,dual_entry_vs_sniper_canonical_top3_sltp,99,829552,829552,-1,79139.9,79140.85260663506,0.9526066350711031,9.52606635071103,sl,0.0,-0.08009250663506633,0.0791399,5.0,ifvg,0.001,-0.15923240663506633
2025-04,B_n_7x45,dual,dual_entry_vs_sniper_canonical_top3_sltp,100,829552,829576,1,79173.2,79139.4,140.70000000004075,904.5000000002619,inv,24.0,-0.11297320000000291,0.0791732,5.0,ifvg_clean,0.001,-0.1921464000000029
2025-04,B_n_7x45,dual,dual_entry_vs_sniper_canonical_top3_sltp,101,831600,831600,-1,79241.3,79240.3,0.1,1.0,tp,0.0,-0.07824130000000001,0.07924130000000001,5.0,ifvg,0.001,-0.15748260000000003
2025-04,B_n_7x45,dual,dual_entry_vs_sniper_canonical_top3_sltp,102,831600,831600,-1,79214.95000000001,79215.44068901305,0.4906890130352458,4.906890130352458,sl,0.0,-0.07970563901303691,0.07921495000000002,5.0,ifvg,0.001,-0.15892058901303693
2025-04,B_n_7x45,dual,dual_entry_vs_sniper_canonical_top3_sltp,103,831600,831600,-1,79188.6,79189.58137802608,0.9813780260707625,9.813780260707626,sl,0.0,-0.08016997802607381,0.07918860000000001,5.0,ifvg,0.001,-0.15935857802607384
2025-04,B_n_7x45,dual,dual_entry_vs_sniper_canonical_top3_sltp,104,831687,831687,1,79280.0,79279.51219512195,0.4878048780487805,4.878048780487805,inv,0.0,-0.07976780487805198,0.07928,5.0,ifvg,0.001,-0.15904780487805198
2025-04,B_n_7x45,dual,dual_entry_vs_sniper_canonical_top3_sltp,105,831687,831687,1,79300.0,79299.0243902439,0.975609756097561,9.75609756097561,sl,0.0,-0.08027560975610394,0.0793,5.0,ifvg,0.001,-0.15957560975610394
2025-04,B_n_7x45,dual,dual_entry_vs_sniper_canonical_top3_sltp,106,831689,831689,1,79260.0,79261.0,0.1,1.0,tp,0.0,-0.07826000000000001,0.07926000000000001,5.0,ifvg,0.001,-0.15752000000000002
2025-04,B_n_7x45,dual,dual_entry_vs_sniper_canonical_top3_sltp,107,831687,831915,-1,79266.6,79546.6,280.0,1800.0,sl,228.0,-0.35926660000000005,0.0792666,5.0,ifvg_clean,0.001,-0.43853320000000007
2025-04,B_n_7x45,dual,dual_entry_vs_sniper_canonical_top3_sltp,108,853164,853164,-1,79596.0,79596.49246987952,0.49246987951807164,4.924698795180716,sl,0.0,-0.0800884698795221,0.079596,5.0,fvg,0.001,-0.15968446987952212
2025-04,B_n_7x45,dual,dual_entry_vs_sniper_canonical_top3_sltp,109,853164,853164,-1,79563.3,79564.28493975903,0.9849397590361433,9.849397590361432,sl,0.0,-0.08054823975902967,0.0795633,5.0,fvg,0.001,-0.16011153975902967
2025-04,B_n_7x45,dual,dual_entry_vs_sniper_canonical_top3_sltp,110,854638,854638,-1,79416.55,79417.02737556561,0.4773755656108657,4.773755656108657,sl,0.0,-0.07989392556560605,0.07941655,5.0,ifvg,0.001,-0.15931047556560607
2025-04,B_n_7x45,dual,dual_entry_vs_sniper_canonical_top3_sltp,111,854638,854638,-1,79406.0,79406.95475113123,0.9547511312217314,9.547511312217313,sl,0.0,-0.08036075113122666,0.079406,5.0,ifvg,0.001,-0.15976675113122668
2025-04,B_n_7x45,dual,dual_entry_vs_sniper_canonical_top3_sltp,112,854638,854645,1,79415.7,79405.5,147.70000000004075,949.5000000002619,inv,7.0,-0.08961569999999709,0.0794157,5.0,ifvg_clean,0.001,-0.1690313999999971
2025-04,B_n_7x45,dual,dual_entry_vs_sniper_canonical_top3_sltp,113,854654,854654,-1,79427.1,79426.1,0.1,1.0,tp,0.0,-0.07842710000000001,0.07942710000000001,5.0,ifvg,0.001,-0.15785420000000003
2025-04,B_n_7x45,dual,dual_entry_vs_sniper_canonical_top3_sltp,114,831600,854990,1,79236.5,79188.1,368.8999999999796,2371.499999999869,inv,23803.0,-0.12763649999999419,0.0792365,5.0,ifvg_clean,0.001,-0.2068729999999942
2025-04,B_n_7x45,dual,dual_entry_vs_sniper_canonical_top3_sltp,115,856804,856804,-1,79525.6,79526.56047430831,0.960474308300377,9.60474308300377,sl,0.0,-0.08048607430830369,0.07952560000000002,5.0,fvg,0.001,-0.1600116743083037
2025-04,B_n_7x45,dual,dual_entry_vs_sniper_canonical_top3_sltp,116,857270,857270,-1,79537.75,79532.9476284585,0.4802371541501885,4.802371541501885,tp,0.0,-0.07473537845849619,0.07953775,5.0,fvg,0.001,-0.1542731284584962
2025-04,B_n_7x45,dual,dual_entry_vs_sniper_canonical_top3_sltp,117,857274,857274,-1,79549.9,79548.9,0.1,1.0,tp,0.0,-0.07854989999999999,0.07954989999999999,5.0,fvg,0.001,-0.15809979999999998
2025-04,B_n_7x45,dual,dual_entry_vs_sniper_canonical_top3_sltp,118,857358,857358,-1,79628.7,79627.7,0.1,1.0,tp,0.0,-0.0786287,0.0796287,5.0,fvg,0.001,-0.1582574
2025-04,B_n_7x45,dual,dual_entry_vs_sniper_canonical_top3_sltp,119,862409,862409,1,80287.5,80287.4,0.1,1.0,sl,0.0,-0.08038750000000583,0.08028750000000001,5.0,ifvg,0.001,-0.16067500000000584
2025-04,B_n_7x45,dual,dual_entry_vs_sniper_canonical_top3_sltp,120,862409,862409,1,80313.05,80312.55959692899,0.49040307101727554,4.904030710172755,sl,0.0,-0.08080345307101679,0.08031305000000001,5.0,ifvg,0.001,-0.1611165030710168
2025-04,B_n_7x45,dual,dual_entry_vs_sniper_canonical_top3_sltp,121,862409,862409,1,80338.6,80337.61919385797,0.9808061420345511,9.80806142034551,sl,0.0,-0.08131940614203355,0.08033860000000001,5.0,ifvg,0.001,-0.16165800614203357
2025-04,B_n_7x45,dual,dual_entry_vs_sniper_canonical_top3_sltp,122,862409,862774,-1,80280.1,80339.1,357.70000000004075,2299.500000000262,inv,365.0,-0.13928010000000002,0.08028010000000001,5.0,ifvg_clean,0.001,-0.21956020000000004
2025-04,B_n_7x45,dual,dual_entry_vs_sniper_canonical_top3_sltp,123,863815,863815,-1,80609.2,80609.68878923767,0.4887892376681629,4.887892376681629,inv,0.0,-0.08109798923767189,0.0806092,5.0,ifvg,0.001,-0.1617071892376719
2025-04,B_n_7x45,dual,dual_entry_vs_sniper_canonical_top3_sltp,124,863815,863815,-1,80587.4,80588.37757847532,0.9775784753363258,9.775784753363258,sl,0.0,-0.08156497847532922,0.0805874,5.0,ifvg,0.001,-0.1621523784753292
2025-04,B_n_7x45,dual,dual_entry_vs_sniper_canonical_top3_sltp,125,864055,864055,-1,80631.0,80631.1,0.1,1.0,inv,0.0,-0.08073100000000583,0.08063100000000001,5.0,ifvg,0.001,-0.16136200000000583
2025-04,B_n_7x45,dual,dual_entry_vs_sniper_canonical_top3_sltp,126,870988,870988,-1,80535.0,80535.48161764706,0.48161764705883137,4.816176470588314,sl,0.0,-0.0810166176470631,0.080535,5.0,ifvg,0.001,-0.1615516176470631
2025-04,B_n_7x45,dual,dual_entry_vs_sniper_canonical_top3_sltp,127,870988,870988,-1,80521.9,80522.8632352941,0.9632352941176627,9.632352941176627,sl,0.0,-0.08148513529411167,0.08052190000000001,5.0,ifvg,0.001,-0.16200703529411167
2025-04,B_n_7x45,dual,dual_entry_vs_sniper_canonical_top3_sltp,128,871004,871004,-1,80548.1,80547.1,0.1,1.0,tp,0.0,-0.07954810000000001,0.08054810000000001,5.0,ifvg,0.001,-0.16009620000000002
2025-04,B_n_7x45,dual,dual_entry_vs_sniper_canonical_top3_sltp,129,880686,880686,1,80788.9,80788.41288659793,0.4871134020616691,4.871134020616691,sl,0.0,-0.081276013402065,0.0807889,5.0,ifvg,0.001,-0.162064913402065
2025-04,B_n_7x45,dual,dual_entry_vs_sniper_canonical_top3_sltp,130,880686,880686,1,80807.8,80806.82577319587,0.9742268041237132,9.742268041237132,sl,0.0,-0.08178202680413,0.0808078,5.0,ifvg,0.001,-0.16258982680413
2025-04,B_n_7x45,dual,dual_entry_vs_sniper_canonical_top3_sltp,131,880686,880687,-1,80779.6,80808.3,264.6000000000204,1701.000000000131,inv,1.0,-0.1094795999999971,0.08077960000000001,5.0,ifvg_clean,0.001,-0.1902591999999971
2025-04,B_n_7x45,dual,dual_entry_vs_sniper_canonical_top3_sltp,132,880695,880695,1,80770.0,80771.0,0.1,1.0,tp,0.0,-0.07977,0.08077,5.0,ifvg,0.001,-0.16054
2025-04,B_n_7x45,dual,dual_entry_vs_sniper_canonical_top3_sltp,133,880711,880711,-1,80890.0,80890.1,0.1,1.0,inv,0.0,-0.08099000000000582,0.08089,5.0,ifvg,0.001,-0.16188000000000582
2025-04,B_n_7x45,dual,dual_entry_vs_sniper_canonical_top3_sltp,134,880711,880711,-1,80864.2,80864.69049429658,0.49049429657794785,4.904942965779479,sl,0.0,-0.08135469429658043,0.0808642,5.0,ifvg,0.001,-0.16221889429658043
2025-04,B_n_7x45,dual,dual_entry_vs_sniper_canonical_top3_sltp,135,880711,880711,-1,80838.4,80839.38098859316,0.9809885931558957,9.809885931558957,sl,0.0,-0.08181938859316086,0.08083839999999999,5.0,ifvg,0.001,-0.16265778859316085
2025-04,B_n_7x45,dual,dual_entry_vs_sniper_canonical_top3_sltp,136,870988,880913,1,80543.8,81722.80000000053,183.4000000000815,1179.0000000005239,tp,9970.0,1.0984562000005238,0.08054380000000001,5.0,ifvg_clean,0.001,1.0179124000005237
2025-04,B_n_7x45,dual,dual_entry_vs_sniper_canonical_top3_sltp,137,863815,888940,1,80627.9,82589.90000000026,305.20000000004075,1962.000000000262,tp,25189.0,1.881372100000262,0.0806279,5.0,ifvg_clean,0.001,1.8007442000002618
2025-04,B_n_7x45,dual,dual_entry_vs_sniper_canonical_top3_sltp,138,889177,889177,-1,82689.5,82689.97727272728,0.4772727272727273,4.772727272727273,inv,0.0,-0.08316677272727935,0.0826895,5.0,ifvg,0.001,-0.16585627272727935
2025-04,B_n_7x45,dual,dual_entry_vs_sniper_canonical_top3_sltp,139,889177,889177,-1,82679.0,82679.95454545454,0.9545454545454546,9.545454545454547,sl,0.0,-0.08363354545454413,0.082679,5.0,ifvg,0.001,-0.16631254545454413
2025-04,B_n_7x45,dual,dual_entry_vs_sniper_canonical_top3_sltp,140,889305,889305,-1,82700.0,82700.1,0.1,1.0,inv,0.0,-0.08280000000000583,0.08270000000000001,5.0,ifvg,0.001,-0.16550000000000584
2025-04,B_n_7x45,dual,dual_entry_vs_sniper_canonical_top3_sltp,141,889177,890525,1,82690.8,82543.8,147.0,945.0,sl,1348.0,-0.2296908,0.08269080000000001,5.0,ifvg_clean,0.001,-0.31238160000000004
2025-04,B_n_7x45,dual,dual_entry_vs_sniper_canonical_top3_sltp,142,896810,896810,1,82288.1,82288.0,0.1,1.3,sl,0.0,-0.08238810000000583,0.08228810000000002,5.0,ifvg,0.001,-0.16467620000000585
2025-04,B_n_7x45,dual,dual_entry_vs_sniper_canonical_top3_sltp,143,896810,896810,1,82317.85,82317.35826446282,0.49173553719008267,6.392561983471074,sl,0.0,-0.0828095855371872,0.08231785000000001,5.0,ifvg,0.001,-0.16512743553718723
2025-04,B_n_7x45,dual,dual_entry_vs_sniper_canonical_top3_sltp,144,896810,896810,1,82347.6,82346.61652892563,0.9834710743801653,12.785123966942148,sl,0.0,-0.08333107107437442,0.08234760000000002,5.0,ifvg,0.001,-0.16567867107437445
2025-04,B_n_7x45,dual,dual_entry_vs_sniper_canonical_top3_sltp,145,896810,896850,-1,82286.5,82348.1,416.5,2677.5,inv,40.0,-0.14388650000000583,0.0822865,5.0,ifvg_clean,0.001,-0.22617300000000584
2025-04,B_n_7x45,dual,dual_entry_vs_sniper_canonical_top3_sltp,146,880711,900952,1,80874.3,83196.30000000026,361.20000000004075,2322.000000000262,tp,20246.0,2.241125700000262,0.08087430000000001,5.0,ifvg_clean,0.001,2.160251400000262
2025-04,B_n_7x45,dual,dual_entry_vs_sniper_canonical_top3_sltp,147,905779,905779,-1,82059.7,82060.19663072776,0.4966307277628031,4.966307277628031,sl,0.0,-0.08255633072776457,0.0820597,5.0,ifvg,0.001,-0.16461603072776457
2025-04,B_n_7x45,dual,dual_entry_vs_sniper_canonical_top3_sltp,148,905779,905779,-1,81986.0,81986.99326145553,0.9932614555256062,9.932614555256063,sl,0.0,-0.08297926145552914,0.081986,5.0,ifvg,0.001,-0.16496526145552914
2025-04,B_n_7x45,dual,dual_entry_vs_sniper_canonical_top3_sltp,149,905780,905780,-1,82133.4,82132.4,0.1,1.0,tp,0.0,-0.0811334,0.0821334,5.0,ifvg,0.001,-0.1632668
2025-04,B_n_7x45,dual,dual_entry_vs_sniper_canonical_top3_sltp,150,905779,905827,1,82123.8,81985.5,1031.7999999999593,6632.999999999738,inv,48.0,-0.22042380000000295,0.08212380000000001,5.0,ifvg_clean,0.001,-0.30254760000000297
2025-04,B_n_7x45,dual,dual_entry_vs_sniper_canonical_top3_sltp,151,906571,906575,1,81900.0,81899.00837520938,0.9916247906197652,9.916247906197652,sl,4.0,-0.08289162479062215,0.0819,5.0,fvg,0.001,-0.16479162479062215
2025-04,B_n_7x45,dual,dual_entry_vs_sniper_canonical_top3_sltp,152,906644,906644,1,81840.8,81845.7581239531,0.4958123953098826,4.958123953098826,tp,0.0,-0.07688267604690378,0.0818408,5.0,fvg,0.001,-0.1587234760469038
2025-04,B_n_7x45,dual,dual_entry_vs_sniper_canonical_top3_sltp,153,906695,906695,1,81781.6,81781.5,0.1,1.0,sl,0.0,-0.08188160000000583,0.08178160000000001,5.0,fvg,0.001,-0.16366320000000584
2025-04,B_n_7x45,dual,dual_entry_vs_sniper_canonical_top3_sltp,154,906736,906736,-1,81904.5,81894.68382352941,0.9816176470588216,9.816176470588216,tp,0.0,-0.07208832352941262,0.0819045,5.0,fvg,0.001,-0.15399282352941263
2025-04,B_n_7x45,dual,dual_entry_vs_sniper_canonical_top3_sltp,155,906739,906739,-1,81931.2,81926.2919117647,0.4908088235294108,4.908088235294108,tp,0.0,-0.07702311176469905,0.08193120000000001,5.0,fvg,0.001,-0.15895431176469904
2025-04,B_n_7x45,dual,dual_entry_vs_sniper_canonical_top3_sltp,156,906771,906771,-1,81957.9,81956.9,0.1,1.0,tp,0.0,-0.0809579,0.0819579,5.0,fvg,0.001,-0.1629158
2025-04,B_n_7x45,dual,dual_entry_vs_sniper_canonical_top3_sltp,157,909245,909245,1,82486.35,82485.8587260035,0.4912739965097261,4.912739965097261,sl,0.0,-0.08297762399650752,0.08248635,5.0,ifvg,0.001,-0.16546397399650753
2025-04,B_n_7x45,dual,dual_entry_vs_sniper_canonical_top3_sltp,158,909245,909245,1,82514.5,82513.51745200698,0.9825479930191982,9.825479930191982,sl,0.0,-0.08349704799301504,0.0825145,5.0,ifvg,0.001,-0.16601154799301504
2025-04,B_n_7x45,dual,dual_entry_vs_sniper_canonical_top3_sltp,159,909318,909318,1,82458.2,82458.09999999999,0.1,1.0,sl,0.0,-0.08255820000000583,0.08245820000000001,5.0,ifvg,0.001,-0.16501640000000584
2025-04,B_n_7x45,dual,dual_entry_vs_sniper_canonical_top3_sltp,160,909245,909423,-1,82462.4,82515.0,394.1000000000204,2533.500000000131,inv,181.0,-0.13506240000000583,0.0824624,5.0,ifvg_clean,0.001,-0.21752480000000585
2025-04,B_n_7x45,dual,dual_entry_vs_sniper_canonical_top3_sltp,161,910574,910574,-1,82247.55,82248.03181818181,0.4818181818181818,4.818181818181818,sl,0.0,-0.08272936818181184,0.08224755,5.0,fvg,0.001,-0.16497691818181184
2025-04,B_n_7x45,dual,dual_entry_vs_sniper_canonical_top3_sltp,162,910574,910574,-1,82234.3,82235.26363636364,0.9636363636363636,9.636363636363637,sl,0.0,-0.08319793636363823,0.08223430000000001,5.0,fvg,0.001,-0.16543223636363824
2025-04,B_n_7x45,dual,dual_entry_vs_sniper_canonical_top3_sltp,163,910587,910587,-1,82260.8,82259.8,0.1,1.0,tp,0.0,-0.08126080000000001,0.08226080000000001,5.0,fvg,0.001,-0.16352160000000002
2025-04,B_n_7x45,dual,dual_entry_vs_sniper_canonical_top3_sltp,164,911207,911207,-1,82400.0,82400.98217468806,0.9821746880570429,9.821746880570428,sl,0.0,-0.08338217468806251,0.0824,5.0,fvg,0.001,-0.1657821746880625
2025-04,B_n_7x45,dual,dual_entry_vs_sniper_canonical_top3_sltp,165,911217,911217,-1,82427.55,82428.04108734403,0.49108734402852144,4.910873440285214,sl,0.0,-0.082918637344024,0.08242755000000002,5.0,fvg,0.001,-0.165346187344024
2025-04,B_n_7x45,dual,dual_entry_vs_sniper_canonical_top3_sltp,166,911249,911249,-1,82455.1,82454.1,0.1,1.0,tp,0.0,-0.0814551,0.0824551,5.0,fvg,0.001,-0.1639102
2025-04,B_n_7x45,dual,dual_entry_vs_sniper_canonical_top3_sltp,167,911491,911491,1,82573.3,82572.31776198934,0.9822380106571946,9.822380106571947,sl,0.0,-0.08355553801066343,0.0825733,5.0,fvg,0.001,-0.16612883801066342
2025-04,B_n_7x45,dual,dual_entry_vs_sniper_canonical_top3_sltp,168,948607,948607,-1,82801.4,82802.38996990972,0.9899699097291887,9.899699097291887,sl,0.0,-0.08379136990972955,0.0828014,5.0,fvg,0.001,-0.16659276990972954
2025-04,B_n_7x45,dual,dual_entry_vs_sniper_canonical_top3_sltp,169,948628,948628,-1,82850.75,82851.24498495486,0.4949849548645944,4.949849548645943,sl,0.0,-0.0833457349548575,0.08285075,5.0,fvg,0.001,-0.1661964849548575
2025-04,B_n_7x45,dual,dual_entry_vs_sniper_canonical_top3_sltp,170,949102,949102,-1,82900.1,82899.1,0.1,1.0,tp,0.0,-0.0819001,0.0829001,5.0,fvg,0.001,-0.1648002
2025-04,B_n_7x45,dual,dual_entry_vs_sniper_canonical_top3_sltp,171,1037184,1037184,1,85555.4,85554.42816901408,0.971830985915493,9.71830985915493,sl,0.0,-0.0865272309859163,0.08555539999999999,5.0,fvg,0.001,-0.1720826309859163
2025-04,B_n_7x45,dual,dual_entry_vs_sniper_canonical_top3_sltp,172,1037187,1037187,1,85538.15,85537.66408450704,0.4859154929577465,4.859154929577465,sl,0.0,-0.08602406549295816,0.08553815000000001,5.0,fvg,0.001,-0.17156221549295816
2025-04,B_n_7x45,dual,dual_entry_vs_sniper_canonical_top3_sltp,173,1037189,1037189,1,85520.9,85521.9,0.1,1.0,tp,0.0,-0.0845209,0.0855209,5.0,fvg,0.001,-0.1700418
2025-04,B_n_7x45,dual,dual_entry_vs_sniper_canonical_top3_sltp,174,1245361,1245361,-1,85642.55,85643.03915401302,0.4891540130151858,4.891540130151858,sl,0.0,-0.08613170401301928,0.08564255,5.0,ifvg,0.001,-0.17177425401301927
2025-04,B_n_7x45,dual,dual_entry_vs_sniper_canonical_top3_sltp,175,1245361,1245361,-1,85620.0,85620.97830802602,0.9783080260303716,9.783080260303716,sl,0.0,-0.08659830802602403,0.08562,5.0,ifvg,0.001,-0.17221830802602403
2025-04,B_n_7x45,dual,dual_entry_vs_sniper_canonical_top3_sltp,176,1245361,1245363,1,85652.4,85619.5,315.70000000004075,2029.500000000262,inv,2.0,-0.11855239999999417,0.0856524,5.0,ifvg_clean,0.001,-0.2042047999999942
2025-04,B_n_7x45,dual,dual_entry_vs_sniper_canonical_top3_sltp,177,1252583,1252583,-1,84927.9,84928.38595505618,0.4859550561799762,4.859550561799762,sl,0.0,-0.08541385505618142,0.0849279,5.0,ifvg,0.001,-0.17034175505618143
2025-04,B_n_7x45,dual,dual_entry_vs_sniper_canonical_top3_sltp,178,1252583,1252583,-1,84910.6,84911.57191011237,0.9719101123595437,9.719101123595436,sl,0.0,-0.08588251011236282,0.0849106,5.0,ifvg,0.001,-0.1707931101123628
2025-04,B_n_7x45,dual,dual_entry_vs_sniper_canonical_top3_sltp,179,1252583,1252601,1,84929.0,84910.1,242.19999999993888,1556.999999999607,inv,18.0,-0.10382899999999418,0.084929,5.0,ifvg_clean,0.001,-0.18875799999999418
2025-04,B_n_7x45,dual,dual_entry_vs_sniper_canonical_top3_sltp,180,1252621,1252621,-1,84945.2,84944.2,0.1,1.0,tp,0.0,-0.0839452,0.0849452,5.0,ifvg,0.001,-0.1688904
2025-04,B_n_7x45,dual,dual_entry_vs_sniper_canonical_top3_sltp,181,1342528,1342528,1,85354.4,85353.4127226463,0.987277353689566,9.87277353689566,sl,0.0,-0.08634167735369175,0.0853544,5.0,ifvg,0.001,-0.17169607735369175
2025-04,B_n_7x45,dual,dual_entry_vs_sniper_canonical_top3_sltp,182,1342528,1342528,-1,85329.7,85354.9,543.1999999999389,3491.999999999607,inv,0.0,-0.1105296999999971,0.08532970000000001,5.0,ifvg_clean,0.001,-0.1958593999999971
2025-04,B_n_7x45,dual,dual_entry_vs_sniper_canonical_top3_sltp,183,1342533,1342533,1,85276.8,85277.8,0.1,1.0,tp,0.0,-0.08427680000000001,0.08527680000000001,5.0,ifvg,0.001,-0.16955360000000003
2025-04,B_n_7x45,dual,dual_entry_vs_sniper_canonical_top3_sltp,184,1342533,1342533,1,85315.6,85320.53638676845,0.49363867684487556,4.936386768448756,tp,0.0,-0.0803792132315558,0.0853156,5.0,ifvg,0.001,-0.1656948132315558
2025-04,B_n_7x45,dual,dual_entry_vs_sniper_canonical_top3_sltp,185,1344808,1344808,1,83752.9,83752.79999999999,0.1,1.0,inv,0.0,-0.08385290000000582,0.0837529,5.0,ifvg,0.001,-0.16760580000000583
2025-04,B_n_7x45,dual,dual_entry_vs_sniper_canonical_top3_sltp,186,1344808,1344808,1,83770.45,83769.96385041552,0.48614958448753687,4.8614958448753685,sl,0.0,-0.0842565995844816,0.08377045,5.0,ifvg,0.001,-0.1680270495844816
2025-04,B_n_7x45,dual,dual_entry_vs_sniper_canonical_top3_sltp,187,1344808,1344808,1,83788.0,83787.02770083102,0.9722991689750737,9.722991689750737,sl,0.0,-0.08476029916897777,0.083788,5.0,ifvg,0.001,-0.1685482991689778
2025-04,B_n_7x45,dual,dual_entry_vs_sniper_canonical_top3_sltp,188,1344862,1344862,1,83618.1,83617.11730103807,0.9826989619377172,9.826989619377173,sl,0.0,-0.08460079896193234,0.08361810000000001,5.0,fvg,0.001,-0.16821889896193237
2025-04,B_n_7x45,dual,dual_entry_vs_sniper_canonical_top3_sltp,189,1344867,1344867,1,83589.70000000001,83589.20865051904,0.4913494809689845,4.913494809689845,sl,0.0,-0.08408104948097345,0.0835897,5.0,fvg,0.001,-0.16767074948097344
2025-04,B_n_7x45,dual,dual_entry_vs_sniper_canonical_top3_sltp,190,1344882,1344882,1,83676.75,83676.26052631579,0.4894736842105263,4.894736842105263,inv,0.0,-0.08416622368421067,0.08367675,5.0,ifvg,0.001,-0.16784297368421067
2025-04,B_n_7x45,dual,dual_entry_vs_sniper_canonical_top3_sltp,191,1344882,1344882,1,83700.0,83699.02105263158,0.9789473684210526,9.789473684210526,sl,0.0,-0.08467894736842137,0.08370000000000001,5.0,ifvg,0.001,-0.16837894736842138
2025-04,B_n_7x45,dual,dual_entry_vs_sniper_canonical_top3_sltp,192,1344884,1344884,1,83653.5,83653.4,0.1,1.0,inv,0.0,-0.08375350000000582,0.0836535,5.0,ifvg,0.001,-0.16740700000000583
2025-04,B_n_7x45,dual,dual_entry_vs_sniper_canonical_top3_sltp,193,1344882,1344927,-1,83657.4,83982.9,325.5,2092.5,sl,45.0,-0.4091574,0.08365739999999999,5.0,ifvg_clean,0.001,-0.4928148
2025-04,B_n_7x45,dual,dual_entry_vs_sniper_canonical_top3_sltp,194,1344808,1344932,-1,83748.0,83993.70000000004,245.70000000004075,1579.500000000262,sl,124.0,-0.32944800000004076,0.083748,5.0,ifvg_clean,0.001,-0.41319600000004075
2025-04,B_n_7x45,dual,dual_entry_vs_sniper_canonical_top3_sltp,195,1418914,1418914,1,84365.2,84364.20426985482,0.995730145175064,9.95730145175064,sl,0.0,-0.08536093014517955,0.0843652,5.0,fvg,0.001,-0.16972613014517957
2025-04,B_n_7x45,dual,dual_entry_vs_sniper_canonical_top3_sltp,196,1420429,1420429,-1,84510.2,84510.6898785425,0.48987854251012025,4.898785425101202,sl,0.0,-0.08500007854250298,0.0845102,5.0,ifvg,0.001,-0.16951027854250297
2025-04,B_n_7x45,dual,dual_entry_vs_sniper_canonical_top3_sltp,197,1420429,1420429,-1,84486.0,84486.97975708502,0.9797570850202405,9.797570850202405,sl,0.0,-0.08546575708502055,0.084486,5.0,ifvg,0.001,-0.16995175708502056
2025-04,B_n_7x45,dual,dual_entry_vs_sniper_canonical_top3_sltp,198,1420433,1420433,-1,84534.4,84533.4,0.1,1.0,tp,0.0,-0.0835344,0.0845344,5.0,ifvg,0.001,-0.1680688
2025-04,B_n_7x45,dual,dual_entry_vs_sniper_canonical_top3_sltp,199,1420429,1420529,1,84531.9,84485.5,338.79999999995925,2177.999999999738,inv,100.0,-0.13093189999999416,0.0845319,5.0,ifvg_clean,0.001,-0.21546379999999415
2025-04,B_n_7x45,dual,dual_entry_vs_sniper_canonical_top3_sltp,200,1523752,1523752,-1,84593.5,84594.46212121213,0.9621212121212037,9.621212121212038,sl,0.0,-0.08555562121212738,0.0845935,5.0,fvg,0.001,-0.17014912121212739
2025-04,B_n_7x45,dual,dual_entry_vs_sniper_canonical_top3_sltp,201,1523752,1523754,-1,84606.2,84606.68106060606,0.48106060606060186,4.810606060606019,sl,2.0,-0.0850872606060637,0.0846062,5.0,fvg,0.001,-0.16969346060606372
2025-04,B_n_7x45,dual,dual_entry_vs_sniper_canonical_top3_sltp,202,1541534,1541534,1,84846.1,84845.61041666668,0.4895833333333333,4.895833333333333,sl,0.0,-0.08533568333332849,0.08484610000000001,5.0,ifvg,0.001,-0.1701817833333285
2025-04,B_n_7x45,dual,dual_entry_vs_sniper_canonical_top3_sltp,203,1541534,1541534,1,84869.6,84868.62083333333,0.9791666666666666,9.791666666666666,sl,0.0,-0.08584876666667152,0.0848696,5.0,ifvg,0.001,-0.1707183666666715
2025-04,B_n_7x45,dual,dual_entry_vs_sniper_canonical_top3_sltp,204,1541534,1541577,-1,84824.9,84870.1,329.0,2115.0,inv,43.0,-0.13002490000001163,0.0848249,5.0,ifvg_clean,0.001,-0.21484980000001164
2025-04,B_n_7x45,dual,dual_entry_vs_sniper_canonical_top3_sltp,205,1542132,1542132,1,84822.6,84823.6,0.1,1.0,tp,0.0,-0.08382260000000001,0.08482260000000001,5.0,ifvg,0.001,-0.16864520000000002
2025-04,B_n_7x45,dual,dual_entry_vs_sniper_canonical_top3_sltp,206,1701779,1701779,-1,87438.8,87439.76062992126,0.9606299212598335,9.606299212598335,inv,0.0,-0.08839942992126099,0.0874388,5.0,ifvg,0.001,-0.17583822992126097
2025-04,B_n_7x45,dual,dual_entry_vs_sniper_canonical_top3_sltp,207,1702239,1702239,-1,87463.2,87463.3,0.1,1.0,inv,0.0,-0.08756320000000582,0.0874632,5.0,ifvg,0.001,-0.17502640000000583
2025-04,B_n_7x45,dual,dual_entry_vs_sniper_canonical_top3_sltp,208,1702239,1702239,-1,87451.0,87451.48031496063,0.48031496062991674,4.803149606299168,sl,0.0,-0.0879313149606305,0.08745100000000001,5.0,ifvg,0.001,-0.1753823149606305
2025-04,B_n_7x45,dual,dual_entry_vs_sniper_canonical_top3_sltp,209,1701779,1702546,1,87439.7,87268.90000000004,170.79999999995925,1097.999999999738,sl,767.0,-0.25823969999995927,0.08743970000000001,5.0,ifvg_clean,0.001,-0.3456793999999593
2025-04,B_n_7x45,dual,dual_entry_vs_sniper_canonical_top3_sltp,210,1734044,1734044,-1,86677.0,86677.96884735202,0.9688473520249278,9.688473520249278,sl,0.0,-0.08764584735202184,0.086677,5.0,fvg,0.001,-0.17432284735202186
2025-04,B_n_7x45,dual,dual_entry_vs_sniper_canonical_top3_sltp,211,1734053,1734053,-1,86692.55,86687.70576323988,0.4844236760124639,4.844236760124639,tp,0.0,-0.08184831323987626,0.08669255000000001,5.0,fvg,0.001,-0.16854086323987627
2025-04,B_n_7x45,dual,dual_entry_vs_sniper_canonical_top3_sltp,212,1734056,1734056,-1,86708.1,86707.1,0.1,1.0,tp,0.0,-0.08570810000000001,0.08670810000000001,5.0,fvg,0.001,-0.17241620000000002
2025-04,B_n_7x45,dual,dual_entry_vs_sniper_canonical_top3_sltp,213,1743871,1743871,-1,87391.0,87391.1,0.1,1.0,inv,0.0,-0.08749100000000583,0.08739100000000001,5.0,ifvg,0.001,-0.17488200000000584
2025-04,B_n_7x45,dual,dual_entry_vs_sniper_canonical_top3_sltp,214,1743871,1743871,-1,87301.5,87301.99722222223,0.49722222222222223,4.972222222222222,sl,0.0,-0.08779872222222772,0.0873015,5.0,ifvg,0.001,-0.1751002222222277
2025-04,B_n_7x45,dual,dual_entry_vs_sniper_canonical_top3_sltp,215,1743871,1743871,-1,87212.0,87212.99444444444,0.9944444444444445,9.944444444444445,sl,0.0,-0.0882064444444409,0.08721200000000001,5.0,ifvg,0.001,-0.1754184444444409
2025-04,B_n_7x45,dual,dual_entry_vs_sniper_canonical_top3_sltp,216,1747797,1747797,1,87932.65,87932.16858736059,0.48141263940494,4.8141263940494,sl,0.0,-0.08841406263940488,0.08793265,5.0,ifvg,0.001,-0.17634671263940488
2025-04,B_n_7x45,dual,dual_entry_vs_sniper_canonical_top3_sltp,217,1747797,1747797,1,87945.6,87944.6371747212,0.962825278810421,9.62825278810421,sl,0.0,-0.08890842527880977,0.08794560000000001,5.0,ifvg,0.001,-0.17685402527880978
2025-04,B_n_7x45,dual,dual_entry_vs_sniper_canonical_top3_sltp,218,1747808,1747808,1,87919.7,87920.7,0.1,1.0,tp,0.0,-0.0869197,0.0879197,5.0,ifvg,0.001,-0.1748394
2025-04,B_n_7x45,dual,dual_entry_vs_sniper_canonical_top3_sltp,219,1747797,1747813,-1,87927.6,87946.1,181.30000000006112,1165.500000000393,inv,16.0,-0.10642760000000001,0.08792760000000001,5.0,ifvg_clean,0.001,-0.1943552
2025-04,B_n_7x45,dual,dual_entry_vs_sniper_canonical_top3_sltp,220,1748294,1748294,-1,88080.2,88080.3,0.1,1.0,inv,0.0,-0.08818020000000583,0.08808020000000001,5.0,ifvg,0.001,-0.17626040000000584
2025-04,B_n_7x45,dual,dual_entry_vs_sniper_canonical_top3_sltp,221,1748294,1748294,-1,88063.6,88064.08538011696,0.48538011695885036,4.853801169588504,sl,0.0,-0.088548980116952,0.0880636,5.0,ifvg,0.001,-0.17661258011695202
2025-04,B_n_7x45,dual,dual_entry_vs_sniper_canonical_top3_sltp,222,1748294,1748294,-1,88047.0,88047.97076023392,0.9707602339181262,9.707602339181262,sl,0.0,-0.08901776023391855,0.088047,5.0,ifvg,0.001,-0.17706476023391854
2025-04,B_n_7x45,dual,dual_entry_vs_sniper_canonical_top3_sltp,223,1748294,1752045,1,88066.7,87834.30000000002,232.39999999997963,1493.999999999869,sl,3756.0,-0.3204666999999796,0.0880667,5.0,ifvg_clean,0.001,-0.4085333999999796
2025-04,B_n_7x45,dual,dual_entry_vs_sniper_canonical_top3_sltp,224,1754487,1754487,-1,86512.8,86513.79075785582,0.9907578558225506,9.907578558225506,sl,0.0,-0.08750355785581954,0.0865128,5.0,fvg,0.001,-0.17401635785581954
2025-04,B_n_7x45,dual,dual_entry_vs_sniper_canonical_top3_sltp,225,1754492,1754492,-1,86566.4,86561.44621072088,0.4953789279113425,4.953789279113425,tp,0.0,-0.08161261072088775,0.0865664,5.0,fvg,0.001,-0.16817901072088776
2025-04,B_n_7x45,dual,dual_entry_vs_sniper_canonical_top3_sltp,226,1754586,1754586,-1,86620.0,86619.0,0.1,1.0,tp,0.0,-0.08562,0.08662,5.0,fvg,0.001,-0.17224
2025-04,B_n_7x45,dual,dual_entry_vs_sniper_canonical_top3_sltp,227,1755274,1755274,1,86947.15,86946.65515995871,0.49484004127959513,4.9484004127959516,inv,0.0,-0.08744199004128317,0.08694715,5.0,ifvg,0.001,-0.17438914004128317
2025-04,B_n_7x45,dual,dual_entry_vs_sniper_canonical_top3_sltp,228,1755274,1755274,1,86995.1,86994.11031991744,0.9896800825593405,9.896800825593404,sl,0.0,-0.08798478008256634,0.0869951,5.0,ifvg,0.001,-0.17497988008256635
2025-04,B_n_7x45,dual,dual_entry_vs_sniper_canonical_top3_sltp,229,1755396,1755396,1,86899.2,86899.09999999999,0.1,1.0,inv,0.0,-0.08699920000000581,0.0868992,5.0,ifvg,0.001,-0.1738984000000058
2025-04,B_n_7x45,dual,dual_entry_vs_sniper_canonical_top3_sltp,230,1755274,1778454,-1,86899.9,87571.20000000006,671.3000000000611,4315.500000000393,sl,23664.0,-0.7581999000000612,0.0868999,5.0,ifvg_clean,0.001,-0.8450998000000612
2025-04,B_n_7x45,dual,dual_entry_vs_sniper_canonical_top3_sltp,231,1782623,1782623,-1,87533.5,87533.99163879598,0.49163879598662047,4.916387959866205,inv,0.0,-0.088025138795982,0.0875335,5.0,ifvg,0.001,-0.175558638795982
2025-04,B_n_7x45,dual,dual_entry_vs_sniper_canonical_top3_sltp,232,1782623,1782623,-1,87504.1,87505.08327759198,0.9832775919732409,9.83277591973241,sl,0.0,-0.08848737759197857,0.08750410000000002,5.0,ifvg,0.001,-0.17599147759197858
2025-04,B_n_7x45,dual,dual_entry_vs_sniper_canonical_top3_sltp,233,1782624,1782624,-1,87562.9,87563.0,0.1,1.0,inv,0.0,-0.08766290000000582,0.0875629,5.0,ifvg,0.001,-0.17522580000000582
2025-04,B_n_7x45,dual,dual_entry_vs_sniper_canonical_top3_sltp,234,1788501,1788501,1,87916.4,87915.40727802037,0.9927219796215426,9.927219796215427,sl,0.0,-0.08890912197962272,0.08791639999999999,5.0,fvg,0.001,-0.1768255219796227
2025-04,B_n_7x45,dual,dual_entry_vs_sniper_canonical_top3_sltp,235,1790178,1790178,1,87848.2,87847.70363901019,0.4963609898107713,4.9636098981077135,sl,0.0,-0.08834456098981136,0.0878482,5.0,fvg,0.001,-0.17619276098981135
2025-04,B_n_7x45,dual,dual_entry_vs_sniper_canonical_top3_sltp,236,1824131,1824131,-1,88563.8,88564.79100719425,0.9910071942446042,9.910071942446042,sl,0.0,-0.08955480719424314,0.0885638,5.0,fvg,0.001,-0.17811860719424313
2025-04,B_n_7x45,dual,dual_entry_vs_sniper_canonical_top3_sltp,237,1824147,1824147,-1,88618.9,88613.94496402876,0.49550359712236747,4.9550359712236745,tp,0.0,-0.08366386402876975,0.0886189,5.0,fvg,0.001,-0.17228276402876974
2025-04,B_n_7x45,dual,dual_entry_vs_sniper_canonical_top3_sltp,238,1824152,1824152,-1,88674.0,88673.0,0.1,1.0,tp,0.0,-0.087674,0.088674,5.0,fvg,0.001,-0.176348
2025-04,B_n_7x45,dual,dual_entry_vs_sniper_canonical_top3_sltp,239,1825165,1825165,1,88934.7,88933.70900090008,0.9909990999099904,9.909990999099904,sl,0.0,-0.08992569909991491,0.08893469999999999,5.0,fvg,0.001,-0.1788603990999149
2025-04,B_n_7x45,dual,dual_entry_vs_sniper_canonical_top3_sltp,240,1827401,1827401,-1,89688.4,89688.88427672956,0.48427672955997864,4.842767295599787,inv,0.0,-0.09017267672956314,0.0896884,5.0,ifvg,0.001,-0.17986107672956314
2025-04,B_n_7x45,dual,dual_entry_vs_sniper_canonical_top3_sltp,241,1827401,1827401,-1,89673.0,89673.96855345913,0.9685534591194996,9.685534591194996,sl,0.0,-0.09064155345912628,0.089673,5.0,ifvg,0.001,-0.18031455345912628
2025-04,B_n_7x45,dual,dual_entry_vs_sniper_canonical_top3_sltp,242,1827419,1827419,-1,89703.8,89703.90000000001,0.1,1.0,inv,0.0,-0.08980380000000582,0.0897038,5.0,ifvg,0.001,-0.17950760000000582
2025-04,B_n_7x45,dual,dual_entry_vs_sniper_canonical_top3_sltp,243,1782623,1827966,1,87553.5,90199.49999999948,411.5999999999185,2645.999999999476,tp,45657.0,2.5584464999994765,0.0875535,5.0,ifvg_clean,0.001,2.4708929999994766
2025-04,B_n_7x45,dual,dual_entry_vs_sniper_canonical_top3_sltp,244,1828160,1828160,-1,90155.95,90156.43933901918,0.48933901918976414,4.893390191897641,inv,0.0,-0.09064528901918646,0.09015595000000001,5.0,ifvg,0.001,-0.1808012390191865
2025-04,B_n_7x45,dual,dual_entry_vs_sniper_canonical_top3_sltp,245,1828160,1828160,-1,90133.0,90133.97867803837,0.9786780383795283,9.786780383795282,sl,0.0,-0.09111167803837288,0.09013299999999999,5.0,ifvg,0.001,-0.18124467803837285
2025-04,B_n_7x45,dual,dual_entry_vs_sniper_canonical_top3_sltp,246,1828161,1828161,-1,90178.9,90179.0,0.1,1.0,inv,0.0,-0.09027890000000582,0.0901789,5.0,ifvg,0.001,-0.18045780000000583
2025-04,B_n_7x45,dual,dual_entry_vs_sniper_canonical_top3_sltp,247,1828160,1828624,1,90174.0,89852.70000000004,321.29999999995925,2065.499999999738,sl,464.0,-0.41147399999995926,0.090174,5.0,ifvg_clean,0.001,-0.5016479999999592
2025-04,B_n_7x45,dual,dual_entry_vs_sniper_canonical_top3_sltp,248,1828707,1828707,-1,89954.45,89954.94306518724,0.4930651872399451,4.930651872399451,inv,0.0,-0.09044751518724187,0.08995444999999999,5.0,ifvg,0.001,-0.18040196518724186
2025-04,B_n_7x45,dual,dual_entry_vs_sniper_canonical_top3_sltp,249,1828707,1828707,-1,89918.9,89919.88613037448,0.9861303744798902,9.861303744798901,sl,0.0,-0.09090503037448376,0.0899189,5.0,ifvg,0.001,-0.18082393037448374
2025-04,B_n_7x45,dual,dual_entry_vs_sniper_canonical_top3_sltp,250,1828729,1828729,-1,89990.0,89990.1,0.1,1.0,inv,0.0,-0.09009000000000582,0.08999,5.0,ifvg,0.001,-0.18008000000000582
2025-04,B_n_7x45,dual,dual_entry_vs_sniper_canonical_top3_sltp,251,1829202,1829202,-1,90119.8,90119.90000000001,0.1,1.0,inv,0.0,-0.09021980000000582,0.0901198,5.0,ifvg,0.001,-0.18033960000000582
2025-04,B_n_7x45,dual,dual_entry_vs_sniper_canonical_top3_sltp,252,1829202,1829202,-1,90084.8,90085.29295774648,0.49295774647887325,4.929577464788732,sl,0.0,-0.09057775774647908,0.0900848,5.0,ifvg,0.001,-0.1806625577464791
2025-04,B_n_7x45,dual,dual_entry_vs_sniper_canonical_top3_sltp,253,1829202,1829202,-1,90049.8,90050.78591549296,0.9859154929577465,9.859154929577464,sl,0.0,-0.09103571549295816,0.09004980000000001,5.0,ifvg,0.001,-0.18108551549295818
2025-04,B_n_7x45,dual,dual_entry_vs_sniper_canonical_top3_sltp,254,1830144,1830144,1,90322.04999999999,90321.56597444088,0.48402555910520034,4.840255591052004,sl,0.0,-0.0908060755591116,0.09032204999999999,5.0,ifvg,0.001,-0.1811281255591116
2025-04,B_n_7x45,dual,dual_entry_vs_sniper_canonical_top3_sltp,255,1830144,1830144,1,90337.2,90336.23194888179,0.9680511182108655,9.680511182108656,sl,0.0,-0.09130525111820867,0.09033719999999999,5.0,ifvg,0.001,-0.18164245111820865
2025-04,B_n_7x45,dual,dual_entry_vs_sniper_canonical_top3_sltp,256,1830144,1830152,-1,90318.3,90337.7,212.10000000002037,1363.500000000131,inv,8.0,-0.10971829999999419,0.0903183,5.0,ifvg_clean,0.001,-0.20003659999999418
2025-04,B_n_7x45,dual,dual_entry_vs_sniper_canonical_top3_sltp,257,1830167,1830167,1,90306.9,90307.9,0.1,1.0,tp,0.0,-0.0893069,0.0903069,5.0,ifvg,0.001,-0.1796138
2025-04,B_n_7x45,dual,dual_entry_vs_sniper_canonical_top3_sltp,258,1832158,1832158,-1,90627.7,90628.18031496063,0.48031496062991674,4.803149606299168,inv,0.0,-0.09110801496063049,0.0906277,5.0,ifvg,0.001,-0.1817357149606305
2025-04,B_n_7x45,dual,dual_entry_vs_sniper_canonical_top3_sltp,259,1832158,1832158,-1,90615.5,90616.46062992126,0.9606299212598335,9.606299212598335,sl,0.0,-0.09157612992126099,0.0906155,5.0,ifvg,0.001,-0.18219162992126098
2025-04,B_n_7x45,dual,dual_entry_vs_sniper_canonical_top3_sltp,260,1832160,1832160,-1,90639.9,90640.0,0.1,1.0,inv,0.0,-0.09073990000000581,0.0906399,5.0,ifvg,0.001,-0.1813798000000058
2025-04,B_n_7x45,dual,dual_entry_vs_sniper_canonical_top3_sltp,261,1827401,1832666,1,89684.3,91070.30000000013,215.60000000002037,1386.000000000131,tp,5265.0,1.2963157000001309,0.08968430000000001,5.0,ifvg_clean,0.001,1.2066314000001308
2025-04,B_n_7x45,dual,dual_entry_vs_sniper_canonical_top3_sltp,262,1832158,1834964,1,90633.2,90462.40000000004,170.79999999995925,1097.999999999738,sl,2806.0,-0.2614331999999593,0.09063320000000001,5.0,ifvg_clean,0.001,-0.3520663999999593
2025-04,B_n_7x45,dual,dual_entry_vs_sniper_canonical_top3_sltp,263,1835750,1835750,1,90554.6,90553.62252252254,0.9774774774774819,9.77477477477482,sl,0.0,-0.09153207747747054,0.09055460000000001,5.0,fvg,0.001,-0.18208667747747054
2025-04,B_n_7x45,dual,dual_entry_vs_sniper_canonical_top3_sltp,264,1836045,1836045,-1,90950.0,90950.99011857707,0.9901185770750985,9.901185770750985,sl,0.0,-0.09194011857707228,0.09095,5.0,fvg,0.001,-0.18289011857707227
2025-04,B_n_7x45,dual,dual_entry_vs_sniper_canonical_top3_sltp,265,1841502,1841502,-1,91000.1,90995.14940711463,0.4950592885374774,4.950592885374774,tp,0.0,-0.08604950711462404,0.0910001,5.0,fvg,0.001,-0.17704960711462403
2025-04,B_n_7x45,dual,dual_entry_vs_sniper_canonical_top3_sltp,266,1841520,1841520,-1,91050.2,91049.2,0.1,1.0,tp,0.0,-0.09005020000000001,0.09105020000000001,5.0,fvg,0.001,-0.18110040000000002
2025-04,B_n_7x45,dual,dual_entry_vs_sniper_canonical_top3_sltp,267,1842366,1842366,1,91192.25,91191.76291989665,0.487080103359177,4.87080103359177,sl,0.0,-0.09167933010335395,0.09119225,5.0,ifvg,0.001,-0.18287158010335397
2025-04,B_n_7x45,dual,dual_entry_vs_sniper_canonical_top3_sltp,268,1842366,1842366,1,91211.1,91210.12583979328,0.974160206718354,9.74160206718354,sl,0.0,-0.09218526020672245,0.0912111,5.0,ifvg,0.001,-0.18339636020672245
2025-04,B_n_7x45,dual,dual_entry_vs_sniper_canonical_top3_sltp,269,1842367,1842367,1,91173.4,91174.4,0.1,1.0,tp,0.0,-0.0901734,0.0911734,5.0,ifvg,0.001,-0.1813468
2025-04,B_n_7x45,dual,dual_entry_vs_sniper_canonical_top3_sltp,270,1842366,1842397,-1,91176.1,91211.6,263.9000000000815,1696.5000000005239,inv,31.0,-0.1266761,0.09117610000000001,5.0,ifvg_clean,0.001,-0.21785220000000002
2025-04,B_n_7x45,dual,dual_entry_vs_sniper_canonical_top3_sltp,271,1851442,1851442,1,91272.0,91271.04347826086,0.9565217391304348,9.565217391304348,inv,0.0,-0.0922285217391355,0.091272,5.0,ifvg,0.001,-0.1835005217391355
2025-04,B_n_7x45,dual,dual_entry_vs_sniper_canonical_top3_sltp,272,1851452,1851452,1,91250.0,91249.9,0.1,1.0,inv,0.0,-0.09135000000000582,0.09125,5.0,ifvg,0.001,-0.1826000000000058
2025-04,B_n_7x45,dual,dual_entry_vs_sniper_canonical_top3_sltp,273,1851452,1851452,1,91261.0,91265.78260869565,0.4782608695652174,4.782608695652174,tp,0.0,-0.08647839130435162,0.091261,5.0,ifvg,0.001,-0.17773939130435162
2025-04,B_n_7x45,dual,dual_entry_vs_sniper_canonical_top3_sltp,274,1851442,1855056,-1,91268.0,91422.0,154.0,990.0,sl,3717.0,-0.24526799999999999,0.091268,5.0,ifvg_clean,0.001,-0.336536
2025-04,B_n_7x45,dual,dual_entry_vs_sniper_canonical_top3_sltp,275,1855437,1855437,1,91522.2,91522.09999999999,0.1,1.0,sl,0.0,-0.09162220000000582,0.0915222,5.0,ifvg,0.001,-0.1831444000000058
2025-04,B_n_7x45,dual,dual_entry_vs_sniper_canonical_top3_sltp,276,1855437,1855437,1,91544.29999999999,91543.8110619469,0.48893805309718347,4.889380530971835,sl,0.0,-0.09203323805309489,0.0915443,5.0,ifvg,0.001,-0.1835775380530949
2025-04,B_n_7x45,dual,dual_entry_vs_sniper_canonical_top3_sltp,277,1855437,1855437,1,91566.4,91565.4221238938,0.9778761061946889,9.77876106194689,sl,0.0,-0.0925442761061898,0.0915664,5.0,ifvg,0.001,-0.1841106761061898
2025-04,B_n_7x45,dual,dual_entry_vs_sniper_canonical_top3_sltp,278,1855437,1855728,-1,91503.0,91566.9,309.3999999999796,1988.999999999869,inv,291.0,-0.15540299999999418,0.091503,5.0,ifvg_clean,0.001,-0.24690599999999419
2025-04,B_n_7x45,dual,dual_entry_vs_sniper_canonical_top3_sltp,279,1828707,1856848,1,89975.4,93174.90000000026,497.70000000004075,3199.500000000262,tp,28273.0,3.109524600000262,0.0899754,5.0,ifvg_clean,0.001,3.0195492000002617
2025-04,B_n_7x45,dual,dual_entry_vs_sniper_canonical_top3_sltp,280,1829202,1856849,1,90108.7,93258.7,490.0,3150.0,tp,27779.0,3.0598913,0.0901087,5.0,ifvg_clean,0.001,2.9697826
2025-04,B_n_7x45,dual,dual_entry_vs_sniper_canonical_top3_sltp,281,1920648,1920648,1,92337.0,92336.51063829787,0.48936170212765956,4.8936170212765955,inv,0.0,-0.09282636170212982,0.092337,5.0,ifvg,0.001,-0.18516336170212983
2025-04,B_n_7x45,dual,dual_entry_vs_sniper_canonical_top3_sltp,282,1920648,1920648,1,92360.0,92359.02127659574,0.9787234042553191,9.787234042553191,sl,0.0,-0.09333872340425965,0.09236,5.0,ifvg,0.001,-0.18569872340425964
2025-04,B_n_7x45,dual,dual_entry_vs_sniper_canonical_top3_sltp,283,1920657,1920657,1,92314.0,92313.9,0.1,1.0,inv,0.0,-0.09241400000000582,0.09231400000000001,5.0,ifvg,0.001,-0.18472800000000583
2025-04,B_n_7x45,dual,dual_entry_vs_sniper_canonical_top3_sltp,284,1920648,1920923,-1,92320.0,92642.0,322.0,2070.0,sl,275.0,-0.41432,0.09232000000000001,5.0,ifvg_clean,0.001,-0.50664
2025-04,B_n_7x45,dual,dual_entry_vs_sniper_canonical_top3_sltp,285,1921919,1921919,-1,92863.15,92863.6353372434,0.48533724340196915,4.8533724340196915,sl,0.0,-0.09334848724340085,0.09286314999999999,5.0,fvg,0.001,-0.18621163724340084
2025-04,B_n_7x45,dual,dual_entry_vs_sniper_canonical_top3_sltp,286,1921919,1921919,-1,92846.6,92847.57067448681,0.9706744868035115,9.706744868035116,sl,0.0,-0.09381727448680174,0.09284660000000002,5.0,fvg,0.001,-0.18666387448680177
2025-04,B_n_7x45,dual,dual_entry_vs_sniper_canonical_top3_sltp,287,1921920,1921920,-1,92879.7,92878.7,0.1,1.0,tp,0.0,-0.0918797,0.0928797,5.0,fvg,0.001,-0.1847594
2025-04,B_n_7x45,dual,dual_entry_vs_sniper_canonical_top3_sltp,288,1981970,1981970,1,91820.8,91819.81953125,0.9804687499999989,9.80468749999999,sl,0.0,-0.09280126875000001,0.09182080000000001,5.0,fvg,0.001,-0.18462206875000003
2025-04,B_n_7x45,dual,dual_entry_vs_sniper_canonical_top3_sltp,289,2014022,2014022,-1,92724.70000000001,92725.18563218392,0.4856321839078381,4.85632183907838,sl,0.0,-0.09321033218390339,0.09272470000000002,5.0,ifvg,0.001,-0.1859350321839034
2025-04,B_n_7x45,dual,dual_entry_vs_sniper_canonical_top3_sltp,290,2014022,2014022,-1,92707.8,92708.77126436782,0.9712643678160943,9.712643678160942,sl,0.0,-0.09367906436782128,0.0927078,5.0,ifvg,0.001,-0.1863868643678213
2025-04,B_n_7x45,dual,dual_entry_vs_sniper_canonical_top3_sltp,291,2014025,2014025,-1,92741.6,92740.6,0.1,1.0,tp,0.0,-0.0917416,0.09274160000000001,5.0,ifvg,0.001,-0.1844832
2025-04,B_n_7x45,dual,dual_entry_vs_sniper_canonical_top3_sltp,292,2014022,2014068,1,92736.1,92707.3,236.60000000002037,1521.000000000131,inv,46.0,-0.12153610000000292,0.09273610000000002,5.0,ifvg_clean,0.001,-0.21427220000000294
2025-04,B_n_7x45,dual,dual_entry_vs_sniper_canonical_top3_sltp,293,2036533,2036533,-1,93499.9,93500.0,0.1,1.0,inv,0.0,-0.09359990000000581,0.0934999,5.0,ifvg,0.001,-0.1870998000000058
2025-04,B_n_7x45,dual,dual_entry_vs_sniper_canonical_top3_sltp,294,2036533,2036533,-1,93488.79999999999,93489.27844827586,0.47844827586237987,4.784482758623799,sl,0.0,-0.09396724827586958,0.09348879999999998,5.0,ifvg,0.001,-0.18745604827586956
2025-04,B_n_7x45,dual,dual_entry_vs_sniper_canonical_top3_sltp,295,2036533,2036533,-1,93477.7,93478.65689655172,0.9568965517241326,9.568965517241326,sl,0.0,-0.09443459655172463,0.0934777,5.0,ifvg,0.001,-0.18791229655172464
2025-04,B_n_7x45,dual,dual_entry_vs_sniper_canonical_top3_sltp,296,2036533,2043640,1,93499.9,93344.50000000001,155.39999999997963,998.999999999869,sl,7166.0,-0.24889989999997963,0.0934999,5.0,ifvg_clean,0.001,-0.3423997999999796
2025-04,B_n_7x45,dual,dual_entry_vs_sniper_canonical_top3_sltp,297,2053144,2053144,1,92991.7,92991.59999999999,0.1,1.0,inv,0.0,-0.09309170000000581,0.0929917,5.0,ifvg,0.001,-0.1860834000000058
2025-04,B_n_7x45,dual,dual_entry_vs_sniper_canonical_top3_sltp,298,2053144,2053144,1,93032.54999999999,93032.0560459492,0.49395405078588517,4.939540507858852,sl,0.0,-0.09352650405079121,0.09303254999999999,5.0,ifvg,0.001,-0.1865590540507912
2025-04,B_n_7x45,dual,dual_entry_vs_sniper_canonical_top3_sltp,299,2053144,2053144,1,93073.4,93072.41209189843,0.9879081015719463,9.879081015719462,sl,0.0,-0.09406130810156789,0.0930734,5.0,ifvg,0.001,-0.1871347081015679
2025-04,B_n_7x45,dual,dual_entry_vs_sniper_canonical_top3_sltp,300,2053144,2060047,-1,92988.2,93560.09999999998,571.8999999999796,3676.499999999869,sl,7050.0,-0.6648881999999796,0.0929882,5.0,ifvg_clean,0.001,-0.7578763999999796
2025-04,B_n_7x45,dual,dual_entry_vs_sniper_canonical_top3_sltp,301,1743871,2088151,1,87390.6,95445.6,1253.0,8055.0,tp,347726.0,7.9676094,0.08739060000000001,5.0,ifvg_clean,0.001,7.8802188
2025-04,B_n_7x45,dual,dual_entry_vs_sniper_canonical_top3_sltp,302,2289560,2289560,1,93271.4,93270.91984126983,0.48015873015843913,4.801587301584391,inv,0.0,-0.09375155873016267,0.0932714,5.0,ifvg,0.001,-0.18702295873016267
2025-04,B_n_7x45,dual,dual_entry_vs_sniper_canonical_top3_sltp,303,2289560,2289560,1,93283.5,93282.53968253969,0.9603174603174558,9.603174603174558,sl,0.0,-0.09424381746031077,0.0932835,5.0,ifvg,0.001,-0.18752731746031076
2025-04,B_n_7x45,dual,dual_entry_vs_sniper_canonical_top3_sltp,304,2289598,2289598,1,93259.3,93259.2,0.1,1.0,inv,0.0,-0.09335930000000583,0.09325930000000002,5.0,ifvg,0.001,-0.18661860000000585
2025-04,B_n_7x45,dual,dual_entry_vs_sniper_canonical_top3_sltp,305,2293274,2293274,1,93104.8,93104.34385964913,0.4561403508771706,4.561403508771706,sl,0.0,-0.09356094035087056,0.09310480000000002,5.0,fvg,0.001,-0.18666574035087058
2025-04,B_n_7x45,dual,dual_entry_vs_sniper_canonical_top3_sltp,306,2293274,2293274,1,93110.0,93109.08771929824,0.9122807017543412,9.122807017543412,sl,0.0,-0.09402228070175567,0.09311,5.0,fvg,0.001,-0.18713228070175567
2025-04,B_n_7x45,dual,dual_entry_vs_sniper_canonical_top3_sltp,307,2289560,2294162,-1,93260.5,93429.89999999998,169.39999999997963,1088.999999999869,sl,4606.0,-0.26266049999997965,0.09326050000000001,5.0,ifvg_clean,0.001,-0.35592099999997967
2025-04,B_n_7x45,dual,dual_entry_vs_sniper_canonical_top3_sltp,308,2331748,2331748,-1,95377.2,95378.19032882011,0.990328820116055,9.903288201160551,sl,0.0,-0.0963675288201167,0.09537720000000001,5.0,fvg,0.001,-0.19174472882011673
2025-04,B_n_7x45,dual,dual_entry_vs_sniper_canonical_top3_sltp,309,2331921,2331921,-1,95428.4,95423.44835589941,0.49516441005809786,4.951644100580978,tp,0.0,-0.09047675589941649,0.0954284,5.0,fvg,0.001,-0.18590515589941647
2025-04,B_n_7x45,dual,dual_entry_vs_sniper_canonical_top3_sltp,310,2339294,2339294,1,94015.9,94015.79999999999,0.1,1.0,inv,0.0,-0.09411590000000582,0.0940159,5.0,ifvg,0.001,-0.18813180000000582
2025-04,B_n_7x45,dual,dual_entry_vs_sniper_canonical_top3_sltp,311,2339294,2339294,1,94057.95,94057.45587544066,0.4941245593419511,4.941245593419511,sl,0.0,-0.09455207455933634,0.09405795,5.0,ifvg,0.001,-0.18861002455933634
2025-04,B_n_7x45,dual,dual_entry_vs_sniper_canonical_top3_sltp,312,2339294,2339294,1,94100.0,94099.01175088131,0.9882491186839022,9.882491186839022,sl,0.0,-0.09508824911868725,0.09410000000000002,5.0,ifvg,0.001,-0.18918824911868726
2025-04,B_n_7x45,dual,dual_entry_vs_sniper_canonical_top3_sltp,313,2339294,2353155,-1,94004.4,94593.10000000003,588.7000000000407,3784.500000000262,sl,13995.0,-0.6827044000000407,0.09400439999999999,5.0,ifvg_clean,0.001,-0.7767088000000407
2025-04,B_n_7x45,dual,dual_entry_vs_sniper_canonical_top3_sltp,314,2429707,2429707,1,95244.75,95244.258,0.492,4.92,sl,0.0,-0.09573674999999837,0.09524475,5.0,ifvg,0.001,-0.19098149999999836
2025-04,B_n_7x45,dual,dual_entry_vs_sniper_canonical_top3_sltp,315,2429707,2429707,1,95275.5,95274.516,0.984,9.84,sl,0.0,-0.09625949999999675,0.09527550000000001,5.0,ifvg,0.001,-0.19153499999999676
2025-04,B_n_7x45,dual,dual_entry_vs_sniper_canonical_top3_sltp,316,2429708,2429708,1,95214.0,95215.0,0.1,1.0,tp,0.0,-0.094214,0.09521400000000001,5.0,ifvg,0.001,-0.189428
2025-04,B_n_7x45,dual,dual_entry_vs_sniper_canonical_top3_sltp,317,2429707,2429868,-1,95218.8,95276.0,430.5,2767.5,inv,161.0,-0.1524187999999971,0.0952188,5.0,ifvg_clean,0.001,-0.24763759999999713
2025-04,B_n_7x45,dual,dual_entry_vs_sniper_canonical_top3_sltp,318,2431265,2431265,1,94983.9,94993.78492520137,0.988492520138089,9.88492520138089,tp,0.0,-0.08509897479862484,0.0949839,5.0,fvg,0.001,-0.18008287479862484
2025-04,B_n_7x45,dual,dual_entry_vs_sniper_canonical_top3_sltp,319,2432775,2432775,1,95124.0,95123.50883392226,0.4911660777385168,4.911660777385168,inv,0.0,-0.0956151660777434,0.095124,5.0,ifvg,0.001,-0.19073916607774338
2025-04,B_n_7x45,dual,dual_entry_vs_sniper_canonical_top3_sltp,320,2432775,2432775,1,95151.8,95150.81766784453,0.9823321554770336,9.823321554770336,sl,0.0,-0.09613413215547226,0.09515180000000001,5.0,ifvg,0.001,-0.19128593215547227
2025-04,B_n_7x45,dual,dual_entry_vs_sniper_canonical_top3_sltp,321,2433092,2433092,1,95096.2,95096.09999999999,0.1,1.0,inv,0.0,-0.09519620000000581,0.09509619999999999,5.0,ifvg,0.001,-0.1902924000000058
2025-04,B_n_7x45,dual,dual_entry_vs_sniper_canonical_top3_sltp,322,2469316,2469316,1,94986.1,94986.0,0.1,1.0,sl,0.0,-0.09508610000000582,0.0949861,5.0,ifvg,0.001,-0.19007220000000583
2025-04,B_n_7x45,dual,dual_entry_vs_sniper_canonical_top3_sltp,323,2469316,2469316,1,95010.9,95010.40988142292,0.4901185770749533,4.901185770749533,sl,0.0,-0.09550101857707227,0.0950109,5.0,ifvg,0.001,-0.19051191857707228
2025-04,B_n_7x45,dual,dual_entry_vs_sniper_canonical_top3_sltp,324,2469316,2469316,1,95035.7,95034.71976284585,0.9802371541501943,9.802371541501943,sl,0.0,-0.09601593715414457,0.0950357,5.0,ifvg,0.001,-0.19105163715414458
2025-04,B_n_7x45,dual,dual_entry_vs_sniper_canonical_top3_sltp,325,2469316,2472650,-1,94982.4,95036.2,347.1999999999389,2231.999999999607,inv,3447.0,-0.14878240000000292,0.0949824,5.0,ifvg_clean,0.001,-0.24376480000000292
2025-04,B_n_7x45,dual,dual_entry_vs_sniper_canonical_top3_sltp,326,2498952,2498952,-1,94679.9,94680.89028182701,0.9902818270165218,9.902818270165218,sl,0.0,-0.09567018182702022,0.0946799,5.0,fvg,0.001,-0.19035008182702023
2025-04,B_n_7x45,dual,dual_entry_vs_sniper_canonical_top3_sltp,327,2500615,2500615,1,94480.54999999999,94480.06901140683,0.480988593155619,4.80988593155619,inv,0.0,-0.09496153859316087,0.09448055,5.0,ifvg,0.001,-0.18944208859316086
2025-04,B_n_7x45,dual,dual_entry_vs_sniper_canonical_top3_sltp,328,2500615,2500615,1,94493.2,94492.23802281369,0.9619771863117913,9.619771863117913,sl,0.0,-0.0954551771863072,0.0944932,5.0,ifvg,0.001,-0.1899483771863072
2025-04,B_n_7x45,dual,dual_entry_vs_sniper_canonical_top3_sltp,329,2500693,2500693,1,94467.9,94467.79999999999,0.1,1.0,inv,0.0,-0.09456790000000583,0.09446790000000001,5.0,ifvg,0.001,-0.18903580000000583
2025-04,B_n_7x45,dual,dual_entry_vs_sniper_canonical_top3_sltp,330,2500615,2503741,-1,94476.6,93338.09999999987,177.10000000002037,1138.500000000131,tp,3128.0,1.0440234000001312,0.09447660000000001,5.0,ifvg_clean,0.001,0.9495468000001311
2025-04,B_n_7x45,dual,dual_entry_vs_sniper_canonical_top3_sltp,331,2508922,2508922,1,93880.0,93879.51219512195,0.4878048780487805,4.878048780487805,inv,0.0,-0.09436780487805196,0.09387999999999999,5.0,ifvg,0.001,-0.18824780487805196
2025-04,B_n_7x45,dual,dual_entry_vs_sniper_canonical_top3_sltp,332,2508922,2508922,1,93900.0,93899.0243902439,0.975609756097561,9.75609756097561,sl,0.0,-0.09487560975610396,0.09390000000000001,5.0,ifvg,0.001,-0.18877560975610397
2025-04,B_n_7x45,dual,dual_entry_vs_sniper_canonical_top3_sltp,333,2508931,2508931,1,93860.0,93859.9,0.1,1.0,inv,0.0,-0.09396000000000582,0.09386,5.0,ifvg,0.001,-0.18782000000000582
2025-04,B_n_7x45,dual,dual_entry_vs_sniper_canonical_top3_sltp,334,2512979,2512979,-1,93641.3,93641.77881355933,0.4788135593220391,4.7881355932203915,sl,0.0,-0.09412011355932623,0.0936413,5.0,ifvg,0.001,-0.18776141355932624
2025-04,B_n_7x45,dual,dual_entry_vs_sniper_canonical_top3_sltp,335,2512979,2512979,-1,93630.0,93630.95762711864,0.9576271186440782,9.576271186440783,sl,0.0,-0.0945876271186379,0.09362999999999999,5.0,ifvg,0.001,-0.18821762711863788
2025-04,B_n_7x45,dual,dual_entry_vs_sniper_canonical_top3_sltp,336,2512980,2512980,-1,93652.6,93651.6,0.1,1.0,tp,0.0,-0.0926526,0.0936526,5.0,ifvg,0.001,-0.1863052
2025-04,B_n_7x45,dual,dual_entry_vs_sniper_canonical_top3_sltp,337,2512979,2513017,1,93645.2,93629.5,158.20000000004075,1017.0000000002619,inv,38.0,-0.10934519999999709,0.0936452,5.0,ifvg_clean,0.001,-0.20299039999999707
2025-04,B_n_7x45,dual,dual_entry_vs_sniper_canonical_top3_sltp,338,2508922,2513833,-1,93870.5,94150.5,280.0,1800.0,sl,4946.0,-0.37387050000000005,0.09387050000000001,5.0,ifvg_clean,0.001,-0.4677410000000001
2025-04,B_n_7x45,dual,dual_entry_vs_sniper_canonical_top3_sltp,339,2432775,2539106,-1,95111.5,94125.1,389.20000000004075,2502.000000000262,eod,109201.0,0.8912884999999942,0.09511150000000002,5.0,ifvg_clean,0.001,0.7961769999999941
